tradingsymbol,datetime,open,high,low,close,volume
FSL,2026-04-09 09:15:00,224.0,224.18,222.4,223.1,30112
FSL,2026-04-09 09:16:00,223.1,223.19,220.96,220.96,33900
FSL,2026-04-09 09:17:00,221.45,222.01,221.35,221.96,13498
FSL,2026-04-09 09:18:00,222.17,222.17,221.8,222.14,11000
FSL,2026-04-09 09:19:00,221.98,222.53,221.98,222.53,8563
FSL,2026-04-09 09:20:00,222.4,222.95,222.18,222.18,19264
FSL,2026-04-09 09:21:00,222.54,223.19,222.54,223.15,10900
FSL,2026-04-09 09:22:00,223.15,223.45,223.15,223.15,9705
FSL,2026-04-09 09:23:00,223.15,223.21,223.0,223.15,3260
FSL,2026-04-09 09:24:00,223.12,223.47,223.11,223.47,4557
FSL,2026-04-09 09:25:00,223.35,223.35,223.23,223.25,3407
FSL,2026-04-09 09:26:00,223.24,223.26,223.06,223.21,4649
FSL,2026-04-09 09:27:00,223.16,223.16,222.87,222.98,5630
FSL,2026-04-09 09:28:00,222.97,222.97,222.82,222.89,6743
FSL,2026-04-09 09:29:00,222.82,222.86,222.75,222.75,2691
FSL,2026-04-09 09:30:00,222.8,222.81,222.7,222.7,5296
FSL,2026-04-09 09:31:00,222.65,222.65,222.28,222.45,4163
FSL,2026-04-09 09:32:00,222.4,222.4,221.79,221.85,8294
FSL,2026-04-09 09:33:00,221.77,221.83,221.61,221.75,6123
FSL,2026-04-09 09:34:00,221.65,221.75,221.19,221.4,10208
FSL,2026-04-09 09:35:00,221.11,221.96,221.11,221.9,10123
FSL,2026-04-09 09:36:00,221.94,222.3,221.94,222.28,3417
FSL,2026-04-09 09:37:00,222.03,222.24,222.03,222.17,4440
FSL,2026-04-09 09:38:00,222.17,222.5,222.16,222.48,6140
FSL,2026-04-09 09:39:00,222.43,222.55,222.18,222.18,6070
FSL,2026-04-09 09:40:00,222.17,222.28,221.7,221.74,5049
FSL,2026-04-09 09:41:00,221.75,221.75,221.39,221.39,1052
FSL,2026-04-09 09:42:00,221.39,221.39,221.15,221.15,1980
FSL,2026-04-09 09:43:00,221.1,221.1,220.8,221.02,8882
FSL,2026-04-09 09:44:00,221.02,221.08,221.0,221.08,4657
FSL,2026-04-09 09:45:00,221.25,221.49,221.25,221.43,2081
FSL,2026-04-09 09:46:00,221.43,221.72,221.34,221.71,1485
FSL,2026-04-09 09:47:00,221.71,221.86,221.53,221.86,2322
FSL,2026-04-09 09:48:00,221.86,221.86,221.5,221.61,2553
FSL,2026-04-09 09:49:00,221.61,221.69,221.25,221.25,7898
FSL,2026-04-09 09:50:00,221.07,221.09,220.5,220.61,7825
FSL,2026-04-09 09:51:00,220.61,220.62,220.1,220.36,6727
FSL,2026-04-09 09:52:00,220.36,220.77,220.36,220.71,2034
FSL,2026-04-09 09:53:00,220.81,220.82,220.09,220.09,12787
FSL,2026-04-09 09:54:00,220.25,220.25,219.69,220.0,14709
FSL,2026-04-09 09:55:00,220.0,220.0,219.75,219.96,5310
FSL,2026-04-09 09:56:00,219.96,219.98,219.55,219.96,7972
FSL,2026-04-09 09:57:00,220.0,220.18,219.61,219.89,5169
FSL,2026-04-09 09:58:00,219.9,219.9,219.55,219.82,2514
FSL,2026-04-09 09:59:00,219.7,219.7,219.46,219.49,4802
FSL,2026-04-09 10:00:00,219.5,219.5,219.0,219.18,5221
FSL,2026-04-09 10:01:00,219.35,219.5,219.24,219.5,3796
FSL,2026-04-09 10:02:00,219.54,219.96,219.54,219.87,5345
FSL,2026-04-09 10:03:00,219.94,219.99,219.72,219.99,4148
FSL,2026-04-09 10:04:00,219.89,219.9,219.6,219.6,3520
FSL,2026-04-09 10:05:00,219.7,219.7,219.53,219.66,458
FSL,2026-04-09 10:06:00,219.66,219.88,219.65,219.74,1435
FSL,2026-04-09 10:07:00,219.73,219.73,219.65,219.65,866
FSL,2026-04-09 10:08:00,219.7,219.77,219.55,219.67,2980
FSL,2026-04-09 10:09:00,219.7,219.81,219.61,219.62,912
FSL,2026-04-09 10:10:00,219.62,219.99,219.62,219.9,4572
FSL,2026-04-09 10:11:00,219.9,220.0,219.82,220.0,1885
FSL,2026-04-09 10:12:00,220.0,220.0,219.86,219.97,311
FSL,2026-04-09 10:13:00,219.97,220.0,219.8,219.88,1565
FSL,2026-04-09 10:14:00,219.88,220.0,219.75,219.75,1015
FSL,2026-04-09 10:15:00,219.75,219.86,219.57,219.57,1199
FSL,2026-04-09 10:16:00,219.63,219.69,219.4,219.59,2009
FSL,2026-04-09 10:17:00,219.59,219.7,219.59,219.7,294
FSL,2026-04-09 10:18:00,219.7,220.07,219.7,219.9,4583
FSL,2026-04-09 10:19:00,219.9,220.0,219.87,219.99,3114
FSL,2026-04-09 10:20:00,219.99,220.23,219.87,219.98,10784
FSL,2026-04-09 10:21:00,219.98,220.0,219.9,219.9,1845
FSL,2026-04-09 10:22:00,220.0,220.0,219.78,219.78,2728
FSL,2026-04-09 10:23:00,219.78,219.87,219.68,219.85,1184
FSL,2026-04-09 10:24:00,219.85,219.85,219.73,219.84,214
FSL,2026-04-09 10:25:00,219.84,219.88,219.84,219.88,343
FSL,2026-04-09 10:26:00,219.88,219.92,219.63,219.85,2700
FSL,2026-04-09 10:27:00,219.85,219.85,219.63,219.76,895
FSL,2026-04-09 10:28:00,219.76,219.78,219.63,219.63,699
FSL,2026-04-09 10:29:00,219.63,219.83,219.63,219.83,482
FSL,2026-04-09 10:30:00,219.83,219.99,219.83,219.99,365
FSL,2026-04-09 10:31:00,219.99,220.0,219.9,219.9,1244
FSL,2026-04-09 10:32:00,219.98,220.0,219.88,220.0,1076
FSL,2026-04-09 10:33:00,220.0,220.0,220.0,220.0,834
FSL,2026-04-09 10:34:00,220.0,220.13,220.0,220.02,4411
FSL,2026-04-09 10:35:00,220.0,220.34,220.0,220.17,9795
FSL,2026-04-09 10:36:00,220.17,220.19,219.98,220.0,7191
FSL,2026-04-09 10:37:00,219.99,220.05,219.99,220.02,2535
FSL,2026-04-09 10:38:00,219.99,220.21,219.88,219.94,3434
FSL,2026-04-09 10:39:00,219.94,220.0,219.89,220.0,1545
FSL,2026-04-09 10:40:00,219.91,220.0,219.91,219.91,844
FSL,2026-04-09 10:41:00,219.91,219.99,219.91,219.91,250
FSL,2026-04-09 10:42:00,219.99,220.0,219.92,219.92,365
FSL,2026-04-09 10:43:00,219.92,220.0,219.92,219.92,146
FSL,2026-04-09 10:44:00,219.86,220.0,219.85,219.92,2342
FSL,2026-04-09 10:45:00,219.99,220.18,219.99,220.0,3079
FSL,2026-04-09 10:46:00,220.0,220.31,219.93,220.11,1941
FSL,2026-04-09 10:47:00,220.11,220.22,220.0,220.04,3156
FSL,2026-04-09 10:48:00,220.04,220.12,219.99,219.99,2394
FSL,2026-04-09 10:49:00,220.0,220.0,219.83,219.83,1628
FSL,2026-04-09 10:50:00,219.95,219.95,219.8,219.85,1214
FSL,2026-04-09 10:51:00,220.0,220.61,219.87,220.0,16099
FSL,2026-04-09 10:52:00,220.0,220.18,219.94,220.11,5201
FSL,2026-04-09 10:53:00,220.11,220.22,220.0,220.0,7073
FSL,2026-04-09 10:54:00,220.22,220.22,219.95,220.06,1344
FSL,2026-04-09 10:55:00,220.05,220.25,220.05,220.25,579
FSL,2026-04-09 10:56:00,220.45,220.45,219.96,220.01,25413
FSL,2026-04-09 10:57:00,220.01,220.15,219.95,220.0,1066
FSL,2026-04-09 10:58:00,220.0,220.0,219.6,219.75,3434
FSL,2026-04-09 10:59:00,219.75,219.9,219.56,219.7,1348
FSL,2026-04-09 11:00:00,219.6,219.95,219.6,219.87,781
FSL,2026-04-09 11:01:00,219.87,219.91,219.72,219.75,1716
FSL,2026-04-09 11:02:00,219.83,219.99,219.81,219.97,842
FSL,2026-04-09 11:03:00,219.97,219.97,219.8,219.92,1445
FSL,2026-04-09 11:04:00,219.92,219.92,219.9,219.9,5
FSL,2026-04-09 11:05:00,219.9,219.9,219.7,219.72,2709
FSL,2026-04-09 11:06:00,219.87,219.9,219.75,219.89,785
FSL,2026-04-09 11:07:00,219.75,219.89,219.7,219.89,1575
FSL,2026-04-09 11:08:00,219.89,219.99,219.89,219.98,385
FSL,2026-04-09 11:09:00,219.98,219.98,219.82,219.98,118
FSL,2026-04-09 11:10:00,219.98,219.99,219.97,219.98,382
FSL,2026-04-09 11:11:00,219.98,220.03,219.94,220.0,7440
FSL,2026-04-09 11:12:00,220.0,220.0,219.94,219.94,1391
FSL,2026-04-09 11:13:00,220.0,220.03,219.94,220.0,4405
FSL,2026-04-09 11:14:00,220.0,220.12,220.0,220.01,4690
FSL,2026-04-09 11:15:00,220.15,220.15,220.0,220.0,4686
FSL,2026-04-09 11:16:00,220.0,220.0,219.85,219.9,243
FSL,2026-04-09 11:17:00,219.91,219.91,219.52,219.83,2571
FSL,2026-04-09 11:18:00,219.72,219.78,219.6,219.75,860
FSL,2026-04-09 11:19:00,219.63,219.82,219.63,219.82,389
FSL,2026-04-09 11:20:00,219.82,219.82,219.73,219.81,90
FSL,2026-04-09 11:21:00,219.81,219.81,219.73,219.8,106
FSL,2026-04-09 11:22:00,219.8,219.83,219.8,219.83,473
FSL,2026-04-09 11:23:00,219.83,219.96,219.82,219.96,256
FSL,2026-04-09 11:24:00,219.96,219.96,219.86,219.96,150
FSL,2026-04-09 11:25:00,219.72,219.93,219.72,219.91,2515
FSL,2026-04-09 11:26:00,219.93,220.0,219.93,220.0,2583
FSL,2026-04-09 11:27:00,220.0,220.0,219.99,219.99,177
FSL,2026-04-09 11:28:00,219.99,219.99,219.94,219.99,139
FSL,2026-04-09 11:29:00,219.99,219.99,219.94,219.98,100
FSL,2026-04-09 11:30:00,219.99,219.99,219.95,219.95,545
FSL,2026-04-09 11:31:00,219.95,219.95,219.94,219.95,58
FSL,2026-04-09 11:32:00,219.94,219.94,219.89,219.94,1844
FSL,2026-04-09 11:33:00,219.94,220.0,219.85,220.0,461
FSL,2026-04-09 11:34:00,220.0,220.0,219.9,220.0,2562
FSL,2026-04-09 11:35:00,220.0,220.0,219.99,220.0,267
FSL,2026-04-09 11:36:00,219.9,220.0,219.9,220.0,1432
FSL,2026-04-09 11:37:00,220.0,220.0,219.9,219.99,390
FSL,2026-04-09 11:38:00,219.99,220.0,219.95,220.0,581
FSL,2026-04-09 11:39:00,219.95,220.0,219.95,220.0,437
FSL,2026-04-09 11:40:00,220.0,220.0,219.9,220.0,670
FSL,2026-04-09 11:41:00,220.0,220.0,219.9,220.0,139
FSL,2026-04-09 11:42:00,220.0,220.0,219.9,220.0,2434
FSL,2026-04-09 11:43:00,220.0,220.0,219.9,220.0,270
FSL,2026-04-09 11:44:00,220.0,220.0,220.0,220.0,163
FSL,2026-04-09 11:45:00,219.81,220.0,219.81,219.99,717
FSL,2026-04-09 11:46:00,219.99,219.99,219.85,219.93,273
FSL,2026-04-09 11:47:00,219.93,219.94,219.85,219.94,83
FSL,2026-04-09 11:48:00,219.81,220.0,219.81,220.0,2471
FSL,2026-04-09 11:49:00,220.0,220.23,219.97,220.23,19833
FSL,2026-04-09 11:50:00,220.2,220.2,220.05,220.11,731
FSL,2026-04-09 11:51:00,220.11,220.95,220.02,220.95,13332
FSL,2026-04-09 11:52:00,221.16,221.4,221.05,221.11,8707
FSL,2026-04-09 11:53:00,221.3,221.65,221.16,221.65,7643
FSL,2026-04-09 11:54:00,221.33,221.33,221.02,221.18,14918
FSL,2026-04-09 11:55:00,221.18,221.5,221.18,221.42,1601
FSL,2026-04-09 11:56:00,221.37,221.37,221.25,221.25,614
FSL,2026-04-09 11:57:00,221.28,221.31,221.15,221.3,1559
FSL,2026-04-09 11:58:00,221.3,221.31,221.13,221.14,1695
FSL,2026-04-09 11:59:00,221.1,221.3,221.05,221.22,1872
FSL,2026-04-09 12:00:00,221.3,221.5,221.3,221.5,997
FSL,2026-04-09 12:01:00,221.5,221.67,221.48,221.67,2217
FSL,2026-04-09 12:02:00,221.67,221.71,221.35,221.4,12446
FSL,2026-04-09 12:03:00,221.4,221.4,221.3,221.39,1410
FSL,2026-04-09 12:04:00,221.39,221.39,221.29,221.39,613
FSL,2026-04-09 12:05:00,221.39,221.39,221.29,221.33,320
FSL,2026-04-09 12:06:00,221.33,221.39,221.3,221.37,6253
FSL,2026-04-09 12:07:00,221.37,221.4,221.32,221.4,618
FSL,2026-04-09 12:08:00,221.4,221.68,221.4,221.68,279
FSL,2026-04-09 12:09:00,221.68,221.69,221.59,221.68,2317
FSL,2026-04-09 12:10:00,221.68,221.68,221.6,221.65,160
FSL,2026-04-09 12:11:00,221.65,221.92,221.59,221.86,994
FSL,2026-04-09 12:12:00,221.85,221.85,220.0,220.28,87809
FSL,2026-04-09 12:13:00,220.28,220.67,219.93,220.11,4935
FSL,2026-04-09 12:14:00,220.27,220.31,220.04,220.27,3283
FSL,2026-04-09 12:15:00,220.08,220.35,220.08,220.3,4645
FSL,2026-04-09 12:16:00,220.35,220.46,220.03,220.04,12938
FSL,2026-04-09 12:17:00,220.04,220.14,219.94,220.02,7054
FSL,2026-04-09 12:18:00,220.02,220.19,220.0,220.11,4308
FSL,2026-04-09 12:19:00,220.11,220.12,219.96,220.1,3472
FSL,2026-04-09 12:20:00,220.1,220.1,220.0,220.02,3120
FSL,2026-04-09 12:21:00,220.02,220.02,219.85,220.0,19492
FSL,2026-04-09 12:22:00,220.0,220.0,219.81,219.99,915
FSL,2026-04-09 12:23:00,219.99,219.99,219.83,219.99,335
FSL,2026-04-09 12:24:00,219.99,219.99,219.75,219.89,6010
FSL,2026-04-09 12:25:00,219.89,219.96,219.82,219.94,310
FSL,2026-04-09 12:26:00,219.94,219.94,219.75,219.85,698
FSL,2026-04-09 12:27:00,219.75,219.85,219.6,219.78,3023
FSL,2026-04-09 12:28:00,219.77,219.92,219.67,219.92,728
FSL,2026-04-09 12:29:00,219.89,219.89,219.67,219.73,1032
FSL,2026-04-09 12:30:00,219.73,219.87,219.68,219.8,423
FSL,2026-04-09 12:31:00,219.85,219.9,219.67,219.9,487
FSL,2026-04-09 12:32:00,219.88,219.88,219.7,219.77,2030
FSL,2026-04-09 12:33:00,219.77,219.87,219.67,219.87,395
FSL,2026-04-09 12:34:00,219.87,219.87,219.69,219.71,883
FSL,2026-04-09 12:35:00,219.55,219.83,219.55,219.77,6850
FSL,2026-04-09 12:36:00,219.82,219.82,219.62,219.71,416
FSL,2026-04-09 12:37:00,219.71,219.73,219.62,219.73,238
FSL,2026-04-09 12:38:00,219.73,219.73,219.57,219.67,2059
FSL,2026-04-09 12:39:00,219.67,219.81,219.6,219.75,1510
FSL,2026-04-09 12:40:00,219.78,219.8,219.67,219.8,76
FSL,2026-04-09 12:41:00,219.79,219.8,219.67,219.8,625
FSL,2026-04-09 12:42:00,219.79,219.8,219.7,219.8,908
FSL,2026-04-09 12:43:00,219.8,219.8,219.71,219.8,126
FSL,2026-04-09 12:44:00,219.72,219.8,219.72,219.8,584
FSL,2026-04-09 12:45:00,219.8,219.82,219.71,219.82,2311
FSL,2026-04-09 12:46:00,219.82,219.82,219.54,219.54,3378
FSL,2026-04-09 12:47:00,219.51,219.52,219.4,219.4,10383
FSL,2026-04-09 12:48:00,219.5,219.5,219.35,219.48,715
FSL,2026-04-09 12:49:00,219.47,219.47,219.3,219.41,3382
FSL,2026-04-09 12:50:00,219.41,219.41,219.4,219.4,57
FSL,2026-04-09 12:51:00,219.4,219.5,219.32,219.45,746
FSL,2026-04-09 12:52:00,219.46,219.65,219.46,219.63,534
FSL,2026-04-09 12:53:00,219.63,219.63,219.45,219.6,1007
FSL,2026-04-09 12:54:00,219.6,219.78,219.5,219.75,106
FSL,2026-04-09 12:55:00,219.75,219.76,219.63,219.7,262
FSL,2026-04-09 12:56:00,219.7,219.72,219.7,219.72,2466
FSL,2026-04-09 12:57:00,219.72,219.78,219.71,219.78,1000
FSL,2026-04-09 12:58:00,219.78,219.95,219.73,219.95,538
FSL,2026-04-09 12:59:00,219.95,219.95,219.73,219.73,946
FSL,2026-04-09 13:00:00,219.84,219.93,219.77,219.87,708
FSL,2026-04-09 13:01:00,219.92,219.92,219.75,219.86,482
FSL,2026-04-09 13:02:00,219.9,219.93,219.77,219.83,798
FSL,2026-04-09 13:03:00,219.71,219.83,219.71,219.81,267
FSL,2026-04-09 13:04:00,219.82,219.93,219.8,219.93,873
FSL,2026-04-09 13:05:00,219.94,219.94,219.81,219.92,1271
FSL,2026-04-09 13:06:00,219.91,219.92,219.71,219.82,438
FSL,2026-04-09 13:07:00,219.82,219.82,219.81,219.81,132
FSL,2026-04-09 13:08:00,219.81,219.91,219.71,219.81,230
FSL,2026-04-09 13:09:00,219.93,219.95,219.81,219.94,2174
FSL,2026-04-09 13:10:00,220.02,220.2,220.02,220.2,9971
FSL,2026-04-09 13:11:00,220.2,220.2,220.08,220.2,1180
FSL,2026-04-09 13:12:00,220.19,220.2,220.08,220.19,54
FSL,2026-04-09 13:13:00,220.19,220.19,220.1,220.19,258
FSL,2026-04-09 13:14:00,220.19,220.19,220.0,220.0,6148
FSL,2026-04-09 13:15:00,220.0,220.0,219.9,220.0,452
FSL,2026-04-09 13:16:00,220.0,220.04,219.86,220.04,582
FSL,2026-04-09 13:17:00,220.06,220.06,219.9,220.04,52
FSL,2026-04-09 13:18:00,220.04,220.04,219.91,220.02,249
FSL,2026-04-09 13:19:00,220.02,220.04,219.91,220.02,760
FSL,2026-04-09 13:20:00,220.04,220.04,219.9,220.01,381
FSL,2026-04-09 13:21:00,219.91,219.91,219.58,219.69,4291
FSL,2026-04-09 13:22:00,219.69,219.74,219.65,219.74,375
FSL,2026-04-09 13:23:00,219.65,219.81,219.65,219.8,757
FSL,2026-04-09 13:24:00,219.8,219.8,219.69,219.8,1917
FSL,2026-04-09 13:25:00,219.8,219.92,219.72,219.88,3350
FSL,2026-04-09 13:26:00,219.88,219.98,219.88,219.95,134
FSL,2026-04-09 13:27:00,219.95,219.95,219.81,219.9,794
FSL,2026-04-09 13:28:00,219.9,219.9,219.61,219.72,6207
FSL,2026-04-09 13:29:00,219.72,219.72,219.6,219.6,559
FSL,2026-04-09 13:30:00,219.69,219.74,219.69,219.73,273
FSL,2026-04-09 13:31:00,219.73,219.73,219.6,219.7,480
FSL,2026-04-09 13:32:00,219.7,219.7,219.55,219.69,841
FSL,2026-04-09 13:33:00,219.69,219.85,219.69,219.85,617
FSL,2026-04-09 13:34:00,219.85,219.85,219.82,219.84,91
FSL,2026-04-09 13:35:00,219.84,219.85,219.77,219.85,82
FSL,2026-04-09 13:36:00,219.85,219.9,219.77,219.9,409
FSL,2026-04-09 13:37:00,219.9,220.0,219.81,219.93,420
FSL,2026-04-09 13:38:00,219.93,219.93,219.8,219.91,792
FSL,2026-04-09 13:39:00,219.8,219.9,219.8,219.9,116
FSL,2026-04-09 13:40:00,219.9,219.9,219.71,219.71,3354
FSL,2026-04-09 13:41:00,219.44,219.51,219.41,219.51,8153
FSL,2026-04-09 13:42:00,219.51,219.6,219.34,219.37,2091
FSL,2026-04-09 13:43:00,219.39,219.45,219.1,219.36,3002
FSL,2026-04-09 13:44:00,219.35,219.4,219.18,219.34,1482
FSL,2026-04-09 13:45:00,219.34,219.42,219.32,219.42,590
FSL,2026-04-09 13:46:00,219.42,219.48,219.4,219.4,1082
FSL,2026-04-09 13:47:00,219.42,219.42,219.31,219.4,671
FSL,2026-04-09 13:48:00,219.31,219.36,219.25,219.25,2222
FSL,2026-04-09 13:49:00,219.33,219.34,219.25,219.34,59
FSL,2026-04-09 13:50:00,219.34,219.34,219.14,219.3,680
FSL,2026-04-09 13:51:00,219.29,219.35,219.16,219.35,1942
FSL,2026-04-09 13:52:00,219.35,219.35,219.26,219.35,90
FSL,2026-04-09 13:53:00,219.35,219.35,219.28,219.35,108
FSL,2026-04-09 13:54:00,219.35,219.35,219.28,219.35,133
FSL,2026-04-09 13:55:00,219.35,219.35,219.28,219.35,240
FSL,2026-04-09 13:56:00,219.3,219.56,219.3,219.56,785
FSL,2026-04-09 13:57:00,219.56,219.67,219.44,219.67,3561
FSL,2026-04-09 13:58:00,219.67,219.67,219.57,219.66,99
FSL,2026-04-09 13:59:00,219.66,219.66,219.53,219.55,453
FSL,2026-04-09 14:00:00,219.55,219.55,219.53,219.53,74
FSL,2026-04-09 14:01:00,219.44,219.52,219.44,219.51,190
FSL,2026-04-09 14:02:00,219.51,219.51,219.43,219.51,325
FSL,2026-04-09 14:03:00,219.51,219.51,219.44,219.44,341
FSL,2026-04-09 14:04:00,219.51,219.77,219.44,219.73,1187
FSL,2026-04-09 14:05:00,219.73,219.73,219.72,219.72,74
FSL,2026-04-09 14:06:00,219.72,219.72,219.65,219.65,59
FSL,2026-04-09 14:07:00,219.65,219.65,219.62,219.65,226
FSL,2026-04-09 14:08:00,219.65,219.65,219.62,219.65,141
FSL,2026-04-09 14:09:00,219.65,219.7,219.65,219.7,155
FSL,2026-04-09 14:10:00,219.7,219.7,219.61,219.66,576
FSL,2026-04-09 14:11:00,219.63,219.65,219.51,219.65,1129
FSL,2026-04-09 14:12:00,219.6,219.65,219.4,219.62,8375
FSL,2026-04-09 14:13:00,219.62,219.68,219.62,219.64,280
FSL,2026-04-09 14:14:00,219.65,219.68,219.65,219.68,298
FSL,2026-04-09 14:15:00,219.32,219.49,219.32,219.47,1305
FSL,2026-04-09 14:16:00,219.47,219.47,219.46,219.47,349
FSL,2026-04-09 14:17:00,219.47,219.47,219.4,219.42,210
FSL,2026-04-09 14:18:00,219.4,219.49,219.4,219.47,888
FSL,2026-04-09 14:19:00,219.47,219.54,219.34,219.5,528
FSL,2026-04-09 14:20:00,219.49,219.54,219.49,219.54,150
FSL,2026-04-09 14:21:00,219.54,219.54,219.5,219.5,209
FSL,2026-04-09 14:22:00,219.5,219.5,219.45,219.45,472
FSL,2026-04-09 14:23:00,219.45,219.5,219.3,219.41,2342
FSL,2026-04-09 14:24:00,219.43,219.43,219.01,219.21,3732
FSL,2026-04-09 14:25:00,219.11,219.22,218.8,218.8,15235
FSL,2026-04-09 14:26:00,218.8,219.0,218.5,219.0,3546
FSL,2026-04-09 14:27:00,219.03,219.11,218.85,219.11,594
FSL,2026-04-09 14:28:00,219.04,219.1,218.97,219.1,956
FSL,2026-04-09 14:29:00,219.1,219.1,219.0,219.1,148
FSL,2026-04-09 14:30:00,219.1,219.1,219.01,219.09,199
FSL,2026-04-09 14:31:00,219.09,219.09,219.0,219.09,330
FSL,2026-04-09 14:32:00,219.0,219.19,219.0,219.19,2178
FSL,2026-04-09 14:33:00,219.19,219.24,219.15,219.15,177
FSL,2026-04-09 14:34:00,219.24,219.24,219.09,219.19,616
FSL,2026-04-09 14:35:00,219.09,219.19,219.09,219.18,194
FSL,2026-04-09 14:36:00,219.18,219.18,219.15,219.18,110
FSL,2026-04-09 14:37:00,219.11,219.18,219.11,219.18,521
FSL,2026-04-09 14:38:00,219.18,219.18,219.11,219.17,374
FSL,2026-04-09 14:39:00,219.1,219.15,219.08,219.14,382
FSL,2026-04-09 14:40:00,219.14,219.25,219.01,219.25,1596
FSL,2026-04-09 14:41:00,219.23,219.23,219.2,219.23,52
FSL,2026-04-09 14:42:00,219.23,219.29,219.2,219.25,965
FSL,2026-04-09 14:43:00,219.2,219.29,219.2,219.29,452
FSL,2026-04-09 14:44:00,219.29,219.42,219.28,219.42,3874
FSL,2026-04-09 14:45:00,219.49,219.49,219.27,219.45,5849
FSL,2026-04-09 14:46:00,219.45,219.49,219.31,219.46,1276
FSL,2026-04-09 14:47:00,219.46,219.49,219.46,219.49,589
FSL,2026-04-09 14:48:00,219.49,219.65,219.49,219.65,2862
FSL,2026-04-09 14:49:00,219.56,219.63,219.55,219.55,504
FSL,2026-04-09 14:50:00,219.55,219.6,219.55,219.59,3427
FSL,2026-04-09 14:51:00,219.59,219.6,219.59,219.6,379
FSL,2026-04-09 14:52:00,219.6,219.79,219.52,219.59,1541
FSL,2026-04-09 14:53:00,219.62,219.72,219.62,219.7,229
FSL,2026-04-09 14:54:00,219.7,219.7,219.69,219.69,166
FSL,2026-04-09 14:55:00,219.7,220.0,219.64,219.64,10592
FSL,2026-04-09 14:56:00,219.64,219.86,219.64,219.76,160
FSL,2026-04-09 14:57:00,219.86,219.86,219.86,219.86,551
FSL,2026-04-09 14:58:00,219.86,219.95,219.86,219.87,2090
FSL,2026-04-09 14:59:00,219.93,219.94,219.87,219.87,1343
FSL,2026-04-09 15:00:00,219.87,219.91,219.7,219.7,4642
FSL,2026-04-09 15:01:00,219.66,219.71,219.61,219.7,2384
FSL,2026-04-09 15:02:00,219.7,219.79,219.58,219.72,1406
FSL,2026-04-09 15:03:00,219.75,219.77,219.6,219.6,1748
FSL,2026-04-09 15:04:00,219.6,219.67,219.6,219.67,1074
FSL,2026-04-09 15:05:00,219.74,219.74,219.66,219.66,2167
FSL,2026-04-09 15:06:00,219.66,219.7,219.66,219.66,1091
FSL,2026-04-09 15:07:00,219.69,219.69,219.6,219.67,858
FSL,2026-04-09 15:08:00,219.67,219.92,219.61,219.84,8065
FSL,2026-04-09 15:09:00,219.75,219.87,219.75,219.86,841
FSL,2026-04-09 15:10:00,219.85,219.9,219.5,219.86,7096
FSL,2026-04-09 15:11:00,219.77,219.85,219.75,219.84,4052
FSL,2026-04-09 15:12:00,219.83,219.84,219.73,219.73,1924
FSL,2026-04-09 15:13:00,219.73,219.73,219.5,219.59,9520
FSL,2026-04-09 15:14:00,219.59,219.59,219.41,219.41,5412
FSL,2026-04-09 15:15:00,219.44,219.5,219.31,219.47,4553
FSL,2026-04-09 15:16:00,219.41,219.41,219.2,219.2,8857
FSL,2026-04-09 15:17:00,219.29,219.32,219.19,219.32,1473
FSL,2026-04-09 15:18:00,219.28,219.3,218.0,218.89,43168
FSL,2026-04-09 15:19:00,219.0,219.0,218.61,218.83,9088
FSL,2026-04-09 15:20:00,218.82,218.98,218.74,218.94,7639
FSL,2026-04-09 15:21:00,218.94,218.99,218.73,218.73,4606
FSL,2026-04-09 15:22:00,218.73,218.76,218.6,218.75,5515
FSL,2026-04-09 15:23:00,218.75,218.77,218.75,218.75,2079
FSL,2026-04-09 15:24:00,218.72,218.89,218.48,218.89,14163
FSL,2026-04-09 15:25:00,218.95,218.95,218.52,218.93,8328
FSL,2026-04-09 15:26:00,218.93,218.93,218.75,218.85,3553
FSL,2026-04-09 15:27:00,218.85,218.86,218.55,218.86,9839
FSL,2026-04-09 15:28:00,218.86,218.89,218.7,218.89,5406
FSL,2026-04-09 15:29:00,218.85,218.99,218.73,218.99,7791
FSL,2026-04-10 09:15:00,221.01,221.62,220.0,221.29,11466
FSL,2026-04-10 09:16:00,221.29,221.96,221.29,221.61,6653
FSL,2026-04-10 09:17:00,221.6,221.82,221.6,221.8,6007
FSL,2026-04-10 09:18:00,221.7,221.88,221.6,221.71,9377
FSL,2026-04-10 09:19:00,221.83,222.22,221.74,222.13,18700
FSL,2026-04-10 09:20:00,222.0,222.25,221.92,222.2,4325
FSL,2026-04-10 09:21:00,222.2,222.2,222.0,222.01,3999
FSL,2026-04-10 09:22:00,221.89,222.0,221.71,221.85,2678
FSL,2026-04-10 09:23:00,222.0,222.0,221.93,221.93,3054
FSL,2026-04-10 09:24:00,221.92,221.92,221.5,221.65,1930
FSL,2026-04-10 09:25:00,221.65,221.89,221.6,221.89,4268
FSL,2026-04-10 09:26:00,221.89,221.89,221.71,221.8,1218
FSL,2026-04-10 09:27:00,221.7,221.89,221.52,221.89,5595
FSL,2026-04-10 09:28:00,221.89,221.99,221.89,221.99,2639
FSL,2026-04-10 09:29:00,221.9,221.99,221.9,221.99,1098
FSL,2026-04-10 09:30:00,222.2,222.63,222.2,222.63,16607
FSL,2026-04-10 09:31:00,222.73,222.84,222.39,222.5,3221
FSL,2026-04-10 09:32:00,222.55,222.59,222.45,222.45,2961
FSL,2026-04-10 09:33:00,222.46,222.57,222.41,222.48,1846
FSL,2026-04-10 09:34:00,222.56,222.56,222.4,222.55,2915
FSL,2026-04-10 09:35:00,222.59,222.59,222.38,222.38,497
FSL,2026-04-10 09:36:00,222.2,222.2,222.0,222.08,2267
FSL,2026-04-10 09:37:00,222.09,222.1,221.84,221.96,5042
FSL,2026-04-10 09:38:00,221.96,221.96,221.85,221.85,198
FSL,2026-04-10 09:39:00,221.85,222.0,221.85,222.0,1556
FSL,2026-04-10 09:40:00,222.0,222.09,222.0,222.09,165
FSL,2026-04-10 09:41:00,222.09,222.09,221.75,221.88,1572
FSL,2026-04-10 09:42:00,221.75,221.75,221.7,221.7,1456
FSL,2026-04-10 09:43:00,221.7,221.75,221.7,221.75,392
FSL,2026-04-10 09:44:00,221.75,221.8,221.75,221.8,319
FSL,2026-04-10 09:45:00,221.9,222.04,221.9,222.04,485
FSL,2026-04-10 09:46:00,222.0,222.04,221.97,221.97,2839
FSL,2026-04-10 09:47:00,221.97,222.0,221.89,222.0,2253
FSL,2026-04-10 09:48:00,222.0,222.25,222.0,222.25,413
FSL,2026-04-10 09:49:00,222.25,222.25,221.91,222.15,2670
FSL,2026-04-10 09:50:00,222.15,222.28,222.15,222.28,1523
FSL,2026-04-10 09:51:00,222.28,222.3,222.28,222.3,764
FSL,2026-04-10 09:52:00,222.3,222.3,222.2,222.28,1197
FSL,2026-04-10 09:53:00,222.28,222.3,222.25,222.3,346
FSL,2026-04-10 09:54:00,222.3,222.32,222.3,222.3,4646
FSL,2026-04-10 09:55:00,222.32,222.32,222.3,222.3,214
FSL,2026-04-10 09:56:00,222.32,222.32,222.3,222.32,316
FSL,2026-04-10 09:57:00,222.32,222.32,222.18,222.3,1657
FSL,2026-04-10 09:58:00,222.3,222.37,222.21,222.37,1470
FSL,2026-04-10 09:59:00,222.37,222.37,220.68,220.68,15273
FSL,2026-04-10 10:00:00,220.68,221.03,220.65,221.03,11479
FSL,2026-04-10 10:01:00,220.91,221.02,220.55,220.66,3336
FSL,2026-04-10 10:02:00,220.7,220.79,220.54,220.75,1854
FSL,2026-04-10 10:03:00,220.75,220.75,220.61,220.71,1670
FSL,2026-04-10 10:04:00,220.51,220.51,220.1,220.12,4996
FSL,2026-04-10 10:05:00,220.12,220.2,219.47,219.54,34750
FSL,2026-04-10 10:06:00,219.54,220.05,219.54,220.05,2577
FSL,2026-04-10 10:07:00,219.88,220.0,219.88,219.9,2486
FSL,2026-04-10 10:08:00,219.9,220.02,219.9,219.9,2816
FSL,2026-04-10 10:09:00,219.9,220.07,219.9,219.9,698
FSL,2026-04-10 10:10:00,219.8,220.12,219.8,220.12,6767
FSL,2026-04-10 10:11:00,220.12,220.15,220.12,220.12,326
FSL,2026-04-10 10:12:00,220.33,220.33,220.16,220.16,2173
FSL,2026-04-10 10:13:00,220.16,220.5,220.16,220.38,4764
FSL,2026-04-10 10:14:00,220.44,220.44,220.33,220.43,325
FSL,2026-04-10 10:15:00,220.4,220.44,220.35,220.35,174
FSL,2026-04-10 10:16:00,220.35,220.4,220.35,220.4,771
FSL,2026-04-10 10:17:00,220.35,220.61,220.35,220.61,6173
FSL,2026-04-10 10:18:00,220.61,220.68,220.61,220.68,2539
FSL,2026-04-10 10:19:00,220.88,220.98,220.88,220.95,2128
FSL,2026-04-10 10:20:00,220.95,220.95,220.84,220.9,472
FSL,2026-04-10 10:21:00,220.9,220.9,220.77,220.77,854
FSL,2026-04-10 10:22:00,220.77,220.77,220.77,220.77,101
FSL,2026-04-10 10:23:00,220.83,220.83,220.77,220.81,534
FSL,2026-04-10 10:24:00,220.81,220.83,220.81,220.83,633
FSL,2026-04-10 10:25:00,220.83,221.2,220.83,220.98,2943
FSL,2026-04-10 10:26:00,220.98,221.2,220.98,221.18,223
FSL,2026-04-10 10:27:00,221.19,221.19,221.05,221.05,1586
FSL,2026-04-10 10:28:00,221.07,221.14,221.01,221.01,447
FSL,2026-04-10 10:29:00,221.01,221.1,221.01,221.01,87
FSL,2026-04-10 10:30:00,221.01,221.1,221.01,221.03,222
FSL,2026-04-10 10:31:00,221.03,221.11,220.88,220.99,1952
FSL,2026-04-10 10:32:00,220.89,221.03,220.85,220.85,221
FSL,2026-04-10 10:33:00,220.85,220.9,220.83,220.9,323
FSL,2026-04-10 10:34:00,220.85,220.9,220.85,220.85,274
FSL,2026-04-10 10:35:00,220.85,220.9,220.85,220.85,175
FSL,2026-04-10 10:36:00,220.85,220.9,220.82,220.9,2180
FSL,2026-04-10 10:37:00,220.9,220.9,220.85,220.9,332
FSL,2026-04-10 10:38:00,220.9,220.9,220.85,220.9,959
FSL,2026-04-10 10:39:00,220.9,221.1,220.9,221.1,1610
FSL,2026-04-10 10:40:00,221.1,221.1,221.08,221.1,93
FSL,2026-04-10 10:41:00,221.09,221.25,221.08,221.16,10677
FSL,2026-04-10 10:42:00,221.25,221.25,221.1,221.18,619
FSL,2026-04-10 10:43:00,221.18,221.25,221.18,221.22,489
FSL,2026-04-10 10:44:00,221.22,221.25,221.1,221.25,1596
FSL,2026-04-10 10:45:00,221.25,221.25,220.86,220.99,12341
FSL,2026-04-10 10:46:00,220.99,221.1,220.91,221.02,627
FSL,2026-04-10 10:47:00,221.01,221.15,221.01,221.09,1294
FSL,2026-04-10 10:48:00,221.09,221.15,221.06,221.07,31
FSL,2026-04-10 10:49:00,221.06,221.15,221.06,221.15,6
FSL,2026-04-10 10:50:00,221.07,221.15,221.07,221.1,555
FSL,2026-04-10 10:51:00,221.12,221.15,221.12,221.12,31
FSL,2026-04-10 10:52:00,221.12,221.45,221.12,221.44,10393
FSL,2026-04-10 10:53:00,221.45,221.45,221.3,221.3,676
FSL,2026-04-10 10:54:00,221.28,221.45,221.28,221.41,631
FSL,2026-04-10 10:55:00,221.41,221.44,221.32,221.32,616
FSL,2026-04-10 10:56:00,221.3,221.31,221.28,221.28,18
FSL,2026-04-10 10:57:00,221.28,221.3,221.17,221.17,43
FSL,2026-04-10 10:58:00,221.15,221.25,221.15,221.25,1052
FSL,2026-04-10 10:59:00,221.35,221.45,221.27,221.45,556
FSL,2026-04-10 11:00:00,221.45,221.63,221.45,221.57,289
FSL,2026-04-10 11:01:00,221.55,221.55,221.45,221.45,5
FSL,2026-04-10 11:02:00,221.41,221.55,221.41,221.45,11
FSL,2026-04-10 11:03:00,221.43,221.5,221.43,221.46,13
FSL,2026-04-10 11:04:00,221.55,221.58,221.43,221.43,305
FSL,2026-04-10 11:05:00,221.43,221.43,220.7,220.7,2800
FSL,2026-04-10 11:06:00,220.66,220.8,220.62,220.8,664
FSL,2026-04-10 11:07:00,220.8,220.9,220.7,220.9,187
FSL,2026-04-10 11:08:00,220.89,220.92,220.8,220.8,3845
FSL,2026-04-10 11:09:00,220.8,220.82,220.51,220.82,8291
FSL,2026-04-10 11:10:00,220.82,220.82,220.71,220.74,307
FSL,2026-04-10 11:11:00,220.74,220.84,220.74,220.75,1659
FSL,2026-04-10 11:12:00,220.75,220.84,220.75,220.75,64
FSL,2026-04-10 11:13:00,220.75,220.85,220.75,220.75,378
FSL,2026-04-10 11:14:00,220.75,220.76,220.75,220.76,139
FSL,2026-04-10 11:15:00,220.76,220.8,220.76,220.76,123
FSL,2026-04-10 11:16:00,220.76,220.8,220.76,220.76,125
FSL,2026-04-10 11:17:00,220.76,220.76,220.76,220.76,55
FSL,2026-04-10 11:18:00,220.76,220.8,220.76,220.76,256
FSL,2026-04-10 11:19:00,220.76,220.8,220.76,220.76,152
FSL,2026-04-10 11:20:00,220.76,220.84,220.76,220.8,335
FSL,2026-04-10 11:21:00,220.8,220.82,220.73,220.74,486
FSL,2026-04-10 11:22:00,220.74,220.82,220.74,220.76,59
FSL,2026-04-10 11:23:00,220.76,220.82,220.76,220.76,28
FSL,2026-04-10 11:24:00,220.76,220.84,220.76,220.76,205
FSL,2026-04-10 11:25:00,220.76,220.82,220.76,220.76,580
FSL,2026-04-10 11:26:00,220.76,220.77,220.76,220.77,5
FSL,2026-04-10 11:27:00,220.77,220.78,220.73,220.73,484
FSL,2026-04-10 11:28:00,220.75,220.77,220.71,220.75,459
FSL,2026-04-10 11:29:00,220.75,220.75,220.63,220.63,281
FSL,2026-04-10 11:30:00,220.55,220.66,220.54,220.66,506
FSL,2026-04-10 11:31:00,220.66,220.66,220.55,220.55,6419
FSL,2026-04-10 11:32:00,220.56,220.71,220.56,220.66,514
FSL,2026-04-10 11:33:00,220.66,220.75,220.62,220.65,60
FSL,2026-04-10 11:34:00,220.65,220.65,220.6,220.6,313
FSL,2026-04-10 11:35:00,220.6,220.65,220.6,220.61,565
FSL,2026-04-10 11:36:00,220.61,220.65,220.6,220.6,204
FSL,2026-04-10 11:37:00,220.6,220.6,220.6,220.6,579
FSL,2026-04-10 11:38:00,220.6,220.65,220.6,220.61,168
FSL,2026-04-10 11:39:00,220.65,220.65,220.51,220.51,2505
FSL,2026-04-10 11:40:00,220.51,220.66,220.51,220.51,666
FSL,2026-04-10 11:41:00,220.51,220.55,220.51,220.55,120
FSL,2026-04-10 11:42:00,220.55,220.59,220.4,220.51,4280
FSL,2026-04-10 11:43:00,220.51,220.64,220.45,220.56,2384
FSL,2026-04-10 11:44:00,220.56,220.56,220.55,220.55,1041
FSL,2026-04-10 11:45:00,220.55,220.62,220.51,220.55,171
FSL,2026-04-10 11:46:00,220.55,220.6,220.5,220.5,1034
FSL,2026-04-10 11:47:00,220.5,220.62,220.5,220.6,518
FSL,2026-04-10 11:48:00,220.4,220.4,220.06,220.2,3367
FSL,2026-04-10 11:49:00,220.2,220.27,220.2,220.21,1153
FSL,2026-04-10 11:50:00,220.21,220.26,220.21,220.21,39
FSL,2026-04-10 11:51:00,220.21,220.37,220.12,220.12,1043
FSL,2026-04-10 11:52:00,220.12,220.21,220.12,220.12,162
FSL,2026-04-10 11:53:00,220.12,220.12,220.12,220.12,257
FSL,2026-04-10 11:54:00,220.12,220.12,220.05,220.06,562
FSL,2026-04-10 11:55:00,220.06,220.1,220.06,220.1,215
FSL,2026-04-10 11:56:00,220.1,220.21,220.1,220.13,57
FSL,2026-04-10 11:57:00,220.13,220.15,220.13,220.15,5
FSL,2026-04-10 11:58:00,220.14,220.29,220.14,220.16,296
FSL,2026-04-10 11:59:00,220.25,220.25,220.16,220.16,178
FSL,2026-04-10 12:00:00,220.16,220.25,220.16,220.2,36
FSL,2026-04-10 12:01:00,220.2,220.45,220.2,220.31,1148
FSL,2026-04-10 12:02:00,220.31,220.42,220.27,220.29,499
FSL,2026-04-10 12:03:00,220.29,220.4,220.29,220.29,275
FSL,2026-04-10 12:04:00,220.29,220.43,220.29,220.37,118
FSL,2026-04-10 12:05:00,220.37,220.37,220.3,220.3,205
FSL,2026-04-10 12:06:00,220.3,220.39,220.3,220.3,147
FSL,2026-04-10 12:07:00,220.3,220.39,220.3,220.3,157
FSL,2026-04-10 12:08:00,220.3,220.48,220.3,220.33,810
FSL,2026-04-10 12:09:00,220.33,220.43,220.33,220.33,88
FSL,2026-04-10 12:10:00,220.52,220.52,220.34,220.4,302
FSL,2026-04-10 12:11:00,220.4,220.54,220.4,220.41,105
FSL,2026-04-10 12:12:00,220.41,220.55,220.41,220.5,572
FSL,2026-04-10 12:13:00,220.5,220.61,220.5,220.6,1529
FSL,2026-04-10 12:14:00,220.6,220.71,220.6,220.65,117
FSL,2026-04-10 12:15:00,220.77,220.89,220.65,220.72,3315
FSL,2026-04-10 12:16:00,220.72,220.82,220.7,220.82,182
FSL,2026-04-10 12:17:00,220.82,220.82,220.71,220.71,72
FSL,2026-04-10 12:18:00,220.71,220.78,220.71,220.78,79
FSL,2026-04-10 12:19:00,220.78,220.98,220.78,220.85,466
FSL,2026-04-10 12:20:00,220.99,220.99,220.85,220.94,619
FSL,2026-04-10 12:21:00,220.94,220.99,220.6,220.6,4641
FSL,2026-04-10 12:22:00,220.6,220.75,220.6,220.61,593
FSL,2026-04-10 12:23:00,220.61,220.61,220.61,220.61,705
FSL,2026-04-10 12:24:00,220.61,220.7,220.61,220.61,316
FSL,2026-04-10 12:25:00,220.61,220.7,220.61,220.62,70
FSL,2026-04-10 12:26:00,220.62,220.7,220.61,220.7,15
FSL,2026-04-10 12:27:00,220.7,220.7,220.61,220.61,143
FSL,2026-04-10 12:28:00,220.61,220.7,220.61,220.61,26
FSL,2026-04-10 12:29:00,220.5,220.5,220.4,220.4,5645
FSL,2026-04-10 12:30:00,220.47,220.47,220.35,220.4,792
FSL,2026-04-10 12:31:00,220.4,220.62,220.4,220.62,979
FSL,2026-04-10 12:32:00,220.62,220.62,220.44,220.44,160
FSL,2026-04-10 12:33:00,220.44,220.66,220.44,220.5,179
FSL,2026-04-10 12:34:00,220.5,220.5,220.4,220.45,1159
FSL,2026-04-10 12:35:00,220.45,220.5,220.45,220.5,154
FSL,2026-04-10 12:36:00,220.4,220.72,220.4,220.59,1545
FSL,2026-04-10 12:37:00,220.59,220.59,220.59,220.59,212
FSL,2026-04-10 12:38:00,220.59,220.73,220.5,220.5,1321
FSL,2026-04-10 12:39:00,220.5,220.53,220.41,220.41,649
FSL,2026-04-10 12:40:00,220.41,220.41,220.41,220.41,35
FSL,2026-04-10 12:41:00,220.41,220.53,220.41,220.53,56
FSL,2026-04-10 12:42:00,220.41,220.52,220.41,220.42,140
FSL,2026-04-10 12:43:00,220.52,220.52,220.43,220.43,201
FSL,2026-04-10 12:44:00,220.43,220.59,220.43,220.48,46
FSL,2026-04-10 12:45:00,220.48,220.58,220.48,220.57,705
FSL,2026-04-10 12:46:00,220.57,220.69,220.57,220.61,59
FSL,2026-04-10 12:47:00,220.61,220.74,220.6,220.7,105
FSL,2026-04-10 12:48:00,220.7,220.79,220.64,220.79,2644
FSL,2026-04-10 12:49:00,220.79,220.79,220.79,220.79,5
FSL,2026-04-10 12:50:00,220.79,220.94,220.79,220.79,627
FSL,2026-04-10 12:51:00,220.74,220.79,220.74,220.79,39
FSL,2026-04-10 12:52:00,220.74,220.79,220.74,220.79,1883
FSL,2026-04-10 12:53:00,220.93,220.93,220.75,220.78,303
FSL,2026-04-10 12:54:00,220.78,220.88,220.75,220.8,48
FSL,2026-04-10 12:55:00,220.8,220.88,220.8,220.8,51
FSL,2026-04-10 12:56:00,220.8,220.88,220.7,220.8,192
FSL,2026-04-10 12:57:00,220.8,220.88,220.8,220.8,58
FSL,2026-04-10 12:58:00,220.8,220.92,220.8,220.81,1516
FSL,2026-04-10 12:59:00,220.81,220.93,220.81,220.81,228
FSL,2026-04-10 13:00:00,220.81,220.94,220.81,220.83,84
FSL,2026-04-10 13:01:00,220.83,221.05,220.82,220.82,1194
FSL,2026-04-10 13:02:00,220.85,220.85,220.82,220.83,41
FSL,2026-04-10 13:03:00,220.83,220.92,220.83,220.84,107
FSL,2026-04-10 13:04:00,220.84,220.92,220.84,220.85,138
FSL,2026-04-10 13:05:00,220.85,220.97,220.85,220.85,365
FSL,2026-04-10 13:06:00,220.85,220.92,220.85,220.92,18
FSL,2026-04-10 13:07:00,220.95,220.98,220.65,220.89,3607
FSL,2026-04-10 13:08:00,220.89,220.89,220.89,220.89,550
FSL,2026-04-10 13:09:00,220.89,220.98,220.89,220.89,37
FSL,2026-04-10 13:10:00,220.89,220.98,220.89,220.89,84
FSL,2026-04-10 13:11:00,220.95,220.95,220.89,220.95,41
FSL,2026-04-10 13:12:00,220.89,220.98,220.89,220.89,476
FSL,2026-04-10 13:13:00,220.89,220.98,220.89,220.98,660
FSL,2026-04-10 13:14:00,220.98,220.99,220.89,220.99,244
FSL,2026-04-10 13:15:00,220.99,220.99,220.89,220.89,68
FSL,2026-04-10 13:16:00,220.89,220.89,220.71,220.72,708
FSL,2026-04-10 13:17:00,220.72,220.8,220.71,220.8,4731
FSL,2026-04-10 13:18:00,220.73,220.77,220.55,220.77,1588
FSL,2026-04-10 13:19:00,220.77,220.77,220.65,220.74,116
FSL,2026-04-10 13:20:00,220.74,220.8,220.66,220.8,494
FSL,2026-04-10 13:21:00,220.8,220.8,220.7,220.8,517
FSL,2026-04-10 13:22:00,220.8,220.92,220.7,220.92,744
FSL,2026-04-10 13:23:00,220.8,220.81,220.8,220.8,646
FSL,2026-04-10 13:24:00,220.8,220.9,220.8,220.8,404
FSL,2026-04-10 13:25:00,220.8,220.97,220.8,220.9,488
FSL,2026-04-10 13:26:00,220.98,221.0,220.98,220.98,1236
FSL,2026-04-10 13:27:00,220.98,221.0,220.98,220.98,264
FSL,2026-04-10 13:28:00,220.98,221.06,220.98,221.03,1702
FSL,2026-04-10 13:29:00,220.98,221.06,220.98,221.0,15
FSL,2026-04-10 13:30:00,221.0,221.01,221.0,221.01,109
FSL,2026-04-10 13:31:00,221.01,221.1,221.0,221.01,128
FSL,2026-04-10 13:32:00,221.01,221.01,221.01,221.01,59
FSL,2026-04-10 13:33:00,221.01,221.1,221.01,221.01,155
FSL,2026-04-10 13:34:00,221.01,221.12,221.01,221.12,186
FSL,2026-04-10 13:35:00,221.12,221.14,221.05,221.1,555
FSL,2026-04-10 13:36:00,221.1,221.1,221.05,221.06,292
FSL,2026-04-10 13:37:00,221.06,221.13,220.99,220.99,656
FSL,2026-04-10 13:38:00,221.05,221.1,221.05,221.1,30
FSL,2026-04-10 13:39:00,221.05,221.09,221.04,221.04,125
FSL,2026-04-10 13:40:00,221.04,221.04,220.89,220.89,773
FSL,2026-04-10 13:41:00,220.89,220.89,220.85,220.85,192
FSL,2026-04-10 13:42:00,220.85,220.85,220.85,220.85,5
FSL,2026-04-10 13:43:00,220.85,220.85,220.8,220.8,130
FSL,2026-04-10 13:44:00,220.8,220.84,220.8,220.84,54
FSL,2026-04-10 13:45:00,220.84,220.84,220.83,220.84,120
FSL,2026-04-10 13:46:00,220.84,220.85,220.82,220.84,35
FSL,2026-04-10 13:47:00,220.84,220.87,220.82,220.87,365
FSL,2026-04-10 13:48:00,220.87,220.87,220.85,220.85,603
FSL,2026-04-10 13:49:00,220.85,220.85,220.84,220.84,280
FSL,2026-04-10 13:50:00,220.84,220.85,220.84,220.85,21
FSL,2026-04-10 13:51:00,220.84,220.85,220.84,220.84,110
FSL,2026-04-10 13:52:00,220.84,220.85,220.84,220.84,371
FSL,2026-04-10 13:53:00,220.84,220.84,220.7,220.75,13622
FSL,2026-04-10 13:54:00,220.75,220.76,220.75,220.76,173
FSL,2026-04-10 13:55:00,220.76,220.82,220.76,220.78,2572
FSL,2026-04-10 13:56:00,220.77,220.78,220.77,220.78,27
FSL,2026-04-10 13:57:00,220.78,220.84,220.78,220.78,565
FSL,2026-04-10 13:58:00,220.78,220.84,220.76,220.76,353
FSL,2026-04-10 13:59:00,220.76,220.84,220.76,220.76,26
FSL,2026-04-10 14:00:00,220.84,220.84,220.76,220.76,29
FSL,2026-04-10 14:01:00,220.76,220.84,220.76,220.77,21
FSL,2026-04-10 14:02:00,220.77,220.84,220.77,220.77,114
FSL,2026-04-10 14:03:00,220.77,220.8,220.77,220.78,146
FSL,2026-04-10 14:04:00,220.78,220.8,220.77,220.77,92
FSL,2026-04-10 14:05:00,220.77,220.8,220.77,220.8,147
FSL,2026-04-10 14:06:00,220.82,220.84,220.79,220.82,1068
FSL,2026-04-10 14:07:00,220.81,220.81,220.79,220.79,930
FSL,2026-04-10 14:08:00,220.79,220.8,220.78,220.78,143
FSL,2026-04-10 14:09:00,220.78,220.78,220.78,220.78,40
FSL,2026-04-10 14:10:00,220.78,220.8,220.77,220.77,5783
FSL,2026-04-10 14:11:00,220.78,220.88,220.78,220.88,3601
FSL,2026-04-10 14:12:00,220.88,220.88,220.79,220.87,9576
FSL,2026-04-10 14:13:00,220.95,221.05,220.95,221.0,2594
FSL,2026-04-10 14:14:00,221.0,221.0,220.79,220.88,8563
FSL,2026-04-10 14:15:00,220.86,220.95,220.31,220.63,21437
FSL,2026-04-10 14:16:00,220.64,220.89,220.58,220.58,17713
FSL,2026-04-10 14:17:00,220.6,220.71,220.6,220.69,382
FSL,2026-04-10 14:18:00,220.69,220.69,220.68,220.68,39
FSL,2026-04-10 14:19:00,220.7,220.75,220.67,220.7,1307
FSL,2026-04-10 14:20:00,220.7,220.75,220.7,220.7,19
FSL,2026-04-10 14:21:00,220.75,220.75,220.7,220.7,12
FSL,2026-04-10 14:22:00,220.7,220.7,220.7,220.7,22
FSL,2026-04-10 14:23:00,220.7,220.7,220.7,220.7,360
FSL,2026-04-10 14:24:00,220.7,220.7,220.6,220.6,535
FSL,2026-04-10 14:25:00,220.6,220.6,220.55,220.55,2577
FSL,2026-04-10 14:26:00,220.55,220.55,220.5,220.5,551
FSL,2026-04-10 14:27:00,220.5,220.55,220.5,220.5,1295
FSL,2026-04-10 14:28:00,220.5,220.53,220.5,220.5,118
FSL,2026-04-10 14:29:00,220.5,220.53,220.5,220.53,230
FSL,2026-04-10 14:30:00,220.5,220.54,220.5,220.5,1114
FSL,2026-04-10 14:31:00,220.51,220.6,220.51,220.51,203
FSL,2026-04-10 14:32:00,220.51,220.55,220.5,220.5,97
FSL,2026-04-10 14:33:00,220.5,220.59,220.5,220.52,1183
FSL,2026-04-10 14:34:00,220.52,220.52,220.5,220.5,63
FSL,2026-04-10 14:35:00,220.5,220.52,220.5,220.5,108
FSL,2026-04-10 14:36:00,220.5,220.51,220.3,220.35,1790
FSL,2026-04-10 14:37:00,220.31,220.35,220.2,220.23,3279
FSL,2026-04-10 14:38:00,220.23,220.32,220.23,220.25,86
FSL,2026-04-10 14:39:00,220.25,220.4,220.25,220.25,1861
FSL,2026-04-10 14:40:00,220.25,220.49,220.25,220.48,2019
FSL,2026-04-10 14:41:00,220.46,220.46,220.37,220.38,1428
FSL,2026-04-10 14:42:00,220.38,220.4,220.32,220.4,1005
FSL,2026-04-10 14:43:00,220.4,220.4,220.38,220.38,25
FSL,2026-04-10 14:44:00,220.38,220.4,220.38,220.4,323
FSL,2026-04-10 14:45:00,220.4,220.4,220.3,220.3,403
FSL,2026-04-10 14:46:00,220.3,220.38,220.3,220.33,522
FSL,2026-04-10 14:47:00,220.33,220.4,220.33,220.33,126
FSL,2026-04-10 14:48:00,220.33,220.36,220.31,220.31,307
FSL,2026-04-10 14:49:00,220.31,220.4,220.31,220.39,1890
FSL,2026-04-10 14:50:00,220.4,220.47,220.39,220.47,1157
FSL,2026-04-10 14:51:00,220.47,220.48,220.35,220.35,286
FSL,2026-04-10 14:52:00,220.35,220.45,220.35,220.39,414
FSL,2026-04-10 14:53:00,220.45,220.45,220.4,220.4,52
FSL,2026-04-10 14:54:00,220.4,220.49,220.4,220.42,177
FSL,2026-04-10 14:55:00,220.45,220.45,220.33,220.33,2980
FSL,2026-04-10 14:56:00,220.33,220.33,220.26,220.26,1060
FSL,2026-04-10 14:57:00,220.26,220.27,220.25,220.25,193
FSL,2026-04-10 14:58:00,220.25,220.4,220.21,220.32,3857
FSL,2026-04-10 14:59:00,220.32,220.32,220.25,220.25,3868
FSL,2026-04-10 15:00:00,220.33,220.39,220.29,220.39,1151
FSL,2026-04-10 15:01:00,220.39,220.5,220.39,220.42,1344
FSL,2026-04-10 15:02:00,220.45,220.45,220.31,220.38,2703
FSL,2026-04-10 15:03:00,220.4,220.4,220.37,220.4,71
FSL,2026-04-10 15:04:00,220.4,220.45,220.37,220.38,649
FSL,2026-04-10 15:05:00,220.37,220.43,220.36,220.39,234
FSL,2026-04-10 15:06:00,220.43,220.45,220.23,220.44,3712
FSL,2026-04-10 15:07:00,220.45,220.5,220.43,220.5,2779
FSL,2026-04-10 15:08:00,220.5,220.5,220.44,220.44,1445
FSL,2026-04-10 15:09:00,220.49,220.5,220.49,220.5,316
FSL,2026-04-10 15:10:00,220.5,220.6,220.4,220.55,9063
FSL,2026-04-10 15:11:00,220.6,220.64,220.26,220.45,3166
FSL,2026-04-10 15:12:00,220.49,220.49,220.35,220.37,4338
FSL,2026-04-10 15:13:00,220.37,220.37,220.27,220.3,6467
FSL,2026-04-10 15:14:00,220.27,220.4,220.1,220.25,2858
FSL,2026-04-10 15:15:00,220.32,220.34,220.25,220.34,2079
FSL,2026-04-10 15:16:00,220.34,220.34,220.33,220.33,1379
FSL,2026-04-10 15:17:00,220.34,220.5,220.33,220.46,3003
FSL,2026-04-10 15:18:00,220.5,220.5,220.29,220.29,3774
FSL,2026-04-10 15:19:00,220.23,220.5,220.23,220.5,2963
FSL,2026-04-10 15:20:00,220.5,220.5,220.46,220.49,2497
FSL,2026-04-10 15:21:00,220.45,220.5,220.11,220.5,3906
FSL,2026-04-10 15:22:00,220.5,220.5,220.4,220.4,359
FSL,2026-04-10 15:23:00,220.48,220.49,220.31,220.47,2161
FSL,2026-04-10 15:24:00,220.49,220.5,220.46,220.49,4288
FSL,2026-04-10 15:25:00,220.49,220.49,220.46,220.49,1214
FSL,2026-04-10 15:26:00,220.49,220.5,220.4,220.4,2755
FSL,2026-04-10 15:27:00,220.49,220.49,220.33,220.35,6257
FSL,2026-04-10 15:28:00,220.35,220.7,220.33,220.7,5699
FSL,2026-04-10 15:29:00,220.45,220.5,220.33,220.45,12426
FSL,2026-04-13 09:15:00,216.0,217.08,214.31,214.31,14278
FSL,2026-04-13 09:16:00,214.75,214.75,213.36,213.77,8099
FSL,2026-04-13 09:17:00,213.77,214.0,213.59,213.84,10621
FSL,2026-04-13 09:18:00,213.88,214.33,213.88,214.25,6738
FSL,2026-04-13 09:19:00,214.17,214.49,214.05,214.29,8228
FSL,2026-04-13 09:20:00,214.3,214.84,214.3,214.83,3363
FSL,2026-04-13 09:21:00,214.84,214.85,214.45,214.63,3459
FSL,2026-04-13 09:22:00,214.6,214.67,214.5,214.65,1867
FSL,2026-04-13 09:23:00,214.67,214.72,214.6,214.61,2344
FSL,2026-04-13 09:24:00,214.61,214.61,214.25,214.4,9433
FSL,2026-04-13 09:25:00,214.4,214.41,214.17,214.3,3708
FSL,2026-04-13 09:26:00,214.3,214.85,214.3,214.85,5467
FSL,2026-04-13 09:27:00,214.85,215.11,214.74,215.11,15597
FSL,2026-04-13 09:28:00,215.0,215.05,214.8,214.89,2783
FSL,2026-04-13 09:29:00,214.89,215.23,214.89,215.23,3169
FSL,2026-04-13 09:30:00,215.12,215.22,215.03,215.12,2530
FSL,2026-04-13 09:31:00,215.03,215.14,214.94,214.95,3170
FSL,2026-04-13 09:32:00,214.95,215.04,214.76,214.97,5344
FSL,2026-04-13 09:33:00,214.97,215.15,214.9,215.1,2292
FSL,2026-04-13 09:34:00,215.1,215.31,215.1,215.3,1117
FSL,2026-04-13 09:35:00,215.39,215.5,215.3,215.5,1582
FSL,2026-04-13 09:36:00,215.09,215.22,214.9,214.9,3150
FSL,2026-04-13 09:37:00,214.9,214.95,214.76,214.88,1692
FSL,2026-04-13 09:38:00,214.8,214.81,214.52,214.61,1600
FSL,2026-04-13 09:39:00,214.54,214.55,214.4,214.4,3128
FSL,2026-04-13 09:40:00,214.4,214.57,214.4,214.5,1552
FSL,2026-04-13 09:41:00,214.5,214.82,214.5,214.81,1154
FSL,2026-04-13 09:42:00,214.8,215.24,214.8,215.14,2431
FSL,2026-04-13 09:43:00,215.19,215.54,215.19,215.26,3287
FSL,2026-04-13 09:44:00,215.26,215.26,215.1,215.19,551
FSL,2026-04-13 09:45:00,215.19,215.19,215.05,215.19,837
FSL,2026-04-13 09:46:00,215.19,215.19,215.05,215.05,498
FSL,2026-04-13 09:47:00,215.11,215.34,215.0,215.18,6102
FSL,2026-04-13 09:48:00,215.18,215.2,215.1,215.2,2204
FSL,2026-04-13 09:49:00,215.21,215.27,215.2,215.21,757
FSL,2026-04-13 09:50:00,215.27,215.32,215.27,215.3,1491
FSL,2026-04-13 09:51:00,215.3,215.64,215.3,215.64,2600
FSL,2026-04-13 09:52:00,215.7,215.7,215.6,215.6,1673
FSL,2026-04-13 09:53:00,215.61,215.66,215.6,215.63,1402
FSL,2026-04-13 09:54:00,215.63,215.66,215.61,215.65,303
FSL,2026-04-13 09:55:00,215.65,215.8,215.65,215.7,139
FSL,2026-04-13 09:56:00,215.75,216.0,215.75,215.98,3342
FSL,2026-04-13 09:57:00,216.0,216.0,215.87,215.94,1356
FSL,2026-04-13 09:58:00,215.94,216.0,215.89,215.9,4196
FSL,2026-04-13 09:59:00,215.9,216.03,215.9,216.0,922
FSL,2026-04-13 10:00:00,216.0,216.04,216.0,216.0,559
FSL,2026-04-13 10:01:00,216.0,216.05,216.0,216.03,1040
FSL,2026-04-13 10:02:00,216.09,216.39,216.03,216.39,2282
FSL,2026-04-13 10:03:00,216.29,216.39,216.29,216.31,182
FSL,2026-04-13 10:04:00,216.29,216.4,216.19,216.4,4464
FSL,2026-04-13 10:05:00,216.4,216.4,216.27,216.27,596
FSL,2026-04-13 10:06:00,216.27,216.3,215.92,216.1,4002
FSL,2026-04-13 10:07:00,216.1,216.16,216.0,216.08,1653
FSL,2026-04-13 10:08:00,216.08,216.21,216.08,216.21,260
FSL,2026-04-13 10:09:00,216.25,216.35,216.14,216.34,547
FSL,2026-04-13 10:10:00,216.36,216.38,216.27,216.38,267
FSL,2026-04-13 10:11:00,216.38,216.38,216.3,216.3,735
FSL,2026-04-13 10:12:00,216.3,216.35,216.26,216.32,719
FSL,2026-04-13 10:13:00,216.38,216.4,216.32,216.32,1365
FSL,2026-04-13 10:14:00,216.4,216.4,216.01,216.01,1922
FSL,2026-04-13 10:15:00,216.01,216.16,215.5,215.52,9652
FSL,2026-04-13 10:16:00,215.52,215.52,215.34,215.4,288
FSL,2026-04-13 10:17:00,215.4,215.4,215.21,215.21,226
FSL,2026-04-13 10:18:00,215.06,215.23,215.06,215.15,1761
FSL,2026-04-13 10:19:00,215.22,215.27,215.16,215.26,2105
FSL,2026-04-13 10:20:00,215.26,215.62,215.26,215.51,2204
FSL,2026-04-13 10:21:00,215.51,215.84,215.51,215.84,824
FSL,2026-04-13 10:22:00,215.84,216.02,215.84,216.02,1107
FSL,2026-04-13 10:23:00,216.02,216.13,215.96,216.07,5723
FSL,2026-04-13 10:24:00,216.07,216.39,216.04,216.28,40843
FSL,2026-04-13 10:25:00,216.28,216.65,216.2,216.65,9102
FSL,2026-04-13 10:26:00,216.65,216.65,216.0,216.3,10546
FSL,2026-04-13 10:27:00,216.4,216.68,216.4,216.58,1609
FSL,2026-04-13 10:28:00,216.63,216.63,216.27,216.41,13710
FSL,2026-04-13 10:29:00,216.34,216.34,216.21,216.26,166
FSL,2026-04-13 10:30:00,216.31,216.31,216.29,216.29,106
FSL,2026-04-13 10:31:00,216.29,216.29,216.21,216.21,134
FSL,2026-04-13 10:32:00,216.19,216.48,216.17,216.4,5589
FSL,2026-04-13 10:33:00,216.37,216.46,216.37,216.44,599
FSL,2026-04-13 10:34:00,216.45,216.45,216.35,216.35,119
FSL,2026-04-13 10:35:00,216.41,216.57,216.41,216.5,12743
FSL,2026-04-13 10:36:00,216.5,216.5,216.39,216.39,1109
FSL,2026-04-13 10:37:00,216.4,216.41,216.22,216.41,1843
FSL,2026-04-13 10:38:00,216.41,216.41,216.4,216.41,860
FSL,2026-04-13 10:39:00,216.41,216.7,216.41,216.68,8327
FSL,2026-04-13 10:40:00,216.68,216.68,216.68,216.68,122
FSL,2026-04-13 10:41:00,216.68,216.68,216.26,216.26,2312
FSL,2026-04-13 10:42:00,216.31,216.34,216.25,216.3,2417
FSL,2026-04-13 10:43:00,216.3,216.3,216.19,216.3,13
FSL,2026-04-13 10:44:00,216.3,216.7,216.3,216.7,454
FSL,2026-04-13 10:45:00,216.55,216.83,216.55,216.8,1472
FSL,2026-04-13 10:46:00,216.8,217.1,216.8,217.1,5154
FSL,2026-04-13 10:47:00,217.1,217.2,217.0,217.09,1296
FSL,2026-04-13 10:48:00,217.09,217.23,217.09,217.09,1565
FSL,2026-04-13 10:49:00,217.1,217.57,217.1,217.57,2601
FSL,2026-04-13 10:50:00,217.34,217.49,217.34,217.41,3811
FSL,2026-04-13 10:51:00,217.4,217.4,217.31,217.39,109
FSL,2026-04-13 10:52:00,217.31,217.49,217.31,217.48,1462
FSL,2026-04-13 10:53:00,217.48,217.71,217.48,217.55,2298
FSL,2026-04-13 10:54:00,217.55,217.55,217.53,217.53,82
FSL,2026-04-13 10:55:00,217.53,217.64,217.53,217.64,1340
FSL,2026-04-13 10:56:00,217.64,217.65,217.53,217.65,1499
FSL,2026-04-13 10:57:00,217.65,217.68,217.58,217.58,121
FSL,2026-04-13 10:58:00,217.58,217.58,217.33,217.33,1375
FSL,2026-04-13 10:59:00,217.33,217.46,217.1,217.46,5197
FSL,2026-04-13 11:00:00,217.45,217.58,217.36,217.36,492
FSL,2026-04-13 11:01:00,217.36,217.54,217.26,217.26,366
FSL,2026-04-13 11:02:00,217.26,217.27,216.61,216.61,4954
FSL,2026-04-13 11:03:00,216.54,217.1,216.54,216.94,7225
FSL,2026-04-13 11:04:00,216.94,216.94,216.75,216.92,515
FSL,2026-04-13 11:05:00,216.92,216.95,216.85,216.85,150
FSL,2026-04-13 11:06:00,216.85,216.95,216.85,216.95,81
FSL,2026-04-13 11:07:00,216.95,216.95,216.83,216.85,464
FSL,2026-04-13 11:08:00,216.85,216.86,216.71,216.86,755
FSL,2026-04-13 11:09:00,216.86,216.91,216.74,216.74,434
FSL,2026-04-13 11:10:00,216.74,216.74,216.54,216.54,826
FSL,2026-04-13 11:11:00,216.48,216.48,216.06,216.35,3298
FSL,2026-04-13 11:12:00,216.27,216.42,216.27,216.42,1137
FSL,2026-04-13 11:13:00,216.42,216.42,216.32,216.33,101
FSL,2026-04-13 11:14:00,216.33,216.35,215.94,216.33,4563
FSL,2026-04-13 11:15:00,216.33,216.36,216.23,216.35,131
FSL,2026-04-13 11:16:00,216.35,216.35,216.35,216.35,2
FSL,2026-04-13 11:17:00,216.35,216.44,216.3,216.35,334
FSL,2026-04-13 11:18:00,216.35,216.5,216.35,216.36,217
FSL,2026-04-13 11:19:00,216.5,216.5,216.37,216.5,129
FSL,2026-04-13 11:20:00,216.5,216.5,216.23,216.23,2244
FSL,2026-04-13 11:21:00,216.23,216.3,216.18,216.25,1468
FSL,2026-04-13 11:22:00,216.25,216.35,216.25,216.35,1781
FSL,2026-04-13 11:23:00,216.28,216.47,216.28,216.42,532
FSL,2026-04-13 11:24:00,216.47,216.47,216.23,216.23,1074
FSL,2026-04-13 11:25:00,216.23,216.33,216.05,216.16,750
FSL,2026-04-13 11:26:00,216.15,216.15,216.15,216.15,92
FSL,2026-04-13 11:27:00,216.13,216.13,216.04,216.09,24
FSL,2026-04-13 11:28:00,216.09,216.09,216.03,216.09,332
FSL,2026-04-13 11:29:00,216.05,216.09,216.05,216.05,482
FSL,2026-04-13 11:30:00,216.01,216.11,216.01,216.09,1288
FSL,2026-04-13 11:31:00,216.09,216.13,216.05,216.11,305
FSL,2026-04-13 11:32:00,216.0,216.0,215.75,215.91,6830
FSL,2026-04-13 11:33:00,215.91,215.95,215.74,215.86,832
FSL,2026-04-13 11:34:00,215.86,215.86,215.8,215.8,256
FSL,2026-04-13 11:35:00,215.8,215.85,215.8,215.85,143
FSL,2026-04-13 11:36:00,215.8,215.9,215.8,215.9,233
FSL,2026-04-13 11:37:00,215.9,216.11,215.9,216.1,84
FSL,2026-04-13 11:38:00,216.1,216.1,216.09,216.09,28
FSL,2026-04-13 11:39:00,216.09,216.09,216.0,216.0,329
FSL,2026-04-13 11:40:00,216.0,216.09,216.0,216.09,58
FSL,2026-04-13 11:41:00,216.09,216.09,216.01,216.09,53
FSL,2026-04-13 11:42:00,216.09,216.09,216.09,216.09,159
FSL,2026-04-13 11:43:00,216.09,216.09,215.96,216.06,2297
FSL,2026-04-13 11:44:00,216.06,216.06,215.96,215.96,72
FSL,2026-04-13 11:45:00,215.96,216.01,215.95,215.95,1207
FSL,2026-04-13 11:46:00,215.95,216.06,215.95,216.06,2577
FSL,2026-04-13 11:47:00,216.06,216.07,216.01,216.04,130
FSL,2026-04-13 11:48:00,216.06,216.21,216.04,216.08,1131
FSL,2026-04-13 11:49:00,216.08,216.16,216.08,216.16,1511
FSL,2026-04-13 11:50:00,216.22,216.28,216.16,216.16,618
FSL,2026-04-13 11:51:00,216.16,216.4,216.16,216.28,398
FSL,2026-04-13 11:52:00,216.28,216.39,216.28,216.3,95
FSL,2026-04-13 11:53:00,216.3,216.41,216.3,216.31,55
FSL,2026-04-13 11:54:00,216.31,216.41,216.31,216.41,448
FSL,2026-04-13 11:55:00,216.41,216.41,216.33,216.37,33
FSL,2026-04-13 11:56:00,216.37,216.41,216.3,216.3,1178
FSL,2026-04-13 11:57:00,216.3,216.37,216.3,216.37,19
FSL,2026-04-13 11:58:00,216.37,216.37,216.15,216.15,1133
FSL,2026-04-13 11:59:00,216.15,216.28,216.15,216.28,12
FSL,2026-04-13 12:00:00,216.28,216.28,216.25,216.25,26
FSL,2026-04-13 12:01:00,216.25,216.25,216.15,216.15,2833
FSL,2026-04-13 12:02:00,216.15,216.25,216.15,216.25,1
FSL,2026-04-13 12:03:00,216.25,216.25,216.25,216.25,2
FSL,2026-04-13 12:04:00,216.25,216.25,216.25,216.25,10
FSL,2026-04-13 12:05:00,216.25,216.25,216.15,216.25,1129
FSL,2026-04-13 12:06:00,216.25,216.25,216.2,216.2,61
FSL,2026-04-13 12:07:00,216.2,216.52,216.2,216.2,5300
FSL,2026-04-13 12:08:00,216.25,216.25,216.25,216.25,20
FSL,2026-04-13 12:09:00,216.25,216.25,216.2,216.25,277
FSL,2026-04-13 12:10:00,216.25,216.25,216.2,216.2,78
FSL,2026-04-13 12:11:00,216.2,216.33,216.2,216.2,1012
FSL,2026-04-13 12:12:00,216.2,216.2,216.1,216.1,348
FSL,2026-04-13 12:13:00,216.1,216.1,216.1,216.1,1
FSL,2026-04-13 12:14:00,216.05,216.1,216.05,216.1,113
FSL,2026-04-13 12:15:00,216.1,216.1,216.1,216.1,1232
FSL,2026-04-13 12:16:00,216.1,216.11,216.0,216.08,667
FSL,2026-04-13 12:17:00,216.08,216.08,216.01,216.01,17
FSL,2026-04-13 12:18:00,216.01,216.04,215.72,215.72,1494
FSL,2026-04-13 12:19:00,215.72,215.92,215.72,215.77,2198
FSL,2026-04-13 12:20:00,215.87,215.93,215.82,215.93,1492
FSL,2026-04-13 12:21:00,215.93,216.04,215.93,215.95,110
FSL,2026-04-13 12:22:00,215.95,216.02,215.85,216.0,1757
FSL,2026-04-13 12:23:00,216.0,216.0,215.85,215.85,217
FSL,2026-04-13 12:24:00,215.85,215.96,215.85,215.96,103
FSL,2026-04-13 12:25:00,215.96,215.96,215.85,215.85,57
FSL,2026-04-13 12:26:00,215.85,215.95,215.85,215.95,17
FSL,2026-04-13 12:27:00,215.95,215.99,215.85,215.9,810
FSL,2026-04-13 12:28:00,215.9,216.0,215.81,215.81,201
FSL,2026-04-13 12:29:00,215.81,215.99,215.81,215.84,484
FSL,2026-04-13 12:30:00,215.84,216.06,215.84,215.89,1027
FSL,2026-04-13 12:31:00,215.84,215.97,215.84,215.93,72
FSL,2026-04-13 12:32:00,215.93,215.97,215.93,215.97,58
FSL,2026-04-13 12:33:00,215.97,215.97,215.81,215.81,287
FSL,2026-04-13 12:34:00,215.81,215.91,215.81,215.86,271
FSL,2026-04-13 12:35:00,215.86,215.9,215.86,215.9,1
FSL,2026-04-13 12:36:00,215.9,215.9,215.81,215.9,327
FSL,2026-04-13 12:37:00,215.81,215.9,215.81,215.9,60
FSL,2026-04-13 12:38:00,215.9,215.9,215.9,215.9,321
FSL,2026-04-13 12:39:00,215.9,215.92,215.9,215.9,892
FSL,2026-04-13 12:40:00,215.9,215.93,215.81,215.81,223
FSL,2026-04-13 12:41:00,215.81,215.99,215.81,215.91,872
FSL,2026-04-13 12:42:00,215.91,215.91,215.82,215.82,466
FSL,2026-04-13 12:43:00,215.82,215.9,215.75,215.75,1345
FSL,2026-04-13 12:44:00,215.75,215.89,215.75,215.89,541
FSL,2026-04-13 12:45:00,215.89,215.89,215.8,215.87,99
FSL,2026-04-13 12:46:00,215.8,215.81,215.61,215.75,502
FSL,2026-04-13 12:47:00,215.75,215.81,215.75,215.75,548
FSL,2026-04-13 12:48:00,215.75,215.76,215.65,215.65,701
FSL,2026-04-13 12:49:00,215.65,215.81,215.65,215.76,1064
FSL,2026-04-13 12:50:00,215.81,215.81,215.77,215.79,60
FSL,2026-04-13 12:51:00,215.79,215.81,215.77,215.77,4
FSL,2026-04-13 12:52:00,215.77,215.81,215.77,215.79,42
FSL,2026-04-13 12:53:00,215.79,215.82,215.79,215.81,498
FSL,2026-04-13 12:54:00,215.81,215.98,215.8,215.94,1764
FSL,2026-04-13 12:55:00,215.94,215.94,215.8,215.8,1182
FSL,2026-04-13 12:56:00,215.8,215.85,215.65,215.65,1450
FSL,2026-04-13 12:57:00,215.65,215.65,215.0,215.29,32610
FSL,2026-04-13 12:58:00,215.42,215.64,215.42,215.5,1229
FSL,2026-04-13 12:59:00,215.5,215.56,215.43,215.43,337
FSL,2026-04-13 13:00:00,215.5,215.5,215.43,215.47,184
FSL,2026-04-13 13:01:00,215.47,215.47,215.4,215.4,145
FSL,2026-04-13 13:02:00,215.44,215.44,215.3,215.3,5103
FSL,2026-04-13 13:03:00,215.3,215.38,215.3,215.3,150
FSL,2026-04-13 13:04:00,215.3,215.44,215.3,215.35,752
FSL,2026-04-13 13:05:00,215.35,215.44,215.3,215.3,1071
FSL,2026-04-13 13:06:00,215.3,215.44,215.3,215.44,649
FSL,2026-04-13 13:07:00,215.44,215.49,215.44,215.49,266
FSL,2026-04-13 13:08:00,215.47,215.59,215.47,215.54,675
FSL,2026-04-13 13:09:00,215.54,215.64,215.54,215.58,621
FSL,2026-04-13 13:10:00,215.58,215.61,215.49,215.49,284
FSL,2026-04-13 13:11:00,215.49,215.61,215.49,215.51,744
FSL,2026-04-13 13:12:00,215.51,215.71,215.51,215.59,1091
FSL,2026-04-13 13:13:00,215.59,215.65,215.59,215.65,16
FSL,2026-04-13 13:14:00,215.6,215.65,215.59,215.59,167
FSL,2026-04-13 13:15:00,215.59,215.63,215.59,215.6,93
FSL,2026-04-13 13:16:00,215.6,215.62,215.6,215.6,7
FSL,2026-04-13 13:17:00,215.6,215.61,215.6,215.6,529
FSL,2026-04-13 13:18:00,215.6,215.67,215.6,215.67,311
FSL,2026-04-13 13:19:00,215.67,215.99,215.67,215.96,3778
FSL,2026-04-13 13:20:00,215.96,215.96,215.76,215.84,32
FSL,2026-04-13 13:21:00,215.84,215.84,215.79,215.84,64
FSL,2026-04-13 13:22:00,215.84,215.84,215.82,215.84,11
FSL,2026-04-13 13:23:00,215.84,215.84,215.82,215.83,94
FSL,2026-04-13 13:24:00,215.83,215.83,215.82,215.83,16
FSL,2026-04-13 13:25:00,215.83,215.9,215.82,215.9,1198
FSL,2026-04-13 13:26:00,215.9,215.9,215.82,215.86,25
FSL,2026-04-13 13:27:00,215.86,215.98,215.86,215.98,523
FSL,2026-04-13 13:28:00,215.98,215.99,215.98,215.98,668
FSL,2026-04-13 13:29:00,215.99,215.99,215.98,215.98,85
FSL,2026-04-13 13:30:00,215.98,215.99,215.98,215.98,13
FSL,2026-04-13 13:31:00,215.98,216.08,215.98,216.08,1829
FSL,2026-04-13 13:32:00,216.08,216.3,216.0,216.3,645
FSL,2026-04-13 13:33:00,216.42,216.48,216.18,216.3,3176
FSL,2026-04-13 13:34:00,216.3,216.3,216.15,216.27,65
FSL,2026-04-13 13:35:00,216.27,216.27,216.1,216.27,293
FSL,2026-04-13 13:36:00,216.27,216.35,216.25,216.25,104
FSL,2026-04-13 13:37:00,216.25,216.29,216.25,216.25,3
FSL,2026-04-13 13:38:00,216.25,216.36,216.25,216.3,132
FSL,2026-04-13 13:39:00,216.3,216.3,216.13,216.25,217
FSL,2026-04-13 13:40:00,216.25,216.25,216.11,216.22,113
FSL,2026-04-13 13:41:00,216.22,216.22,216.11,216.22,613
FSL,2026-04-13 13:42:00,216.22,216.22,216.16,216.22,3
FSL,2026-04-13 13:43:00,216.21,216.21,216.15,216.15,969
FSL,2026-04-13 13:44:00,216.15,216.18,216.15,216.15,82
FSL,2026-04-13 13:45:00,216.15,216.18,216.1,216.1,4456
FSL,2026-04-13 13:46:00,216.1,216.13,216.1,216.1,12
FSL,2026-04-13 13:47:00,216.1,216.13,216.1,216.1,21
FSL,2026-04-13 13:48:00,216.1,216.12,216.1,216.1,25
FSL,2026-04-13 13:49:00,216.1,216.12,216.1,216.12,17
FSL,2026-04-13 13:50:00,216.12,216.36,216.12,216.36,3094
FSL,2026-04-13 13:51:00,216.36,216.5,216.21,216.27,8128
FSL,2026-04-13 13:52:00,216.27,216.5,216.27,216.5,1019
FSL,2026-04-13 13:53:00,216.56,216.58,216.47,216.58,366
FSL,2026-04-13 13:54:00,216.58,216.59,216.47,216.59,436
FSL,2026-04-13 13:55:00,216.59,216.59,216.56,216.59,73
FSL,2026-04-13 13:56:00,216.59,216.65,216.56,216.56,5
FSL,2026-04-13 13:57:00,216.56,216.76,216.56,216.58,1464
FSL,2026-04-13 13:58:00,216.58,216.67,216.58,216.59,815
FSL,2026-04-13 13:59:00,216.59,216.78,216.59,216.77,881
FSL,2026-04-13 14:00:00,216.77,216.77,216.75,216.75,219
FSL,2026-04-13 14:01:00,216.75,216.75,216.65,216.65,446
FSL,2026-04-13 14:02:00,216.7,216.7,216.65,216.66,576
FSL,2026-04-13 14:03:00,216.66,216.66,216.4,216.59,1990
FSL,2026-04-13 14:04:00,216.59,216.59,216.5,216.53,16
FSL,2026-04-13 14:05:00,216.53,216.53,216.4,216.4,233
FSL,2026-04-13 14:06:00,216.4,216.4,216.1,216.18,792
FSL,2026-04-13 14:07:00,216.11,216.18,216.11,216.11,532
FSL,2026-04-13 14:08:00,216.11,216.17,216.11,216.15,9
FSL,2026-04-13 14:09:00,216.15,216.17,216.11,216.11,600
FSL,2026-04-13 14:10:00,216.1,216.12,216.0,216.0,6079
FSL,2026-04-13 14:11:00,216.0,216.04,216.0,216.0,64
FSL,2026-04-13 14:12:00,216.0,216.07,216.0,216.07,366
FSL,2026-04-13 14:13:00,216.07,216.25,216.04,216.25,1661
FSL,2026-04-13 14:14:00,216.21,216.22,216.08,216.08,734
FSL,2026-04-13 14:15:00,216.08,216.18,216.08,216.12,122
FSL,2026-04-13 14:16:00,216.12,216.19,216.1,216.16,63
FSL,2026-04-13 14:17:00,216.16,216.19,216.14,216.16,611
FSL,2026-04-13 14:18:00,216.16,216.25,216.15,216.25,237
FSL,2026-04-13 14:19:00,216.25,216.25,216.17,216.17,48
FSL,2026-04-13 14:20:00,216.17,216.25,216.17,216.17,3
FSL,2026-04-13 14:21:00,216.17,216.25,215.9,215.94,3061
FSL,2026-04-13 14:22:00,215.94,216.14,215.9,216.0,1717
FSL,2026-04-13 14:23:00,216.04,216.04,215.9,216.0,2317
FSL,2026-04-13 14:24:00,216.0,216.0,215.94,215.94,11
FSL,2026-04-13 14:25:00,215.94,216.03,215.9,216.0,715
FSL,2026-04-13 14:26:00,215.95,216.1,215.91,216.03,663
FSL,2026-04-13 14:27:00,216.03,216.07,216.03,216.03,25
FSL,2026-04-13 14:28:00,216.03,216.07,216.03,216.05,55
FSL,2026-04-13 14:29:00,216.05,216.05,216.0,216.04,230
FSL,2026-04-13 14:30:00,216.0,216.1,216.0,216.1,1020
FSL,2026-04-13 14:31:00,216.1,216.1,216.1,216.1,124
FSL,2026-04-13 14:32:00,216.11,216.16,216.1,216.1,125
FSL,2026-04-13 14:33:00,216.1,216.16,216.1,216.16,19
FSL,2026-04-13 14:34:00,216.16,216.16,216.1,216.13,138
FSL,2026-04-13 14:35:00,216.16,216.16,216.15,216.16,537
FSL,2026-04-13 14:36:00,216.1,216.2,216.1,216.15,1933
FSL,2026-04-13 14:37:00,216.15,216.25,216.15,216.2,175
FSL,2026-04-13 14:38:00,216.2,216.35,216.2,216.2,3341
FSL,2026-04-13 14:39:00,216.2,216.2,216.0,216.09,1309
FSL,2026-04-13 14:40:00,216.11,216.11,216.04,216.04,267
FSL,2026-04-13 14:41:00,216.04,216.12,216.0,216.07,1759
FSL,2026-04-13 14:42:00,216.07,216.1,216.04,216.05,4107
FSL,2026-04-13 14:43:00,216.05,216.1,216.04,216.1,538
FSL,2026-04-13 14:44:00,216.1,216.15,216.05,216.05,349
FSL,2026-04-13 14:45:00,216.05,216.2,216.05,216.18,606
FSL,2026-04-13 14:46:00,216.19,216.3,216.11,216.3,1858
FSL,2026-04-13 14:47:00,216.3,216.48,216.3,216.48,2290
FSL,2026-04-13 14:48:00,216.45,216.45,216.32,216.45,870
FSL,2026-04-13 14:49:00,216.45,216.48,216.45,216.45,133
FSL,2026-04-13 14:50:00,216.48,216.48,216.4,216.4,1297
FSL,2026-04-13 14:51:00,216.41,216.48,216.39,216.48,931
FSL,2026-04-13 14:52:00,216.48,216.59,216.4,216.59,4650
FSL,2026-04-13 14:53:00,216.59,216.59,216.4,216.58,501
FSL,2026-04-13 14:54:00,216.58,216.58,216.32,216.32,180
FSL,2026-04-13 14:55:00,216.21,216.4,216.14,216.38,1605
FSL,2026-04-13 14:56:00,216.38,216.38,216.11,216.11,578
FSL,2026-04-13 14:57:00,216.11,216.12,216.11,216.12,27
FSL,2026-04-13 14:58:00,216.12,216.18,216.08,216.18,1530
FSL,2026-04-13 14:59:00,216.25,216.29,216.08,216.23,1207
FSL,2026-04-13 15:00:00,216.39,216.39,216.05,216.06,7764
FSL,2026-04-13 15:01:00,216.07,216.11,216.06,216.11,3834
FSL,2026-04-13 15:02:00,216.11,216.15,216.06,216.12,1341
FSL,2026-04-13 15:03:00,216.15,216.35,216.15,216.27,2445
FSL,2026-04-13 15:04:00,216.29,216.29,216.14,216.14,411
FSL,2026-04-13 15:05:00,216.15,216.15,216.1,216.12,2012
FSL,2026-04-13 15:06:00,216.14,216.28,216.1,216.25,1228
FSL,2026-04-13 15:07:00,216.28,216.28,216.11,216.11,1539
FSL,2026-04-13 15:08:00,216.17,216.17,216.1,216.11,1731
FSL,2026-04-13 15:09:00,216.1,216.34,216.1,216.34,5702
FSL,2026-04-13 15:10:00,216.37,216.37,216.21,216.22,1653
FSL,2026-04-13 15:11:00,216.19,216.43,216.15,216.43,4220
FSL,2026-04-13 15:12:00,216.29,216.44,216.26,216.26,3941
FSL,2026-04-13 15:13:00,216.26,216.3,216.25,216.26,669
FSL,2026-04-13 15:14:00,216.25,216.26,216.15,216.16,1089
FSL,2026-04-13 15:15:00,216.15,216.15,216.03,216.06,2949
FSL,2026-04-13 15:16:00,216.06,216.1,216.05,216.1,7707
FSL,2026-04-13 15:17:00,216.1,216.1,215.91,215.98,1459
FSL,2026-04-13 15:18:00,215.93,215.93,215.9,215.92,3983
FSL,2026-04-13 15:19:00,215.91,215.91,215.75,215.75,1870
FSL,2026-04-13 15:20:00,215.75,215.77,215.71,215.77,13079
FSL,2026-04-13 15:21:00,215.77,215.97,215.75,215.97,4202
FSL,2026-04-13 15:22:00,215.96,215.98,215.91,215.97,837
FSL,2026-04-13 15:23:00,215.98,216.02,215.8,216.02,4078
FSL,2026-04-13 15:24:00,216.02,216.03,215.8,215.87,3421
FSL,2026-04-13 15:25:00,215.87,216.0,215.75,216.0,5685
FSL,2026-04-13 15:26:00,216.01,216.25,216.0,216.25,5738
FSL,2026-04-13 15:27:00,216.35,216.35,216.02,216.12,8197
FSL,2026-04-13 15:28:00,216.22,216.39,216.0,216.38,8103
FSL,2026-04-13 15:29:00,216.2,216.39,216.1,216.39,5533
FSL,2026-04-15 09:15:00,220.0,222.34,219.3,222.34,32572
FSL,2026-04-15 09:16:00,222.28,223.4,222.09,223.4,20746
FSL,2026-04-15 09:17:00,223.36,223.9,221.97,221.97,17560
FSL,2026-04-15 09:18:00,221.94,222.08,221.76,222.08,8369
FSL,2026-04-15 09:19:00,222.54,223.39,222.54,223.39,28728
FSL,2026-04-15 09:20:00,223.49,223.82,223.35,223.35,10342
FSL,2026-04-15 09:21:00,223.35,223.39,222.52,222.52,7213
FSL,2026-04-15 09:22:00,222.47,222.95,222.35,222.56,15402
FSL,2026-04-15 09:23:00,222.56,222.56,221.96,222.0,5381
FSL,2026-04-15 09:24:00,222.0,222.6,222.0,222.6,3885
FSL,2026-04-15 09:25:00,222.6,222.86,222.6,222.75,3220
FSL,2026-04-15 09:26:00,222.75,222.85,222.65,222.74,7563
FSL,2026-04-15 09:27:00,222.73,222.77,222.41,222.41,1902
FSL,2026-04-15 09:28:00,222.57,222.57,222.0,222.27,3504
FSL,2026-04-15 09:29:00,222.28,222.33,222.26,222.26,6129
FSL,2026-04-15 09:30:00,222.31,222.47,221.8,221.8,9460
FSL,2026-04-15 09:31:00,221.55,221.94,221.55,221.93,6201
FSL,2026-04-15 09:32:00,221.84,222.3,221.84,222.28,2982
FSL,2026-04-15 09:33:00,222.24,222.34,222.14,222.14,1857
FSL,2026-04-15 09:34:00,222.21,222.21,221.64,221.8,3464
FSL,2026-04-15 09:35:00,221.8,221.89,221.43,221.43,3946
FSL,2026-04-15 09:36:00,221.5,221.58,221.21,221.29,3933
FSL,2026-04-15 09:37:00,221.29,221.39,221.09,221.39,4194
FSL,2026-04-15 09:38:00,221.39,221.6,221.39,221.5,2268
FSL,2026-04-15 09:39:00,221.5,221.8,221.5,221.77,724
FSL,2026-04-15 09:40:00,221.77,222.07,221.75,222.07,4454
FSL,2026-04-15 09:41:00,222.07,222.67,222.07,222.67,4318
FSL,2026-04-15 09:42:00,222.67,223.0,222.61,222.91,14221
FSL,2026-04-15 09:43:00,222.78,222.99,222.66,222.99,4019
FSL,2026-04-15 09:44:00,222.99,223.34,222.99,223.33,8675
FSL,2026-04-15 09:45:00,223.07,223.55,223.07,223.5,31124
FSL,2026-04-15 09:46:00,223.41,223.57,223.29,223.36,4006
FSL,2026-04-15 09:47:00,223.23,223.32,223.11,223.18,3082
FSL,2026-04-15 09:48:00,223.18,223.32,223.12,223.12,1416
FSL,2026-04-15 09:49:00,223.15,223.2,222.86,223.12,11065
FSL,2026-04-15 09:50:00,223.2,223.25,223.12,223.12,2917
FSL,2026-04-15 09:51:00,223.12,223.12,222.8,222.8,484
FSL,2026-04-15 09:52:00,222.8,223.32,222.8,223.2,3703
FSL,2026-04-15 09:53:00,223.2,223.25,223.1,223.25,311
FSL,2026-04-15 09:54:00,223.05,223.16,222.98,223.05,782
FSL,2026-04-15 09:55:00,223.05,223.33,223.05,223.33,722
FSL,2026-04-15 09:56:00,223.33,223.5,223.25,223.3,8210
FSL,2026-04-15 09:57:00,223.3,223.3,223.1,223.1,3061
FSL,2026-04-15 09:58:00,223.0,223.0,222.85,223.0,1323
FSL,2026-04-15 09:59:00,223.0,223.0,222.99,222.99,669
FSL,2026-04-15 10:00:00,222.99,223.07,222.89,222.89,770
FSL,2026-04-15 10:01:00,222.98,223.0,222.91,223.0,351
FSL,2026-04-15 10:02:00,222.99,223.16,222.92,222.95,2768
FSL,2026-04-15 10:03:00,222.95,223.21,222.91,223.16,4852
FSL,2026-04-15 10:04:00,223.16,223.4,223.01,223.2,3914
FSL,2026-04-15 10:05:00,223.3,223.3,223.21,223.21,542
FSL,2026-04-15 10:06:00,223.21,223.3,223.18,223.3,1144
FSL,2026-04-15 10:07:00,223.3,223.3,223.18,223.18,1135
FSL,2026-04-15 10:08:00,223.18,223.23,223.06,223.2,657
FSL,2026-04-15 10:09:00,223.2,223.3,223.02,223.3,5104
FSL,2026-04-15 10:10:00,223.08,223.22,223.07,223.07,508
FSL,2026-04-15 10:11:00,223.07,223.17,223.0,223.1,661
FSL,2026-04-15 10:12:00,223.1,223.25,223.1,223.25,4082
FSL,2026-04-15 10:13:00,223.11,223.25,223.01,223.2,1173
FSL,2026-04-15 10:14:00,223.2,223.2,222.98,223.0,828
FSL,2026-04-15 10:15:00,223.0,223.2,223.0,223.05,1618
FSL,2026-04-15 10:16:00,223.0,223.13,223.0,223.01,1046
FSL,2026-04-15 10:17:00,223.01,223.25,222.98,223.13,7144
FSL,2026-04-15 10:18:00,223.13,223.3,223.13,223.3,2911
FSL,2026-04-15 10:19:00,223.3,223.65,223.3,223.65,9097
FSL,2026-04-15 10:20:00,223.7,224.0,223.41,223.82,16399
FSL,2026-04-15 10:21:00,223.66,223.7,223.2,223.2,34541
FSL,2026-04-15 10:22:00,223.34,223.35,223.13,223.17,603
FSL,2026-04-15 10:23:00,223.34,223.34,223.16,223.34,1494
FSL,2026-04-15 10:24:00,223.34,223.34,223.1,223.28,2264
FSL,2026-04-15 10:25:00,223.28,223.28,223.04,223.2,2214
FSL,2026-04-15 10:26:00,223.2,223.2,223.1,223.2,206
FSL,2026-04-15 10:27:00,223.2,223.2,223.07,223.07,153
FSL,2026-04-15 10:28:00,223.07,223.07,223.0,223.01,698
FSL,2026-04-15 10:29:00,223.01,223.14,223.01,223.1,2061
FSL,2026-04-15 10:30:00,223.1,223.25,223.1,223.1,3105
FSL,2026-04-15 10:31:00,223.1,223.22,222.8,222.84,1720
FSL,2026-04-15 10:32:00,222.84,222.84,222.55,222.7,3167
FSL,2026-04-15 10:33:00,222.7,223.04,222.69,223.0,5297
FSL,2026-04-15 10:34:00,223.0,223.02,222.86,222.9,722
FSL,2026-04-15 10:35:00,222.9,222.9,222.71,222.71,718
FSL,2026-04-15 10:36:00,222.63,222.63,222.6,222.6,224
FSL,2026-04-15 10:37:00,222.56,222.56,222.45,222.45,923
FSL,2026-04-15 10:38:00,222.4,222.44,222.3,222.3,413
FSL,2026-04-15 10:39:00,222.38,222.38,222.2,222.2,803
FSL,2026-04-15 10:40:00,222.2,222.2,222.05,222.05,748
FSL,2026-04-15 10:41:00,222.05,222.2,222.05,222.1,1013
FSL,2026-04-15 10:42:00,222.1,222.18,222.06,222.06,567
FSL,2026-04-15 10:43:00,222.1,222.11,222.07,222.07,328
FSL,2026-04-15 10:44:00,222.0,222.1,222.0,222.0,1854
FSL,2026-04-15 10:45:00,222.1,222.1,222.0,222.0,447
FSL,2026-04-15 10:46:00,222.1,222.19,222.1,222.19,1232
FSL,2026-04-15 10:47:00,222.19,222.2,222.18,222.2,129
FSL,2026-04-15 10:48:00,222.2,222.4,222.2,222.4,316
FSL,2026-04-15 10:49:00,222.4,222.49,222.34,222.36,853
FSL,2026-04-15 10:50:00,222.36,222.37,222.11,222.29,9875
FSL,2026-04-15 10:51:00,222.29,222.29,222.17,222.17,103
FSL,2026-04-15 10:52:00,222.17,222.17,222.17,222.17,934
FSL,2026-04-15 10:53:00,222.08,222.19,222.08,222.1,9020
FSL,2026-04-15 10:54:00,222.1,222.25,222.1,222.2,4235
FSL,2026-04-15 10:55:00,222.31,222.32,222.2,222.32,12
FSL,2026-04-15 10:56:00,222.32,222.32,222.17,222.18,702
FSL,2026-04-15 10:57:00,222.18,222.18,221.22,221.22,18842
FSL,2026-04-15 10:58:00,221.22,221.23,220.64,220.7,21307
FSL,2026-04-15 10:59:00,220.72,220.79,220.51,220.58,13901
FSL,2026-04-15 11:00:00,220.59,220.67,220.51,220.55,4382
FSL,2026-04-15 11:01:00,220.52,220.82,220.0,220.82,9892
FSL,2026-04-15 11:02:00,220.59,220.66,220.23,220.23,9819
FSL,2026-04-15 11:03:00,220.38,220.38,220.11,220.11,2803
FSL,2026-04-15 11:04:00,220.11,220.5,220.1,220.1,7017
FSL,2026-04-15 11:05:00,220.1,220.12,219.8,219.82,21218
FSL,2026-04-15 11:06:00,219.82,220.07,219.82,220.0,2366
FSL,2026-04-15 11:07:00,220.04,220.04,219.83,220.0,4483
FSL,2026-04-15 11:08:00,219.91,220.0,219.9,219.9,3042
FSL,2026-04-15 11:09:00,219.9,220.0,219.83,219.83,4060
FSL,2026-04-15 11:10:00,219.83,219.92,219.75,219.75,10101
FSL,2026-04-15 11:11:00,219.75,219.9,219.75,219.76,502
FSL,2026-04-15 11:12:00,219.76,219.91,219.76,219.9,464
FSL,2026-04-15 11:13:00,219.9,220.04,219.81,220.03,7874
FSL,2026-04-15 11:14:00,220.03,220.03,219.93,220.0,2049
FSL,2026-04-15 11:15:00,220.0,220.0,219.93,219.93,1122
FSL,2026-04-15 11:16:00,219.93,220.0,219.93,220.0,3187
FSL,2026-04-15 11:17:00,219.95,220.2,219.95,220.0,3491
FSL,2026-04-15 11:18:00,220.0,220.0,219.98,220.0,2602
FSL,2026-04-15 11:19:00,220.0,220.18,220.0,220.12,2127
FSL,2026-04-15 11:20:00,220.11,220.11,219.91,220.01,10289
FSL,2026-04-15 11:21:00,220.09,220.24,220.02,220.07,3866
FSL,2026-04-15 11:22:00,220.05,220.19,220.05,220.17,3599
FSL,2026-04-15 11:23:00,220.17,220.2,220.0,220.03,3239
FSL,2026-04-15 11:24:00,220.03,220.22,220.02,220.22,2506
FSL,2026-04-15 11:25:00,220.1,220.31,220.1,220.3,8732
FSL,2026-04-15 11:26:00,220.26,220.45,220.26,220.45,2844
FSL,2026-04-15 11:27:00,220.45,221.14,220.3,221.14,12314
FSL,2026-04-15 11:28:00,221.03,221.03,220.79,220.79,2345
FSL,2026-04-15 11:29:00,220.7,220.76,220.5,220.55,2501
FSL,2026-04-15 11:30:00,220.55,220.74,220.51,220.6,2234
FSL,2026-04-15 11:31:00,220.6,220.74,220.5,220.64,2750
FSL,2026-04-15 11:32:00,220.55,220.98,220.55,220.76,4692
FSL,2026-04-15 11:33:00,220.76,221.0,220.74,220.93,13440
FSL,2026-04-15 11:34:00,220.93,221.13,220.93,221.0,3093
FSL,2026-04-15 11:35:00,221.0,221.0,220.64,220.64,20080
FSL,2026-04-15 11:36:00,220.64,220.85,220.64,220.69,3899
FSL,2026-04-15 11:37:00,220.86,220.86,220.73,220.8,2250
FSL,2026-04-15 11:38:00,220.79,220.79,220.54,220.63,2904
FSL,2026-04-15 11:39:00,220.63,220.72,220.53,220.53,1942
FSL,2026-04-15 11:40:00,220.53,220.8,220.52,220.8,3784
FSL,2026-04-15 11:41:00,220.8,220.8,220.58,220.59,1902
FSL,2026-04-15 11:42:00,220.59,220.68,220.58,220.6,2220
FSL,2026-04-15 11:43:00,220.6,220.7,220.6,220.7,2426
FSL,2026-04-15 11:44:00,220.69,220.69,220.54,220.69,3655
FSL,2026-04-15 11:45:00,220.63,220.68,220.56,220.58,2012
FSL,2026-04-15 11:46:00,220.58,220.6,220.58,220.58,2201
FSL,2026-04-15 11:47:00,220.58,220.74,220.58,220.66,2527
FSL,2026-04-15 11:48:00,220.72,220.77,220.59,220.77,1769
FSL,2026-04-15 11:49:00,220.77,220.77,220.55,220.74,2492
FSL,2026-04-15 11:50:00,220.68,220.74,220.51,220.51,9832
FSL,2026-04-15 11:51:00,220.51,220.65,220.42,220.42,2735
FSL,2026-04-15 11:52:00,220.42,220.42,220.27,220.27,2271
FSL,2026-04-15 11:53:00,220.27,220.39,220.24,220.3,1771
FSL,2026-04-15 11:54:00,220.3,220.55,220.3,220.43,5020
FSL,2026-04-15 11:55:00,220.4,220.43,220.29,220.32,2249
FSL,2026-04-15 11:56:00,220.32,220.4,220.31,220.32,2164
FSL,2026-04-15 11:57:00,220.32,220.32,220.3,220.3,2181
FSL,2026-04-15 11:58:00,220.3,220.4,220.25,220.25,2548
FSL,2026-04-15 11:59:00,220.25,220.25,220.2,220.2,2136
FSL,2026-04-15 12:00:00,220.2,220.43,220.15,220.36,2817
FSL,2026-04-15 12:01:00,220.36,220.36,220.33,220.33,2480
FSL,2026-04-15 12:02:00,220.33,220.33,220.3,220.31,1983
FSL,2026-04-15 12:03:00,220.3,220.46,220.3,220.3,4447
FSL,2026-04-15 12:04:00,220.3,220.35,220.14,220.14,2926
FSL,2026-04-15 12:05:00,220.11,220.16,220.11,220.15,2139
FSL,2026-04-15 12:06:00,220.15,220.16,220.1,220.1,2783
FSL,2026-04-15 12:07:00,220.1,220.2,220.1,220.2,2530
FSL,2026-04-15 12:08:00,220.2,220.21,220.1,220.11,2131
FSL,2026-04-15 12:09:00,220.11,220.28,220.05,220.15,2134
FSL,2026-04-15 12:10:00,220.18,220.18,220.0,220.0,3221
FSL,2026-04-15 12:11:00,220.0,220.11,220.0,220.04,2579
FSL,2026-04-15 12:12:00,220.04,220.04,220.01,220.01,1853
FSL,2026-04-15 12:13:00,220.01,220.01,220.0,220.0,2501
FSL,2026-04-15 12:14:00,220.0,220.24,220.0,220.1,2457
FSL,2026-04-15 12:15:00,220.1,220.11,220.1,220.1,1944
FSL,2026-04-15 12:16:00,220.1,220.18,220.01,220.18,2631
FSL,2026-04-15 12:17:00,220.18,220.24,220.07,220.21,2496
FSL,2026-04-15 12:18:00,220.21,220.22,220.02,220.12,4263
FSL,2026-04-15 12:19:00,220.03,220.21,220.01,220.05,2036
FSL,2026-04-15 12:20:00,220.01,220.27,220.01,220.09,2557
FSL,2026-04-15 12:21:00,220.09,220.09,220.0,220.01,2236
FSL,2026-04-15 12:22:00,220.01,220.02,220.01,220.02,1984
FSL,2026-04-15 12:23:00,220.01,220.06,220.0,220.0,2460
FSL,2026-04-15 12:24:00,220.0,220.07,220.0,220.06,2376
FSL,2026-04-15 12:25:00,220.06,220.06,220.01,220.01,2283
FSL,2026-04-15 12:26:00,220.01,220.07,220.01,220.07,2343
FSL,2026-04-15 12:27:00,220.07,220.13,220.07,220.1,2518
FSL,2026-04-15 12:28:00,220.12,220.12,220.01,220.02,2415
FSL,2026-04-15 12:29:00,220.1,220.1,220.0,220.02,2834
FSL,2026-04-15 12:30:00,220.09,220.09,220.0,220.02,2727
FSL,2026-04-15 12:31:00,220.02,220.08,220.0,220.01,2353
FSL,2026-04-15 12:32:00,220.01,220.01,219.97,219.99,2737
FSL,2026-04-15 12:33:00,219.99,220.0,219.99,219.99,938
FSL,2026-04-15 12:34:00,219.99,220.0,219.99,220.0,596
FSL,2026-04-15 12:35:00,220.0,220.06,219.99,220.0,3690
FSL,2026-04-15 12:36:00,220.0,220.08,220.0,220.07,2394
FSL,2026-04-15 12:37:00,220.07,220.09,220.01,220.09,2288
FSL,2026-04-15 12:38:00,220.08,220.08,220.0,220.0,2953
FSL,2026-04-15 12:39:00,220.0,220.0,219.99,219.99,2402
FSL,2026-04-15 12:40:00,220.0,220.0,219.99,220.0,488
FSL,2026-04-15 12:41:00,220.0,220.0,219.99,220.0,2979
FSL,2026-04-15 12:42:00,219.99,220.0,219.99,220.0,1051
FSL,2026-04-15 12:43:00,220.0,220.0,220.0,220.0,2201
FSL,2026-04-15 12:44:00,220.0,220.11,220.0,220.1,4498
FSL,2026-04-15 12:45:00,220.1,220.2,220.03,220.2,2740
FSL,2026-04-15 12:46:00,220.19,220.2,220.11,220.11,3264
FSL,2026-04-15 12:47:00,220.11,220.12,220.03,220.03,2056
FSL,2026-04-15 12:48:00,220.0,220.01,220.0,220.0,4176
FSL,2026-04-15 12:49:00,220.0,220.02,220.0,220.02,2569
FSL,2026-04-15 12:50:00,220.02,220.18,220.01,220.05,4002
FSL,2026-04-15 12:51:00,220.12,220.12,220.02,220.03,2194
FSL,2026-04-15 12:52:00,220.03,220.05,220.0,220.0,1425
FSL,2026-04-15 12:53:00,220.0,220.0,219.96,219.96,1463
FSL,2026-04-15 12:54:00,219.96,220.0,219.96,219.96,453
FSL,2026-04-15 12:55:00,220.0,220.02,219.96,220.0,4987
FSL,2026-04-15 12:56:00,220.0,220.02,219.85,220.0,4052
FSL,2026-04-15 12:57:00,220.0,220.0,219.9,219.92,65
FSL,2026-04-15 12:58:00,220.0,220.0,219.92,220.0,192
FSL,2026-04-15 12:59:00,220.0,220.0,219.9,219.9,1256
FSL,2026-04-15 13:00:00,219.9,220.0,219.9,219.92,1391
FSL,2026-04-15 13:01:00,219.92,219.99,219.92,219.99,52
FSL,2026-04-15 13:02:00,219.99,219.99,219.93,219.93,9
FSL,2026-04-15 13:03:00,219.99,219.99,219.93,219.99,151
FSL,2026-04-15 13:04:00,219.99,219.99,219.93,219.99,65
FSL,2026-04-15 13:05:00,219.99,219.99,219.9,219.99,701
FSL,2026-04-15 13:06:00,219.99,219.99,219.99,219.99,57
FSL,2026-04-15 13:07:00,219.99,219.99,219.9,219.9,934
FSL,2026-04-15 13:08:00,219.99,220.0,219.9,219.99,111
FSL,2026-04-15 13:09:00,219.99,220.0,219.9,220.0,4721
FSL,2026-04-15 13:10:00,220.0,220.0,219.92,219.92,986
FSL,2026-04-15 13:11:00,220.0,220.0,219.92,220.0,64
FSL,2026-04-15 13:12:00,220.0,220.0,219.95,219.95,1139
FSL,2026-04-15 13:13:00,219.95,220.0,219.95,220.0,299
FSL,2026-04-15 13:14:00,220.0,220.0,219.95,219.95,1226
FSL,2026-04-15 13:15:00,219.95,220.0,219.94,219.95,1607
FSL,2026-04-15 13:16:00,219.95,220.0,219.95,220.0,69
FSL,2026-04-15 13:17:00,219.99,220.16,219.96,219.96,4648
FSL,2026-04-15 13:18:00,219.96,220.0,219.95,219.96,355
FSL,2026-04-15 13:19:00,219.96,220.0,219.96,220.0,477
FSL,2026-04-15 13:20:00,220.0,220.0,219.97,219.97,608
FSL,2026-04-15 13:21:00,219.97,220.0,219.9,219.9,277
FSL,2026-04-15 13:22:00,219.9,219.95,219.75,219.82,6971
FSL,2026-04-15 13:23:00,219.75,219.91,219.75,219.85,959
FSL,2026-04-15 13:24:00,219.85,219.9,219.6,219.6,3252
FSL,2026-04-15 13:25:00,219.6,219.69,219.6,219.62,771
FSL,2026-04-15 13:26:00,219.62,219.75,219.61,219.61,571
FSL,2026-04-15 13:27:00,219.61,219.75,219.61,219.75,559
FSL,2026-04-15 13:28:00,219.75,219.75,219.64,219.64,1791
FSL,2026-04-15 13:29:00,219.64,219.64,219.62,219.62,711
FSL,2026-04-15 13:30:00,219.64,219.64,219.62,219.62,319
FSL,2026-04-15 13:31:00,219.62,219.64,219.62,219.64,463
FSL,2026-04-15 13:32:00,219.64,219.87,219.64,219.82,1147
FSL,2026-04-15 13:33:00,219.82,219.9,219.82,219.9,53
FSL,2026-04-15 13:34:00,219.9,219.9,219.75,219.75,592
FSL,2026-04-15 13:35:00,219.75,219.8,219.75,219.75,1929
FSL,2026-04-15 13:36:00,219.8,219.8,219.75,219.75,708
FSL,2026-04-15 13:37:00,219.75,219.8,219.75,219.75,29
FSL,2026-04-15 13:38:00,219.75,219.86,219.75,219.85,666
FSL,2026-04-15 13:39:00,219.8,219.85,219.8,219.8,442
FSL,2026-04-15 13:40:00,219.8,219.88,219.8,219.85,168
FSL,2026-04-15 13:41:00,219.85,219.9,219.85,219.9,5
FSL,2026-04-15 13:42:00,219.85,220.0,219.85,219.9,1446
FSL,2026-04-15 13:43:00,219.9,220.19,219.9,220.0,7482
FSL,2026-04-15 13:44:00,220.0,220.1,219.95,220.1,3360
FSL,2026-04-15 13:45:00,220.1,220.21,220.0,220.0,1575
FSL,2026-04-15 13:46:00,220.0,220.0,219.95,219.95,1554
FSL,2026-04-15 13:47:00,220.0,220.0,219.95,220.0,1337
FSL,2026-04-15 13:48:00,219.96,220.0,219.96,219.96,914
FSL,2026-04-15 13:49:00,219.96,220.0,219.96,220.0,971
FSL,2026-04-15 13:50:00,219.96,220.0,219.96,220.0,889
FSL,2026-04-15 13:51:00,220.0,220.0,219.96,220.0,1565
FSL,2026-04-15 13:52:00,220.0,220.0,219.96,220.0,681
FSL,2026-04-15 13:53:00,220.0,220.0,219.99,220.0,1796
FSL,2026-04-15 13:54:00,219.99,220.0,219.99,220.0,143
FSL,2026-04-15 13:55:00,220.0,220.0,219.99,220.0,984
FSL,2026-04-15 13:56:00,220.0,220.03,219.99,220.0,4381
FSL,2026-04-15 13:57:00,220.0,220.0,219.99,219.99,1266
FSL,2026-04-15 13:58:00,220.0,220.0,219.99,219.99,17
FSL,2026-04-15 13:59:00,220.0,220.0,219.99,220.0,940
FSL,2026-04-15 14:00:00,220.0,220.0,219.99,220.0,3030
FSL,2026-04-15 14:01:00,219.99,220.0,219.99,219.99,127
FSL,2026-04-15 14:02:00,220.0,220.0,219.99,219.99,1088
FSL,2026-04-15 14:03:00,220.0,220.0,219.99,220.0,743
FSL,2026-04-15 14:04:00,219.99,220.0,219.91,219.99,4967
FSL,2026-04-15 14:05:00,219.99,219.99,219.98,219.98,47
FSL,2026-04-15 14:06:00,219.99,219.99,219.98,219.99,79
FSL,2026-04-15 14:07:00,219.98,220.0,219.98,220.0,374
FSL,2026-04-15 14:08:00,220.0,220.0,219.98,220.0,1925
FSL,2026-04-15 14:09:00,220.0,220.07,219.99,220.0,6654
FSL,2026-04-15 14:10:00,220.0,220.02,219.99,219.99,1158
FSL,2026-04-15 14:11:00,220.0,220.0,219.99,220.0,2260
FSL,2026-04-15 14:12:00,220.0,220.07,219.99,220.02,6325
FSL,2026-04-15 14:13:00,220.02,220.1,219.99,219.99,2161
FSL,2026-04-15 14:14:00,220.0,220.0,219.91,219.99,7367
FSL,2026-04-15 14:15:00,219.99,219.99,219.98,219.98,30
FSL,2026-04-15 14:16:00,219.99,220.0,219.98,219.99,2130
FSL,2026-04-15 14:17:00,219.99,220.49,219.99,220.47,2809
FSL,2026-04-15 14:18:00,220.47,220.62,220.28,220.62,3241
FSL,2026-04-15 14:19:00,220.62,220.72,220.62,220.66,1684
FSL,2026-04-15 14:20:00,220.69,220.88,220.69,220.87,5026
FSL,2026-04-15 14:21:00,220.83,220.86,220.75,220.75,1872
FSL,2026-04-15 14:22:00,220.75,221.02,220.75,221.02,10342
FSL,2026-04-15 14:23:00,221.02,221.03,220.9,220.9,3935
FSL,2026-04-15 14:24:00,220.94,220.94,220.81,220.9,169
FSL,2026-04-15 14:25:00,220.93,221.08,220.93,221.08,5773
FSL,2026-04-15 14:26:00,221.04,221.04,220.9,221.0,2968
FSL,2026-04-15 14:27:00,221.0,221.0,220.99,221.0,181
FSL,2026-04-15 14:28:00,221.0,221.26,220.93,220.93,7682
FSL,2026-04-15 14:29:00,220.93,221.0,220.93,221.0,3557
FSL,2026-04-15 14:30:00,221.0,221.0,220.99,220.99,221
FSL,2026-04-15 14:31:00,221.0,221.0,220.99,221.0,774
FSL,2026-04-15 14:32:00,221.0,221.0,220.99,221.0,269
FSL,2026-04-15 14:33:00,221.0,221.0,220.99,220.99,1646
FSL,2026-04-15 14:34:00,221.0,221.0,220.8,220.9,3047
FSL,2026-04-15 14:35:00,220.9,220.9,220.88,220.9,27
FSL,2026-04-15 14:36:00,220.9,220.9,220.85,220.9,782
FSL,2026-04-15 14:37:00,220.84,220.9,220.8,220.85,645
FSL,2026-04-15 14:38:00,220.88,220.88,220.8,220.85,272
FSL,2026-04-15 14:39:00,220.85,220.85,220.8,220.83,1222
FSL,2026-04-15 14:40:00,220.83,220.94,220.8,220.94,2625
FSL,2026-04-15 14:41:00,220.9,220.9,220.81,220.86,146
FSL,2026-04-15 14:42:00,220.81,220.81,220.8,220.8,454
FSL,2026-04-15 14:43:00,220.81,220.9,220.8,220.86,444
FSL,2026-04-15 14:44:00,220.89,220.89,220.86,220.86,219
FSL,2026-04-15 14:45:00,220.86,220.88,220.61,220.61,1304
FSL,2026-04-15 14:46:00,220.53,220.64,220.5,220.5,2932
FSL,2026-04-15 14:47:00,220.62,220.67,220.54,220.66,585
FSL,2026-04-15 14:48:00,220.62,220.67,220.62,220.67,19
FSL,2026-04-15 14:49:00,220.67,220.8,220.67,220.8,2073
FSL,2026-04-15 14:50:00,220.8,220.9,220.8,220.9,560
FSL,2026-04-15 14:51:00,220.82,220.9,220.82,220.9,59
FSL,2026-04-15 14:52:00,220.9,220.9,220.82,220.9,150
FSL,2026-04-15 14:53:00,220.89,220.89,220.75,220.8,322
FSL,2026-04-15 14:54:00,220.83,220.83,220.78,220.78,64
FSL,2026-04-15 14:55:00,220.78,220.78,220.64,220.64,1400
FSL,2026-04-15 14:56:00,220.64,220.75,220.64,220.74,387
FSL,2026-04-15 14:57:00,220.75,221.06,220.74,221.0,10826
FSL,2026-04-15 14:58:00,221.0,221.0,220.91,220.91,4002
FSL,2026-04-15 14:59:00,220.91,221.15,220.91,221.04,16080
FSL,2026-04-15 15:00:00,221.15,221.15,220.68,220.72,8089
FSL,2026-04-15 15:01:00,220.53,220.62,220.11,220.15,19722
FSL,2026-04-15 15:02:00,220.3,220.35,220.19,220.29,7045
FSL,2026-04-15 15:03:00,220.54,220.75,220.46,220.6,9693
FSL,2026-04-15 15:04:00,220.59,220.98,220.59,220.98,15881
FSL,2026-04-15 15:05:00,220.98,220.98,220.83,220.87,7368
FSL,2026-04-15 15:06:00,220.86,220.86,220.61,220.67,12312
FSL,2026-04-15 15:07:00,220.66,220.66,220.5,220.5,3823
FSL,2026-04-15 15:08:00,220.74,220.74,220.44,220.52,11830
FSL,2026-04-15 15:09:00,220.59,220.59,220.43,220.5,4582
FSL,2026-04-15 15:10:00,220.45,220.45,220.32,220.32,14366
FSL,2026-04-15 15:11:00,220.34,220.34,220.18,220.18,9402
FSL,2026-04-15 15:12:00,220.2,220.3,220.2,220.29,13162
FSL,2026-04-15 15:13:00,220.23,220.34,220.18,220.31,11210
FSL,2026-04-15 15:14:00,220.31,220.48,220.26,220.33,10916
FSL,2026-04-15 15:15:00,220.3,220.45,220.3,220.41,15801
FSL,2026-04-15 15:16:00,220.37,220.54,220.27,220.45,17063
FSL,2026-04-15 15:17:00,220.5,220.5,220.32,220.33,3164
FSL,2026-04-15 15:18:00,220.27,220.39,220.12,220.22,18200
FSL,2026-04-15 15:19:00,220.39,220.39,220.15,220.15,11906
FSL,2026-04-15 15:20:00,220.27,220.3,220.17,220.27,21869
FSL,2026-04-15 15:21:00,220.21,220.27,220.11,220.27,20083
FSL,2026-04-15 15:22:00,220.3,220.3,220.13,220.16,9751
FSL,2026-04-15 15:23:00,220.49,220.49,220.22,220.24,14649
FSL,2026-04-15 15:24:00,220.23,220.37,220.2,220.29,23488
FSL,2026-04-15 15:25:00,220.46,220.78,220.01,220.25,21443
FSL,2026-04-15 15:26:00,220.32,220.56,220.15,220.39,9683
FSL,2026-04-15 15:27:00,220.4,220.66,220.16,220.66,8887
FSL,2026-04-15 15:28:00,220.67,220.78,220.38,220.78,3212
FSL,2026-04-15 15:29:00,220.9,221.22,220.61,221.0,8642
FSL,2026-04-16 09:15:00,223.0,225.36,222.99,225.36,31722
FSL,2026-04-16 09:16:00,225.56,227.5,225.42,227.28,92893
FSL,2026-04-16 09:17:00,227.5,228.4,227.48,228.06,76186
FSL,2026-04-16 09:18:00,228.19,229.9,228.19,229.9,94994
FSL,2026-04-16 09:19:00,229.72,231.7,229.72,231.31,135743
FSL,2026-04-16 09:20:00,231.5,235.99,231.31,235.61,278096
FSL,2026-04-16 09:21:00,235.52,242.19,235.52,241.07,511098
FSL,2026-04-16 09:22:00,240.37,241.27,238.4,241.14,394219
FSL,2026-04-16 09:23:00,241.22,243.9,240.0,243.74,492876
FSL,2026-04-16 09:24:00,243.58,245.91,243.2,245.54,656083
FSL,2026-04-16 09:25:00,245.59,249.1,244.0,249.1,893595
FSL,2026-04-16 09:26:00,248.5,249.8,248.01,248.78,776012
FSL,2026-04-16 09:27:00,248.82,250.0,248.81,249.2,499888
FSL,2026-04-16 09:28:00,249.2,249.5,248.03,248.5,450635
FSL,2026-04-16 09:29:00,248.47,248.76,247.55,248.13,382435
FSL,2026-04-16 09:30:00,248.12,251.8,247.75,251.77,689619
FSL,2026-04-16 09:31:00,251.77,252.78,251.11,251.54,808506
FSL,2026-04-16 09:32:00,251.35,251.35,249.72,249.9,611065
FSL,2026-04-16 09:33:00,249.9,251.0,249.3,250.66,384167
FSL,2026-04-16 09:34:00,250.66,251.99,250.53,250.74,414627
FSL,2026-04-16 09:35:00,250.74,250.74,249.06,249.28,393019
FSL,2026-04-16 09:36:00,249.1,250.38,249.0,250.15,352420
FSL,2026-04-16 09:37:00,250.16,250.24,249.5,249.62,129825
FSL,2026-04-16 09:38:00,249.62,249.62,248.9,249.26,319651
FSL,2026-04-16 09:39:00,249.24,249.56,249.1,249.12,142169
FSL,2026-04-16 09:40:00,249.2,250.44,248.54,250.26,301141
FSL,2026-04-16 09:41:00,250.2,252.44,250.15,252.31,691207
FSL,2026-04-16 09:42:00,252.43,252.49,251.5,251.51,321170
FSL,2026-04-16 09:43:00,251.5,251.69,251.2,251.6,229650
FSL,2026-04-16 09:44:00,251.47,252.12,251.25,251.47,375762
FSL,2026-04-16 09:45:00,251.62,252.25,251.27,251.71,269973
FSL,2026-04-16 09:46:00,251.64,254.68,251.64,253.9,955533
FSL,2026-04-16 09:47:00,253.73,254.45,253.5,254.27,619887
FSL,2026-04-16 09:48:00,254.34,254.45,253.5,253.7,465972
FSL,2026-04-16 09:49:00,253.57,254.0,253.52,253.73,280077
FSL,2026-04-16 09:50:00,253.64,254.19,252.69,253.09,596195
FSL,2026-04-16 09:51:00,252.98,253.5,252.3,253.5,302563
FSL,2026-04-16 09:52:00,253.4,253.51,252.74,252.99,161089
FSL,2026-04-16 09:53:00,252.81,253.96,252.8,253.77,265861
FSL,2026-04-16 09:54:00,253.63,253.76,252.8,252.95,193064
FSL,2026-04-16 09:55:00,252.97,253.38,252.5,252.61,250101
FSL,2026-04-16 09:56:00,252.75,252.75,252.0,252.28,379557
FSL,2026-04-16 09:57:00,252.33,253.2,252.2,253.0,262398
FSL,2026-04-16 09:58:00,252.99,253.03,252.25,252.83,176522
FSL,2026-04-16 09:59:00,252.72,252.86,252.4,252.65,115013
FSL,2026-04-16 10:00:00,252.64,252.7,251.51,251.51,282215
FSL,2026-04-16 10:01:00,251.76,252.4,251.51,252.33,281917
FSL,2026-04-16 10:02:00,252.33,253.79,252.33,253.1,475758
FSL,2026-04-16 10:03:00,253.08,253.5,252.77,252.77,218058
FSL,2026-04-16 10:04:00,252.77,252.96,252.37,252.71,132975
FSL,2026-04-16 10:05:00,252.7,252.76,251.85,252.13,170701
FSL,2026-04-16 10:06:00,252.1,252.22,249.96,250.45,645043
FSL,2026-04-16 10:07:00,250.58,250.8,250.2,250.7,267676
FSL,2026-04-16 10:08:00,250.7,251.27,250.53,250.91,183304
FSL,2026-04-16 10:09:00,250.91,251.5,250.79,251.49,188861
FSL,2026-04-16 10:10:00,251.66,251.66,250.85,251.03,137213
FSL,2026-04-16 10:11:00,251.01,251.99,250.8,251.79,312654
FSL,2026-04-16 10:12:00,251.79,252.59,251.74,252.11,242197
FSL,2026-04-16 10:13:00,252.2,252.37,252.1,252.1,104725
FSL,2026-04-16 10:14:00,252.23,252.35,251.1,251.1,224110
FSL,2026-04-16 10:15:00,250.9,250.95,250.5,250.95,251388
FSL,2026-04-16 10:16:00,250.92,251.2,250.69,251.0,143490
FSL,2026-04-16 10:17:00,251.0,251.0,250.65,250.69,124743
FSL,2026-04-16 10:18:00,250.69,250.9,249.57,249.75,411576
FSL,2026-04-16 10:19:00,249.75,250.33,249.57,249.8,218779
FSL,2026-04-16 10:20:00,249.8,250.1,249.7,249.82,187295
FSL,2026-04-16 10:21:00,249.83,251.01,249.78,250.82,274743
FSL,2026-04-16 10:22:00,250.79,251.7,250.58,251.41,257670
FSL,2026-04-16 10:23:00,251.43,251.7,250.88,251.27,208125
FSL,2026-04-16 10:24:00,251.19,251.7,251.16,251.51,129516
FSL,2026-04-16 10:25:00,251.66,252.37,251.51,252.03,310959
FSL,2026-04-16 10:26:00,251.99,252.34,251.83,252.13,164566
FSL,2026-04-16 10:27:00,252.27,252.3,252.0,252.02,119927
FSL,2026-04-16 10:28:00,252.02,253.07,251.7,252.96,319621
FSL,2026-04-16 10:29:00,253.0,253.28,252.64,253.06,249621
FSL,2026-04-16 10:30:00,253.16,253.25,252.01,252.01,227777
FSL,2026-04-16 10:31:00,252.22,252.45,252.0,252.2,78742
FSL,2026-04-16 10:32:00,252.22,252.42,252.0,252.18,113736
FSL,2026-04-16 10:33:00,252.01,252.44,251.71,252.3,102063
FSL,2026-04-16 10:34:00,252.3,253.4,252.3,253.15,265741
FSL,2026-04-16 10:35:00,253.24,253.31,252.8,252.8,174853
FSL,2026-04-16 10:36:00,252.95,252.95,252.0,252.13,132381
FSL,2026-04-16 10:37:00,252.14,252.73,251.85,252.61,138184
FSL,2026-04-16 10:38:00,252.7,252.74,252.22,252.39,59714
FSL,2026-04-16 10:39:00,252.5,252.5,252.03,252.05,95649
FSL,2026-04-16 10:40:00,252.0,252.49,251.7,252.14,137102
FSL,2026-04-16 10:41:00,251.9,252.3,251.81,252.2,40953
FSL,2026-04-16 10:42:00,252.12,252.75,252.12,252.71,78869
FSL,2026-04-16 10:43:00,252.66,253.3,252.5,252.7,144193
FSL,2026-04-16 10:44:00,252.75,252.96,252.12,252.28,105059
FSL,2026-04-16 10:45:00,252.15,252.33,252.0,252.2,57298
FSL,2026-04-16 10:46:00,252.15,252.19,251.49,251.49,163955
FSL,2026-04-16 10:47:00,251.49,251.79,250.57,250.92,260938
FSL,2026-04-16 10:48:00,250.92,251.27,250.5,251.16,145982
FSL,2026-04-16 10:49:00,251.16,251.29,250.8,250.9,63727
FSL,2026-04-16 10:50:00,250.9,251.75,250.8,251.59,82703
FSL,2026-04-16 10:51:00,251.59,251.75,251.34,251.35,71399
FSL,2026-04-16 10:52:00,251.35,251.6,251.32,251.57,33987
FSL,2026-04-16 10:53:00,251.42,251.94,251.35,251.7,77406
FSL,2026-04-16 10:54:00,251.74,251.79,251.4,251.58,41819
FSL,2026-04-16 10:55:00,251.58,251.68,251.41,251.64,18251
FSL,2026-04-16 10:56:00,251.64,252.0,251.64,251.89,47222
FSL,2026-04-16 10:57:00,251.89,251.96,251.47,251.6,51873
FSL,2026-04-16 10:58:00,251.6,251.61,250.95,251.23,63653
FSL,2026-04-16 10:59:00,251.23,251.25,250.6,250.97,110491
FSL,2026-04-16 11:00:00,251.14,251.5,251.0,251.45,36760
FSL,2026-04-16 11:01:00,251.45,252.04,251.31,251.73,97777
FSL,2026-04-16 11:02:00,251.89,252.9,251.89,252.6,160134
FSL,2026-04-16 11:03:00,252.55,252.88,252.22,252.75,131911
FSL,2026-04-16 11:04:00,252.75,252.79,252.0,252.16,104881
FSL,2026-04-16 11:05:00,252.15,252.15,250.78,250.88,266386
FSL,2026-04-16 11:06:00,250.88,251.0,249.72,249.98,397768
FSL,2026-04-16 11:07:00,249.85,250.03,249.7,249.8,176838
FSL,2026-04-16 11:08:00,249.75,249.84,247.5,248.61,675100
FSL,2026-04-16 11:09:00,248.85,248.98,248.5,248.8,130000
FSL,2026-04-16 11:10:00,248.61,249.7,248.61,249.6,223904
FSL,2026-04-16 11:11:00,249.66,250.0,249.53,249.65,137784
FSL,2026-04-16 11:12:00,249.68,249.8,249.3,249.3,91705
FSL,2026-04-16 11:13:00,249.02,249.27,248.69,249.0,214674
FSL,2026-04-16 11:14:00,249.0,249.49,248.6,249.29,132216
FSL,2026-04-16 11:15:00,249.14,249.79,249.14,249.5,121870
FSL,2026-04-16 11:16:00,249.54,249.54,248.76,248.83,77201
FSL,2026-04-16 11:17:00,248.8,249.8,248.8,249.46,107353
FSL,2026-04-16 11:18:00,249.36,250.0,249.36,249.8,132588
FSL,2026-04-16 11:19:00,249.9,250.0,249.0,249.17,225399
FSL,2026-04-16 11:20:00,249.32,249.34,248.8,248.95,85151
FSL,2026-04-16 11:21:00,248.95,249.26,248.8,249.25,101723
FSL,2026-04-16 11:22:00,248.98,249.11,248.18,248.35,228322
FSL,2026-04-16 11:23:00,248.25,248.5,248.22,248.33,92337
FSL,2026-04-16 11:24:00,248.33,248.67,248.33,248.51,72632
FSL,2026-04-16 11:25:00,248.67,248.89,248.02,248.02,106941
FSL,2026-04-16 11:26:00,248.02,248.02,247.4,247.59,323245
FSL,2026-04-16 11:27:00,247.54,247.69,245.62,245.86,568820
FSL,2026-04-16 11:28:00,245.89,246.23,245.7,245.91,267320
FSL,2026-04-16 11:29:00,245.9,246.71,245.87,246.41,255560
FSL,2026-04-16 11:30:00,246.51,246.56,246.11,246.38,130052
FSL,2026-04-16 11:31:00,246.38,246.38,245.74,246.15,120542
FSL,2026-04-16 11:32:00,246.29,246.29,245.8,246.17,226336
FSL,2026-04-16 11:33:00,246.29,246.29,246.01,246.12,78259
FSL,2026-04-16 11:34:00,246.02,246.5,245.15,245.47,359983
FSL,2026-04-16 11:35:00,245.4,245.6,245.0,245.0,241100
FSL,2026-04-16 11:36:00,245.1,245.1,243.71,243.88,357820
FSL,2026-04-16 11:37:00,244.0,245.9,244.0,245.8,276270
FSL,2026-04-16 11:38:00,245.95,246.89,245.82,246.4,297357
FSL,2026-04-16 11:39:00,246.12,247.94,246.12,247.41,199983
FSL,2026-04-16 11:40:00,247.71,247.8,246.75,247.17,253470
FSL,2026-04-16 11:41:00,247.18,247.2,246.82,247.1,142601
FSL,2026-04-16 11:42:00,247.0,247.21,246.5,246.73,105085
FSL,2026-04-16 11:43:00,246.73,246.83,246.63,246.64,35280
FSL,2026-04-16 11:44:00,246.64,246.79,246.51,246.78,47494
FSL,2026-04-16 11:45:00,246.61,246.78,246.21,246.59,93550
FSL,2026-04-16 11:46:00,246.59,247.0,246.32,246.88,94690
FSL,2026-04-16 11:47:00,246.91,247.0,246.0,246.0,101540
FSL,2026-04-16 11:48:00,246.01,246.01,244.72,245.18,293596
FSL,2026-04-16 11:49:00,244.99,245.66,244.86,245.49,100008
FSL,2026-04-16 11:50:00,245.31,245.98,245.3,245.98,66211
FSL,2026-04-16 11:51:00,245.99,246.07,245.4,245.77,154490
FSL,2026-04-16 11:52:00,245.73,246.38,245.53,246.19,77154
FSL,2026-04-16 11:53:00,246.31,246.7,246.19,246.4,76647
FSL,2026-04-16 11:54:00,246.31,246.55,246.23,246.4,81695
FSL,2026-04-16 11:55:00,246.4,248.78,246.3,248.67,498297
FSL,2026-04-16 11:56:00,248.75,248.98,247.97,248.28,258461
FSL,2026-04-16 11:57:00,248.32,248.55,247.51,247.83,142460
FSL,2026-04-16 11:58:00,247.84,248.64,247.8,248.2,119318
FSL,2026-04-16 11:59:00,248.19,248.5,248.03,248.37,92218
FSL,2026-04-16 12:00:00,248.34,248.96,248.3,248.54,217160
FSL,2026-04-16 12:01:00,248.77,249.9,248.67,249.0,552529
FSL,2026-04-16 12:02:00,248.91,249.3,248.65,249.15,178698
FSL,2026-04-16 12:03:00,249.0,249.9,248.95,249.51,279975
FSL,2026-04-16 12:04:00,249.55,249.8,249.03,249.1,124321
FSL,2026-04-16 12:05:00,249.04,249.5,249.0,249.5,87521
FSL,2026-04-16 12:06:00,249.5,249.98,249.3,249.98,237141
FSL,2026-04-16 12:07:00,249.81,250.0,249.72,249.86,275663
FSL,2026-04-16 12:08:00,249.99,250.0,249.53,249.7,170919
FSL,2026-04-16 12:09:00,249.69,249.73,248.11,248.41,389259
FSL,2026-04-16 12:10:00,248.22,249.63,248.2,249.37,173305
FSL,2026-04-16 12:11:00,249.28,249.4,248.6,248.85,95679
FSL,2026-04-16 12:12:00,248.9,249.0,248.8,248.8,57229
FSL,2026-04-16 12:13:00,248.92,249.25,248.8,249.17,57727
FSL,2026-04-16 12:14:00,249.24,249.24,248.87,248.9,37725
FSL,2026-04-16 12:15:00,248.9,249.24,247.29,247.47,231674
FSL,2026-04-16 12:16:00,247.4,248.0,247.33,247.7,153120
FSL,2026-04-16 12:17:00,247.7,247.75,246.24,246.25,423952
FSL,2026-04-16 12:18:00,246.33,247.12,246.24,247.06,175885
FSL,2026-04-16 12:19:00,247.12,247.39,247.0,247.12,91095
FSL,2026-04-16 12:20:00,247.05,247.77,247.03,247.74,102406
FSL,2026-04-16 12:21:00,247.66,247.83,247.5,247.71,76767
FSL,2026-04-16 12:22:00,247.53,247.8,247.52,247.62,60583
FSL,2026-04-16 12:23:00,247.62,247.85,247.62,247.64,45144
FSL,2026-04-16 12:24:00,247.63,247.82,247.11,247.52,134311
FSL,2026-04-16 12:25:00,247.3,247.5,247.21,247.24,54607
FSL,2026-04-16 12:26:00,247.24,248.02,247.24,247.7,158476
FSL,2026-04-16 12:27:00,247.7,248.0,247.61,247.95,45072
FSL,2026-04-16 12:28:00,247.69,247.99,247.53,247.95,78371
FSL,2026-04-16 12:29:00,247.98,248.0,247.0,247.0,141451
FSL,2026-04-16 12:30:00,247.0,247.28,247.0,247.01,128263
FSL,2026-04-16 12:31:00,247.02,247.86,247.0,247.7,69108
FSL,2026-04-16 12:32:00,247.7,247.78,247.41,247.54,42058
FSL,2026-04-16 12:33:00,247.54,247.75,247.54,247.74,39405
FSL,2026-04-16 12:34:00,247.63,247.84,247.6,247.63,68400
FSL,2026-04-16 12:35:00,247.7,247.8,247.5,247.5,42370
FSL,2026-04-16 12:36:00,247.5,247.62,246.27,246.45,188942
FSL,2026-04-16 12:37:00,246.46,246.88,246.45,246.66,92505
FSL,2026-04-16 12:38:00,246.66,247.25,246.66,246.81,91998
FSL,2026-04-16 12:39:00,246.95,247.2,246.6,247.03,77131
FSL,2026-04-16 12:40:00,246.9,247.4,246.9,247.33,50161
FSL,2026-04-16 12:41:00,247.41,247.49,247.0,247.18,34854
FSL,2026-04-16 12:42:00,247.18,247.18,247.0,247.07,39883
FSL,2026-04-16 12:43:00,247.08,247.45,247.06,247.37,32535
FSL,2026-04-16 12:44:00,247.25,247.4,247.09,247.11,21828
FSL,2026-04-16 12:45:00,247.19,247.29,246.95,247.1,54087
FSL,2026-04-16 12:46:00,247.1,247.8,247.1,247.57,90468
FSL,2026-04-16 12:47:00,247.63,247.96,247.56,247.65,79676
FSL,2026-04-16 12:48:00,247.83,247.97,247.4,247.4,123377
FSL,2026-04-16 12:49:00,247.58,247.58,247.3,247.48,26936
FSL,2026-04-16 12:50:00,247.48,247.54,247.0,247.2,64720
FSL,2026-04-16 12:51:00,247.2,247.22,245.81,246.49,271951
FSL,2026-04-16 12:52:00,246.3,246.54,245.6,246.38,135388
FSL,2026-04-16 12:53:00,246.66,246.69,245.8,245.85,136378
FSL,2026-04-16 12:54:00,245.96,246.0,245.52,245.89,130418
FSL,2026-04-16 12:55:00,246.08,246.2,245.92,246.04,130382
FSL,2026-04-16 12:56:00,246.04,246.6,246.03,246.47,76663
FSL,2026-04-16 12:57:00,246.55,246.6,245.61,245.8,85971
FSL,2026-04-16 12:58:00,245.8,246.0,245.8,245.98,28983
FSL,2026-04-16 12:59:00,245.97,246.4,245.84,245.9,62439
FSL,2026-04-16 13:00:00,245.96,245.99,245.84,245.95,26001
FSL,2026-04-16 13:01:00,245.86,245.96,245.45,245.45,92605
FSL,2026-04-16 13:02:00,245.5,245.5,244.32,244.61,306998
FSL,2026-04-16 13:03:00,244.62,245.4,244.62,245.11,99886
FSL,2026-04-16 13:04:00,245.2,245.5,245.2,245.5,38750
FSL,2026-04-16 13:05:00,245.4,246.0,245.2,245.27,93906
FSL,2026-04-16 13:06:00,245.2,245.48,245.2,245.3,30229
FSL,2026-04-16 13:07:00,245.3,245.48,245.24,245.29,18497
FSL,2026-04-16 13:08:00,245.29,245.45,245.25,245.35,31204
FSL,2026-04-16 13:09:00,245.35,245.47,245.2,245.25,29787
FSL,2026-04-16 13:10:00,245.25,245.38,245.2,245.29,28628
FSL,2026-04-16 13:11:00,245.29,245.81,245.0,245.81,87494
FSL,2026-04-16 13:12:00,245.81,245.99,245.19,245.3,105153
FSL,2026-04-16 13:13:00,245.3,245.5,245.22,245.28,11857
FSL,2026-04-16 13:14:00,245.25,245.57,245.02,245.57,35481
FSL,2026-04-16 13:15:00,245.41,245.41,245.1,245.3,36256
FSL,2026-04-16 13:16:00,245.3,245.41,245.29,245.4,16848
FSL,2026-04-16 13:17:00,245.35,245.9,245.29,245.8,37858
FSL,2026-04-16 13:18:00,245.85,246.9,245.51,246.6,185671
FSL,2026-04-16 13:19:00,246.6,247.38,246.4,247.19,171867
FSL,2026-04-16 13:20:00,247.2,247.4,246.9,247.35,147203
FSL,2026-04-16 13:21:00,247.16,248.0,247.16,247.99,214833
FSL,2026-04-16 13:22:00,247.98,248.0,247.21,247.46,112969
FSL,2026-04-16 13:23:00,247.31,247.45,246.8,246.95,112403
FSL,2026-04-16 13:24:00,246.83,247.0,246.63,247.0,60117
FSL,2026-04-16 13:25:00,247.0,249.5,246.96,249.27,398080
FSL,2026-04-16 13:26:00,249.25,251.11,249.0,249.83,797051
FSL,2026-04-16 13:27:00,249.64,250.27,249.5,249.8,302294
FSL,2026-04-16 13:28:00,249.9,249.9,249.51,249.55,163997
FSL,2026-04-16 13:29:00,249.55,249.74,248.79,249.14,180976
FSL,2026-04-16 13:30:00,248.94,249.15,248.26,248.36,169402
FSL,2026-04-16 13:31:00,248.48,249.0,247.67,248.3,211679
FSL,2026-04-16 13:32:00,248.17,248.95,248.17,248.9,84258
FSL,2026-04-16 13:33:00,248.95,248.95,247.31,247.4,246157
FSL,2026-04-16 13:34:00,247.4,247.5,247.01,247.48,114416
FSL,2026-04-16 13:35:00,247.49,247.49,247.1,247.3,93247
FSL,2026-04-16 13:36:00,247.2,247.89,247.2,247.8,70805
FSL,2026-04-16 13:37:00,247.8,248.0,247.7,247.92,62539
FSL,2026-04-16 13:38:00,247.94,247.94,247.5,247.72,44407
FSL,2026-04-16 13:39:00,247.72,247.78,247.52,247.65,34518
FSL,2026-04-16 13:40:00,247.65,247.85,247.52,247.77,31385
FSL,2026-04-16 13:41:00,247.77,247.85,247.66,247.81,19364
FSL,2026-04-16 13:42:00,247.81,247.82,246.55,247.37,128886
FSL,2026-04-16 13:43:00,247.27,247.35,246.1,246.3,130768
FSL,2026-04-16 13:44:00,246.3,246.86,246.25,246.75,62111
FSL,2026-04-16 13:45:00,246.6,246.84,246.3,246.5,154175
FSL,2026-04-16 13:46:00,246.5,246.78,246.5,246.75,27814
FSL,2026-04-16 13:47:00,246.75,246.99,246.64,246.99,83383
FSL,2026-04-16 13:48:00,246.99,246.99,246.8,246.9,22696
FSL,2026-04-16 13:49:00,246.9,246.9,246.5,246.74,45664
FSL,2026-04-16 13:50:00,246.74,246.74,246.43,246.6,58894
FSL,2026-04-16 13:51:00,246.6,246.7,246.41,246.7,54597
FSL,2026-04-16 13:52:00,246.7,246.7,245.26,246.23,247642
FSL,2026-04-16 13:53:00,246.01,246.29,245.49,245.65,161225
FSL,2026-04-16 13:54:00,245.65,245.88,245.1,245.53,148722
FSL,2026-04-16 13:55:00,245.51,245.99,244.0,244.43,346846
FSL,2026-04-16 13:56:00,244.35,244.7,244.0,244.2,274892
FSL,2026-04-16 13:57:00,244.2,244.48,243.49,244.3,304191
FSL,2026-04-16 13:58:00,244.25,244.79,244.25,244.54,90764
FSL,2026-04-16 13:59:00,244.69,244.8,244.3,244.7,86426
FSL,2026-04-16 14:00:00,244.7,245.0,244.61,244.74,108147
FSL,2026-04-16 14:01:00,244.74,244.74,244.01,244.19,97864
FSL,2026-04-16 14:02:00,244.22,244.95,244.0,244.75,97268
FSL,2026-04-16 14:03:00,244.62,245.6,244.51,245.25,170682
FSL,2026-04-16 14:04:00,245.1,245.58,244.9,245.58,70166
FSL,2026-04-16 14:05:00,245.58,245.66,245.0,245.2,57984
FSL,2026-04-16 14:06:00,245.2,245.35,245.01,245.1,34721
FSL,2026-04-16 14:07:00,245.19,245.45,244.93,245.13,82622
FSL,2026-04-16 14:08:00,245.13,245.3,245.0,245.23,44865
FSL,2026-04-16 14:09:00,245.23,245.27,245.0,245.25,24234
FSL,2026-04-16 14:10:00,245.25,245.45,244.35,244.85,100408
FSL,2026-04-16 14:11:00,244.53,244.98,244.53,244.96,31067
FSL,2026-04-16 14:12:00,244.83,245.6,244.83,245.39,84929
FSL,2026-04-16 14:13:00,245.39,245.6,245.04,245.6,46772
FSL,2026-04-16 14:14:00,245.45,247.0,245.45,246.99,205896
FSL,2026-04-16 14:15:00,246.97,247.88,246.21,247.78,301155
FSL,2026-04-16 14:16:00,247.67,247.8,246.21,246.64,204062
FSL,2026-04-16 14:17:00,246.64,246.84,246.5,246.5,44440
FSL,2026-04-16 14:18:00,246.5,247.47,246.5,247.17,93951
FSL,2026-04-16 14:19:00,247.15,247.19,246.93,247.0,62713
FSL,2026-04-16 14:20:00,247.15,247.5,247.1,247.45,75251
FSL,2026-04-16 14:21:00,247.45,247.47,245.02,245.52,218840
FSL,2026-04-16 14:22:00,245.65,245.66,244.55,245.01,191004
FSL,2026-04-16 14:23:00,245.0,245.47,245.0,245.27,98003
FSL,2026-04-16 14:24:00,245.42,246.07,245.3,245.89,80925
FSL,2026-04-16 14:25:00,245.89,246.0,245.65,245.89,46411
FSL,2026-04-16 14:26:00,245.89,247.12,245.82,246.84,182553
FSL,2026-04-16 14:27:00,246.8,247.8,246.8,247.4,236643
FSL,2026-04-16 14:28:00,247.4,247.4,246.6,247.26,102234
FSL,2026-04-16 14:29:00,247.06,247.23,246.58,246.91,97207
FSL,2026-04-16 14:30:00,246.91,246.99,246.53,246.77,52977
FSL,2026-04-16 14:31:00,246.98,247.99,246.85,247.44,252414
FSL,2026-04-16 14:32:00,247.5,247.54,247.1,247.11,61007
FSL,2026-04-16 14:33:00,247.24,247.89,246.89,247.61,144887
FSL,2026-04-16 14:34:00,247.39,247.58,247.07,247.53,35399
FSL,2026-04-16 14:35:00,247.36,247.7,247.02,247.3,67481
FSL,2026-04-16 14:36:00,247.3,247.45,246.05,246.67,172413
FSL,2026-04-16 14:37:00,246.85,247.49,246.62,247.28,83958
FSL,2026-04-16 14:38:00,247.28,247.48,247.27,247.33,53810
FSL,2026-04-16 14:39:00,247.33,247.5,246.66,247.44,97655
FSL,2026-04-16 14:40:00,248.0,248.74,247.6,248.0,359757
FSL,2026-04-16 14:41:00,247.88,248.5,247.88,248.09,178239
FSL,2026-04-16 14:42:00,248.07,249.5,248.05,248.83,406785
FSL,2026-04-16 14:43:00,249.04,249.5,249.01,249.08,318152
FSL,2026-04-16 14:44:00,249.22,249.22,248.4,248.69,225451
FSL,2026-04-16 14:45:00,248.6,248.87,248.5,248.74,108099
FSL,2026-04-16 14:46:00,248.57,248.69,247.6,248.07,222224
FSL,2026-04-16 14:47:00,248.15,248.15,247.75,247.8,60999
FSL,2026-04-16 14:48:00,247.8,247.95,247.7,247.8,56843
FSL,2026-04-16 14:49:00,247.79,248.5,247.59,248.5,122589
FSL,2026-04-16 14:50:00,248.5,249.5,248.32,249.2,277468
FSL,2026-04-16 14:51:00,249.34,249.5,248.65,249.3,312136
FSL,2026-04-16 14:52:00,249.3,249.4,248.8,249.3,102584
FSL,2026-04-16 14:53:00,249.14,249.49,248.82,248.97,203420
FSL,2026-04-16 14:54:00,248.95,248.95,246.46,246.82,427313
FSL,2026-04-16 14:55:00,246.62,247.49,246.62,247.4,173244
FSL,2026-04-16 14:56:00,247.4,247.68,247.01,247.68,154167
FSL,2026-04-16 14:57:00,247.68,248.29,247.52,247.57,125218
FSL,2026-04-16 14:58:00,247.77,248.0,247.55,247.76,56730
FSL,2026-04-16 14:59:00,247.88,247.9,247.0,247.05,109520
FSL,2026-04-16 15:00:00,247.16,247.2,245.11,245.34,631290
FSL,2026-04-16 15:01:00,245.21,245.29,244.13,244.66,502599
FSL,2026-04-16 15:02:00,244.68,245.0,244.27,244.68,290731
FSL,2026-04-16 15:03:00,244.92,245.5,244.7,245.3,223487
FSL,2026-04-16 15:04:00,245.3,247.13,245.3,246.13,365297
FSL,2026-04-16 15:05:00,246.0,246.21,245.51,246.2,164817
FSL,2026-04-16 15:06:00,246.11,247.0,246.11,246.75,187795
FSL,2026-04-16 15:07:00,246.89,248.2,246.7,247.13,369402
FSL,2026-04-16 15:08:00,247.13,247.3,245.24,245.62,385404
FSL,2026-04-16 15:09:00,245.64,246.0,245.51,245.85,95765
FSL,2026-04-16 15:10:00,245.95,247.0,245.8,247.0,178127
FSL,2026-04-16 15:11:00,246.88,246.96,245.95,246.4,130392
FSL,2026-04-16 15:12:00,246.4,246.79,246.3,246.45,127990
FSL,2026-04-16 15:13:00,246.45,246.45,244.42,244.51,491822
FSL,2026-04-16 15:14:00,244.76,245.0,244.52,244.81,196165
FSL,2026-04-16 15:15:00,244.82,245.59,244.73,245.0,278277
FSL,2026-04-16 15:16:00,245.19,245.88,245.0,245.64,224043
FSL,2026-04-16 15:17:00,245.66,245.99,245.1,245.69,142403
FSL,2026-04-16 15:18:00,245.82,245.82,245.0,245.1,407277
FSL,2026-04-16 15:19:00,245.15,245.2,238.75,241.35,1128179
FSL,2026-04-16 15:20:00,241.3,242.37,241.26,242.25,185668
FSL,2026-04-16 15:21:00,242.27,243.85,242.27,243.78,249674
FSL,2026-04-16 15:22:00,243.79,244.8,243.7,244.7,155101
FSL,2026-04-16 15:23:00,244.89,244.9,243.5,243.6,125440
FSL,2026-04-16 15:24:00,243.6,243.6,240.02,242.71,814155
FSL,2026-04-16 15:25:00,242.79,242.79,240.3,241.03,307189
FSL,2026-04-16 15:26:00,241.2,241.8,241.09,241.7,42830
FSL,2026-04-16 15:27:00,241.7,241.79,241.5,241.59,33207
FSL,2026-04-16 15:28:00,241.59,241.8,241.52,241.7,42662
FSL,2026-04-16 15:29:00,241.7,241.99,241.18,241.99,120713
FSL,2026-04-17 09:15:00,245.45,251.5,245.45,247.6,752223
FSL,2026-04-17 09:16:00,247.47,249.28,247.18,248.04,356641
FSL,2026-04-17 09:17:00,247.8,247.8,245.52,245.99,351464
FSL,2026-04-17 09:18:00,245.0,246.0,243.2,245.22,321159
FSL,2026-04-17 09:19:00,245.05,245.68,244.65,245.5,144241
FSL,2026-04-17 09:20:00,245.67,247.89,245.1,247.36,206169
FSL,2026-04-17 09:21:00,247.36,247.51,246.21,246.39,92021
FSL,2026-04-17 09:22:00,246.18,247.49,246.09,247.29,87933
FSL,2026-04-17 09:23:00,247.45,247.45,246.25,246.5,105336
FSL,2026-04-17 09:24:00,246.5,247.2,246.31,246.78,65117
FSL,2026-04-17 09:25:00,246.78,246.78,245.82,245.86,78741
FSL,2026-04-17 09:26:00,245.52,246.08,245.4,245.81,66899
FSL,2026-04-17 09:27:00,245.72,245.9,245.11,245.5,143035
FSL,2026-04-17 09:28:00,245.5,246.1,245.17,246.0,57937
FSL,2026-04-17 09:29:00,246.0,246.5,245.51,245.51,50512
FSL,2026-04-17 09:30:00,245.51,245.6,244.53,244.53,121642
FSL,2026-04-17 09:31:00,244.6,244.77,244.0,244.21,91551
FSL,2026-04-17 09:32:00,244.21,245.4,244.21,245.36,105144
FSL,2026-04-17 09:33:00,245.36,245.44,244.93,245.16,58442
FSL,2026-04-17 09:34:00,245.16,245.34,243.66,243.83,99582
FSL,2026-04-17 09:35:00,243.85,243.85,242.5,243.13,191853
FSL,2026-04-17 09:36:00,243.0,243.87,243.0,243.37,46685
FSL,2026-04-17 09:37:00,243.38,243.54,242.71,243.07,65155
FSL,2026-04-17 09:38:00,243.2,243.48,242.84,242.97,51479
FSL,2026-04-17 09:39:00,243.07,243.37,242.33,243.09,82190
FSL,2026-04-17 09:40:00,243.2,243.72,242.97,243.11,64649
FSL,2026-04-17 09:41:00,243.11,243.11,242.3,242.72,68596
FSL,2026-04-17 09:42:00,242.58,242.7,241.4,241.7,112468
FSL,2026-04-17 09:43:00,241.7,242.46,241.7,242.1,56379
FSL,2026-04-17 09:44:00,242.1,242.94,242.1,242.77,38144
FSL,2026-04-17 09:45:00,242.61,242.64,242.22,242.57,26133
FSL,2026-04-17 09:46:00,242.57,242.6,242.34,242.55,22246
FSL,2026-04-17 09:47:00,242.59,242.72,242.3,242.53,17455
FSL,2026-04-17 09:48:00,242.67,243.85,242.67,243.83,98788
FSL,2026-04-17 09:49:00,243.81,243.81,243.31,243.45,55837
FSL,2026-04-17 09:50:00,243.45,243.89,243.36,243.75,30408
FSL,2026-04-17 09:51:00,243.67,243.93,243.66,243.93,17179
FSL,2026-04-17 09:52:00,243.87,243.87,243.4,243.4,42071
FSL,2026-04-17 09:53:00,243.41,243.59,243.02,243.1,44899
FSL,2026-04-17 09:54:00,243.05,243.39,243.03,243.11,14419
FSL,2026-04-17 09:55:00,243.06,243.39,243.06,243.2,13043
FSL,2026-04-17 09:56:00,243.33,243.49,243.2,243.49,26023
FSL,2026-04-17 09:57:00,243.49,243.49,243.1,243.44,15923
FSL,2026-04-17 09:58:00,243.24,243.33,243.07,243.07,17711
FSL,2026-04-17 09:59:00,243.22,243.95,243.06,243.85,16933
FSL,2026-04-17 10:00:00,243.84,244.18,243.2,243.36,82860
FSL,2026-04-17 10:01:00,243.36,243.57,242.75,242.78,35185
FSL,2026-04-17 10:02:00,242.78,243.16,242.64,242.91,24051
FSL,2026-04-17 10:03:00,242.91,243.2,242.9,243.1,10755
FSL,2026-04-17 10:04:00,243.11,243.49,243.11,243.49,5836
FSL,2026-04-17 10:05:00,243.39,243.48,243.01,243.18,9916
FSL,2026-04-17 10:06:00,243.05,243.36,243.05,243.3,4885
FSL,2026-04-17 10:07:00,243.3,243.3,243.06,243.17,4013
FSL,2026-04-17 10:08:00,243.1,243.2,243.0,243.0,21349
FSL,2026-04-17 10:09:00,243.16,243.18,243.0,243.11,6487
FSL,2026-04-17 10:10:00,243.18,243.18,243.05,243.1,4591
FSL,2026-04-17 10:11:00,243.05,243.24,243.0,243.24,11094
FSL,2026-04-17 10:12:00,243.4,243.76,243.06,243.65,21980
FSL,2026-04-17 10:13:00,243.7,243.95,243.53,243.81,30890
FSL,2026-04-17 10:14:00,243.94,243.98,243.4,243.47,17450
FSL,2026-04-17 10:15:00,243.47,243.76,243.4,243.62,7692
FSL,2026-04-17 10:16:00,243.62,243.7,243.47,243.63,6920
FSL,2026-04-17 10:17:00,243.51,243.66,243.5,243.5,6909
FSL,2026-04-17 10:18:00,243.5,243.81,243.46,243.52,12297
FSL,2026-04-17 10:19:00,243.66,243.66,243.1,243.23,17054
FSL,2026-04-17 10:20:00,243.23,243.36,243.04,243.13,29474
FSL,2026-04-17 10:21:00,243.13,243.32,242.8,242.93,21524
FSL,2026-04-17 10:22:00,242.94,243.0,242.78,243.0,9636
FSL,2026-04-17 10:23:00,242.98,243.0,242.85,242.85,5166
FSL,2026-04-17 10:24:00,242.85,243.0,242.85,242.99,8177
FSL,2026-04-17 10:25:00,242.99,242.99,242.5,242.5,25375
FSL,2026-04-17 10:26:00,242.21,242.7,242.21,242.48,25316
FSL,2026-04-17 10:27:00,242.48,242.7,242.41,242.7,6088
FSL,2026-04-17 10:28:00,242.55,242.7,242.5,242.53,9803
FSL,2026-04-17 10:29:00,242.65,242.78,242.6,242.64,5986
FSL,2026-04-17 10:30:00,242.6,242.76,242.5,242.5,2946
FSL,2026-04-17 10:31:00,242.5,242.63,241.0,241.62,124826
FSL,2026-04-17 10:32:00,241.62,241.77,241.49,241.77,27011
FSL,2026-04-17 10:33:00,241.77,242.0,241.68,242.0,21272
FSL,2026-04-17 10:34:00,242.0,242.0,241.8,241.9,9220
FSL,2026-04-17 10:35:00,241.91,242.0,241.8,241.99,7245
FSL,2026-04-17 10:36:00,241.99,241.99,241.85,241.9,6630
FSL,2026-04-17 10:37:00,241.98,241.98,241.81,241.82,4864
FSL,2026-04-17 10:38:00,241.82,241.85,241.6,241.62,9660
FSL,2026-04-17 10:39:00,241.78,241.8,241.57,241.7,15105
FSL,2026-04-17 10:40:00,241.7,241.84,241.6,241.8,9834
FSL,2026-04-17 10:41:00,241.8,242.25,241.8,242.25,8840
FSL,2026-04-17 10:42:00,242.25,242.35,242.12,242.32,9815
FSL,2026-04-17 10:43:00,242.32,242.5,242.14,242.14,8010
FSL,2026-04-17 10:44:00,242.3,242.33,242.13,242.29,3250
FSL,2026-04-17 10:45:00,242.29,242.29,242.08,242.08,3115
FSL,2026-04-17 10:46:00,242.1,242.23,242.03,242.2,3225
FSL,2026-04-17 10:47:00,242.12,242.24,242.1,242.19,3933
FSL,2026-04-17 10:48:00,242.19,242.2,242.0,242.1,3880
FSL,2026-04-17 10:49:00,242.09,242.15,242.0,242.15,2714
FSL,2026-04-17 10:50:00,242.1,242.1,242.0,242.1,2715
FSL,2026-04-17 10:51:00,242.1,242.1,241.82,241.98,9557
FSL,2026-04-17 10:52:00,242.0,242.03,241.8,241.97,11341
FSL,2026-04-17 10:53:00,241.98,242.0,241.85,242.0,14274
FSL,2026-04-17 10:54:00,241.98,242.2,241.91,242.2,9955
FSL,2026-04-17 10:55:00,242.2,242.3,242.11,242.29,2599
FSL,2026-04-17 10:56:00,242.29,242.29,242.2,242.29,2688
FSL,2026-04-17 10:57:00,242.29,242.29,242.1,242.2,4160
FSL,2026-04-17 10:58:00,242.2,242.2,242.02,242.12,2838
FSL,2026-04-17 10:59:00,242.12,242.29,242.04,242.19,5170
FSL,2026-04-17 11:00:00,242.19,242.29,242.1,242.25,5429
FSL,2026-04-17 11:01:00,242.25,242.32,242.15,242.3,7972
FSL,2026-04-17 11:02:00,242.3,242.32,242.17,242.27,998
FSL,2026-04-17 11:03:00,242.2,242.27,241.8,241.84,12997
FSL,2026-04-17 11:04:00,241.83,241.98,241.62,241.66,7213
FSL,2026-04-17 11:05:00,241.66,241.92,241.66,241.92,3259
FSL,2026-04-17 11:06:00,241.91,241.91,241.68,241.82,4920
FSL,2026-04-17 11:07:00,241.82,241.89,241.8,241.81,3800
FSL,2026-04-17 11:08:00,241.81,241.82,241.8,241.82,1860
FSL,2026-04-17 11:09:00,241.8,241.96,241.73,241.96,14385
FSL,2026-04-17 11:10:00,241.78,242.0,241.75,241.91,2796
FSL,2026-04-17 11:11:00,241.76,241.9,241.76,241.89,2445
FSL,2026-04-17 11:12:00,241.88,241.88,241.66,241.66,4392
FSL,2026-04-17 11:13:00,241.69,241.8,241.66,241.76,11515
FSL,2026-04-17 11:14:00,241.64,241.71,241.4,241.42,13211
FSL,2026-04-17 11:15:00,241.57,241.76,241.35,241.51,13064
FSL,2026-04-17 11:16:00,241.4,241.56,241.32,241.33,7194
FSL,2026-04-17 11:17:00,241.33,241.5,241.33,241.47,6982
FSL,2026-04-17 11:18:00,241.47,241.66,241.47,241.6,6473
FSL,2026-04-17 11:19:00,241.48,241.59,241.34,241.56,6988
FSL,2026-04-17 11:20:00,241.56,241.56,241.08,241.27,18866
FSL,2026-04-17 11:21:00,241.27,241.35,241.05,241.12,6787
FSL,2026-04-17 11:22:00,241.12,241.79,241.12,241.79,21719
FSL,2026-04-17 11:23:00,241.79,241.79,241.45,241.68,9351
FSL,2026-04-17 11:24:00,241.68,241.68,241.54,241.59,914
FSL,2026-04-17 11:25:00,241.59,241.64,241.05,241.11,27910
FSL,2026-04-17 11:26:00,241.11,241.33,241.0,241.11,79416
FSL,2026-04-17 11:27:00,241.11,241.27,241.0,241.01,14019
FSL,2026-04-17 11:28:00,241.01,241.1,241.0,241.03,5532
FSL,2026-04-17 11:29:00,241.1,241.23,241.07,241.07,2572
FSL,2026-04-17 11:30:00,241.07,241.25,241.07,241.2,3476
FSL,2026-04-17 11:31:00,241.2,241.26,241.1,241.1,10060
FSL,2026-04-17 11:32:00,241.23,241.3,241.05,241.21,10043
FSL,2026-04-17 11:33:00,241.21,241.25,241.05,241.07,4737
FSL,2026-04-17 11:34:00,241.07,241.18,241.05,241.06,4687
FSL,2026-04-17 11:35:00,241.06,241.15,241.05,241.1,4220
FSL,2026-04-17 11:36:00,241.1,241.1,240.4,240.9,59613
FSL,2026-04-17 11:37:00,240.9,240.96,240.58,240.7,10952
FSL,2026-04-17 11:38:00,240.7,241.25,240.6,241.15,25413
FSL,2026-04-17 11:39:00,241.23,241.23,241.1,241.2,5242
FSL,2026-04-17 11:40:00,241.29,241.3,241.13,241.2,1924
FSL,2026-04-17 11:41:00,241.2,241.3,241.13,241.3,7413
FSL,2026-04-17 11:42:00,241.3,241.3,241.2,241.3,11133
FSL,2026-04-17 11:43:00,241.3,241.35,241.22,241.28,13818
FSL,2026-04-17 11:44:00,241.25,241.35,241.25,241.34,4935
FSL,2026-04-17 11:45:00,241.34,241.35,241.25,241.34,3226
FSL,2026-04-17 11:46:00,241.35,241.5,241.34,241.5,5167
FSL,2026-04-17 11:47:00,241.41,241.49,241.2,241.2,4606
FSL,2026-04-17 11:48:00,241.21,241.33,240.75,241.22,22006
FSL,2026-04-17 11:49:00,241.22,241.43,241.21,241.41,8461
FSL,2026-04-17 11:50:00,241.41,241.51,241.38,241.48,9848
FSL,2026-04-17 11:51:00,241.48,241.48,241.4,241.48,2280
FSL,2026-04-17 11:52:00,241.48,241.69,241.4,241.69,14666
FSL,2026-04-17 11:53:00,241.69,241.96,241.58,241.72,32235
FSL,2026-04-17 11:54:00,241.75,241.84,241.47,241.84,13584
FSL,2026-04-17 11:55:00,241.84,242.0,241.84,241.93,8048
FSL,2026-04-17 11:56:00,241.92,242.21,241.69,242.21,10753
FSL,2026-04-17 11:57:00,242.19,242.26,241.74,241.93,17050
FSL,2026-04-17 11:58:00,241.93,241.99,241.73,241.74,1633
FSL,2026-04-17 11:59:00,241.74,241.78,241.64,241.67,2093
FSL,2026-04-17 12:00:00,241.63,241.67,241.5,241.61,6816
FSL,2026-04-17 12:01:00,241.5,241.55,241.4,241.5,8638
FSL,2026-04-17 12:02:00,241.5,241.6,241.5,241.5,3193
FSL,2026-04-17 12:03:00,241.5,241.5,241.35,241.39,9001
FSL,2026-04-17 12:04:00,241.23,241.24,241.0,241.24,10568
FSL,2026-04-17 12:05:00,241.23,241.44,241.05,241.31,5946
FSL,2026-04-17 12:06:00,241.31,241.39,241.2,241.39,1120
FSL,2026-04-17 12:07:00,241.4,241.6,241.39,241.6,7340
FSL,2026-04-17 12:08:00,241.54,241.61,241.48,241.48,718
FSL,2026-04-17 12:09:00,241.6,241.67,241.44,241.66,2087
FSL,2026-04-17 12:10:00,241.55,241.55,241.3,241.3,3954
FSL,2026-04-17 12:11:00,241.48,241.48,241.23,241.42,6947
FSL,2026-04-17 12:12:00,241.42,241.45,241.35,241.39,1781
FSL,2026-04-17 12:13:00,241.39,241.43,241.22,241.34,2733
FSL,2026-04-17 12:14:00,241.34,241.39,241.23,241.34,1366
FSL,2026-04-17 12:15:00,241.34,241.34,241.25,241.3,890
FSL,2026-04-17 12:16:00,241.25,241.34,241.22,241.3,1778
FSL,2026-04-17 12:17:00,241.3,241.34,241.2,241.3,1920
FSL,2026-04-17 12:18:00,241.3,241.31,241.2,241.31,4133
FSL,2026-04-17 12:19:00,241.22,241.29,241.22,241.29,1421
FSL,2026-04-17 12:20:00,241.29,241.29,241.2,241.28,2399
FSL,2026-04-17 12:21:00,241.2,241.32,241.1,241.22,4645
FSL,2026-04-17 12:22:00,241.15,241.26,241.1,241.1,6505
FSL,2026-04-17 12:23:00,241.1,241.23,241.06,241.1,6098
FSL,2026-04-17 12:24:00,241.1,241.1,241.04,241.08,984
FSL,2026-04-17 12:25:00,241.04,241.1,240.95,241.09,17445
FSL,2026-04-17 12:26:00,241.0,241.02,240.85,241.0,6380
FSL,2026-04-17 12:27:00,240.98,241.08,240.91,241.0,1834
FSL,2026-04-17 12:28:00,241.01,241.1,241.01,241.1,655
FSL,2026-04-17 12:29:00,241.1,241.1,241.09,241.1,3128
FSL,2026-04-17 12:30:00,241.1,241.1,241.0,241.0,10662
FSL,2026-04-17 12:31:00,241.06,241.06,240.6,240.81,9298
FSL,2026-04-17 12:32:00,240.84,240.84,240.62,240.77,5553
FSL,2026-04-17 12:33:00,240.77,240.81,240.5,240.81,25651
FSL,2026-04-17 12:34:00,240.79,240.8,240.61,240.8,5192
FSL,2026-04-17 12:35:00,240.84,240.87,240.62,240.78,6782
FSL,2026-04-17 12:36:00,240.8,240.8,240.62,240.7,1757
FSL,2026-04-17 12:37:00,240.7,240.76,240.65,240.7,1897
FSL,2026-04-17 12:38:00,240.79,240.79,240.65,240.7,1640
FSL,2026-04-17 12:39:00,240.7,240.8,240.7,240.8,1318
FSL,2026-04-17 12:40:00,240.8,240.89,240.62,240.84,5989
FSL,2026-04-17 12:41:00,240.72,240.98,240.72,240.82,4196
FSL,2026-04-17 12:42:00,240.82,240.96,240.81,240.9,914
FSL,2026-04-17 12:43:00,240.9,240.96,240.82,240.95,3326
FSL,2026-04-17 12:44:00,240.85,240.95,240.8,240.92,3352
FSL,2026-04-17 12:45:00,240.92,240.92,240.74,240.87,2187
FSL,2026-04-17 12:46:00,240.87,240.89,240.8,240.88,1727
FSL,2026-04-17 12:47:00,240.87,240.88,240.56,240.6,4871
FSL,2026-04-17 12:48:00,240.6,240.74,240.6,240.7,810
FSL,2026-04-17 12:49:00,240.61,240.8,240.6,240.8,3674
FSL,2026-04-17 12:50:00,240.8,240.8,240.62,240.65,3012
FSL,2026-04-17 12:51:00,240.75,240.75,240.55,240.55,3336
FSL,2026-04-17 12:52:00,240.55,240.65,240.55,240.6,434
FSL,2026-04-17 12:53:00,240.6,240.65,240.41,240.52,11426
FSL,2026-04-17 12:54:00,240.42,240.5,240.41,240.5,3065
FSL,2026-04-17 12:55:00,240.4,240.63,240.2,240.63,12283
FSL,2026-04-17 12:56:00,240.5,240.71,240.46,240.71,3320
FSL,2026-04-17 12:57:00,240.71,240.84,240.7,240.84,18480
FSL,2026-04-17 12:58:00,240.79,240.81,240.7,240.81,2890
FSL,2026-04-17 12:59:00,240.7,240.79,240.51,240.51,3940
FSL,2026-04-17 13:00:00,240.48,240.72,240.48,240.72,5797
FSL,2026-04-17 13:01:00,240.57,240.79,240.57,240.73,3792
FSL,2026-04-17 13:02:00,240.73,240.8,240.73,240.8,2244
FSL,2026-04-17 13:03:00,240.8,240.81,240.6,240.7,6005
FSL,2026-04-17 13:04:00,240.8,240.8,240.55,240.79,5477
FSL,2026-04-17 13:05:00,240.79,240.98,240.79,240.98,7198
FSL,2026-04-17 13:06:00,241.1,241.16,240.9,241.16,5703
FSL,2026-04-17 13:07:00,241.2,241.2,240.9,240.99,7542
FSL,2026-04-17 13:08:00,240.9,240.92,240.78,240.89,2816
FSL,2026-04-17 13:09:00,240.89,240.89,240.65,240.79,2489
FSL,2026-04-17 13:10:00,240.8,240.8,240.65,240.7,3428
FSL,2026-04-17 13:11:00,240.79,240.79,240.7,240.7,2402
FSL,2026-04-17 13:12:00,240.7,240.79,240.7,240.75,3516
FSL,2026-04-17 13:13:00,240.75,240.75,240.68,240.7,1114
FSL,2026-04-17 13:14:00,240.7,240.82,240.57,240.8,5501
FSL,2026-04-17 13:15:00,240.8,240.8,240.57,240.79,1923
FSL,2026-04-17 13:16:00,240.78,240.78,240.6,240.6,1561
FSL,2026-04-17 13:17:00,240.6,240.75,240.6,240.75,961
FSL,2026-04-17 13:18:00,240.75,240.76,240.53,240.53,6252
FSL,2026-04-17 13:19:00,240.53,240.74,240.5,240.74,3881
FSL,2026-04-17 13:20:00,240.74,240.9,240.6,240.8,11093
FSL,2026-04-17 13:21:00,240.8,240.9,240.79,240.9,5905
FSL,2026-04-17 13:22:00,240.9,240.9,240.71,240.77,3453
FSL,2026-04-17 13:23:00,240.77,240.9,240.77,240.85,1533
FSL,2026-04-17 13:24:00,240.9,240.9,240.85,240.89,3548
FSL,2026-04-17 13:25:00,240.89,241.05,240.8,241.03,7081
FSL,2026-04-17 13:26:00,241.03,241.05,240.7,241.05,7041
FSL,2026-04-17 13:27:00,241.05,241.18,240.96,241.18,3759
FSL,2026-04-17 13:28:00,241.19,241.36,241.05,241.36,5017
FSL,2026-04-17 13:29:00,241.35,241.46,241.21,241.31,6595
FSL,2026-04-17 13:30:00,241.31,241.35,241.08,241.08,6741
FSL,2026-04-17 13:31:00,241.0,241.01,241.0,241.0,4219
FSL,2026-04-17 13:32:00,241.11,241.11,241.02,241.11,2784
FSL,2026-04-17 13:33:00,241.11,241.22,241.11,241.22,1315
FSL,2026-04-17 13:34:00,241.22,241.22,241.0,241.0,21215
FSL,2026-04-17 13:35:00,240.81,240.98,240.63,240.83,4083
FSL,2026-04-17 13:36:00,240.94,240.94,240.8,240.88,2402
FSL,2026-04-17 13:37:00,240.96,241.02,240.88,241.02,948
FSL,2026-04-17 13:38:00,241.02,241.02,240.88,241.0,412
FSL,2026-04-17 13:39:00,241.0,241.0,240.88,240.98,2110
FSL,2026-04-17 13:40:00,240.98,240.98,240.8,240.81,3575
FSL,2026-04-17 13:41:00,240.81,240.91,240.72,240.87,5697
FSL,2026-04-17 13:42:00,240.87,240.87,240.63,240.83,6953
FSL,2026-04-17 13:43:00,240.87,240.87,240.67,240.77,3384
FSL,2026-04-17 13:44:00,240.65,240.77,240.65,240.7,628
FSL,2026-04-17 13:45:00,240.7,240.88,240.7,240.87,1609
FSL,2026-04-17 13:46:00,240.87,240.87,240.81,240.81,394
FSL,2026-04-17 13:47:00,240.81,240.98,240.81,240.94,1049
FSL,2026-04-17 13:48:00,240.94,241.26,240.94,241.12,2905
FSL,2026-04-17 13:49:00,241.08,241.2,241.0,241.14,9172
FSL,2026-04-17 13:50:00,241.12,241.13,240.91,241.08,4492
FSL,2026-04-17 13:51:00,241.08,241.1,241.08,241.1,719
FSL,2026-04-17 13:52:00,241.1,241.27,241.1,241.17,4331
FSL,2026-04-17 13:53:00,241.17,241.29,241.17,241.29,2104
FSL,2026-04-17 13:54:00,241.29,241.38,241.29,241.38,2921
FSL,2026-04-17 13:55:00,241.38,241.38,241.08,241.09,3994
FSL,2026-04-17 13:56:00,241.2,241.2,241.05,241.15,1079
FSL,2026-04-17 13:57:00,241.15,241.15,241.0,241.14,928
FSL,2026-04-17 13:58:00,241.01,241.14,241.01,241.13,2240
FSL,2026-04-17 13:59:00,241.13,241.16,241.0,241.14,4704
FSL,2026-04-17 14:00:00,241.02,241.14,241.01,241.01,1286
FSL,2026-04-17 14:01:00,241.0,241.13,241.0,241.1,2141
FSL,2026-04-17 14:02:00,241.1,241.1,241.01,241.05,3195
FSL,2026-04-17 14:03:00,241.08,241.08,241.02,241.05,3386
FSL,2026-04-17 14:04:00,241.02,241.1,241.01,241.01,2589
FSL,2026-04-17 14:05:00,241.01,241.1,241.0,241.0,6385
FSL,2026-04-17 14:06:00,241.0,241.09,241.0,241.02,2197
FSL,2026-04-17 14:07:00,240.96,241.13,240.96,241.13,7319
FSL,2026-04-17 14:08:00,241.01,241.09,240.9,240.9,7931
FSL,2026-04-17 14:09:00,240.9,241.0,240.83,240.87,2041
FSL,2026-04-17 14:10:00,240.87,240.99,240.81,240.88,4774
FSL,2026-04-17 14:11:00,240.88,240.97,240.81,240.86,2593
FSL,2026-04-17 14:12:00,240.86,240.97,240.76,240.95,10777
FSL,2026-04-17 14:13:00,240.85,240.97,240.85,240.94,647
FSL,2026-04-17 14:14:00,240.94,240.94,240.71,240.72,1033
FSL,2026-04-17 14:15:00,240.72,240.84,240.71,240.71,1373
FSL,2026-04-17 14:16:00,240.8,240.8,240.66,240.75,5855
FSL,2026-04-17 14:17:00,240.75,240.75,240.55,240.6,3672
FSL,2026-04-17 14:18:00,240.6,240.74,240.6,240.74,1991
FSL,2026-04-17 14:19:00,240.74,240.74,240.55,240.58,4326
FSL,2026-04-17 14:20:00,240.7,240.7,240.53,240.7,3899
FSL,2026-04-17 14:21:00,240.55,240.7,240.52,240.67,5339
FSL,2026-04-17 14:22:00,240.67,240.7,240.52,240.52,1834
FSL,2026-04-17 14:23:00,240.52,240.6,240.52,240.6,2626
FSL,2026-04-17 14:24:00,240.55,240.6,240.55,240.6,1284
FSL,2026-04-17 14:25:00,240.55,240.6,240.5,240.55,11796
FSL,2026-04-17 14:26:00,240.57,240.6,240.55,240.6,2170
FSL,2026-04-17 14:27:00,240.6,240.64,240.55,240.55,3951
FSL,2026-04-17 14:28:00,240.6,240.6,240.5,240.58,8770
FSL,2026-04-17 14:29:00,240.58,240.63,240.5,240.51,2037
FSL,2026-04-17 14:30:00,240.63,240.77,240.5,240.77,7532
FSL,2026-04-17 14:31:00,240.95,241.29,240.91,241.29,19585
FSL,2026-04-17 14:32:00,241.3,241.39,241.01,241.26,20655
FSL,2026-04-17 14:33:00,241.28,241.4,241.28,241.3,10049
FSL,2026-04-17 14:34:00,241.31,241.33,241.13,241.17,5441
FSL,2026-04-17 14:35:00,241.17,241.33,241.04,241.24,10096
FSL,2026-04-17 14:36:00,241.1,241.28,241.0,241.0,5910
FSL,2026-04-17 14:37:00,241.0,241.0,240.66,240.69,11792
FSL,2026-04-17 14:38:00,240.71,240.81,240.61,240.8,4234
FSL,2026-04-17 14:39:00,240.8,240.81,240.71,240.8,4144
FSL,2026-04-17 14:40:00,240.71,241.07,240.71,240.91,19209
FSL,2026-04-17 14:41:00,240.89,241.02,240.69,241.02,7753
FSL,2026-04-17 14:42:00,241.02,241.05,240.86,240.99,2214
FSL,2026-04-17 14:43:00,240.99,240.99,240.8,240.81,2053
FSL,2026-04-17 14:44:00,240.81,241.18,240.81,241.07,15293
FSL,2026-04-17 14:45:00,241.16,241.2,241.02,241.2,3059
FSL,2026-04-17 14:46:00,241.15,241.2,241.0,241.0,6455
FSL,2026-04-17 14:47:00,240.99,241.19,240.99,241.0,7001
FSL,2026-04-17 14:48:00,241.13,241.35,241.07,241.24,9382
FSL,2026-04-17 14:49:00,241.23,241.37,241.07,241.17,13479
FSL,2026-04-17 14:50:00,241.18,241.36,241.15,241.16,2065
FSL,2026-04-17 14:51:00,241.3,241.3,241.16,241.17,5748
FSL,2026-04-17 14:52:00,241.17,241.23,241.02,241.16,6881
FSL,2026-04-17 14:53:00,241.16,241.17,241.0,241.05,3014
FSL,2026-04-17 14:54:00,241.14,241.14,241.0,241.07,6236
FSL,2026-04-17 14:55:00,241.07,241.07,240.71,240.8,13256
FSL,2026-04-17 14:56:00,240.87,240.94,240.7,240.8,4033
FSL,2026-04-17 14:57:00,240.81,241.2,240.81,241.05,23092
FSL,2026-04-17 14:58:00,241.05,241.05,240.83,240.97,3882
FSL,2026-04-17 14:59:00,240.82,240.82,240.65,240.79,7407
FSL,2026-04-17 15:00:00,240.83,240.9,240.1,240.29,31614
FSL,2026-04-17 15:01:00,240.25,240.36,240.01,240.19,64521
FSL,2026-04-17 15:02:00,240.17,240.36,240.1,240.28,18921
FSL,2026-04-17 15:03:00,240.46,240.46,240.32,240.39,6109
FSL,2026-04-17 15:04:00,240.5,240.83,240.5,240.81,21810
FSL,2026-04-17 15:05:00,240.8,240.95,240.78,240.85,18775
FSL,2026-04-17 15:06:00,240.85,240.94,240.79,240.83,4814
FSL,2026-04-17 15:07:00,240.83,240.89,240.6,240.6,5789
FSL,2026-04-17 15:08:00,240.74,240.74,240.46,240.6,15273
FSL,2026-04-17 15:09:00,240.56,240.69,240.46,240.46,15731
FSL,2026-04-17 15:10:00,240.47,240.51,240.46,240.47,11117
FSL,2026-04-17 15:11:00,240.28,240.28,239.7,239.7,61568
FSL,2026-04-17 15:12:00,239.71,239.71,239.0,239.12,35086
FSL,2026-04-17 15:13:00,239.12,239.2,239.0,239.11,19670
FSL,2026-04-17 15:14:00,239.2,239.2,239.11,239.18,15076
FSL,2026-04-17 15:15:00,239.16,239.16,239.11,239.15,31167
FSL,2026-04-17 15:16:00,239.13,239.17,238.5,238.81,50389
FSL,2026-04-17 15:17:00,238.8,239.0,238.77,238.99,22014
FSL,2026-04-17 15:18:00,238.95,239.0,238.15,238.46,75955
FSL,2026-04-17 15:19:00,238.47,238.71,238.29,238.71,94389
FSL,2026-04-17 15:20:00,238.7,239.36,238.7,239.36,18202
FSL,2026-04-17 15:21:00,239.36,239.75,239.29,239.7,72464
FSL,2026-04-17 15:22:00,239.75,239.8,239.7,239.8,20384
FSL,2026-04-17 15:23:00,239.8,239.8,239.51,239.63,32839
FSL,2026-04-17 15:24:00,239.53,239.53,238.0,238.77,136063
FSL,2026-04-17 15:25:00,238.75,238.88,238.05,238.42,54423
FSL,2026-04-17 15:26:00,238.55,238.83,238.36,238.65,17112
FSL,2026-04-17 15:27:00,238.8,238.94,238.8,238.93,13034
FSL,2026-04-17 15:28:00,238.94,238.95,238.85,238.85,17482
FSL,2026-04-17 15:29:00,238.85,238.85,238.5,238.7,23888
FSL,2026-04-20 09:15:00,239.44,240.38,236.1,237.32,56518
FSL,2026-04-20 09:16:00,237.24,237.24,235.21,235.21,71694
FSL,2026-04-20 09:17:00,235.22,235.44,234.52,235.41,68163
FSL,2026-04-20 09:18:00,235.7,236.66,235.48,236.31,15911
FSL,2026-04-20 09:19:00,236.11,236.5,236.0,236.44,15249
FSL,2026-04-20 09:20:00,235.8,236.43,235.8,236.36,24437
FSL,2026-04-20 09:21:00,236.36,237.0,236.36,237.0,10860
FSL,2026-04-20 09:22:00,237.03,237.26,236.7,236.7,26456
FSL,2026-04-20 09:23:00,236.82,236.88,236.07,236.29,26033
FSL,2026-04-20 09:24:00,236.2,236.45,236.2,236.33,9172
FSL,2026-04-20 09:25:00,236.23,236.45,236.0,236.17,9452
FSL,2026-04-20 09:26:00,236.26,236.33,235.41,235.41,13031
FSL,2026-04-20 09:27:00,235.2,235.55,234.9,235.0,35091
FSL,2026-04-20 09:28:00,234.99,235.47,234.81,235.2,21971
FSL,2026-04-20 09:29:00,235.43,235.45,234.12,234.12,31668
FSL,2026-04-20 09:30:00,233.63,234.17,233.21,233.23,53621
FSL,2026-04-20 09:31:00,233.24,233.39,232.2,232.89,47511
FSL,2026-04-20 09:32:00,232.8,232.84,232.5,232.61,19689
FSL,2026-04-20 09:33:00,232.65,233.13,232.65,233.1,14210
FSL,2026-04-20 09:34:00,233.23,233.52,232.94,233.15,17004
FSL,2026-04-20 09:35:00,233.22,233.22,232.96,233.22,7297
FSL,2026-04-20 09:36:00,233.22,233.22,232.82,233.0,8068
FSL,2026-04-20 09:37:00,233.0,233.0,232.6,232.76,5295
FSL,2026-04-20 09:38:00,232.6,232.96,232.4,232.89,20870
FSL,2026-04-20 09:39:00,232.79,232.79,232.59,232.61,4197
FSL,2026-04-20 09:40:00,232.61,232.61,232.4,232.54,9570
FSL,2026-04-20 09:41:00,232.54,232.61,232.5,232.54,9387
FSL,2026-04-20 09:42:00,232.5,232.89,232.49,232.89,23486
FSL,2026-04-20 09:43:00,232.89,232.89,232.7,232.87,13029
FSL,2026-04-20 09:44:00,232.92,232.92,232.3,232.47,13363
FSL,2026-04-20 09:45:00,232.3,232.59,232.3,232.5,5368
FSL,2026-04-20 09:46:00,232.5,232.5,232.2,232.47,12122
FSL,2026-04-20 09:47:00,232.33,232.38,232.2,232.38,2456
FSL,2026-04-20 09:48:00,232.33,232.75,232.33,232.54,4018
FSL,2026-04-20 09:49:00,232.41,232.6,232.38,232.46,2654
FSL,2026-04-20 09:50:00,232.58,232.85,232.5,232.85,5151
FSL,2026-04-20 09:51:00,232.84,233.0,232.82,232.84,3542
FSL,2026-04-20 09:52:00,232.95,233.4,232.9,233.4,6032
FSL,2026-04-20 09:53:00,233.2,233.43,233.19,233.32,13007
FSL,2026-04-20 09:54:00,233.22,233.32,233.2,233.21,4153
FSL,2026-04-20 09:55:00,233.32,233.5,233.32,233.5,2420
FSL,2026-04-20 09:56:00,233.4,233.4,232.7,232.88,22837
FSL,2026-04-20 09:57:00,232.7,232.88,232.7,232.76,1959
FSL,2026-04-20 09:58:00,232.79,232.88,232.79,232.88,1837
FSL,2026-04-20 09:59:00,232.88,232.88,232.7,232.81,2472
FSL,2026-04-20 10:00:00,232.81,232.85,232.7,232.7,1302
FSL,2026-04-20 10:01:00,232.7,232.96,232.7,232.79,4253
FSL,2026-04-20 10:02:00,232.94,232.99,232.79,232.95,2182
FSL,2026-04-20 10:03:00,232.95,233.11,232.81,233.11,4428
FSL,2026-04-20 10:04:00,233.11,233.3,232.85,233.3,6016
FSL,2026-04-20 10:05:00,233.3,233.34,233.12,233.16,2650
FSL,2026-04-20 10:06:00,233.16,233.36,233.16,233.36,5525
FSL,2026-04-20 10:07:00,233.4,233.67,233.3,233.5,7618
FSL,2026-04-20 10:08:00,233.69,233.85,233.54,233.61,10371
FSL,2026-04-20 10:09:00,233.63,233.8,233.36,233.44,11354
FSL,2026-04-20 10:10:00,233.44,233.61,233.33,233.44,3573
FSL,2026-04-20 10:11:00,233.44,233.46,233.2,233.32,2290
FSL,2026-04-20 10:12:00,233.42,233.85,233.32,233.49,11538
FSL,2026-04-20 10:13:00,233.5,233.55,233.33,233.53,3079
FSL,2026-04-20 10:14:00,233.55,233.55,233.2,233.37,4493
FSL,2026-04-20 10:15:00,233.21,233.5,233.21,233.39,1269
FSL,2026-04-20 10:16:00,233.27,233.45,233.25,233.31,2339
FSL,2026-04-20 10:17:00,233.31,233.42,233.27,233.42,1656
FSL,2026-04-20 10:18:00,233.36,233.54,233.3,233.42,3411
FSL,2026-04-20 10:19:00,233.42,233.42,233.1,233.15,3316
FSL,2026-04-20 10:20:00,233.28,233.37,233.01,233.01,5441
FSL,2026-04-20 10:21:00,233.0,233.16,233.0,233.1,2030
FSL,2026-04-20 10:22:00,233.1,233.2,233.0,233.09,2526
FSL,2026-04-20 10:23:00,233.09,233.5,233.06,233.42,2952
FSL,2026-04-20 10:24:00,233.42,233.5,233.36,233.4,1345
FSL,2026-04-20 10:25:00,233.4,233.55,233.24,233.55,3584
FSL,2026-04-20 10:26:00,233.55,233.8,233.55,233.8,4770
FSL,2026-04-20 10:27:00,233.8,233.81,233.46,233.46,9207
FSL,2026-04-20 10:28:00,233.46,233.76,233.46,233.74,804
FSL,2026-04-20 10:29:00,233.74,233.85,233.74,233.75,1055
FSL,2026-04-20 10:30:00,233.85,233.94,233.67,233.94,5022
FSL,2026-04-20 10:31:00,233.94,233.95,233.65,233.95,8260
FSL,2026-04-20 10:32:00,233.93,233.97,233.93,233.95,762
FSL,2026-04-20 10:33:00,233.98,234.03,233.9,233.97,14353
FSL,2026-04-20 10:34:00,234.04,234.22,234.0,234.18,5653
FSL,2026-04-20 10:35:00,234.04,234.32,234.04,234.32,6332
FSL,2026-04-20 10:36:00,234.36,234.36,233.9,233.9,7007
FSL,2026-04-20 10:37:00,234.0,234.15,233.92,234.03,4766
FSL,2026-04-20 10:38:00,234.17,234.17,234.02,234.12,313
FSL,2026-04-20 10:39:00,234.12,234.14,233.95,233.96,2693
FSL,2026-04-20 10:40:00,233.96,234.35,233.96,234.35,1769
FSL,2026-04-20 10:41:00,234.35,234.45,234.19,234.21,6666
FSL,2026-04-20 10:42:00,234.31,234.4,234.19,234.22,2607
FSL,2026-04-20 10:43:00,234.22,234.42,234.19,234.41,5850
FSL,2026-04-20 10:44:00,234.42,234.42,234.2,234.38,1272
FSL,2026-04-20 10:45:00,234.19,234.3,234.1,234.18,7075
FSL,2026-04-20 10:46:00,234.1,234.1,233.95,233.95,2650
FSL,2026-04-20 10:47:00,233.94,234.08,233.94,234.08,3698
FSL,2026-04-20 10:48:00,234.08,234.2,234.0,234.0,1545
FSL,2026-04-20 10:49:00,233.96,234.0,233.95,234.0,1106
FSL,2026-04-20 10:50:00,234.0,234.0,233.84,233.94,2532
FSL,2026-04-20 10:51:00,233.94,233.94,233.8,233.8,958
FSL,2026-04-20 10:52:00,233.8,234.05,233.8,234.04,1135
FSL,2026-04-20 10:53:00,234.04,234.19,234.01,234.19,1877
FSL,2026-04-20 10:54:00,234.19,234.34,234.1,234.34,2027
FSL,2026-04-20 10:55:00,234.34,234.38,234.2,234.38,2925
FSL,2026-04-20 10:56:00,234.38,234.4,234.3,234.38,966
FSL,2026-04-20 10:57:00,234.38,234.38,234.1,234.2,705
FSL,2026-04-20 10:58:00,234.2,234.22,234.04,234.22,821
FSL,2026-04-20 10:59:00,234.22,234.22,234.03,234.16,1859
FSL,2026-04-20 11:00:00,234.16,234.23,234.09,234.09,471
FSL,2026-04-20 11:01:00,234.09,234.23,234.09,234.22,775
FSL,2026-04-20 11:02:00,234.22,234.35,234.05,234.29,3038
FSL,2026-04-20 11:03:00,234.29,234.4,234.22,234.4,2151
FSL,2026-04-20 11:04:00,234.4,234.46,234.26,234.46,3434
FSL,2026-04-20 11:05:00,234.5,234.68,234.5,234.6,2032
FSL,2026-04-20 11:06:00,234.6,234.6,234.55,234.6,4458
FSL,2026-04-20 11:07:00,234.6,234.7,234.6,234.6,565
FSL,2026-04-20 11:08:00,234.7,234.7,234.6,234.6,2413
FSL,2026-04-20 11:09:00,234.5,234.79,234.5,234.7,22606
FSL,2026-04-20 11:10:00,234.94,235.27,234.8,235.19,16694
FSL,2026-04-20 11:11:00,235.09,235.29,235.0,235.09,7256
FSL,2026-04-20 11:12:00,235.06,235.2,235.06,235.07,1779
FSL,2026-04-20 11:13:00,235.21,235.25,234.9,235.25,16344
FSL,2026-04-20 11:14:00,235.0,235.22,235.0,235.1,5327
FSL,2026-04-20 11:15:00,235.1,235.2,234.94,235.0,1924
FSL,2026-04-20 11:16:00,235.0,235.19,234.9,234.9,4355
FSL,2026-04-20 11:17:00,234.7,234.75,234.56,234.56,1550
FSL,2026-04-20 11:18:00,234.56,234.93,234.51,234.93,6865
FSL,2026-04-20 11:19:00,234.96,234.96,234.77,234.77,228
FSL,2026-04-20 11:20:00,234.77,234.85,234.77,234.77,104
FSL,2026-04-20 11:21:00,234.77,234.94,234.75,234.8,1608
FSL,2026-04-20 11:22:00,234.81,234.9,234.81,234.85,111
FSL,2026-04-20 11:23:00,235.0,236.25,235.0,236.08,21610
FSL,2026-04-20 11:24:00,235.94,236.25,235.87,236.1,12271
FSL,2026-04-20 11:25:00,236.1,236.38,236.1,236.35,3205
FSL,2026-04-20 11:26:00,236.27,236.36,236.24,236.3,3787
FSL,2026-04-20 11:27:00,236.29,236.4,236.13,236.3,9604
FSL,2026-04-20 11:28:00,236.3,236.5,236.0,236.39,14363
FSL,2026-04-20 11:29:00,236.39,236.39,236.01,236.01,2611
FSL,2026-04-20 11:30:00,236.19,236.19,236.0,236.02,4396
FSL,2026-04-20 11:31:00,236.02,236.11,235.92,236.1,6052
FSL,2026-04-20 11:32:00,236.1,236.1,235.87,235.87,787
FSL,2026-04-20 11:33:00,235.87,235.98,235.82,235.98,356
FSL,2026-04-20 11:34:00,235.87,236.0,235.73,236.0,1454
FSL,2026-04-20 11:35:00,236.0,236.25,235.93,236.05,8203
FSL,2026-04-20 11:36:00,236.05,236.4,235.9,236.4,1793
FSL,2026-04-20 11:37:00,236.4,236.4,236.23,236.4,1997
FSL,2026-04-20 11:38:00,236.39,236.39,236.12,236.21,2282
FSL,2026-04-20 11:39:00,236.21,236.38,236.21,236.25,506
FSL,2026-04-20 11:40:00,236.25,236.32,236.25,236.25,5
FSL,2026-04-20 11:41:00,236.25,236.32,236.11,236.32,7126
FSL,2026-04-20 11:42:00,236.32,236.42,236.25,236.28,2785
FSL,2026-04-20 11:43:00,236.25,236.36,236.2,236.3,2132
FSL,2026-04-20 11:44:00,236.3,236.5,236.3,236.33,1737
FSL,2026-04-20 11:45:00,236.45,236.57,236.33,236.33,8884
FSL,2026-04-20 11:46:00,236.33,236.6,236.33,236.4,4528
FSL,2026-04-20 11:47:00,236.38,236.57,236.33,236.33,1977
FSL,2026-04-20 11:48:00,236.33,236.52,236.33,236.34,3117
FSL,2026-04-20 11:49:00,236.34,236.5,236.34,236.5,140
FSL,2026-04-20 11:50:00,236.5,236.5,236.34,236.49,4426
FSL,2026-04-20 11:51:00,236.49,236.5,236.3,236.4,1452
FSL,2026-04-20 11:52:00,236.4,236.66,236.38,236.38,2653
FSL,2026-04-20 11:53:00,236.38,236.4,236.2,236.2,1191
FSL,2026-04-20 11:54:00,236.2,236.37,236.04,236.27,2892
FSL,2026-04-20 11:55:00,236.37,236.37,236.23,236.37,1371
FSL,2026-04-20 11:56:00,236.37,236.37,236.26,236.26,606
FSL,2026-04-20 11:57:00,236.23,236.31,236.2,236.3,2507
FSL,2026-04-20 11:58:00,236.25,236.35,236.2,236.2,2174
FSL,2026-04-20 11:59:00,236.2,236.2,235.89,236.15,6801
FSL,2026-04-20 12:00:00,236.15,236.15,235.81,236.03,5315
FSL,2026-04-20 12:01:00,235.88,235.91,235.79,235.79,1323
FSL,2026-04-20 12:02:00,235.79,235.8,235.67,235.8,780
FSL,2026-04-20 12:03:00,235.87,236.0,235.81,236.0,902
FSL,2026-04-20 12:04:00,236.0,236.0,235.8,235.8,620
FSL,2026-04-20 12:05:00,235.92,235.92,235.67,235.67,5687
FSL,2026-04-20 12:06:00,235.67,235.88,235.64,235.64,1999
FSL,2026-04-20 12:07:00,235.44,235.6,235.44,235.6,740
FSL,2026-04-20 12:08:00,235.6,235.79,235.58,235.79,1281
FSL,2026-04-20 12:09:00,235.79,235.79,235.49,235.54,522
FSL,2026-04-20 12:10:00,235.57,235.76,235.55,235.75,2024
FSL,2026-04-20 12:11:00,235.75,235.82,235.65,235.66,450
FSL,2026-04-20 12:12:00,235.66,235.83,235.66,235.83,1608
FSL,2026-04-20 12:13:00,235.83,236.0,235.75,235.98,4658
FSL,2026-04-20 12:14:00,235.98,235.98,235.75,235.9,404
FSL,2026-04-20 12:15:00,235.9,235.9,235.64,235.64,2654
FSL,2026-04-20 12:16:00,235.64,235.8,235.63,235.78,226
FSL,2026-04-20 12:17:00,235.78,235.78,235.7,235.75,175
FSL,2026-04-20 12:18:00,235.75,235.75,235.7,235.7,169
FSL,2026-04-20 12:19:00,235.7,235.7,235.54,235.7,507
FSL,2026-04-20 12:20:00,235.69,235.69,235.48,235.64,1553
FSL,2026-04-20 12:21:00,235.64,235.64,235.51,235.52,721
FSL,2026-04-20 12:22:00,235.52,235.6,235.48,235.6,693
FSL,2026-04-20 12:23:00,235.6,235.82,235.45,235.8,5488
FSL,2026-04-20 12:24:00,235.8,235.8,235.56,235.75,440
FSL,2026-04-20 12:25:00,235.75,235.75,235.56,235.69,674
FSL,2026-04-20 12:26:00,235.69,235.75,235.61,235.63,2544
FSL,2026-04-20 12:27:00,235.75,236.0,235.75,236.0,1306
FSL,2026-04-20 12:28:00,236.24,236.24,236.02,236.02,766
FSL,2026-04-20 12:29:00,236.02,236.1,236.0,236.06,373
FSL,2026-04-20 12:30:00,236.09,236.2,236.09,236.19,1258
FSL,2026-04-20 12:31:00,236.19,236.28,236.16,236.2,475
FSL,2026-04-20 12:32:00,236.21,236.35,236.21,236.34,1096
FSL,2026-04-20 12:33:00,236.35,236.37,236.35,236.37,189
FSL,2026-04-20 12:34:00,236.37,236.37,236.22,236.25,209
FSL,2026-04-20 12:35:00,236.34,236.34,236.17,236.29,585
FSL,2026-04-20 12:36:00,236.33,236.33,236.29,236.29,73
FSL,2026-04-20 12:37:00,236.29,236.38,236.28,236.33,1055
FSL,2026-04-20 12:38:00,236.33,236.33,236.17,236.33,379
FSL,2026-04-20 12:39:00,236.33,236.33,236.04,236.23,3372
FSL,2026-04-20 12:40:00,236.23,236.26,236.16,236.16,304
FSL,2026-04-20 12:41:00,236.16,236.21,236.07,236.21,354
FSL,2026-04-20 12:42:00,236.21,236.21,236.0,236.08,1049
FSL,2026-04-20 12:43:00,236.08,236.27,236.01,236.2,2758
FSL,2026-04-20 12:44:00,236.2,236.2,236.18,236.2,30
FSL,2026-04-20 12:45:00,236.2,236.33,236.09,236.33,449
FSL,2026-04-20 12:46:00,236.33,236.33,236.12,236.18,108
FSL,2026-04-20 12:47:00,236.18,236.34,236.18,236.34,2414
FSL,2026-04-20 12:48:00,236.5,236.5,236.41,236.48,1003
FSL,2026-04-20 12:49:00,236.48,236.51,236.3,236.31,2261
FSL,2026-04-20 12:50:00,236.31,236.4,236.3,236.4,371
FSL,2026-04-20 12:51:00,236.4,236.4,236.3,236.3,118
FSL,2026-04-20 12:52:00,236.24,236.4,236.24,236.4,1232
FSL,2026-04-20 12:53:00,236.4,236.41,236.35,236.41,66
FSL,2026-04-20 12:54:00,236.41,236.41,236.27,236.4,1667
FSL,2026-04-20 12:55:00,236.3,237.0,236.3,236.99,13022
FSL,2026-04-20 12:56:00,236.99,236.99,236.45,236.78,11857
FSL,2026-04-20 12:57:00,236.78,236.89,236.75,236.75,1071
FSL,2026-04-20 12:58:00,236.82,236.82,236.75,236.75,798
FSL,2026-04-20 12:59:00,236.75,236.9,236.7,236.7,3236
FSL,2026-04-20 13:00:00,236.85,236.85,236.23,236.59,8192
FSL,2026-04-20 13:01:00,236.56,236.74,236.54,236.59,1916
FSL,2026-04-20 13:02:00,236.59,236.87,236.59,236.72,2509
FSL,2026-04-20 13:03:00,236.73,236.73,236.61,236.73,166
FSL,2026-04-20 13:04:00,236.73,236.73,236.63,236.73,1567
FSL,2026-04-20 13:05:00,236.73,236.86,236.67,236.81,955
FSL,2026-04-20 13:06:00,236.81,236.86,236.65,236.65,382
FSL,2026-04-20 13:07:00,236.65,236.68,236.5,236.68,3837
FSL,2026-04-20 13:08:00,236.68,236.68,236.53,236.68,384
FSL,2026-04-20 13:09:00,236.68,236.68,236.5,236.67,548
FSL,2026-04-20 13:10:00,236.53,236.67,236.5,236.5,2622
FSL,2026-04-20 13:11:00,236.53,236.67,236.4,236.51,8847
FSL,2026-04-20 13:12:00,236.51,236.75,236.41,236.7,2041
FSL,2026-04-20 13:13:00,236.7,236.73,236.65,236.7,1581
FSL,2026-04-20 13:14:00,236.7,236.7,236.48,236.7,3191
FSL,2026-04-20 13:15:00,236.58,236.69,236.57,236.57,209
FSL,2026-04-20 13:16:00,236.39,236.56,236.39,236.54,5988
FSL,2026-04-20 13:17:00,236.54,236.65,236.35,236.35,1372
FSL,2026-04-20 13:18:00,236.35,236.43,236.25,236.3,1760
FSL,2026-04-20 13:19:00,236.3,236.4,236.27,236.4,202
FSL,2026-04-20 13:20:00,236.4,236.4,236.3,236.3,81
FSL,2026-04-20 13:21:00,236.3,236.3,236.0,236.0,2383
FSL,2026-04-20 13:22:00,236.0,236.03,235.89,235.89,3360
FSL,2026-04-20 13:23:00,235.8,235.8,235.08,235.08,29246
FSL,2026-04-20 13:24:00,235.06,235.32,235.02,235.02,18550
FSL,2026-04-20 13:25:00,235.16,235.16,235.0,235.0,2428
FSL,2026-04-20 13:26:00,235.0,235.14,235.0,235.14,1066
FSL,2026-04-20 13:27:00,234.8,234.88,234.7,234.74,5472
FSL,2026-04-20 13:28:00,234.74,234.74,234.2,234.25,28858
FSL,2026-04-20 13:29:00,234.25,234.53,234.2,234.51,1832
FSL,2026-04-20 13:30:00,234.62,234.68,234.5,234.52,1692
FSL,2026-04-20 13:31:00,234.52,234.7,234.52,234.7,383
FSL,2026-04-20 13:32:00,234.7,234.7,234.14,234.3,18694
FSL,2026-04-20 13:33:00,234.3,234.5,234.3,234.5,2795
FSL,2026-04-20 13:34:00,234.5,234.5,234.38,234.5,80
FSL,2026-04-20 13:35:00,234.7,234.7,234.46,234.7,15385
FSL,2026-04-20 13:36:00,234.7,234.7,234.4,234.44,7799
FSL,2026-04-20 13:37:00,234.44,234.55,234.44,234.55,529
FSL,2026-04-20 13:38:00,234.55,234.57,234.46,234.57,189
FSL,2026-04-20 13:39:00,234.57,234.57,234.46,234.47,536
FSL,2026-04-20 13:40:00,234.47,234.5,234.4,234.4,1230
FSL,2026-04-20 13:41:00,234.4,234.49,233.4,233.4,14234
FSL,2026-04-20 13:42:00,233.4,233.72,233.25,233.44,18055
FSL,2026-04-20 13:43:00,233.59,233.73,233.44,233.64,8080
FSL,2026-04-20 13:44:00,233.82,234.12,233.82,234.0,5488
FSL,2026-04-20 13:45:00,234.0,234.09,234.0,234.09,732
FSL,2026-04-20 13:46:00,234.09,234.09,233.93,234.03,2198
FSL,2026-04-20 13:47:00,234.05,234.22,233.9,234.22,4110
FSL,2026-04-20 13:48:00,234.22,234.38,234.2,234.27,1146
FSL,2026-04-20 13:49:00,234.2,234.22,234.13,234.22,467
FSL,2026-04-20 13:50:00,234.22,234.22,234.17,234.21,2477
FSL,2026-04-20 13:51:00,234.21,234.21,234.1,234.1,585
FSL,2026-04-20 13:52:00,234.1,234.19,234.0,234.06,778
FSL,2026-04-20 13:53:00,234.06,234.15,233.99,233.99,3347
FSL,2026-04-20 13:54:00,233.99,234.2,233.99,234.01,1997
FSL,2026-04-20 13:55:00,234.01,234.17,234.01,234.16,117
FSL,2026-04-20 13:56:00,234.16,234.29,234.0,234.2,3735
FSL,2026-04-20 13:57:00,234.2,234.2,234.01,234.2,731
FSL,2026-04-20 13:58:00,234.15,234.2,234.15,234.2,161
FSL,2026-04-20 13:59:00,234.2,234.2,234.15,234.15,1
FSL,2026-04-20 14:00:00,234.15,234.21,234.02,234.2,1293
FSL,2026-04-20 14:01:00,234.1,234.19,234.0,234.11,6247
FSL,2026-04-20 14:02:00,234.11,234.11,234.0,234.1,821
FSL,2026-04-20 14:03:00,234.1,234.1,233.96,234.06,531
FSL,2026-04-20 14:04:00,234.06,234.06,234.01,234.05,218
FSL,2026-04-20 14:05:00,234.05,234.06,233.95,233.99,564
FSL,2026-04-20 14:06:00,233.91,233.91,233.9,233.9,222
FSL,2026-04-20 14:07:00,233.94,234.04,233.9,233.95,2958
FSL,2026-04-20 14:08:00,233.95,234.0,233.9,234.0,2200
FSL,2026-04-20 14:09:00,234.0,234.0,233.9,233.9,277
FSL,2026-04-20 14:10:00,233.9,234.07,233.9,234.0,1201
FSL,2026-04-20 14:11:00,234.07,234.07,233.71,233.71,8753
FSL,2026-04-20 14:12:00,233.71,233.91,233.71,233.78,601
FSL,2026-04-20 14:13:00,233.91,233.93,233.78,233.93,1285
FSL,2026-04-20 14:14:00,233.93,234.0,233.92,234.0,241
FSL,2026-04-20 14:15:00,234.0,234.0,233.95,233.96,564
FSL,2026-04-20 14:16:00,233.97,233.97,233.95,233.95,824
FSL,2026-04-20 14:17:00,233.95,233.95,233.9,233.95,1736
FSL,2026-04-20 14:18:00,233.95,233.95,233.9,233.9,658
FSL,2026-04-20 14:19:00,233.9,234.0,233.9,234.0,1087
FSL,2026-04-20 14:20:00,233.99,233.99,233.95,233.99,241
FSL,2026-04-20 14:21:00,233.99,233.99,233.9,233.95,688
FSL,2026-04-20 14:22:00,233.95,234.0,233.95,233.95,623
FSL,2026-04-20 14:23:00,233.95,234.14,233.95,234.14,7219
FSL,2026-04-20 14:24:00,234.14,234.21,234.14,234.21,3607
FSL,2026-04-20 14:25:00,234.21,234.33,234.08,234.2,2790
FSL,2026-04-20 14:26:00,234.2,234.2,234.13,234.15,667
FSL,2026-04-20 14:27:00,234.15,234.21,234.0,234.21,680
FSL,2026-04-20 14:28:00,234.21,234.25,234.21,234.25,797
FSL,2026-04-20 14:29:00,234.25,234.45,234.25,234.28,2734
FSL,2026-04-20 14:30:00,234.36,234.4,234.3,234.39,867
FSL,2026-04-20 14:31:00,234.39,234.4,234.21,234.21,878
FSL,2026-04-20 14:32:00,234.26,234.3,234.19,234.19,881
FSL,2026-04-20 14:33:00,234.26,234.35,234.21,234.34,6147
FSL,2026-04-20 14:34:00,234.34,234.34,234.34,234.34,175
FSL,2026-04-20 14:35:00,234.24,234.34,234.24,234.34,124
FSL,2026-04-20 14:36:00,234.34,234.34,234.31,234.31,1670
FSL,2026-04-20 14:37:00,234.31,234.33,234.31,234.33,427
FSL,2026-04-20 14:38:00,234.33,234.34,234.24,234.24,2097
FSL,2026-04-20 14:39:00,234.2,234.2,234.19,234.19,94
FSL,2026-04-20 14:40:00,234.19,234.24,234.18,234.24,1233
FSL,2026-04-20 14:41:00,234.24,234.25,234.2,234.25,310
FSL,2026-04-20 14:42:00,234.2,234.34,234.2,234.2,8413
FSL,2026-04-20 14:43:00,234.2,234.2,234.0,234.0,11512
FSL,2026-04-20 14:44:00,234.11,234.11,234.0,234.05,874
FSL,2026-04-20 14:45:00,234.05,234.11,234.04,234.04,278
FSL,2026-04-20 14:46:00,234.04,234.04,233.9,233.96,5635
FSL,2026-04-20 14:47:00,233.9,234.13,233.9,233.97,9128
FSL,2026-04-20 14:48:00,233.94,234.0,233.94,234.0,780
FSL,2026-04-20 14:49:00,234.0,234.0,233.94,233.94,922
FSL,2026-04-20 14:50:00,233.94,233.98,233.88,233.92,1447
FSL,2026-04-20 14:51:00,233.92,234.0,233.83,234.0,883
FSL,2026-04-20 14:52:00,234.0,234.0,233.87,233.9,536
FSL,2026-04-20 14:53:00,233.9,234.0,233.78,233.78,2241
FSL,2026-04-20 14:54:00,233.71,233.96,233.7,233.96,1139
FSL,2026-04-20 14:55:00,233.96,233.99,233.85,233.88,824
FSL,2026-04-20 14:56:00,233.81,233.95,233.81,233.89,827
FSL,2026-04-20 14:57:00,233.89,234.2,233.89,234.06,6697
FSL,2026-04-20 14:58:00,234.06,234.19,233.93,233.94,1989
FSL,2026-04-20 14:59:00,234.12,234.12,233.92,234.09,1522
FSL,2026-04-20 15:00:00,234.01,234.08,233.98,234.0,2333
FSL,2026-04-20 15:01:00,234.06,234.06,233.92,233.94,964
FSL,2026-04-20 15:02:00,233.92,233.98,233.81,233.81,1800
FSL,2026-04-20 15:03:00,233.87,233.92,233.81,233.89,1693
FSL,2026-04-20 15:04:00,233.82,233.86,233.81,233.81,2138
FSL,2026-04-20 15:05:00,233.81,233.89,233.81,233.86,1985
FSL,2026-04-20 15:06:00,233.89,234.0,233.81,233.96,6568
FSL,2026-04-20 15:07:00,233.84,233.96,233.81,233.81,2358
FSL,2026-04-20 15:08:00,233.81,233.92,233.81,233.82,1540
FSL,2026-04-20 15:09:00,233.82,234.01,233.82,233.84,45548
FSL,2026-04-20 15:10:00,233.84,233.96,233.83,233.93,2960
FSL,2026-04-20 15:11:00,233.91,233.93,233.91,233.93,863
FSL,2026-04-20 15:12:00,233.93,234.18,233.91,234.17,6574
FSL,2026-04-20 15:13:00,234.17,234.18,233.98,234.0,3678
FSL,2026-04-20 15:14:00,234.0,234.0,233.91,233.91,1643
FSL,2026-04-20 15:15:00,233.91,233.93,233.8,233.8,13279
FSL,2026-04-20 15:16:00,233.54,233.65,233.33,233.4,6691
FSL,2026-04-20 15:17:00,233.31,233.47,233.24,233.43,5748
FSL,2026-04-20 15:18:00,233.32,233.41,233.24,233.27,19181
FSL,2026-04-20 15:19:00,233.36,233.36,233.02,233.18,8114
FSL,2026-04-20 15:20:00,233.45,233.45,233.22,233.38,8992
FSL,2026-04-20 15:21:00,233.31,233.39,233.2,233.27,9774
FSL,2026-04-20 15:22:00,232.82,232.82,232.56,232.58,28805
FSL,2026-04-20 15:23:00,232.55,232.55,232.25,232.28,9814
FSL,2026-04-20 15:24:00,232.26,232.3,232.25,232.25,17005
FSL,2026-04-20 15:25:00,232.25,232.25,232.2,232.2,6904
FSL,2026-04-20 15:26:00,232.2,232.2,232.0,232.0,23829
FSL,2026-04-20 15:27:00,232.05,232.5,231.98,232.5,21649
FSL,2026-04-20 15:28:00,232.4,232.49,232.0,232.25,16882
FSL,2026-04-20 15:29:00,232.25,232.39,231.48,232.3,11956
FSL,2026-04-21 09:15:00,233.09,233.65,231.1,231.68,24062
FSL,2026-04-21 09:16:00,231.56,232.82,231.56,232.14,25278
FSL,2026-04-21 09:17:00,232.17,233.35,232.17,232.87,14827
FSL,2026-04-21 09:18:00,233.0,234.0,233.0,233.36,15087
FSL,2026-04-21 09:19:00,233.2,233.39,233.0,233.08,12110
FSL,2026-04-21 09:20:00,233.08,233.18,232.75,232.88,21531
FSL,2026-04-21 09:21:00,232.56,232.96,232.56,232.82,6277
FSL,2026-04-21 09:22:00,233.15,233.18,232.63,232.63,18694
FSL,2026-04-21 09:23:00,232.53,232.54,231.96,231.96,9004
FSL,2026-04-21 09:24:00,232.0,232.13,231.6,231.81,8081
FSL,2026-04-21 09:25:00,231.6,231.73,231.5,231.5,7810
FSL,2026-04-21 09:26:00,231.5,231.86,231.4,231.4,9857
FSL,2026-04-21 09:27:00,231.35,232.71,231.35,231.86,11226
FSL,2026-04-21 09:28:00,232.12,232.12,231.7,231.84,6052
FSL,2026-04-21 09:29:00,231.92,232.15,231.84,232.06,2692
FSL,2026-04-21 09:30:00,232.11,232.36,231.84,231.96,10520
FSL,2026-04-21 09:31:00,231.95,231.95,231.86,231.92,3397
FSL,2026-04-21 09:32:00,232.0,232.0,231.53,231.53,16973
FSL,2026-04-21 09:33:00,231.6,232.05,231.4,232.05,31405
FSL,2026-04-21 09:34:00,232.19,232.46,232.19,232.46,8423
FSL,2026-04-21 09:35:00,232.46,232.46,232.39,232.43,2645
FSL,2026-04-21 09:36:00,232.65,232.9,232.35,232.5,9689
FSL,2026-04-21 09:37:00,232.5,232.77,232.5,232.59,1630
FSL,2026-04-21 09:38:00,232.67,232.78,232.56,232.71,4684
FSL,2026-04-21 09:39:00,232.75,232.78,232.65,232.75,1888
FSL,2026-04-21 09:40:00,232.75,232.75,232.5,232.5,364
FSL,2026-04-21 09:41:00,232.57,232.9,232.57,232.9,2231
FSL,2026-04-21 09:42:00,232.9,232.9,232.66,232.85,2984
FSL,2026-04-21 09:43:00,232.74,232.83,232.62,232.83,1605
FSL,2026-04-21 09:44:00,232.9,232.98,232.81,232.84,1772
FSL,2026-04-21 09:45:00,232.84,232.93,232.65,232.92,4627
FSL,2026-04-21 09:46:00,232.92,232.92,232.74,232.81,1716
FSL,2026-04-21 09:47:00,232.71,232.74,232.61,232.73,2148
FSL,2026-04-21 09:48:00,232.73,232.73,232.58,232.69,266
FSL,2026-04-21 09:49:00,232.69,232.74,232.5,232.68,1389
FSL,2026-04-21 09:50:00,232.5,232.81,232.5,232.81,1556
FSL,2026-04-21 09:51:00,232.85,232.85,232.66,232.81,522
FSL,2026-04-21 09:52:00,232.81,232.81,232.03,232.03,3008
FSL,2026-04-21 09:53:00,232.21,232.27,232.0,232.16,2867
FSL,2026-04-21 09:54:00,232.16,232.31,232.03,232.31,1892
FSL,2026-04-21 09:55:00,232.31,232.39,232.31,232.34,3168
FSL,2026-04-21 09:56:00,232.34,232.34,232.25,232.25,854
FSL,2026-04-21 09:57:00,232.25,232.25,232.1,232.1,700
FSL,2026-04-21 09:58:00,232.1,232.47,232.1,232.34,5166
FSL,2026-04-21 09:59:00,232.34,232.44,232.27,232.44,802
FSL,2026-04-21 10:00:00,232.3,232.49,232.3,232.46,791
FSL,2026-04-21 10:01:00,232.46,232.46,232.09,232.27,14085
FSL,2026-04-21 10:02:00,232.27,232.3,232.13,232.3,2213
FSL,2026-04-21 10:03:00,232.3,232.35,232.18,232.18,537
FSL,2026-04-21 10:04:00,232.18,232.29,232.18,232.29,112
FSL,2026-04-21 10:05:00,232.29,232.29,232.15,232.15,465
FSL,2026-04-21 10:06:00,232.15,232.35,232.15,232.28,1730
FSL,2026-04-21 10:07:00,232.3,232.4,232.23,232.4,1053
FSL,2026-04-21 10:08:00,232.47,232.5,232.29,232.49,3723
FSL,2026-04-21 10:09:00,232.49,232.49,232.09,232.15,5498
FSL,2026-04-21 10:10:00,232.29,232.37,232.17,232.37,1860
FSL,2026-04-21 10:11:00,232.26,232.46,232.26,232.46,229
FSL,2026-04-21 10:12:00,232.46,232.67,232.46,232.67,3713
FSL,2026-04-21 10:13:00,232.55,232.95,232.55,232.86,667
FSL,2026-04-21 10:14:00,232.86,232.86,232.68,232.8,967
FSL,2026-04-21 10:15:00,232.71,232.86,232.68,232.71,3373
FSL,2026-04-21 10:16:00,232.87,232.88,232.8,232.86,504
FSL,2026-04-21 10:17:00,232.99,233.0,232.86,233.0,1726
FSL,2026-04-21 10:18:00,232.89,233.02,232.89,233.02,2580
FSL,2026-04-21 10:19:00,233.02,233.2,232.9,233.02,1677
FSL,2026-04-21 10:20:00,233.02,233.12,232.86,232.97,6077
FSL,2026-04-21 10:21:00,232.97,232.97,232.86,232.86,201
FSL,2026-04-21 10:22:00,232.86,232.95,232.86,232.92,3631
FSL,2026-04-21 10:23:00,232.86,232.93,232.86,232.86,66
FSL,2026-04-21 10:24:00,232.86,233.0,232.86,233.0,246
FSL,2026-04-21 10:25:00,233.06,233.08,232.8,232.97,3058
FSL,2026-04-21 10:26:00,232.97,232.97,232.78,232.9,1923
FSL,2026-04-21 10:27:00,232.96,232.96,232.7,232.7,1344
FSL,2026-04-21 10:28:00,232.7,232.9,232.7,232.82,1700
FSL,2026-04-21 10:29:00,232.82,232.82,232.7,232.82,10
FSL,2026-04-21 10:30:00,232.82,232.82,232.7,232.7,13
FSL,2026-04-21 10:31:00,232.7,232.81,232.7,232.81,1100
FSL,2026-04-21 10:32:00,232.85,232.85,232.62,232.76,1900
FSL,2026-04-21 10:33:00,232.82,232.82,232.76,232.76,334
FSL,2026-04-21 10:34:00,232.76,232.76,232.74,232.74,81
FSL,2026-04-21 10:35:00,232.74,232.8,232.6,232.6,1158
FSL,2026-04-21 10:36:00,232.65,232.9,232.61,232.66,3694
FSL,2026-04-21 10:37:00,232.66,232.8,232.66,232.7,90
FSL,2026-04-21 10:38:00,232.7,232.77,232.58,232.59,1298
FSL,2026-04-21 10:39:00,232.59,232.68,232.53,232.53,173
FSL,2026-04-21 10:40:00,232.53,232.55,232.26,232.26,3840
FSL,2026-04-21 10:41:00,232.26,232.45,232.22,232.22,2200
FSL,2026-04-21 10:42:00,232.22,232.27,232.11,232.21,2867
FSL,2026-04-21 10:43:00,232.21,232.25,232.21,232.22,399
FSL,2026-04-21 10:44:00,232.22,232.32,232.21,232.3,7137
FSL,2026-04-21 10:45:00,232.36,232.45,232.21,232.39,1706
FSL,2026-04-21 10:46:00,232.25,232.39,232.24,232.39,1091
FSL,2026-04-21 10:47:00,232.39,232.39,232.3,232.38,124
FSL,2026-04-21 10:48:00,232.38,232.38,232.25,232.3,480
FSL,2026-04-21 10:49:00,232.25,232.3,232.2,232.25,545
FSL,2026-04-21 10:50:00,232.25,232.3,232.22,232.22,9247
FSL,2026-04-21 10:51:00,232.22,232.36,232.22,232.27,874
FSL,2026-04-21 10:52:00,232.36,232.38,232.27,232.36,396
FSL,2026-04-21 10:53:00,232.36,232.52,232.35,232.47,1341
FSL,2026-04-21 10:54:00,232.47,232.47,232.15,232.15,3224
FSL,2026-04-21 10:55:00,232.15,232.25,232.15,232.15,766
FSL,2026-04-21 10:56:00,232.23,232.26,232.23,232.26,127
FSL,2026-04-21 10:57:00,232.33,232.33,231.68,231.81,25163
FSL,2026-04-21 10:58:00,231.69,232.0,231.69,231.95,2908
FSL,2026-04-21 10:59:00,231.95,232.31,231.95,232.12,2988
FSL,2026-04-21 11:00:00,232.09,232.2,232.03,232.2,665
FSL,2026-04-21 11:01:00,232.01,232.2,231.97,231.97,4121
FSL,2026-04-21 11:02:00,232.1,232.18,231.9,232.18,4066
FSL,2026-04-21 11:03:00,232.21,232.3,232.18,232.22,1229
FSL,2026-04-21 11:04:00,232.22,232.33,232.21,232.3,747
FSL,2026-04-21 11:05:00,232.3,232.3,232.2,232.21,116
FSL,2026-04-21 11:06:00,232.3,232.5,232.3,232.32,2610
FSL,2026-04-21 11:07:00,232.32,232.46,232.32,232.46,235
FSL,2026-04-21 11:08:00,232.47,232.47,232.32,232.32,3210
FSL,2026-04-21 11:09:00,232.32,232.52,232.32,232.52,1118
FSL,2026-04-21 11:10:00,232.36,232.49,232.36,232.37,386
FSL,2026-04-21 11:11:00,232.37,232.51,232.37,232.51,445
FSL,2026-04-21 11:12:00,232.5,232.55,232.38,232.55,767
FSL,2026-04-21 11:13:00,232.4,232.5,232.4,232.4,134
FSL,2026-04-21 11:14:00,232.4,232.53,232.36,232.49,383
FSL,2026-04-21 11:15:00,232.49,232.49,232.3,232.3,108
FSL,2026-04-21 11:16:00,232.3,232.5,232.25,232.43,3334
FSL,2026-04-21 11:17:00,232.43,232.43,232.2,232.23,1076
FSL,2026-04-21 11:18:00,232.23,232.39,232.22,232.25,43
FSL,2026-04-21 11:19:00,232.25,232.39,232.25,232.39,85
FSL,2026-04-21 11:20:00,232.39,232.39,232.27,232.27,72
FSL,2026-04-21 11:21:00,232.27,232.38,232.27,232.35,2711
FSL,2026-04-21 11:22:00,232.35,232.35,232.2,232.2,923
FSL,2026-04-21 11:23:00,232.2,232.35,232.2,232.35,912
FSL,2026-04-21 11:24:00,232.35,232.35,232.2,232.2,206
FSL,2026-04-21 11:25:00,232.2,232.33,232.2,232.33,346
FSL,2026-04-21 11:26:00,232.33,232.33,232.2,232.31,209
FSL,2026-04-21 11:27:00,232.31,232.39,232.15,232.15,1909
FSL,2026-04-21 11:28:00,232.15,232.15,232.05,232.05,3588
FSL,2026-04-21 11:29:00,232.12,232.12,231.85,231.85,5391
FSL,2026-04-21 11:30:00,231.85,232.0,231.85,231.98,979
FSL,2026-04-21 11:31:00,231.95,231.95,231.75,231.75,473
FSL,2026-04-21 11:32:00,231.94,231.94,231.81,231.81,1502
FSL,2026-04-21 11:33:00,231.81,231.93,231.78,231.93,1159
FSL,2026-04-21 11:34:00,231.93,232.2,231.85,232.2,1782
FSL,2026-04-21 11:35:00,232.25,232.9,232.25,232.46,15931
FSL,2026-04-21 11:36:00,232.46,232.46,232.27,232.45,1004
FSL,2026-04-21 11:37:00,232.45,232.5,232.45,232.5,1147
FSL,2026-04-21 11:38:00,232.5,232.72,232.5,232.62,859
FSL,2026-04-21 11:39:00,232.75,232.84,232.53,232.64,721
FSL,2026-04-21 11:40:00,232.64,232.64,232.46,232.52,475
FSL,2026-04-21 11:41:00,232.52,232.64,232.29,232.42,1357
FSL,2026-04-21 11:42:00,232.42,232.42,232.24,232.24,321
FSL,2026-04-21 11:43:00,232.24,232.37,232.24,232.37,2
FSL,2026-04-21 11:44:00,232.37,232.37,232.3,232.37,421
FSL,2026-04-21 11:45:00,232.37,232.5,232.37,232.5,232
FSL,2026-04-21 11:46:00,232.59,232.59,232.35,232.49,3998
FSL,2026-04-21 11:47:00,232.49,232.55,232.43,232.55,1087
FSL,2026-04-21 11:48:00,232.55,232.59,232.41,232.41,195
FSL,2026-04-21 11:49:00,232.62,232.62,232.33,232.33,563
FSL,2026-04-21 11:50:00,232.33,232.51,232.33,232.51,198
FSL,2026-04-21 11:51:00,232.51,232.51,232.35,232.43,105
FSL,2026-04-21 11:52:00,232.43,232.43,232.32,232.35,532
FSL,2026-04-21 11:53:00,232.35,232.41,232.32,232.35,1481
FSL,2026-04-21 11:54:00,232.35,232.43,232.33,232.43,467
FSL,2026-04-21 11:55:00,232.41,232.83,232.41,232.75,8663
FSL,2026-04-21 11:56:00,232.75,232.96,232.68,232.9,1573
FSL,2026-04-21 11:57:00,232.9,232.99,232.69,232.72,733
FSL,2026-04-21 11:58:00,232.88,232.88,232.68,232.7,1200
FSL,2026-04-21 11:59:00,232.7,232.71,232.49,232.56,954
FSL,2026-04-21 12:00:00,232.7,232.7,232.57,232.67,1431
FSL,2026-04-21 12:01:00,232.66,232.66,232.56,232.66,1085
FSL,2026-04-21 12:02:00,232.66,232.66,232.53,232.57,493
FSL,2026-04-21 12:03:00,232.57,232.66,232.56,232.66,671
FSL,2026-04-21 12:04:00,232.66,232.66,232.5,232.5,2423
FSL,2026-04-21 12:05:00,232.55,232.55,232.5,232.5,573
FSL,2026-04-21 12:06:00,232.5,232.56,232.5,232.5,2086
FSL,2026-04-21 12:07:00,232.5,232.56,232.5,232.55,1062
FSL,2026-04-21 12:08:00,232.55,232.66,232.55,232.65,872
FSL,2026-04-21 12:09:00,232.56,232.77,232.56,232.77,434
FSL,2026-04-21 12:10:00,232.77,232.8,232.65,232.8,1083
FSL,2026-04-21 12:11:00,232.7,232.8,232.56,232.6,2726
FSL,2026-04-21 12:12:00,232.62,232.81,232.61,232.62,517
FSL,2026-04-21 12:13:00,232.62,232.75,232.62,232.75,1316
FSL,2026-04-21 12:14:00,232.75,232.9,232.71,232.76,1649
FSL,2026-04-21 12:15:00,232.76,232.8,232.76,232.8,4
FSL,2026-04-21 12:16:00,232.8,232.8,232.75,232.75,1418
FSL,2026-04-21 12:17:00,232.75,232.75,232.5,232.5,2355
FSL,2026-04-21 12:18:00,232.5,232.7,232.5,232.69,451
FSL,2026-04-21 12:19:00,232.69,232.72,232.56,232.6,257
FSL,2026-04-21 12:20:00,232.6,232.7,232.53,232.7,973
FSL,2026-04-21 12:21:00,232.7,232.74,232.6,232.7,459
FSL,2026-04-21 12:22:00,232.7,232.74,232.58,232.74,558
FSL,2026-04-21 12:23:00,232.74,232.74,232.58,232.58,348
FSL,2026-04-21 12:24:00,232.58,232.58,232.5,232.5,2213
FSL,2026-04-21 12:25:00,232.6,232.65,232.46,232.65,213
FSL,2026-04-21 12:26:00,232.65,232.65,232.48,232.48,204
FSL,2026-04-21 12:27:00,232.48,232.59,232.45,232.59,19
FSL,2026-04-21 12:28:00,232.59,232.59,232.49,232.49,4
FSL,2026-04-21 12:29:00,232.49,232.59,232.4,232.4,1345
FSL,2026-04-21 12:30:00,232.4,232.4,232.26,232.35,734
FSL,2026-04-21 12:31:00,232.35,232.35,232.21,232.21,836
FSL,2026-04-21 12:32:00,232.2,232.2,231.82,231.82,16498
FSL,2026-04-21 12:33:00,231.89,232.0,231.89,231.9,2115
FSL,2026-04-21 12:34:00,231.9,232.08,231.9,232.01,3130
FSL,2026-04-21 12:35:00,232.01,232.02,231.9,231.9,8921
FSL,2026-04-21 12:36:00,232.19,232.19,231.95,232.01,4164
FSL,2026-04-21 12:37:00,232.01,232.13,232.01,232.12,18
FSL,2026-04-21 12:38:00,232.12,232.13,231.61,231.66,5951
FSL,2026-04-21 12:39:00,231.66,231.82,231.66,231.79,456
FSL,2026-04-21 12:40:00,231.79,231.98,231.7,231.98,1591
FSL,2026-04-21 12:41:00,231.98,232.0,231.98,231.98,94
FSL,2026-04-21 12:42:00,231.98,232.0,231.98,232.0,22
FSL,2026-04-21 12:43:00,232.0,232.0,231.98,231.98,263
FSL,2026-04-21 12:44:00,231.98,232.0,231.8,231.8,461
FSL,2026-04-21 12:45:00,231.8,231.93,231.75,231.75,439
FSL,2026-04-21 12:46:00,231.75,231.88,231.75,231.76,794
FSL,2026-04-21 12:47:00,231.76,231.97,231.76,231.79,372
FSL,2026-04-21 12:48:00,231.79,231.97,231.77,231.81,189
FSL,2026-04-21 12:49:00,231.81,232.0,231.81,231.85,605
FSL,2026-04-21 12:50:00,231.85,232.03,231.85,231.85,439
FSL,2026-04-21 12:51:00,231.85,231.96,231.85,231.96,733
FSL,2026-04-21 12:52:00,231.96,232.03,231.85,232.03,513
FSL,2026-04-21 12:53:00,232.03,232.03,231.9,231.92,524
FSL,2026-04-21 12:54:00,231.94,232.1,231.94,232.0,635
FSL,2026-04-21 12:55:00,231.9,232.01,231.85,231.85,1849
FSL,2026-04-21 12:56:00,231.85,231.85,231.8,231.8,158
FSL,2026-04-21 12:57:00,231.8,231.83,231.8,231.8,348
FSL,2026-04-21 12:58:00,231.8,231.83,231.8,231.83,298
FSL,2026-04-21 12:59:00,231.83,231.83,231.8,231.8,296
FSL,2026-04-21 13:00:00,231.8,231.83,231.8,231.8,178
FSL,2026-04-21 13:01:00,231.8,231.83,231.8,231.83,303
FSL,2026-04-21 13:02:00,231.83,231.85,231.8,231.8,1030
FSL,2026-04-21 13:03:00,231.81,231.85,231.8,231.8,936
FSL,2026-04-21 13:04:00,231.8,231.81,231.8,231.81,171
FSL,2026-04-21 13:05:00,231.65,231.72,231.6,231.6,11936
FSL,2026-04-21 13:06:00,231.7,231.82,231.61,231.72,1291
FSL,2026-04-21 13:07:00,231.65,231.82,231.57,231.62,1040
FSL,2026-04-21 13:08:00,231.65,231.85,231.65,231.66,1382
FSL,2026-04-21 13:09:00,231.66,231.78,231.64,231.66,4
FSL,2026-04-21 13:10:00,231.66,231.76,231.65,231.76,99
FSL,2026-04-21 13:11:00,231.76,231.77,231.65,231.65,95
FSL,2026-04-21 13:12:00,231.65,231.77,231.61,231.75,317
FSL,2026-04-21 13:13:00,231.75,231.75,231.65,231.65,26
FSL,2026-04-21 13:14:00,231.65,231.65,231.6,231.6,1501
FSL,2026-04-21 13:15:00,231.6,231.61,231.6,231.61,93
FSL,2026-04-21 13:16:00,231.65,231.65,231.6,231.65,394
FSL,2026-04-21 13:17:00,231.65,231.65,231.6,231.61,44
FSL,2026-04-21 13:18:00,231.61,231.65,231.61,231.61,418
FSL,2026-04-21 13:19:00,231.61,231.65,231.61,231.65,696
FSL,2026-04-21 13:20:00,231.65,231.65,231.61,231.65,909
FSL,2026-04-21 13:21:00,231.65,231.65,231.6,231.61,245
FSL,2026-04-21 13:22:00,231.61,231.79,231.6,231.65,4423
FSL,2026-04-21 13:23:00,231.65,231.7,231.61,231.61,226
FSL,2026-04-21 13:24:00,231.61,231.66,231.61,231.66,300
FSL,2026-04-21 13:25:00,231.66,231.66,231.6,231.6,531
FSL,2026-04-21 13:26:00,231.66,231.66,231.6,231.66,538
FSL,2026-04-21 13:27:00,231.66,231.81,231.6,231.81,1253
FSL,2026-04-21 13:28:00,231.81,231.81,231.74,231.81,137
FSL,2026-04-21 13:29:00,231.81,231.81,231.61,231.7,2279
FSL,2026-04-21 13:30:00,231.7,231.81,231.7,231.81,108
FSL,2026-04-21 13:31:00,231.81,231.81,231.7,231.7,3
FSL,2026-04-21 13:32:00,231.7,231.81,231.7,231.7,8
FSL,2026-04-21 13:33:00,231.7,231.81,231.7,231.7,110
FSL,2026-04-21 13:34:00,231.7,231.75,231.7,231.75,5
FSL,2026-04-21 13:35:00,231.75,231.8,231.75,231.75,262
FSL,2026-04-21 13:36:00,231.75,231.75,231.71,231.71,243
FSL,2026-04-21 13:37:00,231.71,231.8,231.71,231.72,202
FSL,2026-04-21 13:38:00,231.72,231.72,231.61,231.61,726
FSL,2026-04-21 13:39:00,231.61,231.72,231.5,231.51,13789
FSL,2026-04-21 13:40:00,231.48,231.75,231.48,231.59,1011
FSL,2026-04-21 13:41:00,231.59,231.65,231.59,231.6,111
FSL,2026-04-21 13:42:00,231.6,231.75,231.5,231.5,182
FSL,2026-04-21 13:43:00,231.5,231.6,231.25,231.27,7300
FSL,2026-04-21 13:44:00,231.19,231.27,231.0,231.1,4024
FSL,2026-04-21 13:45:00,231.11,231.2,231.05,231.15,578
FSL,2026-04-21 13:46:00,231.15,231.38,231.15,231.25,816
FSL,2026-04-21 13:47:00,231.25,231.52,231.16,231.52,1271
FSL,2026-04-21 13:48:00,231.52,231.59,231.51,231.51,444
FSL,2026-04-21 13:49:00,231.52,231.52,231.45,231.45,364
FSL,2026-04-21 13:50:00,231.45,231.45,231.26,231.4,330
FSL,2026-04-21 13:51:00,231.4,231.46,231.27,231.33,563
FSL,2026-04-21 13:52:00,231.33,231.6,231.29,231.48,4045
FSL,2026-04-21 13:53:00,231.48,231.6,231.48,231.48,44
FSL,2026-04-21 13:54:00,231.48,231.71,231.48,231.71,102
FSL,2026-04-21 13:55:00,231.71,231.71,231.61,231.71,689
FSL,2026-04-21 13:56:00,231.61,231.71,231.61,231.62,86
FSL,2026-04-21 13:57:00,231.62,231.71,231.6,231.71,500
FSL,2026-04-21 13:58:00,231.71,231.71,231.65,231.65,110
FSL,2026-04-21 13:59:00,231.61,231.71,231.6,231.6,735
FSL,2026-04-21 14:00:00,231.6,231.71,231.5,231.5,3070
FSL,2026-04-21 14:01:00,231.6,231.6,231.55,231.55,12
FSL,2026-04-21 14:02:00,231.55,231.6,231.55,231.6,218
FSL,2026-04-21 14:03:00,231.61,231.61,231.6,231.6,253
FSL,2026-04-21 14:04:00,231.6,231.61,231.6,231.6,278
FSL,2026-04-21 14:05:00,231.6,231.65,231.6,231.65,605
FSL,2026-04-21 14:06:00,231.65,231.74,231.65,231.74,1286
FSL,2026-04-21 14:07:00,231.74,231.74,231.67,231.67,442
FSL,2026-04-21 14:08:00,231.67,231.67,231.67,231.67,1971
FSL,2026-04-21 14:09:00,231.67,231.67,231.48,231.5,1075
FSL,2026-04-21 14:10:00,231.5,231.5,231.48,231.48,61
FSL,2026-04-21 14:11:00,231.48,231.5,231.48,231.48,99
FSL,2026-04-21 14:12:00,231.48,231.5,231.48,231.5,23
FSL,2026-04-21 14:13:00,231.5,231.51,231.48,231.48,1711
FSL,2026-04-21 14:14:00,231.48,231.48,231.4,231.48,424
FSL,2026-04-21 14:15:00,231.48,231.48,231.34,231.37,924
FSL,2026-04-21 14:16:00,231.37,231.37,231.32,231.34,60
FSL,2026-04-21 14:17:00,231.34,231.34,231.27,231.27,602
FSL,2026-04-21 14:18:00,231.26,231.27,231.15,231.25,1142
FSL,2026-04-21 14:19:00,231.34,231.34,231.25,231.25,288
FSL,2026-04-21 14:20:00,231.25,231.34,231.25,231.3,600
FSL,2026-04-21 14:21:00,231.46,231.46,231.33,231.4,1492
FSL,2026-04-21 14:22:00,231.4,231.48,231.4,231.48,868
FSL,2026-04-21 14:23:00,231.48,231.5,231.45,231.45,13
FSL,2026-04-21 14:24:00,231.45,231.45,231.45,231.45,174
FSL,2026-04-21 14:25:00,231.45,231.5,231.27,231.42,2936
FSL,2026-04-21 14:26:00,231.26,231.42,231.25,231.27,786
FSL,2026-04-21 14:27:00,231.27,231.4,231.06,231.24,2939
FSL,2026-04-21 14:28:00,231.01,231.32,231.01,231.02,3956
FSL,2026-04-21 14:29:00,231.02,231.15,231.0,231.0,1552
FSL,2026-04-21 14:30:00,231.0,231.19,231.0,231.1,732
FSL,2026-04-21 14:31:00,231.1,231.2,231.06,231.2,600
FSL,2026-04-21 14:32:00,231.2,231.28,231.2,231.2,523
FSL,2026-04-21 14:33:00,231.2,231.29,231.2,231.29,103
FSL,2026-04-21 14:34:00,231.29,231.4,231.2,231.3,1109
FSL,2026-04-21 14:35:00,231.3,231.5,231.2,231.4,4501
FSL,2026-04-21 14:36:00,231.4,231.45,231.35,231.45,605
FSL,2026-04-21 14:37:00,231.45,231.45,231.35,231.35,413
FSL,2026-04-21 14:38:00,231.36,231.42,231.3,231.35,1183
FSL,2026-04-21 14:39:00,231.35,231.35,231.2,231.2,193
FSL,2026-04-21 14:40:00,231.2,231.3,231.2,231.2,926
FSL,2026-04-21 14:41:00,231.2,231.47,231.2,231.45,3332
FSL,2026-04-21 14:42:00,231.31,232.4,231.31,232.1,12088
FSL,2026-04-21 14:43:00,232.01,232.23,231.26,231.34,5202
FSL,2026-04-21 14:44:00,231.34,231.49,231.06,231.06,4276
FSL,2026-04-21 14:45:00,231.06,231.22,231.05,231.18,711
FSL,2026-04-21 14:46:00,231.18,231.19,231.01,231.01,3718
FSL,2026-04-21 14:47:00,231.01,231.11,231.01,231.02,2175
FSL,2026-04-21 14:48:00,231.02,231.02,230.8,230.89,7792
FSL,2026-04-21 14:49:00,230.8,230.86,230.8,230.86,2045
FSL,2026-04-21 14:50:00,230.86,230.86,230.8,230.8,1057
FSL,2026-04-21 14:51:00,230.8,230.86,230.8,230.8,1885
FSL,2026-04-21 14:52:00,230.8,230.86,230.8,230.8,392
FSL,2026-04-21 14:53:00,230.71,230.71,230.45,230.46,4772
FSL,2026-04-21 14:54:00,230.46,230.54,230.32,230.46,4481
FSL,2026-04-21 14:55:00,230.58,230.73,230.55,230.56,751
FSL,2026-04-21 14:56:00,230.56,230.79,230.56,230.65,1420
FSL,2026-04-21 14:57:00,230.65,230.79,230.49,230.49,6561
FSL,2026-04-21 14:58:00,230.49,230.67,230.49,230.67,571
FSL,2026-04-21 14:59:00,230.67,230.67,230.6,230.67,864
FSL,2026-04-21 15:00:00,230.67,230.67,230.6,230.65,1772
FSL,2026-04-21 15:01:00,230.65,230.67,230.6,230.6,360
FSL,2026-04-21 15:02:00,230.66,230.66,230.34,230.36,3911
FSL,2026-04-21 15:03:00,230.39,230.67,230.36,230.44,2273
FSL,2026-04-21 15:04:00,230.35,230.63,230.34,230.63,1918
FSL,2026-04-21 15:05:00,230.54,230.62,230.34,230.37,10798
FSL,2026-04-21 15:06:00,230.44,230.52,230.37,230.38,2225
FSL,2026-04-21 15:07:00,230.36,230.5,230.35,230.35,5452
FSL,2026-04-21 15:08:00,230.35,230.39,230.3,230.39,5397
FSL,2026-04-21 15:09:00,230.3,230.44,230.3,230.44,2155
FSL,2026-04-21 15:10:00,230.39,230.4,230.1,230.11,10871
FSL,2026-04-21 15:11:00,230.2,230.31,230.15,230.22,4464
FSL,2026-04-21 15:12:00,230.31,230.4,230.2,230.3,3464
FSL,2026-04-21 15:13:00,230.29,230.4,230.29,230.35,1513
FSL,2026-04-21 15:14:00,230.35,230.35,230.2,230.32,6678
FSL,2026-04-21 15:15:00,230.29,230.42,230.28,230.42,22317
FSL,2026-04-21 15:16:00,230.42,230.42,230.39,230.4,5394
FSL,2026-04-21 15:17:00,230.4,230.4,230.3,230.3,3188
FSL,2026-04-21 15:18:00,230.42,230.73,230.3,230.65,9557
FSL,2026-04-21 15:19:00,230.66,230.76,230.65,230.75,8323
FSL,2026-04-21 15:20:00,230.74,230.86,230.74,230.86,8432
FSL,2026-04-21 15:21:00,230.99,231.09,230.85,231.07,9264
FSL,2026-04-21 15:22:00,231.05,231.05,230.91,231.0,3355
FSL,2026-04-21 15:23:00,231.0,231.5,230.99,231.4,9854
FSL,2026-04-21 15:24:00,231.49,231.6,231.4,231.59,7747
FSL,2026-04-21 15:25:00,231.59,231.64,231.59,231.63,37675
FSL,2026-04-21 15:26:00,231.63,231.65,231.62,231.65,5447
FSL,2026-04-21 15:27:00,231.65,231.7,231.65,231.67,2874
FSL,2026-04-21 15:28:00,231.67,231.96,231.67,231.95,26561
FSL,2026-04-21 15:29:00,231.75,232.15,231.66,231.66,13882
FSL,2026-04-22 09:15:00,230.1,232.0,229.2,232.0,10576
FSL,2026-04-22 09:16:00,229.68,230.26,228.97,228.97,742
FSL,2026-04-22 09:17:00,229.81,229.89,229.81,229.89,1744
FSL,2026-04-22 09:18:00,230.49,230.51,229.51,229.51,1795
FSL,2026-04-22 09:19:00,229.74,229.74,229.16,229.25,1006
FSL,2026-04-22 09:20:00,229.0,229.0,228.72,228.72,432
FSL,2026-04-22 09:21:00,228.3,228.3,228.01,228.13,16584
FSL,2026-04-22 09:22:00,228.19,228.68,228.0,228.68,4096
FSL,2026-04-22 09:23:00,228.37,228.37,227.61,227.61,4721
FSL,2026-04-22 09:24:00,228.3,228.3,227.81,227.84,5385
FSL,2026-04-22 09:25:00,227.5,227.55,227.16,227.2,5632
FSL,2026-04-22 09:26:00,227.2,227.2,226.76,227.13,24149
FSL,2026-04-22 09:27:00,227.13,227.35,226.76,227.28,35968
FSL,2026-04-22 09:28:00,227.35,227.35,226.78,227.01,11584
FSL,2026-04-22 09:29:00,227.31,227.35,226.61,226.62,15480
FSL,2026-04-22 09:30:00,226.75,227.3,226.6,227.15,8843
FSL,2026-04-22 09:31:00,227.16,227.23,226.9,226.9,2940
FSL,2026-04-22 09:32:00,226.96,227.3,226.9,227.3,6622
FSL,2026-04-22 09:33:00,227.49,227.71,227.37,227.46,10904
FSL,2026-04-22 09:34:00,227.62,228.0,227.51,227.99,11215
FSL,2026-04-22 09:35:00,228.1,228.29,227.85,227.85,26069
FSL,2026-04-22 09:36:00,228.02,228.9,227.81,228.66,21230
FSL,2026-04-22 09:37:00,228.72,228.72,227.55,227.84,17214
FSL,2026-04-22 09:38:00,227.84,229.4,227.84,229.4,23151
FSL,2026-04-22 09:39:00,229.18,229.18,228.56,228.76,4856
FSL,2026-04-22 09:40:00,228.22,229.45,228.21,229.32,15800
FSL,2026-04-22 09:41:00,229.2,229.28,227.86,227.98,15669
FSL,2026-04-22 09:42:00,227.99,228.45,227.99,228.0,3038
FSL,2026-04-22 09:43:00,228.0,228.27,227.8,228.0,8617
FSL,2026-04-22 09:44:00,228.0,228.16,227.74,227.95,12007
FSL,2026-04-22 09:45:00,228.1,228.1,227.6,227.95,4297
FSL,2026-04-22 09:46:00,228.05,228.05,226.75,226.75,27175
FSL,2026-04-22 09:47:00,226.87,227.55,226.87,227.46,9708
FSL,2026-04-22 09:48:00,227.46,227.46,227.06,227.22,4256
FSL,2026-04-22 09:49:00,227.34,227.34,226.99,227.06,6682
FSL,2026-04-22 09:50:00,227.13,227.17,227.04,227.06,1873
FSL,2026-04-22 09:51:00,227.06,227.28,226.5,227.28,23214
FSL,2026-04-22 09:52:00,227.38,227.64,227.38,227.58,15074
FSL,2026-04-22 09:53:00,227.58,227.58,227.42,227.54,4086
FSL,2026-04-22 09:54:00,227.53,227.59,227.35,227.56,2832
FSL,2026-04-22 09:55:00,227.56,227.56,227.13,227.22,3107
FSL,2026-04-22 09:56:00,227.22,227.22,225.86,226.17,47244
FSL,2026-04-22 09:57:00,226.06,226.26,225.34,225.59,20494
FSL,2026-04-22 09:58:00,225.59,226.32,225.4,226.11,29777
FSL,2026-04-22 09:59:00,226.05,226.17,225.87,225.87,8376
FSL,2026-04-22 10:00:00,225.87,225.87,225.38,225.39,9145
FSL,2026-04-22 10:01:00,225.54,225.91,225.35,225.91,11008
FSL,2026-04-22 10:02:00,225.9,225.9,225.63,225.85,9177
FSL,2026-04-22 10:03:00,225.84,225.84,225.64,225.77,2251
FSL,2026-04-22 10:04:00,225.77,225.8,225.6,225.7,9561
FSL,2026-04-22 10:05:00,225.75,225.75,225.52,225.52,10929
FSL,2026-04-22 10:06:00,225.5,225.52,225.3,225.46,8888
FSL,2026-04-22 10:07:00,225.46,225.46,225.21,225.4,5285
FSL,2026-04-22 10:08:00,225.39,225.49,225.2,225.49,5628
FSL,2026-04-22 10:09:00,225.4,225.52,225.12,225.4,11072
FSL,2026-04-22 10:10:00,225.4,225.58,225.4,225.58,1611
FSL,2026-04-22 10:11:00,225.58,225.63,225.5,225.62,12503
FSL,2026-04-22 10:12:00,225.4,225.41,225.27,225.3,4112
FSL,2026-04-22 10:13:00,225.41,225.46,225.3,225.46,1380
FSL,2026-04-22 10:14:00,225.45,225.57,225.3,225.32,4086
FSL,2026-04-22 10:15:00,225.5,225.89,225.4,225.89,8048
FSL,2026-04-22 10:16:00,225.89,225.89,225.7,225.81,3045
FSL,2026-04-22 10:17:00,225.71,225.89,225.59,225.69,4723
FSL,2026-04-22 10:18:00,225.58,225.58,225.3,225.41,7512
FSL,2026-04-22 10:19:00,225.41,225.56,225.4,225.53,1777
FSL,2026-04-22 10:20:00,225.5,225.5,224.65,224.65,5666
FSL,2026-04-22 10:21:00,224.79,224.79,224.25,224.36,62158
FSL,2026-04-22 10:22:00,224.42,224.6,224.35,224.48,15656
FSL,2026-04-22 10:23:00,224.48,224.77,224.35,224.77,7802
FSL,2026-04-22 10:24:00,224.7,224.8,224.39,224.73,15541
FSL,2026-04-22 10:25:00,224.73,224.97,224.73,224.83,1444
FSL,2026-04-22 10:26:00,224.89,224.98,224.55,224.98,5921
FSL,2026-04-22 10:27:00,224.7,224.9,224.58,224.9,5156
FSL,2026-04-22 10:28:00,224.9,224.9,224.63,224.65,2939
FSL,2026-04-22 10:29:00,224.58,224.75,224.55,224.66,2638
FSL,2026-04-22 10:30:00,224.67,224.75,224.56,224.73,4811
FSL,2026-04-22 10:31:00,224.66,224.68,224.36,224.5,14700
FSL,2026-04-22 10:32:00,224.5,224.67,224.45,224.59,659
FSL,2026-04-22 10:33:00,224.66,224.7,224.59,224.65,2105
FSL,2026-04-22 10:34:00,224.65,224.78,224.59,224.59,10575
FSL,2026-04-22 10:35:00,224.58,224.89,224.58,224.65,4374
FSL,2026-04-22 10:36:00,224.65,224.72,224.5,224.71,7122
FSL,2026-04-22 10:37:00,224.71,225.02,224.71,224.92,6370
FSL,2026-04-22 10:38:00,225.03,225.15,224.79,224.95,5677
FSL,2026-04-22 10:39:00,225.09,225.09,224.95,224.99,5979
FSL,2026-04-22 10:40:00,224.98,225.05,224.85,225.05,5055
FSL,2026-04-22 10:41:00,225.05,225.05,224.87,224.96,4363
FSL,2026-04-22 10:42:00,224.96,224.96,224.82,224.86,397
FSL,2026-04-22 10:43:00,224.86,225.0,224.05,224.06,24239
FSL,2026-04-22 10:44:00,224.05,224.21,224.0,224.05,10336
FSL,2026-04-22 10:45:00,224.05,224.1,223.8,223.8,26259
FSL,2026-04-22 10:46:00,223.8,224.0,223.61,223.72,17862
FSL,2026-04-22 10:47:00,223.78,223.87,223.74,223.81,6501
FSL,2026-04-22 10:48:00,223.81,223.97,223.81,223.86,4500
FSL,2026-04-22 10:49:00,223.9,223.9,223.6,223.74,17010
FSL,2026-04-22 10:50:00,223.7,224.0,223.7,223.81,9537
FSL,2026-04-22 10:51:00,223.81,224.08,223.78,223.78,8880
FSL,2026-04-22 10:52:00,223.78,223.87,223.65,223.68,6943
FSL,2026-04-22 10:53:00,223.69,224.06,223.69,223.89,12401
FSL,2026-04-22 10:54:00,223.99,224.04,223.91,223.93,3421
FSL,2026-04-22 10:55:00,223.93,224.03,223.79,223.85,3596
FSL,2026-04-22 10:56:00,223.8,223.85,223.75,223.79,6176
FSL,2026-04-22 10:57:00,223.75,223.97,223.75,223.86,3472
FSL,2026-04-22 10:58:00,223.85,223.97,223.75,223.83,9798
FSL,2026-04-22 10:59:00,223.83,223.89,223.7,223.79,12529
FSL,2026-04-22 11:00:00,223.79,223.85,223.71,223.76,7816
FSL,2026-04-22 11:01:00,223.81,223.81,223.5,223.5,41955
FSL,2026-04-22 11:02:00,223.54,223.63,223.5,223.5,13297
FSL,2026-04-22 11:03:00,223.5,223.89,223.5,223.51,14821
FSL,2026-04-22 11:04:00,223.5,223.66,223.35,223.35,37346
FSL,2026-04-22 11:05:00,223.3,223.32,222.74,223.1,41089
FSL,2026-04-22 11:06:00,223.0,223.1,222.9,222.91,8982
FSL,2026-04-22 11:07:00,222.91,223.0,222.82,222.93,6760
FSL,2026-04-22 11:08:00,222.85,222.97,222.52,222.52,14366
FSL,2026-04-22 11:09:00,222.55,222.55,221.35,221.5,56721
FSL,2026-04-22 11:10:00,221.37,221.5,221.01,221.02,28541
FSL,2026-04-22 11:11:00,221.01,221.06,220.51,220.65,55515
FSL,2026-04-22 11:12:00,220.65,220.98,220.6,220.6,35865
FSL,2026-04-22 11:13:00,220.6,220.77,220.5,220.56,29805
FSL,2026-04-22 11:14:00,220.56,220.7,220.5,220.5,19328
FSL,2026-04-22 11:15:00,220.51,220.65,220.0,220.11,59520
FSL,2026-04-22 11:16:00,220.08,220.5,219.88,220.0,91827
FSL,2026-04-22 11:17:00,219.95,220.71,219.84,219.99,36450
FSL,2026-04-22 11:18:00,220.0,220.01,219.9,220.0,16943
FSL,2026-04-22 11:19:00,220.0,220.0,219.9,219.95,5536
FSL,2026-04-22 11:20:00,219.95,220.0,219.9,219.96,13793
FSL,2026-04-22 11:21:00,219.99,220.0,219.9,219.98,4587
FSL,2026-04-22 11:22:00,220.07,220.1,219.88,219.88,25074
FSL,2026-04-22 11:23:00,220.0,220.0,219.61,219.82,15971
FSL,2026-04-22 11:24:00,219.88,219.9,219.52,219.77,12098
FSL,2026-04-22 11:25:00,219.77,219.92,219.72,219.83,6383
FSL,2026-04-22 11:26:00,220.0,220.0,219.83,219.98,7439
FSL,2026-04-22 11:27:00,219.95,219.99,219.76,219.76,10163
FSL,2026-04-22 11:28:00,219.76,219.87,219.5,219.67,11954
FSL,2026-04-22 11:29:00,219.64,219.76,219.3,219.6,23807
FSL,2026-04-22 11:30:00,219.6,219.73,219.6,219.7,7477
FSL,2026-04-22 11:31:00,219.7,220.0,219.7,219.79,9872
FSL,2026-04-22 11:32:00,219.76,219.98,219.7,219.9,7121
FSL,2026-04-22 11:33:00,219.82,219.99,219.81,219.99,9582
FSL,2026-04-22 11:34:00,219.88,220.0,219.84,219.9,12970
FSL,2026-04-22 11:35:00,219.88,219.96,219.77,219.95,12113
FSL,2026-04-22 11:36:00,219.95,219.96,219.8,219.92,3966
FSL,2026-04-22 11:37:00,219.9,219.96,219.85,219.87,3035
FSL,2026-04-22 11:38:00,219.87,219.96,219.72,219.87,6775
FSL,2026-04-22 11:39:00,219.78,219.96,219.78,219.8,1978
FSL,2026-04-22 11:40:00,219.8,219.99,219.8,219.89,2921
FSL,2026-04-22 11:41:00,220.0,220.0,219.72,219.85,11827
FSL,2026-04-22 11:42:00,219.85,219.85,219.5,219.62,16698
FSL,2026-04-22 11:43:00,219.56,219.68,219.5,219.68,18850
FSL,2026-04-22 11:44:00,219.53,219.72,219.51,219.53,5139
FSL,2026-04-22 11:45:00,219.53,219.66,219.52,219.52,8834
FSL,2026-04-22 11:46:00,219.52,219.62,219.32,219.45,21093
FSL,2026-04-22 11:47:00,219.4,219.5,219.35,219.45,5445
FSL,2026-04-22 11:48:00,219.42,219.43,219.39,219.41,5689
FSL,2026-04-22 11:49:00,219.45,219.97,219.43,219.95,22464
FSL,2026-04-22 11:50:00,219.95,219.99,219.56,219.9,23728
FSL,2026-04-22 11:51:00,219.89,219.96,219.69,219.84,7078
FSL,2026-04-22 11:52:00,219.87,220.0,219.78,219.95,10828
FSL,2026-04-22 11:53:00,219.95,220.0,219.9,220.0,5129
FSL,2026-04-22 11:54:00,219.97,220.0,219.97,219.97,4799
FSL,2026-04-22 11:55:00,219.97,220.0,219.97,219.97,5494
FSL,2026-04-22 11:56:00,219.97,220.0,219.95,219.96,4563
FSL,2026-04-22 11:57:00,219.96,219.97,219.81,219.85,16059
FSL,2026-04-22 11:58:00,219.91,220.0,219.88,219.96,5415
FSL,2026-04-22 11:59:00,219.98,220.0,219.96,219.98,4362
FSL,2026-04-22 12:00:00,219.98,220.0,219.9,219.9,30790
FSL,2026-04-22 12:01:00,219.91,220.0,219.83,219.83,3711
FSL,2026-04-22 12:02:00,219.83,220.0,219.79,220.0,9995
FSL,2026-04-22 12:03:00,219.9,220.0,219.83,219.89,6422
FSL,2026-04-22 12:04:00,219.82,220.0,219.8,220.0,2388
FSL,2026-04-22 12:05:00,220.0,220.0,219.81,219.9,2024
FSL,2026-04-22 12:06:00,219.86,219.99,219.84,219.86,1917
FSL,2026-04-22 12:07:00,219.88,219.96,219.8,219.8,7567
FSL,2026-04-22 12:08:00,219.8,219.97,219.8,219.8,5471
FSL,2026-04-22 12:09:00,219.8,219.98,219.8,219.98,359
FSL,2026-04-22 12:10:00,219.88,219.99,219.88,219.96,1686
FSL,2026-04-22 12:11:00,219.96,219.99,219.88,219.95,7370
FSL,2026-04-22 12:12:00,219.91,220.0,219.85,219.89,4341
FSL,2026-04-22 12:13:00,219.9,219.95,219.8,219.81,9214
FSL,2026-04-22 12:14:00,219.81,219.9,219.8,219.88,555
FSL,2026-04-22 12:15:00,219.9,219.95,219.8,219.95,7749
FSL,2026-04-22 12:16:00,219.94,220.0,219.82,219.87,12632
FSL,2026-04-22 12:17:00,219.97,220.0,219.84,219.85,8280
FSL,2026-04-22 12:18:00,219.99,219.99,219.85,219.94,1182
FSL,2026-04-22 12:19:00,220.0,220.0,219.94,220.0,2869
FSL,2026-04-22 12:20:00,219.99,220.0,219.96,219.99,2267
FSL,2026-04-22 12:21:00,219.98,220.0,219.94,220.0,6108
FSL,2026-04-22 12:22:00,219.99,220.0,219.9,219.9,5641
FSL,2026-04-22 12:23:00,219.98,220.0,219.92,219.93,4842
FSL,2026-04-22 12:24:00,219.9,220.0,219.9,219.9,5269
FSL,2026-04-22 12:25:00,219.9,220.0,219.9,219.93,1923
FSL,2026-04-22 12:26:00,219.95,220.0,219.9,219.9,9273
FSL,2026-04-22 12:27:00,219.92,220.0,219.9,219.98,2551
FSL,2026-04-22 12:28:00,220.0,220.0,219.85,219.97,11090
FSL,2026-04-22 12:29:00,219.99,219.99,219.88,219.9,1221
FSL,2026-04-22 12:30:00,219.9,219.99,219.88,219.88,2312
FSL,2026-04-22 12:31:00,219.88,220.0,219.88,219.9,2212
FSL,2026-04-22 12:32:00,220.0,220.0,219.85,219.89,1977
FSL,2026-04-22 12:33:00,219.9,220.0,219.89,219.92,40527
FSL,2026-04-22 12:34:00,219.92,219.95,219.83,219.84,7680
FSL,2026-04-22 12:35:00,219.84,219.99,219.8,219.86,4822
FSL,2026-04-22 12:36:00,219.89,219.98,219.81,219.98,4218
FSL,2026-04-22 12:37:00,219.98,219.98,219.9,219.98,2596
FSL,2026-04-22 12:38:00,219.91,219.98,219.91,219.98,1500
FSL,2026-04-22 12:39:00,219.99,219.99,219.92,219.93,2495
FSL,2026-04-22 12:40:00,219.95,219.95,219.93,219.93,1210
FSL,2026-04-22 12:41:00,219.93,219.95,219.9,219.91,3634
FSL,2026-04-22 12:42:00,219.91,219.91,219.9,219.91,3060
FSL,2026-04-22 12:43:00,219.91,219.93,219.85,219.92,9884
FSL,2026-04-22 12:44:00,219.92,219.92,219.8,219.87,2081
FSL,2026-04-22 12:45:00,219.87,219.99,219.85,219.9,1747
FSL,2026-04-22 12:46:00,219.99,220.9,219.85,220.11,332006
FSL,2026-04-22 12:47:00,220.29,220.41,219.96,220.12,32577
FSL,2026-04-22 12:48:00,220.02,220.29,220.0,220.03,30369
FSL,2026-04-22 12:49:00,220.06,220.17,220.0,220.02,27134
FSL,2026-04-22 12:50:00,220.02,220.15,220.0,220.01,25312
FSL,2026-04-22 12:51:00,220.0,220.24,220.0,220.05,22681
FSL,2026-04-22 12:52:00,220.0,220.15,220.0,220.02,18439
FSL,2026-04-22 12:53:00,220.01,220.14,220.0,220.0,21611
FSL,2026-04-22 12:54:00,220.0,220.14,220.0,220.0,26304
FSL,2026-04-22 12:55:00,220.0,220.1,220.0,220.0,20451
FSL,2026-04-22 12:56:00,220.0,220.14,220.0,220.0,17515
FSL,2026-04-22 12:57:00,220.0,220.01,220.0,220.0,19126
FSL,2026-04-22 12:58:00,220.0,220.01,219.99,219.99,15459
FSL,2026-04-22 12:59:00,219.99,220.01,219.99,220.0,22522
FSL,2026-04-22 13:00:00,220.0,220.15,220.0,220.0,17022
FSL,2026-04-22 13:01:00,220.0,220.01,220.0,220.0,43773
FSL,2026-04-22 13:02:00,220.0,220.01,220.0,220.0,22230
FSL,2026-04-22 13:03:00,220.0,220.01,220.0,220.0,26972
FSL,2026-04-22 13:04:00,220.0,220.14,220.0,220.01,22119
FSL,2026-04-22 13:05:00,220.18,220.18,220.0,220.0,19419
FSL,2026-04-22 13:06:00,220.0,220.06,220.0,220.01,20399
FSL,2026-04-22 13:07:00,220.0,220.05,220.0,220.0,20686
FSL,2026-04-22 13:08:00,220.0,220.05,220.0,220.02,22801
FSL,2026-04-22 13:09:00,220.02,220.04,220.0,220.0,20680
FSL,2026-04-22 13:10:00,220.0,220.13,219.96,219.96,18203
FSL,2026-04-22 13:11:00,219.96,220.0,219.95,219.96,1899
FSL,2026-04-22 13:12:00,219.99,220.0,219.96,219.98,27728
FSL,2026-04-22 13:13:00,219.97,220.0,219.97,220.0,10616
FSL,2026-04-22 13:14:00,219.97,220.0,219.93,219.93,58718
FSL,2026-04-22 13:15:00,219.96,219.96,219.92,219.95,1966
FSL,2026-04-22 13:16:00,219.95,220.0,219.9,219.9,20597
FSL,2026-04-22 13:17:00,219.9,220.0,219.85,219.97,5898
FSL,2026-04-22 13:18:00,219.97,220.0,219.97,219.98,3953
FSL,2026-04-22 13:19:00,219.98,219.99,219.9,219.98,9789
FSL,2026-04-22 13:20:00,219.96,220.0,219.9,219.97,15275
FSL,2026-04-22 13:21:00,219.91,220.0,219.91,219.97,26554
FSL,2026-04-22 13:22:00,219.93,219.98,219.9,219.92,8057
FSL,2026-04-22 13:23:00,219.92,219.98,219.83,219.89,13646
FSL,2026-04-22 13:24:00,219.96,219.99,219.89,219.96,3306
FSL,2026-04-22 13:25:00,219.97,219.99,219.94,219.98,6602
FSL,2026-04-22 13:26:00,219.99,219.99,219.97,219.98,3150
FSL,2026-04-22 13:27:00,219.98,220.0,219.94,220.0,23546
FSL,2026-04-22 13:28:00,219.99,220.0,219.97,220.0,24724
FSL,2026-04-22 13:29:00,220.0,220.0,219.85,220.0,14913
FSL,2026-04-22 13:30:00,220.0,220.0,219.99,220.0,4002
FSL,2026-04-22 13:31:00,220.0,220.0,219.95,220.0,30237
FSL,2026-04-22 13:32:00,220.0,220.0,219.97,220.0,31266
FSL,2026-04-22 13:33:00,220.0,220.0,219.95,219.99,145092
FSL,2026-04-22 13:34:00,219.98,219.99,219.96,219.97,4743
FSL,2026-04-22 13:35:00,219.97,220.0,219.96,219.98,46971
FSL,2026-04-22 13:36:00,220.0,220.0,219.99,220.0,6565
FSL,2026-04-22 13:37:00,220.0,220.0,219.99,219.99,4055
FSL,2026-04-22 13:38:00,219.99,220.0,219.97,219.97,9234
FSL,2026-04-22 13:39:00,219.99,220.0,219.91,219.99,3832
FSL,2026-04-22 13:40:00,219.99,220.0,219.99,220.0,5601
FSL,2026-04-22 13:41:00,219.99,220.0,219.99,220.0,3276
FSL,2026-04-22 13:42:00,220.0,220.0,219.99,220.0,8954
FSL,2026-04-22 13:43:00,220.0,220.0,219.99,220.0,13001
FSL,2026-04-22 13:44:00,220.0,220.0,219.96,219.98,32323
FSL,2026-04-22 13:45:00,219.97,220.0,219.97,219.98,5930
FSL,2026-04-22 13:46:00,220.0,220.0,219.99,220.0,5102
FSL,2026-04-22 13:47:00,220.0,220.0,219.8,219.89,94066
FSL,2026-04-22 13:48:00,220.0,220.0,219.89,220.0,37703
FSL,2026-04-22 13:49:00,220.0,220.0,219.87,220.0,13921
FSL,2026-04-22 13:50:00,220.0,220.0,219.99,219.99,7246
FSL,2026-04-22 13:51:00,219.99,220.0,219.96,220.0,48940
FSL,2026-04-22 13:52:00,219.98,220.0,219.95,220.0,34926
FSL,2026-04-22 13:53:00,219.97,220.0,219.97,220.0,16502
FSL,2026-04-22 13:54:00,220.0,220.25,219.99,220.25,121145
FSL,2026-04-22 13:55:00,220.12,220.47,220.1,220.29,40128
FSL,2026-04-22 13:56:00,220.29,220.64,220.13,220.2,36557
FSL,2026-04-22 13:57:00,220.2,220.5,220.1,220.2,22126
FSL,2026-04-22 13:58:00,220.1,220.75,220.1,220.22,31517
FSL,2026-04-22 13:59:00,220.22,220.98,220.22,220.9,34506
FSL,2026-04-22 14:00:00,221.0,221.59,220.86,221.54,62989
FSL,2026-04-22 14:01:00,221.62,222.05,221.3,221.71,68151
FSL,2026-04-22 14:02:00,221.89,221.9,221.5,221.5,28019
FSL,2026-04-22 14:03:00,221.5,221.54,220.65,220.65,45058
FSL,2026-04-22 14:04:00,220.65,220.99,220.5,220.79,27393
FSL,2026-04-22 14:05:00,220.79,221.03,220.63,220.94,30285
FSL,2026-04-22 14:06:00,220.94,221.18,220.7,220.82,20294
FSL,2026-04-22 14:07:00,220.82,221.0,220.6,220.65,25647
FSL,2026-04-22 14:08:00,220.65,220.87,220.65,220.74,23040
FSL,2026-04-22 14:09:00,220.68,220.68,220.5,220.5,17954
FSL,2026-04-22 14:10:00,220.51,220.51,220.05,220.25,31823
FSL,2026-04-22 14:11:00,220.36,220.52,220.2,220.44,24260
FSL,2026-04-22 14:12:00,220.28,220.45,220.1,220.1,20376
FSL,2026-04-22 14:13:00,220.1,220.29,220.01,220.15,21399
FSL,2026-04-22 14:14:00,220.0,220.26,220.0,220.11,23428
FSL,2026-04-22 14:15:00,220.12,220.24,220.01,220.01,19865
FSL,2026-04-22 14:16:00,220.0,220.15,220.0,220.0,20970
FSL,2026-04-22 14:17:00,220.04,220.05,220.0,220.0,17687
FSL,2026-04-22 14:18:00,220.0,220.04,220.0,220.02,18340
FSL,2026-04-22 14:19:00,220.0,220.03,220.0,220.0,19704
FSL,2026-04-22 14:20:00,220.0,220.18,220.0,220.01,20327
FSL,2026-04-22 14:21:00,220.03,220.09,220.0,220.01,18904
FSL,2026-04-22 14:22:00,220.01,220.13,220.0,220.0,20246
FSL,2026-04-22 14:23:00,220.0,220.14,220.0,220.0,24712
FSL,2026-04-22 14:24:00,220.0,220.28,220.0,220.2,19554
FSL,2026-04-22 14:25:00,220.2,220.22,220.0,220.0,17409
FSL,2026-04-22 14:26:00,220.0,220.3,220.0,220.01,23260
FSL,2026-04-22 14:27:00,220.0,220.44,220.0,220.13,23751
FSL,2026-04-22 14:28:00,220.13,220.67,220.08,220.3,40648
FSL,2026-04-22 14:29:00,220.18,220.73,220.18,220.59,35887
FSL,2026-04-22 14:30:00,220.59,220.81,220.38,220.65,23930
FSL,2026-04-22 14:31:00,220.75,221.43,220.66,221.43,49262
FSL,2026-04-22 14:32:00,221.43,222.0,221.03,221.87,131262
FSL,2026-04-22 14:33:00,221.89,222.98,221.2,221.35,115829
FSL,2026-04-22 14:34:00,221.35,221.55,221.2,221.41,20409
FSL,2026-04-22 14:35:00,221.34,222.36,221.27,222.11,47656
FSL,2026-04-22 14:36:00,222.3,222.79,222.0,222.74,76366
FSL,2026-04-22 14:37:00,222.74,223.0,222.15,222.5,53931
FSL,2026-04-22 14:38:00,222.58,222.74,222.23,222.31,23633
FSL,2026-04-22 14:39:00,222.31,222.84,222.25,222.69,51681
FSL,2026-04-22 14:40:00,222.69,222.98,222.46,222.46,34701
FSL,2026-04-22 14:41:00,222.55,222.73,222.07,222.4,27977
FSL,2026-04-22 14:42:00,222.26,224.35,222.21,224.28,133251
FSL,2026-04-22 14:43:00,224.38,226.61,224.17,226.06,312250
FSL,2026-04-22 14:44:00,226.05,226.86,224.48,224.66,98402
FSL,2026-04-22 14:45:00,224.66,224.93,223.59,224.15,47911
FSL,2026-04-22 14:46:00,224.0,224.38,223.55,223.93,45676
FSL,2026-04-22 14:47:00,223.93,224.14,223.52,223.62,43838
FSL,2026-04-22 14:48:00,223.58,224.0,223.5,223.6,23953
FSL,2026-04-22 14:49:00,223.54,223.85,223.5,223.67,31028
FSL,2026-04-22 14:50:00,223.59,224.28,223.5,224.16,32240
FSL,2026-04-22 14:51:00,224.14,224.75,224.08,224.14,34151
FSL,2026-04-22 14:52:00,224.22,224.79,224.0,224.61,38310
FSL,2026-04-22 14:53:00,224.37,224.95,224.11,224.95,49505
FSL,2026-04-22 14:54:00,224.69,225.1,224.6,224.64,41258
FSL,2026-04-22 14:55:00,224.6,224.7,224.08,224.65,41349
FSL,2026-04-22 14:56:00,224.5,224.5,224.0,224.08,29600
FSL,2026-04-22 14:57:00,224.06,224.37,224.06,224.18,29929
FSL,2026-04-22 14:58:00,224.18,224.29,224.1,224.23,32550
FSL,2026-04-22 14:59:00,224.1,224.65,224.1,224.51,33818
FSL,2026-04-22 15:00:00,224.51,224.58,224.11,224.15,29366
FSL,2026-04-22 15:01:00,224.14,224.14,223.8,224.04,58163
FSL,2026-04-22 15:02:00,224.0,225.23,224.0,224.39,85068
FSL,2026-04-22 15:03:00,224.48,224.48,224.0,224.0,27009
FSL,2026-04-22 15:04:00,224.0,224.22,223.7,224.02,52876
FSL,2026-04-22 15:05:00,224.02,224.14,223.9,224.02,31097
FSL,2026-04-22 15:06:00,224.1,224.45,223.91,224.13,39347
FSL,2026-04-22 15:07:00,224.23,224.23,223.94,224.1,29976
FSL,2026-04-22 15:08:00,224.01,224.42,223.95,224.41,31739
FSL,2026-04-22 15:09:00,224.47,224.77,224.06,224.77,77601
FSL,2026-04-22 15:10:00,224.75,224.98,224.31,224.62,61843
FSL,2026-04-22 15:11:00,224.62,224.74,224.26,224.56,44868
FSL,2026-04-22 15:12:00,224.59,224.59,224.2,224.34,35088
FSL,2026-04-22 15:13:00,224.2,224.5,224.01,224.5,50723
FSL,2026-04-22 15:14:00,224.5,224.61,224.0,224.0,45840
FSL,2026-04-22 15:15:00,224.21,224.47,224.0,224.21,41059
FSL,2026-04-22 15:16:00,224.1,224.2,224.0,224.03,25209
FSL,2026-04-22 15:17:00,224.06,224.3,224.06,224.1,34926
FSL,2026-04-22 15:18:00,224.11,224.37,224.1,224.3,41594
FSL,2026-04-22 15:19:00,224.39,224.72,224.17,224.33,60682
FSL,2026-04-22 15:20:00,224.3,224.9,224.3,224.8,51281
FSL,2026-04-22 15:21:00,224.8,224.85,224.5,224.5,28473
FSL,2026-04-22 15:22:00,224.42,224.63,224.42,224.6,27847
FSL,2026-04-22 15:23:00,224.54,224.56,224.44,224.44,32544
FSL,2026-04-22 15:24:00,224.3,224.49,224.0,224.49,42769
FSL,2026-04-22 15:25:00,224.49,224.49,224.16,224.38,47013
FSL,2026-04-22 15:26:00,224.47,224.78,224.47,224.51,59891
FSL,2026-04-22 15:27:00,224.73,224.85,224.5,224.5,36051
FSL,2026-04-22 15:28:00,224.58,224.63,224.1,224.15,29084
FSL,2026-04-22 15:29:00,224.3,224.6,224.0,224.6,40513
FSL,2026-04-23 09:15:00,225.0,227.0,223.93,226.42,66807
FSL,2026-04-23 09:16:00,226.32,226.8,224.4,225.47,48776
FSL,2026-04-23 09:17:00,225.23,225.73,225.12,225.3,15450
FSL,2026-04-23 09:18:00,225.06,225.27,224.3,224.53,17246
FSL,2026-04-23 09:19:00,224.35,224.85,224.35,224.8,11662
FSL,2026-04-23 09:20:00,224.99,224.99,224.38,224.45,23453
FSL,2026-04-23 09:21:00,224.55,224.83,224.18,224.46,21137
FSL,2026-04-23 09:22:00,224.36,224.36,223.61,223.79,13648
FSL,2026-04-23 09:23:00,223.75,224.29,223.59,224.0,12612
FSL,2026-04-23 09:24:00,224.09,224.09,223.38,223.38,7743
FSL,2026-04-23 09:25:00,223.55,223.55,223.09,223.29,21715
FSL,2026-04-23 09:26:00,223.29,223.29,222.78,222.79,21490
FSL,2026-04-23 09:27:00,222.64,222.77,222.32,222.56,20297
FSL,2026-04-23 09:28:00,222.1,222.1,221.53,221.6,42073
FSL,2026-04-23 09:29:00,221.75,222.0,221.62,221.76,23053
FSL,2026-04-23 09:30:00,221.98,222.41,221.8,222.41,8800
FSL,2026-04-23 09:31:00,222.9,222.9,222.39,222.46,13713
FSL,2026-04-23 09:32:00,222.52,222.89,222.52,222.88,10133
FSL,2026-04-23 09:33:00,222.88,222.89,221.44,222.14,35849
FSL,2026-04-23 09:34:00,222.02,223.15,222.02,223.11,46097
FSL,2026-04-23 09:35:00,222.85,222.86,222.49,222.49,12587
FSL,2026-04-23 09:36:00,222.49,222.57,222.38,222.4,1255
FSL,2026-04-23 09:37:00,222.4,222.84,222.4,222.84,1084
FSL,2026-04-23 09:38:00,222.65,222.85,222.38,222.85,6938
FSL,2026-04-23 09:39:00,223.02,223.5,222.62,223.5,5273
FSL,2026-04-23 09:40:00,223.1,223.1,222.78,223.05,3004
FSL,2026-04-23 09:41:00,223.0,223.05,222.95,222.96,8547
FSL,2026-04-23 09:42:00,222.98,222.98,222.41,222.6,2834
FSL,2026-04-23 09:43:00,222.6,222.69,222.57,222.65,2349
FSL,2026-04-23 09:44:00,222.43,222.52,222.02,222.21,10801
FSL,2026-04-23 09:45:00,222.03,222.2,221.92,222.2,11847
FSL,2026-04-23 09:46:00,222.31,222.53,222.31,222.53,4448
FSL,2026-04-23 09:47:00,222.53,222.6,222.42,222.6,413
FSL,2026-04-23 09:48:00,222.65,222.7,222.45,222.59,2218
FSL,2026-04-23 09:49:00,222.59,222.6,222.31,222.31,6003
FSL,2026-04-23 09:50:00,222.31,222.5,222.31,222.5,6412
FSL,2026-04-23 09:51:00,222.5,222.99,222.5,222.99,16126
FSL,2026-04-23 09:52:00,222.8,222.86,222.66,222.82,3729
FSL,2026-04-23 09:53:00,222.85,222.85,222.5,222.66,4013
FSL,2026-04-23 09:54:00,222.66,222.66,222.24,222.32,18861
FSL,2026-04-23 09:55:00,222.3,222.35,222.16,222.16,2231
FSL,2026-04-23 09:56:00,222.36,222.7,222.36,222.62,4548
FSL,2026-04-23 09:57:00,222.62,222.62,222.38,222.38,2213
FSL,2026-04-23 09:58:00,222.37,222.43,222.25,222.25,1088
FSL,2026-04-23 09:59:00,222.25,222.48,222.25,222.41,5418
FSL,2026-04-23 10:00:00,222.41,222.41,222.21,222.27,1657
FSL,2026-04-23 10:01:00,222.27,222.29,222.0,222.0,10755
FSL,2026-04-23 10:02:00,222.15,222.5,222.15,222.49,5561
FSL,2026-04-23 10:03:00,222.31,222.55,222.23,222.54,8721
FSL,2026-04-23 10:04:00,222.56,222.61,222.56,222.61,660
FSL,2026-04-23 10:05:00,222.61,222.61,222.55,222.56,1552
FSL,2026-04-23 10:06:00,222.56,222.65,222.5,222.61,1218
FSL,2026-04-23 10:07:00,222.61,222.61,222.5,222.55,168
FSL,2026-04-23 10:08:00,222.23,222.44,222.22,222.4,2493
FSL,2026-04-23 10:09:00,222.4,222.4,222.21,222.3,4118
FSL,2026-04-23 10:10:00,222.3,222.3,221.8,221.8,2161
FSL,2026-04-23 10:11:00,221.96,221.97,221.8,221.9,8673
FSL,2026-04-23 10:12:00,221.9,221.9,221.75,221.8,3341
FSL,2026-04-23 10:13:00,221.8,221.8,221.66,221.66,1523
FSL,2026-04-23 10:14:00,221.7,221.97,221.56,221.85,8103
FSL,2026-04-23 10:15:00,221.85,221.97,221.66,221.66,7853
FSL,2026-04-23 10:16:00,221.87,222.11,221.8,222.1,2991
FSL,2026-04-23 10:17:00,222.1,222.15,222.05,222.15,1007
FSL,2026-04-23 10:18:00,222.15,222.15,222.1,222.14,888
FSL,2026-04-23 10:19:00,222.14,222.16,222.1,222.16,625
FSL,2026-04-23 10:20:00,222.16,222.28,222.15,222.15,313
FSL,2026-04-23 10:21:00,222.15,222.25,222.0,222.0,7644
FSL,2026-04-23 10:22:00,221.91,222.03,221.91,222.01,1021
FSL,2026-04-23 10:23:00,222.01,222.17,222.01,222.04,2877
FSL,2026-04-23 10:24:00,222.04,222.17,222.03,222.16,2121
FSL,2026-04-23 10:25:00,222.16,222.16,222.08,222.08,655
FSL,2026-04-23 10:26:00,222.08,222.11,222.03,222.03,622
FSL,2026-04-23 10:27:00,222.03,222.2,222.03,222.19,2715
FSL,2026-04-23 10:28:00,222.19,222.21,222.19,222.21,1205
FSL,2026-04-23 10:29:00,222.21,222.45,222.19,222.37,3967
FSL,2026-04-23 10:30:00,222.37,222.41,222.25,222.37,3469
FSL,2026-04-23 10:31:00,222.37,222.37,222.25,222.34,3344
FSL,2026-04-23 10:32:00,222.34,222.34,222.1,222.1,1547
FSL,2026-04-23 10:33:00,222.1,222.1,221.91,222.0,4747
FSL,2026-04-23 10:34:00,221.91,221.91,221.65,221.8,2059
FSL,2026-04-23 10:35:00,221.8,221.83,221.65,221.75,2731
FSL,2026-04-23 10:36:00,221.75,221.77,221.65,221.65,983
FSL,2026-04-23 10:37:00,221.64,221.7,221.55,221.6,8836
FSL,2026-04-23 10:38:00,221.6,221.65,221.5,221.65,3928
FSL,2026-04-23 10:39:00,221.64,221.64,221.52,221.52,1447
FSL,2026-04-23 10:40:00,221.45,221.52,221.23,221.23,3652
FSL,2026-04-23 10:41:00,221.23,221.29,221.23,221.29,1224
FSL,2026-04-23 10:42:00,221.2,221.3,221.2,221.3,1546
FSL,2026-04-23 10:43:00,221.3,221.65,221.3,221.65,7377
FSL,2026-04-23 10:44:00,221.65,221.65,221.5,221.51,476
FSL,2026-04-23 10:45:00,221.51,221.51,221.5,221.51,1365
FSL,2026-04-23 10:46:00,221.5,221.6,221.5,221.55,1201
FSL,2026-04-23 10:47:00,221.54,221.7,221.54,221.67,235
FSL,2026-04-23 10:48:00,221.65,221.7,221.55,221.55,1310
FSL,2026-04-23 10:49:00,221.55,221.69,221.55,221.65,638
FSL,2026-04-23 10:50:00,221.69,222.88,221.65,222.87,35730
FSL,2026-04-23 10:51:00,222.87,222.87,222.54,222.57,797
FSL,2026-04-23 10:52:00,222.57,222.68,222.57,222.64,92
FSL,2026-04-23 10:53:00,222.63,224.17,222.51,223.89,18969
FSL,2026-04-23 10:54:00,223.93,224.07,223.73,223.73,14931
FSL,2026-04-23 10:55:00,223.73,223.89,223.56,223.77,7248
FSL,2026-04-23 10:56:00,223.77,223.79,223.7,223.7,3737
FSL,2026-04-23 10:57:00,223.63,224.19,223.58,224.14,18128
FSL,2026-04-23 10:58:00,224.14,224.3,224.02,224.26,4026
FSL,2026-04-23 10:59:00,224.02,224.28,224.02,224.21,2731
FSL,2026-04-23 11:00:00,224.21,224.21,224.1,224.2,1790
FSL,2026-04-23 11:01:00,225.48,225.72,225.0,225.5,52978
FSL,2026-04-23 11:02:00,225.46,225.8,225.39,225.58,6868
FSL,2026-04-23 11:03:00,225.54,225.54,225.07,225.11,6447
FSL,2026-04-23 11:04:00,225.29,225.34,225.07,225.15,2587
FSL,2026-04-23 11:05:00,225.15,225.23,225.1,225.15,2765
FSL,2026-04-23 11:06:00,225.15,225.15,224.92,224.92,4412
FSL,2026-04-23 11:07:00,224.92,224.98,224.84,224.98,1718
FSL,2026-04-23 11:08:00,224.98,224.98,224.7,224.79,5694
FSL,2026-04-23 11:09:00,224.8,224.89,224.79,224.87,3946
FSL,2026-04-23 11:10:00,224.87,225.16,224.79,225.16,3110
FSL,2026-04-23 11:11:00,225.18,225.18,224.95,224.95,3842
FSL,2026-04-23 11:12:00,224.95,225.0,224.84,224.84,1703
FSL,2026-04-23 11:13:00,224.84,224.84,224.7,224.8,6806
FSL,2026-04-23 11:14:00,224.89,224.89,224.7,224.8,722
FSL,2026-04-23 11:15:00,224.8,224.85,224.7,224.82,3601
FSL,2026-04-23 11:16:00,224.82,224.83,224.7,224.7,1053
FSL,2026-04-23 11:17:00,224.7,224.8,224.7,224.8,4078
FSL,2026-04-23 11:18:00,224.8,224.8,224.78,224.78,130
FSL,2026-04-23 11:19:00,224.78,224.78,224.7,224.7,2222
FSL,2026-04-23 11:20:00,224.7,224.75,224.7,224.75,4921
FSL,2026-04-23 11:21:00,224.75,224.75,224.7,224.75,2450
FSL,2026-04-23 11:22:00,224.75,224.75,223.92,223.93,17011
FSL,2026-04-23 11:23:00,223.93,224.07,223.74,223.77,13997
FSL,2026-04-23 11:24:00,223.77,224.82,223.77,224.7,23537
FSL,2026-04-23 11:25:00,224.7,224.7,224.7,224.7,978
FSL,2026-04-23 11:26:00,224.75,224.75,224.7,224.7,2605
FSL,2026-04-23 11:27:00,224.74,224.78,224.7,224.7,3683
FSL,2026-04-23 11:28:00,224.79,225.25,224.71,225.15,16103
FSL,2026-04-23 11:29:00,225.33,225.33,225.0,225.0,2609
FSL,2026-04-23 11:30:00,225.0,225.07,224.98,225.0,1100
FSL,2026-04-23 11:31:00,225.0,225.07,224.95,225.0,3223
FSL,2026-04-23 11:32:00,225.07,225.07,224.95,225.01,1665
FSL,2026-04-23 11:33:00,225.01,225.15,224.95,225.15,2988
FSL,2026-04-23 11:34:00,225.25,225.25,225.14,225.25,1251
FSL,2026-04-23 11:35:00,225.25,225.25,225.14,225.24,2444
FSL,2026-04-23 11:36:00,225.24,225.25,225.15,225.15,1270
FSL,2026-04-23 11:37:00,225.15,225.35,225.02,225.35,2940
FSL,2026-04-23 11:38:00,225.3,225.4,225.09,225.3,16818
FSL,2026-04-23 11:39:00,225.2,225.2,224.83,224.95,6776
FSL,2026-04-23 11:40:00,224.95,225.0,224.95,224.95,364
FSL,2026-04-23 11:41:00,224.95,224.95,224.71,224.71,6361
FSL,2026-04-23 11:42:00,224.71,225.0,224.7,224.94,6125
FSL,2026-04-23 11:43:00,224.94,224.95,224.76,224.79,499
FSL,2026-04-23 11:44:00,224.79,224.94,224.76,224.89,612
FSL,2026-04-23 11:45:00,224.8,224.8,224.7,224.7,893
FSL,2026-04-23 11:46:00,224.8,224.89,224.7,224.7,2649
FSL,2026-04-23 11:47:00,224.7,224.9,224.7,224.9,341
FSL,2026-04-23 11:48:00,224.9,224.93,224.7,224.71,694
FSL,2026-04-23 11:49:00,224.71,224.93,224.7,224.9,936
FSL,2026-04-23 11:50:00,224.94,224.96,224.74,224.9,1430
FSL,2026-04-23 11:51:00,224.9,224.99,224.78,224.78,1721
FSL,2026-04-23 11:52:00,224.78,224.78,224.76,224.76,546
FSL,2026-04-23 11:53:00,224.63,224.85,224.63,224.7,789
FSL,2026-04-23 11:54:00,224.7,224.9,224.7,224.89,685
FSL,2026-04-23 11:55:00,224.89,224.89,224.77,224.89,817
FSL,2026-04-23 11:56:00,224.98,224.99,224.86,224.87,2308
FSL,2026-04-23 11:57:00,224.87,224.87,224.7,224.73,600
FSL,2026-04-23 11:58:00,224.73,224.84,224.71,224.84,523
FSL,2026-04-23 11:59:00,224.84,224.94,224.75,224.92,1577
FSL,2026-04-23 12:00:00,224.91,224.97,224.81,224.89,1024
FSL,2026-04-23 12:01:00,224.89,224.9,224.75,224.75,715
FSL,2026-04-23 12:02:00,224.75,224.88,224.74,224.76,581
FSL,2026-04-23 12:03:00,224.76,224.99,224.76,224.99,1219
FSL,2026-04-23 12:04:00,224.99,224.99,224.97,224.98,1349
FSL,2026-04-23 12:05:00,224.93,225.0,224.93,224.96,121
FSL,2026-04-23 12:06:00,224.9,225.29,224.83,225.18,9482
FSL,2026-04-23 12:07:00,225.3,225.3,225.13,225.25,1155
FSL,2026-04-23 12:08:00,225.25,225.3,225.14,225.3,2099
FSL,2026-04-23 12:09:00,225.29,225.29,225.1,225.1,1261
FSL,2026-04-23 12:10:00,225.1,225.1,225.0,225.0,357
FSL,2026-04-23 12:11:00,225.0,225.15,225.0,225.0,535
FSL,2026-04-23 12:12:00,225.0,225.0,224.8,224.87,1966
FSL,2026-04-23 12:13:00,224.87,225.12,224.87,225.11,1013
FSL,2026-04-23 12:14:00,225.11,225.11,225.1,225.11,940
FSL,2026-04-23 12:15:00,225.11,225.13,225.0,225.03,1453
FSL,2026-04-23 12:16:00,225.03,225.15,225.02,225.02,985
FSL,2026-04-23 12:17:00,225.02,225.15,225.02,225.15,1126
FSL,2026-04-23 12:18:00,225.15,225.15,225.05,225.08,292
FSL,2026-04-23 12:19:00,225.08,225.1,225.08,225.08,532
FSL,2026-04-23 12:20:00,225.08,225.08,225.08,225.08,279
FSL,2026-04-23 12:21:00,225.08,225.17,224.9,224.9,2427
FSL,2026-04-23 12:22:00,224.9,225.12,224.9,225.12,218
FSL,2026-04-23 12:23:00,225.12,225.18,224.97,225.13,1116
FSL,2026-04-23 12:24:00,225.13,225.13,224.92,224.92,693
FSL,2026-04-23 12:25:00,224.92,225.0,224.92,225.0,154
FSL,2026-04-23 12:26:00,225.0,225.0,224.9,224.9,244
FSL,2026-04-23 12:27:00,224.9,225.0,224.9,224.91,886
FSL,2026-04-23 12:28:00,224.58,224.9,224.58,224.6,19476
FSL,2026-04-23 12:29:00,224.6,224.61,224.52,224.52,421
FSL,2026-04-23 12:30:00,224.52,224.54,224.5,224.5,5367
FSL,2026-04-23 12:31:00,224.5,224.59,224.5,224.5,710
FSL,2026-04-23 12:32:00,224.5,224.63,224.5,224.53,354
FSL,2026-04-23 12:33:00,224.53,224.53,224.51,224.51,245
FSL,2026-04-23 12:34:00,224.61,224.61,224.5,224.51,558
FSL,2026-04-23 12:35:00,224.66,224.66,224.65,224.66,1605
FSL,2026-04-23 12:36:00,224.66,224.66,224.5,224.5,351
FSL,2026-04-23 12:37:00,224.51,224.73,224.51,224.53,1331
FSL,2026-04-23 12:38:00,224.53,224.98,224.53,224.92,2599
FSL,2026-04-23 12:39:00,224.92,224.92,224.88,224.91,402
FSL,2026-04-23 12:40:00,224.94,224.97,224.76,224.92,1033
FSL,2026-04-23 12:41:00,224.8,224.9,224.73,224.88,433
FSL,2026-04-23 12:42:00,224.89,224.89,224.75,224.75,71
FSL,2026-04-23 12:43:00,224.75,224.83,224.71,224.81,586
FSL,2026-04-23 12:44:00,224.81,224.83,224.75,224.75,713
FSL,2026-04-23 12:45:00,224.75,224.75,224.75,224.75,31
FSL,2026-04-23 12:46:00,224.75,224.75,224.7,224.73,606
FSL,2026-04-23 12:47:00,224.73,224.75,224.58,224.61,580
FSL,2026-04-23 12:48:00,224.75,224.75,224.65,224.72,146
FSL,2026-04-23 12:49:00,224.72,224.72,224.59,224.72,1624
FSL,2026-04-23 12:50:00,224.72,224.82,224.72,224.79,870
FSL,2026-04-23 12:51:00,224.79,224.79,224.73,224.73,202
FSL,2026-04-23 12:52:00,224.73,224.83,224.7,224.78,1667
FSL,2026-04-23 12:53:00,224.78,224.85,224.67,224.84,1729
FSL,2026-04-23 12:54:00,224.84,224.88,224.84,224.84,1007
FSL,2026-04-23 12:55:00,224.84,224.94,224.84,224.9,611
FSL,2026-04-23 12:56:00,224.9,224.97,224.9,224.97,6029
FSL,2026-04-23 12:57:00,224.97,225.11,224.97,225.11,1184
FSL,2026-04-23 12:58:00,224.97,225.0,224.97,224.97,2626
FSL,2026-04-23 12:59:00,224.97,225.0,224.97,224.99,301
FSL,2026-04-23 13:00:00,224.99,224.99,224.87,224.87,879
FSL,2026-04-23 13:01:00,224.87,224.87,224.54,224.54,1988
FSL,2026-04-23 13:02:00,224.55,224.57,224.54,224.54,911
FSL,2026-04-23 13:03:00,224.68,224.74,224.54,224.69,1491
FSL,2026-04-23 13:04:00,224.76,224.83,224.6,224.83,204
FSL,2026-04-23 13:05:00,224.83,224.83,224.75,224.8,312
FSL,2026-04-23 13:06:00,224.8,224.8,224.8,224.8,19
FSL,2026-04-23 13:07:00,224.8,224.8,224.73,224.73,122
FSL,2026-04-23 13:08:00,224.71,224.75,224.6,224.6,2631
FSL,2026-04-23 13:09:00,224.6,224.68,224.6,224.67,1267
FSL,2026-04-23 13:10:00,224.77,224.77,224.77,224.77,453
FSL,2026-04-23 13:11:00,224.77,224.99,224.7,224.99,2509
FSL,2026-04-23 13:12:00,224.99,225.3,224.99,225.06,12337
FSL,2026-04-23 13:13:00,225.06,225.27,225.0,225.27,2815
FSL,2026-04-23 13:14:00,225.27,225.3,225.07,225.07,775
FSL,2026-04-23 13:15:00,225.07,225.2,225.0,225.0,1534
FSL,2026-04-23 13:16:00,225.0,225.0,225.0,225.0,124
FSL,2026-04-23 13:17:00,225.0,225.2,225.0,225.13,4246
FSL,2026-04-23 13:18:00,225.13,225.14,225.05,225.05,449
FSL,2026-04-23 13:19:00,225.05,225.14,225.05,225.14,200
FSL,2026-04-23 13:20:00,225.05,225.15,225.0,225.15,916
FSL,2026-04-23 13:21:00,225.15,225.15,225.04,225.15,44
FSL,2026-04-23 13:22:00,225.01,225.25,225.01,225.2,3685
FSL,2026-04-23 13:23:00,225.2,225.59,225.2,225.59,4545
FSL,2026-04-23 13:24:00,225.59,225.59,225.36,225.36,2141
FSL,2026-04-23 13:25:00,225.36,225.5,225.36,225.49,531
FSL,2026-04-23 13:26:00,225.46,225.49,225.46,225.48,668
FSL,2026-04-23 13:27:00,225.48,225.48,225.35,225.35,466
FSL,2026-04-23 13:28:00,225.35,225.47,225.35,225.44,274
FSL,2026-04-23 13:29:00,225.36,225.36,225.35,225.35,183
FSL,2026-04-23 13:30:00,225.35,225.41,225.35,225.4,603
FSL,2026-04-23 13:31:00,225.4,225.43,225.4,225.43,215
FSL,2026-04-23 13:32:00,225.43,225.5,225.41,225.49,2035
FSL,2026-04-23 13:33:00,225.49,225.5,225.4,225.42,739
FSL,2026-04-23 13:34:00,225.42,225.42,225.4,225.4,193
FSL,2026-04-23 13:35:00,225.4,226.5,225.3,226.5,47513
FSL,2026-04-23 13:36:00,226.5,226.6,226.18,226.5,21771
FSL,2026-04-23 13:37:00,226.36,226.36,226.11,226.11,2562
FSL,2026-04-23 13:38:00,226.11,226.27,226.0,226.0,3384
FSL,2026-04-23 13:39:00,226.0,226.0,225.84,225.84,747
FSL,2026-04-23 13:40:00,225.84,225.99,225.7,225.99,1105
FSL,2026-04-23 13:41:00,225.99,225.99,225.82,225.82,44
FSL,2026-04-23 13:42:00,225.82,225.82,225.6,225.63,494
FSL,2026-04-23 13:43:00,225.67,225.84,225.64,225.84,1001
FSL,2026-04-23 13:44:00,225.84,225.88,225.67,225.67,1002
FSL,2026-04-23 13:45:00,225.67,225.9,225.67,225.78,1889
FSL,2026-04-23 13:46:00,225.78,225.83,225.68,225.68,819
FSL,2026-04-23 13:47:00,225.68,225.78,225.57,225.64,1577
FSL,2026-04-23 13:48:00,225.64,225.69,225.51,225.69,1377
FSL,2026-04-23 13:49:00,225.69,225.69,225.34,225.35,4102
FSL,2026-04-23 13:50:00,225.35,225.49,225.35,225.47,700
FSL,2026-04-23 13:51:00,225.6,225.6,225.4,225.59,2275
FSL,2026-04-23 13:52:00,225.59,225.59,225.44,225.44,149
FSL,2026-04-23 13:53:00,225.44,225.45,225.37,225.37,235
FSL,2026-04-23 13:54:00,225.44,225.44,225.3,225.44,906
FSL,2026-04-23 13:55:00,225.44,225.51,225.34,225.34,507
FSL,2026-04-23 13:56:00,225.34,226.2,225.24,226.09,20662
FSL,2026-04-23 13:57:00,226.14,226.22,225.82,225.82,1671
FSL,2026-04-23 13:58:00,225.82,226.01,225.82,225.96,45
FSL,2026-04-23 13:59:00,225.96,225.96,225.74,225.89,131
FSL,2026-04-23 14:00:00,225.89,225.89,225.71,225.71,19
FSL,2026-04-23 14:01:00,225.71,225.71,225.56,225.69,1276
FSL,2026-04-23 14:02:00,225.69,225.69,225.67,225.69,631
FSL,2026-04-23 14:03:00,225.69,225.69,225.6,225.6,128
FSL,2026-04-23 14:04:00,225.52,225.71,225.52,225.7,849
FSL,2026-04-23 14:05:00,225.6,225.71,225.59,225.71,1548
FSL,2026-04-23 14:06:00,225.71,225.72,225.56,225.6,523
FSL,2026-04-23 14:07:00,225.6,225.6,225.17,225.18,11002
FSL,2026-04-23 14:08:00,225.18,225.48,225.18,225.37,1934
FSL,2026-04-23 14:09:00,225.37,225.5,225.37,225.5,956
FSL,2026-04-23 14:10:00,225.5,225.5,225.37,225.4,447
FSL,2026-04-23 14:11:00,225.37,225.37,225.19,225.36,2074
FSL,2026-04-23 14:12:00,225.36,225.36,225.18,225.2,1622
FSL,2026-04-23 14:13:00,225.2,225.2,225.08,225.2,4002
FSL,2026-04-23 14:14:00,225.2,225.39,225.2,225.39,2519
FSL,2026-04-23 14:15:00,225.39,225.39,225.15,225.22,779
FSL,2026-04-23 14:16:00,225.22,225.23,225.08,225.2,1852
FSL,2026-04-23 14:17:00,225.2,225.2,225.0,225.0,1953
FSL,2026-04-23 14:18:00,225.12,225.17,225.0,225.0,402
FSL,2026-04-23 14:19:00,225.0,225.01,225.0,225.01,797
FSL,2026-04-23 14:20:00,225.01,225.3,225.0,225.3,5333
FSL,2026-04-23 14:21:00,225.19,225.19,225.12,225.18,55
FSL,2026-04-23 14:22:00,225.18,225.18,225.1,225.1,382
FSL,2026-04-23 14:23:00,225.1,225.15,225.0,225.14,8025
FSL,2026-04-23 14:24:00,225.14,225.19,225.04,225.19,1227
FSL,2026-04-23 14:25:00,225.19,225.2,225.0,225.17,15326
FSL,2026-04-23 14:26:00,225.17,225.17,225.16,225.16,258
FSL,2026-04-23 14:27:00,225.16,225.16,225.06,225.06,673
FSL,2026-04-23 14:28:00,225.0,225.09,225.0,225.01,7394
FSL,2026-04-23 14:29:00,225.01,225.09,225.0,225.01,1453
FSL,2026-04-23 14:30:00,225.01,225.02,225.0,225.02,1278
FSL,2026-04-23 14:31:00,225.02,225.02,225.0,225.0,3473
FSL,2026-04-23 14:32:00,225.0,225.01,225.0,225.0,16615
FSL,2026-04-23 14:33:00,225.0,225.01,225.0,225.0,33883
FSL,2026-04-23 14:34:00,225.0,225.01,225.0,225.0,3403
FSL,2026-04-23 14:35:00,225.0,225.0,225.0,225.0,4871
FSL,2026-04-23 14:36:00,225.0,225.01,225.0,225.0,1890
FSL,2026-04-23 14:37:00,225.0,225.01,224.05,224.22,7995
FSL,2026-04-23 14:38:00,224.22,224.57,224.18,224.18,5593
FSL,2026-04-23 14:39:00,224.29,224.29,224.07,224.1,2389
FSL,2026-04-23 14:40:00,223.94,224.0,223.65,223.74,6518
FSL,2026-04-23 14:41:00,223.74,223.93,223.49,223.79,4941
FSL,2026-04-23 14:42:00,223.8,224.89,223.79,224.51,11200
FSL,2026-04-23 14:43:00,224.7,224.89,224.67,224.75,2203
FSL,2026-04-23 14:44:00,224.75,224.75,224.5,224.6,801
FSL,2026-04-23 14:45:00,224.6,224.64,224.5,224.64,854
FSL,2026-04-23 14:46:00,224.64,224.81,224.64,224.81,78
FSL,2026-04-23 14:47:00,224.81,224.83,224.67,224.67,1499
FSL,2026-04-23 14:48:00,224.67,224.78,224.66,224.75,4812
FSL,2026-04-23 14:49:00,224.67,224.75,224.63,224.72,97
FSL,2026-04-23 14:50:00,224.76,224.97,224.73,224.95,2360
FSL,2026-04-23 14:51:00,224.95,224.99,224.85,224.98,503
FSL,2026-04-23 14:52:00,224.98,225.04,224.95,225.0,1989
FSL,2026-04-23 14:53:00,225.02,225.2,225.02,225.14,1919
FSL,2026-04-23 14:54:00,225.14,225.14,225.0,225.13,2519
FSL,2026-04-23 14:55:00,225.13,225.13,224.94,225.0,805
FSL,2026-04-23 14:56:00,225.0,225.18,225.0,225.16,1710
FSL,2026-04-23 14:57:00,225.16,225.2,225.0,225.0,838
FSL,2026-04-23 14:58:00,225.17,225.17,225.0,225.0,1744
FSL,2026-04-23 14:59:00,225.06,225.2,225.0,225.14,2053
FSL,2026-04-23 15:00:00,225.15,225.25,225.11,225.24,2413
FSL,2026-04-23 15:01:00,225.2,225.2,225.15,225.18,660
FSL,2026-04-23 15:02:00,225.18,225.18,225.08,225.15,2159
FSL,2026-04-23 15:03:00,225.15,225.2,225.07,225.2,2365
FSL,2026-04-23 15:04:00,225.2,225.25,225.19,225.19,1944
FSL,2026-04-23 15:05:00,225.18,225.24,225.17,225.21,1277
FSL,2026-04-23 15:06:00,225.21,225.21,225.18,225.21,2342
FSL,2026-04-23 15:07:00,225.21,225.21,225.07,225.15,2171
FSL,2026-04-23 15:08:00,225.15,225.15,225.06,225.06,4138
FSL,2026-04-23 15:09:00,225.09,225.17,225.06,225.06,1872
FSL,2026-04-23 15:10:00,225.09,225.15,225.06,225.15,6798
FSL,2026-04-23 15:11:00,225.15,225.15,225.0,225.0,2012
FSL,2026-04-23 15:12:00,225.09,225.1,225.0,225.1,7074
FSL,2026-04-23 15:13:00,225.1,225.1,225.0,225.07,2914
FSL,2026-04-23 15:14:00,225.07,225.1,225.0,225.06,3225
FSL,2026-04-23 15:15:00,225.0,225.03,225.0,225.03,5842
FSL,2026-04-23 15:16:00,225.03,225.1,225.0,225.1,12305
FSL,2026-04-23 15:17:00,225.0,225.09,225.0,225.04,9829
FSL,2026-04-23 15:18:00,225.04,225.2,225.0,225.02,17884
FSL,2026-04-23 15:19:00,225.12,225.12,225.01,225.01,6683
FSL,2026-04-23 15:20:00,225.01,225.08,225.01,225.08,3252
FSL,2026-04-23 15:21:00,225.08,225.08,225.05,225.06,10618
FSL,2026-04-23 15:22:00,225.05,225.05,225.0,225.0,4826
FSL,2026-04-23 15:23:00,225.04,225.05,225.0,225.02,6800
FSL,2026-04-23 15:24:00,225.05,225.1,225.0,225.08,4781
FSL,2026-04-23 15:25:00,225.08,225.15,225.0,225.09,5330
FSL,2026-04-23 15:26:00,225.09,225.12,225.0,225.1,7945
FSL,2026-04-23 15:27:00,225.0,225.1,225.0,225.05,32663
FSL,2026-04-23 15:28:00,225.05,225.05,225.0,225.05,13295
FSL,2026-04-23 15:29:00,225.05,225.3,225.0,225.3,27422
FSL,2026-04-24 09:15:00,224.96,225.2,222.97,224.45,41676
FSL,2026-04-24 09:16:00,224.4,224.4,223.0,223.47,21371
FSL,2026-04-24 09:17:00,223.05,223.38,222.25,222.78,26624
FSL,2026-04-24 09:18:00,222.78,222.97,222.47,222.77,18870
FSL,2026-04-24 09:19:00,222.76,223.1,222.72,223.0,13198
FSL,2026-04-24 09:20:00,222.95,223.14,222.03,222.05,14665
FSL,2026-04-24 09:21:00,222.06,222.64,222.06,222.27,17391
FSL,2026-04-24 09:22:00,222.39,222.84,222.28,222.78,4728
FSL,2026-04-24 09:23:00,222.82,222.86,222.56,222.68,24323
FSL,2026-04-24 09:24:00,222.77,222.82,222.41,222.8,7732
FSL,2026-04-24 09:25:00,222.8,222.8,222.33,222.33,5452
FSL,2026-04-24 09:26:00,222.36,222.36,221.4,221.4,18600
FSL,2026-04-24 09:27:00,221.5,221.72,221.12,221.27,11260
FSL,2026-04-24 09:28:00,221.23,221.59,221.17,221.53,20848
FSL,2026-04-24 09:29:00,221.5,221.64,221.32,221.32,7524
FSL,2026-04-24 09:30:00,221.25,221.83,221.08,221.75,12417
FSL,2026-04-24 09:31:00,221.73,221.78,221.59,221.6,4237
FSL,2026-04-24 09:32:00,221.39,221.39,220.61,220.8,20203
FSL,2026-04-24 09:33:00,220.8,221.0,220.77,220.99,7921
FSL,2026-04-24 09:34:00,220.99,221.12,219.7,220.12,24275
FSL,2026-04-24 09:35:00,220.19,220.4,219.79,220.4,5009
FSL,2026-04-24 09:36:00,220.04,220.18,219.04,219.04,12116
FSL,2026-04-24 09:37:00,218.92,219.6,218.79,219.6,18936
FSL,2026-04-24 09:38:00,219.57,219.57,218.99,219.39,7310
FSL,2026-04-24 09:39:00,219.39,219.39,219.02,219.06,8707
FSL,2026-04-24 09:40:00,219.2,219.55,218.95,219.49,25546
FSL,2026-04-24 09:41:00,219.43,219.43,218.8,218.95,12450
FSL,2026-04-24 09:42:00,218.86,219.26,218.81,219.26,21333
FSL,2026-04-24 09:43:00,219.23,219.35,218.6,218.94,14076
FSL,2026-04-24 09:44:00,218.8,219.14,218.77,218.77,11461
FSL,2026-04-24 09:45:00,218.77,218.77,218.15,218.25,5078
FSL,2026-04-24 09:46:00,218.32,218.62,218.2,218.46,14386
FSL,2026-04-24 09:47:00,218.62,218.62,218.3,218.3,9896
FSL,2026-04-24 09:48:00,218.13,218.5,217.51,218.32,37022
FSL,2026-04-24 09:49:00,218.35,218.35,217.9,217.97,3517
FSL,2026-04-24 09:50:00,218.0,218.12,217.8,217.8,7842
FSL,2026-04-24 09:51:00,217.95,218.35,217.75,218.35,7301
FSL,2026-04-24 09:52:00,218.33,218.33,218.0,218.0,3593
FSL,2026-04-24 09:53:00,217.81,218.02,217.8,218.01,7259
FSL,2026-04-24 09:54:00,218.01,218.11,217.8,217.8,5154
FSL,2026-04-24 09:55:00,217.88,218.3,217.64,218.3,4179
FSL,2026-04-24 09:56:00,218.27,218.29,217.6,217.6,6581
FSL,2026-04-24 09:57:00,217.72,217.96,217.64,217.77,3541
FSL,2026-04-24 09:58:00,217.77,218.15,217.77,218.15,5655
FSL,2026-04-24 09:59:00,218.0,218.2,217.89,217.89,4764
FSL,2026-04-24 10:00:00,217.95,218.06,217.78,217.96,8123
FSL,2026-04-24 10:01:00,218.15,218.35,218.01,218.35,6002
FSL,2026-04-24 10:02:00,218.58,218.75,218.37,218.75,23302
FSL,2026-04-24 10:03:00,218.81,219.22,218.76,219.16,4382
FSL,2026-04-24 10:04:00,219.16,219.16,218.93,219.07,6061
FSL,2026-04-24 10:05:00,219.07,219.29,219.07,219.23,17447
FSL,2026-04-24 10:06:00,219.21,219.48,219.05,219.47,6438
FSL,2026-04-24 10:07:00,219.47,219.48,219.24,219.24,6302
FSL,2026-04-24 10:08:00,219.43,219.48,219.15,219.48,4709
FSL,2026-04-24 10:09:00,219.47,219.47,219.01,219.21,2890
FSL,2026-04-24 10:10:00,219.26,219.34,219.08,219.08,5627
FSL,2026-04-24 10:11:00,219.3,219.4,218.78,219.06,20787
FSL,2026-04-24 10:12:00,219.01,219.04,218.72,218.83,7699
FSL,2026-04-24 10:13:00,218.85,218.92,218.6,218.6,5149
FSL,2026-04-24 10:14:00,218.71,218.79,218.42,218.65,10418
FSL,2026-04-24 10:15:00,218.54,218.57,218.33,218.55,7571
FSL,2026-04-24 10:16:00,218.56,218.56,218.2,218.2,5679
FSL,2026-04-24 10:17:00,218.24,218.27,218.0,218.21,4172
FSL,2026-04-24 10:18:00,218.22,218.62,218.07,218.49,3629
FSL,2026-04-24 10:19:00,218.55,218.62,218.14,218.33,3430
FSL,2026-04-24 10:20:00,218.33,218.33,217.65,217.79,21262
FSL,2026-04-24 10:21:00,217.53,217.67,217.22,217.31,22872
FSL,2026-04-24 10:22:00,217.28,217.83,217.1,217.8,40309
FSL,2026-04-24 10:23:00,217.76,217.76,217.5,217.57,2614
FSL,2026-04-24 10:24:00,217.57,217.57,217.06,217.46,14702
FSL,2026-04-24 10:25:00,217.24,217.58,216.85,217.53,25499
FSL,2026-04-24 10:26:00,217.52,217.7,217.5,217.53,6065
FSL,2026-04-24 10:27:00,217.65,217.68,217.36,217.42,8160
FSL,2026-04-24 10:28:00,217.45,217.45,217.36,217.4,4272
FSL,2026-04-24 10:29:00,217.45,217.6,217.4,217.44,7183
FSL,2026-04-24 10:30:00,217.2,217.4,217.09,217.4,34730
FSL,2026-04-24 10:31:00,217.4,217.4,217.28,217.39,4383
FSL,2026-04-24 10:32:00,217.39,217.39,217.2,217.29,2506
FSL,2026-04-24 10:33:00,217.31,217.45,217.31,217.45,12668
FSL,2026-04-24 10:34:00,217.26,217.72,217.2,217.3,9491
FSL,2026-04-24 10:35:00,217.3,217.46,217.24,217.24,6398
FSL,2026-04-24 10:36:00,217.24,217.31,217.1,217.28,4170
FSL,2026-04-24 10:37:00,217.32,217.32,217.12,217.28,2711
FSL,2026-04-24 10:38:00,217.28,217.28,217.0,217.08,8490
FSL,2026-04-24 10:39:00,217.08,217.08,216.5,216.58,19248
FSL,2026-04-24 10:40:00,216.61,216.61,216.32,216.44,61254
FSL,2026-04-24 10:41:00,216.44,216.44,216.3,216.32,6094
FSL,2026-04-24 10:42:00,216.31,216.44,216.29,216.44,11747
FSL,2026-04-24 10:43:00,216.32,216.44,216.29,216.3,5298
FSL,2026-04-24 10:44:00,216.4,216.42,216.11,216.37,9394
FSL,2026-04-24 10:45:00,216.35,216.4,216.26,216.4,6956
FSL,2026-04-24 10:46:00,216.4,216.4,216.1,216.1,6233
FSL,2026-04-24 10:47:00,216.2,216.2,215.77,216.17,29033
FSL,2026-04-24 10:48:00,216.17,216.17,215.9,215.95,6216
FSL,2026-04-24 10:49:00,215.95,215.98,215.71,215.8,10399
FSL,2026-04-24 10:50:00,215.8,215.86,215.8,215.83,3017
FSL,2026-04-24 10:51:00,215.88,216.09,215.86,216.04,15777
FSL,2026-04-24 10:52:00,216.0,216.14,215.89,215.99,11234
FSL,2026-04-24 10:53:00,215.99,216.25,215.93,216.21,7515
FSL,2026-04-24 10:54:00,216.13,216.21,215.89,215.89,6161
FSL,2026-04-24 10:55:00,215.89,216.08,215.89,216.02,4965
FSL,2026-04-24 10:56:00,215.89,216.0,215.88,216.0,4678
FSL,2026-04-24 10:57:00,216.0,216.0,215.8,215.9,9041
FSL,2026-04-24 10:58:00,215.95,216.03,215.85,215.99,3465
FSL,2026-04-24 10:59:00,215.9,215.93,215.63,215.63,15944
FSL,2026-04-24 11:00:00,215.66,215.72,215.6,215.72,4369
FSL,2026-04-24 11:01:00,215.72,215.72,215.61,215.61,1221
FSL,2026-04-24 11:02:00,215.61,215.69,215.44,215.6,9303
FSL,2026-04-24 11:03:00,215.69,215.83,215.69,215.76,4033
FSL,2026-04-24 11:04:00,215.77,216.0,215.75,215.75,2529
FSL,2026-04-24 11:05:00,215.7,215.85,215.7,215.85,1520
FSL,2026-04-24 11:06:00,215.85,215.85,215.7,215.74,2737
FSL,2026-04-24 11:07:00,215.74,215.75,215.6,215.6,3397
FSL,2026-04-24 11:08:00,215.74,215.74,215.58,215.72,3767
FSL,2026-04-24 11:09:00,215.71,215.73,215.57,215.73,4190
FSL,2026-04-24 11:10:00,215.73,215.74,215.6,215.69,1819
FSL,2026-04-24 11:11:00,215.69,215.69,215.51,215.58,6182
FSL,2026-04-24 11:12:00,215.65,215.65,215.51,215.61,1729
FSL,2026-04-24 11:13:00,215.61,216.5,215.61,216.17,17673
FSL,2026-04-24 11:14:00,216.17,216.24,215.97,216.15,4328
FSL,2026-04-24 11:15:00,216.15,216.28,215.9,215.9,1923
FSL,2026-04-24 11:16:00,215.9,216.06,215.9,215.98,1031
FSL,2026-04-24 11:17:00,215.98,216.17,215.8,215.8,5577
FSL,2026-04-24 11:18:00,215.81,216.14,215.81,216.0,3343
FSL,2026-04-24 11:19:00,216.0,216.0,215.91,216.0,2815
FSL,2026-04-24 11:20:00,216.0,216.0,215.91,216.0,367
FSL,2026-04-24 11:21:00,216.0,216.0,215.91,216.0,2107
FSL,2026-04-24 11:22:00,216.0,216.0,215.92,215.99,1282
FSL,2026-04-24 11:23:00,215.99,216.14,215.95,216.01,4628
FSL,2026-04-24 11:24:00,216.01,216.18,216.01,216.1,487
FSL,2026-04-24 11:25:00,216.1,216.24,216.05,216.24,3843
FSL,2026-04-24 11:26:00,216.23,216.34,216.1,216.34,3365
FSL,2026-04-24 11:27:00,216.34,216.42,216.12,216.12,3446
FSL,2026-04-24 11:28:00,216.26,216.26,215.92,216.0,6536
FSL,2026-04-24 11:29:00,215.93,216.06,215.8,215.93,12528
FSL,2026-04-24 11:30:00,215.95,215.96,215.8,215.94,627
FSL,2026-04-24 11:31:00,215.93,215.95,215.74,215.74,5110
FSL,2026-04-24 11:32:00,215.74,215.87,215.71,215.87,2384
FSL,2026-04-24 11:33:00,215.87,215.9,215.8,215.89,1260
FSL,2026-04-24 11:34:00,215.89,215.9,215.89,215.89,972
FSL,2026-04-24 11:35:00,215.9,215.9,215.8,215.9,2407
FSL,2026-04-24 11:36:00,215.9,215.9,215.73,215.87,2078
FSL,2026-04-24 11:37:00,215.87,215.87,215.75,215.75,2982
FSL,2026-04-24 11:38:00,215.75,215.85,215.71,215.75,516
FSL,2026-04-24 11:39:00,215.75,215.85,215.72,215.75,1288
FSL,2026-04-24 11:40:00,215.75,215.75,215.44,215.53,9074
FSL,2026-04-24 11:41:00,215.53,215.53,215.25,215.31,6464
FSL,2026-04-24 11:42:00,215.37,215.37,215.14,215.21,8148
FSL,2026-04-24 11:43:00,215.21,215.21,215.14,215.19,1281
FSL,2026-04-24 11:44:00,215.19,215.19,214.61,214.8,34487
FSL,2026-04-24 11:45:00,214.8,214.8,214.66,214.73,9420
FSL,2026-04-24 11:46:00,214.7,214.73,214.5,214.59,11397
FSL,2026-04-24 11:47:00,214.57,214.57,214.24,214.24,6946
FSL,2026-04-24 11:48:00,214.33,214.33,213.93,213.93,16720
FSL,2026-04-24 11:49:00,213.88,213.98,213.8,213.82,8635
FSL,2026-04-24 11:50:00,213.89,213.89,213.6,213.68,11762
FSL,2026-04-24 11:51:00,213.71,214.0,213.71,213.99,8686
FSL,2026-04-24 11:52:00,213.88,213.91,213.8,213.8,4929
FSL,2026-04-24 11:53:00,213.89,213.9,213.74,213.74,5854
FSL,2026-04-24 11:54:00,213.5,213.68,213.4,213.62,18327
FSL,2026-04-24 11:55:00,213.5,213.59,213.36,213.36,4223
FSL,2026-04-24 11:56:00,213.36,213.72,213.36,213.62,6451
FSL,2026-04-24 11:57:00,213.62,213.72,213.62,213.62,6990
FSL,2026-04-24 11:58:00,213.72,213.72,213.51,213.67,4480
FSL,2026-04-24 11:59:00,213.67,213.7,213.55,213.69,2544
FSL,2026-04-24 12:00:00,213.74,213.74,213.5,213.5,6890
FSL,2026-04-24 12:01:00,213.55,213.72,213.5,213.55,3100
FSL,2026-04-24 12:02:00,213.55,213.68,213.51,213.58,4720
FSL,2026-04-24 12:03:00,213.58,213.58,213.5,213.5,7492
FSL,2026-04-24 12:04:00,213.5,213.53,213.4,213.41,2589
FSL,2026-04-24 12:05:00,213.4,213.93,213.4,213.86,16789
FSL,2026-04-24 12:06:00,213.88,213.95,213.61,213.95,6018
FSL,2026-04-24 12:07:00,213.95,213.98,213.8,213.97,6165
FSL,2026-04-24 12:08:00,213.97,214.36,213.84,214.16,10077
FSL,2026-04-24 12:09:00,214.23,214.37,214.07,214.22,6552
FSL,2026-04-24 12:10:00,214.26,214.35,214.09,214.31,2657
FSL,2026-04-24 12:11:00,214.36,214.38,214.1,214.1,2986
FSL,2026-04-24 12:12:00,214.28,214.49,214.15,214.41,12642
FSL,2026-04-24 12:13:00,214.49,214.69,214.49,214.68,6622
FSL,2026-04-24 12:14:00,214.68,214.68,214.51,214.67,2038
FSL,2026-04-24 12:15:00,214.67,214.88,214.65,214.7,10105
FSL,2026-04-24 12:16:00,214.7,214.87,214.63,214.79,4705
FSL,2026-04-24 12:17:00,214.79,214.99,214.79,214.87,9536
FSL,2026-04-24 12:18:00,214.87,214.94,214.84,214.84,2045
FSL,2026-04-24 12:19:00,214.84,214.91,214.79,214.84,1783
FSL,2026-04-24 12:20:00,214.9,214.9,214.4,214.48,6169
FSL,2026-04-24 12:21:00,214.48,214.6,214.4,214.59,10198
FSL,2026-04-24 12:22:00,214.59,214.6,214.24,214.4,6903
FSL,2026-04-24 12:23:00,214.27,214.4,214.25,214.26,412
FSL,2026-04-24 12:24:00,214.26,214.3,214.15,214.24,3618
FSL,2026-04-24 12:25:00,214.15,214.22,213.6,213.8,15935
FSL,2026-04-24 12:26:00,213.8,214.02,213.67,213.83,11059
FSL,2026-04-24 12:27:00,213.93,213.93,213.69,213.86,2807
FSL,2026-04-24 12:28:00,213.86,213.86,213.5,213.5,6786
FSL,2026-04-24 12:29:00,213.5,213.5,213.3,213.48,4699
FSL,2026-04-24 12:30:00,213.48,213.48,213.17,213.21,5838
FSL,2026-04-24 12:31:00,213.21,213.33,213.04,213.22,11226
FSL,2026-04-24 12:32:00,213.22,213.94,213.22,213.89,13223
FSL,2026-04-24 12:33:00,213.89,213.94,213.8,213.92,802
FSL,2026-04-24 12:34:00,213.9,213.92,213.75,213.75,1531
FSL,2026-04-24 12:35:00,213.8,213.92,213.71,213.92,6371
FSL,2026-04-24 12:36:00,213.81,213.92,213.8,213.9,2543
FSL,2026-04-24 12:37:00,213.75,213.9,213.75,213.8,1175
FSL,2026-04-24 12:38:00,213.8,213.93,213.8,213.88,2182
FSL,2026-04-24 12:39:00,213.88,213.94,213.81,213.81,1913
FSL,2026-04-24 12:40:00,213.81,214.0,213.81,214.0,1850
FSL,2026-04-24 12:41:00,213.97,214.22,213.91,214.19,7354
FSL,2026-04-24 12:42:00,214.19,214.21,214.0,214.12,1920
FSL,2026-04-24 12:43:00,214.12,214.12,213.77,213.77,14031
FSL,2026-04-24 12:44:00,213.77,213.88,213.51,213.51,2451
FSL,2026-04-24 12:45:00,213.53,213.79,213.53,213.79,2117
FSL,2026-04-24 12:46:00,213.64,213.79,213.63,213.65,2555
FSL,2026-04-24 12:47:00,213.65,214.12,213.65,214.11,2991
FSL,2026-04-24 12:48:00,214.11,214.25,214.01,214.08,2830
FSL,2026-04-24 12:49:00,214.08,214.22,214.08,214.12,262
FSL,2026-04-24 12:50:00,214.12,214.3,214.12,214.22,6136
FSL,2026-04-24 12:51:00,214.22,214.3,214.15,214.2,7705
FSL,2026-04-24 12:52:00,214.3,214.3,214.22,214.28,1168
FSL,2026-04-24 12:53:00,214.28,214.28,214.2,214.28,1166
FSL,2026-04-24 12:54:00,214.28,214.39,214.2,214.28,1547
FSL,2026-04-24 12:55:00,214.28,214.36,214.23,214.23,1694
FSL,2026-04-24 12:56:00,214.36,214.52,214.23,214.52,2291
FSL,2026-04-24 12:57:00,214.52,214.61,214.5,214.58,9500
FSL,2026-04-24 12:58:00,214.58,214.6,214.58,214.58,279
FSL,2026-04-24 12:59:00,214.58,214.59,214.4,214.55,876
FSL,2026-04-24 13:00:00,214.45,214.56,214.4,214.4,1709
FSL,2026-04-24 13:01:00,214.4,214.49,214.33,214.48,1642
FSL,2026-04-24 13:02:00,214.48,214.5,214.41,214.5,197
FSL,2026-04-24 13:03:00,214.5,214.5,214.3,214.3,514
FSL,2026-04-24 13:04:00,214.4,214.4,214.09,214.27,5780
FSL,2026-04-24 13:05:00,214.27,214.27,214.04,214.1,878
FSL,2026-04-24 13:06:00,213.92,213.97,213.9,213.9,5659
FSL,2026-04-24 13:07:00,213.97,214.0,213.87,213.9,1153
FSL,2026-04-24 13:08:00,213.87,214.0,213.81,214.0,3342
FSL,2026-04-24 13:09:00,214.0,214.0,213.89,213.91,3554
FSL,2026-04-24 13:10:00,213.91,213.91,213.65,213.65,1771
FSL,2026-04-24 13:11:00,213.7,213.8,213.6,213.71,4183
FSL,2026-04-24 13:12:00,213.71,213.87,213.66,213.66,285
FSL,2026-04-24 13:13:00,213.66,213.82,213.66,213.8,1128
FSL,2026-04-24 13:14:00,213.8,213.84,213.66,213.84,2066
FSL,2026-04-24 13:15:00,213.74,213.88,213.74,213.84,435
FSL,2026-04-24 13:16:00,213.84,213.84,213.68,213.68,1257
FSL,2026-04-24 13:17:00,213.68,213.7,213.53,213.63,7200
FSL,2026-04-24 13:18:00,213.63,213.63,213.53,213.6,724
FSL,2026-04-24 13:19:00,213.6,213.71,213.55,213.65,3264
FSL,2026-04-24 13:20:00,213.65,213.85,213.65,213.85,1103
FSL,2026-04-24 13:21:00,213.86,213.95,213.7,213.7,1834
FSL,2026-04-24 13:22:00,213.7,213.8,213.7,213.71,336
FSL,2026-04-24 13:23:00,213.71,213.8,213.71,213.79,405
FSL,2026-04-24 13:24:00,213.79,213.95,213.72,213.77,1806
FSL,2026-04-24 13:25:00,213.75,213.83,213.45,213.61,24641
FSL,2026-04-24 13:26:00,213.62,213.63,213.5,213.55,465
FSL,2026-04-24 13:27:00,213.55,213.68,213.55,213.68,1904
FSL,2026-04-24 13:28:00,213.68,213.68,213.57,213.65,411
FSL,2026-04-24 13:29:00,213.64,213.64,213.57,213.64,1370
FSL,2026-04-24 13:30:00,213.64,213.8,213.57,213.75,6463
FSL,2026-04-24 13:31:00,213.66,213.76,213.6,213.6,550
FSL,2026-04-24 13:32:00,213.66,213.66,213.45,213.45,5335
FSL,2026-04-24 13:33:00,213.45,213.55,213.3,213.31,3445
FSL,2026-04-24 13:34:00,213.31,213.66,213.31,213.35,7371
FSL,2026-04-24 13:35:00,213.49,213.49,213.36,213.47,771
FSL,2026-04-24 13:36:00,213.47,213.47,213.25,213.25,2889
FSL,2026-04-24 13:37:00,213.22,213.22,212.37,212.98,43517
FSL,2026-04-24 13:38:00,212.98,212.98,212.8,212.85,1194
FSL,2026-04-24 13:39:00,212.85,212.85,212.56,212.7,4473
FSL,2026-04-24 13:40:00,212.7,212.85,212.64,212.85,10560
FSL,2026-04-24 13:41:00,212.67,212.83,212.67,212.7,11954
FSL,2026-04-24 13:42:00,212.74,212.74,212.5,212.62,7159
FSL,2026-04-24 13:43:00,212.52,212.62,212.5,212.61,2225
FSL,2026-04-24 13:44:00,212.61,212.94,212.53,212.6,8629
FSL,2026-04-24 13:45:00,212.79,212.79,212.68,212.79,1332
FSL,2026-04-24 13:46:00,212.79,212.96,212.79,212.86,8178
FSL,2026-04-24 13:47:00,212.97,213.07,212.86,213.07,3722
FSL,2026-04-24 13:48:00,213.07,213.08,212.85,212.9,1785
FSL,2026-04-24 13:49:00,212.94,212.98,212.8,212.96,1630
FSL,2026-04-24 13:50:00,212.79,212.98,212.79,212.98,1958
FSL,2026-04-24 13:51:00,213.08,213.61,213.08,213.4,20312
FSL,2026-04-24 13:52:00,213.3,213.4,213.3,213.35,499
FSL,2026-04-24 13:53:00,213.35,213.35,213.16,213.3,1246
FSL,2026-04-24 13:54:00,213.3,213.3,213.09,213.15,937
FSL,2026-04-24 13:55:00,213.15,213.25,213.1,213.19,4466
FSL,2026-04-24 13:56:00,213.11,213.11,213.0,213.09,1974
FSL,2026-04-24 13:57:00,213.05,213.09,212.9,212.99,4468
FSL,2026-04-24 13:58:00,212.9,213.0,212.7,212.8,1795
FSL,2026-04-24 13:59:00,212.75,213.0,212.75,212.87,3083
FSL,2026-04-24 14:00:00,212.84,212.9,212.84,212.9,552
FSL,2026-04-24 14:01:00,212.9,212.96,212.8,212.95,18273
FSL,2026-04-24 14:02:00,213.1,213.24,211.32,211.32,101488
FSL,2026-04-24 14:03:00,211.44,211.72,211.1,211.66,21400
FSL,2026-04-24 14:04:00,211.66,211.66,210.81,211.05,40158
FSL,2026-04-24 14:05:00,211.05,211.05,210.24,210.73,29726
FSL,2026-04-24 14:06:00,210.79,210.89,210.62,210.73,12308
FSL,2026-04-24 14:07:00,210.8,210.85,210.7,210.85,5300
FSL,2026-04-24 14:08:00,210.85,211.0,210.8,210.99,17500
FSL,2026-04-24 14:09:00,210.99,210.99,210.91,210.98,6901
FSL,2026-04-24 14:10:00,210.96,211.0,210.9,210.93,12803
FSL,2026-04-24 14:11:00,210.93,211.0,210.4,210.49,32310
FSL,2026-04-24 14:12:00,210.49,210.5,210.11,210.5,20414
FSL,2026-04-24 14:13:00,210.5,210.5,210.1,210.25,15861
FSL,2026-04-24 14:14:00,210.41,210.47,210.28,210.42,4362
FSL,2026-04-24 14:15:00,210.42,210.5,210.1,210.28,19827
FSL,2026-04-24 14:16:00,210.28,210.41,210.11,210.35,6572
FSL,2026-04-24 14:17:00,210.41,210.87,210.41,210.79,14331
FSL,2026-04-24 14:18:00,210.64,210.88,210.64,210.87,27134
FSL,2026-04-24 14:19:00,210.87,211.11,210.51,210.7,15419
FSL,2026-04-24 14:20:00,210.7,210.85,210.7,210.78,2061
FSL,2026-04-24 14:21:00,210.78,211.01,210.74,210.84,3772
FSL,2026-04-24 14:22:00,210.84,211.1,210.83,211.0,5957
FSL,2026-04-24 14:23:00,211.0,211.03,210.75,210.8,7650
FSL,2026-04-24 14:24:00,210.85,210.85,210.55,210.6,8067
FSL,2026-04-24 14:25:00,210.6,210.67,210.36,210.52,13853
FSL,2026-04-24 14:26:00,210.52,210.8,210.52,210.66,2567
FSL,2026-04-24 14:27:00,210.66,210.77,209.29,209.61,72826
FSL,2026-04-24 14:28:00,209.67,209.84,209.55,209.78,12887
FSL,2026-04-24 14:29:00,209.78,209.95,209.73,209.88,9207
FSL,2026-04-24 14:30:00,209.95,210.09,209.95,210.09,14843
FSL,2026-04-24 14:31:00,209.95,210.06,209.95,210.02,44535
FSL,2026-04-24 14:32:00,210.02,210.05,209.95,210.0,4960
FSL,2026-04-24 14:33:00,210.0,210.0,209.7,209.8,13285
FSL,2026-04-24 14:34:00,209.87,209.87,209.71,209.84,5159
FSL,2026-04-24 14:35:00,209.84,209.85,209.8,209.84,5705
FSL,2026-04-24 14:36:00,209.85,210.03,209.85,209.95,13699
FSL,2026-04-24 14:37:00,209.85,209.99,208.72,208.98,57026
FSL,2026-04-24 14:38:00,208.97,209.31,208.84,209.3,16919
FSL,2026-04-24 14:39:00,209.3,209.3,209.2,209.3,6644
FSL,2026-04-24 14:40:00,209.16,209.45,209.0,209.39,15111
FSL,2026-04-24 14:41:00,209.46,209.82,209.37,209.7,28989
FSL,2026-04-24 14:42:00,209.7,209.8,209.7,209.8,7749
FSL,2026-04-24 14:43:00,209.8,209.99,209.75,209.85,9311
FSL,2026-04-24 14:44:00,209.89,210.0,209.8,209.92,10232
FSL,2026-04-24 14:45:00,210.0,210.04,209.92,210.02,10040
FSL,2026-04-24 14:46:00,210.0,210.04,209.86,210.01,7509
FSL,2026-04-24 14:47:00,210.01,210.01,209.85,209.9,4784
FSL,2026-04-24 14:48:00,209.9,210.0,209.33,210.0,39729
FSL,2026-04-24 14:49:00,210.02,210.02,209.72,209.88,12917
FSL,2026-04-24 14:50:00,209.9,209.92,209.8,209.81,2945
FSL,2026-04-24 14:51:00,209.9,209.9,209.81,209.82,1688
FSL,2026-04-24 14:52:00,209.82,209.89,209.76,209.8,6714
FSL,2026-04-24 14:53:00,209.81,209.81,209.65,209.74,3920
FSL,2026-04-24 14:54:00,209.74,209.75,209.5,209.6,5137
FSL,2026-04-24 14:55:00,209.47,209.71,209.47,209.6,5584
FSL,2026-04-24 14:56:00,209.68,209.73,209.6,209.6,4415
FSL,2026-04-24 14:57:00,209.68,209.76,209.6,209.69,5012
FSL,2026-04-24 14:58:00,209.61,209.68,209.46,209.58,8334
FSL,2026-04-24 14:59:00,209.5,209.57,209.4,209.49,3469
FSL,2026-04-24 15:00:00,209.4,209.43,209.26,209.38,3947
FSL,2026-04-24 15:01:00,209.38,209.38,209.13,209.15,31791
FSL,2026-04-24 15:02:00,209.13,209.24,209.0,209.24,10959
FSL,2026-04-24 15:03:00,209.24,209.3,209.15,209.25,6336
FSL,2026-04-24 15:04:00,209.3,209.3,209.13,209.15,13533
FSL,2026-04-24 15:05:00,209.15,209.25,209.13,209.22,5924
FSL,2026-04-24 15:06:00,209.22,209.22,209.05,209.11,8207
FSL,2026-04-24 15:07:00,209.05,209.05,209.0,209.04,10742
FSL,2026-04-24 15:08:00,209.03,209.33,209.03,209.33,47354
FSL,2026-04-24 15:09:00,209.33,209.45,209.27,209.44,14889
FSL,2026-04-24 15:10:00,209.45,209.45,209.27,209.34,14613
FSL,2026-04-24 15:11:00,209.37,209.37,209.0,209.01,19020
FSL,2026-04-24 15:12:00,209.07,209.11,209.02,209.05,12957
FSL,2026-04-24 15:13:00,208.9,209.03,208.75,208.8,19540
FSL,2026-04-24 15:14:00,208.8,209.0,208.73,209.0,39917
FSL,2026-04-24 15:15:00,208.95,209.0,208.73,208.93,16952
FSL,2026-04-24 15:16:00,208.94,209.26,208.94,209.24,11383
FSL,2026-04-24 15:17:00,209.26,209.67,209.26,209.67,35732
FSL,2026-04-24 15:18:00,209.9,209.9,209.12,209.75,75149
FSL,2026-04-24 15:19:00,209.75,209.8,209.25,209.71,27125
FSL,2026-04-24 15:20:00,209.75,209.75,209.2,209.55,20392
FSL,2026-04-24 15:21:00,209.8,209.88,209.21,209.36,39384
FSL,2026-04-24 15:22:00,209.36,209.58,209.11,209.41,10659
FSL,2026-04-24 15:23:00,209.4,209.61,209.3,209.45,20004
FSL,2026-04-24 15:24:00,209.45,209.8,209.05,209.44,48124
FSL,2026-04-24 15:25:00,209.44,209.45,208.5,209.02,54971
FSL,2026-04-24 15:26:00,209.19,209.44,209.0,209.38,9802
FSL,2026-04-24 15:27:00,209.1,209.45,209.0,209.32,25153
FSL,2026-04-24 15:28:00,209.32,209.45,209.32,209.44,13097
FSL,2026-04-24 15:29:00,209.44,209.6,209.4,209.6,36961
FSL,2026-04-27 09:15:00,210.3,214.48,209.89,211.82,101243
FSL,2026-04-27 09:16:00,211.45,211.45,210.5,210.97,45892
FSL,2026-04-27 09:17:00,210.9,211.51,210.24,211.48,37389
FSL,2026-04-27 09:18:00,212.0,212.88,212.0,212.88,28982
FSL,2026-04-27 09:19:00,213.0,213.0,211.4,211.9,30693
FSL,2026-04-27 09:20:00,211.9,212.2,211.9,212.2,10581
FSL,2026-04-27 09:21:00,212.11,213.0,212.11,212.69,21239
FSL,2026-04-27 09:22:00,212.8,213.0,212.79,213.0,15332
FSL,2026-04-27 09:23:00,212.98,212.98,212.44,212.54,12780
FSL,2026-04-27 09:24:00,212.54,212.54,212.0,212.01,9363
FSL,2026-04-27 09:25:00,212.27,212.27,211.62,211.73,23995
FSL,2026-04-27 09:26:00,211.37,211.56,211.28,211.45,9970
FSL,2026-04-27 09:27:00,211.58,212.18,211.58,212.18,10320
FSL,2026-04-27 09:28:00,212.11,212.16,211.81,212.0,9773
FSL,2026-04-27 09:29:00,212.19,212.2,212.03,212.1,6229
FSL,2026-04-27 09:30:00,212.3,212.77,212.29,212.77,14932
FSL,2026-04-27 09:31:00,212.77,213.2,212.77,213.2,20309
FSL,2026-04-27 09:32:00,213.81,214.16,213.08,213.08,23015
FSL,2026-04-27 09:33:00,213.08,213.8,212.9,213.64,18981
FSL,2026-04-27 09:34:00,213.64,214.14,213.55,213.56,35437
FSL,2026-04-27 09:35:00,213.56,214.96,213.56,214.96,27923
FSL,2026-04-27 09:36:00,214.69,214.69,214.09,214.31,14586
FSL,2026-04-27 09:37:00,214.15,214.31,213.98,214.31,11378
FSL,2026-04-27 09:38:00,214.2,214.2,213.98,214.07,5993
FSL,2026-04-27 09:39:00,214.0,214.0,212.65,212.85,22156
FSL,2026-04-27 09:40:00,213.03,213.65,213.03,213.5,6982
FSL,2026-04-27 09:41:00,213.46,213.47,213.0,213.0,9902
FSL,2026-04-27 09:42:00,213.1,213.29,212.86,213.29,5855
FSL,2026-04-27 09:43:00,213.16,214.2,213.16,214.2,15893
FSL,2026-04-27 09:44:00,214.2,214.54,214.15,214.54,6176
FSL,2026-04-27 09:45:00,214.44,215.2,214.44,214.53,31118
FSL,2026-04-27 09:46:00,214.5,214.89,214.5,214.89,4465
FSL,2026-04-27 09:47:00,214.89,214.9,214.71,214.71,2932
FSL,2026-04-27 09:48:00,214.8,215.49,214.71,215.49,18170
FSL,2026-04-27 09:49:00,215.35,215.6,214.81,215.1,18951
FSL,2026-04-27 09:50:00,215.1,215.46,215.1,215.25,3327
FSL,2026-04-27 09:51:00,215.36,215.39,215.16,215.35,5601
FSL,2026-04-27 09:52:00,215.35,215.36,215.0,215.14,5631
FSL,2026-04-27 09:53:00,215.14,215.65,214.81,215.65,17382
FSL,2026-04-27 09:54:00,215.67,215.67,215.28,215.56,9600
FSL,2026-04-27 09:55:00,215.52,215.63,215.49,215.53,9825
FSL,2026-04-27 09:56:00,215.51,215.6,215.41,215.52,7215
FSL,2026-04-27 09:57:00,215.5,215.5,215.0,215.15,6332
FSL,2026-04-27 09:58:00,215.18,215.27,215.04,215.12,2894
FSL,2026-04-27 09:59:00,215.09,215.12,214.72,214.72,14660
FSL,2026-04-27 10:00:00,214.72,214.75,214.51,214.72,34276
FSL,2026-04-27 10:01:00,214.72,214.72,214.53,214.72,2281
FSL,2026-04-27 10:02:00,214.72,214.92,214.7,214.71,12544
FSL,2026-04-27 10:03:00,214.97,214.97,214.8,214.9,4761
FSL,2026-04-27 10:04:00,214.9,214.9,214.5,214.5,2324
FSL,2026-04-27 10:05:00,214.43,214.43,214.07,214.43,7603
FSL,2026-04-27 10:06:00,214.51,214.7,214.5,214.62,5375
FSL,2026-04-27 10:07:00,214.65,214.9,214.65,214.84,2454
FSL,2026-04-27 10:08:00,214.84,214.86,214.55,214.55,1215
FSL,2026-04-27 10:09:00,214.72,214.72,214.09,214.33,4039
FSL,2026-04-27 10:10:00,214.33,214.34,214.12,214.19,3472
FSL,2026-04-27 10:11:00,214.19,214.37,214.0,214.36,5632
FSL,2026-04-27 10:12:00,214.08,214.32,214.08,214.2,4074
FSL,2026-04-27 10:13:00,214.2,214.27,214.0,214.0,2748
FSL,2026-04-27 10:14:00,214.0,214.15,213.98,214.14,3809
FSL,2026-04-27 10:15:00,214.1,214.33,214.1,214.23,4545
FSL,2026-04-27 10:16:00,214.23,214.65,214.23,214.61,5427
FSL,2026-04-27 10:17:00,214.46,214.65,214.46,214.51,1594
FSL,2026-04-27 10:18:00,214.51,214.63,214.51,214.63,631
FSL,2026-04-27 10:19:00,214.63,214.8,214.63,214.75,5860
FSL,2026-04-27 10:20:00,214.76,214.76,214.6,214.7,5491
FSL,2026-04-27 10:21:00,214.71,214.72,214.6,214.72,712
FSL,2026-04-27 10:22:00,214.72,214.72,214.61,214.72,1728
FSL,2026-04-27 10:23:00,214.72,214.74,214.6,214.72,1747
FSL,2026-04-27 10:24:00,214.72,214.72,214.57,214.67,1018
FSL,2026-04-27 10:25:00,214.57,214.76,214.57,214.67,4352
FSL,2026-04-27 10:26:00,214.67,214.71,214.16,214.26,13538
FSL,2026-04-27 10:27:00,214.25,214.29,214.1,214.29,2118
FSL,2026-04-27 10:28:00,214.19,214.4,214.19,214.26,2480
FSL,2026-04-27 10:29:00,214.37,214.42,214.21,214.37,2233
FSL,2026-04-27 10:30:00,214.37,214.4,214.35,214.37,328
FSL,2026-04-27 10:31:00,214.34,215.4,214.25,215.27,19394
FSL,2026-04-27 10:32:00,215.25,215.27,215.04,215.27,6142
FSL,2026-04-27 10:33:00,215.27,215.27,215.0,215.12,8497
FSL,2026-04-27 10:34:00,215.28,215.28,215.01,215.02,3074
FSL,2026-04-27 10:35:00,215.02,215.17,215.02,215.16,1398
FSL,2026-04-27 10:36:00,215.16,215.24,215.01,215.01,3573
FSL,2026-04-27 10:37:00,215.16,215.24,215.1,215.24,3443
FSL,2026-04-27 10:38:00,215.16,215.28,215.1,215.16,4746
FSL,2026-04-27 10:39:00,215.15,215.28,215.15,215.28,582
FSL,2026-04-27 10:40:00,215.28,215.28,215.2,215.24,4364
FSL,2026-04-27 10:41:00,215.24,215.24,214.84,215.0,3319
FSL,2026-04-27 10:42:00,214.98,215.25,214.78,215.25,10216
FSL,2026-04-27 10:43:00,215.25,215.26,215.1,215.24,287
FSL,2026-04-27 10:44:00,215.24,215.28,215.21,215.23,364
FSL,2026-04-27 10:45:00,215.23,215.23,215.0,215.0,964
FSL,2026-04-27 10:46:00,215.0,215.16,214.98,215.16,2949
FSL,2026-04-27 10:47:00,215.16,215.16,215.0,215.1,1219
FSL,2026-04-27 10:48:00,215.05,215.1,215.05,215.1,6151
FSL,2026-04-27 10:49:00,215.1,215.15,215.02,215.1,665
FSL,2026-04-27 10:50:00,215.1,215.1,215.02,215.02,248
FSL,2026-04-27 10:51:00,215.02,215.1,215.02,215.02,580
FSL,2026-04-27 10:52:00,215.1,215.1,215.02,215.09,216
FSL,2026-04-27 10:53:00,215.09,215.1,214.83,214.83,2241
FSL,2026-04-27 10:54:00,214.83,214.99,214.8,214.91,511
FSL,2026-04-27 10:55:00,214.91,214.91,214.5,214.66,4806
FSL,2026-04-27 10:56:00,214.56,214.71,214.51,214.65,3899
FSL,2026-04-27 10:57:00,214.65,214.71,214.59,214.65,968
FSL,2026-04-27 10:58:00,214.73,214.73,214.59,214.59,1818
FSL,2026-04-27 10:59:00,214.59,214.71,214.31,214.43,2619
FSL,2026-04-27 11:00:00,214.5,214.58,214.5,214.58,495
FSL,2026-04-27 11:01:00,214.52,214.58,214.51,214.58,762
FSL,2026-04-27 11:02:00,214.58,214.63,214.5,214.51,1164
FSL,2026-04-27 11:03:00,214.58,214.67,214.51,214.67,3516
FSL,2026-04-27 11:04:00,214.51,214.71,214.51,214.63,6336
FSL,2026-04-27 11:05:00,214.63,214.64,214.63,214.64,1342
FSL,2026-04-27 11:06:00,214.51,214.51,214.31,214.45,1497
FSL,2026-04-27 11:07:00,214.43,214.43,214.0,214.14,6377
FSL,2026-04-27 11:08:00,214.14,214.14,214.04,214.04,1402
FSL,2026-04-27 11:09:00,214.04,214.04,214.0,214.04,3190
FSL,2026-04-27 11:10:00,214.04,214.2,214.04,214.14,2389
FSL,2026-04-27 11:11:00,214.14,214.37,214.1,214.37,1837
FSL,2026-04-27 11:12:00,214.37,214.41,214.26,214.39,369
FSL,2026-04-27 11:13:00,214.39,214.39,214.28,214.39,1341
FSL,2026-04-27 11:14:00,214.39,214.39,214.39,214.39,103
FSL,2026-04-27 11:15:00,214.39,214.39,214.25,214.3,1187
FSL,2026-04-27 11:16:00,214.3,214.37,214.1,214.32,6031
FSL,2026-04-27 11:17:00,214.32,214.32,214.22,214.32,248
FSL,2026-04-27 11:18:00,214.2,214.32,214.2,214.23,1161
FSL,2026-04-27 11:19:00,214.35,214.38,214.23,214.33,1122
FSL,2026-04-27 11:20:00,214.33,214.33,214.16,214.25,2895
FSL,2026-04-27 11:21:00,214.25,214.25,214.0,214.01,1745
FSL,2026-04-27 11:22:00,214.01,214.14,214.01,214.14,1497
FSL,2026-04-27 11:23:00,214.14,214.14,214.02,214.05,990
FSL,2026-04-27 11:24:00,214.14,214.14,214.0,214.0,1659
FSL,2026-04-27 11:25:00,213.98,214.04,213.5,214.0,12419
FSL,2026-04-27 11:26:00,213.97,213.97,213.84,213.94,803
FSL,2026-04-27 11:27:00,213.94,213.94,213.71,213.88,1180
FSL,2026-04-27 11:28:00,213.88,213.89,213.78,213.89,1213
FSL,2026-04-27 11:29:00,213.8,213.89,213.8,213.89,3893
FSL,2026-04-27 11:30:00,213.89,213.89,213.73,213.8,1425
FSL,2026-04-27 11:31:00,213.79,213.79,213.62,213.62,5285
FSL,2026-04-27 11:32:00,213.62,213.66,213.44,213.59,3336
FSL,2026-04-27 11:33:00,213.59,213.63,213.5,213.63,2826
FSL,2026-04-27 11:34:00,213.63,213.63,213.25,213.56,756
FSL,2026-04-27 11:35:00,213.45,213.61,213.45,213.58,4238
FSL,2026-04-27 11:36:00,213.51,213.63,213.42,213.51,896
FSL,2026-04-27 11:37:00,213.51,213.59,213.32,213.47,3005
FSL,2026-04-27 11:38:00,213.59,213.59,213.38,213.38,3746
FSL,2026-04-27 11:39:00,213.45,213.48,213.38,213.48,524
FSL,2026-04-27 11:40:00,213.48,213.48,213.35,213.4,3108
FSL,2026-04-27 11:41:00,213.4,213.4,213.28,213.32,1115
FSL,2026-04-27 11:42:00,213.3,213.46,213.14,213.46,4152
FSL,2026-04-27 11:43:00,213.46,213.48,213.42,213.48,1043
FSL,2026-04-27 11:44:00,213.48,213.5,213.4,213.4,853
FSL,2026-04-27 11:45:00,213.5,213.55,213.4,213.5,12281
FSL,2026-04-27 11:46:00,213.5,213.5,213.45,213.45,2074
FSL,2026-04-27 11:47:00,213.45,213.5,213.45,213.5,377
FSL,2026-04-27 11:48:00,213.5,213.68,213.5,213.68,3011
FSL,2026-04-27 11:49:00,213.68,213.7,213.61,213.61,919
FSL,2026-04-27 11:50:00,213.61,213.7,213.61,213.68,251
FSL,2026-04-27 11:51:00,213.68,213.7,213.57,213.57,3030
FSL,2026-04-27 11:52:00,213.66,213.66,213.4,213.61,2592
FSL,2026-04-27 11:53:00,213.61,213.61,213.49,213.49,315
FSL,2026-04-27 11:54:00,213.6,213.6,213.46,213.5,614
FSL,2026-04-27 11:55:00,213.5,213.6,213.41,213.6,2389
FSL,2026-04-27 11:56:00,213.6,213.71,213.59,213.7,2516
FSL,2026-04-27 11:57:00,213.7,213.8,213.6,213.8,1524
FSL,2026-04-27 11:58:00,213.8,213.8,213.64,213.71,458
FSL,2026-04-27 11:59:00,213.71,213.82,213.71,213.82,278
FSL,2026-04-27 12:00:00,213.82,213.82,213.68,213.73,418
FSL,2026-04-27 12:01:00,213.6,213.71,213.6,213.69,368
FSL,2026-04-27 12:02:00,213.69,213.69,213.42,213.58,1287
FSL,2026-04-27 12:03:00,213.58,213.64,213.58,213.64,353
FSL,2026-04-27 12:04:00,213.64,214.25,213.61,214.25,4179
FSL,2026-04-27 12:05:00,214.25,214.34,214.22,214.25,1457
FSL,2026-04-27 12:06:00,214.25,214.46,214.25,214.36,1575
FSL,2026-04-27 12:07:00,214.35,214.35,214.3,214.3,390
FSL,2026-04-27 12:08:00,214.3,214.47,214.3,214.43,3608
FSL,2026-04-27 12:09:00,214.43,214.44,214.26,214.42,1282
FSL,2026-04-27 12:10:00,214.42,214.42,214.2,214.26,1951
FSL,2026-04-27 12:11:00,214.26,214.42,214.26,214.36,458
FSL,2026-04-27 12:12:00,214.36,214.4,214.35,214.4,556
FSL,2026-04-27 12:13:00,214.4,214.42,214.35,214.4,996
FSL,2026-04-27 12:14:00,214.35,214.4,214.35,214.4,1372
FSL,2026-04-27 12:15:00,214.4,214.45,214.35,214.4,3145
FSL,2026-04-27 12:16:00,214.4,214.42,214.35,214.35,883
FSL,2026-04-27 12:17:00,214.41,214.41,214.35,214.41,234
FSL,2026-04-27 12:18:00,214.41,214.42,214.36,214.42,2049
FSL,2026-04-27 12:19:00,214.42,214.46,214.36,214.36,2631
FSL,2026-04-27 12:20:00,215.05,215.58,215.05,215.45,27892
FSL,2026-04-27 12:21:00,215.55,215.67,215.43,215.54,7056
FSL,2026-04-27 12:22:00,215.55,215.6,215.5,215.6,2394
FSL,2026-04-27 12:23:00,215.0,215.0,213.77,214.13,23075
FSL,2026-04-27 12:24:00,214.03,214.25,214.0,214.15,4074
FSL,2026-04-27 12:25:00,214.05,214.24,214.05,214.05,1630
FSL,2026-04-27 12:26:00,214.05,214.3,214.05,214.3,3291
FSL,2026-04-27 12:27:00,214.09,214.33,214.09,214.25,3147
FSL,2026-04-27 12:28:00,214.12,214.25,214.12,214.25,1573
FSL,2026-04-27 12:29:00,214.13,214.22,214.05,214.05,3408
FSL,2026-04-27 12:30:00,214.02,214.02,213.8,213.9,4248
FSL,2026-04-27 12:31:00,213.9,213.9,213.8,213.87,1511
FSL,2026-04-27 12:32:00,213.8,213.99,213.72,213.8,5917
FSL,2026-04-27 12:33:00,213.75,213.96,213.67,213.75,3547
FSL,2026-04-27 12:34:00,213.74,213.74,213.69,213.7,1655
FSL,2026-04-27 12:35:00,213.72,213.9,213.56,213.74,1549
FSL,2026-04-27 12:36:00,213.58,213.74,213.58,213.59,1759
FSL,2026-04-27 12:37:00,213.6,213.73,213.56,213.57,1352
FSL,2026-04-27 12:38:00,213.57,213.69,213.56,213.69,1582
FSL,2026-04-27 12:39:00,213.56,213.63,213.4,213.5,6818
FSL,2026-04-27 12:40:00,213.5,213.5,213.3,213.3,3340
FSL,2026-04-27 12:41:00,213.31,213.31,213.07,213.17,3610
FSL,2026-04-27 12:42:00,213.17,213.29,213.17,213.26,1428
FSL,2026-04-27 12:43:00,213.26,213.32,213.2,213.32,932
FSL,2026-04-27 12:44:00,213.26,213.44,213.26,213.37,1931
FSL,2026-04-27 12:45:00,213.37,213.38,213.15,213.15,6293
FSL,2026-04-27 12:46:00,213.24,213.24,212.53,212.59,25965
FSL,2026-04-27 12:47:00,212.59,212.79,212.59,212.75,685
FSL,2026-04-27 12:48:00,212.75,212.8,212.75,212.79,11066
FSL,2026-04-27 12:49:00,212.79,212.8,212.67,212.78,725
FSL,2026-04-27 12:50:00,212.78,212.8,212.67,212.77,2152
FSL,2026-04-27 12:51:00,212.77,212.78,212.4,212.4,10793
FSL,2026-04-27 12:52:00,212.4,212.55,212.4,212.55,1923
FSL,2026-04-27 12:53:00,212.55,212.73,212.5,212.53,6092
FSL,2026-04-27 12:54:00,212.51,212.63,212.5,212.62,1655
FSL,2026-04-27 12:55:00,212.62,212.71,212.51,212.71,2082
FSL,2026-04-27 12:56:00,212.71,212.71,212.55,212.68,1310
FSL,2026-04-27 12:57:00,212.56,212.68,212.55,212.56,2608
FSL,2026-04-27 12:58:00,212.56,212.62,212.56,212.62,1124
FSL,2026-04-27 12:59:00,212.62,214.4,212.58,213.79,21866
FSL,2026-04-27 13:00:00,213.79,214.12,213.79,214.05,7652
FSL,2026-04-27 13:01:00,213.93,214.16,213.93,214.05,2135
FSL,2026-04-27 13:02:00,214.05,214.05,213.9,214.05,3639
FSL,2026-04-27 13:03:00,214.05,214.5,213.91,214.28,7787
FSL,2026-04-27 13:04:00,214.28,214.42,214.04,214.17,3734
FSL,2026-04-27 13:05:00,214.17,214.42,214.09,214.1,5321
FSL,2026-04-27 13:06:00,214.1,214.31,213.8,213.8,14508
FSL,2026-04-27 13:07:00,213.8,213.97,213.68,213.68,982
FSL,2026-04-27 13:08:00,213.61,213.95,213.61,213.94,2619
FSL,2026-04-27 13:09:00,213.94,214.04,213.82,213.95,2245
FSL,2026-04-27 13:10:00,213.9,213.95,213.69,213.89,2578
FSL,2026-04-27 13:11:00,213.89,213.95,213.73,213.73,1133
FSL,2026-04-27 13:12:00,213.89,213.93,213.67,213.84,1811
FSL,2026-04-27 13:13:00,213.72,213.89,213.72,213.85,2001
FSL,2026-04-27 13:14:00,213.85,213.93,213.8,213.88,2999
FSL,2026-04-27 13:15:00,213.88,213.88,213.78,213.88,1245
FSL,2026-04-27 13:16:00,213.88,214.39,213.75,214.25,13408
FSL,2026-04-27 13:17:00,214.38,214.38,214.06,214.06,1324
FSL,2026-04-27 13:18:00,213.98,214.06,213.79,213.99,1573
FSL,2026-04-27 13:19:00,213.82,213.95,213.76,213.82,3603
FSL,2026-04-27 13:20:00,213.82,213.93,213.8,213.85,9410
FSL,2026-04-27 13:21:00,213.86,213.92,213.8,213.9,2428
FSL,2026-04-27 13:22:00,213.9,213.9,213.85,213.9,1956
FSL,2026-04-27 13:23:00,213.86,213.99,213.85,213.99,1608
FSL,2026-04-27 13:24:00,213.89,214.06,213.86,213.89,1982
FSL,2026-04-27 13:25:00,213.9,213.99,213.85,213.85,1825
FSL,2026-04-27 13:26:00,213.85,213.95,213.85,213.85,1185
FSL,2026-04-27 13:27:00,213.97,213.97,213.87,213.96,1139
FSL,2026-04-27 13:28:00,213.87,213.97,213.85,213.85,1322
FSL,2026-04-27 13:29:00,213.85,213.9,213.72,213.9,7929
FSL,2026-04-27 13:30:00,213.9,213.9,213.77,213.87,1979
FSL,2026-04-27 13:31:00,213.87,213.87,213.5,213.5,7119
FSL,2026-04-27 13:32:00,213.66,213.7,213.53,213.7,1654
FSL,2026-04-27 13:33:00,213.54,213.95,213.54,213.9,8164
FSL,2026-04-27 13:34:00,213.9,213.9,213.76,213.76,1485
FSL,2026-04-27 13:35:00,213.76,213.93,213.76,213.9,1727
FSL,2026-04-27 13:36:00,213.76,213.89,213.7,213.75,1762
FSL,2026-04-27 13:37:00,213.75,213.75,213.64,213.66,1140
FSL,2026-04-27 13:38:00,213.66,213.8,213.66,213.77,1715
FSL,2026-04-27 13:39:00,213.77,213.84,213.72,213.84,1380
FSL,2026-04-27 13:40:00,213.84,214.06,213.78,213.9,4898
FSL,2026-04-27 13:41:00,213.9,214.1,213.86,214.1,1732
FSL,2026-04-27 13:42:00,214.1,214.1,213.9,213.92,1843
FSL,2026-04-27 13:43:00,213.9,214.0,213.87,213.87,1111
FSL,2026-04-27 13:44:00,213.87,213.98,213.8,213.91,1503
FSL,2026-04-27 13:45:00,213.91,214.06,213.7,214.04,3860
FSL,2026-04-27 13:46:00,214.04,214.04,213.87,213.89,2035
FSL,2026-04-27 13:47:00,213.89,214.01,213.85,213.9,1313
FSL,2026-04-27 13:48:00,213.9,214.0,213.9,213.9,1883
FSL,2026-04-27 13:49:00,213.9,214.0,213.71,213.87,10648
FSL,2026-04-27 13:50:00,213.7,213.85,213.7,213.7,1110
FSL,2026-04-27 13:51:00,213.7,213.8,213.6,213.6,3751
FSL,2026-04-27 13:52:00,213.6,213.81,213.6,213.7,2019
FSL,2026-04-27 13:53:00,213.7,213.73,213.6,213.62,1373
FSL,2026-04-27 13:54:00,213.62,213.83,213.61,213.83,1565
FSL,2026-04-27 13:55:00,213.83,213.83,213.78,213.83,1371
FSL,2026-04-27 13:56:00,213.83,213.83,213.73,213.83,1267
FSL,2026-04-27 13:57:00,213.7,213.82,213.65,213.78,1381
FSL,2026-04-27 13:58:00,213.78,213.78,213.66,213.72,1337
FSL,2026-04-27 13:59:00,213.72,213.78,213.7,213.71,1886
FSL,2026-04-27 14:00:00,213.7,213.81,213.69,213.71,1435
FSL,2026-04-27 14:01:00,213.7,213.82,213.66,213.78,5394
FSL,2026-04-27 14:02:00,213.78,213.78,213.66,213.67,1805
FSL,2026-04-27 14:03:00,213.77,213.77,213.26,213.42,9834
FSL,2026-04-27 14:04:00,213.42,213.44,213.25,213.44,1441
FSL,2026-04-27 14:05:00,213.34,213.52,213.26,213.26,2638
FSL,2026-04-27 14:06:00,213.25,213.4,213.22,213.34,1895
FSL,2026-04-27 14:07:00,213.33,213.39,213.3,213.31,1661
FSL,2026-04-27 14:08:00,213.31,213.39,213.22,213.26,5914
FSL,2026-04-27 14:09:00,213.27,213.42,213.2,213.34,2063
FSL,2026-04-27 14:10:00,213.17,213.38,213.17,213.38,1153
FSL,2026-04-27 14:11:00,213.38,213.52,213.26,213.44,2833
FSL,2026-04-27 14:12:00,213.45,213.57,213.37,213.45,1939
FSL,2026-04-27 14:13:00,213.59,213.61,213.42,213.42,2217
FSL,2026-04-27 14:14:00,213.41,213.72,213.41,213.61,2913
FSL,2026-04-27 14:15:00,213.48,213.67,213.42,213.67,2223
FSL,2026-04-27 14:16:00,213.67,213.67,213.49,213.53,1646
FSL,2026-04-27 14:17:00,213.64,213.64,213.51,213.64,3179
FSL,2026-04-27 14:18:00,213.51,213.71,213.51,213.71,1921
FSL,2026-04-27 14:19:00,213.71,213.74,213.58,213.72,2926
FSL,2026-04-27 14:20:00,213.75,213.78,213.57,213.7,3069
FSL,2026-04-27 14:21:00,213.53,213.68,213.52,213.52,1124
FSL,2026-04-27 14:22:00,213.51,213.63,213.49,213.49,1277
FSL,2026-04-27 14:23:00,213.47,213.55,213.43,213.43,2052
FSL,2026-04-27 14:24:00,213.42,213.5,213.4,213.5,1575
FSL,2026-04-27 14:25:00,213.5,213.55,213.4,213.55,1892
FSL,2026-04-27 14:26:00,213.55,213.55,213.4,213.4,3396
FSL,2026-04-27 14:27:00,213.4,213.43,213.26,213.43,2151
FSL,2026-04-27 14:28:00,213.43,213.43,213.16,213.27,2181
FSL,2026-04-27 14:29:00,213.27,213.3,213.17,213.17,1467
FSL,2026-04-27 14:30:00,213.29,213.33,213.12,213.14,1960
FSL,2026-04-27 14:31:00,213.3,213.3,213.1,213.23,2495
FSL,2026-04-27 14:32:00,213.1,213.29,213.1,213.21,4293
FSL,2026-04-27 14:33:00,213.21,213.25,213.06,213.07,1871
FSL,2026-04-27 14:34:00,213.06,213.13,213.05,213.13,1710
FSL,2026-04-27 14:35:00,213.05,213.2,213.05,213.2,2240
FSL,2026-04-27 14:36:00,213.05,213.26,213.05,213.26,2311
FSL,2026-04-27 14:37:00,213.26,213.49,213.25,213.43,2368
FSL,2026-04-27 14:38:00,213.43,213.61,213.36,213.38,3764
FSL,2026-04-27 14:39:00,213.38,213.58,213.35,213.57,2668
FSL,2026-04-27 14:40:00,213.57,213.57,213.49,213.57,2053
FSL,2026-04-27 14:41:00,213.6,213.69,213.51,213.51,2228
FSL,2026-04-27 14:42:00,213.52,213.83,213.52,213.82,5008
FSL,2026-04-27 14:43:00,213.86,213.88,213.71,213.88,3035
FSL,2026-04-27 14:44:00,213.86,214.05,213.86,213.86,11303
FSL,2026-04-27 14:45:00,213.98,214.02,213.8,213.84,4341
FSL,2026-04-27 14:46:00,213.81,213.93,213.75,213.75,1849
FSL,2026-04-27 14:47:00,213.75,213.93,213.75,213.9,2608
FSL,2026-04-27 14:48:00,213.9,213.9,213.71,213.9,2414
FSL,2026-04-27 14:49:00,213.75,213.92,213.75,213.92,3328
FSL,2026-04-27 14:50:00,213.92,214.07,213.9,214.07,4880
FSL,2026-04-27 14:51:00,214.08,214.08,214.0,214.0,3136
FSL,2026-04-27 14:52:00,214.1,214.1,213.95,214.1,1585
FSL,2026-04-27 14:53:00,214.03,214.1,214.02,214.02,7849
FSL,2026-04-27 14:54:00,214.12,214.18,214.02,214.09,3964
FSL,2026-04-27 14:55:00,214.09,214.15,213.84,213.87,7572
FSL,2026-04-27 14:56:00,213.84,213.99,213.84,213.88,1969
FSL,2026-04-27 14:57:00,214.0,214.0,213.87,213.92,2342
FSL,2026-04-27 14:58:00,213.98,213.98,213.81,213.95,8289
FSL,2026-04-27 14:59:00,213.8,213.95,213.75,213.75,2605
FSL,2026-04-27 15:00:00,213.93,213.93,213.59,213.82,9010
FSL,2026-04-27 15:01:00,213.91,213.95,213.75,213.78,3141
FSL,2026-04-27 15:02:00,213.75,213.88,213.72,213.84,3610
FSL,2026-04-27 15:03:00,213.75,213.84,213.67,213.79,1911
FSL,2026-04-27 15:04:00,213.69,213.69,213.5,213.64,5126
FSL,2026-04-27 15:05:00,213.64,213.67,213.56,213.65,3672
FSL,2026-04-27 15:06:00,213.65,213.65,213.32,213.45,25828
FSL,2026-04-27 15:07:00,213.47,213.53,213.32,213.43,2402
FSL,2026-04-27 15:08:00,213.26,213.41,213.26,213.41,4085
FSL,2026-04-27 15:09:00,213.41,213.53,213.4,213.46,5050
FSL,2026-04-27 15:10:00,213.45,213.52,213.42,213.51,11405
FSL,2026-04-27 15:11:00,213.51,213.57,213.43,213.57,2916
FSL,2026-04-27 15:12:00,213.48,213.63,213.48,213.63,7302
FSL,2026-04-27 15:13:00,213.58,213.67,213.45,213.62,9402
FSL,2026-04-27 15:14:00,213.5,213.62,213.5,213.6,9272
FSL,2026-04-27 15:15:00,213.7,213.85,213.43,213.85,30334
FSL,2026-04-27 15:16:00,213.81,214.02,213.7,214.02,7438
FSL,2026-04-27 15:17:00,213.78,214.02,213.78,213.98,3253
FSL,2026-04-27 15:18:00,214.03,214.1,213.82,213.95,17405
FSL,2026-04-27 15:19:00,214.09,214.51,213.63,214.51,26873
FSL,2026-04-27 15:20:00,214.43,214.43,214.19,214.27,10505
FSL,2026-04-27 15:21:00,214.08,214.7,214.07,214.7,13649
FSL,2026-04-27 15:22:00,214.66,214.68,213.96,214.6,56245
FSL,2026-04-27 15:23:00,214.59,214.89,214.4,214.89,10737
FSL,2026-04-27 15:24:00,214.89,215.0,214.53,214.8,14416
FSL,2026-04-27 15:25:00,214.89,215.1,214.67,214.86,27138
FSL,2026-04-27 15:26:00,215.0,215.0,214.36,214.66,12511
FSL,2026-04-27 15:27:00,214.79,214.87,214.66,214.81,14275
FSL,2026-04-27 15:28:00,214.66,214.89,214.01,214.01,29834
FSL,2026-04-27 15:29:00,214.61,214.8,214.22,214.79,15328
FSL,2026-04-28 09:15:00,215.88,216.0,215.24,215.68,11122
FSL,2026-04-28 09:16:00,216.23,216.51,215.98,216.18,26519
FSL,2026-04-28 09:17:00,215.52,215.52,214.59,215.01,30235
FSL,2026-04-28 09:18:00,215.01,215.01,214.6,214.69,12034
FSL,2026-04-28 09:19:00,214.69,214.82,214.25,214.25,8927
FSL,2026-04-28 09:20:00,214.28,214.35,213.5,213.5,10193
FSL,2026-04-28 09:21:00,214.05,214.18,213.81,214.18,24433
FSL,2026-04-28 09:22:00,214.19,214.45,214.19,214.2,10629
FSL,2026-04-28 09:23:00,214.2,214.2,213.8,213.8,9176
FSL,2026-04-28 09:24:00,213.6,213.6,212.71,212.89,21775
FSL,2026-04-28 09:25:00,212.88,212.96,212.65,212.96,29001
FSL,2026-04-28 09:26:00,212.96,213.87,212.9,213.87,10926
FSL,2026-04-28 09:27:00,213.87,213.93,213.14,213.14,7470
FSL,2026-04-28 09:28:00,213.47,213.51,213.14,213.14,7094
FSL,2026-04-28 09:29:00,213.3,213.47,213.3,213.47,3763
FSL,2026-04-28 09:30:00,213.36,213.36,212.56,212.56,30138
FSL,2026-04-28 09:31:00,212.84,212.84,212.28,212.4,13903
FSL,2026-04-28 09:32:00,212.45,212.62,212.25,212.44,11242
FSL,2026-04-28 09:33:00,212.31,212.44,212.1,212.3,13350
FSL,2026-04-28 09:34:00,212.3,212.44,211.97,212.09,24194
FSL,2026-04-28 09:35:00,212.09,212.09,211.54,211.8,8670
FSL,2026-04-28 09:36:00,211.97,212.35,211.8,212.34,8725
FSL,2026-04-28 09:37:00,212.38,212.77,212.32,212.32,15217
FSL,2026-04-28 09:38:00,212.53,212.53,211.94,211.94,6922
FSL,2026-04-28 09:39:00,212.13,212.2,211.95,212.05,2778
FSL,2026-04-28 09:40:00,212.05,212.2,212.05,212.2,2176
FSL,2026-04-28 09:41:00,212.15,212.2,212.1,212.1,1263
FSL,2026-04-28 09:42:00,212.1,212.43,212.1,212.2,4636
FSL,2026-04-28 09:43:00,212.2,212.55,212.2,212.5,2626
FSL,2026-04-28 09:44:00,212.49,212.54,212.2,212.2,5814
FSL,2026-04-28 09:45:00,212.35,212.51,212.32,212.38,3686
FSL,2026-04-28 09:46:00,212.38,212.88,212.37,212.85,4641
FSL,2026-04-28 09:47:00,212.89,212.89,212.61,212.81,3993
FSL,2026-04-28 09:48:00,212.65,212.72,212.21,212.35,7039
FSL,2026-04-28 09:49:00,212.35,212.48,212.19,212.19,3880
FSL,2026-04-28 09:50:00,212.05,212.14,211.84,212.0,17858
FSL,2026-04-28 09:51:00,211.99,211.99,211.85,211.89,1241
FSL,2026-04-28 09:52:00,211.84,212.04,211.78,211.85,10412
FSL,2026-04-28 09:53:00,212.0,212.16,212.0,212.16,1376
FSL,2026-04-28 09:54:00,212.16,212.4,212.1,212.16,4171
FSL,2026-04-28 09:55:00,212.25,212.25,211.61,211.65,20282
FSL,2026-04-28 09:56:00,211.64,211.93,211.64,211.93,2863
FSL,2026-04-28 09:57:00,211.7,212.4,211.58,212.4,5856
FSL,2026-04-28 09:58:00,212.17,212.37,212.07,212.31,2374
FSL,2026-04-28 09:59:00,212.3,212.37,212.15,212.37,1644
FSL,2026-04-28 10:00:00,212.37,212.4,212.37,212.4,1396
FSL,2026-04-28 10:01:00,212.4,212.79,212.4,212.52,11626
FSL,2026-04-28 10:02:00,212.52,212.7,212.43,212.61,520
FSL,2026-04-28 10:03:00,212.61,212.7,212.44,212.45,8669
FSL,2026-04-28 10:04:00,212.74,212.89,212.67,212.67,10744
FSL,2026-04-28 10:05:00,212.67,212.77,212.63,212.7,1018
FSL,2026-04-28 10:06:00,212.8,212.89,212.67,212.72,4157
FSL,2026-04-28 10:07:00,212.72,212.75,212.63,212.69,1325
FSL,2026-04-28 10:08:00,212.7,213.17,212.7,213.17,9107
FSL,2026-04-28 10:09:00,213.33,213.81,213.15,213.7,30148
FSL,2026-04-28 10:10:00,213.72,213.72,213.53,213.69,1796
FSL,2026-04-28 10:11:00,213.53,213.7,213.52,213.7,2890
FSL,2026-04-28 10:12:00,213.6,213.69,213.54,213.69,6603
FSL,2026-04-28 10:13:00,213.7,213.7,213.4,213.4,2121
FSL,2026-04-28 10:14:00,213.57,213.57,213.4,213.4,2506
FSL,2026-04-28 10:15:00,213.3,213.3,213.2,213.21,2126
FSL,2026-04-28 10:16:00,213.21,213.33,213.1,213.27,2786
FSL,2026-04-28 10:17:00,213.25,213.32,213.17,213.18,1087
FSL,2026-04-28 10:18:00,213.18,213.32,213.18,213.2,2308
FSL,2026-04-28 10:19:00,213.2,213.33,213.2,213.33,703
FSL,2026-04-28 10:20:00,213.33,213.42,213.15,213.31,2557
FSL,2026-04-28 10:21:00,213.31,213.41,213.17,213.34,485
FSL,2026-04-28 10:22:00,213.62,213.98,213.62,213.98,17065
FSL,2026-04-28 10:23:00,213.98,214.05,213.84,213.98,6272
FSL,2026-04-28 10:24:00,213.98,214.38,213.98,214.38,10926
FSL,2026-04-28 10:25:00,214.13,214.13,213.81,213.86,5853
FSL,2026-04-28 10:26:00,213.86,213.96,213.84,213.96,95
FSL,2026-04-28 10:27:00,213.96,213.96,213.78,213.78,3403
FSL,2026-04-28 10:28:00,213.78,213.78,213.45,213.45,4228
FSL,2026-04-28 10:29:00,213.45,213.55,213.45,213.45,1009
FSL,2026-04-28 10:30:00,213.45,213.85,213.45,213.84,4607
FSL,2026-04-28 10:31:00,213.84,213.84,213.54,213.54,1285
FSL,2026-04-28 10:32:00,213.51,213.64,213.4,213.59,6526
FSL,2026-04-28 10:33:00,213.59,213.59,213.4,213.4,75
FSL,2026-04-28 10:34:00,213.4,213.54,213.37,213.48,1321
FSL,2026-04-28 10:35:00,213.34,213.41,213.31,213.31,1517
FSL,2026-04-28 10:36:00,213.34,213.34,213.31,213.34,70
FSL,2026-04-28 10:37:00,213.34,213.34,213.0,213.01,3067
FSL,2026-04-28 10:38:00,213.01,213.04,213.01,213.01,585
FSL,2026-04-28 10:39:00,212.97,212.97,212.95,212.95,2891
FSL,2026-04-28 10:40:00,212.95,212.95,212.8,212.9,2983
FSL,2026-04-28 10:41:00,212.9,212.9,212.8,212.8,1132
FSL,2026-04-28 10:42:00,212.87,212.87,212.52,212.76,7620
FSL,2026-04-28 10:43:00,212.76,212.76,212.69,212.73,278
FSL,2026-04-28 10:44:00,212.75,212.8,212.73,212.75,1251
FSL,2026-04-28 10:45:00,212.8,213.02,212.75,212.88,2710
FSL,2026-04-28 10:46:00,212.88,213.13,212.78,212.78,1829
FSL,2026-04-28 10:47:00,212.78,212.9,212.78,212.9,1002
FSL,2026-04-28 10:48:00,212.9,212.91,212.76,212.81,935
FSL,2026-04-28 10:49:00,212.81,212.86,212.79,212.81,3441
FSL,2026-04-28 10:50:00,212.81,212.84,212.76,212.82,2055
FSL,2026-04-28 10:51:00,212.82,212.83,212.6,212.62,6392
FSL,2026-04-28 10:52:00,212.62,212.69,212.62,212.67,23
FSL,2026-04-28 10:53:00,212.67,212.69,212.65,212.69,742
FSL,2026-04-28 10:54:00,212.69,212.69,212.62,212.62,284
FSL,2026-04-28 10:55:00,212.68,212.91,212.68,212.91,2177
FSL,2026-04-28 10:56:00,212.9,212.94,212.81,212.9,158
FSL,2026-04-28 10:57:00,212.9,213.37,212.9,213.11,7362
FSL,2026-04-28 10:58:00,213.23,213.23,213.07,213.15,363
FSL,2026-04-28 10:59:00,213.15,213.26,213.1,213.26,940
FSL,2026-04-28 11:00:00,213.26,213.38,213.1,213.11,2696
FSL,2026-04-28 11:01:00,213.11,213.25,213.11,213.25,83
FSL,2026-04-28 11:02:00,213.25,213.25,213.2,213.2,91
FSL,2026-04-28 11:03:00,213.2,213.35,213.2,213.33,1007
FSL,2026-04-28 11:04:00,213.33,213.33,213.12,213.31,1109
FSL,2026-04-28 11:05:00,213.31,213.49,213.31,213.31,3048
FSL,2026-04-28 11:06:00,213.31,213.35,213.25,213.35,197
FSL,2026-04-28 11:07:00,213.35,213.35,213.3,213.3,19
FSL,2026-04-28 11:08:00,213.3,213.33,212.7,213.05,9667
FSL,2026-04-28 11:09:00,213.05,213.05,212.92,212.94,170
FSL,2026-04-28 11:10:00,212.94,212.94,212.92,212.92,167
FSL,2026-04-28 11:11:00,212.92,212.92,212.86,212.86,4799
FSL,2026-04-28 11:12:00,212.86,212.86,212.61,212.73,3424
FSL,2026-04-28 11:13:00,212.73,212.93,212.73,212.93,3590
FSL,2026-04-28 11:14:00,212.82,212.97,212.82,212.95,429
FSL,2026-04-28 11:15:00,212.88,212.91,212.88,212.88,1096
FSL,2026-04-28 11:16:00,212.88,212.92,212.85,212.85,351
FSL,2026-04-28 11:17:00,212.85,212.9,212.76,212.83,1317
FSL,2026-04-28 11:18:00,212.83,212.92,212.73,212.76,550
FSL,2026-04-28 11:19:00,212.76,212.98,212.76,212.85,3915
FSL,2026-04-28 11:20:00,212.85,213.11,212.85,213.11,5343
FSL,2026-04-28 11:21:00,213.1,213.1,212.98,213.04,47
FSL,2026-04-28 11:22:00,213.04,213.12,213.0,213.05,1244
FSL,2026-04-28 11:23:00,213.05,213.15,213.04,213.1,1164
FSL,2026-04-28 11:24:00,213.05,213.05,213.0,213.0,264
FSL,2026-04-28 11:25:00,213.0,213.05,212.87,212.87,2664
FSL,2026-04-28 11:26:00,212.87,212.97,212.81,212.81,1182
FSL,2026-04-28 11:27:00,212.81,212.81,212.7,212.7,1059
FSL,2026-04-28 11:28:00,212.7,212.81,212.4,212.4,4678
FSL,2026-04-28 11:29:00,212.48,212.62,212.44,212.62,406
FSL,2026-04-28 11:30:00,212.61,212.61,212.0,212.13,4291
FSL,2026-04-28 11:31:00,212.03,212.39,212.01,212.3,2881
FSL,2026-04-28 11:32:00,212.27,212.38,212.24,212.28,444
FSL,2026-04-28 11:33:00,212.28,212.28,212.09,212.13,1599
FSL,2026-04-28 11:34:00,212.13,212.26,212.05,212.13,1006
FSL,2026-04-28 11:35:00,212.25,212.27,212.17,212.27,185
FSL,2026-04-28 11:36:00,212.27,212.29,212.23,212.29,1440
FSL,2026-04-28 11:37:00,212.29,212.31,212.25,212.31,390
FSL,2026-04-28 11:38:00,212.31,212.31,212.25,212.28,339
FSL,2026-04-28 11:39:00,212.31,212.43,212.28,212.43,2568
FSL,2026-04-28 11:40:00,212.43,212.43,212.25,212.25,2334
FSL,2026-04-28 11:41:00,212.25,212.37,212.25,212.3,554
FSL,2026-04-28 11:42:00,212.48,212.48,212.37,212.47,499
FSL,2026-04-28 11:43:00,212.47,212.47,212.37,212.42,98
FSL,2026-04-28 11:44:00,212.42,212.5,212.42,212.5,382
FSL,2026-04-28 11:45:00,212.5,212.62,212.45,212.54,727
FSL,2026-04-28 11:46:00,212.54,212.85,212.5,212.85,4206
FSL,2026-04-28 11:47:00,212.85,212.85,212.73,212.8,1594
FSL,2026-04-28 11:48:00,212.8,212.94,212.7,212.94,1065
FSL,2026-04-28 11:49:00,212.94,212.94,212.8,212.82,392
FSL,2026-04-28 11:50:00,212.82,212.82,212.69,212.69,382
FSL,2026-04-28 11:51:00,212.69,212.81,212.69,212.79,794
FSL,2026-04-28 11:52:00,212.61,212.9,212.49,212.73,5322
FSL,2026-04-28 11:53:00,212.73,212.73,212.65,212.73,631
FSL,2026-04-28 11:54:00,212.73,212.73,212.66,212.73,69
FSL,2026-04-28 11:55:00,212.73,212.73,212.67,212.73,702
FSL,2026-04-28 11:56:00,212.73,212.81,212.73,212.81,281
FSL,2026-04-28 11:57:00,212.81,212.81,212.65,212.65,177
FSL,2026-04-28 11:58:00,212.65,212.7,212.65,212.7,454
FSL,2026-04-28 11:59:00,212.7,212.7,212.6,212.6,2864
FSL,2026-04-28 12:00:00,212.6,212.6,212.51,212.51,3
FSL,2026-04-28 12:01:00,212.56,212.56,212.5,212.55,449
FSL,2026-04-28 12:02:00,212.55,212.56,212.45,212.56,384
FSL,2026-04-28 12:03:00,212.55,212.55,212.44,212.55,507
FSL,2026-04-28 12:04:00,212.55,212.55,212.55,212.55,886
FSL,2026-04-28 12:05:00,212.56,212.6,212.55,212.6,211
FSL,2026-04-28 12:06:00,212.6,212.6,212.6,212.6,1177
FSL,2026-04-28 12:07:00,212.6,212.6,212.48,212.5,815
FSL,2026-04-28 12:08:00,212.5,212.5,212.42,212.43,10
FSL,2026-04-28 12:09:00,212.43,212.45,212.4,212.43,739
FSL,2026-04-28 12:10:00,212.43,212.67,212.43,212.58,6223
FSL,2026-04-28 12:11:00,212.58,212.61,212.58,212.61,333
FSL,2026-04-28 12:12:00,212.61,212.63,212.58,212.58,199
FSL,2026-04-28 12:13:00,212.58,212.6,212.3,212.4,3124
FSL,2026-04-28 12:14:00,212.4,212.43,212.4,212.4,62
FSL,2026-04-28 12:15:00,212.4,212.41,212.4,212.41,233
FSL,2026-04-28 12:16:00,212.3,212.35,212.3,212.33,4572
FSL,2026-04-28 12:17:00,212.33,212.4,212.33,212.4,2973
FSL,2026-04-28 12:18:00,212.4,212.48,212.35,212.35,1024
FSL,2026-04-28 12:19:00,212.35,212.53,212.35,212.53,700
FSL,2026-04-28 12:20:00,212.53,212.53,212.36,212.37,912
FSL,2026-04-28 12:21:00,212.32,212.36,212.31,212.32,61
FSL,2026-04-28 12:22:00,212.32,212.35,212.18,212.24,1641
FSL,2026-04-28 12:23:00,212.24,212.24,212.01,212.02,5363
FSL,2026-04-28 12:24:00,212.02,212.1,211.79,212.1,17284
FSL,2026-04-28 12:25:00,212.1,212.21,212.02,212.21,6192
FSL,2026-04-28 12:26:00,212.21,212.21,212.02,212.04,1222
FSL,2026-04-28 12:27:00,212.04,212.2,212.04,212.04,925
FSL,2026-04-28 12:28:00,211.99,212.17,211.99,212.11,1796
FSL,2026-04-28 12:29:00,212.11,212.13,211.99,212.01,70
FSL,2026-04-28 12:30:00,212.13,212.13,211.99,211.99,70
FSL,2026-04-28 12:31:00,211.99,212.0,211.95,211.95,44
FSL,2026-04-28 12:32:00,211.95,211.95,211.8,211.8,1398
FSL,2026-04-28 12:33:00,211.8,211.89,211.77,211.89,403
FSL,2026-04-28 12:34:00,211.84,211.84,211.77,211.8,642
FSL,2026-04-28 12:35:00,211.8,211.98,211.8,211.87,3999
FSL,2026-04-28 12:36:00,211.87,211.97,211.87,211.95,1258
FSL,2026-04-28 12:37:00,211.84,211.93,211.84,211.9,547
FSL,2026-04-28 12:38:00,211.9,211.9,211.8,211.83,522
FSL,2026-04-28 12:39:00,211.82,211.88,211.8,211.88,289
FSL,2026-04-28 12:40:00,211.85,211.86,211.8,211.86,573
FSL,2026-04-28 12:41:00,211.86,211.96,211.81,211.96,149
FSL,2026-04-28 12:42:00,211.96,212.06,211.81,211.87,3471
FSL,2026-04-28 12:43:00,212.0,212.11,211.93,212.06,264
FSL,2026-04-28 12:44:00,212.06,212.36,212.06,212.36,1357
FSL,2026-04-28 12:45:00,212.36,212.36,212.15,212.19,133
FSL,2026-04-28 12:46:00,212.19,212.29,212.13,212.29,207
FSL,2026-04-28 12:47:00,212.19,212.19,211.95,211.95,6008
FSL,2026-04-28 12:48:00,211.95,211.95,211.9,211.9,226
FSL,2026-04-28 12:49:00,211.95,211.95,211.86,211.9,382
FSL,2026-04-28 12:50:00,211.9,211.99,211.9,211.99,1983
FSL,2026-04-28 12:51:00,211.99,212.01,211.95,212.01,321
FSL,2026-04-28 12:52:00,212.01,212.21,212.01,212.17,903
FSL,2026-04-28 12:53:00,212.17,212.17,212.01,212.05,2
FSL,2026-04-28 12:54:00,212.05,212.1,212.01,212.1,208
FSL,2026-04-28 12:55:00,212.1,212.14,212.01,212.01,1670
FSL,2026-04-28 12:56:00,212.01,212.15,212.01,212.02,469
FSL,2026-04-28 12:57:00,212.02,212.06,212.02,212.02,26
FSL,2026-04-28 12:58:00,212.02,212.03,211.69,211.69,10794
FSL,2026-04-28 12:59:00,211.69,212.0,211.69,212.0,203
FSL,2026-04-28 13:00:00,211.9,212.04,211.9,212.04,158
FSL,2026-04-28 13:01:00,212.04,212.08,211.91,211.92,434
FSL,2026-04-28 13:02:00,212.09,212.09,211.95,211.95,179
FSL,2026-04-28 13:03:00,211.95,212.02,211.93,211.98,467
FSL,2026-04-28 13:04:00,212.0,212.08,211.84,211.92,1613
FSL,2026-04-28 13:05:00,211.92,212.04,211.9,212.04,58
FSL,2026-04-28 13:06:00,212.04,212.04,211.91,212.0,2761
FSL,2026-04-28 13:07:00,212.0,212.04,211.81,211.95,804
FSL,2026-04-28 13:08:00,212.04,212.04,211.95,212.04,677
FSL,2026-04-28 13:09:00,212.03,212.05,212.02,212.03,228
FSL,2026-04-28 13:10:00,212.03,212.03,211.97,212.0,98
FSL,2026-04-28 13:11:00,212.0,212.12,211.97,212.12,1885
FSL,2026-04-28 13:12:00,212.12,212.25,212.02,212.25,445
FSL,2026-04-28 13:13:00,212.24,212.37,212.14,212.37,685
FSL,2026-04-28 13:14:00,212.3,212.46,212.19,212.29,17866
FSL,2026-04-28 13:15:00,212.29,212.29,212.14,212.27,369
FSL,2026-04-28 13:16:00,212.27,212.39,212.13,212.38,6577
FSL,2026-04-28 13:17:00,212.37,212.43,212.27,212.27,1805
FSL,2026-04-28 13:18:00,212.27,212.52,212.27,212.42,10647
FSL,2026-04-28 13:19:00,212.42,212.46,212.37,212.42,306
FSL,2026-04-28 13:20:00,212.42,212.46,212.27,212.27,1177
FSL,2026-04-28 13:21:00,212.27,212.39,212.27,212.27,108
FSL,2026-04-28 13:22:00,212.27,212.27,212.27,212.27,420
FSL,2026-04-28 13:23:00,212.27,212.27,212.23,212.27,32
FSL,2026-04-28 13:24:00,212.27,212.28,212.25,212.25,237
FSL,2026-04-28 13:25:00,212.25,212.3,212.2,212.25,2978
FSL,2026-04-28 13:26:00,212.25,212.4,212.11,212.22,2317
FSL,2026-04-28 13:27:00,212.22,212.32,212.22,212.32,148
FSL,2026-04-28 13:28:00,212.32,212.38,212.23,212.38,533
FSL,2026-04-28 13:29:00,212.3,212.36,212.3,212.3,325
FSL,2026-04-28 13:30:00,212.33,212.33,212.2,212.2,1337
FSL,2026-04-28 13:31:00,212.2,212.26,212.04,212.08,1753
FSL,2026-04-28 13:32:00,212.08,212.19,212.05,212.06,230
FSL,2026-04-28 13:33:00,212.06,212.28,212.06,212.14,1601
FSL,2026-04-28 13:34:00,212.14,212.19,211.96,211.96,3208
FSL,2026-04-28 13:35:00,211.96,212.0,211.67,211.67,620
FSL,2026-04-28 13:36:00,211.77,211.77,211.55,211.6,1115
FSL,2026-04-28 13:37:00,211.6,211.74,211.6,211.74,2736
FSL,2026-04-28 13:38:00,211.74,212.0,211.7,211.75,3278
FSL,2026-04-28 13:39:00,211.75,211.99,211.75,211.99,603
FSL,2026-04-28 13:40:00,211.99,212.1,211.99,212.0,118
FSL,2026-04-28 13:41:00,212.0,212.15,212.0,212.1,661
FSL,2026-04-28 13:42:00,212.1,212.12,212.1,212.12,419
FSL,2026-04-28 13:43:00,212.12,212.14,212.1,212.11,170
FSL,2026-04-28 13:44:00,212.11,212.14,212.1,212.14,1689
FSL,2026-04-28 13:45:00,212.14,212.18,212.1,212.18,637
FSL,2026-04-28 13:46:00,212.18,212.18,212.1,212.12,111
FSL,2026-04-28 13:47:00,212.1,212.1,212.1,212.1,19
FSL,2026-04-28 13:48:00,212.16,212.28,212.16,212.28,571
FSL,2026-04-28 13:49:00,212.28,212.28,212.1,212.1,1855
FSL,2026-04-28 13:50:00,212.1,212.15,212.08,212.1,448
FSL,2026-04-28 13:51:00,212.1,212.29,212.1,212.22,1945
FSL,2026-04-28 13:52:00,212.22,212.22,212.22,212.22,103
FSL,2026-04-28 13:53:00,212.22,212.22,212.1,212.15,94
FSL,2026-04-28 13:54:00,212.15,212.2,212.11,212.2,2847
FSL,2026-04-28 13:55:00,212.2,212.2,212.18,212.2,381
FSL,2026-04-28 13:56:00,212.2,212.25,212.18,212.22,264
FSL,2026-04-28 13:57:00,212.22,212.22,212.18,212.18,235
FSL,2026-04-28 13:58:00,212.19,212.19,212.18,212.18,105
FSL,2026-04-28 13:59:00,212.19,212.28,212.16,212.26,1314
FSL,2026-04-28 14:00:00,212.26,212.39,212.05,212.15,2323
FSL,2026-04-28 14:01:00,212.15,212.31,212.15,212.31,254
FSL,2026-04-28 14:02:00,212.31,212.31,212.18,212.2,118
FSL,2026-04-28 14:03:00,212.17,212.4,212.16,212.4,1203
FSL,2026-04-28 14:04:00,212.4,212.4,212.26,212.26,166
FSL,2026-04-28 14:05:00,212.26,212.31,212.06,212.06,1573
FSL,2026-04-28 14:06:00,212.06,212.14,212.01,212.09,124
FSL,2026-04-28 14:07:00,212.09,212.09,212.04,212.07,212
FSL,2026-04-28 14:08:00,212.07,212.07,212.05,212.05,138
FSL,2026-04-28 14:09:00,212.05,212.07,212.04,212.04,118
FSL,2026-04-28 14:10:00,212.04,212.07,212.04,212.04,236
FSL,2026-04-28 14:11:00,212.07,212.07,211.94,211.94,1296
FSL,2026-04-28 14:12:00,211.94,212.0,211.85,212.0,1505
FSL,2026-04-28 14:13:00,212.05,212.11,212.0,212.11,5393
FSL,2026-04-28 14:14:00,212.11,212.12,212.0,212.12,2820
FSL,2026-04-28 14:15:00,212.12,212.12,211.9,212.0,1498
FSL,2026-04-28 14:16:00,212.0,212.0,211.89,212.0,277
FSL,2026-04-28 14:17:00,212.0,212.07,211.87,212.07,940
FSL,2026-04-28 14:18:00,212.07,212.16,212.0,212.05,1386
FSL,2026-04-28 14:19:00,212.05,212.06,212.0,212.0,584
FSL,2026-04-28 14:20:00,212.0,212.0,211.85,211.85,578
FSL,2026-04-28 14:21:00,212.16,212.16,211.94,211.94,3913
FSL,2026-04-28 14:22:00,211.94,212.0,211.94,211.94,665
FSL,2026-04-28 14:23:00,211.94,211.97,211.85,211.85,4240
FSL,2026-04-28 14:24:00,211.85,211.9,211.81,211.85,785
FSL,2026-04-28 14:25:00,211.85,211.93,211.8,211.8,1318
FSL,2026-04-28 14:26:00,211.8,211.93,211.8,211.89,580
FSL,2026-04-28 14:27:00,211.89,211.93,211.71,211.71,2809
FSL,2026-04-28 14:28:00,211.93,211.93,211.9,211.91,226
FSL,2026-04-28 14:29:00,211.91,211.92,211.81,211.81,50
FSL,2026-04-28 14:30:00,211.81,212.02,211.81,212.02,4403
FSL,2026-04-28 14:31:00,212.02,212.22,212.02,212.13,280
FSL,2026-04-28 14:32:00,212.13,212.24,212.12,212.12,1632
FSL,2026-04-28 14:33:00,212.12,212.31,212.12,212.17,291
FSL,2026-04-28 14:34:00,212.17,212.46,212.14,212.14,5067
FSL,2026-04-28 14:35:00,212.15,212.29,212.15,212.22,296
FSL,2026-04-28 14:36:00,212.33,212.37,212.17,212.27,1073
FSL,2026-04-28 14:37:00,212.27,212.28,212.13,212.27,7826
FSL,2026-04-28 14:38:00,212.27,212.28,212.27,212.27,236
FSL,2026-04-28 14:39:00,212.27,212.27,212.26,212.27,47
FSL,2026-04-28 14:40:00,212.27,212.27,212.26,212.26,201
FSL,2026-04-28 14:41:00,212.26,212.27,212.26,212.27,287
FSL,2026-04-28 14:42:00,212.27,212.27,212.25,212.25,133
FSL,2026-04-28 14:43:00,212.25,212.26,212.23,212.23,220
FSL,2026-04-28 14:44:00,212.23,212.64,212.23,212.56,6631
FSL,2026-04-28 14:45:00,212.76,212.76,212.37,212.49,2832
FSL,2026-04-28 14:46:00,212.49,212.55,212.49,212.5,1213
FSL,2026-04-28 14:47:00,212.5,212.5,212.22,212.31,4235
FSL,2026-04-28 14:48:00,212.31,212.6,212.31,212.37,1424
FSL,2026-04-28 14:49:00,212.37,212.5,212.3,212.5,880
FSL,2026-04-28 14:50:00,212.53,212.54,212.37,212.37,2857
FSL,2026-04-28 14:51:00,212.37,212.49,212.36,212.48,360
FSL,2026-04-28 14:52:00,212.48,212.48,212.38,212.4,1264
FSL,2026-04-28 14:53:00,212.4,212.48,212.4,212.4,1052
FSL,2026-04-28 14:54:00,212.54,212.8,212.53,212.8,1295
FSL,2026-04-28 14:55:00,212.8,212.92,212.66,212.91,3245
FSL,2026-04-28 14:56:00,212.91,212.91,212.75,212.81,1009
FSL,2026-04-28 14:57:00,212.81,212.9,212.81,212.89,562
FSL,2026-04-28 14:58:00,212.89,212.91,212.8,212.89,2752
FSL,2026-04-28 14:59:00,212.89,212.91,212.82,212.9,305
FSL,2026-04-28 15:00:00,212.95,212.95,212.54,212.54,24030
FSL,2026-04-28 15:01:00,212.54,212.57,212.5,212.57,3011
FSL,2026-04-28 15:02:00,212.57,212.64,212.42,212.47,4798
FSL,2026-04-28 15:03:00,212.47,212.47,212.12,212.24,4238
FSL,2026-04-28 15:04:00,212.24,212.24,212.06,212.06,1904
FSL,2026-04-28 15:05:00,212.1,212.11,212.01,212.11,8603
FSL,2026-04-28 15:06:00,212.11,212.3,212.11,212.3,5372
FSL,2026-04-28 15:07:00,212.3,212.3,212.01,212.04,15671
FSL,2026-04-28 15:08:00,212.04,212.07,212.0,212.04,893
FSL,2026-04-28 15:09:00,212.05,212.22,211.9,212.2,4801
FSL,2026-04-28 15:10:00,212.17,212.28,212.09,212.16,4330
FSL,2026-04-28 15:11:00,212.21,212.21,212.05,212.08,4879
FSL,2026-04-28 15:12:00,211.95,212.04,211.82,211.93,2318
FSL,2026-04-28 15:13:00,211.93,212.0,211.88,211.89,757
FSL,2026-04-28 15:14:00,211.89,211.99,211.86,211.99,2197
FSL,2026-04-28 15:15:00,211.93,212.03,211.87,211.88,17859
FSL,2026-04-28 15:16:00,211.89,212.0,211.89,211.89,3666
FSL,2026-04-28 15:17:00,211.89,212.0,211.79,211.95,5292
FSL,2026-04-28 15:18:00,211.95,211.99,211.74,211.8,8859
FSL,2026-04-28 15:19:00,211.93,211.93,211.63,211.86,5112
FSL,2026-04-28 15:20:00,211.85,211.86,211.7,211.8,1211
FSL,2026-04-28 15:21:00,211.8,211.84,211.7,211.7,9371
FSL,2026-04-28 15:22:00,211.81,211.84,211.7,211.7,8485
FSL,2026-04-28 15:23:00,211.84,211.9,211.5,211.81,7563
FSL,2026-04-28 15:24:00,211.81,211.81,211.51,211.81,13653
FSL,2026-04-28 15:25:00,211.86,212.0,211.67,212.0,4617
FSL,2026-04-28 15:26:00,211.97,212.0,211.69,211.74,4260
FSL,2026-04-28 15:27:00,212.11,212.11,211.84,212.0,4956
FSL,2026-04-28 15:28:00,211.81,212.1,211.81,211.81,4454
FSL,2026-04-28 15:29:00,211.99,211.99,211.81,211.85,5122
FSL,2026-04-29 09:15:00,213.95,214.65,212.5,213.43,21295
FSL,2026-04-29 09:16:00,213.45,214.13,213.45,214.0,8141
FSL,2026-04-29 09:17:00,213.44,213.95,213.01,213.4,15818
FSL,2026-04-29 09:18:00,213.1,213.4,213.1,213.26,2851
FSL,2026-04-29 09:19:00,213.4,213.4,213.0,213.25,6967
FSL,2026-04-29 09:20:00,213.56,214.1,213.5,214.1,25971
FSL,2026-04-29 09:21:00,214.02,214.02,213.74,213.74,10901
FSL,2026-04-29 09:22:00,213.92,213.92,213.37,213.37,3501
FSL,2026-04-29 09:23:00,213.2,213.27,212.91,213.27,4041
FSL,2026-04-29 09:24:00,213.08,213.7,213.08,213.7,2248
FSL,2026-04-29 09:25:00,213.85,214.0,213.5,213.56,5680
FSL,2026-04-29 09:26:00,213.43,213.8,213.4,213.8,6144
FSL,2026-04-29 09:27:00,213.89,214.06,213.76,214.05,3825
FSL,2026-04-29 09:28:00,214.0,214.2,214.0,214.2,4228
FSL,2026-04-29 09:29:00,214.28,214.3,214.01,214.3,4607
FSL,2026-04-29 09:30:00,214.35,214.45,214.05,214.45,7924
FSL,2026-04-29 09:31:00,214.44,214.74,214.21,214.74,11616
FSL,2026-04-29 09:32:00,214.7,214.89,214.7,214.84,4150
FSL,2026-04-29 09:33:00,214.79,214.85,214.5,214.54,3121
FSL,2026-04-29 09:34:00,214.62,214.72,214.31,214.31,7222
FSL,2026-04-29 09:35:00,214.11,214.38,214.11,214.21,5754
FSL,2026-04-29 09:36:00,214.35,215.48,214.34,215.04,22233
FSL,2026-04-29 09:37:00,215.26,215.26,214.56,214.63,6663
FSL,2026-04-29 09:38:00,214.41,214.46,214.25,214.38,2279
FSL,2026-04-29 09:39:00,214.25,214.45,214.25,214.45,432
FSL,2026-04-29 09:40:00,214.45,214.5,214.32,214.39,1057
FSL,2026-04-29 09:41:00,214.39,214.5,214.39,214.44,569
FSL,2026-04-29 09:42:00,214.44,214.44,214.19,214.29,4847
FSL,2026-04-29 09:43:00,214.25,214.25,214.0,214.01,3210
FSL,2026-04-29 09:44:00,214.01,214.15,214.0,214.13,4931
FSL,2026-04-29 09:45:00,214.13,214.15,214.0,214.15,2880
FSL,2026-04-29 09:46:00,214.08,214.08,213.81,213.81,2224
FSL,2026-04-29 09:47:00,213.81,214.17,213.7,214.17,5604
FSL,2026-04-29 09:48:00,214.29,214.32,214.03,214.19,3507
FSL,2026-04-29 09:49:00,214.06,214.27,213.96,214.08,1258
FSL,2026-04-29 09:50:00,214.29,214.33,213.8,213.8,2091
FSL,2026-04-29 09:51:00,213.8,214.16,213.8,214.16,937
FSL,2026-04-29 09:52:00,214.34,214.55,214.27,214.27,8665
FSL,2026-04-29 09:53:00,214.27,214.78,214.27,214.78,4507
FSL,2026-04-29 09:54:00,214.8,215.62,214.73,215.5,14551
FSL,2026-04-29 09:55:00,215.29,215.81,215.19,215.66,19318
FSL,2026-04-29 09:56:00,215.66,215.73,215.51,215.73,3023
FSL,2026-04-29 09:57:00,215.73,216.45,215.5,216.45,38203
FSL,2026-04-29 09:58:00,216.45,216.5,216.15,216.49,24890
FSL,2026-04-29 09:59:00,216.19,216.32,215.69,215.98,21177
FSL,2026-04-29 10:00:00,215.98,216.33,215.9,216.0,6766
FSL,2026-04-29 10:01:00,216.2,216.3,216.03,216.15,3802
FSL,2026-04-29 10:02:00,216.1,216.2,216.02,216.19,2786
FSL,2026-04-29 10:03:00,216.19,216.19,216.06,216.19,2246
FSL,2026-04-29 10:04:00,216.45,216.47,216.13,216.39,7751
FSL,2026-04-29 10:05:00,216.2,216.44,216.12,216.37,7856
FSL,2026-04-29 10:06:00,216.38,216.39,216.15,216.39,5598
FSL,2026-04-29 10:07:00,216.16,216.31,215.81,215.81,8848
FSL,2026-04-29 10:08:00,215.81,215.93,215.72,215.73,6228
FSL,2026-04-29 10:09:00,215.73,215.73,215.26,215.3,9297
FSL,2026-04-29 10:10:00,215.48,215.5,215.31,215.36,4125
FSL,2026-04-29 10:11:00,215.49,215.5,215.32,215.49,537
FSL,2026-04-29 10:12:00,215.48,215.48,215.14,215.37,5257
FSL,2026-04-29 10:13:00,215.37,215.41,215.21,215.26,3612
FSL,2026-04-29 10:14:00,215.35,215.78,215.35,215.71,8768
FSL,2026-04-29 10:15:00,215.71,215.81,215.51,215.51,1973
FSL,2026-04-29 10:16:00,215.51,215.67,215.4,215.5,618
FSL,2026-04-29 10:17:00,215.4,215.56,215.4,215.56,2527
FSL,2026-04-29 10:18:00,215.56,215.94,215.5,215.87,1648
FSL,2026-04-29 10:19:00,215.87,215.94,215.74,215.94,2150
FSL,2026-04-29 10:20:00,215.94,215.97,215.76,215.95,544
FSL,2026-04-29 10:21:00,215.93,215.93,215.64,215.64,1461
FSL,2026-04-29 10:22:00,215.75,215.75,215.58,215.7,675
FSL,2026-04-29 10:23:00,215.7,215.7,215.5,215.5,347
FSL,2026-04-29 10:24:00,215.5,215.6,215.5,215.6,435
FSL,2026-04-29 10:25:00,215.4,215.64,215.29,215.6,12050
FSL,2026-04-29 10:26:00,215.6,215.63,215.53,215.53,1905
FSL,2026-04-29 10:27:00,215.53,215.67,215.53,215.6,579
FSL,2026-04-29 10:28:00,215.6,215.79,215.53,215.79,2399
FSL,2026-04-29 10:29:00,215.65,215.84,215.63,215.69,2332
FSL,2026-04-29 10:30:00,215.71,215.85,215.71,215.73,179
FSL,2026-04-29 10:31:00,215.73,215.73,215.55,215.61,677
FSL,2026-04-29 10:32:00,215.5,215.5,214.8,214.81,12025
FSL,2026-04-29 10:33:00,214.81,215.01,214.7,215.0,9317
FSL,2026-04-29 10:34:00,214.93,215.18,214.93,214.95,1550
FSL,2026-04-29 10:35:00,214.95,215.1,214.9,214.91,1539
FSL,2026-04-29 10:36:00,214.91,215.07,214.78,214.83,1126
FSL,2026-04-29 10:37:00,214.83,214.85,214.76,214.76,427
FSL,2026-04-29 10:38:00,214.7,214.91,214.6,214.66,3008
FSL,2026-04-29 10:39:00,214.66,214.98,214.57,214.79,1843
FSL,2026-04-29 10:40:00,214.79,214.96,214.66,214.7,418
FSL,2026-04-29 10:41:00,214.54,214.81,214.54,214.79,3729
FSL,2026-04-29 10:42:00,214.79,214.79,214.36,214.36,6925
FSL,2026-04-29 10:43:00,214.36,214.49,214.36,214.49,361
FSL,2026-04-29 10:44:00,214.49,214.5,214.31,214.37,2643
FSL,2026-04-29 10:45:00,214.37,215.58,214.37,215.3,35346
FSL,2026-04-29 10:46:00,215.12,215.24,215.04,215.04,579
FSL,2026-04-29 10:47:00,215.0,215.12,214.87,214.88,19516
FSL,2026-04-29 10:48:00,214.88,215.04,214.88,215.04,426
FSL,2026-04-29 10:49:00,215.04,215.04,214.87,214.87,661
FSL,2026-04-29 10:50:00,214.87,214.98,214.87,214.87,381
FSL,2026-04-29 10:51:00,214.87,214.94,214.78,214.78,2135
FSL,2026-04-29 10:52:00,214.83,214.97,214.74,214.97,2235
FSL,2026-04-29 10:53:00,214.97,214.97,214.78,214.92,55
FSL,2026-04-29 10:54:00,214.92,214.92,214.79,214.79,85
FSL,2026-04-29 10:55:00,214.79,214.95,214.79,214.79,414
FSL,2026-04-29 10:56:00,214.79,215.15,214.79,215.15,3010
FSL,2026-04-29 10:57:00,215.1,215.12,214.97,215.0,380
FSL,2026-04-29 10:58:00,215.0,215.15,214.92,215.15,407
FSL,2026-04-29 10:59:00,215.15,215.15,215.01,215.14,189
FSL,2026-04-29 11:00:00,215.14,215.14,215.01,215.01,254
FSL,2026-04-29 11:01:00,215.2,215.5,215.2,215.45,1910
FSL,2026-04-29 11:02:00,215.45,215.45,215.23,215.3,133
FSL,2026-04-29 11:03:00,215.3,215.3,215.1,215.17,575
FSL,2026-04-29 11:04:00,215.17,215.39,215.17,215.28,1672
FSL,2026-04-29 11:05:00,215.17,215.26,215.17,215.2,553
FSL,2026-04-29 11:06:00,215.2,215.26,215.2,215.26,260
FSL,2026-04-29 11:07:00,215.2,215.5,215.2,215.38,695
FSL,2026-04-29 11:08:00,215.38,215.38,215.35,215.36,438
FSL,2026-04-29 11:09:00,215.36,215.49,215.35,215.49,25
FSL,2026-04-29 11:10:00,215.49,216.0,215.49,216.0,7645
FSL,2026-04-29 11:11:00,216.0,216.0,215.67,215.73,1926
FSL,2026-04-29 11:12:00,215.73,215.98,215.71,215.96,2878
FSL,2026-04-29 11:13:00,215.96,215.96,215.79,215.8,36
FSL,2026-04-29 11:14:00,215.8,215.94,215.8,215.8,527
FSL,2026-04-29 11:15:00,215.8,215.8,215.69,215.69,186
FSL,2026-04-29 11:16:00,215.76,215.76,215.56,215.56,1456
FSL,2026-04-29 11:17:00,215.56,215.7,215.5,215.68,2004
FSL,2026-04-29 11:18:00,215.51,215.55,215.12,215.55,11127
FSL,2026-04-29 11:19:00,215.55,215.55,215.4,215.52,858
FSL,2026-04-29 11:20:00,215.52,215.52,215.36,215.48,1690
FSL,2026-04-29 11:21:00,215.48,215.7,215.42,215.7,1626
FSL,2026-04-29 11:22:00,215.75,215.77,215.7,215.77,3158
FSL,2026-04-29 11:23:00,215.77,215.77,215.7,215.7,215
FSL,2026-04-29 11:24:00,215.7,215.72,215.54,215.54,622
FSL,2026-04-29 11:25:00,215.54,215.72,215.54,215.72,442
FSL,2026-04-29 11:26:00,215.72,215.72,215.7,215.7,623
FSL,2026-04-29 11:27:00,215.7,215.7,215.54,215.54,2129
FSL,2026-04-29 11:28:00,215.54,215.54,215.4,215.4,888
FSL,2026-04-29 11:29:00,215.4,215.4,215.22,215.23,1147
FSL,2026-04-29 11:30:00,215.23,215.46,215.0,215.46,5261
FSL,2026-04-29 11:31:00,215.46,215.46,215.3,215.4,55
FSL,2026-04-29 11:32:00,215.4,215.48,215.11,215.12,1504
FSL,2026-04-29 11:33:00,215.12,215.31,215.12,215.12,1455
FSL,2026-04-29 11:34:00,215.12,215.2,215.12,215.2,138
FSL,2026-04-29 11:35:00,215.2,215.29,215.15,215.2,430
FSL,2026-04-29 11:36:00,215.2,215.21,215.0,215.2,4975
FSL,2026-04-29 11:37:00,215.2,215.2,215.1,215.11,421
FSL,2026-04-29 11:38:00,215.11,215.2,215.11,215.11,135
FSL,2026-04-29 11:39:00,215.11,215.24,215.11,215.24,882
FSL,2026-04-29 11:40:00,215.47,215.61,215.37,215.61,2274
FSL,2026-04-29 11:41:00,215.61,215.77,215.42,215.77,3926
FSL,2026-04-29 11:42:00,215.77,215.9,215.67,215.71,2501
FSL,2026-04-29 11:43:00,215.59,215.59,215.36,215.5,1366
FSL,2026-04-29 11:44:00,215.5,215.67,215.43,215.51,407
FSL,2026-04-29 11:45:00,215.44,215.6,215.44,215.5,512
FSL,2026-04-29 11:46:00,215.5,215.86,215.48,215.86,1427
FSL,2026-04-29 11:47:00,215.86,215.9,215.74,215.78,319
FSL,2026-04-29 11:48:00,215.78,215.86,215.78,215.85,288
FSL,2026-04-29 11:49:00,215.85,215.85,215.8,215.81,106
FSL,2026-04-29 11:50:00,215.6,215.71,215.43,215.71,2883
FSL,2026-04-29 11:51:00,215.71,215.71,215.5,215.5,230
FSL,2026-04-29 11:52:00,215.5,215.5,215.37,215.37,283
FSL,2026-04-29 11:53:00,215.37,215.37,215.16,215.18,511
FSL,2026-04-29 11:54:00,215.18,215.35,215.18,215.19,550
FSL,2026-04-29 11:55:00,215.19,215.52,215.19,215.52,3592
FSL,2026-04-29 11:56:00,215.61,215.61,215.44,215.44,2364
FSL,2026-04-29 11:57:00,215.44,215.57,215.44,215.45,1018
FSL,2026-04-29 11:58:00,215.45,215.54,215.37,215.53,962
FSL,2026-04-29 11:59:00,215.41,215.53,215.41,215.41,312
FSL,2026-04-29 12:00:00,215.41,215.5,215.39,215.5,536
FSL,2026-04-29 12:01:00,215.49,215.5,215.45,215.46,955
FSL,2026-04-29 12:02:00,215.46,215.5,215.45,215.5,143
FSL,2026-04-29 12:03:00,215.5,215.59,215.45,215.59,52
FSL,2026-04-29 12:04:00,215.59,215.59,215.55,215.55,1178
FSL,2026-04-29 12:05:00,215.59,215.59,215.43,215.45,822
FSL,2026-04-29 12:06:00,215.45,215.49,215.37,215.48,61
FSL,2026-04-29 12:07:00,215.48,215.5,215.41,215.5,768
FSL,2026-04-29 12:08:00,215.5,215.67,215.28,215.66,4998
FSL,2026-04-29 12:09:00,215.66,215.66,215.55,215.58,295
FSL,2026-04-29 12:10:00,215.58,215.58,215.58,215.58,20
FSL,2026-04-29 12:11:00,215.92,216.4,215.92,216.39,27245
FSL,2026-04-29 12:12:00,216.28,216.29,216.11,216.14,7227
FSL,2026-04-29 12:13:00,216.14,216.24,216.05,216.2,1503
FSL,2026-04-29 12:14:00,216.2,216.29,216.2,216.29,640
FSL,2026-04-29 12:15:00,216.29,216.39,216.18,216.39,4526
FSL,2026-04-29 12:16:00,216.39,216.68,216.39,216.6,18749
FSL,2026-04-29 12:17:00,216.63,216.63,216.37,216.42,1275
FSL,2026-04-29 12:18:00,216.49,216.5,216.3,216.31,1786
FSL,2026-04-29 12:19:00,216.31,216.39,216.0,216.1,1142
FSL,2026-04-29 12:20:00,216.0,216.11,215.99,215.99,3879
FSL,2026-04-29 12:21:00,215.87,216.0,215.83,215.83,430
FSL,2026-04-29 12:22:00,215.83,215.95,215.75,215.75,5046
FSL,2026-04-29 12:23:00,215.75,216.0,215.75,215.87,3405
FSL,2026-04-29 12:24:00,215.95,216.05,215.85,216.05,4559
FSL,2026-04-29 12:25:00,216.05,216.5,216.05,216.34,8250
FSL,2026-04-29 12:26:00,216.34,216.34,216.23,216.34,2131
FSL,2026-04-29 12:27:00,216.45,216.58,216.3,216.5,4741
FSL,2026-04-29 12:28:00,216.5,217.98,216.33,217.86,28740
FSL,2026-04-29 12:29:00,217.98,218.0,217.42,217.49,15322
FSL,2026-04-29 12:30:00,217.5,217.75,217.17,217.34,7622
FSL,2026-04-29 12:31:00,217.34,217.34,217.17,217.18,4301
FSL,2026-04-29 12:32:00,217.18,217.18,217.05,217.1,4932
FSL,2026-04-29 12:33:00,217.1,217.3,216.89,217.03,7497
FSL,2026-04-29 12:34:00,217.03,217.03,216.8,217.0,2949
FSL,2026-04-29 12:35:00,217.0,217.08,216.94,217.08,933
FSL,2026-04-29 12:36:00,217.08,217.1,216.88,217.0,7876
FSL,2026-04-29 12:37:00,217.0,217.18,216.65,216.95,14853
FSL,2026-04-29 12:38:00,216.95,216.95,216.72,216.74,1094
FSL,2026-04-29 12:39:00,216.74,216.74,216.56,216.72,448
FSL,2026-04-29 12:40:00,216.72,216.79,216.71,216.71,1388
FSL,2026-04-29 12:41:00,216.71,216.75,216.51,216.51,667
FSL,2026-04-29 12:42:00,216.7,216.7,216.4,216.45,4113
FSL,2026-04-29 12:43:00,216.48,216.65,216.48,216.5,3848
FSL,2026-04-29 12:44:00,216.5,216.74,216.5,216.71,1672
FSL,2026-04-29 12:45:00,216.71,216.96,216.71,216.96,521
FSL,2026-04-29 12:46:00,216.96,217.0,216.82,217.0,7218
FSL,2026-04-29 12:47:00,217.0,217.0,216.83,217.0,2400
FSL,2026-04-29 12:48:00,217.0,217.0,216.86,216.99,801
FSL,2026-04-29 12:49:00,216.87,216.87,216.68,216.83,651
FSL,2026-04-29 12:50:00,216.83,216.83,216.7,216.7,543
FSL,2026-04-29 12:51:00,216.7,216.79,216.7,216.79,1304
FSL,2026-04-29 12:52:00,216.79,217.0,216.64,217.0,3219
FSL,2026-04-29 12:53:00,217.0,217.0,216.88,217.0,2782
FSL,2026-04-29 12:54:00,217.0,217.1,216.96,217.1,1046
FSL,2026-04-29 12:55:00,217.2,217.44,217.13,217.38,2662
FSL,2026-04-29 12:56:00,217.38,217.4,217.25,217.25,1663
FSL,2026-04-29 12:57:00,217.25,217.56,217.08,217.23,18793
FSL,2026-04-29 12:58:00,217.23,217.37,217.21,217.21,1316
FSL,2026-04-29 12:59:00,217.21,217.23,217.2,217.2,1414
FSL,2026-04-29 13:00:00,217.2,217.35,216.99,217.2,1605
FSL,2026-04-29 13:01:00,217.2,217.2,217.06,217.08,11
FSL,2026-04-29 13:02:00,217.02,217.2,216.96,216.96,5818
FSL,2026-04-29 13:03:00,216.88,216.88,216.64,216.64,1580
FSL,2026-04-29 13:04:00,216.8,216.95,216.67,216.76,1895
FSL,2026-04-29 13:05:00,216.76,216.93,216.76,216.8,47
FSL,2026-04-29 13:06:00,216.8,216.8,216.55,216.65,558
FSL,2026-04-29 13:07:00,216.65,216.8,216.65,216.67,1493
FSL,2026-04-29 13:08:00,216.67,216.89,216.67,216.89,675
FSL,2026-04-29 13:09:00,216.89,216.89,216.67,216.69,1100
FSL,2026-04-29 13:10:00,216.69,216.69,216.45,216.62,2438
FSL,2026-04-29 13:11:00,216.62,216.85,216.62,216.68,732
FSL,2026-04-29 13:12:00,216.68,216.74,216.5,216.66,945
FSL,2026-04-29 13:13:00,216.66,216.75,216.66,216.66,2102
FSL,2026-04-29 13:14:00,216.66,216.66,216.54,216.66,103
FSL,2026-04-29 13:15:00,216.66,216.69,216.56,216.6,1903
FSL,2026-04-29 13:16:00,216.6,216.77,216.56,216.73,2186
FSL,2026-04-29 13:17:00,216.73,216.73,216.56,216.56,663
FSL,2026-04-29 13:18:00,216.56,216.77,216.25,216.44,4954
FSL,2026-04-29 13:19:00,216.58,216.72,216.58,216.72,3458
FSL,2026-04-29 13:20:00,216.72,216.78,216.64,216.64,917
FSL,2026-04-29 13:21:00,216.64,216.64,216.44,216.55,47
FSL,2026-04-29 13:22:00,216.55,216.56,216.47,216.56,125
FSL,2026-04-29 13:23:00,216.58,216.58,216.47,216.47,483
FSL,2026-04-29 13:24:00,216.47,216.64,216.47,216.55,2750
FSL,2026-04-29 13:25:00,216.45,216.46,216.45,216.46,54
FSL,2026-04-29 13:26:00,216.55,216.55,216.42,216.5,480
FSL,2026-04-29 13:27:00,216.5,216.5,216.36,216.45,3187
FSL,2026-04-29 13:28:00,216.45,216.6,216.42,216.58,986
FSL,2026-04-29 13:29:00,216.58,216.58,216.25,216.25,2490
FSL,2026-04-29 13:30:00,216.25,216.27,216.25,216.25,380
FSL,2026-04-29 13:31:00,216.25,216.48,216.25,216.42,1370
FSL,2026-04-29 13:32:00,216.42,216.47,216.25,216.3,401
FSL,2026-04-29 13:33:00,216.3,216.3,216.3,216.3,2317
FSL,2026-04-29 13:34:00,216.3,216.4,216.3,216.31,301
FSL,2026-04-29 13:35:00,216.31,216.4,216.3,216.4,218
FSL,2026-04-29 13:36:00,216.4,216.4,216.26,216.26,1701
FSL,2026-04-29 13:37:00,216.26,216.34,216.12,216.15,401
FSL,2026-04-29 13:38:00,216.15,216.17,216.1,216.1,3514
FSL,2026-04-29 13:39:00,216.1,216.11,215.56,215.78,7599
FSL,2026-04-29 13:40:00,215.65,215.76,215.35,215.35,2410
FSL,2026-04-29 13:41:00,215.32,215.36,215.32,215.36,1136
FSL,2026-04-29 13:42:00,215.36,215.36,215.35,215.35,169
FSL,2026-04-29 13:43:00,215.32,215.35,215.32,215.35,534
FSL,2026-04-29 13:44:00,215.35,215.36,215.3,215.3,167
FSL,2026-04-29 13:45:00,215.3,215.3,215.0,215.0,6170
FSL,2026-04-29 13:46:00,215.15,215.15,215.0,215.0,640
FSL,2026-04-29 13:47:00,215.0,215.2,215.0,215.17,5807
FSL,2026-04-29 13:48:00,215.11,215.33,215.06,215.21,3954
FSL,2026-04-29 13:49:00,215.21,215.21,214.66,215.06,13393
FSL,2026-04-29 13:50:00,215.06,215.16,215.0,215.0,1999
FSL,2026-04-29 13:51:00,215.0,215.36,215.0,215.36,1404
FSL,2026-04-29 13:52:00,215.36,215.5,215.1,215.44,1858
FSL,2026-04-29 13:53:00,215.44,215.62,215.44,215.5,166
FSL,2026-04-29 13:54:00,215.5,215.61,215.36,215.36,948
FSL,2026-04-29 13:55:00,215.36,215.48,215.36,215.37,1031
FSL,2026-04-29 13:56:00,215.37,215.49,215.34,215.49,494
FSL,2026-04-29 13:57:00,215.49,215.5,215.2,215.2,1435
FSL,2026-04-29 13:58:00,215.2,215.28,215.2,215.25,207
FSL,2026-04-29 13:59:00,215.25,215.26,215.0,215.0,1281
FSL,2026-04-29 14:00:00,215.0,215.0,214.8,214.94,8417
FSL,2026-04-29 14:01:00,214.94,214.94,214.8,214.94,793
FSL,2026-04-29 14:02:00,214.94,214.94,214.81,214.9,1001
FSL,2026-04-29 14:03:00,214.9,214.95,214.53,214.64,4559
FSL,2026-04-29 14:04:00,214.64,214.64,214.33,214.33,1899
FSL,2026-04-29 14:05:00,214.33,214.46,214.1,214.1,24818
FSL,2026-04-29 14:06:00,214.1,214.29,214.1,214.27,1723
FSL,2026-04-29 14:07:00,214.27,214.47,214.19,214.19,959
FSL,2026-04-29 14:08:00,214.19,214.4,214.19,214.33,1631
FSL,2026-04-29 14:09:00,214.34,214.36,214.19,214.36,267
FSL,2026-04-29 14:10:00,214.36,214.36,214.25,214.25,221
FSL,2026-04-29 14:11:00,214.25,214.49,214.25,214.43,75
FSL,2026-04-29 14:12:00,214.43,214.56,214.43,214.56,31
FSL,2026-04-29 14:13:00,214.56,214.67,214.56,214.67,2372
FSL,2026-04-29 14:14:00,214.67,214.95,214.56,214.95,2125
FSL,2026-04-29 14:15:00,214.95,214.99,214.72,214.8,1802
FSL,2026-04-29 14:16:00,214.8,214.81,214.8,214.81,903
FSL,2026-04-29 14:17:00,214.81,214.95,214.81,214.81,321
FSL,2026-04-29 14:18:00,214.81,214.86,214.68,214.86,2475
FSL,2026-04-29 14:19:00,214.93,215.0,214.85,214.85,2643
FSL,2026-04-29 14:20:00,214.85,214.93,214.85,214.85,211
FSL,2026-04-29 14:21:00,214.85,214.99,214.85,214.99,332
FSL,2026-04-29 14:22:00,214.99,215.0,214.85,214.9,2882
FSL,2026-04-29 14:23:00,214.9,215.32,214.84,215.32,3820
FSL,2026-04-29 14:24:00,215.32,215.45,215.18,215.18,515
FSL,2026-04-29 14:25:00,215.18,215.4,215.18,215.4,1868
FSL,2026-04-29 14:26:00,215.4,215.4,215.19,215.2,245
FSL,2026-04-29 14:27:00,215.2,215.2,215.1,215.1,30
FSL,2026-04-29 14:28:00,215.1,215.18,215.01,215.13,508
FSL,2026-04-29 14:29:00,215.13,215.13,214.58,214.59,4215
FSL,2026-04-29 14:30:00,214.59,214.7,214.5,214.5,338
FSL,2026-04-29 14:31:00,214.5,214.74,214.5,214.55,1557
FSL,2026-04-29 14:32:00,214.69,214.74,214.62,214.69,257
FSL,2026-04-29 14:33:00,214.74,214.91,214.65,214.74,5482
FSL,2026-04-29 14:34:00,214.74,214.74,214.54,214.58,636
FSL,2026-04-29 14:35:00,214.58,214.76,214.48,214.48,1983
FSL,2026-04-29 14:36:00,214.48,214.86,214.48,214.84,1521
FSL,2026-04-29 14:37:00,214.84,214.85,214.72,214.8,686
FSL,2026-04-29 14:38:00,214.7,214.9,214.7,214.86,4727
FSL,2026-04-29 14:39:00,214.86,215.01,214.76,215.01,2404
FSL,2026-04-29 14:40:00,215.01,215.17,214.96,215.17,918
FSL,2026-04-29 14:41:00,215.17,215.27,215.02,215.23,430
FSL,2026-04-29 14:42:00,215.25,215.25,215.1,215.1,687
FSL,2026-04-29 14:43:00,215.1,215.24,215.04,215.19,529
FSL,2026-04-29 14:44:00,215.19,215.27,215.08,215.27,1766
FSL,2026-04-29 14:45:00,215.27,215.3,215.13,215.2,244
FSL,2026-04-29 14:46:00,215.2,215.2,214.91,214.91,4458
FSL,2026-04-29 14:47:00,214.88,215.06,214.77,214.77,1343
FSL,2026-04-29 14:48:00,214.77,214.91,214.77,214.91,315
FSL,2026-04-29 14:49:00,214.92,214.92,214.92,214.92,1
FSL,2026-04-29 14:50:00,214.92,215.0,214.77,214.9,628
FSL,2026-04-29 14:51:00,214.9,214.99,214.76,214.94,740
FSL,2026-04-29 14:52:00,214.94,215.0,214.79,214.9,1281
FSL,2026-04-29 14:53:00,214.9,215.09,214.9,215.09,966
FSL,2026-04-29 14:54:00,215.09,215.18,215.0,215.1,2592
FSL,2026-04-29 14:55:00,215.1,215.1,214.94,214.94,4629
FSL,2026-04-29 14:56:00,214.94,214.98,214.94,214.98,501
FSL,2026-04-29 14:57:00,214.98,215.01,214.95,215.01,699
FSL,2026-04-29 14:58:00,215.0,215.0,214.84,214.88,1867
FSL,2026-04-29 14:59:00,214.88,214.89,214.8,214.8,1783
FSL,2026-04-29 15:00:00,214.66,214.97,214.66,214.97,7606
FSL,2026-04-29 15:01:00,214.85,214.94,214.6,214.86,2588
FSL,2026-04-29 15:02:00,214.88,215.0,214.88,215.0,734
FSL,2026-04-29 15:03:00,215.03,215.1,214.94,214.94,1078
FSL,2026-04-29 15:04:00,214.8,214.85,214.62,214.62,1399
FSL,2026-04-29 15:05:00,214.75,214.98,214.64,214.8,1303
FSL,2026-04-29 15:06:00,214.87,214.92,214.83,214.9,3389
FSL,2026-04-29 15:07:00,214.91,214.92,214.73,214.83,2444
FSL,2026-04-29 15:08:00,214.83,214.89,214.74,214.77,5763
FSL,2026-04-29 15:09:00,214.89,214.89,214.75,214.75,1316
FSL,2026-04-29 15:10:00,214.87,214.87,214.67,214.78,2348
FSL,2026-04-29 15:11:00,214.71,214.77,214.66,214.66,4144
FSL,2026-04-29 15:12:00,214.67,214.67,214.3,214.3,16106
FSL,2026-04-29 15:13:00,214.3,214.43,214.3,214.36,9034
FSL,2026-04-29 15:14:00,214.34,214.34,214.0,214.11,18055
FSL,2026-04-29 15:15:00,214.07,214.11,213.95,213.95,5858
FSL,2026-04-29 15:16:00,213.9,213.95,213.81,213.81,5325
FSL,2026-04-29 15:17:00,213.83,213.99,213.81,213.85,2416
FSL,2026-04-29 15:18:00,213.98,214.18,213.8,213.84,8143
FSL,2026-04-29 15:19:00,213.84,214.1,213.84,214.0,2349
FSL,2026-04-29 15:20:00,214.09,214.09,214.0,214.01,1453
FSL,2026-04-29 15:21:00,214.09,214.56,214.09,214.28,19752
FSL,2026-04-29 15:22:00,214.39,214.7,214.29,214.6,1199
FSL,2026-04-29 15:23:00,214.63,214.63,214.48,214.52,3723
FSL,2026-04-29 15:24:00,214.58,214.7,214.57,214.68,4800
FSL,2026-04-29 15:25:00,214.57,215.0,214.51,214.99,6569
FSL,2026-04-29 15:26:00,214.89,214.98,214.72,214.85,1757
FSL,2026-04-29 15:27:00,214.85,214.95,214.5,214.59,14933
FSL,2026-04-29 15:28:00,214.58,214.9,214.5,214.55,2350
FSL,2026-04-29 15:29:00,214.55,214.84,214.0,214.0,15482
FSL,2026-04-30 09:15:00,214.48,215.0,213.61,214.36,19300
FSL,2026-04-30 09:16:00,213.1,214.93,213.0,214.37,14446
FSL,2026-04-30 09:17:00,214.39,215.5,214.39,215.5,6472
FSL,2026-04-30 09:18:00,215.38,215.5,214.78,215.0,4719
FSL,2026-04-30 09:19:00,214.73,214.73,213.6,213.6,7592
FSL,2026-04-30 09:20:00,213.65,214.59,213.65,214.5,5237
FSL,2026-04-30 09:21:00,214.5,214.63,214.04,214.04,1674
FSL,2026-04-30 09:22:00,214.05,214.07,213.9,213.9,2522
FSL,2026-04-30 09:23:00,213.9,214.03,213.9,213.94,4294
FSL,2026-04-30 09:24:00,213.94,213.94,213.5,213.5,5845
FSL,2026-04-30 09:25:00,213.73,213.94,213.45,213.94,2054
FSL,2026-04-30 09:26:00,214.0,214.3,213.84,214.3,2293
FSL,2026-04-30 09:27:00,214.13,214.4,213.81,213.81,3990
FSL,2026-04-30 09:28:00,213.98,214.7,213.83,214.7,5510
FSL,2026-04-30 09:29:00,214.89,214.89,214.1,214.1,6456
FSL,2026-04-30 09:30:00,214.31,214.49,214.07,214.08,1271
FSL,2026-04-30 09:31:00,214.08,214.19,213.99,214.02,4568
FSL,2026-04-30 09:32:00,214.0,215.07,213.61,215.07,11597
FSL,2026-04-30 09:33:00,215.2,215.71,214.81,215.71,12612
FSL,2026-04-30 09:34:00,215.75,216.14,215.55,216.14,15064
FSL,2026-04-30 09:35:00,216.15,216.5,215.92,216.08,6413
FSL,2026-04-30 09:36:00,216.17,216.59,216.13,216.27,8216
FSL,2026-04-30 09:37:00,216.48,216.9,216.13,216.13,34137
FSL,2026-04-30 09:38:00,216.22,216.22,215.69,215.69,6866
FSL,2026-04-30 09:39:00,215.69,216.24,215.69,216.23,6665
FSL,2026-04-30 09:40:00,216.3,216.93,216.17,216.91,8205
FSL,2026-04-30 09:41:00,216.9,216.98,216.33,216.65,6979
FSL,2026-04-30 09:42:00,216.61,216.99,216.61,216.89,6690
FSL,2026-04-30 09:43:00,216.89,216.95,216.75,216.93,4078
FSL,2026-04-30 09:44:00,216.93,217.12,216.79,216.99,20340
FSL,2026-04-30 09:45:00,216.85,217.19,216.84,216.91,9778
FSL,2026-04-30 09:46:00,216.91,216.91,216.75,216.79,746
FSL,2026-04-30 09:47:00,216.78,216.89,216.36,216.36,11560
FSL,2026-04-30 09:48:00,216.36,216.5,216.07,216.42,3491
FSL,2026-04-30 09:49:00,216.42,216.48,216.07,216.07,4628
FSL,2026-04-30 09:50:00,216.07,216.46,216.07,216.31,2562
FSL,2026-04-30 09:51:00,216.31,216.5,216.14,216.31,3436
FSL,2026-04-30 09:52:00,216.36,216.36,216.05,216.23,1944
FSL,2026-04-30 09:53:00,216.11,216.15,216.01,216.15,235
FSL,2026-04-30 09:54:00,216.19,216.25,216.15,216.25,658
FSL,2026-04-30 09:55:00,216.25,216.25,215.8,216.23,7322
FSL,2026-04-30 09:56:00,216.23,216.28,216.06,216.13,1045
FSL,2026-04-30 09:57:00,216.13,216.21,216.01,216.1,1168
FSL,2026-04-30 09:58:00,216.1,216.25,216.1,216.25,1660
FSL,2026-04-30 09:59:00,216.25,216.25,215.7,215.7,2836
FSL,2026-04-30 10:00:00,215.96,215.96,215.6,215.65,2051
FSL,2026-04-30 10:01:00,215.44,215.55,215.1,215.1,15635
FSL,2026-04-30 10:02:00,215.28,215.6,215.28,215.41,4039
FSL,2026-04-30 10:03:00,215.41,215.68,215.29,215.68,3066
FSL,2026-04-30 10:04:00,215.68,215.68,215.46,215.67,2204
FSL,2026-04-30 10:05:00,215.54,215.55,215.3,215.31,7213
FSL,2026-04-30 10:06:00,215.56,215.83,215.45,215.8,2783
FSL,2026-04-30 10:07:00,215.8,215.9,215.8,215.8,859
FSL,2026-04-30 10:08:00,215.8,215.8,215.44,215.44,1190
FSL,2026-04-30 10:09:00,215.47,215.47,215.3,215.3,2688
FSL,2026-04-30 10:10:00,215.3,215.31,215.18,215.25,1554
FSL,2026-04-30 10:11:00,215.25,215.25,215.16,215.18,1139
FSL,2026-04-30 10:12:00,215.18,215.18,215.0,215.0,1732
FSL,2026-04-30 10:13:00,215.07,215.3,215.0,215.3,11861
FSL,2026-04-30 10:14:00,215.3,215.37,215.15,215.15,5251
FSL,2026-04-30 10:15:00,215.19,215.24,215.15,215.19,310
FSL,2026-04-30 10:16:00,215.15,215.24,214.76,214.76,3778
FSL,2026-04-30 10:17:00,214.43,215.31,214.34,215.24,13607
FSL,2026-04-30 10:18:00,215.24,215.24,215.03,215.13,2348
FSL,2026-04-30 10:19:00,215.13,215.23,215.13,215.22,1092
FSL,2026-04-30 10:20:00,215.37,215.46,215.34,215.43,5142
FSL,2026-04-30 10:21:00,215.43,215.62,215.43,215.62,913
FSL,2026-04-30 10:22:00,215.57,215.6,215.5,215.59,7301
FSL,2026-04-30 10:23:00,215.59,215.59,215.21,215.22,1625
FSL,2026-04-30 10:24:00,215.22,215.28,215.06,215.11,1260
FSL,2026-04-30 10:25:00,215.11,215.34,215.06,215.09,4819
FSL,2026-04-30 10:26:00,215.09,215.39,215.09,215.32,338
FSL,2026-04-30 10:27:00,215.22,215.31,215.17,215.31,733
FSL,2026-04-30 10:28:00,215.31,215.31,215.23,215.31,392
FSL,2026-04-30 10:29:00,215.23,215.23,215.23,215.23,997
FSL,2026-04-30 10:30:00,215.23,215.25,215.23,215.23,615
FSL,2026-04-30 10:31:00,215.23,215.23,215.23,215.23,165
FSL,2026-04-30 10:32:00,215.23,215.25,215.23,215.23,177
FSL,2026-04-30 10:33:00,215.23,215.32,215.23,215.23,1543
FSL,2026-04-30 10:34:00,215.23,215.31,215.23,215.29,609
FSL,2026-04-30 10:35:00,215.29,215.29,215.14,215.23,1024
FSL,2026-04-30 10:36:00,215.23,215.23,215.23,215.23,70
FSL,2026-04-30 10:37:00,215.29,215.45,215.23,215.45,3206
FSL,2026-04-30 10:38:00,215.45,215.7,215.45,215.7,765
FSL,2026-04-30 10:39:00,215.64,215.83,215.64,215.83,2827
FSL,2026-04-30 10:40:00,215.84,216.23,215.84,216.2,8907
FSL,2026-04-30 10:41:00,216.3,216.89,216.3,216.63,27637
FSL,2026-04-30 10:42:00,216.65,216.77,216.63,216.76,5443
FSL,2026-04-30 10:43:00,216.7,216.94,216.67,216.82,15671
FSL,2026-04-30 10:44:00,216.72,216.82,216.72,216.81,2969
FSL,2026-04-30 10:45:00,216.77,216.77,216.45,216.45,2323
FSL,2026-04-30 10:46:00,216.45,216.45,216.33,216.38,1370
FSL,2026-04-30 10:47:00,216.39,216.39,216.23,216.23,3971
FSL,2026-04-30 10:48:00,216.23,216.3,216.23,216.3,915
FSL,2026-04-30 10:49:00,216.3,216.39,216.25,216.3,1133
FSL,2026-04-30 10:50:00,216.3,216.3,215.62,215.62,24403
FSL,2026-04-30 10:51:00,215.73,215.86,215.73,215.73,641
FSL,2026-04-30 10:52:00,215.73,215.73,215.66,215.68,2513
FSL,2026-04-30 10:53:00,215.68,215.68,215.6,215.68,398
FSL,2026-04-30 10:54:00,215.63,215.72,215.61,215.61,2543
FSL,2026-04-30 10:55:00,215.47,215.51,215.0,215.0,10086
FSL,2026-04-30 10:56:00,215.0,215.07,214.9,214.91,2481
FSL,2026-04-30 10:57:00,214.91,214.99,214.78,214.97,14629
FSL,2026-04-30 10:58:00,214.97,214.98,214.92,214.92,508
FSL,2026-04-30 10:59:00,214.98,215.06,214.7,214.88,9791
FSL,2026-04-30 11:00:00,214.88,215.06,214.85,215.06,6041
FSL,2026-04-30 11:01:00,215.03,215.25,215.03,215.25,939
FSL,2026-04-30 11:02:00,215.39,215.41,215.27,215.31,622
FSL,2026-04-30 11:03:00,215.65,215.65,215.56,215.6,4043
FSL,2026-04-30 11:04:00,215.48,215.51,215.06,215.23,3643
FSL,2026-04-30 11:05:00,215.23,215.27,215.01,215.2,2155
FSL,2026-04-30 11:06:00,215.04,215.22,215.04,215.1,432
FSL,2026-04-30 11:07:00,215.1,215.18,215.1,215.18,353
FSL,2026-04-30 11:08:00,215.18,215.25,215.18,215.25,599
FSL,2026-04-30 11:09:00,215.25,215.35,215.2,215.35,356
FSL,2026-04-30 11:10:00,215.45,215.57,215.34,215.57,2000
FSL,2026-04-30 11:11:00,215.5,215.58,215.45,215.58,22
FSL,2026-04-30 11:12:00,215.45,215.45,215.2,215.2,849
FSL,2026-04-30 11:13:00,215.2,215.2,215.11,215.18,160
FSL,2026-04-30 11:14:00,215.18,215.18,214.87,214.95,1881
FSL,2026-04-30 11:15:00,214.95,215.11,214.95,214.95,2709
FSL,2026-04-30 11:16:00,214.95,215.2,214.87,215.2,3020
FSL,2026-04-30 11:17:00,215.2,215.23,215.04,215.04,981
FSL,2026-04-30 11:18:00,215.04,215.14,215.04,215.04,404
FSL,2026-04-30 11:19:00,215.04,215.15,214.8,215.0,7925
FSL,2026-04-30 11:20:00,214.99,214.99,214.85,214.97,715
FSL,2026-04-30 11:21:00,214.97,214.99,214.88,214.99,1294
FSL,2026-04-30 11:22:00,214.99,215.0,214.92,215.0,427
FSL,2026-04-30 11:23:00,215.0,215.04,215.0,215.0,1833
FSL,2026-04-30 11:24:00,215.0,215.01,214.91,214.99,764
FSL,2026-04-30 11:25:00,214.99,215.06,214.99,215.06,537
FSL,2026-04-30 11:26:00,215.06,215.44,215.06,215.44,2652
FSL,2026-04-30 11:27:00,215.44,215.61,215.43,215.61,668
FSL,2026-04-30 11:28:00,215.61,215.78,215.61,215.71,464
FSL,2026-04-30 11:29:00,215.72,215.77,215.62,215.66,1190
FSL,2026-04-30 11:30:00,215.66,215.76,215.56,215.76,1867
FSL,2026-04-30 11:31:00,215.72,215.8,215.65,215.8,1437
FSL,2026-04-30 11:32:00,215.8,215.8,215.3,215.3,1475
FSL,2026-04-30 11:33:00,215.3,215.47,215.3,215.4,352
FSL,2026-04-30 11:34:00,215.4,215.44,215.33,215.33,387
FSL,2026-04-30 11:35:00,215.33,215.53,215.33,215.4,1948
FSL,2026-04-30 11:36:00,215.4,215.59,215.4,215.52,569
FSL,2026-04-30 11:37:00,215.52,215.53,215.52,215.53,4
FSL,2026-04-30 11:38:00,215.53,215.53,215.53,215.53,102
FSL,2026-04-30 11:39:00,215.53,215.61,215.53,215.61,517
FSL,2026-04-30 11:40:00,215.61,215.61,215.54,215.55,2
FSL,2026-04-30 11:41:00,215.55,215.98,215.38,215.98,3497
FSL,2026-04-30 11:42:00,216.61,217.0,216.33,216.94,12349
FSL,2026-04-30 11:43:00,216.95,216.95,216.74,216.74,2454
FSL,2026-04-30 11:44:00,216.68,216.72,216.51,216.68,2054
FSL,2026-04-30 11:45:00,216.61,216.67,216.32,216.48,2770
FSL,2026-04-30 11:46:00,216.48,216.48,216.4,216.4,890
FSL,2026-04-30 11:47:00,216.4,216.44,216.4,216.44,325
FSL,2026-04-30 11:48:00,216.44,216.75,216.44,216.7,6084
FSL,2026-04-30 11:49:00,216.7,216.94,216.7,216.94,3505
FSL,2026-04-30 11:50:00,216.96,217.15,216.94,217.0,10157
FSL,2026-04-30 11:51:00,217.0,217.0,216.68,216.77,7444
FSL,2026-04-30 11:52:00,216.79,216.92,216.75,216.8,5066
FSL,2026-04-30 11:53:00,216.76,216.87,215.72,216.07,18699
FSL,2026-04-30 11:54:00,216.07,216.07,215.7,215.91,40233
FSL,2026-04-30 11:55:00,215.86,215.86,215.26,215.6,10847
FSL,2026-04-30 11:56:00,215.45,215.68,215.4,215.68,4324
FSL,2026-04-30 11:57:00,215.7,215.73,215.55,215.67,6758
FSL,2026-04-30 11:58:00,215.69,215.7,215.5,215.7,3174
FSL,2026-04-30 11:59:00,215.7,215.7,215.63,215.63,434
FSL,2026-04-30 12:00:00,215.63,215.64,215.5,215.5,1695
FSL,2026-04-30 12:01:00,215.54,215.68,215.54,215.56,2394
FSL,2026-04-30 12:02:00,215.41,215.67,215.41,215.67,3965
FSL,2026-04-30 12:03:00,215.63,215.63,215.41,215.52,1536
FSL,2026-04-30 12:04:00,215.52,215.75,215.52,215.62,3988
FSL,2026-04-30 12:05:00,215.62,215.7,215.62,215.7,12063
FSL,2026-04-30 12:06:00,215.7,215.7,215.69,215.7,17057
FSL,2026-04-30 12:07:00,216.57,216.78,216.47,216.7,31452
FSL,2026-04-30 12:08:00,216.71,216.76,215.9,216.0,17256
FSL,2026-04-30 12:09:00,216.0,216.0,215.95,216.0,3988
FSL,2026-04-30 12:10:00,216.0,216.0,215.89,215.89,1618
FSL,2026-04-30 12:11:00,215.89,216.0,215.8,215.99,1070
FSL,2026-04-30 12:12:00,215.99,215.99,215.77,215.93,1496
FSL,2026-04-30 12:13:00,215.93,215.96,215.83,215.83,470
FSL,2026-04-30 12:14:00,215.83,216.0,215.83,216.0,356
FSL,2026-04-30 12:15:00,215.8,215.8,215.75,215.75,14618
FSL,2026-04-30 12:16:00,215.75,215.8,215.75,215.79,129
FSL,2026-04-30 12:17:00,215.79,215.8,215.79,215.79,3153
FSL,2026-04-30 12:18:00,215.79,215.8,215.79,215.8,5180
FSL,2026-04-30 12:19:00,215.8,215.8,215.75,215.78,2080
FSL,2026-04-30 12:20:00,215.75,215.91,215.75,215.75,25733
FSL,2026-04-30 12:21:00,215.75,215.88,215.7,215.75,21279
FSL,2026-04-30 12:22:00,215.75,215.95,215.75,215.79,6294
FSL,2026-04-30 12:23:00,215.72,215.8,215.72,215.8,6253
FSL,2026-04-30 12:24:00,215.8,215.8,215.75,215.8,601
FSL,2026-04-30 12:25:00,215.92,215.92,215.75,215.75,1799
FSL,2026-04-30 12:26:00,215.75,215.8,215.61,215.61,2655
FSL,2026-04-30 12:27:00,215.61,215.7,215.61,215.67,2188
FSL,2026-04-30 12:28:00,215.67,215.7,215.62,215.69,390
FSL,2026-04-30 12:29:00,215.69,215.69,215.41,215.51,3000
FSL,2026-04-30 12:30:00,215.51,215.51,215.29,215.42,4517
FSL,2026-04-30 12:31:00,215.42,215.43,215.25,215.35,1468
FSL,2026-04-30 12:32:00,215.35,215.36,215.2,215.2,1309
FSL,2026-04-30 12:33:00,215.2,215.2,214.63,214.79,22215
FSL,2026-04-30 12:34:00,214.79,214.96,214.65,214.76,3493
FSL,2026-04-30 12:35:00,214.79,214.79,214.6,214.71,4081
FSL,2026-04-30 12:36:00,214.71,214.82,214.58,214.7,3470
FSL,2026-04-30 12:37:00,214.7,214.7,214.3,214.46,10052
FSL,2026-04-30 12:38:00,214.46,214.46,214.1,214.21,9616
FSL,2026-04-30 12:39:00,214.21,214.3,214.12,214.25,4740
FSL,2026-04-30 12:40:00,214.25,214.53,214.25,214.45,16798
FSL,2026-04-30 12:41:00,214.53,214.67,214.46,214.58,3589
FSL,2026-04-30 12:42:00,214.58,214.8,214.58,214.8,1730
FSL,2026-04-30 12:43:00,214.77,214.79,214.68,214.79,559
FSL,2026-04-30 12:44:00,214.79,215.03,214.7,214.98,8712
FSL,2026-04-30 12:45:00,214.9,215.0,214.9,215.0,1675
FSL,2026-04-30 12:46:00,215.0,215.0,214.96,214.97,249
FSL,2026-04-30 12:47:00,215.0,215.0,214.97,214.99,11598
FSL,2026-04-30 12:48:00,215.0,215.0,214.99,215.0,4557
FSL,2026-04-30 12:49:00,215.0,215.0,214.99,215.0,1380
FSL,2026-04-30 12:50:00,215.0,215.0,214.99,215.0,599
FSL,2026-04-30 12:51:00,215.0,215.0,214.99,215.0,1004
FSL,2026-04-30 12:52:00,215.0,215.0,214.99,215.0,843
FSL,2026-04-30 12:53:00,215.0,215.0,214.99,214.99,2825
FSL,2026-04-30 12:54:00,214.99,215.0,214.99,215.0,4031
FSL,2026-04-30 12:55:00,215.0,215.0,214.93,215.0,1510
FSL,2026-04-30 12:56:00,215.0,215.0,214.95,215.0,5657
FSL,2026-04-30 12:57:00,215.0,215.0,214.95,215.0,738
FSL,2026-04-30 12:58:00,215.0,215.0,214.95,215.0,123
FSL,2026-04-30 12:59:00,215.0,215.0,214.99,214.99,691
FSL,2026-04-30 13:00:00,215.0,215.0,214.94,215.0,1558
FSL,2026-04-30 13:01:00,215.0,215.0,214.94,214.95,1072
FSL,2026-04-30 13:02:00,214.95,214.95,214.85,214.87,1661
FSL,2026-04-30 13:03:00,214.87,214.94,214.87,214.87,42
FSL,2026-04-30 13:04:00,214.87,214.99,214.87,214.96,66
FSL,2026-04-30 13:05:00,214.87,214.91,214.7,214.77,2337
FSL,2026-04-30 13:06:00,214.86,214.86,214.77,214.86,775
FSL,2026-04-30 13:07:00,214.86,214.86,214.77,214.78,146
FSL,2026-04-30 13:08:00,214.78,214.97,214.78,214.97,380
FSL,2026-04-30 13:09:00,214.97,214.98,214.89,214.98,143
FSL,2026-04-30 13:10:00,214.98,215.0,214.92,214.97,570
FSL,2026-04-30 13:11:00,214.92,214.92,214.8,214.8,743
FSL,2026-04-30 13:12:00,214.8,214.97,214.8,214.81,571
FSL,2026-04-30 13:13:00,214.81,214.97,214.81,214.97,1043
FSL,2026-04-30 13:14:00,214.94,214.94,214.75,214.84,1067
FSL,2026-04-30 13:15:00,214.84,214.87,214.58,214.68,2209
FSL,2026-04-30 13:16:00,214.68,214.78,214.58,214.58,4184
FSL,2026-04-30 13:17:00,214.62,214.62,214.3,214.47,8739
FSL,2026-04-30 13:18:00,214.55,214.6,214.38,214.5,1915
FSL,2026-04-30 13:19:00,214.49,214.49,214.3,214.39,2162
FSL,2026-04-30 13:20:00,214.39,214.41,214.15,214.23,9091
FSL,2026-04-30 13:21:00,214.19,214.42,214.19,214.41,4132
FSL,2026-04-30 13:22:00,214.41,214.41,214.2,214.33,1119
FSL,2026-04-30 13:23:00,214.33,214.39,214.19,214.35,2351
FSL,2026-04-30 13:24:00,214.35,214.39,214.23,214.29,1055
FSL,2026-04-30 13:25:00,214.29,214.35,214.29,214.3,279
FSL,2026-04-30 13:26:00,214.3,214.35,214.3,214.3,58
FSL,2026-04-30 13:27:00,214.35,214.35,214.28,214.3,546
FSL,2026-04-30 13:28:00,214.3,214.44,214.3,214.43,544
FSL,2026-04-30 13:29:00,214.43,214.43,214.38,214.43,1473
FSL,2026-04-30 13:30:00,214.43,214.43,214.31,214.31,1080
FSL,2026-04-30 13:31:00,214.4,214.4,214.25,214.25,1550
FSL,2026-04-30 13:32:00,214.2,214.3,214.06,214.21,1850
FSL,2026-04-30 13:33:00,214.16,214.31,214.16,214.31,2853
FSL,2026-04-30 13:34:00,214.31,214.31,214.22,214.22,327
FSL,2026-04-30 13:35:00,214.2,214.31,214.2,214.24,817
FSL,2026-04-30 13:36:00,214.24,214.38,214.24,214.25,356
FSL,2026-04-30 13:37:00,214.35,214.35,214.25,214.25,303
FSL,2026-04-30 13:38:00,214.25,214.3,214.25,214.25,77
FSL,2026-04-30 13:39:00,214.25,214.32,214.25,214.32,947
FSL,2026-04-30 13:40:00,214.32,214.39,214.25,214.39,263
FSL,2026-04-30 13:41:00,214.39,214.78,214.31,214.73,1529
FSL,2026-04-30 13:42:00,214.73,214.89,214.7,214.74,1106
FSL,2026-04-30 13:43:00,214.72,214.97,214.72,214.84,1972
FSL,2026-04-30 13:44:00,214.95,214.95,214.84,214.84,141
FSL,2026-04-30 13:45:00,214.8,214.84,214.8,214.84,1332
FSL,2026-04-30 13:46:00,214.84,215.0,214.84,214.9,1039
FSL,2026-04-30 13:47:00,214.9,215.0,214.81,215.0,2022
FSL,2026-04-30 13:48:00,215.0,215.0,214.9,214.99,1781
FSL,2026-04-30 13:49:00,214.99,214.99,214.93,214.96,185
FSL,2026-04-30 13:50:00,214.96,215.08,214.91,215.0,2984
FSL,2026-04-30 13:51:00,215.0,215.0,214.94,214.94,660
FSL,2026-04-30 13:52:00,214.94,215.0,214.88,214.95,6574
FSL,2026-04-30 13:53:00,215.0,215.02,214.9,215.0,1584
FSL,2026-04-30 13:54:00,215.0,215.05,214.91,215.0,1272
FSL,2026-04-30 13:55:00,215.0,215.0,214.96,215.0,15941
FSL,2026-04-30 13:56:00,215.0,215.0,214.97,215.0,6553
FSL,2026-04-30 13:57:00,215.0,215.99,214.97,215.86,7485
FSL,2026-04-30 13:58:00,215.85,216.16,215.85,216.07,3957
FSL,2026-04-30 13:59:00,216.07,216.19,216.07,216.11,3643
FSL,2026-04-30 14:00:00,215.91,216.0,215.75,215.76,4920
FSL,2026-04-30 14:01:00,215.81,215.98,215.81,215.88,816
FSL,2026-04-30 14:02:00,215.88,215.88,215.75,215.75,1277
FSL,2026-04-30 14:03:00,215.75,215.86,215.75,215.86,1218
FSL,2026-04-30 14:04:00,215.86,215.86,215.77,215.82,1159
FSL,2026-04-30 14:05:00,215.82,215.82,215.55,215.69,897
FSL,2026-04-30 14:06:00,215.69,215.69,215.5,215.5,935
FSL,2026-04-30 14:07:00,215.31,215.49,215.31,215.41,778
FSL,2026-04-30 14:08:00,215.4,215.4,215.23,215.31,1193
FSL,2026-04-30 14:09:00,215.31,215.45,215.31,215.45,1511
FSL,2026-04-30 14:10:00,215.44,215.45,215.36,215.45,278
FSL,2026-04-30 14:11:00,215.45,215.47,215.38,215.47,2315
FSL,2026-04-30 14:12:00,215.47,215.54,215.41,215.54,1211
FSL,2026-04-30 14:13:00,215.42,215.5,215.42,215.49,3678
FSL,2026-04-30 14:14:00,215.49,215.49,215.43,215.48,461
FSL,2026-04-30 14:15:00,215.48,215.48,215.43,215.43,279
FSL,2026-04-30 14:16:00,215.43,215.46,215.4,215.42,1901
FSL,2026-04-30 14:17:00,215.42,215.47,215.12,215.27,4383
FSL,2026-04-30 14:18:00,215.27,215.3,215.17,215.2,3308
FSL,2026-04-30 14:19:00,215.14,215.21,215.01,215.01,2712
FSL,2026-04-30 14:20:00,215.03,215.03,214.96,214.99,4064
FSL,2026-04-30 14:21:00,214.99,214.99,214.95,214.95,1543
FSL,2026-04-30 14:22:00,214.95,214.95,214.95,214.95,488
FSL,2026-04-30 14:23:00,214.95,215.2,214.95,215.12,1737
FSL,2026-04-30 14:24:00,215.12,215.2,215.07,215.2,387
FSL,2026-04-30 14:25:00,215.2,215.24,215.15,215.23,296
FSL,2026-04-30 14:26:00,215.23,215.23,215.14,215.17,354
FSL,2026-04-30 14:27:00,215.17,215.17,215.09,215.12,2421
FSL,2026-04-30 14:28:00,215.12,215.12,214.9,215.1,3115
FSL,2026-04-30 14:29:00,215.1,215.2,215.09,215.11,753
FSL,2026-04-30 14:30:00,215.11,215.2,215.11,215.13,361
FSL,2026-04-30 14:31:00,215.13,215.2,215.0,215.16,1212
FSL,2026-04-30 14:32:00,215.16,215.2,215.05,215.16,188
FSL,2026-04-30 14:33:00,215.16,215.2,215.16,215.16,638
FSL,2026-04-30 14:34:00,215.16,215.33,215.16,215.33,261
FSL,2026-04-30 14:35:00,215.33,215.55,215.22,215.5,1777
FSL,2026-04-30 14:36:00,215.5,215.5,215.38,215.4,9089
FSL,2026-04-30 14:37:00,215.35,215.47,215.24,215.32,6377
FSL,2026-04-30 14:38:00,215.32,215.39,215.3,215.35,1231
FSL,2026-04-30 14:39:00,215.35,215.41,215.24,215.27,312
FSL,2026-04-30 14:40:00,215.27,215.35,215.27,215.35,1273
FSL,2026-04-30 14:41:00,215.35,215.35,215.16,215.16,1471
FSL,2026-04-30 14:42:00,215.16,215.17,214.86,214.86,7254
FSL,2026-04-30 14:43:00,214.86,215.2,214.86,215.19,308
FSL,2026-04-30 14:44:00,215.12,215.27,215.12,215.14,337
FSL,2026-04-30 14:45:00,215.27,215.27,215.19,215.19,344
FSL,2026-04-30 14:46:00,215.13,215.19,215.13,215.13,227
FSL,2026-04-30 14:47:00,215.13,215.19,215.0,215.0,2482
FSL,2026-04-30 14:48:00,215.0,215.01,215.0,215.0,836
FSL,2026-04-30 14:49:00,215.0,215.15,215.0,215.15,480
FSL,2026-04-30 14:50:00,215.15,215.15,214.89,214.9,4012
FSL,2026-04-30 14:51:00,214.9,214.9,214.83,214.89,557
FSL,2026-04-30 14:52:00,214.89,214.9,214.77,214.77,2814
FSL,2026-04-30 14:53:00,214.77,215.0,214.77,214.95,4363
FSL,2026-04-30 14:54:00,214.95,215.0,214.9,214.98,305
FSL,2026-04-30 14:55:00,214.99,215.05,214.9,215.05,910
FSL,2026-04-30 14:56:00,215.05,215.11,215.01,215.1,1238
FSL,2026-04-30 14:57:00,215.1,215.1,214.87,215.01,498
FSL,2026-04-30 14:58:00,215.01,215.01,214.89,215.0,878
FSL,2026-04-30 14:59:00,215.0,215.07,215.0,215.07,1742
FSL,2026-04-30 15:00:00,215.03,215.19,214.92,215.02,10461
FSL,2026-04-30 15:01:00,215.01,215.01,214.7,214.71,4441
FSL,2026-04-30 15:02:00,214.71,214.77,214.4,214.41,5426
FSL,2026-04-30 15:03:00,214.42,214.42,214.25,214.39,3168
FSL,2026-04-30 15:04:00,214.4,214.4,214.29,214.34,2833
FSL,2026-04-30 15:05:00,214.34,214.34,214.04,214.04,14168
FSL,2026-04-30 15:06:00,214.04,214.1,214.0,214.04,5936
FSL,2026-04-30 15:07:00,214.0,214.1,214.0,214.1,3560
FSL,2026-04-30 15:08:00,214.1,214.1,213.59,213.68,11598
FSL,2026-04-30 15:09:00,213.59,213.71,213.5,213.5,6074
FSL,2026-04-30 15:10:00,213.66,213.93,213.51,213.88,18025
FSL,2026-04-30 15:11:00,213.88,213.99,213.82,213.9,3475
FSL,2026-04-30 15:12:00,213.9,213.9,213.73,213.73,3009
FSL,2026-04-30 15:13:00,213.71,214.03,213.66,213.69,13897
FSL,2026-04-30 15:14:00,213.94,214.03,213.85,214.0,5312
FSL,2026-04-30 15:15:00,213.53,213.9,213.5,213.83,9331
FSL,2026-04-30 15:16:00,213.81,213.85,213.5,213.85,9903
FSL,2026-04-30 15:17:00,213.96,214.16,213.95,214.09,8562
FSL,2026-04-30 15:18:00,214.08,214.08,213.66,213.86,23509
FSL,2026-04-30 15:19:00,213.83,214.08,213.68,213.71,7294
FSL,2026-04-30 15:20:00,213.76,213.92,213.2,213.76,16888
FSL,2026-04-30 15:21:00,213.9,213.95,213.0,213.95,18016
FSL,2026-04-30 15:22:00,213.95,213.95,213.72,213.76,9729
FSL,2026-04-30 15:23:00,213.74,213.84,213.61,213.84,7768
FSL,2026-04-30 15:24:00,213.97,214.04,213.74,213.74,7700
FSL,2026-04-30 15:25:00,214.04,214.17,213.9,214.17,13892
FSL,2026-04-30 15:26:00,214.32,214.45,214.1,214.3,13321
FSL,2026-04-30 15:27:00,214.43,214.5,213.94,214.33,17279
FSL,2026-04-30 15:28:00,214.32,214.7,214.0,214.55,9532
FSL,2026-04-30 15:29:00,214.83,214.83,214.01,214.6,13625
FSL,2026-05-04 09:15:00,215.01,217.0,215.01,217.0,37216
FSL,2026-05-04 09:16:00,216.75,217.22,216.1,216.3,30844
FSL,2026-05-04 09:17:00,216.17,216.32,215.76,215.76,26238
FSL,2026-05-04 09:18:00,215.61,215.71,215.4,215.4,2493
FSL,2026-05-04 09:19:00,215.32,215.32,214.71,214.85,10148
FSL,2026-05-04 09:20:00,214.99,214.99,214.42,214.42,11408
FSL,2026-05-04 09:21:00,214.65,214.85,214.25,214.25,12311
FSL,2026-05-04 09:22:00,214.41,214.82,214.24,214.44,4614
FSL,2026-05-04 09:23:00,214.43,215.39,214.43,215.39,2956
FSL,2026-05-04 09:24:00,215.39,215.46,215.17,215.19,5556
FSL,2026-05-04 09:25:00,215.33,215.33,215.0,215.15,8126
FSL,2026-05-04 09:26:00,215.0,215.17,214.71,214.87,3358
FSL,2026-05-04 09:27:00,214.87,215.07,214.87,215.0,2599
FSL,2026-05-04 09:28:00,215.0,215.39,215.0,215.39,1565
FSL,2026-05-04 09:29:00,215.26,215.36,215.15,215.3,4930
FSL,2026-05-04 09:30:00,215.3,215.55,215.3,215.45,3007
FSL,2026-05-04 09:31:00,215.55,215.55,215.36,215.51,5412
FSL,2026-05-04 09:32:00,215.5,215.5,215.47,215.49,8221
FSL,2026-05-04 09:33:00,215.49,215.55,215.2,215.2,4107
FSL,2026-05-04 09:34:00,215.28,215.54,215.28,215.54,4202
FSL,2026-05-04 09:35:00,215.39,215.57,215.31,215.57,12574
FSL,2026-05-04 09:36:00,215.69,215.69,215.41,215.41,566
FSL,2026-05-04 09:37:00,215.41,215.94,215.3,215.84,24448
FSL,2026-05-04 09:38:00,216.0,216.4,216.0,216.14,13231
FSL,2026-05-04 09:39:00,215.85,216.85,215.85,216.69,18378
FSL,2026-05-04 09:40:00,216.69,216.69,216.25,216.27,1263
FSL,2026-05-04 09:41:00,216.1,216.25,216.1,216.22,327
FSL,2026-05-04 09:42:00,216.35,216.35,216.15,216.32,5149
FSL,2026-05-04 09:43:00,216.31,216.37,216.15,216.37,7023
FSL,2026-05-04 09:44:00,216.37,216.53,216.37,216.4,284
FSL,2026-05-04 09:45:00,216.4,216.74,216.4,216.57,3383
FSL,2026-05-04 09:46:00,216.85,216.85,216.63,216.83,3149
FSL,2026-05-04 09:47:00,216.83,216.83,216.51,216.83,8947
FSL,2026-05-04 09:48:00,216.76,216.9,216.6,216.9,3881
FSL,2026-05-04 09:49:00,216.93,217.0,216.85,217.0,9321
FSL,2026-05-04 09:50:00,217.0,217.0,216.65,216.67,3889
FSL,2026-05-04 09:51:00,216.67,216.77,216.55,216.68,1039
FSL,2026-05-04 09:52:00,216.68,217.54,216.68,217.54,10265
FSL,2026-05-04 09:53:00,217.57,217.69,217.42,217.42,4970
FSL,2026-05-04 09:54:00,217.5,217.52,217.19,217.3,7443
FSL,2026-05-04 09:55:00,217.58,217.85,217.58,217.59,8803
FSL,2026-05-04 09:56:00,217.8,217.86,217.66,217.66,4650
FSL,2026-05-04 09:57:00,217.78,217.78,217.42,217.68,5625
FSL,2026-05-04 09:58:00,217.5,217.79,217.49,217.79,14124
FSL,2026-05-04 09:59:00,217.79,217.87,217.65,217.83,1793
FSL,2026-05-04 10:00:00,217.9,217.99,217.8,217.8,8649
FSL,2026-05-04 10:01:00,217.84,217.84,217.65,217.65,1662
FSL,2026-05-04 10:02:00,217.76,217.76,217.3,217.31,7713
FSL,2026-05-04 10:03:00,217.41,217.41,217.0,217.16,6781
FSL,2026-05-04 10:04:00,217.15,217.15,216.94,217.0,1624
FSL,2026-05-04 10:05:00,217.0,217.12,216.88,217.12,3261
FSL,2026-05-04 10:06:00,217.12,217.41,217.12,217.37,1214
FSL,2026-05-04 10:07:00,217.21,217.21,216.95,217.14,1072
FSL,2026-05-04 10:08:00,217.12,217.12,216.8,216.83,6695
FSL,2026-05-04 10:09:00,216.73,216.83,216.64,216.71,2591
FSL,2026-05-04 10:10:00,216.71,216.82,216.63,216.82,663
FSL,2026-05-04 10:11:00,216.87,216.87,216.55,216.55,17977
FSL,2026-05-04 10:12:00,216.55,216.55,216.2,216.21,307
FSL,2026-05-04 10:13:00,216.21,216.29,216.17,216.22,4090
FSL,2026-05-04 10:14:00,216.22,216.29,216.22,216.29,1212
FSL,2026-05-04 10:15:00,216.29,216.42,216.29,216.29,2105
FSL,2026-05-04 10:16:00,216.39,216.39,216.22,216.22,1067
FSL,2026-05-04 10:17:00,216.22,216.23,216.08,216.08,10710
FSL,2026-05-04 10:18:00,216.07,216.23,216.07,216.23,1666
FSL,2026-05-04 10:19:00,216.23,216.37,216.23,216.32,776
FSL,2026-05-04 10:20:00,216.3,216.3,216.1,216.27,1682
FSL,2026-05-04 10:21:00,216.27,216.28,216.03,216.2,3806
FSL,2026-05-04 10:22:00,216.19,217.37,216.19,217.37,28919
FSL,2026-05-04 10:23:00,217.36,217.36,217.16,217.16,3356
FSL,2026-05-04 10:24:00,217.15,217.15,216.88,216.89,1326
FSL,2026-05-04 10:25:00,216.92,216.96,216.88,216.94,325
FSL,2026-05-04 10:26:00,216.94,217.26,216.94,217.18,6648
FSL,2026-05-04 10:27:00,217.21,217.21,217.15,217.15,836
FSL,2026-05-04 10:28:00,217.15,217.3,217.15,217.3,1031
FSL,2026-05-04 10:29:00,217.3,217.49,217.3,217.49,1558
FSL,2026-05-04 10:30:00,217.49,218.85,217.46,218.8,37425
FSL,2026-05-04 10:31:00,218.77,218.95,218.59,218.84,12786
FSL,2026-05-04 10:32:00,218.84,218.84,218.12,218.3,11146
FSL,2026-05-04 10:33:00,218.3,218.3,218.0,218.0,8603
FSL,2026-05-04 10:34:00,218.0,218.2,217.7,218.2,7900
FSL,2026-05-04 10:35:00,218.07,218.2,218.07,218.07,869
FSL,2026-05-04 10:36:00,218.08,218.08,217.85,218.06,2188
FSL,2026-05-04 10:37:00,218.0,218.09,217.72,217.9,3153
FSL,2026-05-04 10:38:00,217.9,217.9,217.89,217.9,2710
FSL,2026-05-04 10:39:00,217.9,217.97,217.84,217.97,915
FSL,2026-05-04 10:40:00,217.97,217.97,217.66,217.9,3876
FSL,2026-05-04 10:41:00,217.9,217.9,217.76,217.9,1388
FSL,2026-05-04 10:42:00,217.91,217.93,217.82,217.93,601
FSL,2026-05-04 10:43:00,217.82,217.83,217.76,217.76,150
FSL,2026-05-04 10:44:00,217.76,217.82,217.66,217.7,1806
FSL,2026-05-04 10:45:00,217.63,217.76,217.5,217.63,3658
FSL,2026-05-04 10:46:00,217.63,217.63,217.45,217.45,724
FSL,2026-05-04 10:47:00,217.4,217.53,217.4,217.52,1383
FSL,2026-05-04 10:48:00,217.51,217.51,217.33,217.37,279
FSL,2026-05-04 10:49:00,217.37,217.62,217.37,217.57,844
FSL,2026-05-04 10:50:00,217.45,217.55,217.45,217.54,1010
FSL,2026-05-04 10:51:00,217.54,217.6,217.53,217.6,1545
FSL,2026-05-04 10:52:00,217.6,217.6,217.2,217.36,6255
FSL,2026-05-04 10:53:00,217.38,217.47,217.38,217.47,2286
FSL,2026-05-04 10:54:00,217.47,217.5,217.25,217.27,1004
FSL,2026-05-04 10:55:00,217.27,217.35,217.12,217.35,1258
FSL,2026-05-04 10:56:00,217.35,217.35,217.07,217.21,1152
FSL,2026-05-04 10:57:00,217.04,217.19,217.04,217.14,1108
FSL,2026-05-04 10:58:00,217.0,217.16,217.0,217.15,1315
FSL,2026-05-04 10:59:00,217.15,217.15,217.02,217.14,206
FSL,2026-05-04 11:00:00,217.13,217.39,217.13,217.39,1146
FSL,2026-05-04 11:01:00,217.39,217.39,217.37,217.37,223
FSL,2026-05-04 11:02:00,217.37,217.55,217.32,217.55,5785
FSL,2026-05-04 11:03:00,217.55,217.7,217.55,217.66,350
FSL,2026-05-04 11:04:00,217.66,217.96,217.66,217.84,8703
FSL,2026-05-04 11:05:00,217.84,217.9,217.84,217.84,122
FSL,2026-05-04 11:06:00,217.72,217.89,217.72,217.87,581
FSL,2026-05-04 11:07:00,217.87,217.87,217.86,217.86,11
FSL,2026-05-04 11:08:00,217.86,217.86,217.72,217.72,22
FSL,2026-05-04 11:09:00,217.84,218.06,217.84,218.06,9324
FSL,2026-05-04 11:10:00,218.06,218.14,217.95,217.96,1542
FSL,2026-05-04 11:11:00,217.96,218.13,217.43,217.48,2601
FSL,2026-05-04 11:12:00,217.48,217.57,217.42,217.55,1416
FSL,2026-05-04 11:13:00,217.55,217.55,217.4,217.4,782
FSL,2026-05-04 11:14:00,217.4,217.4,217.1,217.1,1984
FSL,2026-05-04 11:15:00,217.1,217.23,217.1,217.14,205
FSL,2026-05-04 11:16:00,217.14,217.23,217.14,217.22,375
FSL,2026-05-04 11:17:00,217.22,217.22,217.05,217.05,705
FSL,2026-05-04 11:18:00,217.05,217.05,216.75,216.75,9173
FSL,2026-05-04 11:19:00,216.74,217.06,216.74,216.78,1521
FSL,2026-05-04 11:20:00,216.78,216.98,216.78,216.98,87
FSL,2026-05-04 11:21:00,216.98,216.98,216.77,216.92,210
FSL,2026-05-04 11:22:00,216.92,216.95,215.51,215.87,36194
FSL,2026-05-04 11:23:00,215.8,216.37,215.65,216.37,8093
FSL,2026-05-04 11:24:00,216.37,216.52,216.28,216.45,1702
FSL,2026-05-04 11:25:00,216.35,216.35,216.31,216.31,196
FSL,2026-05-04 11:26:00,216.31,216.45,216.31,216.45,351
FSL,2026-05-04 11:27:00,216.45,216.58,216.42,216.58,401
FSL,2026-05-04 11:28:00,216.5,216.55,216.44,216.47,537
FSL,2026-05-04 11:29:00,216.47,216.53,216.47,216.53,23
FSL,2026-05-04 11:30:00,216.53,216.53,216.47,216.49,461
FSL,2026-05-04 11:31:00,216.49,216.49,216.2,216.2,5418
FSL,2026-05-04 11:32:00,216.2,216.27,216.2,216.27,155
FSL,2026-05-04 11:33:00,216.27,216.27,216.21,216.27,176
FSL,2026-05-04 11:34:00,216.25,216.28,216.25,216.27,1099
FSL,2026-05-04 11:35:00,216.27,216.3,216.09,216.3,4294
FSL,2026-05-04 11:36:00,216.31,216.38,216.16,216.18,1268
FSL,2026-05-04 11:37:00,216.18,216.18,216.09,216.09,984
FSL,2026-05-04 11:38:00,216.05,216.17,216.01,216.17,620
FSL,2026-05-04 11:39:00,216.17,216.46,216.17,216.46,1857
FSL,2026-05-04 11:40:00,216.46,216.47,216.3,216.3,665
FSL,2026-05-04 11:41:00,216.3,216.32,216.17,216.26,334
FSL,2026-05-04 11:42:00,216.26,216.44,216.15,216.33,1024
FSL,2026-05-04 11:43:00,216.33,216.37,216.33,216.37,23
FSL,2026-05-04 11:44:00,216.42,216.46,216.31,216.37,530
FSL,2026-05-04 11:45:00,216.36,216.36,216.31,216.31,176
FSL,2026-05-04 11:46:00,216.31,216.37,216.31,216.37,598
FSL,2026-05-04 11:47:00,216.36,216.41,216.34,216.34,2736
FSL,2026-05-04 11:48:00,216.34,216.38,216.32,216.33,941
FSL,2026-05-04 11:49:00,216.33,216.41,216.33,216.41,103
FSL,2026-05-04 11:50:00,216.32,216.38,216.32,216.34,910
FSL,2026-05-04 11:51:00,216.34,216.35,216.31,216.31,255
FSL,2026-05-04 11:52:00,216.31,216.44,216.3,216.44,3502
FSL,2026-05-04 11:53:00,216.3,216.3,216.29,216.3,1067
FSL,2026-05-04 11:54:00,216.3,216.3,216.0,216.0,3065
FSL,2026-05-04 11:55:00,216.0,216.02,215.97,215.97,9102
FSL,2026-05-04 11:56:00,215.95,215.98,215.83,215.97,3081
FSL,2026-05-04 11:57:00,215.96,216.0,215.8,215.91,2204
FSL,2026-05-04 11:58:00,215.91,215.93,215.91,215.93,263
FSL,2026-05-04 11:59:00,215.93,215.93,215.85,215.89,206
FSL,2026-05-04 12:00:00,215.9,215.9,215.85,215.85,708
FSL,2026-05-04 12:01:00,215.85,215.85,215.82,215.82,817
FSL,2026-05-04 12:02:00,215.82,215.82,215.82,215.82,0
FSL,2026-05-04 12:03:00,215.82,215.91,215.82,215.89,429
FSL,2026-05-04 12:04:00,215.89,215.89,215.66,215.8,1495
FSL,2026-05-04 12:05:00,215.8,215.8,215.8,215.8,600
FSL,2026-05-04 12:06:00,215.8,215.8,215.73,215.77,1251
FSL,2026-05-04 12:07:00,215.77,215.77,215.58,215.64,2736
FSL,2026-05-04 12:08:00,215.64,215.64,215.5,215.63,981
FSL,2026-05-04 12:09:00,215.63,215.64,215.55,215.55,1633
FSL,2026-05-04 12:10:00,215.55,215.56,215.4,215.4,3531
FSL,2026-05-04 12:11:00,215.4,215.4,215.1,215.11,2170
FSL,2026-05-04 12:12:00,215.11,215.15,215.11,215.15,260
FSL,2026-05-04 12:13:00,215.15,215.15,215.0,215.1,3671
FSL,2026-05-04 12:14:00,215.1,215.1,215.0,215.0,851
FSL,2026-05-04 12:15:00,215.0,215.0,214.95,215.0,7786
FSL,2026-05-04 12:16:00,215.21,215.21,215.07,215.2,3923
FSL,2026-05-04 12:17:00,215.2,215.2,215.0,215.14,2717
FSL,2026-05-04 12:18:00,215.0,215.39,215.0,215.39,574
FSL,2026-05-04 12:19:00,215.39,215.41,215.39,215.41,563
FSL,2026-05-04 12:20:00,215.41,215.5,215.41,215.48,628
FSL,2026-05-04 12:21:00,215.41,215.41,215.17,215.26,1941
FSL,2026-05-04 12:22:00,215.26,215.26,215.17,215.26,306
FSL,2026-05-04 12:23:00,215.26,215.27,215.18,215.27,422
FSL,2026-05-04 12:24:00,215.27,215.46,215.27,215.46,146
FSL,2026-05-04 12:25:00,215.46,215.5,215.42,215.5,53
FSL,2026-05-04 12:26:00,215.49,215.49,215.36,215.43,294
FSL,2026-05-04 12:27:00,215.43,215.43,215.43,215.43,396
FSL,2026-05-04 12:28:00,215.43,215.5,215.43,215.5,120
FSL,2026-05-04 12:29:00,215.4,215.59,215.4,215.59,581
FSL,2026-05-04 12:30:00,215.59,215.65,215.5,215.5,445
FSL,2026-05-04 12:31:00,215.59,215.59,215.48,215.48,429
FSL,2026-05-04 12:32:00,215.48,215.48,215.31,215.32,92
FSL,2026-05-04 12:33:00,215.32,215.32,215.3,215.32,125
FSL,2026-05-04 12:34:00,215.32,215.32,215.2,215.2,171
FSL,2026-05-04 12:35:00,215.2,215.21,215.04,215.16,4573
FSL,2026-05-04 12:36:00,215.16,215.16,215.09,215.09,214
FSL,2026-05-04 12:37:00,215.16,215.16,215.15,215.15,121
FSL,2026-05-04 12:38:00,215.15,215.15,215.09,215.14,117
FSL,2026-05-04 12:39:00,215.14,215.14,215.1,215.1,25
FSL,2026-05-04 12:40:00,215.1,215.19,215.1,215.19,355
FSL,2026-05-04 12:41:00,215.41,215.41,215.4,215.41,793
FSL,2026-05-04 12:42:00,215.41,215.41,215.31,215.31,5
FSL,2026-05-04 12:43:00,215.31,215.32,215.1,215.1,837
FSL,2026-05-04 12:44:00,215.1,215.1,214.9,214.9,6209
FSL,2026-05-04 12:45:00,214.9,215.01,214.85,215.01,3371
FSL,2026-05-04 12:46:00,215.01,215.1,215.01,215.1,210
FSL,2026-05-04 12:47:00,215.04,215.04,214.91,215.03,6141
FSL,2026-05-04 12:48:00,215.03,215.03,214.6,214.6,5772
FSL,2026-05-04 12:49:00,214.62,214.62,214.6,214.62,514
FSL,2026-05-04 12:50:00,214.62,214.8,214.6,214.78,5281
FSL,2026-05-04 12:51:00,214.78,214.8,214.6,214.8,560
FSL,2026-05-04 12:52:00,214.8,214.92,214.8,214.92,113
FSL,2026-05-04 12:53:00,214.92,214.93,214.8,214.8,302
FSL,2026-05-04 12:54:00,214.8,214.88,214.72,214.8,1122
FSL,2026-05-04 12:55:00,214.8,214.8,214.6,214.74,466
FSL,2026-05-04 12:56:00,214.57,214.8,214.57,214.8,857
FSL,2026-05-04 12:57:00,214.8,214.88,214.74,214.81,710
FSL,2026-05-04 12:58:00,214.81,214.81,214.74,214.74,1183
FSL,2026-05-04 12:59:00,214.74,214.74,214.7,214.7,365
FSL,2026-05-04 13:00:00,214.7,214.7,214.6,214.6,1344
FSL,2026-05-04 13:01:00,214.7,214.75,214.7,214.75,1164
FSL,2026-05-04 13:02:00,214.67,214.71,214.67,214.71,150
FSL,2026-05-04 13:03:00,214.71,214.71,214.36,214.61,11957
FSL,2026-05-04 13:04:00,214.6,214.61,214.45,214.45,823
FSL,2026-05-04 13:05:00,214.51,214.51,214.51,214.51,50
FSL,2026-05-04 13:06:00,214.51,214.71,214.51,214.62,1038
FSL,2026-05-04 13:07:00,214.62,214.73,214.58,214.73,30
FSL,2026-05-04 13:08:00,214.73,214.73,214.59,214.59,411
FSL,2026-05-04 13:09:00,214.59,214.65,214.59,214.65,43
FSL,2026-05-04 13:10:00,214.65,214.72,214.65,214.72,105
FSL,2026-05-04 13:11:00,214.69,214.69,214.65,214.65,209
FSL,2026-05-04 13:12:00,214.65,214.72,214.62,214.62,305
FSL,2026-05-04 13:13:00,214.62,214.75,214.62,214.75,114
FSL,2026-05-04 13:14:00,214.81,214.91,214.81,214.83,289
FSL,2026-05-04 13:15:00,214.74,214.87,214.74,214.87,616
FSL,2026-05-04 13:16:00,214.87,214.87,214.76,214.76,49
FSL,2026-05-04 13:17:00,214.76,214.85,214.76,214.76,387
FSL,2026-05-04 13:18:00,214.76,214.76,214.48,214.7,11896
FSL,2026-05-04 13:19:00,214.63,214.66,214.54,214.58,453
FSL,2026-05-04 13:20:00,214.58,214.58,214.25,214.25,8550
FSL,2026-05-04 13:21:00,214.2,214.37,214.1,214.37,5934
FSL,2026-05-04 13:22:00,214.37,214.52,214.31,214.36,1354
FSL,2026-05-04 13:23:00,214.3,214.43,214.19,214.29,3773
FSL,2026-05-04 13:24:00,214.29,214.5,214.29,214.42,745
FSL,2026-05-04 13:25:00,214.52,214.52,214.35,214.36,723
FSL,2026-05-04 13:26:00,214.36,214.45,214.36,214.42,1262
FSL,2026-05-04 13:27:00,214.42,214.5,214.33,214.33,470
FSL,2026-05-04 13:28:00,214.33,214.4,214.19,214.19,933
FSL,2026-05-04 13:29:00,214.19,214.19,213.8,213.87,12054
FSL,2026-05-04 13:30:00,213.8,213.8,213.64,213.76,1513
FSL,2026-05-04 13:31:00,213.64,213.7,213.21,213.62,17888
FSL,2026-05-04 13:32:00,213.83,214.0,213.74,213.74,3369
FSL,2026-05-04 13:33:00,213.89,214.0,213.79,213.8,404
FSL,2026-05-04 13:34:00,213.81,213.88,213.79,213.8,81
FSL,2026-05-04 13:35:00,213.79,213.79,213.45,213.45,2915
FSL,2026-05-04 13:36:00,213.5,213.52,213.5,213.52,332
FSL,2026-05-04 13:37:00,213.51,213.78,213.51,213.78,1425
FSL,2026-05-04 13:38:00,213.94,213.94,213.67,213.72,870
FSL,2026-05-04 13:39:00,213.72,214.0,213.72,214.0,655
FSL,2026-05-04 13:40:00,214.0,214.35,214.0,214.29,1198
FSL,2026-05-04 13:41:00,214.12,214.24,214.12,214.23,571
FSL,2026-05-04 13:42:00,214.23,214.28,214.12,214.27,817
FSL,2026-05-04 13:43:00,214.34,214.49,214.12,214.49,1912
FSL,2026-05-04 13:44:00,214.34,214.4,214.34,214.38,333
FSL,2026-05-04 13:45:00,214.34,214.44,214.34,214.4,645
FSL,2026-05-04 13:46:00,214.4,214.44,214.39,214.44,73
FSL,2026-05-04 13:47:00,214.44,214.44,214.3,214.39,368
FSL,2026-05-04 13:48:00,214.39,214.41,214.31,214.4,360
FSL,2026-05-04 13:49:00,214.4,214.4,214.25,214.4,391
FSL,2026-05-04 13:50:00,214.4,214.4,214.4,214.4,148
FSL,2026-05-04 13:51:00,214.44,214.85,214.44,214.7,8771
FSL,2026-05-04 13:52:00,214.74,214.74,214.54,214.56,1711
FSL,2026-05-04 13:53:00,214.56,214.7,214.56,214.56,137
FSL,2026-05-04 13:54:00,214.56,214.59,214.35,214.5,716
FSL,2026-05-04 13:55:00,214.5,214.54,214.44,214.52,607
FSL,2026-05-04 13:56:00,214.52,214.52,214.33,214.33,868
FSL,2026-05-04 13:57:00,214.33,214.33,214.12,214.12,207
FSL,2026-05-04 13:58:00,214.0,214.15,213.9,214.1,4845
FSL,2026-05-04 13:59:00,214.15,214.21,214.09,214.14,2487
FSL,2026-05-04 14:00:00,214.14,214.24,214.14,214.21,63
FSL,2026-05-04 14:01:00,214.21,214.21,214.02,214.11,113
FSL,2026-05-04 14:02:00,214.15,214.2,214.1,214.2,948
FSL,2026-05-04 14:03:00,214.2,214.26,214.1,214.2,1637
FSL,2026-05-04 14:04:00,214.2,214.2,214.11,214.17,71
FSL,2026-05-04 14:05:00,214.1,214.16,213.98,214.16,2006
FSL,2026-05-04 14:06:00,214.16,214.16,214.11,214.11,25
FSL,2026-05-04 14:07:00,214.11,214.13,214.01,214.03,374
FSL,2026-05-04 14:08:00,214.04,214.13,214.04,214.13,54
FSL,2026-05-04 14:09:00,214.12,214.32,214.12,214.32,1182
FSL,2026-05-04 14:10:00,214.32,214.62,214.32,214.62,1392
FSL,2026-05-04 14:11:00,214.62,214.8,214.53,214.8,1170
FSL,2026-05-04 14:12:00,214.8,214.85,214.46,214.85,8829
FSL,2026-05-04 14:13:00,214.7,214.71,214.51,214.51,1614
FSL,2026-05-04 14:14:00,214.51,214.69,214.51,214.69,131
FSL,2026-05-04 14:15:00,214.69,214.69,214.56,214.63,509
FSL,2026-05-04 14:16:00,214.63,214.68,214.54,214.67,261
FSL,2026-05-04 14:17:00,214.67,214.67,214.6,214.6,248
FSL,2026-05-04 14:18:00,214.6,214.75,214.6,214.75,1737
FSL,2026-05-04 14:19:00,214.75,214.85,214.75,214.81,508
FSL,2026-05-04 14:20:00,214.81,214.85,214.81,214.85,21
FSL,2026-05-04 14:21:00,214.85,214.95,214.85,214.95,1775
FSL,2026-05-04 14:22:00,214.95,214.95,214.75,214.76,1803
FSL,2026-05-04 14:23:00,214.76,214.76,214.55,214.63,1510
FSL,2026-05-04 14:24:00,214.63,214.63,214.5,214.61,269
FSL,2026-05-04 14:25:00,214.61,214.61,214.51,214.6,119
FSL,2026-05-04 14:26:00,214.6,214.6,214.58,214.58,159
FSL,2026-05-04 14:27:00,214.58,214.58,214.24,214.4,4422
FSL,2026-05-04 14:28:00,214.4,214.44,214.35,214.44,2036
FSL,2026-05-04 14:29:00,214.44,214.44,214.35,214.35,72
FSL,2026-05-04 14:30:00,214.3,214.44,214.3,214.44,441
FSL,2026-05-04 14:31:00,214.44,214.44,214.21,214.26,425
FSL,2026-05-04 14:32:00,214.26,214.42,214.26,214.42,166
FSL,2026-05-04 14:33:00,214.42,214.42,214.04,214.2,1052
FSL,2026-05-04 14:34:00,214.2,214.31,214.18,214.21,1360
FSL,2026-05-04 14:35:00,214.21,214.39,214.21,214.36,809
FSL,2026-05-04 14:36:00,214.39,214.4,214.34,214.34,866
FSL,2026-05-04 14:37:00,214.34,214.5,214.34,214.5,509
FSL,2026-05-04 14:38:00,214.6,214.63,214.57,214.57,98
FSL,2026-05-04 14:39:00,214.57,214.73,214.57,214.67,584
FSL,2026-05-04 14:40:00,214.67,214.67,214.48,214.48,599
FSL,2026-05-04 14:41:00,214.48,214.52,214.4,214.47,471
FSL,2026-05-04 14:42:00,214.47,214.49,214.4,214.41,445
FSL,2026-05-04 14:43:00,214.41,214.76,214.41,214.7,1664
FSL,2026-05-04 14:44:00,214.7,214.7,214.48,214.52,925
FSL,2026-05-04 14:45:00,214.52,214.64,214.46,214.46,803
FSL,2026-05-04 14:46:00,214.46,214.54,214.4,214.51,418
FSL,2026-05-04 14:47:00,214.51,214.53,214.49,214.53,520
FSL,2026-05-04 14:48:00,214.53,214.7,214.53,214.62,1512
FSL,2026-05-04 14:49:00,214.62,214.71,214.62,214.71,772
FSL,2026-05-04 14:50:00,214.68,214.7,214.51,214.7,491
FSL,2026-05-04 14:51:00,214.7,214.7,214.54,214.54,313
FSL,2026-05-04 14:52:00,214.54,214.64,214.54,214.64,11
FSL,2026-05-04 14:53:00,214.64,215.0,214.64,214.94,5740
FSL,2026-05-04 14:54:00,214.94,214.95,214.88,214.88,276
FSL,2026-05-04 14:55:00,214.88,215.1,214.88,215.1,2695
FSL,2026-05-04 14:56:00,215.1,215.1,214.93,214.93,1382
FSL,2026-05-04 14:57:00,214.92,215.09,214.86,214.99,2259
FSL,2026-05-04 14:58:00,214.99,215.09,214.99,215.09,32
FSL,2026-05-04 14:59:00,215.09,215.25,215.09,215.25,805
FSL,2026-05-04 15:00:00,215.21,215.49,215.21,215.37,6655
FSL,2026-05-04 15:01:00,215.38,215.42,215.18,215.42,5808
FSL,2026-05-04 15:02:00,215.5,215.64,215.5,215.58,4483
FSL,2026-05-04 15:03:00,215.6,215.6,215.5,215.51,1625
FSL,2026-05-04 15:04:00,215.8,215.88,215.67,215.79,6133
FSL,2026-05-04 15:05:00,215.88,216.0,215.78,215.89,14867
FSL,2026-05-04 15:06:00,215.79,215.95,215.79,215.89,3724
FSL,2026-05-04 15:07:00,215.82,215.83,215.46,215.48,1846
FSL,2026-05-04 15:08:00,215.54,215.57,215.43,215.45,1803
FSL,2026-05-04 15:09:00,215.5,215.57,215.45,215.5,1767
FSL,2026-05-04 15:10:00,215.57,215.57,215.5,215.56,1250
FSL,2026-05-04 15:11:00,215.56,215.56,215.49,215.49,1582
FSL,2026-05-04 15:12:00,215.5,215.5,215.4,215.4,2415
FSL,2026-05-04 15:13:00,215.45,215.45,215.22,215.22,1136
FSL,2026-05-04 15:14:00,215.25,215.25,214.92,214.95,2271
FSL,2026-05-04 15:15:00,214.99,214.99,214.69,214.85,7583
FSL,2026-05-04 15:16:00,215.0,215.3,214.96,215.22,5426
FSL,2026-05-04 15:17:00,215.25,215.25,215.0,215.0,1280
FSL,2026-05-04 15:18:00,215.04,215.04,214.66,214.9,10216
FSL,2026-05-04 15:19:00,214.99,214.99,214.7,214.85,1562
FSL,2026-05-04 15:20:00,214.71,215.24,214.71,215.15,6181
FSL,2026-05-04 15:21:00,215.15,215.43,215.15,215.42,1568
FSL,2026-05-04 15:22:00,215.32,215.37,215.0,215.1,1529
FSL,2026-05-04 15:23:00,215.15,215.5,215.15,215.41,3264
FSL,2026-05-04 15:24:00,215.64,215.67,215.41,215.65,2973
FSL,2026-05-04 15:25:00,215.52,216.0,215.52,215.67,11329
FSL,2026-05-04 15:26:00,215.67,215.95,215.67,215.95,22409
FSL,2026-05-04 15:27:00,216.23,216.3,215.89,215.89,7317
FSL,2026-05-04 15:28:00,215.85,216.2,215.82,216.2,7242
FSL,2026-05-04 15:29:00,215.87,216.25,215.21,215.39,6468
FSL,2026-05-05 09:15:00,215.53,216.51,215.45,216.18,5431
FSL,2026-05-05 09:16:00,216.56,216.7,214.81,215.52,28742
FSL,2026-05-05 09:17:00,215.66,215.68,215.45,215.51,4962
FSL,2026-05-05 09:18:00,215.51,215.75,215.5,215.75,2505
FSL,2026-05-05 09:19:00,215.75,216.67,215.75,216.67,2410
FSL,2026-05-05 09:20:00,216.7,216.7,216.29,216.6,7986
FSL,2026-05-05 09:21:00,216.49,216.95,216.4,216.4,7889
FSL,2026-05-05 09:22:00,216.46,216.46,215.85,215.89,6751
FSL,2026-05-05 09:23:00,215.89,215.91,215.67,215.67,3723
FSL,2026-05-05 09:24:00,215.72,216.88,215.72,216.54,16999
FSL,2026-05-05 09:25:00,216.76,217.25,216.65,217.19,9735
FSL,2026-05-05 09:26:00,217.08,217.08,216.26,216.26,13339
FSL,2026-05-05 09:27:00,216.26,216.47,216.0,216.07,6648
FSL,2026-05-05 09:28:00,216.07,216.4,216.0,216.09,5761
FSL,2026-05-05 09:29:00,216.14,216.14,215.62,215.96,3118
FSL,2026-05-05 09:30:00,215.71,216.2,215.5,216.2,6082
FSL,2026-05-05 09:31:00,216.24,216.53,216.24,216.35,2415
FSL,2026-05-05 09:32:00,216.3,216.3,215.89,215.99,4191
FSL,2026-05-05 09:33:00,215.99,215.99,215.8,215.87,2639
FSL,2026-05-05 09:34:00,215.87,216.0,215.87,215.99,1400
FSL,2026-05-05 09:35:00,215.99,216.0,215.82,216.0,3231
FSL,2026-05-05 09:36:00,216.0,216.0,215.85,215.95,1101
FSL,2026-05-05 09:37:00,215.95,216.08,215.9,216.07,1904
FSL,2026-05-05 09:38:00,216.0,216.0,215.3,215.39,10199
FSL,2026-05-05 09:39:00,215.4,215.6,215.17,215.6,5476
FSL,2026-05-05 09:40:00,215.6,215.6,215.14,215.14,2121
FSL,2026-05-05 09:41:00,215.32,215.44,215.01,215.22,11219
FSL,2026-05-05 09:42:00,215.22,215.28,215.16,215.28,909
FSL,2026-05-05 09:43:00,215.28,215.47,215.25,215.47,2229
FSL,2026-05-05 09:44:00,215.57,215.65,215.35,215.37,2795
FSL,2026-05-05 09:45:00,215.45,215.45,215.26,215.34,1290
FSL,2026-05-05 09:46:00,215.25,215.55,215.25,215.45,1245
FSL,2026-05-05 09:47:00,215.45,215.52,215.38,215.38,685
FSL,2026-05-05 09:48:00,215.48,215.6,215.35,215.6,866
FSL,2026-05-05 09:49:00,215.6,215.75,215.6,215.7,2808
FSL,2026-05-05 09:50:00,215.9,216.19,215.9,216.19,2610
FSL,2026-05-05 09:51:00,216.19,216.7,216.05,216.38,7723
FSL,2026-05-05 09:52:00,216.47,216.7,216.47,216.66,4738
FSL,2026-05-05 09:53:00,216.74,217.4,216.72,217.23,11158
FSL,2026-05-05 09:54:00,217.23,217.23,216.89,217.0,5585
FSL,2026-05-05 09:55:00,217.0,217.12,217.0,217.11,1688
FSL,2026-05-05 09:56:00,217.11,217.11,216.93,217.02,7985
FSL,2026-05-05 09:57:00,217.02,217.02,216.46,216.6,5180
FSL,2026-05-05 09:58:00,216.6,216.9,216.39,216.9,1297
FSL,2026-05-05 09:59:00,216.9,216.9,216.69,216.9,1915
FSL,2026-05-05 10:00:00,216.82,216.87,216.69,216.76,1285
FSL,2026-05-05 10:01:00,216.74,216.8,216.5,216.5,7987
FSL,2026-05-05 10:02:00,216.5,216.5,216.25,216.25,7403
FSL,2026-05-05 10:03:00,216.1,216.22,216.09,216.11,2517
FSL,2026-05-05 10:04:00,216.12,216.58,216.12,216.4,2439
FSL,2026-05-05 10:05:00,216.41,216.42,216.29,216.34,956
FSL,2026-05-05 10:06:00,216.34,216.39,216.15,216.15,776
FSL,2026-05-05 10:07:00,216.03,216.21,216.03,216.18,1839
FSL,2026-05-05 10:08:00,216.16,216.18,216.01,216.14,1964
FSL,2026-05-05 10:09:00,216.24,216.28,216.09,216.09,2959
FSL,2026-05-05 10:10:00,216.19,216.19,215.99,215.99,3091
FSL,2026-05-05 10:11:00,215.91,216.01,215.91,216.0,207
FSL,2026-05-05 10:12:00,215.91,216.1,215.89,216.1,1911
FSL,2026-05-05 10:13:00,216.1,216.1,215.92,216.0,518
FSL,2026-05-05 10:14:00,216.0,216.02,215.95,215.95,908
FSL,2026-05-05 10:15:00,215.95,215.97,215.75,215.79,1162
FSL,2026-05-05 10:16:00,215.8,215.8,215.65,215.76,1311
FSL,2026-05-05 10:17:00,215.75,215.75,215.65,215.71,479
FSL,2026-05-05 10:18:00,215.71,215.91,215.71,215.9,801
FSL,2026-05-05 10:19:00,215.9,215.9,215.66,215.78,1421
FSL,2026-05-05 10:20:00,215.78,215.81,215.78,215.81,570
FSL,2026-05-05 10:21:00,215.81,215.81,215.7,215.77,182
FSL,2026-05-05 10:22:00,215.77,215.77,215.7,215.76,587
FSL,2026-05-05 10:23:00,215.65,215.98,215.65,215.98,1447
FSL,2026-05-05 10:24:00,215.89,215.89,215.7,215.74,790
FSL,2026-05-05 10:25:00,215.65,215.73,215.45,215.45,2570
FSL,2026-05-05 10:26:00,215.3,216.2,215.3,216.05,9566
FSL,2026-05-05 10:27:00,216.04,216.12,215.95,216.09,2917
FSL,2026-05-05 10:28:00,216.0,216.06,215.83,215.99,2997
FSL,2026-05-05 10:29:00,215.99,216.21,215.9,216.21,1699
FSL,2026-05-05 10:30:00,216.21,216.3,216.06,216.3,1745
FSL,2026-05-05 10:31:00,216.3,216.8,216.3,216.71,7121
FSL,2026-05-05 10:32:00,216.71,216.82,216.66,216.82,2185
FSL,2026-05-05 10:33:00,216.67,216.67,216.01,216.01,2486
FSL,2026-05-05 10:34:00,216.11,216.24,215.9,215.98,936
FSL,2026-05-05 10:35:00,215.98,216.11,215.7,215.73,4831
FSL,2026-05-05 10:36:00,215.73,215.81,215.73,215.81,1201
FSL,2026-05-05 10:37:00,215.84,216.1,215.84,215.85,306
FSL,2026-05-05 10:38:00,215.85,216.06,215.3,215.39,2780
FSL,2026-05-05 10:39:00,215.39,215.4,215.25,215.26,1456
FSL,2026-05-05 10:40:00,215.26,215.35,215.25,215.34,1635
FSL,2026-05-05 10:41:00,215.34,215.38,215.01,215.12,3776
FSL,2026-05-05 10:42:00,215.04,215.22,214.78,214.97,27882
FSL,2026-05-05 10:43:00,214.84,215.06,214.83,214.9,5668
FSL,2026-05-05 10:44:00,214.9,214.95,214.8,214.91,993
FSL,2026-05-05 10:45:00,214.91,215.0,214.6,214.6,5211
FSL,2026-05-05 10:46:00,214.53,214.84,214.5,214.56,3301
FSL,2026-05-05 10:47:00,214.62,214.62,214.56,214.59,500
FSL,2026-05-05 10:48:00,214.59,214.7,214.59,214.6,968
FSL,2026-05-05 10:49:00,214.6,214.65,214.6,214.64,902
FSL,2026-05-05 10:50:00,214.64,214.65,214.6,214.61,546
FSL,2026-05-05 10:51:00,214.64,214.91,214.61,214.91,3082
FSL,2026-05-05 10:52:00,214.91,215.14,214.89,215.14,1761
FSL,2026-05-05 10:53:00,215.14,215.25,215.07,215.12,1905
FSL,2026-05-05 10:54:00,215.12,215.12,215.01,215.02,391
FSL,2026-05-05 10:55:00,215.02,215.11,214.95,215.11,4393
FSL,2026-05-05 10:56:00,215.08,215.11,215.02,215.03,510
FSL,2026-05-05 10:57:00,215.09,215.2,214.95,215.2,4362
FSL,2026-05-05 10:58:00,215.2,215.22,215.04,215.22,1049
FSL,2026-05-05 10:59:00,215.22,215.31,215.22,215.31,497
FSL,2026-05-05 11:00:00,215.42,215.42,215.35,215.4,587
FSL,2026-05-05 11:01:00,215.4,215.9,215.39,215.79,7606
FSL,2026-05-05 11:02:00,215.79,215.79,215.7,215.7,484
FSL,2026-05-05 11:03:00,215.7,215.9,215.7,215.9,584
FSL,2026-05-05 11:04:00,215.9,215.9,215.68,215.8,1487
FSL,2026-05-05 11:05:00,215.8,215.8,215.6,215.6,231
FSL,2026-05-05 11:06:00,215.6,217.01,215.55,216.92,29918
FSL,2026-05-05 11:07:00,216.92,217.39,216.92,217.3,14788
FSL,2026-05-05 11:08:00,217.3,217.3,216.98,217.09,1925
FSL,2026-05-05 11:09:00,217.08,217.08,216.88,216.89,1572
FSL,2026-05-05 11:10:00,216.79,217.03,216.66,216.67,3297
FSL,2026-05-05 11:11:00,216.67,216.67,216.34,216.48,396
FSL,2026-05-05 11:12:00,216.48,216.48,216.21,216.36,881
FSL,2026-05-05 11:13:00,216.36,216.37,216.26,216.37,202
FSL,2026-05-05 11:14:00,216.0,216.36,216.0,216.23,11389
FSL,2026-05-05 11:15:00,216.32,216.32,216.06,216.06,1287
FSL,2026-05-05 11:16:00,216.27,216.3,216.01,216.01,1897
FSL,2026-05-05 11:17:00,216.24,216.3,216.1,216.2,1315
FSL,2026-05-05 11:18:00,216.21,216.25,216.1,216.25,287
FSL,2026-05-05 11:19:00,216.25,216.25,216.08,216.15,231
FSL,2026-05-05 11:20:00,216.15,216.15,216.1,216.15,260
FSL,2026-05-05 11:21:00,216.15,216.18,216.1,216.17,552
FSL,2026-05-05 11:22:00,216.17,216.17,216.06,216.1,213
FSL,2026-05-05 11:23:00,216.1,216.17,216.1,216.1,254
FSL,2026-05-05 11:24:00,216.15,216.2,216.1,216.19,1318
FSL,2026-05-05 11:25:00,216.19,216.19,216.19,216.19,179
FSL,2026-05-05 11:26:00,216.19,216.21,216.19,216.19,323
FSL,2026-05-05 11:27:00,216.19,216.2,216.19,216.2,89
FSL,2026-05-05 11:28:00,216.2,216.24,216.19,216.24,822
FSL,2026-05-05 11:29:00,216.25,216.53,216.25,216.42,1144
FSL,2026-05-05 11:30:00,216.42,216.57,216.42,216.56,489
FSL,2026-05-05 11:31:00,216.56,216.56,216.5,216.54,527
FSL,2026-05-05 11:32:00,216.54,216.9,216.54,216.76,5969
FSL,2026-05-05 11:33:00,216.76,216.91,216.76,216.89,2450
FSL,2026-05-05 11:34:00,216.9,217.17,216.9,217.17,8300
FSL,2026-05-05 11:35:00,217.17,217.17,217.1,217.1,2751
FSL,2026-05-05 11:36:00,217.15,217.22,217.05,217.22,2045
FSL,2026-05-05 11:37:00,217.22,217.4,217.22,217.4,11728
FSL,2026-05-05 11:38:00,217.4,217.45,216.48,216.48,7371
FSL,2026-05-05 11:39:00,216.48,217.25,216.48,217.25,2646
FSL,2026-05-05 11:40:00,217.21,217.3,217.21,217.25,1433
FSL,2026-05-05 11:41:00,217.25,217.29,217.0,217.04,974
FSL,2026-05-05 11:42:00,217.04,217.04,216.9,216.9,2607
FSL,2026-05-05 11:43:00,217.04,217.09,216.85,217.05,890
FSL,2026-05-05 11:44:00,217.05,217.05,216.87,216.96,790
FSL,2026-05-05 11:45:00,216.88,216.93,216.77,216.92,376
FSL,2026-05-05 11:46:00,216.92,216.92,216.81,216.92,3177
FSL,2026-05-05 11:47:00,216.91,216.91,216.77,216.81,1335
FSL,2026-05-05 11:48:00,216.81,216.85,216.74,216.81,771
FSL,2026-05-05 11:49:00,216.81,216.81,216.72,216.72,295
FSL,2026-05-05 11:50:00,216.72,216.78,216.6,216.72,984
FSL,2026-05-05 11:51:00,216.61,216.72,216.61,216.71,313
FSL,2026-05-05 11:52:00,216.71,216.71,216.5,216.61,1527
FSL,2026-05-05 11:53:00,216.61,216.61,216.61,216.61,123
FSL,2026-05-05 11:54:00,216.61,216.84,216.6,216.79,5683
FSL,2026-05-05 11:55:00,216.79,216.79,216.65,216.77,632
FSL,2026-05-05 11:56:00,216.77,216.77,216.77,216.77,139
FSL,2026-05-05 11:57:00,216.77,216.77,216.7,216.77,381
FSL,2026-05-05 11:58:00,216.77,216.77,216.71,216.76,519
FSL,2026-05-05 11:59:00,216.76,216.91,216.76,216.91,4092
FSL,2026-05-05 12:00:00,216.91,216.91,216.73,216.76,938
FSL,2026-05-05 12:01:00,216.76,216.79,216.6,216.6,384
FSL,2026-05-05 12:02:00,216.75,216.85,216.65,216.7,4243
FSL,2026-05-05 12:03:00,216.69,216.9,216.31,216.9,13346
FSL,2026-05-05 12:04:00,216.92,217.09,216.92,217.09,2907
FSL,2026-05-05 12:05:00,217.09,217.09,216.91,217.0,1052
FSL,2026-05-05 12:06:00,217.0,217.0,216.9,216.9,645
FSL,2026-05-05 12:07:00,216.9,216.99,216.9,216.99,237
FSL,2026-05-05 12:08:00,216.99,217.02,216.9,216.91,980
FSL,2026-05-05 12:09:00,216.91,217.04,216.91,216.99,241
FSL,2026-05-05 12:10:00,216.98,217.35,216.77,217.35,5423
FSL,2026-05-05 12:11:00,217.35,217.7,217.21,217.7,22222
FSL,2026-05-05 12:12:00,217.71,217.9,217.62,217.7,7561
FSL,2026-05-05 12:13:00,217.86,217.86,217.65,217.76,1385
FSL,2026-05-05 12:14:00,217.76,217.82,217.75,217.82,2023
FSL,2026-05-05 12:15:00,217.82,217.91,217.75,217.85,7993
FSL,2026-05-05 12:16:00,217.85,218.38,217.85,218.38,23107
FSL,2026-05-05 12:17:00,218.5,218.5,218.19,218.5,11792
FSL,2026-05-05 12:18:00,218.6,218.85,218.5,218.59,11822
FSL,2026-05-05 12:19:00,218.59,218.65,218.38,218.38,7576
FSL,2026-05-05 12:20:00,218.43,218.55,218.3,218.31,3920
FSL,2026-05-05 12:21:00,218.26,218.31,218.13,218.13,4061
FSL,2026-05-05 12:22:00,218.13,218.31,218.03,218.31,4272
FSL,2026-05-05 12:23:00,218.31,218.63,218.3,218.45,4549
FSL,2026-05-05 12:24:00,218.45,218.45,218.17,218.24,2664
FSL,2026-05-05 12:25:00,218.26,218.3,218.04,218.17,2659
FSL,2026-05-05 12:26:00,218.17,218.35,217.22,217.35,7681
FSL,2026-05-05 12:27:00,217.38,217.5,217.2,217.2,2661
FSL,2026-05-05 12:28:00,217.11,217.29,216.99,217.22,5810
FSL,2026-05-05 12:29:00,217.22,217.22,217.08,217.14,515
FSL,2026-05-05 12:30:00,217.14,217.19,217.14,217.19,100
FSL,2026-05-05 12:31:00,217.19,217.4,217.11,217.29,6563
FSL,2026-05-05 12:32:00,217.19,217.19,217.0,217.17,8338
FSL,2026-05-05 12:33:00,217.17,217.31,217.17,217.3,1954
FSL,2026-05-05 12:34:00,217.3,217.38,217.25,217.35,538
FSL,2026-05-05 12:35:00,217.35,217.4,217.3,217.3,1308
FSL,2026-05-05 12:36:00,217.3,217.35,217.16,217.22,1835
FSL,2026-05-05 12:37:00,217.23,217.29,217.16,217.27,1800
FSL,2026-05-05 12:38:00,217.25,217.29,217.09,217.29,2346
FSL,2026-05-05 12:39:00,217.29,217.29,217.21,217.29,610
FSL,2026-05-05 12:40:00,217.29,217.44,217.26,217.26,1719
FSL,2026-05-05 12:41:00,217.36,217.38,217.21,217.22,1625
FSL,2026-05-05 12:42:00,217.27,217.27,217.22,217.27,278
FSL,2026-05-05 12:43:00,217.27,217.27,217.15,217.24,381
FSL,2026-05-05 12:44:00,217.2,217.2,216.93,217.0,2921
FSL,2026-05-05 12:45:00,217.0,217.05,217.0,217.04,151
FSL,2026-05-05 12:46:00,217.04,217.04,217.0,217.0,73
FSL,2026-05-05 12:47:00,217.02,217.05,217.0,217.05,1463
FSL,2026-05-05 12:48:00,217.05,217.33,217.05,217.23,606
FSL,2026-05-05 12:49:00,217.23,217.26,217.16,217.24,152
FSL,2026-05-05 12:50:00,217.24,217.25,217.11,217.25,390
FSL,2026-05-05 12:51:00,217.22,217.27,217.1,217.25,760
FSL,2026-05-05 12:52:00,217.25,217.25,217.06,217.2,1082
FSL,2026-05-05 12:53:00,217.23,217.23,217.12,217.12,172
FSL,2026-05-05 12:54:00,217.12,217.17,217.12,217.12,139
FSL,2026-05-05 12:55:00,217.1,217.1,217.03,217.05,1527
FSL,2026-05-05 12:56:00,217.05,217.2,217.05,217.2,1567
FSL,2026-05-05 12:57:00,217.23,217.34,217.23,217.24,589
FSL,2026-05-05 12:58:00,217.33,217.33,217.28,217.28,285
FSL,2026-05-05 12:59:00,217.28,217.28,217.2,217.2,547
FSL,2026-05-05 13:00:00,217.21,217.41,217.21,217.41,3661
FSL,2026-05-05 13:01:00,217.29,217.4,217.26,217.3,667
FSL,2026-05-05 13:02:00,217.09,217.19,217.05,217.05,10584
FSL,2026-05-05 13:03:00,217.0,217.04,217.0,217.04,3826
FSL,2026-05-05 13:04:00,217.04,217.18,217.04,217.18,560
FSL,2026-05-05 13:05:00,217.18,217.18,217.0,217.0,86
FSL,2026-05-05 13:06:00,217.0,217.19,217.0,217.08,741
FSL,2026-05-05 13:07:00,217.08,217.18,217.08,217.18,889
FSL,2026-05-05 13:08:00,217.21,217.3,217.2,217.2,1363
FSL,2026-05-05 13:09:00,217.2,217.2,217.1,217.1,1767
FSL,2026-05-05 13:10:00,217.1,217.19,216.98,216.98,2620
FSL,2026-05-05 13:11:00,216.98,217.19,216.98,217.19,985
FSL,2026-05-05 13:12:00,217.19,217.19,217.01,217.17,3867
FSL,2026-05-05 13:13:00,217.17,217.19,217.1,217.1,570
FSL,2026-05-05 13:14:00,217.2,217.35,217.2,217.34,1533
FSL,2026-05-05 13:15:00,217.34,217.34,217.22,217.32,1200
FSL,2026-05-05 13:16:00,217.32,217.32,217.3,217.32,352
FSL,2026-05-05 13:17:00,217.32,217.32,217.25,217.3,280
FSL,2026-05-05 13:18:00,217.3,217.3,217.29,217.29,80
FSL,2026-05-05 13:19:00,217.12,217.27,217.07,217.21,2975
FSL,2026-05-05 13:20:00,217.21,217.21,217.2,217.2,71
FSL,2026-05-05 13:21:00,217.2,217.2,217.02,217.02,456
FSL,2026-05-05 13:22:00,217.37,217.37,217.01,217.12,6129
FSL,2026-05-05 13:23:00,217.12,217.36,217.12,217.36,8027
FSL,2026-05-05 13:24:00,217.36,217.37,217.27,217.37,655
FSL,2026-05-05 13:25:00,217.37,217.4,217.21,217.23,1306
FSL,2026-05-05 13:26:00,217.23,217.34,217.13,217.13,430
FSL,2026-05-05 13:27:00,217.28,217.38,217.22,217.22,2642
FSL,2026-05-05 13:28:00,217.22,217.32,217.22,217.31,64
FSL,2026-05-05 13:29:00,217.31,217.33,217.12,217.13,1667
FSL,2026-05-05 13:30:00,217.13,217.4,217.13,217.15,2975
FSL,2026-05-05 13:31:00,217.15,217.26,217.15,217.22,180
FSL,2026-05-05 13:32:00,217.23,217.24,217.23,217.24,253
FSL,2026-05-05 13:33:00,217.24,217.24,217.2,217.2,616
FSL,2026-05-05 13:34:00,217.2,217.23,217.2,217.22,603
FSL,2026-05-05 13:35:00,217.22,217.24,217.22,217.23,446
FSL,2026-05-05 13:36:00,217.23,217.23,217.22,217.22,332
FSL,2026-05-05 13:37:00,217.23,217.35,217.23,217.31,464
FSL,2026-05-05 13:38:00,217.31,217.35,217.25,217.3,363
FSL,2026-05-05 13:39:00,217.3,217.3,217.26,217.3,1553
FSL,2026-05-05 13:40:00,217.3,217.44,217.3,217.44,3356
FSL,2026-05-05 13:41:00,217.39,217.43,217.39,217.39,25
FSL,2026-05-05 13:42:00,217.39,217.43,217.39,217.4,178
FSL,2026-05-05 13:43:00,217.4,217.43,217.4,217.42,275
FSL,2026-05-05 13:44:00,217.42,217.42,217.41,217.42,153
FSL,2026-05-05 13:45:00,217.42,217.42,217.28,217.32,597
FSL,2026-05-05 13:46:00,217.32,217.4,217.32,217.4,381
FSL,2026-05-05 13:47:00,217.4,217.4,217.3,217.3,121
FSL,2026-05-05 13:48:00,217.3,217.39,217.3,217.39,116
FSL,2026-05-05 13:49:00,217.39,217.39,217.29,217.29,322
FSL,2026-05-05 13:50:00,217.29,217.37,217.26,217.3,239
FSL,2026-05-05 13:51:00,217.3,217.38,217.27,217.35,575
FSL,2026-05-05 13:52:00,217.35,217.6,217.3,217.6,6875
FSL,2026-05-05 13:53:00,217.6,217.72,217.59,217.61,2120
FSL,2026-05-05 13:54:00,217.61,217.67,217.48,217.6,2206
FSL,2026-05-05 13:55:00,217.6,217.6,217.47,217.47,296
FSL,2026-05-05 13:56:00,217.47,217.59,217.47,217.48,379
FSL,2026-05-05 13:57:00,217.48,217.55,217.48,217.54,150
FSL,2026-05-05 13:58:00,217.54,217.75,217.45,217.48,2005
FSL,2026-05-05 13:59:00,217.48,217.63,217.48,217.6,283
FSL,2026-05-05 14:00:00,217.6,217.6,217.57,217.6,147
FSL,2026-05-05 14:01:00,217.6,217.6,217.55,217.59,291
FSL,2026-05-05 14:02:00,217.59,217.83,217.58,217.78,19516
FSL,2026-05-05 14:03:00,217.75,217.75,217.67,217.72,3034
FSL,2026-05-05 14:04:00,217.73,217.76,217.67,217.69,1255
FSL,2026-05-05 14:05:00,217.69,217.75,217.66,217.66,160
FSL,2026-05-05 14:06:00,217.66,217.66,217.57,217.57,263
FSL,2026-05-05 14:07:00,217.69,217.69,217.41,217.58,1519
FSL,2026-05-05 14:08:00,217.58,217.58,217.12,217.26,18966
FSL,2026-05-05 14:09:00,217.26,217.26,217.13,217.26,1428
FSL,2026-05-05 14:10:00,217.26,217.38,217.21,217.23,707
FSL,2026-05-05 14:11:00,217.23,217.32,217.23,217.23,125
FSL,2026-05-05 14:12:00,217.23,217.34,217.23,217.29,263
FSL,2026-05-05 14:13:00,217.3,217.3,217.25,217.25,1004
FSL,2026-05-05 14:14:00,217.25,217.31,217.16,217.17,843
FSL,2026-05-05 14:15:00,217.35,217.36,217.23,217.34,706
FSL,2026-05-05 14:16:00,217.34,217.34,217.18,217.34,1259
FSL,2026-05-05 14:17:00,217.34,217.34,217.18,217.18,187
FSL,2026-05-05 14:18:00,217.24,217.29,217.17,217.26,301
FSL,2026-05-05 14:19:00,217.26,217.26,217.26,217.26,223
FSL,2026-05-05 14:20:00,217.26,217.45,217.25,217.45,1353
FSL,2026-05-05 14:21:00,217.45,217.55,217.44,217.55,205
FSL,2026-05-05 14:22:00,217.55,217.58,217.54,217.55,645
FSL,2026-05-05 14:23:00,217.55,217.55,217.5,217.54,304
FSL,2026-05-05 14:24:00,217.54,217.55,217.47,217.47,753
FSL,2026-05-05 14:25:00,217.43,217.47,217.43,217.44,122
FSL,2026-05-05 14:26:00,217.43,217.44,217.43,217.44,458
FSL,2026-05-05 14:27:00,217.44,217.82,217.44,217.7,13027
FSL,2026-05-05 14:28:00,217.74,217.77,217.54,217.77,2295
FSL,2026-05-05 14:29:00,217.77,217.77,217.62,217.74,375
FSL,2026-05-05 14:30:00,217.74,217.74,217.62,217.63,539
FSL,2026-05-05 14:31:00,217.63,217.67,217.47,217.47,820
FSL,2026-05-05 14:32:00,217.47,217.53,217.47,217.5,524
FSL,2026-05-05 14:33:00,217.5,217.5,217.25,217.25,6876
FSL,2026-05-05 14:34:00,217.25,217.27,217.16,217.25,703
FSL,2026-05-05 14:35:00,217.25,217.86,217.25,217.86,20694
FSL,2026-05-05 14:36:00,217.85,218.08,217.8,218.0,3929
FSL,2026-05-05 14:37:00,218.0,218.0,217.63,217.63,11418
FSL,2026-05-05 14:38:00,217.63,217.85,217.61,217.84,4005
FSL,2026-05-05 14:39:00,217.84,217.98,217.66,217.95,3571
FSL,2026-05-05 14:40:00,217.95,218.0,217.8,217.8,2035
FSL,2026-05-05 14:41:00,217.8,217.89,217.71,217.81,161
FSL,2026-05-05 14:42:00,217.81,217.81,217.59,217.81,2594
FSL,2026-05-05 14:43:00,217.69,217.81,217.69,217.81,685
FSL,2026-05-05 14:44:00,217.81,217.81,217.69,217.69,222
FSL,2026-05-05 14:45:00,217.75,217.75,217.7,217.7,435
FSL,2026-05-05 14:46:00,217.75,217.75,217.59,217.59,2533
FSL,2026-05-05 14:47:00,217.59,217.64,217.51,217.64,717
FSL,2026-05-05 14:48:00,217.55,217.55,217.51,217.51,305
FSL,2026-05-05 14:49:00,217.51,217.55,217.51,217.51,101
FSL,2026-05-05 14:50:00,217.5,217.54,217.4,217.52,5584
FSL,2026-05-05 14:51:00,217.52,217.54,217.45,217.53,214
FSL,2026-05-05 14:52:00,217.53,217.53,217.41,217.43,365
FSL,2026-05-05 14:53:00,217.5,217.53,217.4,217.5,1323
FSL,2026-05-05 14:54:00,217.5,217.5,217.43,217.45,785
FSL,2026-05-05 14:55:00,217.45,217.77,217.45,217.69,2910
FSL,2026-05-05 14:56:00,217.69,217.69,217.62,217.64,787
FSL,2026-05-05 14:57:00,217.51,217.58,217.5,217.54,1339
FSL,2026-05-05 14:58:00,217.54,217.62,217.54,217.62,513
FSL,2026-05-05 14:59:00,217.6,217.6,217.54,217.54,822
FSL,2026-05-05 15:00:00,217.47,217.57,217.45,217.53,3138
FSL,2026-05-05 15:01:00,217.53,217.53,217.34,217.34,1927
FSL,2026-05-05 15:02:00,217.41,217.59,217.38,217.59,3931
FSL,2026-05-05 15:03:00,217.55,217.84,217.55,217.84,10617
FSL,2026-05-05 15:04:00,217.84,217.9,217.84,217.85,2390
FSL,2026-05-05 15:05:00,217.88,217.88,217.78,217.87,1115
FSL,2026-05-05 15:06:00,217.87,217.87,217.84,217.84,583
FSL,2026-05-05 15:07:00,217.84,217.95,217.83,217.95,6033
FSL,2026-05-05 15:08:00,217.95,217.95,217.87,217.87,727
FSL,2026-05-05 15:09:00,217.9,217.95,217.89,217.95,4301
FSL,2026-05-05 15:10:00,217.95,218.19,217.95,218.02,20868
FSL,2026-05-05 15:11:00,218.0,218.1,217.8,217.82,5362
FSL,2026-05-05 15:12:00,217.96,217.96,217.76,217.88,1225
FSL,2026-05-05 15:13:00,217.88,217.88,217.86,217.86,1384
FSL,2026-05-05 15:14:00,217.85,217.85,217.83,217.84,1102
FSL,2026-05-05 15:15:00,217.8,217.86,217.8,217.86,2809
FSL,2026-05-05 15:16:00,217.86,217.86,217.82,217.85,2896
FSL,2026-05-05 15:17:00,217.85,218.09,217.78,218.08,13887
FSL,2026-05-05 15:18:00,218.08,218.35,218.02,218.27,10451
FSL,2026-05-05 15:19:00,218.37,218.37,218.16,218.16,11165
FSL,2026-05-05 15:20:00,218.22,218.22,218.0,218.17,3663
FSL,2026-05-05 15:21:00,218.17,218.38,218.09,218.38,17336
FSL,2026-05-05 15:22:00,218.37,218.7,218.37,218.7,17712
FSL,2026-05-05 15:23:00,218.7,218.85,218.7,218.7,22009
FSL,2026-05-05 15:24:00,218.85,219.4,218.7,219.4,47709
FSL,2026-05-05 15:25:00,219.27,219.6,219.2,219.6,14823
FSL,2026-05-05 15:26:00,219.5,219.83,219.5,219.83,19698
FSL,2026-05-05 15:27:00,219.85,219.89,219.15,219.3,16606
FSL,2026-05-05 15:28:00,219.3,219.7,218.3,219.0,17609
FSL,2026-05-05 15:29:00,219.0,219.5,219.0,219.45,19456
FSL,2026-05-06 09:15:00,222.1,222.44,221.15,222.1,33859
FSL,2026-05-06 09:16:00,221.2,221.69,220.81,221.69,31481
FSL,2026-05-06 09:17:00,221.32,221.53,220.94,220.94,5935
FSL,2026-05-06 09:18:00,220.81,220.81,220.4,220.54,13605
FSL,2026-05-06 09:19:00,220.26,220.95,220.16,220.95,13356
FSL,2026-05-06 09:20:00,220.83,221.13,220.63,220.96,10856
FSL,2026-05-06 09:21:00,221.05,221.39,220.97,221.3,11290
FSL,2026-05-06 09:22:00,221.14,221.4,220.84,221.4,4236
FSL,2026-05-06 09:23:00,221.26,221.75,221.25,221.38,17336
FSL,2026-05-06 09:24:00,221.32,221.32,220.9,221.27,8870
FSL,2026-05-06 09:25:00,221.05,221.08,220.88,220.97,4542
FSL,2026-05-06 09:26:00,220.96,220.96,220.64,220.64,2896
FSL,2026-05-06 09:27:00,220.64,221.89,220.64,221.86,27475
FSL,2026-05-06 09:28:00,221.73,221.94,221.66,221.66,7355
FSL,2026-05-06 09:29:00,221.76,222.3,221.67,221.9,29931
FSL,2026-05-06 09:30:00,222.23,222.59,222.0,222.0,24334
FSL,2026-05-06 09:31:00,222.0,222.25,222.0,222.14,2834
FSL,2026-05-06 09:32:00,222.0,222.1,221.69,221.77,5296
FSL,2026-05-06 09:33:00,221.6,221.84,221.5,221.62,22648
FSL,2026-05-06 09:34:00,221.62,221.65,221.19,221.37,4346
FSL,2026-05-06 09:35:00,221.15,221.37,221.0,221.2,10765
FSL,2026-05-06 09:36:00,221.2,221.23,221.06,221.1,1665
FSL,2026-05-06 09:37:00,221.08,221.08,220.65,220.65,14746
FSL,2026-05-06 09:38:00,220.65,220.72,220.3,220.3,3839
FSL,2026-05-06 09:39:00,220.4,220.4,219.72,219.97,14246
FSL,2026-05-06 09:40:00,219.85,219.93,219.39,219.46,9350
FSL,2026-05-06 09:41:00,219.58,219.83,219.3,219.83,16446
FSL,2026-05-06 09:42:00,219.79,220.2,219.79,220.2,1675
FSL,2026-05-06 09:43:00,220.2,220.2,219.85,219.85,7396
FSL,2026-05-06 09:44:00,219.78,219.87,219.6,219.6,1611
FSL,2026-05-06 09:45:00,219.6,219.78,219.54,219.55,3188
FSL,2026-05-06 09:46:00,219.68,219.68,219.13,219.53,21046
FSL,2026-05-06 09:47:00,219.53,219.74,219.53,219.73,6016
FSL,2026-05-06 09:48:00,219.64,219.91,219.53,219.91,17806
FSL,2026-05-06 09:49:00,219.91,220.09,219.79,219.99,12220
FSL,2026-05-06 09:50:00,219.99,219.99,219.76,219.8,21211
FSL,2026-05-06 09:51:00,219.92,220.1,219.9,220.1,2277
FSL,2026-05-06 09:52:00,220.1,220.19,219.97,220.19,636
FSL,2026-05-06 09:53:00,220.09,220.18,219.98,220.04,6576
FSL,2026-05-06 09:54:00,220.04,220.18,219.99,219.99,726
FSL,2026-05-06 09:55:00,219.99,220.32,219.95,220.16,3551
FSL,2026-05-06 09:56:00,220.2,220.4,220.11,220.13,1680
FSL,2026-05-06 09:57:00,220.12,221.15,220.12,221.13,16549
FSL,2026-05-06 09:58:00,221.13,221.13,220.86,220.86,15012
FSL,2026-05-06 09:59:00,220.86,220.91,220.65,220.86,1724
FSL,2026-05-06 10:00:00,220.77,220.77,220.28,220.28,2321
FSL,2026-05-06 10:01:00,220.28,220.33,220.18,220.18,325
FSL,2026-05-06 10:02:00,220.18,220.33,220.0,220.33,6721
FSL,2026-05-06 10:03:00,220.33,220.33,219.87,219.87,2017
FSL,2026-05-06 10:04:00,219.87,220.01,219.87,219.97,7962
FSL,2026-05-06 10:05:00,219.97,219.97,219.79,219.95,2844
FSL,2026-05-06 10:06:00,219.95,220.21,219.85,220.1,3249
FSL,2026-05-06 10:07:00,220.1,220.15,219.9,219.94,1649
FSL,2026-05-06 10:08:00,219.85,220.05,219.85,220.05,13625
FSL,2026-05-06 10:09:00,220.05,220.13,219.82,219.92,3506
FSL,2026-05-06 10:10:00,219.91,219.97,219.8,219.93,458
FSL,2026-05-06 10:11:00,219.97,220.15,219.97,220.15,318
FSL,2026-05-06 10:12:00,220.09,220.13,220.03,220.13,780
FSL,2026-05-06 10:13:00,220.13,220.15,220.13,220.15,1075
FSL,2026-05-06 10:14:00,220.34,220.37,220.19,220.32,775
FSL,2026-05-06 10:15:00,220.32,220.32,220.05,220.05,1309
FSL,2026-05-06 10:16:00,220.05,220.15,219.97,219.97,2922
FSL,2026-05-06 10:17:00,219.97,220.1,219.97,220.0,1242
FSL,2026-05-06 10:18:00,220.0,220.0,219.8,219.96,3916
FSL,2026-05-06 10:19:00,219.96,219.96,219.8,219.89,295
FSL,2026-05-06 10:20:00,219.89,220.2,219.81,220.2,1277
FSL,2026-05-06 10:21:00,220.2,220.2,219.9,219.9,651
FSL,2026-05-06 10:22:00,219.9,219.9,219.9,219.9,130
FSL,2026-05-06 10:23:00,219.9,220.09,219.9,220.09,993
FSL,2026-05-06 10:24:00,220.19,220.19,219.98,220.0,706
FSL,2026-05-06 10:25:00,220.0,220.0,219.91,220.0,561
FSL,2026-05-06 10:26:00,220.0,220.16,219.91,219.91,1129
FSL,2026-05-06 10:27:00,219.91,220.0,219.91,220.0,51
FSL,2026-05-06 10:28:00,220.0,220.0,219.78,219.92,12755
FSL,2026-05-06 10:29:00,219.94,220.64,219.77,220.64,10421
FSL,2026-05-06 10:30:00,220.64,220.64,220.43,220.57,387
FSL,2026-05-06 10:31:00,220.58,220.58,220.24,220.41,3839
FSL,2026-05-06 10:32:00,220.41,220.41,220.4,220.4,113
FSL,2026-05-06 10:33:00,220.5,220.75,220.5,220.61,15601
FSL,2026-05-06 10:34:00,220.66,220.66,220.39,220.58,2374
FSL,2026-05-06 10:35:00,220.58,220.58,219.1,219.1,61699
FSL,2026-05-06 10:36:00,219.11,219.52,218.8,219.52,7658
FSL,2026-05-06 10:37:00,219.52,219.65,218.75,219.65,5640
FSL,2026-05-06 10:38:00,219.65,219.74,219.65,219.72,76
FSL,2026-05-06 10:39:00,219.72,219.72,219.6,219.6,437
FSL,2026-05-06 10:40:00,219.6,219.6,219.33,219.46,2982
FSL,2026-05-06 10:41:00,219.75,219.98,219.74,219.74,1991
FSL,2026-05-06 10:42:00,219.74,219.84,219.69,219.82,655
FSL,2026-05-06 10:43:00,219.82,219.82,219.69,219.8,218
FSL,2026-05-06 10:44:00,219.8,219.8,219.69,219.69,168
FSL,2026-05-06 10:45:00,219.69,220.1,219.69,220.0,5314
FSL,2026-05-06 10:46:00,220.0,220.37,220.0,220.37,4877
FSL,2026-05-06 10:47:00,220.37,220.41,220.23,220.29,2340
FSL,2026-05-06 10:48:00,220.29,221.8,220.29,221.63,20565
FSL,2026-05-06 10:49:00,221.48,221.63,221.26,221.26,5369
FSL,2026-05-06 10:50:00,221.26,221.49,221.25,221.25,1218
FSL,2026-05-06 10:51:00,221.14,221.25,221.0,221.14,4449
FSL,2026-05-06 10:52:00,221.02,221.14,221.01,221.13,211
FSL,2026-05-06 10:53:00,221.13,221.19,220.75,221.05,2220
FSL,2026-05-06 10:54:00,221.05,221.1,221.01,221.01,218
FSL,2026-05-06 10:55:00,221.01,221.13,220.95,220.95,321
FSL,2026-05-06 10:56:00,220.95,220.98,220.71,220.87,1392
FSL,2026-05-06 10:57:00,220.87,220.87,220.7,220.7,201
FSL,2026-05-06 10:58:00,220.7,220.77,220.7,220.7,66
FSL,2026-05-06 10:59:00,220.7,220.7,220.59,220.6,396
FSL,2026-05-06 11:00:00,220.6,220.68,220.6,220.67,130
FSL,2026-05-06 11:01:00,220.76,221.26,220.76,221.26,6498
FSL,2026-05-06 11:02:00,221.26,221.26,220.96,221.2,1821
FSL,2026-05-06 11:03:00,221.05,221.19,221.0,221.0,798
FSL,2026-05-06 11:04:00,220.95,221.12,220.81,220.93,1677
FSL,2026-05-06 11:05:00,220.98,220.99,220.82,220.99,1517
FSL,2026-05-06 11:06:00,220.99,220.99,220.81,220.97,501
FSL,2026-05-06 11:07:00,220.97,220.97,220.55,220.69,848
FSL,2026-05-06 11:08:00,220.65,220.65,220.55,220.65,899
FSL,2026-05-06 11:09:00,220.65,220.65,220.55,220.55,6
FSL,2026-05-06 11:10:00,220.5,220.6,220.46,220.57,370
FSL,2026-05-06 11:11:00,220.56,220.82,220.56,220.82,7020
FSL,2026-05-06 11:12:00,220.6,220.82,220.22,220.52,3324
FSL,2026-05-06 11:13:00,220.62,221.26,220.62,221.26,2744
FSL,2026-05-06 11:14:00,221.26,221.26,220.99,221.08,1357
FSL,2026-05-06 11:15:00,221.08,221.08,220.9,220.9,342
FSL,2026-05-06 11:16:00,220.86,221.08,220.86,221.08,2098
FSL,2026-05-06 11:17:00,221.08,221.61,221.08,221.61,6078
FSL,2026-05-06 11:18:00,221.63,221.63,221.42,221.42,1262
FSL,2026-05-06 11:19:00,221.5,222.15,221.46,221.88,33245
FSL,2026-05-06 11:20:00,221.88,222.28,221.88,222.19,14460
FSL,2026-05-06 11:21:00,222.34,222.34,221.94,222.0,4382
FSL,2026-05-06 11:22:00,222.0,222.0,221.78,221.85,1432
FSL,2026-05-06 11:23:00,221.85,222.74,221.53,222.74,38958
FSL,2026-05-06 11:24:00,222.74,222.85,222.65,222.7,5543
FSL,2026-05-06 11:25:00,222.7,222.7,222.17,222.18,4785
FSL,2026-05-06 11:26:00,222.18,222.2,222.0,222.0,4124
FSL,2026-05-06 11:27:00,222.0,222.32,221.87,222.32,2294
FSL,2026-05-06 11:28:00,222.32,222.47,222.13,222.45,2972
FSL,2026-05-06 11:29:00,222.45,222.45,222.2,222.34,4750
FSL,2026-05-06 11:30:00,222.34,222.4,222.12,222.12,1845
FSL,2026-05-06 11:31:00,222.1,222.1,221.87,221.87,1059
FSL,2026-05-06 11:32:00,221.86,222.0,221.77,221.77,2073
FSL,2026-05-06 11:33:00,221.77,221.91,221.76,221.9,1062
FSL,2026-05-06 11:34:00,221.9,221.91,221.9,221.91,927
FSL,2026-05-06 11:35:00,221.91,221.99,221.62,221.84,3358
FSL,2026-05-06 11:36:00,221.7,221.79,221.7,221.79,34
FSL,2026-05-06 11:37:00,221.79,221.79,221.5,221.5,2063
FSL,2026-05-06 11:38:00,221.5,221.6,221.5,221.5,736
FSL,2026-05-06 11:39:00,221.5,221.5,221.41,221.41,1022
FSL,2026-05-06 11:40:00,221.44,221.5,221.41,221.5,484
FSL,2026-05-06 11:41:00,221.5,221.5,221.42,221.5,754
FSL,2026-05-06 11:42:00,221.5,221.65,221.5,221.55,300
FSL,2026-05-06 11:43:00,221.55,221.7,221.55,221.7,600
FSL,2026-05-06 11:44:00,221.7,221.7,221.6,221.69,138
FSL,2026-05-06 11:45:00,221.57,221.57,221.5,221.56,1690
FSL,2026-05-06 11:46:00,221.56,221.56,221.4,221.5,4091
FSL,2026-05-06 11:47:00,221.39,221.51,221.39,221.5,1927
FSL,2026-05-06 11:48:00,221.52,221.56,221.52,221.56,126
FSL,2026-05-06 11:49:00,221.56,221.56,221.5,221.5,101
FSL,2026-05-06 11:50:00,221.5,221.55,221.45,221.49,2364
FSL,2026-05-06 11:51:00,221.49,221.49,221.34,221.47,372
FSL,2026-05-06 11:52:00,221.47,221.47,221.31,221.32,343
FSL,2026-05-06 11:53:00,221.32,221.44,221.32,221.35,72
FSL,2026-05-06 11:54:00,221.35,221.44,221.33,221.44,931
FSL,2026-05-06 11:55:00,221.44,221.45,221.31,221.45,1760
FSL,2026-05-06 11:56:00,221.48,221.48,221.4,221.4,2064
FSL,2026-05-06 11:57:00,221.4,221.4,221.2,221.33,5211
FSL,2026-05-06 11:58:00,221.33,221.33,221.21,221.33,768
FSL,2026-05-06 11:59:00,221.16,221.45,221.16,221.35,1547
FSL,2026-05-06 12:00:00,221.35,221.57,221.35,221.57,1540
FSL,2026-05-06 12:01:00,221.7,221.95,221.7,221.9,1815
FSL,2026-05-06 12:02:00,221.9,222.15,221.66,222.11,4032
FSL,2026-05-06 12:03:00,222.34,222.38,222.13,222.3,3642
FSL,2026-05-06 12:04:00,222.3,222.38,222.27,222.29,9647
FSL,2026-05-06 12:05:00,222.29,222.29,222.06,222.22,1572
FSL,2026-05-06 12:06:00,222.19,222.19,221.96,222.0,1096
FSL,2026-05-06 12:07:00,222.0,222.02,221.85,221.86,701
FSL,2026-05-06 12:08:00,221.86,221.99,221.8,221.8,1307
FSL,2026-05-06 12:09:00,221.8,221.8,221.6,221.76,2740
FSL,2026-05-06 12:10:00,221.76,221.79,221.7,221.79,604
FSL,2026-05-06 12:11:00,221.7,221.9,221.7,221.9,826
FSL,2026-05-06 12:12:00,221.9,221.9,221.71,221.8,1623
FSL,2026-05-06 12:13:00,221.8,221.84,221.8,221.84,160
FSL,2026-05-06 12:14:00,221.84,221.84,221.58,221.73,2108
FSL,2026-05-06 12:15:00,221.7,221.7,221.28,221.29,3052
FSL,2026-05-06 12:16:00,221.29,221.29,221.06,221.17,2290
FSL,2026-05-06 12:17:00,221.17,221.17,221.02,221.17,336
FSL,2026-05-06 12:18:00,221.17,221.17,221.1,221.15,466
FSL,2026-05-06 12:19:00,221.15,221.15,221.02,221.14,962
FSL,2026-05-06 12:20:00,221.14,221.14,220.83,220.86,3559
FSL,2026-05-06 12:21:00,220.91,220.92,220.85,220.87,3191
FSL,2026-05-06 12:22:00,220.87,221.02,220.81,220.89,4087
FSL,2026-05-06 12:23:00,220.89,220.94,220.68,220.7,1470
FSL,2026-05-06 12:24:00,220.69,220.69,220.53,220.67,365
FSL,2026-05-06 12:25:00,220.5,220.7,220.5,220.62,912
FSL,2026-05-06 12:26:00,220.7,220.7,220.62,220.62,12
FSL,2026-05-06 12:27:00,220.62,220.79,220.62,220.72,605
FSL,2026-05-06 12:28:00,220.72,220.82,220.63,220.77,1111
FSL,2026-05-06 12:29:00,220.77,220.77,220.63,220.73,2447
FSL,2026-05-06 12:30:00,220.73,220.73,220.49,220.73,3191
FSL,2026-05-06 12:31:00,220.73,220.75,220.51,220.7,727
FSL,2026-05-06 12:32:00,220.7,220.74,220.47,220.72,1548
FSL,2026-05-06 12:33:00,220.72,220.72,220.54,220.7,244
FSL,2026-05-06 12:34:00,220.7,220.7,220.63,220.63,2497
FSL,2026-05-06 12:35:00,220.63,220.63,220.55,220.55,773
FSL,2026-05-06 12:36:00,220.55,220.55,220.43,220.43,200
FSL,2026-05-06 12:37:00,220.43,220.48,220.37,220.47,231
FSL,2026-05-06 12:38:00,220.47,220.48,220.43,220.48,384
FSL,2026-05-06 12:39:00,220.48,220.5,220.26,220.26,2640
FSL,2026-05-06 12:40:00,220.38,220.39,220.2,220.21,2431
FSL,2026-05-06 12:41:00,220.32,220.32,220.21,220.21,147
FSL,2026-05-06 12:42:00,220.34,220.39,220.23,220.23,1027
FSL,2026-05-06 12:43:00,220.2,220.3,220.2,220.3,1245
FSL,2026-05-06 12:44:00,220.3,220.3,220.21,220.21,101
FSL,2026-05-06 12:45:00,220.2,220.2,220.05,220.05,7077
FSL,2026-05-06 12:46:00,220.16,220.16,219.54,219.71,23628
FSL,2026-05-06 12:47:00,219.71,219.88,219.71,219.8,1898
FSL,2026-05-06 12:48:00,219.71,219.84,219.51,219.67,2492
FSL,2026-05-06 12:49:00,219.67,219.68,219.5,219.65,1875
FSL,2026-05-06 12:50:00,219.65,219.98,219.45,219.45,9472
FSL,2026-05-06 12:51:00,219.42,219.69,219.42,219.64,1378
FSL,2026-05-06 12:52:00,219.64,219.64,219.53,219.53,221
FSL,2026-05-06 12:53:00,219.53,219.53,219.32,219.32,6279
FSL,2026-05-06 12:54:00,219.32,219.32,219.25,219.25,456
FSL,2026-05-06 12:55:00,219.25,219.3,219.01,219.13,4471
FSL,2026-05-06 12:56:00,219.14,219.27,219.01,219.27,4633
FSL,2026-05-06 12:57:00,219.27,219.27,219.16,219.27,315
FSL,2026-05-06 12:58:00,219.27,219.27,219.27,219.27,734
FSL,2026-05-06 12:59:00,219.27,219.27,218.99,219.2,10013
FSL,2026-05-06 13:00:00,219.2,219.2,219.05,219.13,2558
FSL,2026-05-06 13:01:00,219.13,219.13,219.01,219.13,1225
FSL,2026-05-06 13:02:00,219.13,219.33,219.13,219.16,2544
FSL,2026-05-06 13:03:00,219.3,219.3,219.14,219.25,1520
FSL,2026-05-06 13:04:00,219.13,219.29,219.13,219.23,443
FSL,2026-05-06 13:05:00,219.13,219.57,219.13,219.57,6747
FSL,2026-05-06 13:06:00,219.57,219.69,219.53,219.69,348
FSL,2026-05-06 13:07:00,219.66,219.9,219.65,219.88,1260
FSL,2026-05-06 13:08:00,219.88,220.12,219.81,220.07,3192
FSL,2026-05-06 13:09:00,220.07,220.28,219.94,220.1,2013
FSL,2026-05-06 13:10:00,220.1,220.1,220.0,220.08,44
FSL,2026-05-06 13:11:00,220.0,220.07,219.85,219.88,1458
FSL,2026-05-06 13:12:00,219.88,220.08,219.88,220.08,4427
FSL,2026-05-06 13:13:00,220.08,220.08,220.08,220.08,74
FSL,2026-05-06 13:14:00,220.14,220.16,220.0,220.02,839
FSL,2026-05-06 13:15:00,220.02,220.12,219.98,219.98,822
FSL,2026-05-06 13:16:00,219.98,220.09,219.98,219.98,51
FSL,2026-05-06 13:17:00,220.14,220.52,220.14,220.43,2436
FSL,2026-05-06 13:18:00,220.43,220.6,220.43,220.5,1037
FSL,2026-05-06 13:19:00,220.5,220.5,220.16,220.32,2977
FSL,2026-05-06 13:20:00,220.4,220.4,220.3,220.4,206
FSL,2026-05-06 13:21:00,220.4,220.51,220.4,220.51,1606
FSL,2026-05-06 13:22:00,220.51,220.6,220.51,220.51,184
FSL,2026-05-06 13:23:00,220.51,220.68,220.51,220.65,664
FSL,2026-05-06 13:24:00,220.65,220.65,220.51,220.65,159
FSL,2026-05-06 13:25:00,220.65,224.25,220.65,223.33,85061
FSL,2026-05-06 13:26:00,223.28,228.98,216.16,221.72,662459
FSL,2026-05-06 13:27:00,221.72,226.75,221.0,225.99,321935
FSL,2026-05-06 13:28:00,225.99,229.0,225.68,227.48,373272
FSL,2026-05-06 13:29:00,227.63,230.75,227.63,229.69,442439
FSL,2026-05-06 13:30:00,229.69,229.95,226.55,226.9,261187
FSL,2026-05-06 13:31:00,226.82,228.5,226.63,228.07,183768
FSL,2026-05-06 13:32:00,228.0,229.68,227.75,228.32,202286
FSL,2026-05-06 13:33:00,227.65,228.99,227.17,227.98,133009
FSL,2026-05-06 13:34:00,227.72,230.4,226.67,230.4,403459
FSL,2026-05-06 13:35:00,230.25,233.68,230.25,233.68,523753
FSL,2026-05-06 13:36:00,233.31,234.7,232.03,232.22,316594
FSL,2026-05-06 13:37:00,232.25,232.36,230.65,231.33,222798
FSL,2026-05-06 13:38:00,231.4,231.75,230.25,230.83,99605
FSL,2026-05-06 13:39:00,230.9,232.85,228.64,232.58,246322
FSL,2026-05-06 13:40:00,232.68,234.57,232.61,233.05,260645
FSL,2026-05-06 13:41:00,232.83,233.16,231.71,232.33,147345
FSL,2026-05-06 13:42:00,232.6,232.65,231.8,232.2,77318
FSL,2026-05-06 13:43:00,232.2,233.84,232.15,233.67,153213
FSL,2026-05-06 13:44:00,233.66,234.0,232.02,232.62,179153
FSL,2026-05-06 13:45:00,232.69,233.48,232.1,232.89,83471
FSL,2026-05-06 13:46:00,232.89,233.5,232.25,232.55,108538
FSL,2026-05-06 13:47:00,232.55,232.84,232.12,232.63,37466
FSL,2026-05-06 13:48:00,232.5,232.9,232.1,232.58,53884
FSL,2026-05-06 13:49:00,232.45,232.5,231.29,231.82,154096
FSL,2026-05-06 13:50:00,231.96,232.35,230.68,230.96,191609
FSL,2026-05-06 13:51:00,230.73,231.6,230.51,230.97,97208
FSL,2026-05-06 13:52:00,231.08,231.29,230.7,230.9,65358
FSL,2026-05-06 13:53:00,230.9,231.0,229.05,229.81,212859
FSL,2026-05-06 13:54:00,229.9,230.2,229.3,229.69,53531
FSL,2026-05-06 13:55:00,229.49,229.79,228.68,229.66,105878
FSL,2026-05-06 13:56:00,229.74,229.76,229.05,229.12,41501
FSL,2026-05-06 13:57:00,229.29,230.1,229.05,230.0,82214
FSL,2026-05-06 13:58:00,230.0,230.0,229.38,229.7,76729
FSL,2026-05-06 13:59:00,229.7,230.75,229.2,229.92,63623
FSL,2026-05-06 14:00:00,229.87,230.01,229.0,229.37,45858
FSL,2026-05-06 14:01:00,229.38,231.7,229.14,231.4,136538
FSL,2026-05-06 14:02:00,231.4,231.6,230.78,230.78,82257
FSL,2026-05-06 14:03:00,230.56,231.02,230.45,230.74,36921
FSL,2026-05-06 14:04:00,230.72,231.55,230.5,231.4,84206
FSL,2026-05-06 14:05:00,231.4,231.48,230.5,230.63,62345
FSL,2026-05-06 14:06:00,230.63,230.85,230.15,230.24,30839
FSL,2026-05-06 14:07:00,230.24,230.49,229.3,229.58,50200
FSL,2026-05-06 14:08:00,229.58,229.79,229.05,229.29,56557
FSL,2026-05-06 14:09:00,229.29,229.79,228.14,229.79,226360
FSL,2026-05-06 14:10:00,229.8,229.8,228.95,229.15,30436
FSL,2026-05-06 14:11:00,229.15,231.18,229.15,231.03,88955
FSL,2026-05-06 14:12:00,231.01,231.25,230.53,230.93,55269
FSL,2026-05-06 14:13:00,230.85,231.25,230.57,230.87,37495
FSL,2026-05-06 14:14:00,230.87,232.34,230.72,232.09,103818
FSL,2026-05-06 14:15:00,232.45,233.26,232.05,233.0,171249
FSL,2026-05-06 14:16:00,232.99,233.0,232.53,232.76,77395
FSL,2026-05-06 14:17:00,232.92,234.38,232.75,234.2,222238
FSL,2026-05-06 14:18:00,234.17,234.17,233.26,233.43,90998
FSL,2026-05-06 14:19:00,233.43,233.49,232.93,233.22,77198
FSL,2026-05-06 14:20:00,233.07,233.24,232.71,233.0,55854
FSL,2026-05-06 14:21:00,233.0,233.88,232.93,233.7,77030
FSL,2026-05-06 14:22:00,233.7,233.9,233.51,233.6,61471
FSL,2026-05-06 14:23:00,233.6,233.8,233.15,233.67,47925
FSL,2026-05-06 14:24:00,233.51,234.37,233.5,233.8,112487
FSL,2026-05-06 14:25:00,233.8,233.8,233.1,233.57,63764
FSL,2026-05-06 14:26:00,233.6,234.9,233.6,234.29,111752
FSL,2026-05-06 14:27:00,234.44,235.0,233.74,234.95,145009
FSL,2026-05-06 14:28:00,234.95,235.0,233.91,234.13,81945
FSL,2026-05-06 14:29:00,234.13,234.95,233.95,234.7,136646
FSL,2026-05-06 14:30:00,234.41,234.92,234.41,234.47,56381
FSL,2026-05-06 14:31:00,234.47,234.62,234.01,234.05,62054
FSL,2026-05-06 14:32:00,234.05,234.2,233.53,233.64,88056
FSL,2026-05-06 14:33:00,233.64,233.99,233.08,233.37,137231
FSL,2026-05-06 14:34:00,233.37,233.56,232.8,233.28,81209
FSL,2026-05-06 14:35:00,233.28,234.56,233.16,234.27,66752
FSL,2026-05-06 14:36:00,234.2,234.9,233.69,234.9,146689
FSL,2026-05-06 14:37:00,234.9,237.0,234.7,237.0,399559
FSL,2026-05-06 14:38:00,236.98,237.24,236.12,236.21,183642
FSL,2026-05-06 14:39:00,235.89,238.0,235.5,237.92,236350
FSL,2026-05-06 14:40:00,237.76,237.89,236.95,237.37,154523
FSL,2026-05-06 14:41:00,237.27,237.5,236.6,236.95,109691
FSL,2026-05-06 14:42:00,236.83,236.94,236.52,236.7,63906
FSL,2026-05-06 14:43:00,236.6,236.7,236.35,236.59,82856
FSL,2026-05-06 14:44:00,236.54,237.37,236.54,237.37,111519
FSL,2026-05-06 14:45:00,237.4,237.47,236.6,236.96,77780
FSL,2026-05-06 14:46:00,236.98,237.5,236.68,237.35,72859
FSL,2026-05-06 14:47:00,237.4,238.0,237.35,237.76,155916
FSL,2026-05-06 14:48:00,237.76,238.8,237.76,238.64,258092
FSL,2026-05-06 14:49:00,238.55,238.69,238.0,238.21,149319
FSL,2026-05-06 14:50:00,238.08,239.2,238.0,238.0,176996
FSL,2026-05-06 14:51:00,238.0,238.21,236.07,236.65,308250
FSL,2026-05-06 14:52:00,236.44,236.49,234.9,236.15,264138
FSL,2026-05-06 14:53:00,236.33,241.5,236.26,241.1,565372
FSL,2026-05-06 14:54:00,241.0,241.08,240.0,240.61,386714
FSL,2026-05-06 14:55:00,240.89,241.0,239.31,240.3,264539
FSL,2026-05-06 14:56:00,240.3,240.45,239.22,240.1,185555
FSL,2026-05-06 14:57:00,240.0,242.0,240.0,240.72,344350
FSL,2026-05-06 14:58:00,240.8,241.29,240.1,240.25,151408
FSL,2026-05-06 14:59:00,240.25,241.8,240.1,241.3,204901
FSL,2026-05-06 15:00:00,241.45,241.45,240.11,240.95,143838
FSL,2026-05-06 15:01:00,240.99,240.99,240.22,240.97,101504
FSL,2026-05-06 15:02:00,240.95,243.3,240.95,242.23,364310
FSL,2026-05-06 15:03:00,242.3,242.96,242.02,242.28,273550
FSL,2026-05-06 15:04:00,242.39,243.7,242.3,243.39,329645
FSL,2026-05-06 15:05:00,243.28,244.7,241.65,243.82,642227
FSL,2026-05-06 15:06:00,244.0,245.0,243.29,244.19,445372
FSL,2026-05-06 15:07:00,244.22,244.76,243.51,243.96,324176
FSL,2026-05-06 15:08:00,243.93,244.42,243.61,244.27,290786
FSL,2026-05-06 15:09:00,244.43,244.9,243.54,244.05,390090
FSL,2026-05-06 15:10:00,244.0,244.45,243.54,243.9,214120
FSL,2026-05-06 15:11:00,243.5,243.61,242.19,242.42,571158
FSL,2026-05-06 15:12:00,242.41,243.25,242.25,242.67,220596
FSL,2026-05-06 15:13:00,242.5,243.14,242.47,242.97,128695
FSL,2026-05-06 15:14:00,242.88,244.0,242.0,242.4,344063
FSL,2026-05-06 15:15:00,242.41,245.0,242.01,244.8,565744
FSL,2026-05-06 15:16:00,244.28,245.0,243.8,244.75,335330
FSL,2026-05-06 15:17:00,244.69,244.8,243.8,244.39,153522
FSL,2026-05-06 15:18:00,244.34,244.4,243.56,243.8,364690
FSL,2026-05-06 15:19:00,243.62,243.84,241.23,243.65,536178
FSL,2026-05-06 15:20:00,243.7,244.5,243.5,244.3,177472
FSL,2026-05-06 15:21:00,244.3,244.42,241.55,241.92,163157
FSL,2026-05-06 15:22:00,242.0,243.9,241.9,243.03,120491
FSL,2026-05-06 15:23:00,243.05,244.5,243.0,244.15,131709
FSL,2026-05-06 15:24:00,244.43,245.0,243.55,244.29,456795
FSL,2026-05-06 15:25:00,244.29,244.96,244.0,244.3,145120
FSL,2026-05-06 15:26:00,244.3,244.5,244.0,244.0,66345
FSL,2026-05-06 15:27:00,244.0,244.25,244.0,244.25,63966
FSL,2026-05-06 15:28:00,244.25,244.36,244.02,244.05,114970
FSL,2026-05-06 15:29:00,244.27,245.0,244.0,244.9,203493
FSL,2026-05-07 09:15:00,246.74,249.8,244.6,245.3,481640
FSL,2026-05-07 09:16:00,245.0,246.68,243.1,243.51,244092
FSL,2026-05-07 09:17:00,243.63,243.63,240.7,241.88,219530
FSL,2026-05-07 09:18:00,241.72,241.85,240.56,241.0,104621
FSL,2026-05-07 09:19:00,241.23,241.23,240.3,241.01,82969
FSL,2026-05-07 09:20:00,241.01,241.01,239.43,240.16,125324
FSL,2026-05-07 09:21:00,240.17,241.65,240.02,240.8,95164
FSL,2026-05-07 09:22:00,240.8,241.99,240.54,241.54,84180
FSL,2026-05-07 09:23:00,241.4,243.8,241.1,243.5,86266
FSL,2026-05-07 09:24:00,243.56,244.47,242.61,242.71,135321
FSL,2026-05-07 09:25:00,242.82,242.82,241.3,241.68,46725
FSL,2026-05-07 09:26:00,241.68,241.8,241.41,241.5,24875
FSL,2026-05-07 09:27:00,241.61,242.5,241.5,241.92,40618
FSL,2026-05-07 09:28:00,241.72,242.4,241.64,242.0,19046
FSL,2026-05-07 09:29:00,242.0,242.16,241.3,241.5,44190
FSL,2026-05-07 09:30:00,241.1,241.24,240.48,240.61,56451
FSL,2026-05-07 09:31:00,240.74,240.9,240.23,240.28,39459
FSL,2026-05-07 09:32:00,240.25,240.72,239.0,239.0,124436
FSL,2026-05-07 09:33:00,239.0,239.48,239.0,239.25,34051
FSL,2026-05-07 09:34:00,239.25,239.36,239.0,239.0,30109
FSL,2026-05-07 09:35:00,239.0,239.45,239.0,239.44,31392
FSL,2026-05-07 09:36:00,239.62,239.71,238.41,239.15,53167
FSL,2026-05-07 09:37:00,239.0,239.13,238.04,238.97,50738
FSL,2026-05-07 09:38:00,238.89,239.02,238.5,238.55,23999
FSL,2026-05-07 09:39:00,238.55,238.73,238.2,238.29,17672
FSL,2026-05-07 09:40:00,238.29,239.0,238.24,238.78,51655
FSL,2026-05-07 09:41:00,238.82,238.9,238.69,238.72,7226
FSL,2026-05-07 09:42:00,238.72,239.0,238.25,238.25,32071
FSL,2026-05-07 09:43:00,238.24,238.37,238.02,238.19,16743
FSL,2026-05-07 09:44:00,238.02,238.59,238.0,238.41,41741
FSL,2026-05-07 09:45:00,238.3,238.71,238.17,238.54,16320
FSL,2026-05-07 09:46:00,238.46,238.83,238.3,238.3,31893
FSL,2026-05-07 09:47:00,238.3,238.52,238.12,238.5,20958
FSL,2026-05-07 09:48:00,238.5,238.83,238.45,238.7,12765
FSL,2026-05-07 09:49:00,238.65,238.82,238.52,238.52,10089
FSL,2026-05-07 09:50:00,238.65,238.7,238.5,238.64,5085
FSL,2026-05-07 09:51:00,238.64,238.74,238.5,238.5,22148
FSL,2026-05-07 09:52:00,238.5,239.31,238.5,239.05,69063
FSL,2026-05-07 09:53:00,239.02,239.23,239.01,239.01,22646
FSL,2026-05-07 09:54:00,239.16,239.37,238.99,238.99,9778
FSL,2026-05-07 09:55:00,238.99,239.35,238.75,239.24,12071
FSL,2026-05-07 09:56:00,239.35,239.35,238.89,239.07,3284
FSL,2026-05-07 09:57:00,238.88,239.12,238.58,238.82,18114
FSL,2026-05-07 09:58:00,238.82,238.82,238.53,238.79,4532
FSL,2026-05-07 09:59:00,238.79,238.79,238.5,238.5,5978
FSL,2026-05-07 10:00:00,238.5,238.59,238.15,238.17,13998
FSL,2026-05-07 10:01:00,238.15,238.89,238.15,238.72,22509
FSL,2026-05-07 10:02:00,238.72,239.05,238.72,239.05,6954
FSL,2026-05-07 10:03:00,239.02,239.02,238.85,238.95,11120
FSL,2026-05-07 10:04:00,238.98,238.98,238.85,238.85,2422
FSL,2026-05-07 10:05:00,238.98,238.98,238.6,238.71,5699
FSL,2026-05-07 10:06:00,238.71,238.89,238.71,238.85,2451
FSL,2026-05-07 10:07:00,238.71,238.71,238.29,238.37,7767
FSL,2026-05-07 10:08:00,238.3,238.6,238.2,238.51,5386
FSL,2026-05-07 10:09:00,238.51,238.62,238.23,238.46,4740
FSL,2026-05-07 10:10:00,238.33,238.46,238.25,238.42,5707
FSL,2026-05-07 10:11:00,238.42,238.42,237.65,237.65,47225
FSL,2026-05-07 10:12:00,237.76,238.0,237.52,237.52,24480
FSL,2026-05-07 10:13:00,237.51,237.9,237.5,237.86,18313
FSL,2026-05-07 10:14:00,237.86,238.33,237.69,238.31,19752
FSL,2026-05-07 10:15:00,238.3,238.3,237.95,237.95,4336
FSL,2026-05-07 10:16:00,237.95,238.27,237.89,238.2,9649
FSL,2026-05-07 10:17:00,238.25,238.44,238.14,238.31,3091
FSL,2026-05-07 10:18:00,238.31,238.97,238.31,238.81,8676
FSL,2026-05-07 10:19:00,238.93,239.03,238.82,238.9,6650
FSL,2026-05-07 10:20:00,238.98,238.98,238.43,238.43,5699
FSL,2026-05-07 10:21:00,238.49,238.5,238.4,238.41,1949
FSL,2026-05-07 10:22:00,238.41,238.47,238.4,238.45,13628
FSL,2026-05-07 10:23:00,238.4,238.5,238.4,238.5,5294
FSL,2026-05-07 10:24:00,238.5,238.62,238.45,238.62,4022
FSL,2026-05-07 10:25:00,238.56,238.7,238.51,238.69,3054
FSL,2026-05-07 10:26:00,238.45,238.6,238.4,238.47,6882
FSL,2026-05-07 10:27:00,238.4,238.47,238.4,238.45,912
FSL,2026-05-07 10:28:00,238.41,238.45,238.4,238.41,1569
FSL,2026-05-07 10:29:00,238.21,238.36,238.2,238.21,3744
FSL,2026-05-07 10:30:00,238.21,238.7,237.97,238.6,19760
FSL,2026-05-07 10:31:00,238.7,239.3,238.61,239.3,25419
FSL,2026-05-07 10:32:00,239.26,239.26,238.83,238.83,6127
FSL,2026-05-07 10:33:00,238.83,238.97,238.83,238.96,1367
FSL,2026-05-07 10:34:00,238.96,239.24,238.96,239.12,2910
FSL,2026-05-07 10:35:00,239.04,239.2,238.8,238.81,7181
FSL,2026-05-07 10:36:00,238.94,238.94,238.61,238.84,1806
FSL,2026-05-07 10:37:00,238.8,238.8,238.65,238.75,3418
FSL,2026-05-07 10:38:00,238.75,239.0,238.65,238.81,11125
FSL,2026-05-07 10:39:00,238.81,238.98,238.72,238.72,1373
FSL,2026-05-07 10:40:00,238.72,238.8,238.72,238.79,282
FSL,2026-05-07 10:41:00,238.79,238.8,238.53,238.75,7082
FSL,2026-05-07 10:42:00,238.75,238.75,238.65,238.74,803
FSL,2026-05-07 10:43:00,238.74,238.8,238.67,238.8,1870
FSL,2026-05-07 10:44:00,238.8,239.15,238.74,239.15,5506
FSL,2026-05-07 10:45:00,239.15,239.24,238.8,238.98,6604
FSL,2026-05-07 10:46:00,238.98,239.78,238.85,238.98,19254
FSL,2026-05-07 10:47:00,238.98,239.26,238.85,239.0,38529
FSL,2026-05-07 10:48:00,239.0,239.08,238.3,238.5,11077
FSL,2026-05-07 10:49:00,238.41,238.67,238.3,238.43,7754
FSL,2026-05-07 10:50:00,238.31,238.44,238.2,238.2,13187
FSL,2026-05-07 10:51:00,238.2,238.53,238.2,238.2,22936
FSL,2026-05-07 10:52:00,238.15,238.17,237.93,238.0,12728
FSL,2026-05-07 10:53:00,238.0,238.07,237.7,238.0,17525
FSL,2026-05-07 10:54:00,237.86,238.28,237.76,238.12,16165
FSL,2026-05-07 10:55:00,237.98,238.04,237.9,238.04,6524
FSL,2026-05-07 10:56:00,238.04,238.15,238.04,238.05,3310
FSL,2026-05-07 10:57:00,238.05,238.23,238.04,238.2,1130
FSL,2026-05-07 10:58:00,238.24,239.07,238.2,238.75,15392
FSL,2026-05-07 10:59:00,238.75,238.75,238.5,238.51,1359
FSL,2026-05-07 11:00:00,238.51,238.99,238.51,238.84,12104
FSL,2026-05-07 11:01:00,238.74,238.84,238.6,238.8,5380
FSL,2026-05-07 11:02:00,238.67,238.78,238.67,238.77,367
FSL,2026-05-07 11:03:00,238.77,238.77,238.31,238.5,8216
FSL,2026-05-07 11:04:00,238.5,238.5,238.13,238.13,4000
FSL,2026-05-07 11:05:00,238.13,238.44,238.13,238.44,674
FSL,2026-05-07 11:06:00,238.44,238.44,238.38,238.43,1600
FSL,2026-05-07 11:07:00,238.43,238.49,238.26,238.26,2443
FSL,2026-05-07 11:08:00,238.27,238.42,238.24,238.42,3534
FSL,2026-05-07 11:09:00,238.42,238.58,238.13,238.16,10850
FSL,2026-05-07 11:10:00,238.15,238.19,237.32,237.64,44029
FSL,2026-05-07 11:11:00,237.8,237.82,237.6,237.77,6452
FSL,2026-05-07 11:12:00,237.77,238.16,237.72,238.13,3928
FSL,2026-05-07 11:13:00,238.13,238.13,237.94,237.94,1349
FSL,2026-05-07 11:14:00,237.93,238.07,237.85,238.0,2266
FSL,2026-05-07 11:15:00,237.75,238.08,237.75,237.92,2333
FSL,2026-05-07 11:16:00,237.75,238.0,237.75,237.76,3278
FSL,2026-05-07 11:17:00,237.76,237.96,237.75,237.85,2973
FSL,2026-05-07 11:18:00,237.48,237.72,237.48,237.67,17561
FSL,2026-05-07 11:19:00,237.67,237.67,237.52,237.52,1169
FSL,2026-05-07 11:20:00,237.52,237.9,237.52,237.9,2223
FSL,2026-05-07 11:21:00,237.9,237.9,237.61,237.74,9738
FSL,2026-05-07 11:22:00,237.87,237.87,237.66,237.75,4009
FSL,2026-05-07 11:23:00,237.75,237.85,237.75,237.85,2068
FSL,2026-05-07 11:24:00,237.85,237.85,237.75,237.83,3143
FSL,2026-05-07 11:25:00,237.8,237.8,237.5,237.59,12868
FSL,2026-05-07 11:26:00,237.59,237.68,237.59,237.62,545
FSL,2026-05-07 11:27:00,237.62,237.68,237.62,237.68,755
FSL,2026-05-07 11:28:00,237.67,237.68,236.76,236.76,35655
FSL,2026-05-07 11:29:00,237.22,237.48,237.22,237.47,12399
FSL,2026-05-07 11:30:00,237.47,237.47,237.25,237.37,9392
FSL,2026-05-07 11:31:00,237.5,237.5,237.36,237.49,3143
FSL,2026-05-07 11:32:00,237.54,237.62,237.45,237.62,1215
FSL,2026-05-07 11:33:00,237.62,237.62,237.45,237.5,5029
FSL,2026-05-07 11:34:00,237.5,237.7,237.5,237.62,2143
FSL,2026-05-07 11:35:00,237.62,237.65,237.51,237.51,2051
FSL,2026-05-07 11:36:00,237.51,237.51,237.23,237.23,1189
FSL,2026-05-07 11:37:00,237.23,237.35,237.13,237.14,5378
FSL,2026-05-07 11:38:00,237.14,237.28,237.14,237.2,1532
FSL,2026-05-07 11:39:00,237.2,237.27,237.18,237.27,2605
FSL,2026-05-07 11:40:00,237.18,237.27,237.18,237.27,477
FSL,2026-05-07 11:41:00,237.27,237.27,237.13,237.15,1620
FSL,2026-05-07 11:42:00,237.15,237.24,237.01,237.01,4693
FSL,2026-05-07 11:43:00,237.01,237.23,237.01,237.2,2018
FSL,2026-05-07 11:44:00,237.2,237.2,237.1,237.15,614
FSL,2026-05-07 11:45:00,237.13,237.2,236.55,237.06,18843
FSL,2026-05-07 11:46:00,237.08,237.37,237.08,237.34,4332
FSL,2026-05-07 11:47:00,237.34,237.34,237.03,237.1,18129
FSL,2026-05-07 11:48:00,237.1,237.14,237.0,237.12,1205
FSL,2026-05-07 11:49:00,237.12,237.25,237.1,237.16,2451
FSL,2026-05-07 11:50:00,237.16,237.2,237.01,237.09,1674
FSL,2026-05-07 11:51:00,237.05,237.28,236.98,237.28,14405
FSL,2026-05-07 11:52:00,237.28,237.37,237.12,237.26,2895
FSL,2026-05-07 11:53:00,237.26,237.33,237.24,237.32,517
FSL,2026-05-07 11:54:00,237.31,237.31,237.25,237.28,1118
FSL,2026-05-07 11:55:00,237.25,237.28,237.25,237.27,536
FSL,2026-05-07 11:56:00,237.27,237.27,237.05,237.19,8781
FSL,2026-05-07 11:57:00,237.19,237.19,237.0,237.1,3451
FSL,2026-05-07 11:58:00,237.1,237.35,237.1,237.35,3949
FSL,2026-05-07 11:59:00,237.26,237.34,237.26,237.27,850
FSL,2026-05-07 12:00:00,237.26,237.39,237.12,237.2,7115
FSL,2026-05-07 12:01:00,237.12,237.2,237.12,237.12,1693
FSL,2026-05-07 12:02:00,237.12,237.16,237.12,237.16,8
FSL,2026-05-07 12:03:00,237.16,237.16,237.12,237.12,3301
FSL,2026-05-07 12:04:00,237.12,237.12,237.0,237.09,6891
FSL,2026-05-07 12:05:00,237.09,237.09,236.88,236.94,3165
FSL,2026-05-07 12:06:00,236.94,236.94,236.83,236.85,1447
FSL,2026-05-07 12:07:00,236.8,236.85,236.71,236.75,1955
FSL,2026-05-07 12:08:00,236.83,236.83,236.57,236.65,3801
FSL,2026-05-07 12:09:00,236.65,236.9,236.57,236.9,7931
FSL,2026-05-07 12:10:00,236.9,237.13,236.9,237.13,9481
FSL,2026-05-07 12:11:00,237.13,237.33,237.1,237.12,9897
FSL,2026-05-07 12:12:00,237.12,237.3,237.12,237.17,2464
FSL,2026-05-07 12:13:00,237.17,237.3,237.02,237.05,1004
FSL,2026-05-07 12:14:00,237.05,237.14,237.0,237.01,2901
FSL,2026-05-07 12:15:00,237.16,237.42,237.1,237.42,6741
FSL,2026-05-07 12:16:00,237.3,237.41,237.21,237.3,952
FSL,2026-05-07 12:17:00,237.3,237.3,237.02,237.17,1145
FSL,2026-05-07 12:18:00,237.17,237.2,237.06,237.2,1761
FSL,2026-05-07 12:19:00,237.2,237.2,237.1,237.19,6542
FSL,2026-05-07 12:20:00,237.19,237.2,237.06,237.19,1227
FSL,2026-05-07 12:21:00,237.19,237.19,237.11,237.11,1620
FSL,2026-05-07 12:22:00,237.11,237.19,237.11,237.18,1248
FSL,2026-05-07 12:23:00,237.18,237.2,237.16,237.18,2055
FSL,2026-05-07 12:24:00,237.18,237.18,237.16,237.16,606
FSL,2026-05-07 12:25:00,237.16,237.29,237.16,237.29,3171
FSL,2026-05-07 12:26:00,237.29,237.31,237.21,237.31,890
FSL,2026-05-07 12:27:00,237.34,237.54,237.31,237.46,8201
FSL,2026-05-07 12:28:00,237.54,237.8,237.54,237.72,6041
FSL,2026-05-07 12:29:00,237.66,237.7,237.41,237.5,5618
FSL,2026-05-07 12:30:00,237.5,237.5,237.2,237.2,8147
FSL,2026-05-07 12:31:00,237.2,237.27,237.17,237.25,1687
FSL,2026-05-07 12:32:00,237.1,237.2,237.05,237.06,1961
FSL,2026-05-07 12:33:00,237.06,237.09,236.8,236.82,7259
FSL,2026-05-07 12:34:00,236.82,237.16,236.81,237.1,4661
FSL,2026-05-07 12:35:00,237.22,237.29,237.1,237.28,6656
FSL,2026-05-07 12:36:00,237.28,237.4,237.28,237.38,1482
FSL,2026-05-07 12:37:00,237.38,237.4,237.2,237.36,1849
FSL,2026-05-07 12:38:00,237.09,237.26,237.02,237.19,2956
FSL,2026-05-07 12:39:00,237.27,237.42,237.25,237.33,5047
FSL,2026-05-07 12:40:00,237.38,237.46,237.26,237.3,6336
FSL,2026-05-07 12:41:00,237.3,237.3,237.05,237.05,6221
FSL,2026-05-07 12:42:00,237.05,237.17,237.05,237.08,1105
FSL,2026-05-07 12:43:00,237.08,237.08,236.82,237.07,8064
FSL,2026-05-07 12:44:00,237.07,237.2,237.02,237.03,1839
FSL,2026-05-07 12:45:00,237.15,237.15,237.0,237.11,2085
FSL,2026-05-07 12:46:00,237.0,237.1,236.9,236.92,1993
FSL,2026-05-07 12:47:00,236.92,236.99,236.82,236.83,10939
FSL,2026-05-07 12:48:00,236.83,236.99,236.82,236.99,1810
FSL,2026-05-07 12:49:00,236.89,236.91,236.8,236.85,849
FSL,2026-05-07 12:50:00,236.87,236.89,236.85,236.85,2809
FSL,2026-05-07 12:51:00,236.85,236.92,236.75,236.75,2677
FSL,2026-05-07 12:52:00,236.82,236.86,236.61,236.84,3402
FSL,2026-05-07 12:53:00,236.86,236.99,236.79,236.97,6083
FSL,2026-05-07 12:54:00,236.88,237.02,236.79,236.82,3359
FSL,2026-05-07 12:55:00,236.8,237.24,236.8,237.2,6407
FSL,2026-05-07 12:56:00,237.17,237.17,236.8,236.89,2344
FSL,2026-05-07 12:57:00,236.89,237.0,236.5,236.61,14055
FSL,2026-05-07 12:58:00,236.61,236.7,236.5,236.66,3492
FSL,2026-05-07 12:59:00,236.66,236.66,236.51,236.55,6471
FSL,2026-05-07 13:00:00,236.55,236.84,236.53,236.82,3965
FSL,2026-05-07 13:01:00,236.82,236.82,236.68,236.8,2071
FSL,2026-05-07 13:02:00,236.8,236.84,236.61,236.64,4949
FSL,2026-05-07 13:03:00,236.64,236.75,236.52,236.52,3006
FSL,2026-05-07 13:04:00,236.53,236.7,236.53,236.7,1392
FSL,2026-05-07 13:05:00,236.7,236.78,236.68,236.73,865
FSL,2026-05-07 13:06:00,236.75,236.78,236.75,236.78,731
FSL,2026-05-07 13:07:00,236.78,236.78,236.65,236.7,3544
FSL,2026-05-07 13:08:00,236.65,236.72,236.6,236.65,2435
FSL,2026-05-07 13:09:00,236.65,236.66,236.65,236.66,2163
FSL,2026-05-07 13:10:00,236.65,236.65,236.5,236.52,2347
FSL,2026-05-07 13:11:00,236.52,236.59,236.5,236.59,2395
FSL,2026-05-07 13:12:00,236.5,236.72,236.5,236.64,3620
FSL,2026-05-07 13:13:00,236.64,236.74,236.62,236.69,1619
FSL,2026-05-07 13:14:00,236.82,237.21,236.82,236.9,8615
FSL,2026-05-07 13:15:00,236.9,236.9,236.72,236.85,1374
FSL,2026-05-07 13:16:00,236.85,236.9,236.56,236.79,3625
FSL,2026-05-07 13:17:00,236.79,236.84,236.7,236.79,1761
FSL,2026-05-07 13:18:00,236.7,236.76,236.52,236.52,3947
FSL,2026-05-07 13:19:00,236.4,236.48,236.37,236.46,5592
FSL,2026-05-07 13:20:00,236.47,236.59,236.47,236.59,4018
FSL,2026-05-07 13:21:00,236.59,236.59,236.5,236.5,5014
FSL,2026-05-07 13:22:00,236.5,236.59,236.4,236.4,2582
FSL,2026-05-07 13:23:00,236.4,236.55,236.12,236.42,7878
FSL,2026-05-07 13:24:00,236.42,236.42,236.29,236.31,5758
FSL,2026-05-07 13:25:00,236.42,237.46,236.42,237.31,33088
FSL,2026-05-07 13:26:00,237.29,237.51,237.14,237.4,16550
FSL,2026-05-07 13:27:00,237.4,237.4,237.19,237.19,7591
FSL,2026-05-07 13:28:00,237.19,237.34,237.02,237.23,5866
FSL,2026-05-07 13:29:00,237.23,237.35,237.16,237.21,4119
FSL,2026-05-07 13:30:00,237.21,237.21,237.1,237.1,1451
FSL,2026-05-07 13:31:00,237.1,237.2,237.02,237.12,2360
FSL,2026-05-07 13:32:00,237.12,237.48,237.0,237.48,7141
FSL,2026-05-07 13:33:00,237.41,237.47,237.1,237.18,11718
FSL,2026-05-07 13:34:00,237.18,237.31,237.18,237.2,286
FSL,2026-05-07 13:35:00,237.2,237.2,237.0,237.12,1507
FSL,2026-05-07 13:36:00,237.12,237.13,237.05,237.13,406
FSL,2026-05-07 13:37:00,237.13,237.34,237.13,237.34,3576
FSL,2026-05-07 13:38:00,237.34,237.34,237.1,237.1,4596
FSL,2026-05-07 13:39:00,237.1,237.19,237.06,237.15,1998
FSL,2026-05-07 13:40:00,237.15,237.25,237.12,237.12,1222
FSL,2026-05-07 13:41:00,237.12,237.31,237.12,237.19,2811
FSL,2026-05-07 13:42:00,237.2,237.27,237.2,237.27,3619
FSL,2026-05-07 13:43:00,237.35,237.35,237.31,237.34,1494
FSL,2026-05-07 13:44:00,237.35,237.42,237.27,237.27,1777
FSL,2026-05-07 13:45:00,237.25,237.35,237.25,237.3,1973
FSL,2026-05-07 13:46:00,237.27,237.3,237.25,237.25,887
FSL,2026-05-07 13:47:00,237.25,237.3,237.19,237.19,2034
FSL,2026-05-07 13:48:00,237.25,237.25,237.19,237.19,345
FSL,2026-05-07 13:49:00,237.19,237.2,237.12,237.14,1620
FSL,2026-05-07 13:50:00,237.14,237.14,237.12,237.14,1684
FSL,2026-05-07 13:51:00,237.12,237.13,237.05,237.05,1030
FSL,2026-05-07 13:52:00,237.1,237.91,237.1,237.85,81277
FSL,2026-05-07 13:53:00,237.85,238.25,237.5,237.78,17274
FSL,2026-05-07 13:54:00,237.78,237.78,237.41,237.64,17759
FSL,2026-05-07 13:55:00,237.64,237.64,237.28,237.28,1563
FSL,2026-05-07 13:56:00,237.28,237.46,237.28,237.44,9171
FSL,2026-05-07 13:57:00,237.44,237.44,237.29,237.43,798
FSL,2026-05-07 13:58:00,237.43,237.43,237.39,237.4,1260
FSL,2026-05-07 13:59:00,237.4,237.44,237.4,237.44,4530
FSL,2026-05-07 14:00:00,237.39,237.39,237.18,237.3,2598
FSL,2026-05-07 14:01:00,237.3,237.43,237.3,237.37,1291
FSL,2026-05-07 14:02:00,237.37,237.37,237.2,237.22,1144
FSL,2026-05-07 14:03:00,237.22,237.22,237.11,237.12,3049
FSL,2026-05-07 14:04:00,237.12,237.19,237.0,237.19,2495
FSL,2026-05-07 14:05:00,237.19,237.19,237.11,237.16,5005
FSL,2026-05-07 14:06:00,237.16,237.16,237.15,237.16,689
FSL,2026-05-07 14:07:00,237.16,237.16,237.11,237.14,1440
FSL,2026-05-07 14:08:00,237.14,237.41,237.11,237.31,16525
FSL,2026-05-07 14:09:00,237.3,237.32,237.16,237.32,1848
FSL,2026-05-07 14:10:00,237.26,237.32,237.26,237.32,676
FSL,2026-05-07 14:11:00,237.32,237.32,237.27,237.32,435
FSL,2026-05-07 14:12:00,237.32,237.32,237.26,237.3,2262
FSL,2026-05-07 14:13:00,237.3,237.32,237.3,237.32,713
FSL,2026-05-07 14:14:00,237.32,237.33,237.32,237.33,907
FSL,2026-05-07 14:15:00,237.33,237.33,237.32,237.32,344
FSL,2026-05-07 14:16:00,237.33,237.33,237.26,237.32,1143
FSL,2026-05-07 14:17:00,237.32,237.38,237.15,237.38,3967
FSL,2026-05-07 14:18:00,237.38,237.38,237.26,237.31,1543
FSL,2026-05-07 14:19:00,237.31,237.31,237.16,237.23,3704
FSL,2026-05-07 14:20:00,237.24,237.24,237.09,237.2,1021
FSL,2026-05-07 14:21:00,237.15,237.15,237.0,237.14,1439
FSL,2026-05-07 14:22:00,237.06,237.06,237.01,237.06,716
FSL,2026-05-07 14:23:00,237.06,237.14,237.06,237.09,1665
FSL,2026-05-07 14:24:00,237.09,237.43,237.01,237.43,21305
FSL,2026-05-07 14:25:00,237.44,237.44,237.31,237.42,796
FSL,2026-05-07 14:26:00,237.42,237.42,237.33,237.33,389
FSL,2026-05-07 14:27:00,237.33,237.33,237.15,237.32,1495
FSL,2026-05-07 14:28:00,237.32,237.32,237.25,237.25,2908
FSL,2026-05-07 14:29:00,237.31,237.31,237.25,237.31,856
FSL,2026-05-07 14:30:00,237.31,237.57,237.2,237.4,18673
FSL,2026-05-07 14:31:00,237.4,237.4,237.32,237.4,995
FSL,2026-05-07 14:32:00,237.4,237.4,237.34,237.35,627
FSL,2026-05-07 14:33:00,237.35,237.59,237.31,237.5,5792
FSL,2026-05-07 14:34:00,237.5,237.55,237.4,237.4,2789
FSL,2026-05-07 14:35:00,237.41,237.41,237.25,237.29,4834
FSL,2026-05-07 14:36:00,237.28,237.28,237.25,237.28,1807
FSL,2026-05-07 14:37:00,237.27,237.47,237.27,237.45,2988
FSL,2026-05-07 14:38:00,237.45,237.45,237.2,237.25,9289
FSL,2026-05-07 14:39:00,237.25,237.25,237.09,237.2,1391
FSL,2026-05-07 14:40:00,237.18,237.18,237.04,237.15,3739
FSL,2026-05-07 14:41:00,237.15,237.46,237.15,237.4,6613
FSL,2026-05-07 14:42:00,237.4,237.69,237.34,237.69,12537
FSL,2026-05-07 14:43:00,237.69,237.69,237.45,237.61,2157
FSL,2026-05-07 14:44:00,237.93,238.6,237.89,238.59,65664
FSL,2026-05-07 14:45:00,238.7,238.8,238.09,238.16,32610
FSL,2026-05-07 14:46:00,238.16,238.16,237.66,237.68,30003
FSL,2026-05-07 14:47:00,237.46,237.67,236.52,236.77,24798
FSL,2026-05-07 14:48:00,236.77,236.83,236.5,236.64,47785
FSL,2026-05-07 14:49:00,236.64,236.66,236.0,236.28,35498
FSL,2026-05-07 14:50:00,236.28,236.38,236.01,236.11,28061
FSL,2026-05-07 14:51:00,236.11,236.19,236.0,236.15,20784
FSL,2026-05-07 14:52:00,236.15,236.27,236.0,236.27,19563
FSL,2026-05-07 14:53:00,236.07,236.33,236.0,236.31,15322
FSL,2026-05-07 14:54:00,236.37,236.68,236.03,236.4,38565
FSL,2026-05-07 14:55:00,236.51,236.51,236.1,236.27,17220
FSL,2026-05-07 14:56:00,236.29,236.35,236.1,236.24,19441
FSL,2026-05-07 14:57:00,236.1,236.32,236.1,236.1,14676
FSL,2026-05-07 14:58:00,236.28,236.35,236.0,236.01,22117
FSL,2026-05-07 14:59:00,236.04,236.25,235.74,235.91,38073
FSL,2026-05-07 15:00:00,235.91,236.11,235.8,235.94,22698
FSL,2026-05-07 15:01:00,235.89,236.06,235.8,235.9,17337
FSL,2026-05-07 15:02:00,235.93,235.95,235.12,235.47,40453
FSL,2026-05-07 15:03:00,235.55,235.55,234.75,235.07,71659
FSL,2026-05-07 15:04:00,235.08,235.16,234.57,234.85,40367
FSL,2026-05-07 15:05:00,234.87,235.13,234.65,234.79,49710
FSL,2026-05-07 15:06:00,234.8,234.8,234.7,234.79,16337
FSL,2026-05-07 15:07:00,234.7,234.7,234.25,234.28,35930
FSL,2026-05-07 15:08:00,234.25,234.84,234.25,234.84,37973
FSL,2026-05-07 15:09:00,234.71,234.99,234.54,234.72,28172
FSL,2026-05-07 15:10:00,234.72,235.69,234.72,235.5,54953
FSL,2026-05-07 15:11:00,235.31,235.62,235.31,235.43,30040
FSL,2026-05-07 15:12:00,235.33,235.8,235.3,235.53,45845
FSL,2026-05-07 15:13:00,235.5,235.89,235.45,235.55,23740
FSL,2026-05-07 15:14:00,235.48,235.71,235.37,235.39,26203
FSL,2026-05-07 15:15:00,235.55,235.69,235.24,235.42,43996
FSL,2026-05-07 15:16:00,235.42,235.56,234.92,235.14,52106
FSL,2026-05-07 15:17:00,235.33,235.42,234.8,234.95,30363
FSL,2026-05-07 15:18:00,234.76,235.01,234.34,234.64,55846
FSL,2026-05-07 15:19:00,234.64,235.11,234.4,235.03,60743
FSL,2026-05-07 15:20:00,235.18,235.52,234.72,235.52,64054
FSL,2026-05-07 15:21:00,235.42,235.72,235.12,235.44,49675
FSL,2026-05-07 15:22:00,235.57,235.65,235.28,235.35,24209
FSL,2026-05-07 15:23:00,235.35,235.6,235.07,235.35,26755
FSL,2026-05-07 15:24:00,235.42,235.59,234.68,234.96,65989
FSL,2026-05-07 15:25:00,235.0,235.47,234.86,235.26,74359
FSL,2026-05-07 15:26:00,235.26,235.44,234.99,235.25,33023
FSL,2026-05-07 15:27:00,235.22,235.7,235.2,235.4,78622
FSL,2026-05-07 15:28:00,235.4,235.99,235.3,235.96,45190
FSL,2026-05-07 15:29:00,235.45,235.99,235.3,235.9,19450
FSL,2026-05-08 09:15:00,235.18,236.31,234.01,235.0,38494
FSL,2026-05-08 09:16:00,234.7,235.84,234.54,235.5,17164
FSL,2026-05-08 09:17:00,235.47,238.79,235.47,238.79,59048
FSL,2026-05-08 09:18:00,238.47,239.94,238.23,239.94,43263
FSL,2026-05-08 09:19:00,239.93,242.0,239.63,240.51,95436
FSL,2026-05-08 09:20:00,240.51,242.4,240.2,242.4,79193
FSL,2026-05-08 09:21:00,241.52,243.87,241.39,242.54,162442
FSL,2026-05-08 09:22:00,243.28,246.0,243.28,245.88,219727
FSL,2026-05-08 09:23:00,246.24,248.33,245.18,247.79,367981
FSL,2026-05-08 09:24:00,247.75,249.8,246.22,249.23,297771
FSL,2026-05-08 09:25:00,249.46,249.9,247.94,249.5,341912
FSL,2026-05-08 09:26:00,249.47,251.9,249.47,251.43,467707
FSL,2026-05-08 09:27:00,251.35,251.95,249.45,249.45,369586
FSL,2026-05-08 09:28:00,249.41,249.7,247.48,248.0,278597
FSL,2026-05-08 09:29:00,248.0,248.61,247.26,247.94,149646
FSL,2026-05-08 09:30:00,247.89,247.93,246.55,246.95,236704
FSL,2026-05-08 09:31:00,246.9,250.59,246.7,250.39,235505
FSL,2026-05-08 09:32:00,250.53,251.05,249.04,249.72,261402
FSL,2026-05-08 09:33:00,249.64,254.0,249.64,253.25,689744
FSL,2026-05-08 09:34:00,253.1,253.25,251.47,251.8,316568
FSL,2026-05-08 09:35:00,251.62,251.79,250.05,250.05,236821
FSL,2026-05-08 09:36:00,249.36,250.54,249.26,249.75,235918
FSL,2026-05-08 09:37:00,249.84,250.5,249.55,250.5,115670
FSL,2026-05-08 09:38:00,250.75,251.2,250.16,250.16,118677
FSL,2026-05-08 09:39:00,250.16,250.66,247.42,248.19,224244
FSL,2026-05-08 09:40:00,248.35,249.24,247.84,248.0,116114
FSL,2026-05-08 09:41:00,248.0,249.13,248.0,248.34,111945
FSL,2026-05-08 09:42:00,248.32,248.5,247.6,247.99,132188
FSL,2026-05-08 09:43:00,248.0,248.64,247.81,248.27,58173
FSL,2026-05-08 09:44:00,248.27,248.42,248.0,248.2,34642
FSL,2026-05-08 09:45:00,248.3,248.3,246.47,247.0,198313
FSL,2026-05-08 09:46:00,247.13,247.65,246.51,247.65,108423
FSL,2026-05-08 09:47:00,247.8,247.87,246.98,247.41,52407
FSL,2026-05-08 09:48:00,247.5,247.64,246.74,247.04,39000
FSL,2026-05-08 09:49:00,246.96,247.5,246.96,247.24,25409
FSL,2026-05-08 09:50:00,247.21,247.66,247.06,247.29,44329
FSL,2026-05-08 09:51:00,247.29,247.5,247.0,247.3,39995
FSL,2026-05-08 09:52:00,247.3,247.74,247.1,247.38,56710
FSL,2026-05-08 09:53:00,247.3,247.5,247.08,247.08,29378
FSL,2026-05-08 09:54:00,247.08,247.39,247.0,247.31,42470
FSL,2026-05-08 09:55:00,247.31,247.45,246.94,247.11,40408
FSL,2026-05-08 09:56:00,247.11,247.36,246.64,247.17,59599
FSL,2026-05-08 09:57:00,247.13,251.92,247.13,251.22,306280
FSL,2026-05-08 09:58:00,249.55,251.0,249.55,250.52,126850
FSL,2026-05-08 09:59:00,250.52,251.49,250.32,251.01,191672
FSL,2026-05-08 10:00:00,250.86,250.86,250.02,250.21,69031
FSL,2026-05-08 10:01:00,250.17,251.34,250.15,251.1,123826
FSL,2026-05-08 10:02:00,251.1,253.32,251.03,253.32,310452
FSL,2026-05-08 10:03:00,253.14,253.76,252.6,252.67,192376
FSL,2026-05-08 10:04:00,252.57,252.57,251.75,252.1,96062
FSL,2026-05-08 10:05:00,251.9,252.41,251.71,252.21,118774
FSL,2026-05-08 10:06:00,252.4,253.33,251.92,253.06,210301
FSL,2026-05-08 10:07:00,253.0,253.2,250.62,252.24,186635
FSL,2026-05-08 10:08:00,252.24,253.2,252.14,252.57,104146
FSL,2026-05-08 10:09:00,252.57,253.2,252.35,252.99,93651
FSL,2026-05-08 10:10:00,252.88,254.67,252.88,253.85,381937
FSL,2026-05-08 10:11:00,253.94,254.48,253.79,254.17,156785
FSL,2026-05-08 10:12:00,254.0,254.9,254.0,254.71,238639
FSL,2026-05-08 10:13:00,254.64,256.0,254.51,255.96,415277
FSL,2026-05-08 10:14:00,255.92,256.89,255.76,256.35,519279
FSL,2026-05-08 10:15:00,256.3,258.2,256.1,258.2,670523
FSL,2026-05-08 10:16:00,258.06,258.4,256.39,256.82,564317
FSL,2026-05-08 10:17:00,257.11,259.95,257.0,259.74,626785
FSL,2026-05-08 10:18:00,259.7,261.8,259.58,260.78,1053839
FSL,2026-05-08 10:19:00,260.77,261.0,259.73,260.94,579590
FSL,2026-05-08 10:20:00,260.68,261.27,260.25,261.2,453982
FSL,2026-05-08 10:21:00,261.3,262.0,261.05,261.4,564468
FSL,2026-05-08 10:22:00,261.33,263.0,261.14,261.92,744456
FSL,2026-05-08 10:23:00,261.92,261.99,259.25,259.71,540191
FSL,2026-05-08 10:24:00,259.69,262.5,259.69,262.5,449530
FSL,2026-05-08 10:25:00,262.38,262.38,259.7,259.7,567049
FSL,2026-05-08 10:26:00,259.89,260.98,259.81,260.35,212227
FSL,2026-05-08 10:27:00,260.48,260.6,259.6,260.45,215730
FSL,2026-05-08 10:28:00,260.45,261.6,260.33,261.6,204330
FSL,2026-05-08 10:29:00,261.6,261.76,261.17,261.57,188868
FSL,2026-05-08 10:30:00,261.58,261.65,260.64,261.35,212382
FSL,2026-05-08 10:31:00,261.37,262.5,260.07,261.46,552619
FSL,2026-05-08 10:32:00,261.69,263.59,261.69,263.03,647947
FSL,2026-05-08 10:33:00,262.87,264.0,262.4,263.7,722357
FSL,2026-05-08 10:34:00,263.94,264.0,263.3,263.54,419203
FSL,2026-05-08 10:35:00,263.61,264.0,263.44,263.64,349459
FSL,2026-05-08 10:36:00,263.67,263.67,260.76,261.25,749817
FSL,2026-05-08 10:37:00,261.29,261.74,260.55,260.7,370078
FSL,2026-05-08 10:38:00,260.77,261.3,260.5,260.94,266039
FSL,2026-05-08 10:39:00,261.04,261.04,257.64,258.53,1144213
FSL,2026-05-08 10:40:00,258.62,258.74,257.74,258.45,497736
FSL,2026-05-08 10:41:00,258.44,260.31,258.15,260.22,430679
FSL,2026-05-08 10:42:00,260.27,261.0,259.9,260.28,398722
FSL,2026-05-08 10:43:00,260.3,260.5,260.01,260.2,132654
FSL,2026-05-08 10:44:00,260.8,260.81,260.0,260.05,140122
FSL,2026-05-08 10:45:00,260.2,261.5,259.8,260.58,299787
FSL,2026-05-08 10:46:00,260.71,262.23,260.71,261.89,322052
FSL,2026-05-08 10:47:00,261.99,262.0,261.02,261.55,192962
FSL,2026-05-08 10:48:00,261.41,261.5,260.15,260.4,249477
FSL,2026-05-08 10:49:00,260.35,260.4,259.83,260.09,207348
FSL,2026-05-08 10:50:00,260.09,260.65,259.71,259.8,188600
FSL,2026-05-08 10:51:00,259.72,260.16,259.26,259.89,162217
FSL,2026-05-08 10:52:00,259.95,260.87,259.82,260.54,128438
FSL,2026-05-08 10:53:00,260.37,260.52,260.0,260.34,77367
FSL,2026-05-08 10:54:00,260.18,260.4,260.05,260.2,48040
FSL,2026-05-08 10:55:00,260.2,260.9,260.2,260.53,113136
FSL,2026-05-08 10:56:00,260.52,260.68,259.85,260.54,94607
FSL,2026-05-08 10:57:00,260.36,260.95,260.11,260.88,103581
FSL,2026-05-08 10:58:00,260.95,261.69,260.61,261.63,240830
FSL,2026-05-08 10:59:00,261.67,262.41,261.44,261.89,431653
FSL,2026-05-08 11:00:00,262.29,262.7,261.77,262.59,323421
FSL,2026-05-08 11:01:00,262.59,262.63,261.14,261.3,261167
FSL,2026-05-08 11:02:00,261.21,261.42,260.2,260.6,293001
FSL,2026-05-08 11:03:00,260.5,260.99,260.09,260.57,238627
FSL,2026-05-08 11:04:00,260.56,261.2,259.63,259.63,225807
FSL,2026-05-08 11:05:00,259.5,260.37,259.5,259.82,143559
FSL,2026-05-08 11:06:00,259.83,260.0,259.62,259.8,102592
FSL,2026-05-08 11:07:00,259.8,260.92,259.75,260.63,244702
FSL,2026-05-08 11:08:00,260.7,260.86,260.26,260.37,135680
FSL,2026-05-08 11:09:00,260.25,260.47,260.1,260.11,77097
FSL,2026-05-08 11:10:00,260.1,260.35,260.1,260.22,53335
FSL,2026-05-08 11:11:00,260.2,260.3,259.7,259.8,172897
FSL,2026-05-08 11:12:00,259.8,260.95,259.75,260.71,143828
FSL,2026-05-08 11:13:00,260.8,261.31,260.52,260.81,169724
FSL,2026-05-08 11:14:00,260.97,261.0,260.4,260.85,68500
FSL,2026-05-08 11:15:00,260.85,261.95,260.7,261.75,294414
FSL,2026-05-08 11:16:00,261.64,262.48,261.24,261.81,344775
FSL,2026-05-08 11:17:00,261.84,262.25,261.51,261.8,154851
FSL,2026-05-08 11:18:00,261.78,262.0,261.5,261.61,111590
FSL,2026-05-08 11:19:00,261.7,261.99,261.5,261.9,71667
FSL,2026-05-08 11:20:00,261.79,262.9,261.79,262.5,424789
FSL,2026-05-08 11:21:00,262.65,262.7,262.25,262.4,120198
FSL,2026-05-08 11:22:00,262.43,264.8,262.31,264.8,914833
FSL,2026-05-08 11:23:00,264.56,266.6,264.56,266.0,1244527
FSL,2026-05-08 11:24:00,266.13,267.9,266.02,267.43,917803
FSL,2026-05-08 11:25:00,267.55,267.55,266.11,266.15,604970
FSL,2026-05-08 11:26:00,266.25,266.38,265.44,266.16,577948
FSL,2026-05-08 11:27:00,266.16,266.8,266.1,266.13,303795
FSL,2026-05-08 11:28:00,266.3,269.0,266.19,268.28,796127
FSL,2026-05-08 11:29:00,268.45,268.7,267.67,268.32,610868
FSL,2026-05-08 11:30:00,268.53,268.53,267.34,267.79,514577
FSL,2026-05-08 11:31:00,267.7,269.75,267.61,269.25,854098
FSL,2026-05-08 11:32:00,269.06,269.8,269.06,269.56,505785
FSL,2026-05-08 11:33:00,269.63,271.75,269.62,271.26,1259341
FSL,2026-05-08 11:34:00,271.38,271.49,268.8,269.33,1124908
FSL,2026-05-08 11:35:00,269.39,270.5,268.44,270.46,646180
FSL,2026-05-08 11:36:00,270.38,270.5,269.34,269.5,368833
FSL,2026-05-08 11:37:00,269.5,269.5,268.75,269.15,355541
FSL,2026-05-08 11:38:00,269.1,269.59,268.8,269.2,309082
FSL,2026-05-08 11:39:00,269.17,269.2,268.02,268.43,482890
FSL,2026-05-08 11:40:00,268.42,268.47,267.38,268.3,459798
FSL,2026-05-08 11:41:00,268.16,268.97,268.08,268.97,176861
FSL,2026-05-08 11:42:00,268.9,272.0,268.71,270.79,1124675
FSL,2026-05-08 11:43:00,270.8,271.5,270.59,271.22,578515
FSL,2026-05-08 11:44:00,271.24,271.27,269.58,269.58,514679
FSL,2026-05-08 11:45:00,269.74,269.82,268.86,269.22,338558
FSL,2026-05-08 11:46:00,269.4,269.49,269.1,269.4,180044
FSL,2026-05-08 11:47:00,269.36,269.83,268.81,268.91,356927
FSL,2026-05-08 11:48:00,268.93,269.7,268.86,269.6,102567
FSL,2026-05-08 11:49:00,269.74,270.5,269.06,269.16,363004
FSL,2026-05-08 11:50:00,269.26,269.9,268.77,269.82,265240
FSL,2026-05-08 11:51:00,269.84,270.0,269.54,269.8,144316
FSL,2026-05-08 11:52:00,269.6,270.3,269.6,270.2,164079
FSL,2026-05-08 11:53:00,270.2,270.5,269.6,270.47,239988
FSL,2026-05-08 11:54:00,270.39,270.92,270.1,270.69,279280
FSL,2026-05-08 11:55:00,270.69,271.26,269.56,269.56,555090
FSL,2026-05-08 11:56:00,269.71,275.0,269.51,273.79,1945919
FSL,2026-05-08 11:57:00,274.0,278.22,273.77,275.9,2484893
FSL,2026-05-08 11:58:00,276.26,276.44,271.35,272.9,1186031
FSL,2026-05-08 11:59:00,272.67,274.25,272.4,273.61,383743
FSL,2026-05-08 12:00:00,273.97,274.34,272.42,272.6,414536
FSL,2026-05-08 12:01:00,272.87,273.48,272.15,272.29,281333
FSL,2026-05-08 12:02:00,272.29,272.9,271.59,271.75,311301
FSL,2026-05-08 12:03:00,271.77,272.44,271.45,272.08,250991
FSL,2026-05-08 12:04:00,272.1,273.19,272.0,272.9,188593
FSL,2026-05-08 12:05:00,272.9,274.09,272.3,273.55,266174
FSL,2026-05-08 12:06:00,273.54,274.09,273.3,274.0,204265
FSL,2026-05-08 12:07:00,274.0,274.0,273.28,273.3,114603
FSL,2026-05-08 12:08:00,273.5,273.93,273.26,273.62,81788
FSL,2026-05-08 12:09:00,273.6,274.38,273.59,273.68,167018
FSL,2026-05-08 12:10:00,273.8,273.8,273.24,273.35,100671
FSL,2026-05-08 12:11:00,273.35,274.0,273.0,273.62,142418
FSL,2026-05-08 12:12:00,273.58,273.99,273.58,273.84,45415
FSL,2026-05-08 12:13:00,273.71,273.9,273.0,273.21,89707
FSL,2026-05-08 12:14:00,273.21,273.63,273.0,273.21,108774
FSL,2026-05-08 12:15:00,273.21,273.44,272.93,273.4,75142
FSL,2026-05-08 12:16:00,273.3,273.79,273.05,273.71,120840
FSL,2026-05-08 12:17:00,273.71,274.57,273.3,274.34,227251
FSL,2026-05-08 12:18:00,274.69,275.59,274.0,274.36,320449
FSL,2026-05-08 12:19:00,274.38,275.0,274.31,275.0,128327
FSL,2026-05-08 12:20:00,274.93,275.69,274.76,275.5,317905
FSL,2026-05-08 12:21:00,275.31,275.51,274.75,274.78,186596
FSL,2026-05-08 12:22:00,274.78,274.9,274.5,274.89,107806
FSL,2026-05-08 12:23:00,274.83,274.89,273.86,274.53,151969
FSL,2026-05-08 12:24:00,274.69,274.8,274.55,274.55,45123
FSL,2026-05-08 12:25:00,274.55,274.56,273.61,273.9,252038
FSL,2026-05-08 12:26:00,273.9,274.2,273.52,274.2,95411
FSL,2026-05-08 12:27:00,274.18,274.75,274.04,274.75,161830
FSL,2026-05-08 12:28:00,274.75,274.75,273.7,273.9,94776
FSL,2026-05-08 12:29:00,273.99,274.45,273.78,274.44,75575
FSL,2026-05-08 12:30:00,274.4,275.2,274.15,274.85,130204
FSL,2026-05-08 12:31:00,274.79,274.85,274.4,274.8,40163
FSL,2026-05-08 12:32:00,274.8,274.8,274.2,274.39,55155
FSL,2026-05-08 12:33:00,274.2,274.55,274.0,274.23,122830
FSL,2026-05-08 12:34:00,274.23,275.22,274.23,274.77,127977
FSL,2026-05-08 12:35:00,274.78,274.9,274.6,274.67,37727
FSL,2026-05-08 12:36:00,274.65,274.75,274.28,274.4,35996
FSL,2026-05-08 12:37:00,274.42,275.23,274.34,275.1,163497
FSL,2026-05-08 12:38:00,275.1,275.69,274.91,275.32,169074
FSL,2026-05-08 12:39:00,275.43,275.43,275.0,275.2,52619
FSL,2026-05-08 12:40:00,275.2,275.2,275.0,275.1,65582
FSL,2026-05-08 12:41:00,275.1,275.2,274.97,275.1,69773
FSL,2026-05-08 12:42:00,274.97,275.3,274.54,274.78,117274
FSL,2026-05-08 12:43:00,274.79,274.79,273.26,274.08,338717
FSL,2026-05-08 12:44:00,273.9,274.38,273.71,274.0,105910
FSL,2026-05-08 12:45:00,273.95,274.0,273.14,273.92,245377
FSL,2026-05-08 12:46:00,273.87,274.15,273.4,273.7,96851
FSL,2026-05-08 12:47:00,273.56,274.1,273.21,273.92,99324
FSL,2026-05-08 12:48:00,273.92,274.79,273.46,274.76,147639
FSL,2026-05-08 12:49:00,274.79,274.79,274.0,274.01,48501
FSL,2026-05-08 12:50:00,274.01,274.23,274.0,274.05,28828
FSL,2026-05-08 12:51:00,274.0,274.28,273.6,274.28,56351
FSL,2026-05-08 12:52:00,274.28,274.79,273.9,274.75,78547
FSL,2026-05-08 12:53:00,274.79,275.3,274.5,275.19,120250
FSL,2026-05-08 12:54:00,275.3,275.67,275.0,275.03,122792
FSL,2026-05-08 12:55:00,275.14,275.14,274.61,274.86,79020
FSL,2026-05-08 12:56:00,274.86,274.86,274.58,274.74,24801
FSL,2026-05-08 12:57:00,274.74,275.0,274.58,274.71,54030
FSL,2026-05-08 12:58:00,274.6,274.85,274.2,274.46,57954
FSL,2026-05-08 12:59:00,274.39,274.83,274.18,274.52,41770
FSL,2026-05-08 13:00:00,274.34,274.7,274.3,274.4,41177
FSL,2026-05-08 13:01:00,274.31,274.4,274.0,274.07,60293
FSL,2026-05-08 13:02:00,274.01,274.2,273.9,274.05,45760
FSL,2026-05-08 13:03:00,274.05,274.39,274.0,274.39,47030
FSL,2026-05-08 13:04:00,274.33,274.5,274.18,274.3,24956
FSL,2026-05-08 13:05:00,274.3,274.48,274.13,274.32,52432
FSL,2026-05-08 13:06:00,274.2,274.55,274.18,274.5,42277
FSL,2026-05-08 13:07:00,274.54,274.85,274.0,274.2,71663
FSL,2026-05-08 13:08:00,274.2,274.28,274.01,274.23,24916
FSL,2026-05-08 13:09:00,274.23,274.25,273.6,273.92,58947
FSL,2026-05-08 13:10:00,273.92,274.67,273.91,274.43,74044
FSL,2026-05-08 13:11:00,274.63,274.82,274.42,274.69,47166
FSL,2026-05-08 13:12:00,274.69,274.8,274.5,274.6,20145
FSL,2026-05-08 13:13:00,274.6,274.75,274.16,274.26,34058
FSL,2026-05-08 13:14:00,274.3,274.47,273.94,274.15,52148
FSL,2026-05-08 13:15:00,274.18,274.4,274.14,274.27,15247
FSL,2026-05-08 13:16:00,274.27,274.4,274.21,274.39,34441
FSL,2026-05-08 13:17:00,274.5,274.69,274.2,274.22,25095
FSL,2026-05-08 13:18:00,274.22,274.29,274.02,274.2,19166
FSL,2026-05-08 13:19:00,274.06,274.3,274.06,274.11,31730
FSL,2026-05-08 13:20:00,274.19,274.65,274.03,274.63,40505
FSL,2026-05-08 13:21:00,274.63,274.63,274.4,274.55,20824
FSL,2026-05-08 13:22:00,274.55,274.69,274.41,274.67,20886
FSL,2026-05-08 13:23:00,274.5,274.65,273.81,274.05,66837
FSL,2026-05-08 13:24:00,273.8,275.7,273.8,274.41,342506
FSL,2026-05-08 13:25:00,274.47,274.47,271.2,273.31,445107
FSL,2026-05-08 13:26:00,273.31,273.5,272.69,273.2,136660
FSL,2026-05-08 13:27:00,273.2,273.47,273.07,273.47,60904
FSL,2026-05-08 13:28:00,273.47,274.32,273.35,274.23,99055
FSL,2026-05-08 13:29:00,274.23,274.3,274.02,274.15,24727
FSL,2026-05-08 13:30:00,274.06,274.33,274.02,274.18,46922
FSL,2026-05-08 13:31:00,274.18,275.59,274.16,275.35,212817
FSL,2026-05-08 13:32:00,275.16,275.33,274.68,274.8,72551
FSL,2026-05-08 13:33:00,274.8,275.29,274.74,275.1,65102
FSL,2026-05-08 13:34:00,275.1,276.5,275.0,276.08,313801
FSL,2026-05-08 13:35:00,276.45,276.45,274.61,275.18,187448
FSL,2026-05-08 13:36:00,275.18,275.3,274.61,274.85,67656
FSL,2026-05-08 13:37:00,274.7,274.85,274.5,274.7,56563
FSL,2026-05-08 13:38:00,274.82,275.0,274.5,274.51,59592
FSL,2026-05-08 13:39:00,274.69,274.8,274.51,274.79,31355
FSL,2026-05-08 13:40:00,274.79,274.8,274.56,274.58,16306
FSL,2026-05-08 13:41:00,274.6,274.65,274.25,274.55,58982
FSL,2026-05-08 13:42:00,274.55,275.07,274.4,274.96,43015
FSL,2026-05-08 13:43:00,275.07,275.19,274.66,274.9,89581
FSL,2026-05-08 13:44:00,274.9,275.23,274.9,275.2,60221
FSL,2026-05-08 13:45:00,275.2,276.35,275.2,276.03,238729
FSL,2026-05-08 13:46:00,275.89,275.98,275.4,275.94,104304
FSL,2026-05-08 13:47:00,275.94,275.98,274.87,274.87,178775
FSL,2026-05-08 13:48:00,274.87,275.28,274.75,275.1,63357
FSL,2026-05-08 13:49:00,275.1,275.37,274.97,275.35,40222
FSL,2026-05-08 13:50:00,275.35,275.37,274.71,274.82,87220
FSL,2026-05-08 13:51:00,274.67,275.75,274.63,275.7,88665
FSL,2026-05-08 13:52:00,275.54,275.78,275.51,275.57,56959
FSL,2026-05-08 13:53:00,275.57,275.6,275.08,275.12,31568
FSL,2026-05-08 13:54:00,275.17,275.24,275.0,275.14,24937
FSL,2026-05-08 13:55:00,275.14,275.4,274.96,275.02,52680
FSL,2026-05-08 13:56:00,275.02,275.4,274.7,274.9,42887
FSL,2026-05-08 13:57:00,274.8,274.99,274.6,274.66,57545
FSL,2026-05-08 13:58:00,274.6,274.99,274.6,274.61,48331
FSL,2026-05-08 13:59:00,274.61,274.83,274.26,274.77,82665
FSL,2026-05-08 14:00:00,274.61,274.78,274.59,274.67,22292
FSL,2026-05-08 14:01:00,274.62,274.62,273.7,274.14,145282
FSL,2026-05-08 14:02:00,274.35,274.6,274.25,274.4,53659
FSL,2026-05-08 14:03:00,274.4,274.83,274.4,274.55,41056
FSL,2026-05-08 14:04:00,274.57,275.35,274.4,274.4,75929
FSL,2026-05-08 14:05:00,274.4,274.9,274.2,274.6,43600
FSL,2026-05-08 14:06:00,274.84,274.89,274.5,274.53,16497
FSL,2026-05-08 14:07:00,274.53,274.9,274.5,274.8,37062
FSL,2026-05-08 14:08:00,274.84,275.21,274.8,275.01,47631
FSL,2026-05-08 14:09:00,275.0,275.14,274.52,274.8,31767
FSL,2026-05-08 14:10:00,274.93,274.99,274.75,274.9,16801
FSL,2026-05-08 14:11:00,274.9,274.99,274.44,274.56,39071
FSL,2026-05-08 14:12:00,274.56,275.48,274.55,275.4,75866
FSL,2026-05-08 14:13:00,275.3,278.7,275.09,278.0,570086
FSL,2026-05-08 14:14:00,277.76,277.89,274.0,274.5,428437
FSL,2026-05-08 14:15:00,274.46,274.62,272.0,273.9,514295
FSL,2026-05-08 14:16:00,273.9,274.47,273.54,274.04,116332
FSL,2026-05-08 14:17:00,274.04,275.0,274.04,274.89,128194
FSL,2026-05-08 14:18:00,274.88,274.95,274.77,274.89,26804
FSL,2026-05-08 14:19:00,274.89,275.32,274.16,275.31,137884
FSL,2026-05-08 14:20:00,275.23,275.46,274.92,275.0,65477
FSL,2026-05-08 14:21:00,275.0,275.5,275.0,275.35,61901
FSL,2026-05-08 14:22:00,275.23,275.35,274.85,275.2,44195
FSL,2026-05-08 14:23:00,275.1,275.3,274.86,274.94,58829
FSL,2026-05-08 14:24:00,274.94,274.94,274.52,274.72,80025
FSL,2026-05-08 14:25:00,274.72,275.76,274.69,275.57,135353
FSL,2026-05-08 14:26:00,275.58,275.74,275.12,275.12,59122
FSL,2026-05-08 14:27:00,275.12,275.93,275.12,275.56,77934
FSL,2026-05-08 14:28:00,275.6,275.7,275.21,275.33,55070
FSL,2026-05-08 14:29:00,275.52,275.6,275.31,275.36,27850
FSL,2026-05-08 14:30:00,275.45,275.84,275.39,275.54,71468
FSL,2026-05-08 14:31:00,275.61,275.8,275.5,275.5,16849
FSL,2026-05-08 14:32:00,275.5,275.9,275.5,275.53,39698
FSL,2026-05-08 14:33:00,275.53,276.44,275.4,276.0,154704
FSL,2026-05-08 14:34:00,275.99,276.0,275.69,275.72,32748
FSL,2026-05-08 14:35:00,275.72,275.79,275.51,275.51,30804
FSL,2026-05-08 14:36:00,275.55,275.91,275.51,275.62,43422
FSL,2026-05-08 14:37:00,275.62,276.4,275.62,276.21,123984
FSL,2026-05-08 14:38:00,276.01,277.4,276.01,277.37,145019
FSL,2026-05-08 14:39:00,277.12,277.99,276.55,276.91,268678
FSL,2026-05-08 14:40:00,276.74,278.36,276.71,278.02,382187
FSL,2026-05-08 14:41:00,277.98,278.22,277.55,277.58,139444
FSL,2026-05-08 14:42:00,277.59,278.36,277.17,277.49,216644
FSL,2026-05-08 14:43:00,277.4,277.47,276.44,276.76,148970
FSL,2026-05-08 14:44:00,276.8,277.5,276.8,277.13,69964
FSL,2026-05-08 14:45:00,277.13,279.63,277.13,279.35,474148
FSL,2026-05-08 14:46:00,279.29,279.29,277.8,278.41,264908
FSL,2026-05-08 14:47:00,278.54,279.09,278.09,278.2,298290
FSL,2026-05-08 14:48:00,278.36,278.44,278.12,278.3,77280
FSL,2026-05-08 14:49:00,278.5,278.86,278.35,278.52,83718
FSL,2026-05-08 14:50:00,278.53,279.46,278.51,279.06,263154
FSL,2026-05-08 14:51:00,279.06,279.4,278.4,278.65,165427
FSL,2026-05-08 14:52:00,278.65,278.99,278.5,278.71,140125
FSL,2026-05-08 14:53:00,278.71,279.19,278.55,279.19,145758
FSL,2026-05-08 14:54:00,279.04,280.85,278.55,279.44,582216
FSL,2026-05-08 14:55:00,278.65,278.65,275.57,276.2,735143
FSL,2026-05-08 14:56:00,276.23,276.8,273.51,274.7,601012
FSL,2026-05-08 14:57:00,274.7,275.78,274.21,275.23,285240
FSL,2026-05-08 14:58:00,275.23,275.4,273.5,274.08,316458
FSL,2026-05-08 14:59:00,274.28,274.48,274.09,274.19,64760
FSL,2026-05-08 15:00:00,274.19,274.33,273.69,274.16,182290
FSL,2026-05-08 15:01:00,274.16,274.39,272.64,274.39,350425
FSL,2026-05-08 15:02:00,274.49,274.79,274.22,274.69,169064
FSL,2026-05-08 15:03:00,274.68,275.0,274.51,274.65,199878
FSL,2026-05-08 15:04:00,274.65,274.8,273.99,274.09,123197
FSL,2026-05-08 15:05:00,274.09,274.31,273.8,273.8,105457
FSL,2026-05-08 15:06:00,273.8,273.8,272.6,272.61,264358
FSL,2026-05-08 15:07:00,272.6,273.87,272.6,273.87,157876
FSL,2026-05-08 15:08:00,273.8,274.35,273.61,273.97,144844
FSL,2026-05-08 15:09:00,274.02,274.95,274.01,274.9,125421
FSL,2026-05-08 15:10:00,274.78,274.88,274.15,274.53,160961
FSL,2026-05-08 15:11:00,274.42,274.53,273.61,273.65,116788
FSL,2026-05-08 15:12:00,273.71,274.75,273.66,273.98,100208
FSL,2026-05-08 15:13:00,273.8,274.67,273.8,274.4,153129
FSL,2026-05-08 15:14:00,274.26,274.86,274.05,274.3,232529
FSL,2026-05-08 15:15:00,274.3,274.3,273.52,274.29,189042
FSL,2026-05-08 15:16:00,274.2,274.68,273.8,274.15,109069
FSL,2026-05-08 15:17:00,274.2,274.5,274.2,274.25,63313
FSL,2026-05-08 15:18:00,274.37,278.95,274.2,276.61,1144920
FSL,2026-05-08 15:19:00,276.51,276.67,275.0,275.5,199108
FSL,2026-05-08 15:20:00,275.55,276.0,274.15,274.48,255136
FSL,2026-05-08 15:21:00,274.47,274.47,274.0,274.22,243861
FSL,2026-05-08 15:22:00,274.21,274.22,273.73,273.79,303965
FSL,2026-05-08 15:23:00,273.79,273.79,272.57,272.6,212666
FSL,2026-05-08 15:24:00,272.54,272.74,271.36,272.09,353759
FSL,2026-05-08 15:25:00,271.96,273.7,271.41,272.51,487078
FSL,2026-05-08 15:26:00,272.51,272.79,272.2,272.22,47363
FSL,2026-05-08 15:27:00,272.35,273.26,272.35,272.96,87094
FSL,2026-05-08 15:28:00,272.96,272.96,272.05,272.31,60650
FSL,2026-05-08 15:29:00,272.38,272.8,272.0,272.05,150168
FSL,2026-05-11 09:15:00,271.41,272.42,268.3,271.34,561369
FSL,2026-05-11 09:16:00,271.0,271.0,265.44,266.88,359421
FSL,2026-05-11 09:17:00,266.94,267.3,264.28,264.7,263950
FSL,2026-05-11 09:18:00,264.53,265.18,262.2,263.19,334352
FSL,2026-05-11 09:19:00,262.58,263.68,262.01,262.73,248652
FSL,2026-05-11 09:20:00,262.6,262.73,260.13,261.4,255242
FSL,2026-05-11 09:21:00,261.38,261.46,260.84,261.1,157384
FSL,2026-05-11 09:22:00,261.0,261.9,260.93,261.46,171499
FSL,2026-05-11 09:23:00,261.13,261.9,260.55,261.16,130956
FSL,2026-05-11 09:24:00,261.15,261.7,260.58,260.61,119562
FSL,2026-05-11 09:25:00,260.68,261.5,260.19,261.28,126848
FSL,2026-05-11 09:26:00,261.14,262.73,261.01,262.15,123769
FSL,2026-05-11 09:27:00,262.17,264.75,261.7,263.42,169523
FSL,2026-05-11 09:28:00,263.49,264.42,263.02,263.64,95571
FSL,2026-05-11 09:29:00,263.76,264.0,263.27,264.0,63577
FSL,2026-05-11 09:30:00,264.0,265.41,263.73,264.54,154409
FSL,2026-05-11 09:31:00,264.4,264.75,263.75,264.14,81209
FSL,2026-05-11 09:32:00,264.14,264.7,263.84,264.5,35313
FSL,2026-05-11 09:33:00,264.5,264.9,264.5,264.5,66643
FSL,2026-05-11 09:34:00,264.5,265.5,264.5,265.0,83569
FSL,2026-05-11 09:35:00,264.81,264.9,264.11,264.2,82033
FSL,2026-05-11 09:36:00,264.16,264.95,264.11,264.71,30546
FSL,2026-05-11 09:37:00,264.61,265.48,264.6,265.14,63939
FSL,2026-05-11 09:38:00,265.14,265.8,264.25,264.3,63583
FSL,2026-05-11 09:39:00,264.24,265.41,264.24,264.9,27598
FSL,2026-05-11 09:40:00,264.9,265.55,264.72,265.4,43782
FSL,2026-05-11 09:41:00,265.4,265.58,264.54,265.08,28748
FSL,2026-05-11 09:42:00,265.12,265.5,264.16,264.3,83669
FSL,2026-05-11 09:43:00,264.2,264.2,263.29,263.79,70926
FSL,2026-05-11 09:44:00,263.81,264.49,263.75,264.32,19321
FSL,2026-05-11 09:45:00,264.34,264.34,262.33,262.42,108680
FSL,2026-05-11 09:46:00,262.42,262.96,262.24,262.81,69391
FSL,2026-05-11 09:47:00,262.81,263.56,262.63,263.21,28616
FSL,2026-05-11 09:48:00,263.22,263.74,263.22,263.41,12252
FSL,2026-05-11 09:49:00,263.41,263.8,263.1,263.26,33622
FSL,2026-05-11 09:50:00,263.2,263.39,262.66,262.66,27073
FSL,2026-05-11 09:51:00,262.94,263.35,262.74,263.1,28895
FSL,2026-05-11 09:52:00,263.1,263.19,262.8,262.99,9478
FSL,2026-05-11 09:53:00,263.0,263.39,262.76,263.39,27088
FSL,2026-05-11 09:54:00,263.3,263.69,263.3,263.6,7297
FSL,2026-05-11 09:55:00,263.58,264.07,263.18,263.21,23279
FSL,2026-05-11 09:56:00,263.32,263.41,262.5,262.61,33316
FSL,2026-05-11 09:57:00,262.5,262.86,262.24,262.69,20331
FSL,2026-05-11 09:58:00,262.66,262.93,262.5,262.59,12330
FSL,2026-05-11 09:59:00,262.5,262.5,262.21,262.25,12798
FSL,2026-05-11 10:00:00,262.24,262.87,262.24,262.58,15636
FSL,2026-05-11 10:01:00,262.91,262.91,262.26,262.72,14931
FSL,2026-05-11 10:02:00,262.72,262.89,262.6,262.85,10375
FSL,2026-05-11 10:03:00,262.92,262.92,262.6,262.61,9263
FSL,2026-05-11 10:04:00,262.79,263.19,262.79,262.94,21052
FSL,2026-05-11 10:05:00,262.82,265.03,262.82,264.91,61434
FSL,2026-05-11 10:06:00,264.92,266.25,264.9,265.84,103189
FSL,2026-05-11 10:07:00,265.64,266.0,265.5,265.99,24124
FSL,2026-05-11 10:08:00,265.82,266.76,265.4,265.4,96373
FSL,2026-05-11 10:09:00,265.54,265.85,265.05,265.79,30250
FSL,2026-05-11 10:10:00,265.79,265.88,265.2,265.86,21587
FSL,2026-05-11 10:11:00,265.86,265.87,265.46,265.48,14563
FSL,2026-05-11 10:12:00,265.63,265.63,265.18,265.28,8891
FSL,2026-05-11 10:13:00,265.25,265.46,265.16,265.38,6176
FSL,2026-05-11 10:14:00,265.08,265.38,265.08,265.2,5793
FSL,2026-05-11 10:15:00,265.27,265.27,265.09,265.18,21575
FSL,2026-05-11 10:16:00,265.18,265.79,265.08,265.7,13437
FSL,2026-05-11 10:17:00,265.76,265.76,265.29,265.3,22834
FSL,2026-05-11 10:18:00,265.27,265.42,264.6,264.73,14690
FSL,2026-05-11 10:19:00,264.7,264.98,264.61,264.79,4593
FSL,2026-05-11 10:20:00,264.89,265.31,264.64,265.26,41755
FSL,2026-05-11 10:21:00,265.25,265.25,264.91,265.18,11764
FSL,2026-05-11 10:22:00,265.48,265.7,265.33,265.48,22716
FSL,2026-05-11 10:23:00,265.53,265.68,265.41,265.5,5199
FSL,2026-05-11 10:24:00,265.13,265.48,265.13,265.21,14799
FSL,2026-05-11 10:25:00,265.04,265.19,264.22,264.22,14287
FSL,2026-05-11 10:26:00,264.4,264.83,264.01,264.83,10294
FSL,2026-05-11 10:27:00,264.83,265.0,264.56,264.56,5812
FSL,2026-05-11 10:28:00,264.61,265.6,264.6,265.45,38034
FSL,2026-05-11 10:29:00,265.45,266.48,265.45,266.29,44004
FSL,2026-05-11 10:30:00,266.37,266.37,266.0,266.25,13502
FSL,2026-05-11 10:31:00,266.07,266.29,265.9,266.2,13852
FSL,2026-05-11 10:32:00,266.2,266.2,265.85,265.87,5248
FSL,2026-05-11 10:33:00,265.85,266.0,265.85,265.9,6393
FSL,2026-05-11 10:34:00,265.85,266.32,265.85,266.26,39596
FSL,2026-05-11 10:35:00,266.26,266.3,265.78,265.78,11493
FSL,2026-05-11 10:36:00,265.78,265.8,265.61,265.65,10648
FSL,2026-05-11 10:37:00,265.81,265.81,265.6,265.71,3990
FSL,2026-05-11 10:38:00,265.7,265.71,265.25,265.25,5891
FSL,2026-05-11 10:39:00,265.25,265.6,265.03,265.6,7908
FSL,2026-05-11 10:40:00,265.67,265.68,265.2,265.36,8325
FSL,2026-05-11 10:41:00,265.37,265.41,265.22,265.37,4283
FSL,2026-05-11 10:42:00,265.37,265.44,265.06,265.3,5191
FSL,2026-05-11 10:43:00,265.3,265.37,265.07,265.37,2632
FSL,2026-05-11 10:44:00,265.9,266.8,265.83,266.37,49894
FSL,2026-05-11 10:45:00,266.37,266.7,266.15,266.67,5657
FSL,2026-05-11 10:46:00,266.67,266.67,266.0,266.2,29156
FSL,2026-05-11 10:47:00,266.2,266.29,266.0,266.0,23403
FSL,2026-05-11 10:48:00,266.0,266.25,265.09,265.09,21820
FSL,2026-05-11 10:49:00,264.72,264.98,264.37,264.57,42909
FSL,2026-05-11 10:50:00,264.59,264.93,264.59,264.75,13458
FSL,2026-05-11 10:51:00,264.75,264.78,264.61,264.61,4853
FSL,2026-05-11 10:52:00,264.51,264.69,264.23,264.4,14127
FSL,2026-05-11 10:53:00,264.4,264.69,264.33,264.69,10589
FSL,2026-05-11 10:54:00,264.68,264.7,264.43,264.67,5457
FSL,2026-05-11 10:55:00,264.68,265.23,264.68,264.98,8664
FSL,2026-05-11 10:56:00,264.94,265.19,264.87,265.08,6729
FSL,2026-05-11 10:57:00,265.11,265.31,264.92,265.16,8056
FSL,2026-05-11 10:58:00,265.25,265.6,265.1,265.59,3776
FSL,2026-05-11 10:59:00,265.57,265.85,265.08,265.48,11254
FSL,2026-05-11 11:00:00,265.48,265.66,265.28,265.57,2872
FSL,2026-05-11 11:01:00,265.57,265.7,265.57,265.59,1015
FSL,2026-05-11 11:02:00,265.58,265.58,265.07,265.19,8745
FSL,2026-05-11 11:03:00,265.25,265.49,265.19,265.46,1582
FSL,2026-05-11 11:04:00,265.36,265.68,265.27,265.55,6334
FSL,2026-05-11 11:05:00,265.64,265.69,265.38,265.64,5503
FSL,2026-05-11 11:06:00,265.63,265.65,265.44,265.5,1400
FSL,2026-05-11 11:07:00,265.5,265.6,265.45,265.52,2303
FSL,2026-05-11 11:08:00,265.4,265.55,265.03,265.35,5510
FSL,2026-05-11 11:09:00,265.35,265.41,264.76,264.76,21760
FSL,2026-05-11 11:10:00,264.76,264.85,264.7,264.73,1685
FSL,2026-05-11 11:11:00,264.85,265.09,264.74,265.09,5836
FSL,2026-05-11 11:12:00,265.18,265.31,264.7,264.7,4669
FSL,2026-05-11 11:13:00,264.7,264.87,264.65,264.66,4197
FSL,2026-05-11 11:14:00,264.66,264.87,264.5,264.87,5444
FSL,2026-05-11 11:15:00,264.87,264.99,264.73,264.73,3931
FSL,2026-05-11 11:16:00,264.8,264.8,264.4,264.63,9646
FSL,2026-05-11 11:17:00,264.71,264.8,264.55,264.8,4466
FSL,2026-05-11 11:18:00,264.8,264.83,264.7,264.71,2841
FSL,2026-05-11 11:19:00,264.88,264.9,264.6,264.79,5801
FSL,2026-05-11 11:20:00,264.79,264.87,264.7,264.75,3917
FSL,2026-05-11 11:21:00,264.85,264.85,264.7,264.7,2957
FSL,2026-05-11 11:22:00,264.83,264.99,264.4,264.99,22326
FSL,2026-05-11 11:23:00,264.99,264.99,264.64,264.84,2029
FSL,2026-05-11 11:24:00,264.84,264.85,264.56,264.67,10142
FSL,2026-05-11 11:25:00,264.67,264.67,264.4,264.56,3136
FSL,2026-05-11 11:26:00,264.38,264.38,264.01,264.19,8525
FSL,2026-05-11 11:27:00,264.19,264.19,263.2,263.35,33516
FSL,2026-05-11 11:28:00,263.48,263.57,263.35,263.35,3530
FSL,2026-05-11 11:29:00,263.35,263.78,263.35,263.62,6561
FSL,2026-05-11 11:30:00,263.76,263.76,263.46,263.49,4910
FSL,2026-05-11 11:31:00,263.54,263.54,263.22,263.38,17058
FSL,2026-05-11 11:32:00,263.3,263.38,263.14,263.3,4223
FSL,2026-05-11 11:33:00,263.31,263.49,263.03,263.3,12950
FSL,2026-05-11 11:34:00,263.3,263.5,263.3,263.4,2266
FSL,2026-05-11 11:35:00,263.4,263.49,263.31,263.42,2095
FSL,2026-05-11 11:36:00,263.31,263.42,263.29,263.29,2152
FSL,2026-05-11 11:37:00,263.38,263.45,263.18,263.34,7099
FSL,2026-05-11 11:38:00,263.34,263.54,263.1,263.44,7161
FSL,2026-05-11 11:39:00,263.46,263.66,263.31,263.53,3800
FSL,2026-05-11 11:40:00,263.64,263.89,263.56,263.8,6608
FSL,2026-05-11 11:41:00,263.8,264.01,263.6,263.72,24737
FSL,2026-05-11 11:42:00,263.76,263.9,263.62,263.79,3760
FSL,2026-05-11 11:43:00,263.9,263.9,263.21,263.69,15380
FSL,2026-05-11 11:44:00,263.69,263.85,263.62,263.83,3702
FSL,2026-05-11 11:45:00,263.83,263.83,263.61,263.64,4199
FSL,2026-05-11 11:46:00,263.76,263.77,263.46,263.64,8012
FSL,2026-05-11 11:47:00,263.54,263.74,263.5,263.6,11525
FSL,2026-05-11 11:48:00,263.5,263.6,263.5,263.52,1235
FSL,2026-05-11 11:49:00,263.52,263.6,263.52,263.59,3636
FSL,2026-05-11 11:50:00,263.59,263.74,263.57,263.6,2514
FSL,2026-05-11 11:51:00,263.7,263.75,263.7,263.75,840
FSL,2026-05-11 11:52:00,263.75,263.75,263.57,263.57,3120
FSL,2026-05-11 11:53:00,263.75,263.75,263.62,263.75,1013
FSL,2026-05-11 11:54:00,263.78,264.26,263.77,264.12,4943
FSL,2026-05-11 11:55:00,264.12,264.2,263.79,263.91,4878
FSL,2026-05-11 11:56:00,263.78,263.97,263.78,263.93,1848
FSL,2026-05-11 11:57:00,263.93,263.93,263.78,263.91,1951
FSL,2026-05-11 11:58:00,263.8,263.82,263.71,263.71,1366
FSL,2026-05-11 11:59:00,263.67,263.75,263.65,263.73,1300
FSL,2026-05-11 12:00:00,263.73,263.75,263.52,263.67,2585
FSL,2026-05-11 12:01:00,263.67,263.77,263.5,263.62,9703
FSL,2026-05-11 12:02:00,263.62,263.62,263.31,263.5,4133
FSL,2026-05-11 12:03:00,263.52,263.79,263.52,263.78,1337
FSL,2026-05-11 12:04:00,263.72,263.88,263.49,263.82,7600
FSL,2026-05-11 12:05:00,263.92,264.1,263.92,264.06,12176
FSL,2026-05-11 12:06:00,264.08,264.1,263.83,264.05,30043
FSL,2026-05-11 12:07:00,264.06,264.07,263.87,263.95,2590
FSL,2026-05-11 12:08:00,263.95,264.16,263.93,264.16,1975
FSL,2026-05-11 12:09:00,264.16,264.2,264.12,264.12,4828
FSL,2026-05-11 12:10:00,264.12,264.4,264.0,264.29,5796
FSL,2026-05-11 12:11:00,264.29,264.4,263.97,264.06,7444
FSL,2026-05-11 12:12:00,264.09,264.28,264.0,264.13,2400
FSL,2026-05-11 12:13:00,264.13,264.25,264.04,264.2,1561
FSL,2026-05-11 12:14:00,264.2,264.45,264.19,264.4,7162
FSL,2026-05-11 12:15:00,264.19,264.45,264.19,264.35,3039
FSL,2026-05-11 12:16:00,264.2,264.31,264.05,264.17,3453
FSL,2026-05-11 12:17:00,264.2,264.29,263.96,263.96,4898
FSL,2026-05-11 12:18:00,263.96,264.24,263.74,264.01,32352
FSL,2026-05-11 12:19:00,264.2,264.2,263.95,264.18,1590
FSL,2026-05-11 12:20:00,264.21,264.3,264.0,264.2,2401
FSL,2026-05-11 12:21:00,264.27,264.28,264.03,264.23,1922
FSL,2026-05-11 12:22:00,264.23,264.25,264.1,264.25,841
FSL,2026-05-11 12:23:00,264.27,264.27,264.13,264.27,3890
FSL,2026-05-11 12:24:00,264.39,264.4,264.22,264.22,6677
FSL,2026-05-11 12:25:00,264.32,264.4,264.13,264.4,1234
FSL,2026-05-11 12:26:00,264.4,264.4,264.14,264.2,3187
FSL,2026-05-11 12:27:00,264.2,264.36,264.07,264.14,3115
FSL,2026-05-11 12:28:00,264.26,264.3,264.0,264.09,6551
FSL,2026-05-11 12:29:00,264.14,264.35,261.69,261.78,129271
FSL,2026-05-11 12:30:00,261.74,264.41,261.62,264.15,47214
FSL,2026-05-11 12:31:00,264.15,264.27,263.6,264.15,26745
FSL,2026-05-11 12:32:00,264.15,264.15,263.87,264.05,13445
FSL,2026-05-11 12:33:00,264.01,264.37,263.97,264.06,9266
FSL,2026-05-11 12:34:00,264.24,264.64,264.21,264.59,11100
FSL,2026-05-11 12:35:00,264.59,264.95,264.5,264.95,7605
FSL,2026-05-11 12:36:00,264.95,265.45,264.84,265.1,22358
FSL,2026-05-11 12:37:00,265.24,265.24,264.52,264.62,5130
FSL,2026-05-11 12:38:00,264.62,264.81,264.1,264.33,12123
FSL,2026-05-11 12:39:00,264.33,264.67,264.2,264.61,5265
FSL,2026-05-11 12:40:00,264.61,264.61,264.32,264.46,14863
FSL,2026-05-11 12:41:00,264.62,264.85,264.59,264.85,2475
FSL,2026-05-11 12:42:00,264.85,265.0,264.55,264.77,19823
FSL,2026-05-11 12:43:00,264.87,264.95,264.72,264.9,2584
FSL,2026-05-11 12:44:00,264.9,265.23,264.87,264.94,12249
FSL,2026-05-11 12:45:00,264.88,265.01,264.85,264.98,2928
FSL,2026-05-11 12:46:00,264.98,265.13,264.85,265.04,5341
FSL,2026-05-11 12:47:00,264.85,265.07,264.85,264.85,3630
FSL,2026-05-11 12:48:00,264.85,265.0,264.85,264.99,4820
FSL,2026-05-11 12:49:00,264.99,264.99,264.64,264.72,2830
FSL,2026-05-11 12:50:00,264.72,264.9,264.56,264.75,2491
FSL,2026-05-11 12:51:00,264.75,264.75,264.38,264.59,20074
FSL,2026-05-11 12:52:00,264.59,264.79,264.5,264.51,26995
FSL,2026-05-11 12:53:00,264.51,264.75,264.51,264.74,1557
FSL,2026-05-11 12:54:00,264.74,264.74,264.56,264.74,5360
FSL,2026-05-11 12:55:00,264.7,265.13,264.67,265.13,25205
FSL,2026-05-11 12:56:00,265.13,265.23,264.75,264.96,4862
FSL,2026-05-11 12:57:00,264.96,265.0,264.12,264.12,26515
FSL,2026-05-11 12:58:00,264.19,264.28,264.02,264.28,6051
FSL,2026-05-11 12:59:00,264.2,264.61,264.15,264.59,13531
FSL,2026-05-11 13:00:00,264.59,264.6,264.31,264.6,11312
FSL,2026-05-11 13:01:00,264.6,264.77,264.48,264.67,10043
FSL,2026-05-11 13:02:00,264.67,264.74,264.49,264.68,1938
FSL,2026-05-11 13:03:00,264.56,264.69,264.15,264.4,7055
FSL,2026-05-11 13:04:00,264.15,264.57,264.15,264.55,4828
FSL,2026-05-11 13:05:00,264.55,264.67,264.24,264.24,2033
FSL,2026-05-11 13:06:00,264.24,264.27,264.1,264.11,2187
FSL,2026-05-11 13:07:00,264.23,264.5,264.11,264.5,4261
FSL,2026-05-11 13:08:00,264.5,264.58,264.31,264.36,2181
FSL,2026-05-11 13:09:00,264.36,264.5,264.36,264.5,2725
FSL,2026-05-11 13:10:00,264.5,264.8,264.5,264.54,26948
FSL,2026-05-11 13:11:00,264.55,264.78,264.55,264.75,1171
FSL,2026-05-11 13:12:00,264.75,264.78,264.15,264.15,13417
FSL,2026-05-11 13:13:00,264.44,264.55,264.3,264.37,1808
FSL,2026-05-11 13:14:00,264.34,264.73,264.31,264.6,8547
FSL,2026-05-11 13:15:00,264.6,264.6,264.36,264.58,1267
FSL,2026-05-11 13:16:00,264.58,264.58,264.35,264.55,877
FSL,2026-05-11 13:17:00,264.55,264.55,264.15,264.15,4585
FSL,2026-05-11 13:18:00,264.15,264.34,264.13,264.33,14517
FSL,2026-05-11 13:19:00,264.33,264.34,264.13,264.3,1736
FSL,2026-05-11 13:20:00,264.3,264.46,264.22,264.37,1509
FSL,2026-05-11 13:21:00,264.47,264.48,264.22,264.3,3107
FSL,2026-05-11 13:22:00,264.3,264.48,264.3,264.32,2096
FSL,2026-05-11 13:23:00,264.32,264.45,264.25,264.25,1594
FSL,2026-05-11 13:24:00,264.37,264.42,264.25,264.41,1927
FSL,2026-05-11 13:25:00,264.41,264.42,264.25,264.3,1942
FSL,2026-05-11 13:26:00,264.3,264.41,264.15,264.2,11479
FSL,2026-05-11 13:27:00,264.13,264.25,264.01,264.01,1716
FSL,2026-05-11 13:28:00,264.25,264.28,264.12,264.24,3111
FSL,2026-05-11 13:29:00,264.24,264.25,264.04,264.24,1984
FSL,2026-05-11 13:30:00,264.18,264.41,264.15,264.41,3390
FSL,2026-05-11 13:31:00,264.41,264.41,264.27,264.35,1283
FSL,2026-05-11 13:32:00,264.35,264.41,264.2,264.41,2698
FSL,2026-05-11 13:33:00,264.41,264.41,264.21,264.21,943
FSL,2026-05-11 13:34:00,264.21,264.38,264.2,264.36,1411
FSL,2026-05-11 13:35:00,264.25,264.89,264.25,264.85,10499
FSL,2026-05-11 13:36:00,264.88,264.89,264.62,264.78,6906
FSL,2026-05-11 13:37:00,264.78,264.81,264.39,264.52,2126
FSL,2026-05-11 13:38:00,264.52,264.52,264.32,264.51,3217
FSL,2026-05-11 13:39:00,264.52,264.59,264.35,264.35,10194
FSL,2026-05-11 13:40:00,264.52,264.58,264.35,264.58,6515
FSL,2026-05-11 13:41:00,264.47,264.6,264.39,264.6,2962
FSL,2026-05-11 13:42:00,264.49,264.86,264.49,264.86,16039
FSL,2026-05-11 13:43:00,264.86,264.86,264.61,264.73,3483
FSL,2026-05-11 13:44:00,264.77,264.77,264.6,264.7,2901
FSL,2026-05-11 13:45:00,264.42,264.78,264.35,264.78,9375
FSL,2026-05-11 13:46:00,264.78,264.85,264.78,264.84,3725
FSL,2026-05-11 13:47:00,264.84,264.84,264.65,264.7,3043
FSL,2026-05-11 13:48:00,264.7,264.79,264.5,264.79,2855
FSL,2026-05-11 13:49:00,264.79,264.79,264.62,264.76,2395
FSL,2026-05-11 13:50:00,264.76,264.76,264.25,264.25,9498
FSL,2026-05-11 13:51:00,264.25,264.57,264.2,264.52,6689
FSL,2026-05-11 13:52:00,264.5,264.75,264.5,264.75,3229
FSL,2026-05-11 13:53:00,264.72,264.75,264.6,264.75,1517
FSL,2026-05-11 13:54:00,264.75,264.8,264.65,264.68,1406
FSL,2026-05-11 13:55:00,264.68,264.8,264.66,264.67,1723
FSL,2026-05-11 13:56:00,264.67,264.67,264.34,264.4,1649
FSL,2026-05-11 13:57:00,264.63,264.72,264.43,264.57,7512
FSL,2026-05-11 13:58:00,264.57,264.65,264.43,264.65,2171
FSL,2026-05-11 13:59:00,264.59,264.72,264.44,264.53,3579
FSL,2026-05-11 14:00:00,264.53,264.61,264.3,264.3,2357
FSL,2026-05-11 14:01:00,264.44,264.55,264.36,264.38,3796
FSL,2026-05-11 14:02:00,264.38,264.52,264.32,264.49,3071
FSL,2026-05-11 14:03:00,264.49,264.55,264.26,264.55,4981
FSL,2026-05-11 14:04:00,264.54,264.54,264.28,264.45,2727
FSL,2026-05-11 14:05:00,264.46,264.46,264.17,264.3,18654
FSL,2026-05-11 14:06:00,264.32,264.32,264.02,264.12,5380
FSL,2026-05-11 14:07:00,264.12,264.12,263.8,264.12,19212
FSL,2026-05-11 14:08:00,264.0,264.12,264.0,264.12,4957
FSL,2026-05-11 14:09:00,264.09,264.25,264.04,264.04,7285
FSL,2026-05-11 14:10:00,264.21,264.25,264.05,264.25,1709
FSL,2026-05-11 14:11:00,264.24,264.35,264.24,264.26,2461
FSL,2026-05-11 14:12:00,264.26,264.31,264.11,264.29,1255
FSL,2026-05-11 14:13:00,264.29,264.35,264.13,264.13,3664
FSL,2026-05-11 14:14:00,264.24,264.28,264.13,264.28,873
FSL,2026-05-11 14:15:00,264.28,264.29,264.11,264.11,4579
FSL,2026-05-11 14:16:00,264.11,264.25,263.96,264.0,12281
FSL,2026-05-11 14:17:00,264.0,264.09,263.9,264.02,10529
FSL,2026-05-11 14:18:00,264.01,264.5,264.01,264.11,60274
FSL,2026-05-11 14:19:00,264.27,264.27,264.03,264.19,1111
FSL,2026-05-11 14:20:00,264.19,264.7,264.16,264.48,28805
FSL,2026-05-11 14:21:00,264.62,264.83,264.57,264.78,5627
FSL,2026-05-11 14:22:00,264.78,264.85,264.69,264.74,7316
FSL,2026-05-11 14:23:00,264.79,264.99,264.66,264.8,21841
FSL,2026-05-11 14:24:00,264.85,264.88,264.59,264.84,7770
FSL,2026-05-11 14:25:00,264.71,264.94,264.71,264.88,2939
FSL,2026-05-11 14:26:00,264.94,264.96,264.89,264.92,1501
FSL,2026-05-11 14:27:00,264.92,264.94,264.6,264.62,15370
FSL,2026-05-11 14:28:00,264.62,265.2,264.62,265.02,33349
FSL,2026-05-11 14:29:00,265.27,265.3,265.08,265.2,7894
FSL,2026-05-11 14:30:00,265.08,265.8,265.08,265.66,29448
FSL,2026-05-11 14:31:00,265.74,265.74,265.5,265.52,11328
FSL,2026-05-11 14:32:00,265.6,265.79,265.6,265.77,17093
FSL,2026-05-11 14:33:00,265.77,265.94,265.65,265.91,20360
FSL,2026-05-11 14:34:00,265.9,265.95,265.83,265.95,20460
FSL,2026-05-11 14:35:00,265.9,265.97,265.8,265.9,23962
FSL,2026-05-11 14:36:00,265.9,265.97,265.61,265.75,12659
FSL,2026-05-11 14:37:00,265.72,265.75,265.6,265.74,8110
FSL,2026-05-11 14:38:00,265.6,265.72,265.51,265.67,16980
FSL,2026-05-11 14:39:00,265.55,265.62,265.1,265.35,15804
FSL,2026-05-11 14:40:00,265.35,265.69,265.32,265.52,14643
FSL,2026-05-11 14:41:00,265.52,265.81,265.41,265.5,33410
FSL,2026-05-11 14:42:00,265.5,265.77,265.5,265.58,3445
FSL,2026-05-11 14:43:00,265.61,266.0,265.57,265.74,29705
FSL,2026-05-11 14:44:00,265.53,265.85,265.53,265.55,11554
FSL,2026-05-11 14:45:00,265.71,265.84,265.71,265.72,10167
FSL,2026-05-11 14:46:00,265.26,265.28,264.55,264.9,55038
FSL,2026-05-11 14:47:00,264.94,265.0,264.5,264.71,12621
FSL,2026-05-11 14:48:00,264.83,264.83,264.09,264.12,30458
FSL,2026-05-11 14:49:00,263.96,264.35,263.95,264.19,19469
FSL,2026-05-11 14:50:00,264.19,264.56,263.86,264.49,9936
FSL,2026-05-11 14:51:00,264.49,264.58,264.37,264.51,5205
FSL,2026-05-11 14:52:00,264.51,264.51,264.2,264.32,26617
FSL,2026-05-11 14:53:00,264.3,264.55,264.29,264.46,2586
FSL,2026-05-11 14:54:00,264.46,264.46,263.5,263.52,26249
FSL,2026-05-11 14:55:00,263.4,263.5,263.0,263.12,28205
FSL,2026-05-11 14:56:00,263.12,263.36,263.0,263.25,4738
FSL,2026-05-11 14:57:00,263.25,263.25,263.06,263.07,23885
FSL,2026-05-11 14:58:00,263.07,263.25,263.07,263.2,8660
FSL,2026-05-11 14:59:00,263.1,263.25,263.1,263.25,4565
FSL,2026-05-11 15:00:00,263.1,263.19,262.65,262.72,51508
FSL,2026-05-11 15:01:00,262.6,262.65,262.31,262.52,35226
FSL,2026-05-11 15:02:00,262.59,262.68,262.36,262.63,8005
FSL,2026-05-11 15:03:00,262.52,262.59,262.31,262.31,10827
FSL,2026-05-11 15:04:00,262.34,262.43,262.06,262.43,10846
FSL,2026-05-11 15:05:00,262.5,262.75,262.4,262.58,14399
FSL,2026-05-11 15:06:00,262.4,262.57,262.1,262.1,16719
FSL,2026-05-11 15:07:00,262.1,262.19,262.0,262.0,18276
FSL,2026-05-11 15:08:00,262.11,262.18,261.87,262.15,13594
FSL,2026-05-11 15:09:00,261.89,262.1,261.88,262.0,7144
FSL,2026-05-11 15:10:00,262.08,262.14,261.87,261.87,13505
FSL,2026-05-11 15:11:00,261.65,261.65,261.07,261.07,21220
FSL,2026-05-11 15:12:00,261.07,261.43,261.0,261.3,71862
FSL,2026-05-11 15:13:00,261.3,261.3,260.0,260.3,94331
FSL,2026-05-11 15:14:00,260.4,260.5,259.6,260.13,54244
FSL,2026-05-11 15:15:00,260.21,260.21,259.9,260.03,40173
FSL,2026-05-11 15:16:00,260.02,260.52,259.9,260.24,39248
FSL,2026-05-11 15:17:00,260.41,260.68,260.1,260.32,19299
FSL,2026-05-11 15:18:00,260.32,260.95,259.88,260.55,110101
FSL,2026-05-11 15:19:00,260.71,261.0,260.5,260.83,29441
FSL,2026-05-11 15:20:00,260.83,260.96,260.27,260.27,30883
FSL,2026-05-11 15:21:00,260.25,260.43,260.25,260.25,11775
FSL,2026-05-11 15:22:00,260.4,260.42,260.13,260.35,22217
FSL,2026-05-11 15:23:00,260.34,260.57,260.26,260.26,7821
FSL,2026-05-11 15:24:00,260.47,261.0,260.27,260.99,66048
FSL,2026-05-11 15:25:00,260.88,260.89,260.46,260.88,17190
FSL,2026-05-11 15:26:00,260.89,261.5,260.88,261.45,22434
FSL,2026-05-11 15:27:00,261.07,261.46,261.07,261.38,18192
FSL,2026-05-11 15:28:00,261.47,261.65,261.46,261.5,26788
FSL,2026-05-11 15:29:00,261.46,261.6,261.16,261.6,20533
FSL,2026-05-12 09:15:00,260.95,262.7,258.54,262.11,82808
FSL,2026-05-12 09:16:00,260.95,260.95,255.65,255.65,136833
FSL,2026-05-12 09:17:00,256.0,258.39,255.5,257.51,50294
FSL,2026-05-12 09:18:00,257.68,257.68,256.5,256.6,37417
FSL,2026-05-12 09:19:00,256.44,256.85,256.3,256.3,33892
FSL,2026-05-12 09:20:00,256.31,256.95,254.67,256.93,77707
FSL,2026-05-12 09:21:00,256.85,256.99,256.02,256.02,7301
FSL,2026-05-12 09:22:00,256.14,256.14,255.61,255.63,12897
FSL,2026-05-12 09:23:00,255.51,255.94,254.6,255.94,53170
FSL,2026-05-12 09:24:00,255.71,258.12,255.11,258.12,34474
FSL,2026-05-12 09:25:00,257.9,257.99,256.0,256.38,19141
FSL,2026-05-12 09:26:00,256.38,256.54,255.12,256.19,14399
FSL,2026-05-12 09:27:00,256.2,256.34,255.35,255.85,23626
FSL,2026-05-12 09:28:00,255.8,256.2,255.6,255.79,5567
FSL,2026-05-12 09:29:00,255.6,255.6,255.01,255.01,12768
FSL,2026-05-12 09:30:00,254.61,254.99,254.34,254.4,29361
FSL,2026-05-12 09:31:00,254.4,254.4,253.49,253.81,22852
FSL,2026-05-12 09:32:00,253.89,253.89,253.2,253.61,34969
FSL,2026-05-12 09:33:00,253.39,253.39,253.0,253.08,25362
FSL,2026-05-12 09:34:00,253.23,253.23,253.08,253.1,17422
FSL,2026-05-12 09:35:00,253.27,254.0,253.27,253.77,23116
FSL,2026-05-12 09:36:00,253.94,255.34,253.94,255.03,15834
FSL,2026-05-12 09:37:00,255.33,255.33,254.42,255.0,24408
FSL,2026-05-12 09:38:00,255.33,255.33,254.57,255.03,8991
FSL,2026-05-12 09:39:00,255.01,255.26,254.42,254.42,9106
FSL,2026-05-12 09:40:00,254.6,255.14,254.6,255.0,7478
FSL,2026-05-12 09:41:00,254.89,256.25,254.89,256.25,27029
FSL,2026-05-12 09:42:00,256.44,256.75,255.72,256.75,15604
FSL,2026-05-12 09:43:00,256.46,256.96,256.43,256.74,15227
FSL,2026-05-12 09:44:00,256.6,256.81,256.4,256.58,14493
FSL,2026-05-12 09:45:00,256.76,256.76,255.98,256.35,8102
FSL,2026-05-12 09:46:00,256.32,256.68,256.24,256.5,2693
FSL,2026-05-12 09:47:00,256.45,256.8,256.27,256.43,9741
FSL,2026-05-12 09:48:00,256.59,256.59,256.23,256.33,2725
FSL,2026-05-12 09:49:00,256.33,256.46,256.15,256.39,2102
FSL,2026-05-12 09:50:00,256.39,256.5,255.59,256.26,21036
FSL,2026-05-12 09:51:00,256.08,256.15,255.85,255.85,7359
FSL,2026-05-12 09:52:00,255.89,256.1,255.58,255.58,7197
FSL,2026-05-12 09:53:00,255.86,255.98,255.54,255.88,8018
FSL,2026-05-12 09:54:00,256.11,256.21,256.0,256.21,2831
FSL,2026-05-12 09:55:00,256.32,257.04,256.25,257.04,9960
FSL,2026-05-12 09:56:00,257.01,257.01,256.52,256.52,10676
FSL,2026-05-12 09:57:00,256.52,256.73,256.45,256.45,8460
FSL,2026-05-12 09:58:00,256.45,256.95,256.3,256.88,17136
FSL,2026-05-12 09:59:00,256.58,256.77,256.4,256.4,2571
FSL,2026-05-12 10:00:00,256.31,256.71,256.05,256.41,2000
FSL,2026-05-12 10:01:00,256.57,256.57,256.22,256.23,3835
FSL,2026-05-12 10:02:00,256.23,256.49,256.16,256.16,1397
FSL,2026-05-12 10:03:00,256.1,256.25,256.03,256.21,3959
FSL,2026-05-12 10:04:00,256.21,256.44,256.14,256.44,3626
FSL,2026-05-12 10:05:00,256.44,256.44,255.55,255.9,6534
FSL,2026-05-12 10:06:00,255.9,256.86,255.83,256.78,7775
FSL,2026-05-12 10:07:00,256.77,256.77,256.26,256.39,2687
FSL,2026-05-12 10:08:00,256.38,256.5,256.21,256.21,1585
FSL,2026-05-12 10:09:00,256.21,256.24,256.03,256.09,1727
FSL,2026-05-12 10:10:00,256.09,256.09,255.85,255.94,2688
FSL,2026-05-12 10:11:00,256.02,256.11,255.86,255.91,3297
FSL,2026-05-12 10:12:00,255.92,256.36,255.92,256.1,5011
FSL,2026-05-12 10:13:00,256.1,256.78,256.1,256.64,3699
FSL,2026-05-12 10:14:00,256.72,256.72,256.23,256.38,2788
FSL,2026-05-12 10:15:00,256.25,256.25,255.82,255.83,3994
FSL,2026-05-12 10:16:00,255.83,256.0,255.83,255.95,1684
FSL,2026-05-12 10:17:00,255.95,256.16,255.95,255.99,861
FSL,2026-05-12 10:18:00,256.06,256.18,256.0,256.0,4856
FSL,2026-05-12 10:19:00,256.0,256.18,256.0,256.18,1462
FSL,2026-05-12 10:20:00,256.18,256.18,255.72,255.8,16059
FSL,2026-05-12 10:21:00,255.84,255.87,255.77,255.87,2588
FSL,2026-05-12 10:22:00,255.86,256.37,255.75,256.27,13063
FSL,2026-05-12 10:23:00,256.17,256.17,255.61,255.61,4933
FSL,2026-05-12 10:24:00,254.63,254.86,254.61,254.61,20945
FSL,2026-05-12 10:25:00,254.61,254.68,254.22,254.5,13136
FSL,2026-05-12 10:26:00,254.46,254.49,254.2,254.48,2779
FSL,2026-05-12 10:27:00,254.34,254.45,254.15,254.15,4350
FSL,2026-05-12 10:28:00,254.12,254.12,253.61,253.7,13868
FSL,2026-05-12 10:29:00,253.7,253.78,253.25,253.61,10645
FSL,2026-05-12 10:30:00,253.61,253.64,252.6,253.05,20637
FSL,2026-05-12 10:31:00,253.06,253.59,253.05,253.45,7449
FSL,2026-05-12 10:32:00,253.45,253.48,253.06,253.15,10856
FSL,2026-05-12 10:33:00,253.15,253.37,253.15,253.24,934
FSL,2026-05-12 10:34:00,253.24,253.25,253.15,253.24,2010
FSL,2026-05-12 10:35:00,253.15,253.24,253.02,253.06,4996
FSL,2026-05-12 10:36:00,253.08,253.67,253.0,253.07,7986
FSL,2026-05-12 10:37:00,253.07,253.37,252.84,253.14,9542
FSL,2026-05-12 10:38:00,253.0,253.1,252.5,252.6,5534
FSL,2026-05-12 10:39:00,252.6,252.84,252.25,252.51,6921
FSL,2026-05-12 10:40:00,252.38,252.62,252.21,252.41,10366
FSL,2026-05-12 10:41:00,252.41,252.57,252.2,252.57,2527
FSL,2026-05-12 10:42:00,252.57,252.65,252.36,252.4,3990
FSL,2026-05-12 10:43:00,252.41,252.87,252.41,252.72,3747
FSL,2026-05-12 10:44:00,252.87,252.87,252.2,252.27,11028
FSL,2026-05-12 10:45:00,252.02,252.09,252.0,252.09,10521
FSL,2026-05-12 10:46:00,252.09,252.56,252.09,252.29,8848
FSL,2026-05-12 10:47:00,252.37,252.44,252.1,252.31,4682
FSL,2026-05-12 10:48:00,252.31,252.43,251.51,251.89,14715
FSL,2026-05-12 10:49:00,251.97,252.17,251.87,251.88,2033
FSL,2026-05-12 10:50:00,251.88,252.12,251.88,252.11,1792
FSL,2026-05-12 10:51:00,252.11,252.11,251.75,251.75,8869
FSL,2026-05-12 10:52:00,251.69,252.33,251.5,252.14,4703
FSL,2026-05-12 10:53:00,252.03,252.3,252.0,252.24,3723
FSL,2026-05-12 10:54:00,252.24,252.3,252.04,252.27,4019
FSL,2026-05-12 10:55:00,252.27,252.36,252.14,252.25,4367
FSL,2026-05-12 10:56:00,252.25,252.8,252.25,252.72,7809
FSL,2026-05-12 10:57:00,252.72,252.84,252.72,252.84,2840
FSL,2026-05-12 10:58:00,252.74,252.84,252.74,252.74,901
FSL,2026-05-12 10:59:00,252.76,252.85,252.74,252.85,1213
FSL,2026-05-12 11:00:00,252.85,252.85,252.77,252.8,1132
FSL,2026-05-12 11:01:00,252.8,252.84,252.6,252.7,3328
FSL,2026-05-12 11:02:00,252.7,252.8,252.26,252.62,2273
FSL,2026-05-12 11:03:00,252.62,252.73,252.5,252.5,1143
FSL,2026-05-12 11:04:00,252.5,252.5,252.32,252.32,652
FSL,2026-05-12 11:05:00,252.25,252.68,252.25,252.6,6481
FSL,2026-05-12 11:06:00,252.45,252.77,252.4,252.55,3826
FSL,2026-05-12 11:07:00,252.55,252.59,252.41,252.41,1054
FSL,2026-05-12 11:08:00,252.4,252.69,252.4,252.41,1572
FSL,2026-05-12 11:09:00,252.47,252.69,252.25,252.4,3063
FSL,2026-05-12 11:10:00,252.25,252.25,251.87,251.87,2374
FSL,2026-05-12 11:11:00,251.75,252.15,251.75,252.15,1904
FSL,2026-05-12 11:12:00,252.01,252.24,252.01,252.07,1857
FSL,2026-05-12 11:13:00,252.07,252.23,252.0,252.1,799
FSL,2026-05-12 11:14:00,252.1,252.1,251.94,251.94,1424
FSL,2026-05-12 11:15:00,251.94,252.35,251.94,252.27,5339
FSL,2026-05-12 11:16:00,252.27,252.42,252.14,252.42,1961
FSL,2026-05-12 11:17:00,252.42,252.55,252.23,252.25,3428
FSL,2026-05-12 11:18:00,252.41,252.43,252.41,252.41,185
FSL,2026-05-12 11:19:00,252.5,252.75,252.41,252.72,659
FSL,2026-05-12 11:20:00,252.64,254.02,252.17,253.72,32423
FSL,2026-05-12 11:21:00,253.72,254.45,253.03,254.24,33508
FSL,2026-05-12 11:22:00,254.24,254.24,253.69,253.69,2922
FSL,2026-05-12 11:23:00,253.69,253.8,253.5,253.72,6440
FSL,2026-05-12 11:24:00,253.72,253.85,253.7,253.82,429
FSL,2026-05-12 11:25:00,253.82,253.82,253.52,253.69,3715
FSL,2026-05-12 11:26:00,253.6,253.72,253.55,253.69,817
FSL,2026-05-12 11:27:00,253.7,253.7,253.52,253.64,627
FSL,2026-05-12 11:28:00,253.64,253.74,253.62,253.62,940
FSL,2026-05-12 11:29:00,253.62,253.7,253.62,253.7,173
FSL,2026-05-12 11:30:00,253.7,253.7,253.39,253.39,2440
FSL,2026-05-12 11:31:00,253.39,253.39,253.32,253.32,3792
FSL,2026-05-12 11:32:00,253.15,253.19,252.88,252.88,5133
FSL,2026-05-12 11:33:00,252.72,253.52,252.58,253.52,4133
FSL,2026-05-12 11:34:00,253.52,254.27,253.49,254.23,14368
FSL,2026-05-12 11:35:00,254.02,254.02,253.3,253.76,18981
FSL,2026-05-12 11:36:00,253.76,253.96,253.7,253.96,1322
FSL,2026-05-12 11:37:00,253.96,253.96,253.55,253.55,482
FSL,2026-05-12 11:38:00,253.5,253.89,253.5,253.89,628
FSL,2026-05-12 11:39:00,253.81,253.95,253.73,253.73,968
FSL,2026-05-12 11:40:00,253.73,253.85,253.73,253.8,6
FSL,2026-05-12 11:41:00,253.88,254.2,253.88,254.2,2206
FSL,2026-05-12 11:42:00,254.05,254.44,254.05,254.21,5649
FSL,2026-05-12 11:43:00,254.02,254.64,253.83,254.13,16888
FSL,2026-05-12 11:44:00,254.13,254.13,253.55,254.0,3780
FSL,2026-05-12 11:45:00,254.0,254.0,253.56,253.68,1624
FSL,2026-05-12 11:46:00,253.68,253.72,253.48,253.7,249
FSL,2026-05-12 11:47:00,253.7,253.7,253.51,253.7,243
FSL,2026-05-12 11:48:00,253.7,253.86,253.61,253.61,6941
FSL,2026-05-12 11:49:00,253.62,254.21,253.62,254.16,558
FSL,2026-05-12 11:50:00,254.16,254.27,254.16,254.2,911
FSL,2026-05-12 11:51:00,254.2,254.2,254.07,254.09,228
FSL,2026-05-12 11:52:00,254.09,254.7,254.09,254.6,13459
FSL,2026-05-12 11:53:00,254.6,254.6,254.31,254.31,2064
FSL,2026-05-12 11:54:00,254.31,254.5,254.31,254.43,58
FSL,2026-05-12 11:55:00,254.5,254.5,254.36,254.39,527
FSL,2026-05-12 11:56:00,254.39,255.51,254.39,255.06,25392
FSL,2026-05-12 11:57:00,255.18,255.51,255.0,255.51,8194
FSL,2026-05-12 11:58:00,255.51,255.6,255.3,255.36,3634
FSL,2026-05-12 11:59:00,255.36,255.36,255.06,255.27,2502
FSL,2026-05-12 12:00:00,255.26,255.26,254.91,255.11,2776
FSL,2026-05-12 12:01:00,255.11,255.19,255.0,255.0,5762
FSL,2026-05-12 12:02:00,254.9,255.21,254.9,255.21,1116
FSL,2026-05-12 12:03:00,255.09,255.09,255.04,255.04,493
FSL,2026-05-12 12:04:00,255.04,255.2,254.88,255.0,3342
FSL,2026-05-12 12:05:00,255.0,255.0,255.0,255.0,1336
FSL,2026-05-12 12:06:00,255.0,255.05,254.8,254.8,618
FSL,2026-05-12 12:07:00,254.82,255.01,254.67,254.91,5792
FSL,2026-05-12 12:08:00,254.78,254.89,253.95,254.78,8183
FSL,2026-05-12 12:09:00,254.78,254.78,254.41,254.7,4937
FSL,2026-05-12 12:10:00,254.7,254.72,254.56,254.72,5707
FSL,2026-05-12 12:11:00,254.5,254.5,254.0,254.28,13099
FSL,2026-05-12 12:12:00,254.28,254.34,253.71,253.8,1937
FSL,2026-05-12 12:13:00,253.8,254.0,253.4,253.45,14086
FSL,2026-05-12 12:14:00,253.38,253.38,252.85,252.9,12460
FSL,2026-05-12 12:15:00,252.8,253.0,252.8,253.0,7209
FSL,2026-05-12 12:16:00,253.0,253.35,253.0,253.28,23410
FSL,2026-05-12 12:17:00,253.28,253.44,253.28,253.4,3439
FSL,2026-05-12 12:18:00,253.43,253.43,253.24,253.34,2368
FSL,2026-05-12 12:19:00,253.34,253.4,253.11,253.33,2110
FSL,2026-05-12 12:20:00,253.63,253.65,253.43,253.59,5069
FSL,2026-05-12 12:21:00,253.7,253.9,253.57,253.9,3831
FSL,2026-05-12 12:22:00,253.9,254.28,253.8,254.15,2756
FSL,2026-05-12 12:23:00,254.13,254.29,254.13,254.29,3720
FSL,2026-05-12 12:24:00,254.36,254.4,254.23,254.4,1004
FSL,2026-05-12 12:25:00,254.4,254.48,254.33,254.48,1588
FSL,2026-05-12 12:26:00,254.48,254.48,254.02,254.22,2919
FSL,2026-05-12 12:27:00,254.22,254.28,254.04,254.28,1268
FSL,2026-05-12 12:28:00,254.28,254.42,254.1,254.37,4819
FSL,2026-05-12 12:29:00,254.44,254.54,254.37,254.4,2332
FSL,2026-05-12 12:30:00,254.4,254.4,253.9,253.94,3351
FSL,2026-05-12 12:31:00,253.94,254.02,253.76,254.0,2235
FSL,2026-05-12 12:32:00,253.94,254.0,253.65,253.91,2752
FSL,2026-05-12 12:33:00,253.79,253.79,253.4,253.45,5405
FSL,2026-05-12 12:34:00,253.43,253.58,253.22,253.53,2994
FSL,2026-05-12 12:35:00,253.53,253.8,253.42,253.8,1946
FSL,2026-05-12 12:36:00,253.66,253.8,253.31,253.63,1430
FSL,2026-05-12 12:37:00,253.63,253.67,253.29,253.56,2946
FSL,2026-05-12 12:38:00,253.56,253.58,253.42,253.58,1101
FSL,2026-05-12 12:39:00,253.45,253.58,253.05,253.3,2951
FSL,2026-05-12 12:40:00,253.3,253.52,253.06,253.47,5912
FSL,2026-05-12 12:41:00,253.49,253.77,253.49,253.77,1905
FSL,2026-05-12 12:42:00,253.77,253.92,253.65,253.67,2367
FSL,2026-05-12 12:43:00,253.84,253.95,253.62,253.95,1863
FSL,2026-05-12 12:44:00,253.95,254.05,253.89,253.91,2437
FSL,2026-05-12 12:45:00,253.91,254.1,253.81,254.1,2292
FSL,2026-05-12 12:46:00,254.12,254.42,254.12,254.42,3103
FSL,2026-05-12 12:47:00,254.38,254.38,254.2,254.32,1361
FSL,2026-05-12 12:48:00,254.19,254.36,254.0,254.27,1410
FSL,2026-05-12 12:49:00,254.42,254.42,254.16,254.31,2404
FSL,2026-05-12 12:50:00,254.31,254.41,254.26,254.39,1245
FSL,2026-05-12 12:51:00,254.39,254.39,254.23,254.34,1248
FSL,2026-05-12 12:52:00,254.34,254.35,254.15,254.2,1860
FSL,2026-05-12 12:53:00,254.32,254.4,253.58,253.69,3117
FSL,2026-05-12 12:54:00,253.89,253.95,253.3,253.56,3048
FSL,2026-05-12 12:55:00,253.5,253.72,253.32,253.63,1006
FSL,2026-05-12 12:56:00,253.63,253.63,253.5,253.59,714
FSL,2026-05-12 12:57:00,253.59,253.91,253.59,253.91,918
FSL,2026-05-12 12:58:00,253.91,253.91,253.7,253.7,518
FSL,2026-05-12 12:59:00,253.7,253.77,253.7,253.7,431
FSL,2026-05-12 13:00:00,253.7,253.81,253.7,253.75,408
FSL,2026-05-12 13:01:00,253.75,253.75,253.61,253.61,1756
FSL,2026-05-12 13:02:00,253.5,253.82,253.5,253.7,567
FSL,2026-05-12 13:03:00,253.7,253.7,253.52,253.62,1273
FSL,2026-05-12 13:04:00,253.62,253.62,253.5,253.5,305
FSL,2026-05-12 13:05:00,253.5,253.5,253.4,253.5,1011
FSL,2026-05-12 13:06:00,253.5,253.56,253.3,253.5,886
FSL,2026-05-12 13:07:00,253.5,253.5,253.1,253.5,3211
FSL,2026-05-12 13:08:00,253.5,253.5,253.24,253.45,1414
FSL,2026-05-12 13:09:00,253.45,253.45,253.07,253.24,3075
FSL,2026-05-12 13:10:00,253.24,253.25,252.66,252.94,2184
FSL,2026-05-12 13:11:00,252.93,253.16,252.71,253.0,3317
FSL,2026-05-12 13:12:00,253.0,253.19,253.0,253.19,809
FSL,2026-05-12 13:13:00,253.19,253.51,252.95,253.49,2882
FSL,2026-05-12 13:14:00,253.49,253.49,253.35,253.45,1273
FSL,2026-05-12 13:15:00,253.45,253.56,253.4,253.52,5316
FSL,2026-05-12 13:16:00,253.52,253.62,253.4,253.46,1566
FSL,2026-05-12 13:17:00,253.44,253.51,253.44,253.51,231
FSL,2026-05-12 13:18:00,253.51,253.59,253.38,253.55,570
FSL,2026-05-12 13:19:00,253.5,253.62,253.3,253.62,1866
FSL,2026-05-12 13:20:00,253.42,253.45,252.7,252.92,3854
FSL,2026-05-12 13:21:00,252.92,253.33,252.9,253.33,1445
FSL,2026-05-12 13:22:00,253.33,253.42,253.21,253.34,1223
FSL,2026-05-12 13:23:00,253.35,253.35,252.9,252.96,2862
FSL,2026-05-12 13:24:00,252.97,253.0,252.8,252.85,2026
FSL,2026-05-12 13:25:00,252.8,252.94,252.76,252.92,6962
FSL,2026-05-12 13:26:00,252.92,252.92,252.61,252.61,2302
FSL,2026-05-12 13:27:00,252.71,252.95,252.4,252.73,6204
FSL,2026-05-12 13:28:00,252.42,252.77,252.42,252.7,5230
FSL,2026-05-12 13:29:00,252.7,252.71,252.53,252.71,1279
FSL,2026-05-12 13:30:00,252.71,252.71,252.57,252.71,1130
FSL,2026-05-12 13:31:00,252.71,252.94,252.55,252.94,1599
FSL,2026-05-12 13:32:00,253.0,253.0,252.87,253.0,1827
FSL,2026-05-12 13:33:00,252.89,253.0,252.89,253.0,1271
FSL,2026-05-12 13:34:00,252.92,253.0,252.86,252.95,1677
FSL,2026-05-12 13:35:00,252.99,253.0,252.55,252.73,3117
FSL,2026-05-12 13:36:00,252.75,252.9,252.61,252.79,1798
FSL,2026-05-12 13:37:00,252.7,252.74,252.55,252.71,2015
FSL,2026-05-12 13:38:00,252.71,252.79,252.52,252.72,1864
FSL,2026-05-12 13:39:00,252.52,252.79,252.52,252.79,942
FSL,2026-05-12 13:40:00,252.78,252.79,252.74,252.79,1230
FSL,2026-05-12 13:41:00,252.67,252.95,252.5,252.66,5082
FSL,2026-05-12 13:42:00,252.71,252.72,252.2,252.2,8196
FSL,2026-05-12 13:43:00,252.41,252.63,252.39,252.59,2179
FSL,2026-05-12 13:44:00,252.59,252.6,252.3,252.35,17125
FSL,2026-05-12 13:45:00,252.31,252.32,251.89,251.97,11398
FSL,2026-05-12 13:46:00,251.89,251.96,251.72,251.95,2441
FSL,2026-05-12 13:47:00,251.9,252.4,251.9,252.38,9773
FSL,2026-05-12 13:48:00,252.66,252.79,252.05,252.79,7421
FSL,2026-05-12 13:49:00,252.82,252.85,252.52,252.84,1364
FSL,2026-05-12 13:50:00,252.84,252.84,252.7,252.84,1435
FSL,2026-05-12 13:51:00,252.73,253.0,252.73,253.0,11553
FSL,2026-05-12 13:52:00,253.26,253.35,252.98,253.0,12277
FSL,2026-05-12 13:53:00,253.0,253.15,252.9,253.01,1427
FSL,2026-05-12 13:54:00,252.9,252.9,252.59,252.72,1495
FSL,2026-05-12 13:55:00,252.73,252.79,252.59,252.74,2014
FSL,2026-05-12 13:56:00,252.74,253.19,252.65,253.12,1349
FSL,2026-05-12 13:57:00,253.12,253.12,252.81,252.88,1642
FSL,2026-05-12 13:58:00,252.88,253.0,252.73,252.96,1763
FSL,2026-05-12 13:59:00,252.94,252.99,252.54,252.68,2416
FSL,2026-05-12 14:00:00,252.68,252.68,252.23,252.56,3834
FSL,2026-05-12 14:01:00,252.38,252.7,252.38,252.68,2688
FSL,2026-05-12 14:02:00,252.78,253.0,252.73,252.92,2555
FSL,2026-05-12 14:03:00,252.68,252.96,252.68,252.88,1097
FSL,2026-05-12 14:04:00,252.88,252.88,252.58,252.82,6155
FSL,2026-05-12 14:05:00,252.67,252.95,252.49,252.93,1962
FSL,2026-05-12 14:06:00,252.85,252.89,252.72,252.79,1000
FSL,2026-05-12 14:07:00,252.81,254.25,252.46,254.15,35080
FSL,2026-05-12 14:08:00,254.09,254.23,253.91,254.01,3976
FSL,2026-05-12 14:09:00,254.01,254.01,253.72,253.89,1731
FSL,2026-05-12 14:10:00,253.89,253.97,253.65,253.7,336
FSL,2026-05-12 14:11:00,253.7,253.91,253.53,253.6,1690
FSL,2026-05-12 14:12:00,253.6,253.65,253.5,253.54,3098
FSL,2026-05-12 14:13:00,253.72,253.85,253.66,253.78,1832
FSL,2026-05-12 14:14:00,253.78,253.93,253.71,253.71,1914
FSL,2026-05-12 14:15:00,253.7,253.74,253.7,253.7,517
FSL,2026-05-12 14:16:00,253.72,253.87,253.7,253.7,1275
FSL,2026-05-12 14:17:00,253.7,253.7,253.58,253.58,795
FSL,2026-05-12 14:18:00,253.67,253.67,253.5,253.5,1692
FSL,2026-05-12 14:19:00,253.5,254.18,253.5,254.05,14561
FSL,2026-05-12 14:20:00,254.05,254.18,254.0,254.06,1569
FSL,2026-05-12 14:21:00,254.06,254.06,252.75,253.41,38361
FSL,2026-05-12 14:22:00,253.32,253.45,253.15,253.35,1653
FSL,2026-05-12 14:23:00,253.35,253.82,253.1,253.73,11847
FSL,2026-05-12 14:24:00,253.73,254.37,253.68,254.22,7096
FSL,2026-05-12 14:25:00,254.23,254.23,253.75,253.85,914
FSL,2026-05-12 14:26:00,253.51,253.65,253.51,253.55,2904
FSL,2026-05-12 14:27:00,253.65,253.76,253.13,253.76,2000
FSL,2026-05-12 14:28:00,253.58,253.72,253.32,253.32,2816
FSL,2026-05-12 14:29:00,253.21,253.57,253.21,253.5,4817
FSL,2026-05-12 14:30:00,253.5,253.72,253.43,253.68,240
FSL,2026-05-12 14:31:00,253.68,253.68,253.5,253.57,1663
FSL,2026-05-12 14:32:00,253.57,253.67,253.57,253.67,2524
FSL,2026-05-12 14:33:00,253.67,253.67,253.48,253.48,2309
FSL,2026-05-12 14:34:00,253.48,253.5,253.31,253.5,1491
FSL,2026-05-12 14:35:00,253.5,253.55,253.29,253.42,2215
FSL,2026-05-12 14:36:00,253.42,253.64,253.4,253.5,3821
FSL,2026-05-12 14:37:00,253.5,253.5,253.37,253.5,2278
FSL,2026-05-12 14:38:00,253.3,253.49,253.3,253.4,3989
FSL,2026-05-12 14:39:00,253.4,253.5,253.28,253.31,2301
FSL,2026-05-12 14:40:00,253.45,253.49,253.24,253.49,1931
FSL,2026-05-12 14:41:00,253.49,253.5,253.4,253.5,1559
FSL,2026-05-12 14:42:00,253.41,253.5,253.36,253.5,1926
FSL,2026-05-12 14:43:00,253.31,253.63,253.31,253.51,1084
FSL,2026-05-12 14:44:00,253.45,253.54,253.45,253.51,932
FSL,2026-05-12 14:45:00,253.51,253.55,253.28,253.32,5844
FSL,2026-05-12 14:46:00,253.39,253.6,253.27,253.46,1613
FSL,2026-05-12 14:47:00,253.33,253.5,253.3,253.48,1427
FSL,2026-05-12 14:48:00,253.32,253.49,253.18,253.34,3082
FSL,2026-05-12 14:49:00,253.47,253.5,253.2,253.28,3173
FSL,2026-05-12 14:50:00,253.28,253.47,252.7,253.06,19756
FSL,2026-05-12 14:51:00,252.9,252.95,252.26,252.45,7495
FSL,2026-05-12 14:52:00,252.45,252.51,252.26,252.26,2925
FSL,2026-05-12 14:53:00,252.46,252.56,252.29,252.56,3317
FSL,2026-05-12 14:54:00,252.56,252.56,252.16,252.34,2265
FSL,2026-05-12 14:55:00,252.46,252.46,251.85,252.27,12307
FSL,2026-05-12 14:56:00,252.27,252.28,251.92,252.0,3593
FSL,2026-05-12 14:57:00,252.0,252.17,251.93,251.98,2117
FSL,2026-05-12 14:58:00,251.98,252.48,251.66,252.22,33113
FSL,2026-05-12 14:59:00,252.22,252.43,252.19,252.43,2714
FSL,2026-05-12 15:00:00,252.42,252.49,252.01,252.01,5523
FSL,2026-05-12 15:01:00,252.21,252.46,252.01,252.01,5361
FSL,2026-05-12 15:02:00,252.11,252.11,251.68,251.93,5903
FSL,2026-05-12 15:03:00,251.93,251.99,251.66,251.76,5153
FSL,2026-05-12 15:04:00,251.76,251.76,251.61,251.65,9982
FSL,2026-05-12 15:05:00,251.75,252.0,251.67,252.0,7965
FSL,2026-05-12 15:06:00,252.0,252.0,251.8,251.94,3678
FSL,2026-05-12 15:07:00,251.84,251.95,251.62,251.66,8700
FSL,2026-05-12 15:08:00,251.74,251.85,251.61,251.85,4585
FSL,2026-05-12 15:09:00,251.68,251.93,251.68,251.93,3338
FSL,2026-05-12 15:10:00,251.84,252.01,251.8,251.9,9184
FSL,2026-05-12 15:11:00,251.88,252.0,251.69,251.84,18139
FSL,2026-05-12 15:12:00,251.66,251.66,249.35,249.76,57185
FSL,2026-05-12 15:13:00,249.85,249.99,246.82,246.82,50083
FSL,2026-05-12 15:14:00,247.0,247.21,245.25,246.5,126086
FSL,2026-05-12 15:15:00,246.79,249.45,246.61,249.18,100949
FSL,2026-05-12 15:16:00,249.2,249.74,249.01,249.57,26532
FSL,2026-05-12 15:17:00,249.58,249.74,249.0,249.0,21256
FSL,2026-05-12 15:18:00,249.08,249.89,248.31,249.59,69191
FSL,2026-05-12 15:19:00,249.76,250.9,249.51,249.89,67854
FSL,2026-05-12 15:20:00,249.85,250.17,249.06,249.06,30394
FSL,2026-05-12 15:21:00,249.27,249.53,249.03,249.47,10052
FSL,2026-05-12 15:22:00,249.54,249.75,249.31,249.35,8337
FSL,2026-05-12 15:23:00,249.56,249.7,249.0,249.01,9271
FSL,2026-05-12 15:24:00,249.01,249.5,248.85,249.2,23246
FSL,2026-05-12 15:25:00,249.2,249.29,247.67,248.67,74740
FSL,2026-05-12 15:26:00,248.67,248.8,248.66,248.78,11002
FSL,2026-05-12 15:27:00,248.79,249.0,248.68,248.92,31797
FSL,2026-05-12 15:28:00,248.92,249.0,248.92,249.0,7046
FSL,2026-05-12 15:29:00,249.0,249.45,248.88,249.0,27253
FSL,2026-05-13 09:15:00,249.09,251.9,248.08,250.68,40674
FSL,2026-05-13 09:16:00,250.4,251.5,248.24,248.24,30104
FSL,2026-05-13 09:17:00,247.95,249.05,247.06,247.06,24913
FSL,2026-05-13 09:18:00,246.31,250.5,245.5,250.5,49168
FSL,2026-05-13 09:19:00,250.73,250.73,248.57,248.76,20067
FSL,2026-05-13 09:20:00,248.52,250.41,248.51,250.23,10917
FSL,2026-05-13 09:21:00,250.0,250.41,249.0,249.0,14932
FSL,2026-05-13 09:22:00,249.21,249.27,248.51,248.51,7075
FSL,2026-05-13 09:23:00,248.6,249.03,248.3,249.03,10345
FSL,2026-05-13 09:24:00,248.8,249.4,248.51,248.57,10924
FSL,2026-05-13 09:25:00,248.8,248.8,247.5,247.73,6516
FSL,2026-05-13 09:26:00,247.78,247.83,247.07,247.77,15327
FSL,2026-05-13 09:27:00,247.97,248.5,247.96,248.5,14989
FSL,2026-05-13 09:28:00,248.3,248.38,247.55,247.79,3603
FSL,2026-05-13 09:29:00,247.79,247.79,246.51,246.68,7204
FSL,2026-05-13 09:30:00,246.51,246.78,246.11,246.76,17825
FSL,2026-05-13 09:31:00,246.77,246.77,246.11,246.11,5647
FSL,2026-05-13 09:32:00,246.3,246.3,245.7,245.7,16837
FSL,2026-05-13 09:33:00,245.64,246.24,245.46,245.8,38067
FSL,2026-05-13 09:34:00,246.06,246.06,244.53,244.9,27092
FSL,2026-05-13 09:35:00,244.61,244.69,243.0,243.26,19385
FSL,2026-05-13 09:36:00,243.75,243.75,242.06,242.06,24249
FSL,2026-05-13 09:37:00,242.01,242.79,242.01,242.59,14847
FSL,2026-05-13 09:38:00,242.71,244.58,242.71,243.57,55444
FSL,2026-05-13 09:39:00,243.57,243.77,243.05,243.05,4005
FSL,2026-05-13 09:40:00,243.3,243.6,243.2,243.39,8941
FSL,2026-05-13 09:41:00,243.39,243.56,242.6,242.77,10721
FSL,2026-05-13 09:42:00,242.77,244.07,242.55,244.07,15388
FSL,2026-05-13 09:43:00,244.0,244.19,243.86,244.16,12822
FSL,2026-05-13 09:44:00,244.16,245.43,244.16,245.07,20888
FSL,2026-05-13 09:45:00,245.03,245.7,245.03,245.53,14173
FSL,2026-05-13 09:46:00,245.41,246.29,245.41,245.67,22983
FSL,2026-05-13 09:47:00,245.67,246.95,245.67,246.87,22326
FSL,2026-05-13 09:48:00,247.11,247.39,246.1,246.25,8696
FSL,2026-05-13 09:49:00,246.25,247.0,246.25,246.71,5986
FSL,2026-05-13 09:50:00,246.72,246.93,246.5,246.6,4960
FSL,2026-05-13 09:51:00,246.6,247.03,246.52,246.85,4410
FSL,2026-05-13 09:52:00,246.92,248.47,246.8,248.47,31998
FSL,2026-05-13 09:53:00,248.1,248.1,247.56,248.1,11888
FSL,2026-05-13 09:54:00,248.02,248.02,247.36,247.36,27736
FSL,2026-05-13 09:55:00,247.13,248.47,247.13,247.93,6498
FSL,2026-05-13 09:56:00,247.93,248.18,247.78,247.78,6246
FSL,2026-05-13 09:57:00,247.92,247.92,247.38,247.38,4867
FSL,2026-05-13 09:58:00,247.38,247.84,247.35,247.57,1700
FSL,2026-05-13 09:59:00,247.67,247.92,247.49,247.5,3196
FSL,2026-05-13 10:00:00,247.7,247.78,247.5,247.78,2667
FSL,2026-05-13 10:01:00,248.08,249.22,248.07,249.22,12873
FSL,2026-05-13 10:02:00,249.64,249.64,248.82,249.09,4189
FSL,2026-05-13 10:03:00,248.94,248.94,248.67,248.71,2752
FSL,2026-05-13 10:04:00,248.71,249.0,248.71,248.8,2230
FSL,2026-05-13 10:05:00,248.8,249.0,248.69,248.69,3247
FSL,2026-05-13 10:06:00,248.69,248.69,248.06,248.18,5324
FSL,2026-05-13 10:07:00,248.06,248.06,247.72,247.89,3859
FSL,2026-05-13 10:08:00,247.83,247.83,247.19,247.3,10203
FSL,2026-05-13 10:09:00,247.3,248.19,246.0,247.33,48000
FSL,2026-05-13 10:10:00,247.0,248.7,246.72,248.29,8256
FSL,2026-05-13 10:11:00,248.0,248.08,247.59,247.59,1493
FSL,2026-05-13 10:12:00,247.59,248.28,247.59,248.28,4460
FSL,2026-05-13 10:13:00,248.28,248.36,248.1,248.15,1966
FSL,2026-05-13 10:14:00,248.15,248.2,248.07,248.07,500
FSL,2026-05-13 10:15:00,248.0,248.4,248.0,248.4,466
FSL,2026-05-13 10:16:00,248.4,248.4,248.4,248.4,2021
FSL,2026-05-13 10:17:00,248.32,248.7,248.29,248.7,2321
FSL,2026-05-13 10:18:00,248.6,249.16,248.36,248.92,10215
FSL,2026-05-13 10:19:00,248.8,249.11,248.35,248.99,3441
FSL,2026-05-13 10:20:00,248.99,249.87,248.99,249.77,8388
FSL,2026-05-13 10:21:00,249.77,249.8,249.5,249.6,2168
FSL,2026-05-13 10:22:00,249.6,249.75,249.6,249.73,2334
FSL,2026-05-13 10:23:00,249.74,249.87,249.6,249.82,5595
FSL,2026-05-13 10:24:00,249.8,250.76,249.8,250.32,33865
FSL,2026-05-13 10:25:00,250.59,251.76,250.59,250.62,31399
FSL,2026-05-13 10:26:00,250.62,250.62,249.09,249.26,13737
FSL,2026-05-13 10:27:00,249.26,250.12,249.26,249.96,3338
FSL,2026-05-13 10:28:00,249.96,250.04,249.51,249.51,5146
FSL,2026-05-13 10:29:00,249.51,249.6,249.01,249.2,8501
FSL,2026-05-13 10:30:00,249.1,249.32,249.02,249.32,5303
FSL,2026-05-13 10:31:00,249.32,249.48,249.23,249.4,528
FSL,2026-05-13 10:32:00,249.38,249.47,248.64,248.75,4501
FSL,2026-05-13 10:33:00,248.65,248.79,248.4,248.66,8141
FSL,2026-05-13 10:34:00,248.66,249.26,248.57,249.17,5895
FSL,2026-05-13 10:35:00,249.17,249.18,248.65,248.65,1338
FSL,2026-05-13 10:36:00,248.83,248.96,248.6,248.6,4899
FSL,2026-05-13 10:37:00,248.6,249.08,248.5,249.08,7712
FSL,2026-05-13 10:38:00,249.08,249.19,249.0,249.19,2167
FSL,2026-05-13 10:39:00,249.0,249.27,248.77,248.88,16004
FSL,2026-05-13 10:40:00,248.91,248.95,248.77,248.95,432
FSL,2026-05-13 10:41:00,248.95,249.0,248.74,248.84,2066
FSL,2026-05-13 10:42:00,248.92,248.92,248.72,248.72,893
FSL,2026-05-13 10:43:00,248.72,248.96,248.71,248.72,3165
FSL,2026-05-13 10:44:00,248.72,248.94,248.72,248.74,273
FSL,2026-05-13 10:45:00,248.71,248.84,248.6,248.6,1151
FSL,2026-05-13 10:46:00,248.71,248.71,248.39,248.39,1046
FSL,2026-05-13 10:47:00,248.34,248.34,248.0,248.0,3323
FSL,2026-05-13 10:48:00,248.02,248.12,247.53,247.67,9427
FSL,2026-05-13 10:49:00,247.38,247.5,246.82,246.82,6259
FSL,2026-05-13 10:50:00,246.89,247.68,246.88,247.68,3178
FSL,2026-05-13 10:51:00,247.74,247.74,247.57,247.7,3975
FSL,2026-05-13 10:52:00,247.7,247.82,247.63,247.82,542
FSL,2026-05-13 10:53:00,247.82,247.9,247.73,247.82,2480
FSL,2026-05-13 10:54:00,247.74,247.9,247.55,247.83,1179
FSL,2026-05-13 10:55:00,247.89,247.89,247.56,247.58,992
FSL,2026-05-13 10:56:00,247.58,247.62,247.35,247.35,1094
FSL,2026-05-13 10:57:00,247.46,247.46,246.87,247.09,4189
FSL,2026-05-13 10:58:00,247.1,247.18,247.0,247.1,858
FSL,2026-05-13 10:59:00,247.1,247.1,246.68,246.75,5557
FSL,2026-05-13 11:00:00,246.75,246.75,246.3,246.64,2091
FSL,2026-05-13 11:01:00,246.65,246.65,246.2,246.28,9814
FSL,2026-05-13 11:02:00,246.22,246.4,246.22,246.31,5198
FSL,2026-05-13 11:03:00,246.51,246.74,246.38,246.59,1270
FSL,2026-05-13 11:04:00,246.59,246.74,246.59,246.74,204
FSL,2026-05-13 11:05:00,246.74,247.1,246.59,246.59,7911
FSL,2026-05-13 11:06:00,246.6,246.64,246.34,246.34,1481
FSL,2026-05-13 11:07:00,246.34,246.34,246.05,246.25,1244
FSL,2026-05-13 11:08:00,246.25,246.25,246.05,246.25,1159
FSL,2026-05-13 11:09:00,246.23,246.78,246.23,246.62,2134
FSL,2026-05-13 11:10:00,246.62,246.75,246.42,246.75,1633
FSL,2026-05-13 11:11:00,246.72,246.92,246.72,246.83,566
FSL,2026-05-13 11:12:00,246.83,246.9,246.69,246.69,1747
FSL,2026-05-13 11:13:00,246.48,246.65,246.3,246.53,2547
FSL,2026-05-13 11:14:00,246.48,246.65,246.48,246.65,404
FSL,2026-05-13 11:15:00,246.65,247.19,246.65,247.19,1577
FSL,2026-05-13 11:16:00,247.22,247.9,247.22,247.9,2701
FSL,2026-05-13 11:17:00,247.89,247.89,247.01,247.32,3476
FSL,2026-05-13 11:18:00,247.2,247.62,247.15,247.62,2182
FSL,2026-05-13 11:19:00,247.62,247.62,247.22,247.31,1162
FSL,2026-05-13 11:20:00,247.25,247.46,247.25,247.34,2091
FSL,2026-05-13 11:21:00,247.45,247.5,247.25,247.25,3004
FSL,2026-05-13 11:22:00,247.25,247.9,247.25,247.9,3536
FSL,2026-05-13 11:23:00,247.9,248.27,247.85,248.26,6223
FSL,2026-05-13 11:24:00,248.26,248.6,248.12,248.5,3130
FSL,2026-05-13 11:25:00,248.5,248.6,248.5,248.6,1382
FSL,2026-05-13 11:26:00,248.5,248.5,248.13,248.13,2961
FSL,2026-05-13 11:27:00,248.13,248.23,248.08,248.08,1103
FSL,2026-05-13 11:28:00,248.08,248.09,247.41,247.5,2269
FSL,2026-05-13 11:29:00,247.5,248.01,247.5,247.94,565
FSL,2026-05-13 11:30:00,247.94,248.39,247.86,248.0,13663
FSL,2026-05-13 11:31:00,248.0,248.7,248.0,248.7,1187
FSL,2026-05-13 11:32:00,248.7,248.98,248.53,248.76,6043
FSL,2026-05-13 11:33:00,248.76,248.76,248.55,248.61,468
FSL,2026-05-13 11:34:00,248.61,248.76,248.36,248.64,5910
FSL,2026-05-13 11:35:00,248.47,248.6,248.47,248.47,17
FSL,2026-05-13 11:36:00,248.47,249.9,248.47,249.9,3978
FSL,2026-05-13 11:37:00,250.0,250.0,249.3,249.3,7213
FSL,2026-05-13 11:38:00,249.55,249.59,249.18,249.2,917
FSL,2026-05-13 11:39:00,249.2,249.3,249.0,249.3,1606
FSL,2026-05-13 11:40:00,249.3,249.3,248.76,248.98,3263
FSL,2026-05-13 11:41:00,249.03,249.03,248.79,248.97,384
FSL,2026-05-13 11:42:00,248.79,248.98,248.72,248.8,623
FSL,2026-05-13 11:43:00,248.8,248.81,248.64,248.75,463
FSL,2026-05-13 11:44:00,248.75,248.75,248.64,248.64,159
FSL,2026-05-13 11:45:00,248.64,248.81,248.49,248.49,427
FSL,2026-05-13 11:46:00,248.35,248.53,248.22,248.36,5364
FSL,2026-05-13 11:47:00,248.36,248.36,248.0,248.0,1125
FSL,2026-05-13 11:48:00,248.0,248.2,248.0,248.12,217
FSL,2026-05-13 11:49:00,248.28,248.28,248.12,248.15,200
FSL,2026-05-13 11:50:00,248.12,248.15,247.92,248.07,2231
FSL,2026-05-13 11:51:00,248.07,248.5,248.07,248.46,1057
FSL,2026-05-13 11:52:00,248.46,248.46,248.27,248.29,1733
FSL,2026-05-13 11:53:00,248.29,248.33,247.8,247.92,1928
FSL,2026-05-13 11:54:00,247.92,247.92,247.49,247.69,1403
FSL,2026-05-13 11:55:00,247.69,247.79,247.57,247.68,552
FSL,2026-05-13 11:56:00,247.68,247.7,247.31,247.55,2538
FSL,2026-05-13 11:57:00,247.33,247.65,247.33,247.47,1960
FSL,2026-05-13 11:58:00,247.47,247.59,247.23,247.45,950
FSL,2026-05-13 11:59:00,247.45,247.46,247.31,247.37,866
FSL,2026-05-13 12:00:00,247.17,247.7,247.17,247.68,418
FSL,2026-05-13 12:01:00,247.68,247.98,247.63,247.98,2192
FSL,2026-05-13 12:02:00,247.98,247.98,247.78,247.79,554
FSL,2026-05-13 12:03:00,247.79,247.8,247.61,247.68,782
FSL,2026-05-13 12:04:00,247.69,248.0,247.68,248.0,3604
FSL,2026-05-13 12:05:00,248.0,248.05,247.81,247.81,2681
FSL,2026-05-13 12:06:00,247.81,247.81,247.67,247.71,1058
FSL,2026-05-13 12:07:00,247.71,247.85,247.71,247.84,774
FSL,2026-05-13 12:08:00,247.84,247.99,247.75,247.99,2562
FSL,2026-05-13 12:09:00,247.96,247.96,247.68,247.8,1164
FSL,2026-05-13 12:10:00,247.8,247.96,247.76,247.8,487
FSL,2026-05-13 12:11:00,247.91,247.91,247.81,247.82,374
FSL,2026-05-13 12:12:00,247.91,248.42,247.91,248.36,1973
FSL,2026-05-13 12:13:00,248.36,248.6,248.36,248.6,936
FSL,2026-05-13 12:14:00,248.55,248.9,248.55,248.71,5187
FSL,2026-05-13 12:15:00,248.53,248.67,248.48,248.54,1726
FSL,2026-05-13 12:16:00,248.54,248.54,248.28,248.47,581
FSL,2026-05-13 12:17:00,248.5,248.5,247.76,247.76,2012
FSL,2026-05-13 12:18:00,247.93,247.93,247.6,247.75,1945
FSL,2026-05-13 12:19:00,247.61,247.75,247.53,247.53,1996
FSL,2026-05-13 12:20:00,247.53,247.73,247.37,247.73,3113
FSL,2026-05-13 12:21:00,247.56,247.76,247.56,247.66,1739
FSL,2026-05-13 12:22:00,247.66,248.04,247.66,247.87,1578
FSL,2026-05-13 12:23:00,247.87,248.07,247.86,248.0,1323
FSL,2026-05-13 12:24:00,248.0,248.65,248.0,248.55,2862
FSL,2026-05-13 12:25:00,248.5,248.54,248.09,248.23,1030
FSL,2026-05-13 12:26:00,248.23,248.25,248.23,248.25,302
FSL,2026-05-13 12:27:00,248.25,248.48,248.25,248.26,589
FSL,2026-05-13 12:28:00,248.38,248.39,248.16,248.16,2510
FSL,2026-05-13 12:29:00,248.0,248.0,247.85,247.85,634
FSL,2026-05-13 12:30:00,247.85,248.09,247.8,247.85,775
FSL,2026-05-13 12:31:00,247.85,247.92,247.76,247.79,1509
FSL,2026-05-13 12:32:00,247.79,247.79,247.79,247.79,251
FSL,2026-05-13 12:33:00,247.79,247.79,247.66,247.72,674
FSL,2026-05-13 12:34:00,247.79,247.8,247.7,247.79,602
FSL,2026-05-13 12:35:00,247.79,247.8,247.43,247.6,686
FSL,2026-05-13 12:36:00,247.51,247.6,247.3,247.3,1112
FSL,2026-05-13 12:37:00,247.3,247.61,247.3,247.61,2039
FSL,2026-05-13 12:38:00,247.61,247.61,247.31,247.31,1150
FSL,2026-05-13 12:39:00,247.31,247.44,247.31,247.4,40
FSL,2026-05-13 12:40:00,247.4,247.4,246.61,246.83,12110
FSL,2026-05-13 12:41:00,246.66,246.66,246.09,246.58,6383
FSL,2026-05-13 12:42:00,246.67,246.73,246.46,246.72,2093
FSL,2026-05-13 12:43:00,246.72,246.88,246.72,246.88,110
FSL,2026-05-13 12:44:00,246.88,247.24,246.86,246.96,1850
FSL,2026-05-13 12:45:00,246.96,247.1,246.83,246.91,4939
FSL,2026-05-13 12:46:00,246.91,247.28,246.91,247.2,623
FSL,2026-05-13 12:47:00,247.2,247.26,247.0,247.24,3071
FSL,2026-05-13 12:48:00,247.03,247.24,246.93,247.05,2179
FSL,2026-05-13 12:49:00,247.0,247.44,246.95,247.44,7824
FSL,2026-05-13 12:50:00,247.15,247.88,247.15,247.51,3043
FSL,2026-05-13 12:51:00,247.51,247.69,247.51,247.6,1480
FSL,2026-05-13 12:52:00,247.6,247.75,247.5,247.5,1146
FSL,2026-05-13 12:53:00,247.5,247.9,247.5,247.85,1050
FSL,2026-05-13 12:54:00,247.85,248.32,247.85,248.28,945
FSL,2026-05-13 12:55:00,248.28,248.28,248.2,248.21,422
FSL,2026-05-13 12:56:00,248.27,248.49,248.21,248.21,3193
FSL,2026-05-13 12:57:00,248.27,248.35,248.21,248.35,936
FSL,2026-05-13 12:58:00,248.35,248.35,248.12,248.28,1097
FSL,2026-05-13 12:59:00,248.05,248.3,248.05,248.11,811
FSL,2026-05-13 13:00:00,248.12,248.27,247.61,247.75,1826
FSL,2026-05-13 13:01:00,247.75,247.75,247.56,247.56,379
FSL,2026-05-13 13:02:00,247.67,247.81,247.5,247.51,2493
FSL,2026-05-13 13:03:00,247.51,247.85,247.3,247.3,2265
FSL,2026-05-13 13:04:00,247.3,247.3,247.3,247.3,1146
FSL,2026-05-13 13:05:00,247.3,247.3,246.76,246.93,5057
FSL,2026-05-13 13:06:00,246.9,247.22,246.85,247.1,3973
FSL,2026-05-13 13:07:00,247.15,247.15,246.7,246.71,1826
FSL,2026-05-13 13:08:00,246.71,246.96,246.63,246.86,1327
FSL,2026-05-13 13:09:00,246.71,246.71,246.1,246.6,8698
FSL,2026-05-13 13:10:00,246.85,246.95,246.73,246.78,3851
FSL,2026-05-13 13:11:00,246.94,247.07,246.89,247.06,647
FSL,2026-05-13 13:12:00,246.87,247.06,246.78,246.78,3298
FSL,2026-05-13 13:13:00,246.78,246.78,246.56,246.65,36
FSL,2026-05-13 13:14:00,246.65,246.8,246.56,246.7,1671
FSL,2026-05-13 13:15:00,246.7,246.7,246.3,246.48,865
FSL,2026-05-13 13:16:00,246.48,246.54,246.21,246.35,3139
FSL,2026-05-13 13:17:00,246.35,246.48,246.27,246.27,394
FSL,2026-05-13 13:18:00,246.27,246.38,246.1,246.31,3558
FSL,2026-05-13 13:19:00,246.31,246.71,246.26,246.7,1663
FSL,2026-05-13 13:20:00,246.7,246.7,246.61,246.61,537
FSL,2026-05-13 13:21:00,246.69,246.7,244.3,245.55,49609
FSL,2026-05-13 13:22:00,245.55,246.35,244.35,244.37,40355
FSL,2026-05-13 13:23:00,244.37,244.37,244.01,244.19,17651
FSL,2026-05-13 13:24:00,244.19,245.31,244.12,245.0,5959
FSL,2026-05-13 13:25:00,245.0,245.05,244.26,244.65,5597
FSL,2026-05-13 13:26:00,244.62,244.69,243.53,243.69,19284
FSL,2026-05-13 13:27:00,243.53,243.67,243.36,243.5,4860
FSL,2026-05-13 13:28:00,243.33,243.53,243.16,243.3,9370
FSL,2026-05-13 13:29:00,243.3,243.34,243.01,243.1,11436
FSL,2026-05-13 13:30:00,243.1,243.54,242.94,243.28,9698
FSL,2026-05-13 13:31:00,243.28,243.28,243.13,243.26,2305
FSL,2026-05-13 13:32:00,243.43,243.43,243.18,243.42,4590
FSL,2026-05-13 13:33:00,243.66,243.66,242.75,243.24,9321
FSL,2026-05-13 13:34:00,243.27,243.47,243.23,243.29,3436
FSL,2026-05-13 13:35:00,243.29,243.48,243.23,243.23,1865
FSL,2026-05-13 13:36:00,243.32,243.32,243.21,243.28,454
FSL,2026-05-13 13:37:00,243.28,243.53,243.09,243.09,9520
FSL,2026-05-13 13:38:00,243.09,243.24,243.04,243.07,3337
FSL,2026-05-13 13:39:00,243.07,243.54,243.07,243.35,1234
FSL,2026-05-13 13:40:00,243.35,243.5,243.33,243.5,2668
FSL,2026-05-13 13:41:00,243.5,244.4,243.49,243.79,10591
FSL,2026-05-13 13:42:00,244.0,244.0,243.52,243.52,3774
FSL,2026-05-13 13:43:00,243.52,243.81,243.52,243.72,2039
FSL,2026-05-13 13:44:00,243.72,243.95,243.62,243.95,4111
FSL,2026-05-13 13:45:00,243.95,244.24,243.7,244.0,6880
FSL,2026-05-13 13:46:00,244.0,244.05,243.77,243.8,2351
FSL,2026-05-13 13:47:00,243.8,243.83,243.77,243.78,556
FSL,2026-05-13 13:48:00,243.84,243.93,243.7,243.7,2425
FSL,2026-05-13 13:49:00,243.7,243.7,243.4,243.41,8071
FSL,2026-05-13 13:50:00,243.41,243.46,243.0,243.46,11683
FSL,2026-05-13 13:51:00,243.19,243.61,243.19,243.42,3871
FSL,2026-05-13 13:52:00,243.42,243.93,243.42,243.77,2153
FSL,2026-05-13 13:53:00,243.77,244.2,243.77,244.11,9443
FSL,2026-05-13 13:54:00,244.1,244.57,244.1,244.4,2435
FSL,2026-05-13 13:55:00,244.4,244.48,243.63,243.77,7975
FSL,2026-05-13 13:56:00,243.77,244.21,243.77,244.21,3660
FSL,2026-05-13 13:57:00,244.21,244.32,244.09,244.32,260
FSL,2026-05-13 13:58:00,244.31,244.31,244.22,244.29,1480
FSL,2026-05-13 13:59:00,244.29,244.29,244.02,244.05,1973
FSL,2026-05-13 14:00:00,244.0,244.3,244.0,244.25,2751
FSL,2026-05-13 14:01:00,244.25,244.3,243.97,243.97,1769
FSL,2026-05-13 14:02:00,243.97,244.04,243.95,243.95,554
FSL,2026-05-13 14:03:00,244.0,244.22,244.0,244.03,1704
FSL,2026-05-13 14:04:00,244.03,244.19,244.03,244.19,937
FSL,2026-05-13 14:05:00,244.15,244.29,244.08,244.17,1306
FSL,2026-05-13 14:06:00,244.17,244.25,244.15,244.2,563
FSL,2026-05-13 14:07:00,244.35,244.39,244.35,244.35,5960
FSL,2026-05-13 14:08:00,244.35,244.35,244.2,244.28,79
FSL,2026-05-13 14:09:00,244.28,244.35,244.24,244.27,1232
FSL,2026-05-13 14:10:00,244.43,244.5,244.43,244.5,3476
FSL,2026-05-13 14:11:00,244.5,244.5,244.45,244.49,3290
FSL,2026-05-13 14:12:00,244.49,244.53,244.45,244.47,2901
FSL,2026-05-13 14:13:00,244.47,244.5,244.39,244.39,4354
FSL,2026-05-13 14:14:00,244.39,244.39,244.2,244.2,1210
FSL,2026-05-13 14:15:00,244.21,244.42,244.2,244.37,825
FSL,2026-05-13 14:16:00,244.27,244.42,244.25,244.39,1165
FSL,2026-05-13 14:17:00,244.25,244.35,244.25,244.32,236
FSL,2026-05-13 14:18:00,244.34,244.38,244.2,244.26,1449
FSL,2026-05-13 14:19:00,244.26,244.32,244.15,244.25,1008
FSL,2026-05-13 14:20:00,244.25,244.25,244.09,244.09,1268
FSL,2026-05-13 14:21:00,244.09,244.15,244.0,244.13,311
FSL,2026-05-13 14:22:00,244.13,244.2,244.0,244.0,2817
FSL,2026-05-13 14:23:00,244.01,244.12,244.0,244.0,4135
FSL,2026-05-13 14:24:00,244.01,244.17,244.01,244.02,820
FSL,2026-05-13 14:25:00,244.02,244.14,244.02,244.05,29
FSL,2026-05-13 14:26:00,244.05,244.24,244.05,244.17,1857
FSL,2026-05-13 14:27:00,244.16,244.16,244.06,244.06,186
FSL,2026-05-13 14:28:00,244.0,244.14,244.0,244.14,915
FSL,2026-05-13 14:29:00,244.14,244.14,244.07,244.14,422
FSL,2026-05-13 14:30:00,244.07,244.4,244.07,244.24,583
FSL,2026-05-13 14:31:00,244.24,244.4,244.24,244.35,462
FSL,2026-05-13 14:32:00,244.35,244.46,244.35,244.36,3486
FSL,2026-05-13 14:33:00,244.22,244.35,244.17,244.3,723
FSL,2026-05-13 14:34:00,244.29,244.36,244.21,244.28,772
FSL,2026-05-13 14:35:00,244.28,244.46,243.53,243.53,11622
FSL,2026-05-13 14:36:00,243.5,243.79,243.5,243.67,1919
FSL,2026-05-13 14:37:00,243.67,243.67,243.3,243.38,40919
FSL,2026-05-13 14:38:00,243.49,243.6,243.49,243.57,752
FSL,2026-05-13 14:39:00,243.57,243.82,243.57,243.78,1032
FSL,2026-05-13 14:40:00,243.8,243.87,243.6,243.6,2713
FSL,2026-05-13 14:41:00,243.77,243.78,243.57,243.58,975
FSL,2026-05-13 14:42:00,243.71,243.83,243.71,243.83,775
FSL,2026-05-13 14:43:00,243.83,244.3,243.59,244.18,8326
FSL,2026-05-13 14:44:00,244.18,244.3,244.18,244.2,4443
FSL,2026-05-13 14:45:00,244.09,244.09,243.66,243.67,5176
FSL,2026-05-13 14:46:00,243.67,244.13,243.67,244.1,224
FSL,2026-05-13 14:47:00,244.15,244.38,244.14,244.35,1469
FSL,2026-05-13 14:48:00,244.35,244.59,244.26,244.4,27297
FSL,2026-05-13 14:49:00,244.45,244.45,244.25,244.4,2022
FSL,2026-05-13 14:50:00,244.4,244.4,244.1,244.29,1282
FSL,2026-05-13 14:51:00,244.29,244.29,244.15,244.19,1129
FSL,2026-05-13 14:52:00,244.24,244.24,244.1,244.1,808
FSL,2026-05-13 14:53:00,244.1,244.54,244.1,244.19,4353
FSL,2026-05-13 14:54:00,244.19,244.27,244.14,244.15,1226
FSL,2026-05-13 14:55:00,244.15,244.2,243.96,244.2,4264
FSL,2026-05-13 14:56:00,244.2,244.2,244.05,244.19,889
FSL,2026-05-13 14:57:00,244.19,244.26,244.19,244.25,3544
FSL,2026-05-13 14:58:00,244.25,244.32,244.24,244.26,3021
FSL,2026-05-13 14:59:00,244.17,244.3,244.13,244.3,1833
FSL,2026-05-13 15:00:00,244.26,244.26,243.58,243.87,6789
FSL,2026-05-13 15:01:00,244.08,244.09,243.91,243.91,7847
FSL,2026-05-13 15:02:00,243.9,243.9,243.41,243.45,12606
FSL,2026-05-13 15:03:00,243.51,243.72,243.49,243.7,3535
FSL,2026-05-13 15:04:00,243.7,243.84,243.31,243.31,3434
FSL,2026-05-13 15:05:00,243.25,243.37,243.14,243.24,4173
FSL,2026-05-13 15:06:00,243.19,243.35,242.87,243.0,3053
FSL,2026-05-13 15:07:00,243.0,243.0,242.8,242.81,16173
FSL,2026-05-13 15:08:00,242.81,242.81,242.35,242.35,9330
FSL,2026-05-13 15:09:00,242.42,242.61,242.41,242.45,6234
FSL,2026-05-13 15:10:00,242.52,242.8,242.52,242.54,4242
FSL,2026-05-13 15:11:00,242.53,242.75,242.5,242.69,6085
FSL,2026-05-13 15:12:00,242.7,242.76,242.6,242.74,6801
FSL,2026-05-13 15:13:00,242.77,242.92,242.74,242.79,5076
FSL,2026-05-13 15:14:00,242.79,242.94,242.64,242.94,8645
FSL,2026-05-13 15:15:00,243.2,243.41,242.69,242.71,9215
FSL,2026-05-13 15:16:00,242.81,243.12,242.7,243.12,9503
FSL,2026-05-13 15:17:00,243.38,243.4,242.79,243.12,2200
FSL,2026-05-13 15:18:00,243.14,243.73,243.14,243.54,21239
FSL,2026-05-13 15:19:00,243.58,243.72,242.92,243.05,5946
FSL,2026-05-13 15:20:00,243.05,243.28,243.0,243.2,7589
FSL,2026-05-13 15:21:00,243.27,243.27,242.3,242.3,8991
FSL,2026-05-13 15:22:00,242.3,242.5,242.3,242.5,7812
FSL,2026-05-13 15:23:00,242.46,242.53,241.8,241.8,26278
FSL,2026-05-13 15:24:00,241.95,242.55,241.6,242.49,24628
FSL,2026-05-13 15:25:00,242.49,243.0,242.3,242.88,13113
FSL,2026-05-13 15:26:00,242.72,242.96,242.69,242.93,3390
FSL,2026-05-13 15:27:00,242.76,242.93,242.76,242.93,5149
FSL,2026-05-13 15:28:00,243.0,243.0,242.6,242.6,14646
FSL,2026-05-13 15:29:00,242.7,242.71,241.4,242.08,11738
FSL,2026-05-14 09:15:00,244.05,247.72,244.05,246.44,25961
FSL,2026-05-14 09:16:00,245.99,252.99,245.68,249.45,152306
FSL,2026-05-14 09:17:00,249.39,257.76,249.19,255.82,205513
FSL,2026-05-14 09:18:00,256.13,260.0,255.91,259.81,306169
FSL,2026-05-14 09:19:00,259.61,264.4,259.0,261.51,307713
FSL,2026-05-14 09:20:00,261.0,264.0,260.98,261.99,302676
FSL,2026-05-14 09:21:00,261.84,263.2,257.19,257.47,287223
FSL,2026-05-14 09:22:00,257.2,258.74,256.24,257.75,231740
FSL,2026-05-14 09:23:00,257.08,257.08,253.7,254.78,335023
FSL,2026-05-14 09:24:00,254.92,257.5,254.66,255.45,161163
FSL,2026-05-14 09:25:00,255.61,257.67,255.61,256.45,220865
FSL,2026-05-14 09:26:00,256.87,258.7,256.87,258.18,179930
FSL,2026-05-14 09:27:00,257.99,257.99,255.66,255.97,93734
FSL,2026-05-14 09:28:00,255.99,256.3,254.6,254.63,124643
FSL,2026-05-14 09:29:00,254.5,254.88,253.06,253.98,166533
FSL,2026-05-14 09:30:00,253.45,255.0,253.3,254.89,107892
FSL,2026-05-14 09:31:00,254.96,255.0,253.77,253.77,68142
FSL,2026-05-14 09:32:00,253.77,255.0,253.46,254.35,71482
FSL,2026-05-14 09:33:00,254.45,255.0,253.95,254.64,55397
FSL,2026-05-14 09:34:00,254.62,256.11,254.62,255.53,129301
FSL,2026-05-14 09:35:00,255.55,256.5,254.7,254.7,85954
FSL,2026-05-14 09:36:00,254.79,255.85,254.68,254.94,119122
FSL,2026-05-14 09:37:00,254.94,256.69,254.83,254.83,138404
FSL,2026-05-14 09:38:00,255.2,255.6,253.91,254.43,84821
FSL,2026-05-14 09:39:00,254.43,254.9,253.9,254.59,64118
FSL,2026-05-14 09:40:00,254.59,254.59,253.77,254.23,65875
FSL,2026-05-14 09:41:00,254.23,254.74,253.78,254.34,46584
FSL,2026-05-14 09:42:00,254.0,254.4,253.86,254.15,28810
FSL,2026-05-14 09:43:00,254.08,254.6,254.0,254.13,12714
FSL,2026-05-14 09:44:00,254.37,254.49,254.04,254.04,24272
FSL,2026-05-14 09:45:00,253.58,254.44,253.5,254.44,60502
FSL,2026-05-14 09:46:00,254.46,256.5,254.0,256.25,94748
FSL,2026-05-14 09:47:00,256.25,257.65,254.4,254.72,212459
FSL,2026-05-14 09:48:00,253.61,254.76,253.57,254.16,94788
FSL,2026-05-14 09:49:00,254.41,254.41,253.8,254.09,38796
FSL,2026-05-14 09:50:00,254.1,254.14,250.86,250.88,226812
FSL,2026-05-14 09:51:00,250.69,251.25,250.0,250.75,155879
FSL,2026-05-14 09:52:00,250.8,251.04,250.6,250.93,72257
FSL,2026-05-14 09:53:00,250.74,250.93,250.48,250.48,75031
FSL,2026-05-14 09:54:00,250.5,250.5,247.1,248.12,321284
FSL,2026-05-14 09:55:00,248.03,248.06,244.6,244.6,262505
FSL,2026-05-14 09:56:00,244.67,248.26,243.1,247.75,322878
FSL,2026-05-14 09:57:00,247.67,249.5,247.54,248.37,144433
FSL,2026-05-14 09:58:00,248.1,248.15,247.08,247.24,75344
FSL,2026-05-14 09:59:00,247.39,247.43,246.73,247.37,49258
FSL,2026-05-14 10:00:00,247.37,247.45,246.53,247.13,32080
FSL,2026-05-14 10:01:00,247.13,247.95,247.0,247.95,34596
FSL,2026-05-14 10:02:00,247.98,249.05,247.52,248.99,66289
FSL,2026-05-14 10:03:00,248.99,248.99,248.3,248.3,55540
FSL,2026-05-14 10:04:00,248.3,248.8,248.3,248.63,9035
FSL,2026-05-14 10:05:00,248.39,248.65,248.3,248.5,16123
FSL,2026-05-14 10:06:00,248.63,248.63,248.08,248.08,13161
FSL,2026-05-14 10:07:00,248.08,248.83,248.0,248.62,18194
FSL,2026-05-14 10:08:00,248.47,248.68,247.5,247.84,29928
FSL,2026-05-14 10:09:00,247.69,248.9,247.53,248.88,32867
FSL,2026-05-14 10:10:00,248.61,248.64,247.94,248.27,54366
FSL,2026-05-14 10:11:00,248.17,248.24,247.68,248.24,15563
FSL,2026-05-14 10:12:00,248.24,248.25,248.02,248.1,3488
FSL,2026-05-14 10:13:00,248.25,249.37,248.05,248.7,21250
FSL,2026-05-14 10:14:00,248.7,249.38,248.55,249.0,11875
FSL,2026-05-14 10:15:00,248.97,248.98,248.75,248.9,4840
FSL,2026-05-14 10:16:00,248.9,249.48,248.9,249.45,18246
FSL,2026-05-14 10:17:00,249.28,249.88,249.28,249.75,20954
FSL,2026-05-14 10:18:00,249.75,250.48,249.72,250.11,49039
FSL,2026-05-14 10:19:00,250.1,250.1,249.75,250.07,11529
FSL,2026-05-14 10:20:00,250.07,250.24,249.81,249.91,10743
FSL,2026-05-14 10:21:00,249.91,250.26,249.85,249.91,24011
FSL,2026-05-14 10:22:00,250.1,250.11,249.25,249.27,32417
FSL,2026-05-14 10:23:00,249.26,249.42,248.92,249.28,22012
FSL,2026-05-14 10:24:00,249.27,249.51,249.0,249.05,7673
FSL,2026-05-14 10:25:00,249.0,249.11,248.28,248.6,29214
FSL,2026-05-14 10:26:00,248.6,248.6,248.1,248.3,12748
FSL,2026-05-14 10:27:00,248.3,248.3,247.62,247.81,10593
FSL,2026-05-14 10:28:00,247.65,248.0,247.0,247.03,66049
FSL,2026-05-14 10:29:00,247.18,247.28,247.0,247.1,22431
FSL,2026-05-14 10:30:00,247.1,247.52,247.1,247.44,9188
FSL,2026-05-14 10:31:00,247.42,247.48,247.14,247.45,10630
FSL,2026-05-14 10:32:00,247.45,247.74,247.42,247.59,8054
FSL,2026-05-14 10:33:00,247.5,247.92,247.34,247.84,11242
FSL,2026-05-14 10:34:00,247.86,247.9,247.51,247.62,9498
FSL,2026-05-14 10:35:00,247.62,247.8,247.16,247.16,18420
FSL,2026-05-14 10:36:00,247.12,247.12,246.2,246.32,39458
FSL,2026-05-14 10:37:00,246.46,246.78,245.82,246.5,41399
FSL,2026-05-14 10:38:00,246.48,246.64,246.29,246.46,10766
FSL,2026-05-14 10:39:00,246.46,246.51,245.9,246.51,26110
FSL,2026-05-14 10:40:00,246.42,246.42,245.9,246.22,12146
FSL,2026-05-14 10:41:00,246.25,246.53,246.0,246.0,7327
FSL,2026-05-14 10:42:00,246.0,246.22,246.0,246.19,4232
FSL,2026-05-14 10:43:00,246.17,246.46,245.87,246.21,31335
FSL,2026-05-14 10:44:00,246.1,246.16,245.87,246.14,7012
FSL,2026-05-14 10:45:00,246.14,246.22,245.85,245.85,9247
FSL,2026-05-14 10:46:00,246.04,246.29,245.71,245.71,16983
FSL,2026-05-14 10:47:00,245.5,245.63,245.2,245.28,26898
FSL,2026-05-14 10:48:00,245.31,245.63,245.25,245.49,26589
FSL,2026-05-14 10:49:00,245.49,245.63,245.45,245.62,7585
FSL,2026-05-14 10:50:00,245.62,246.02,245.3,245.84,18851
FSL,2026-05-14 10:51:00,245.89,246.14,245.11,245.11,27865
FSL,2026-05-14 10:52:00,245.11,245.44,245.11,245.32,10072
FSL,2026-05-14 10:53:00,245.4,245.56,245.25,245.38,1852
FSL,2026-05-14 10:54:00,245.49,245.64,245.34,245.54,6275
FSL,2026-05-14 10:55:00,245.54,245.54,245.3,245.31,3680
FSL,2026-05-14 10:56:00,245.41,245.5,245.41,245.41,3672
FSL,2026-05-14 10:57:00,245.46,245.46,245.41,245.41,1536
FSL,2026-05-14 10:58:00,245.41,245.68,245.41,245.45,5110
FSL,2026-05-14 10:59:00,245.61,246.22,245.3,246.22,14207
FSL,2026-05-14 11:00:00,246.22,246.22,245.79,245.83,13450
FSL,2026-05-14 11:01:00,245.83,246.0,244.29,244.53,60101
FSL,2026-05-14 11:02:00,245.36,245.37,244.91,245.08,10837
FSL,2026-05-14 11:03:00,245.1,245.56,245.1,245.32,6361
FSL,2026-05-14 11:04:00,245.53,245.55,245.37,245.47,3723
FSL,2026-05-14 11:05:00,245.45,245.45,245.35,245.45,1258
FSL,2026-05-14 11:06:00,245.23,245.42,245.17,245.17,4184
FSL,2026-05-14 11:07:00,245.16,245.16,244.18,244.47,25738
FSL,2026-05-14 11:08:00,244.5,244.97,244.13,244.97,18811
FSL,2026-05-14 11:09:00,244.63,244.95,244.36,244.93,10499
FSL,2026-05-14 11:10:00,244.93,245.41,244.89,245.4,7245
FSL,2026-05-14 11:11:00,245.38,245.38,244.75,245.28,10969
FSL,2026-05-14 11:12:00,245.28,245.4,245.09,245.24,6678
FSL,2026-05-14 11:13:00,245.09,245.21,244.62,244.78,24274
FSL,2026-05-14 11:14:00,244.68,245.0,244.51,245.0,10986
FSL,2026-05-14 11:15:00,245.0,245.5,245.0,245.35,2881
FSL,2026-05-14 11:16:00,245.35,245.35,244.26,244.37,19825
FSL,2026-05-14 11:17:00,244.37,244.52,243.27,243.75,67782
FSL,2026-05-14 11:18:00,244.28,244.41,243.5,243.77,22037
FSL,2026-05-14 11:19:00,243.77,244.98,243.62,244.38,30176
FSL,2026-05-14 11:20:00,244.38,244.73,244.35,244.48,4915
FSL,2026-05-14 11:21:00,244.48,244.8,244.3,244.77,10536
FSL,2026-05-14 11:22:00,245.0,245.01,244.69,244.82,7026
FSL,2026-05-14 11:23:00,244.99,245.4,244.85,245.13,9615
FSL,2026-05-14 11:24:00,245.03,245.4,245.01,245.26,3424
FSL,2026-05-14 11:25:00,245.26,245.4,244.9,245.4,18806
FSL,2026-05-14 11:26:00,245.29,245.39,244.89,244.89,5069
FSL,2026-05-14 11:27:00,244.94,245.28,244.94,245.12,5794
FSL,2026-05-14 11:28:00,244.9,245.3,244.63,245.2,7767
FSL,2026-05-14 11:29:00,245.3,245.3,244.7,244.7,3177
FSL,2026-05-14 11:30:00,244.7,244.7,244.6,244.69,3723
FSL,2026-05-14 11:31:00,244.63,244.68,244.52,244.52,5506
FSL,2026-05-14 11:32:00,244.52,244.52,243.51,243.92,24170
FSL,2026-05-14 11:33:00,243.99,244.28,243.86,244.28,14484
FSL,2026-05-14 11:34:00,244.3,244.3,243.96,244.01,7297
FSL,2026-05-14 11:35:00,244.08,244.42,243.74,243.95,21621
FSL,2026-05-14 11:36:00,243.96,244.1,243.54,243.71,22781
FSL,2026-05-14 11:37:00,243.63,243.89,243.53,243.61,10274
FSL,2026-05-14 11:38:00,243.61,243.71,243.2,243.41,19705
FSL,2026-05-14 11:39:00,243.34,243.5,243.12,243.27,16654
FSL,2026-05-14 11:40:00,243.2,243.45,243.12,243.13,10046
FSL,2026-05-14 11:41:00,243.12,243.98,243.12,243.85,13218
FSL,2026-05-14 11:42:00,243.85,244.11,243.78,243.95,7394
FSL,2026-05-14 11:43:00,244.1,244.1,243.32,243.32,17994
FSL,2026-05-14 11:44:00,243.57,244.25,243.32,244.03,8748
FSL,2026-05-14 11:45:00,244.14,244.84,244.14,244.6,16737
FSL,2026-05-14 11:46:00,244.4,244.81,244.33,244.7,39975
FSL,2026-05-14 11:47:00,244.61,244.71,244.0,244.0,3530
FSL,2026-05-14 11:48:00,243.99,244.3,243.99,244.23,12106
FSL,2026-05-14 11:49:00,244.0,244.64,244.0,244.5,14702
FSL,2026-05-14 11:50:00,244.12,244.32,243.58,243.9,17245
FSL,2026-05-14 11:51:00,243.9,244.45,243.9,244.34,6462
FSL,2026-05-14 11:52:00,244.19,244.43,243.85,243.85,5583
FSL,2026-05-14 11:53:00,243.85,243.87,243.3,243.33,7218
FSL,2026-05-14 11:54:00,243.33,243.54,243.3,243.4,5169
FSL,2026-05-14 11:55:00,243.5,243.96,243.5,243.52,4495
FSL,2026-05-14 11:56:00,243.7,244.0,243.4,243.82,5424
FSL,2026-05-14 11:57:00,244.08,244.44,243.93,244.19,14109
FSL,2026-05-14 11:58:00,244.2,244.4,244.1,244.1,4789
FSL,2026-05-14 11:59:00,244.2,244.22,243.86,244.22,5733
FSL,2026-05-14 12:00:00,244.08,244.2,244.02,244.15,2670
FSL,2026-05-14 12:01:00,244.1,244.6,244.01,244.31,5046
FSL,2026-05-14 12:02:00,244.25,244.31,244.01,244.2,5906
FSL,2026-05-14 12:03:00,244.1,244.14,244.05,244.14,1529
FSL,2026-05-14 12:04:00,244.1,244.12,243.85,243.91,9537
FSL,2026-05-14 12:05:00,244.15,244.15,243.86,243.86,4622
FSL,2026-05-14 12:06:00,243.8,244.5,243.8,244.37,7698
FSL,2026-05-14 12:07:00,244.37,245.46,244.34,245.26,24488
FSL,2026-05-14 12:08:00,245.22,245.34,244.2,244.71,14710
FSL,2026-05-14 12:09:00,244.71,244.86,244.2,244.33,2909
FSL,2026-05-14 12:10:00,244.34,244.58,244.21,244.21,3234
FSL,2026-05-14 12:11:00,244.21,244.58,244.21,244.35,3216
FSL,2026-05-14 12:12:00,244.35,244.43,244.25,244.34,1734
FSL,2026-05-14 12:13:00,244.34,244.34,244.0,244.1,4336
FSL,2026-05-14 12:14:00,244.1,244.44,244.0,244.4,4892
FSL,2026-05-14 12:15:00,244.49,244.83,244.28,244.41,10570
FSL,2026-05-14 12:16:00,244.55,244.8,244.55,244.7,4994
FSL,2026-05-14 12:17:00,244.61,244.7,244.6,244.7,2398
FSL,2026-05-14 12:18:00,244.78,244.78,244.63,244.66,2151
FSL,2026-05-14 12:19:00,244.65,244.65,244.1,244.1,6378
FSL,2026-05-14 12:20:00,244.1,244.37,244.01,244.02,5684
FSL,2026-05-14 12:21:00,244.12,244.14,244.01,244.01,2669
FSL,2026-05-14 12:22:00,244.01,244.2,244.01,244.01,1710
FSL,2026-05-14 12:23:00,244.01,244.18,243.51,243.83,10420
FSL,2026-05-14 12:24:00,243.87,243.9,243.82,243.82,2324
FSL,2026-05-14 12:25:00,243.82,243.82,243.62,243.7,2618
FSL,2026-05-14 12:26:00,243.75,243.8,243.5,243.61,11564
FSL,2026-05-14 12:27:00,243.79,243.79,243.5,243.5,3686
FSL,2026-05-14 12:28:00,243.5,243.67,243.5,243.67,6950
FSL,2026-05-14 12:29:00,243.67,243.7,243.51,243.62,3238
FSL,2026-05-14 12:30:00,243.51,243.59,240.6,241.29,109036
FSL,2026-05-14 12:31:00,241.23,241.23,239.7,240.23,76783
FSL,2026-05-14 12:32:00,240.15,241.37,240.12,240.6,46481
FSL,2026-05-14 12:33:00,240.6,240.99,240.58,240.6,17368
FSL,2026-05-14 12:34:00,240.6,241.0,240.52,240.89,18959
FSL,2026-05-14 12:35:00,240.89,241.48,240.89,241.03,10515
FSL,2026-05-14 12:36:00,241.0,241.27,241.0,241.15,6753
FSL,2026-05-14 12:37:00,241.19,241.19,240.82,240.9,11387
FSL,2026-05-14 12:38:00,241.13,241.17,240.82,240.9,5065
FSL,2026-05-14 12:39:00,240.9,240.9,240.25,240.26,14676
FSL,2026-05-14 12:40:00,240.25,240.82,240.25,240.45,14715
FSL,2026-05-14 12:41:00,240.46,240.85,240.4,240.7,9384
FSL,2026-05-14 12:42:00,240.58,240.88,240.5,240.88,6791
FSL,2026-05-14 12:43:00,241.18,241.32,240.96,241.24,8956
FSL,2026-05-14 12:44:00,241.24,242.13,241.2,242.0,15302
FSL,2026-05-14 12:45:00,242.0,242.5,242.0,242.2,19547
FSL,2026-05-14 12:46:00,242.2,242.3,241.99,241.99,15236
FSL,2026-05-14 12:47:00,241.5,242.3,241.5,242.21,15107
FSL,2026-05-14 12:48:00,242.19,242.5,242.19,242.34,7130
FSL,2026-05-14 12:49:00,242.34,242.67,242.32,242.67,8528
FSL,2026-05-14 12:50:00,242.66,242.66,241.93,241.99,9961
FSL,2026-05-14 12:51:00,241.89,242.34,241.89,242.14,10138
FSL,2026-05-14 12:52:00,241.96,242.1,241.76,241.81,4680
FSL,2026-05-14 12:53:00,241.7,242.13,241.7,242.03,7287
FSL,2026-05-14 12:54:00,242.03,242.1,241.9,242.0,4938
FSL,2026-05-14 12:55:00,242.09,242.29,241.55,241.56,30130
FSL,2026-05-14 12:56:00,241.6,241.6,241.1,241.13,9863
FSL,2026-05-14 12:57:00,241.13,241.34,241.1,241.2,3914
FSL,2026-05-14 12:58:00,241.2,241.36,241.0,241.11,8196
FSL,2026-05-14 12:59:00,241.21,241.45,241.05,241.36,4130
FSL,2026-05-14 13:00:00,241.27,241.78,241.26,241.78,10533
FSL,2026-05-14 13:01:00,241.89,241.95,241.64,241.73,6385
FSL,2026-05-14 13:02:00,241.76,241.94,241.65,241.8,6479
FSL,2026-05-14 13:03:00,241.71,241.88,241.66,241.66,8014
FSL,2026-05-14 13:04:00,241.66,241.79,241.5,241.5,4581
FSL,2026-05-14 13:05:00,241.51,241.8,241.5,241.8,6709
FSL,2026-05-14 13:06:00,241.86,241.88,241.56,241.58,6320
FSL,2026-05-14 13:07:00,241.58,241.69,241.58,241.6,522
FSL,2026-05-14 13:08:00,241.68,241.68,241.56,241.56,1702
FSL,2026-05-14 13:09:00,241.6,241.69,241.6,241.62,1353
FSL,2026-05-14 13:10:00,241.62,241.7,241.62,241.62,4618
FSL,2026-05-14 13:11:00,241.62,241.71,241.38,241.5,4615
FSL,2026-05-14 13:12:00,241.5,241.72,241.5,241.56,12027
FSL,2026-05-14 13:13:00,241.56,241.88,241.39,241.64,5773
FSL,2026-05-14 13:14:00,241.4,241.53,241.16,241.24,4421
FSL,2026-05-14 13:15:00,241.05,241.45,241.03,241.36,4197
FSL,2026-05-14 13:16:00,241.36,241.36,241.09,241.2,14381
FSL,2026-05-14 13:17:00,241.32,241.56,241.21,241.56,6198
FSL,2026-05-14 13:18:00,241.55,241.74,241.24,241.4,1354
FSL,2026-05-14 13:19:00,241.55,241.85,241.34,241.7,4339
FSL,2026-05-14 13:20:00,241.66,241.8,241.63,241.71,2397
FSL,2026-05-14 13:21:00,241.75,242.0,241.75,241.97,7743
FSL,2026-05-14 13:22:00,241.97,241.97,241.3,241.32,1997
FSL,2026-05-14 13:23:00,241.32,241.73,241.27,241.34,3073
FSL,2026-05-14 13:24:00,241.34,241.58,241.34,241.46,994
FSL,2026-05-14 13:25:00,241.3,241.35,241.02,241.19,8157
FSL,2026-05-14 13:26:00,241.19,241.31,241.16,241.24,3943
FSL,2026-05-14 13:27:00,241.24,241.7,241.24,241.58,4244
FSL,2026-05-14 13:28:00,241.58,241.7,241.11,241.2,7241
FSL,2026-05-14 13:29:00,241.23,241.4,241.01,241.05,3041
FSL,2026-05-14 13:30:00,241.01,241.01,240.06,240.25,22554
FSL,2026-05-14 13:31:00,240.4,240.54,240.16,240.4,8867
FSL,2026-05-14 13:32:00,240.4,240.69,240.4,240.55,5020
FSL,2026-05-14 13:33:00,240.55,240.78,240.41,240.78,6976
FSL,2026-05-14 13:34:00,240.78,240.94,240.6,240.6,1829
FSL,2026-05-14 13:35:00,240.84,240.84,240.41,240.61,8305
FSL,2026-05-14 13:36:00,240.61,240.8,240.43,240.8,7271
FSL,2026-05-14 13:37:00,240.9,241.15,240.71,241.05,3076
FSL,2026-05-14 13:38:00,241.05,241.18,240.87,241.18,2405
FSL,2026-05-14 13:39:00,241.18,241.18,240.98,240.98,2415
FSL,2026-05-14 13:40:00,240.98,241.29,240.87,241.08,3073
FSL,2026-05-14 13:41:00,241.08,241.19,241.0,241.0,1627
FSL,2026-05-14 13:42:00,241.0,241.11,240.87,241.01,1021
FSL,2026-05-14 13:43:00,241.01,241.73,241.01,241.57,7244
FSL,2026-05-14 13:44:00,241.57,241.59,241.31,241.45,1594
FSL,2026-05-14 13:45:00,241.51,241.76,241.45,241.52,5517
FSL,2026-05-14 13:46:00,241.51,241.76,241.45,241.45,10952
FSL,2026-05-14 13:47:00,241.45,241.5,240.93,241.4,7844
FSL,2026-05-14 13:48:00,241.4,241.5,240.85,240.85,3944
FSL,2026-05-14 13:49:00,240.84,240.93,240.66,240.69,3334
FSL,2026-05-14 13:50:00,240.69,240.75,240.4,240.5,9037
FSL,2026-05-14 13:51:00,240.5,240.55,240.42,240.5,2526
FSL,2026-05-14 13:52:00,240.5,240.67,240.01,240.03,16759
FSL,2026-05-14 13:53:00,240.08,240.4,240.08,240.16,5398
FSL,2026-05-14 13:54:00,240.31,240.4,240.2,240.26,5156
FSL,2026-05-14 13:55:00,240.26,240.64,240.23,240.51,3350
FSL,2026-05-14 13:56:00,240.52,241.15,240.49,240.95,12009
FSL,2026-05-14 13:57:00,240.95,240.95,240.81,240.94,3790
FSL,2026-05-14 13:58:00,240.8,241.0,240.61,240.8,12817
FSL,2026-05-14 13:59:00,240.62,240.78,240.5,240.77,3383
FSL,2026-05-14 14:00:00,240.71,240.88,240.66,240.73,8524
FSL,2026-05-14 14:01:00,240.71,240.87,240.56,240.87,2140
FSL,2026-05-14 14:02:00,240.94,241.24,240.94,241.21,109129
FSL,2026-05-14 14:03:00,241.3,241.4,241.14,241.15,9147
FSL,2026-05-14 14:04:00,241.29,241.34,241.12,241.2,936
FSL,2026-05-14 14:05:00,241.2,241.65,241.16,241.65,21427
FSL,2026-05-14 14:06:00,241.68,241.8,241.47,241.67,12366
FSL,2026-05-14 14:07:00,241.67,241.98,241.67,241.98,4786
FSL,2026-05-14 14:08:00,241.9,242.1,241.6,241.6,5345
FSL,2026-05-14 14:09:00,241.6,241.8,241.6,241.8,1920
FSL,2026-05-14 14:10:00,241.67,241.8,241.62,241.72,3479
FSL,2026-05-14 14:11:00,241.79,241.88,241.64,241.71,4526
FSL,2026-05-14 14:12:00,241.69,241.69,241.19,241.19,5876
FSL,2026-05-14 14:13:00,241.19,241.19,240.78,240.92,4804
FSL,2026-05-14 14:14:00,240.92,241.2,240.9,241.2,4857
FSL,2026-05-14 14:15:00,241.01,241.48,241.01,241.37,3588
FSL,2026-05-14 14:16:00,241.3,241.66,241.3,241.53,1936
FSL,2026-05-14 14:17:00,241.53,241.53,241.17,241.21,5441
FSL,2026-05-14 14:18:00,241.16,241.27,241.01,241.08,3015
FSL,2026-05-14 14:19:00,241.07,241.09,240.55,240.58,10206
FSL,2026-05-14 14:20:00,240.58,240.84,240.5,240.71,8235
FSL,2026-05-14 14:21:00,240.71,240.94,240.71,240.85,3460
FSL,2026-05-14 14:22:00,240.8,240.99,240.6,240.83,9125
FSL,2026-05-14 14:23:00,240.86,241.05,240.86,241.04,1962
FSL,2026-05-14 14:24:00,241.11,241.26,241.04,241.16,3165
FSL,2026-05-14 14:25:00,241.16,241.28,241.04,241.1,5428
FSL,2026-05-14 14:26:00,241.06,241.1,241.01,241.02,1957
FSL,2026-05-14 14:27:00,241.02,241.11,240.77,240.77,11671
FSL,2026-05-14 14:28:00,240.77,240.88,240.67,240.71,2919
FSL,2026-05-14 14:29:00,240.7,240.86,240.43,240.53,27654
FSL,2026-05-14 14:30:00,240.95,241.15,240.95,241.0,5652
FSL,2026-05-14 14:31:00,240.81,240.81,240.25,240.58,11972
FSL,2026-05-14 14:32:00,240.4,240.66,240.3,240.3,6249
FSL,2026-05-14 14:33:00,240.35,240.62,240.27,240.29,5434
FSL,2026-05-14 14:34:00,240.28,240.42,240.25,240.26,8602
FSL,2026-05-14 14:35:00,240.26,240.5,240.02,240.33,40371
FSL,2026-05-14 14:36:00,240.3,240.45,240.05,240.41,7533
FSL,2026-05-14 14:37:00,240.18,240.45,240.17,240.3,1534
FSL,2026-05-14 14:38:00,240.43,240.43,240.2,240.25,2254
FSL,2026-05-14 14:39:00,240.25,240.36,240.15,240.2,2294
FSL,2026-05-14 14:40:00,240.0,240.25,240.0,240.25,5922
FSL,2026-05-14 14:41:00,240.11,240.67,240.11,240.67,3150
FSL,2026-05-14 14:42:00,240.65,240.95,240.62,240.73,6934
FSL,2026-05-14 14:43:00,240.73,241.03,240.56,240.94,13959
FSL,2026-05-14 14:44:00,241.02,241.5,241.02,241.38,16410
FSL,2026-05-14 14:45:00,241.23,241.83,241.2,241.83,37289
FSL,2026-05-14 14:46:00,241.7,241.8,241.31,241.4,6914
FSL,2026-05-14 14:47:00,241.4,241.48,241.32,241.45,9060
FSL,2026-05-14 14:48:00,241.45,241.45,241.3,241.35,3159
FSL,2026-05-14 14:49:00,241.49,241.5,241.24,241.24,5348
FSL,2026-05-14 14:50:00,241.35,241.4,241.0,241.12,7094
FSL,2026-05-14 14:51:00,241.38,241.6,241.12,241.36,43688
FSL,2026-05-14 14:52:00,241.36,241.5,241.25,241.35,2073
FSL,2026-05-14 14:53:00,241.34,241.8,241.34,241.63,26949
FSL,2026-05-14 14:54:00,241.79,241.79,241.36,241.36,6815
FSL,2026-05-14 14:55:00,241.36,241.36,240.76,240.83,7296
FSL,2026-05-14 14:56:00,240.84,240.84,240.55,240.59,8991
FSL,2026-05-14 14:57:00,240.8,240.87,240.67,240.78,2994
FSL,2026-05-14 14:58:00,240.86,240.95,240.66,240.95,2691
FSL,2026-05-14 14:59:00,240.77,241.0,240.77,240.81,6333
FSL,2026-05-14 15:00:00,240.99,241.0,240.65,240.7,7759
FSL,2026-05-14 15:01:00,240.61,240.61,239.19,240.0,76489
FSL,2026-05-14 15:02:00,239.8,240.47,239.1,239.2,50933
FSL,2026-05-14 15:03:00,239.42,239.68,239.1,239.5,21468
FSL,2026-05-14 15:04:00,239.5,239.88,239.4,239.62,15499
FSL,2026-05-14 15:05:00,239.7,239.9,239.62,239.66,18681
FSL,2026-05-14 15:06:00,239.87,239.87,239.5,239.5,2820
FSL,2026-05-14 15:07:00,239.48,239.57,238.0,238.78,96653
FSL,2026-05-14 15:08:00,238.85,239.64,238.79,239.52,52645
FSL,2026-05-14 15:09:00,239.6,239.6,238.65,238.65,15681
FSL,2026-05-14 15:10:00,238.73,238.87,238.1,238.38,111170
FSL,2026-05-14 15:11:00,238.3,238.51,238.22,238.4,20343
FSL,2026-05-14 15:12:00,238.09,238.33,237.91,238.0,36602
FSL,2026-05-14 15:13:00,238.1,239.0,238.1,238.5,41971
FSL,2026-05-14 15:14:00,238.5,238.99,238.3,238.9,50352
FSL,2026-05-14 15:15:00,238.9,239.26,238.69,239.25,45413
FSL,2026-05-14 15:16:00,239.24,239.97,239.13,239.78,43540
FSL,2026-05-14 15:17:00,239.93,240.34,239.93,240.32,32821
FSL,2026-05-14 15:18:00,240.31,240.39,239.01,239.65,99904
FSL,2026-05-14 15:19:00,239.92,241.89,239.79,241.46,60978
FSL,2026-05-14 15:20:00,241.45,241.84,241.18,241.84,78286
FSL,2026-05-14 15:21:00,241.84,241.9,241.21,241.43,26360
FSL,2026-05-14 15:22:00,241.45,241.74,241.2,241.69,16601
FSL,2026-05-14 15:23:00,241.71,241.71,240.5,240.6,17717
FSL,2026-05-14 15:24:00,240.5,240.93,239.0,240.9,65805
FSL,2026-05-14 15:25:00,240.81,241.72,240.3,240.89,48187
FSL,2026-05-14 15:26:00,240.88,241.74,240.8,241.4,31398
FSL,2026-05-14 15:27:00,241.25,241.5,241.16,241.5,14488
FSL,2026-05-14 15:28:00,241.5,241.5,241.27,241.5,13928
FSL,2026-05-14 15:29:00,241.55,241.6,241.1,241.25,14842
FSL,2026-05-15 09:15:00,242.85,244.37,241.83,243.15,91715
FSL,2026-05-15 09:16:00,244.0,244.0,241.5,242.84,89836
FSL,2026-05-15 09:17:00,242.46,242.65,241.11,241.35,33002
FSL,2026-05-15 09:18:00,241.24,242.5,240.66,242.49,44707
FSL,2026-05-15 09:19:00,242.27,242.32,242.03,242.15,23638
FSL,2026-05-15 09:20:00,242.0,242.29,241.41,241.41,30099
FSL,2026-05-15 09:21:00,241.5,242.4,241.5,241.9,11811
FSL,2026-05-15 09:22:00,241.57,241.81,241.31,241.71,11391
FSL,2026-05-15 09:23:00,241.5,241.71,241.32,241.57,16376
FSL,2026-05-15 09:24:00,241.73,242.29,241.6,242.05,9104
FSL,2026-05-15 09:25:00,242.28,242.6,242.05,242.29,18726
FSL,2026-05-15 09:26:00,242.24,242.42,241.8,242.12,13661
FSL,2026-05-15 09:27:00,242.12,242.34,242.11,242.34,11862
FSL,2026-05-15 09:28:00,242.74,242.74,241.81,241.81,12345
FSL,2026-05-15 09:29:00,241.89,242.05,241.6,241.63,10323
FSL,2026-05-15 09:30:00,241.63,241.63,240.37,240.37,15088
FSL,2026-05-15 09:31:00,240.44,240.44,239.25,239.51,34239
FSL,2026-05-15 09:32:00,239.51,239.64,239.3,239.64,24904
FSL,2026-05-15 09:33:00,239.75,240.52,239.75,240.0,11024
FSL,2026-05-15 09:34:00,239.84,239.88,239.01,239.04,11731
FSL,2026-05-15 09:35:00,239.12,239.58,239.0,239.58,20260
FSL,2026-05-15 09:36:00,239.52,239.7,239.2,239.22,12362
FSL,2026-05-15 09:37:00,239.22,239.45,239.22,239.38,5481
FSL,2026-05-15 09:38:00,239.33,240.35,239.33,240.35,9970
FSL,2026-05-15 09:39:00,240.19,240.22,239.92,240.22,5310
FSL,2026-05-15 09:40:00,240.16,240.22,239.66,239.68,7445
FSL,2026-05-15 09:41:00,239.8,240.8,239.8,240.62,5808
FSL,2026-05-15 09:42:00,240.77,240.86,240.46,240.46,9595
FSL,2026-05-15 09:43:00,240.48,241.5,240.48,241.34,8390
FSL,2026-05-15 09:44:00,241.28,241.53,241.21,241.31,9591
FSL,2026-05-15 09:45:00,241.46,241.68,241.08,241.2,6119
FSL,2026-05-15 09:46:00,241.08,241.45,241.08,241.45,1902
FSL,2026-05-15 09:47:00,241.35,242.1,241.35,242.09,10051
FSL,2026-05-15 09:48:00,242.1,242.1,241.66,241.99,6575
FSL,2026-05-15 09:49:00,241.89,241.95,241.79,241.79,2016
FSL,2026-05-15 09:50:00,241.67,241.99,241.5,241.98,6313
FSL,2026-05-15 09:51:00,241.99,242.09,241.69,241.95,6067
FSL,2026-05-15 09:52:00,242.0,242.1,241.9,241.9,5578
FSL,2026-05-15 09:53:00,241.77,241.8,240.97,241.25,7151
FSL,2026-05-15 09:54:00,241.25,241.58,241.2,241.58,6767
FSL,2026-05-15 09:55:00,241.57,241.57,241.09,241.12,2619
FSL,2026-05-15 09:56:00,241.13,241.27,241.0,241.0,1798
FSL,2026-05-15 09:57:00,241.23,241.39,241.12,241.17,2372
FSL,2026-05-15 09:58:00,241.17,241.17,240.97,240.97,4485
FSL,2026-05-15 09:59:00,240.98,241.16,240.81,240.82,2928
FSL,2026-05-15 10:00:00,240.82,240.9,240.82,240.82,1006
FSL,2026-05-15 10:01:00,240.83,240.9,240.6,240.65,5778
FSL,2026-05-15 10:02:00,240.65,240.65,240.39,240.6,6189
FSL,2026-05-15 10:03:00,240.74,240.98,240.51,240.55,2854
FSL,2026-05-15 10:04:00,240.58,241.21,240.58,240.88,1932
FSL,2026-05-15 10:05:00,240.88,241.15,240.8,241.15,2134
FSL,2026-05-15 10:06:00,241.15,241.15,240.99,240.99,1648
FSL,2026-05-15 10:07:00,240.99,241.0,240.9,240.9,1144
FSL,2026-05-15 10:08:00,240.9,240.91,240.9,240.9,442
FSL,2026-05-15 10:09:00,240.9,240.9,240.5,240.5,4442
FSL,2026-05-15 10:10:00,240.5,240.72,240.4,240.4,9359
FSL,2026-05-15 10:11:00,240.39,240.42,240.11,240.18,2708
FSL,2026-05-15 10:12:00,240.18,240.72,240.18,240.36,2201
FSL,2026-05-15 10:13:00,240.65,240.65,240.19,240.19,3131
FSL,2026-05-15 10:14:00,240.2,240.75,240.2,240.72,1073
FSL,2026-05-15 10:15:00,240.72,240.94,240.72,240.94,3406
FSL,2026-05-15 10:16:00,240.93,240.95,240.55,240.69,3779
FSL,2026-05-15 10:17:00,240.69,240.7,240.38,240.38,3413
FSL,2026-05-15 10:18:00,240.38,240.57,240.35,240.57,710
FSL,2026-05-15 10:19:00,240.57,240.7,240.41,240.54,1947
FSL,2026-05-15 10:20:00,240.54,240.54,240.13,240.34,3556
FSL,2026-05-15 10:21:00,240.34,240.49,240.22,240.49,798
FSL,2026-05-15 10:22:00,240.35,240.69,240.35,240.65,987
FSL,2026-05-15 10:23:00,240.6,240.72,240.46,240.48,1203
FSL,2026-05-15 10:24:00,240.52,240.55,240.4,240.55,124
FSL,2026-05-15 10:25:00,240.55,240.87,240.55,240.85,1490
FSL,2026-05-15 10:26:00,240.83,240.83,240.66,240.75,2376
FSL,2026-05-15 10:27:00,240.65,240.66,240.65,240.66,323
FSL,2026-05-15 10:28:00,240.67,240.67,240.24,240.24,2139
FSL,2026-05-15 10:29:00,240.24,240.46,240.24,240.25,1404
FSL,2026-05-15 10:30:00,240.2,240.28,239.43,239.67,10949
FSL,2026-05-15 10:31:00,239.67,239.78,239.5,239.57,3152
FSL,2026-05-15 10:32:00,239.57,239.63,239.5,239.58,1673
FSL,2026-05-15 10:33:00,239.58,239.63,239.36,239.36,1435
FSL,2026-05-15 10:34:00,239.4,239.69,239.3,239.69,2099
FSL,2026-05-15 10:35:00,239.69,240.04,239.69,240.0,3085
FSL,2026-05-15 10:36:00,240.0,240.15,240.0,240.01,421
FSL,2026-05-15 10:37:00,240.01,240.06,239.4,239.4,5546
FSL,2026-05-15 10:38:00,239.5,239.56,239.07,239.33,6242
FSL,2026-05-15 10:39:00,239.33,239.33,238.6,238.7,16703
FSL,2026-05-15 10:40:00,238.97,239.15,238.69,238.91,9154
FSL,2026-05-15 10:41:00,238.91,239.22,238.91,239.22,1392
FSL,2026-05-15 10:42:00,239.06,239.4,239.06,239.36,1228
FSL,2026-05-15 10:43:00,239.37,239.42,239.21,239.4,1444
FSL,2026-05-15 10:44:00,239.26,239.47,239.26,239.26,1006
FSL,2026-05-15 10:45:00,239.4,239.91,239.4,239.75,5393
FSL,2026-05-15 10:46:00,239.75,239.97,239.75,239.97,1411
FSL,2026-05-15 10:47:00,239.97,239.97,239.44,239.75,3871
FSL,2026-05-15 10:48:00,239.75,239.84,239.59,239.84,4382
FSL,2026-05-15 10:49:00,239.84,239.9,239.75,239.9,768
FSL,2026-05-15 10:50:00,239.9,240.36,239.9,240.07,9179
FSL,2026-05-15 10:51:00,240.0,240.22,240.0,240.04,307
FSL,2026-05-15 10:52:00,240.19,240.45,240.19,240.22,2448
FSL,2026-05-15 10:53:00,240.23,240.23,240.19,240.19,242
FSL,2026-05-15 10:54:00,240.19,240.25,240.19,240.25,1920
FSL,2026-05-15 10:55:00,240.25,240.25,240.0,240.0,4090
FSL,2026-05-15 10:56:00,240.18,240.34,240.18,240.21,6020
FSL,2026-05-15 10:57:00,240.21,240.46,240.21,240.46,1993
FSL,2026-05-15 10:58:00,240.46,240.56,240.2,240.33,3377
FSL,2026-05-15 10:59:00,240.79,240.9,240.62,240.83,8011
FSL,2026-05-15 11:00:00,240.82,240.82,240.57,240.79,2626
FSL,2026-05-15 11:01:00,240.73,240.73,240.31,240.31,546
FSL,2026-05-15 11:02:00,240.31,240.47,240.31,240.45,1605
FSL,2026-05-15 11:03:00,240.45,240.45,240.15,240.35,2489
FSL,2026-05-15 11:04:00,240.35,240.35,240.1,240.11,585
FSL,2026-05-15 11:05:00,240.24,240.29,240.0,240.0,1999
FSL,2026-05-15 11:06:00,240.0,240.1,239.84,240.0,991
FSL,2026-05-15 11:07:00,239.77,239.99,239.77,239.78,646
FSL,2026-05-15 11:08:00,239.78,239.8,239.5,239.67,8244
FSL,2026-05-15 11:09:00,239.67,239.75,239.56,239.56,1775
FSL,2026-05-15 11:10:00,239.56,239.63,239.56,239.6,229
FSL,2026-05-15 11:11:00,239.6,239.92,239.6,239.76,1007
FSL,2026-05-15 11:12:00,239.76,239.76,239.54,239.6,1189
FSL,2026-05-15 11:13:00,239.6,239.74,239.5,239.74,1724
FSL,2026-05-15 11:14:00,239.74,239.75,239.5,239.5,348
FSL,2026-05-15 11:15:00,239.5,239.64,239.5,239.5,201
FSL,2026-05-15 11:16:00,239.5,239.88,239.5,239.74,2340
FSL,2026-05-15 11:17:00,239.74,239.88,239.6,239.6,357
FSL,2026-05-15 11:18:00,239.6,239.77,239.6,239.72,659
FSL,2026-05-15 11:19:00,239.7,240.36,239.52,240.29,5537
FSL,2026-05-15 11:20:00,240.31,240.31,239.98,239.98,743
FSL,2026-05-15 11:21:00,239.98,240.16,239.87,239.87,330
FSL,2026-05-15 11:22:00,240.18,240.18,239.72,239.87,1449
FSL,2026-05-15 11:23:00,239.87,240.44,239.87,240.32,1367
FSL,2026-05-15 11:24:00,240.32,240.44,240.29,240.32,860
FSL,2026-05-15 11:25:00,240.32,240.37,240.23,240.28,420
FSL,2026-05-15 11:26:00,240.28,240.35,240.15,240.15,309
FSL,2026-05-15 11:27:00,240.1,240.1,239.89,240.0,408
FSL,2026-05-15 11:28:00,240.0,240.08,239.8,239.99,1468
FSL,2026-05-15 11:29:00,239.99,240.0,239.98,239.98,728
FSL,2026-05-15 11:30:00,239.98,239.98,239.57,239.57,1087
FSL,2026-05-15 11:31:00,239.04,239.04,238.7,238.93,18861
FSL,2026-05-15 11:32:00,238.87,238.99,238.87,238.9,1831
FSL,2026-05-15 11:33:00,239.0,239.0,238.9,238.95,510
FSL,2026-05-15 11:34:00,238.95,239.28,238.95,239.08,2939
FSL,2026-05-15 11:35:00,239.08,239.2,238.95,239.0,1112
FSL,2026-05-15 11:36:00,239.0,239.13,238.95,239.0,1162
FSL,2026-05-15 11:37:00,239.0,239.26,239.0,239.14,416
FSL,2026-05-15 11:38:00,239.14,239.23,239.08,239.08,312
FSL,2026-05-15 11:39:00,239.08,239.37,239.04,239.35,1050
FSL,2026-05-15 11:40:00,239.35,239.43,239.15,239.17,333
FSL,2026-05-15 11:41:00,239.17,239.34,239.17,239.2,680
FSL,2026-05-15 11:42:00,239.1,239.4,239.1,239.21,1426
FSL,2026-05-15 11:43:00,239.1,239.2,239.04,239.2,376
FSL,2026-05-15 11:44:00,239.2,239.34,239.15,239.34,340
FSL,2026-05-15 11:45:00,239.34,239.34,239.15,239.21,1778
FSL,2026-05-15 11:46:00,239.21,239.34,239.21,239.34,121
FSL,2026-05-15 11:47:00,239.34,239.43,239.34,239.43,259
FSL,2026-05-15 11:48:00,239.49,239.49,239.35,239.35,242
FSL,2026-05-15 11:49:00,239.35,239.36,239.35,239.36,381
FSL,2026-05-15 11:50:00,239.51,239.51,239.35,239.35,251
FSL,2026-05-15 11:51:00,239.35,239.36,239.17,239.35,812
FSL,2026-05-15 11:52:00,239.35,239.35,239.35,239.35,81
FSL,2026-05-15 11:53:00,239.35,239.51,239.35,239.51,356
FSL,2026-05-15 11:54:00,239.35,239.51,239.35,239.51,741
FSL,2026-05-15 11:55:00,239.51,239.51,238.8,238.8,4989
FSL,2026-05-15 11:56:00,238.8,239.04,238.8,239.04,1144
FSL,2026-05-15 11:57:00,238.96,239.22,238.96,239.14,1361
FSL,2026-05-15 11:58:00,239.21,239.21,239.02,239.02,764
FSL,2026-05-15 11:59:00,239.02,239.21,239.02,239.21,292
FSL,2026-05-15 12:00:00,239.21,239.23,239.21,239.23,27
FSL,2026-05-15 12:01:00,239.23,239.29,239.2,239.2,556
FSL,2026-05-15 12:02:00,239.11,239.37,239.11,239.32,2930
FSL,2026-05-15 12:03:00,239.32,239.32,239.06,239.06,1883
FSL,2026-05-15 12:04:00,239.06,239.56,239.06,239.43,388
FSL,2026-05-15 12:05:00,239.4,239.74,239.4,239.69,406
FSL,2026-05-15 12:06:00,239.56,239.7,239.51,239.7,228
FSL,2026-05-15 12:07:00,239.7,239.84,239.7,239.71,1852
FSL,2026-05-15 12:08:00,239.83,239.83,239.53,239.53,572
FSL,2026-05-15 12:09:00,239.53,239.53,239.08,239.2,2589
FSL,2026-05-15 12:10:00,239.2,239.26,239.2,239.26,55
FSL,2026-05-15 12:11:00,239.26,239.44,239.26,239.38,598
FSL,2026-05-15 12:12:00,239.38,239.39,239.26,239.36,521
FSL,2026-05-15 12:13:00,239.36,239.36,239.2,239.2,439
FSL,2026-05-15 12:14:00,239.2,239.32,239.07,239.1,789
FSL,2026-05-15 12:15:00,239.1,239.3,239.01,239.3,1479
FSL,2026-05-15 12:16:00,239.3,239.3,238.8,238.8,5723
FSL,2026-05-15 12:17:00,238.8,239.0,238.8,239.0,2600
FSL,2026-05-15 12:18:00,239.0,239.0,238.81,238.97,1806
FSL,2026-05-15 12:19:00,238.97,238.98,238.83,238.98,260
FSL,2026-05-15 12:20:00,238.98,238.98,238.81,238.82,451
FSL,2026-05-15 12:21:00,238.9,238.99,238.82,238.99,1110
FSL,2026-05-15 12:22:00,238.82,238.82,238.6,238.6,9883
FSL,2026-05-15 12:23:00,238.66,238.67,238.6,238.6,1169
FSL,2026-05-15 12:24:00,238.6,238.67,238.6,238.66,3377
FSL,2026-05-15 12:25:00,238.66,238.66,238.6,238.64,402
FSL,2026-05-15 12:26:00,238.63,238.74,238.5,238.62,3259
FSL,2026-05-15 12:27:00,238.62,238.62,238.25,238.53,2916
FSL,2026-05-15 12:28:00,238.53,238.53,238.45,238.45,1000
FSL,2026-05-15 12:29:00,238.45,238.45,238.0,238.0,14716
FSL,2026-05-15 12:30:00,238.0,238.07,237.91,238.0,1576
FSL,2026-05-15 12:31:00,238.0,238.09,238.0,238.09,69
FSL,2026-05-15 12:32:00,238.0,238.05,238.0,238.01,1768
FSL,2026-05-15 12:33:00,238.06,238.35,238.06,238.22,2210
FSL,2026-05-15 12:34:00,238.06,238.2,238.06,238.06,987
FSL,2026-05-15 12:35:00,238.06,238.2,238.0,238.0,2539
FSL,2026-05-15 12:36:00,238.0,238.16,237.5,237.5,10170
FSL,2026-05-15 12:37:00,237.5,237.79,237.5,237.75,2049
FSL,2026-05-15 12:38:00,237.75,237.79,237.73,237.74,847
FSL,2026-05-15 12:39:00,237.74,237.84,237.74,237.8,1297
FSL,2026-05-15 12:40:00,237.8,237.9,237.8,237.9,299
FSL,2026-05-15 12:41:00,237.9,238.93,237.75,238.74,11478
FSL,2026-05-15 12:42:00,238.74,238.74,238.67,238.67,375
FSL,2026-05-15 12:43:00,238.67,238.7,238.6,238.6,604
FSL,2026-05-15 12:44:00,238.61,238.67,238.61,238.62,36
FSL,2026-05-15 12:45:00,238.62,238.91,238.62,238.67,11508
FSL,2026-05-15 12:46:00,238.65,238.97,238.65,238.95,1453
FSL,2026-05-15 12:47:00,238.95,238.98,238.79,238.81,106
FSL,2026-05-15 12:48:00,238.81,238.96,238.81,238.96,201
FSL,2026-05-15 12:49:00,238.96,238.96,238.84,238.85,279
FSL,2026-05-15 12:50:00,238.85,239.0,238.85,238.89,1836
FSL,2026-05-15 12:51:00,238.89,239.0,238.89,238.9,198
FSL,2026-05-15 12:52:00,238.9,238.94,238.67,238.88,1725
FSL,2026-05-15 12:53:00,238.88,238.88,238.6,238.6,1517
FSL,2026-05-15 12:54:00,238.6,238.66,238.32,238.32,271
FSL,2026-05-15 12:55:00,238.32,238.52,238.32,238.4,573
FSL,2026-05-15 12:56:00,238.4,238.51,238.4,238.49,608
FSL,2026-05-15 12:57:00,238.49,238.51,238.32,238.51,386
FSL,2026-05-15 12:58:00,238.51,238.61,238.51,238.52,1402
FSL,2026-05-15 12:59:00,238.52,238.6,238.52,238.6,287
FSL,2026-05-15 13:00:00,238.76,238.84,238.66,238.84,679
FSL,2026-05-15 13:01:00,238.84,238.84,238.72,238.84,1024
FSL,2026-05-15 13:02:00,238.84,238.84,238.72,238.75,48
FSL,2026-05-15 13:03:00,238.75,238.86,238.75,238.86,65
FSL,2026-05-15 13:04:00,238.86,238.86,238.77,238.86,99
FSL,2026-05-15 13:05:00,238.86,238.88,238.86,238.88,1079
FSL,2026-05-15 13:06:00,238.88,238.93,238.8,238.88,214
FSL,2026-05-15 13:07:00,238.88,238.88,238.82,238.86,44
FSL,2026-05-15 13:08:00,238.86,238.92,238.86,238.86,720
FSL,2026-05-15 13:09:00,238.86,238.91,238.85,238.91,87
FSL,2026-05-15 13:10:00,238.98,238.98,238.74,238.74,660
FSL,2026-05-15 13:11:00,238.99,238.99,238.82,238.94,1028
FSL,2026-05-15 13:12:00,238.94,238.95,238.77,238.77,180
FSL,2026-05-15 13:13:00,238.77,238.94,238.74,238.8,495
FSL,2026-05-15 13:14:00,238.93,238.94,238.81,238.92,66
FSL,2026-05-15 13:15:00,238.92,238.92,238.72,238.72,214
FSL,2026-05-15 13:16:00,238.8,238.8,238.7,238.8,267
FSL,2026-05-15 13:17:00,238.8,238.88,238.63,238.63,571
FSL,2026-05-15 13:18:00,238.63,238.72,238.63,238.72,183
FSL,2026-05-15 13:19:00,238.72,238.72,238.66,238.72,148
FSL,2026-05-15 13:20:00,238.8,238.8,238.8,238.8,339
FSL,2026-05-15 13:21:00,238.8,238.92,238.8,238.92,619
FSL,2026-05-15 13:22:00,238.92,238.92,238.85,238.85,59
FSL,2026-05-15 13:23:00,238.9,238.9,238.85,238.85,30
FSL,2026-05-15 13:24:00,238.85,238.97,238.85,238.97,280
FSL,2026-05-15 13:25:00,238.99,238.99,238.85,238.85,496
FSL,2026-05-15 13:26:00,238.85,238.99,238.81,238.81,720
FSL,2026-05-15 13:27:00,238.63,238.8,238.63,238.8,1228
FSL,2026-05-15 13:28:00,238.79,238.79,238.62,238.62,239
FSL,2026-05-15 13:29:00,238.6,238.73,238.6,238.63,400
FSL,2026-05-15 13:30:00,238.63,238.72,238.61,238.61,48
FSL,2026-05-15 13:31:00,238.61,238.61,238.45,238.45,768
FSL,2026-05-15 13:32:00,238.54,238.54,238.42,238.45,24
FSL,2026-05-15 13:33:00,238.45,238.49,238.3,238.3,658
FSL,2026-05-15 13:34:00,238.2,238.2,238.11,238.19,818
FSL,2026-05-15 13:35:00,238.19,238.22,238.19,238.22,1148
FSL,2026-05-15 13:36:00,238.22,238.23,238.22,238.23,251
FSL,2026-05-15 13:37:00,238.23,238.23,238.0,238.02,516
FSL,2026-05-15 13:38:00,238.02,238.03,238.0,238.03,1275
FSL,2026-05-15 13:39:00,238.03,238.07,238.03,238.07,483
FSL,2026-05-15 13:40:00,238.06,238.1,238.0,238.1,1399
FSL,2026-05-15 13:41:00,237.95,238.13,237.82,238.13,4562
FSL,2026-05-15 13:42:00,238.19,238.19,237.93,238.0,1172
FSL,2026-05-15 13:43:00,238.0,238.02,237.82,237.95,1391
FSL,2026-05-15 13:44:00,237.95,238.02,237.89,238.01,471
FSL,2026-05-15 13:45:00,238.01,238.32,238.01,238.12,319
FSL,2026-05-15 13:46:00,238.2,238.25,238.05,238.07,728
FSL,2026-05-15 13:47:00,238.02,238.02,237.6,237.6,2900
FSL,2026-05-15 13:48:00,237.6,237.65,237.0,237.3,11597
FSL,2026-05-15 13:49:00,237.32,237.41,237.32,237.37,2114
FSL,2026-05-15 13:50:00,237.53,237.57,237.4,237.4,2742
FSL,2026-05-15 13:51:00,237.4,237.5,237.3,237.41,1760
FSL,2026-05-15 13:52:00,237.41,237.42,237.33,237.42,274
FSL,2026-05-15 13:53:00,237.56,237.61,237.54,237.54,1888
FSL,2026-05-15 13:54:00,237.6,237.6,237.42,237.45,374
FSL,2026-05-15 13:55:00,237.59,237.59,237.32,237.32,4411
FSL,2026-05-15 13:56:00,237.32,237.45,236.65,236.65,21116
FSL,2026-05-15 13:57:00,236.65,236.8,236.5,236.5,4659
FSL,2026-05-15 13:58:00,236.85,237.18,236.85,237.1,2190
FSL,2026-05-15 13:59:00,237.23,237.23,237.16,237.16,280
FSL,2026-05-15 14:00:00,237.23,237.23,237.16,237.16,797
FSL,2026-05-15 14:01:00,237.16,237.41,237.16,237.25,2119
FSL,2026-05-15 14:02:00,237.4,237.46,237.29,237.29,849
FSL,2026-05-15 14:03:00,237.29,237.41,237.29,237.32,155
FSL,2026-05-15 14:04:00,237.41,237.48,236.7,236.79,10731
FSL,2026-05-15 14:05:00,236.7,236.79,236.25,236.25,8803
FSL,2026-05-15 14:06:00,236.34,236.6,236.1,236.49,17436
FSL,2026-05-15 14:07:00,236.49,236.62,236.49,236.62,1214
FSL,2026-05-15 14:08:00,236.52,236.71,236.52,236.71,1607
FSL,2026-05-15 14:09:00,236.71,236.96,236.71,236.85,5133
FSL,2026-05-15 14:10:00,236.85,236.96,236.74,236.92,1190
FSL,2026-05-15 14:11:00,236.79,236.92,236.62,236.82,2388
FSL,2026-05-15 14:12:00,236.82,236.82,236.62,236.63,764
FSL,2026-05-15 14:13:00,236.63,236.92,236.63,236.92,994
FSL,2026-05-15 14:14:00,236.92,236.92,236.54,236.75,3943
FSL,2026-05-15 14:15:00,236.82,236.85,236.63,236.63,1258
FSL,2026-05-15 14:16:00,236.63,236.63,236.51,236.52,3484
FSL,2026-05-15 14:17:00,236.6,236.66,236.51,236.66,819
FSL,2026-05-15 14:18:00,236.56,236.73,235.96,236.73,16976
FSL,2026-05-15 14:19:00,236.73,236.73,236.53,236.59,45
FSL,2026-05-15 14:20:00,236.59,236.59,236.23,236.33,1810
FSL,2026-05-15 14:21:00,236.33,236.44,236.13,236.26,2110
FSL,2026-05-15 14:22:00,236.26,236.42,236.14,236.42,1022
FSL,2026-05-15 14:23:00,236.33,236.45,236.26,236.26,504
FSL,2026-05-15 14:24:00,236.41,236.41,236.25,236.35,709
FSL,2026-05-15 14:25:00,236.35,236.35,236.25,236.3,326
FSL,2026-05-15 14:26:00,236.3,236.37,236.2,236.3,1265
FSL,2026-05-15 14:27:00,236.15,236.15,235.8,235.99,7689
FSL,2026-05-15 14:28:00,236.0,236.18,235.91,236.18,1049
FSL,2026-05-15 14:29:00,236.08,236.19,236.08,236.19,176
FSL,2026-05-15 14:30:00,236.59,237.24,236.48,237.24,5332
FSL,2026-05-15 14:31:00,237.36,237.69,237.34,237.36,18555
FSL,2026-05-15 14:32:00,237.45,237.51,237.16,237.27,1986
FSL,2026-05-15 14:33:00,237.29,237.29,236.76,236.78,965
FSL,2026-05-15 14:34:00,236.78,237.28,236.66,237.17,4686
FSL,2026-05-15 14:35:00,237.02,237.02,236.92,237.0,1144
FSL,2026-05-15 14:36:00,237.0,237.0,236.78,236.82,1471
FSL,2026-05-15 14:37:00,236.98,236.98,236.8,236.82,49
FSL,2026-05-15 14:38:00,236.82,236.82,236.46,236.69,4155
FSL,2026-05-15 14:39:00,236.69,236.71,236.49,236.56,2069
FSL,2026-05-15 14:40:00,236.66,236.7,236.53,236.57,1902
FSL,2026-05-15 14:41:00,236.53,236.53,236.1,236.21,3021
FSL,2026-05-15 14:42:00,236.18,236.37,236.15,236.26,1291
FSL,2026-05-15 14:43:00,236.38,236.51,236.28,236.38,888
FSL,2026-05-15 14:44:00,236.36,236.47,236.35,236.35,292
FSL,2026-05-15 14:45:00,236.35,236.49,236.15,236.48,2350
FSL,2026-05-15 14:46:00,236.4,236.56,236.15,236.15,4118
FSL,2026-05-15 14:47:00,236.15,236.36,236.05,236.12,1651
FSL,2026-05-15 14:48:00,236.12,236.12,236.0,236.01,1072
FSL,2026-05-15 14:49:00,236.01,236.16,235.57,235.58,11858
FSL,2026-05-15 14:50:00,235.5,235.68,235.2,235.54,15252
FSL,2026-05-15 14:51:00,235.43,235.72,235.35,235.44,6987
FSL,2026-05-15 14:52:00,235.44,235.55,235.44,235.54,1564
FSL,2026-05-15 14:53:00,235.54,235.54,235.4,235.4,2729
FSL,2026-05-15 14:54:00,235.4,235.44,235.15,235.2,4137
FSL,2026-05-15 14:55:00,235.18,235.49,235.18,235.49,5286
FSL,2026-05-15 14:56:00,235.53,235.53,235.24,235.34,3328
FSL,2026-05-15 14:57:00,235.46,235.5,235.26,235.43,2093
FSL,2026-05-15 14:58:00,235.44,235.44,235.31,235.31,1010
FSL,2026-05-15 14:59:00,235.51,235.9,235.51,235.6,10530
FSL,2026-05-15 15:00:00,235.55,235.64,235.5,235.64,2269
FSL,2026-05-15 15:01:00,235.78,236.48,235.76,236.44,5473
FSL,2026-05-15 15:02:00,236.35,236.35,235.92,236.1,4810
FSL,2026-05-15 15:03:00,235.99,236.08,235.8,236.08,3660
FSL,2026-05-15 15:04:00,236.08,236.15,236.01,236.01,1711
FSL,2026-05-15 15:05:00,236.18,236.33,236.12,236.26,3669
FSL,2026-05-15 15:06:00,236.09,236.32,235.95,235.95,3446
FSL,2026-05-15 15:07:00,236.15,236.26,236.0,236.25,4288
FSL,2026-05-15 15:08:00,236.18,236.18,235.91,235.91,9659
FSL,2026-05-15 15:09:00,235.98,238.11,235.57,238.11,82137
FSL,2026-05-15 15:10:00,238.05,238.05,237.18,237.18,17800
FSL,2026-05-15 15:11:00,237.18,237.18,236.95,237.03,8245
FSL,2026-05-15 15:12:00,236.99,236.99,236.54,236.6,8570
FSL,2026-05-15 15:13:00,236.5,236.5,236.23,236.23,1505
FSL,2026-05-15 15:14:00,236.21,236.35,236.13,236.33,3311
FSL,2026-05-15 15:15:00,236.25,236.47,236.25,236.44,3373
FSL,2026-05-15 15:16:00,236.45,236.47,236.43,236.43,5753
FSL,2026-05-15 15:17:00,236.43,236.43,236.1,236.18,5064
FSL,2026-05-15 15:18:00,236.23,236.28,235.69,235.97,24613
FSL,2026-05-15 15:19:00,236.09,236.84,236.09,236.51,8728
FSL,2026-05-15 15:20:00,237.18,237.47,237.0,237.47,22430
FSL,2026-05-15 15:21:00,237.77,238.23,237.71,238.15,16492
FSL,2026-05-15 15:22:00,238.6,238.74,238.23,238.58,37991
FSL,2026-05-15 15:23:00,238.58,238.58,237.76,237.99,1914
FSL,2026-05-15 15:24:00,237.99,239.05,237.59,239.05,28265
FSL,2026-05-15 15:25:00,239.01,240.31,239.01,239.43,27381
FSL,2026-05-15 15:26:00,239.43,239.46,239.01,239.01,4187
FSL,2026-05-15 15:27:00,239.01,240.11,239.01,240.11,11752
FSL,2026-05-15 15:28:00,240.22,240.89,239.16,239.39,24835
FSL,2026-05-15 15:29:00,239.56,240.0,239.02,239.21,14885
FSL,2026-05-18 09:15:00,236.0,236.42,234.15,235.28,35775
FSL,2026-05-18 09:16:00,234.88,234.88,230.86,232.56,62237
FSL,2026-05-18 09:17:00,232.49,233.0,231.38,232.73,20126
FSL,2026-05-18 09:18:00,232.97,233.0,231.81,231.81,23275
FSL,2026-05-18 09:19:00,232.22,232.32,231.71,231.74,24009
FSL,2026-05-18 09:20:00,231.61,231.79,230.5,230.97,19895
FSL,2026-05-18 09:21:00,231.36,231.55,230.8,230.8,16160
FSL,2026-05-18 09:22:00,231.19,231.49,231.0,231.08,8743
FSL,2026-05-18 09:23:00,231.32,231.8,231.0,231.8,13059
FSL,2026-05-18 09:24:00,231.71,231.96,231.5,231.96,8077
FSL,2026-05-18 09:25:00,231.96,231.96,231.11,231.78,4908
FSL,2026-05-18 09:26:00,231.63,231.67,231.28,231.51,6698
FSL,2026-05-18 09:27:00,231.51,231.51,230.25,230.25,26763
FSL,2026-05-18 09:28:00,230.4,230.4,230.05,230.11,10335
FSL,2026-05-18 09:29:00,230.12,230.46,229.45,230.46,32311
FSL,2026-05-18 09:30:00,230.69,230.69,229.93,229.94,13946
FSL,2026-05-18 09:31:00,229.94,229.94,229.2,229.81,13410
FSL,2026-05-18 09:32:00,229.83,229.96,229.59,229.59,16794
FSL,2026-05-18 09:33:00,229.46,230.14,229.46,229.85,10032
FSL,2026-05-18 09:34:00,229.58,229.72,229.0,229.72,24833
FSL,2026-05-18 09:35:00,229.51,229.62,229.1,229.1,6133
FSL,2026-05-18 09:36:00,229.28,229.65,229.0,229.65,11120
FSL,2026-05-18 09:37:00,229.65,229.65,229.1,229.17,4167
FSL,2026-05-18 09:38:00,228.86,229.08,228.76,229.08,7850
FSL,2026-05-18 09:39:00,229.08,229.21,228.8,229.21,2190
FSL,2026-05-18 09:40:00,229.12,229.43,229.0,229.12,15693
FSL,2026-05-18 09:41:00,229.1,229.25,229.0,229.16,5844
FSL,2026-05-18 09:42:00,229.01,229.71,228.71,229.71,5600
FSL,2026-05-18 09:43:00,229.78,229.78,229.03,229.33,3128
FSL,2026-05-18 09:44:00,229.54,229.54,229.07,229.22,2986
FSL,2026-05-18 09:45:00,229.3,229.4,229.22,229.3,2256
FSL,2026-05-18 09:46:00,229.4,229.78,229.3,229.78,1997
FSL,2026-05-18 09:47:00,229.6,229.75,229.31,229.75,4070
FSL,2026-05-18 09:48:00,229.59,229.68,229.16,229.49,2283
FSL,2026-05-18 09:49:00,229.65,229.85,229.59,229.85,1766
FSL,2026-05-18 09:50:00,229.79,229.98,229.5,229.98,13354
FSL,2026-05-18 09:51:00,229.98,230.06,229.54,229.97,8190
FSL,2026-05-18 09:52:00,230.01,230.04,229.77,229.86,2962
FSL,2026-05-18 09:53:00,229.97,229.97,229.67,229.67,2402
FSL,2026-05-18 09:54:00,229.49,229.49,229.3,229.3,1582
FSL,2026-05-18 09:55:00,229.25,229.41,229.05,229.35,4048
FSL,2026-05-18 09:56:00,229.35,229.39,229.0,229.0,3375
FSL,2026-05-18 09:57:00,229.0,229.0,228.4,228.62,12750
FSL,2026-05-18 09:58:00,228.62,228.7,228.4,228.55,2072
FSL,2026-05-18 09:59:00,228.64,229.0,228.64,229.0,7709
FSL,2026-05-18 10:00:00,229.0,229.0,228.74,228.91,3163
FSL,2026-05-18 10:01:00,228.91,228.91,228.68,228.82,1274
FSL,2026-05-18 10:02:00,228.82,228.82,228.41,228.41,3572
FSL,2026-05-18 10:03:00,228.5,228.5,228.14,228.2,6201
FSL,2026-05-18 10:04:00,228.2,228.39,228.2,228.35,1486
FSL,2026-05-18 10:05:00,228.35,228.94,228.26,228.94,4258
FSL,2026-05-18 10:06:00,228.94,228.94,228.6,228.6,1061
FSL,2026-05-18 10:07:00,228.66,228.66,228.21,228.21,2738
FSL,2026-05-18 10:08:00,227.55,227.66,227.17,227.4,24953
FSL,2026-05-18 10:09:00,227.5,227.5,227.2,227.25,3244
FSL,2026-05-18 10:10:00,227.26,227.51,227.1,227.1,3817
FSL,2026-05-18 10:11:00,227.26,227.66,227.05,227.66,3229
FSL,2026-05-18 10:12:00,227.57,227.74,227.36,227.42,2881
FSL,2026-05-18 10:13:00,227.42,227.83,227.42,227.83,1593
FSL,2026-05-18 10:14:00,227.8,228.14,227.8,228.14,3547
FSL,2026-05-18 10:15:00,228.14,228.18,227.8,227.87,6350
FSL,2026-05-18 10:16:00,227.87,228.69,227.87,228.55,6672
FSL,2026-05-18 10:17:00,228.59,228.69,228.5,228.5,1450
FSL,2026-05-18 10:18:00,228.5,228.75,228.33,228.75,1323
FSL,2026-05-18 10:19:00,228.6,228.75,228.6,228.67,765
FSL,2026-05-18 10:20:00,228.67,228.77,228.6,228.67,1832
FSL,2026-05-18 10:21:00,228.77,228.77,228.42,228.53,1395
FSL,2026-05-18 10:22:00,228.45,228.52,227.86,227.86,7170
FSL,2026-05-18 10:23:00,228.06,228.06,227.75,227.99,1478
FSL,2026-05-18 10:24:00,227.9,228.03,227.7,227.7,1286
FSL,2026-05-18 10:25:00,227.6,227.67,227.0,227.01,16077
FSL,2026-05-18 10:26:00,226.92,227.0,226.7,226.89,16498
FSL,2026-05-18 10:27:00,226.7,226.7,226.45,226.6,4219
FSL,2026-05-18 10:28:00,226.4,226.55,226.4,226.53,3433
FSL,2026-05-18 10:29:00,226.53,226.54,225.87,226.11,21339
FSL,2026-05-18 10:30:00,226.28,226.51,226.2,226.25,3359
FSL,2026-05-18 10:31:00,226.25,226.34,225.8,226.34,19664
FSL,2026-05-18 10:32:00,226.0,226.16,225.91,226.05,4567
FSL,2026-05-18 10:33:00,225.93,226.24,225.9,226.24,1945
FSL,2026-05-18 10:34:00,226.03,226.73,225.1,226.6,47542
FSL,2026-05-18 10:35:00,226.6,227.39,226.6,227.39,9048
FSL,2026-05-18 10:36:00,227.34,227.69,227.34,227.6,12759
FSL,2026-05-18 10:37:00,227.6,227.7,227.5,227.7,6969
FSL,2026-05-18 10:38:00,227.6,228.14,227.6,228.1,10883
FSL,2026-05-18 10:39:00,227.97,228.24,227.85,228.24,7041
FSL,2026-05-18 10:40:00,228.19,228.3,228.14,228.28,5565
FSL,2026-05-18 10:41:00,228.15,228.27,228.15,228.2,2420
FSL,2026-05-18 10:42:00,228.2,228.23,227.99,228.23,7382
FSL,2026-05-18 10:43:00,228.23,228.34,228.04,228.2,4619
FSL,2026-05-18 10:44:00,228.0,228.18,228.0,228.0,2785
FSL,2026-05-18 10:45:00,228.0,228.17,228.0,228.17,493
FSL,2026-05-18 10:46:00,228.17,228.39,227.8,228.39,9414
FSL,2026-05-18 10:47:00,228.39,229.75,228.13,229.51,25051
FSL,2026-05-18 10:48:00,229.72,229.72,229.09,229.15,9575
FSL,2026-05-18 10:49:00,229.35,229.6,229.35,229.58,3204
FSL,2026-05-18 10:50:00,229.58,229.78,229.5,229.6,6579
FSL,2026-05-18 10:51:00,229.6,229.95,229.6,229.94,3342
FSL,2026-05-18 10:52:00,229.88,230.39,229.88,230.31,32565
FSL,2026-05-18 10:53:00,230.31,230.5,230.31,230.4,8249
FSL,2026-05-18 10:54:00,230.4,230.5,230.33,230.33,2452
FSL,2026-05-18 10:55:00,230.33,230.45,230.31,230.45,2538
FSL,2026-05-18 10:56:00,230.33,230.4,230.31,230.37,933
FSL,2026-05-18 10:57:00,230.31,230.31,230.11,230.11,1496
FSL,2026-05-18 10:58:00,230.0,230.1,230.0,230.1,3597
FSL,2026-05-18 10:59:00,230.0,230.1,230.0,230.09,688
FSL,2026-05-18 11:00:00,230.0,230.14,230.0,230.0,1351
FSL,2026-05-18 11:01:00,230.09,230.09,230.0,230.01,22
FSL,2026-05-18 11:02:00,230.01,230.2,230.01,230.18,1089
FSL,2026-05-18 11:03:00,230.01,230.01,229.37,229.37,6401
FSL,2026-05-18 11:04:00,229.56,229.69,229.4,229.64,2433
FSL,2026-05-18 11:05:00,229.64,229.95,229.58,229.95,1527
FSL,2026-05-18 11:06:00,229.7,230.0,229.7,229.99,1758
FSL,2026-05-18 11:07:00,229.99,230.0,229.71,229.9,1317
FSL,2026-05-18 11:08:00,229.9,230.2,229.9,230.2,1983
FSL,2026-05-18 11:09:00,230.1,230.3,230.1,230.3,2865
FSL,2026-05-18 11:10:00,230.26,230.58,230.03,230.5,12754
FSL,2026-05-18 11:11:00,230.5,230.65,230.25,230.4,19559
FSL,2026-05-18 11:12:00,230.4,230.42,230.21,230.42,1541
FSL,2026-05-18 11:13:00,230.42,230.43,230.3,230.3,2011
FSL,2026-05-18 11:14:00,230.3,230.3,230.11,230.11,270
FSL,2026-05-18 11:15:00,230.11,230.13,230.01,230.01,558
FSL,2026-05-18 11:16:00,230.01,230.3,230.01,230.22,456
FSL,2026-05-18 11:17:00,230.21,230.3,230.21,230.3,103
FSL,2026-05-18 11:18:00,230.3,230.39,230.25,230.39,309
FSL,2026-05-18 11:19:00,230.4,230.63,230.39,230.48,1364
FSL,2026-05-18 11:20:00,230.63,230.63,230.38,230.38,9825
FSL,2026-05-18 11:21:00,230.38,230.38,230.04,230.16,4306
FSL,2026-05-18 11:22:00,230.16,230.25,230.08,230.15,870
FSL,2026-05-18 11:23:00,230.14,230.25,230.0,230.0,2300
FSL,2026-05-18 11:24:00,230.12,230.5,230.0,230.49,1251
FSL,2026-05-18 11:25:00,230.5,230.55,230.28,230.55,3456
FSL,2026-05-18 11:26:00,230.55,230.55,230.3,230.39,136
FSL,2026-05-18 11:27:00,230.39,230.39,230.19,230.19,261
FSL,2026-05-18 11:28:00,230.19,230.4,230.0,230.28,7769
FSL,2026-05-18 11:29:00,230.28,230.43,230.28,230.36,2784
FSL,2026-05-18 11:30:00,231.25,231.97,231.25,231.78,49464
FSL,2026-05-18 11:31:00,231.78,231.91,231.54,231.7,7936
FSL,2026-05-18 11:32:00,231.7,231.71,231.25,231.26,4334
FSL,2026-05-18 11:33:00,231.26,231.3,230.66,230.74,4615
FSL,2026-05-18 11:34:00,230.88,230.88,230.55,230.76,1104
FSL,2026-05-18 11:35:00,230.64,231.4,230.61,231.4,5581
FSL,2026-05-18 11:36:00,231.45,231.82,231.45,231.82,4383
FSL,2026-05-18 11:37:00,232.0,232.72,231.61,232.55,22583
FSL,2026-05-18 11:38:00,232.55,232.56,232.15,232.23,3315
FSL,2026-05-18 11:39:00,232.38,232.4,232.23,232.35,969
FSL,2026-05-18 11:40:00,232.35,232.35,232.25,232.25,1768
FSL,2026-05-18 11:41:00,232.2,232.2,231.61,231.61,6532
FSL,2026-05-18 11:42:00,231.79,231.79,231.6,231.6,1215
FSL,2026-05-18 11:43:00,231.6,231.9,231.6,231.65,1059
FSL,2026-05-18 11:44:00,231.67,231.68,231.37,231.53,3696
FSL,2026-05-18 11:45:00,231.53,231.65,231.53,231.53,80
FSL,2026-05-18 11:46:00,231.5,231.65,231.4,231.4,936
FSL,2026-05-18 11:47:00,231.4,231.4,231.0,231.15,6168
FSL,2026-05-18 11:48:00,231.15,231.2,231.04,231.04,252
FSL,2026-05-18 11:49:00,231.04,231.08,230.81,231.08,1636
FSL,2026-05-18 11:50:00,230.83,231.0,230.81,231.0,4410
FSL,2026-05-18 11:51:00,231.0,231.29,231.0,231.01,3725
FSL,2026-05-18 11:52:00,231.0,231.1,231.0,231.1,1155
FSL,2026-05-18 11:53:00,231.06,231.21,231.05,231.17,250
FSL,2026-05-18 11:54:00,231.17,231.17,231.0,231.0,828
FSL,2026-05-18 11:55:00,231.0,231.01,230.86,231.0,3272
FSL,2026-05-18 11:56:00,231.0,231.21,230.95,231.21,1587
FSL,2026-05-18 11:57:00,231.21,231.21,231.06,231.06,5198
FSL,2026-05-18 11:58:00,231.06,231.19,231.06,231.19,67
FSL,2026-05-18 11:59:00,231.19,231.28,231.11,231.28,541
FSL,2026-05-18 12:00:00,231.28,231.28,231.04,231.04,3640
FSL,2026-05-18 12:01:00,231.0,231.15,231.0,231.0,12273
FSL,2026-05-18 12:02:00,231.01,231.15,231.0,231.12,1003
FSL,2026-05-18 12:03:00,231.12,231.12,231.0,231.01,757
FSL,2026-05-18 12:04:00,231.01,231.13,230.94,230.94,54
FSL,2026-05-18 12:05:00,231.01,231.13,230.87,231.0,2363
FSL,2026-05-18 12:06:00,231.0,231.11,231.0,231.0,2466
FSL,2026-05-18 12:07:00,231.0,231.0,231.0,231.0,22
FSL,2026-05-18 12:08:00,231.0,231.03,231.0,231.02,1083
FSL,2026-05-18 12:09:00,231.02,231.1,231.0,231.05,223
FSL,2026-05-18 12:10:00,231.05,231.29,231.05,231.29,3673
FSL,2026-05-18 12:11:00,231.29,231.36,231.15,231.15,398
FSL,2026-05-18 12:12:00,231.15,231.28,231.15,231.16,15
FSL,2026-05-18 12:13:00,231.16,231.2,231.15,231.15,384
FSL,2026-05-18 12:14:00,231.2,231.27,231.15,231.27,349
FSL,2026-05-18 12:15:00,231.29,231.52,231.16,231.52,1727
FSL,2026-05-18 12:16:00,231.52,231.57,231.4,231.51,1337
FSL,2026-05-18 12:17:00,231.29,231.39,231.26,231.39,517
FSL,2026-05-18 12:18:00,231.39,231.4,231.28,231.35,112
FSL,2026-05-18 12:19:00,231.35,231.35,231.2,231.32,70
FSL,2026-05-18 12:20:00,231.33,231.33,231.16,231.32,183
FSL,2026-05-18 12:21:00,231.3,231.34,231.25,231.34,342
FSL,2026-05-18 12:22:00,231.34,231.34,231.15,231.3,972
FSL,2026-05-18 12:23:00,231.3,231.3,231.13,231.14,1653
FSL,2026-05-18 12:24:00,231.14,231.5,231.13,231.29,1614
FSL,2026-05-18 12:25:00,231.29,231.73,231.24,231.73,5013
FSL,2026-05-18 12:26:00,231.73,231.82,231.57,231.59,763
FSL,2026-05-18 12:27:00,231.59,231.68,231.54,231.54,301
FSL,2026-05-18 12:28:00,231.55,231.75,231.55,231.73,389
FSL,2026-05-18 12:29:00,231.65,231.78,231.65,231.75,390
FSL,2026-05-18 12:30:00,231.75,231.9,231.65,231.9,4019
FSL,2026-05-18 12:31:00,231.9,231.9,231.79,231.8,596
FSL,2026-05-18 12:32:00,231.8,231.94,231.66,231.87,2987
FSL,2026-05-18 12:33:00,231.87,232.0,231.73,231.73,814
FSL,2026-05-18 12:34:00,231.87,231.9,231.72,231.74,1072
FSL,2026-05-18 12:35:00,231.74,231.8,231.68,231.7,1050
FSL,2026-05-18 12:36:00,231.8,231.8,231.65,231.7,961
FSL,2026-05-18 12:37:00,231.7,231.94,231.66,231.94,1950
FSL,2026-05-18 12:38:00,231.94,232.1,231.7,231.73,6800
FSL,2026-05-18 12:39:00,231.87,232.01,231.87,231.91,1568
FSL,2026-05-18 12:40:00,231.91,231.91,231.85,231.85,472
FSL,2026-05-18 12:41:00,231.85,231.85,231.7,231.7,3045
FSL,2026-05-18 12:42:00,231.86,231.86,231.65,231.65,2525
FSL,2026-05-18 12:43:00,231.65,231.73,231.65,231.66,1393
FSL,2026-05-18 12:44:00,231.66,231.66,231.21,231.27,12396
FSL,2026-05-18 12:45:00,231.3,231.41,231.28,231.28,356
FSL,2026-05-18 12:46:00,231.41,233.05,231.25,233.05,23819
FSL,2026-05-18 12:47:00,233.05,233.68,233.05,233.22,10318
FSL,2026-05-18 12:48:00,233.22,233.29,233.03,233.06,1763
FSL,2026-05-18 12:49:00,233.06,233.19,232.92,233.0,6810
FSL,2026-05-18 12:50:00,233.0,233.07,233.0,233.0,898
FSL,2026-05-18 12:51:00,233.0,233.21,233.0,233.21,4553
FSL,2026-05-18 12:52:00,233.21,233.33,233.03,233.33,432
FSL,2026-05-18 12:53:00,233.2,233.55,233.2,233.4,3757
FSL,2026-05-18 12:54:00,233.4,233.52,233.17,233.17,1295
FSL,2026-05-18 12:55:00,233.17,233.51,233.17,233.3,2543
FSL,2026-05-18 12:56:00,233.3,233.55,233.3,233.55,430
FSL,2026-05-18 12:57:00,233.55,233.67,233.5,233.67,2826
FSL,2026-05-18 12:58:00,233.67,233.7,233.51,233.59,716
FSL,2026-05-18 12:59:00,233.52,233.63,233.52,233.52,1306
FSL,2026-05-18 13:00:00,233.52,233.53,233.14,233.16,3433
FSL,2026-05-18 13:01:00,233.13,233.23,233.04,233.04,1560
FSL,2026-05-18 13:02:00,233.02,233.09,233.0,233.0,3401
FSL,2026-05-18 13:03:00,233.0,233.3,233.0,233.3,2570
FSL,2026-05-18 13:04:00,233.11,233.2,232.8,232.8,1130
FSL,2026-05-18 13:05:00,232.82,233.0,232.8,232.98,3190
FSL,2026-05-18 13:06:00,232.98,232.99,232.8,232.95,1639
FSL,2026-05-18 13:07:00,232.95,232.95,232.8,232.8,2015
FSL,2026-05-18 13:08:00,232.8,232.9,232.71,232.75,1485
FSL,2026-05-18 13:09:00,232.75,232.91,232.75,232.9,1294
FSL,2026-05-18 13:10:00,232.9,232.91,232.8,232.91,1369
FSL,2026-05-18 13:11:00,232.91,232.91,232.64,232.87,2709
FSL,2026-05-18 13:12:00,232.85,232.94,232.7,232.9,2958
FSL,2026-05-18 13:13:00,232.9,233.02,232.79,233.02,3037
FSL,2026-05-18 13:14:00,233.2,233.21,233.02,233.21,714
FSL,2026-05-18 13:15:00,233.02,233.17,233.02,233.06,1288
FSL,2026-05-18 13:16:00,233.06,233.18,233.04,233.04,231
FSL,2026-05-18 13:17:00,233.04,233.29,233.0,233.05,2313
FSL,2026-05-18 13:18:00,233.15,233.28,233.14,233.15,396
FSL,2026-05-18 13:19:00,233.25,233.25,233.05,233.05,640
FSL,2026-05-18 13:20:00,233.05,233.23,233.05,233.05,1088
FSL,2026-05-18 13:21:00,233.15,233.2,233.06,233.2,509
FSL,2026-05-18 13:22:00,233.17,233.18,233.05,233.07,429
FSL,2026-05-18 13:23:00,233.1,233.2,233.0,233.13,1282
FSL,2026-05-18 13:24:00,233.13,233.29,233.1,233.29,252
FSL,2026-05-18 13:25:00,233.15,233.19,233.02,233.19,629
FSL,2026-05-18 13:26:00,233.19,233.19,233.0,233.05,529
FSL,2026-05-18 13:27:00,233.05,233.18,233.01,233.1,184
FSL,2026-05-18 13:28:00,233.12,233.12,233.0,233.0,2651
FSL,2026-05-18 13:29:00,233.0,233.07,233.0,233.04,762
FSL,2026-05-18 13:30:00,233.04,233.17,233.04,233.16,419
FSL,2026-05-18 13:31:00,233.16,233.48,233.15,233.29,2771
FSL,2026-05-18 13:32:00,233.29,233.43,233.29,233.3,100
FSL,2026-05-18 13:33:00,233.3,233.3,233.14,233.25,480
FSL,2026-05-18 13:34:00,233.25,233.25,233.11,233.11,2248
FSL,2026-05-18 13:35:00,233.11,233.11,233.0,233.11,196
FSL,2026-05-18 13:36:00,233.11,233.21,233.11,233.11,441
FSL,2026-05-18 13:37:00,233.11,233.11,232.98,233.0,5338
FSL,2026-05-18 13:38:00,233.01,233.22,233.01,233.11,1395
FSL,2026-05-18 13:39:00,233.11,233.22,233.11,233.22,644
FSL,2026-05-18 13:40:00,233.22,233.22,233.0,233.0,4577
FSL,2026-05-18 13:41:00,233.0,233.15,233.0,233.15,145
FSL,2026-05-18 13:42:00,233.03,233.14,233.01,233.01,1254
FSL,2026-05-18 13:43:00,233.01,233.01,233.0,233.0,1102
FSL,2026-05-18 13:44:00,233.0,233.06,233.0,233.0,1490
FSL,2026-05-18 13:45:00,233.0,233.06,232.5,232.56,8093
FSL,2026-05-18 13:46:00,232.56,232.56,232.25,232.25,7200
FSL,2026-05-18 13:47:00,232.25,232.8,232.25,232.45,7363
FSL,2026-05-18 13:48:00,232.45,232.84,232.45,232.84,1149
FSL,2026-05-18 13:49:00,232.84,233.2,232.84,233.2,2269
FSL,2026-05-18 13:50:00,233.04,233.26,233.03,233.03,260
FSL,2026-05-18 13:51:00,233.03,233.18,233.03,233.05,43
FSL,2026-05-18 13:52:00,233.05,233.22,233.05,233.09,73
FSL,2026-05-18 13:53:00,233.0,233.21,233.0,233.0,647
FSL,2026-05-18 13:54:00,233.0,233.15,233.0,233.03,67
FSL,2026-05-18 13:55:00,233.03,233.05,233.03,233.05,276
FSL,2026-05-18 13:56:00,233.1,233.16,233.0,233.0,747
FSL,2026-05-18 13:57:00,233.0,233.03,233.0,233.03,2
FSL,2026-05-18 13:58:00,233.0,233.03,232.85,232.98,2029
FSL,2026-05-18 13:59:00,233.08,233.2,233.0,233.19,1798
FSL,2026-05-18 14:00:00,233.19,233.19,233.0,233.0,111
FSL,2026-05-18 14:01:00,233.0,233.13,233.0,233.0,10
FSL,2026-05-18 14:02:00,233.0,233.13,232.86,233.0,2051
FSL,2026-05-18 14:03:00,232.86,233.13,232.85,232.85,1745
FSL,2026-05-18 14:04:00,232.85,233.09,232.85,233.09,7
FSL,2026-05-18 14:05:00,233.09,233.09,233.0,233.08,3
FSL,2026-05-18 14:06:00,233.08,233.13,233.0,233.0,2962
FSL,2026-05-18 14:07:00,232.85,233.05,232.85,233.0,1161
FSL,2026-05-18 14:08:00,233.0,233.15,233.0,233.15,1106
FSL,2026-05-18 14:09:00,233.01,233.12,233.0,233.0,2703
FSL,2026-05-18 14:10:00,233.0,233.01,233.0,233.0,240
FSL,2026-05-18 14:11:00,233.0,233.09,233.0,233.01,503
FSL,2026-05-18 14:12:00,233.08,233.08,232.68,233.0,4753
FSL,2026-05-18 14:13:00,233.04,233.2,233.04,233.13,1099
FSL,2026-05-18 14:14:00,233.13,233.13,233.03,233.03,4
FSL,2026-05-18 14:15:00,233.17,233.17,232.75,232.86,1877
FSL,2026-05-18 14:16:00,232.86,233.16,232.86,233.02,149
FSL,2026-05-18 14:17:00,233.02,233.15,233.02,233.1,1100
FSL,2026-05-18 14:18:00,233.1,233.1,233.01,233.1,309
FSL,2026-05-18 14:19:00,233.1,233.1,233.0,233.0,103
FSL,2026-05-18 14:20:00,233.0,233.01,233.0,233.01,1055
FSL,2026-05-18 14:21:00,233.01,233.01,233.0,233.01,1943
FSL,2026-05-18 14:22:00,233.01,233.09,233.01,233.09,32
FSL,2026-05-18 14:23:00,233.09,233.09,233.0,233.08,437
FSL,2026-05-18 14:24:00,233.08,233.08,233.0,233.0,90
FSL,2026-05-18 14:25:00,232.98,232.98,232.67,232.8,3416
FSL,2026-05-18 14:26:00,232.6,232.98,232.6,232.98,4725
FSL,2026-05-18 14:27:00,232.98,232.98,232.7,232.95,2745
FSL,2026-05-18 14:28:00,232.95,233.0,232.75,233.0,2423
FSL,2026-05-18 14:29:00,233.0,233.0,232.65,232.65,9106
FSL,2026-05-18 14:30:00,232.8,232.8,232.15,232.34,5692
FSL,2026-05-18 14:31:00,232.39,232.49,232.21,232.42,2731
FSL,2026-05-18 14:32:00,232.29,232.51,232.21,232.51,2240
FSL,2026-05-18 14:33:00,232.51,232.51,232.3,232.49,1974
FSL,2026-05-18 14:34:00,232.49,232.53,232.3,232.46,3762
FSL,2026-05-18 14:35:00,232.3,232.61,232.3,232.59,3132
FSL,2026-05-18 14:36:00,232.59,232.89,232.42,232.61,2227
FSL,2026-05-18 14:37:00,232.61,232.85,232.6,232.74,2893
FSL,2026-05-18 14:38:00,232.74,232.74,232.42,232.53,2053
FSL,2026-05-18 14:39:00,232.53,232.53,232.29,232.29,3035
FSL,2026-05-18 14:40:00,232.17,232.5,232.17,232.5,8133
FSL,2026-05-18 14:41:00,232.34,232.5,232.18,232.37,2980
FSL,2026-05-18 14:42:00,232.37,232.56,232.33,232.56,2560
FSL,2026-05-18 14:43:00,232.56,232.67,232.41,232.67,1322
FSL,2026-05-18 14:44:00,232.67,232.75,232.24,232.52,2937
FSL,2026-05-18 14:45:00,232.52,232.52,232.19,232.5,16053
FSL,2026-05-18 14:46:00,232.52,232.73,232.52,232.73,2508
FSL,2026-05-18 14:47:00,232.73,232.73,232.31,232.49,3258
FSL,2026-05-18 14:48:00,232.49,232.5,231.91,231.95,4467
FSL,2026-05-18 14:49:00,231.95,232.0,231.6,231.6,5540
FSL,2026-05-18 14:50:00,231.6,231.76,231.6,231.75,2826
FSL,2026-05-18 14:51:00,231.75,231.9,231.67,231.87,3443
FSL,2026-05-18 14:52:00,231.87,231.89,231.5,231.55,7174
FSL,2026-05-18 14:53:00,231.55,231.65,231.5,231.5,6764
FSL,2026-05-18 14:54:00,231.5,231.87,231.42,231.75,12084
FSL,2026-05-18 14:55:00,231.75,231.75,231.44,231.5,4446
FSL,2026-05-18 14:56:00,231.49,231.5,230.99,230.99,10627
FSL,2026-05-18 14:57:00,230.99,230.99,230.4,230.81,14520
FSL,2026-05-18 14:58:00,230.81,230.89,230.63,230.83,3455
FSL,2026-05-18 14:59:00,230.83,230.92,230.66,230.9,14451
FSL,2026-05-18 15:00:00,230.9,231.87,230.9,231.58,16303
FSL,2026-05-18 15:01:00,231.48,232.06,231.48,232.06,5261
FSL,2026-05-18 15:02:00,232.2,233.0,232.2,233.0,16998
FSL,2026-05-18 15:03:00,233.08,233.24,233.0,233.24,14170
FSL,2026-05-18 15:04:00,233.12,233.32,232.71,232.71,5378
FSL,2026-05-18 15:05:00,232.62,233.14,232.62,232.8,6196
FSL,2026-05-18 15:06:00,232.87,232.9,232.67,232.77,7295
FSL,2026-05-18 15:07:00,232.88,233.31,232.88,233.27,7985
FSL,2026-05-18 15:08:00,233.09,233.09,232.67,232.83,11385
FSL,2026-05-18 15:09:00,232.78,233.2,232.78,233.17,6925
FSL,2026-05-18 15:10:00,233.24,233.27,233.0,233.1,3469
FSL,2026-05-18 15:11:00,233.11,233.31,233.08,233.22,8449
FSL,2026-05-18 15:12:00,233.1,233.34,233.1,233.33,4361
FSL,2026-05-18 15:13:00,233.19,233.32,233.19,233.25,1920
FSL,2026-05-18 15:14:00,233.25,233.32,233.25,233.29,2609
FSL,2026-05-18 15:15:00,233.33,233.81,233.29,233.73,5614
FSL,2026-05-18 15:16:00,233.52,233.79,233.52,233.63,2891
FSL,2026-05-18 15:17:00,233.78,233.86,233.56,233.65,8870
FSL,2026-05-18 15:18:00,233.66,233.86,233.43,233.43,16452
FSL,2026-05-18 15:19:00,233.44,234.5,233.31,234.5,13803
FSL,2026-05-18 15:20:00,234.85,234.85,234.0,234.3,5538
FSL,2026-05-18 15:21:00,234.16,234.45,234.01,234.19,4879
FSL,2026-05-18 15:22:00,234.24,234.72,234.24,234.37,14793
FSL,2026-05-18 15:23:00,234.37,235.8,234.35,235.53,26757
FSL,2026-05-18 15:24:00,235.13,235.33,234.25,234.48,22594
FSL,2026-05-18 15:25:00,234.48,234.75,234.26,234.75,18356
FSL,2026-05-18 15:26:00,234.8,234.9,234.75,234.9,7882
FSL,2026-05-18 15:27:00,235.15,235.5,234.9,234.9,20911
FSL,2026-05-18 15:28:00,235.43,236.0,235.4,235.4,17419
FSL,2026-05-18 15:29:00,235.68,235.7,235.01,235.01,6269
FSL,2026-05-19 09:15:00,235.01,239.98,235.01,238.16,49184
FSL,2026-05-19 09:16:00,238.64,238.64,236.73,237.73,55171
FSL,2026-05-19 09:17:00,237.68,241.19,237.35,241.19,53403
FSL,2026-05-19 09:18:00,242.43,246.19,242.08,243.7,135350
FSL,2026-05-19 09:19:00,243.7,247.0,243.2,245.87,141832
FSL,2026-05-19 09:20:00,245.95,249.9,245.4,247.99,277186
FSL,2026-05-19 09:21:00,248.28,251.46,247.82,251.1,247240
FSL,2026-05-19 09:22:00,251.1,252.5,249.61,249.78,247071
FSL,2026-05-19 09:23:00,249.81,250.45,248.53,249.19,181568
FSL,2026-05-19 09:24:00,249.0,249.6,248.0,248.0,120180
FSL,2026-05-19 09:25:00,248.14,250.92,248.0,250.2,204564
FSL,2026-05-19 09:26:00,250.2,250.2,248.18,248.18,92436
FSL,2026-05-19 09:27:00,248.18,251.34,248.18,250.89,145869
FSL,2026-05-19 09:28:00,250.77,250.86,249.8,250.7,109387
FSL,2026-05-19 09:29:00,250.7,251.3,249.88,250.48,168020
FSL,2026-05-19 09:30:00,250.65,250.84,249.51,249.6,86559
FSL,2026-05-19 09:31:00,249.51,249.61,248.5,248.65,110926
FSL,2026-05-19 09:32:00,247.39,247.39,246.45,246.84,195755
FSL,2026-05-19 09:33:00,246.84,246.89,245.7,246.15,133354
FSL,2026-05-19 09:34:00,245.56,246.69,245.41,246.05,79422
FSL,2026-05-19 09:35:00,246.05,246.18,245.06,245.37,111384
FSL,2026-05-19 09:36:00,244.56,244.78,241.8,242.75,338858
FSL,2026-05-19 09:37:00,243.16,244.45,242.87,244.32,104857
FSL,2026-05-19 09:38:00,244.39,244.9,243.9,244.76,82361
FSL,2026-05-19 09:39:00,244.9,245.45,244.28,244.7,58510
FSL,2026-05-19 09:40:00,244.55,245.53,244.4,245.53,45927
FSL,2026-05-19 09:41:00,245.11,245.5,244.84,245.19,66405
FSL,2026-05-19 09:42:00,245.0,245.0,244.5,244.78,27008
FSL,2026-05-19 09:43:00,244.78,245.07,244.6,244.85,33524
FSL,2026-05-19 09:44:00,244.84,245.41,244.84,244.99,15514
FSL,2026-05-19 09:45:00,245.07,245.9,245.0,245.08,57496
FSL,2026-05-19 09:46:00,245.31,245.5,244.15,244.53,46640
FSL,2026-05-19 09:47:00,244.31,244.49,243.5,243.99,55116
FSL,2026-05-19 09:48:00,243.99,244.48,243.5,243.67,29342
FSL,2026-05-19 09:49:00,243.67,243.91,243.6,243.81,11927
FSL,2026-05-19 09:50:00,243.94,244.55,243.82,244.55,17438
FSL,2026-05-19 09:51:00,244.53,244.6,244.18,244.35,9278
FSL,2026-05-19 09:52:00,244.42,244.42,243.91,244.12,10035
FSL,2026-05-19 09:53:00,244.12,244.12,243.64,243.89,17661
FSL,2026-05-19 09:54:00,244.12,244.4,244.12,244.27,9697
FSL,2026-05-19 09:55:00,244.35,244.4,244.01,244.2,13047
FSL,2026-05-19 09:56:00,244.34,244.47,244.19,244.3,14349
FSL,2026-05-19 09:57:00,244.3,244.3,243.92,244.09,14487
FSL,2026-05-19 09:58:00,244.3,244.3,244.0,244.02,5710
FSL,2026-05-19 09:59:00,243.85,243.97,243.65,243.77,12295
FSL,2026-05-19 10:00:00,243.7,243.93,243.28,243.28,22862
FSL,2026-05-19 10:01:00,243.28,243.3,242.8,243.0,40131
FSL,2026-05-19 10:02:00,243.0,243.8,243.0,243.75,21357
FSL,2026-05-19 10:03:00,243.75,243.75,243.0,243.1,10977
FSL,2026-05-19 10:04:00,243.2,243.74,243.04,243.04,14673
FSL,2026-05-19 10:05:00,243.11,243.59,243.03,243.51,5905
FSL,2026-05-19 10:06:00,243.51,243.52,242.95,242.98,12811
FSL,2026-05-19 10:07:00,242.98,243.0,242.64,242.64,21537
FSL,2026-05-19 10:08:00,242.53,243.07,242.5,243.0,40785
FSL,2026-05-19 10:09:00,243.0,243.59,243.0,243.35,14629
FSL,2026-05-19 10:10:00,243.44,244.5,243.35,244.38,29253
FSL,2026-05-19 10:11:00,244.5,245.35,244.5,244.74,29987
FSL,2026-05-19 10:12:00,244.74,244.83,244.4,244.75,5982
FSL,2026-05-19 10:13:00,244.56,244.74,244.35,244.5,13942
FSL,2026-05-19 10:14:00,244.35,244.51,244.12,244.49,9484
FSL,2026-05-19 10:15:00,244.36,245.5,244.3,245.39,23401
FSL,2026-05-19 10:16:00,245.41,245.5,244.39,244.5,33943
FSL,2026-05-19 10:17:00,244.49,244.49,244.0,244.01,10864
FSL,2026-05-19 10:18:00,244.1,244.1,243.5,243.79,15702
FSL,2026-05-19 10:19:00,243.9,244.0,243.8,243.88,1745
FSL,2026-05-19 10:20:00,243.88,244.5,243.8,244.5,6777
FSL,2026-05-19 10:21:00,244.5,244.5,243.8,244.12,5660
FSL,2026-05-19 10:22:00,243.95,244.14,243.51,243.51,10724
FSL,2026-05-19 10:23:00,243.5,244.11,243.5,244.11,6498
FSL,2026-05-19 10:24:00,244.11,244.23,243.67,243.89,4273
FSL,2026-05-19 10:25:00,243.75,243.96,243.75,243.96,2148
FSL,2026-05-19 10:26:00,244.21,245.3,244.21,244.91,21372
FSL,2026-05-19 10:27:00,245.12,245.17,244.55,244.55,11050
FSL,2026-05-19 10:28:00,244.49,245.89,244.44,245.89,26578
FSL,2026-05-19 10:29:00,245.72,246.37,245.72,246.2,30163
FSL,2026-05-19 10:30:00,246.15,246.7,246.06,246.27,26887
FSL,2026-05-19 10:31:00,246.24,246.27,246.0,246.0,6943
FSL,2026-05-19 10:32:00,245.56,246.25,245.56,246.1,24600
FSL,2026-05-19 10:33:00,246.1,246.1,245.17,245.19,27673
FSL,2026-05-19 10:34:00,245.27,245.82,245.27,245.42,6811
FSL,2026-05-19 10:35:00,245.42,245.42,244.97,244.97,7894
FSL,2026-05-19 10:36:00,244.94,245.16,244.53,244.63,8800
FSL,2026-05-19 10:37:00,244.51,245.09,244.51,245.09,23055
FSL,2026-05-19 10:38:00,245.09,245.4,244.94,244.94,7298
FSL,2026-05-19 10:39:00,244.94,245.12,244.94,245.03,4388
FSL,2026-05-19 10:40:00,245.13,245.23,244.66,244.71,10788
FSL,2026-05-19 10:41:00,244.53,244.88,244.5,244.75,7655
FSL,2026-05-19 10:42:00,244.75,244.94,244.63,244.94,7767
FSL,2026-05-19 10:43:00,244.94,244.96,244.7,244.7,1183
FSL,2026-05-19 10:44:00,244.7,244.77,244.5,244.74,2393
FSL,2026-05-19 10:45:00,244.98,244.98,244.52,244.79,5870
FSL,2026-05-19 10:46:00,244.74,244.9,244.63,244.81,4801
FSL,2026-05-19 10:47:00,244.81,244.84,244.13,244.3,15784
FSL,2026-05-19 10:48:00,244.8,244.8,244.67,244.67,9237
FSL,2026-05-19 10:49:00,244.47,244.54,244.17,244.53,3235
FSL,2026-05-19 10:50:00,244.56,244.65,244.38,244.43,2697
FSL,2026-05-19 10:51:00,244.51,244.53,244.0,244.53,17935
FSL,2026-05-19 10:52:00,244.64,244.74,244.59,244.74,1953
FSL,2026-05-19 10:53:00,244.71,244.75,244.6,244.6,12988
FSL,2026-05-19 10:54:00,244.47,244.8,244.47,244.8,4767
FSL,2026-05-19 10:55:00,244.76,245.23,244.7,245.23,16280
FSL,2026-05-19 10:56:00,245.2,245.35,245.08,245.19,5138
FSL,2026-05-19 10:57:00,245.19,245.3,244.61,244.97,25835
FSL,2026-05-19 10:58:00,244.97,245.0,244.42,244.92,6806
FSL,2026-05-19 10:59:00,244.89,245.02,244.83,244.95,4027
FSL,2026-05-19 11:00:00,244.9,244.99,244.66,244.66,4295
FSL,2026-05-19 11:01:00,244.84,244.97,244.76,244.82,2448
FSL,2026-05-19 11:02:00,244.82,244.82,244.33,244.5,2093
FSL,2026-05-19 11:03:00,244.5,244.5,244.3,244.33,1410
FSL,2026-05-19 11:04:00,244.33,244.86,244.31,244.31,7589
FSL,2026-05-19 11:05:00,244.32,244.53,244.32,244.35,2836
FSL,2026-05-19 11:06:00,244.35,244.7,244.35,244.36,4221
FSL,2026-05-19 11:07:00,244.49,244.49,244.17,244.2,4979
FSL,2026-05-19 11:08:00,244.15,244.43,244.15,244.4,1228
FSL,2026-05-19 11:09:00,244.4,244.46,244.16,244.21,3453
FSL,2026-05-19 11:10:00,244.21,244.88,244.13,244.78,28918
FSL,2026-05-19 11:11:00,244.78,244.79,244.4,244.4,7272
FSL,2026-05-19 11:12:00,244.57,244.68,244.47,244.68,2641
FSL,2026-05-19 11:13:00,244.68,245.0,244.6,244.97,8056
FSL,2026-05-19 11:14:00,244.94,245.0,244.69,244.86,2552
FSL,2026-05-19 11:15:00,244.86,245.0,244.69,244.81,2816
FSL,2026-05-19 11:16:00,244.85,244.89,244.75,244.88,2965
FSL,2026-05-19 11:17:00,244.82,244.92,244.56,244.79,2212
FSL,2026-05-19 11:18:00,244.79,244.79,244.16,244.16,6529
FSL,2026-05-19 11:19:00,244.31,244.31,244.05,244.2,1124
FSL,2026-05-19 11:20:00,244.25,244.26,244.16,244.24,2794
FSL,2026-05-19 11:21:00,244.25,244.44,244.03,244.27,22014
FSL,2026-05-19 11:22:00,244.27,244.27,244.05,244.2,4908
FSL,2026-05-19 11:23:00,244.2,244.2,244.1,244.19,6165
FSL,2026-05-19 11:24:00,244.33,244.39,244.09,244.09,3655
FSL,2026-05-19 11:25:00,244.09,244.27,244.08,244.13,7436
FSL,2026-05-19 11:26:00,244.13,244.36,244.13,244.33,1406
FSL,2026-05-19 11:27:00,244.3,244.3,244.0,244.06,15224
FSL,2026-05-19 11:28:00,244.06,244.33,243.85,244.33,8339
FSL,2026-05-19 11:29:00,244.35,244.66,244.35,244.61,2503
FSL,2026-05-19 11:30:00,244.61,244.61,244.2,244.38,4529
FSL,2026-05-19 11:31:00,244.38,244.38,244.2,244.36,3263
FSL,2026-05-19 11:32:00,244.37,244.37,244.0,244.0,9273
FSL,2026-05-19 11:33:00,244.0,244.14,244.0,244.14,1636
FSL,2026-05-19 11:34:00,244.14,244.25,244.14,244.25,1089
FSL,2026-05-19 11:35:00,244.21,244.64,244.21,244.64,11608
FSL,2026-05-19 11:36:00,244.64,244.64,244.44,244.52,1331
FSL,2026-05-19 11:37:00,244.46,244.65,244.46,244.65,723
FSL,2026-05-19 11:38:00,244.63,244.9,244.63,244.87,3146
FSL,2026-05-19 11:39:00,244.87,244.87,244.51,244.67,2377
FSL,2026-05-19 11:40:00,244.67,244.79,244.67,244.77,737
FSL,2026-05-19 11:41:00,244.77,244.79,244.5,244.6,2981
FSL,2026-05-19 11:42:00,244.62,244.87,244.5,244.79,3579
FSL,2026-05-19 11:43:00,244.64,244.68,244.36,244.68,1233
FSL,2026-05-19 11:44:00,244.68,244.68,241.21,241.7,104387
FSL,2026-05-19 11:45:00,241.57,243.2,241.57,242.78,25063
FSL,2026-05-19 11:46:00,242.78,243.8,242.78,243.79,22655
FSL,2026-05-19 11:47:00,243.79,243.9,243.56,243.69,10346
FSL,2026-05-19 11:48:00,243.69,243.69,243.15,243.15,7226
FSL,2026-05-19 11:49:00,243.35,243.37,243.05,243.2,10660
FSL,2026-05-19 11:50:00,243.12,243.71,242.94,243.49,19849
FSL,2026-05-19 11:51:00,243.42,243.63,243.42,243.55,674
FSL,2026-05-19 11:52:00,243.55,243.56,243.18,243.19,5469
FSL,2026-05-19 11:53:00,243.19,243.62,243.19,243.62,2691
FSL,2026-05-19 11:54:00,243.62,243.63,243.45,243.63,840
FSL,2026-05-19 11:55:00,243.77,243.8,243.7,243.8,883
FSL,2026-05-19 11:56:00,243.8,243.8,243.55,243.67,2442
FSL,2026-05-19 11:57:00,243.67,243.77,243.39,243.58,5024
FSL,2026-05-19 11:58:00,243.51,243.6,243.26,243.51,5455
FSL,2026-05-19 11:59:00,243.51,243.67,243.33,243.59,9016
FSL,2026-05-19 12:00:00,243.6,243.67,243.55,243.67,1442
FSL,2026-05-19 12:01:00,243.67,243.67,243.55,243.55,1641
FSL,2026-05-19 12:02:00,243.55,244.0,243.55,243.86,16176
FSL,2026-05-19 12:03:00,243.89,244.24,243.89,244.24,11481
FSL,2026-05-19 12:04:00,244.25,244.25,243.8,243.88,1866
FSL,2026-05-19 12:05:00,243.88,244.25,243.88,244.24,7235
FSL,2026-05-19 12:06:00,244.25,244.26,243.95,244.23,1839
FSL,2026-05-19 12:07:00,244.23,244.23,243.67,243.88,1716
FSL,2026-05-19 12:08:00,243.87,243.91,243.5,243.69,2322
FSL,2026-05-19 12:09:00,243.7,243.7,243.38,243.58,1636
FSL,2026-05-19 12:10:00,243.59,243.68,243.41,243.66,1041
FSL,2026-05-19 12:11:00,243.7,243.94,243.55,243.71,686
FSL,2026-05-19 12:12:00,243.71,243.97,243.67,243.79,3176
FSL,2026-05-19 12:13:00,243.97,244.23,243.73,244.22,6183
FSL,2026-05-19 12:14:00,244.25,244.25,244.11,244.25,1268
FSL,2026-05-19 12:15:00,244.25,244.25,244.17,244.18,1423
FSL,2026-05-19 12:16:00,244.18,244.18,243.91,244.09,6160
FSL,2026-05-19 12:17:00,244.1,244.11,243.96,244.0,768
FSL,2026-05-19 12:18:00,243.95,244.11,243.85,244.0,1217
FSL,2026-05-19 12:19:00,243.88,244.1,243.88,244.0,572
FSL,2026-05-19 12:20:00,244.0,244.13,243.96,243.96,1042
FSL,2026-05-19 12:21:00,243.95,244.16,243.82,244.16,1779
FSL,2026-05-19 12:22:00,244.16,244.2,244.05,244.19,3123
FSL,2026-05-19 12:23:00,244.1,244.5,244.1,244.32,3080
FSL,2026-05-19 12:24:00,244.32,244.37,244.05,244.14,2396
FSL,2026-05-19 12:25:00,244.01,244.21,244.0,244.21,1948
FSL,2026-05-19 12:26:00,244.07,244.25,243.9,244.22,4576
FSL,2026-05-19 12:27:00,244.23,244.3,244.07,244.07,1504
FSL,2026-05-19 12:28:00,244.07,244.34,244.07,244.34,864
FSL,2026-05-19 12:29:00,244.38,244.5,244.1,244.22,3610
FSL,2026-05-19 12:30:00,244.23,244.23,244.03,244.15,1713
FSL,2026-05-19 12:31:00,244.15,244.26,244.0,244.2,4482
FSL,2026-05-19 12:32:00,244.2,244.31,244.03,244.18,4476
FSL,2026-05-19 12:33:00,244.18,244.37,243.83,243.91,19453
FSL,2026-05-19 12:34:00,243.91,243.96,243.79,243.8,693
FSL,2026-05-19 12:35:00,243.79,243.92,243.4,243.4,1390
FSL,2026-05-19 12:36:00,243.24,243.62,243.08,243.08,5177
FSL,2026-05-19 12:37:00,243.05,243.47,243.05,243.37,4068
FSL,2026-05-19 12:38:00,243.37,243.77,243.37,243.61,1497
FSL,2026-05-19 12:39:00,243.76,243.76,243.32,243.63,2333
FSL,2026-05-19 12:40:00,243.71,243.71,243.5,243.5,2413
FSL,2026-05-19 12:41:00,243.5,243.68,243.32,243.42,9957
FSL,2026-05-19 12:42:00,243.48,243.72,243.36,243.47,3165
FSL,2026-05-19 12:43:00,243.47,243.57,243.37,243.4,1382
FSL,2026-05-19 12:44:00,243.4,243.55,243.32,243.55,3377
FSL,2026-05-19 12:45:00,243.56,243.56,243.43,243.56,2303
FSL,2026-05-19 12:46:00,243.56,243.57,243.46,243.57,795
FSL,2026-05-19 12:47:00,243.48,243.57,243.33,243.33,2992
FSL,2026-05-19 12:48:00,243.33,243.57,242.65,242.89,9783
FSL,2026-05-19 12:49:00,242.89,242.89,242.55,242.55,5568
FSL,2026-05-19 12:50:00,242.58,243.37,242.55,243.18,12193
FSL,2026-05-19 12:51:00,243.11,243.3,243.11,243.11,2732
FSL,2026-05-19 12:52:00,243.11,243.11,242.81,243.05,1526
FSL,2026-05-19 12:53:00,243.05,243.05,242.88,243.05,1839
FSL,2026-05-19 12:54:00,243.18,243.19,243.05,243.19,560
FSL,2026-05-19 12:55:00,243.26,243.26,243.11,243.13,774
FSL,2026-05-19 12:56:00,243.25,243.45,243.14,243.45,1301
FSL,2026-05-19 12:57:00,243.31,243.56,243.31,243.46,927
FSL,2026-05-19 12:58:00,243.46,243.58,243.27,243.57,955
FSL,2026-05-19 12:59:00,243.57,243.58,243.39,243.4,608
FSL,2026-05-19 13:00:00,243.4,243.52,243.27,243.42,881
FSL,2026-05-19 13:01:00,243.5,243.58,243.42,243.58,1200
FSL,2026-05-19 13:02:00,243.58,243.74,243.4,243.74,1736
FSL,2026-05-19 13:03:00,243.74,243.98,243.57,243.91,10788
FSL,2026-05-19 13:04:00,243.91,243.94,243.67,243.78,1704
FSL,2026-05-19 13:05:00,243.93,243.93,243.48,243.54,1444
FSL,2026-05-19 13:06:00,243.54,243.73,243.54,243.7,622
FSL,2026-05-19 13:07:00,243.7,243.73,243.55,243.7,1102
FSL,2026-05-19 13:08:00,243.71,243.73,243.46,243.5,1958
FSL,2026-05-19 13:09:00,243.49,243.56,243.4,243.41,1715
FSL,2026-05-19 13:10:00,243.4,243.65,243.14,243.59,4454
FSL,2026-05-19 13:11:00,243.59,243.59,242.67,242.67,13652
FSL,2026-05-19 13:12:00,242.68,243.16,242.68,243.16,1524
FSL,2026-05-19 13:13:00,243.0,243.0,242.8,243.0,1031
FSL,2026-05-19 13:14:00,243.0,243.0,242.86,242.99,1453
FSL,2026-05-19 13:15:00,242.86,243.0,242.8,242.95,1700
FSL,2026-05-19 13:16:00,242.83,243.13,242.83,242.9,3131
FSL,2026-05-19 13:17:00,242.9,243.21,242.9,243.21,818
FSL,2026-05-19 13:18:00,243.22,243.45,243.1,243.27,4529
FSL,2026-05-19 13:19:00,243.27,243.28,242.96,243.27,2276
FSL,2026-05-19 13:20:00,243.24,243.32,243.06,243.15,2180
FSL,2026-05-19 13:21:00,243.15,243.41,243.15,243.4,1474
FSL,2026-05-19 13:22:00,243.42,243.71,243.4,243.71,3943
FSL,2026-05-19 13:23:00,243.65,243.86,243.4,243.65,5010
FSL,2026-05-19 13:24:00,243.51,244.25,243.48,244.25,9802
FSL,2026-05-19 13:25:00,244.34,244.38,244.04,244.06,3254
FSL,2026-05-19 13:26:00,244.07,244.15,244.0,244.15,5323
FSL,2026-05-19 13:27:00,244.16,244.16,244.02,244.16,788
FSL,2026-05-19 13:28:00,244.16,244.16,244.02,244.16,977
FSL,2026-05-19 13:29:00,244.05,244.16,244.05,244.11,1482
FSL,2026-05-19 13:30:00,244.11,244.11,244.03,244.06,1023
FSL,2026-05-19 13:31:00,244.06,244.12,244.02,244.02,1806
FSL,2026-05-19 13:32:00,244.02,244.13,244.02,244.13,6117
FSL,2026-05-19 13:33:00,244.13,244.33,244.13,244.33,2045
FSL,2026-05-19 13:34:00,244.34,244.54,244.33,244.33,19112
FSL,2026-05-19 13:35:00,244.34,244.54,244.34,244.42,5021
FSL,2026-05-19 13:36:00,244.42,244.5,244.4,244.46,6261
FSL,2026-05-19 13:37:00,244.46,244.83,244.4,244.82,8114
FSL,2026-05-19 13:38:00,244.82,245.29,244.8,245.12,7777
FSL,2026-05-19 13:39:00,245.31,245.56,245.0,245.56,18904
FSL,2026-05-19 13:40:00,245.3,245.62,245.2,245.38,5689
FSL,2026-05-19 13:41:00,245.4,245.57,245.2,245.2,6823
FSL,2026-05-19 13:42:00,245.2,245.22,245.0,245.02,7400
FSL,2026-05-19 13:43:00,245.01,245.12,245.0,245.0,3437
FSL,2026-05-19 13:44:00,245.09,245.1,245.0,245.0,3053
FSL,2026-05-19 13:45:00,245.0,245.1,245.0,245.0,862
FSL,2026-05-19 13:46:00,245.0,245.0,244.82,245.0,5576
FSL,2026-05-19 13:47:00,245.2,245.37,245.2,245.22,7228
FSL,2026-05-19 13:48:00,245.22,245.36,245.14,245.14,662
FSL,2026-05-19 13:49:00,245.14,245.14,244.96,245.0,8280
FSL,2026-05-19 13:50:00,245.0,245.02,245.0,245.0,3868
FSL,2026-05-19 13:51:00,245.0,245.3,245.0,245.26,3333
FSL,2026-05-19 13:52:00,245.26,245.26,245.14,245.15,1477
FSL,2026-05-19 13:53:00,245.15,245.24,245.15,245.15,1432
FSL,2026-05-19 13:54:00,245.01,245.04,245.0,245.01,1713
FSL,2026-05-19 13:55:00,245.01,245.12,245.0,245.07,6439
FSL,2026-05-19 13:56:00,245.07,245.12,245.0,245.05,2834
FSL,2026-05-19 13:57:00,245.05,245.1,245.05,245.05,1467
FSL,2026-05-19 13:58:00,244.82,245.12,244.34,244.63,12991
FSL,2026-05-19 13:59:00,244.64,244.98,244.53,244.95,5111
FSL,2026-05-19 14:00:00,244.95,245.05,244.84,245.0,1699
FSL,2026-05-19 14:01:00,245.0,245.25,245.0,245.14,5041
FSL,2026-05-19 14:02:00,245.24,245.5,245.13,245.35,7895
FSL,2026-05-19 14:03:00,245.47,245.5,245.34,245.5,2067
FSL,2026-05-19 14:04:00,245.5,245.5,245.36,245.4,11217
FSL,2026-05-19 14:05:00,245.4,245.5,245.4,245.4,1639
FSL,2026-05-19 14:06:00,245.4,245.49,245.4,245.4,1408
FSL,2026-05-19 14:07:00,245.41,245.45,245.4,245.4,1585
FSL,2026-05-19 14:08:00,245.4,245.44,245.4,245.44,2818
FSL,2026-05-19 14:09:00,245.4,245.45,245.4,245.45,1815
FSL,2026-05-19 14:10:00,245.4,245.48,245.4,245.48,2399
FSL,2026-05-19 14:11:00,245.47,245.65,245.4,245.65,7299
FSL,2026-05-19 14:12:00,245.65,245.79,245.64,245.79,5647
FSL,2026-05-19 14:13:00,245.79,245.79,245.4,245.45,3276
FSL,2026-05-19 14:14:00,245.6,245.63,245.45,245.52,644
FSL,2026-05-19 14:15:00,245.63,245.63,245.45,245.45,895
FSL,2026-05-19 14:16:00,245.45,245.54,245.45,245.46,849
FSL,2026-05-19 14:17:00,245.46,245.49,245.4,245.41,26932
FSL,2026-05-19 14:18:00,245.41,245.46,245.14,245.14,12618
FSL,2026-05-19 14:19:00,245.35,245.35,244.69,244.69,5811
FSL,2026-05-19 14:20:00,244.7,244.9,244.66,244.7,4597
FSL,2026-05-19 14:21:00,244.75,244.8,244.7,244.8,2508
FSL,2026-05-19 14:22:00,244.7,244.9,244.7,244.9,11314
FSL,2026-05-19 14:23:00,244.91,245.14,244.85,245.14,14802
FSL,2026-05-19 14:24:00,245.14,245.2,245.0,245.15,4625
FSL,2026-05-19 14:25:00,245.15,245.15,245.0,245.05,2103
FSL,2026-05-19 14:26:00,245.05,245.14,245.0,245.0,1000
FSL,2026-05-19 14:27:00,245.0,245.1,244.9,245.01,3013
FSL,2026-05-19 14:28:00,245.01,245.36,244.87,245.36,4503
FSL,2026-05-19 14:29:00,245.36,245.42,245.17,245.17,3695
FSL,2026-05-19 14:30:00,245.17,245.2,245.14,245.2,185
FSL,2026-05-19 14:31:00,245.08,245.33,245.08,245.08,1470
FSL,2026-05-19 14:32:00,245.08,245.17,245.0,245.12,13384
FSL,2026-05-19 14:33:00,245.0,245.0,244.84,245.0,2578
FSL,2026-05-19 14:34:00,245.0,245.1,245.0,245.1,1332
FSL,2026-05-19 14:35:00,245.1,245.15,245.01,245.13,3083
FSL,2026-05-19 14:36:00,245.1,245.1,244.8,245.0,7911
FSL,2026-05-19 14:37:00,245.0,245.09,244.4,244.53,19872
FSL,2026-05-19 14:38:00,244.59,244.79,244.5,244.79,1325
FSL,2026-05-19 14:39:00,244.8,244.84,244.5,244.72,4965
FSL,2026-05-19 14:40:00,244.71,244.72,244.4,244.72,3507
FSL,2026-05-19 14:41:00,244.73,244.9,244.73,244.73,1710
FSL,2026-05-19 14:42:00,244.83,244.83,244.55,244.73,1870
FSL,2026-05-19 14:43:00,244.74,244.74,243.55,243.7,21484
FSL,2026-05-19 14:44:00,243.67,243.87,243.35,243.35,11006
FSL,2026-05-19 14:45:00,243.25,243.76,243.25,243.64,20427
FSL,2026-05-19 14:46:00,243.64,243.64,243.25,243.47,15720
FSL,2026-05-19 14:47:00,243.33,243.42,243.01,243.36,27857
FSL,2026-05-19 14:48:00,243.42,243.42,243.22,243.26,3336
FSL,2026-05-19 14:49:00,243.02,243.99,243.02,243.28,30669
FSL,2026-05-19 14:50:00,242.92,243.0,242.7,242.8,17627
FSL,2026-05-19 14:51:00,242.8,243.34,242.8,243.24,7867
FSL,2026-05-19 14:52:00,243.34,243.58,243.26,243.4,1993
FSL,2026-05-19 14:53:00,243.44,243.44,243.11,243.28,6119
FSL,2026-05-19 14:54:00,243.3,243.3,242.9,242.9,5736
FSL,2026-05-19 14:55:00,243.0,243.0,242.23,242.48,9258
FSL,2026-05-19 14:56:00,242.25,242.85,242.25,242.77,2644
FSL,2026-05-19 14:57:00,242.85,242.9,242.71,242.88,2636
FSL,2026-05-19 14:58:00,242.85,243.0,242.46,242.46,5646
FSL,2026-05-19 14:59:00,242.46,242.56,242.16,242.25,7344
FSL,2026-05-19 15:00:00,242.1,242.2,242.0,242.2,18703
FSL,2026-05-19 15:01:00,242.23,242.29,241.65,242.03,25700
FSL,2026-05-19 15:02:00,242.03,242.1,241.7,241.8,8407
FSL,2026-05-19 15:03:00,241.78,241.78,241.2,241.2,23984
FSL,2026-05-19 15:04:00,241.3,241.4,241.2,241.28,7805
FSL,2026-05-19 15:05:00,241.42,241.48,241.25,241.36,3780
FSL,2026-05-19 15:06:00,241.4,241.9,241.39,241.75,11269
FSL,2026-05-19 15:07:00,241.76,241.79,241.45,241.5,3849
FSL,2026-05-19 15:08:00,241.48,241.48,241.2,241.3,9115
FSL,2026-05-19 15:09:00,241.4,241.4,241.0,241.1,11849
FSL,2026-05-19 15:10:00,241.15,241.32,241.1,241.31,18632
FSL,2026-05-19 15:11:00,241.4,241.5,241.23,241.3,9606
FSL,2026-05-19 15:12:00,241.28,241.3,241.1,241.1,7927
FSL,2026-05-19 15:13:00,241.3,241.3,241.0,241.14,6709
FSL,2026-05-19 15:14:00,241.15,241.15,241.05,241.1,11819
FSL,2026-05-19 15:15:00,241.1,241.16,241.05,241.09,17515
FSL,2026-05-19 15:16:00,241.15,241.15,241.0,241.0,11695
FSL,2026-05-19 15:17:00,241.07,241.07,241.0,241.01,8440
FSL,2026-05-19 15:18:00,241.01,241.01,240.02,240.86,74197
FSL,2026-05-19 15:19:00,240.89,242.65,240.64,242.36,29306
FSL,2026-05-19 15:20:00,242.5,243.44,242.48,243.41,60295
FSL,2026-05-19 15:21:00,243.44,243.59,243.04,243.35,19835
FSL,2026-05-19 15:22:00,242.07,243.19,241.83,243.19,27510
FSL,2026-05-19 15:23:00,243.19,243.34,242.45,243.04,38647
FSL,2026-05-19 15:24:00,243.04,243.69,242.84,243.58,43629
FSL,2026-05-19 15:25:00,243.4,244.6,242.74,242.74,48515
FSL,2026-05-19 15:26:00,242.97,242.97,242.0,242.15,9910
FSL,2026-05-19 15:27:00,242.15,242.99,242.01,242.69,9976
FSL,2026-05-19 15:28:00,242.99,242.99,242.19,242.2,17048
FSL,2026-05-19 15:29:00,242.2,242.59,242.0,242.0,6404
FSL,2026-05-20 09:15:00,241.0,241.0,236.81,237.57,25455
FSL,2026-05-20 09:16:00,237.57,238.23,236.51,238.23,42629
FSL,2026-05-20 09:17:00,238.5,239.8,237.93,239.69,31218
FSL,2026-05-20 09:18:00,239.52,240.1,239.05,240.08,22037
FSL,2026-05-20 09:19:00,240.16,242.32,240.16,241.35,20745
FSL,2026-05-20 09:20:00,241.03,241.03,240.62,240.62,10454
FSL,2026-05-20 09:21:00,240.55,242.79,240.45,242.79,38474
FSL,2026-05-20 09:22:00,242.2,243.5,242.2,243.5,20708
FSL,2026-05-20 09:23:00,243.0,244.35,243.0,244.35,50727
FSL,2026-05-20 09:24:00,244.14,244.25,243.41,243.59,31496
FSL,2026-05-20 09:25:00,243.35,244.12,243.0,243.95,24780
FSL,2026-05-20 09:26:00,243.95,246.9,243.1,246.9,58077
FSL,2026-05-20 09:27:00,246.58,247.45,246.53,246.84,38978
FSL,2026-05-20 09:28:00,246.73,246.77,246.01,246.33,40224
FSL,2026-05-20 09:29:00,246.44,246.5,245.9,246.41,15453
FSL,2026-05-20 09:30:00,246.41,246.41,245.11,245.48,28409
FSL,2026-05-20 09:31:00,245.44,247.55,245.44,247.51,41150
FSL,2026-05-20 09:32:00,247.5,247.74,246.8,247.0,30453
FSL,2026-05-20 09:33:00,247.12,247.95,247.0,247.74,26938
FSL,2026-05-20 09:34:00,247.95,248.26,247.28,247.28,21767
FSL,2026-05-20 09:35:00,247.46,247.52,247.0,247.0,31901
FSL,2026-05-20 09:36:00,246.87,247.11,246.33,247.0,38776
FSL,2026-05-20 09:37:00,247.24,248.27,247.01,247.5,33111
FSL,2026-05-20 09:38:00,247.5,247.5,247.04,247.31,16647
FSL,2026-05-20 09:39:00,247.54,247.59,247.09,247.27,5616
FSL,2026-05-20 09:40:00,247.05,247.29,246.82,246.99,12480
FSL,2026-05-20 09:41:00,247.0,247.0,246.32,246.39,14680
FSL,2026-05-20 09:42:00,246.53,247.15,246.53,246.85,24032
FSL,2026-05-20 09:43:00,246.76,247.98,246.62,247.82,28695
FSL,2026-05-20 09:44:00,247.96,247.96,247.55,247.6,17240
FSL,2026-05-20 09:45:00,247.58,247.58,247.0,247.17,10309
FSL,2026-05-20 09:46:00,247.06,247.7,247.05,247.37,13558
FSL,2026-05-20 09:47:00,247.37,247.37,247.0,247.01,2163
FSL,2026-05-20 09:48:00,247.01,247.5,247.0,247.33,5757
FSL,2026-05-20 09:49:00,247.33,247.56,247.2,247.33,18960
FSL,2026-05-20 09:50:00,247.33,247.35,247.05,247.09,6264
FSL,2026-05-20 09:51:00,247.24,247.45,247.11,247.16,11975
FSL,2026-05-20 09:52:00,247.14,247.24,246.93,247.0,18991
FSL,2026-05-20 09:53:00,247.0,247.1,246.52,246.87,9094
FSL,2026-05-20 09:54:00,246.56,247.0,246.46,246.95,4172
FSL,2026-05-20 09:55:00,246.87,247.19,246.8,247.0,6213
FSL,2026-05-20 09:56:00,247.0,247.11,246.83,246.84,588
FSL,2026-05-20 09:57:00,246.8,247.0,246.73,246.99,9912
FSL,2026-05-20 09:58:00,246.99,247.5,246.57,247.22,17008
FSL,2026-05-20 09:59:00,247.17,247.17,247.0,247.13,2146
FSL,2026-05-20 10:00:00,247.01,247.01,246.52,246.52,5993
FSL,2026-05-20 10:01:00,246.65,246.86,246.53,246.54,5609
FSL,2026-05-20 10:02:00,246.67,246.8,246.25,246.25,8936
FSL,2026-05-20 10:03:00,246.0,246.27,245.74,246.01,25856
FSL,2026-05-20 10:04:00,245.81,246.02,245.7,245.86,4473
FSL,2026-05-20 10:05:00,245.88,245.88,245.54,245.54,9456
FSL,2026-05-20 10:06:00,245.54,245.76,245.54,245.76,11015
FSL,2026-05-20 10:07:00,245.75,246.12,245.56,245.89,6386
FSL,2026-05-20 10:08:00,246.0,246.19,245.92,246.15,3467
FSL,2026-05-20 10:09:00,246.0,246.6,246.0,246.45,2767
FSL,2026-05-20 10:10:00,246.45,246.45,246.29,246.3,1807
FSL,2026-05-20 10:11:00,246.3,247.39,246.2,247.29,9721
FSL,2026-05-20 10:12:00,247.29,247.38,246.88,247.01,9696
FSL,2026-05-20 10:13:00,247.01,247.16,247.01,247.02,1071
FSL,2026-05-20 10:14:00,247.01,247.2,246.9,246.97,3474
FSL,2026-05-20 10:15:00,246.97,247.01,246.77,246.95,4116
FSL,2026-05-20 10:16:00,246.95,246.95,246.61,246.84,2148
FSL,2026-05-20 10:17:00,246.65,247.13,246.65,246.99,6551
FSL,2026-05-20 10:18:00,247.0,247.3,246.61,247.0,11830
FSL,2026-05-20 10:19:00,246.81,247.14,246.81,247.14,2853
FSL,2026-05-20 10:20:00,246.95,247.1,246.95,247.0,5208
FSL,2026-05-20 10:21:00,247.08,247.1,246.95,247.0,1662
FSL,2026-05-20 10:22:00,247.0,247.01,246.61,246.91,6351
FSL,2026-05-20 10:23:00,246.91,246.96,246.4,246.4,1888
FSL,2026-05-20 10:24:00,246.4,246.52,246.3,246.41,4713
FSL,2026-05-20 10:25:00,246.45,246.45,246.2,246.2,2074
FSL,2026-05-20 10:26:00,246.2,246.75,246.14,246.64,5238
FSL,2026-05-20 10:27:00,246.64,246.89,246.63,246.89,2315
FSL,2026-05-20 10:28:00,246.75,247.07,246.66,246.99,5918
FSL,2026-05-20 10:29:00,246.99,247.38,246.99,247.15,35878
FSL,2026-05-20 10:30:00,247.25,247.5,247.13,247.49,7939
FSL,2026-05-20 10:31:00,247.49,247.5,247.31,247.5,4372
FSL,2026-05-20 10:32:00,247.5,247.5,247.03,247.03,2206
FSL,2026-05-20 10:33:00,247.03,247.03,246.91,246.92,1579
FSL,2026-05-20 10:34:00,247.0,247.0,246.9,246.9,215
FSL,2026-05-20 10:35:00,246.9,247.23,246.82,247.23,5408
FSL,2026-05-20 10:36:00,247.21,247.35,247.11,247.25,1161
FSL,2026-05-20 10:37:00,247.26,247.6,247.26,247.46,9411
FSL,2026-05-20 10:38:00,247.47,247.62,247.27,247.27,3592
FSL,2026-05-20 10:39:00,247.27,247.27,247.1,247.1,1184
FSL,2026-05-20 10:40:00,247.1,247.35,247.01,247.01,3193
FSL,2026-05-20 10:41:00,247.23,247.58,247.05,247.43,19824
FSL,2026-05-20 10:42:00,247.43,247.43,247.2,247.3,1367
FSL,2026-05-20 10:43:00,247.4,247.4,247.17,247.3,2023
FSL,2026-05-20 10:44:00,247.3,247.3,247.13,247.3,453
FSL,2026-05-20 10:45:00,247.3,247.3,247.11,247.25,520
FSL,2026-05-20 10:46:00,247.25,247.25,247.14,247.24,279
FSL,2026-05-20 10:47:00,247.14,247.2,247.02,247.12,2090
FSL,2026-05-20 10:48:00,247.12,247.12,247.04,247.09,319
FSL,2026-05-20 10:49:00,247.04,247.4,247.0,247.3,12862
FSL,2026-05-20 10:50:00,247.43,247.75,247.43,247.64,7483
FSL,2026-05-20 10:51:00,247.65,247.95,247.52,247.95,33903
FSL,2026-05-20 10:52:00,247.94,248.4,247.94,248.4,32397
FSL,2026-05-20 10:53:00,248.38,248.69,248.3,248.5,26328
FSL,2026-05-20 10:54:00,248.3,248.89,248.27,248.75,26967
FSL,2026-05-20 10:55:00,248.84,248.85,248.11,248.11,19421
FSL,2026-05-20 10:56:00,248.27,248.56,248.0,248.5,24232
FSL,2026-05-20 10:57:00,248.5,248.5,248.11,248.12,3320
FSL,2026-05-20 10:58:00,248.12,248.39,248.12,248.15,6092
FSL,2026-05-20 10:59:00,248.15,248.3,248.02,248.15,5651
FSL,2026-05-20 11:00:00,248.19,248.29,248.12,248.2,1509
FSL,2026-05-20 11:01:00,248.2,248.26,248.0,248.0,3298
FSL,2026-05-20 11:02:00,247.83,248.2,247.75,247.76,2584
FSL,2026-05-20 11:03:00,247.79,247.99,247.72,247.76,2484
FSL,2026-05-20 11:04:00,247.76,248.15,247.76,248.0,5289
FSL,2026-05-20 11:05:00,248.15,248.15,248.0,248.06,2183
FSL,2026-05-20 11:06:00,248.06,248.21,248.06,248.1,2031
FSL,2026-05-20 11:07:00,248.2,248.66,248.14,248.41,15196
FSL,2026-05-20 11:08:00,248.41,248.75,248.41,248.6,6042
FSL,2026-05-20 11:09:00,248.67,248.79,248.45,248.63,11768
FSL,2026-05-20 11:10:00,248.63,248.66,248.01,248.01,10649
FSL,2026-05-20 11:11:00,248.01,248.66,248.01,248.55,8190
FSL,2026-05-20 11:12:00,248.54,248.54,248.44,248.44,3236
FSL,2026-05-20 11:13:00,248.44,248.48,248.27,248.28,954
FSL,2026-05-20 11:14:00,248.34,248.34,248.04,248.12,1305
FSL,2026-05-20 11:15:00,248.12,248.35,247.77,247.95,3907
FSL,2026-05-20 11:16:00,247.95,248.0,247.75,247.75,233
FSL,2026-05-20 11:17:00,247.78,248.0,247.78,247.9,11510
FSL,2026-05-20 11:18:00,247.9,247.99,247.9,247.91,255
FSL,2026-05-20 11:19:00,247.91,247.91,247.8,247.9,1169
FSL,2026-05-20 11:20:00,247.91,247.99,247.75,247.97,2234
FSL,2026-05-20 11:21:00,247.97,247.97,247.97,247.97,721
FSL,2026-05-20 11:22:00,247.97,248.01,247.96,247.99,5851
FSL,2026-05-20 11:23:00,247.99,248.1,247.96,247.96,1478
FSL,2026-05-20 11:24:00,248.0,248.15,247.91,247.98,918
FSL,2026-05-20 11:25:00,247.9,248.0,247.8,248.0,2030
FSL,2026-05-20 11:26:00,248.0,248.0,247.63,247.63,4175
FSL,2026-05-20 11:27:00,247.63,247.89,247.63,247.78,6827
FSL,2026-05-20 11:28:00,247.97,247.98,247.8,247.98,1007
FSL,2026-05-20 11:29:00,247.98,247.98,247.81,247.87,1452
FSL,2026-05-20 11:30:00,247.87,248.03,247.87,247.9,19246
FSL,2026-05-20 11:31:00,247.9,248.03,247.66,247.66,5048
FSL,2026-05-20 11:32:00,247.7,247.9,247.55,247.75,4150
FSL,2026-05-20 11:33:00,247.75,247.9,247.72,247.72,5988
FSL,2026-05-20 11:34:00,247.72,247.87,247.61,247.61,2431
FSL,2026-05-20 11:35:00,247.63,247.7,247.57,247.64,922
FSL,2026-05-20 11:36:00,247.64,247.74,247.56,247.74,152
FSL,2026-05-20 11:37:00,247.74,247.74,247.51,247.58,452
FSL,2026-05-20 11:38:00,247.58,247.69,247.58,247.58,136
FSL,2026-05-20 11:39:00,247.62,247.72,247.62,247.72,289
FSL,2026-05-20 11:40:00,247.72,247.87,247.58,247.59,5088
FSL,2026-05-20 11:41:00,247.59,247.65,247.41,247.41,1435
FSL,2026-05-20 11:42:00,247.4,247.55,247.37,247.54,2599
FSL,2026-05-20 11:43:00,247.71,247.71,247.5,247.5,771
FSL,2026-05-20 11:44:00,247.5,247.5,247.5,247.5,1101
FSL,2026-05-20 11:45:00,247.5,248.0,247.5,247.95,2298
FSL,2026-05-20 11:46:00,247.95,248.0,247.9,247.9,1453
FSL,2026-05-20 11:47:00,247.9,248.0,247.9,247.99,1485
FSL,2026-05-20 11:48:00,247.99,248.15,247.99,248.15,1423
FSL,2026-05-20 11:49:00,248.15,248.15,248.04,248.04,200
FSL,2026-05-20 11:50:00,248.15,248.29,248.07,248.29,6636
FSL,2026-05-20 11:51:00,248.29,248.42,248.06,248.06,2031
FSL,2026-05-20 11:52:00,248.06,248.1,247.63,247.63,7484
FSL,2026-05-20 11:53:00,247.75,247.97,247.75,247.95,1279
FSL,2026-05-20 11:54:00,247.95,248.01,247.73,247.94,3415
FSL,2026-05-20 11:55:00,247.94,247.94,247.9,247.9,628
FSL,2026-05-20 11:56:00,247.9,247.9,247.9,247.9,300
FSL,2026-05-20 11:57:00,247.9,248.15,247.9,248.05,2651
FSL,2026-05-20 11:58:00,248.04,248.04,247.9,248.0,505
FSL,2026-05-20 11:59:00,248.03,248.03,247.73,247.73,3160
FSL,2026-05-20 12:00:00,247.77,247.96,247.77,247.79,477
FSL,2026-05-20 12:01:00,247.93,247.93,247.9,247.9,175
FSL,2026-05-20 12:02:00,247.9,247.9,247.69,247.69,785
FSL,2026-05-20 12:03:00,247.8,247.84,247.7,247.8,654
FSL,2026-05-20 12:04:00,247.63,247.8,247.63,247.64,1199
FSL,2026-05-20 12:05:00,247.64,247.64,247.46,247.6,4502
FSL,2026-05-20 12:06:00,247.6,247.6,247.44,247.44,1374
FSL,2026-05-20 12:07:00,247.55,247.8,247.55,247.79,9545
FSL,2026-05-20 12:08:00,247.79,247.79,247.51,247.59,5013
FSL,2026-05-20 12:09:00,247.69,247.69,247.68,247.68,2817
FSL,2026-05-20 12:10:00,247.68,247.8,247.68,247.79,1274
FSL,2026-05-20 12:11:00,247.79,247.9,247.66,247.81,263
FSL,2026-05-20 12:12:00,247.8,247.8,247.53,247.65,373
FSL,2026-05-20 12:13:00,247.65,248.24,247.6,248.24,11391
FSL,2026-05-20 12:14:00,248.12,248.35,248.05,248.32,7139
FSL,2026-05-20 12:15:00,248.32,248.34,248.06,248.1,1913
FSL,2026-05-20 12:16:00,248.1,248.32,248.02,248.02,2067
FSL,2026-05-20 12:17:00,248.02,248.15,247.89,247.9,2134
FSL,2026-05-20 12:18:00,247.7,247.99,247.7,247.96,291
FSL,2026-05-20 12:19:00,247.96,248.12,247.96,247.97,464
FSL,2026-05-20 12:20:00,247.97,248.12,247.96,247.96,1211
FSL,2026-05-20 12:21:00,247.96,248.0,247.84,247.99,1454
FSL,2026-05-20 12:22:00,247.99,248.05,247.88,248.0,3554
FSL,2026-05-20 12:23:00,248.0,248.14,248.0,248.03,664
FSL,2026-05-20 12:24:00,248.03,248.19,247.9,247.9,1351
FSL,2026-05-20 12:25:00,247.9,247.96,247.76,247.8,1361
FSL,2026-05-20 12:26:00,247.8,247.8,247.65,247.66,1520
FSL,2026-05-20 12:27:00,247.7,247.7,247.66,247.67,207
FSL,2026-05-20 12:28:00,247.67,247.67,247.61,247.61,1306
FSL,2026-05-20 12:29:00,247.61,247.61,247.6,247.61,800
FSL,2026-05-20 12:30:00,247.61,247.61,247.52,247.52,680
FSL,2026-05-20 12:31:00,247.52,247.6,247.5,247.5,1259
FSL,2026-05-20 12:32:00,247.5,247.5,247.26,247.26,3901
FSL,2026-05-20 12:33:00,247.25,247.28,247.25,247.28,3143
FSL,2026-05-20 12:34:00,247.28,247.3,247.03,247.19,8821
FSL,2026-05-20 12:35:00,247.19,247.24,247.08,247.08,3422
FSL,2026-05-20 12:36:00,247.27,247.43,247.27,247.43,5976
FSL,2026-05-20 12:37:00,247.43,247.43,247.4,247.4,111
FSL,2026-05-20 12:38:00,247.4,247.4,247.32,247.35,1468
FSL,2026-05-20 12:39:00,247.35,247.35,247.2,247.2,802
FSL,2026-05-20 12:40:00,247.2,247.32,247.01,247.18,6113
FSL,2026-05-20 12:41:00,247.19,247.38,247.09,247.19,4055
FSL,2026-05-20 12:42:00,247.19,247.4,247.19,247.38,1058
FSL,2026-05-20 12:43:00,247.38,247.39,247.25,247.3,127
FSL,2026-05-20 12:44:00,247.3,247.4,247.26,247.4,1093
FSL,2026-05-20 12:45:00,247.4,247.4,247.31,247.32,1531
FSL,2026-05-20 12:46:00,247.32,247.33,247.32,247.32,345
FSL,2026-05-20 12:47:00,247.32,247.4,247.12,247.12,3073
FSL,2026-05-20 12:48:00,247.12,247.32,247.12,247.16,1174
FSL,2026-05-20 12:49:00,247.16,247.28,247.1,247.2,1044
FSL,2026-05-20 12:50:00,247.2,247.35,247.14,247.16,1147
FSL,2026-05-20 12:51:00,247.16,247.35,247.1,247.11,2480
FSL,2026-05-20 12:52:00,247.11,247.58,246.82,247.58,15989
FSL,2026-05-20 12:53:00,247.58,247.58,247.37,247.45,70
FSL,2026-05-20 12:54:00,247.45,247.58,247.43,247.43,856
FSL,2026-05-20 12:55:00,247.43,247.53,247.4,247.4,677
FSL,2026-05-20 12:56:00,247.4,247.5,247.4,247.5,352
FSL,2026-05-20 12:57:00,247.5,247.67,247.45,247.55,8726
FSL,2026-05-20 12:58:00,247.55,247.56,247.37,247.37,813
FSL,2026-05-20 12:59:00,247.37,247.5,247.37,247.49,285
FSL,2026-05-20 13:00:00,247.49,247.49,247.42,247.42,127
FSL,2026-05-20 13:01:00,247.42,247.42,247.27,247.39,71
FSL,2026-05-20 13:02:00,247.4,247.54,247.23,247.44,2904
FSL,2026-05-20 13:03:00,247.44,247.44,247.09,247.22,736
FSL,2026-05-20 13:04:00,247.22,247.23,247.05,247.23,652
FSL,2026-05-20 13:05:00,247.23,247.23,247.07,247.07,11
FSL,2026-05-20 13:06:00,247.07,247.31,247.05,247.13,16991
FSL,2026-05-20 13:07:00,247.13,247.13,246.63,246.98,8234
FSL,2026-05-20 13:08:00,246.98,247.01,246.98,247.01,12
FSL,2026-05-20 13:09:00,247.01,247.12,246.98,246.98,591
FSL,2026-05-20 13:10:00,246.98,247.1,246.98,247.1,138
FSL,2026-05-20 13:11:00,246.98,247.1,246.98,247.02,309
FSL,2026-05-20 13:12:00,247.02,247.1,247.02,247.02,123
FSL,2026-05-20 13:13:00,247.02,247.19,247.02,247.04,608
FSL,2026-05-20 13:14:00,247.04,247.2,247.04,247.2,231
FSL,2026-05-20 13:15:00,247.2,247.2,246.88,247.05,14841
FSL,2026-05-20 13:16:00,247.05,247.24,247.05,247.24,144
FSL,2026-05-20 13:17:00,247.24,247.24,247.09,247.09,22
FSL,2026-05-20 13:18:00,247.09,247.24,247.01,247.24,6823
FSL,2026-05-20 13:19:00,247.19,247.32,247.12,247.31,1537
FSL,2026-05-20 13:20:00,247.13,247.33,247.04,247.1,453
FSL,2026-05-20 13:21:00,247.1,247.1,247.03,247.03,172
FSL,2026-05-20 13:22:00,247.03,247.19,247.01,247.04,4112
FSL,2026-05-20 13:23:00,247.04,247.4,247.04,247.2,8816
FSL,2026-05-20 13:24:00,247.2,247.25,247.13,247.25,55
FSL,2026-05-20 13:25:00,247.25,247.41,247.25,247.28,261
FSL,2026-05-20 13:26:00,247.2,247.27,247.2,247.27,530
FSL,2026-05-20 13:27:00,247.27,247.27,247.13,247.13,37
FSL,2026-05-20 13:28:00,247.13,247.13,247.03,247.03,212
FSL,2026-05-20 13:29:00,247.01,247.1,247.0,247.0,1101
FSL,2026-05-20 13:30:00,247.0,247.0,247.0,247.0,798
FSL,2026-05-20 13:31:00,247.0,247.1,246.98,247.1,4472
FSL,2026-05-20 13:32:00,247.1,247.1,246.99,247.01,899
FSL,2026-05-20 13:33:00,247.01,247.17,247.01,247.17,2522
FSL,2026-05-20 13:34:00,247.17,247.21,247.17,247.21,131
FSL,2026-05-20 13:35:00,247.35,247.42,247.18,247.22,1730
FSL,2026-05-20 13:36:00,247.22,247.48,247.22,247.48,2033
FSL,2026-05-20 13:37:00,247.48,247.48,247.25,247.25,776
FSL,2026-05-20 13:38:00,247.25,247.49,247.18,247.27,1197
FSL,2026-05-20 13:39:00,247.27,247.48,247.27,247.3,512
FSL,2026-05-20 13:40:00,247.3,247.48,247.23,247.33,15677
FSL,2026-05-20 13:41:00,247.32,247.32,247.1,247.13,680
FSL,2026-05-20 13:42:00,247.13,247.35,247.13,247.34,195
FSL,2026-05-20 13:43:00,247.35,247.35,247.24,247.24,267
FSL,2026-05-20 13:44:00,247.24,247.3,247.19,247.19,265
FSL,2026-05-20 13:45:00,247.19,247.68,247.19,247.53,4125
FSL,2026-05-20 13:46:00,247.53,247.8,247.51,247.73,7574
FSL,2026-05-20 13:47:00,247.73,247.73,247.48,247.52,3242
FSL,2026-05-20 13:48:00,247.52,247.57,247.39,247.55,4978
FSL,2026-05-20 13:49:00,247.55,247.55,247.39,247.39,401
FSL,2026-05-20 13:50:00,247.39,247.89,247.39,247.85,2640
FSL,2026-05-20 13:51:00,247.71,248.45,247.71,247.99,20029
FSL,2026-05-20 13:52:00,247.88,248.0,247.77,247.84,927
FSL,2026-05-20 13:53:00,247.84,248.0,247.77,247.82,2589
FSL,2026-05-20 13:54:00,247.81,248.0,247.7,248.0,3920
FSL,2026-05-20 13:55:00,248.0,248.0,247.73,247.84,1216
FSL,2026-05-20 13:56:00,247.84,248.0,247.84,247.99,135
FSL,2026-05-20 13:57:00,247.78,247.98,247.77,247.8,634
FSL,2026-05-20 13:58:00,247.8,247.94,247.79,247.94,1300
FSL,2026-05-20 13:59:00,247.94,247.99,247.77,247.99,557
FSL,2026-05-20 14:00:00,247.99,247.99,247.5,247.69,8809
FSL,2026-05-20 14:01:00,247.69,247.7,247.5,247.68,1972
FSL,2026-05-20 14:02:00,247.7,247.7,247.49,247.51,350
FSL,2026-05-20 14:03:00,247.51,247.52,247.39,247.39,1137
FSL,2026-05-20 14:04:00,247.39,247.39,247.15,247.23,946
FSL,2026-05-20 14:05:00,247.23,247.43,247.23,247.43,1283
FSL,2026-05-20 14:06:00,247.43,247.45,247.43,247.45,105
FSL,2026-05-20 14:07:00,247.45,247.54,247.38,247.38,436
FSL,2026-05-20 14:08:00,247.38,247.5,247.35,247.35,883
FSL,2026-05-20 14:09:00,247.35,247.55,247.35,247.55,21
FSL,2026-05-20 14:10:00,247.43,247.69,247.43,247.69,402
FSL,2026-05-20 14:11:00,247.69,247.69,247.47,247.47,1508
FSL,2026-05-20 14:12:00,247.47,247.53,247.47,247.53,3853
FSL,2026-05-20 14:13:00,247.53,247.6,247.24,247.32,2709
FSL,2026-05-20 14:14:00,247.32,247.48,247.32,247.44,422
FSL,2026-05-20 14:15:00,247.32,247.49,247.15,247.16,2310
FSL,2026-05-20 14:16:00,247.16,247.44,247.16,247.25,1549
FSL,2026-05-20 14:17:00,247.25,247.44,247.25,247.44,22
FSL,2026-05-20 14:18:00,247.44,247.47,247.24,247.32,1192
FSL,2026-05-20 14:19:00,247.32,247.34,247.25,247.34,279
FSL,2026-05-20 14:20:00,247.38,247.42,247.11,247.11,5332
FSL,2026-05-20 14:21:00,247.24,247.43,247.22,247.22,2425
FSL,2026-05-20 14:22:00,247.24,247.41,247.24,247.34,1148
FSL,2026-05-20 14:23:00,247.2,247.38,247.2,247.37,100
FSL,2026-05-20 14:24:00,247.37,247.5,247.23,247.5,1257
FSL,2026-05-20 14:25:00,247.5,247.5,247.27,247.39,449
FSL,2026-05-20 14:26:00,247.39,247.39,247.22,247.34,803
FSL,2026-05-20 14:27:00,247.22,247.38,247.22,247.38,2450
FSL,2026-05-20 14:28:00,247.38,247.39,247.25,247.26,1045
FSL,2026-05-20 14:29:00,247.26,247.46,247.26,247.43,1042
FSL,2026-05-20 14:30:00,247.43,247.48,247.43,247.48,75
FSL,2026-05-20 14:31:00,247.48,247.5,247.3,247.45,824
FSL,2026-05-20 14:32:00,247.45,247.45,247.25,247.31,4374
FSL,2026-05-20 14:33:00,247.31,247.32,247.21,247.21,312
FSL,2026-05-20 14:34:00,247.21,247.21,247.1,247.2,5810
FSL,2026-05-20 14:35:00,247.04,247.18,246.9,247.0,5490
FSL,2026-05-20 14:36:00,247.0,247.09,247.0,247.0,7299
FSL,2026-05-20 14:37:00,247.0,247.19,247.0,247.19,693
FSL,2026-05-20 14:38:00,247.19,247.19,247.0,247.0,1414
FSL,2026-05-20 14:39:00,247.0,247.05,246.89,247.0,3772
FSL,2026-05-20 14:40:00,247.0,247.11,246.99,247.0,5523
FSL,2026-05-20 14:41:00,247.0,247.09,246.6,246.6,2955
FSL,2026-05-20 14:42:00,246.72,246.79,246.29,246.53,15064
FSL,2026-05-20 14:43:00,246.53,246.8,246.2,246.63,8693
FSL,2026-05-20 14:44:00,246.52,246.7,246.5,246.7,2292
FSL,2026-05-20 14:45:00,246.7,246.88,246.6,246.88,2698
FSL,2026-05-20 14:46:00,246.88,247.0,246.7,247.0,5754
FSL,2026-05-20 14:47:00,247.1,247.22,247.0,247.04,6359
FSL,2026-05-20 14:48:00,247.03,247.21,247.0,247.08,3724
FSL,2026-05-20 14:49:00,247.04,247.19,247.04,247.08,203
FSL,2026-05-20 14:50:00,247.19,247.3,247.19,247.3,3077
FSL,2026-05-20 14:51:00,247.3,247.3,247.23,247.23,2335
FSL,2026-05-20 14:52:00,247.23,247.3,247.09,247.15,15467
FSL,2026-05-20 14:53:00,247.15,247.15,246.92,247.0,17446
FSL,2026-05-20 14:54:00,247.0,247.0,246.8,246.96,4627
FSL,2026-05-20 14:55:00,246.96,247.3,246.96,247.29,1620
FSL,2026-05-20 14:56:00,247.29,247.3,247.16,247.3,535
FSL,2026-05-20 14:57:00,247.25,247.29,247.17,247.28,987
FSL,2026-05-20 14:58:00,247.28,247.3,247.17,247.3,545
FSL,2026-05-20 14:59:00,247.3,247.4,247.17,247.4,2029
FSL,2026-05-20 15:00:00,247.39,247.39,246.9,247.16,13258
FSL,2026-05-20 15:01:00,247.02,247.18,246.98,247.0,7211
FSL,2026-05-20 15:02:00,247.05,247.25,247.05,247.25,1268
FSL,2026-05-20 15:03:00,247.21,247.4,247.0,247.05,5983
FSL,2026-05-20 15:04:00,247.0,247.19,247.0,247.19,11734
FSL,2026-05-20 15:05:00,247.27,247.3,247.12,247.22,5532
FSL,2026-05-20 15:06:00,247.27,247.65,247.27,247.51,12141
FSL,2026-05-20 15:07:00,247.48,247.48,247.19,247.27,5988
FSL,2026-05-20 15:08:00,247.24,247.41,247.23,247.4,2805
FSL,2026-05-20 15:09:00,247.4,247.42,247.2,247.26,2077
FSL,2026-05-20 15:10:00,247.26,247.31,247.11,247.22,3459
FSL,2026-05-20 15:11:00,247.22,247.22,247.0,247.19,13933
FSL,2026-05-20 15:12:00,247.19,247.19,247.09,247.1,7048
FSL,2026-05-20 15:13:00,247.0,247.14,247.0,247.14,4793
FSL,2026-05-20 15:14:00,247.17,247.17,247.0,247.0,12449
FSL,2026-05-20 15:15:00,247.16,247.18,247.0,247.18,16135
FSL,2026-05-20 15:16:00,247.15,247.16,246.95,247.13,18876
FSL,2026-05-20 15:17:00,247.0,247.12,247.0,247.0,14335
FSL,2026-05-20 15:18:00,247.07,247.11,246.3,246.93,51431
FSL,2026-05-20 15:19:00,247.0,247.09,246.91,247.0,14816
FSL,2026-05-20 15:20:00,247.0,247.36,247.0,247.35,12554
FSL,2026-05-20 15:21:00,247.35,247.35,247.22,247.22,2414
FSL,2026-05-20 15:22:00,247.35,247.42,247.17,247.21,6969
FSL,2026-05-20 15:23:00,247.23,247.35,247.16,247.2,4856
FSL,2026-05-20 15:24:00,247.2,247.5,247.2,247.34,26288
FSL,2026-05-20 15:25:00,247.34,247.65,247.0,247.4,23118
FSL,2026-05-20 15:26:00,247.5,247.75,247.5,247.65,7611
FSL,2026-05-20 15:27:00,247.52,249.1,247.52,248.39,45888
FSL,2026-05-20 15:28:00,248.71,249.29,248.0,248.21,9790
FSL,2026-05-20 15:29:00,248.2,248.48,248.2,248.2,6269
FSL,2026-05-21 09:15:00,250.0,250.99,249.32,250.45,55674
FSL,2026-05-21 09:16:00,250.32,250.32,249.32,249.74,19022
FSL,2026-05-21 09:17:00,250.39,252.5,250.39,252.37,59997
FSL,2026-05-21 09:18:00,251.4,253.87,251.4,253.06,45437
FSL,2026-05-21 09:19:00,252.85,253.75,252.85,253.29,38887
FSL,2026-05-21 09:20:00,253.29,253.44,252.85,252.85,30661
FSL,2026-05-21 09:21:00,252.73,252.97,252.5,252.97,47825
FSL,2026-05-21 09:22:00,252.81,252.81,252.17,252.17,30718
FSL,2026-05-21 09:23:00,252.24,253.49,252.24,253.46,56837
FSL,2026-05-21 09:24:00,253.4,253.46,252.98,253.46,20599
FSL,2026-05-21 09:25:00,253.0,253.0,252.39,252.39,10106
FSL,2026-05-21 09:26:00,252.5,252.5,252.12,252.12,10164
FSL,2026-05-21 09:27:00,252.33,252.86,251.9,252.86,26640
FSL,2026-05-21 09:28:00,252.56,252.56,252.1,252.32,11231
FSL,2026-05-21 09:29:00,252.33,252.33,251.81,252.27,18339
FSL,2026-05-21 09:30:00,252.25,252.38,252.0,252.3,8676
FSL,2026-05-21 09:31:00,252.15,252.41,252.01,252.22,12782
FSL,2026-05-21 09:32:00,252.04,252.22,251.92,251.92,9809
FSL,2026-05-21 09:33:00,251.91,252.2,249.53,249.53,67669
FSL,2026-05-21 09:34:00,249.53,252.94,248.5,252.71,144376
FSL,2026-05-21 09:35:00,252.57,253.77,252.57,253.01,57642
FSL,2026-05-21 09:36:00,253.01,253.64,253.0,253.25,20922
FSL,2026-05-21 09:37:00,253.28,255.16,253.13,254.37,118047
FSL,2026-05-21 09:38:00,254.42,257.39,254.42,254.5,145280
FSL,2026-05-21 09:39:00,254.5,255.58,254.37,255.16,32834
FSL,2026-05-21 09:40:00,255.16,255.16,254.27,254.59,17405
FSL,2026-05-21 09:41:00,254.59,254.69,253.51,253.51,12277
FSL,2026-05-21 09:42:00,253.51,254.14,253.41,253.8,11472
FSL,2026-05-21 09:43:00,253.81,254.35,253.65,254.16,20822
FSL,2026-05-21 09:44:00,254.16,254.4,254.0,254.4,4701
FSL,2026-05-21 09:45:00,254.36,254.36,254.2,254.33,1973
FSL,2026-05-21 09:46:00,254.2,254.36,254.05,254.29,3178
FSL,2026-05-21 09:47:00,254.3,254.3,254.0,254.14,3279
FSL,2026-05-21 09:48:00,254.15,254.15,254.0,254.0,2792
FSL,2026-05-21 09:49:00,254.1,254.1,253.84,253.84,5747
FSL,2026-05-21 09:50:00,253.8,254.07,253.76,253.89,6117
FSL,2026-05-21 09:51:00,253.89,254.0,253.87,253.95,1433
FSL,2026-05-21 09:52:00,254.0,254.04,253.75,253.78,3187
FSL,2026-05-21 09:53:00,253.78,253.78,253.61,253.76,3727
FSL,2026-05-21 09:54:00,253.75,253.87,253.69,253.87,2943
FSL,2026-05-21 09:55:00,253.73,253.83,253.7,253.7,2682
FSL,2026-05-21 09:56:00,253.6,253.64,253.25,253.25,8308
FSL,2026-05-21 09:57:00,253.25,253.38,253.19,253.27,3938
FSL,2026-05-21 09:58:00,253.27,253.32,253.05,253.15,5695
FSL,2026-05-21 09:59:00,253.15,253.5,253.14,253.34,5889
FSL,2026-05-21 10:00:00,253.35,253.47,253.24,253.29,2364
FSL,2026-05-21 10:01:00,253.21,253.29,253.1,253.16,3120
FSL,2026-05-21 10:02:00,253.16,254.24,253.09,254.24,2672
FSL,2026-05-21 10:03:00,253.61,253.61,253.3,253.54,12087
FSL,2026-05-21 10:04:00,253.54,253.54,253.25,253.25,1811
FSL,2026-05-21 10:05:00,253.27,253.67,253.24,253.4,1620
FSL,2026-05-21 10:06:00,253.41,253.59,253.36,253.36,1855
FSL,2026-05-21 10:07:00,253.55,253.64,253.22,253.35,2222
FSL,2026-05-21 10:08:00,253.33,253.41,253.13,253.41,3265
FSL,2026-05-21 10:09:00,253.3,253.55,253.24,253.55,617
FSL,2026-05-21 10:10:00,253.35,253.54,253.14,253.2,4332
FSL,2026-05-21 10:11:00,253.48,253.48,253.13,253.26,5503
FSL,2026-05-21 10:12:00,253.4,253.49,253.2,253.2,1641
FSL,2026-05-21 10:13:00,253.34,253.34,253.17,253.19,260
FSL,2026-05-21 10:14:00,253.19,253.3,253.19,253.21,845
FSL,2026-05-21 10:15:00,253.12,253.25,253.12,253.2,1308
FSL,2026-05-21 10:16:00,253.29,253.29,253.2,253.2,205
FSL,2026-05-21 10:17:00,253.15,254.15,253.15,254.04,13578
FSL,2026-05-21 10:18:00,253.85,253.85,253.63,253.74,4932
FSL,2026-05-21 10:19:00,253.67,253.86,253.56,253.86,1737
FSL,2026-05-21 10:20:00,253.86,253.86,253.52,253.71,454
FSL,2026-05-21 10:21:00,253.71,253.71,253.55,253.55,509
FSL,2026-05-21 10:22:00,253.55,253.96,253.55,253.96,741
FSL,2026-05-21 10:23:00,253.96,253.96,253.81,253.81,221
FSL,2026-05-21 10:24:00,253.81,254.39,253.73,254.39,6218
FSL,2026-05-21 10:25:00,254.47,254.55,253.87,253.87,6207
FSL,2026-05-21 10:26:00,254.11,254.51,254.11,254.45,4735
FSL,2026-05-21 10:27:00,254.22,254.45,254.18,254.31,4263
FSL,2026-05-21 10:28:00,254.3,254.55,254.28,254.55,8161
FSL,2026-05-21 10:29:00,254.44,254.44,254.01,254.16,5909
FSL,2026-05-21 10:30:00,254.15,254.3,253.8,253.81,6097
FSL,2026-05-21 10:31:00,253.81,253.94,253.81,253.94,3
FSL,2026-05-21 10:32:00,253.94,253.94,253.61,253.89,1714
FSL,2026-05-21 10:33:00,253.85,253.85,253.7,253.75,646
FSL,2026-05-21 10:34:00,253.75,253.89,253.5,253.56,2818
FSL,2026-05-21 10:35:00,253.56,253.56,253.45,253.45,1672
FSL,2026-05-21 10:36:00,253.45,253.5,253.35,253.4,2114
FSL,2026-05-21 10:37:00,253.4,253.4,253.15,253.2,2457
FSL,2026-05-21 10:38:00,253.77,254.09,253.71,253.72,7809
FSL,2026-05-21 10:39:00,253.72,253.72,253.6,253.61,1126
FSL,2026-05-21 10:40:00,253.61,253.72,253.61,253.7,911
FSL,2026-05-21 10:41:00,253.7,253.72,253.6,253.65,2800
FSL,2026-05-21 10:42:00,253.6,253.7,253.6,253.65,797
FSL,2026-05-21 10:43:00,253.65,254.0,253.6,254.0,5654
FSL,2026-05-21 10:44:00,254.0,254.0,253.87,253.91,862
FSL,2026-05-21 10:45:00,253.79,253.9,253.74,253.79,234
FSL,2026-05-21 10:46:00,253.79,253.79,253.68,253.79,3
FSL,2026-05-21 10:47:00,253.79,253.82,253.61,253.8,1062
FSL,2026-05-21 10:48:00,253.7,253.8,253.7,253.71,1752
FSL,2026-05-21 10:49:00,253.8,253.8,253.71,253.8,1550
FSL,2026-05-21 10:50:00,253.8,253.92,253.69,253.7,2521
FSL,2026-05-21 10:51:00,253.84,253.84,253.44,253.44,2012
FSL,2026-05-21 10:52:00,253.44,253.6,253.44,253.44,749
FSL,2026-05-21 10:53:00,253.56,253.8,253.49,253.8,3663
FSL,2026-05-21 10:54:00,253.8,253.88,253.64,253.86,538
FSL,2026-05-21 10:55:00,253.72,253.83,253.58,253.65,291
FSL,2026-05-21 10:56:00,253.51,253.71,253.44,253.5,506
FSL,2026-05-21 10:57:00,253.5,253.63,253.47,253.63,395
FSL,2026-05-21 10:58:00,253.52,253.82,253.44,253.82,3459
FSL,2026-05-21 10:59:00,253.67,253.73,253.58,253.59,1566
FSL,2026-05-21 11:00:00,253.72,253.72,253.45,253.5,615
FSL,2026-05-21 11:01:00,253.5,253.62,253.5,253.62,2937
FSL,2026-05-21 11:02:00,253.56,253.6,253.5,253.59,460
FSL,2026-05-21 11:03:00,253.59,253.83,253.5,253.75,2514
FSL,2026-05-21 11:04:00,253.65,253.65,253.29,253.5,11319
FSL,2026-05-21 11:05:00,253.49,253.57,253.3,253.56,8684
FSL,2026-05-21 11:06:00,253.56,253.56,253.42,253.42,825
FSL,2026-05-21 11:07:00,253.42,253.56,253.38,253.44,578
FSL,2026-05-21 11:08:00,253.44,253.55,253.44,253.48,889
FSL,2026-05-21 11:09:00,253.55,253.66,253.48,253.66,1463
FSL,2026-05-21 11:10:00,253.7,253.7,253.42,253.51,1913
FSL,2026-05-21 11:11:00,253.64,253.64,253.44,253.55,396
FSL,2026-05-21 11:12:00,253.54,253.54,253.4,253.54,2815
FSL,2026-05-21 11:13:00,253.54,253.54,253.41,253.52,239
FSL,2026-05-21 11:14:00,253.53,253.61,253.4,253.54,2393
FSL,2026-05-21 11:15:00,253.6,253.6,253.34,253.49,8846
FSL,2026-05-21 11:16:00,253.51,253.57,253.29,253.5,25156
FSL,2026-05-21 11:17:00,253.51,253.55,253.17,253.5,13088
FSL,2026-05-21 11:18:00,253.38,253.56,253.16,253.42,18049
FSL,2026-05-21 11:19:00,253.51,253.55,253.41,253.5,2119
FSL,2026-05-21 11:20:00,253.41,253.55,253.35,253.54,3236
FSL,2026-05-21 11:21:00,253.54,253.63,253.4,253.4,10238
FSL,2026-05-21 11:22:00,253.52,253.69,253.45,253.52,1124
FSL,2026-05-21 11:23:00,253.52,253.52,253.5,253.5,60
FSL,2026-05-21 11:24:00,253.5,253.64,253.38,253.64,1554
FSL,2026-05-21 11:25:00,253.65,253.65,253.38,253.55,1035
FSL,2026-05-21 11:26:00,253.55,253.55,253.45,253.48,2856
FSL,2026-05-21 11:27:00,253.55,253.58,253.38,253.55,2512
FSL,2026-05-21 11:28:00,253.55,253.55,253.36,253.51,756
FSL,2026-05-21 11:29:00,253.51,253.55,253.3,253.52,6147
FSL,2026-05-21 11:30:00,253.52,253.53,253.37,253.5,3752
FSL,2026-05-21 11:31:00,253.5,253.53,253.34,253.5,1555
FSL,2026-05-21 11:32:00,253.5,253.53,253.43,253.5,1485
FSL,2026-05-21 11:33:00,253.5,253.53,253.4,253.48,1622
FSL,2026-05-21 11:34:00,253.48,253.7,253.43,253.5,2562
FSL,2026-05-21 11:35:00,253.5,253.75,253.46,253.5,2319
FSL,2026-05-21 11:36:00,253.5,253.72,253.46,253.64,1523
FSL,2026-05-21 11:37:00,253.5,253.58,253.35,253.58,1256
FSL,2026-05-21 11:38:00,253.58,253.61,253.49,253.5,510
FSL,2026-05-21 11:39:00,253.5,253.59,253.4,253.59,1158
FSL,2026-05-21 11:40:00,253.55,253.99,253.55,253.78,2817
FSL,2026-05-21 11:41:00,253.57,253.8,253.57,253.64,1513
FSL,2026-05-21 11:42:00,253.74,253.8,253.46,253.76,7519
FSL,2026-05-21 11:43:00,253.72,253.72,253.45,253.55,211
FSL,2026-05-21 11:44:00,253.55,253.55,253.41,253.55,855
FSL,2026-05-21 11:45:00,253.55,253.55,253.51,253.51,838
FSL,2026-05-21 11:46:00,253.55,253.57,253.45,253.45,548
FSL,2026-05-21 11:47:00,253.53,253.57,253.38,253.5,789
FSL,2026-05-21 11:48:00,253.5,253.56,253.5,253.56,453
FSL,2026-05-21 11:49:00,253.56,253.65,253.52,253.55,895
FSL,2026-05-21 11:50:00,253.5,253.68,253.47,253.65,942
FSL,2026-05-21 11:51:00,253.65,253.79,253.52,253.69,104
FSL,2026-05-21 11:52:00,253.8,253.8,253.51,253.59,1290
FSL,2026-05-21 11:53:00,253.59,253.59,253.51,253.58,132
FSL,2026-05-21 11:54:00,253.58,253.58,253.55,253.55,41
FSL,2026-05-21 11:55:00,253.55,253.7,253.55,253.64,2033
FSL,2026-05-21 11:56:00,253.64,253.64,253.46,253.52,943
FSL,2026-05-21 11:57:00,253.52,253.54,253.44,253.53,690
FSL,2026-05-21 11:58:00,253.53,253.63,253.44,253.51,2196
FSL,2026-05-21 11:59:00,253.5,253.55,253.45,253.55,1377
FSL,2026-05-21 12:00:00,253.55,253.55,253.5,253.5,608
FSL,2026-05-21 12:01:00,253.55,253.55,253.43,253.55,1328
FSL,2026-05-21 12:02:00,253.49,253.55,253.49,253.5,699
FSL,2026-05-21 12:03:00,253.54,253.54,253.5,253.54,517
FSL,2026-05-21 12:04:00,253.54,253.6,253.5,253.6,1615
FSL,2026-05-21 12:05:00,253.6,253.7,253.55,253.63,3513
FSL,2026-05-21 12:06:00,253.6,253.82,253.6,253.74,1243
FSL,2026-05-21 12:07:00,253.67,253.67,253.56,253.66,3390
FSL,2026-05-21 12:08:00,253.67,253.69,253.56,253.67,841
FSL,2026-05-21 12:09:00,253.67,253.69,253.63,253.63,1475
FSL,2026-05-21 12:10:00,253.63,253.84,253.63,253.8,2831
FSL,2026-05-21 12:11:00,253.8,253.8,253.57,253.58,106
FSL,2026-05-21 12:12:00,253.69,253.7,253.57,253.59,1714
FSL,2026-05-21 12:13:00,253.59,253.6,253.5,253.59,1752
FSL,2026-05-21 12:14:00,253.5,253.58,253.42,253.5,1413
FSL,2026-05-21 12:15:00,253.51,253.51,253.42,253.51,305
FSL,2026-05-21 12:16:00,253.44,253.58,253.44,253.57,760
FSL,2026-05-21 12:17:00,253.49,253.71,253.49,253.61,999
FSL,2026-05-21 12:18:00,253.53,253.6,253.49,253.5,260
FSL,2026-05-21 12:19:00,253.5,253.7,253.5,253.51,787
FSL,2026-05-21 12:20:00,253.51,253.6,253.51,253.51,141
FSL,2026-05-21 12:21:00,253.51,253.6,253.43,253.56,1155
FSL,2026-05-21 12:22:00,253.56,253.7,253.47,253.66,156
FSL,2026-05-21 12:23:00,253.66,253.66,253.52,253.52,1246
FSL,2026-05-21 12:24:00,253.52,253.52,253.47,253.47,2479
FSL,2026-05-21 12:25:00,253.44,253.51,253.41,253.51,1408
FSL,2026-05-21 12:26:00,253.5,253.51,253.42,253.5,1793
FSL,2026-05-21 12:27:00,253.5,253.55,253.29,253.55,7113
FSL,2026-05-21 12:28:00,253.55,253.55,253.39,253.46,6897
FSL,2026-05-21 12:29:00,253.46,253.55,253.39,253.5,4740
FSL,2026-05-21 12:30:00,253.55,253.59,253.41,253.45,7329
FSL,2026-05-21 12:31:00,253.32,253.55,253.32,253.45,3720
FSL,2026-05-21 12:32:00,253.45,253.55,253.39,253.47,2102
FSL,2026-05-21 12:33:00,253.54,253.57,253.31,253.47,20369
FSL,2026-05-21 12:34:00,253.47,253.63,253.44,253.51,1649
FSL,2026-05-21 12:35:00,253.51,253.61,253.33,253.53,11361
FSL,2026-05-21 12:36:00,253.5,253.58,253.31,253.51,2459
FSL,2026-05-21 12:37:00,253.5,253.51,253.38,253.38,6126
FSL,2026-05-21 12:38:00,253.38,253.54,253.0,253.51,27220
FSL,2026-05-21 12:39:00,253.51,253.54,253.35,253.37,4517
FSL,2026-05-21 12:40:00,253.49,253.54,253.35,253.54,3821
FSL,2026-05-21 12:41:00,253.54,253.54,253.39,253.5,5263
FSL,2026-05-21 12:42:00,253.5,253.54,253.4,253.54,2598
FSL,2026-05-21 12:43:00,253.54,253.54,253.36,253.42,2015
FSL,2026-05-21 12:44:00,253.42,253.54,253.4,253.4,1315
FSL,2026-05-21 12:45:00,253.4,253.53,253.4,253.41,1529
FSL,2026-05-21 12:46:00,253.41,253.55,253.41,253.55,4596
FSL,2026-05-21 12:47:00,253.5,253.55,253.39,253.5,1785
FSL,2026-05-21 12:48:00,253.55,253.55,253.34,253.38,13697
FSL,2026-05-21 12:49:00,253.45,253.52,253.36,253.4,6468
FSL,2026-05-21 12:50:00,253.4,253.54,253.34,253.46,1964
FSL,2026-05-21 12:51:00,253.46,253.53,253.38,253.5,762
FSL,2026-05-21 12:52:00,253.5,253.53,253.4,253.5,5813
FSL,2026-05-21 12:53:00,253.55,253.55,253.39,253.54,1282
FSL,2026-05-21 12:54:00,253.54,253.65,253.43,253.55,3695
FSL,2026-05-21 12:55:00,253.55,253.55,253.38,253.5,6141
FSL,2026-05-21 12:56:00,253.5,253.56,253.4,253.5,1771
FSL,2026-05-21 12:57:00,253.5,253.62,253.38,253.5,2660
FSL,2026-05-21 12:58:00,253.5,253.52,253.45,253.52,2563
FSL,2026-05-21 12:59:00,253.38,253.52,253.38,253.51,950
FSL,2026-05-21 13:00:00,253.5,253.59,253.35,253.5,4501
FSL,2026-05-21 13:01:00,253.5,253.52,253.41,253.5,1403
FSL,2026-05-21 13:02:00,253.32,253.52,252.93,252.99,32967
FSL,2026-05-21 13:03:00,253.1,253.1,252.51,252.9,38830
FSL,2026-05-21 13:04:00,253.0,253.05,252.82,253.05,7659
FSL,2026-05-21 13:05:00,253.05,253.05,252.89,253.04,7741
FSL,2026-05-21 13:06:00,253.04,253.04,252.8,253.01,4034
FSL,2026-05-21 13:07:00,253.01,253.03,252.86,253.01,1441
FSL,2026-05-21 13:08:00,253.0,253.01,252.89,253.01,872
FSL,2026-05-21 13:09:00,252.91,253.17,252.89,252.89,23097
FSL,2026-05-21 13:10:00,253.03,253.03,252.73,253.03,5982
FSL,2026-05-21 13:11:00,253.03,253.03,252.88,253.02,1719
FSL,2026-05-21 13:12:00,253.01,253.02,252.88,253.01,5466
FSL,2026-05-21 13:13:00,253.01,253.01,253.0,253.01,139
FSL,2026-05-21 13:14:00,253.01,253.05,253.0,253.0,399
FSL,2026-05-21 13:15:00,253.0,253.09,252.91,252.96,2507
FSL,2026-05-21 13:16:00,252.96,253.05,252.93,253.03,154
FSL,2026-05-21 13:17:00,253.03,253.03,252.92,252.92,580
FSL,2026-05-21 13:18:00,253.02,253.09,252.92,253.0,3769
FSL,2026-05-21 13:19:00,253.01,253.04,252.96,253.04,1889
FSL,2026-05-21 13:20:00,253.04,253.04,253.0,253.02,156
FSL,2026-05-21 13:21:00,252.85,253.07,252.85,253.0,7315
FSL,2026-05-21 13:22:00,253.01,253.01,252.82,253.01,10381
FSL,2026-05-21 13:23:00,253.01,253.01,252.85,253.0,5588
FSL,2026-05-21 13:24:00,253.01,253.02,252.91,253.02,6398
FSL,2026-05-21 13:25:00,252.9,253.02,252.9,253.0,5395
FSL,2026-05-21 13:26:00,253.0,253.1,252.85,253.1,12687
FSL,2026-05-21 13:27:00,253.1,253.1,252.95,253.0,2276
FSL,2026-05-21 13:28:00,253.0,253.1,252.91,252.91,6364
FSL,2026-05-21 13:29:00,253.0,253.13,252.95,252.95,7738
FSL,2026-05-21 13:30:00,252.95,253.06,252.88,253.0,852
FSL,2026-05-21 13:31:00,253.06,253.07,252.9,253.07,2070
FSL,2026-05-21 13:32:00,253.0,253.21,252.94,253.21,3078
FSL,2026-05-21 13:33:00,253.22,253.22,252.97,253.1,5540
FSL,2026-05-21 13:34:00,253.06,253.09,252.97,253.09,1351
FSL,2026-05-21 13:35:00,253.09,253.09,252.95,252.96,263
FSL,2026-05-21 13:36:00,253.0,253.07,253.0,253.05,70
FSL,2026-05-21 13:37:00,253.05,253.05,252.92,252.94,674
FSL,2026-05-21 13:38:00,252.94,253.04,252.94,253.04,1110
FSL,2026-05-21 13:39:00,253.0,253.04,252.75,253.01,5335
FSL,2026-05-21 13:40:00,253.02,253.04,253.0,253.01,343
FSL,2026-05-21 13:41:00,253.0,253.05,253.0,253.05,617
FSL,2026-05-21 13:42:00,253.05,253.05,252.91,252.96,2088
FSL,2026-05-21 13:43:00,253.04,253.04,253.0,253.0,1453
FSL,2026-05-21 13:44:00,253.0,253.04,252.4,252.4,10608
FSL,2026-05-21 13:45:00,252.4,252.41,252.15,252.17,18501
FSL,2026-05-21 13:46:00,252.24,253.29,251.69,253.03,52156
FSL,2026-05-21 13:47:00,253.05,253.07,252.88,253.0,3012
FSL,2026-05-21 13:48:00,253.01,253.01,252.89,252.89,2125
FSL,2026-05-21 13:49:00,252.89,253.01,252.88,253.01,780
FSL,2026-05-21 13:50:00,252.88,253.04,252.88,253.03,2458
FSL,2026-05-21 13:51:00,253.04,253.04,252.98,253.03,1859
FSL,2026-05-21 13:52:00,253.03,253.03,252.86,253.02,2241
FSL,2026-05-21 13:53:00,253.02,253.02,252.93,253.02,9776
FSL,2026-05-21 13:54:00,253.09,253.25,252.92,252.98,5453
FSL,2026-05-21 13:55:00,252.98,253.05,252.98,253.05,1828
FSL,2026-05-21 13:56:00,253.05,253.08,252.9,252.96,1090
FSL,2026-05-21 13:57:00,253.01,253.01,252.93,252.98,2102
FSL,2026-05-21 13:58:00,252.98,253.01,252.9,253.01,1495
FSL,2026-05-21 13:59:00,253.01,253.09,252.84,253.0,2500
FSL,2026-05-21 14:00:00,253.02,253.08,252.94,253.0,1215
FSL,2026-05-21 14:01:00,253.0,253.01,253.0,253.01,58
FSL,2026-05-21 14:02:00,253.01,253.09,252.96,253.0,2545
FSL,2026-05-21 14:03:00,253.06,253.18,253.0,253.0,4317
FSL,2026-05-21 14:04:00,253.09,253.09,252.97,253.02,333
FSL,2026-05-21 14:05:00,253.02,253.02,252.92,253.01,1815
FSL,2026-05-21 14:06:00,253.01,253.01,252.89,253.01,987
FSL,2026-05-21 14:07:00,253.01,253.1,252.9,253.04,3524
FSL,2026-05-21 14:08:00,253.04,253.04,252.47,252.63,1972
FSL,2026-05-21 14:09:00,252.59,252.9,252.45,252.67,5993
FSL,2026-05-21 14:10:00,252.67,252.87,252.64,252.85,4692
FSL,2026-05-21 14:11:00,252.86,252.86,252.5,252.64,978
FSL,2026-05-21 14:12:00,252.64,252.64,252.49,252.49,308
FSL,2026-05-21 14:13:00,252.49,252.67,252.49,252.61,987
FSL,2026-05-21 14:14:00,252.61,252.61,252.54,252.56,75
FSL,2026-05-21 14:15:00,252.54,252.69,252.45,252.59,1651
FSL,2026-05-21 14:16:00,252.59,252.7,252.54,252.54,90
FSL,2026-05-21 14:17:00,252.54,252.57,252.54,252.57,41
FSL,2026-05-21 14:18:00,252.57,252.87,252.54,252.87,2094
FSL,2026-05-21 14:19:00,252.66,252.66,252.41,252.51,7714
FSL,2026-05-21 14:20:00,252.51,252.79,252.47,252.56,6141
FSL,2026-05-21 14:21:00,252.45,252.84,252.45,252.51,1475
FSL,2026-05-21 14:22:00,252.64,252.64,252.46,252.46,1139
FSL,2026-05-21 14:23:00,252.46,252.6,252.46,252.6,771
FSL,2026-05-21 14:24:00,252.73,252.74,252.52,252.63,885
FSL,2026-05-21 14:25:00,252.63,252.63,252.5,252.5,215
FSL,2026-05-21 14:26:00,252.5,252.57,252.5,252.52,34
FSL,2026-05-21 14:27:00,252.52,252.63,252.52,252.57,398
FSL,2026-05-21 14:28:00,252.57,252.79,252.47,252.51,1178
FSL,2026-05-21 14:29:00,252.6,252.72,252.55,252.55,560
FSL,2026-05-21 14:30:00,252.55,252.61,252.5,252.6,1630
FSL,2026-05-21 14:31:00,252.61,252.99,252.61,252.81,4025
FSL,2026-05-21 14:32:00,252.81,253.0,252.74,252.8,688
FSL,2026-05-21 14:33:00,252.8,252.84,252.74,252.74,572
FSL,2026-05-21 14:34:00,252.74,252.93,252.74,252.83,462
FSL,2026-05-21 14:35:00,252.92,253.13,252.79,252.99,1143
FSL,2026-05-21 14:36:00,252.95,252.99,252.82,252.93,427
FSL,2026-05-21 14:37:00,252.83,252.88,252.81,252.86,189
FSL,2026-05-21 14:38:00,252.86,252.92,252.8,252.9,1409
FSL,2026-05-21 14:39:00,252.9,252.9,252.74,252.74,1274
FSL,2026-05-21 14:40:00,252.77,252.77,252.74,252.75,115
FSL,2026-05-21 14:41:00,252.75,252.96,252.75,252.96,367
FSL,2026-05-21 14:42:00,252.98,253.2,252.98,253.02,2563
FSL,2026-05-21 14:43:00,253.02,253.12,252.97,253.11,1832
FSL,2026-05-21 14:44:00,253.11,253.13,253.1,253.1,1270
FSL,2026-05-21 14:45:00,253.07,253.31,253.03,253.19,10000
FSL,2026-05-21 14:46:00,253.26,253.29,253.07,253.18,5183
FSL,2026-05-21 14:47:00,253.18,253.26,252.97,253.2,3911
FSL,2026-05-21 14:48:00,253.2,253.2,252.94,253.07,135
FSL,2026-05-21 14:49:00,253.07,253.11,252.94,252.94,1090
FSL,2026-05-21 14:50:00,253.06,253.2,252.95,253.09,2059
FSL,2026-05-21 14:51:00,253.09,253.09,252.95,253.04,363
FSL,2026-05-21 14:52:00,253.05,253.09,252.95,252.99,1754
FSL,2026-05-21 14:53:00,253.05,253.14,252.89,253.1,2233
FSL,2026-05-21 14:54:00,253.0,253.3,253.0,253.1,2120
FSL,2026-05-21 14:55:00,253.32,253.63,253.19,253.59,9706
FSL,2026-05-21 14:56:00,253.53,254.18,253.4,253.83,25602
FSL,2026-05-21 14:57:00,253.83,254.02,253.71,253.85,5922
FSL,2026-05-21 14:58:00,253.76,253.85,253.67,253.8,1602
FSL,2026-05-21 14:59:00,253.78,253.78,253.57,253.64,1574
FSL,2026-05-21 15:00:00,253.68,253.68,253.11,253.2,6132
FSL,2026-05-21 15:01:00,253.11,253.47,253.06,253.34,10489
FSL,2026-05-21 15:02:00,253.31,253.48,253.31,253.37,5577
FSL,2026-05-21 15:03:00,253.4,253.46,253.1,253.31,11666
FSL,2026-05-21 15:04:00,253.29,253.32,253.18,253.25,4328
FSL,2026-05-21 15:05:00,253.19,253.29,253.12,253.28,3351
FSL,2026-05-21 15:06:00,253.27,253.28,253.0,253.15,7295
FSL,2026-05-21 15:07:00,253.1,253.2,253.07,253.15,3276
FSL,2026-05-21 15:08:00,253.15,253.16,253.01,253.15,4647
FSL,2026-05-21 15:09:00,253.01,253.13,253.01,253.07,4007
FSL,2026-05-21 15:10:00,253.07,253.32,253.06,253.25,20087
FSL,2026-05-21 15:11:00,253.34,253.34,253.2,253.24,4143
FSL,2026-05-21 15:12:00,253.21,253.25,253.11,253.11,5944
FSL,2026-05-21 15:13:00,253.05,253.41,253.05,253.33,26727
FSL,2026-05-21 15:14:00,253.32,253.4,253.22,253.35,13103
FSL,2026-05-21 15:15:00,253.4,253.5,253.11,253.19,9609
FSL,2026-05-21 15:16:00,253.15,253.2,253.1,253.15,7838
FSL,2026-05-21 15:17:00,253.2,253.2,253.13,253.19,6298
FSL,2026-05-21 15:18:00,253.19,253.32,253.11,253.24,16027
FSL,2026-05-21 15:19:00,253.19,254.0,253.19,253.96,27618
FSL,2026-05-21 15:20:00,253.92,254.34,253.91,254.34,36030
FSL,2026-05-21 15:21:00,254.28,254.38,254.18,254.38,6496
FSL,2026-05-21 15:22:00,254.39,254.42,254.09,254.22,8716
FSL,2026-05-21 15:23:00,254.0,254.22,254.0,254.22,6406
FSL,2026-05-21 15:24:00,254.29,254.4,254.04,254.19,11055
FSL,2026-05-21 15:25:00,254.1,254.45,254.1,254.23,18246
FSL,2026-05-21 15:26:00,254.3,254.4,254.29,254.4,9840
FSL,2026-05-21 15:27:00,254.43,254.89,254.43,254.5,49571
FSL,2026-05-21 15:28:00,254.9,254.9,254.51,254.6,14190
FSL,2026-05-21 15:29:00,254.5,254.6,254.0,254.03,10129
FSL,2026-05-22 09:15:00,254.2,255.55,252.35,252.6,54519
FSL,2026-05-22 09:16:00,251.86,254.7,251.0,254.61,45916
FSL,2026-05-22 09:17:00,254.61,256.4,254.37,256.33,59697
FSL,2026-05-22 09:18:00,256.27,257.78,256.27,257.08,51771
FSL,2026-05-22 09:19:00,257.24,257.97,255.22,255.22,47251
FSL,2026-05-22 09:20:00,255.59,255.94,254.94,255.0,33788
FSL,2026-05-22 09:21:00,255.0,255.49,255.0,255.17,16638
FSL,2026-05-22 09:22:00,255.08,255.69,255.08,255.57,12878
FSL,2026-05-22 09:23:00,255.58,255.8,255.15,255.59,37443
FSL,2026-05-22 09:24:00,255.56,255.81,255.54,255.65,4363
FSL,2026-05-22 09:25:00,255.63,255.79,255.5,255.79,10758
FSL,2026-05-22 09:26:00,255.76,255.8,255.39,255.58,3339
FSL,2026-05-22 09:27:00,255.53,257.0,255.53,256.89,41995
FSL,2026-05-22 09:28:00,256.87,257.0,256.46,256.66,9112
FSL,2026-05-22 09:29:00,256.62,256.62,256.19,256.47,3157
FSL,2026-05-22 09:30:00,256.33,256.33,256.14,256.16,5800
FSL,2026-05-22 09:31:00,256.16,256.2,256.01,256.19,9483
FSL,2026-05-22 09:32:00,256.27,256.35,256.04,256.04,5127
FSL,2026-05-22 09:33:00,256.0,256.3,256.0,256.13,2584
FSL,2026-05-22 09:34:00,256.15,258.5,256.15,257.89,39701
FSL,2026-05-22 09:35:00,257.97,259.35,257.97,259.11,35946
FSL,2026-05-22 09:36:00,259.11,259.4,258.06,258.25,39862
FSL,2026-05-22 09:37:00,258.3,258.3,257.8,257.9,19020
FSL,2026-05-22 09:38:00,257.9,258.27,257.61,257.72,24577
FSL,2026-05-22 09:39:00,257.2,258.47,257.18,258.2,24510
FSL,2026-05-22 09:40:00,258.3,258.3,257.66,257.67,3128
FSL,2026-05-22 09:41:00,257.72,257.93,257.41,257.93,7514
FSL,2026-05-22 09:42:00,257.91,258.27,257.91,258.15,4465
FSL,2026-05-22 09:43:00,258.1,258.22,258.1,258.2,5807
FSL,2026-05-22 09:44:00,258.51,258.8,258.3,258.32,23504
FSL,2026-05-22 09:45:00,258.5,258.5,257.7,257.7,7271
FSL,2026-05-22 09:46:00,257.7,257.72,257.38,257.72,3894
FSL,2026-05-22 09:47:00,257.69,257.72,257.6,257.68,4992
FSL,2026-05-22 09:48:00,257.55,257.71,257.53,257.6,1349
FSL,2026-05-22 09:49:00,257.6,257.95,257.52,257.89,6453
FSL,2026-05-22 09:50:00,257.89,257.93,257.61,257.81,2677
FSL,2026-05-22 09:51:00,257.89,258.3,257.65,258.28,14251
FSL,2026-05-22 09:52:00,258.29,258.3,257.9,258.06,3219
FSL,2026-05-22 09:53:00,257.92,258.05,257.51,257.72,6319
FSL,2026-05-22 09:54:00,257.73,257.8,257.6,257.75,1865
FSL,2026-05-22 09:55:00,257.75,257.75,257.55,257.6,1525
FSL,2026-05-22 09:56:00,257.55,257.66,257.51,257.56,1132
FSL,2026-05-22 09:57:00,257.82,257.85,257.61,257.66,4969
FSL,2026-05-22 09:58:00,257.66,257.67,257.51,257.62,1524
FSL,2026-05-22 09:59:00,257.51,257.62,257.13,257.15,10434
FSL,2026-05-22 10:00:00,257.33,257.33,256.58,256.58,11763
FSL,2026-05-22 10:01:00,256.6,257.15,256.39,257.04,46356
FSL,2026-05-22 10:02:00,257.04,257.11,256.59,256.76,499
FSL,2026-05-22 10:03:00,256.76,256.89,256.58,256.72,2560
FSL,2026-05-22 10:04:00,256.6,257.81,256.56,257.81,4032
FSL,2026-05-22 10:05:00,258.3,259.98,258.06,259.9,71612
FSL,2026-05-22 10:06:00,259.9,260.7,259.57,260.0,60172
FSL,2026-05-22 10:07:00,260.0,260.9,259.76,260.55,81164
FSL,2026-05-22 10:08:00,260.55,260.9,259.93,259.93,30551
FSL,2026-05-22 10:09:00,259.93,260.15,259.31,260.06,32553
FSL,2026-05-22 10:10:00,260.06,260.39,260.0,260.1,9282
FSL,2026-05-22 10:11:00,260.1,260.25,259.54,259.83,28866
FSL,2026-05-22 10:12:00,259.85,260.0,259.31,259.48,9030
FSL,2026-05-22 10:13:00,259.48,260.2,258.74,258.83,52468
FSL,2026-05-22 10:14:00,258.83,260.2,258.36,260.09,29193
FSL,2026-05-22 10:15:00,260.06,260.25,259.68,259.85,6161
FSL,2026-05-22 10:16:00,259.85,260.7,259.63,260.65,68682
FSL,2026-05-22 10:17:00,260.65,260.66,260.26,260.3,5389
FSL,2026-05-22 10:18:00,260.3,260.71,260.26,260.43,24794
FSL,2026-05-22 10:19:00,260.52,260.7,260.24,260.64,11555
FSL,2026-05-22 10:20:00,260.64,260.66,260.31,260.5,6165
FSL,2026-05-22 10:21:00,260.52,260.52,260.18,260.37,7883
FSL,2026-05-22 10:22:00,260.17,260.47,260.13,260.26,4461
FSL,2026-05-22 10:23:00,260.39,260.5,260.31,260.31,3583
FSL,2026-05-22 10:24:00,260.31,260.58,260.05,260.52,22805
FSL,2026-05-22 10:25:00,260.52,261.32,260.28,261.07,48250
FSL,2026-05-22 10:26:00,261.07,261.38,260.85,261.08,14872
FSL,2026-05-22 10:27:00,260.84,260.99,260.4,260.52,6689
FSL,2026-05-22 10:28:00,260.53,260.53,260.05,260.05,3141
FSL,2026-05-22 10:29:00,260.05,260.18,260.05,260.05,1243
FSL,2026-05-22 10:30:00,260.05,260.36,260.02,260.36,10137
FSL,2026-05-22 10:31:00,260.17,260.42,260.09,260.29,3911
FSL,2026-05-22 10:32:00,260.29,260.36,260.0,260.25,22621
FSL,2026-05-22 10:33:00,260.18,260.36,260.04,260.36,4183
FSL,2026-05-22 10:34:00,260.36,260.44,260.18,260.32,2406
FSL,2026-05-22 10:35:00,260.32,260.35,260.1,260.33,1103
FSL,2026-05-22 10:36:00,260.17,260.26,260.0,260.02,8426
FSL,2026-05-22 10:37:00,260.15,260.25,260.0,260.1,3366
FSL,2026-05-22 10:38:00,260.1,260.1,260.0,260.0,15302
FSL,2026-05-22 10:39:00,260.0,260.03,260.0,260.0,5132
FSL,2026-05-22 10:40:00,260.0,260.03,260.0,260.03,2368
FSL,2026-05-22 10:41:00,260.03,260.1,260.0,260.08,14065
FSL,2026-05-22 10:42:00,260.0,260.13,260.0,260.13,3296
FSL,2026-05-22 10:43:00,260.13,260.13,260.01,260.03,451
FSL,2026-05-22 10:44:00,260.03,260.1,260.0,260.05,2029
FSL,2026-05-22 10:45:00,260.05,260.1,260.0,260.1,3321
FSL,2026-05-22 10:46:00,260.09,260.09,260.01,260.01,368
FSL,2026-05-22 10:47:00,260.1,260.1,260.01,260.09,2350
FSL,2026-05-22 10:48:00,260.09,260.09,259.93,259.93,11444
FSL,2026-05-22 10:49:00,259.96,260.03,259.96,260.02,5986
FSL,2026-05-22 10:50:00,260.02,260.02,259.87,260.0,8187
FSL,2026-05-22 10:51:00,260.0,260.05,260.0,260.0,17419
FSL,2026-05-22 10:52:00,260.0,260.05,260.0,260.0,3151
FSL,2026-05-22 10:53:00,260.0,260.0,258.5,258.62,22212
FSL,2026-05-22 10:54:00,258.95,259.28,258.25,259.02,29909
FSL,2026-05-22 10:55:00,259.02,259.27,259.02,259.14,1774
FSL,2026-05-22 10:56:00,259.14,259.2,259.0,259.08,2999
FSL,2026-05-22 10:57:00,259.08,259.09,259.0,259.0,2983
FSL,2026-05-22 10:58:00,258.82,258.96,258.34,258.34,11197
FSL,2026-05-22 10:59:00,258.33,258.5,258.03,258.31,28748
FSL,2026-05-22 11:00:00,258.22,258.45,258.2,258.2,5265
FSL,2026-05-22 11:01:00,258.2,258.3,258.05,258.05,2417
FSL,2026-05-22 11:02:00,258.15,258.16,258.05,258.05,1899
FSL,2026-05-22 11:03:00,258.05,259.01,258.05,258.75,26706
FSL,2026-05-22 11:04:00,258.75,258.8,258.6,258.66,40404
FSL,2026-05-22 11:05:00,258.66,258.66,258.54,258.62,264
FSL,2026-05-22 11:06:00,258.66,258.66,258.36,258.37,1424
FSL,2026-05-22 11:07:00,258.49,258.88,258.23,258.88,7321
FSL,2026-05-22 11:08:00,258.88,258.94,258.55,258.67,1091
FSL,2026-05-22 11:09:00,258.66,258.66,258.34,258.47,2522
FSL,2026-05-22 11:10:00,258.47,258.66,258.22,258.22,1352
FSL,2026-05-22 11:11:00,258.22,258.44,258.22,258.28,889
FSL,2026-05-22 11:12:00,258.28,258.44,258.22,258.22,5830
FSL,2026-05-22 11:13:00,258.22,259.0,258.22,259.0,5238
FSL,2026-05-22 11:14:00,259.19,259.2,258.32,258.32,6762
FSL,2026-05-22 11:15:00,258.44,258.46,258.31,258.31,1168
FSL,2026-05-22 11:16:00,258.31,258.46,258.08,258.08,3260
FSL,2026-05-22 11:17:00,258.08,258.38,257.87,257.87,16927
FSL,2026-05-22 11:18:00,258.12,258.38,257.92,258.31,4296
FSL,2026-05-22 11:19:00,258.39,258.86,258.21,258.63,2648
FSL,2026-05-22 11:20:00,258.63,258.63,258.15,258.2,6710
FSL,2026-05-22 11:21:00,258.22,258.53,258.22,258.3,716
FSL,2026-05-22 11:22:00,258.3,258.78,258.24,258.63,7883
FSL,2026-05-22 11:23:00,258.46,258.74,258.4,258.58,1909
FSL,2026-05-22 11:24:00,258.58,258.81,258.41,258.69,610
FSL,2026-05-22 11:25:00,258.69,258.69,258.15,258.15,685
FSL,2026-05-22 11:26:00,258.15,258.49,258.15,258.28,760
FSL,2026-05-22 11:27:00,258.28,258.4,258.24,258.25,535
FSL,2026-05-22 11:28:00,258.25,259.35,258.25,259.08,6936
FSL,2026-05-22 11:29:00,259.08,259.26,259.03,259.07,1779
FSL,2026-05-22 11:30:00,259.07,259.38,259.07,259.1,3300
FSL,2026-05-22 11:31:00,259.24,259.25,259.12,259.25,412
FSL,2026-05-22 11:32:00,259.18,259.4,259.18,259.4,2226
FSL,2026-05-22 11:33:00,259.4,259.4,259.3,259.4,914
FSL,2026-05-22 11:34:00,259.35,260.3,259.04,260.3,34871
FSL,2026-05-22 11:35:00,260.3,260.3,260.01,260.18,4776
FSL,2026-05-22 11:36:00,260.18,261.14,260.06,261.0,44059
FSL,2026-05-22 11:37:00,261.21,261.27,260.76,261.0,16970
FSL,2026-05-22 11:38:00,261.0,261.21,260.9,261.06,10977
FSL,2026-05-22 11:39:00,261.06,261.33,261.06,261.24,10240
FSL,2026-05-22 11:40:00,261.39,261.4,261.08,261.22,7294
FSL,2026-05-22 11:41:00,261.22,261.39,261.0,261.0,11202
FSL,2026-05-22 11:42:00,261.0,261.39,260.95,261.11,27201
FSL,2026-05-22 11:43:00,261.09,261.65,261.09,261.22,17380
FSL,2026-05-22 11:44:00,261.25,261.48,260.96,261.07,5831
FSL,2026-05-22 11:45:00,261.19,261.2,261.0,261.01,7573
FSL,2026-05-22 11:46:00,261.01,261.2,260.99,261.06,12167
FSL,2026-05-22 11:47:00,261.35,261.35,261.0,261.02,3971
FSL,2026-05-22 11:48:00,261.16,261.18,260.95,261.01,6270
FSL,2026-05-22 11:49:00,261.07,261.1,260.77,260.95,18560
FSL,2026-05-22 11:50:00,261.01,261.1,260.95,261.1,4516
FSL,2026-05-22 11:51:00,261.1,261.1,260.95,261.0,3201
FSL,2026-05-22 11:52:00,261.09,261.1,261.0,261.0,4004
FSL,2026-05-22 11:53:00,261.1,261.13,261.0,261.03,8157
FSL,2026-05-22 11:54:00,261.03,261.08,260.0,260.43,44882
FSL,2026-05-22 11:55:00,260.43,261.1,259.68,261.1,28448
FSL,2026-05-22 11:56:00,261.1,261.1,261.0,261.01,2255
FSL,2026-05-22 11:57:00,261.0,261.1,260.94,261.01,2189
FSL,2026-05-22 11:58:00,261.07,261.19,260.94,261.08,11888
FSL,2026-05-22 11:59:00,261.08,261.2,261.08,261.1,1648
FSL,2026-05-22 12:00:00,261.1,261.2,261.1,261.19,1036
FSL,2026-05-22 12:01:00,261.19,261.2,261.0,261.0,2573
FSL,2026-05-22 12:02:00,261.0,261.18,260.95,261.15,5141
FSL,2026-05-22 12:03:00,261.02,261.16,261.0,261.1,1125
FSL,2026-05-22 12:04:00,261.1,261.18,260.95,261.18,3463
FSL,2026-05-22 12:05:00,261.18,261.85,261.03,261.84,41083
FSL,2026-05-22 12:06:00,261.84,261.85,261.68,261.81,9909
FSL,2026-05-22 12:07:00,261.81,261.81,261.57,261.74,7095
FSL,2026-05-22 12:08:00,261.58,261.74,261.12,261.12,5360
FSL,2026-05-22 12:09:00,261.33,261.33,261.04,261.3,4488
FSL,2026-05-22 12:10:00,261.13,261.31,261.05,261.31,7506
FSL,2026-05-22 12:11:00,261.31,261.32,261.12,261.27,1553
FSL,2026-05-22 12:12:00,261.27,261.31,261.08,261.31,2070
FSL,2026-05-22 12:13:00,261.31,261.31,261.08,261.29,1607
FSL,2026-05-22 12:14:00,261.29,261.43,261.06,261.43,3608
FSL,2026-05-22 12:15:00,261.43,261.6,261.29,261.6,2932
FSL,2026-05-22 12:16:00,261.39,261.59,261.25,261.54,5013
FSL,2026-05-22 12:17:00,261.54,261.55,261.29,261.52,2240
FSL,2026-05-22 12:18:00,261.53,261.53,261.11,261.26,1322
FSL,2026-05-22 12:19:00,261.25,261.25,261.06,261.25,3329
FSL,2026-05-22 12:20:00,261.25,261.25,261.04,261.2,2168
FSL,2026-05-22 12:21:00,261.2,261.25,261.05,261.22,1971
FSL,2026-05-22 12:22:00,261.22,261.24,261.06,261.24,1266
FSL,2026-05-22 12:23:00,261.24,261.24,261.04,261.18,1909
FSL,2026-05-22 12:24:00,261.18,261.2,261.05,261.14,1249
FSL,2026-05-22 12:25:00,261.12,261.15,261.02,261.15,2154
FSL,2026-05-22 12:26:00,261.03,261.2,261.02,261.2,2956
FSL,2026-05-22 12:27:00,261.06,261.2,261.06,261.2,1006
FSL,2026-05-22 12:28:00,261.2,261.24,261.06,261.19,4396
FSL,2026-05-22 12:29:00,261.19,261.21,261.02,261.21,4812
FSL,2026-05-22 12:30:00,261.2,261.2,261.06,261.19,808
FSL,2026-05-22 12:31:00,261.07,261.19,261.07,261.17,2701
FSL,2026-05-22 12:32:00,261.18,261.19,261.03,261.17,3469
FSL,2026-05-22 12:33:00,261.18,261.18,261.02,261.14,1660
FSL,2026-05-22 12:34:00,261.14,261.14,261.02,261.14,2744
FSL,2026-05-22 12:35:00,261.14,261.18,261.0,261.01,2076
FSL,2026-05-22 12:36:00,261.15,261.15,261.01,261.04,917
FSL,2026-05-22 12:37:00,261.09,261.15,261.01,261.13,566
FSL,2026-05-22 12:38:00,261.13,261.14,261.0,261.13,1599
FSL,2026-05-22 12:39:00,261.0,261.14,261.0,261.1,899
FSL,2026-05-22 12:40:00,261.1,261.1,261.01,261.01,587
FSL,2026-05-22 12:41:00,261.09,261.5,261.0,261.4,23041
FSL,2026-05-22 12:42:00,261.5,261.5,261.36,261.45,1345
FSL,2026-05-22 12:43:00,261.34,261.45,261.29,261.34,676
FSL,2026-05-22 12:44:00,261.34,261.34,261.22,261.33,2359
FSL,2026-05-22 12:45:00,261.25,261.33,261.14,261.33,1693
FSL,2026-05-22 12:46:00,261.33,261.33,261.15,261.29,974
FSL,2026-05-22 12:47:00,261.3,261.34,261.09,261.29,2325
FSL,2026-05-22 12:48:00,261.29,261.43,261.03,261.43,6454
FSL,2026-05-22 12:49:00,261.38,261.41,261.16,261.3,916
FSL,2026-05-22 12:50:00,261.19,261.39,261.19,261.3,1485
FSL,2026-05-22 12:51:00,261.31,261.4,261.24,261.24,2596
FSL,2026-05-22 12:52:00,261.24,261.37,261.15,261.25,801
FSL,2026-05-22 12:53:00,261.25,261.35,261.1,261.18,921
FSL,2026-05-22 12:54:00,261.18,261.29,261.16,261.17,1227
FSL,2026-05-22 12:55:00,261.0,261.27,261.0,261.2,10806
FSL,2026-05-22 12:56:00,261.2,261.2,261.04,261.17,1212
FSL,2026-05-22 12:57:00,260.81,261.32,260.35,261.03,152968
FSL,2026-05-22 12:58:00,261.03,261.03,259.91,260.51,44492
FSL,2026-05-22 12:59:00,260.51,260.58,260.3,260.58,11678
FSL,2026-05-22 13:00:00,260.58,261.1,260.5,261.1,13441
FSL,2026-05-22 13:01:00,261.1,261.36,260.99,261.13,20541
FSL,2026-05-22 13:02:00,261.15,261.26,261.0,261.11,19743
FSL,2026-05-22 13:03:00,261.1,261.11,260.69,260.88,8368
FSL,2026-05-22 13:04:00,261.0,261.3,261.0,261.25,6055
FSL,2026-05-22 13:05:00,261.24,261.32,261.14,261.24,10591
FSL,2026-05-22 13:06:00,261.24,261.24,260.8,261.1,12704
FSL,2026-05-22 13:07:00,261.1,261.16,261.03,261.1,1222
FSL,2026-05-22 13:08:00,261.1,261.15,260.97,261.1,8639
FSL,2026-05-22 13:09:00,261.1,261.1,261.0,261.1,383
FSL,2026-05-22 13:10:00,261.1,261.1,260.8,260.93,10949
FSL,2026-05-22 13:11:00,260.82,261.15,260.67,261.15,15905
FSL,2026-05-22 13:12:00,261.15,261.15,261.04,261.15,418
FSL,2026-05-22 13:13:00,261.15,261.15,261.05,261.15,454
FSL,2026-05-22 13:14:00,261.15,261.15,261.04,261.13,2054
FSL,2026-05-22 13:15:00,261.13,261.25,261.04,261.16,11191
FSL,2026-05-22 13:16:00,261.16,261.18,261.0,261.18,1876
FSL,2026-05-22 13:17:00,261.15,261.19,261.15,261.19,685
FSL,2026-05-22 13:18:00,261.19,261.27,261.15,261.15,14722
FSL,2026-05-22 13:19:00,261.13,261.17,260.94,261.0,2637
FSL,2026-05-22 13:20:00,261.0,261.08,260.9,261.07,3445
FSL,2026-05-22 13:21:00,261.07,261.25,261.06,261.24,773
FSL,2026-05-22 13:22:00,261.08,261.25,261.06,261.19,1078
FSL,2026-05-22 13:23:00,261.07,261.4,261.07,261.4,7207
FSL,2026-05-22 13:24:00,261.4,262.6,261.18,262.37,57478
FSL,2026-05-22 13:25:00,262.37,262.65,262.25,262.36,14948
FSL,2026-05-22 13:26:00,262.36,262.37,262.05,262.19,3920
FSL,2026-05-22 13:27:00,262.19,262.2,262.03,262.2,6939
FSL,2026-05-22 13:28:00,262.2,262.2,262.06,262.14,1002
FSL,2026-05-22 13:29:00,261.98,262.5,261.98,262.3,21757
FSL,2026-05-22 13:30:00,262.18,262.5,262.18,262.32,8869
FSL,2026-05-22 13:31:00,262.32,262.41,262.15,262.4,5889
FSL,2026-05-22 13:32:00,262.4,262.4,262.15,262.18,2109
FSL,2026-05-22 13:33:00,262.3,262.31,262.18,262.31,1797
FSL,2026-05-22 13:34:00,262.3,262.48,262.3,262.4,6383
FSL,2026-05-22 13:35:00,262.48,262.48,261.3,261.5,15050
FSL,2026-05-22 13:36:00,261.44,262.09,261.12,262.02,10727
FSL,2026-05-22 13:37:00,262.02,262.08,262.0,262.05,498
FSL,2026-05-22 13:38:00,262.0,262.05,261.93,262.0,2649
FSL,2026-05-22 13:39:00,262.0,262.01,262.0,262.0,1420
FSL,2026-05-22 13:40:00,262.0,262.2,261.92,262.2,8265
FSL,2026-05-22 13:41:00,262.2,262.49,262.0,262.49,13720
FSL,2026-05-22 13:42:00,262.49,263.19,262.23,263.01,53684
FSL,2026-05-22 13:43:00,263.01,263.41,263.0,263.11,16910
FSL,2026-05-22 13:44:00,263.11,264.1,263.0,264.0,59645
FSL,2026-05-22 13:45:00,264.0,264.0,263.65,263.89,15576
FSL,2026-05-22 13:46:00,263.89,263.89,263.48,263.6,9009
FSL,2026-05-22 13:47:00,263.6,263.65,263.37,263.53,17958
FSL,2026-05-22 13:48:00,263.53,263.65,263.23,263.61,8741
FSL,2026-05-22 13:49:00,263.61,264.35,263.41,263.98,81621
FSL,2026-05-22 13:50:00,263.8,264.14,263.8,264.1,14592
FSL,2026-05-22 13:51:00,264.1,264.1,263.64,263.74,10988
FSL,2026-05-22 13:52:00,263.65,263.66,263.19,263.2,15409
FSL,2026-05-22 13:53:00,263.2,263.72,262.81,263.21,22709
FSL,2026-05-22 13:54:00,263.21,265.0,263.21,263.95,160558
FSL,2026-05-22 13:55:00,263.95,264.93,263.47,264.88,68568
FSL,2026-05-22 13:56:00,264.88,264.88,264.33,264.43,24098
FSL,2026-05-22 13:57:00,264.43,264.62,264.4,264.42,11403
FSL,2026-05-22 13:58:00,264.5,264.5,264.2,264.33,22869
FSL,2026-05-22 13:59:00,264.25,264.25,264.0,264.05,13543
FSL,2026-05-22 14:00:00,264.05,264.2,263.89,263.89,16873
FSL,2026-05-22 14:01:00,263.99,264.92,263.99,264.6,52054
FSL,2026-05-22 14:02:00,264.6,266.4,264.6,265.58,172524
FSL,2026-05-22 14:03:00,265.58,266.76,265.58,266.12,111081
FSL,2026-05-22 14:04:00,266.02,266.11,265.6,265.83,57839
FSL,2026-05-22 14:05:00,265.83,265.98,265.5,265.7,29241
FSL,2026-05-22 14:06:00,265.7,265.7,264.92,265.18,51087
FSL,2026-05-22 14:07:00,265.18,265.63,265.18,265.38,44817
FSL,2026-05-22 14:08:00,265.38,265.5,265.22,265.47,26172
FSL,2026-05-22 14:09:00,265.5,265.85,265.35,265.54,27373
FSL,2026-05-22 14:10:00,265.7,265.75,265.36,265.59,22843
FSL,2026-05-22 14:11:00,265.59,266.0,265.42,266.0,22093
FSL,2026-05-22 14:12:00,266.0,266.0,265.53,265.93,14484
FSL,2026-05-22 14:13:00,265.78,266.0,265.78,265.88,25714
FSL,2026-05-22 14:14:00,265.88,266.0,265.55,265.55,15016
FSL,2026-05-22 14:15:00,265.79,265.79,265.53,265.7,19007
FSL,2026-05-22 14:16:00,265.7,265.75,265.51,265.75,17531
FSL,2026-05-22 14:17:00,265.75,265.8,265.54,265.8,24859
FSL,2026-05-22 14:18:00,265.82,265.86,265.56,265.56,14333
FSL,2026-05-22 14:19:00,265.79,265.81,265.41,265.41,39692
FSL,2026-05-22 14:20:00,265.4,265.4,265.0,265.24,37079
FSL,2026-05-22 14:21:00,265.42,265.47,265.15,265.41,23571
FSL,2026-05-22 14:22:00,265.41,265.44,265.22,265.26,12341
FSL,2026-05-22 14:23:00,265.43,265.65,265.03,265.06,23929
FSL,2026-05-22 14:24:00,265.09,265.24,264.9,265.2,33277
FSL,2026-05-22 14:25:00,265.25,265.25,264.85,265.0,25608
FSL,2026-05-22 14:26:00,264.91,265.09,264.86,265.0,49339
FSL,2026-05-22 14:27:00,265.0,265.39,264.9,265.39,36078
FSL,2026-05-22 14:28:00,265.39,265.8,265.15,265.63,29530
FSL,2026-05-22 14:29:00,265.63,265.71,265.51,265.7,10781
FSL,2026-05-22 14:30:00,265.3,265.43,265.05,265.27,17649
FSL,2026-05-22 14:31:00,265.4,265.5,265.18,265.21,11736
FSL,2026-05-22 14:32:00,265.3,265.5,265.27,265.31,12985
FSL,2026-05-22 14:33:00,265.5,265.5,265.3,265.34,10792
FSL,2026-05-22 14:34:00,265.54,265.66,265.34,265.58,15853
FSL,2026-05-22 14:35:00,265.5,265.87,265.35,265.87,24809
FSL,2026-05-22 14:36:00,265.71,265.81,265.52,265.53,17384
FSL,2026-05-22 14:37:00,265.8,265.8,265.61,265.69,12990
FSL,2026-05-22 14:38:00,265.79,265.79,265.35,265.65,14100
FSL,2026-05-22 14:39:00,265.7,265.7,265.34,265.44,13637
FSL,2026-05-22 14:40:00,265.5,265.5,265.21,265.39,20266
FSL,2026-05-22 14:41:00,265.29,265.5,265.27,265.35,10426
FSL,2026-05-22 14:42:00,265.53,265.58,265.3,265.4,13382
FSL,2026-05-22 14:43:00,265.38,265.39,265.1,265.1,25299
FSL,2026-05-22 14:44:00,265.2,265.5,265.2,265.44,18086
FSL,2026-05-22 14:45:00,265.41,265.63,265.31,265.54,11337
FSL,2026-05-22 14:46:00,265.55,265.65,265.41,265.51,8032
FSL,2026-05-22 14:47:00,265.51,265.68,265.45,265.66,10747
FSL,2026-05-22 14:48:00,265.62,265.7,265.45,265.57,14827
FSL,2026-05-22 14:49:00,265.74,265.75,265.51,265.75,12957
FSL,2026-05-22 14:50:00,265.75,265.79,265.61,265.79,10123
FSL,2026-05-22 14:51:00,265.79,266.96,265.59,266.71,113483
FSL,2026-05-22 14:52:00,266.84,266.88,266.13,266.3,36066
FSL,2026-05-22 14:53:00,266.1,266.37,265.92,266.15,23286
FSL,2026-05-22 14:54:00,266.15,266.22,266.0,266.22,15348
FSL,2026-05-22 14:55:00,266.22,266.23,266.11,266.22,8857
FSL,2026-05-22 14:56:00,266.22,266.3,266.06,266.21,15942
FSL,2026-05-22 14:57:00,266.04,266.3,266.0,266.25,17729
FSL,2026-05-22 14:58:00,266.11,266.29,266.01,266.01,15950
FSL,2026-05-22 14:59:00,266.07,266.3,266.04,266.14,11695
FSL,2026-05-22 15:00:00,266.24,266.25,266.01,266.13,11644
FSL,2026-05-22 15:01:00,266.07,266.23,266.0,266.02,21180
FSL,2026-05-22 15:02:00,266.05,266.22,266.05,266.09,16827
FSL,2026-05-22 15:03:00,266.19,266.66,266.1,266.43,45862
FSL,2026-05-22 15:04:00,266.53,266.53,266.11,266.4,14803
FSL,2026-05-22 15:05:00,266.4,266.46,266.2,266.23,11701
FSL,2026-05-22 15:06:00,266.35,266.35,266.13,266.25,23545
FSL,2026-05-22 15:07:00,266.13,268.0,266.13,267.45,175544
FSL,2026-05-22 15:08:00,267.42,267.9,267.25,267.7,53446
FSL,2026-05-22 15:09:00,267.7,267.85,267.52,267.7,26449
FSL,2026-05-22 15:10:00,267.8,267.84,267.57,267.84,42076
FSL,2026-05-22 15:11:00,267.84,267.84,267.5,267.72,30138
FSL,2026-05-22 15:12:00,267.73,267.8,267.61,267.67,19143
FSL,2026-05-22 15:13:00,267.81,267.85,267.64,267.75,21297
FSL,2026-05-22 15:14:00,267.77,268.0,267.65,268.0,28871
FSL,2026-05-22 15:15:00,268.17,268.39,268.01,268.01,72060
FSL,2026-05-22 15:16:00,268.27,268.8,268.2,268.78,56554
FSL,2026-05-22 15:17:00,268.8,268.8,268.55,268.68,30748
FSL,2026-05-22 15:18:00,268.7,270.0,268.5,268.6,151214
FSL,2026-05-22 15:19:00,268.6,269.08,268.5,269.08,40739
FSL,2026-05-22 15:20:00,269.12,269.23,268.81,268.98,50515
FSL,2026-05-22 15:21:00,268.75,270.0,268.74,269.97,73739
FSL,2026-05-22 15:22:00,269.84,270.0,269.5,269.7,17295
FSL,2026-05-22 15:23:00,269.58,269.78,269.14,269.69,32445
FSL,2026-05-22 15:24:00,269.69,269.7,268.83,269.0,92210
FSL,2026-05-22 15:25:00,268.8,272.0,268.8,270.48,170426
FSL,2026-05-22 15:26:00,270.15,270.5,270.15,270.26,24528
FSL,2026-05-22 15:27:00,270.29,270.45,270.2,270.2,14948
FSL,2026-05-22 15:28:00,270.28,270.28,269.75,270.0,41219
FSL,2026-05-22 15:29:00,270.0,270.1,269.6,270.0,75526
FSL,2026-05-25 09:15:00,272.0,272.47,269.51,269.51,100771
FSL,2026-05-25 09:16:00,270.62,271.9,270.62,271.25,88974
FSL,2026-05-25 09:17:00,271.2,271.28,270.63,271.15,10446
FSL,2026-05-25 09:18:00,271.08,272.5,271.08,272.14,48115
FSL,2026-05-25 09:19:00,272.21,272.33,271.5,271.71,29085
FSL,2026-05-25 09:20:00,271.44,271.8,270.8,271.47,38082
FSL,2026-05-25 09:21:00,271.65,271.65,271.14,271.17,22355
FSL,2026-05-25 09:22:00,270.91,271.59,270.91,271.45,22939
FSL,2026-05-25 09:23:00,271.49,271.68,271.04,271.67,7302
FSL,2026-05-25 09:24:00,271.63,271.63,271.0,271.1,20011
FSL,2026-05-25 09:25:00,270.94,271.63,270.9,271.15,9892
FSL,2026-05-25 09:26:00,271.17,271.68,271.17,271.25,4967
FSL,2026-05-25 09:27:00,271.46,271.46,271.05,271.26,3622
FSL,2026-05-25 09:28:00,271.28,271.28,266.06,266.06,143254
FSL,2026-05-25 09:29:00,266.32,269.62,266.02,269.48,298514
FSL,2026-05-25 09:30:00,269.48,269.48,268.14,268.14,13303
FSL,2026-05-25 09:31:00,268.15,268.18,266.88,267.12,35406
FSL,2026-05-25 09:32:00,267.1,271.0,267.1,270.71,222029
FSL,2026-05-25 09:33:00,270.71,271.0,270.53,270.72,54372
FSL,2026-05-25 09:34:00,270.71,271.0,270.6,271.0,12822
FSL,2026-05-25 09:35:00,271.0,274.9,270.98,274.0,134204
FSL,2026-05-25 09:36:00,274.53,275.69,274.53,275.08,106790
FSL,2026-05-25 09:37:00,275.08,276.45,275.06,275.73,81179
FSL,2026-05-25 09:38:00,275.72,275.72,275.02,275.02,27677
FSL,2026-05-25 09:39:00,275.09,276.05,274.58,275.61,42076
FSL,2026-05-25 09:40:00,275.7,276.99,275.48,276.68,50916
FSL,2026-05-25 09:41:00,276.68,276.69,276.0,276.25,21073
FSL,2026-05-25 09:42:00,276.25,276.25,274.69,275.17,51274
FSL,2026-05-25 09:43:00,275.17,275.2,275.0,275.03,11847
FSL,2026-05-25 09:44:00,275.13,278.2,275.0,277.96,102785
FSL,2026-05-25 09:45:00,278.0,278.33,277.61,278.01,45002
FSL,2026-05-25 09:46:00,277.56,277.82,276.74,277.0,168763
FSL,2026-05-25 09:47:00,277.08,277.25,276.78,277.09,20461
FSL,2026-05-25 09:48:00,277.09,277.21,276.36,276.8,14467
FSL,2026-05-25 09:49:00,276.61,276.81,276.4,276.4,10678
FSL,2026-05-25 09:50:00,276.65,276.65,276.4,276.45,6768
FSL,2026-05-25 09:51:00,276.47,276.49,276.03,276.23,7981
FSL,2026-05-25 09:52:00,276.23,276.4,276.0,276.0,13031
FSL,2026-05-25 09:53:00,276.08,276.37,275.8,275.9,12163
FSL,2026-05-25 09:54:00,275.9,275.9,275.5,275.74,12230
FSL,2026-05-25 09:55:00,275.8,276.3,275.7,276.25,23292
FSL,2026-05-25 09:56:00,276.25,276.76,276.2,276.4,23902
FSL,2026-05-25 09:57:00,276.41,276.8,276.28,276.39,17784
FSL,2026-05-25 09:58:00,276.39,276.49,276.13,276.4,5488
FSL,2026-05-25 09:59:00,276.4,276.44,276.07,276.14,3502
FSL,2026-05-25 10:00:00,276.38,276.38,276.13,276.15,3997
FSL,2026-05-25 10:01:00,276.03,276.23,275.55,275.71,26624
FSL,2026-05-25 10:02:00,275.75,275.75,275.01,275.15,26601
FSL,2026-05-25 10:03:00,275.15,275.83,275.06,275.73,16290
FSL,2026-05-25 10:04:00,275.73,275.75,275.26,275.59,9337
FSL,2026-05-25 10:05:00,275.59,276.95,275.59,276.95,31714
FSL,2026-05-25 10:06:00,277.1,277.47,276.82,277.16,24944
FSL,2026-05-25 10:07:00,277.15,279.24,277.02,279.14,96188
FSL,2026-05-25 10:08:00,279.14,279.9,279.0,279.56,76267
FSL,2026-05-25 10:09:00,279.32,279.97,279.25,279.76,77973
FSL,2026-05-25 10:10:00,279.75,280.8,279.5,279.5,99818
FSL,2026-05-25 10:11:00,279.6,280.5,279.39,280.5,47560
FSL,2026-05-25 10:12:00,280.35,280.5,279.91,280.49,40024
FSL,2026-05-25 10:13:00,280.49,281.8,280.0,281.64,88233
FSL,2026-05-25 10:14:00,281.54,282.05,281.13,281.79,132854
FSL,2026-05-25 10:15:00,281.79,281.79,281.1,281.32,58193
FSL,2026-05-25 10:16:00,281.13,281.13,280.04,280.06,51864
FSL,2026-05-25 10:17:00,280.21,280.8,280.0,280.21,34830
FSL,2026-05-25 10:18:00,280.08,280.23,279.93,280.05,22633
FSL,2026-05-25 10:19:00,280.05,280.25,280.01,280.01,20128
FSL,2026-05-25 10:20:00,280.0,280.1,279.9,280.1,15064
FSL,2026-05-25 10:21:00,280.1,280.22,279.89,280.22,23751
FSL,2026-05-25 10:22:00,280.22,280.5,280.16,280.47,11433
FSL,2026-05-25 10:23:00,280.5,280.73,280.33,280.46,29167
FSL,2026-05-25 10:24:00,280.45,280.45,280.1,280.34,13307
FSL,2026-05-25 10:25:00,280.15,280.34,280.05,280.1,19660
FSL,2026-05-25 10:26:00,280.1,280.2,279.87,280.02,23360
FSL,2026-05-25 10:27:00,280.03,280.29,279.84,280.1,42120
FSL,2026-05-25 10:28:00,280.1,280.1,279.74,280.03,26185
FSL,2026-05-25 10:29:00,280.0,280.03,279.24,279.31,63877
FSL,2026-05-25 10:30:00,279.23,279.49,279.09,279.44,13143
FSL,2026-05-25 10:31:00,279.4,279.62,279.01,279.3,26066
FSL,2026-05-25 10:32:00,279.27,279.27,278.02,278.39,69071
FSL,2026-05-25 10:33:00,278.46,280.36,278.1,280.14,47512
FSL,2026-05-25 10:34:00,280.01,280.2,279.85,279.98,15767
FSL,2026-05-25 10:35:00,279.85,280.28,279.69,280.2,12417
FSL,2026-05-25 10:36:00,280.2,280.38,280.0,280.27,14659
FSL,2026-05-25 10:37:00,280.27,280.27,279.92,280.0,12984
FSL,2026-05-25 10:38:00,280.0,280.2,280.0,280.01,4488
FSL,2026-05-25 10:39:00,280.1,280.1,279.9,279.97,9135
FSL,2026-05-25 10:40:00,279.78,280.07,279.7,280.0,15471
FSL,2026-05-25 10:41:00,280.0,280.07,279.76,279.86,3949
FSL,2026-05-25 10:42:00,279.86,280.38,279.78,280.38,11808
FSL,2026-05-25 10:43:00,280.34,280.34,280.0,280.0,6203
FSL,2026-05-25 10:44:00,280.0,280.1,279.8,280.03,7869
FSL,2026-05-25 10:45:00,280.03,280.03,279.8,279.99,2122
FSL,2026-05-25 10:46:00,279.98,279.98,279.57,279.92,11558
FSL,2026-05-25 10:47:00,279.93,279.93,279.46,279.8,6412
FSL,2026-05-25 10:48:00,279.8,279.9,279.52,279.74,4362
FSL,2026-05-25 10:49:00,279.74,279.74,279.41,279.41,6979
FSL,2026-05-25 10:50:00,279.41,279.5,279.01,279.01,36068
FSL,2026-05-25 10:51:00,279.02,279.3,279.0,279.03,8560
FSL,2026-05-25 10:52:00,279.2,279.25,279.02,279.2,2630
FSL,2026-05-25 10:53:00,279.2,279.3,279.11,279.29,4784
FSL,2026-05-25 10:54:00,279.29,279.33,279.1,279.19,3600
FSL,2026-05-25 10:55:00,279.19,279.19,278.83,278.86,6079
FSL,2026-05-25 10:56:00,279.05,279.33,278.91,279.22,16403
FSL,2026-05-25 10:57:00,279.22,279.33,279.0,279.08,7225
FSL,2026-05-25 10:58:00,279.29,279.29,279.08,279.08,5073
FSL,2026-05-25 10:59:00,279.08,279.21,279.01,279.14,2524
FSL,2026-05-25 11:00:00,279.14,279.21,278.9,279.14,12156
FSL,2026-05-25 11:01:00,279.14,279.14,279.02,279.14,1479
FSL,2026-05-25 11:02:00,279.14,280.22,278.98,280.04,50379
FSL,2026-05-25 11:03:00,280.04,280.41,279.83,280.2,22198
FSL,2026-05-25 11:04:00,280.2,280.49,280.11,280.29,8842
FSL,2026-05-25 11:05:00,280.3,280.33,280.0,280.16,12630
FSL,2026-05-25 11:06:00,280.16,280.49,280.02,280.49,18685
FSL,2026-05-25 11:07:00,280.49,280.49,280.0,280.1,15212
FSL,2026-05-25 11:08:00,280.1,280.3,280.0,280.09,5625
FSL,2026-05-25 11:09:00,280.09,280.37,280.01,280.37,1475
FSL,2026-05-25 11:10:00,280.35,280.35,280.07,280.27,34559
FSL,2026-05-25 11:11:00,280.27,280.64,280.27,280.47,39298
FSL,2026-05-25 11:12:00,280.48,280.61,280.35,280.6,5082
FSL,2026-05-25 11:13:00,280.6,280.6,280.3,280.37,5358
FSL,2026-05-25 11:14:00,280.37,280.47,280.14,280.14,8263
FSL,2026-05-25 11:15:00,280.26,280.5,280.15,280.38,4015
FSL,2026-05-25 11:16:00,280.22,280.49,280.15,280.23,4531
FSL,2026-05-25 11:17:00,280.23,280.38,280.16,280.23,886
FSL,2026-05-25 11:18:00,280.23,280.38,280.0,280.13,9673
FSL,2026-05-25 11:19:00,280.13,280.13,280.03,280.1,2000
FSL,2026-05-25 11:20:00,280.1,280.1,280.0,280.05,1600
FSL,2026-05-25 11:21:00,280.05,280.09,280.0,280.0,3927
FSL,2026-05-25 11:22:00,280.05,280.3,280.0,280.3,5922
FSL,2026-05-25 11:23:00,280.21,280.21,280.05,280.17,1780
FSL,2026-05-25 11:24:00,280.07,280.3,280.04,280.3,5768
FSL,2026-05-25 11:25:00,280.17,280.3,280.06,280.25,1371
FSL,2026-05-25 11:26:00,280.1,280.2,280.07,280.07,906
FSL,2026-05-25 11:27:00,280.07,280.3,280.07,280.11,3325
FSL,2026-05-25 11:28:00,280.11,280.26,280.1,280.15,1290
FSL,2026-05-25 11:29:00,280.15,280.26,280.15,280.2,1230
FSL,2026-05-25 11:30:00,280.2,280.25,280.2,280.2,1041
FSL,2026-05-25 11:31:00,280.25,280.25,279.67,279.99,46272
FSL,2026-05-25 11:32:00,280.0,280.08,279.89,280.01,7840
FSL,2026-05-25 11:33:00,280.13,280.2,280.02,280.2,5272
FSL,2026-05-25 11:34:00,280.2,280.24,280.0,280.05,5669
FSL,2026-05-25 11:35:00,280.05,280.2,280.0,280.02,5092
FSL,2026-05-25 11:36:00,280.02,280.15,280.0,280.0,1312
FSL,2026-05-25 11:37:00,280.0,280.34,280.0,280.08,10463
FSL,2026-05-25 11:38:00,280.09,280.24,280.09,280.22,1205
FSL,2026-05-25 11:39:00,280.22,280.22,280.06,280.12,6768
FSL,2026-05-25 11:40:00,280.11,280.19,280.0,280.01,2136
FSL,2026-05-25 11:41:00,280.01,280.1,280.0,280.0,4278
FSL,2026-05-25 11:42:00,280.0,280.0,279.75,279.75,1743
FSL,2026-05-25 11:43:00,279.75,280.1,279.75,279.99,2615
FSL,2026-05-25 11:44:00,279.88,280.24,279.88,280.03,5746
FSL,2026-05-25 11:45:00,280.03,280.15,280.03,280.14,1195
FSL,2026-05-25 11:46:00,280.14,280.19,280.01,280.01,1315
FSL,2026-05-25 11:47:00,280.13,280.13,280.01,280.01,1920
FSL,2026-05-25 11:48:00,280.01,280.03,279.89,279.97,1892
FSL,2026-05-25 11:49:00,279.97,279.97,279.7,279.7,2356
FSL,2026-05-25 11:50:00,279.7,279.89,279.3,279.75,22788
FSL,2026-05-25 11:51:00,279.75,279.75,279.32,279.38,6952
FSL,2026-05-25 11:52:00,279.38,279.89,279.38,279.87,10723
FSL,2026-05-25 11:53:00,279.87,279.87,279.5,279.68,5201
FSL,2026-05-25 11:54:00,279.5,279.68,279.1,279.32,25307
FSL,2026-05-25 11:55:00,279.32,279.45,279.28,279.32,5313
FSL,2026-05-25 11:56:00,279.43,279.54,279.29,279.29,11003
FSL,2026-05-25 11:57:00,279.29,279.45,279.2,279.37,5328
FSL,2026-05-25 11:58:00,279.37,279.37,279.01,279.1,7901
FSL,2026-05-25 11:59:00,279.23,279.23,279.0,279.0,10379
FSL,2026-05-25 12:00:00,279.0,279.18,279.0,279.05,7278
FSL,2026-05-25 12:01:00,279.03,279.7,278.94,279.57,31965
FSL,2026-05-25 12:02:00,279.57,279.57,279.02,279.03,1666
FSL,2026-05-25 12:03:00,279.03,279.18,278.9,279.0,4706
FSL,2026-05-25 12:04:00,279.0,279.14,278.7,278.96,9171
FSL,2026-05-25 12:05:00,278.96,278.96,278.56,278.89,13059
FSL,2026-05-25 12:06:00,278.89,278.89,278.7,278.74,3370
FSL,2026-05-25 12:07:00,278.74,279.0,278.71,278.95,2974
FSL,2026-05-25 12:08:00,278.95,278.95,278.72,278.72,2503
FSL,2026-05-25 12:09:00,278.72,278.75,278.5,278.5,6727
FSL,2026-05-25 12:10:00,278.53,278.7,278.5,278.5,7223
FSL,2026-05-25 12:11:00,278.5,278.79,278.21,278.79,9368
FSL,2026-05-25 12:12:00,278.77,278.77,278.31,278.57,2610
FSL,2026-05-25 12:13:00,278.57,278.79,278.28,278.79,919
FSL,2026-05-25 12:14:00,278.29,278.55,278.29,278.33,9788
FSL,2026-05-25 12:15:00,278.33,278.54,277.87,277.93,30870
FSL,2026-05-25 12:16:00,277.93,277.93,277.6,277.89,6877
FSL,2026-05-25 12:17:00,277.87,277.9,277.6,277.68,3705
FSL,2026-05-25 12:18:00,277.68,277.84,277.66,277.81,2370
FSL,2026-05-25 12:19:00,277.84,278.23,277.83,278.1,13531
FSL,2026-05-25 12:20:00,278.19,278.34,278.1,278.3,3169
FSL,2026-05-25 12:21:00,278.33,278.33,277.83,278.0,8962
FSL,2026-05-25 12:22:00,278.0,278.0,277.84,277.84,1044
FSL,2026-05-25 12:23:00,277.95,277.95,277.84,277.85,576
FSL,2026-05-25 12:24:00,277.83,277.95,277.54,277.54,23385
FSL,2026-05-25 12:25:00,277.54,277.71,277.5,277.64,4951
FSL,2026-05-25 12:26:00,277.64,277.95,277.51,277.76,18722
FSL,2026-05-25 12:27:00,277.76,277.88,277.69,277.71,1182
FSL,2026-05-25 12:28:00,277.71,277.78,277.63,277.71,5463
FSL,2026-05-25 12:29:00,277.7,277.77,277.56,277.56,3822
FSL,2026-05-25 12:30:00,277.56,278.16,277.56,278.09,23931
FSL,2026-05-25 12:31:00,278.09,278.23,277.87,278.02,6875
FSL,2026-05-25 12:32:00,278.02,278.14,278.0,278.11,2221
FSL,2026-05-25 12:33:00,278.11,278.11,277.63,277.66,3159
FSL,2026-05-25 12:34:00,277.79,277.87,277.67,277.67,2100
FSL,2026-05-25 12:35:00,277.7,277.8,277.65,277.67,1296
FSL,2026-05-25 12:36:00,277.78,277.9,277.78,277.9,1283
FSL,2026-05-25 12:37:00,277.94,278.12,277.85,278.08,1148
FSL,2026-05-25 12:38:00,278.08,278.12,277.93,278.1,3571
FSL,2026-05-25 12:39:00,278.28,278.38,277.85,277.94,17756
FSL,2026-05-25 12:40:00,277.94,277.94,277.65,277.8,7886
FSL,2026-05-25 12:41:00,277.8,277.83,277.65,277.8,2279
FSL,2026-05-25 12:42:00,277.81,277.81,277.7,277.81,2906
FSL,2026-05-25 12:43:00,277.81,277.82,277.7,277.82,1112
FSL,2026-05-25 12:44:00,277.82,277.82,277.71,277.71,318
FSL,2026-05-25 12:45:00,277.71,277.73,277.52,277.6,6694
FSL,2026-05-25 12:46:00,277.6,278.7,277.6,278.31,26210
FSL,2026-05-25 12:47:00,278.31,278.43,278.1,278.1,737
FSL,2026-05-25 12:48:00,278.03,278.1,277.65,277.65,8299
FSL,2026-05-25 12:49:00,277.77,277.84,277.52,277.79,7400
FSL,2026-05-25 12:50:00,277.63,277.95,277.63,277.8,999
FSL,2026-05-25 12:51:00,277.8,278.28,277.8,278.03,6967
FSL,2026-05-25 12:52:00,278.03,278.4,278.0,278.27,3871
FSL,2026-05-25 12:53:00,278.27,278.27,278.19,278.27,904
FSL,2026-05-25 12:54:00,278.14,278.41,278.09,278.41,11249
FSL,2026-05-25 12:55:00,278.41,278.41,278.26,278.26,398
FSL,2026-05-25 12:56:00,278.26,278.38,278.26,278.26,317
FSL,2026-05-25 12:57:00,278.26,278.38,278.26,278.38,861
FSL,2026-05-25 12:58:00,278.38,278.41,278.27,278.41,1159
FSL,2026-05-25 12:59:00,278.49,278.49,278.35,278.49,800
FSL,2026-05-25 13:00:00,278.5,278.58,278.41,278.55,1375
FSL,2026-05-25 13:01:00,278.5,278.55,278.32,278.42,1322
FSL,2026-05-25 13:02:00,278.42,278.49,278.42,278.49,327
FSL,2026-05-25 13:03:00,278.49,278.49,278.02,278.2,5199
FSL,2026-05-25 13:04:00,278.2,278.52,278.14,278.31,6046
FSL,2026-05-25 13:05:00,278.43,278.61,278.37,278.4,2459
FSL,2026-05-25 13:06:00,278.4,278.6,278.27,278.3,5245
FSL,2026-05-25 13:07:00,278.55,278.6,278.47,278.48,862
FSL,2026-05-25 13:08:00,278.48,278.59,278.48,278.59,1282
FSL,2026-05-25 13:09:00,278.59,278.59,278.3,278.43,6742
FSL,2026-05-25 13:10:00,278.43,278.45,278.26,278.26,276
FSL,2026-05-25 13:11:00,278.26,278.45,278.25,278.41,2147
FSL,2026-05-25 13:12:00,278.26,278.39,278.21,278.38,451
FSL,2026-05-25 13:13:00,278.38,279.15,278.38,279.15,8874
FSL,2026-05-25 13:14:00,279.26,279.26,279.0,279.0,5000
FSL,2026-05-25 13:15:00,279.0,279.0,278.75,278.98,2599
FSL,2026-05-25 13:16:00,278.98,279.0,278.76,278.98,3610
FSL,2026-05-25 13:17:00,278.98,278.99,278.77,278.79,778
FSL,2026-05-25 13:18:00,278.79,278.93,278.68,278.88,1570
FSL,2026-05-25 13:19:00,278.88,278.96,278.88,278.96,348
FSL,2026-05-25 13:20:00,278.95,278.96,278.88,278.96,957
FSL,2026-05-25 13:21:00,278.99,279.0,278.88,279.0,1146
FSL,2026-05-25 13:22:00,279.0,279.06,279.0,279.06,3196
FSL,2026-05-25 13:23:00,279.03,279.1,278.66,278.79,4166
FSL,2026-05-25 13:24:00,278.79,279.95,278.66,279.91,24496
FSL,2026-05-25 13:25:00,279.88,279.9,279.36,279.6,7540
FSL,2026-05-25 13:26:00,279.6,279.66,279.18,279.18,12755
FSL,2026-05-25 13:27:00,279.15,279.4,279.1,279.23,2920
FSL,2026-05-25 13:28:00,279.23,279.23,279.06,279.1,1129
FSL,2026-05-25 13:29:00,279.18,279.19,279.1,279.18,767
FSL,2026-05-25 13:30:00,279.18,279.18,279.0,279.11,844
FSL,2026-05-25 13:31:00,279.11,279.13,279.0,279.13,3589
FSL,2026-05-25 13:32:00,279.13,279.13,278.79,278.79,1978
FSL,2026-05-25 13:33:00,278.79,278.96,278.75,278.79,525
FSL,2026-05-25 13:34:00,278.78,279.12,278.72,279.0,5652
FSL,2026-05-25 13:35:00,279.0,279.13,279.0,279.0,1104
FSL,2026-05-25 13:36:00,279.12,279.13,279.12,279.13,839
FSL,2026-05-25 13:37:00,279.0,279.13,279.0,279.0,1701
FSL,2026-05-25 13:38:00,279.0,279.13,279.0,279.13,1657
FSL,2026-05-25 13:39:00,279.13,279.13,278.9,279.01,1562
FSL,2026-05-25 13:40:00,279.01,279.06,278.93,279.0,2306
FSL,2026-05-25 13:41:00,279.0,279.0,278.66,278.88,3010
FSL,2026-05-25 13:42:00,278.88,278.9,278.53,278.77,1091
FSL,2026-05-25 13:43:00,278.77,278.77,278.53,278.7,1967
FSL,2026-05-25 13:44:00,278.7,278.7,278.53,278.53,2390
FSL,2026-05-25 13:45:00,278.53,278.65,278.53,278.53,974
FSL,2026-05-25 13:46:00,278.6,278.63,278.53,278.63,855
FSL,2026-05-25 13:47:00,278.63,279.37,278.55,279.0,23769
FSL,2026-05-25 13:48:00,279.0,279.04,278.87,278.87,3175
FSL,2026-05-25 13:49:00,278.87,278.87,278.76,278.87,863
FSL,2026-05-25 13:50:00,278.87,278.87,278.76,278.76,1864
FSL,2026-05-25 13:51:00,278.76,279.0,278.76,278.99,2934
FSL,2026-05-25 13:52:00,278.99,278.99,278.62,278.65,2438
FSL,2026-05-25 13:53:00,278.64,278.82,278.63,278.63,631
FSL,2026-05-25 13:54:00,278.63,278.77,278.6,278.65,496
FSL,2026-05-25 13:55:00,278.65,278.69,278.6,278.6,1258
FSL,2026-05-25 13:56:00,278.6,278.7,278.55,278.7,1575
FSL,2026-05-25 13:57:00,278.7,278.75,278.6,278.74,954
FSL,2026-05-25 13:58:00,278.74,278.74,278.6,278.7,570
FSL,2026-05-25 13:59:00,278.7,278.7,278.44,278.44,5488
FSL,2026-05-25 14:00:00,278.55,278.55,278.39,278.5,1849
FSL,2026-05-25 14:01:00,278.5,278.5,278.39,278.39,2148
FSL,2026-05-25 14:02:00,278.5,278.5,278.4,278.42,772
FSL,2026-05-25 14:03:00,278.42,278.48,278.39,278.39,853
FSL,2026-05-25 14:04:00,278.39,278.45,278.26,278.4,2770
FSL,2026-05-25 14:05:00,278.45,278.45,278.35,278.44,894
FSL,2026-05-25 14:06:00,278.44,278.89,278.1,278.72,12056
FSL,2026-05-25 14:07:00,278.72,278.72,278.52,278.67,1359
FSL,2026-05-25 14:08:00,278.52,278.58,278.23,278.38,2061
FSL,2026-05-25 14:09:00,278.38,278.39,278.13,278.34,783
FSL,2026-05-25 14:10:00,278.34,278.35,278.11,278.3,3741
FSL,2026-05-25 14:11:00,278.13,278.29,278.12,278.25,849
FSL,2026-05-25 14:12:00,278.12,278.28,277.82,277.93,7405
FSL,2026-05-25 14:13:00,277.93,277.93,277.7,277.88,4921
FSL,2026-05-25 14:14:00,277.88,277.91,277.72,277.72,751
FSL,2026-05-25 14:15:00,277.72,277.86,277.66,277.73,3224
FSL,2026-05-25 14:16:00,277.84,279.62,277.68,279.4,15913
FSL,2026-05-25 14:17:00,279.47,279.47,279.0,279.0,4392
FSL,2026-05-25 14:18:00,279.0,279.08,278.49,278.71,10667
FSL,2026-05-25 14:19:00,278.62,278.64,278.08,278.32,3997
FSL,2026-05-25 14:20:00,278.32,278.56,278.12,278.31,6566
FSL,2026-05-25 14:21:00,278.31,278.49,278.31,278.46,1161
FSL,2026-05-25 14:22:00,278.31,278.33,278.0,278.2,1954
FSL,2026-05-25 14:23:00,278.18,278.61,278.0,278.46,6259
FSL,2026-05-25 14:24:00,278.25,278.41,278.25,278.41,586
FSL,2026-05-25 14:25:00,278.41,278.43,278.27,278.42,1048
FSL,2026-05-25 14:26:00,278.42,278.46,278.28,278.45,609
FSL,2026-05-25 14:27:00,278.45,278.6,278.45,278.5,2980
FSL,2026-05-25 14:28:00,278.55,278.56,278.4,278.56,2799
FSL,2026-05-25 14:29:00,278.56,278.63,278.43,278.63,3121
FSL,2026-05-25 14:30:00,278.63,278.63,278.09,278.27,6053
FSL,2026-05-25 14:31:00,278.27,278.31,278.05,278.26,4407
FSL,2026-05-25 14:32:00,278.26,278.37,278.07,278.37,9468
FSL,2026-05-25 14:33:00,278.43,278.43,278.25,278.3,841
FSL,2026-05-25 14:34:00,278.3,278.44,278.25,278.3,2143
FSL,2026-05-25 14:35:00,278.44,278.44,277.78,277.98,13698
FSL,2026-05-25 14:36:00,277.8,278.0,277.8,277.98,5619
FSL,2026-05-25 14:37:00,277.98,278.1,277.86,278.06,3319
FSL,2026-05-25 14:38:00,278.0,279.69,277.9,279.38,51588
FSL,2026-05-25 14:39:00,279.35,279.39,278.82,279.0,11933
FSL,2026-05-25 14:40:00,279.08,279.17,279.0,279.08,4207
FSL,2026-05-25 14:41:00,279.08,279.83,279.0,279.41,24897
FSL,2026-05-25 14:42:00,279.41,279.45,279.21,279.21,1055
FSL,2026-05-25 14:43:00,279.21,279.21,279.0,279.15,2622
FSL,2026-05-25 14:44:00,279.4,279.44,279.23,279.38,19643
FSL,2026-05-25 14:45:00,279.37,279.6,279.08,279.5,5524
FSL,2026-05-25 14:46:00,279.5,279.5,279.36,279.5,879
FSL,2026-05-25 14:47:00,279.38,279.5,279.25,279.47,2177
FSL,2026-05-25 14:48:00,279.35,279.55,279.26,279.28,1511
FSL,2026-05-25 14:49:00,279.4,279.78,279.38,279.63,10691
FSL,2026-05-25 14:50:00,279.63,279.63,279.35,279.5,702
FSL,2026-05-25 14:51:00,279.51,279.69,279.4,279.49,4180
FSL,2026-05-25 14:52:00,279.49,279.88,279.49,279.69,12650
FSL,2026-05-25 14:53:00,279.69,279.75,279.4,279.57,8587
FSL,2026-05-25 14:54:00,279.57,279.62,279.45,279.6,5425
FSL,2026-05-25 14:55:00,279.62,279.62,279.35,279.46,4753
FSL,2026-05-25 14:56:00,279.48,279.56,279.35,279.4,5242
FSL,2026-05-25 14:57:00,279.5,280.03,279.4,280.0,41046
FSL,2026-05-25 14:58:00,280.04,280.15,279.85,280.02,23336
FSL,2026-05-25 14:59:00,280.02,280.04,279.97,280.02,6659
FSL,2026-05-25 15:00:00,280.0,280.07,279.94,280.07,16772
FSL,2026-05-25 15:01:00,280.05,280.05,279.86,279.86,22626
FSL,2026-05-25 15:02:00,279.9,280.04,279.89,280.0,12157
FSL,2026-05-25 15:03:00,280.04,280.09,279.79,280.01,16112
FSL,2026-05-25 15:04:00,280.01,280.09,279.86,280.09,21134
FSL,2026-05-25 15:05:00,280.09,280.1,279.9,280.01,4864
FSL,2026-05-25 15:06:00,280.0,280.01,279.51,279.63,8393
FSL,2026-05-25 15:07:00,279.35,279.58,279.11,279.11,6640
FSL,2026-05-25 15:08:00,279.11,279.29,279.1,279.24,7792
FSL,2026-05-25 15:09:00,279.21,279.21,279.05,279.17,10944
FSL,2026-05-25 15:10:00,279.15,280.16,279.05,280.05,79414
FSL,2026-05-25 15:11:00,280.0,280.15,279.87,280.14,9146
FSL,2026-05-25 15:12:00,280.14,280.14,279.9,280.07,10392
FSL,2026-05-25 15:13:00,279.93,280.07,279.8,280.0,29087
FSL,2026-05-25 15:14:00,280.0,280.14,280.0,280.05,11696
FSL,2026-05-25 15:15:00,280.05,280.16,280.05,280.15,7601
FSL,2026-05-25 15:16:00,280.14,280.2,280.05,280.15,17635
FSL,2026-05-25 15:17:00,280.15,280.24,280.15,280.16,11981
FSL,2026-05-25 15:18:00,280.16,280.37,280.0,280.0,23633
FSL,2026-05-25 15:19:00,280.08,280.1,280.0,280.0,13997
FSL,2026-05-25 15:20:00,280.01,280.1,280.0,280.1,22597
FSL,2026-05-25 15:21:00,280.02,280.15,280.0,280.07,42414
FSL,2026-05-25 15:22:00,279.63,281.55,279.63,281.0,73753
FSL,2026-05-25 15:23:00,280.98,281.29,280.98,281.19,15106
FSL,2026-05-25 15:24:00,281.19,281.2,280.84,281.2,20141
FSL,2026-05-25 15:25:00,281.07,281.26,280.72,281.02,10603
FSL,2026-05-25 15:26:00,281.02,281.2,280.87,280.92,7708
FSL,2026-05-25 15:27:00,280.93,281.32,280.77,281.25,29312
FSL,2026-05-25 15:28:00,281.4,281.4,281.02,281.14,13178
FSL,2026-05-25 15:29:00,281.05,281.1,280.7,280.7,24506
FSL,2026-05-26 09:15:00,281.09,281.09,277.76,278.0,28533
FSL,2026-05-26 09:16:00,277.6,277.6,276.0,277.2,45058
FSL,2026-05-26 09:17:00,277.1,277.1,275.51,275.69,45160
FSL,2026-05-26 09:18:00,275.69,278.5,275.64,278.5,45522
FSL,2026-05-26 09:19:00,278.5,279.65,278.11,278.83,34674
FSL,2026-05-26 09:20:00,278.83,279.33,278.17,279.31,44768
FSL,2026-05-26 09:21:00,279.25,279.5,279.09,279.12,20666
FSL,2026-05-26 09:22:00,279.02,279.39,278.38,278.45,15224
FSL,2026-05-26 09:23:00,278.6,278.83,278.12,278.76,13210
FSL,2026-05-26 09:24:00,278.92,278.92,278.0,278.39,7542
FSL,2026-05-26 09:25:00,278.13,278.24,277.69,277.86,14670
FSL,2026-05-26 09:26:00,277.87,277.9,277.57,277.8,16221
FSL,2026-05-26 09:27:00,277.89,278.48,277.89,278.25,20022
FSL,2026-05-26 09:28:00,278.25,278.49,277.55,277.62,8293
FSL,2026-05-26 09:29:00,277.88,277.88,277.56,277.8,8304
FSL,2026-05-26 09:30:00,278.0,278.06,277.51,277.61,16225
FSL,2026-05-26 09:31:00,277.79,278.0,277.53,278.0,12873
FSL,2026-05-26 09:32:00,277.84,278.16,277.48,277.7,10742
FSL,2026-05-26 09:33:00,277.65,277.75,277.48,277.6,6909
FSL,2026-05-26 09:34:00,277.61,277.61,277.24,277.39,9729
FSL,2026-05-26 09:35:00,276.67,276.82,276.14,276.23,21120
FSL,2026-05-26 09:36:00,275.99,276.29,275.6,275.79,19137
FSL,2026-05-26 09:37:00,276.02,276.19,275.68,276.19,17702
FSL,2026-05-26 09:38:00,276.03,276.45,276.03,276.42,10729
FSL,2026-05-26 09:39:00,276.47,276.73,276.14,276.14,7761
FSL,2026-05-26 09:40:00,276.34,276.41,276.14,276.35,3052
FSL,2026-05-26 09:41:00,275.9,276.06,275.15,275.69,21222
FSL,2026-05-26 09:42:00,275.64,275.8,275.5,275.73,10249
FSL,2026-05-26 09:43:00,275.53,275.74,275.47,275.5,16007
FSL,2026-05-26 09:44:00,275.6,276.11,275.55,276.11,6643
FSL,2026-05-26 09:45:00,276.11,276.36,276.11,276.18,3720
FSL,2026-05-26 09:46:00,276.31,276.85,276.17,276.85,11104
FSL,2026-05-26 09:47:00,276.95,276.97,276.32,276.47,15444
FSL,2026-05-26 09:48:00,276.45,276.47,276.17,276.37,2917
FSL,2026-05-26 09:49:00,276.47,276.8,276.3,276.8,3929
FSL,2026-05-26 09:50:00,276.8,276.89,275.6,275.95,27314
FSL,2026-05-26 09:51:00,275.95,275.96,275.6,275.7,4599
FSL,2026-05-26 09:52:00,275.93,275.96,275.0,275.01,26011
FSL,2026-05-26 09:53:00,275.01,275.72,274.55,275.56,43034
FSL,2026-05-26 09:54:00,275.56,275.68,275.16,275.44,9926
FSL,2026-05-26 09:55:00,275.37,275.59,275.29,275.43,4284
FSL,2026-05-26 09:56:00,275.43,275.85,275.03,275.85,18285
FSL,2026-05-26 09:57:00,275.89,275.89,275.38,275.59,3350
FSL,2026-05-26 09:58:00,275.57,275.89,275.33,275.85,2973
FSL,2026-05-26 09:59:00,275.65,275.93,275.58,275.93,3705
FSL,2026-05-26 10:00:00,275.93,276.29,275.75,276.06,15317
FSL,2026-05-26 10:01:00,276.05,276.36,275.9,276.17,6390
FSL,2026-05-26 10:02:00,276.49,276.5,276.26,276.47,10526
FSL,2026-05-26 10:03:00,276.29,276.45,276.13,276.45,9015
FSL,2026-05-26 10:04:00,276.34,276.76,276.34,276.61,10748
FSL,2026-05-26 10:05:00,276.71,276.85,276.53,276.74,9560
FSL,2026-05-26 10:06:00,276.66,276.7,276.43,276.53,2978
FSL,2026-05-26 10:07:00,276.66,276.67,276.63,276.64,2453
FSL,2026-05-26 10:08:00,276.5,276.65,276.31,276.6,10616
FSL,2026-05-26 10:09:00,276.59,276.72,276.26,276.33,5297
FSL,2026-05-26 10:10:00,276.32,276.74,276.32,276.61,2678
FSL,2026-05-26 10:11:00,276.61,276.79,276.47,276.75,7777
FSL,2026-05-26 10:12:00,276.79,276.98,276.74,276.89,2283
FSL,2026-05-26 10:13:00,276.89,276.98,276.15,276.19,28235
FSL,2026-05-26 10:14:00,276.19,276.37,276.18,276.19,21977
FSL,2026-05-26 10:15:00,276.24,276.37,276.24,276.37,2075
FSL,2026-05-26 10:16:00,276.28,276.3,276.13,276.23,8611
FSL,2026-05-26 10:17:00,276.24,276.24,275.79,275.93,7094
FSL,2026-05-26 10:18:00,276.09,276.37,275.81,276.34,9055
FSL,2026-05-26 10:19:00,276.42,276.43,276.07,276.27,2586
FSL,2026-05-26 10:20:00,276.28,276.43,276.17,276.43,2056
FSL,2026-05-26 10:21:00,276.43,276.43,276.18,276.34,3318
FSL,2026-05-26 10:22:00,276.34,276.43,276.21,276.43,2394
FSL,2026-05-26 10:23:00,276.47,276.47,276.25,276.45,1748
FSL,2026-05-26 10:24:00,276.45,276.45,276.0,276.17,5047
FSL,2026-05-26 10:25:00,276.18,276.38,276.17,276.17,4434
FSL,2026-05-26 10:26:00,276.34,276.34,276.07,276.25,5209
FSL,2026-05-26 10:27:00,276.25,276.25,276.04,276.2,2280
FSL,2026-05-26 10:28:00,276.2,276.33,276.12,276.25,2115
FSL,2026-05-26 10:29:00,276.25,276.4,276.25,276.37,2313
FSL,2026-05-26 10:30:00,276.4,276.4,276.21,276.31,2399
FSL,2026-05-26 10:31:00,276.31,277.0,276.31,276.77,11008
FSL,2026-05-26 10:32:00,276.77,276.91,276.75,276.9,4643
FSL,2026-05-26 10:33:00,276.89,276.97,276.77,276.9,4011
FSL,2026-05-26 10:34:00,276.9,277.04,276.82,277.02,19781
FSL,2026-05-26 10:35:00,277.01,277.4,277.0,277.34,31434
FSL,2026-05-26 10:36:00,277.34,277.47,277.27,277.31,4861
FSL,2026-05-26 10:37:00,277.28,277.43,277.28,277.43,2517
FSL,2026-05-26 10:38:00,277.44,277.47,277.32,277.35,4954
FSL,2026-05-26 10:39:00,277.35,277.47,277.35,277.47,4262
FSL,2026-05-26 10:40:00,277.47,277.49,277.34,277.48,3318
FSL,2026-05-26 10:41:00,277.48,277.48,277.36,277.48,2527
FSL,2026-05-26 10:42:00,277.48,277.85,277.48,277.8,19399
FSL,2026-05-26 10:43:00,277.8,277.8,277.7,277.8,3823
FSL,2026-05-26 10:44:00,277.75,277.8,277.65,277.79,4977
FSL,2026-05-26 10:45:00,277.79,277.9,277.71,277.89,4787
FSL,2026-05-26 10:46:00,277.87,277.9,277.74,277.86,3003
FSL,2026-05-26 10:47:00,277.86,278.0,277.75,277.98,8271
FSL,2026-05-26 10:48:00,277.99,278.0,277.87,277.9,3725
FSL,2026-05-26 10:49:00,277.99,278.0,277.75,277.75,6043
FSL,2026-05-26 10:50:00,277.75,277.87,277.39,277.54,6856
FSL,2026-05-26 10:51:00,277.64,277.69,277.34,277.36,3870
FSL,2026-05-26 10:52:00,277.36,277.5,277.33,277.45,3895
FSL,2026-05-26 10:53:00,277.45,277.5,277.26,277.49,2263
FSL,2026-05-26 10:54:00,277.5,277.51,277.3,277.46,1827
FSL,2026-05-26 10:55:00,277.46,277.46,277.22,277.45,3500
FSL,2026-05-26 10:56:00,277.45,277.45,276.82,276.83,13711
FSL,2026-05-26 10:57:00,276.81,277.25,276.81,277.23,8131
FSL,2026-05-26 10:58:00,277.23,277.4,277.1,277.37,2666
FSL,2026-05-26 10:59:00,277.17,277.39,276.9,277.08,2624
FSL,2026-05-26 11:00:00,277.08,277.11,276.86,277.05,2254
FSL,2026-05-26 11:01:00,276.87,277.08,276.86,276.87,2929
FSL,2026-05-26 11:02:00,277.04,277.09,276.86,277.0,2376
FSL,2026-05-26 11:03:00,277.0,277.1,276.86,277.0,2618
FSL,2026-05-26 11:04:00,277.0,277.0,276.66,276.86,3654
FSL,2026-05-26 11:05:00,276.86,276.86,276.62,276.78,2392
FSL,2026-05-26 11:06:00,276.78,276.86,276.62,276.86,2772
FSL,2026-05-26 11:07:00,276.86,277.23,276.8,277.08,7286
FSL,2026-05-26 11:08:00,277.08,277.32,277.06,277.24,2206
FSL,2026-05-26 11:09:00,277.12,277.3,277.12,277.25,1687
FSL,2026-05-26 11:10:00,277.25,277.37,277.18,277.32,1881
FSL,2026-05-26 11:11:00,277.33,277.37,277.22,277.35,2334
FSL,2026-05-26 11:12:00,277.35,277.4,277.16,277.35,2454
FSL,2026-05-26 11:13:00,277.34,277.39,277.2,277.38,1571
FSL,2026-05-26 11:14:00,277.39,277.39,277.18,277.34,3840
FSL,2026-05-26 11:15:00,277.34,277.4,277.21,277.22,2209
FSL,2026-05-26 11:16:00,277.25,277.41,277.16,277.37,2213
FSL,2026-05-26 11:17:00,277.4,277.43,277.21,277.4,1222
FSL,2026-05-26 11:18:00,277.4,277.8,277.22,277.66,16516
FSL,2026-05-26 11:19:00,277.66,277.8,277.4,277.59,4359
FSL,2026-05-26 11:20:00,277.58,277.77,277.56,277.74,2840
FSL,2026-05-26 11:21:00,277.76,277.76,277.53,277.76,7242
FSL,2026-05-26 11:22:00,277.76,277.8,277.73,277.78,3609
FSL,2026-05-26 11:23:00,277.8,277.87,277.4,277.48,7902
FSL,2026-05-26 11:24:00,277.6,277.64,277.37,277.64,1951
FSL,2026-05-26 11:25:00,277.5,277.74,277.42,277.64,4336
FSL,2026-05-26 11:26:00,277.64,277.87,277.54,277.86,2129
FSL,2026-05-26 11:27:00,277.86,277.86,277.63,277.84,2550
FSL,2026-05-26 11:28:00,277.87,277.87,277.67,277.69,2024
FSL,2026-05-26 11:29:00,277.84,277.87,277.65,277.85,2376
FSL,2026-05-26 11:30:00,277.67,277.85,277.5,277.66,3256
FSL,2026-05-26 11:31:00,277.25,277.69,277.25,277.5,4412
FSL,2026-05-26 11:32:00,277.33,277.53,277.25,277.53,3874
FSL,2026-05-26 11:33:00,277.55,277.76,277.45,277.76,2055
FSL,2026-05-26 11:34:00,277.76,277.84,277.55,277.84,1943
FSL,2026-05-26 11:35:00,277.85,277.87,277.59,277.7,2037
FSL,2026-05-26 11:36:00,277.87,277.87,277.58,277.66,4421
FSL,2026-05-26 11:37:00,277.82,277.86,277.65,277.79,8181
FSL,2026-05-26 11:38:00,277.75,277.75,277.41,277.41,4415
FSL,2026-05-26 11:39:00,277.41,277.75,277.41,277.75,5974
FSL,2026-05-26 11:40:00,277.64,277.75,277.41,277.6,2052
FSL,2026-05-26 11:41:00,277.41,277.65,277.29,277.38,6414
FSL,2026-05-26 11:42:00,277.4,277.65,277.4,277.61,2201
FSL,2026-05-26 11:43:00,277.61,277.64,277.4,277.6,2135
FSL,2026-05-26 11:44:00,277.6,277.74,277.3,277.65,4272
FSL,2026-05-26 11:45:00,277.65,277.72,277.41,277.61,3680
FSL,2026-05-26 11:46:00,277.61,277.73,277.45,277.73,1746
FSL,2026-05-26 11:47:00,277.69,277.76,277.41,277.76,2748
FSL,2026-05-26 11:48:00,277.76,277.76,277.43,277.65,2135
FSL,2026-05-26 11:49:00,277.66,277.75,277.45,277.73,3109
FSL,2026-05-26 11:50:00,277.73,277.75,277.51,277.75,1994
FSL,2026-05-26 11:51:00,277.65,277.8,277.43,277.65,2633
FSL,2026-05-26 11:52:00,277.65,277.8,277.5,277.76,2859
FSL,2026-05-26 11:53:00,277.8,277.85,277.58,277.62,1874
FSL,2026-05-26 11:54:00,277.79,277.87,277.51,277.84,2957
FSL,2026-05-26 11:55:00,277.84,277.86,277.7,277.85,3472
FSL,2026-05-26 11:56:00,277.69,277.85,277.67,277.67,1883
FSL,2026-05-26 11:57:00,277.67,277.86,277.67,277.86,4863
FSL,2026-05-26 11:58:00,277.82,277.86,277.7,277.74,1641
FSL,2026-05-26 11:59:00,277.74,277.86,277.57,277.66,3019
FSL,2026-05-26 12:00:00,277.66,277.86,277.63,277.86,2655
FSL,2026-05-26 12:01:00,277.86,277.86,277.58,277.59,4783
FSL,2026-05-26 12:02:00,277.76,277.8,276.65,276.81,23740
FSL,2026-05-26 12:03:00,276.8,277.28,276.69,277.25,5732
FSL,2026-05-26 12:04:00,277.43,277.59,277.3,277.39,2065
FSL,2026-05-26 12:05:00,277.58,277.59,277.31,277.31,1808
FSL,2026-05-26 12:06:00,277.49,277.49,276.9,277.22,5817
FSL,2026-05-26 12:07:00,277.28,277.33,277.15,277.15,3378
FSL,2026-05-26 12:08:00,277.15,277.28,277.15,277.27,3592
FSL,2026-05-26 12:09:00,277.27,277.27,276.89,276.89,7930
FSL,2026-05-26 12:10:00,276.93,277.24,276.93,277.24,2825
FSL,2026-05-26 12:11:00,277.23,277.25,277.08,277.25,1620
FSL,2026-05-26 12:12:00,277.25,277.25,276.91,277.09,3737
FSL,2026-05-26 12:13:00,277.23,277.25,277.08,277.2,1827
FSL,2026-05-26 12:14:00,277.2,277.2,276.78,276.78,2229
FSL,2026-05-26 12:15:00,276.91,277.0,276.77,276.85,2027
FSL,2026-05-26 12:16:00,276.85,277.0,276.84,277.0,939
FSL,2026-05-26 12:17:00,277.0,277.04,276.8,276.8,734
FSL,2026-05-26 12:18:00,277.0,277.5,277.0,277.49,11124
FSL,2026-05-26 12:19:00,277.58,278.25,277.58,278.2,33656
FSL,2026-05-26 12:20:00,278.09,278.9,278.09,278.89,19302
FSL,2026-05-26 12:21:00,278.8,278.9,278.67,278.85,3643
FSL,2026-05-26 12:22:00,278.73,278.85,278.17,278.39,19573
FSL,2026-05-26 12:23:00,278.39,278.45,278.07,278.19,3036
FSL,2026-05-26 12:24:00,278.19,278.25,277.9,278.17,2605
FSL,2026-05-26 12:25:00,278.01,278.17,277.92,278.06,6393
FSL,2026-05-26 12:26:00,277.9,278.13,277.9,278.13,1787
FSL,2026-05-26 12:27:00,278.0,278.3,277.99,278.03,2505
FSL,2026-05-26 12:28:00,278.23,278.36,278.06,278.34,2992
FSL,2026-05-26 12:29:00,278.34,278.5,278.15,278.5,1760
FSL,2026-05-26 12:30:00,278.5,278.5,278.29,278.5,1985
FSL,2026-05-26 12:31:00,278.5,278.5,278.25,278.5,2531
FSL,2026-05-26 12:32:00,278.5,278.73,278.23,278.55,8186
FSL,2026-05-26 12:33:00,278.55,278.55,278.01,278.34,10105
FSL,2026-05-26 12:34:00,278.59,278.59,278.08,278.36,7982
FSL,2026-05-26 12:35:00,278.36,278.46,278.19,278.45,1739
FSL,2026-05-26 12:36:00,278.4,278.45,278.14,278.44,3053
FSL,2026-05-26 12:37:00,278.44,278.45,278.19,278.45,1786
FSL,2026-05-26 12:38:00,278.45,278.45,278.27,278.3,1762
FSL,2026-05-26 12:39:00,278.45,278.45,277.86,278.1,6430
FSL,2026-05-26 12:40:00,278.0,278.26,277.94,278.23,2285
FSL,2026-05-26 12:41:00,278.23,278.25,278.13,278.25,5084
FSL,2026-05-26 12:42:00,278.25,278.25,278.01,278.05,2456
FSL,2026-05-26 12:43:00,278.2,278.37,278.05,278.37,2099
FSL,2026-05-26 12:44:00,278.37,278.45,278.24,278.44,1905
FSL,2026-05-26 12:45:00,278.44,278.44,277.92,277.92,15681
FSL,2026-05-26 12:46:00,277.92,278.15,277.87,278.0,3270
FSL,2026-05-26 12:47:00,277.85,278.15,277.85,278.09,2276
FSL,2026-05-26 12:48:00,277.54,277.9,277.45,277.45,13469
FSL,2026-05-26 12:49:00,277.7,277.8,277.5,277.5,2887
FSL,2026-05-26 12:50:00,277.5,277.56,277.18,277.18,1806
FSL,2026-05-26 12:51:00,277.4,277.44,277.06,277.26,8793
FSL,2026-05-26 12:52:00,277.24,277.3,277.08,277.29,1899
FSL,2026-05-26 12:53:00,277.3,277.73,277.12,277.54,5380
FSL,2026-05-26 12:54:00,277.73,277.73,277.47,277.73,2358
FSL,2026-05-26 12:55:00,277.73,277.73,277.53,277.53,2376
FSL,2026-05-26 12:56:00,277.71,277.72,277.53,277.56,1818
FSL,2026-05-26 12:57:00,277.61,277.73,277.52,277.7,2454
FSL,2026-05-26 12:58:00,277.7,277.7,277.56,277.7,1542
FSL,2026-05-26 12:59:00,277.63,277.7,277.4,277.63,2344
FSL,2026-05-26 13:00:00,277.63,277.68,277.32,277.56,2361
FSL,2026-05-26 13:01:00,277.59,277.69,277.17,277.58,2839
FSL,2026-05-26 13:02:00,277.68,277.69,277.4,277.65,2951
FSL,2026-05-26 13:03:00,277.65,277.66,277.32,277.66,4099
FSL,2026-05-26 13:04:00,277.65,277.7,277.49,277.7,2238
FSL,2026-05-26 13:05:00,277.7,277.7,277.39,277.69,2295
FSL,2026-05-26 13:06:00,277.7,277.7,277.49,277.69,2035
FSL,2026-05-26 13:07:00,277.69,277.7,277.52,277.7,2301
FSL,2026-05-26 13:08:00,277.7,277.7,277.38,277.38,3736
FSL,2026-05-26 13:09:00,277.46,277.7,277.46,277.5,2009
FSL,2026-05-26 13:10:00,277.46,277.72,277.45,277.71,2021
FSL,2026-05-26 13:11:00,277.71,277.73,277.51,277.73,2415
FSL,2026-05-26 13:12:00,277.73,277.73,277.58,277.72,1838
FSL,2026-05-26 13:13:00,277.72,277.73,277.56,277.73,1685
FSL,2026-05-26 13:14:00,277.75,278.0,277.75,277.99,2416
FSL,2026-05-26 13:15:00,277.99,277.99,277.4,277.93,7658
FSL,2026-05-26 13:16:00,277.94,277.94,277.65,277.9,2940
FSL,2026-05-26 13:17:00,277.9,278.05,277.85,277.9,9602
FSL,2026-05-26 13:18:00,277.9,278.05,277.82,278.0,1977
FSL,2026-05-26 13:19:00,278.0,278.0,277.75,277.89,6787
FSL,2026-05-26 13:20:00,278.0,278.0,277.85,278.0,1975
FSL,2026-05-26 13:21:00,278.0,278.0,277.94,278.0,2418
FSL,2026-05-26 13:22:00,278.07,278.07,277.81,277.89,12336
FSL,2026-05-26 13:23:00,277.84,278.08,277.84,278.0,1545
FSL,2026-05-26 13:24:00,278.0,278.0,277.8,277.8,3257
FSL,2026-05-26 13:25:00,277.8,278.0,277.71,277.71,2415
FSL,2026-05-26 13:26:00,277.7,277.71,277.41,277.52,2148
FSL,2026-05-26 13:27:00,277.45,277.7,277.34,277.48,3441
FSL,2026-05-26 13:28:00,277.48,277.89,277.32,277.89,4007
FSL,2026-05-26 13:29:00,277.88,277.99,277.79,277.98,1862
FSL,2026-05-26 13:30:00,277.99,278.0,277.87,278.0,1770
FSL,2026-05-26 13:31:00,278.0,278.0,277.83,278.0,1831
FSL,2026-05-26 13:32:00,278.0,278.0,277.88,277.88,1979
FSL,2026-05-26 13:33:00,277.88,278.01,277.88,278.01,1954
FSL,2026-05-26 13:34:00,277.9,278.01,277.71,277.87,1874
FSL,2026-05-26 13:35:00,277.87,277.88,277.55,277.88,15321
FSL,2026-05-26 13:36:00,277.92,278.01,277.89,278.01,1947
FSL,2026-05-26 13:37:00,277.9,278.07,277.9,278.07,1645
FSL,2026-05-26 13:38:00,278.07,278.07,277.89,277.98,3606
FSL,2026-05-26 13:39:00,277.98,278.05,277.75,278.05,2290
FSL,2026-05-26 13:40:00,278.06,278.07,277.92,277.92,1901
FSL,2026-05-26 13:41:00,278.06,278.07,277.86,278.04,3470
FSL,2026-05-26 13:42:00,278.04,278.07,277.9,277.9,1513
FSL,2026-05-26 13:43:00,278.0,278.07,277.82,277.91,3359
FSL,2026-05-26 13:44:00,277.86,278.07,277.79,278.06,2335
FSL,2026-05-26 13:45:00,278.06,278.06,277.79,277.99,2843
FSL,2026-05-26 13:46:00,278.0,278.03,277.77,278.0,3362
FSL,2026-05-26 13:47:00,278.0,278.0,277.83,277.9,1879
FSL,2026-05-26 13:48:00,278.0,278.0,277.84,277.84,2139
FSL,2026-05-26 13:49:00,277.84,278.0,277.55,277.65,7107
FSL,2026-05-26 13:50:00,277.67,277.79,276.0,276.17,78441
FSL,2026-05-26 13:51:00,276.01,276.59,276.0,276.59,7700
FSL,2026-05-26 13:52:00,276.59,276.59,276.13,276.34,2743
FSL,2026-05-26 13:53:00,276.38,276.4,276.17,276.27,1962
FSL,2026-05-26 13:54:00,276.27,276.87,276.27,276.71,6721
FSL,2026-05-26 13:55:00,276.5,276.65,276.5,276.61,3942
FSL,2026-05-26 13:56:00,276.61,276.61,276.22,276.33,2505
FSL,2026-05-26 13:57:00,276.2,276.38,276.15,276.25,3746
FSL,2026-05-26 13:58:00,276.25,276.25,276.2,276.24,2185
FSL,2026-05-26 13:59:00,276.25,276.25,276.05,276.05,3253
FSL,2026-05-26 14:00:00,276.13,276.16,275.85,275.93,2975
FSL,2026-05-26 14:01:00,275.96,276.0,275.7,276.0,3967
FSL,2026-05-26 14:02:00,275.8,276.05,275.79,275.99,9794
FSL,2026-05-26 14:03:00,275.99,276.0,275.85,275.85,2486
FSL,2026-05-26 14:04:00,275.72,276.0,275.6,275.9,16978
FSL,2026-05-26 14:05:00,276.0,276.0,275.55,275.61,4533
FSL,2026-05-26 14:06:00,275.76,276.0,275.67,276.0,7611
FSL,2026-05-26 14:07:00,276.0,276.0,275.87,276.0,2071
FSL,2026-05-26 14:08:00,276.0,276.29,275.88,276.29,7373
FSL,2026-05-26 14:09:00,276.43,276.45,276.13,276.33,14406
FSL,2026-05-26 14:10:00,276.09,276.13,275.87,276.0,3176
FSL,2026-05-26 14:11:00,276.0,276.03,275.88,276.03,1780
FSL,2026-05-26 14:12:00,276.05,276.23,275.92,276.11,2235
FSL,2026-05-26 14:13:00,276.11,276.4,276.11,276.35,2030
FSL,2026-05-26 14:14:00,276.4,276.4,276.23,276.4,1764
FSL,2026-05-26 14:15:00,276.4,276.4,276.19,276.39,2223
FSL,2026-05-26 14:16:00,276.39,276.68,276.3,276.67,1677
FSL,2026-05-26 14:17:00,276.67,276.85,276.14,276.14,6090
FSL,2026-05-26 14:18:00,276.14,276.54,276.14,276.54,2805
FSL,2026-05-26 14:19:00,276.54,276.68,276.25,276.35,5507
FSL,2026-05-26 14:20:00,276.5,276.5,276.0,276.42,5995
FSL,2026-05-26 14:21:00,276.42,276.5,276.32,276.35,1664
FSL,2026-05-26 14:22:00,276.34,276.5,276.33,276.5,1571
FSL,2026-05-26 14:23:00,276.5,276.5,276.29,276.4,1073
FSL,2026-05-26 14:24:00,276.3,276.5,276.22,276.36,3180
FSL,2026-05-26 14:25:00,276.33,276.39,276.05,276.19,2642
FSL,2026-05-26 14:26:00,276.19,276.5,276.19,276.47,1912
FSL,2026-05-26 14:27:00,276.53,276.56,276.24,276.35,20017
FSL,2026-05-26 14:28:00,276.36,276.6,276.36,276.6,1673
FSL,2026-05-26 14:29:00,276.6,276.6,276.48,276.6,1888
FSL,2026-05-26 14:30:00,276.6,276.69,276.46,276.67,1594
FSL,2026-05-26 14:31:00,276.67,276.7,276.31,276.5,2431
FSL,2026-05-26 14:32:00,276.53,276.53,276.25,276.25,2174
FSL,2026-05-26 14:33:00,276.25,276.54,276.1,276.2,2180
FSL,2026-05-26 14:34:00,276.2,276.35,276.13,276.2,2081
FSL,2026-05-26 14:35:00,276.3,276.35,276.04,276.25,2419
FSL,2026-05-26 14:36:00,276.04,276.5,275.8,276.37,24135
FSL,2026-05-26 14:37:00,276.24,276.32,275.95,276.21,2395
FSL,2026-05-26 14:38:00,276.06,276.26,276.0,276.25,2488
FSL,2026-05-26 14:39:00,276.25,276.29,275.98,276.29,2771
FSL,2026-05-26 14:40:00,276.29,276.29,275.99,275.99,2870
FSL,2026-05-26 14:41:00,276.08,276.2,275.95,276.0,686
FSL,2026-05-26 14:42:00,276.0,276.0,275.87,276.0,575
FSL,2026-05-26 14:43:00,276.0,276.25,275.99,276.05,1099
FSL,2026-05-26 14:44:00,276.19,276.2,275.91,276.04,1597
FSL,2026-05-26 14:45:00,276.04,276.04,275.9,276.03,203
FSL,2026-05-26 14:46:00,276.03,276.03,275.85,275.86,1814
FSL,2026-05-26 14:47:00,275.86,276.04,275.86,275.98,811
FSL,2026-05-26 14:48:00,275.88,276.08,275.88,275.89,7670
FSL,2026-05-26 14:49:00,275.97,276.05,275.85,275.92,1337
FSL,2026-05-26 14:50:00,275.92,276.04,275.85,275.9,1298
FSL,2026-05-26 14:51:00,275.9,276.42,275.86,276.15,7023
FSL,2026-05-26 14:52:00,276.15,276.42,276.15,276.36,154
FSL,2026-05-26 14:53:00,276.3,276.42,276.3,276.42,632
FSL,2026-05-26 14:54:00,276.33,276.39,276.33,276.39,746
FSL,2026-05-26 14:55:00,276.33,276.39,276.16,276.33,965
FSL,2026-05-26 14:56:00,276.33,276.33,276.23,276.3,1336
FSL,2026-05-26 14:57:00,276.39,276.39,276.26,276.34,838
FSL,2026-05-26 14:58:00,276.34,277.0,276.34,276.95,16327
FSL,2026-05-26 14:59:00,276.95,277.4,276.95,277.4,3638
FSL,2026-05-26 15:00:00,277.29,277.29,276.96,277.09,6726
FSL,2026-05-26 15:01:00,277.13,277.16,276.93,277.01,1744
FSL,2026-05-26 15:02:00,276.95,277.14,276.9,277.14,3890
FSL,2026-05-26 15:03:00,277.14,277.29,277.05,277.12,2927
FSL,2026-05-26 15:04:00,277.12,277.29,277.02,277.02,2736
FSL,2026-05-26 15:05:00,277.02,277.09,277.0,277.07,7138
FSL,2026-05-26 15:06:00,277.22,277.59,277.11,277.39,14649
FSL,2026-05-26 15:07:00,277.39,277.39,277.13,277.21,1496
FSL,2026-05-26 15:08:00,277.3,277.34,277.19,277.26,869
FSL,2026-05-26 15:09:00,277.11,277.67,277.11,277.59,32360
FSL,2026-05-26 15:10:00,277.54,277.54,277.37,277.42,2328
FSL,2026-05-26 15:11:00,277.42,278.3,277.37,277.68,55897
FSL,2026-05-26 15:12:00,277.68,278.05,277.44,277.72,89846
FSL,2026-05-26 15:13:00,277.74,277.99,277.22,277.49,4113
FSL,2026-05-26 15:14:00,277.49,277.63,277.05,277.23,7192
FSL,2026-05-26 15:15:00,277.22,277.72,277.05,277.5,9058
FSL,2026-05-26 15:16:00,277.52,277.8,277.52,277.65,13060
FSL,2026-05-26 15:17:00,277.58,277.7,277.5,277.67,4923
FSL,2026-05-26 15:18:00,277.7,278.0,277.67,277.95,15881
FSL,2026-05-26 15:19:00,277.7,277.7,277.61,277.65,4658
FSL,2026-05-26 15:20:00,277.7,277.86,277.55,277.73,13102
FSL,2026-05-26 15:21:00,277.7,277.7,277.05,277.14,6224
FSL,2026-05-26 15:22:00,277.19,277.47,275.85,277.15,128422
FSL,2026-05-26 15:23:00,277.21,278.38,276.91,278.09,59353
FSL,2026-05-26 15:24:00,278.09,279.59,277.88,279.35,59853
FSL,2026-05-26 15:25:00,279.35,280.2,276.57,277.51,399333
FSL,2026-05-26 15:26:00,277.82,279.92,275.96,276.1,466599
FSL,2026-05-26 15:27:00,275.95,276.29,275.12,275.58,27027
FSL,2026-05-26 15:28:00,274.66,274.88,273.55,274.71,40106
FSL,2026-05-26 15:29:00,274.71,276.8,274.25,275.5,24499
FSL,2026-05-27 09:15:00,275.5,276.34,271.0,272.95,35953
FSL,2026-05-27 09:16:00,273.08,273.31,272.2,272.2,18380
FSL,2026-05-27 09:17:00,272.3,272.38,271.23,271.7,27559
FSL,2026-05-27 09:18:00,271.69,271.83,270.26,270.59,21433
FSL,2026-05-27 09:19:00,270.29,270.29,268.1,268.68,70179
FSL,2026-05-27 09:20:00,268.86,268.99,267.61,267.83,52355
FSL,2026-05-27 09:21:00,267.83,268.28,267.1,268.14,23619
FSL,2026-05-27 09:22:00,268.14,268.48,268.0,268.0,29915
FSL,2026-05-27 09:23:00,268.01,268.57,268.0,268.43,27901
FSL,2026-05-27 09:24:00,268.5,268.5,267.3,267.3,33296
FSL,2026-05-27 09:25:00,267.11,267.11,266.01,266.02,47433
FSL,2026-05-27 09:26:00,266.02,266.69,265.8,265.8,38139
FSL,2026-05-27 09:27:00,265.98,266.33,265.61,266.15,18853
FSL,2026-05-27 09:28:00,265.98,266.39,265.57,266.25,17132
FSL,2026-05-27 09:29:00,266.53,267.06,266.5,266.52,23759
FSL,2026-05-27 09:30:00,266.57,266.83,266.31,266.47,14550
FSL,2026-05-27 09:31:00,266.3,266.3,266.1,266.3,11393
FSL,2026-05-27 09:32:00,266.13,266.14,265.5,265.94,22625
FSL,2026-05-27 09:33:00,265.97,266.08,265.9,266.08,6855
FSL,2026-05-27 09:34:00,265.87,266.1,265.8,266.1,12143
FSL,2026-05-27 09:35:00,266.13,266.47,266.09,266.36,13992
FSL,2026-05-27 09:36:00,266.41,266.5,266.1,266.1,16407
FSL,2026-05-27 09:37:00,266.23,266.62,266.13,266.6,10499
FSL,2026-05-27 09:38:00,266.62,266.85,266.47,266.7,6181
FSL,2026-05-27 09:39:00,266.7,266.85,266.54,266.85,6943
FSL,2026-05-27 09:40:00,267.14,267.2,266.8,266.86,26689
FSL,2026-05-27 09:41:00,266.83,267.06,266.75,266.8,9131
FSL,2026-05-27 09:42:00,266.8,267.0,266.64,267.0,7429
FSL,2026-05-27 09:43:00,266.84,267.09,266.68,266.68,24731
FSL,2026-05-27 09:44:00,268.15,268.33,267.03,267.25,63604
FSL,2026-05-27 09:45:00,267.25,267.94,266.99,267.6,12643
FSL,2026-05-27 09:46:00,267.5,267.95,267.2,267.95,10132
FSL,2026-05-27 09:47:00,267.95,268.11,267.85,268.0,4006
FSL,2026-05-27 09:48:00,267.95,268.0,267.7,267.74,20009
FSL,2026-05-27 09:49:00,267.92,268.27,267.89,268.27,9032
FSL,2026-05-27 09:50:00,268.05,268.2,268.05,268.05,9361
FSL,2026-05-27 09:51:00,268.05,268.15,267.9,267.9,4710
FSL,2026-05-27 09:52:00,268.04,268.06,267.9,267.9,5678
FSL,2026-05-27 09:53:00,268.09,268.2,268.0,268.09,11827
FSL,2026-05-27 09:54:00,268.0,269.2,268.0,269.2,25924
FSL,2026-05-27 09:55:00,269.22,269.35,269.06,269.06,15697
FSL,2026-05-27 09:56:00,269.06,269.15,268.76,268.8,3419
FSL,2026-05-27 09:57:00,268.77,268.96,268.57,268.69,12403
FSL,2026-05-27 09:58:00,268.6,269.16,268.6,268.82,11617
FSL,2026-05-27 09:59:00,268.82,269.13,268.43,268.53,6724
FSL,2026-05-27 10:00:00,268.5,268.75,268.5,268.58,7037
FSL,2026-05-27 10:01:00,268.54,268.76,268.5,268.6,3556
FSL,2026-05-27 10:02:00,268.69,268.79,268.6,268.78,4231
FSL,2026-05-27 10:03:00,268.78,268.79,268.6,268.77,3033
FSL,2026-05-27 10:04:00,268.67,268.9,268.62,268.87,2693
FSL,2026-05-27 10:05:00,268.77,268.88,268.77,268.88,979
FSL,2026-05-27 10:06:00,268.88,269.14,268.88,269.0,9352
FSL,2026-05-27 10:07:00,269.09,269.2,269.03,269.17,1801
FSL,2026-05-27 10:08:00,269.18,269.33,269.03,269.2,6443
FSL,2026-05-27 10:09:00,269.2,269.37,269.1,269.2,4187
FSL,2026-05-27 10:10:00,269.12,269.77,268.97,269.76,20682
FSL,2026-05-27 10:11:00,269.75,270.55,269.64,270.22,19626
FSL,2026-05-27 10:12:00,270.22,270.5,270.19,270.19,12452
FSL,2026-05-27 10:13:00,270.05,270.5,270.05,270.4,9234
FSL,2026-05-27 10:14:00,270.4,270.43,270.25,270.26,1940
FSL,2026-05-27 10:15:00,270.35,270.35,270.13,270.15,4386
FSL,2026-05-27 10:16:00,270.15,270.45,270.04,270.1,5370
FSL,2026-05-27 10:17:00,270.1,270.6,270.1,270.6,12051
FSL,2026-05-27 10:18:00,270.4,270.55,270.24,270.53,4807
FSL,2026-05-27 10:19:00,270.45,270.78,270.45,270.59,10958
FSL,2026-05-27 10:20:00,270.59,270.84,270.5,270.84,5289
FSL,2026-05-27 10:21:00,270.84,270.84,270.14,270.14,4202
FSL,2026-05-27 10:22:00,270.29,270.35,270.08,270.08,4214
FSL,2026-05-27 10:23:00,270.08,270.33,270.08,270.1,4982
FSL,2026-05-27 10:24:00,270.1,270.44,270.1,270.44,4185
FSL,2026-05-27 10:25:00,270.44,270.44,270.21,270.26,1096
FSL,2026-05-27 10:26:00,270.21,270.26,270.21,270.26,720
FSL,2026-05-27 10:27:00,270.33,270.33,270.21,270.25,190
FSL,2026-05-27 10:28:00,270.2,270.2,270.04,270.05,1945
FSL,2026-05-27 10:29:00,270.05,270.19,270.0,270.18,3224
FSL,2026-05-27 10:30:00,270.03,270.19,270.03,270.15,2148
FSL,2026-05-27 10:31:00,270.06,270.19,270.03,270.03,2370
FSL,2026-05-27 10:32:00,270.04,270.25,270.04,270.09,10235
FSL,2026-05-27 10:33:00,270.07,270.24,270.07,270.24,2491
FSL,2026-05-27 10:34:00,270.24,270.4,270.2,270.27,4424
FSL,2026-05-27 10:35:00,270.14,270.3,270.14,270.2,7357
FSL,2026-05-27 10:36:00,270.2,270.2,270.01,270.07,719
FSL,2026-05-27 10:37:00,270.18,270.19,270.0,270.18,3092
FSL,2026-05-27 10:38:00,270.19,270.19,270.0,270.07,5147
FSL,2026-05-27 10:39:00,270.0,270.01,270.0,270.0,2622
FSL,2026-05-27 10:40:00,270.0,270.14,270.0,270.04,9267
FSL,2026-05-27 10:41:00,270.04,270.35,270.04,270.27,2599
FSL,2026-05-27 10:42:00,270.27,270.29,270.01,270.27,3512
FSL,2026-05-27 10:43:00,270.27,270.27,269.99,270.0,5180
FSL,2026-05-27 10:44:00,270.0,270.1,269.99,270.05,5935
FSL,2026-05-27 10:45:00,270.05,270.07,268.64,268.9,14235
FSL,2026-05-27 10:46:00,268.9,269.47,268.38,268.4,22178
FSL,2026-05-27 10:47:00,268.4,268.42,268.0,268.02,14473
FSL,2026-05-27 10:48:00,268.02,268.05,267.9,268.02,7628
FSL,2026-05-27 10:49:00,268.02,268.51,268.02,268.43,9381
FSL,2026-05-27 10:50:00,268.43,268.44,268.23,268.31,5276
FSL,2026-05-27 10:51:00,268.31,268.5,268.29,268.29,2763
FSL,2026-05-27 10:52:00,268.29,268.4,268.2,268.2,3121
FSL,2026-05-27 10:53:00,268.2,268.2,267.8,268.05,9921
FSL,2026-05-27 10:54:00,268.0,268.31,268.0,268.29,3100
FSL,2026-05-27 10:55:00,268.29,268.62,268.21,268.59,4970
FSL,2026-05-27 10:56:00,268.59,268.62,268.43,268.5,10793
FSL,2026-05-27 10:57:00,268.59,268.59,268.58,268.58,3119
FSL,2026-05-27 10:58:00,268.58,268.59,268.58,268.59,1218
FSL,2026-05-27 10:59:00,268.59,268.95,268.59,268.66,1284
FSL,2026-05-27 11:00:00,268.66,268.75,268.66,268.75,604
FSL,2026-05-27 11:01:00,268.75,268.78,268.66,268.67,480
FSL,2026-05-27 11:02:00,268.67,268.67,268.56,268.56,1622
FSL,2026-05-27 11:03:00,268.56,268.65,268.43,268.43,2066
FSL,2026-05-27 11:04:00,268.43,268.55,268.4,268.43,124
FSL,2026-05-27 11:05:00,268.43,268.52,268.43,268.52,122
FSL,2026-05-27 11:06:00,268.56,268.92,268.53,268.81,1879
FSL,2026-05-27 11:07:00,268.81,268.95,268.43,268.58,2234
FSL,2026-05-27 11:08:00,268.58,268.61,268.45,268.45,950
FSL,2026-05-27 11:09:00,268.45,268.53,268.45,268.48,353
FSL,2026-05-27 11:10:00,268.7,268.7,268.46,268.47,6876
FSL,2026-05-27 11:11:00,268.59,268.59,268.4,268.4,2029
FSL,2026-05-27 11:12:00,268.41,268.5,268.41,268.5,1200
FSL,2026-05-27 11:13:00,268.5,268.5,268.36,268.36,1599
FSL,2026-05-27 11:14:00,268.36,268.36,268.31,268.31,1051
FSL,2026-05-27 11:15:00,268.31,268.36,268.3,268.36,580
FSL,2026-05-27 11:16:00,268.31,268.36,268.3,268.36,3010
FSL,2026-05-27 11:17:00,268.36,268.5,268.31,268.4,1468
FSL,2026-05-27 11:18:00,268.5,268.5,268.3,268.31,2726
FSL,2026-05-27 11:19:00,268.31,268.43,268.31,268.34,133
FSL,2026-05-27 11:20:00,268.34,268.71,268.34,268.65,6888
FSL,2026-05-27 11:21:00,268.53,268.75,268.53,268.57,1714
FSL,2026-05-27 11:22:00,268.53,268.55,268.34,268.55,611
FSL,2026-05-27 11:23:00,268.67,268.67,268.49,268.55,2479
FSL,2026-05-27 11:24:00,268.55,268.55,268.0,268.13,9384
FSL,2026-05-27 11:25:00,268.13,268.26,268.11,268.26,1311
FSL,2026-05-27 11:26:00,268.26,268.52,268.22,268.38,4491
FSL,2026-05-27 11:27:00,268.38,268.44,268.24,268.44,1201
FSL,2026-05-27 11:28:00,268.37,268.55,268.37,268.4,1471
FSL,2026-05-27 11:29:00,268.4,268.55,268.4,268.48,489
FSL,2026-05-27 11:30:00,268.48,268.51,268.46,268.51,1245
FSL,2026-05-27 11:31:00,268.51,268.55,268.4,268.54,1407
FSL,2026-05-27 11:32:00,268.54,268.54,268.32,268.43,3046
FSL,2026-05-27 11:33:00,268.48,268.48,268.35,268.39,1118
FSL,2026-05-27 11:34:00,268.39,268.45,268.16,268.25,6428
FSL,2026-05-27 11:35:00,268.25,268.25,267.92,267.92,761
FSL,2026-05-27 11:36:00,267.92,268.07,267.91,268.05,7525
FSL,2026-05-27 11:37:00,268.05,268.05,267.91,267.91,1207
FSL,2026-05-27 11:38:00,267.91,267.91,267.5,267.51,3920
FSL,2026-05-27 11:39:00,267.51,267.63,267.5,267.63,745
FSL,2026-05-27 11:40:00,267.56,267.63,267.56,267.56,1039
FSL,2026-05-27 11:41:00,267.7,268.1,267.67,268.03,4195
FSL,2026-05-27 11:42:00,268.03,268.1,267.96,267.97,1842
FSL,2026-05-27 11:43:00,267.97,268.2,267.97,268.0,1233
FSL,2026-05-27 11:44:00,268.0,268.05,267.92,267.92,2134
FSL,2026-05-27 11:45:00,267.92,268.0,267.91,267.92,1366
FSL,2026-05-27 11:46:00,267.92,268.03,267.91,267.94,1393
FSL,2026-05-27 11:47:00,268.03,268.03,267.67,267.77,4124
FSL,2026-05-27 11:48:00,267.77,267.88,267.77,267.77,2533
FSL,2026-05-27 11:49:00,267.77,267.77,267.67,267.67,1053
FSL,2026-05-27 11:50:00,267.67,267.8,267.66,267.8,889
FSL,2026-05-27 11:51:00,267.72,267.9,267.72,267.86,1171
FSL,2026-05-27 11:52:00,267.91,268.0,267.65,267.65,2540
FSL,2026-05-27 11:53:00,267.65,267.76,267.65,267.72,351
FSL,2026-05-27 11:54:00,267.72,267.84,267.3,267.3,8038
FSL,2026-05-27 11:55:00,267.48,267.5,267.41,267.48,3880
FSL,2026-05-27 11:56:00,267.4,267.42,267.1,267.34,8160
FSL,2026-05-27 11:57:00,267.34,267.42,267.2,267.28,439
FSL,2026-05-27 11:58:00,267.4,267.4,267.2,267.2,2041
FSL,2026-05-27 11:59:00,267.2,267.42,267.2,267.4,1875
FSL,2026-05-27 12:00:00,267.4,267.49,267.4,267.41,793
FSL,2026-05-27 12:01:00,267.41,267.5,267.41,267.44,1171
FSL,2026-05-27 12:02:00,267.44,267.44,267.15,267.19,2448
FSL,2026-05-27 12:03:00,267.19,267.38,267.19,267.3,1255
FSL,2026-05-27 12:04:00,267.3,267.3,267.1,267.1,1781
FSL,2026-05-27 12:05:00,267.1,267.55,267.1,267.48,5790
FSL,2026-05-27 12:06:00,267.65,267.65,267.23,267.35,1671
FSL,2026-05-27 12:07:00,267.35,267.69,267.35,267.69,937
FSL,2026-05-27 12:08:00,267.63,267.64,267.5,267.61,2218
FSL,2026-05-27 12:09:00,267.61,267.64,267.56,267.64,1947
FSL,2026-05-27 12:10:00,267.64,267.85,267.64,267.64,267
FSL,2026-05-27 12:11:00,267.68,267.79,267.58,267.79,1951
FSL,2026-05-27 12:12:00,267.79,267.79,267.65,267.67,318
FSL,2026-05-27 12:13:00,267.78,267.78,267.67,267.67,129
FSL,2026-05-27 12:14:00,267.67,267.95,267.67,267.84,1074
FSL,2026-05-27 12:15:00,267.84,267.93,267.45,267.45,19387
FSL,2026-05-27 12:16:00,267.45,267.53,267.45,267.45,403
FSL,2026-05-27 12:17:00,267.53,267.65,267.53,267.62,1912
FSL,2026-05-27 12:18:00,267.62,267.81,267.45,267.71,2145
FSL,2026-05-27 12:19:00,267.71,267.77,267.6,267.65,808
FSL,2026-05-27 12:20:00,267.65,267.8,267.64,267.64,1115
FSL,2026-05-27 12:21:00,267.64,267.65,267.64,267.65,1113
FSL,2026-05-27 12:22:00,267.65,267.69,267.65,267.69,973
FSL,2026-05-27 12:23:00,267.66,267.66,267.51,267.51,272
FSL,2026-05-27 12:24:00,267.6,267.6,267.5,267.58,1199
FSL,2026-05-27 12:25:00,267.58,267.58,267.52,267.58,130
FSL,2026-05-27 12:26:00,267.58,267.73,267.57,267.69,1144
FSL,2026-05-27 12:27:00,267.8,267.8,267.53,267.53,1552
FSL,2026-05-27 12:28:00,267.53,267.71,267.53,267.53,326
FSL,2026-05-27 12:29:00,267.53,267.53,267.1,267.1,3669
FSL,2026-05-27 12:30:00,267.1,267.24,267.1,267.24,1404
FSL,2026-05-27 12:31:00,267.24,267.24,267.11,267.13,906
FSL,2026-05-27 12:32:00,267.13,267.29,267.13,267.28,3372
FSL,2026-05-27 12:33:00,267.28,267.3,267.28,267.3,278
FSL,2026-05-27 12:34:00,267.36,267.44,267.32,267.33,1345
FSL,2026-05-27 12:35:00,267.33,267.33,267.17,267.33,71
FSL,2026-05-27 12:36:00,267.31,267.72,267.31,267.64,5873
FSL,2026-05-27 12:37:00,267.64,267.9,267.64,267.88,1753
FSL,2026-05-27 12:38:00,267.88,267.9,267.7,267.74,505
FSL,2026-05-27 12:39:00,267.79,267.86,267.79,267.86,302
FSL,2026-05-27 12:40:00,267.79,268.0,267.79,267.86,1795
FSL,2026-05-27 12:41:00,267.86,268.0,267.86,268.0,227
FSL,2026-05-27 12:42:00,268.0,268.15,267.9,268.15,3454
FSL,2026-05-27 12:43:00,268.16,268.23,268.02,268.21,1672
FSL,2026-05-27 12:44:00,268.21,268.26,268.05,268.19,2937
FSL,2026-05-27 12:45:00,268.19,268.39,268.19,268.38,1601
FSL,2026-05-27 12:46:00,268.4,268.4,268.2,268.2,3634
FSL,2026-05-27 12:47:00,268.2,268.31,268.2,268.2,828
FSL,2026-05-27 12:48:00,268.2,268.35,268.2,268.35,330
FSL,2026-05-27 12:49:00,268.36,268.64,268.35,268.41,6477
FSL,2026-05-27 12:50:00,268.41,268.61,268.41,268.47,932
FSL,2026-05-27 12:51:00,268.47,268.68,268.47,268.57,3443
FSL,2026-05-27 12:52:00,268.5,268.53,268.34,268.41,3401
FSL,2026-05-27 12:53:00,268.41,268.41,268.2,268.4,2620
FSL,2026-05-27 12:54:00,268.4,268.4,268.33,268.4,758
FSL,2026-05-27 12:55:00,268.4,268.4,268.35,268.35,226
FSL,2026-05-27 12:56:00,268.35,268.98,268.35,268.98,3287
FSL,2026-05-27 12:57:00,268.98,269.0,268.85,268.85,6575
FSL,2026-05-27 12:58:00,268.95,268.95,268.86,268.86,891
FSL,2026-05-27 12:59:00,268.86,268.86,268.51,268.58,3414
FSL,2026-05-27 13:00:00,268.58,268.72,268.58,268.7,772
FSL,2026-05-27 13:01:00,268.7,268.7,268.41,268.7,880
FSL,2026-05-27 13:02:00,268.7,268.75,268.66,268.75,607
FSL,2026-05-27 13:03:00,268.81,268.99,268.81,268.84,3088
FSL,2026-05-27 13:04:00,268.84,268.84,268.75,268.75,1890
FSL,2026-05-27 13:05:00,268.75,268.84,268.75,268.77,96
FSL,2026-05-27 13:06:00,268.77,268.98,268.77,268.92,1045
FSL,2026-05-27 13:07:00,268.81,268.92,268.55,268.57,1356
FSL,2026-05-27 13:08:00,268.57,268.72,268.57,268.61,808
FSL,2026-05-27 13:09:00,268.5,268.5,268.32,268.32,1930
FSL,2026-05-27 13:10:00,268.32,268.45,268.25,268.29,2820
FSL,2026-05-27 13:11:00,268.4,268.44,268.4,268.44,147
FSL,2026-05-27 13:12:00,268.44,268.52,268.44,268.45,554
FSL,2026-05-27 13:13:00,268.45,268.64,268.45,268.58,1076
FSL,2026-05-27 13:14:00,268.58,268.58,268.53,268.58,885
FSL,2026-05-27 13:15:00,268.58,268.64,268.22,268.22,3299
FSL,2026-05-27 13:16:00,268.22,268.33,268.22,268.28,175
FSL,2026-05-27 13:17:00,268.28,268.41,268.28,268.28,288
FSL,2026-05-27 13:18:00,268.28,268.53,268.28,268.53,639
FSL,2026-05-27 13:19:00,268.61,268.75,268.61,268.65,1112
FSL,2026-05-27 13:20:00,268.65,268.8,268.65,268.8,6836
FSL,2026-05-27 13:21:00,268.75,268.92,268.75,268.75,1971
FSL,2026-05-27 13:22:00,268.8,268.8,268.57,268.67,1004
FSL,2026-05-27 13:23:00,268.67,268.8,268.67,268.8,607
FSL,2026-05-27 13:24:00,268.7,268.98,268.7,268.84,7355
FSL,2026-05-27 13:25:00,268.84,268.85,268.67,268.71,704
FSL,2026-05-27 13:26:00,268.71,268.85,268.71,268.76,1040
FSL,2026-05-27 13:27:00,268.76,268.93,268.76,268.93,1130
FSL,2026-05-27 13:28:00,268.93,269.0,268.76,268.79,3906
FSL,2026-05-27 13:29:00,268.79,268.83,268.79,268.83,529
FSL,2026-05-27 13:30:00,268.83,268.9,268.83,268.9,704
FSL,2026-05-27 13:31:00,268.9,268.9,268.85,268.87,414
FSL,2026-05-27 13:32:00,268.87,269.15,268.87,269.05,1344
FSL,2026-05-27 13:33:00,269.05,269.1,268.87,269.01,527
FSL,2026-05-27 13:34:00,269.01,269.1,269.01,269.07,886
FSL,2026-05-27 13:35:00,269.07,269.23,269.07,269.23,765
FSL,2026-05-27 13:36:00,269.11,269.14,268.88,269.0,6975
FSL,2026-05-27 13:37:00,269.0,269.01,268.79,268.79,1121
FSL,2026-05-27 13:38:00,268.79,268.92,268.75,268.78,617
FSL,2026-05-27 13:39:00,268.78,268.78,268.52,268.68,4828
FSL,2026-05-27 13:40:00,268.72,268.79,268.7,268.75,578
FSL,2026-05-27 13:41:00,268.75,268.95,268.75,268.91,2652
FSL,2026-05-27 13:42:00,268.91,268.95,268.8,268.84,307
FSL,2026-05-27 13:43:00,268.91,268.91,268.58,268.59,2866
FSL,2026-05-27 13:44:00,268.69,268.69,268.59,268.62,37
FSL,2026-05-27 13:45:00,268.69,268.87,268.69,268.86,457
FSL,2026-05-27 13:46:00,268.86,269.15,268.76,268.92,3275
FSL,2026-05-27 13:47:00,268.92,268.92,268.8,268.92,318
FSL,2026-05-27 13:48:00,268.7,268.91,268.61,268.61,2293
FSL,2026-05-27 13:49:00,268.61,268.69,268.61,268.61,34
FSL,2026-05-27 13:50:00,268.61,268.75,268.61,268.75,1349
FSL,2026-05-27 13:51:00,268.75,268.75,268.75,268.75,468
FSL,2026-05-27 13:52:00,268.75,268.86,268.75,268.75,1380
FSL,2026-05-27 13:53:00,268.75,268.89,268.56,268.84,4354
FSL,2026-05-27 13:54:00,268.84,268.89,268.84,268.84,1450
FSL,2026-05-27 13:55:00,268.84,268.84,265.72,265.89,70194
FSL,2026-05-27 13:56:00,265.89,266.24,265.64,266.0,6776
FSL,2026-05-27 13:57:00,266.0,266.42,265.98,266.28,9357
FSL,2026-05-27 13:58:00,266.28,266.61,266.28,266.45,2464
FSL,2026-05-27 13:59:00,266.56,266.69,266.42,266.69,3677
FSL,2026-05-27 14:00:00,266.67,267.11,266.65,267.0,7604
FSL,2026-05-27 14:01:00,267.11,267.11,266.61,266.61,4776
FSL,2026-05-27 14:02:00,266.61,266.61,266.39,266.41,9086
FSL,2026-05-27 14:03:00,266.6,266.6,266.09,266.31,18187
FSL,2026-05-27 14:04:00,266.31,266.49,266.21,266.49,2686
FSL,2026-05-27 14:05:00,266.35,266.52,266.35,266.45,3104
FSL,2026-05-27 14:06:00,266.45,266.57,266.4,266.51,1982
FSL,2026-05-27 14:07:00,266.51,266.6,266.5,266.6,1038
FSL,2026-05-27 14:08:00,266.6,266.71,266.41,266.62,9566
FSL,2026-05-27 14:09:00,266.62,266.76,266.59,266.72,1790
FSL,2026-05-27 14:10:00,266.72,266.83,265.62,265.7,38343
FSL,2026-05-27 14:11:00,265.62,265.62,265.12,265.2,12852
FSL,2026-05-27 14:12:00,265.25,265.43,265.18,265.43,8991
FSL,2026-05-27 14:13:00,265.43,265.5,265.22,265.32,2137
FSL,2026-05-27 14:14:00,265.32,265.34,265.22,265.34,2565
FSL,2026-05-27 14:15:00,265.34,265.58,265.34,265.58,3034
FSL,2026-05-27 14:16:00,265.58,265.72,265.58,265.58,2202
FSL,2026-05-27 14:17:00,265.58,265.69,265.56,265.68,1330
FSL,2026-05-27 14:18:00,265.41,265.68,265.41,265.62,8774
FSL,2026-05-27 14:19:00,265.75,265.8,265.59,265.68,3457
FSL,2026-05-27 14:20:00,265.68,265.8,265.68,265.7,1417
FSL,2026-05-27 14:21:00,265.7,265.8,265.65,265.65,4031
FSL,2026-05-27 14:22:00,265.71,265.8,265.64,265.69,2797
FSL,2026-05-27 14:23:00,265.69,265.8,265.68,265.79,6229
FSL,2026-05-27 14:24:00,265.75,265.8,265.7,265.8,2641
FSL,2026-05-27 14:25:00,265.8,265.8,265.7,265.8,1999
FSL,2026-05-27 14:26:00,265.8,265.8,265.75,265.8,2937
FSL,2026-05-27 14:27:00,265.8,265.89,265.75,265.76,2915
FSL,2026-05-27 14:28:00,265.76,265.8,265.6,265.71,5632
FSL,2026-05-27 14:29:00,265.7,265.71,265.6,265.71,335
FSL,2026-05-27 14:30:00,265.71,265.72,265.6,265.72,1191
FSL,2026-05-27 14:31:00,265.72,265.72,265.65,265.67,1102
FSL,2026-05-27 14:32:00,265.67,265.74,265.67,265.74,1066
FSL,2026-05-27 14:33:00,265.71,265.8,265.61,265.72,1721
FSL,2026-05-27 14:34:00,265.72,265.72,265.6,265.64,493
FSL,2026-05-27 14:35:00,265.64,265.72,265.64,265.7,881
FSL,2026-05-27 14:36:00,265.7,265.75,265.6,265.61,1902
FSL,2026-05-27 14:37:00,265.61,265.78,265.6,265.72,1464
FSL,2026-05-27 14:38:00,265.72,265.82,265.72,265.75,6354
FSL,2026-05-27 14:39:00,265.75,265.79,265.5,265.5,5249
FSL,2026-05-27 14:40:00,265.6,265.67,265.51,265.51,2903
FSL,2026-05-27 14:41:00,265.51,265.6,265.51,265.51,1701
FSL,2026-05-27 14:42:00,265.6,265.64,265.31,265.55,7610
FSL,2026-05-27 14:43:00,265.67,265.73,265.5,265.51,6410
FSL,2026-05-27 14:44:00,265.51,265.68,265.51,265.68,731
FSL,2026-05-27 14:45:00,265.68,265.8,265.57,265.76,2031
FSL,2026-05-27 14:46:00,265.76,265.8,265.75,265.75,970
FSL,2026-05-27 14:47:00,265.75,265.8,265.73,265.77,1633
FSL,2026-05-27 14:48:00,265.73,265.8,265.72,265.8,1571
FSL,2026-05-27 14:49:00,265.74,265.8,265.74,265.76,3333
FSL,2026-05-27 14:50:00,265.76,266.05,265.75,265.75,8518
FSL,2026-05-27 14:51:00,265.75,265.8,265.75,265.77,4078
FSL,2026-05-27 14:52:00,265.78,269.01,265.78,269.01,35490
FSL,2026-05-27 14:53:00,269.7,269.7,267.49,267.7,104845
FSL,2026-05-27 14:54:00,267.71,267.71,265.2,265.5,71924
FSL,2026-05-27 14:55:00,265.71,266.15,265.65,266.0,6347
FSL,2026-05-27 14:56:00,266.0,266.14,265.65,265.65,11218
FSL,2026-05-27 14:57:00,265.65,265.99,265.65,265.9,2938
FSL,2026-05-27 14:58:00,265.92,265.99,265.5,265.5,11618
FSL,2026-05-27 14:59:00,265.49,265.77,265.49,265.76,5835
FSL,2026-05-27 15:00:00,265.75,265.8,265.6,265.72,20542
FSL,2026-05-27 15:01:00,265.74,265.8,265.6,265.79,3184
FSL,2026-05-27 15:02:00,265.79,265.8,265.68,265.8,8473
FSL,2026-05-27 15:03:00,265.72,265.84,265.61,265.8,8739
FSL,2026-05-27 15:04:00,265.78,265.8,265.62,265.76,9331
FSL,2026-05-27 15:05:00,265.76,265.8,265.55,265.55,9474
FSL,2026-05-27 15:06:00,265.61,265.79,265.4,265.79,10150
FSL,2026-05-27 15:07:00,265.67,265.79,265.61,265.74,8677
FSL,2026-05-27 15:08:00,265.65,265.8,265.59,265.59,23590
FSL,2026-05-27 15:09:00,265.56,265.76,265.2,265.76,22053
FSL,2026-05-27 15:10:00,265.59,265.59,265.21,265.21,26144
FSL,2026-05-27 15:11:00,265.2,265.2,265.0,265.0,24697
FSL,2026-05-27 15:12:00,265.0,265.13,265.0,265.05,6159
FSL,2026-05-27 15:13:00,264.95,264.95,263.7,263.7,25823
FSL,2026-05-27 15:14:00,264.33,264.86,264.09,264.7,33347
FSL,2026-05-27 15:15:00,264.7,265.12,264.52,265.12,15682
FSL,2026-05-27 15:16:00,265.0,265.0,264.44,264.78,6872
FSL,2026-05-27 15:17:00,264.47,264.91,264.47,264.56,9346
FSL,2026-05-27 15:18:00,264.65,264.65,264.19,264.38,16890
FSL,2026-05-27 15:19:00,264.38,264.67,264.02,264.61,10819
FSL,2026-05-27 15:20:00,264.48,264.48,264.23,264.44,11096
FSL,2026-05-27 15:21:00,264.4,264.44,264.0,264.0,7003
FSL,2026-05-27 15:22:00,264.0,265.0,264.0,264.91,10293
FSL,2026-05-27 15:23:00,264.91,264.91,264.5,264.6,7350
FSL,2026-05-27 15:24:00,264.6,264.66,264.5,264.66,16302
FSL,2026-05-27 15:25:00,264.53,264.77,264.51,264.6,13546
FSL,2026-05-27 15:26:00,264.65,264.75,264.65,264.73,6411
FSL,2026-05-27 15:27:00,264.73,264.75,264.65,264.65,8792
FSL,2026-05-27 15:28:00,264.6,264.65,264.5,264.6,8432
FSL,2026-05-27 15:29:00,264.6,264.6,263.17,264.2,21937
FSL,2026-05-29 09:15:00,266.0,267.33,265.28,265.28,41831
FSL,2026-05-29 09:16:00,265.65,266.42,265.26,265.62,46772
FSL,2026-05-29 09:17:00,265.42,265.59,264.34,264.63,18626
FSL,2026-05-29 09:18:00,264.61,265.34,264.61,264.73,15480
FSL,2026-05-29 09:19:00,264.57,264.66,263.35,263.64,34152
FSL,2026-05-29 09:20:00,263.64,264.02,263.09,263.86,16196
FSL,2026-05-29 09:21:00,263.92,264.13,263.62,263.78,6515
FSL,2026-05-29 09:22:00,263.72,263.86,263.37,263.59,7049
FSL,2026-05-29 09:23:00,263.64,263.7,263.15,263.26,5271
FSL,2026-05-29 09:24:00,263.35,263.58,263.35,263.58,6264
FSL,2026-05-29 09:25:00,263.5,263.79,263.5,263.71,2428
FSL,2026-05-29 09:26:00,263.67,263.69,263.1,263.39,7770
FSL,2026-05-29 09:27:00,263.13,263.55,263.13,263.22,5113
FSL,2026-05-29 09:28:00,263.11,263.24,262.8,262.8,6195
FSL,2026-05-29 09:29:00,262.84,262.84,262.03,262.3,5512
FSL,2026-05-29 09:30:00,262.47,262.49,261.29,261.31,20500
FSL,2026-05-29 09:31:00,261.43,261.5,261.13,261.31,11224
FSL,2026-05-29 09:32:00,261.31,261.9,261.31,261.78,11979
FSL,2026-05-29 09:33:00,261.8,262.2,261.68,262.1,27728
FSL,2026-05-29 09:34:00,261.92,262.3,261.92,262.23,4679
FSL,2026-05-29 09:35:00,262.11,262.87,262.01,262.74,3357
FSL,2026-05-29 09:36:00,262.83,262.83,262.51,262.69,6158
FSL,2026-05-29 09:37:00,262.72,263.3,262.72,263.3,7467
FSL,2026-05-29 09:38:00,263.16,263.47,262.52,262.67,7225
FSL,2026-05-29 09:39:00,262.87,262.94,262.51,262.57,3036
FSL,2026-05-29 09:40:00,262.6,263.22,262.6,263.0,3566
FSL,2026-05-29 09:41:00,262.75,262.94,262.71,262.9,2785
FSL,2026-05-29 09:42:00,262.51,262.51,262.1,262.36,7908
FSL,2026-05-29 09:43:00,262.34,262.4,262.18,262.25,1354
FSL,2026-05-29 09:44:00,262.25,262.25,261.61,261.61,9205
FSL,2026-05-29 09:45:00,261.92,262.56,261.58,262.56,6094
FSL,2026-05-29 09:46:00,262.36,263.12,262.36,263.12,7812
FSL,2026-05-29 09:47:00,263.04,263.32,262.9,262.9,1614
FSL,2026-05-29 09:48:00,262.97,263.21,262.63,263.21,2837
FSL,2026-05-29 09:49:00,263.21,263.5,263.16,263.47,6130
FSL,2026-05-29 09:50:00,263.45,263.6,263.34,263.41,1931
FSL,2026-05-29 09:51:00,263.73,264.25,263.65,264.25,14974
FSL,2026-05-29 09:52:00,264.05,264.05,263.81,263.92,7107
FSL,2026-05-29 09:53:00,263.73,263.95,263.73,263.73,5527
FSL,2026-05-29 09:54:00,263.73,263.95,263.4,263.4,3581
FSL,2026-05-29 09:55:00,263.39,263.46,263.34,263.46,1040
FSL,2026-05-29 09:56:00,263.46,263.51,263.01,263.01,7874
FSL,2026-05-29 09:57:00,263.02,263.36,263.0,263.02,672
FSL,2026-05-29 09:58:00,262.77,263.39,262.77,262.98,15745
FSL,2026-05-29 09:59:00,262.95,262.95,262.7,262.89,562
FSL,2026-05-29 10:00:00,262.93,263.83,262.93,263.57,8954
FSL,2026-05-29 10:01:00,263.57,263.57,263.22,263.24,2113
FSL,2026-05-29 10:02:00,263.38,264.46,263.14,264.21,9601
FSL,2026-05-29 10:03:00,264.06,264.33,263.85,264.01,2031
FSL,2026-05-29 10:04:00,264.03,264.77,264.03,264.33,8645
FSL,2026-05-29 10:05:00,264.15,264.4,264.14,264.14,4176
FSL,2026-05-29 10:06:00,264.14,264.41,264.14,264.41,1071
FSL,2026-05-29 10:07:00,264.41,264.48,264.22,264.36,2044
FSL,2026-05-29 10:08:00,264.24,264.47,264.24,264.41,1464
FSL,2026-05-29 10:09:00,264.38,264.41,264.25,264.4,3026
FSL,2026-05-29 10:10:00,264.49,264.75,264.39,264.68,4087
FSL,2026-05-29 10:11:00,264.68,264.68,264.29,264.29,1118
FSL,2026-05-29 10:12:00,264.25,264.36,264.01,264.03,926
FSL,2026-05-29 10:13:00,264.03,264.2,264.0,264.01,711
FSL,2026-05-29 10:14:00,264.01,264.29,264.01,264.15,366
FSL,2026-05-29 10:15:00,264.15,264.29,264.1,264.23,205
FSL,2026-05-29 10:16:00,264.1,264.38,264.1,264.38,1417
FSL,2026-05-29 10:17:00,264.44,264.88,264.44,264.88,2732
FSL,2026-05-29 10:18:00,264.78,264.96,264.44,264.96,8602
FSL,2026-05-29 10:19:00,264.85,265.33,264.84,265.33,6539
FSL,2026-05-29 10:20:00,265.12,265.42,265.12,265.28,5325
FSL,2026-05-29 10:21:00,265.26,265.69,265.22,265.23,17193
FSL,2026-05-29 10:22:00,265.2,265.25,265.01,265.09,2849
FSL,2026-05-29 10:23:00,265.04,265.1,264.88,265.1,1514
FSL,2026-05-29 10:24:00,265.11,265.16,265.03,265.1,2799
FSL,2026-05-29 10:25:00,265.15,265.4,264.87,265.4,5528
FSL,2026-05-29 10:26:00,265.28,265.46,265.16,265.38,1404
FSL,2026-05-29 10:27:00,265.39,265.73,265.21,265.21,10825
FSL,2026-05-29 10:28:00,265.19,265.2,264.56,264.66,3513
FSL,2026-05-29 10:29:00,264.62,264.75,264.33,264.46,7014
FSL,2026-05-29 10:30:00,264.46,264.51,264.3,264.3,891
FSL,2026-05-29 10:31:00,264.3,264.46,264.3,264.35,129
FSL,2026-05-29 10:32:00,264.33,264.33,264.24,264.33,806
FSL,2026-05-29 10:33:00,264.16,264.3,264.1,264.29,1229
FSL,2026-05-29 10:34:00,264.29,264.67,264.29,264.66,943
FSL,2026-05-29 10:35:00,264.66,264.94,264.66,264.67,604
FSL,2026-05-29 10:36:00,264.73,264.86,264.59,264.75,794
FSL,2026-05-29 10:37:00,264.75,264.85,264.62,264.74,1075
FSL,2026-05-29 10:38:00,264.74,264.78,264.68,264.74,1057
FSL,2026-05-29 10:39:00,264.69,264.74,264.57,264.61,800
FSL,2026-05-29 10:40:00,264.53,264.69,264.4,264.4,1210
FSL,2026-05-29 10:41:00,264.4,264.46,263.76,263.8,10803
FSL,2026-05-29 10:42:00,263.8,264.11,263.68,263.68,4715
FSL,2026-05-29 10:43:00,263.71,264.0,263.5,264.0,4914
FSL,2026-05-29 10:44:00,264.0,264.11,263.62,263.71,1008
FSL,2026-05-29 10:45:00,263.98,263.98,263.65,263.84,1625
FSL,2026-05-29 10:46:00,263.76,263.85,263.76,263.81,262
FSL,2026-05-29 10:47:00,263.81,263.84,263.66,263.82,873
FSL,2026-05-29 10:48:00,263.7,263.86,263.69,263.69,774
FSL,2026-05-29 10:49:00,263.65,263.7,263.54,263.64,217
FSL,2026-05-29 10:50:00,263.64,263.82,263.52,263.74,590
FSL,2026-05-29 10:51:00,263.74,263.85,263.61,263.63,422
FSL,2026-05-29 10:52:00,263.61,263.74,263.54,263.63,1049
FSL,2026-05-29 10:53:00,263.63,263.76,263.61,263.72,899
FSL,2026-05-29 10:54:00,263.72,263.8,263.62,263.66,403
FSL,2026-05-29 10:55:00,263.66,263.78,263.66,263.67,214
FSL,2026-05-29 10:56:00,263.67,263.78,263.67,263.71,163
FSL,2026-05-29 10:57:00,263.8,263.9,263.79,263.85,376
FSL,2026-05-29 10:58:00,263.9,263.9,263.85,263.85,454
FSL,2026-05-29 10:59:00,263.85,263.9,263.85,263.85,138
FSL,2026-05-29 11:00:00,263.9,264.0,263.85,264.0,193
FSL,2026-05-29 11:01:00,263.9,264.45,263.9,264.31,1784
FSL,2026-05-29 11:02:00,264.31,264.31,264.12,264.14,990
FSL,2026-05-29 11:03:00,264.03,264.14,264.0,264.0,255
FSL,2026-05-29 11:04:00,264.0,264.0,263.85,263.85,2122
FSL,2026-05-29 11:05:00,263.85,263.92,263.85,263.92,506
FSL,2026-05-29 11:06:00,263.86,264.04,263.85,264.04,733
FSL,2026-05-29 11:07:00,264.04,264.04,263.97,263.97,180
FSL,2026-05-29 11:08:00,264.04,264.14,263.98,263.98,443
FSL,2026-05-29 11:09:00,263.87,264.0,263.87,263.9,546
FSL,2026-05-29 11:10:00,264.0,264.0,263.85,263.85,1225
FSL,2026-05-29 11:11:00,263.85,263.96,263.85,263.95,595
FSL,2026-05-29 11:12:00,263.95,263.95,263.85,263.87,1889
FSL,2026-05-29 11:13:00,263.87,263.94,263.77,263.82,1471
FSL,2026-05-29 11:14:00,263.75,263.75,263.25,263.26,17332
FSL,2026-05-29 11:15:00,263.28,263.28,263.1,263.12,1660
FSL,2026-05-29 11:16:00,263.12,263.26,263.12,263.26,554
FSL,2026-05-29 11:17:00,263.13,263.64,263.13,263.64,2388
FSL,2026-05-29 11:18:00,263.63,263.95,263.63,263.95,3632
FSL,2026-05-29 11:19:00,263.83,263.98,263.65,263.65,1572
FSL,2026-05-29 11:20:00,263.65,263.71,263.55,263.56,2072
FSL,2026-05-29 11:21:00,263.56,264.05,263.56,264.05,3427
FSL,2026-05-29 11:22:00,264.04,264.14,263.92,264.0,1209
FSL,2026-05-29 11:23:00,264.0,264.22,263.87,264.22,2965
FSL,2026-05-29 11:24:00,264.02,264.12,263.95,263.95,136
FSL,2026-05-29 11:25:00,263.94,264.02,263.81,264.02,394
FSL,2026-05-29 11:26:00,264.01,264.01,263.81,263.81,277
FSL,2026-05-29 11:27:00,263.7,263.89,263.7,263.72,787
FSL,2026-05-29 11:28:00,263.72,263.88,263.7,263.73,433
FSL,2026-05-29 11:29:00,263.73,264.17,263.73,263.91,2913
FSL,2026-05-29 11:30:00,263.88,264.01,263.87,263.87,123
FSL,2026-05-29 11:31:00,263.87,264.01,263.84,263.87,174
FSL,2026-05-29 11:32:00,263.87,264.02,263.86,264.02,252
FSL,2026-05-29 11:33:00,263.88,264.0,263.74,263.8,766
FSL,2026-05-29 11:34:00,263.8,263.81,263.74,263.8,658
FSL,2026-05-29 11:35:00,263.8,263.83,263.67,263.7,276
FSL,2026-05-29 11:36:00,263.71,263.83,263.71,263.74,185
FSL,2026-05-29 11:37:00,263.74,263.91,263.72,263.76,551
FSL,2026-05-29 11:38:00,263.75,263.89,263.75,263.75,268
FSL,2026-05-29 11:39:00,263.75,263.97,263.75,263.83,295
FSL,2026-05-29 11:40:00,263.83,263.98,263.83,263.86,208
FSL,2026-05-29 11:41:00,263.86,264.0,263.75,263.87,3267
FSL,2026-05-29 11:42:00,263.87,263.87,263.75,263.75,305
FSL,2026-05-29 11:43:00,263.75,263.77,263.61,263.61,1091
FSL,2026-05-29 11:44:00,263.61,263.71,263.42,263.42,248
FSL,2026-05-29 11:45:00,263.42,263.61,263.42,263.42,1183
FSL,2026-05-29 11:46:00,263.42,263.42,263.2,263.2,883
FSL,2026-05-29 11:47:00,263.24,263.34,263.13,263.2,1207
FSL,2026-05-29 11:48:00,263.2,263.34,263.2,263.2,335
FSL,2026-05-29 11:49:00,263.2,263.39,263.2,263.36,895
FSL,2026-05-29 11:50:00,263.24,265.26,263.24,264.26,24195
FSL,2026-05-29 11:51:00,264.26,264.26,263.65,263.81,499
FSL,2026-05-29 11:52:00,263.8,263.81,263.66,263.68,1311
FSL,2026-05-29 11:53:00,263.8,263.9,263.62,263.9,794
FSL,2026-05-29 11:54:00,263.84,263.97,263.78,263.97,328
FSL,2026-05-29 11:55:00,263.82,263.97,263.4,263.48,6468
FSL,2026-05-29 11:56:00,263.5,263.94,263.5,263.94,419
FSL,2026-05-29 11:57:00,263.5,264.31,263.26,264.31,16904
FSL,2026-05-29 11:58:00,263.95,264.87,263.95,264.51,4223
FSL,2026-05-29 11:59:00,264.51,264.63,264.5,264.5,997
FSL,2026-05-29 12:00:00,264.5,264.63,264.5,264.5,429
FSL,2026-05-29 12:01:00,264.81,264.85,264.65,264.85,1616
FSL,2026-05-29 12:02:00,264.71,264.85,264.61,264.77,1206
FSL,2026-05-29 12:03:00,264.61,264.67,264.5,264.5,1106
FSL,2026-05-29 12:04:00,264.5,264.59,264.13,264.59,1863
FSL,2026-05-29 12:05:00,264.38,264.39,264.28,264.32,754
FSL,2026-05-29 12:06:00,264.19,264.25,263.73,263.73,1849
FSL,2026-05-29 12:07:00,263.64,263.76,263.6,263.76,678
FSL,2026-05-29 12:08:00,263.6,263.74,263.56,263.57,1281
FSL,2026-05-29 12:09:00,263.47,263.72,263.47,263.64,1837
FSL,2026-05-29 12:10:00,263.64,263.87,263.64,263.64,777
FSL,2026-05-29 12:11:00,263.64,263.79,263.64,263.67,344
FSL,2026-05-29 12:12:00,263.67,263.79,263.44,263.44,1005
FSL,2026-05-29 12:13:00,263.44,263.44,263.21,263.21,1639
FSL,2026-05-29 12:14:00,263.21,263.21,263.21,263.21,655
FSL,2026-05-29 12:15:00,263.1,263.22,263.05,263.05,1165
FSL,2026-05-29 12:16:00,263.1,263.1,263.05,263.05,173
FSL,2026-05-29 12:17:00,263.05,263.45,263.05,263.45,351
FSL,2026-05-29 12:18:00,263.45,263.66,263.45,263.46,636
FSL,2026-05-29 12:19:00,263.46,263.67,263.41,263.67,3755
FSL,2026-05-29 12:20:00,263.5,263.5,263.25,263.25,750
FSL,2026-05-29 12:21:00,263.25,263.7,263.25,263.49,2569
FSL,2026-05-29 12:22:00,263.46,263.63,263.46,263.56,3432
FSL,2026-05-29 12:23:00,263.56,263.67,263.56,263.56,268
FSL,2026-05-29 12:24:00,263.56,263.69,263.56,263.57,624
FSL,2026-05-29 12:25:00,263.56,263.83,263.56,263.6,1137
FSL,2026-05-29 12:26:00,263.6,263.85,263.6,263.75,3318
FSL,2026-05-29 12:27:00,263.75,264.0,263.75,264.0,754
FSL,2026-05-29 12:28:00,263.87,264.0,263.41,263.41,5816
FSL,2026-05-29 12:29:00,263.41,263.41,261.5,261.8,24815
FSL,2026-05-29 12:30:00,261.8,262.94,261.8,262.76,2537
FSL,2026-05-29 12:31:00,262.65,262.69,262.46,262.59,4935
FSL,2026-05-29 12:32:00,262.59,262.64,262.21,262.33,2859
FSL,2026-05-29 12:33:00,262.33,262.33,262.1,262.21,7399
FSL,2026-05-29 12:34:00,262.21,262.39,262.09,262.36,1363
FSL,2026-05-29 12:35:00,262.0,262.0,261.57,261.78,1843
FSL,2026-05-29 12:36:00,261.81,261.95,261.8,261.91,1863
FSL,2026-05-29 12:37:00,261.8,261.95,261.77,261.77,1384
FSL,2026-05-29 12:38:00,261.92,261.98,261.7,261.8,1100
FSL,2026-05-29 12:39:00,261.8,261.96,261.79,261.8,334
FSL,2026-05-29 12:40:00,261.8,261.92,261.8,261.8,254
FSL,2026-05-29 12:41:00,261.82,262.01,261.82,261.98,1128
FSL,2026-05-29 12:42:00,261.86,262.0,261.86,261.98,260
FSL,2026-05-29 12:43:00,261.98,261.98,261.85,261.85,1565
FSL,2026-05-29 12:44:00,261.98,262.39,261.86,262.1,11052
FSL,2026-05-29 12:45:00,262.1,262.24,261.97,262.13,618
FSL,2026-05-29 12:46:00,262.0,262.0,261.86,262.0,723
FSL,2026-05-29 12:47:00,261.89,262.0,261.86,262.0,608
FSL,2026-05-29 12:48:00,262.0,262.1,261.9,261.91,568
FSL,2026-05-29 12:49:00,261.91,262.11,261.9,261.94,190
FSL,2026-05-29 12:50:00,262.09,262.09,261.7,261.7,4088
FSL,2026-05-29 12:51:00,261.61,261.61,261.5,261.5,1864
FSL,2026-05-29 12:52:00,261.5,261.62,261.5,261.5,1284
FSL,2026-05-29 12:53:00,261.5,261.83,261.41,261.82,2093
FSL,2026-05-29 12:54:00,261.74,261.95,261.74,261.82,845
FSL,2026-05-29 12:55:00,261.82,261.95,261.72,261.95,344
FSL,2026-05-29 12:56:00,261.93,263.24,261.67,262.62,20053
FSL,2026-05-29 12:57:00,262.62,262.64,262.15,262.43,2206
FSL,2026-05-29 12:58:00,262.47,262.78,262.47,262.61,4389
FSL,2026-05-29 12:59:00,262.6,262.76,262.39,262.39,1181
FSL,2026-05-29 13:00:00,262.55,262.55,262.15,262.15,324
FSL,2026-05-29 13:01:00,262.15,262.68,262.15,262.68,2227
FSL,2026-05-29 13:02:00,262.45,262.76,262.45,262.74,2397
FSL,2026-05-29 13:03:00,262.71,262.72,262.49,262.49,1391
FSL,2026-05-29 13:04:00,262.49,262.67,262.41,262.42,346
FSL,2026-05-29 13:05:00,262.42,262.54,262.33,262.41,259
FSL,2026-05-29 13:06:00,262.41,262.57,262.41,262.52,5825
FSL,2026-05-29 13:07:00,262.41,262.41,262.2,262.2,1520
FSL,2026-05-29 13:08:00,262.2,262.3,262.2,262.2,251
FSL,2026-05-29 13:09:00,262.25,262.25,262.05,262.08,2050
FSL,2026-05-29 13:10:00,262.08,262.29,262.04,262.15,1924
FSL,2026-05-29 13:11:00,262.15,262.15,262.0,262.0,25471
FSL,2026-05-29 13:12:00,262.0,262.0,262.0,262.0,13185
FSL,2026-05-29 13:13:00,262.0,262.0,262.0,262.0,558
FSL,2026-05-29 13:14:00,262.0,262.35,262.0,262.2,3369
FSL,2026-05-29 13:15:00,262.23,262.3,262.04,262.2,1805
FSL,2026-05-29 13:16:00,262.07,262.15,262.07,262.14,443
FSL,2026-05-29 13:17:00,262.11,262.33,262.11,262.17,740
FSL,2026-05-29 13:18:00,262.17,262.17,262.07,262.14,699
FSL,2026-05-29 13:19:00,262.14,262.16,262.0,262.11,5764
FSL,2026-05-29 13:20:00,262.01,262.01,262.0,262.01,208
FSL,2026-05-29 13:21:00,262.01,262.11,262.0,262.01,966
FSL,2026-05-29 13:22:00,262.01,262.07,262.01,262.02,253
FSL,2026-05-29 13:23:00,262.02,262.23,262.02,262.22,7353
FSL,2026-05-29 13:24:00,262.02,262.4,262.02,262.39,1430
FSL,2026-05-29 13:25:00,262.44,262.49,262.3,262.3,253
FSL,2026-05-29 13:26:00,262.27,262.27,262.2,262.26,381
FSL,2026-05-29 13:27:00,262.27,262.42,262.27,262.33,342
FSL,2026-05-29 13:28:00,262.21,262.31,262.11,262.16,261
FSL,2026-05-29 13:29:00,262.16,262.22,262.15,262.18,149
FSL,2026-05-29 13:30:00,262.18,262.39,262.11,262.33,4930
FSL,2026-05-29 13:31:00,262.3,262.34,262.23,262.24,343
FSL,2026-05-29 13:32:00,262.24,262.24,262.12,262.16,5127
FSL,2026-05-29 13:33:00,262.19,262.23,262.19,262.21,312
FSL,2026-05-29 13:34:00,262.21,262.32,262.18,262.23,1206
FSL,2026-05-29 13:35:00,262.23,262.44,262.2,262.44,170
FSL,2026-05-29 13:36:00,262.44,262.44,262.2,262.2,380
FSL,2026-05-29 13:37:00,262.2,262.28,262.11,262.14,753
FSL,2026-05-29 13:38:00,262.15,262.27,262.15,262.21,930
FSL,2026-05-29 13:39:00,262.21,262.43,262.2,262.43,196
FSL,2026-05-29 13:40:00,262.43,262.43,262.42,262.42,182
FSL,2026-05-29 13:41:00,262.42,262.5,262.38,262.42,2409
FSL,2026-05-29 13:42:00,262.42,262.42,262.2,262.25,1603
FSL,2026-05-29 13:43:00,262.24,262.4,262.0,262.0,2755
FSL,2026-05-29 13:44:00,262.01,262.17,262.0,262.17,527
FSL,2026-05-29 13:45:00,262.02,262.17,262.01,262.05,203
FSL,2026-05-29 13:46:00,262.02,262.16,262.0,262.04,947
FSL,2026-05-29 13:47:00,262.17,262.17,262.07,262.1,320
FSL,2026-05-29 13:48:00,262.1,262.1,262.03,262.04,387
FSL,2026-05-29 13:49:00,262.04,262.13,262.0,262.13,515
FSL,2026-05-29 13:50:00,262.13,262.13,262.0,262.02,7596
FSL,2026-05-29 13:51:00,262.02,262.02,262.0,262.0,2529
FSL,2026-05-29 13:52:00,262.0,262.08,262.0,262.0,1403
FSL,2026-05-29 13:53:00,262.0,262.08,262.0,262.01,234
FSL,2026-05-29 13:54:00,262.01,262.01,262.0,262.01,2782
FSL,2026-05-29 13:55:00,262.01,262.01,262.0,262.0,2154
FSL,2026-05-29 13:56:00,262.0,262.08,262.0,262.01,191
FSL,2026-05-29 13:57:00,262.01,262.03,262.01,262.01,293
FSL,2026-05-29 13:58:00,262.08,262.08,262.01,262.01,138
FSL,2026-05-29 13:59:00,262.01,262.07,262.01,262.01,327
FSL,2026-05-29 14:00:00,262.07,262.08,262.01,262.08,232
FSL,2026-05-29 14:01:00,262.08,262.08,262.0,262.0,1386
FSL,2026-05-29 14:02:00,262.0,262.22,262.0,262.22,865
FSL,2026-05-29 14:03:00,262.24,262.29,262.04,262.05,385
FSL,2026-05-29 14:04:00,262.05,262.26,262.05,262.11,2411
FSL,2026-05-29 14:05:00,262.07,262.14,262.0,262.03,1272
FSL,2026-05-29 14:06:00,262.03,262.15,262.0,262.02,299
FSL,2026-05-29 14:07:00,262.09,262.09,262.02,262.08,165
FSL,2026-05-29 14:08:00,262.21,262.23,262.21,262.21,335
FSL,2026-05-29 14:09:00,262.25,262.25,262.21,262.21,1409
FSL,2026-05-29 14:10:00,262.21,262.21,262.02,262.17,1323
FSL,2026-05-29 14:11:00,262.17,262.23,262.06,262.09,404
FSL,2026-05-29 14:12:00,262.04,262.21,262.04,262.09,464
FSL,2026-05-29 14:13:00,262.09,262.2,262.08,262.19,2123
FSL,2026-05-29 14:14:00,262.19,262.49,262.19,262.35,746
FSL,2026-05-29 14:15:00,262.25,262.49,262.25,262.35,1558
FSL,2026-05-29 14:16:00,262.35,262.64,262.27,262.48,1709
FSL,2026-05-29 14:17:00,262.41,265.35,262.39,265.35,19330
FSL,2026-05-29 14:18:00,265.0,265.1,264.05,264.06,5042
FSL,2026-05-29 14:19:00,264.0,264.39,263.69,264.13,15214
FSL,2026-05-29 14:20:00,264.13,264.13,263.47,263.78,15109
FSL,2026-05-29 14:21:00,264.04,264.04,263.38,263.79,16724
FSL,2026-05-29 14:22:00,263.89,263.89,263.52,263.6,2548
FSL,2026-05-29 14:23:00,263.6,263.64,263.2,263.2,3694
FSL,2026-05-29 14:24:00,263.2,263.65,263.07,263.65,5913
FSL,2026-05-29 14:25:00,263.65,263.65,263.23,263.43,13433
FSL,2026-05-29 14:26:00,263.33,263.91,263.24,263.52,13049
FSL,2026-05-29 14:27:00,263.52,263.67,263.4,263.44,775
FSL,2026-05-29 14:28:00,263.41,263.72,263.21,263.6,16601
FSL,2026-05-29 14:29:00,263.6,263.71,263.21,263.22,3931
FSL,2026-05-29 14:30:00,263.29,263.55,263.17,263.32,3612
FSL,2026-05-29 14:31:00,263.32,263.78,263.3,263.78,2988
FSL,2026-05-29 14:32:00,263.78,263.78,263.48,263.71,3825
FSL,2026-05-29 14:33:00,263.58,263.96,263.5,263.83,3039
FSL,2026-05-29 14:34:00,263.95,263.97,263.74,263.84,886
FSL,2026-05-29 14:35:00,263.93,263.94,263.7,263.7,897
FSL,2026-05-29 14:36:00,263.81,263.92,263.66,263.76,1492
FSL,2026-05-29 14:37:00,263.82,264.19,263.8,263.94,8660
FSL,2026-05-29 14:38:00,263.94,263.94,263.5,263.67,1899
FSL,2026-05-29 14:39:00,263.66,263.88,263.45,263.87,5398
FSL,2026-05-29 14:40:00,263.87,263.87,263.52,263.87,2720
FSL,2026-05-29 14:41:00,263.8,263.91,263.64,263.9,1968
FSL,2026-05-29 14:42:00,263.78,264.09,263.78,263.9,3066
FSL,2026-05-29 14:43:00,263.9,264.0,263.82,263.89,1382
FSL,2026-05-29 14:44:00,264.0,264.18,263.76,263.76,2138
FSL,2026-05-29 14:45:00,263.89,264.1,263.82,264.1,3435
FSL,2026-05-29 14:46:00,264.03,264.48,264.03,264.18,6200
FSL,2026-05-29 14:47:00,264.18,264.3,264.15,264.16,529
FSL,2026-05-29 14:48:00,264.16,264.16,264.01,264.06,1396
FSL,2026-05-29 14:49:00,264.1,264.26,264.08,264.22,1492
FSL,2026-05-29 14:50:00,264.24,264.38,264.05,264.25,2226
FSL,2026-05-29 14:51:00,264.18,264.23,264.1,264.1,1341
FSL,2026-05-29 14:52:00,264.1,264.31,264.04,264.15,8060
FSL,2026-05-29 14:53:00,264.03,264.3,264.03,264.29,3515
FSL,2026-05-29 14:54:00,264.29,264.29,264.16,264.2,951
FSL,2026-05-29 14:55:00,264.2,264.29,263.94,264.05,2258
FSL,2026-05-29 14:56:00,264.05,264.19,263.82,263.84,7562
FSL,2026-05-29 14:57:00,263.82,264.05,263.82,264.0,14266
FSL,2026-05-29 14:58:00,263.9,263.99,263.9,263.99,2285
FSL,2026-05-29 14:59:00,263.95,263.97,263.55,263.76,6217
FSL,2026-05-29 15:00:00,263.76,264.09,263.29,263.62,46586
FSL,2026-05-29 15:01:00,263.51,263.51,262.5,262.74,20558
FSL,2026-05-29 15:02:00,262.58,262.58,262.01,262.42,20642
FSL,2026-05-29 15:03:00,262.49,263.13,262.46,263.0,20473
FSL,2026-05-29 15:04:00,263.0,263.92,262.98,263.77,30632
FSL,2026-05-29 15:05:00,263.57,263.88,263.37,263.37,24468
FSL,2026-05-29 15:06:00,263.54,263.75,263.12,263.38,29230
FSL,2026-05-29 15:07:00,263.0,263.32,262.88,262.93,29652
FSL,2026-05-29 15:08:00,263.0,263.3,262.93,263.1,27932
FSL,2026-05-29 15:09:00,263.06,263.17,262.88,263.17,32841
FSL,2026-05-29 15:10:00,263.37,263.89,262.8,262.8,34862
FSL,2026-05-29 15:11:00,262.63,263.0,262.63,263.0,30350
FSL,2026-05-29 15:12:00,262.76,263.27,262.76,263.0,69081
FSL,2026-05-29 15:13:00,262.96,262.96,260.6,262.59,60716
FSL,2026-05-29 15:14:00,262.65,263.0,262.55,262.68,30059
FSL,2026-05-29 15:15:00,262.69,262.96,262.69,262.86,26003
FSL,2026-05-29 15:16:00,262.79,262.89,262.76,262.84,28184
FSL,2026-05-29 15:17:00,262.76,262.8,262.75,262.76,23823
FSL,2026-05-29 15:18:00,262.76,262.76,262.31,262.48,40838
FSL,2026-05-29 15:19:00,262.75,262.93,262.57,262.7,23419
FSL,2026-05-29 15:20:00,262.64,262.7,262.58,262.67,20316
FSL,2026-05-29 15:21:00,262.62,262.7,262.62,262.7,19195
FSL,2026-05-29 15:22:00,262.67,262.7,262.63,262.68,20746
FSL,2026-05-29 15:23:00,262.7,262.79,262.66,262.75,20268
FSL,2026-05-29 15:24:00,262.75,262.75,262.65,262.7,24746
FSL,2026-05-29 15:25:00,262.7,262.7,262.25,262.35,27708
FSL,2026-05-29 15:26:00,262.28,262.28,262.03,262.04,28959
FSL,2026-05-29 15:27:00,262.02,262.05,261.5,261.58,25535
FSL,2026-05-29 15:28:00,260.55,262.3,260.26,261.5,52779
FSL,2026-05-29 15:29:00,261.2,262.3,260.5,260.99,9080
FSL,2026-06-01 09:15:00,261.75,262.5,260.0,262.1,14112
FSL,2026-06-01 09:16:00,262.05,263.85,262.05,263.85,12044
FSL,2026-06-01 09:17:00,264.8,267.35,264.8,265.35,39767
FSL,2026-06-01 09:18:00,264.95,266.65,264.85,266.4,16091
FSL,2026-06-01 09:19:00,266.4,267.6,265.95,266.6,20935
FSL,2026-06-01 09:20:00,266.25,266.4,265.55,265.55,23349
FSL,2026-06-01 09:21:00,265.4,265.75,264.9,265.55,7588
FSL,2026-06-01 09:22:00,265.65,265.65,265.2,265.3,5569
FSL,2026-06-01 09:23:00,265.4,265.85,265.4,265.6,3440
FSL,2026-06-01 09:24:00,265.55,265.8,265.05,265.8,4305
FSL,2026-06-01 09:25:00,265.3,265.8,264.6,264.6,10794
FSL,2026-06-01 09:26:00,264.6,265.6,264.6,265.0,2740
FSL,2026-06-01 09:27:00,265.0,265.45,265.0,265.45,2739
FSL,2026-06-01 09:28:00,265.45,265.55,265.05,265.35,5435
FSL,2026-06-01 09:29:00,265.65,265.65,265.3,265.35,3806
FSL,2026-06-01 09:30:00,265.45,265.45,265.0,265.35,2998
FSL,2026-06-01 09:31:00,265.4,265.5,265.0,265.2,10265
FSL,2026-06-01 09:32:00,264.85,265.2,264.25,264.85,12526
FSL,2026-06-01 09:33:00,265.05,265.05,264.35,264.5,7557
FSL,2026-06-01 09:34:00,264.3,264.35,263.7,263.7,2758
FSL,2026-06-01 09:35:00,263.7,263.7,263.15,263.15,4460
FSL,2026-06-01 09:36:00,263.15,263.15,262.5,262.8,13384
FSL,2026-06-01 09:37:00,262.8,263.6,262.5,263.6,7328
FSL,2026-06-01 09:38:00,263.5,264.05,263.5,263.75,3745
FSL,2026-06-01 09:39:00,263.6,264.85,263.6,264.6,7543
FSL,2026-06-01 09:40:00,264.65,265.75,264.55,265.4,21375
FSL,2026-06-01 09:41:00,265.6,265.7,265.4,265.4,2358
FSL,2026-06-01 09:42:00,265.35,265.35,264.55,264.85,8480
FSL,2026-06-01 09:43:00,264.85,264.9,264.5,264.7,1486
FSL,2026-06-01 09:44:00,264.5,264.5,264.3,264.35,413
FSL,2026-06-01 09:45:00,264.35,265.05,264.35,265.0,1436
FSL,2026-06-01 09:46:00,265.0,265.4,265.0,265.4,3805
FSL,2026-06-01 09:47:00,265.25,265.4,265.15,265.25,2425
FSL,2026-06-01 09:48:00,265.15,265.5,265.15,265.15,3513
FSL,2026-06-01 09:49:00,265.45,265.45,265.15,265.2,1278
FSL,2026-06-01 09:50:00,265.35,265.7,265.0,265.15,5006
FSL,2026-06-01 09:51:00,265.15,266.25,265.15,266.15,13827
FSL,2026-06-01 09:52:00,266.0,266.05,265.45,265.65,6513
FSL,2026-06-01 09:53:00,265.65,266.15,265.65,265.95,5976
FSL,2026-06-01 09:54:00,265.95,265.95,265.55,265.55,1708
FSL,2026-06-01 09:55:00,265.5,265.65,265.4,265.45,771
FSL,2026-06-01 09:56:00,265.15,265.15,264.5,264.5,5116
FSL,2026-06-01 09:57:00,264.5,264.5,264.05,264.3,1951
FSL,2026-06-01 09:58:00,264.3,264.3,264.0,264.0,1601
FSL,2026-06-01 09:59:00,264.0,264.8,263.25,264.8,5700
FSL,2026-06-01 10:00:00,264.7,264.75,264.55,264.55,938
FSL,2026-06-01 10:01:00,264.65,264.65,264.4,264.45,2672
FSL,2026-06-01 10:02:00,264.35,264.85,264.3,264.3,3729
FSL,2026-06-01 10:03:00,264.2,264.5,264.0,264.0,1273
FSL,2026-06-01 10:04:00,264.0,264.15,263.55,263.55,2988
FSL,2026-06-01 10:05:00,263.55,264.25,263.55,264.25,1355
FSL,2026-06-01 10:06:00,264.25,265.0,264.25,264.35,2586
FSL,2026-06-01 10:07:00,264.45,264.6,264.2,264.25,1714
FSL,2026-06-01 10:08:00,264.25,264.55,264.0,264.15,2620
FSL,2026-06-01 10:09:00,264.15,264.55,264.15,264.2,1312
FSL,2026-06-01 10:10:00,264.2,264.7,264.2,264.65,1871
FSL,2026-06-01 10:11:00,264.65,265.15,264.45,264.5,8466
FSL,2026-06-01 10:12:00,264.5,264.75,264.5,264.7,1081
FSL,2026-06-01 10:13:00,264.7,264.75,264.6,264.75,251
FSL,2026-06-01 10:14:00,264.9,264.9,264.5,264.5,4498
FSL,2026-06-01 10:15:00,264.4,264.65,264.4,264.6,1554
FSL,2026-06-01 10:16:00,264.7,264.8,264.3,264.35,1611
FSL,2026-06-01 10:17:00,264.35,264.6,264.35,264.35,158
FSL,2026-06-01 10:18:00,264.35,264.6,264.35,264.55,137
FSL,2026-06-01 10:19:00,264.55,264.95,264.45,264.85,3323
FSL,2026-06-01 10:20:00,264.7,264.8,264.5,264.75,2394
FSL,2026-06-01 10:21:00,265.0,265.95,265.0,265.8,1229
FSL,2026-06-01 10:22:00,265.9,266.4,265.5,266.4,10690
FSL,2026-06-01 10:23:00,266.2,267.25,266.2,267.15,17036
FSL,2026-06-01 10:24:00,267.0,267.0,265.15,266.4,30028
FSL,2026-06-01 10:25:00,266.4,267.1,266.25,266.6,17004
FSL,2026-06-01 10:26:00,266.6,266.85,266.6,266.65,2725
FSL,2026-06-01 10:27:00,266.65,266.65,266.0,266.35,2960
FSL,2026-06-01 10:28:00,266.15,266.4,266.05,266.3,955
FSL,2026-06-01 10:29:00,266.3,266.35,266.1,266.15,951
FSL,2026-06-01 10:30:00,266.15,266.3,266.1,266.3,1891
FSL,2026-06-01 10:31:00,266.1,266.7,266.1,266.5,831
FSL,2026-06-01 10:32:00,266.6,266.7,266.15,266.4,2084
FSL,2026-06-01 10:33:00,266.4,266.4,265.7,265.7,1727
FSL,2026-06-01 10:34:00,265.85,265.85,265.35,265.65,1966
FSL,2026-06-01 10:35:00,265.65,265.7,265.45,265.55,122
FSL,2026-06-01 10:36:00,265.55,265.65,265.3,265.3,2321
FSL,2026-06-01 10:37:00,265.65,266.4,265.35,266.25,4237
FSL,2026-06-01 10:38:00,266.5,266.5,266.25,266.25,243
FSL,2026-06-01 10:39:00,266.25,266.25,266.15,266.25,490
FSL,2026-06-01 10:40:00,266.25,266.65,266.25,266.55,5824
FSL,2026-06-01 10:41:00,266.55,267.6,266.4,267.6,16939
FSL,2026-06-01 10:42:00,267.4,268.75,267.4,268.4,20294
FSL,2026-06-01 10:43:00,268.5,268.5,267.55,268.0,14307
FSL,2026-06-01 10:44:00,268.05,269.15,268.0,268.2,15199
FSL,2026-06-01 10:45:00,268.3,268.85,268.15,268.65,8968
FSL,2026-06-01 10:46:00,268.65,270.55,268.05,270.4,85970
FSL,2026-06-01 10:47:00,270.15,271.35,270.0,270.4,52067
FSL,2026-06-01 10:48:00,270.3,270.7,270.1,270.4,26464
FSL,2026-06-01 10:49:00,270.4,270.95,270.35,270.95,4992
FSL,2026-06-01 10:50:00,270.6,271.7,270.2,270.4,39313
FSL,2026-06-01 10:51:00,270.55,270.55,270.2,270.4,5161
FSL,2026-06-01 10:52:00,270.4,270.4,270.15,270.25,3647
FSL,2026-06-01 10:53:00,270.25,270.3,270.0,270.3,10520
FSL,2026-06-01 10:54:00,270.3,271.0,270.3,270.75,10545
FSL,2026-06-01 10:55:00,270.75,270.75,270.2,270.25,5425
FSL,2026-06-01 10:56:00,270.15,270.4,270.15,270.25,1527
FSL,2026-06-01 10:57:00,270.2,270.5,270.15,270.3,2791
FSL,2026-06-01 10:58:00,270.35,270.35,269.8,269.9,4747
FSL,2026-06-01 10:59:00,269.9,270.2,269.6,270.2,12304
FSL,2026-06-01 11:00:00,270.2,270.2,269.65,269.8,2558
FSL,2026-06-01 11:01:00,269.7,269.75,269.15,269.4,18430
FSL,2026-06-01 11:02:00,269.4,269.85,269.15,269.7,11420
FSL,2026-06-01 11:03:00,269.45,269.75,269.3,269.3,1344
FSL,2026-06-01 11:04:00,269.25,269.65,269.25,269.65,2506
FSL,2026-06-01 11:05:00,269.75,269.95,269.25,269.45,5027
FSL,2026-06-01 11:06:00,269.4,269.5,269.0,269.25,2166
FSL,2026-06-01 11:07:00,269.25,269.45,269.2,269.2,2096
FSL,2026-06-01 11:08:00,269.5,269.5,269.3,269.5,1355
FSL,2026-06-01 11:09:00,269.5,269.75,269.25,269.65,2382
FSL,2026-06-01 11:10:00,269.5,269.7,269.5,269.7,1241
FSL,2026-06-01 11:11:00,269.7,269.9,269.5,269.65,5031
FSL,2026-06-01 11:12:00,269.65,269.65,269.3,269.45,1054
FSL,2026-06-01 11:13:00,269.45,269.45,269.25,269.45,1093
FSL,2026-06-01 11:14:00,269.5,270.0,269.5,270.0,4339
FSL,2026-06-01 11:15:00,269.85,270.25,269.85,269.95,6555
FSL,2026-06-01 11:16:00,270.15,270.8,270.15,270.8,17314
FSL,2026-06-01 11:17:00,270.8,271.5,270.8,271.2,18020
FSL,2026-06-01 11:18:00,271.1,271.1,270.7,270.7,3820
FSL,2026-06-01 11:19:00,270.7,271.2,270.5,271.0,6976
FSL,2026-06-01 11:20:00,271.1,271.7,271.1,271.2,17895
FSL,2026-06-01 11:21:00,271.25,271.35,271.0,271.2,12450
FSL,2026-06-01 11:22:00,271.2,271.2,270.8,270.8,2242
FSL,2026-06-01 11:23:00,270.85,270.9,270.55,270.9,4432
FSL,2026-06-01 11:24:00,270.85,270.85,270.5,270.65,14340
FSL,2026-06-01 11:25:00,270.95,271.35,270.95,271.1,9446
FSL,2026-06-01 11:26:00,271.2,271.45,271.15,271.4,14768
FSL,2026-06-01 11:27:00,271.4,271.4,271.1,271.35,4552
FSL,2026-06-01 11:28:00,271.4,271.4,271.0,271.25,5107
FSL,2026-06-01 11:29:00,271.3,271.3,271.15,271.15,1754
FSL,2026-06-01 11:30:00,271.15,271.3,271.15,271.2,607
FSL,2026-06-01 11:31:00,271.3,271.3,270.7,270.7,7673
FSL,2026-06-01 11:32:00,270.85,270.85,270.25,270.25,5061
FSL,2026-06-01 11:33:00,270.25,270.5,270.2,270.4,4446
FSL,2026-06-01 11:34:00,270.35,270.8,270.35,270.65,6327
FSL,2026-06-01 11:35:00,270.5,270.75,270.35,270.7,7036
FSL,2026-06-01 11:36:00,270.7,270.7,270.35,270.55,1366
FSL,2026-06-01 11:37:00,270.6,270.7,270.4,270.6,806
FSL,2026-06-01 11:38:00,270.5,270.6,270.5,270.6,2216
FSL,2026-06-01 11:39:00,270.6,270.65,270.5,270.65,1980
FSL,2026-06-01 11:40:00,270.65,270.7,270.5,270.65,2742
FSL,2026-06-01 11:41:00,270.55,270.6,270.5,270.5,466
FSL,2026-06-01 11:42:00,270.55,270.6,270.4,270.4,3027
FSL,2026-06-01 11:43:00,270.45,270.6,270.4,270.4,3760
FSL,2026-06-01 11:44:00,270.35,270.65,270.35,270.4,2406
FSL,2026-06-01 11:45:00,270.5,270.5,270.2,270.35,917
FSL,2026-06-01 11:46:00,270.35,270.45,270.15,270.2,1996
FSL,2026-06-01 11:47:00,270.4,270.45,270.15,270.45,4531
FSL,2026-06-01 11:48:00,270.75,270.85,270.5,270.75,7986
FSL,2026-06-01 11:49:00,270.75,270.8,270.55,270.8,3332
FSL,2026-06-01 11:50:00,270.8,270.8,270.55,270.75,626
FSL,2026-06-01 11:51:00,270.75,270.75,270.5,270.7,665
FSL,2026-06-01 11:52:00,270.7,270.7,270.5,270.65,1532
FSL,2026-06-01 11:53:00,270.7,270.7,270.3,270.55,3897
FSL,2026-06-01 11:54:00,270.55,270.6,270.3,270.5,1130
FSL,2026-06-01 11:55:00,270.5,270.5,270.3,270.3,1526
FSL,2026-06-01 11:56:00,270.3,270.35,270.1,270.1,4764
FSL,2026-06-01 11:57:00,270.1,270.1,270.0,270.1,1260
FSL,2026-06-01 11:58:00,269.95,270.25,269.6,269.9,8496
FSL,2026-06-01 11:59:00,269.8,269.8,269.3,269.5,5839
FSL,2026-06-01 12:00:00,269.65,269.95,269.5,269.8,2970
FSL,2026-06-01 12:01:00,269.8,269.9,269.6,269.85,5970
FSL,2026-06-01 12:02:00,269.85,269.85,269.65,269.85,1039
FSL,2026-06-01 12:03:00,269.9,269.95,269.85,269.85,815
FSL,2026-06-01 12:04:00,269.85,270.0,269.75,269.85,1738
FSL,2026-06-01 12:05:00,270.0,270.0,269.75,269.75,1261
FSL,2026-06-01 12:06:00,269.95,270.5,269.75,270.25,2884
FSL,2026-06-01 12:07:00,270.45,270.5,270.35,270.5,1428
FSL,2026-06-01 12:08:00,270.5,270.5,270.3,270.45,974
FSL,2026-06-01 12:09:00,270.45,270.5,270.3,270.5,286
FSL,2026-06-01 12:10:00,270.3,270.5,270.3,270.35,1805
FSL,2026-06-01 12:11:00,270.35,270.35,270.15,270.35,1109
FSL,2026-06-01 12:12:00,270.35,270.45,270.35,270.4,747
FSL,2026-06-01 12:13:00,270.4,270.4,270.25,270.25,366
FSL,2026-06-01 12:14:00,270.4,270.5,270.25,270.5,934
FSL,2026-06-01 12:15:00,270.45,270.65,270.4,270.6,3276
FSL,2026-06-01 12:16:00,270.6,270.65,270.5,270.6,1390
FSL,2026-06-01 12:17:00,270.6,270.6,270.55,270.6,1560
FSL,2026-06-01 12:18:00,270.6,270.9,270.5,270.85,7621
FSL,2026-06-01 12:19:00,270.85,271.0,270.75,271.0,4833
FSL,2026-06-01 12:20:00,271.0,271.0,270.75,270.75,1883
FSL,2026-06-01 12:21:00,270.55,270.75,270.55,270.7,1127
FSL,2026-06-01 12:22:00,270.7,271.6,270.7,271.6,30466
FSL,2026-06-01 12:23:00,271.6,271.7,271.3,271.5,4445
FSL,2026-06-01 12:24:00,271.5,271.5,271.1,271.3,2407
FSL,2026-06-01 12:25:00,271.25,271.45,271.0,271.35,14603
FSL,2026-06-01 12:26:00,271.5,271.5,271.1,271.5,8052
FSL,2026-06-01 12:27:00,271.5,271.5,271.3,271.4,3982
FSL,2026-06-01 12:28:00,271.3,271.5,271.3,271.5,4194
FSL,2026-06-01 12:29:00,271.5,272.0,271.35,271.9,24163
FSL,2026-06-01 12:30:00,272.0,272.0,271.6,271.95,8420
FSL,2026-06-01 12:31:00,271.95,271.95,269.6,269.9,37810
FSL,2026-06-01 12:32:00,270.0,270.3,269.4,269.85,16823
FSL,2026-06-01 12:33:00,269.7,269.9,269.55,269.9,2877
FSL,2026-06-01 12:34:00,269.7,269.9,269.25,269.5,11173
FSL,2026-06-01 12:35:00,269.3,269.55,269.1,269.15,13362
FSL,2026-06-01 12:36:00,269.25,269.6,269.25,269.5,2354
FSL,2026-06-01 12:37:00,269.45,269.65,269.25,269.65,5331
FSL,2026-06-01 12:38:00,269.55,269.8,269.45,269.45,2097
FSL,2026-06-01 12:39:00,269.45,269.95,269.35,269.95,4129
FSL,2026-06-01 12:40:00,269.75,270.0,269.75,270.0,2059
FSL,2026-06-01 12:41:00,270.0,270.05,269.75,269.75,8502
FSL,2026-06-01 12:42:00,269.75,269.8,269.55,269.8,3369
FSL,2026-06-01 12:43:00,270.0,270.05,269.65,270.05,4628
FSL,2026-06-01 12:44:00,270.05,270.1,270.0,270.1,401
FSL,2026-06-01 12:45:00,270.1,270.1,269.85,269.9,2429
FSL,2026-06-01 12:46:00,269.9,270.0,269.9,270.0,262
FSL,2026-06-01 12:47:00,270.0,270.0,269.85,269.85,1556
FSL,2026-06-01 12:48:00,269.85,270.4,269.85,270.35,3509
FSL,2026-06-01 12:49:00,270.35,270.35,270.0,270.35,3309
FSL,2026-06-01 12:50:00,270.35,270.35,270.15,270.15,244
FSL,2026-06-01 12:51:00,270.15,270.3,270.1,270.3,761
FSL,2026-06-01 12:52:00,270.3,270.35,270.1,270.1,525
FSL,2026-06-01 12:53:00,270.1,270.5,270.1,270.45,2625
FSL,2026-06-01 12:54:00,270.15,270.3,269.85,270.0,1548
FSL,2026-06-01 12:55:00,270.0,270.0,269.8,270.0,912
FSL,2026-06-01 12:56:00,270.15,270.15,269.85,270.05,1610
FSL,2026-06-01 12:57:00,270.1,270.1,269.85,270.1,510
FSL,2026-06-01 12:58:00,270.0,270.1,269.35,269.55,6091
FSL,2026-06-01 12:59:00,269.55,269.65,269.3,269.5,15679
FSL,2026-06-01 13:00:00,269.65,269.65,269.4,269.6,2021
FSL,2026-06-01 13:01:00,269.6,269.6,269.5,269.5,449
FSL,2026-06-01 13:02:00,269.5,269.55,269.4,269.5,680
FSL,2026-06-01 13:03:00,269.3,269.45,269.0,269.0,5301
FSL,2026-06-01 13:04:00,269.0,269.25,268.75,268.75,11408
FSL,2026-06-01 13:05:00,268.75,269.25,268.75,269.2,2205
FSL,2026-06-01 13:06:00,269.2,269.25,269.0,269.15,2279
FSL,2026-06-01 13:07:00,269.15,269.15,269.0,269.0,1170
FSL,2026-06-01 13:08:00,269.0,269.0,268.35,268.75,19359
FSL,2026-06-01 13:09:00,268.75,268.75,268.25,268.65,4461
FSL,2026-06-01 13:10:00,268.65,268.65,268.25,268.55,4488
FSL,2026-06-01 13:11:00,268.3,268.45,268.0,268.25,1536
FSL,2026-06-01 13:12:00,268.15,268.4,268.15,268.35,1543
FSL,2026-06-01 13:13:00,268.15,268.35,268.05,268.35,660
FSL,2026-06-01 13:14:00,268.35,268.45,268.2,268.35,1418
FSL,2026-06-01 13:15:00,268.35,268.5,268.25,268.5,1499
FSL,2026-06-01 13:16:00,268.4,268.5,268.25,268.5,1158
FSL,2026-06-01 13:17:00,268.5,268.5,268.3,268.4,611
FSL,2026-06-01 13:18:00,268.4,268.5,268.3,268.35,933
FSL,2026-06-01 13:19:00,268.35,268.5,268.2,268.45,527
FSL,2026-06-01 13:20:00,268.5,268.7,268.5,268.7,1203
FSL,2026-06-01 13:21:00,268.7,268.8,268.15,268.15,4799
FSL,2026-06-01 13:22:00,268.15,268.4,268.15,268.2,1298
FSL,2026-06-01 13:23:00,268.2,268.2,267.7,268.0,6341
FSL,2026-06-01 13:24:00,268.0,268.0,267.65,268.0,2954
FSL,2026-06-01 13:25:00,268.05,268.1,267.85,268.05,2722
FSL,2026-06-01 13:26:00,268.0,268.1,267.8,268.0,1432
FSL,2026-06-01 13:27:00,267.8,268.0,267.65,267.9,1863
FSL,2026-06-01 13:28:00,267.9,267.9,267.8,267.85,1351
FSL,2026-06-01 13:29:00,267.95,268.05,267.75,268.0,1469
FSL,2026-06-01 13:30:00,268.0,268.0,267.7,267.8,718
FSL,2026-06-01 13:31:00,267.75,268.0,267.75,268.0,246
FSL,2026-06-01 13:32:00,268.0,268.0,267.75,267.75,1277
FSL,2026-06-01 13:33:00,268.0,268.25,267.9,268.15,4840
FSL,2026-06-01 13:34:00,268.15,268.45,268.15,268.35,412
FSL,2026-06-01 13:35:00,268.35,268.45,268.25,268.4,3041
FSL,2026-06-01 13:36:00,268.4,268.4,268.4,268.4,43
FSL,2026-06-01 13:37:00,268.4,268.4,268.25,268.3,6075
FSL,2026-06-01 13:38:00,268.2,268.35,268.2,268.35,983
FSL,2026-06-01 13:39:00,268.05,268.35,268.05,268.35,2833
FSL,2026-06-01 13:40:00,268.35,268.35,268.2,268.2,178
FSL,2026-06-01 13:41:00,268.2,268.2,268.05,268.15,63
FSL,2026-06-01 13:42:00,268.15,268.35,268.1,268.2,3707
FSL,2026-06-01 13:43:00,268.2,268.2,268.1,268.15,705
FSL,2026-06-01 13:44:00,268.15,268.15,267.85,268.0,1335
FSL,2026-06-01 13:45:00,268.0,268.0,267.9,268.0,2036
FSL,2026-06-01 13:46:00,268.0,268.0,267.7,267.85,1849
FSL,2026-06-01 13:47:00,267.85,268.0,267.85,268.0,1086
FSL,2026-06-01 13:48:00,268.0,268.0,267.55,267.6,4531
FSL,2026-06-01 13:49:00,267.55,267.7,267.5,267.55,2608
FSL,2026-06-01 13:50:00,267.6,267.85,267.6,267.8,4364
FSL,2026-06-01 13:51:00,267.8,267.8,267.6,267.75,79
FSL,2026-06-01 13:52:00,267.6,267.8,267.6,267.8,791
FSL,2026-06-01 13:53:00,267.6,267.8,267.55,267.6,3636
FSL,2026-06-01 13:54:00,267.5,267.75,267.5,267.7,4925
FSL,2026-06-01 13:55:00,267.7,267.7,267.5,267.7,409
FSL,2026-06-01 13:56:00,267.7,267.7,267.5,267.55,4616
FSL,2026-06-01 13:57:00,267.55,267.55,267.2,267.2,1785
FSL,2026-06-01 13:58:00,267.2,267.65,267.2,267.4,10022
FSL,2026-06-01 13:59:00,267.4,267.65,267.2,267.65,4199
FSL,2026-06-01 14:00:00,267.7,267.7,267.55,267.7,1229
FSL,2026-06-01 14:01:00,267.7,267.7,267.05,267.05,5632
FSL,2026-06-01 14:02:00,267.05,267.2,266.8,267.05,4780
FSL,2026-06-01 14:03:00,267.1,267.2,266.8,267.2,2051
FSL,2026-06-01 14:04:00,267.2,267.2,267.0,267.2,336
FSL,2026-06-01 14:05:00,267.2,267.2,266.85,267.1,2111
FSL,2026-06-01 14:06:00,267.1,267.2,267.0,267.2,285
FSL,2026-06-01 14:07:00,267.2,267.3,267.1,267.3,774
FSL,2026-06-01 14:08:00,267.3,267.45,267.15,267.25,3161
FSL,2026-06-01 14:09:00,267.25,267.25,267.0,267.0,2329
FSL,2026-06-01 14:10:00,266.9,267.0,266.6,266.8,5062
FSL,2026-06-01 14:11:00,266.8,266.95,266.7,266.7,2762
FSL,2026-06-01 14:12:00,267.0,267.2,266.85,267.1,4650
FSL,2026-06-01 14:13:00,267.1,267.15,266.6,266.85,2325
FSL,2026-06-01 14:14:00,266.85,266.85,266.45,266.7,2210
FSL,2026-06-01 14:15:00,266.7,266.7,266.45,266.6,2226
FSL,2026-06-01 14:16:00,266.6,266.6,266.4,266.55,684
FSL,2026-06-01 14:17:00,266.4,266.55,266.3,266.55,4195
FSL,2026-06-01 14:18:00,266.55,266.55,266.25,266.5,995
FSL,2026-06-01 14:19:00,266.5,266.85,266.5,266.85,925
FSL,2026-06-01 14:20:00,266.85,266.85,266.5,266.75,1603
FSL,2026-06-01 14:21:00,266.85,266.85,266.65,266.8,2034
FSL,2026-06-01 14:22:00,266.85,267.3,266.8,267.0,992
FSL,2026-06-01 14:23:00,267.0,267.0,266.6,266.75,351
FSL,2026-06-01 14:24:00,266.6,266.85,266.6,266.85,1839
FSL,2026-06-01 14:25:00,266.85,266.85,266.6,266.85,332
FSL,2026-06-01 14:26:00,266.85,267.95,266.85,267.75,13263
FSL,2026-06-01 14:27:00,267.7,268.0,267.7,268.0,10130
FSL,2026-06-01 14:28:00,268.0,268.0,267.3,267.45,10238
FSL,2026-06-01 14:29:00,267.15,267.45,267.0,267.15,7052
FSL,2026-06-01 14:30:00,267.0,267.75,267.0,267.75,8823
FSL,2026-06-01 14:31:00,267.85,267.85,267.3,267.55,1731
FSL,2026-06-01 14:32:00,267.55,267.55,267.0,267.2,6148
FSL,2026-06-01 14:33:00,267.2,267.35,267.05,267.35,1247
FSL,2026-06-01 14:34:00,267.35,267.55,267.15,267.25,2320
FSL,2026-06-01 14:35:00,267.25,267.4,267.2,267.3,274
FSL,2026-06-01 14:36:00,267.35,267.35,267.3,267.3,125
FSL,2026-06-01 14:37:00,267.35,267.5,267.35,267.45,3613
FSL,2026-06-01 14:38:00,267.45,267.45,267.4,267.4,553
FSL,2026-06-01 14:39:00,267.7,267.85,267.55,267.85,4713
FSL,2026-06-01 14:40:00,267.9,268.0,267.8,267.95,1619
FSL,2026-06-01 14:41:00,268.0,268.0,267.3,267.55,5627
FSL,2026-06-01 14:42:00,267.55,267.55,267.3,267.5,258
FSL,2026-06-01 14:43:00,267.5,267.7,267.45,267.6,5861
FSL,2026-06-01 14:44:00,267.7,268.0,267.65,267.65,1038
FSL,2026-06-01 14:45:00,267.65,267.8,267.55,267.75,438
FSL,2026-06-01 14:46:00,267.8,268.2,267.8,268.2,10807
FSL,2026-06-01 14:47:00,268.2,268.2,268.0,268.05,3293
FSL,2026-06-01 14:48:00,268.05,268.2,267.9,268.05,1852
FSL,2026-06-01 14:49:00,268.15,268.15,267.6,267.9,3994
FSL,2026-06-01 14:50:00,267.75,267.95,267.65,267.8,1144
FSL,2026-06-01 14:51:00,267.7,267.85,267.5,267.5,802
FSL,2026-06-01 14:52:00,267.65,267.65,267.05,267.25,6348
FSL,2026-06-01 14:53:00,267.0,267.0,266.6,266.6,5241
FSL,2026-06-01 14:54:00,266.85,267.1,266.6,267.1,5745
FSL,2026-06-01 14:55:00,267.1,267.35,267.05,267.1,1763
FSL,2026-06-01 14:56:00,267.1,267.35,267.0,267.0,1701
FSL,2026-06-01 14:57:00,267.0,267.25,266.9,267.1,2644
FSL,2026-06-01 14:58:00,267.25,267.4,266.9,266.95,4481
FSL,2026-06-01 14:59:00,266.95,267.4,266.9,266.9,2004
FSL,2026-06-01 15:00:00,266.95,266.95,266.55,266.9,7885
FSL,2026-06-01 15:01:00,267.05,267.7,267.05,267.5,6566
FSL,2026-06-01 15:02:00,267.7,268.15,267.7,267.9,12279
FSL,2026-06-01 15:03:00,267.95,268.05,267.7,267.8,3603
FSL,2026-06-01 15:04:00,268.0,268.15,267.95,268.0,1819
FSL,2026-06-01 15:05:00,268.1,268.15,267.7,268.0,4524
FSL,2026-06-01 15:06:00,268.15,268.25,267.85,268.0,2447
FSL,2026-06-01 15:07:00,268.1,268.45,267.9,268.1,10451
FSL,2026-06-01 15:08:00,268.2,268.65,268.15,268.65,5371
FSL,2026-06-01 15:09:00,268.7,269.5,268.4,269.5,25099
FSL,2026-06-01 15:10:00,269.5,269.5,269.25,269.4,12876
FSL,2026-06-01 15:11:00,269.4,270.0,269.4,269.95,6052
FSL,2026-06-01 15:12:00,270.0,271.0,270.0,270.7,20244
FSL,2026-06-01 15:13:00,270.65,270.65,270.1,270.25,3534
FSL,2026-06-01 15:14:00,270.15,270.15,269.65,269.75,2466
FSL,2026-06-01 15:15:00,269.7,270.45,269.7,270.45,5376
FSL,2026-06-01 15:16:00,270.45,270.5,270.15,270.3,9627
FSL,2026-06-01 15:17:00,270.3,270.3,270.25,270.25,2494
FSL,2026-06-01 15:18:00,270.3,270.3,269.4,269.95,17594
FSL,2026-06-01 15:19:00,269.95,270.0,269.9,270.0,4393
FSL,2026-06-01 15:20:00,269.9,270.0,269.9,269.9,7829
FSL,2026-06-01 15:21:00,269.9,269.9,269.65,269.8,13156
FSL,2026-06-01 15:22:00,269.65,269.8,269.4,269.6,4950
FSL,2026-06-01 15:23:00,269.5,269.6,269.5,269.55,1995
FSL,2026-06-01 15:24:00,269.6,269.6,269.25,269.5,8792
FSL,2026-06-01 15:25:00,269.5,269.6,269.35,269.4,6555
FSL,2026-06-01 15:26:00,269.4,269.45,267.95,267.95,25301
FSL,2026-06-01 15:27:00,267.85,267.85,264.25,265.0,156100
FSL,2026-06-01 15:28:00,265.0,265.75,264.1,264.6,11972
FSL,2026-06-01 15:29:00,264.6,265.75,264.05,265.0,12763
FSL,2026-06-02 09:15:00,268.15,269.15,265.0,265.0,55428
FSL,2026-06-02 09:16:00,265.55,265.65,263.5,264.5,28189
FSL,2026-06-02 09:17:00,264.6,265.2,263.8,265.2,23991
FSL,2026-06-02 09:18:00,265.2,266.3,265.0,266.3,13098
FSL,2026-06-02 09:19:00,266.95,267.1,266.2,266.2,25161
FSL,2026-06-02 09:20:00,266.5,267.35,266.2,267.35,15230
FSL,2026-06-02 09:21:00,267.95,267.95,266.3,266.3,14267
FSL,2026-06-02 09:22:00,266.45,267.15,266.35,266.85,10064
FSL,2026-06-02 09:23:00,266.8,266.95,266.2,266.4,11679
FSL,2026-06-02 09:24:00,266.5,267.05,266.5,267.05,5878
FSL,2026-06-02 09:25:00,266.95,266.95,266.25,266.5,9889
FSL,2026-06-02 09:26:00,266.55,266.8,266.3,266.45,7013
FSL,2026-06-02 09:27:00,266.3,266.6,266.0,266.3,7713
FSL,2026-06-02 09:28:00,266.35,266.4,266.0,266.2,2107
FSL,2026-06-02 09:29:00,266.4,267.8,266.4,266.8,20226
FSL,2026-06-02 09:30:00,266.75,266.75,265.75,266.3,17965
FSL,2026-06-02 09:31:00,266.05,266.45,265.95,266.05,4559
FSL,2026-06-02 09:32:00,266.05,266.5,265.7,266.25,11209
FSL,2026-06-02 09:33:00,266.25,266.25,265.65,266.05,8977
FSL,2026-06-02 09:34:00,266.05,266.55,265.85,266.4,4015
FSL,2026-06-02 09:35:00,266.4,267.3,266.35,267.3,6101
FSL,2026-06-02 09:36:00,267.3,267.75,267.25,267.5,5290
FSL,2026-06-02 09:37:00,267.55,268.05,267.3,267.55,14008
FSL,2026-06-02 09:38:00,267.35,267.4,266.65,266.65,7291
FSL,2026-06-02 09:39:00,266.7,267.15,266.7,267.1,3019
FSL,2026-06-02 09:40:00,267.1,267.85,267.1,267.35,6305
FSL,2026-06-02 09:41:00,267.35,267.45,267.15,267.45,3574
FSL,2026-06-02 09:42:00,267.55,267.55,267.2,267.2,3512
FSL,2026-06-02 09:43:00,267.15,268.15,266.65,268.15,11386
FSL,2026-06-02 09:44:00,268.15,268.25,267.65,268.25,6509
FSL,2026-06-02 09:45:00,268.2,268.95,268.15,268.95,33897
FSL,2026-06-02 09:46:00,269.0,269.2,268.75,268.95,12115
FSL,2026-06-02 09:47:00,268.7,268.85,268.4,268.45,8046
FSL,2026-06-02 09:48:00,268.5,268.55,267.75,267.9,10357
FSL,2026-06-02 09:49:00,267.9,267.9,267.15,267.7,12108
FSL,2026-06-02 09:50:00,267.85,268.05,267.6,268.05,3243
FSL,2026-06-02 09:51:00,268.05,268.1,267.2,267.6,12131
FSL,2026-06-02 09:52:00,267.6,269.55,267.6,269.55,2137
FSL,2026-06-02 09:53:00,269.5,271.4,269.5,270.7,73765
FSL,2026-06-02 09:54:00,270.9,271.5,270.0,271.05,47902
FSL,2026-06-02 09:55:00,271.35,271.45,270.5,270.6,18167
FSL,2026-06-02 09:56:00,270.7,271.0,270.4,271.0,8879
FSL,2026-06-02 09:57:00,270.8,271.9,270.8,271.65,24722
FSL,2026-06-02 09:58:00,271.7,271.75,271.1,271.6,17478
FSL,2026-06-02 09:59:00,271.55,273.2,271.45,272.95,64133
FSL,2026-06-02 10:00:00,273.4,273.55,272.6,273.0,31486
FSL,2026-06-02 10:01:00,272.95,273.05,272.0,272.35,14859
FSL,2026-06-02 10:02:00,272.5,272.5,271.15,271.15,30553
FSL,2026-06-02 10:03:00,271.3,271.45,271.0,271.3,5438
FSL,2026-06-02 10:04:00,271.3,271.3,271.0,271.1,3835
FSL,2026-06-02 10:05:00,271.2,271.2,270.4,270.4,9866
FSL,2026-06-02 10:06:00,270.4,270.45,270.15,270.35,10052
FSL,2026-06-02 10:07:00,270.55,270.6,270.25,270.55,6040
FSL,2026-06-02 10:08:00,270.55,270.75,270.15,270.65,6815
FSL,2026-06-02 10:09:00,270.5,270.7,270.5,270.5,3282
FSL,2026-06-02 10:10:00,270.5,270.6,270.2,270.6,2683
FSL,2026-06-02 10:11:00,270.3,270.3,269.8,269.95,5788
FSL,2026-06-02 10:12:00,269.8,269.85,269.3,269.55,16578
FSL,2026-06-02 10:13:00,269.55,269.6,269.3,269.6,1852
FSL,2026-06-02 10:14:00,269.6,269.7,269.4,269.65,10081
FSL,2026-06-02 10:15:00,269.65,269.65,269.0,269.25,6173
FSL,2026-06-02 10:16:00,269.25,269.5,269.0,269.5,7330
FSL,2026-06-02 10:17:00,269.65,270.2,269.65,269.9,7639
FSL,2026-06-02 10:18:00,269.9,270.35,269.9,270.2,2383
FSL,2026-06-02 10:19:00,270.45,270.8,270.45,270.8,5820
FSL,2026-06-02 10:20:00,270.8,271.0,270.7,270.95,11419
FSL,2026-06-02 10:21:00,270.8,270.85,270.8,270.85,4019
FSL,2026-06-02 10:22:00,270.8,271.4,270.8,271.25,14182
FSL,2026-06-02 10:23:00,271.25,271.7,271.25,271.35,4404
FSL,2026-06-02 10:24:00,271.2,271.45,270.9,270.9,4609
FSL,2026-06-02 10:25:00,271.0,271.25,271.0,271.25,783
FSL,2026-06-02 10:26:00,271.25,271.8,271.1,271.8,1921
FSL,2026-06-02 10:27:00,271.65,271.8,271.45,271.55,4565
FSL,2026-06-02 10:28:00,271.75,271.75,271.4,271.4,3284
FSL,2026-06-02 10:29:00,271.5,271.5,271.4,271.5,625
FSL,2026-06-02 10:30:00,271.5,272.0,271.4,271.9,4798
FSL,2026-06-02 10:31:00,271.7,271.85,271.45,271.45,2228
FSL,2026-06-02 10:32:00,271.45,271.45,271.1,271.15,4481
FSL,2026-06-02 10:33:00,271.35,271.35,271.15,271.25,4213
FSL,2026-06-02 10:34:00,271.2,271.65,271.2,271.55,2982
FSL,2026-06-02 10:35:00,271.55,271.55,271.15,271.15,2693
FSL,2026-06-02 10:36:00,271.2,271.2,270.85,271.2,15503
FSL,2026-06-02 10:37:00,271.0,271.0,270.8,271.0,400
FSL,2026-06-02 10:38:00,271.0,271.35,270.9,271.3,2640
FSL,2026-06-02 10:39:00,271.4,271.6,271.3,271.5,2610
FSL,2026-06-02 10:40:00,271.5,271.55,271.2,271.4,4068
FSL,2026-06-02 10:41:00,271.4,271.95,271.4,271.9,3816
FSL,2026-06-02 10:42:00,272.3,273.4,272.1,273.35,36809
FSL,2026-06-02 10:43:00,273.3,274.8,273.0,273.3,72085
FSL,2026-06-02 10:44:00,273.3,273.3,272.45,272.75,15698
FSL,2026-06-02 10:45:00,272.4,272.8,272.35,272.8,16278
FSL,2026-06-02 10:46:00,272.8,272.8,272.4,272.6,7571
FSL,2026-06-02 10:47:00,272.75,272.8,272.1,272.8,15227
FSL,2026-06-02 10:48:00,272.8,272.8,272.55,272.8,1340
FSL,2026-06-02 10:49:00,272.8,272.8,272.6,272.6,5398
FSL,2026-06-02 10:50:00,272.7,272.8,272.6,272.65,4532
FSL,2026-06-02 10:51:00,272.65,273.2,272.6,272.65,41532
FSL,2026-06-02 10:52:00,272.9,272.9,272.5,272.5,8200
FSL,2026-06-02 10:53:00,272.5,272.7,272.3,272.55,2116
FSL,2026-06-02 10:54:00,272.5,272.5,272.0,272.25,4887
FSL,2026-06-02 10:55:00,272.25,272.25,271.65,271.9,4699
FSL,2026-06-02 10:56:00,271.9,271.95,271.25,271.25,16361
FSL,2026-06-02 10:57:00,271.25,271.65,270.95,270.95,34067
FSL,2026-06-02 10:58:00,271.1,271.3,270.85,270.9,14351
FSL,2026-06-02 10:59:00,271.0,271.3,270.85,271.15,5501
FSL,2026-06-02 11:00:00,271.05,271.2,270.85,271.05,7279
FSL,2026-06-02 11:01:00,271.05,271.05,270.6,270.7,3923
FSL,2026-06-02 11:02:00,270.7,270.7,270.4,270.4,4752
FSL,2026-06-02 11:03:00,270.35,270.7,270.25,270.7,8922
FSL,2026-06-02 11:04:00,270.7,270.7,270.45,270.65,2490
FSL,2026-06-02 11:05:00,270.65,270.7,270.45,270.45,1191
FSL,2026-06-02 11:06:00,270.55,270.65,270.45,270.5,578
FSL,2026-06-02 11:07:00,270.65,270.8,270.65,270.8,3772
FSL,2026-06-02 11:08:00,270.8,270.8,270.75,270.75,9310
FSL,2026-06-02 11:09:00,270.75,270.75,270.5,270.7,908
FSL,2026-06-02 11:10:00,270.7,270.7,270.5,270.7,852
FSL,2026-06-02 11:11:00,270.7,270.7,270.65,270.65,706
FSL,2026-06-02 11:12:00,270.65,270.9,270.6,270.85,706
FSL,2026-06-02 11:13:00,270.85,271.35,270.85,271.15,4256
FSL,2026-06-02 11:14:00,271.2,271.2,270.9,271.05,4162
FSL,2026-06-02 11:15:00,271.0,271.05,271.0,271.0,538
FSL,2026-06-02 11:16:00,271.0,271.15,270.85,271.0,1305
FSL,2026-06-02 11:17:00,270.85,271.05,270.45,270.45,768
FSL,2026-06-02 11:18:00,270.7,270.7,270.45,270.45,1251
FSL,2026-06-02 11:19:00,270.45,270.7,270.15,270.7,6710
FSL,2026-06-02 11:20:00,270.7,271.05,270.65,270.65,571
FSL,2026-06-02 11:21:00,270.65,271.0,270.65,270.7,2078
FSL,2026-06-02 11:22:00,270.7,270.95,270.7,270.9,564
FSL,2026-06-02 11:23:00,270.9,270.95,270.75,270.85,587
FSL,2026-06-02 11:24:00,270.85,271.25,270.75,271.25,1104
FSL,2026-06-02 11:25:00,270.95,271.0,270.7,270.7,4320
FSL,2026-06-02 11:26:00,270.85,270.95,270.65,270.85,3713
FSL,2026-06-02 11:27:00,270.65,270.65,270.1,270.1,5067
FSL,2026-06-02 11:28:00,270.1,270.35,270.05,270.2,2740
FSL,2026-06-02 11:29:00,270.15,270.3,270.15,270.3,527
FSL,2026-06-02 11:30:00,270.3,270.3,270.1,270.25,3478
FSL,2026-06-02 11:31:00,270.25,270.35,270.05,270.35,2371
FSL,2026-06-02 11:32:00,270.35,270.35,270.05,270.05,378
FSL,2026-06-02 11:33:00,270.05,270.25,269.9,270.2,4295
FSL,2026-06-02 11:34:00,270.2,270.6,270.1,270.45,4358
FSL,2026-06-02 11:35:00,270.45,270.5,269.9,270.3,20510
FSL,2026-06-02 11:36:00,270.3,270.3,270.15,270.15,1670
FSL,2026-06-02 11:37:00,270.15,270.2,270.05,270.15,575
FSL,2026-06-02 11:38:00,270.15,270.15,270.0,270.1,723
FSL,2026-06-02 11:39:00,270.1,270.1,270.0,270.05,542
FSL,2026-06-02 11:40:00,270.05,270.2,270.05,270.05,2339
FSL,2026-06-02 11:41:00,270.2,270.2,270.05,270.05,87
FSL,2026-06-02 11:42:00,270.05,270.15,270.0,270.05,1182
FSL,2026-06-02 11:43:00,270.0,270.05,269.65,269.7,15167
FSL,2026-06-02 11:44:00,269.6,269.8,269.15,269.2,4950
FSL,2026-06-02 11:45:00,269.35,269.65,269.2,269.55,6469
FSL,2026-06-02 11:46:00,269.5,269.55,269.1,269.15,5689
FSL,2026-06-02 11:47:00,269.15,269.5,269.15,269.3,2610
FSL,2026-06-02 11:48:00,269.3,269.3,268.7,269.0,7256
FSL,2026-06-02 11:49:00,269.0,269.15,268.95,269.0,1701
FSL,2026-06-02 11:50:00,269.0,269.3,269.0,269.3,4380
FSL,2026-06-02 11:51:00,269.3,269.3,268.9,268.9,13231
FSL,2026-06-02 11:52:00,268.9,269.25,268.9,269.25,892
FSL,2026-06-02 11:53:00,269.25,269.5,269.1,269.3,5602
FSL,2026-06-02 11:54:00,269.3,269.3,269.1,269.2,346
FSL,2026-06-02 11:55:00,269.15,269.2,269.05,269.1,980
FSL,2026-06-02 11:56:00,269.2,269.2,269.0,269.05,2209
FSL,2026-06-02 11:57:00,269.1,269.35,269.1,269.35,510
FSL,2026-06-02 11:58:00,269.4,269.4,269.0,269.05,4440
FSL,2026-06-02 11:59:00,269.05,269.05,268.55,268.6,3200
FSL,2026-06-02 12:00:00,268.6,268.85,268.55,268.8,1812
FSL,2026-06-02 12:01:00,268.7,268.85,268.7,268.8,656
FSL,2026-06-02 12:02:00,268.7,268.85,268.55,268.7,576
FSL,2026-06-02 12:03:00,268.7,268.7,268.5,268.55,889
FSL,2026-06-02 12:04:00,268.55,268.8,268.55,268.8,2375
FSL,2026-06-02 12:05:00,268.8,268.8,268.5,268.5,1833
FSL,2026-06-02 12:06:00,268.5,268.9,268.5,268.9,368
FSL,2026-06-02 12:07:00,268.65,268.9,268.6,268.85,13435
FSL,2026-06-02 12:08:00,268.85,269.1,268.85,269.05,837
FSL,2026-06-02 12:09:00,269.1,269.1,268.9,268.9,1037
FSL,2026-06-02 12:10:00,268.9,269.0,268.85,268.85,34
FSL,2026-06-02 12:11:00,268.8,269.0,268.8,269.0,5156
FSL,2026-06-02 12:12:00,269.0,269.0,268.8,269.0,308
FSL,2026-06-02 12:13:00,269.0,269.0,268.3,268.3,7510
FSL,2026-06-02 12:14:00,268.2,268.3,268.1,268.15,4565
FSL,2026-06-02 12:15:00,268.15,268.3,268.0,268.05,2785
FSL,2026-06-02 12:16:00,268.05,268.25,268.0,268.25,1199
FSL,2026-06-02 12:17:00,268.45,268.45,268.2,268.2,3217
FSL,2026-06-02 12:18:00,268.2,268.2,268.05,268.05,1645
FSL,2026-06-02 12:19:00,268.05,268.1,267.75,267.75,3578
FSL,2026-06-02 12:20:00,267.85,268.1,267.75,267.8,3439
FSL,2026-06-02 12:21:00,267.8,268.0,267.75,268.0,2229
FSL,2026-06-02 12:22:00,268.0,268.0,267.6,267.7,4347
FSL,2026-06-02 12:23:00,267.6,268.0,267.6,268.0,900
FSL,2026-06-02 12:24:00,268.0,268.0,267.7,267.9,2179
FSL,2026-06-02 12:25:00,267.9,268.1,267.75,268.1,856
FSL,2026-06-02 12:26:00,268.1,268.1,268.05,268.05,10
FSL,2026-06-02 12:27:00,268.05,268.15,267.95,268.05,896
FSL,2026-06-02 12:28:00,268.1,268.1,267.85,268.05,3961
FSL,2026-06-02 12:29:00,268.05,268.05,267.7,267.85,2328
FSL,2026-06-02 12:30:00,267.85,268.1,267.65,268.1,1993
FSL,2026-06-02 12:31:00,268.1,268.15,267.85,267.85,1185
FSL,2026-06-02 12:32:00,267.95,268.1,267.95,268.1,776
FSL,2026-06-02 12:33:00,267.95,268.35,267.95,268.3,1223
FSL,2026-06-02 12:34:00,268.15,268.65,268.05,268.05,7819
FSL,2026-06-02 12:35:00,268.3,268.35,268.2,268.35,419
FSL,2026-06-02 12:36:00,268.35,268.4,268.2,268.2,1746
FSL,2026-06-02 12:37:00,268.4,268.4,268.2,268.2,200
FSL,2026-06-02 12:38:00,268.2,268.2,267.85,268.05,2156
FSL,2026-06-02 12:39:00,268.05,268.05,267.3,267.3,2582
FSL,2026-06-02 12:40:00,267.6,267.6,267.5,267.5,584
FSL,2026-06-02 12:41:00,267.85,268.15,267.65,268.15,4121
FSL,2026-06-02 12:42:00,268.15,268.25,267.65,267.65,8173
FSL,2026-06-02 12:43:00,267.85,268.0,267.55,267.9,4717
FSL,2026-06-02 12:44:00,268.0,268.0,267.8,267.95,1010
FSL,2026-06-02 12:45:00,267.95,268.25,267.95,268.05,2395
FSL,2026-06-02 12:46:00,268.05,268.25,267.85,268.25,5531
FSL,2026-06-02 12:47:00,268.25,268.35,268.1,268.35,2680
FSL,2026-06-02 12:48:00,268.35,268.5,268.3,268.5,2374
FSL,2026-06-02 12:49:00,268.5,268.5,268.3,268.5,1913
FSL,2026-06-02 12:50:00,268.2,268.5,268.2,268.35,1147
FSL,2026-06-02 12:51:00,268.35,268.95,268.35,268.95,6563
FSL,2026-06-02 12:52:00,268.95,268.95,268.8,268.9,3447
FSL,2026-06-02 12:53:00,268.9,268.9,268.5,268.5,591
FSL,2026-06-02 12:54:00,268.5,268.9,268.5,268.8,1193
FSL,2026-06-02 12:55:00,268.8,269.35,268.8,269.1,4369
FSL,2026-06-02 12:56:00,269.1,269.45,269.1,269.15,7047
FSL,2026-06-02 12:57:00,269.15,269.35,269.15,269.35,459
FSL,2026-06-02 12:58:00,269.35,269.35,269.3,269.3,1479
FSL,2026-06-02 12:59:00,269.3,269.4,269.1,269.4,1563
FSL,2026-06-02 13:00:00,269.4,269.45,269.2,269.3,2211
FSL,2026-06-02 13:01:00,269.3,269.3,268.85,268.85,5776
FSL,2026-06-02 13:02:00,268.85,269.0,268.8,268.8,340
FSL,2026-06-02 13:03:00,268.85,268.95,268.8,268.95,154
FSL,2026-06-02 13:04:00,268.95,269.2,268.8,269.2,2384
FSL,2026-06-02 13:05:00,269.2,269.5,269.2,269.45,3559
FSL,2026-06-02 13:06:00,269.45,269.45,268.85,269.05,10797
FSL,2026-06-02 13:07:00,269.05,269.1,268.9,269.0,2038
FSL,2026-06-02 13:08:00,269.0,269.25,268.9,269.25,1758
FSL,2026-06-02 13:09:00,269.25,269.3,269.25,269.25,1612
FSL,2026-06-02 13:10:00,269.25,269.25,269.0,269.25,10175
FSL,2026-06-02 13:11:00,269.25,269.25,268.85,268.85,2931
FSL,2026-06-02 13:12:00,268.9,269.25,268.65,269.25,4411
FSL,2026-06-02 13:13:00,269.05,269.05,269.05,269.05,378
FSL,2026-06-02 13:14:00,269.05,269.05,268.7,268.7,172
FSL,2026-06-02 13:15:00,268.7,268.8,268.65,268.65,476
FSL,2026-06-02 13:16:00,268.65,268.7,268.5,268.7,839
FSL,2026-06-02 13:17:00,268.7,268.7,268.7,268.7,814
FSL,2026-06-02 13:18:00,268.7,268.75,268.7,268.75,109
FSL,2026-06-02 13:19:00,268.75,268.75,268.7,268.7,667
FSL,2026-06-02 13:20:00,268.7,268.75,268.6,268.6,536
FSL,2026-06-02 13:21:00,268.6,268.75,268.3,268.6,4609
FSL,2026-06-02 13:22:00,268.6,268.6,268.45,268.6,618
FSL,2026-06-02 13:23:00,268.6,268.6,268.3,268.3,1683
FSL,2026-06-02 13:24:00,268.3,268.6,268.3,268.55,941
FSL,2026-06-02 13:25:00,268.55,268.6,268.3,268.5,2202
FSL,2026-06-02 13:26:00,268.55,268.6,268.35,268.6,2331
FSL,2026-06-02 13:27:00,268.5,268.5,268.35,268.5,504
FSL,2026-06-02 13:28:00,268.5,269.05,268.35,269.05,19277
FSL,2026-06-02 13:29:00,269.05,269.35,269.05,269.3,996
FSL,2026-06-02 13:30:00,269.3,269.35,269.3,269.35,2177
FSL,2026-06-02 13:31:00,269.35,269.35,269.0,269.0,4212
FSL,2026-06-02 13:32:00,269.0,269.2,269.0,269.2,1410
FSL,2026-06-02 13:33:00,269.2,269.2,269.0,269.0,1480
FSL,2026-06-02 13:34:00,269.0,269.15,268.95,269.15,794
FSL,2026-06-02 13:35:00,269.15,269.25,269.0,269.25,1157
FSL,2026-06-02 13:36:00,269.2,269.2,269.05,269.05,1295
FSL,2026-06-02 13:37:00,269.05,269.2,269.05,269.2,151
FSL,2026-06-02 13:38:00,269.2,269.2,269.1,269.1,304
FSL,2026-06-02 13:39:00,269.1,269.2,269.05,269.05,1767
FSL,2026-06-02 13:40:00,269.05,269.15,269.0,269.15,201
FSL,2026-06-02 13:41:00,269.15,269.15,268.7,268.7,2940
FSL,2026-06-02 13:42:00,268.7,268.95,268.65,268.65,587
FSL,2026-06-02 13:43:00,268.65,269.05,268.65,269.05,1943
FSL,2026-06-02 13:44:00,269.05,269.05,268.75,268.9,437
FSL,2026-06-02 13:45:00,268.8,268.85,268.5,268.7,1399
FSL,2026-06-02 13:46:00,268.7,268.95,268.7,268.7,984
FSL,2026-06-02 13:47:00,268.7,268.95,268.65,268.85,832
FSL,2026-06-02 13:48:00,268.85,269.0,268.8,269.0,1628
FSL,2026-06-02 13:49:00,269.05,269.15,268.95,269.15,381
FSL,2026-06-02 13:50:00,268.95,269.15,268.85,268.9,1888
FSL,2026-06-02 13:51:00,268.9,268.9,268.85,268.9,301
FSL,2026-06-02 13:52:00,268.9,269.05,268.9,268.9,7
FSL,2026-06-02 13:53:00,269.05,269.05,268.55,268.55,2609
FSL,2026-06-02 13:54:00,268.55,268.9,268.55,268.9,2648
FSL,2026-06-02 13:55:00,268.9,268.9,268.65,268.75,140
FSL,2026-06-02 13:56:00,268.75,268.95,268.65,268.65,2432
FSL,2026-06-02 13:57:00,268.65,268.95,268.65,268.95,2546
FSL,2026-06-02 13:58:00,268.95,269.05,268.7,269.05,676
FSL,2026-06-02 13:59:00,269.05,269.05,268.8,268.85,95
FSL,2026-06-02 14:00:00,268.85,268.85,268.85,268.85,2347
FSL,2026-06-02 14:01:00,269.0,269.0,268.75,268.9,250
FSL,2026-06-02 14:02:00,268.75,268.75,268.7,268.7,315
FSL,2026-06-02 14:03:00,268.7,268.8,268.7,268.8,265
FSL,2026-06-02 14:04:00,268.9,269.0,268.75,269.0,635
FSL,2026-06-02 14:05:00,269.0,269.15,269.0,269.0,225
FSL,2026-06-02 14:06:00,269.0,269.2,269.0,269.2,1522
FSL,2026-06-02 14:07:00,269.15,269.35,269.15,269.2,1583
FSL,2026-06-02 14:08:00,269.15,269.2,269.0,269.2,1143
FSL,2026-06-02 14:09:00,269.2,269.2,269.0,269.0,642
FSL,2026-06-02 14:10:00,269.0,269.2,269.0,269.2,40
FSL,2026-06-02 14:11:00,269.2,269.45,269.1,269.15,4947
FSL,2026-06-02 14:12:00,269.15,269.45,269.1,269.1,2483
FSL,2026-06-02 14:13:00,269.1,269.3,269.1,269.3,298
FSL,2026-06-02 14:14:00,269.3,269.3,269.05,269.1,725
FSL,2026-06-02 14:15:00,269.1,269.1,269.1,269.1,48
FSL,2026-06-02 14:16:00,269.1,269.2,269.1,269.2,1258
FSL,2026-06-02 14:17:00,269.2,269.3,269.15,269.15,1504
FSL,2026-06-02 14:18:00,269.15,269.45,269.15,269.25,215
FSL,2026-06-02 14:19:00,269.25,269.35,269.2,269.25,520
FSL,2026-06-02 14:20:00,269.25,269.65,269.2,269.6,1908
FSL,2026-06-02 14:21:00,269.6,269.9,269.6,269.8,2022
FSL,2026-06-02 14:22:00,269.8,269.8,269.4,269.65,2589
FSL,2026-06-02 14:23:00,269.55,269.6,269.5,269.6,794
FSL,2026-06-02 14:24:00,269.6,271.4,269.4,271.4,23154
FSL,2026-06-02 14:25:00,271.2,271.75,271.0,271.55,25037
FSL,2026-06-02 14:26:00,271.75,271.75,271.35,271.7,5417
FSL,2026-06-02 14:27:00,271.7,271.75,271.25,271.55,6265
FSL,2026-06-02 14:28:00,271.65,271.8,271.4,271.65,12050
FSL,2026-06-02 14:29:00,271.65,271.75,271.5,271.5,4107
FSL,2026-06-02 14:30:00,271.25,271.5,271.05,271.15,6147
FSL,2026-06-02 14:31:00,271.35,271.5,271.15,271.4,3329
FSL,2026-06-02 14:32:00,271.4,271.5,271.2,271.5,2740
FSL,2026-06-02 14:33:00,271.45,271.5,271.25,271.45,4417
FSL,2026-06-02 14:34:00,271.45,271.5,271.15,271.2,6413
FSL,2026-06-02 14:35:00,271.4,271.5,271.25,271.45,5369
FSL,2026-06-02 14:36:00,271.45,271.5,271.25,271.45,2835
FSL,2026-06-02 14:37:00,271.45,271.45,270.95,271.1,7575
FSL,2026-06-02 14:38:00,270.75,271.1,270.65,271.0,4501
FSL,2026-06-02 14:39:00,271.05,271.05,270.5,270.5,15156
FSL,2026-06-02 14:40:00,270.7,270.7,270.15,270.3,5729
FSL,2026-06-02 14:41:00,270.2,270.4,269.8,270.05,7070
FSL,2026-06-02 14:42:00,270.05,270.4,270.05,270.3,3046
FSL,2026-06-02 14:43:00,270.3,270.5,269.85,269.85,5867
FSL,2026-06-02 14:44:00,270.05,270.2,269.75,270.2,5717
FSL,2026-06-02 14:45:00,269.9,270.1,269.85,269.85,2299
FSL,2026-06-02 14:46:00,270.1,270.15,269.85,270.0,4204
FSL,2026-06-02 14:47:00,270.0,270.05,269.85,269.85,14922
FSL,2026-06-02 14:48:00,270.1,270.2,269.9,270.0,2445
FSL,2026-06-02 14:49:00,270.2,270.25,270.0,270.05,3452
FSL,2026-06-02 14:50:00,270.05,270.55,270.05,270.55,4321
FSL,2026-06-02 14:51:00,270.55,270.6,270.15,270.55,3783
FSL,2026-06-02 14:52:00,270.2,270.4,269.85,269.85,6157
FSL,2026-06-02 14:53:00,270.05,270.35,270.05,270.35,2865
FSL,2026-06-02 14:54:00,270.35,270.45,270.15,270.35,2260
FSL,2026-06-02 14:55:00,270.4,270.4,269.95,270.0,4372
FSL,2026-06-02 14:56:00,270.0,270.25,270.0,270.2,2993
FSL,2026-06-02 14:57:00,270.3,270.65,270.3,270.55,13000
FSL,2026-06-02 14:58:00,270.55,270.55,270.2,270.25,3143
FSL,2026-06-02 14:59:00,270.2,270.4,270.15,270.35,2906
FSL,2026-06-02 15:00:00,269.6,270.05,269.3,269.85,12254
FSL,2026-06-02 15:01:00,269.75,270.15,269.75,270.15,6281
FSL,2026-06-02 15:02:00,270.15,270.4,269.95,270.05,18968
FSL,2026-06-02 15:03:00,269.95,270.2,269.95,270.2,2398
FSL,2026-06-02 15:04:00,270.2,270.35,270.1,270.2,2061
FSL,2026-06-02 15:05:00,270.2,270.45,270.2,270.4,2096
FSL,2026-06-02 15:06:00,270.4,270.55,270.05,270.3,4365
FSL,2026-06-02 15:07:00,270.3,270.35,270.0,270.15,5737
FSL,2026-06-02 15:08:00,270.0,270.1,269.75,269.85,3178
FSL,2026-06-02 15:09:00,270.1,270.15,269.85,270.15,2782
FSL,2026-06-02 15:10:00,270.05,270.1,269.65,270.0,7068
FSL,2026-06-02 15:11:00,269.9,270.3,269.9,270.3,13547
FSL,2026-06-02 15:12:00,270.3,270.45,270.15,270.45,6536
FSL,2026-06-02 15:13:00,270.6,271.35,270.45,271.2,67919
FSL,2026-06-02 15:14:00,271.2,271.55,270.8,271.45,38098
FSL,2026-06-02 15:15:00,271.45,271.55,271.2,271.3,9148
FSL,2026-06-02 15:16:00,271.25,271.3,271.0,271.25,5513
FSL,2026-06-02 15:17:00,271.05,271.25,270.85,270.9,3661
FSL,2026-06-02 15:18:00,270.95,271.5,270.9,271.3,25780
FSL,2026-06-02 15:19:00,271.4,271.4,270.8,271.0,6582
FSL,2026-06-02 15:20:00,270.85,271.2,270.85,271.0,9351
FSL,2026-06-02 15:21:00,270.9,271.4,270.7,270.7,12337
FSL,2026-06-02 15:22:00,270.8,270.85,270.55,270.85,3578
FSL,2026-06-02 15:23:00,270.8,270.85,270.4,270.75,6142
FSL,2026-06-02 15:24:00,270.8,270.8,270.3,270.5,7855
FSL,2026-06-02 15:25:00,270.5,270.5,270.0,270.45,15309
FSL,2026-06-02 15:26:00,270.55,270.55,270.0,270.2,11800
FSL,2026-06-02 15:27:00,270.15,270.85,270.15,270.85,12025
FSL,2026-06-02 15:28:00,270.9,270.95,270.8,270.8,5669
FSL,2026-06-02 15:29:00,270.8,271.0,270.2,270.2,15369
FSL,2026-06-03 09:15:00,270.7,270.7,266.55,266.55,20395
FSL,2026-06-03 09:16:00,266.45,267.6,266.35,267.35,17417
FSL,2026-06-03 09:17:00,267.2,267.35,266.05,266.3,12712
FSL,2026-06-03 09:18:00,266.3,266.6,265.75,265.95,12881
FSL,2026-06-03 09:19:00,265.75,265.75,264.8,265.05,17312
FSL,2026-06-03 09:20:00,265.25,265.3,264.3,264.6,12750
FSL,2026-06-03 09:21:00,264.5,265.05,263.55,263.95,21695
FSL,2026-06-03 09:22:00,263.9,264.0,263.15,263.5,19718
FSL,2026-06-03 09:23:00,263.5,263.8,263.25,263.75,10582
FSL,2026-06-03 09:24:00,263.8,263.9,263.3,263.3,17556
FSL,2026-06-03 09:25:00,263.55,263.8,263.45,263.8,5165
FSL,2026-06-03 09:26:00,263.45,264.1,263.45,263.5,14547
FSL,2026-06-03 09:27:00,263.7,263.8,262.85,263.15,19020
FSL,2026-06-03 09:28:00,263.1,263.35,262.75,262.85,7922
FSL,2026-06-03 09:29:00,262.85,263.05,262.85,263.05,2675
FSL,2026-06-03 09:30:00,263.0,263.2,262.9,262.9,5415
FSL,2026-06-03 09:31:00,262.55,263.0,262.55,263.0,3404
FSL,2026-06-03 09:32:00,263.0,263.2,263.0,263.0,3952
FSL,2026-06-03 09:33:00,263.0,263.15,262.8,263.15,3256
FSL,2026-06-03 09:34:00,263.05,263.1,262.9,262.9,4082
FSL,2026-06-03 09:35:00,262.9,263.5,262.9,263.4,4120
FSL,2026-06-03 09:36:00,263.4,263.9,263.4,263.9,3469
FSL,2026-06-03 09:37:00,263.9,264.15,263.7,263.7,9651
FSL,2026-06-03 09:38:00,263.7,263.9,263.65,263.65,3524
FSL,2026-06-03 09:39:00,263.65,264.2,263.65,264.2,4879
FSL,2026-06-03 09:40:00,263.7,263.7,262.8,262.9,11621
FSL,2026-06-03 09:41:00,262.65,262.9,262.65,262.7,3554
FSL,2026-06-03 09:42:00,262.7,263.5,262.7,263.35,9021
FSL,2026-06-03 09:43:00,263.1,263.7,263.1,263.55,8325
FSL,2026-06-03 09:44:00,263.25,263.45,263.15,263.45,930
FSL,2026-06-03 09:45:00,263.45,263.8,263.45,263.7,12558
FSL,2026-06-03 09:46:00,263.7,264.1,263.5,263.8,4251
FSL,2026-06-03 09:47:00,263.65,264.1,263.65,264.0,5201
FSL,2026-06-03 09:48:00,264.05,264.05,263.75,264.0,2737
FSL,2026-06-03 09:49:00,264.0,264.0,263.85,264.0,1111
FSL,2026-06-03 09:50:00,263.75,263.8,263.5,263.5,4340
FSL,2026-06-03 09:51:00,263.55,263.85,263.55,263.75,3506
FSL,2026-06-03 09:52:00,263.75,264.35,263.75,264.15,1598
FSL,2026-06-03 09:53:00,264.15,264.2,263.8,264.0,2039
FSL,2026-06-03 09:54:00,264.05,264.05,263.8,263.8,2447
FSL,2026-06-03 09:55:00,263.55,263.55,263.15,263.25,4370
FSL,2026-06-03 09:56:00,263.25,263.25,263.0,263.1,3301
FSL,2026-06-03 09:57:00,263.2,263.2,263.0,263.05,1080
FSL,2026-06-03 09:58:00,263.05,263.1,263.0,263.1,1646
FSL,2026-06-03 09:59:00,263.2,263.85,263.05,263.05,4162
FSL,2026-06-03 10:00:00,263.05,263.05,263.05,263.05,82
FSL,2026-06-03 10:01:00,263.2,263.2,262.8,262.95,5932
FSL,2026-06-03 10:02:00,262.95,263.15,262.85,263.15,1467
FSL,2026-06-03 10:03:00,263.3,263.3,263.0,263.1,2996
FSL,2026-06-03 10:04:00,263.1,263.3,263.1,263.25,2357
FSL,2026-06-03 10:05:00,263.25,263.25,263.15,263.25,3398
FSL,2026-06-03 10:06:00,263.35,263.4,263.25,263.25,622
FSL,2026-06-03 10:07:00,263.3,263.3,263.15,263.3,1493
FSL,2026-06-03 10:08:00,263.25,263.25,263.2,263.25,147
FSL,2026-06-03 10:09:00,263.25,263.3,263.25,263.3,1545
FSL,2026-06-03 10:10:00,263.25,263.35,263.25,263.35,1598
FSL,2026-06-03 10:11:00,263.35,263.5,263.25,263.3,1763
FSL,2026-06-03 10:12:00,263.3,263.5,263.3,263.5,1335
FSL,2026-06-03 10:13:00,263.5,263.5,263.3,263.3,859
FSL,2026-06-03 10:14:00,263.3,263.6,263.3,263.45,3702
FSL,2026-06-03 10:15:00,263.45,263.45,263.05,263.05,1493
FSL,2026-06-03 10:16:00,263.15,263.45,263.0,263.25,10805
FSL,2026-06-03 10:17:00,263.25,263.65,263.25,263.25,4104
FSL,2026-06-03 10:18:00,263.25,263.5,263.25,263.5,637
FSL,2026-06-03 10:19:00,263.5,263.95,263.45,263.95,1275
FSL,2026-06-03 10:20:00,263.95,264.25,263.85,264.05,3531
FSL,2026-06-03 10:21:00,264.05,264.3,264.05,264.2,710
FSL,2026-06-03 10:22:00,264.3,265.35,264.3,265.15,19263
FSL,2026-06-03 10:23:00,265.15,265.6,265.15,265.45,6078
FSL,2026-06-03 10:24:00,265.45,265.5,265.0,265.4,7569
FSL,2026-06-03 10:25:00,265.35,265.5,265.2,265.2,2043
FSL,2026-06-03 10:26:00,265.2,265.2,264.65,264.7,2660
FSL,2026-06-03 10:27:00,264.85,264.85,264.55,264.8,1207
FSL,2026-06-03 10:28:00,264.8,264.8,264.35,264.35,1213
FSL,2026-06-03 10:29:00,264.35,264.75,264.35,264.45,1735
FSL,2026-06-03 10:30:00,264.45,264.45,264.3,264.3,806
FSL,2026-06-03 10:31:00,264.3,264.4,264.3,264.4,2839
FSL,2026-06-03 10:32:00,264.4,264.4,264.2,264.25,448
FSL,2026-06-03 10:33:00,264.25,264.25,264.05,264.05,1118
FSL,2026-06-03 10:34:00,263.95,263.95,263.55,263.75,4561
FSL,2026-06-03 10:35:00,263.8,263.85,263.25,263.65,6434
FSL,2026-06-03 10:36:00,263.65,263.85,263.65,263.85,786
FSL,2026-06-03 10:37:00,263.85,264.0,263.5,263.5,3349
FSL,2026-06-03 10:38:00,263.55,263.7,263.25,263.7,1787
FSL,2026-06-03 10:39:00,263.85,264.0,263.85,263.85,419
FSL,2026-06-03 10:40:00,263.85,264.0,263.85,264.0,233
FSL,2026-06-03 10:41:00,264.0,264.0,263.65,263.7,12661
FSL,2026-06-03 10:42:00,263.7,263.7,263.6,263.6,1056
FSL,2026-06-03 10:43:00,263.7,263.7,263.6,263.7,19
FSL,2026-06-03 10:44:00,263.7,263.7,263.5,263.65,348
FSL,2026-06-03 10:45:00,263.55,263.6,263.5,263.55,597
FSL,2026-06-03 10:46:00,263.55,263.6,263.55,263.55,480
FSL,2026-06-03 10:47:00,263.55,263.6,263.55,263.55,316
FSL,2026-06-03 10:48:00,263.55,263.75,263.55,263.7,815
FSL,2026-06-03 10:49:00,263.85,264.0,263.7,263.75,693
FSL,2026-06-03 10:50:00,263.75,263.85,263.75,263.75,214
FSL,2026-06-03 10:51:00,263.75,263.85,263.75,263.85,11
FSL,2026-06-03 10:52:00,263.85,263.85,263.75,263.85,235
FSL,2026-06-03 10:53:00,263.85,263.85,263.6,263.6,1626
FSL,2026-06-03 10:54:00,263.6,263.9,263.6,263.9,1649
FSL,2026-06-03 10:55:00,263.9,263.95,263.9,263.95,111
FSL,2026-06-03 10:56:00,263.9,263.95,263.8,263.8,770
FSL,2026-06-03 10:57:00,263.8,263.8,263.7,263.7,410
FSL,2026-06-03 10:58:00,263.7,263.7,263.55,263.65,1093
FSL,2026-06-03 10:59:00,263.7,263.7,263.7,263.7,4
FSL,2026-06-03 11:00:00,263.8,263.8,263.7,263.7,105
FSL,2026-06-03 11:01:00,263.8,263.8,263.7,263.7,106
FSL,2026-06-03 11:02:00,263.7,264.0,263.7,263.8,1641
FSL,2026-06-03 11:03:00,263.8,263.8,263.55,263.65,377
FSL,2026-06-03 11:04:00,263.65,263.65,263.55,263.55,380
FSL,2026-06-03 11:05:00,263.55,263.55,263.0,263.1,7312
FSL,2026-06-03 11:06:00,263.0,263.05,262.7,262.85,4376
FSL,2026-06-03 11:07:00,262.85,263.0,262.6,262.75,2498
FSL,2026-06-03 11:08:00,262.6,262.75,262.45,262.45,2283
FSL,2026-06-03 11:09:00,262.45,262.55,262.3,262.3,2102
FSL,2026-06-03 11:10:00,262.25,262.6,262.15,262.3,2990
FSL,2026-06-03 11:11:00,262.3,262.45,262.3,262.3,84
FSL,2026-06-03 11:12:00,262.3,262.45,262.3,262.45,805
FSL,2026-06-03 11:13:00,262.55,262.85,262.45,262.85,2457
FSL,2026-06-03 11:14:00,262.85,262.85,262.65,262.7,127
FSL,2026-06-03 11:15:00,262.7,262.8,262.45,262.5,1054
FSL,2026-06-03 11:16:00,262.5,262.5,262.45,262.5,286
FSL,2026-06-03 11:17:00,262.5,262.75,262.5,262.75,367
FSL,2026-06-03 11:18:00,262.75,262.85,262.6,262.7,575
FSL,2026-06-03 11:19:00,262.75,263.0,262.75,263.0,317
FSL,2026-06-03 11:20:00,262.85,262.85,262.75,262.75,1151
FSL,2026-06-03 11:21:00,262.85,262.85,262.8,262.8,1177
FSL,2026-06-03 11:22:00,262.8,263.0,262.8,262.85,6563
FSL,2026-06-03 11:23:00,262.85,263.25,262.85,263.15,639
FSL,2026-06-03 11:24:00,263.2,263.35,263.2,263.2,800
FSL,2026-06-03 11:25:00,263.2,263.3,263.0,263.0,633
FSL,2026-06-03 11:26:00,263.0,263.15,263.0,263.05,1124
FSL,2026-06-03 11:27:00,263.05,263.2,263.05,263.1,1003
FSL,2026-06-03 11:28:00,263.1,263.1,262.6,262.6,2056
FSL,2026-06-03 11:29:00,262.6,263.1,262.6,262.95,2414
FSL,2026-06-03 11:30:00,262.95,263.0,262.95,263.0,1392
FSL,2026-06-03 11:31:00,262.9,263.1,262.9,262.95,1121
FSL,2026-06-03 11:32:00,262.95,262.95,262.95,262.95,142
FSL,2026-06-03 11:33:00,262.95,263.1,262.9,262.9,570
FSL,2026-06-03 11:34:00,262.95,262.95,262.65,262.75,549
FSL,2026-06-03 11:35:00,262.75,262.85,262.75,262.85,1039
FSL,2026-06-03 11:36:00,262.85,263.1,262.85,262.85,336
FSL,2026-06-03 11:37:00,262.85,263.0,262.85,263.0,486
FSL,2026-06-03 11:38:00,262.9,262.9,262.65,262.85,707
FSL,2026-06-03 11:39:00,262.75,262.75,262.75,262.75,255
FSL,2026-06-03 11:40:00,262.6,262.85,262.6,262.85,715
FSL,2026-06-03 11:41:00,262.75,262.85,262.75,262.75,132
FSL,2026-06-03 11:42:00,262.75,262.85,262.55,262.7,220
FSL,2026-06-03 11:43:00,262.6,262.85,262.6,262.75,542
FSL,2026-06-03 11:44:00,262.75,262.75,262.5,262.55,2180
FSL,2026-06-03 11:45:00,262.55,262.6,262.55,262.6,694
FSL,2026-06-03 11:46:00,262.55,262.6,262.55,262.6,154
FSL,2026-06-03 11:47:00,262.6,262.7,262.6,262.6,338
FSL,2026-06-03 11:48:00,262.6,262.7,262.6,262.6,34
FSL,2026-06-03 11:49:00,262.7,262.7,262.7,262.7,609
FSL,2026-06-03 11:50:00,262.7,262.95,262.7,262.75,556
FSL,2026-06-03 11:51:00,262.75,262.75,262.6,262.6,319
FSL,2026-06-03 11:52:00,262.6,262.9,262.6,262.75,3405
FSL,2026-06-03 11:53:00,262.75,262.9,262.75,262.75,320
FSL,2026-06-03 11:54:00,262.85,262.85,262.75,262.75,234
FSL,2026-06-03 11:55:00,262.75,262.95,262.6,262.75,4091
FSL,2026-06-03 11:56:00,262.65,262.75,262.65,262.65,584
FSL,2026-06-03 11:57:00,262.65,262.65,262.15,262.3,5554
FSL,2026-06-03 11:58:00,262.25,262.25,261.6,261.7,11068
FSL,2026-06-03 11:59:00,261.8,262.1,261.8,261.9,2615
FSL,2026-06-03 12:00:00,261.9,262.35,261.9,262.35,2014
FSL,2026-06-03 12:01:00,262.35,262.4,261.9,261.9,1489
FSL,2026-06-03 12:02:00,261.95,262.0,261.9,261.9,449
FSL,2026-06-03 12:03:00,261.7,261.75,261.6,261.6,2641
FSL,2026-06-03 12:04:00,261.6,261.9,261.6,261.9,2965
FSL,2026-06-03 12:05:00,261.95,262.1,261.8,261.95,1589
FSL,2026-06-03 12:06:00,261.95,262.15,261.9,262.0,1146
FSL,2026-06-03 12:07:00,262.0,262.05,261.95,261.95,929
FSL,2026-06-03 12:08:00,261.9,262.15,261.8,261.8,1753
FSL,2026-06-03 12:09:00,261.7,261.8,261.65,261.8,187
FSL,2026-06-03 12:10:00,261.8,261.8,261.8,261.8,25
FSL,2026-06-03 12:11:00,261.8,261.8,261.8,261.8,737
FSL,2026-06-03 12:12:00,261.8,261.8,261.7,261.7,1460
FSL,2026-06-03 12:13:00,261.7,261.9,261.7,261.7,607
FSL,2026-06-03 12:14:00,261.7,261.9,261.65,261.7,1189
FSL,2026-06-03 12:15:00,261.8,261.8,261.7,261.7,292
FSL,2026-06-03 12:16:00,261.7,261.8,261.7,261.8,270
FSL,2026-06-03 12:17:00,261.7,261.9,261.7,261.7,1094
FSL,2026-06-03 12:18:00,261.7,261.95,261.6,261.75,2154
FSL,2026-06-03 12:19:00,261.75,261.9,261.75,261.85,261
FSL,2026-06-03 12:20:00,261.85,262.25,261.85,262.25,3424
FSL,2026-06-03 12:21:00,262.25,262.5,262.25,262.3,620
FSL,2026-06-03 12:22:00,262.3,262.35,262.15,262.15,401
FSL,2026-06-03 12:23:00,262.15,262.4,262.0,262.15,3224
FSL,2026-06-03 12:24:00,262.15,262.35,262.15,262.15,111
FSL,2026-06-03 12:25:00,262.4,262.4,262.15,262.2,636
FSL,2026-06-03 12:26:00,262.2,262.35,262.2,262.25,21
FSL,2026-06-03 12:27:00,262.25,262.4,262.25,262.3,498
FSL,2026-06-03 12:28:00,262.45,262.9,262.4,262.9,2284
FSL,2026-06-03 12:29:00,262.75,263.2,262.7,262.8,4209
FSL,2026-06-03 12:30:00,262.85,262.95,262.75,262.75,289
FSL,2026-06-03 12:31:00,262.75,263.0,262.75,262.8,601
FSL,2026-06-03 12:32:00,262.75,263.05,262.75,262.8,238
FSL,2026-06-03 12:33:00,262.85,263.15,262.85,262.95,106
FSL,2026-06-03 12:34:00,262.95,263.0,262.9,262.9,150
FSL,2026-06-03 12:35:00,263.0,263.2,263.0,263.2,264
FSL,2026-06-03 12:36:00,263.2,263.5,263.2,263.45,2270
FSL,2026-06-03 12:37:00,263.35,263.4,263.05,263.2,2258
FSL,2026-06-03 12:38:00,263.2,263.5,263.2,263.4,934
FSL,2026-06-03 12:39:00,263.4,263.8,263.4,263.6,3477
FSL,2026-06-03 12:40:00,263.6,263.8,263.5,263.55,1392
FSL,2026-06-03 12:41:00,263.6,263.7,263.5,263.65,542
FSL,2026-06-03 12:42:00,263.6,263.7,263.55,263.55,1508
FSL,2026-06-03 12:43:00,263.6,264.0,263.55,263.9,1661
FSL,2026-06-03 12:44:00,263.85,264.0,263.65,263.75,2677
FSL,2026-06-03 12:45:00,263.6,263.6,263.5,263.5,3253
FSL,2026-06-03 12:46:00,263.5,263.6,263.4,263.5,443
FSL,2026-06-03 12:47:00,263.5,263.6,263.5,263.5,1821
FSL,2026-06-03 12:48:00,263.35,263.5,263.3,263.35,685
FSL,2026-06-03 12:49:00,263.35,263.4,263.3,263.4,189
FSL,2026-06-03 12:50:00,263.4,263.5,263.3,263.35,533
FSL,2026-06-03 12:51:00,263.35,263.6,263.35,263.6,954
FSL,2026-06-03 12:52:00,263.5,263.6,263.5,263.5,141
FSL,2026-06-03 12:53:00,263.5,263.5,263.5,263.5,175
FSL,2026-06-03 12:54:00,263.5,263.5,263.4,263.4,742
FSL,2026-06-03 12:55:00,263.4,263.6,263.35,263.5,3969
FSL,2026-06-03 12:56:00,263.55,263.7,263.5,263.5,539
FSL,2026-06-03 12:57:00,263.55,263.75,263.55,263.6,2815
FSL,2026-06-03 12:58:00,263.6,263.7,263.6,263.65,93
FSL,2026-06-03 12:59:00,263.65,263.8,263.65,263.7,257
FSL,2026-06-03 13:00:00,263.8,263.8,263.7,263.7,61
FSL,2026-06-03 13:01:00,263.7,263.8,263.7,263.7,231
FSL,2026-06-03 13:02:00,263.7,263.7,263.55,263.7,516
FSL,2026-06-03 13:03:00,263.8,263.8,263.5,263.5,265
FSL,2026-06-03 13:04:00,263.5,263.55,263.5,263.55,739
FSL,2026-06-03 13:05:00,263.55,263.65,263.55,263.55,16
FSL,2026-06-03 13:06:00,263.55,263.65,263.4,263.45,1603
FSL,2026-06-03 13:07:00,263.5,263.55,263.45,263.5,69
FSL,2026-06-03 13:08:00,263.55,263.8,263.55,263.8,603
FSL,2026-06-03 13:09:00,263.8,263.8,263.4,263.75,2321
FSL,2026-06-03 13:10:00,263.65,263.75,263.5,263.6,452
FSL,2026-06-03 13:11:00,263.5,263.7,263.5,263.7,911
FSL,2026-06-03 13:12:00,263.7,263.7,263.55,263.55,23
FSL,2026-06-03 13:13:00,263.55,263.6,263.5,263.5,317
FSL,2026-06-03 13:14:00,263.5,263.55,263.3,263.45,1624
FSL,2026-06-03 13:15:00,263.6,263.8,263.5,263.5,569
FSL,2026-06-03 13:16:00,263.5,263.75,263.5,263.65,227
FSL,2026-06-03 13:17:00,263.65,263.75,263.6,263.6,815
FSL,2026-06-03 13:18:00,263.6,263.8,263.6,263.7,318
FSL,2026-06-03 13:19:00,263.7,263.7,263.6,263.6,413
FSL,2026-06-03 13:20:00,263.6,263.95,263.6,263.95,795
FSL,2026-06-03 13:21:00,263.95,263.95,263.65,263.65,1126
FSL,2026-06-03 13:22:00,263.75,263.75,263.65,263.65,60
FSL,2026-06-03 13:23:00,263.65,263.75,263.65,263.65,831
FSL,2026-06-03 13:24:00,263.65,263.95,263.65,263.8,217
FSL,2026-06-03 13:25:00,263.95,263.95,263.75,263.8,1014
FSL,2026-06-03 13:26:00,264.1,264.25,264.0,264.25,5269
FSL,2026-06-03 13:27:00,264.25,264.25,263.9,263.9,1050
FSL,2026-06-03 13:28:00,263.9,264.05,263.9,264.05,78
FSL,2026-06-03 13:29:00,263.95,264.05,263.95,263.95,106
FSL,2026-06-03 13:30:00,263.95,263.95,263.95,263.95,6
FSL,2026-06-03 13:31:00,263.95,264.05,263.85,263.85,2526
FSL,2026-06-03 13:32:00,263.9,263.9,263.75,263.75,199
FSL,2026-06-03 13:33:00,263.75,263.75,263.75,263.75,11
FSL,2026-06-03 13:34:00,263.75,263.85,263.75,263.75,152
FSL,2026-06-03 13:35:00,263.8,264.05,263.8,263.85,3841
FSL,2026-06-03 13:36:00,263.9,264.05,263.9,263.9,198
FSL,2026-06-03 13:37:00,263.9,264.2,263.9,264.1,1492
FSL,2026-06-03 13:38:00,264.1,264.15,263.95,263.95,916
FSL,2026-06-03 13:39:00,264.1,264.1,263.9,263.9,445
FSL,2026-06-03 13:40:00,263.9,263.9,263.9,263.9,114
FSL,2026-06-03 13:41:00,263.9,264.05,263.9,263.95,267
FSL,2026-06-03 13:42:00,263.95,264.1,263.95,264.05,541
FSL,2026-06-03 13:43:00,264.05,264.1,264.0,264.05,416
FSL,2026-06-03 13:44:00,264.2,264.2,264.05,264.05,1668
FSL,2026-06-03 13:45:00,264.05,264.3,264.05,264.25,2012
FSL,2026-06-03 13:46:00,264.25,265.05,264.25,265.05,7931
FSL,2026-06-03 13:47:00,264.95,265.0,264.85,264.85,415
FSL,2026-06-03 13:48:00,264.85,265.4,264.85,265.3,3042
FSL,2026-06-03 13:49:00,265.3,265.35,265.15,265.35,7764
FSL,2026-06-03 13:50:00,265.1,265.5,265.0,265.0,5989
FSL,2026-06-03 13:51:00,265.05,265.2,264.9,264.9,2806
FSL,2026-06-03 13:52:00,265.0,265.2,265.0,265.0,495
FSL,2026-06-03 13:53:00,265.0,265.05,264.8,265.0,3142
FSL,2026-06-03 13:54:00,264.85,264.95,264.8,264.9,1245
FSL,2026-06-03 13:55:00,264.9,264.9,264.8,264.9,1070
FSL,2026-06-03 13:56:00,264.9,264.9,264.65,264.8,1197
FSL,2026-06-03 13:57:00,264.8,264.8,264.5,264.65,1553
FSL,2026-06-03 13:58:00,264.65,264.65,264.5,264.5,424
FSL,2026-06-03 13:59:00,264.5,264.65,264.5,264.5,114
FSL,2026-06-03 14:00:00,264.5,264.65,264.5,264.65,313
FSL,2026-06-03 14:01:00,264.5,264.5,264.5,264.5,502
FSL,2026-06-03 14:02:00,264.5,264.55,264.5,264.55,394
FSL,2026-06-03 14:03:00,264.55,264.65,264.55,264.55,18
FSL,2026-06-03 14:04:00,264.55,264.7,264.55,264.6,1016
FSL,2026-06-03 14:05:00,264.6,264.8,264.6,264.8,1208
FSL,2026-06-03 14:06:00,264.8,266.7,264.65,266.7,29539
FSL,2026-06-03 14:07:00,266.7,266.75,266.35,266.6,11439
FSL,2026-06-03 14:08:00,266.6,266.65,266.25,266.6,5955
FSL,2026-06-03 14:09:00,266.65,266.7,266.3,266.5,2592
FSL,2026-06-03 14:10:00,266.5,266.55,266.2,266.2,1464
FSL,2026-06-03 14:11:00,266.35,266.6,266.25,266.6,3284
FSL,2026-06-03 14:12:00,266.6,266.7,266.4,266.45,2009
FSL,2026-06-03 14:13:00,266.45,266.55,266.3,266.45,2271
FSL,2026-06-03 14:14:00,266.45,266.7,266.35,266.7,3793
FSL,2026-06-03 14:15:00,266.7,266.7,266.65,266.7,1314
FSL,2026-06-03 14:16:00,266.6,266.65,266.4,266.45,2276
FSL,2026-06-03 14:17:00,266.45,266.8,266.45,266.75,2365
FSL,2026-06-03 14:18:00,266.65,266.95,266.65,266.95,883
FSL,2026-06-03 14:19:00,266.9,267.15,266.9,267.0,4649
FSL,2026-06-03 14:20:00,267.0,267.05,266.8,266.9,2085
FSL,2026-06-03 14:21:00,266.9,267.1,266.85,266.95,3349
FSL,2026-06-03 14:22:00,266.95,267.2,266.95,267.1,1211
FSL,2026-06-03 14:23:00,267.2,267.4,267.0,267.1,2580
FSL,2026-06-03 14:24:00,267.4,267.4,267.05,267.3,2319
FSL,2026-06-03 14:25:00,267.3,267.3,266.7,266.9,1964
FSL,2026-06-03 14:26:00,266.9,267.1,266.8,267.0,1481
FSL,2026-06-03 14:27:00,267.05,267.1,266.75,266.75,1008
FSL,2026-06-03 14:28:00,266.85,267.2,266.8,266.9,3331
FSL,2026-06-03 14:29:00,266.85,267.2,266.8,266.8,1468
FSL,2026-06-03 14:30:00,267.05,267.2,266.85,267.2,1066
FSL,2026-06-03 14:31:00,267.2,267.2,266.9,266.9,16300
FSL,2026-06-03 14:32:00,267.05,267.15,266.7,266.7,3651
FSL,2026-06-03 14:33:00,266.9,267.15,266.65,267.15,1860
FSL,2026-06-03 14:34:00,266.95,267.2,266.8,266.85,3902
FSL,2026-06-03 14:35:00,267.1,267.1,266.85,267.0,1266
FSL,2026-06-03 14:36:00,266.8,267.0,266.8,267.0,1643
FSL,2026-06-03 14:37:00,267.0,267.0,266.8,266.85,1831
FSL,2026-06-03 14:38:00,266.85,267.4,266.85,267.4,6802
FSL,2026-06-03 14:39:00,267.4,267.45,266.95,267.05,4443
FSL,2026-06-03 14:40:00,267.05,267.7,267.0,267.55,10651
FSL,2026-06-03 14:41:00,267.7,267.75,267.3,267.65,3206
FSL,2026-06-03 14:42:00,267.7,267.8,267.45,267.8,1555
FSL,2026-06-03 14:43:00,267.8,268.25,267.6,267.85,4516
FSL,2026-06-03 14:44:00,267.85,268.3,267.85,268.05,7211
FSL,2026-06-03 14:45:00,268.05,268.35,268.0,268.15,2534
FSL,2026-06-03 14:46:00,268.15,268.15,267.6,267.6,5395
FSL,2026-06-03 14:47:00,267.85,267.95,267.5,267.5,3125
FSL,2026-06-03 14:48:00,267.4,267.75,267.4,267.75,2991
FSL,2026-06-03 14:49:00,267.75,267.8,267.55,267.8,1841
FSL,2026-06-03 14:50:00,267.65,268.05,267.65,267.9,6421
FSL,2026-06-03 14:51:00,267.9,268.05,267.7,267.85,4427
FSL,2026-06-03 14:52:00,267.85,268.0,267.6,267.7,2102
FSL,2026-06-03 14:53:00,267.85,267.85,267.7,267.7,1422
FSL,2026-06-03 14:54:00,267.7,268.4,267.7,268.4,2887
FSL,2026-06-03 14:55:00,268.2,268.2,268.0,268.15,1990
FSL,2026-06-03 14:56:00,268.15,268.2,268.0,268.2,2352
FSL,2026-06-03 14:57:00,268.2,268.2,267.7,267.7,5274
FSL,2026-06-03 14:58:00,267.8,268.3,267.45,267.9,9194
FSL,2026-06-03 14:59:00,267.8,268.0,267.55,267.7,2323
FSL,2026-06-03 15:00:00,267.85,267.95,267.4,267.45,2809
FSL,2026-06-03 15:01:00,267.5,267.5,267.1,267.5,3732
FSL,2026-06-03 15:02:00,267.5,267.65,267.5,267.65,2771
FSL,2026-06-03 15:03:00,267.65,268.0,267.65,267.95,2227
FSL,2026-06-03 15:04:00,268.3,268.65,268.1,268.45,10463
FSL,2026-06-03 15:05:00,268.45,268.65,268.4,268.4,6456
FSL,2026-06-03 15:06:00,268.45,268.8,268.35,268.5,2761
FSL,2026-06-03 15:07:00,268.5,268.5,268.25,268.3,2636
FSL,2026-06-03 15:08:00,268.5,268.6,268.2,268.2,3279
FSL,2026-06-03 15:09:00,268.45,268.45,268.0,268.15,38337
FSL,2026-06-03 15:10:00,268.0,268.5,267.7,267.7,15102
FSL,2026-06-03 15:11:00,267.65,268.0,267.65,267.65,6578
FSL,2026-06-03 15:12:00,267.65,268.0,267.55,267.8,8534
FSL,2026-06-03 15:13:00,267.75,267.95,267.75,267.9,2266
FSL,2026-06-03 15:14:00,267.9,268.0,267.9,268.0,5325
FSL,2026-06-03 15:15:00,268.15,268.15,267.55,267.7,6536
FSL,2026-06-03 15:16:00,267.7,267.8,267.5,267.55,3032
FSL,2026-06-03 15:17:00,267.55,267.7,267.4,267.7,4464
FSL,2026-06-03 15:18:00,267.55,267.65,267.15,267.6,9327
FSL,2026-06-03 15:19:00,267.6,267.65,266.7,266.8,16136
FSL,2026-06-03 15:20:00,266.8,266.95,266.8,266.95,2102
FSL,2026-06-03 15:21:00,266.95,266.95,266.4,266.5,9845
FSL,2026-06-03 15:22:00,266.45,266.6,266.35,266.6,3908
FSL,2026-06-03 15:23:00,266.6,266.8,266.35,266.35,5289
FSL,2026-06-03 15:24:00,266.3,266.55,266.0,266.15,3883
FSL,2026-06-03 15:25:00,266.0,266.1,265.35,265.45,10020
FSL,2026-06-03 15:26:00,265.5,265.75,265.35,265.35,3140
FSL,2026-06-03 15:27:00,265.25,265.8,265.1,265.8,13857
FSL,2026-06-03 15:28:00,265.6,266.4,265.25,265.25,2234
FSL,2026-06-03 15:29:00,265.5,266.4,265.25,266.4,3687
FSL,2026-06-04 09:15:00,265.7,265.7,262.05,262.1,15566
FSL,2026-06-04 09:16:00,262.5,263.65,262.1,263.65,10546
FSL,2026-06-04 09:17:00,263.4,263.45,262.6,262.9,16828
FSL,2026-06-04 09:18:00,263.05,264.15,263.05,263.35,18063
FSL,2026-06-04 09:19:00,263.35,263.75,263.3,263.7,2784
FSL,2026-06-04 09:20:00,263.6,263.6,262.55,262.6,10944
FSL,2026-06-04 09:21:00,262.6,263.6,262.55,262.85,7001
FSL,2026-06-04 09:22:00,262.45,262.8,262.0,262.45,34867
FSL,2026-06-04 09:23:00,262.25,262.8,262.15,262.65,10418
FSL,2026-06-04 09:24:00,262.65,262.7,262.2,262.25,10564
FSL,2026-06-04 09:25:00,262.45,262.95,262.25,262.5,12207
FSL,2026-06-04 09:26:00,262.5,263.0,261.8,261.8,16690
FSL,2026-06-04 09:27:00,261.85,262.3,261.85,262.05,4344
FSL,2026-06-04 09:28:00,262.05,262.4,261.85,262.35,7599
FSL,2026-06-04 09:29:00,262.25,262.25,261.9,262.0,2599
FSL,2026-06-04 09:30:00,262.05,262.1,261.6,261.6,10152
FSL,2026-06-04 09:31:00,261.7,262.1,261.6,262.1,7471
FSL,2026-06-04 09:32:00,262.25,262.45,262.0,262.0,9475
FSL,2026-06-04 09:33:00,262.0,262.55,262.0,262.4,3368
FSL,2026-06-04 09:34:00,262.25,262.35,261.9,262.1,4756
FSL,2026-06-04 09:35:00,262.25,262.45,262.2,262.2,2887
FSL,2026-06-04 09:36:00,262.2,262.2,262.0,262.2,2469
FSL,2026-06-04 09:37:00,262.2,262.55,262.15,262.25,3578
FSL,2026-06-04 09:38:00,262.25,262.4,262.2,262.3,1477
FSL,2026-06-04 09:39:00,262.2,262.2,261.95,262.15,7940
FSL,2026-06-04 09:40:00,262.0,262.15,261.8,261.8,3116
FSL,2026-06-04 09:41:00,261.8,262.0,261.8,261.95,1667
FSL,2026-06-04 09:42:00,261.95,262.5,261.95,262.5,2231
FSL,2026-06-04 09:43:00,262.3,262.4,262.0,262.2,10476
FSL,2026-06-04 09:44:00,262.2,262.7,262.1,262.4,4053
FSL,2026-06-04 09:45:00,262.4,262.75,262.4,262.4,2074
FSL,2026-06-04 09:46:00,262.65,262.75,262.5,262.7,1733
FSL,2026-06-04 09:47:00,262.45,262.65,262.45,262.5,640
FSL,2026-06-04 09:48:00,262.65,262.75,262.55,262.75,1149
FSL,2026-06-04 09:49:00,262.75,262.75,262.55,262.55,1255
FSL,2026-06-04 09:50:00,262.7,262.75,262.5,262.75,1980
FSL,2026-06-04 09:51:00,262.55,262.9,262.55,262.9,2950
FSL,2026-06-04 09:52:00,262.9,262.95,262.75,262.9,1113
FSL,2026-06-04 09:53:00,262.9,262.95,262.75,262.9,1611
FSL,2026-06-04 09:54:00,262.9,263.2,262.9,262.95,3514
FSL,2026-06-04 09:55:00,262.9,263.0,262.9,262.95,2961
FSL,2026-06-04 09:56:00,262.95,263.5,262.95,263.5,2130
FSL,2026-06-04 09:57:00,263.5,263.9,263.5,263.55,6243
FSL,2026-06-04 09:58:00,263.55,263.7,263.55,263.55,930
FSL,2026-06-04 09:59:00,263.5,263.5,263.0,263.15,6534
FSL,2026-06-04 10:00:00,263.4,263.4,263.25,263.4,517
FSL,2026-06-04 10:01:00,263.4,263.45,263.25,263.45,2230
FSL,2026-06-04 10:02:00,263.35,263.45,263.25,263.3,2775
FSL,2026-06-04 10:03:00,263.35,263.45,263.35,263.35,557
FSL,2026-06-04 10:04:00,263.35,263.45,263.3,263.45,805
FSL,2026-06-04 10:05:00,263.25,263.6,263.25,263.35,1909
FSL,2026-06-04 10:06:00,263.35,263.9,263.35,263.9,29310
FSL,2026-06-04 10:07:00,263.9,264.15,263.9,264.15,460
FSL,2026-06-04 10:08:00,264.15,264.15,264.0,264.0,1675
FSL,2026-06-04 10:09:00,264.0,264.15,263.8,263.8,1465
FSL,2026-06-04 10:10:00,263.8,263.85,263.2,263.85,8461
FSL,2026-06-04 10:11:00,263.85,263.85,263.6,263.85,214
FSL,2026-06-04 10:12:00,263.85,263.95,263.55,263.7,1526
FSL,2026-06-04 10:13:00,263.7,263.7,263.25,263.3,3799
FSL,2026-06-04 10:14:00,263.35,263.6,263.3,263.35,935
FSL,2026-06-04 10:15:00,263.35,263.6,263.35,263.4,554
FSL,2026-06-04 10:16:00,263.4,263.4,263.4,263.4,247
FSL,2026-06-04 10:17:00,263.4,263.45,263.35,263.45,2185
FSL,2026-06-04 10:18:00,263.35,263.6,263.35,263.6,186
FSL,2026-06-04 10:19:00,263.6,263.95,263.6,263.8,1405
FSL,2026-06-04 10:20:00,263.8,263.85,263.8,263.8,186
FSL,2026-06-04 10:21:00,263.8,263.8,263.6,263.6,344
FSL,2026-06-04 10:22:00,263.6,263.95,263.6,263.95,1370
FSL,2026-06-04 10:23:00,264.3,264.65,264.15,264.4,12453
FSL,2026-06-04 10:24:00,264.4,264.7,264.3,264.4,3014
FSL,2026-06-04 10:25:00,264.55,264.65,264.4,264.65,6270
FSL,2026-06-04 10:26:00,264.65,264.7,264.35,264.5,3080
FSL,2026-06-04 10:27:00,264.25,264.6,264.25,264.6,1233
FSL,2026-06-04 10:28:00,264.6,264.6,264.3,264.5,3559
FSL,2026-06-04 10:29:00,264.5,264.6,264.35,264.4,733
FSL,2026-06-04 10:30:00,264.4,264.6,264.35,264.5,440
FSL,2026-06-04 10:31:00,264.4,264.4,264.15,264.15,934
FSL,2026-06-04 10:32:00,264.3,264.3,264.1,264.25,404
FSL,2026-06-04 10:33:00,264.25,264.25,264.0,264.0,1058
FSL,2026-06-04 10:34:00,263.75,264.0,263.65,263.8,408
FSL,2026-06-04 10:35:00,263.7,264.0,263.6,264.0,3810
FSL,2026-06-04 10:36:00,264.0,264.15,263.9,264.0,2740
FSL,2026-06-04 10:37:00,264.15,264.2,263.4,263.4,6408
FSL,2026-06-04 10:38:00,263.6,263.6,263.4,263.6,652
FSL,2026-06-04 10:39:00,263.6,263.85,263.6,263.85,1017
FSL,2026-06-04 10:40:00,263.85,263.85,263.7,263.8,572
FSL,2026-06-04 10:41:00,263.65,264.0,263.65,263.9,1257
FSL,2026-06-04 10:42:00,264.0,264.0,263.6,263.75,1438
FSL,2026-06-04 10:43:00,263.75,263.85,263.65,263.8,362
FSL,2026-06-04 10:44:00,263.8,263.9,263.8,263.9,226
FSL,2026-06-04 10:45:00,263.9,264.25,263.85,264.25,7542
FSL,2026-06-04 10:46:00,264.25,264.35,263.95,264.3,3847
FSL,2026-06-04 10:47:00,264.25,264.25,264.1,264.25,470
FSL,2026-06-04 10:48:00,264.15,264.25,263.95,264.15,498
FSL,2026-06-04 10:49:00,264.0,264.15,263.85,264.0,1558
FSL,2026-06-04 10:50:00,264.15,264.25,264.15,264.25,1192
FSL,2026-06-04 10:51:00,264.25,264.25,263.9,264.15,2391
FSL,2026-06-04 10:52:00,264.15,264.25,264.05,264.2,271
FSL,2026-06-04 10:53:00,264.2,264.75,264.2,264.75,13730
FSL,2026-06-04 10:54:00,264.6,264.95,264.6,264.75,2773
FSL,2026-06-04 10:55:00,264.65,264.75,264.55,264.7,475
FSL,2026-06-04 10:56:00,264.7,264.75,264.55,264.55,167
FSL,2026-06-04 10:57:00,264.55,264.75,264.55,264.75,1290
FSL,2026-06-04 10:58:00,264.8,264.85,264.6,264.85,889
FSL,2026-06-04 10:59:00,264.85,264.85,264.6,264.8,808
FSL,2026-06-04 11:00:00,264.6,264.85,264.6,264.65,2027
FSL,2026-06-04 11:01:00,264.85,264.85,264.6,264.85,5650
FSL,2026-06-04 11:02:00,264.65,264.85,264.65,264.65,488
FSL,2026-06-04 11:03:00,264.65,264.65,264.0,264.05,2576
FSL,2026-06-04 11:04:00,264.2,264.2,263.8,264.1,2326
FSL,2026-06-04 11:05:00,264.1,264.3,263.95,264.15,1106
FSL,2026-06-04 11:06:00,264.05,264.3,263.75,264.0,1940
FSL,2026-06-04 11:07:00,264.0,264.3,263.85,264.1,201
FSL,2026-06-04 11:08:00,264.35,264.6,264.2,264.25,2260
FSL,2026-06-04 11:09:00,264.25,264.25,263.85,264.2,1258
FSL,2026-06-04 11:10:00,264.2,264.4,264.2,264.2,382
FSL,2026-06-04 11:11:00,264.5,264.6,264.35,264.35,415
FSL,2026-06-04 11:12:00,264.55,264.55,264.15,264.2,1564
FSL,2026-06-04 11:13:00,264.2,264.4,264.15,264.4,421
FSL,2026-06-04 11:14:00,264.4,264.4,263.85,263.85,6057
FSL,2026-06-04 11:15:00,263.85,263.85,263.6,263.7,1025
FSL,2026-06-04 11:16:00,263.7,263.8,263.6,263.8,316
FSL,2026-06-04 11:17:00,263.9,264.0,263.75,263.8,773
FSL,2026-06-04 11:18:00,264.0,264.05,263.95,264.05,513
FSL,2026-06-04 11:19:00,264.05,264.05,263.8,263.8,556
FSL,2026-06-04 11:20:00,263.7,263.75,263.55,263.75,1715
FSL,2026-06-04 11:21:00,263.75,263.8,263.55,263.8,510
FSL,2026-06-04 11:22:00,263.55,263.85,263.55,263.8,626
FSL,2026-06-04 11:23:00,263.65,263.85,263.55,263.75,1822
FSL,2026-06-04 11:24:00,263.8,263.85,263.6,263.75,1881
FSL,2026-06-04 11:25:00,263.75,263.75,263.2,263.35,3333
FSL,2026-06-04 11:26:00,263.35,263.35,263.0,263.3,3395
FSL,2026-06-04 11:27:00,263.3,263.35,263.15,263.35,16211
FSL,2026-06-04 11:28:00,263.0,263.4,263.0,263.3,1830
FSL,2026-06-04 11:29:00,263.15,263.45,263.15,263.45,493
FSL,2026-06-04 11:30:00,263.3,263.4,263.0,263.4,2052
FSL,2026-06-04 11:31:00,263.4,263.4,263.15,263.3,339
FSL,2026-06-04 11:32:00,263.3,263.3,262.9,263.1,37124
FSL,2026-06-04 11:33:00,263.1,263.25,262.9,263.25,1397
FSL,2026-06-04 11:34:00,263.15,263.45,263.15,263.25,803
FSL,2026-06-04 11:35:00,263.25,263.7,263.25,263.7,5421
FSL,2026-06-04 11:36:00,263.5,263.8,263.5,263.8,203
FSL,2026-06-04 11:37:00,263.8,263.9,263.65,263.9,262
FSL,2026-06-04 11:38:00,263.9,263.95,263.75,263.95,917
FSL,2026-06-04 11:39:00,263.9,263.9,263.75,263.9,391
FSL,2026-06-04 11:40:00,263.9,264.0,263.7,264.0,3201
FSL,2026-06-04 11:41:00,264.0,264.1,264.0,264.1,1388
FSL,2026-06-04 11:42:00,264.1,264.35,263.9,264.0,3058
FSL,2026-06-04 11:43:00,264.0,264.0,263.85,264.0,152
FSL,2026-06-04 11:44:00,264.0,264.0,263.85,264.0,248
FSL,2026-06-04 11:45:00,264.0,264.0,263.85,263.9,578
FSL,2026-06-04 11:46:00,264.0,264.0,263.9,263.9,163
FSL,2026-06-04 11:47:00,263.9,263.9,263.6,263.75,4186
FSL,2026-06-04 11:48:00,263.75,263.75,263.65,263.75,514
FSL,2026-06-04 11:49:00,263.75,264.1,263.65,263.95,628
FSL,2026-06-04 11:50:00,263.75,263.95,263.45,263.45,449
FSL,2026-06-04 11:51:00,263.45,263.75,263.45,263.75,3253
FSL,2026-06-04 11:52:00,263.75,263.9,263.7,263.85,218
FSL,2026-06-04 11:53:00,263.85,263.85,263.5,263.8,619
FSL,2026-06-04 11:54:00,263.75,263.8,263.5,263.7,340
FSL,2026-06-04 11:55:00,263.7,263.85,263.5,263.85,238
FSL,2026-06-04 11:56:00,263.85,263.9,263.7,263.9,313
FSL,2026-06-04 11:57:00,263.85,263.9,263.7,263.85,275
FSL,2026-06-04 11:58:00,263.85,264.95,263.7,264.95,1258
FSL,2026-06-04 11:59:00,264.95,265.55,264.85,265.55,73274
FSL,2026-06-04 12:00:00,265.55,265.55,265.1,265.2,1621
FSL,2026-06-04 12:01:00,265.3,265.35,265.0,265.3,3132
FSL,2026-06-04 12:02:00,265.4,265.5,265.15,265.45,3934
FSL,2026-06-04 12:03:00,265.25,265.5,265.15,265.25,2683
FSL,2026-06-04 12:04:00,265.4,265.4,265.2,265.25,751
FSL,2026-06-04 12:05:00,265.3,265.3,265.1,265.2,1279
FSL,2026-06-04 12:06:00,265.2,266.3,264.95,266.15,17856
FSL,2026-06-04 12:07:00,266.3,266.3,266.0,266.1,2708
FSL,2026-06-04 12:08:00,266.15,266.3,266.0,266.0,7932
FSL,2026-06-04 12:09:00,266.0,266.3,266.0,266.15,1825
FSL,2026-06-04 12:10:00,266.15,266.15,266.0,266.15,1606
FSL,2026-06-04 12:11:00,266.15,266.65,265.85,265.85,19820
FSL,2026-06-04 12:12:00,265.85,266.0,265.8,266.0,879
FSL,2026-06-04 12:13:00,266.0,266.0,265.6,265.75,1235
FSL,2026-06-04 12:14:00,265.7,265.85,265.7,265.85,837
FSL,2026-06-04 12:15:00,265.8,265.85,265.65,265.85,1162
FSL,2026-06-04 12:16:00,265.85,265.85,265.7,265.8,978
FSL,2026-06-04 12:17:00,265.8,266.0,265.7,266.0,1097
FSL,2026-06-04 12:18:00,266.0,266.0,265.75,265.85,2238
FSL,2026-06-04 12:19:00,265.65,266.0,265.65,265.7,1135
FSL,2026-06-04 12:20:00,265.55,265.85,265.55,265.75,1270
FSL,2026-06-04 12:21:00,265.75,265.8,265.4,265.65,1245
FSL,2026-06-04 12:22:00,265.65,265.8,265.55,265.8,1354
FSL,2026-06-04 12:23:00,265.8,265.85,265.6,265.7,1132
FSL,2026-06-04 12:24:00,265.7,265.7,265.4,265.7,3412
FSL,2026-06-04 12:25:00,265.7,265.7,265.45,265.65,509
FSL,2026-06-04 12:26:00,265.8,265.8,265.65,265.8,1071
FSL,2026-06-04 12:27:00,265.8,265.85,265.65,265.85,862
FSL,2026-06-04 12:28:00,265.8,265.85,265.4,265.7,2333
FSL,2026-06-04 12:29:00,265.7,265.75,265.6,265.65,540
FSL,2026-06-04 12:30:00,265.65,265.9,265.45,265.7,7588
FSL,2026-06-04 12:31:00,265.5,265.65,265.0,265.15,2704
FSL,2026-06-04 12:32:00,265.15,265.15,264.9,265.0,1527
FSL,2026-06-04 12:33:00,265.0,265.0,264.8,264.9,929
FSL,2026-06-04 12:34:00,264.9,264.9,264.85,264.9,911
FSL,2026-06-04 12:35:00,264.9,265.0,264.85,265.0,1444
FSL,2026-06-04 12:36:00,265.0,265.05,264.85,264.85,839
FSL,2026-06-04 12:37:00,264.65,265.05,264.65,265.05,445
FSL,2026-06-04 12:38:00,265.05,265.05,264.95,265.05,886
FSL,2026-06-04 12:39:00,265.05,265.15,264.95,265.15,576
FSL,2026-06-04 12:40:00,265.15,265.25,265.05,265.15,978
FSL,2026-06-04 12:41:00,265.25,265.25,264.7,265.0,648
FSL,2026-06-04 12:42:00,264.95,265.05,264.85,265.0,936
FSL,2026-06-04 12:43:00,265.1,265.15,265.0,265.0,1268
FSL,2026-06-04 12:44:00,264.8,265.15,264.8,265.15,345
FSL,2026-06-04 12:45:00,265.15,265.2,265.05,265.15,719
FSL,2026-06-04 12:46:00,265.1,265.15,264.65,265.15,2309
FSL,2026-06-04 12:47:00,265.15,265.2,265.05,265.2,1191
FSL,2026-06-04 12:48:00,265.35,265.6,265.35,265.5,2368
FSL,2026-06-04 12:49:00,265.5,265.55,265.2,265.4,1033
FSL,2026-06-04 12:50:00,265.4,265.5,264.95,264.95,984
FSL,2026-06-04 12:51:00,264.95,265.2,264.85,265.0,1917
FSL,2026-06-04 12:52:00,264.95,265.3,264.95,265.3,720
FSL,2026-06-04 12:53:00,265.3,265.45,265.15,265.4,897
FSL,2026-06-04 12:54:00,265.25,265.4,265.25,265.3,1255
FSL,2026-06-04 12:55:00,265.4,265.45,265.3,265.35,2884
FSL,2026-06-04 12:56:00,265.5,265.55,265.35,265.55,889
FSL,2026-06-04 12:57:00,265.4,265.55,265.0,265.2,4123
FSL,2026-06-04 12:58:00,265.2,265.25,264.95,265.2,803
FSL,2026-06-04 12:59:00,265.2,265.2,264.9,265.0,1045
FSL,2026-06-04 13:00:00,264.9,265.0,264.9,265.0,823
FSL,2026-06-04 13:01:00,265.0,265.0,264.75,265.0,806
FSL,2026-06-04 13:02:00,265.0,265.15,264.85,265.0,1808
FSL,2026-06-04 13:03:00,265.0,265.1,264.95,265.0,538
FSL,2026-06-04 13:04:00,265.0,265.1,264.7,264.8,1940
FSL,2026-06-04 13:05:00,264.8,264.9,264.8,264.85,596
FSL,2026-06-04 13:06:00,264.85,264.85,264.75,264.75,1235
FSL,2026-06-04 13:07:00,264.85,264.85,264.5,264.6,1132
FSL,2026-06-04 13:08:00,264.65,264.8,264.65,264.8,873
FSL,2026-06-04 13:09:00,264.8,264.8,264.5,264.65,988
FSL,2026-06-04 13:10:00,264.65,264.85,264.65,264.85,764
FSL,2026-06-04 13:11:00,264.7,264.85,264.35,264.5,1652
FSL,2026-06-04 13:12:00,264.3,264.6,264.3,264.6,837
FSL,2026-06-04 13:13:00,264.6,264.6,264.4,264.5,822
FSL,2026-06-04 13:14:00,264.5,264.5,263.95,264.0,3908
FSL,2026-06-04 13:15:00,264.0,264.05,263.8,264.05,258
FSL,2026-06-04 13:16:00,264.0,264.3,263.8,264.3,3342
FSL,2026-06-04 13:17:00,264.4,264.4,264.1,264.2,1922
FSL,2026-06-04 13:18:00,264.2,264.2,263.8,263.95,655
FSL,2026-06-04 13:19:00,263.95,264.15,263.75,264.0,1475
FSL,2026-06-04 13:20:00,264.05,264.2,263.95,264.2,781
FSL,2026-06-04 13:21:00,264.2,264.25,264.0,264.2,1048
FSL,2026-06-04 13:22:00,264.2,264.2,264.1,264.15,644
FSL,2026-06-04 13:23:00,264.2,264.3,264.0,264.2,1175
FSL,2026-06-04 13:24:00,264.2,264.35,263.9,264.3,1852
FSL,2026-06-04 13:25:00,264.3,264.45,264.3,264.45,466
FSL,2026-06-04 13:26:00,264.5,264.55,264.1,264.25,3812
FSL,2026-06-04 13:27:00,264.25,264.3,263.7,264.0,11945
FSL,2026-06-04 13:28:00,264.1,264.1,264.05,264.1,426
FSL,2026-06-04 13:29:00,264.1,264.35,264.1,264.2,1387
FSL,2026-06-04 13:30:00,264.2,264.4,264.2,264.25,1176
FSL,2026-06-04 13:31:00,264.25,264.25,264.05,264.2,487
FSL,2026-06-04 13:32:00,264.2,264.3,264.15,264.3,622
FSL,2026-06-04 13:33:00,264.3,264.4,264.2,264.4,1159
FSL,2026-06-04 13:34:00,264.3,264.4,264.1,264.35,745
FSL,2026-06-04 13:35:00,264.3,264.4,264.25,264.35,1790
FSL,2026-06-04 13:36:00,264.35,264.35,264.25,264.35,178
FSL,2026-06-04 13:37:00,264.35,264.45,264.3,264.3,464
FSL,2026-06-04 13:38:00,264.35,264.35,264.1,264.35,1040
FSL,2026-06-04 13:39:00,264.35,264.35,264.1,264.3,1731
FSL,2026-06-04 13:40:00,264.25,264.35,264.1,264.25,987
FSL,2026-06-04 13:41:00,264.25,264.3,263.6,263.8,2320
FSL,2026-06-04 13:42:00,263.65,263.8,263.65,263.7,813
FSL,2026-06-04 13:43:00,263.7,263.9,263.7,263.8,1279
FSL,2026-06-04 13:44:00,263.8,263.85,263.75,263.85,614
FSL,2026-06-04 13:45:00,263.75,263.85,263.55,263.55,1457
FSL,2026-06-04 13:46:00,263.75,263.75,263.5,263.6,3202
FSL,2026-06-04 13:47:00,263.6,263.75,263.5,263.6,1666
FSL,2026-06-04 13:48:00,263.6,263.75,263.6,263.75,413
FSL,2026-06-04 13:49:00,263.65,263.9,263.65,263.85,1059
FSL,2026-06-04 13:50:00,263.85,263.95,263.6,263.75,744
FSL,2026-06-04 13:51:00,263.6,263.75,263.6,263.75,355
FSL,2026-06-04 13:52:00,263.65,263.85,263.65,263.75,909
FSL,2026-06-04 13:53:00,263.85,263.85,263.6,263.85,519
FSL,2026-06-04 13:54:00,263.75,263.9,263.65,263.85,1888
FSL,2026-06-04 13:55:00,263.85,263.9,263.65,263.85,178
FSL,2026-06-04 13:56:00,263.7,263.85,263.55,263.8,2846
FSL,2026-06-04 13:57:00,263.8,263.8,263.6,263.8,528
FSL,2026-06-04 13:58:00,263.8,263.95,263.65,263.9,569
FSL,2026-06-04 13:59:00,263.9,263.95,263.75,263.95,459
FSL,2026-06-04 14:00:00,263.95,264.45,263.75,263.85,8853
FSL,2026-06-04 14:01:00,263.8,264.05,263.8,263.95,988
FSL,2026-06-04 14:02:00,264.05,264.05,263.8,263.95,515
FSL,2026-06-04 14:03:00,263.95,264.1,263.8,264.0,3322
FSL,2026-06-04 14:04:00,264.0,264.15,263.9,264.15,1245
FSL,2026-06-04 14:05:00,264.15,264.25,264.0,264.25,685
FSL,2026-06-04 14:06:00,264.35,264.35,263.75,263.95,3158
FSL,2026-06-04 14:07:00,263.95,263.95,263.75,263.75,1790
FSL,2026-06-04 14:08:00,263.85,263.85,263.75,263.85,572
FSL,2026-06-04 14:09:00,263.8,263.8,263.5,263.75,3726
FSL,2026-06-04 14:10:00,263.75,263.75,263.05,263.25,8878
FSL,2026-06-04 14:11:00,263.15,263.45,263.15,263.35,1356
FSL,2026-06-04 14:12:00,263.45,263.7,263.25,263.3,5429
FSL,2026-06-04 14:13:00,263.3,263.4,263.25,263.4,722
FSL,2026-06-04 14:14:00,263.4,263.5,263.25,263.45,3679
FSL,2026-06-04 14:15:00,263.3,263.45,263.3,263.45,586
FSL,2026-06-04 14:16:00,263.45,263.5,263.3,263.4,1104
FSL,2026-06-04 14:17:00,263.4,263.5,263.35,263.5,246
FSL,2026-06-04 14:18:00,263.5,263.6,263.35,263.6,698
FSL,2026-06-04 14:19:00,263.4,263.6,263.4,263.6,1374
FSL,2026-06-04 14:20:00,263.6,263.6,263.4,263.6,789
FSL,2026-06-04 14:21:00,263.45,263.6,263.4,263.45,396
FSL,2026-06-04 14:22:00,263.45,263.65,263.3,263.4,2163
FSL,2026-06-04 14:23:00,263.3,263.4,263.3,263.4,331
FSL,2026-06-04 14:24:00,263.4,263.55,263.4,263.55,1594
FSL,2026-06-04 14:25:00,263.55,263.55,263.4,263.4,492
FSL,2026-06-04 14:26:00,263.4,263.6,263.35,263.45,1203
FSL,2026-06-04 14:27:00,263.55,263.55,263.3,263.45,722
FSL,2026-06-04 14:28:00,263.3,263.45,263.25,263.25,719
FSL,2026-06-04 14:29:00,263.35,263.5,263.35,263.5,951
FSL,2026-06-04 14:30:00,263.5,263.65,263.4,263.65,3647
FSL,2026-06-04 14:31:00,263.65,263.8,263.65,263.7,1628
FSL,2026-06-04 14:32:00,263.75,263.85,263.55,263.85,1061
FSL,2026-06-04 14:33:00,263.75,263.85,263.45,263.6,1049
FSL,2026-06-04 14:34:00,263.65,263.8,263.6,263.8,472
FSL,2026-06-04 14:35:00,263.8,263.8,263.7,263.8,710
FSL,2026-06-04 14:36:00,263.75,263.85,263.75,263.75,1075
FSL,2026-06-04 14:37:00,263.75,263.85,263.5,263.7,1648
FSL,2026-06-04 14:38:00,263.7,263.85,263.65,263.8,824
FSL,2026-06-04 14:39:00,263.7,263.85,263.7,263.85,514
FSL,2026-06-04 14:40:00,263.75,263.75,263.5,263.5,1746
FSL,2026-06-04 14:41:00,263.55,263.65,263.55,263.55,1012
FSL,2026-06-04 14:42:00,263.65,263.75,263.6,263.7,1083
FSL,2026-06-04 14:43:00,263.5,263.7,263.4,263.55,1427
FSL,2026-06-04 14:44:00,263.45,263.65,263.45,263.55,1938
FSL,2026-06-04 14:45:00,263.5,263.5,263.15,263.15,885
FSL,2026-06-04 14:46:00,263.2,263.5,263.2,263.5,345
FSL,2026-06-04 14:47:00,263.5,263.5,263.45,263.45,470
FSL,2026-06-04 14:48:00,263.45,263.5,263.35,263.45,575
FSL,2026-06-04 14:49:00,263.5,263.5,263.15,263.25,532
FSL,2026-06-04 14:50:00,263.25,263.6,263.25,263.5,5779
FSL,2026-06-04 14:51:00,263.5,265.05,263.45,264.3,31108
FSL,2026-06-04 14:52:00,264.25,265.55,264.15,265.5,25806
FSL,2026-06-04 14:53:00,265.35,267.0,265.15,266.75,36419
FSL,2026-06-04 14:54:00,266.75,266.75,266.15,266.35,15226
FSL,2026-06-04 14:55:00,266.35,266.6,266.0,266.15,16649
FSL,2026-06-04 14:56:00,266.15,266.4,266.15,266.35,3972
FSL,2026-06-04 14:57:00,266.3,266.5,266.1,266.15,16945
FSL,2026-06-04 14:58:00,266.35,266.35,266.15,266.3,1032
FSL,2026-06-04 14:59:00,266.15,266.5,266.15,266.5,10896
FSL,2026-06-04 15:00:00,266.55,266.55,266.3,266.3,6312
FSL,2026-06-04 15:01:00,266.2,266.3,266.2,266.3,1456
FSL,2026-06-04 15:02:00,266.3,266.5,266.2,266.2,6559
FSL,2026-06-04 15:03:00,266.2,266.4,266.1,266.4,3804
FSL,2026-06-04 15:04:00,266.5,266.55,266.15,266.25,9082
FSL,2026-06-04 15:05:00,266.25,266.25,265.55,265.65,3054
FSL,2026-06-04 15:06:00,265.65,265.65,265.4,265.4,4294
FSL,2026-06-04 15:07:00,265.4,266.0,265.35,266.0,15258
FSL,2026-06-04 15:08:00,265.85,265.95,265.85,265.95,16919
FSL,2026-06-04 15:09:00,265.95,265.95,265.75,265.75,5238
FSL,2026-06-04 15:10:00,265.85,265.95,265.7,265.7,4580
FSL,2026-06-04 15:11:00,265.8,265.9,265.6,265.85,9033
FSL,2026-06-04 15:12:00,265.85,266.15,265.85,266.05,11601
FSL,2026-06-04 15:13:00,266.05,266.05,265.65,265.8,3942
FSL,2026-06-04 15:14:00,265.8,265.8,265.65,265.75,2432
FSL,2026-06-04 15:15:00,265.75,265.75,265.65,265.7,6901
FSL,2026-06-04 15:16:00,265.7,265.75,265.65,265.65,12166
FSL,2026-06-04 15:17:00,265.65,265.65,265.35,265.4,4257
FSL,2026-06-04 15:18:00,265.4,265.4,265.05,265.05,12605
FSL,2026-06-04 15:19:00,265.15,265.25,265.1,265.25,12643
FSL,2026-06-04 15:20:00,265.65,265.65,265.45,265.45,7805
FSL,2026-06-04 15:21:00,265.35,265.35,265.15,265.15,24581
FSL,2026-06-04 15:22:00,265.2,265.2,265.0,265.05,5696
FSL,2026-06-04 15:23:00,265.05,265.6,265.05,265.55,18382
FSL,2026-06-04 15:24:00,265.45,265.65,265.45,265.65,6569
FSL,2026-06-04 15:25:00,265.6,265.65,265.25,265.6,8022
FSL,2026-06-04 15:26:00,265.6,265.6,265.3,265.55,9516
FSL,2026-06-04 15:27:00,265.55,265.9,265.3,265.9,8385
FSL,2026-06-04 15:28:00,265.7,265.75,265.35,265.35,6105
FSL,2026-06-04 15:29:00,265.35,265.85,265.05,265.05,11366
FSL,2026-06-05 09:15:00,267.0,268.7,266.05,267.45,24708
FSL,2026-06-05 09:16:00,267.45,268.0,266.6,266.6,16610
FSL,2026-06-05 09:17:00,267.4,267.4,266.8,267.4,11728
FSL,2026-06-05 09:18:00,267.25,269.6,267.25,268.7,58704
FSL,2026-06-05 09:19:00,268.65,268.65,267.9,268.15,12328
FSL,2026-06-05 09:20:00,268.05,268.15,267.5,267.95,10220
FSL,2026-06-05 09:21:00,267.95,267.95,267.15,267.15,1215
FSL,2026-06-05 09:22:00,267.4,267.45,266.8,266.95,3488
FSL,2026-06-05 09:23:00,266.65,266.95,266.65,266.85,2863
FSL,2026-06-05 09:24:00,266.7,267.45,266.7,267.1,7297
FSL,2026-06-05 09:25:00,267.1,267.4,267.1,267.15,1478
FSL,2026-06-05 09:26:00,267.3,267.45,267.15,267.2,2088
FSL,2026-06-05 09:27:00,267.2,267.2,266.3,266.3,3580
FSL,2026-06-05 09:28:00,266.25,266.25,265.0,265.75,55654
FSL,2026-06-05 09:29:00,265.75,265.75,265.45,265.7,4954
FSL,2026-06-05 09:30:00,265.7,265.7,265.2,265.35,5944
FSL,2026-06-05 09:31:00,265.2,265.8,265.05,265.8,6745
FSL,2026-06-05 09:32:00,265.7,265.7,263.7,263.7,20336
FSL,2026-06-05 09:33:00,264.2,264.6,263.8,264.25,4352
FSL,2026-06-05 09:34:00,264.3,264.4,264.05,264.3,3431
FSL,2026-06-05 09:35:00,264.3,264.4,264.1,264.1,1644
FSL,2026-06-05 09:36:00,263.9,264.0,263.85,264.0,5352
FSL,2026-06-05 09:37:00,263.7,264.1,263.7,263.85,4681
FSL,2026-06-05 09:38:00,263.75,264.0,263.75,263.85,1513
FSL,2026-06-05 09:39:00,263.85,264.1,263.85,264.05,1192
FSL,2026-06-05 09:40:00,264.15,264.15,263.45,263.45,12734
FSL,2026-06-05 09:41:00,263.2,263.65,263.1,263.65,5715
FSL,2026-06-05 09:42:00,263.5,263.5,262.8,262.8,9355
FSL,2026-06-05 09:43:00,262.7,263.0,262.65,262.9,3211
FSL,2026-06-05 09:44:00,262.9,263.1,262.7,263.1,3358
FSL,2026-06-05 09:45:00,263.1,263.1,262.85,262.95,458
FSL,2026-06-05 09:46:00,262.95,263.1,262.75,262.75,5158
FSL,2026-06-05 09:47:00,262.75,264.0,262.75,263.95,6118
FSL,2026-06-05 09:48:00,263.75,264.7,263.6,264.7,5214
FSL,2026-06-05 09:49:00,264.7,264.7,264.0,264.0,5168
FSL,2026-06-05 09:50:00,264.0,265.65,264.0,265.65,8960
FSL,2026-06-05 09:51:00,265.7,268.6,265.7,267.55,34114
FSL,2026-06-05 09:52:00,267.85,268.35,267.4,267.85,12194
FSL,2026-06-05 09:53:00,267.85,268.7,267.7,268.25,34648
FSL,2026-06-05 09:54:00,268.25,268.55,268.1,268.3,16563
FSL,2026-06-05 09:55:00,268.3,268.55,268.3,268.45,10525
FSL,2026-06-05 09:56:00,268.45,268.5,268.3,268.5,2859
FSL,2026-06-05 09:57:00,268.35,268.85,268.35,268.65,4273
FSL,2026-06-05 09:58:00,268.85,271.4,268.85,271.4,58335
FSL,2026-06-05 09:59:00,270.85,271.8,270.4,271.45,37310
FSL,2026-06-05 10:00:00,271.45,271.45,268.85,269.2,28228
FSL,2026-06-05 10:01:00,269.2,269.35,268.4,268.45,8160
FSL,2026-06-05 10:02:00,268.55,269.15,268.35,269.15,39477
FSL,2026-06-05 10:03:00,268.85,269.5,268.8,269.4,7993
FSL,2026-06-05 10:04:00,269.4,269.45,269.15,269.15,2297
FSL,2026-06-05 10:05:00,269.15,269.15,268.45,268.7,1608
FSL,2026-06-05 10:06:00,268.7,268.85,268.45,268.5,1196
FSL,2026-06-05 10:07:00,268.6,268.9,268.45,268.9,1719
FSL,2026-06-05 10:08:00,268.75,269.75,268.75,269.6,8441
FSL,2026-06-05 10:09:00,269.6,269.8,269.6,269.75,2144
FSL,2026-06-05 10:10:00,269.7,269.7,269.2,269.55,5717
FSL,2026-06-05 10:11:00,269.55,269.75,269.2,269.5,3295
FSL,2026-06-05 10:12:00,269.35,269.85,269.2,269.25,4710
FSL,2026-06-05 10:13:00,269.45,269.75,269.35,269.65,2534
FSL,2026-06-05 10:14:00,269.65,269.65,269.1,269.15,469
FSL,2026-06-05 10:15:00,269.15,269.35,269.1,269.1,1416
FSL,2026-06-05 10:16:00,269.25,269.25,269.1,269.1,326
FSL,2026-06-05 10:17:00,269.0,269.0,268.85,268.9,400
FSL,2026-06-05 10:18:00,268.75,269.0,268.6,269.0,2052
FSL,2026-06-05 10:19:00,269.0,269.0,269.0,269.0,0
FSL,2026-06-05 10:20:00,268.7,268.9,268.45,268.45,2601
FSL,2026-06-05 10:21:00,268.55,268.85,268.3,268.3,246
FSL,2026-06-05 10:22:00,268.55,268.55,267.85,268.4,12970
FSL,2026-06-05 10:23:00,268.4,268.45,268.25,268.35,1683
FSL,2026-06-05 10:24:00,268.35,268.35,268.1,268.35,3671
FSL,2026-06-05 10:25:00,268.25,268.35,268.2,268.3,1286
FSL,2026-06-05 10:26:00,268.15,268.25,268.0,268.1,220
FSL,2026-06-05 10:27:00,268.0,268.0,267.85,268.0,1288
FSL,2026-06-05 10:28:00,268.0,268.2,267.85,268.2,2797
FSL,2026-06-05 10:29:00,268.2,268.3,267.9,268.0,2821
FSL,2026-06-05 10:30:00,268.0,268.0,267.45,267.7,18121
FSL,2026-06-05 10:31:00,267.75,267.75,267.65,267.65,798
FSL,2026-06-05 10:32:00,267.65,267.65,267.55,267.6,822
FSL,2026-06-05 10:33:00,267.6,268.05,267.6,267.95,4778
FSL,2026-06-05 10:34:00,268.0,268.0,267.8,268.0,2802
FSL,2026-06-05 10:35:00,267.8,267.8,267.6,267.8,1588
FSL,2026-06-05 10:36:00,267.6,267.7,267.55,267.55,2233
FSL,2026-06-05 10:37:00,267.55,267.55,267.2,267.45,1667
FSL,2026-06-05 10:38:00,267.45,267.45,267.25,267.4,626
FSL,2026-06-05 10:39:00,267.3,267.4,267.1,267.4,2270
FSL,2026-06-05 10:40:00,267.45,267.5,267.15,267.35,9249
FSL,2026-06-05 10:41:00,267.35,267.7,267.0,267.0,6188
FSL,2026-06-05 10:42:00,267.2,267.35,267.2,267.3,1886
FSL,2026-06-05 10:43:00,267.25,267.25,267.1,267.2,1063
FSL,2026-06-05 10:44:00,267.2,267.65,267.1,267.55,2889
FSL,2026-06-05 10:45:00,267.55,267.6,267.4,267.5,2038
FSL,2026-06-05 10:46:00,267.5,267.5,267.25,267.25,422
FSL,2026-06-05 10:47:00,267.25,267.3,267.15,267.15,814
FSL,2026-06-05 10:48:00,267.2,267.2,267.1,267.1,171
FSL,2026-06-05 10:49:00,266.85,267.0,266.85,267.0,1194
FSL,2026-06-05 10:50:00,267.0,267.55,267.0,267.55,27878
FSL,2026-06-05 10:51:00,267.55,267.55,267.3,267.4,335
FSL,2026-06-05 10:52:00,267.4,267.4,267.25,267.35,622
FSL,2026-06-05 10:53:00,267.35,267.55,267.3,267.55,1989
FSL,2026-06-05 10:54:00,267.55,268.15,267.55,268.0,3238
FSL,2026-06-05 10:55:00,268.0,268.2,268.0,268.15,336
FSL,2026-06-05 10:56:00,268.15,268.15,268.05,268.05,334
FSL,2026-06-05 10:57:00,268.05,268.05,267.9,268.0,208
FSL,2026-06-05 10:58:00,268.0,268.15,267.65,268.15,937
FSL,2026-06-05 10:59:00,268.15,268.15,268.0,268.0,269
FSL,2026-06-05 11:00:00,268.05,268.3,268.05,268.2,3738
FSL,2026-06-05 11:01:00,268.1,268.5,268.05,268.45,1800
FSL,2026-06-05 11:02:00,268.45,268.5,268.25,268.45,1004
FSL,2026-06-05 11:03:00,268.45,268.45,268.25,268.25,155
FSL,2026-06-05 11:04:00,268.25,268.5,268.25,268.5,713
FSL,2026-06-05 11:05:00,268.5,268.55,268.5,268.55,260
FSL,2026-06-05 11:06:00,268.55,268.55,268.45,268.45,1435
FSL,2026-06-05 11:07:00,268.5,268.5,268.05,268.15,1512
FSL,2026-06-05 11:08:00,268.15,268.15,267.8,268.05,10993
FSL,2026-06-05 11:09:00,268.05,268.05,268.05,268.05,215
FSL,2026-06-05 11:10:00,268.05,268.05,267.7,267.85,3247
FSL,2026-06-05 11:11:00,267.85,267.9,267.4,267.4,4763
FSL,2026-06-05 11:12:00,267.95,267.95,267.8,267.8,1261
FSL,2026-06-05 11:13:00,267.8,267.8,267.8,267.8,53
FSL,2026-06-05 11:14:00,267.8,267.8,267.65,267.7,1044
FSL,2026-06-05 11:15:00,267.7,267.85,267.55,267.85,1895
FSL,2026-06-05 11:16:00,267.85,267.85,267.8,267.8,99
FSL,2026-06-05 11:17:00,267.8,268.15,267.75,268.15,3759
FSL,2026-06-05 11:18:00,268.0,268.0,267.75,267.75,161
FSL,2026-06-05 11:19:00,267.75,267.9,267.75,267.9,382
FSL,2026-06-05 11:20:00,267.9,267.9,267.7,267.7,26
FSL,2026-06-05 11:21:00,267.55,267.6,267.5,267.5,815
FSL,2026-06-05 11:22:00,267.5,267.75,267.5,267.55,2892
FSL,2026-06-05 11:23:00,267.55,267.65,267.5,267.65,549
FSL,2026-06-05 11:24:00,267.65,267.7,267.65,267.7,323
FSL,2026-06-05 11:25:00,267.7,267.7,267.7,267.7,141
FSL,2026-06-05 11:26:00,267.7,267.7,267.7,267.7,440
FSL,2026-06-05 11:27:00,267.7,267.7,267.55,267.65,365
FSL,2026-06-05 11:28:00,267.65,267.65,267.65,267.65,101
FSL,2026-06-05 11:29:00,267.65,267.7,267.55,267.7,1817
FSL,2026-06-05 11:30:00,267.7,267.95,267.7,267.9,949
FSL,2026-06-05 11:31:00,267.9,267.9,267.7,267.7,156
FSL,2026-06-05 11:32:00,267.7,267.9,267.6,267.9,3514
FSL,2026-06-05 11:33:00,267.9,267.95,267.85,267.85,360
FSL,2026-06-05 11:34:00,267.85,267.85,267.65,267.7,170
FSL,2026-06-05 11:35:00,267.7,267.9,267.55,267.75,3901
FSL,2026-06-05 11:36:00,267.75,267.75,267.65,267.7,674
FSL,2026-06-05 11:37:00,267.7,267.7,267.65,267.65,15
FSL,2026-06-05 11:38:00,267.65,267.65,267.35,267.5,1085
FSL,2026-06-05 11:39:00,267.5,267.9,267.5,267.85,1611
FSL,2026-06-05 11:40:00,267.85,267.85,267.85,267.85,710
FSL,2026-06-05 11:41:00,267.85,267.85,267.75,267.75,154
FSL,2026-06-05 11:42:00,267.75,268.0,267.75,268.0,1061
FSL,2026-06-05 11:43:00,268.0,268.0,268.0,268.0,14
FSL,2026-06-05 11:44:00,267.85,267.85,267.6,267.6,164
FSL,2026-06-05 11:45:00,267.7,268.0,267.7,268.0,2026
FSL,2026-06-05 11:46:00,268.0,268.0,267.85,267.85,251
FSL,2026-06-05 11:47:00,267.85,267.85,267.8,267.85,317
FSL,2026-06-05 11:48:00,267.85,268.0,267.85,268.0,500
FSL,2026-06-05 11:49:00,268.0,268.0,267.8,268.0,197
FSL,2026-06-05 11:50:00,268.0,268.0,267.8,267.8,233
FSL,2026-06-05 11:51:00,267.75,267.9,267.75,267.85,1548
FSL,2026-06-05 11:52:00,267.85,267.9,267.75,267.8,5237
FSL,2026-06-05 11:53:00,267.8,267.8,267.8,267.8,0
FSL,2026-06-05 11:54:00,267.8,267.9,267.75,267.75,1833
FSL,2026-06-05 11:55:00,267.75,267.75,267.65,267.65,388
FSL,2026-06-05 11:56:00,267.65,267.65,267.6,267.6,169
FSL,2026-06-05 11:57:00,267.6,267.65,267.6,267.65,1630
FSL,2026-06-05 11:58:00,267.6,267.6,267.3,267.6,891
FSL,2026-06-05 11:59:00,267.6,267.6,267.2,267.35,730
FSL,2026-06-05 12:00:00,267.2,267.2,267.05,267.1,1615
FSL,2026-06-05 12:01:00,267.2,267.4,267.2,267.4,1441
FSL,2026-06-05 12:02:00,267.4,267.4,267.3,267.3,255
FSL,2026-06-05 12:03:00,267.3,267.3,267.25,267.25,98
FSL,2026-06-05 12:04:00,267.2,267.2,266.8,267.1,1649
FSL,2026-06-05 12:05:00,267.1,267.1,267.1,267.1,0
FSL,2026-06-05 12:06:00,267.1,267.1,266.85,266.85,260
FSL,2026-06-05 12:07:00,266.85,267.05,266.85,267.05,384
FSL,2026-06-05 12:08:00,267.05,267.1,267.05,267.1,281
FSL,2026-06-05 12:09:00,267.1,267.45,267.0,267.25,2620
FSL,2026-06-05 12:10:00,267.25,267.25,267.2,267.2,45
FSL,2026-06-05 12:11:00,267.2,267.2,266.85,267.0,130
FSL,2026-06-05 12:12:00,267.0,267.0,267.0,267.0,218
FSL,2026-06-05 12:13:00,267.05,267.15,267.05,267.15,1410
FSL,2026-06-05 12:14:00,267.15,267.35,267.15,267.15,1336
FSL,2026-06-05 12:15:00,267.15,267.2,267.15,267.15,402
FSL,2026-06-05 12:16:00,267.15,267.35,267.15,267.35,524
FSL,2026-06-05 12:17:00,267.35,267.35,267.35,267.35,0
FSL,2026-06-05 12:18:00,267.35,267.35,267.1,267.3,348
FSL,2026-06-05 12:19:00,267.3,267.3,267.15,267.2,157
FSL,2026-06-05 12:20:00,267.2,267.2,267.15,267.15,163
FSL,2026-06-05 12:21:00,267.1,267.1,267.1,267.1,370
FSL,2026-06-05 12:22:00,267.05,267.15,267.05,267.15,320
FSL,2026-06-05 12:23:00,267.15,267.15,266.95,266.95,1907
FSL,2026-06-05 12:24:00,266.95,267.1,266.95,267.1,298
FSL,2026-06-05 12:25:00,267.1,267.1,266.85,266.95,183
FSL,2026-06-05 12:26:00,266.95,267.05,266.8,266.8,710
FSL,2026-06-05 12:27:00,266.8,266.8,266.7,266.75,538
FSL,2026-06-05 12:28:00,266.75,266.95,266.75,266.9,350
FSL,2026-06-05 12:29:00,266.95,267.15,266.9,266.9,8177
FSL,2026-06-05 12:30:00,266.9,266.9,266.85,266.85,216
FSL,2026-06-05 12:31:00,266.85,266.85,266.65,266.7,1639
FSL,2026-06-05 12:32:00,266.7,266.7,266.45,266.65,3857
FSL,2026-06-05 12:33:00,266.6,266.6,266.45,266.45,568
FSL,2026-06-05 12:34:00,266.45,266.6,266.45,266.6,412
FSL,2026-06-05 12:35:00,266.6,266.6,266.5,266.5,19
FSL,2026-06-05 12:36:00,266.5,266.55,266.3,266.55,987
FSL,2026-06-05 12:37:00,266.55,266.55,266.5,266.5,188
FSL,2026-06-05 12:38:00,266.5,266.5,266.5,266.5,188
FSL,2026-06-05 12:39:00,266.55,266.55,266.5,266.55,1600
FSL,2026-06-05 12:40:00,266.4,266.55,266.4,266.55,38
FSL,2026-06-05 12:41:00,266.55,266.75,266.55,266.75,879
FSL,2026-06-05 12:42:00,266.75,266.75,266.7,266.7,4
FSL,2026-06-05 12:43:00,266.7,266.7,266.6,266.6,101
FSL,2026-06-05 12:44:00,266.6,266.65,266.6,266.65,383
FSL,2026-06-05 12:45:00,266.65,266.7,266.65,266.7,223
FSL,2026-06-05 12:46:00,266.7,266.75,266.65,266.65,402
FSL,2026-06-05 12:47:00,266.55,266.55,266.5,266.5,64
FSL,2026-06-05 12:48:00,266.5,266.85,266.5,266.8,3782
FSL,2026-06-05 12:49:00,266.8,266.8,266.45,266.7,850
FSL,2026-06-05 12:50:00,266.7,266.7,266.35,266.35,1392
FSL,2026-06-05 12:51:00,266.35,266.4,266.15,266.35,1985
FSL,2026-06-05 12:52:00,266.35,266.35,266.35,266.35,8
FSL,2026-06-05 12:53:00,266.35,266.35,266.2,266.35,353
FSL,2026-06-05 12:54:00,266.35,266.35,266.25,266.3,15
FSL,2026-06-05 12:55:00,266.3,266.3,266.2,266.2,338
FSL,2026-06-05 12:56:00,266.2,266.2,266.2,266.2,0
FSL,2026-06-05 12:57:00,266.2,266.2,266.1,266.2,549
FSL,2026-06-05 12:58:00,266.2,266.2,266.0,266.2,254
FSL,2026-06-05 12:59:00,266.2,266.2,266.1,266.1,127
FSL,2026-06-05 13:00:00,266.1,266.1,266.1,266.1,1318
FSL,2026-06-05 13:01:00,265.9,266.1,265.9,266.0,1935
FSL,2026-06-05 13:02:00,266.0,266.25,265.95,266.25,1463
FSL,2026-06-05 13:03:00,266.25,266.25,266.1,266.1,14
FSL,2026-06-05 13:04:00,266.1,266.6,266.05,266.6,3392
FSL,2026-06-05 13:05:00,266.6,266.6,266.55,266.55,33
FSL,2026-06-05 13:06:00,266.55,266.55,266.3,266.3,140
FSL,2026-06-05 13:07:00,266.3,266.3,266.2,266.25,235
FSL,2026-06-05 13:08:00,266.25,266.25,266.15,266.15,39
FSL,2026-06-05 13:09:00,266.15,266.15,266.15,266.15,15
FSL,2026-06-05 13:10:00,266.15,266.15,266.0,266.05,183
FSL,2026-06-05 13:11:00,266.05,266.05,265.85,265.85,172
FSL,2026-06-05 13:12:00,265.85,266.45,265.85,266.2,2717
FSL,2026-06-05 13:13:00,266.1,266.2,266.0,266.0,38
FSL,2026-06-05 13:14:00,266.0,266.05,266.0,266.0,1378
FSL,2026-06-05 13:15:00,266.0,266.45,265.75,266.1,1785
FSL,2026-06-05 13:16:00,266.1,266.3,266.1,266.25,1335
FSL,2026-06-05 13:17:00,266.25,266.25,266.2,266.25,153
FSL,2026-06-05 13:18:00,266.15,267.35,266.15,266.9,22220
FSL,2026-06-05 13:19:00,266.9,266.9,266.65,266.85,1728
FSL,2026-06-05 13:20:00,266.85,267.6,266.85,267.5,14494
FSL,2026-06-05 13:21:00,267.25,267.4,267.25,267.3,1308
FSL,2026-06-05 13:22:00,267.3,267.3,267.2,267.2,146
FSL,2026-06-05 13:23:00,267.2,267.2,267.2,267.2,376
FSL,2026-06-05 13:24:00,267.2,267.2,266.65,266.85,1023
FSL,2026-06-05 13:25:00,266.85,266.85,266.8,266.8,25
FSL,2026-06-05 13:26:00,266.8,267.05,266.8,267.0,2106
FSL,2026-06-05 13:27:00,267.0,267.0,266.75,266.75,876
FSL,2026-06-05 13:28:00,266.75,266.8,266.7,266.75,102
FSL,2026-06-05 13:29:00,266.75,266.75,266.6,266.6,264
FSL,2026-06-05 13:30:00,266.6,266.6,266.35,266.45,6171
FSL,2026-06-05 13:31:00,266.45,266.5,266.3,266.5,840
FSL,2026-06-05 13:32:00,267.1,267.1,266.8,266.85,3214
FSL,2026-06-05 13:33:00,266.85,266.85,266.2,266.4,1733
FSL,2026-06-05 13:34:00,266.4,266.4,266.4,266.4,106
FSL,2026-06-05 13:35:00,266.4,266.4,266.4,266.4,5
FSL,2026-06-05 13:36:00,266.4,266.4,266.3,266.3,45
FSL,2026-06-05 13:37:00,266.1,266.4,266.1,266.4,1175
FSL,2026-06-05 13:38:00,266.4,266.4,266.25,266.25,1
FSL,2026-06-05 13:39:00,266.25,266.3,266.15,266.3,156
FSL,2026-06-05 13:40:00,266.25,266.6,266.2,266.5,2395
FSL,2026-06-05 13:41:00,266.5,266.6,266.4,266.55,1042
FSL,2026-06-05 13:42:00,266.5,266.5,266.1,266.35,609
FSL,2026-06-05 13:43:00,266.35,266.35,266.25,266.25,41
FSL,2026-06-05 13:44:00,266.25,266.5,266.05,266.2,1549
FSL,2026-06-05 13:45:00,266.2,266.2,266.2,266.2,0
FSL,2026-06-05 13:46:00,266.2,266.2,266.15,266.15,582
FSL,2026-06-05 13:47:00,266.1,266.25,266.1,266.25,1073
FSL,2026-06-05 13:48:00,266.25,266.45,266.25,266.35,1956
FSL,2026-06-05 13:49:00,266.35,266.35,266.3,266.3,381
FSL,2026-06-05 13:50:00,266.3,266.3,266.15,266.3,81
FSL,2026-06-05 13:51:00,266.15,266.3,266.15,266.2,842
FSL,2026-06-05 13:52:00,266.2,266.2,265.9,265.9,832
FSL,2026-06-05 13:53:00,265.9,265.95,265.9,265.95,225
FSL,2026-06-05 13:54:00,265.95,266.15,265.95,266.05,8
FSL,2026-06-05 13:55:00,266.05,266.35,265.95,266.15,15604
FSL,2026-06-05 13:56:00,266.15,266.3,265.95,266.3,923
FSL,2026-06-05 13:57:00,266.3,266.35,266.1,266.25,779
FSL,2026-06-05 13:58:00,266.25,266.25,265.8,265.8,2656
FSL,2026-06-05 13:59:00,265.8,265.95,265.7,265.7,1534
FSL,2026-06-05 14:00:00,265.7,265.95,265.65,265.9,816
FSL,2026-06-05 14:01:00,265.9,265.9,265.65,265.85,724
FSL,2026-06-05 14:02:00,265.85,266.35,265.7,266.35,4531
FSL,2026-06-05 14:03:00,266.35,267.15,266.35,267.15,3065
FSL,2026-06-05 14:04:00,267.15,267.15,267.0,267.0,279
FSL,2026-06-05 14:05:00,267.0,267.15,267.0,267.15,1379
FSL,2026-06-05 14:06:00,267.15,267.15,267.05,267.05,203
FSL,2026-06-05 14:07:00,267.05,267.25,267.05,267.25,607
FSL,2026-06-05 14:08:00,267.2,267.2,267.2,267.2,60
FSL,2026-06-05 14:09:00,267.2,267.2,266.65,266.9,1769
FSL,2026-06-05 14:10:00,266.9,267.0,266.75,266.75,1824
FSL,2026-06-05 14:11:00,266.7,267.0,266.7,266.8,2123
FSL,2026-06-05 14:12:00,266.85,267.0,266.75,266.75,3950
FSL,2026-06-05 14:13:00,266.75,267.25,266.75,267.15,1696
FSL,2026-06-05 14:14:00,267.15,267.3,267.15,267.3,985
FSL,2026-06-05 14:15:00,267.3,267.65,267.3,267.5,2426
FSL,2026-06-05 14:16:00,267.5,267.6,267.3,267.55,1962
FSL,2026-06-05 14:17:00,267.55,267.75,267.55,267.75,73
FSL,2026-06-05 14:18:00,267.75,267.75,267.6,267.6,173
FSL,2026-06-05 14:19:00,267.6,267.6,267.5,267.5,1366
FSL,2026-06-05 14:20:00,267.5,267.5,267.3,267.35,1250
FSL,2026-06-05 14:21:00,267.35,267.65,267.15,267.55,2151
FSL,2026-06-05 14:22:00,267.6,267.9,267.6,267.85,2751
FSL,2026-06-05 14:23:00,267.85,267.95,267.7,267.7,264
FSL,2026-06-05 14:24:00,267.7,268.25,267.65,268.1,6507
FSL,2026-06-05 14:25:00,268.4,268.4,268.1,268.35,4170
FSL,2026-06-05 14:26:00,268.35,268.35,268.1,268.1,126
FSL,2026-06-05 14:27:00,268.1,268.1,268.1,268.1,0
FSL,2026-06-05 14:28:00,268.1,268.1,268.0,268.0,189
FSL,2026-06-05 14:29:00,268.0,268.05,267.75,268.0,6939
FSL,2026-06-05 14:30:00,268.0,268.0,268.0,268.0,0
FSL,2026-06-05 14:31:00,268.2,268.2,268.0,268.05,2371
FSL,2026-06-05 14:32:00,268.05,268.2,267.85,267.9,2621
FSL,2026-06-05 14:33:00,267.9,268.05,267.9,268.0,1092
FSL,2026-06-05 14:34:00,268.0,268.15,267.75,268.0,3928
FSL,2026-06-05 14:35:00,268.0,268.05,267.8,268.0,3532
FSL,2026-06-05 14:36:00,268.0,268.0,267.85,267.9,1530
FSL,2026-06-05 14:37:00,267.9,267.95,267.65,267.7,1942
FSL,2026-06-05 14:38:00,267.7,268.0,267.5,267.85,3595
FSL,2026-06-05 14:39:00,267.8,268.0,267.7,268.0,2312
FSL,2026-06-05 14:40:00,268.0,268.0,268.0,268.0,129
FSL,2026-06-05 14:41:00,268.0,268.4,268.0,268.15,6213
FSL,2026-06-05 14:42:00,268.0,268.05,267.9,268.0,1405
FSL,2026-06-05 14:43:00,268.0,268.45,268.0,268.2,8639
FSL,2026-06-05 14:44:00,268.3,268.55,268.3,268.3,919
FSL,2026-06-05 14:45:00,268.3,268.45,268.2,268.2,3436
FSL,2026-06-05 14:46:00,268.2,268.25,268.15,268.2,1365
FSL,2026-06-05 14:47:00,268.2,268.25,268.2,268.2,6
FSL,2026-06-05 14:48:00,268.2,268.25,268.0,268.15,769
FSL,2026-06-05 14:49:00,268.25,268.25,268.0,268.1,1356
FSL,2026-06-05 14:50:00,268.25,268.3,268.15,268.15,891
FSL,2026-06-05 14:51:00,268.15,268.45,268.15,268.45,1393
FSL,2026-06-05 14:52:00,268.45,268.45,268.2,268.25,1843
FSL,2026-06-05 14:53:00,268.25,268.45,268.25,268.25,854
FSL,2026-06-05 14:54:00,268.25,268.25,268.05,268.25,592
FSL,2026-06-05 14:55:00,268.15,268.3,268.1,268.25,5637
FSL,2026-06-05 14:56:00,268.2,268.25,268.15,268.25,390
FSL,2026-06-05 14:57:00,268.25,268.25,267.85,267.85,201
FSL,2026-06-05 14:58:00,267.85,268.2,267.85,268.15,14341
FSL,2026-06-05 14:59:00,268.2,268.2,268.0,268.2,3516
FSL,2026-06-05 15:00:00,268.0,268.15,267.85,268.0,5624
FSL,2026-06-05 15:01:00,268.0,268.0,267.85,268.0,3151
FSL,2026-06-05 15:02:00,267.9,268.1,267.85,268.1,12703
FSL,2026-06-05 15:03:00,268.0,268.05,267.95,267.95,3988
FSL,2026-06-05 15:04:00,267.85,268.05,267.8,267.9,1589
FSL,2026-06-05 15:05:00,267.95,268.05,267.9,267.95,3246
FSL,2026-06-05 15:06:00,267.9,267.9,267.7,267.85,2751
FSL,2026-06-05 15:07:00,267.8,267.9,267.8,267.8,3532
FSL,2026-06-05 15:08:00,267.9,267.9,267.8,267.9,83
FSL,2026-06-05 15:09:00,267.6,268.0,267.6,267.95,5958
FSL,2026-06-05 15:10:00,267.9,268.0,267.75,267.8,11569
FSL,2026-06-05 15:11:00,268.0,268.05,267.85,268.0,1792
FSL,2026-06-05 15:12:00,268.05,268.1,268.0,268.0,3456
FSL,2026-06-05 15:13:00,268.0,268.05,267.95,268.05,3897
FSL,2026-06-05 15:14:00,268.05,268.05,267.85,267.85,4267
FSL,2026-06-05 15:15:00,267.85,268.05,267.85,268.0,4951
FSL,2026-06-05 15:16:00,268.05,268.05,268.0,268.0,5248
FSL,2026-06-05 15:17:00,267.9,268.0,267.9,268.0,2427
FSL,2026-06-05 15:18:00,268.0,268.05,267.9,268.05,5984
FSL,2026-06-05 15:19:00,268.0,268.05,268.0,268.0,5749
FSL,2026-06-05 15:20:00,268.0,268.05,268.0,268.05,5745
FSL,2026-06-05 15:21:00,268.05,268.05,268.0,268.0,5411
FSL,2026-06-05 15:22:00,268.05,268.05,268.0,268.0,5927
FSL,2026-06-05 15:23:00,268.0,268.3,268.0,268.05,8238
FSL,2026-06-05 15:24:00,268.05,268.05,268.0,268.0,1725
FSL,2026-06-05 15:25:00,268.05,268.15,268.0,268.0,13292
FSL,2026-06-05 15:26:00,268.0,268.15,267.85,268.0,19811
FSL,2026-06-05 15:27:00,268.0,268.1,268.0,268.0,10626
FSL,2026-06-05 15:28:00,268.0,268.05,267.05,268.0,16796
FSL,2026-06-05 15:29:00,268.0,268.05,268.0,268.0,7502
FSL,2026-06-08 09:15:00,264.0,264.0,259.55,260.65,24802
FSL,2026-06-08 09:16:00,260.15,260.55,260.1,260.55,15387
FSL,2026-06-08 09:17:00,260.55,261.05,260.15,260.5,12947
FSL,2026-06-08 09:18:00,260.5,260.5,260.15,260.35,27742
FSL,2026-06-08 09:19:00,260.15,261.15,260.15,261.0,12352
FSL,2026-06-08 09:20:00,260.9,260.9,259.7,259.7,25855
FSL,2026-06-08 09:21:00,259.25,259.8,258.5,259.75,33597
FSL,2026-06-08 09:22:00,259.75,260.0,259.55,259.9,8910
FSL,2026-06-08 09:23:00,259.9,259.9,259.3,259.5,7703
FSL,2026-06-08 09:24:00,259.5,259.6,258.9,258.9,12991
FSL,2026-06-08 09:25:00,258.95,259.0,258.6,259.0,5783
FSL,2026-06-08 09:26:00,258.85,259.25,258.85,259.05,11938
FSL,2026-06-08 09:27:00,259.05,259.6,259.05,259.6,11284
FSL,2026-06-08 09:28:00,259.45,259.6,259.25,259.25,9041
FSL,2026-06-08 09:29:00,259.25,259.35,258.95,259.35,8388
FSL,2026-06-08 09:30:00,259.35,259.5,258.8,259.5,9874
FSL,2026-06-08 09:31:00,259.5,259.75,259.1,259.1,3620
FSL,2026-06-08 09:32:00,258.95,259.0,258.65,258.85,5765
FSL,2026-06-08 09:33:00,258.85,259.25,258.85,259.15,8028
FSL,2026-06-08 09:34:00,259.2,259.2,258.65,258.65,8071
FSL,2026-06-08 09:35:00,258.65,258.8,258.2,258.25,9188
FSL,2026-06-08 09:36:00,258.25,258.3,257.0,257.2,27579
FSL,2026-06-08 09:37:00,257.0,257.2,257.0,257.15,13567
FSL,2026-06-08 09:38:00,256.7,256.7,256.3,256.65,30711
FSL,2026-06-08 09:39:00,256.5,256.9,256.5,256.7,9805
FSL,2026-06-08 09:40:00,256.85,257.65,256.85,257.45,23294
FSL,2026-06-08 09:41:00,257.35,257.6,256.45,256.45,14833
FSL,2026-06-08 09:42:00,256.45,256.5,256.35,256.35,17614
FSL,2026-06-08 09:43:00,256.4,256.85,256.4,256.7,4750
FSL,2026-06-08 09:44:00,256.7,256.7,256.0,256.6,11074
FSL,2026-06-08 09:45:00,256.6,257.1,256.6,257.1,6332
FSL,2026-06-08 09:46:00,257.1,257.6,257.1,257.6,13235
FSL,2026-06-08 09:47:00,257.6,257.6,257.25,257.35,3619
FSL,2026-06-08 09:48:00,257.35,257.35,256.9,256.95,3325
FSL,2026-06-08 09:49:00,257.1,257.1,255.55,255.55,31960
FSL,2026-06-08 09:50:00,255.8,256.0,255.35,256.0,6378
FSL,2026-06-08 09:51:00,256.0,256.3,255.75,256.3,5217
FSL,2026-06-08 09:52:00,256.25,256.3,256.15,256.15,1938
FSL,2026-06-08 09:53:00,256.4,256.5,254.15,254.55,42982
FSL,2026-06-08 09:54:00,254.5,254.6,254.4,254.6,8755
FSL,2026-06-08 09:55:00,254.4,254.6,254.05,254.25,5766
FSL,2026-06-08 09:56:00,254.25,254.75,254.25,254.75,12885
FSL,2026-06-08 09:57:00,254.9,254.95,254.6,254.9,5249
FSL,2026-06-08 09:58:00,254.8,254.8,254.5,254.5,8282
FSL,2026-06-08 09:59:00,254.5,254.9,254.5,254.9,5944
FSL,2026-06-08 10:00:00,254.9,254.9,254.5,254.6,3998
FSL,2026-06-08 10:01:00,254.6,254.6,254.15,254.45,5889
FSL,2026-06-08 10:02:00,254.45,254.55,254.3,254.5,1419
FSL,2026-06-08 10:03:00,254.5,254.6,254.3,254.6,5058
FSL,2026-06-08 10:04:00,254.6,254.6,253.4,253.4,30594
FSL,2026-06-08 10:05:00,253.4,253.6,253.1,253.1,10128
FSL,2026-06-08 10:06:00,253.3,253.3,252.45,252.85,17560
FSL,2026-06-08 10:07:00,252.95,254.6,252.95,254.35,33766
FSL,2026-06-08 10:08:00,254.5,254.5,254.4,254.5,6903
FSL,2026-06-08 10:09:00,254.5,254.8,254.3,254.6,9059
FSL,2026-06-08 10:10:00,254.55,254.6,254.25,254.5,3250
FSL,2026-06-08 10:11:00,254.4,255.0,254.4,254.75,17769
FSL,2026-06-08 10:12:00,254.85,254.9,254.6,254.85,6147
FSL,2026-06-08 10:13:00,254.9,255.0,254.6,254.85,5330
FSL,2026-06-08 10:14:00,254.85,254.9,254.65,254.8,3828
FSL,2026-06-08 10:15:00,254.85,255.0,254.8,254.95,1884
FSL,2026-06-08 10:16:00,254.95,255.0,254.85,254.95,2213
FSL,2026-06-08 10:17:00,254.95,255.0,254.85,255.0,2346
FSL,2026-06-08 10:18:00,255.0,255.0,254.95,255.0,1975
FSL,2026-06-08 10:19:00,254.95,255.0,254.85,254.85,3293
FSL,2026-06-08 10:20:00,254.85,255.0,254.7,254.8,14884
FSL,2026-06-08 10:21:00,254.85,255.0,254.85,255.0,2622
FSL,2026-06-08 10:22:00,255.0,255.0,255.0,255.0,1683
FSL,2026-06-08 10:23:00,255.0,255.0,254.65,254.95,11043
FSL,2026-06-08 10:24:00,254.7,254.85,254.65,254.65,710
FSL,2026-06-08 10:25:00,254.8,254.8,254.6,254.8,2629
FSL,2026-06-08 10:26:00,254.8,254.8,254.6,254.65,1470
FSL,2026-06-08 10:27:00,254.55,254.65,254.3,254.3,5595
FSL,2026-06-08 10:28:00,254.45,254.45,254.1,254.4,21638
FSL,2026-06-08 10:29:00,254.4,254.4,254.3,254.4,1560
FSL,2026-06-08 10:30:00,254.4,254.55,254.15,254.25,3646
FSL,2026-06-08 10:31:00,254.25,254.4,254.25,254.3,1973
FSL,2026-06-08 10:32:00,254.4,254.45,254.3,254.45,1608
FSL,2026-06-08 10:33:00,254.45,254.95,254.45,254.9,4018
FSL,2026-06-08 10:34:00,254.85,254.9,254.6,254.85,2679
FSL,2026-06-08 10:35:00,254.85,254.85,254.65,254.85,1189
FSL,2026-06-08 10:36:00,254.85,254.85,254.6,254.75,830
FSL,2026-06-08 10:37:00,254.75,254.85,254.75,254.8,1453
FSL,2026-06-08 10:38:00,254.8,254.9,254.8,254.9,962
FSL,2026-06-08 10:39:00,254.9,255.0,254.9,255.0,97514
FSL,2026-06-08 10:40:00,254.9,255.0,254.9,255.0,5685
FSL,2026-06-08 10:41:00,255.0,255.05,254.9,255.0,8392
FSL,2026-06-08 10:42:00,254.75,254.9,254.55,254.55,4360
FSL,2026-06-08 10:43:00,254.55,254.55,254.3,254.3,5389
FSL,2026-06-08 10:44:00,254.55,254.6,254.3,254.35,3285
FSL,2026-06-08 10:45:00,254.25,254.4,254.1,254.35,4476
FSL,2026-06-08 10:46:00,254.35,254.35,254.35,254.35,1263
FSL,2026-06-08 10:47:00,254.35,254.65,254.35,254.65,3111
FSL,2026-06-08 10:48:00,254.65,254.65,254.3,254.55,2378
FSL,2026-06-08 10:49:00,254.55,254.65,254.5,254.6,329
FSL,2026-06-08 10:50:00,254.6,254.7,254.3,254.65,6216
FSL,2026-06-08 10:51:00,254.65,254.65,254.6,254.65,1266
FSL,2026-06-08 10:52:00,254.65,254.7,254.65,254.7,973
FSL,2026-06-08 10:53:00,254.7,254.8,254.6,254.65,2159
FSL,2026-06-08 10:54:00,254.45,254.5,254.3,254.45,696
FSL,2026-06-08 10:55:00,254.45,254.45,254.15,254.3,565
FSL,2026-06-08 10:56:00,254.4,254.75,254.25,254.75,3112
FSL,2026-06-08 10:57:00,254.7,254.75,254.55,254.75,683
FSL,2026-06-08 10:58:00,254.75,254.95,254.55,254.85,3183
FSL,2026-06-08 10:59:00,254.85,254.9,254.65,254.85,2092
FSL,2026-06-08 11:00:00,254.85,254.85,254.7,254.7,430
FSL,2026-06-08 11:01:00,254.85,254.95,254.8,254.8,2436
FSL,2026-06-08 11:02:00,254.8,254.95,254.8,254.8,934
FSL,2026-06-08 11:03:00,254.8,254.95,254.75,254.8,924
FSL,2026-06-08 11:04:00,254.8,254.8,254.6,254.6,949
FSL,2026-06-08 11:05:00,254.7,254.7,254.45,254.5,2162
FSL,2026-06-08 11:06:00,254.4,254.6,254.4,254.6,761
FSL,2026-06-08 11:07:00,254.5,254.55,254.25,254.3,1425
FSL,2026-06-08 11:08:00,254.25,254.3,254.15,254.15,865
FSL,2026-06-08 11:09:00,254.3,254.3,254.3,254.3,332
FSL,2026-06-08 11:10:00,254.3,254.4,254.3,254.4,1385
FSL,2026-06-08 11:11:00,254.4,254.4,254.25,254.35,1072
FSL,2026-06-08 11:12:00,254.35,254.35,254.15,254.15,1450
FSL,2026-06-08 11:13:00,254.4,254.4,254.15,254.2,670
FSL,2026-06-08 11:14:00,254.2,254.25,254.05,254.25,6900
FSL,2026-06-08 11:15:00,254.25,254.35,254.15,254.35,137
FSL,2026-06-08 11:16:00,254.15,254.45,254.15,254.45,1068
FSL,2026-06-08 11:17:00,254.4,254.4,254.1,254.4,17805
FSL,2026-06-08 11:18:00,254.4,254.5,254.25,254.3,834
FSL,2026-06-08 11:19:00,254.3,254.3,254.15,254.3,63
FSL,2026-06-08 11:20:00,254.3,254.3,254.15,254.3,755
FSL,2026-06-08 11:21:00,254.3,254.4,254.15,254.3,2579
FSL,2026-06-08 11:22:00,254.5,254.65,254.25,254.3,1394
FSL,2026-06-08 11:23:00,254.3,254.5,254.25,254.5,2902
FSL,2026-06-08 11:24:00,254.5,254.6,254.25,254.6,3913
FSL,2026-06-08 11:25:00,254.6,254.6,254.4,254.5,237
FSL,2026-06-08 11:26:00,254.5,254.6,254.35,254.6,1779
FSL,2026-06-08 11:27:00,254.6,254.6,254.6,254.6,82
FSL,2026-06-08 11:28:00,254.6,254.6,254.35,254.4,1681
FSL,2026-06-08 11:29:00,254.5,254.5,254.25,254.3,815
FSL,2026-06-08 11:30:00,254.3,254.55,254.3,254.55,741
FSL,2026-06-08 11:31:00,254.55,254.85,254.35,254.55,3463
FSL,2026-06-08 11:32:00,254.55,254.8,254.55,254.75,463
FSL,2026-06-08 11:33:00,254.75,254.8,254.6,254.8,2248
FSL,2026-06-08 11:34:00,254.8,254.95,254.65,254.85,2303
FSL,2026-06-08 11:35:00,254.9,255.0,254.8,254.85,5163
FSL,2026-06-08 11:36:00,254.85,254.95,254.65,254.65,3361
FSL,2026-06-08 11:37:00,254.85,255.0,254.65,255.0,6808
FSL,2026-06-08 11:38:00,255.0,255.0,254.75,255.0,2603
FSL,2026-06-08 11:39:00,255.0,255.0,254.9,255.0,2612
FSL,2026-06-08 11:40:00,255.0,255.0,254.95,255.0,673
FSL,2026-06-08 11:41:00,255.0,255.0,254.75,254.9,566
FSL,2026-06-08 11:42:00,254.75,254.9,254.75,254.75,4643
FSL,2026-06-08 11:43:00,254.8,254.9,254.7,254.85,416
FSL,2026-06-08 11:44:00,254.85,254.9,254.85,254.9,1107
FSL,2026-06-08 11:45:00,254.9,254.9,254.65,254.65,3555
FSL,2026-06-08 11:46:00,254.65,254.8,254.55,254.8,1222
FSL,2026-06-08 11:47:00,254.8,254.8,254.75,254.8,518
FSL,2026-06-08 11:48:00,254.8,254.8,254.8,254.8,1170
FSL,2026-06-08 11:49:00,254.75,254.8,254.75,254.75,905
FSL,2026-06-08 11:50:00,254.75,254.8,254.55,254.7,1665
FSL,2026-06-08 11:51:00,254.55,254.7,254.5,254.65,797
FSL,2026-06-08 11:52:00,254.65,254.65,254.5,254.65,676
FSL,2026-06-08 11:53:00,254.65,254.65,254.5,254.65,443
FSL,2026-06-08 11:54:00,254.65,254.65,254.45,254.5,2270
FSL,2026-06-08 11:55:00,254.7,254.75,254.5,254.5,2282
FSL,2026-06-08 11:56:00,254.5,254.7,254.5,254.6,381
FSL,2026-06-08 11:57:00,254.7,254.7,254.4,254.55,1880
FSL,2026-06-08 11:58:00,254.55,254.55,254.45,254.5,621
FSL,2026-06-08 11:59:00,254.5,254.75,254.5,254.5,5164
FSL,2026-06-08 12:00:00,254.75,254.8,254.5,254.75,344
FSL,2026-06-08 12:01:00,254.8,254.9,254.65,254.85,2324
FSL,2026-06-08 12:02:00,254.85,254.85,254.65,254.85,1262
FSL,2026-06-08 12:03:00,254.85,254.85,254.55,254.6,721
FSL,2026-06-08 12:04:00,254.8,254.8,254.6,254.7,289
FSL,2026-06-08 12:05:00,254.7,254.75,254.6,254.75,1194
FSL,2026-06-08 12:06:00,254.75,254.8,254.5,254.8,862
FSL,2026-06-08 12:07:00,254.8,254.8,254.5,254.7,300
FSL,2026-06-08 12:08:00,254.7,254.7,254.35,254.55,436
FSL,2026-06-08 12:09:00,254.6,254.6,254.6,254.6,152
FSL,2026-06-08 12:10:00,254.6,254.6,254.45,254.6,368
FSL,2026-06-08 12:11:00,254.6,254.6,254.55,254.6,134
FSL,2026-06-08 12:12:00,254.7,254.7,254.45,254.65,1401
FSL,2026-06-08 12:13:00,254.65,254.65,254.4,254.6,655
FSL,2026-06-08 12:14:00,254.6,254.6,254.35,254.55,848
FSL,2026-06-08 12:15:00,254.55,254.55,254.4,254.5,1436
FSL,2026-06-08 12:16:00,254.5,254.6,254.45,254.5,1037
FSL,2026-06-08 12:17:00,254.5,254.7,254.4,254.4,1834
FSL,2026-06-08 12:18:00,254.65,254.75,254.65,254.75,755
FSL,2026-06-08 12:19:00,254.75,254.75,254.45,254.5,328
FSL,2026-06-08 12:20:00,254.75,254.75,254.55,254.75,413
FSL,2026-06-08 12:21:00,254.75,254.85,254.65,254.75,778
FSL,2026-06-08 12:22:00,254.7,254.8,254.6,254.75,672
FSL,2026-06-08 12:23:00,254.75,254.75,254.55,254.6,2231
FSL,2026-06-08 12:24:00,254.6,254.6,254.4,254.6,658
FSL,2026-06-08 12:25:00,254.6,254.6,254.5,254.5,317
FSL,2026-06-08 12:26:00,254.6,254.6,254.4,254.6,793
FSL,2026-06-08 12:27:00,254.6,254.6,254.4,254.6,165
FSL,2026-06-08 12:28:00,254.6,254.6,254.35,254.6,1329
FSL,2026-06-08 12:29:00,254.6,254.6,254.45,254.6,182
FSL,2026-06-08 12:30:00,254.6,254.6,254.45,254.45,175
FSL,2026-06-08 12:31:00,254.55,254.6,254.3,254.4,2149
FSL,2026-06-08 12:32:00,254.4,254.55,254.35,254.45,1509
FSL,2026-06-08 12:33:00,254.55,254.55,254.55,254.55,494
FSL,2026-06-08 12:34:00,254.55,254.55,254.35,254.55,921
FSL,2026-06-08 12:35:00,254.4,254.55,254.3,254.5,1686
FSL,2026-06-08 12:36:00,254.3,254.6,254.3,254.5,2090
FSL,2026-06-08 12:37:00,254.4,254.5,254.3,254.3,314
FSL,2026-06-08 12:38:00,254.5,254.6,254.35,254.6,1263
FSL,2026-06-08 12:39:00,254.65,254.65,254.3,254.5,1925
FSL,2026-06-08 12:40:00,254.5,254.5,254.3,254.35,302
FSL,2026-06-08 12:41:00,254.5,254.55,254.4,254.55,500
FSL,2026-06-08 12:42:00,254.55,254.65,254.45,254.65,2147
FSL,2026-06-08 12:43:00,254.65,254.65,254.45,254.65,394
FSL,2026-06-08 12:44:00,254.65,254.65,254.35,254.6,662
FSL,2026-06-08 12:45:00,254.6,254.65,254.45,254.65,400
FSL,2026-06-08 12:46:00,254.65,254.65,254.45,254.65,1048
FSL,2026-06-08 12:47:00,254.4,254.65,254.4,254.65,504
FSL,2026-06-08 12:48:00,254.6,254.7,254.45,254.7,1624
FSL,2026-06-08 12:49:00,254.7,254.8,254.6,254.8,811
FSL,2026-06-08 12:50:00,254.85,254.85,254.6,254.65,1607
FSL,2026-06-08 12:51:00,254.8,254.8,254.65,254.8,361
FSL,2026-06-08 12:52:00,254.8,254.85,254.7,254.7,2545
FSL,2026-06-08 12:53:00,254.7,254.7,254.6,254.7,1059
FSL,2026-06-08 12:54:00,254.7,254.8,254.6,254.8,921
FSL,2026-06-08 12:55:00,254.8,254.9,254.7,254.85,1093
FSL,2026-06-08 12:56:00,254.85,254.85,254.6,254.8,983
FSL,2026-06-08 12:57:00,254.8,254.85,254.7,254.85,1708
FSL,2026-06-08 12:58:00,254.85,254.9,254.75,254.9,678
FSL,2026-06-08 12:59:00,254.75,254.85,254.75,254.8,1702
FSL,2026-06-08 13:00:00,254.8,254.8,254.35,254.35,3008
FSL,2026-06-08 13:01:00,254.35,254.75,254.35,254.65,553
FSL,2026-06-08 13:02:00,254.6,254.65,254.6,254.65,310
FSL,2026-06-08 13:03:00,254.65,254.7,254.35,254.6,683
FSL,2026-06-08 13:04:00,254.6,254.65,254.35,254.35,1193
FSL,2026-06-08 13:05:00,254.35,254.6,254.3,254.3,2833
FSL,2026-06-08 13:06:00,254.55,254.6,254.55,254.55,179
FSL,2026-06-08 13:07:00,254.55,254.55,254.2,254.4,1701
FSL,2026-06-08 13:08:00,254.4,254.4,254.2,254.4,480
FSL,2026-06-08 13:09:00,254.4,254.4,254.15,254.4,1806
FSL,2026-06-08 13:10:00,254.2,254.35,254.1,254.35,389
FSL,2026-06-08 13:11:00,254.35,254.35,254.0,254.25,3317
FSL,2026-06-08 13:12:00,254.25,254.25,253.95,253.95,2010
FSL,2026-06-08 13:13:00,253.95,254.15,253.8,254.15,16164
FSL,2026-06-08 13:14:00,254.1,254.15,253.9,254.0,772
FSL,2026-06-08 13:15:00,254.0,254.1,254.0,254.0,1157
FSL,2026-06-08 13:16:00,254.0,254.05,253.8,254.0,817
FSL,2026-06-08 13:17:00,254.0,254.0,253.9,254.0,221
FSL,2026-06-08 13:18:00,254.0,254.0,253.8,253.8,858
FSL,2026-06-08 13:19:00,253.85,253.95,253.75,253.75,1605
FSL,2026-06-08 13:20:00,253.75,254.0,253.75,253.9,1053
FSL,2026-06-08 13:21:00,253.9,253.9,253.8,253.85,313
FSL,2026-06-08 13:22:00,253.75,253.85,253.75,253.85,573
FSL,2026-06-08 13:23:00,253.85,253.9,253.8,253.9,402
FSL,2026-06-08 13:24:00,253.9,253.9,253.8,253.9,432
FSL,2026-06-08 13:25:00,253.9,254.1,253.85,254.1,4815
FSL,2026-06-08 13:26:00,254.1,254.1,253.9,254.05,238
FSL,2026-06-08 13:27:00,254.0,254.0,253.05,253.05,11905
FSL,2026-06-08 13:28:00,253.05,253.75,253.05,253.45,7134
FSL,2026-06-08 13:29:00,253.45,253.65,253.25,253.65,1691
FSL,2026-06-08 13:30:00,253.45,253.9,253.45,253.8,7174
FSL,2026-06-08 13:31:00,253.8,253.8,253.55,253.8,956
FSL,2026-06-08 13:32:00,253.8,253.8,253.65,253.8,438
FSL,2026-06-08 13:33:00,253.8,253.8,253.65,253.8,185
FSL,2026-06-08 13:34:00,253.8,253.8,253.7,253.7,1301
FSL,2026-06-08 13:35:00,253.7,253.85,253.5,253.85,4331
FSL,2026-06-08 13:36:00,253.85,253.85,253.6,253.85,297
FSL,2026-06-08 13:37:00,253.85,254.05,253.6,253.6,2132
FSL,2026-06-08 13:38:00,253.6,253.75,253.5,253.7,1513
FSL,2026-06-08 13:39:00,253.7,253.7,253.5,253.6,337
FSL,2026-06-08 13:40:00,253.5,253.65,253.5,253.6,592
FSL,2026-06-08 13:41:00,253.6,253.7,253.5,253.7,3611
FSL,2026-06-08 13:42:00,253.7,253.7,253.5,253.5,221
FSL,2026-06-08 13:43:00,253.5,253.9,253.5,253.65,4411
FSL,2026-06-08 13:44:00,253.65,253.85,253.2,253.4,6221
FSL,2026-06-08 13:45:00,253.4,253.7,253.4,253.7,151
FSL,2026-06-08 13:46:00,253.7,253.7,253.5,253.5,518
FSL,2026-06-08 13:47:00,253.5,253.65,253.1,253.15,5380
FSL,2026-06-08 13:48:00,253.15,253.3,253.1,253.3,2132
FSL,2026-06-08 13:49:00,253.15,253.3,253.1,253.3,2075
FSL,2026-06-08 13:50:00,253.3,253.3,253.1,253.3,396
FSL,2026-06-08 13:51:00,253.3,253.3,253.05,253.2,2179
FSL,2026-06-08 13:52:00,253.2,253.3,253.15,253.3,426
FSL,2026-06-08 13:53:00,253.3,253.3,253.1,253.3,785
FSL,2026-06-08 13:54:00,253.3,253.3,253.15,253.15,611
FSL,2026-06-08 13:55:00,253.15,253.25,253.1,253.1,570
FSL,2026-06-08 13:56:00,253.1,253.1,253.0,253.0,1297
FSL,2026-06-08 13:57:00,253.0,253.1,253.0,253.1,1059
FSL,2026-06-08 13:58:00,253.1,253.1,253.0,253.0,5252
FSL,2026-06-08 13:59:00,253.0,253.0,252.7,253.0,2359
FSL,2026-06-08 14:00:00,253.0,253.25,252.7,253.25,3938
FSL,2026-06-08 14:01:00,253.05,253.25,252.95,252.95,3116
FSL,2026-06-08 14:02:00,253.15,253.15,253.0,253.0,306
FSL,2026-06-08 14:03:00,253.0,253.4,252.9,253.4,2908
FSL,2026-06-08 14:04:00,253.4,253.55,253.35,253.55,1862
FSL,2026-06-08 14:05:00,253.55,253.6,253.25,253.5,4555
FSL,2026-06-08 14:06:00,253.45,253.45,253.25,253.4,628
FSL,2026-06-08 14:07:00,253.35,253.35,253.0,253.2,446
FSL,2026-06-08 14:08:00,253.2,253.25,253.0,253.1,695
FSL,2026-06-08 14:09:00,253.1,253.1,253.1,253.1,376
FSL,2026-06-08 14:10:00,253.0,253.1,252.85,253.05,2290
FSL,2026-06-08 14:11:00,252.9,253.1,252.9,253.05,1380
FSL,2026-06-08 14:12:00,253.05,253.05,252.9,252.9,1094
FSL,2026-06-08 14:13:00,252.9,253.05,252.9,252.9,389
FSL,2026-06-08 14:14:00,252.9,252.95,252.8,252.95,775
FSL,2026-06-08 14:15:00,252.75,253.05,252.7,253.05,4044
FSL,2026-06-08 14:16:00,253.05,253.35,253.05,253.1,817
FSL,2026-06-08 14:17:00,253.1,253.2,253.0,253.0,867
FSL,2026-06-08 14:18:00,253.15,253.2,253.0,253.1,976
FSL,2026-06-08 14:19:00,253.2,253.35,253.2,253.2,7630
FSL,2026-06-08 14:20:00,253.1,253.35,253.1,253.1,1789
FSL,2026-06-08 14:21:00,252.95,253.05,252.95,253.05,3166
FSL,2026-06-08 14:22:00,253.05,253.1,252.95,253.0,1082
FSL,2026-06-08 14:23:00,253.0,253.05,252.9,253.05,283
FSL,2026-06-08 14:24:00,253.05,253.15,253.05,253.15,2819
FSL,2026-06-08 14:25:00,253.05,253.05,252.6,252.8,4610
FSL,2026-06-08 14:26:00,252.8,253.15,252.75,252.85,6309
FSL,2026-06-08 14:27:00,252.85,252.95,252.85,252.85,526
FSL,2026-06-08 14:28:00,252.85,253.05,252.85,253.0,2417
FSL,2026-06-08 14:29:00,253.05,253.2,253.0,253.15,1915
FSL,2026-06-08 14:30:00,253.1,253.35,253.0,253.25,3350
FSL,2026-06-08 14:31:00,253.25,253.25,252.85,252.85,1577
FSL,2026-06-08 14:32:00,252.8,253.1,252.8,252.85,2480
FSL,2026-06-08 14:33:00,253.0,253.15,252.95,253.15,503
FSL,2026-06-08 14:34:00,253.1,253.15,252.8,252.8,1328
FSL,2026-06-08 14:35:00,253.05,253.15,253.0,253.0,525
FSL,2026-06-08 14:36:00,253.0,253.15,252.9,253.05,548
FSL,2026-06-08 14:37:00,252.9,253.05,252.9,253.0,374
FSL,2026-06-08 14:38:00,253.05,253.25,253.0,253.25,546
FSL,2026-06-08 14:39:00,253.1,253.25,253.1,253.25,442
FSL,2026-06-08 14:40:00,253.25,253.25,253.05,253.05,625
FSL,2026-06-08 14:41:00,253.05,253.2,253.0,253.0,971
FSL,2026-06-08 14:42:00,253.05,253.05,252.8,252.9,4528
FSL,2026-06-08 14:43:00,253.0,253.0,252.8,252.9,1204
FSL,2026-06-08 14:44:00,252.8,253.35,252.8,253.35,3528
FSL,2026-06-08 14:45:00,253.35,253.5,252.85,253.05,13333
FSL,2026-06-08 14:46:00,253.05,253.15,252.85,252.9,1841
FSL,2026-06-08 14:47:00,252.9,253.45,252.9,253.25,1728
FSL,2026-06-08 14:48:00,253.3,253.4,253.1,253.1,4770
FSL,2026-06-08 14:49:00,253.1,253.4,253.1,253.2,529
FSL,2026-06-08 14:50:00,253.25,253.25,253.0,253.0,990
FSL,2026-06-08 14:51:00,253.0,253.4,253.0,253.2,1257
FSL,2026-06-08 14:52:00,253.35,253.35,253.0,253.15,2346
FSL,2026-06-08 14:53:00,253.15,253.15,252.9,253.1,3459
FSL,2026-06-08 14:54:00,253.1,253.1,252.85,252.85,6856
FSL,2026-06-08 14:55:00,252.9,253.0,252.6,252.8,3332
FSL,2026-06-08 14:56:00,252.85,252.95,252.6,252.7,683
FSL,2026-06-08 14:57:00,252.85,252.85,252.6,252.6,442
FSL,2026-06-08 14:58:00,252.75,252.75,252.55,252.55,1834
FSL,2026-06-08 14:59:00,252.85,253.0,252.7,252.7,3384
FSL,2026-06-08 15:00:00,252.7,252.7,252.2,252.35,12219
FSL,2026-06-08 15:01:00,252.35,252.35,252.0,252.15,10749
FSL,2026-06-08 15:02:00,252.15,252.15,251.35,251.35,16184
FSL,2026-06-08 15:03:00,251.45,251.95,251.3,251.75,18554
FSL,2026-06-08 15:04:00,251.95,251.95,251.7,251.75,8298
FSL,2026-06-08 15:05:00,251.75,251.9,251.7,251.75,2346
FSL,2026-06-08 15:06:00,251.9,252.35,251.7,252.25,6786
FSL,2026-06-08 15:07:00,252.3,252.45,252.2,252.2,3754
FSL,2026-06-08 15:08:00,252.45,253.05,252.15,253.05,17159
FSL,2026-06-08 15:09:00,253.1,253.7,253.1,253.5,27064
FSL,2026-06-08 15:10:00,254.5,254.5,253.7,253.75,67805
FSL,2026-06-08 15:11:00,253.8,253.8,253.0,253.0,12792
FSL,2026-06-08 15:12:00,253.15,253.15,252.35,252.5,5102
FSL,2026-06-08 15:13:00,252.45,252.45,251.15,251.45,16137
FSL,2026-06-08 15:14:00,251.7,251.7,251.1,251.6,6915
FSL,2026-06-08 15:15:00,251.4,251.45,250.65,251.2,10983
FSL,2026-06-08 15:16:00,251.15,251.55,250.45,251.55,13343
FSL,2026-06-08 15:17:00,251.6,251.65,251.35,251.5,4357
FSL,2026-06-08 15:18:00,251.4,251.4,250.25,250.7,29194
FSL,2026-06-08 15:19:00,250.65,251.0,250.65,251.0,4460
FSL,2026-06-08 15:20:00,251.0,251.35,251.0,251.3,11701
FSL,2026-06-08 15:21:00,250.9,251.3,250.6,250.8,10018
FSL,2026-06-08 15:22:00,250.95,251.0,250.7,250.9,4014
FSL,2026-06-08 15:23:00,250.85,250.85,250.7,250.7,4934
FSL,2026-06-08 15:24:00,250.15,251.3,250.15,250.6,17311
FSL,2026-06-08 15:25:00,250.85,251.0,250.0,250.85,26273
FSL,2026-06-08 15:26:00,250.85,251.2,250.5,250.5,5640
FSL,2026-06-08 15:27:00,250.45,250.55,250.0,250.0,6440
FSL,2026-06-08 15:28:00,250.0,250.4,249.9,250.4,10690
FSL,2026-06-08 15:29:00,250.35,250.35,249.75,250.2,8703
FSL,2026-06-09 09:15:00,253.05,254.05,250.85,251.0,33087
FSL,2026-06-09 09:16:00,250.95,251.6,249.75,250.15,25780
FSL,2026-06-09 09:17:00,250.05,251.35,250.05,251.35,20407
FSL,2026-06-09 09:18:00,251.35,251.9,251.35,251.85,15411
FSL,2026-06-09 09:19:00,251.75,251.75,250.2,250.2,13290
FSL,2026-06-09 09:20:00,250.3,250.6,250.0,250.2,14944
FSL,2026-06-09 09:21:00,249.9,250.0,249.0,249.0,14299
FSL,2026-06-09 09:22:00,249.4,249.4,248.2,248.2,13542
FSL,2026-06-09 09:23:00,248.85,250.0,248.85,250.0,6770
FSL,2026-06-09 09:24:00,250.0,250.0,249.5,249.7,7090
FSL,2026-06-09 09:25:00,249.7,249.85,249.4,249.85,14090
FSL,2026-06-09 09:26:00,250.05,250.15,249.5,249.5,4266
FSL,2026-06-09 09:27:00,249.5,250.2,249.35,249.9,15717
FSL,2026-06-09 09:28:00,250.15,250.15,249.6,249.7,4601
FSL,2026-06-09 09:29:00,249.7,249.75,249.4,249.4,1445
FSL,2026-06-09 09:30:00,249.6,249.95,249.15,249.75,5817
FSL,2026-06-09 09:31:00,249.85,249.85,249.6,249.6,2976
FSL,2026-06-09 09:32:00,249.8,250.85,249.8,250.7,4194
FSL,2026-06-09 09:33:00,250.75,250.95,250.55,250.55,5699
FSL,2026-06-09 09:34:00,250.55,250.7,250.5,250.7,933
FSL,2026-06-09 09:35:00,250.7,250.7,250.45,250.45,1335
FSL,2026-06-09 09:36:00,250.45,250.7,250.05,250.05,3599
FSL,2026-06-09 09:37:00,250.45,250.45,250.0,250.15,3839
FSL,2026-06-09 09:38:00,250.15,250.15,249.75,249.75,9845
FSL,2026-06-09 09:39:00,249.9,249.9,249.75,249.85,1261
FSL,2026-06-09 09:40:00,249.8,249.8,249.05,249.35,16588
FSL,2026-06-09 09:41:00,249.35,249.5,249.15,249.3,3175
FSL,2026-06-09 09:42:00,249.3,249.6,249.3,249.45,3476
FSL,2026-06-09 09:43:00,249.45,249.85,249.45,249.85,2969
FSL,2026-06-09 09:44:00,249.85,249.9,249.15,249.15,2488
FSL,2026-06-09 09:45:00,249.15,249.55,249.15,249.45,1617
FSL,2026-06-09 09:46:00,249.45,249.55,249.25,249.25,1720
FSL,2026-06-09 09:47:00,249.25,249.5,249.2,249.5,408
FSL,2026-06-09 09:48:00,249.5,249.95,249.5,249.7,927
FSL,2026-06-09 09:49:00,249.7,249.75,249.1,249.1,3511
FSL,2026-06-09 09:50:00,249.1,249.25,249.1,249.2,2729
FSL,2026-06-09 09:51:00,249.2,249.7,249.2,249.7,727
FSL,2026-06-09 09:52:00,249.7,249.7,249.5,249.5,1070
FSL,2026-06-09 09:53:00,249.5,249.75,249.5,249.7,1185
FSL,2026-06-09 09:54:00,249.7,249.95,249.7,249.8,685
FSL,2026-06-09 09:55:00,249.8,249.8,249.2,249.5,1961
FSL,2026-06-09 09:56:00,249.5,249.55,249.25,249.55,224
FSL,2026-06-09 09:57:00,249.55,249.55,249.05,249.15,2389
FSL,2026-06-09 09:58:00,249.15,249.4,249.15,249.4,1223
FSL,2026-06-09 09:59:00,249.15,249.5,249.15,249.15,2195
FSL,2026-06-09 10:00:00,249.05,249.55,249.05,249.55,1562
FSL,2026-06-09 10:01:00,249.55,249.7,249.35,249.6,1724
FSL,2026-06-09 10:02:00,249.6,249.6,249.1,249.35,3605
FSL,2026-06-09 10:03:00,249.35,249.45,249.2,249.2,612
FSL,2026-06-09 10:04:00,249.2,249.3,249.05,249.05,580
FSL,2026-06-09 10:05:00,249.05,249.3,249.05,249.15,1413
FSL,2026-06-09 10:06:00,249.15,249.45,249.15,249.35,455
FSL,2026-06-09 10:07:00,249.45,249.55,249.0,249.05,4021
FSL,2026-06-09 10:08:00,249.05,249.25,249.05,249.25,189
FSL,2026-06-09 10:09:00,249.25,249.6,249.05,249.6,415
FSL,2026-06-09 10:10:00,249.4,249.75,249.4,249.7,2100
FSL,2026-06-09 10:11:00,249.9,249.9,249.55,249.65,934
FSL,2026-06-09 10:12:00,249.8,251.85,249.65,251.35,15352
FSL,2026-06-09 10:13:00,251.5,251.9,251.15,251.15,4435
FSL,2026-06-09 10:14:00,251.15,251.65,251.15,251.65,5950
FSL,2026-06-09 10:15:00,251.5,251.5,251.1,251.3,2832
FSL,2026-06-09 10:16:00,251.3,251.3,251.1,251.15,795
FSL,2026-06-09 10:17:00,251.15,251.3,251.15,251.3,103
FSL,2026-06-09 10:18:00,251.3,251.3,251.15,251.3,46
FSL,2026-06-09 10:19:00,251.3,251.35,251.15,251.3,1123
FSL,2026-06-09 10:20:00,251.3,251.3,251.15,251.15,680
FSL,2026-06-09 10:21:00,251.15,251.15,250.75,250.85,179
FSL,2026-06-09 10:22:00,250.85,251.05,250.85,251.05,1878
FSL,2026-06-09 10:23:00,250.8,250.8,250.55,250.8,3526
FSL,2026-06-09 10:24:00,250.8,250.8,250.5,250.55,590
FSL,2026-06-09 10:25:00,250.55,250.75,250.55,250.55,69
FSL,2026-06-09 10:26:00,250.55,250.55,250.35,250.35,1325
FSL,2026-06-09 10:27:00,250.35,252.3,250.35,251.9,20192
FSL,2026-06-09 10:28:00,252.15,252.5,251.95,252.4,3423
FSL,2026-06-09 10:29:00,252.7,252.7,252.25,252.4,7836
FSL,2026-06-09 10:30:00,252.4,252.55,252.35,252.35,1311
FSL,2026-06-09 10:31:00,252.35,252.45,252.05,252.2,7801
FSL,2026-06-09 10:32:00,252.2,252.5,252.0,252.0,2614
FSL,2026-06-09 10:33:00,252.0,252.5,252.0,252.5,508
FSL,2026-06-09 10:34:00,252.5,252.5,252.3,252.45,1759
FSL,2026-06-09 10:35:00,252.45,252.45,252.2,252.4,1022
FSL,2026-06-09 10:36:00,252.4,252.4,252.15,252.15,105
FSL,2026-06-09 10:37:00,252.15,252.15,251.75,251.75,926
FSL,2026-06-09 10:38:00,251.75,251.75,251.45,251.75,2583
FSL,2026-06-09 10:39:00,251.75,251.75,251.7,251.7,37
FSL,2026-06-09 10:40:00,251.7,251.95,251.7,251.95,452
FSL,2026-06-09 10:41:00,251.95,251.95,251.75,251.95,1211
FSL,2026-06-09 10:42:00,251.95,251.95,251.85,251.85,112
FSL,2026-06-09 10:43:00,251.85,251.85,251.8,251.8,485
FSL,2026-06-09 10:44:00,251.8,252.15,251.8,252.05,1599
FSL,2026-06-09 10:45:00,251.9,252.1,251.9,252.0,362
FSL,2026-06-09 10:46:00,252.0,252.0,252.0,252.0,348
FSL,2026-06-09 10:47:00,252.0,252.25,251.8,252.25,3715
FSL,2026-06-09 10:48:00,252.15,252.15,252.15,252.15,647
FSL,2026-06-09 10:49:00,252.2,252.3,251.75,251.75,2754
FSL,2026-06-09 10:50:00,251.75,251.9,251.75,251.9,1623
FSL,2026-06-09 10:51:00,251.65,251.75,251.6,251.7,3189
FSL,2026-06-09 10:52:00,251.7,251.8,251.65,251.75,504
FSL,2026-06-09 10:53:00,251.75,251.8,251.65,251.8,3
FSL,2026-06-09 10:54:00,251.8,251.8,251.6,251.6,208
FSL,2026-06-09 10:55:00,251.6,251.8,251.55,251.55,85
FSL,2026-06-09 10:56:00,251.55,251.8,251.55,251.55,605
FSL,2026-06-09 10:57:00,251.55,251.55,251.55,251.55,350
FSL,2026-06-09 10:58:00,251.55,252.0,251.55,251.65,4081
FSL,2026-06-09 10:59:00,251.65,251.65,251.55,251.6,396
FSL,2026-06-09 11:00:00,251.6,251.85,251.6,251.65,360
FSL,2026-06-09 11:01:00,251.65,251.85,251.65,251.85,544
FSL,2026-06-09 11:02:00,251.85,252.1,251.75,252.1,510
FSL,2026-06-09 11:03:00,252.1,252.2,252.1,252.2,242
FSL,2026-06-09 11:04:00,252.2,252.2,252.2,252.2,800
FSL,2026-06-09 11:05:00,252.2,252.5,252.2,252.45,1617
FSL,2026-06-09 11:06:00,252.45,252.5,252.3,252.3,263
FSL,2026-06-09 11:07:00,252.3,252.5,252.3,252.5,410
FSL,2026-06-09 11:08:00,252.5,252.5,252.3,252.3,1239
FSL,2026-06-09 11:09:00,252.3,252.45,252.3,252.3,225
FSL,2026-06-09 11:10:00,252.3,252.3,252.1,252.15,2449
FSL,2026-06-09 11:11:00,252.15,253.2,252.15,253.0,12517
FSL,2026-06-09 11:12:00,253.0,253.45,253.0,253.25,4795
FSL,2026-06-09 11:13:00,253.9,254.5,253.65,254.45,21752
FSL,2026-06-09 11:14:00,254.35,254.85,254.0,254.5,14610
FSL,2026-06-09 11:15:00,254.7,254.75,254.3,254.3,6487
FSL,2026-06-09 11:16:00,254.3,254.55,254.15,254.4,2721
FSL,2026-06-09 11:17:00,254.4,254.4,254.1,254.25,3007
FSL,2026-06-09 11:18:00,254.25,254.4,254.2,254.3,1743
FSL,2026-06-09 11:19:00,254.4,254.45,254.25,254.4,1050
FSL,2026-06-09 11:20:00,254.4,254.45,254.25,254.25,4730
FSL,2026-06-09 11:21:00,254.25,254.25,253.85,253.9,4686
FSL,2026-06-09 11:22:00,253.9,254.0,253.75,253.75,2189
FSL,2026-06-09 11:23:00,253.65,253.85,253.3,253.7,4429
FSL,2026-06-09 11:24:00,253.7,253.85,253.6,253.85,1446
FSL,2026-06-09 11:25:00,253.65,253.85,253.55,253.65,1172
FSL,2026-06-09 11:26:00,253.65,253.8,253.4,253.7,2794
FSL,2026-06-09 11:27:00,253.7,253.75,253.4,253.75,1998
FSL,2026-06-09 11:28:00,253.75,254.1,253.75,254.0,5492
FSL,2026-06-09 11:29:00,254.0,254.05,253.65,253.75,1586
FSL,2026-06-09 11:30:00,253.75,253.8,253.45,253.65,775
FSL,2026-06-09 11:31:00,253.65,254.0,253.65,253.85,1861
FSL,2026-06-09 11:32:00,253.85,254.0,253.8,254.0,551
FSL,2026-06-09 11:33:00,254.0,254.0,253.9,253.95,1803
FSL,2026-06-09 11:34:00,253.95,254.0,253.95,254.0,867
FSL,2026-06-09 11:35:00,254.0,254.0,254.0,254.0,345
FSL,2026-06-09 11:36:00,254.0,254.2,254.0,254.2,348
FSL,2026-06-09 11:37:00,254.2,254.2,254.2,254.2,194
FSL,2026-06-09 11:38:00,254.2,254.2,254.0,254.15,1322
FSL,2026-06-09 11:39:00,254.15,254.2,254.0,254.15,382
FSL,2026-06-09 11:40:00,254.15,254.2,253.9,253.9,758
FSL,2026-06-09 11:41:00,253.9,254.05,253.9,254.0,623
FSL,2026-06-09 11:42:00,254.0,254.0,253.7,253.7,1200
FSL,2026-06-09 11:43:00,253.85,254.0,253.55,253.75,3125
FSL,2026-06-09 11:44:00,253.75,253.75,253.45,253.45,530
FSL,2026-06-09 11:45:00,253.45,253.85,253.45,253.85,378
FSL,2026-06-09 11:46:00,253.85,253.95,253.75,253.95,561
FSL,2026-06-09 11:47:00,253.85,253.95,253.75,253.95,596
FSL,2026-06-09 11:48:00,253.95,253.95,253.9,253.9,198
FSL,2026-06-09 11:49:00,253.9,253.95,253.9,253.95,225
FSL,2026-06-09 11:50:00,253.95,253.95,253.65,253.9,1069
FSL,2026-06-09 11:51:00,253.7,253.9,253.7,253.85,824
FSL,2026-06-09 11:52:00,253.85,253.9,253.75,253.75,457
FSL,2026-06-09 11:53:00,253.75,253.75,252.4,252.5,10645
FSL,2026-06-09 11:54:00,252.35,253.55,251.8,253.55,12676
FSL,2026-06-09 11:55:00,253.55,253.75,253.05,253.3,3699
FSL,2026-06-09 11:56:00,253.3,253.35,252.5,252.5,2953
FSL,2026-06-09 11:57:00,252.65,252.7,251.5,251.6,9344
FSL,2026-06-09 11:58:00,251.6,251.8,251.1,251.65,3422
FSL,2026-06-09 11:59:00,251.65,252.0,251.2,251.35,4884
FSL,2026-06-09 12:00:00,251.3,251.5,251.2,251.45,1060
FSL,2026-06-09 12:01:00,251.45,251.7,251.4,251.55,7314
FSL,2026-06-09 12:02:00,251.7,252.0,251.7,252.0,2863
FSL,2026-06-09 12:03:00,252.0,252.0,251.8,252.0,5191
FSL,2026-06-09 12:04:00,252.0,252.0,251.75,251.95,3954
FSL,2026-06-09 12:05:00,252.0,252.0,251.05,251.05,4065
FSL,2026-06-09 12:06:00,251.0,251.35,251.0,251.25,3388
FSL,2026-06-09 12:07:00,251.25,251.5,251.25,251.5,936
FSL,2026-06-09 12:08:00,251.5,251.75,251.3,251.7,3368
FSL,2026-06-09 12:09:00,251.7,251.8,251.55,251.8,469
FSL,2026-06-09 12:10:00,251.8,251.8,251.5,251.75,1895
FSL,2026-06-09 12:11:00,251.75,251.75,251.6,251.6,489
FSL,2026-06-09 12:12:00,251.65,251.7,251.25,251.6,1510
FSL,2026-06-09 12:13:00,251.6,251.6,251.45,251.6,521
FSL,2026-06-09 12:14:00,251.6,251.6,251.6,251.6,194
FSL,2026-06-09 12:15:00,251.6,251.6,251.4,251.5,1777
FSL,2026-06-09 12:16:00,251.5,251.5,251.3,251.5,681
FSL,2026-06-09 12:17:00,251.5,251.55,251.3,251.3,347
FSL,2026-06-09 12:18:00,251.5,251.65,251.3,251.3,1276
FSL,2026-06-09 12:19:00,251.3,251.5,251.3,251.5,484
FSL,2026-06-09 12:20:00,251.5,251.5,251.4,251.5,343
FSL,2026-06-09 12:21:00,251.4,251.5,251.35,251.35,1526
FSL,2026-06-09 12:22:00,251.5,251.65,251.5,251.55,581
FSL,2026-06-09 12:23:00,251.55,251.55,251.55,251.55,213
FSL,2026-06-09 12:24:00,251.55,251.55,251.5,251.55,1016
FSL,2026-06-09 12:25:00,251.55,251.55,251.5,251.5,425
FSL,2026-06-09 12:26:00,251.6,251.6,251.5,251.55,458
FSL,2026-06-09 12:27:00,251.55,251.55,251.35,251.55,634
FSL,2026-06-09 12:28:00,251.55,251.55,251.3,251.3,870
FSL,2026-06-09 12:29:00,251.45,251.55,251.3,251.5,428
FSL,2026-06-09 12:30:00,251.5,251.5,251.5,251.5,406
FSL,2026-06-09 12:31:00,251.5,251.5,251.5,251.5,206
FSL,2026-06-09 12:32:00,251.3,251.5,251.15,251.45,1090
FSL,2026-06-09 12:33:00,251.4,251.7,251.15,251.15,7901
FSL,2026-06-09 12:34:00,251.15,251.2,251.15,251.2,1921
FSL,2026-06-09 12:35:00,251.2,251.3,251.15,251.15,799
FSL,2026-06-09 12:36:00,251.15,251.2,250.55,250.6,2449
FSL,2026-06-09 12:37:00,250.6,250.85,250.6,250.7,608
FSL,2026-06-09 12:38:00,250.8,250.85,250.75,250.8,690
FSL,2026-06-09 12:39:00,250.8,250.8,250.6,250.6,372
FSL,2026-06-09 12:40:00,250.8,250.85,250.8,250.8,210
FSL,2026-06-09 12:41:00,250.8,250.85,250.8,250.85,274
FSL,2026-06-09 12:42:00,250.85,250.85,250.65,250.8,328
FSL,2026-06-09 12:43:00,250.7,250.7,250.05,250.3,3606
FSL,2026-06-09 12:44:00,250.3,250.3,249.85,250.0,7596
FSL,2026-06-09 12:45:00,250.0,250.35,249.9,249.9,7402
FSL,2026-06-09 12:46:00,250.0,250.1,249.8,250.1,2610
FSL,2026-06-09 12:47:00,250.0,250.1,249.85,250.1,1070
FSL,2026-06-09 12:48:00,250.1,250.2,250.0,250.2,1263
FSL,2026-06-09 12:49:00,250.2,251.85,250.0,251.85,26655
FSL,2026-06-09 12:50:00,251.55,251.85,251.45,251.5,9127
FSL,2026-06-09 12:51:00,251.7,251.8,251.7,251.8,268
FSL,2026-06-09 12:52:00,251.85,251.85,251.85,251.85,244
FSL,2026-06-09 12:53:00,251.85,251.85,251.65,251.8,1679
FSL,2026-06-09 12:54:00,251.8,251.85,251.8,251.85,1463
FSL,2026-06-09 12:55:00,251.85,252.05,251.5,252.05,5424
FSL,2026-06-09 12:56:00,251.85,252.0,251.35,252.0,6088
FSL,2026-06-09 12:57:00,252.0,252.1,251.7,252.05,2651
FSL,2026-06-09 12:58:00,252.05,252.05,252.0,252.0,969
FSL,2026-06-09 12:59:00,252.0,252.15,251.8,252.0,6473
FSL,2026-06-09 13:00:00,252.0,252.1,251.9,251.95,817
FSL,2026-06-09 13:01:00,251.95,252.1,251.7,252.0,2702
FSL,2026-06-09 13:02:00,252.0,252.0,251.85,252.0,683
FSL,2026-06-09 13:03:00,251.9,251.9,251.6,251.8,2628
FSL,2026-06-09 13:04:00,251.8,251.85,251.65,251.65,296
FSL,2026-06-09 13:05:00,251.85,252.0,251.65,251.95,2600
FSL,2026-06-09 13:06:00,251.95,251.95,251.95,251.95,340
FSL,2026-06-09 13:07:00,251.95,252.0,251.85,252.0,312
FSL,2026-06-09 13:08:00,252.0,252.0,251.7,251.95,876
FSL,2026-06-09 13:09:00,251.95,252.0,251.95,252.0,628
FSL,2026-06-09 13:10:00,252.0,252.0,251.85,251.85,437
FSL,2026-06-09 13:11:00,251.85,251.85,251.75,251.8,830
FSL,2026-06-09 13:12:00,251.8,251.85,251.75,251.85,646
FSL,2026-06-09 13:13:00,251.85,251.85,251.35,251.5,4730
FSL,2026-06-09 13:14:00,251.5,251.7,251.35,251.6,4285
FSL,2026-06-09 13:15:00,251.6,251.75,251.4,251.5,2702
FSL,2026-06-09 13:16:00,251.5,251.75,251.5,251.5,505
FSL,2026-06-09 13:17:00,251.5,251.65,251.45,251.5,632
FSL,2026-06-09 13:18:00,251.5,251.5,251.3,251.45,785
FSL,2026-06-09 13:19:00,251.25,251.45,251.05,251.35,5486
FSL,2026-06-09 13:20:00,251.35,251.5,251.2,251.45,2606
FSL,2026-06-09 13:21:00,251.45,251.45,251.2,251.2,937
FSL,2026-06-09 13:22:00,251.2,251.3,251.15,251.3,639
FSL,2026-06-09 13:23:00,251.3,251.45,251.3,251.3,234
FSL,2026-06-09 13:24:00,251.3,251.55,251.3,251.45,311
FSL,2026-06-09 13:25:00,251.45,251.55,251.4,251.4,500
FSL,2026-06-09 13:26:00,251.4,251.45,251.1,251.2,2015
FSL,2026-06-09 13:27:00,251.2,251.4,251.2,251.2,683
FSL,2026-06-09 13:28:00,251.2,251.3,251.0,251.2,1512
FSL,2026-06-09 13:29:00,251.2,251.25,250.85,250.85,7943
FSL,2026-06-09 13:30:00,251.0,251.1,250.9,250.95,7807
FSL,2026-06-09 13:31:00,251.1,251.1,250.85,250.9,569
FSL,2026-06-09 13:32:00,251.05,251.15,250.9,251.1,545
FSL,2026-06-09 13:33:00,251.05,251.1,250.9,250.9,465
FSL,2026-06-09 13:34:00,250.9,251.0,250.8,250.9,382
FSL,2026-06-09 13:35:00,251.0,251.0,250.9,250.9,235
FSL,2026-06-09 13:36:00,250.9,251.0,250.85,251.0,957
FSL,2026-06-09 13:37:00,251.0,251.2,250.95,251.0,968
FSL,2026-06-09 13:38:00,251.0,251.0,250.5,250.5,2017
FSL,2026-06-09 13:39:00,250.5,250.75,250.5,250.55,845
FSL,2026-06-09 13:40:00,250.55,250.75,250.45,250.55,5817
FSL,2026-06-09 13:41:00,250.75,250.75,250.5,250.7,2922
FSL,2026-06-09 13:42:00,250.7,250.75,250.45,250.5,833
FSL,2026-06-09 13:43:00,250.6,250.75,250.5,250.65,382
FSL,2026-06-09 13:44:00,250.65,250.75,250.55,250.75,578
FSL,2026-06-09 13:45:00,250.75,250.85,250.65,250.7,1196
FSL,2026-06-09 13:46:00,250.7,250.85,250.7,250.8,412
FSL,2026-06-09 13:47:00,250.85,251.0,250.8,250.9,1018
FSL,2026-06-09 13:48:00,250.9,251.0,250.8,250.9,793
FSL,2026-06-09 13:49:00,250.9,251.0,250.55,250.55,2004
FSL,2026-06-09 13:50:00,250.75,250.8,250.5,250.65,4815
FSL,2026-06-09 13:51:00,250.65,250.65,250.5,250.55,320
FSL,2026-06-09 13:52:00,250.65,250.75,250.45,250.55,1153
FSL,2026-06-09 13:53:00,250.55,250.85,250.55,250.75,575
FSL,2026-06-09 13:54:00,250.75,250.75,250.45,250.5,4703
FSL,2026-06-09 13:55:00,250.6,250.95,250.6,250.85,2197
FSL,2026-06-09 13:56:00,250.85,250.85,250.4,250.6,926
FSL,2026-06-09 13:57:00,250.45,250.7,250.4,250.7,457
FSL,2026-06-09 13:58:00,250.7,250.7,250.4,250.55,400
FSL,2026-06-09 13:59:00,250.55,250.75,250.2,250.3,6705
FSL,2026-06-09 14:00:00,250.3,250.3,249.7,250.1,8741
FSL,2026-06-09 14:01:00,250.0,250.1,249.7,250.1,9355
FSL,2026-06-09 14:02:00,250.25,250.45,250.05,250.2,11890
FSL,2026-06-09 14:03:00,250.25,250.35,250.05,250.15,3082
FSL,2026-06-09 14:04:00,250.15,250.45,250.15,250.35,218
FSL,2026-06-09 14:05:00,250.35,250.4,250.25,250.4,380
FSL,2026-06-09 14:06:00,250.25,250.4,250.25,250.4,909
FSL,2026-06-09 14:07:00,250.4,250.4,250.1,250.25,17613
FSL,2026-06-09 14:08:00,250.4,250.4,250.25,250.35,331
FSL,2026-06-09 14:09:00,250.3,250.55,250.05,250.3,2170
FSL,2026-06-09 14:10:00,250.45,250.45,250.2,250.2,445
FSL,2026-06-09 14:11:00,250.4,250.4,250.1,250.35,573
FSL,2026-06-09 14:12:00,250.15,250.6,250.15,250.5,22763
FSL,2026-06-09 14:13:00,250.5,250.75,250.5,250.7,411
FSL,2026-06-09 14:14:00,250.7,250.75,250.55,250.75,266
FSL,2026-06-09 14:15:00,250.7,250.75,250.55,250.7,1283
FSL,2026-06-09 14:16:00,250.7,250.7,250.6,250.6,359
FSL,2026-06-09 14:17:00,250.7,251.0,250.65,250.9,1236
FSL,2026-06-09 14:18:00,250.9,251.1,250.75,251.0,2503
FSL,2026-06-09 14:19:00,251.0,251.1,250.9,250.9,537
FSL,2026-06-09 14:20:00,251.05,251.05,250.85,250.95,556
FSL,2026-06-09 14:21:00,250.8,251.0,250.8,250.85,249
FSL,2026-06-09 14:22:00,250.85,250.95,250.85,250.9,255
FSL,2026-06-09 14:23:00,250.95,251.0,250.8,250.9,3327
FSL,2026-06-09 14:24:00,250.9,250.95,250.5,250.7,4790
FSL,2026-06-09 14:25:00,250.8,250.8,250.6,250.7,514
FSL,2026-06-09 14:26:00,250.7,250.8,250.7,250.7,985
FSL,2026-06-09 14:27:00,250.7,251.0,250.65,250.85,2822
FSL,2026-06-09 14:28:00,250.7,251.0,250.7,250.9,518
FSL,2026-06-09 14:29:00,250.9,251.0,250.9,251.0,804
FSL,2026-06-09 14:30:00,250.95,251.2,250.95,251.05,2604
FSL,2026-06-09 14:31:00,251.05,251.2,250.85,250.9,4950
FSL,2026-06-09 14:32:00,250.9,251.0,250.9,251.0,512
FSL,2026-06-09 14:33:00,251.0,251.0,250.7,250.9,2783
FSL,2026-06-09 14:34:00,250.9,251.0,250.9,250.9,252
FSL,2026-06-09 14:35:00,250.9,251.0,250.9,251.0,440
FSL,2026-06-09 14:36:00,250.95,251.0,250.9,250.9,806
FSL,2026-06-09 14:37:00,250.9,251.0,250.9,250.95,1289
FSL,2026-06-09 14:38:00,250.9,251.0,250.85,251.0,4932
FSL,2026-06-09 14:39:00,250.9,251.2,250.9,251.15,853
FSL,2026-06-09 14:40:00,251.15,251.25,251.1,251.15,1292
FSL,2026-06-09 14:41:00,251.2,251.2,250.9,251.05,6110
FSL,2026-06-09 14:42:00,250.95,251.25,250.95,251.25,240
FSL,2026-06-09 14:43:00,251.25,251.25,251.15,251.25,898
FSL,2026-06-09 14:44:00,251.25,251.25,251.05,251.2,1147
FSL,2026-06-09 14:45:00,251.15,251.2,251.0,251.05,2008
FSL,2026-06-09 14:46:00,251.15,251.15,251.05,251.15,629
FSL,2026-06-09 14:47:00,251.15,251.2,251.05,251.2,555
FSL,2026-06-09 14:48:00,251.15,251.25,251.0,251.2,2787
FSL,2026-06-09 14:49:00,251.25,251.25,251.05,251.05,2933
FSL,2026-06-09 14:50:00,251.05,251.1,250.8,251.05,1766
FSL,2026-06-09 14:51:00,250.9,251.2,250.9,251.2,235
FSL,2026-06-09 14:52:00,251.2,251.2,251.1,251.2,549
FSL,2026-06-09 14:53:00,251.2,251.35,251.1,251.3,4877
FSL,2026-06-09 14:54:00,251.25,251.35,251.2,251.25,1649
FSL,2026-06-09 14:55:00,251.25,251.25,251.2,251.2,473
FSL,2026-06-09 14:56:00,251.25,251.3,251.05,251.3,8283
FSL,2026-06-09 14:57:00,251.25,251.35,251.25,251.25,2695
FSL,2026-06-09 14:58:00,251.35,251.35,251.0,251.0,6191
FSL,2026-06-09 14:59:00,251.0,251.3,250.85,250.85,7101
FSL,2026-06-09 15:00:00,250.9,250.9,250.5,250.6,17070
FSL,2026-06-09 15:01:00,250.65,250.8,250.65,250.8,4611
FSL,2026-06-09 15:02:00,250.8,250.8,250.6,250.8,9376
FSL,2026-06-09 15:03:00,250.8,250.85,250.6,250.85,1537
FSL,2026-06-09 15:04:00,250.8,250.9,250.5,250.85,3483
FSL,2026-06-09 15:05:00,250.85,251.05,250.85,251.05,7890
FSL,2026-06-09 15:06:00,251.05,251.1,250.85,251.1,2474
FSL,2026-06-09 15:07:00,250.85,251.1,250.75,250.95,3637
FSL,2026-06-09 15:08:00,251.05,251.1,250.9,251.05,2437
FSL,2026-06-09 15:09:00,251.05,251.25,250.9,251.1,4496
FSL,2026-06-09 15:10:00,251.3,251.3,250.9,250.9,25415
FSL,2026-06-09 15:11:00,251.0,251.0,250.7,250.7,2459
FSL,2026-06-09 15:12:00,250.9,250.95,250.5,250.85,12547
FSL,2026-06-09 15:13:00,250.9,251.0,250.8,250.8,6661
FSL,2026-06-09 15:14:00,250.9,250.9,250.55,250.75,20133
FSL,2026-06-09 15:15:00,250.65,250.85,250.5,250.8,10257
FSL,2026-06-09 15:16:00,250.85,250.9,250.7,250.9,4263
FSL,2026-06-09 15:17:00,250.9,250.9,250.85,250.9,2670
FSL,2026-06-09 15:18:00,250.9,251.1,250.6,250.9,26671
FSL,2026-06-09 15:19:00,250.95,251.15,250.9,251.15,8039
FSL,2026-06-09 15:20:00,251.35,251.75,251.25,251.75,9777
FSL,2026-06-09 15:21:00,251.65,251.65,251.15,251.15,10288
FSL,2026-06-09 15:22:00,251.55,251.55,250.95,251.25,25919
FSL,2026-06-09 15:23:00,251.4,251.4,251.25,251.4,4030
FSL,2026-06-09 15:24:00,251.3,251.4,251.05,251.4,7369
FSL,2026-06-09 15:25:00,251.35,251.55,251.35,251.55,11906
FSL,2026-06-09 15:26:00,251.55,251.65,251.45,251.65,6132
FSL,2026-06-09 15:27:00,251.65,251.7,251.25,251.45,12624
FSL,2026-06-09 15:28:00,251.5,251.8,251.35,251.75,18996
FSL,2026-06-09 15:29:00,251.75,251.9,251.1,251.9,2839
FSL,2026-06-10 09:15:00,251.9,253.9,251.3,251.3,13793
FSL,2026-06-10 09:16:00,251.7,251.9,251.05,251.7,11885
FSL,2026-06-10 09:17:00,251.5,252.15,251.5,252.15,7148
FSL,2026-06-10 09:18:00,252.15,252.95,252.15,252.95,2901
FSL,2026-06-10 09:19:00,252.95,253.5,252.9,253.2,7703
FSL,2026-06-10 09:20:00,253.2,253.45,252.6,252.8,7531
FSL,2026-06-10 09:21:00,252.8,252.8,252.3,252.3,1186
FSL,2026-06-10 09:22:00,252.35,252.35,251.85,251.85,4531
FSL,2026-06-10 09:23:00,252.1,252.25,251.6,251.6,4344
FSL,2026-06-10 09:24:00,251.6,252.25,251.6,252.25,560
FSL,2026-06-10 09:25:00,252.2,252.25,251.8,252.25,3129
FSL,2026-06-10 09:26:00,252.2,252.4,251.95,251.95,2395
FSL,2026-06-10 09:27:00,252.15,252.95,252.15,252.85,6389
FSL,2026-06-10 09:28:00,252.85,253.0,252.7,252.95,2475
FSL,2026-06-10 09:29:00,252.9,252.95,252.5,252.75,2288
FSL,2026-06-10 09:30:00,252.5,253.05,252.15,253.0,7818
FSL,2026-06-10 09:31:00,252.95,253.05,252.85,252.85,729
FSL,2026-06-10 09:32:00,253.95,254.2,253.35,254.2,9094
FSL,2026-06-10 09:33:00,254.35,255.0,253.7,254.0,21451
FSL,2026-06-10 09:34:00,254.15,254.25,254.0,254.2,3302
FSL,2026-06-10 09:35:00,254.2,254.4,253.85,253.85,5015
FSL,2026-06-10 09:36:00,253.85,254.25,253.6,254.25,4645
FSL,2026-06-10 09:37:00,254.5,254.5,254.15,254.15,2767
FSL,2026-06-10 09:38:00,254.4,254.5,254.2,254.25,8577
FSL,2026-06-10 09:39:00,254.5,254.8,254.4,254.8,4467
FSL,2026-06-10 09:40:00,254.65,255.5,254.65,255.45,27074
FSL,2026-06-10 09:41:00,255.35,255.9,255.15,255.6,17178
FSL,2026-06-10 09:42:00,255.75,256.75,255.65,256.75,24274
FSL,2026-06-10 09:43:00,256.8,256.9,256.4,256.4,15580
FSL,2026-06-10 09:44:00,256.55,256.55,256.35,256.5,5581
FSL,2026-06-10 09:45:00,256.5,257.3,256.4,256.9,25041
FSL,2026-06-10 09:46:00,256.85,257.7,256.85,257.35,13847
FSL,2026-06-10 09:47:00,257.5,257.95,257.1,257.95,10783
FSL,2026-06-10 09:48:00,257.5,259.6,257.5,259.6,44093
FSL,2026-06-10 09:49:00,259.4,259.4,258.15,258.3,11783
FSL,2026-06-10 09:50:00,258.45,258.45,257.7,257.7,16579
FSL,2026-06-10 09:51:00,257.6,258.05,257.4,257.8,20086
FSL,2026-06-10 09:52:00,258.1,258.3,257.7,257.7,4046
FSL,2026-06-10 09:53:00,257.65,257.65,257.05,257.4,6251
FSL,2026-06-10 09:54:00,257.4,257.4,256.65,256.7,6166
FSL,2026-06-10 09:55:00,256.5,256.85,256.5,256.65,6168
FSL,2026-06-10 09:56:00,256.8,257.35,256.65,257.2,6093
FSL,2026-06-10 09:57:00,257.3,257.35,256.75,256.75,2155
FSL,2026-06-10 09:58:00,256.75,256.75,256.55,256.55,2485
FSL,2026-06-10 09:59:00,256.6,256.75,256.4,256.65,13544
FSL,2026-06-10 10:00:00,256.4,256.5,256.0,256.0,4328
FSL,2026-06-10 10:01:00,256.05,256.15,255.85,255.9,4944
FSL,2026-06-10 10:02:00,255.85,256.2,255.85,256.0,2271
FSL,2026-06-10 10:03:00,256.0,256.05,255.75,255.75,11418
FSL,2026-06-10 10:04:00,255.75,255.75,255.5,255.5,3159
FSL,2026-06-10 10:05:00,255.7,255.7,255.4,255.6,3570
FSL,2026-06-10 10:06:00,255.7,255.7,255.5,255.6,7652
FSL,2026-06-10 10:07:00,255.6,255.75,255.4,255.6,1914
FSL,2026-06-10 10:08:00,255.6,255.75,255.6,255.75,1016
FSL,2026-06-10 10:09:00,255.75,255.75,255.2,255.2,7896
FSL,2026-06-10 10:10:00,255.35,255.4,255.1,255.2,11979
FSL,2026-06-10 10:11:00,255.2,255.2,255.0,255.0,1527
FSL,2026-06-10 10:12:00,255.15,255.15,254.65,255.15,8402
FSL,2026-06-10 10:13:00,255.15,255.5,255.0,255.2,14402
FSL,2026-06-10 10:14:00,255.2,255.2,254.75,254.8,5471
FSL,2026-06-10 10:15:00,254.9,255.6,254.75,255.3,12230
FSL,2026-06-10 10:16:00,255.2,255.4,255.05,255.05,2921
FSL,2026-06-10 10:17:00,255.15,255.3,255.0,255.0,3119
FSL,2026-06-10 10:18:00,255.0,255.2,254.9,255.1,3028
FSL,2026-06-10 10:19:00,254.95,255.25,254.95,255.25,976
FSL,2026-06-10 10:20:00,255.45,255.45,255.05,255.2,2066
FSL,2026-06-10 10:21:00,255.15,255.2,254.95,255.2,1697
FSL,2026-06-10 10:22:00,255.15,255.2,254.75,254.75,2706
FSL,2026-06-10 10:23:00,254.75,254.9,254.6,254.8,896
FSL,2026-06-10 10:24:00,254.8,254.8,254.6,254.6,1398
FSL,2026-06-10 10:25:00,254.5,254.5,254.25,254.35,3461
FSL,2026-06-10 10:26:00,254.45,254.45,254.1,254.45,2022
FSL,2026-06-10 10:27:00,254.5,254.85,254.35,254.8,2816
FSL,2026-06-10 10:28:00,254.8,254.8,254.6,254.65,322
FSL,2026-06-10 10:29:00,254.75,255.2,254.6,255.1,2549
FSL,2026-06-10 10:30:00,255.2,255.5,255.15,255.2,2212
FSL,2026-06-10 10:31:00,255.2,255.2,254.8,255.0,919
FSL,2026-06-10 10:32:00,254.8,255.25,254.8,255.25,6726
FSL,2026-06-10 10:33:00,255.25,255.25,255.2,255.25,213
FSL,2026-06-10 10:34:00,255.25,255.8,255.25,255.8,2458
FSL,2026-06-10 10:35:00,255.8,256.5,255.65,256.4,17623
FSL,2026-06-10 10:36:00,256.4,256.5,256.3,256.3,18487
FSL,2026-06-10 10:37:00,256.5,256.5,255.85,255.95,25737
FSL,2026-06-10 10:38:00,256.3,256.3,255.9,256.05,1062
FSL,2026-06-10 10:39:00,256.05,256.05,256.0,256.05,2992
FSL,2026-06-10 10:40:00,256.0,256.0,255.8,255.9,161
FSL,2026-06-10 10:41:00,255.85,255.85,255.5,255.8,2838
FSL,2026-06-10 10:42:00,255.8,255.8,255.6,255.6,1441
FSL,2026-06-10 10:43:00,255.4,255.7,255.25,255.55,1599
FSL,2026-06-10 10:44:00,255.65,255.65,255.65,255.65,728
FSL,2026-06-10 10:45:00,255.65,255.65,255.5,255.5,1400
FSL,2026-06-10 10:46:00,255.65,255.65,255.2,255.2,1598
FSL,2026-06-10 10:47:00,255.4,255.4,255.15,255.2,1380
FSL,2026-06-10 10:48:00,255.3,255.3,255.25,255.3,489
FSL,2026-06-10 10:49:00,255.3,255.3,255.1,255.2,1493
FSL,2026-06-10 10:50:00,255.05,255.15,254.9,254.9,931
FSL,2026-06-10 10:51:00,254.95,254.95,254.75,254.75,2236
FSL,2026-06-10 10:52:00,254.85,254.85,254.65,254.85,1052
FSL,2026-06-10 10:53:00,254.9,255.05,254.85,254.85,2599
FSL,2026-06-10 10:54:00,254.9,255.05,254.85,254.85,1114
FSL,2026-06-10 10:55:00,254.85,254.85,254.65,254.7,597
FSL,2026-06-10 10:56:00,254.8,254.8,254.7,254.8,410
FSL,2026-06-10 10:57:00,254.8,255.1,254.7,255.0,1585
FSL,2026-06-10 10:58:00,255.1,255.2,254.9,254.95,664
FSL,2026-06-10 10:59:00,255.2,255.2,255.0,255.0,87
FSL,2026-06-10 11:00:00,255.2,255.2,254.95,255.05,1201
FSL,2026-06-10 11:01:00,255.05,255.05,254.95,254.95,101
FSL,2026-06-10 11:02:00,255.05,255.05,254.85,255.0,1237
FSL,2026-06-10 11:03:00,255.0,255.0,254.85,254.85,181
FSL,2026-06-10 11:04:00,254.85,254.95,254.45,254.45,5312
FSL,2026-06-10 11:05:00,254.45,254.6,254.05,254.15,7107
FSL,2026-06-10 11:06:00,254.1,254.35,254.1,254.2,626
FSL,2026-06-10 11:07:00,254.3,255.65,254.25,255.25,18254
FSL,2026-06-10 11:08:00,255.15,255.25,254.6,254.85,6922
FSL,2026-06-10 11:09:00,254.6,254.95,254.6,254.8,808
FSL,2026-06-10 11:10:00,254.6,254.85,254.6,254.65,304
FSL,2026-06-10 11:11:00,254.85,254.85,254.65,254.8,969
FSL,2026-06-10 11:12:00,254.85,254.85,254.65,254.65,1087
FSL,2026-06-10 11:13:00,254.85,254.9,254.7,254.85,956
FSL,2026-06-10 11:14:00,254.95,255.05,254.8,254.8,510
FSL,2026-06-10 11:15:00,255.0,255.1,254.9,255.1,1449
FSL,2026-06-10 11:16:00,255.1,255.3,254.95,255.3,2609
FSL,2026-06-10 11:17:00,255.2,255.2,254.9,255.1,726
FSL,2026-06-10 11:18:00,255.1,255.1,254.55,254.8,2232
FSL,2026-06-10 11:19:00,254.65,254.7,254.5,254.7,210
FSL,2026-06-10 11:20:00,254.7,254.7,254.4,254.5,497
FSL,2026-06-10 11:21:00,254.5,254.6,254.4,254.4,970
FSL,2026-06-10 11:22:00,254.65,255.1,254.55,255.1,934
FSL,2026-06-10 11:23:00,255.1,255.25,255.05,255.25,1265
FSL,2026-06-10 11:24:00,255.25,255.25,254.95,254.95,993
FSL,2026-06-10 11:25:00,255.1,255.2,254.95,255.15,890
FSL,2026-06-10 11:26:00,255.2,255.2,254.95,255.2,970
FSL,2026-06-10 11:27:00,255.2,255.2,255.0,255.2,883
FSL,2026-06-10 11:28:00,255.2,255.25,255.05,255.05,849
FSL,2026-06-10 11:29:00,255.05,255.1,254.75,254.75,1035
FSL,2026-06-10 11:30:00,255.1,255.1,255.0,255.1,713
FSL,2026-06-10 11:31:00,255.0,255.1,255.0,255.0,88
FSL,2026-06-10 11:32:00,255.05,255.05,255.0,255.05,547
FSL,2026-06-10 11:33:00,255.1,255.1,254.8,254.8,1506
FSL,2026-06-10 11:34:00,254.9,255.0,254.75,254.8,3035
FSL,2026-06-10 11:35:00,255.0,255.25,254.8,254.95,5949
FSL,2026-06-10 11:36:00,255.0,255.0,254.75,254.8,779
FSL,2026-06-10 11:37:00,254.9,254.9,254.8,254.9,320
FSL,2026-06-10 11:38:00,254.8,255.0,254.55,254.85,16022
FSL,2026-06-10 11:39:00,255.05,255.2,254.7,254.95,1172
FSL,2026-06-10 11:40:00,255.0,255.1,254.8,254.95,2087
FSL,2026-06-10 11:41:00,255.1,255.1,255.0,255.1,220
FSL,2026-06-10 11:42:00,255.1,256.25,255.0,255.75,15982
FSL,2026-06-10 11:43:00,255.95,255.95,255.55,255.65,3367
FSL,2026-06-10 11:44:00,255.75,255.8,255.5,255.55,1161
FSL,2026-06-10 11:45:00,255.8,255.8,255.35,255.35,1728
FSL,2026-06-10 11:46:00,255.55,255.6,255.35,255.4,95
FSL,2026-06-10 11:47:00,255.6,255.6,255.0,255.0,1750
FSL,2026-06-10 11:48:00,255.15,255.25,255.0,255.0,235
FSL,2026-06-10 11:49:00,255.2,255.2,255.0,255.0,432
FSL,2026-06-10 11:50:00,255.2,255.2,255.0,255.2,329
FSL,2026-06-10 11:51:00,255.2,255.2,254.95,254.95,6077
FSL,2026-06-10 11:52:00,255.15,255.15,255.0,255.0,160
FSL,2026-06-10 11:53:00,255.15,255.25,255.0,255.15,209
FSL,2026-06-10 11:54:00,255.25,255.25,255.05,255.15,228
FSL,2026-06-10 11:55:00,255.15,255.25,255.15,255.2,1442
FSL,2026-06-10 11:56:00,255.2,255.25,254.95,255.0,867
FSL,2026-06-10 11:57:00,255.15,255.15,255.0,255.15,612
FSL,2026-06-10 11:58:00,255.0,255.15,255.0,255.0,533
FSL,2026-06-10 11:59:00,255.1,255.1,254.9,255.0,776
FSL,2026-06-10 12:00:00,255.1,255.1,255.0,255.0,204
FSL,2026-06-10 12:01:00,255.1,255.15,255.0,255.0,1506
FSL,2026-06-10 12:02:00,255.0,255.05,254.9,254.9,423
FSL,2026-06-10 12:03:00,254.9,255.0,254.8,255.0,402
FSL,2026-06-10 12:04:00,255.0,255.0,254.8,254.85,165
FSL,2026-06-10 12:05:00,255.0,255.0,254.8,254.95,231
FSL,2026-06-10 12:06:00,254.95,254.95,254.8,254.8,378
FSL,2026-06-10 12:07:00,254.85,254.9,254.8,254.8,227
FSL,2026-06-10 12:08:00,254.8,254.9,254.8,254.8,340
FSL,2026-06-10 12:09:00,254.85,254.85,254.8,254.8,719
FSL,2026-06-10 12:10:00,254.8,254.85,254.8,254.8,311
FSL,2026-06-10 12:11:00,254.85,254.85,254.45,254.45,8528
FSL,2026-06-10 12:12:00,254.6,254.7,254.45,254.7,107
FSL,2026-06-10 12:13:00,254.75,254.85,254.55,254.6,941
FSL,2026-06-10 12:14:00,254.7,254.8,254.6,254.7,1393
FSL,2026-06-10 12:15:00,254.8,254.8,254.7,254.7,271
FSL,2026-06-10 12:16:00,254.75,254.8,254.7,254.8,280
FSL,2026-06-10 12:17:00,254.8,254.8,254.7,254.7,202
FSL,2026-06-10 12:18:00,254.8,254.8,254.7,254.8,235
FSL,2026-06-10 12:19:00,254.7,254.8,254.7,254.8,787
FSL,2026-06-10 12:20:00,254.8,254.8,254.7,254.7,585
FSL,2026-06-10 12:21:00,254.8,254.8,254.65,254.65,677
FSL,2026-06-10 12:22:00,254.75,254.75,254.25,254.25,633
FSL,2026-06-10 12:23:00,254.45,254.5,254.2,254.4,612
FSL,2026-06-10 12:24:00,254.4,254.4,254.15,254.15,686
FSL,2026-06-10 12:25:00,254.35,254.35,253.8,253.85,3338
FSL,2026-06-10 12:26:00,254.05,254.05,253.8,253.95,9753
FSL,2026-06-10 12:27:00,254.0,254.05,253.85,254.0,7406
FSL,2026-06-10 12:28:00,254.05,254.1,254.0,254.1,1303
FSL,2026-06-10 12:29:00,254.1,254.6,254.1,254.6,1692
FSL,2026-06-10 12:30:00,254.6,254.6,254.4,254.4,611
FSL,2026-06-10 12:31:00,254.45,254.45,253.65,253.65,3234
FSL,2026-06-10 12:32:00,253.85,253.85,253.65,253.85,219
FSL,2026-06-10 12:33:00,253.75,253.85,253.1,253.1,1738
FSL,2026-06-10 12:34:00,253.3,253.4,253.3,253.3,534
FSL,2026-06-10 12:35:00,253.4,253.6,253.2,253.4,730
FSL,2026-06-10 12:36:00,253.5,253.55,253.4,253.4,732
FSL,2026-06-10 12:37:00,253.4,253.55,253.35,253.55,890
FSL,2026-06-10 12:38:00,253.55,253.85,253.55,253.7,2170
FSL,2026-06-10 12:39:00,253.85,254.05,253.75,254.05,3117
FSL,2026-06-10 12:40:00,254.0,254.0,253.85,253.85,642
FSL,2026-06-10 12:41:00,253.85,253.9,253.75,253.75,387
FSL,2026-06-10 12:42:00,253.85,253.85,253.7,253.7,121
FSL,2026-06-10 12:43:00,253.85,253.85,253.55,253.8,2620
FSL,2026-06-10 12:44:00,253.8,253.8,253.45,253.45,831
FSL,2026-06-10 12:45:00,253.5,253.5,253.3,253.35,364
FSL,2026-06-10 12:46:00,253.4,253.55,253.3,253.35,2115
FSL,2026-06-10 12:47:00,253.55,253.55,253.2,253.4,1434
FSL,2026-06-10 12:48:00,253.6,253.6,253.4,253.5,462
FSL,2026-06-10 12:49:00,253.55,253.55,253.2,253.5,1628
FSL,2026-06-10 12:50:00,253.3,253.55,253.25,253.25,2738
FSL,2026-06-10 12:51:00,253.5,253.65,253.3,253.65,2532
FSL,2026-06-10 12:52:00,253.7,253.9,253.5,253.9,198
FSL,2026-06-10 12:53:00,253.95,254.15,253.8,254.15,159
FSL,2026-06-10 12:54:00,254.0,254.1,254.0,254.0,116
FSL,2026-06-10 12:55:00,254.1,254.2,254.0,254.15,3894
FSL,2026-06-10 12:56:00,254.3,254.3,254.2,254.2,235
FSL,2026-06-10 12:57:00,254.3,254.35,254.2,254.35,860
FSL,2026-06-10 12:58:00,254.4,254.7,254.35,254.55,3327
FSL,2026-06-10 12:59:00,254.55,254.55,254.4,254.5,128
FSL,2026-06-10 13:00:00,254.5,254.75,254.4,254.7,2570
FSL,2026-06-10 13:01:00,254.7,254.75,254.45,254.45,788
FSL,2026-06-10 13:02:00,254.65,254.7,254.45,254.45,883
FSL,2026-06-10 13:03:00,254.65,254.75,254.45,254.75,2283
FSL,2026-06-10 13:04:00,254.75,254.75,254.65,254.75,498
FSL,2026-06-10 13:05:00,254.75,254.75,254.55,254.55,1449
FSL,2026-06-10 13:06:00,254.55,254.7,254.5,254.65,3322
FSL,2026-06-10 13:07:00,254.65,254.7,254.5,254.7,102
FSL,2026-06-10 13:08:00,254.7,254.7,254.55,254.65,575
FSL,2026-06-10 13:09:00,254.65,254.75,254.65,254.65,338
FSL,2026-06-10 13:10:00,254.75,254.75,254.65,254.75,191
FSL,2026-06-10 13:11:00,254.75,254.8,254.55,254.8,948
FSL,2026-06-10 13:12:00,254.45,254.7,254.45,254.7,1739
FSL,2026-06-10 13:13:00,254.7,254.7,254.5,254.55,817
FSL,2026-06-10 13:14:00,254.55,254.7,254.4,254.7,1905
FSL,2026-06-10 13:15:00,254.7,254.7,254.5,254.7,850
FSL,2026-06-10 13:16:00,254.7,254.7,254.55,254.55,753
FSL,2026-06-10 13:17:00,254.55,254.7,254.55,254.7,2549
FSL,2026-06-10 13:18:00,254.65,254.65,254.55,254.65,588
FSL,2026-06-10 13:19:00,254.65,254.65,254.5,254.5,884
FSL,2026-06-10 13:20:00,254.6,254.6,254.4,254.45,2668
FSL,2026-06-10 13:21:00,254.5,254.55,254.3,254.4,87
FSL,2026-06-10 13:22:00,254.6,254.6,254.35,254.55,473
FSL,2026-06-10 13:23:00,254.55,254.55,253.6,253.7,8636
FSL,2026-06-10 13:24:00,253.65,253.65,253.25,253.35,896
FSL,2026-06-10 13:25:00,253.3,253.4,253.3,253.35,451
FSL,2026-06-10 13:26:00,253.45,253.45,253.4,253.45,454
FSL,2026-06-10 13:27:00,253.45,253.65,253.45,253.45,2909
FSL,2026-06-10 13:28:00,253.65,253.65,253.45,253.45,98
FSL,2026-06-10 13:29:00,253.7,254.4,253.5,254.4,3367
FSL,2026-06-10 13:30:00,254.4,254.5,254.3,254.3,311
FSL,2026-06-10 13:31:00,254.45,254.5,254.3,254.5,490
FSL,2026-06-10 13:32:00,254.5,254.5,254.4,254.4,2121
FSL,2026-06-10 13:33:00,254.5,254.5,254.35,254.35,503
FSL,2026-06-10 13:34:00,254.35,254.35,254.2,254.2,1531
FSL,2026-06-10 13:35:00,254.35,254.35,254.15,254.15,1580
FSL,2026-06-10 13:36:00,254.5,254.5,254.25,254.25,145
FSL,2026-06-10 13:37:00,254.45,254.45,254.25,254.25,173
FSL,2026-06-10 13:38:00,254.3,254.45,254.25,254.4,364
FSL,2026-06-10 13:39:00,254.4,254.4,254.25,254.4,332
FSL,2026-06-10 13:40:00,254.4,254.45,254.25,254.3,85
FSL,2026-06-10 13:41:00,254.5,255.0,254.5,254.8,11833
FSL,2026-06-10 13:42:00,254.75,254.9,254.55,254.6,804
FSL,2026-06-10 13:43:00,254.65,254.65,254.35,254.45,317
FSL,2026-06-10 13:44:00,254.65,254.7,254.5,254.55,154
FSL,2026-06-10 13:45:00,254.7,254.7,254.55,254.6,98
FSL,2026-06-10 13:46:00,254.7,254.7,254.45,254.55,2129
FSL,2026-06-10 13:47:00,254.5,254.5,254.3,254.3,216
FSL,2026-06-10 13:48:00,254.45,254.45,254.25,254.3,433
FSL,2026-06-10 13:49:00,254.4,254.4,254.2,254.4,2170
FSL,2026-06-10 13:50:00,254.5,254.5,254.4,254.5,87
FSL,2026-06-10 13:51:00,254.5,254.5,254.2,254.2,628
FSL,2026-06-10 13:52:00,254.45,254.5,254.3,254.5,104
FSL,2026-06-10 13:53:00,254.5,254.5,254.35,254.35,87
FSL,2026-06-10 13:54:00,254.5,254.5,254.35,254.5,1164
FSL,2026-06-10 13:55:00,254.5,254.5,254.15,254.15,1488
FSL,2026-06-10 13:56:00,254.2,254.55,254.2,254.35,787
FSL,2026-06-10 13:57:00,254.55,254.55,254.2,254.4,500
FSL,2026-06-10 13:58:00,254.4,254.4,254.15,254.2,435
FSL,2026-06-10 13:59:00,254.35,254.35,254.2,254.35,110
FSL,2026-06-10 14:00:00,254.25,254.25,254.0,254.0,3065
FSL,2026-06-10 14:01:00,254.2,254.2,254.0,254.0,470
FSL,2026-06-10 14:02:00,254.0,254.2,253.7,253.9,18581
FSL,2026-06-10 14:03:00,253.85,253.9,253.8,253.8,140
FSL,2026-06-10 14:04:00,253.8,254.2,253.8,254.0,2945
FSL,2026-06-10 14:05:00,254.15,254.15,254.0,254.0,307
FSL,2026-06-10 14:06:00,254.0,254.15,253.9,254.05,1225
FSL,2026-06-10 14:07:00,254.1,254.1,253.9,253.9,353
FSL,2026-06-10 14:08:00,253.9,253.9,253.85,253.9,1285
FSL,2026-06-10 14:09:00,253.9,253.9,253.8,253.8,365
FSL,2026-06-10 14:10:00,253.9,253.9,253.65,253.65,395
FSL,2026-06-10 14:11:00,253.75,253.75,253.5,253.7,1636
FSL,2026-06-10 14:12:00,253.7,253.7,253.5,253.7,1481
FSL,2026-06-10 14:13:00,253.7,253.7,253.5,253.55,178
FSL,2026-06-10 14:14:00,253.65,253.65,253.45,253.45,980
FSL,2026-06-10 14:15:00,253.65,253.7,253.45,253.7,949
FSL,2026-06-10 14:16:00,253.8,253.8,253.65,253.75,207
FSL,2026-06-10 14:17:00,253.75,253.75,253.6,253.7,201
FSL,2026-06-10 14:18:00,253.75,254.0,253.75,253.8,3020
FSL,2026-06-10 14:19:00,253.95,253.95,253.8,253.95,139
FSL,2026-06-10 14:20:00,253.95,253.95,253.8,253.85,780
FSL,2026-06-10 14:21:00,253.9,254.1,253.9,254.1,628
FSL,2026-06-10 14:22:00,254.1,254.1,254.0,254.0,183
FSL,2026-06-10 14:23:00,254.1,254.35,254.05,254.35,1305
FSL,2026-06-10 14:24:00,254.3,254.45,254.15,254.3,1430
FSL,2026-06-10 14:25:00,254.3,254.3,253.95,254.15,3995
FSL,2026-06-10 14:26:00,254.15,254.15,253.95,253.95,149
FSL,2026-06-10 14:27:00,254.0,254.0,253.8,253.8,688
FSL,2026-06-10 14:28:00,253.85,253.9,253.65,253.65,202
FSL,2026-06-10 14:29:00,253.8,253.8,253.4,253.65,676
FSL,2026-06-10 14:30:00,253.65,253.65,253.35,253.65,954
FSL,2026-06-10 14:31:00,253.6,253.6,253.2,253.45,1327
FSL,2026-06-10 14:32:00,253.3,253.6,253.3,253.55,456
FSL,2026-06-10 14:33:00,253.45,253.5,253.2,253.5,429
FSL,2026-06-10 14:34:00,253.4,253.4,253.3,253.3,393
FSL,2026-06-10 14:35:00,253.55,253.55,253.3,253.3,1398
FSL,2026-06-10 14:36:00,253.3,253.45,253.15,253.15,5446
FSL,2026-06-10 14:37:00,253.2,253.2,253.0,253.2,2371
FSL,2026-06-10 14:38:00,253.2,253.3,253.0,253.2,2353
FSL,2026-06-10 14:39:00,253.25,253.4,253.15,253.3,1317
FSL,2026-06-10 14:40:00,253.3,253.4,253.05,253.4,1270
FSL,2026-06-10 14:41:00,253.4,253.4,253.2,253.25,1455
FSL,2026-06-10 14:42:00,253.25,253.25,252.65,252.65,7116
FSL,2026-06-10 14:43:00,252.85,252.85,252.4,252.4,5100
FSL,2026-06-10 14:44:00,252.4,252.5,252.35,252.45,3066
FSL,2026-06-10 14:45:00,252.45,252.45,252.25,252.4,2997
FSL,2026-06-10 14:46:00,252.4,252.6,252.25,252.6,930
FSL,2026-06-10 14:47:00,252.6,252.6,252.35,252.45,1116
FSL,2026-06-10 14:48:00,252.5,252.55,252.25,252.45,1105
FSL,2026-06-10 14:49:00,252.45,252.45,252.25,252.3,224
FSL,2026-06-10 14:50:00,252.3,252.3,251.35,251.5,11841
FSL,2026-06-10 14:51:00,251.5,251.9,251.5,251.7,4088
FSL,2026-06-10 14:52:00,251.7,251.85,251.55,251.55,1682
FSL,2026-06-10 14:53:00,251.55,251.7,251.15,251.15,6616
FSL,2026-06-10 14:54:00,251.4,251.4,251.15,251.35,7628
FSL,2026-06-10 14:55:00,251.55,251.7,251.35,251.4,1962
FSL,2026-06-10 14:56:00,251.6,251.6,251.45,251.45,1376
FSL,2026-06-10 14:57:00,251.45,251.75,251.45,251.75,1591
FSL,2026-06-10 14:58:00,251.75,251.75,251.6,251.6,334
FSL,2026-06-10 14:59:00,251.75,251.9,251.65,251.85,1413
FSL,2026-06-10 15:00:00,251.85,251.85,251.55,251.6,4119
FSL,2026-06-10 15:01:00,251.65,251.7,251.6,251.6,1625
FSL,2026-06-10 15:02:00,251.65,251.65,251.45,251.6,2564
FSL,2026-06-10 15:03:00,251.55,251.6,250.7,250.7,10485
FSL,2026-06-10 15:04:00,251.05,251.2,250.85,250.85,2872
FSL,2026-06-10 15:05:00,251.05,251.05,250.85,250.85,3643
FSL,2026-06-10 15:06:00,250.75,250.85,250.4,250.4,6776
FSL,2026-06-10 15:07:00,250.55,250.6,250.4,250.5,2272
FSL,2026-06-10 15:08:00,250.6,251.1,250.6,250.85,17492
FSL,2026-06-10 15:09:00,251.1,251.5,251.0,251.5,4327
FSL,2026-06-10 15:10:00,251.55,251.9,251.2,251.25,7192
FSL,2026-06-10 15:11:00,251.5,251.6,251.2,251.35,1911
FSL,2026-06-10 15:12:00,251.4,251.4,251.0,251.2,4280
FSL,2026-06-10 15:13:00,251.25,251.6,251.25,251.6,1614
FSL,2026-06-10 15:14:00,251.6,251.8,250.7,250.7,7698
FSL,2026-06-10 15:15:00,250.65,250.95,250.6,250.65,5400
FSL,2026-06-10 15:16:00,250.3,250.5,250.0,250.25,11101
FSL,2026-06-10 15:17:00,250.25,250.25,250.1,250.1,2660
FSL,2026-06-10 15:18:00,250.4,250.4,249.6,250.2,12344
FSL,2026-06-10 15:19:00,250.2,250.4,249.9,249.9,2064
FSL,2026-06-10 15:20:00,250.0,250.05,249.8,250.0,9398
FSL,2026-06-10 15:21:00,249.8,249.8,248.95,249.35,13272
FSL,2026-06-10 15:22:00,249.25,249.35,249.2,249.3,2038
FSL,2026-06-10 15:23:00,249.3,249.3,249.05,249.25,1453
FSL,2026-06-10 15:24:00,249.3,249.45,249.1,249.3,5548
FSL,2026-06-10 15:25:00,249.3,249.3,248.55,248.55,3295
FSL,2026-06-10 15:26:00,248.85,249.05,248.2,248.7,9188
FSL,2026-06-10 15:27:00,248.9,249.0,248.9,249.0,1128
FSL,2026-06-10 15:28:00,249.0,249.0,248.25,248.65,6088
FSL,2026-06-10 15:29:00,248.5,249.0,248.15,249.0,3964
FSL,2026-06-11 09:15:00,249.0,249.0,243.6,246.6,11429
FSL,2026-06-11 09:16:00,246.25,246.4,244.8,244.8,10913
FSL,2026-06-11 09:17:00,244.15,244.4,243.35,244.0,42622
FSL,2026-06-11 09:18:00,244.2,244.45,243.9,244.2,11606
FSL,2026-06-11 09:19:00,244.25,245.55,244.2,245.5,12710
FSL,2026-06-11 09:20:00,245.7,246.3,245.3,246.15,5991
FSL,2026-06-11 09:21:00,245.9,246.25,245.75,246.2,6706
FSL,2026-06-11 09:22:00,246.1,246.95,246.1,246.95,6933
FSL,2026-06-11 09:23:00,246.95,247.15,246.75,246.85,10362
FSL,2026-06-11 09:24:00,246.65,246.9,246.0,246.2,5853
FSL,2026-06-11 09:25:00,246.2,246.4,246.0,246.0,3873
FSL,2026-06-11 09:26:00,246.0,246.0,245.65,245.95,4031
FSL,2026-06-11 09:27:00,245.95,246.5,245.95,246.5,2931
FSL,2026-06-11 09:28:00,246.5,247.2,246.5,247.2,1146
FSL,2026-06-11 09:29:00,247.2,247.8,247.15,247.75,3236
FSL,2026-06-11 09:30:00,247.35,247.5,246.6,246.95,6872
FSL,2026-06-11 09:31:00,246.9,247.0,246.7,246.85,862
FSL,2026-06-11 09:32:00,247.3,247.65,247.3,247.35,8098
FSL,2026-06-11 09:33:00,247.25,247.3,247.15,247.2,2636
FSL,2026-06-11 09:34:00,247.0,247.05,246.95,247.05,1255
FSL,2026-06-11 09:35:00,247.05,247.15,247.0,247.05,133
FSL,2026-06-11 09:36:00,247.05,247.35,247.05,247.35,522
FSL,2026-06-11 09:37:00,247.25,247.3,247.1,247.1,1357
FSL,2026-06-11 09:38:00,247.25,247.85,247.15,247.85,872
FSL,2026-06-11 09:39:00,247.9,248.45,247.9,248.15,4006
FSL,2026-06-11 09:40:00,248.25,248.3,247.85,248.05,4975
FSL,2026-06-11 09:41:00,248.2,248.75,248.2,248.5,11327
FSL,2026-06-11 09:42:00,248.95,248.95,248.0,248.0,4547
FSL,2026-06-11 09:43:00,248.0,248.5,248.0,248.5,2828
FSL,2026-06-11 09:44:00,248.5,248.7,248.05,248.05,2831
FSL,2026-06-11 09:45:00,248.0,248.65,247.9,248.65,2589
FSL,2026-06-11 09:46:00,248.65,248.9,248.65,248.9,602
FSL,2026-06-11 09:47:00,249.55,249.8,248.8,248.8,11352
FSL,2026-06-11 09:48:00,248.75,249.0,248.5,248.5,13659
FSL,2026-06-11 09:49:00,248.5,248.75,248.5,248.7,201
FSL,2026-06-11 09:50:00,248.7,248.8,248.45,248.8,6652
FSL,2026-06-11 09:51:00,248.55,248.7,248.55,248.7,3039
FSL,2026-06-11 09:52:00,248.7,248.7,248.05,248.15,2860
FSL,2026-06-11 09:53:00,248.15,248.3,248.1,248.1,228
FSL,2026-06-11 09:54:00,248.1,248.1,247.75,247.85,1676
FSL,2026-06-11 09:55:00,247.85,247.85,247.15,247.25,775
FSL,2026-06-11 09:56:00,247.25,247.6,247.25,247.25,206
FSL,2026-06-11 09:57:00,247.25,247.3,247.1,247.1,4650
FSL,2026-06-11 09:58:00,247.1,247.25,247.05,247.05,1878
FSL,2026-06-11 09:59:00,247.05,247.3,246.95,247.0,2475
FSL,2026-06-11 10:00:00,247.0,247.35,246.75,247.35,905
FSL,2026-06-11 10:01:00,247.35,247.85,247.35,247.7,4197
FSL,2026-06-11 10:02:00,247.8,247.8,247.5,247.7,1482
FSL,2026-06-11 10:03:00,247.7,247.7,247.4,247.4,1757
FSL,2026-06-11 10:04:00,247.4,247.55,247.35,247.55,1580
FSL,2026-06-11 10:05:00,247.3,247.45,247.15,247.45,3926
FSL,2026-06-11 10:06:00,247.45,248.15,247.45,248.15,1974
FSL,2026-06-11 10:07:00,247.85,248.6,247.85,248.6,31205
FSL,2026-06-11 10:08:00,248.5,248.9,248.4,248.9,996
FSL,2026-06-11 10:09:00,248.9,248.95,248.65,248.95,1628
FSL,2026-06-11 10:10:00,248.95,248.95,248.75,248.75,2002
FSL,2026-06-11 10:11:00,248.9,249.3,248.85,249.3,5410
FSL,2026-06-11 10:12:00,249.3,249.4,249.1,249.15,2759
FSL,2026-06-11 10:13:00,249.0,249.1,248.85,249.1,607
FSL,2026-06-11 10:14:00,249.1,249.1,248.95,249.0,1666
FSL,2026-06-11 10:15:00,248.55,248.8,248.55,248.65,1801
FSL,2026-06-11 10:16:00,248.65,248.65,248.55,248.65,508
FSL,2026-06-11 10:17:00,248.65,248.85,248.5,248.75,1870
FSL,2026-06-11 10:18:00,248.95,249.25,248.9,249.15,3192
FSL,2026-06-11 10:19:00,249.15,249.4,249.15,249.4,77
FSL,2026-06-11 10:20:00,249.4,250.35,249.25,250.2,7709
FSL,2026-06-11 10:21:00,250.2,250.2,249.9,249.95,2548
FSL,2026-06-11 10:22:00,249.9,250.0,249.85,249.85,907
FSL,2026-06-11 10:23:00,249.85,250.0,249.8,249.8,212
FSL,2026-06-11 10:24:00,249.8,249.95,249.65,249.65,3515
FSL,2026-06-11 10:25:00,249.65,249.65,249.65,249.65,0
FSL,2026-06-11 10:26:00,249.65,250.25,249.65,250.25,4982
FSL,2026-06-11 10:27:00,250.25,250.65,250.25,250.65,10219
FSL,2026-06-11 10:28:00,250.5,250.9,250.4,250.4,5767
FSL,2026-06-11 10:29:00,250.4,250.45,250.0,250.15,851
FSL,2026-06-11 10:30:00,250.15,250.15,249.85,249.95,648
FSL,2026-06-11 10:31:00,249.95,250.3,249.85,250.15,3459
FSL,2026-06-11 10:32:00,250.0,250.0,249.65,249.8,1348
FSL,2026-06-11 10:33:00,249.8,249.8,249.5,249.7,5605
FSL,2026-06-11 10:34:00,249.65,249.65,249.5,249.5,1651
FSL,2026-06-11 10:35:00,249.4,249.8,249.4,249.55,1856
FSL,2026-06-11 10:36:00,249.55,249.8,249.35,249.8,3395
FSL,2026-06-11 10:37:00,249.8,250.1,249.65,249.95,4357
FSL,2026-06-11 10:38:00,249.95,250.15,249.8,249.9,1349
FSL,2026-06-11 10:39:00,249.9,249.95,249.5,249.5,1006
FSL,2026-06-11 10:40:00,249.5,249.85,249.5,249.55,1211
FSL,2026-06-11 10:41:00,249.55,249.7,249.55,249.7,125
FSL,2026-06-11 10:42:00,249.7,249.7,249.65,249.65,245
FSL,2026-06-11 10:43:00,249.75,249.9,249.75,249.9,581
FSL,2026-06-11 10:44:00,249.9,249.9,249.4,249.4,210
FSL,2026-06-11 10:45:00,249.4,249.4,249.35,249.4,302
FSL,2026-06-11 10:46:00,249.4,249.4,249.4,249.4,333
FSL,2026-06-11 10:47:00,249.4,249.75,249.4,249.4,1330
FSL,2026-06-11 10:48:00,249.4,249.5,249.4,249.5,368
FSL,2026-06-11 10:49:00,249.4,249.4,249.35,249.35,1174
FSL,2026-06-11 10:50:00,249.35,249.35,248.55,248.85,4654
FSL,2026-06-11 10:51:00,248.65,248.75,248.65,248.75,990
FSL,2026-06-11 10:52:00,249.0,249.0,248.95,248.95,2694
FSL,2026-06-11 10:53:00,248.95,248.95,248.25,248.25,5062
FSL,2026-06-11 10:54:00,248.25,248.4,247.7,247.95,26978
FSL,2026-06-11 10:55:00,247.95,248.1,247.95,248.0,323
FSL,2026-06-11 10:56:00,248.0,248.3,248.0,248.3,233
FSL,2026-06-11 10:57:00,248.3,248.3,248.1,248.1,813
FSL,2026-06-11 10:58:00,248.1,248.15,247.9,248.15,378
FSL,2026-06-11 10:59:00,248.15,248.15,247.55,247.55,6643
FSL,2026-06-11 11:00:00,247.55,247.8,247.55,247.55,125
FSL,2026-06-11 11:01:00,247.55,248.0,247.55,248.0,277
FSL,2026-06-11 11:02:00,248.0,248.0,247.5,247.5,8478
FSL,2026-06-11 11:03:00,247.5,247.5,247.15,247.5,1186
FSL,2026-06-11 11:04:00,247.7,247.7,247.7,247.7,197
FSL,2026-06-11 11:05:00,247.9,247.9,247.8,247.8,206
FSL,2026-06-11 11:06:00,247.8,248.2,247.8,248.2,1131
FSL,2026-06-11 11:07:00,248.25,248.35,248.0,248.0,3134
FSL,2026-06-11 11:08:00,248.0,248.1,247.85,247.85,791
FSL,2026-06-11 11:09:00,247.85,248.15,247.85,248.1,1126
FSL,2026-06-11 11:10:00,248.1,248.1,247.85,247.85,246
FSL,2026-06-11 11:11:00,247.85,247.85,247.8,247.8,1037
FSL,2026-06-11 11:12:00,247.8,247.8,247.5,247.55,2713
FSL,2026-06-11 11:13:00,247.55,247.7,247.5,247.7,849
FSL,2026-06-11 11:14:00,247.7,247.7,247.7,247.7,210
FSL,2026-06-11 11:15:00,247.7,247.85,247.7,247.7,1653
FSL,2026-06-11 11:16:00,247.7,247.8,247.5,247.5,2617
FSL,2026-06-11 11:17:00,247.5,247.6,247.5,247.6,70
FSL,2026-06-11 11:18:00,247.6,247.8,247.6,247.8,54
FSL,2026-06-11 11:19:00,247.8,247.8,247.65,247.65,33
FSL,2026-06-11 11:20:00,247.65,247.9,247.55,247.9,329
FSL,2026-06-11 11:21:00,247.9,248.15,247.85,248.15,126
FSL,2026-06-11 11:22:00,248.15,248.65,248.15,248.3,4603
FSL,2026-06-11 11:23:00,248.3,248.45,247.9,248.15,1712
FSL,2026-06-11 11:24:00,248.15,248.15,248.05,248.05,1325
FSL,2026-06-11 11:25:00,248.05,248.25,248.05,248.1,2233
FSL,2026-06-11 11:26:00,248.1,248.25,248.1,248.25,416
FSL,2026-06-11 11:27:00,248.45,248.45,248.3,248.3,3489
FSL,2026-06-11 11:28:00,248.3,248.75,248.3,248.45,603
FSL,2026-06-11 11:29:00,248.45,248.45,248.25,248.25,114
FSL,2026-06-11 11:30:00,248.25,248.45,248.25,248.45,358
FSL,2026-06-11 11:31:00,248.45,248.6,248.15,248.15,1728
FSL,2026-06-11 11:32:00,248.0,248.0,248.0,248.0,202
FSL,2026-06-11 11:33:00,248.0,248.3,248.0,248.15,366
FSL,2026-06-11 11:34:00,248.45,248.5,248.45,248.45,1013
FSL,2026-06-11 11:35:00,248.5,248.75,248.5,248.75,372
FSL,2026-06-11 11:36:00,248.55,248.6,248.45,248.45,51
FSL,2026-06-11 11:37:00,248.45,248.45,248.2,248.2,170
FSL,2026-06-11 11:38:00,248.2,248.2,248.2,248.2,346
FSL,2026-06-11 11:39:00,248.2,248.2,248.05,248.05,540
FSL,2026-06-11 11:40:00,248.05,248.05,248.05,248.05,0
FSL,2026-06-11 11:41:00,248.05,248.05,247.85,247.85,736
FSL,2026-06-11 11:42:00,247.85,248.0,247.85,247.95,880
FSL,2026-06-11 11:43:00,247.95,247.95,247.7,247.85,1595
FSL,2026-06-11 11:44:00,247.85,248.35,247.85,248.35,2470
FSL,2026-06-11 11:45:00,248.35,248.45,248.25,248.35,475
FSL,2026-06-11 11:46:00,248.35,248.35,248.35,248.35,0
FSL,2026-06-11 11:47:00,248.35,248.35,248.35,248.35,4
FSL,2026-06-11 11:48:00,248.35,248.65,248.3,248.45,1227
FSL,2026-06-11 11:49:00,248.45,248.45,248.35,248.45,719
FSL,2026-06-11 11:50:00,248.45,248.75,248.45,248.7,203
FSL,2026-06-11 11:51:00,248.7,249.0,248.7,249.0,1099
FSL,2026-06-11 11:52:00,249.0,249.0,248.55,248.55,236
FSL,2026-06-11 11:53:00,248.55,248.75,248.55,248.75,1007
FSL,2026-06-11 11:54:00,248.8,248.9,248.75,248.8,820
FSL,2026-06-11 11:55:00,248.8,249.0,248.75,248.9,322
FSL,2026-06-11 11:56:00,248.9,249.1,248.65,248.95,1363
FSL,2026-06-11 11:57:00,248.95,249.2,248.95,249.15,58
FSL,2026-06-11 11:58:00,249.15,249.15,249.0,249.0,7
FSL,2026-06-11 11:59:00,249.0,249.0,248.8,248.8,591
FSL,2026-06-11 12:00:00,248.8,248.9,248.8,248.9,175
FSL,2026-06-11 12:01:00,248.7,248.85,248.7,248.85,690
FSL,2026-06-11 12:02:00,248.85,248.95,248.7,248.95,569
FSL,2026-06-11 12:03:00,248.95,249.0,248.8,248.85,65
FSL,2026-06-11 12:04:00,248.85,249.0,248.85,249.0,237
FSL,2026-06-11 12:05:00,249.0,249.0,248.55,248.55,570
FSL,2026-06-11 12:06:00,248.55,248.6,248.45,248.45,1239
FSL,2026-06-11 12:07:00,248.15,248.35,248.15,248.35,250
FSL,2026-06-11 12:08:00,248.35,248.4,248.35,248.35,61
FSL,2026-06-11 12:09:00,248.35,248.35,248.25,248.35,1700
FSL,2026-06-11 12:10:00,248.35,248.35,247.9,247.9,962
FSL,2026-06-11 12:11:00,247.9,247.9,247.9,247.9,50
FSL,2026-06-11 12:12:00,247.9,248.25,247.9,248.15,467
FSL,2026-06-11 12:13:00,248.15,248.35,248.15,248.35,2
FSL,2026-06-11 12:14:00,248.35,248.35,248.15,248.15,99
FSL,2026-06-11 12:15:00,248.35,248.55,248.35,248.55,88
FSL,2026-06-11 12:16:00,248.55,248.55,248.55,248.55,0
FSL,2026-06-11 12:17:00,248.55,248.55,248.4,248.5,126
FSL,2026-06-11 12:18:00,248.5,248.55,248.5,248.5,1823
FSL,2026-06-11 12:19:00,248.5,248.55,248.45,248.55,44
FSL,2026-06-11 12:20:00,248.55,248.55,248.55,248.55,0
FSL,2026-06-11 12:21:00,248.55,248.55,247.8,248.05,1479
FSL,2026-06-11 12:22:00,248.05,248.05,248.05,248.05,150
FSL,2026-06-11 12:23:00,248.05,248.1,248.05,248.1,25
FSL,2026-06-11 12:24:00,248.1,248.1,248.05,248.05,36
FSL,2026-06-11 12:25:00,248.05,248.1,248.0,248.05,583
FSL,2026-06-11 12:26:00,248.05,248.05,247.95,247.95,676
FSL,2026-06-11 12:27:00,247.95,247.95,247.65,247.65,250
FSL,2026-06-11 12:28:00,247.65,247.9,247.65,247.9,77
FSL,2026-06-11 12:29:00,247.9,247.9,247.75,247.75,105
FSL,2026-06-11 12:30:00,247.75,247.9,247.75,247.9,100
FSL,2026-06-11 12:31:00,247.9,247.9,247.75,247.9,275
FSL,2026-06-11 12:32:00,247.9,248.0,247.9,248.0,63
FSL,2026-06-11 12:33:00,248.0,248.25,248.0,248.25,1041
FSL,2026-06-11 12:34:00,248.25,248.25,247.8,247.8,500
FSL,2026-06-11 12:35:00,248.1,248.1,247.9,247.9,408
FSL,2026-06-11 12:36:00,247.9,247.9,247.9,247.9,435
FSL,2026-06-11 12:37:00,247.95,247.95,247.6,247.6,2217
FSL,2026-06-11 12:38:00,247.6,247.6,247.6,247.6,188
FSL,2026-06-11 12:39:00,247.6,247.75,247.6,247.75,47
FSL,2026-06-11 12:40:00,247.75,247.75,247.65,247.75,304
FSL,2026-06-11 12:41:00,247.75,247.75,247.7,247.7,334
FSL,2026-06-11 12:42:00,247.7,247.7,247.3,247.3,2781
FSL,2026-06-11 12:43:00,247.3,247.6,247.3,247.45,753
FSL,2026-06-11 12:44:00,247.45,247.55,247.35,247.35,37
FSL,2026-06-11 12:45:00,247.35,247.35,247.35,247.35,100
FSL,2026-06-11 12:46:00,247.35,247.5,247.35,247.4,150
FSL,2026-06-11 12:47:00,247.4,247.5,247.4,247.5,1
FSL,2026-06-11 12:48:00,247.5,247.65,246.1,246.15,8878
FSL,2026-06-11 12:49:00,246.15,246.45,245.6,246.25,7029
FSL,2026-06-11 12:50:00,246.25,246.75,246.25,246.75,925
FSL,2026-06-11 12:51:00,246.75,246.75,246.5,246.6,539
FSL,2026-06-11 12:52:00,246.6,246.6,246.4,246.4,16
FSL,2026-06-11 12:53:00,246.5,246.5,246.5,246.5,517
FSL,2026-06-11 12:54:00,246.5,246.75,246.5,246.55,275
FSL,2026-06-11 12:55:00,246.55,246.85,246.55,246.85,964
FSL,2026-06-11 12:56:00,246.85,246.95,246.8,246.9,381
FSL,2026-06-11 12:57:00,246.9,246.9,246.9,246.9,220
FSL,2026-06-11 12:58:00,246.9,247.05,246.9,247.05,1445
FSL,2026-06-11 12:59:00,247.05,247.05,246.9,246.9,390
FSL,2026-06-11 13:00:00,246.95,247.15,246.95,247.15,1051
FSL,2026-06-11 13:01:00,247.15,247.2,247.1,247.1,187
FSL,2026-06-11 13:02:00,247.1,247.1,246.7,246.7,2185
FSL,2026-06-11 13:03:00,246.7,246.7,246.55,246.7,116
FSL,2026-06-11 13:04:00,246.7,246.7,246.55,246.7,19
FSL,2026-06-11 13:05:00,246.7,246.7,246.7,246.7,143
FSL,2026-06-11 13:06:00,246.7,246.75,246.7,246.75,55
FSL,2026-06-11 13:07:00,246.75,246.75,246.65,246.65,167
FSL,2026-06-11 13:08:00,246.75,246.8,246.65,246.65,79
FSL,2026-06-11 13:09:00,246.65,246.75,246.65,246.75,601
FSL,2026-06-11 13:10:00,246.75,246.75,246.6,246.7,260
FSL,2026-06-11 13:11:00,246.7,246.95,246.7,246.95,530
FSL,2026-06-11 13:12:00,246.75,246.75,246.65,246.65,3289
FSL,2026-06-11 13:13:00,246.65,246.85,246.65,246.85,501
FSL,2026-06-11 13:14:00,246.85,246.9,246.75,246.9,1016
FSL,2026-06-11 13:15:00,246.9,246.9,246.9,246.9,7
FSL,2026-06-11 13:16:00,246.9,246.9,246.75,246.75,400
FSL,2026-06-11 13:17:00,246.75,246.85,246.75,246.8,37
FSL,2026-06-11 13:18:00,246.8,246.95,246.8,246.8,388
FSL,2026-06-11 13:19:00,246.8,246.8,246.8,246.8,50
FSL,2026-06-11 13:20:00,246.8,246.9,246.8,246.9,634
FSL,2026-06-11 13:21:00,246.9,246.9,246.75,246.75,509
FSL,2026-06-11 13:22:00,246.75,246.75,246.2,246.75,2595
FSL,2026-06-11 13:23:00,246.75,246.75,246.45,246.45,1677
FSL,2026-06-11 13:24:00,246.45,246.6,246.45,246.5,106
FSL,2026-06-11 13:25:00,246.5,246.5,246.25,246.25,1420
FSL,2026-06-11 13:26:00,246.25,246.3,246.2,246.3,453
FSL,2026-06-11 13:27:00,246.3,246.35,246.25,246.35,168
FSL,2026-06-11 13:28:00,246.4,246.4,246.25,246.25,563
FSL,2026-06-11 13:29:00,246.25,246.4,246.25,246.3,521
FSL,2026-06-11 13:30:00,246.3,246.6,246.3,246.45,289
FSL,2026-06-11 13:31:00,246.45,246.45,246.35,246.4,288
FSL,2026-06-11 13:32:00,246.4,246.7,246.4,246.7,52
FSL,2026-06-11 13:33:00,246.7,246.7,246.5,246.7,67
FSL,2026-06-11 13:34:00,246.7,246.7,246.7,246.7,0
FSL,2026-06-11 13:35:00,246.7,246.9,246.7,246.9,893
FSL,2026-06-11 13:36:00,246.9,246.9,246.7,246.85,504
FSL,2026-06-11 13:37:00,246.85,246.85,246.65,246.65,23
FSL,2026-06-11 13:38:00,246.65,246.75,246.65,246.7,392
FSL,2026-06-11 13:39:00,246.7,246.7,246.55,246.55,4
FSL,2026-06-11 13:40:00,246.55,246.65,246.5,246.5,737
FSL,2026-06-11 13:41:00,246.5,246.6,246.4,246.4,330
FSL,2026-06-11 13:42:00,246.4,246.55,246.3,246.3,528
FSL,2026-06-11 13:43:00,246.4,246.4,246.05,246.05,1215
FSL,2026-06-11 13:44:00,246.05,246.05,245.75,245.75,847
FSL,2026-06-11 13:45:00,245.75,245.75,245.75,245.75,164
FSL,2026-06-11 13:46:00,245.6,246.1,245.5,246.1,2068
FSL,2026-06-11 13:47:00,246.1,246.7,246.1,246.3,3055
FSL,2026-06-11 13:48:00,246.3,246.4,246.3,246.4,96
FSL,2026-06-11 13:49:00,246.4,246.4,246.3,246.3,53
FSL,2026-06-11 13:50:00,246.7,246.7,246.65,246.65,1900
FSL,2026-06-11 13:51:00,246.65,246.65,246.25,246.25,12064
FSL,2026-06-11 13:52:00,246.25,246.4,246.25,246.25,14
FSL,2026-06-11 13:53:00,246.25,246.45,246.15,246.35,1357
FSL,2026-06-11 13:54:00,246.35,246.55,246.3,246.55,6
FSL,2026-06-11 13:55:00,246.55,246.55,246.3,246.35,492
FSL,2026-06-11 13:56:00,246.35,246.5,246.35,246.5,231
FSL,2026-06-11 13:57:00,246.5,246.6,246.5,246.5,563
FSL,2026-06-11 13:58:00,246.5,246.85,246.5,246.85,259
FSL,2026-06-11 13:59:00,246.85,246.85,246.6,246.75,103
FSL,2026-06-11 14:00:00,246.75,246.8,246.6,246.75,243
FSL,2026-06-11 14:01:00,246.75,246.9,246.75,246.9,118
FSL,2026-06-11 14:02:00,246.9,246.9,246.9,246.9,489
FSL,2026-06-11 14:03:00,246.9,246.9,246.55,246.8,2039
FSL,2026-06-11 14:04:00,246.9,246.9,246.9,246.9,377
FSL,2026-06-11 14:05:00,246.9,246.9,246.8,246.8,193
FSL,2026-06-11 14:06:00,246.8,246.8,246.65,246.65,330
FSL,2026-06-11 14:07:00,246.6,246.65,246.6,246.65,90
FSL,2026-06-11 14:08:00,246.65,246.65,246.6,246.65,301
FSL,2026-06-11 14:09:00,246.65,246.65,246.2,246.3,336
FSL,2026-06-11 14:10:00,246.5,246.55,246.3,246.35,254
FSL,2026-06-11 14:11:00,246.5,246.5,246.5,246.5,20
FSL,2026-06-11 14:12:00,246.5,246.5,246.5,246.5,0
FSL,2026-06-11 14:13:00,246.5,246.55,246.35,246.55,35
FSL,2026-06-11 14:14:00,246.55,246.55,246.5,246.5,116
FSL,2026-06-11 14:15:00,246.5,246.6,246.5,246.6,25
FSL,2026-06-11 14:16:00,246.6,246.6,246.35,246.6,1356
FSL,2026-06-11 14:17:00,246.6,246.85,246.4,246.6,171
FSL,2026-06-11 14:18:00,246.85,246.85,246.6,246.85,102
FSL,2026-06-11 14:19:00,246.8,246.8,246.65,246.8,118
FSL,2026-06-11 14:20:00,246.8,246.8,246.7,246.8,97
FSL,2026-06-11 14:21:00,246.8,246.8,246.7,246.8,97
FSL,2026-06-11 14:22:00,246.8,246.85,246.75,246.75,243
FSL,2026-06-11 14:23:00,246.75,246.9,246.15,246.15,339
FSL,2026-06-11 14:24:00,246.15,246.9,246.15,246.8,3549
FSL,2026-06-11 14:25:00,246.8,246.8,246.6,246.8,148
FSL,2026-06-11 14:26:00,246.8,247.45,246.8,247.45,1435
FSL,2026-06-11 14:27:00,247.45,247.5,247.3,247.5,2177
FSL,2026-06-11 14:28:00,247.5,247.8,247.35,247.75,530
FSL,2026-06-11 14:29:00,247.75,247.75,247.75,247.75,182
FSL,2026-06-11 14:30:00,247.75,247.75,247.7,247.7,123
FSL,2026-06-11 14:31:00,247.8,248.0,247.8,248.0,3303
FSL,2026-06-11 14:32:00,248.0,248.0,247.95,247.95,1164
FSL,2026-06-11 14:33:00,247.95,247.95,247.95,247.95,168
FSL,2026-06-11 14:34:00,247.95,247.95,247.8,247.8,264
FSL,2026-06-11 14:35:00,247.8,247.8,247.75,247.8,87
FSL,2026-06-11 14:36:00,247.8,247.8,247.5,247.5,451
FSL,2026-06-11 14:37:00,247.4,247.4,247.1,247.3,274
FSL,2026-06-11 14:38:00,247.3,247.4,247.2,247.2,298
FSL,2026-06-11 14:39:00,247.2,247.2,247.0,247.2,210
FSL,2026-06-11 14:40:00,247.3,247.4,247.3,247.35,2146
FSL,2026-06-11 14:41:00,247.35,247.5,247.15,247.5,417
FSL,2026-06-11 14:42:00,247.5,247.5,247.5,247.5,0
FSL,2026-06-11 14:43:00,247.5,247.5,247.45,247.45,1
FSL,2026-06-11 14:44:00,247.45,247.45,247.1,247.1,731
FSL,2026-06-11 14:45:00,247.0,247.2,247.0,247.2,38
FSL,2026-06-11 14:46:00,247.2,247.75,247.15,247.75,1360
FSL,2026-06-11 14:47:00,247.75,247.75,247.15,247.15,669
FSL,2026-06-11 14:48:00,247.15,247.15,247.1,247.1,52
FSL,2026-06-11 14:49:00,247.1,247.35,247.1,247.35,16
FSL,2026-06-11 14:50:00,247.35,247.35,247.2,247.2,643
FSL,2026-06-11 14:51:00,247.2,247.6,247.2,247.2,964
FSL,2026-06-11 14:52:00,247.2,247.2,247.2,247.2,0
FSL,2026-06-11 14:53:00,247.2,247.2,246.95,246.95,1163
FSL,2026-06-11 14:54:00,246.95,247.05,246.95,247.05,661
FSL,2026-06-11 14:55:00,247.05,247.05,246.9,247.0,506
FSL,2026-06-11 14:56:00,247.0,247.25,247.0,247.25,801
FSL,2026-06-11 14:57:00,247.25,247.25,247.25,247.25,0
FSL,2026-06-11 14:58:00,247.25,247.25,246.8,246.8,386
FSL,2026-06-11 14:59:00,246.8,246.85,246.75,246.8,1889
FSL,2026-06-11 15:00:00,247.0,247.3,246.9,247.1,3703
FSL,2026-06-11 15:01:00,247.1,247.35,247.1,247.2,921
FSL,2026-06-11 15:02:00,247.15,247.15,246.05,246.25,28223
FSL,2026-06-11 15:03:00,246.25,246.65,246.1,246.5,9141
FSL,2026-06-11 15:04:00,246.15,246.4,246.0,246.0,5719
FSL,2026-06-11 15:05:00,245.95,246.2,245.85,245.85,2277
FSL,2026-06-11 15:06:00,246.15,246.15,245.85,245.85,706
FSL,2026-06-11 15:07:00,245.65,245.9,245.6,245.6,7481
FSL,2026-06-11 15:08:00,245.75,246.55,245.65,246.4,10862
FSL,2026-06-11 15:09:00,246.35,246.75,246.15,246.75,10568
FSL,2026-06-11 15:10:00,247.35,247.45,247.1,247.1,18007
FSL,2026-06-11 15:11:00,246.95,246.95,246.6,246.6,3953
FSL,2026-06-11 15:12:00,246.55,246.9,246.4,246.65,3283
FSL,2026-06-11 15:13:00,246.7,246.85,246.7,246.75,753
FSL,2026-06-11 15:14:00,247.1,248.1,247.1,248.1,8394
FSL,2026-06-11 15:15:00,248.45,248.5,247.6,247.6,6197
FSL,2026-06-11 15:16:00,247.55,247.55,246.6,246.8,2414
FSL,2026-06-11 15:17:00,247.0,247.4,247.0,247.05,1582
FSL,2026-06-11 15:18:00,246.85,247.3,246.8,246.85,3075
FSL,2026-06-11 15:19:00,246.85,247.0,246.7,246.7,3425
FSL,2026-06-11 15:20:00,247.0,247.0,246.75,246.95,1998
FSL,2026-06-11 15:21:00,246.95,246.95,246.75,246.75,131
FSL,2026-06-11 15:22:00,246.8,246.85,246.75,246.85,1653
FSL,2026-06-11 15:23:00,246.85,246.85,246.8,246.8,1584
FSL,2026-06-11 15:24:00,246.85,247.15,246.8,247.15,1813
FSL,2026-06-11 15:25:00,247.5,247.8,247.1,247.1,3537
FSL,2026-06-11 15:26:00,247.45,247.5,247.1,247.5,1527
FSL,2026-06-11 15:27:00,247.65,247.7,247.45,247.7,4331
FSL,2026-06-11 15:28:00,247.7,249.15,247.65,248.95,7924
FSL,2026-06-11 15:29:00,248.95,248.95,247.55,247.55,1199
