tradingsymbol,datetime,open,high,low,close,volume
ASTRAZEN,2026-03-02 09:15:00,8352.0,8792.0,8352.0,8460.0,145
ASTRAZEN,2026-03-02 09:16:00,8585.0,8651.0,8582.5,8627.0,217
ASTRAZEN,2026-03-02 09:17:00,8627.0,8642.0,8620.0,8632.5,172
ASTRAZEN,2026-03-02 09:18:00,8642.0,8658.0,8626.0,8651.0,74
ASTRAZEN,2026-03-02 09:19:00,8651.0,8658.0,8627.5,8627.5,7
ASTRAZEN,2026-03-02 09:20:00,8627.5,8658.0,8627.5,8636.0,37
ASTRAZEN,2026-03-02 09:21:00,8636.0,8669.0,8636.0,8669.0,1
ASTRAZEN,2026-03-02 09:22:00,8669.0,8669.0,8638.0,8639.5,19
ASTRAZEN,2026-03-02 09:23:00,8639.5,8658.0,8639.0,8658.0,29
ASTRAZEN,2026-03-02 09:24:00,8658.0,8669.0,8651.0,8651.0,30
ASTRAZEN,2026-03-02 09:25:00,8651.0,8671.0,8651.0,8658.5,13
ASTRAZEN,2026-03-02 09:26:00,8658.5,8696.5,8658.5,8696.5,48
ASTRAZEN,2026-03-02 09:27:00,8672.0,8700.0,8672.0,8700.0,13
ASTRAZEN,2026-03-02 09:28:00,8700.0,8700.0,8683.5,8683.5,4
ASTRAZEN,2026-03-02 09:29:00,8683.5,8683.5,8673.0,8673.0,3
ASTRAZEN,2026-03-02 09:30:00,8671.0,8685.0,8671.0,8685.0,18
ASTRAZEN,2026-03-02 09:31:00,8685.0,8698.0,8685.0,8688.5,55
ASTRAZEN,2026-03-02 09:32:00,8688.5,8696.5,8676.0,8696.5,27
ASTRAZEN,2026-03-02 09:33:00,8710.5,8710.5,8703.5,8710.5,229
ASTRAZEN,2026-03-02 09:34:00,8710.5,8752.0,8710.5,8752.0,99
ASTRAZEN,2026-03-02 09:35:00,8752.0,8787.0,8740.5,8787.0,201
ASTRAZEN,2026-03-02 09:36:00,8787.0,8805.0,8787.0,8804.5,26
ASTRAZEN,2026-03-02 09:37:00,8804.5,8804.5,8787.0,8787.0,8
ASTRAZEN,2026-03-02 09:38:00,8787.0,8787.0,8769.0,8769.0,7
ASTRAZEN,2026-03-02 09:39:00,8769.0,8774.5,8769.0,8774.5,1
ASTRAZEN,2026-03-02 09:40:00,8774.5,8774.5,8774.0,8774.0,6
ASTRAZEN,2026-03-02 09:41:00,8760.5,8769.5,8760.5,8769.5,7
ASTRAZEN,2026-03-02 09:43:00,8769.5,8769.5,8769.5,8769.5,0
ASTRAZEN,2026-03-02 09:44:00,8773.0,8773.0,8765.0,8765.0,3
ASTRAZEN,2026-03-02 09:45:00,8765.0,8765.0,8765.0,8765.0,0
ASTRAZEN,2026-03-02 09:46:00,8765.0,8765.0,8765.0,8765.0,0
ASTRAZEN,2026-03-02 09:47:00,8765.0,8765.0,8765.0,8765.0,0
ASTRAZEN,2026-03-02 09:48:00,8765.0,8775.0,8765.0,8775.0,33
ASTRAZEN,2026-03-02 09:49:00,8779.5,8779.5,8779.5,8779.5,1
ASTRAZEN,2026-03-02 09:50:00,8779.5,8779.5,8766.0,8766.0,5
ASTRAZEN,2026-03-02 09:51:00,8766.0,8766.5,8766.0,8766.5,1
ASTRAZEN,2026-03-02 09:52:00,8766.5,8766.5,8766.5,8766.5,0
ASTRAZEN,2026-03-02 09:53:00,8766.5,8766.5,8766.5,8766.5,0
ASTRAZEN,2026-03-02 09:54:00,8766.5,8766.5,8763.0,8763.0,5
ASTRAZEN,2026-03-02 09:55:00,8763.0,8763.0,8763.0,8763.0,0
ASTRAZEN,2026-03-02 09:56:00,8774.0,8774.0,8765.5,8767.0,7
ASTRAZEN,2026-03-02 09:57:00,8767.0,8767.0,8767.0,8767.0,0
ASTRAZEN,2026-03-02 09:58:00,8767.0,8776.0,8767.0,8776.0,2
ASTRAZEN,2026-03-02 09:59:00,8776.0,8776.0,8776.0,8776.0,0
ASTRAZEN,2026-03-02 10:00:00,8776.0,8776.0,8776.0,8776.0,0
ASTRAZEN,2026-03-02 10:01:00,8787.0,8787.0,8787.0,8787.0,1
ASTRAZEN,2026-03-02 10:02:00,8787.0,8787.0,8772.0,8772.0,3
ASTRAZEN,2026-03-02 10:03:00,8772.0,8772.0,8770.5,8770.5,1
ASTRAZEN,2026-03-02 10:04:00,8770.5,8770.5,8770.5,8770.5,0
ASTRAZEN,2026-03-02 10:05:00,8770.5,8770.5,8770.5,8770.5,0
ASTRAZEN,2026-03-02 10:06:00,8770.5,8770.5,8765.0,8765.0,6
ASTRAZEN,2026-03-02 10:07:00,8765.0,8765.0,8750.5,8750.5,1
ASTRAZEN,2026-03-02 10:08:00,8750.5,8761.5,8750.5,8761.5,5
ASTRAZEN,2026-03-02 10:09:00,8761.5,8761.5,8761.5,8761.5,0
ASTRAZEN,2026-03-02 10:10:00,8761.5,8761.5,8761.5,8761.5,0
ASTRAZEN,2026-03-02 10:11:00,8761.5,8762.0,8761.5,8762.0,44
ASTRAZEN,2026-03-02 10:12:00,8762.0,8762.0,8762.0,8762.0,2
ASTRAZEN,2026-03-02 10:13:00,8762.0,8770.5,8762.0,8770.5,16
ASTRAZEN,2026-03-02 10:14:00,8770.5,8770.5,8770.5,8770.5,1
ASTRAZEN,2026-03-02 10:15:00,8767.5,8770.0,8767.5,8770.0,2
ASTRAZEN,2026-03-02 10:16:00,8770.0,8770.0,8770.0,8770.0,2
ASTRAZEN,2026-03-02 10:17:00,8770.0,8770.0,8770.0,8770.0,0
ASTRAZEN,2026-03-02 10:18:00,8770.0,8770.0,8757.0,8757.0,3
ASTRAZEN,2026-03-02 10:19:00,8757.0,8757.0,8756.5,8756.5,5
ASTRAZEN,2026-03-02 10:20:00,8756.5,8756.5,8753.5,8753.5,5
ASTRAZEN,2026-03-02 10:21:00,8753.5,8753.5,8753.5,8753.5,0
ASTRAZEN,2026-03-02 10:22:00,8753.5,8753.5,8753.5,8753.5,0
ASTRAZEN,2026-03-02 10:23:00,8753.5,8753.5,8753.5,8753.5,0
ASTRAZEN,2026-03-02 10:24:00,8753.5,8758.0,8753.5,8758.0,1
ASTRAZEN,2026-03-02 10:25:00,8758.0,8758.0,8758.0,8758.0,0
ASTRAZEN,2026-03-02 10:26:00,8758.0,8758.0,8758.0,8758.0,2
ASTRAZEN,2026-03-02 10:27:00,8769.0,8769.0,8759.0,8759.0,4
ASTRAZEN,2026-03-02 10:28:00,8759.0,8759.0,8759.0,8759.0,0
ASTRAZEN,2026-03-02 10:29:00,8759.0,8759.0,8759.0,8759.0,0
ASTRAZEN,2026-03-02 10:30:00,8759.0,8759.0,8759.0,8759.0,0
ASTRAZEN,2026-03-02 10:31:00,8759.0,8759.0,8758.0,8758.0,1
ASTRAZEN,2026-03-02 10:32:00,8758.0,8758.0,8758.0,8758.0,0
ASTRAZEN,2026-03-02 10:33:00,8758.0,8758.0,8758.0,8758.0,0
ASTRAZEN,2026-03-02 10:34:00,8758.5,8758.5,8758.5,8758.5,5
ASTRAZEN,2026-03-02 10:35:00,8758.5,8758.5,8758.5,8758.5,0
ASTRAZEN,2026-03-02 10:36:00,8758.5,8758.5,8758.5,8758.5,0
ASTRAZEN,2026-03-02 10:37:00,8758.5,8758.5,8758.5,8758.5,0
ASTRAZEN,2026-03-02 10:38:00,8758.5,8758.5,8758.5,8758.5,0
ASTRAZEN,2026-03-02 10:39:00,8758.5,8772.5,8758.5,8768.5,247
ASTRAZEN,2026-03-02 10:40:00,8768.5,8779.0,8761.0,8777.0,9
ASTRAZEN,2026-03-02 10:41:00,8777.0,8777.0,8777.0,8777.0,0
ASTRAZEN,2026-03-02 10:42:00,8777.0,8777.0,8776.5,8776.5,1
ASTRAZEN,2026-03-02 10:43:00,8776.5,8776.5,8776.5,8776.5,0
ASTRAZEN,2026-03-02 10:44:00,8776.5,8777.0,8776.5,8777.0,2
ASTRAZEN,2026-03-02 10:45:00,8777.0,8777.0,8760.5,8760.5,23
ASTRAZEN,2026-03-02 10:46:00,8760.5,8760.5,8760.5,8760.5,0
ASTRAZEN,2026-03-02 10:47:00,8760.5,8760.5,8760.5,8760.5,0
ASTRAZEN,2026-03-02 10:48:00,8777.0,8777.0,8777.0,8777.0,1
ASTRAZEN,2026-03-02 10:49:00,8777.0,8777.0,8777.0,8777.0,0
ASTRAZEN,2026-03-02 10:50:00,8777.0,8777.0,8777.0,8777.0,0
ASTRAZEN,2026-03-02 10:51:00,8777.0,8781.0,8773.0,8773.0,7
ASTRAZEN,2026-03-02 10:52:00,8775.5,8775.5,8775.5,8775.5,5
ASTRAZEN,2026-03-02 10:53:00,8774.0,8774.0,8774.0,8774.0,4
ASTRAZEN,2026-03-02 10:54:00,8774.5,8774.5,8756.5,8756.5,18
ASTRAZEN,2026-03-02 10:55:00,8774.0,8780.0,8774.0,8780.0,17
ASTRAZEN,2026-03-02 10:56:00,8780.0,8780.0,8780.0,8780.0,0
ASTRAZEN,2026-03-02 10:57:00,8779.5,8779.5,8764.5,8764.5,9
ASTRAZEN,2026-03-02 10:58:00,8776.5,8776.5,8776.5,8776.5,2
ASTRAZEN,2026-03-02 11:00:00,8776.5,8776.5,8776.5,8776.5,0
ASTRAZEN,2026-03-02 11:01:00,8776.5,8776.5,8776.5,8776.5,0
ASTRAZEN,2026-03-02 11:02:00,8776.0,8776.0,8776.0,8776.0,1
ASTRAZEN,2026-03-02 11:03:00,8778.0,8778.0,8778.0,8778.0,5
ASTRAZEN,2026-03-02 11:04:00,8765.0,8765.0,8765.0,8765.0,2
ASTRAZEN,2026-03-02 11:05:00,8765.0,8765.0,8765.0,8765.0,0
ASTRAZEN,2026-03-02 11:06:00,8765.0,8765.0,8765.0,8765.0,0
ASTRAZEN,2026-03-02 11:08:00,8778.5,8778.5,8765.0,8765.0,101
ASTRAZEN,2026-03-02 11:09:00,8765.0,8781.0,8765.0,8781.0,2
ASTRAZEN,2026-03-02 11:10:00,8781.0,8781.0,8781.0,8781.0,1
ASTRAZEN,2026-03-02 11:11:00,8781.0,8781.0,8779.0,8779.5,2
ASTRAZEN,2026-03-02 11:12:00,8779.5,8779.5,8779.5,8779.5,1
ASTRAZEN,2026-03-02 11:13:00,8781.0,8781.0,8781.0,8781.0,1
ASTRAZEN,2026-03-02 11:14:00,8781.0,8781.0,8781.0,8781.0,2
ASTRAZEN,2026-03-02 11:15:00,8784.0,8786.0,8784.0,8786.0,6
ASTRAZEN,2026-03-02 11:16:00,8776.5,8776.5,8776.5,8776.5,2
ASTRAZEN,2026-03-02 11:17:00,8776.5,8776.5,8775.0,8776.5,12
ASTRAZEN,2026-03-02 11:18:00,8776.5,8782.0,8776.5,8782.0,2
ASTRAZEN,2026-03-02 11:19:00,8782.0,8782.5,8782.0,8782.5,1
ASTRAZEN,2026-03-02 11:20:00,8782.5,8784.5,8782.5,8784.5,2
ASTRAZEN,2026-03-02 11:21:00,8784.5,8784.5,8784.0,8784.0,1
ASTRAZEN,2026-03-02 11:22:00,8784.0,8784.0,8784.0,8784.0,2
ASTRAZEN,2026-03-02 11:23:00,8784.0,8784.0,8783.5,8783.5,1
ASTRAZEN,2026-03-02 11:24:00,8783.5,8784.0,8783.5,8784.0,2
ASTRAZEN,2026-03-02 11:25:00,8784.5,8784.5,8784.5,8784.5,1
ASTRAZEN,2026-03-02 11:26:00,8784.5,8784.5,8784.0,8784.0,2
ASTRAZEN,2026-03-02 11:27:00,8784.0,8784.5,8784.0,8784.5,7
ASTRAZEN,2026-03-02 11:28:00,8784.5,8784.5,8784.5,8784.5,1
ASTRAZEN,2026-03-02 11:29:00,8786.0,8786.0,8785.0,8785.0,2
ASTRAZEN,2026-03-02 11:30:00,8786.0,8786.0,8786.0,8786.0,1
ASTRAZEN,2026-03-02 11:31:00,8786.0,8786.0,8768.0,8768.0,15
ASTRAZEN,2026-03-02 11:32:00,8768.0,8774.5,8768.0,8774.5,2
ASTRAZEN,2026-03-02 11:33:00,8774.5,8774.5,8774.5,8774.5,2
ASTRAZEN,2026-03-02 11:34:00,8768.0,8768.0,8768.0,8768.0,2
ASTRAZEN,2026-03-02 11:35:00,8756.5,8757.0,8750.0,8750.0,86
ASTRAZEN,2026-03-02 11:36:00,8750.0,8759.0,8750.0,8753.0,10
ASTRAZEN,2026-03-02 11:37:00,8753.0,8753.0,8753.0,8753.0,2
ASTRAZEN,2026-03-02 11:38:00,8753.0,8753.0,8750.0,8750.0,12
ASTRAZEN,2026-03-02 11:39:00,8750.0,8750.0,8750.0,8750.0,0
ASTRAZEN,2026-03-02 11:40:00,8750.0,8761.5,8750.0,8761.5,13
ASTRAZEN,2026-03-02 11:41:00,8761.5,8761.5,8761.5,8761.5,0
ASTRAZEN,2026-03-02 11:42:00,8761.5,8761.5,8761.5,8761.5,0
ASTRAZEN,2026-03-02 11:43:00,8763.5,8763.5,8763.5,8763.5,2
ASTRAZEN,2026-03-02 11:44:00,8763.5,8764.0,8763.5,8764.0,6
ASTRAZEN,2026-03-02 11:46:00,8764.0,8764.0,8764.0,8764.0,0
ASTRAZEN,2026-03-02 11:48:00,8764.0,8764.0,8764.0,8764.0,0
ASTRAZEN,2026-03-02 11:49:00,8764.0,8764.0,8764.0,8764.0,0
ASTRAZEN,2026-03-02 11:50:00,8762.0,8762.0,8750.0,8750.0,14
ASTRAZEN,2026-03-02 11:51:00,8750.0,8750.0,8750.0,8750.0,5
ASTRAZEN,2026-03-02 11:53:00,8750.0,8757.0,8749.5,8749.5,64
ASTRAZEN,2026-03-02 11:54:00,8749.5,8749.5,8749.5,8749.5,0
ASTRAZEN,2026-03-02 11:55:00,8735.0,8749.5,8735.0,8749.5,271
ASTRAZEN,2026-03-02 11:56:00,8749.5,8750.0,8749.5,8750.0,42
ASTRAZEN,2026-03-02 11:57:00,8750.0,8750.0,8750.0,8750.0,0
ASTRAZEN,2026-03-02 11:59:00,8750.0,8754.0,8750.0,8754.0,48
ASTRAZEN,2026-03-02 12:00:00,8754.0,8754.0,8754.0,8754.0,0
ASTRAZEN,2026-03-02 12:01:00,8754.0,8754.0,8754.0,8754.0,0
ASTRAZEN,2026-03-02 12:02:00,8754.0,8754.0,8754.0,8754.0,2
ASTRAZEN,2026-03-02 12:03:00,8754.0,8754.0,8754.0,8754.0,0
ASTRAZEN,2026-03-02 12:05:00,8750.0,8750.0,8750.0,8750.0,98
ASTRAZEN,2026-03-02 12:06:00,8750.0,8750.0,8750.0,8750.0,0
ASTRAZEN,2026-03-02 12:07:00,8750.0,8751.5,8750.0,8751.5,2
ASTRAZEN,2026-03-02 12:08:00,8751.5,8751.5,8750.0,8750.0,1
ASTRAZEN,2026-03-02 12:09:00,8750.0,8750.0,8748.0,8748.0,2
ASTRAZEN,2026-03-02 12:10:00,8748.0,8748.0,8748.0,8748.0,1
ASTRAZEN,2026-03-02 12:11:00,8744.5,8744.5,8744.5,8744.5,1
ASTRAZEN,2026-03-02 12:12:00,8744.5,8744.5,8737.0,8741.5,20
ASTRAZEN,2026-03-02 12:13:00,8741.5,8741.5,8735.5,8740.5,41
ASTRAZEN,2026-03-02 12:14:00,8740.5,8750.0,8740.5,8746.5,12
ASTRAZEN,2026-03-02 12:15:00,8746.5,8750.0,8746.5,8750.0,2
ASTRAZEN,2026-03-02 12:16:00,8752.0,8752.5,8752.0,8752.5,2
ASTRAZEN,2026-03-02 12:17:00,8752.5,8752.5,8752.5,8752.5,0
ASTRAZEN,2026-03-02 12:18:00,8752.5,8752.5,8752.5,8752.5,0
ASTRAZEN,2026-03-02 12:19:00,8752.5,8752.5,8752.5,8752.5,0
ASTRAZEN,2026-03-02 12:20:00,8752.5,8752.5,8752.5,8752.5,0
ASTRAZEN,2026-03-02 12:21:00,8752.5,8752.5,8752.5,8752.5,0
ASTRAZEN,2026-03-02 12:23:00,8737.0,8748.0,8737.0,8742.0,64
ASTRAZEN,2026-03-02 12:24:00,8742.0,8742.0,8742.0,8742.0,4
ASTRAZEN,2026-03-02 12:25:00,8742.0,8742.0,8742.0,8742.0,4
ASTRAZEN,2026-03-02 12:26:00,8742.0,8742.0,8742.0,8742.0,6
ASTRAZEN,2026-03-02 12:27:00,8742.0,8742.0,8742.0,8742.0,6
ASTRAZEN,2026-03-02 12:28:00,8742.0,8742.0,8742.0,8742.0,4
ASTRAZEN,2026-03-02 12:29:00,8742.0,8742.0,8742.0,8742.0,4
ASTRAZEN,2026-03-02 12:30:00,8742.0,8742.0,8742.0,8742.0,4
ASTRAZEN,2026-03-02 12:31:00,8742.0,8742.0,8730.0,8739.0,23
ASTRAZEN,2026-03-02 12:32:00,8738.5,8738.5,8738.5,8738.5,1
ASTRAZEN,2026-03-02 12:33:00,8739.0,8739.0,8739.0,8739.0,0
ASTRAZEN,2026-03-02 12:34:00,8739.0,8739.0,8739.0,8739.0,2
ASTRAZEN,2026-03-02 12:35:00,8740.0,8740.0,8739.5,8740.0,9
ASTRAZEN,2026-03-02 12:37:00,8740.0,8751.5,8715.0,8751.5,672
ASTRAZEN,2026-03-02 12:38:00,8751.5,8751.5,8751.5,8751.5,0
ASTRAZEN,2026-03-02 12:39:00,8751.5,8759.5,8751.5,8759.5,1
ASTRAZEN,2026-03-02 12:40:00,8759.5,8759.5,8759.5,8759.5,1
ASTRAZEN,2026-03-02 12:41:00,8759.5,8760.0,8759.5,8760.0,2
ASTRAZEN,2026-03-02 12:42:00,8743.0,8743.0,8740.0,8740.0,19
ASTRAZEN,2026-03-02 12:43:00,8740.0,8740.0,8724.5,8735.5,41
ASTRAZEN,2026-03-02 12:44:00,8735.5,8750.5,8734.0,8742.0,155
ASTRAZEN,2026-03-02 12:45:00,8748.5,8748.5,8748.5,8748.5,2
ASTRAZEN,2026-03-02 12:46:00,8748.5,8748.5,8725.5,8725.5,23
ASTRAZEN,2026-03-02 12:47:00,8725.5,8742.5,8718.5,8742.5,59
ASTRAZEN,2026-03-02 12:48:00,8728.0,8728.0,8725.0,8725.0,3
ASTRAZEN,2026-03-02 12:49:00,8714.5,8722.0,8714.5,8722.0,3
ASTRAZEN,2026-03-02 12:50:00,8722.0,8722.0,8722.0,8722.0,1
ASTRAZEN,2026-03-02 12:51:00,8722.0,8722.0,8722.0,8722.0,0
ASTRAZEN,2026-03-02 12:52:00,8722.0,8722.0,8722.0,8722.0,1
ASTRAZEN,2026-03-02 12:53:00,8723.5,8723.5,8723.5,8723.5,1
ASTRAZEN,2026-03-02 12:54:00,8723.5,8725.0,8723.5,8725.0,1
ASTRAZEN,2026-03-02 12:55:00,8725.0,8725.0,8725.0,8725.0,1
ASTRAZEN,2026-03-02 12:56:00,8725.0,8727.0,8725.0,8727.0,1
ASTRAZEN,2026-03-02 12:57:00,8728.0,8728.0,8728.0,8728.0,1
ASTRAZEN,2026-03-02 12:58:00,8726.0,8726.0,8726.0,8726.0,1
ASTRAZEN,2026-03-02 12:59:00,8728.0,8728.0,8728.0,8728.0,1
ASTRAZEN,2026-03-02 13:00:00,8728.0,8728.0,8726.5,8726.5,3
ASTRAZEN,2026-03-02 13:01:00,8726.5,8726.5,8726.5,8726.5,3
ASTRAZEN,2026-03-02 13:02:00,8726.5,8726.5,8726.5,8726.5,1
ASTRAZEN,2026-03-02 13:03:00,8726.5,8726.5,8724.5,8724.5,1
ASTRAZEN,2026-03-02 13:04:00,8724.5,8724.5,8724.5,8724.5,1
ASTRAZEN,2026-03-02 13:05:00,8724.5,8724.5,8703.5,8716.0,15
ASTRAZEN,2026-03-02 13:06:00,8716.0,8716.0,8714.5,8714.5,14
ASTRAZEN,2026-03-02 13:07:00,8714.5,8716.0,8714.5,8716.0,9
ASTRAZEN,2026-03-02 13:08:00,8716.0,8716.0,8716.0,8716.0,0
ASTRAZEN,2026-03-02 13:09:00,8716.0,8716.0,8716.0,8716.0,0
ASTRAZEN,2026-03-02 13:10:00,8716.0,8716.0,8716.0,8716.0,0
ASTRAZEN,2026-03-02 13:12:00,8716.0,8716.0,8716.0,8716.0,0
ASTRAZEN,2026-03-02 13:13:00,8716.0,8716.0,8716.0,8716.0,0
ASTRAZEN,2026-03-02 13:14:00,8716.0,8716.0,8716.0,8716.0,1
ASTRAZEN,2026-03-02 13:15:00,8716.0,8735.5,8716.0,8735.5,13
ASTRAZEN,2026-03-02 13:16:00,8735.5,8735.5,8735.5,8735.5,0
ASTRAZEN,2026-03-02 13:17:00,8735.5,8735.5,8733.5,8733.5,2
ASTRAZEN,2026-03-02 13:18:00,8735.0,8735.0,8733.0,8733.0,6
ASTRAZEN,2026-03-02 13:19:00,8733.0,8735.0,8733.0,8735.0,6
ASTRAZEN,2026-03-02 13:21:00,8735.0,8735.0,8731.0,8735.0,13
ASTRAZEN,2026-03-02 13:22:00,8735.0,8735.0,8735.0,8735.0,0
ASTRAZEN,2026-03-02 13:23:00,8735.0,8735.0,8735.0,8735.0,2
ASTRAZEN,2026-03-02 13:24:00,8735.0,8735.5,8735.0,8735.5,3
ASTRAZEN,2026-03-02 13:25:00,8735.5,8735.5,8733.5,8733.5,6
ASTRAZEN,2026-03-02 13:26:00,8733.5,8734.5,8728.5,8732.0,9
ASTRAZEN,2026-03-02 13:27:00,8732.0,8747.0,8732.0,8747.0,134
ASTRAZEN,2026-03-02 13:28:00,8748.5,8748.5,8737.5,8739.5,68
ASTRAZEN,2026-03-02 13:29:00,8739.5,8741.0,8736.5,8736.5,20
ASTRAZEN,2026-03-02 13:30:00,8736.0,8736.0,8716.0,8716.0,28
ASTRAZEN,2026-03-02 13:31:00,8705.5,8717.0,8700.0,8717.0,54
ASTRAZEN,2026-03-02 13:32:00,8703.5,8729.0,8700.5,8728.0,42
ASTRAZEN,2026-03-02 13:33:00,8728.0,8728.0,8726.0,8726.0,2
ASTRAZEN,2026-03-02 13:34:00,8727.5,8727.5,8727.5,8727.5,2
ASTRAZEN,2026-03-02 13:35:00,8727.5,8727.5,8721.5,8721.5,2
ASTRAZEN,2026-03-02 13:36:00,8721.5,8725.0,8715.0,8725.0,4
ASTRAZEN,2026-03-02 13:37:00,8725.0,8725.0,8725.0,8725.0,0
ASTRAZEN,2026-03-02 13:38:00,8725.0,8725.0,8725.0,8725.0,4
ASTRAZEN,2026-03-02 13:39:00,8725.0,8729.0,8711.5,8729.0,154
ASTRAZEN,2026-03-02 13:40:00,8729.0,8733.0,8718.0,8733.0,11
ASTRAZEN,2026-03-02 13:41:00,8733.0,8734.5,8716.5,8734.5,34
ASTRAZEN,2026-03-02 13:42:00,8734.5,8734.5,8734.5,8734.5,2
ASTRAZEN,2026-03-02 13:43:00,8734.5,8734.5,8734.5,8734.5,0
ASTRAZEN,2026-03-02 13:44:00,8734.5,8734.5,8730.0,8730.0,10
ASTRAZEN,2026-03-02 13:45:00,8730.0,8730.0,8730.0,8730.0,0
ASTRAZEN,2026-03-02 13:46:00,8730.0,8744.5,8728.5,8744.5,155
ASTRAZEN,2026-03-02 13:47:00,8723.0,8723.0,8723.0,8723.0,6
ASTRAZEN,2026-03-02 13:48:00,8723.0,8723.0,8723.0,8723.0,0
ASTRAZEN,2026-03-02 13:49:00,8723.0,8723.0,8723.0,8723.0,0
ASTRAZEN,2026-03-02 13:51:00,8730.5,8730.5,8729.0,8729.5,3
ASTRAZEN,2026-03-02 13:52:00,8729.5,8729.5,8729.5,8729.5,0
ASTRAZEN,2026-03-02 13:54:00,8726.0,8726.0,8726.0,8726.0,1
ASTRAZEN,2026-03-02 13:55:00,8726.0,8726.0,8726.0,8726.0,0
ASTRAZEN,2026-03-02 13:57:00,8726.0,8726.0,8725.5,8725.5,2
ASTRAZEN,2026-03-02 13:58:00,8725.5,8725.5,8725.5,8725.5,0
ASTRAZEN,2026-03-02 13:59:00,8725.5,8728.5,8715.0,8727.5,70
ASTRAZEN,2026-03-02 14:00:00,8728.5,8728.5,8715.0,8728.5,93
ASTRAZEN,2026-03-02 14:01:00,8727.5,8728.5,8727.5,8728.5,49
ASTRAZEN,2026-03-02 14:02:00,8728.5,8728.5,8728.5,8728.5,8
ASTRAZEN,2026-03-02 14:03:00,8729.0,8729.5,8717.5,8729.5,22
ASTRAZEN,2026-03-02 14:04:00,8742.0,8776.5,8742.0,8756.5,112
ASTRAZEN,2026-03-02 14:05:00,8756.5,8756.5,8756.5,8756.5,0
ASTRAZEN,2026-03-02 14:06:00,8756.5,8756.5,8756.5,8756.5,0
ASTRAZEN,2026-03-02 14:07:00,8756.5,8756.5,8756.5,8756.5,0
ASTRAZEN,2026-03-02 14:08:00,8756.5,8759.0,8756.5,8759.0,15
ASTRAZEN,2026-03-02 14:09:00,8759.0,8759.0,8743.5,8743.5,14
ASTRAZEN,2026-03-02 14:10:00,8743.5,8750.5,8743.5,8750.5,3
ASTRAZEN,2026-03-02 14:11:00,8750.5,8751.0,8750.5,8751.0,3
ASTRAZEN,2026-03-02 14:12:00,8751.0,8751.0,8751.0,8751.0,0
ASTRAZEN,2026-03-02 14:13:00,8751.5,8751.5,8751.5,8751.5,2
ASTRAZEN,2026-03-02 14:14:00,8751.5,8751.5,8751.5,8751.5,2
ASTRAZEN,2026-03-02 14:15:00,8751.5,8751.5,8751.5,8751.5,0
ASTRAZEN,2026-03-02 14:16:00,8751.5,8751.5,8751.5,8751.5,0
ASTRAZEN,2026-03-02 14:19:00,8737.0,8737.0,8725.0,8733.5,553
ASTRAZEN,2026-03-02 14:20:00,8757.5,8757.5,8751.0,8751.0,2
ASTRAZEN,2026-03-02 14:21:00,8751.0,8751.0,8751.0,8751.0,0
ASTRAZEN,2026-03-02 14:22:00,8764.0,8764.0,8764.0,8764.0,1
ASTRAZEN,2026-03-02 14:23:00,8764.0,8764.0,8751.5,8751.5,7
ASTRAZEN,2026-03-02 14:24:00,8751.5,8751.5,8751.5,8751.5,0
ASTRAZEN,2026-03-02 14:25:00,8751.5,8751.5,8751.5,8751.5,0
ASTRAZEN,2026-03-02 14:26:00,8751.5,8751.5,8751.5,8751.5,0
ASTRAZEN,2026-03-02 14:27:00,8751.5,8751.5,8747.0,8748.5,3
ASTRAZEN,2026-03-02 14:28:00,8748.5,8748.5,8748.5,8748.5,2
ASTRAZEN,2026-03-02 14:29:00,8748.5,8748.5,8748.5,8748.5,0
ASTRAZEN,2026-03-02 14:30:00,8748.5,8748.5,8748.5,8748.5,0
ASTRAZEN,2026-03-02 14:31:00,8729.0,8729.0,8729.0,8729.0,1
ASTRAZEN,2026-03-02 14:32:00,8729.0,8729.0,8729.0,8729.0,0
ASTRAZEN,2026-03-02 14:33:00,8729.0,8740.0,8729.0,8740.0,1
ASTRAZEN,2026-03-02 14:34:00,8740.0,8740.0,8740.0,8740.0,1
ASTRAZEN,2026-03-02 14:35:00,8740.0,8740.0,8740.0,8740.0,4
ASTRAZEN,2026-03-02 14:36:00,8740.0,8782.0,8735.0,8781.0,41
ASTRAZEN,2026-03-02 14:37:00,8781.0,8786.0,8781.0,8785.0,11
ASTRAZEN,2026-03-02 14:38:00,8786.5,8787.0,8766.0,8766.0,23
ASTRAZEN,2026-03-02 14:39:00,8766.0,8766.0,8759.0,8759.0,10
ASTRAZEN,2026-03-02 14:40:00,8739.5,8739.5,8739.5,8739.5,1
ASTRAZEN,2026-03-02 14:41:00,8739.5,8739.5,8739.5,8739.5,0
ASTRAZEN,2026-03-02 14:42:00,8739.5,8739.5,8739.5,8739.5,0
ASTRAZEN,2026-03-02 14:43:00,8748.5,8748.5,8748.5,8748.5,1
ASTRAZEN,2026-03-02 14:44:00,8748.5,8748.5,8748.5,8748.5,0
ASTRAZEN,2026-03-02 14:45:00,8748.5,8755.0,8748.5,8755.0,4
ASTRAZEN,2026-03-02 14:46:00,8755.0,8755.0,8755.0,8755.0,0
ASTRAZEN,2026-03-02 14:47:00,8755.0,8755.0,8751.5,8753.5,29
ASTRAZEN,2026-03-02 14:48:00,8751.5,8751.5,8751.5,8751.5,7
ASTRAZEN,2026-03-02 14:49:00,8751.5,8751.5,8743.0,8743.0,14
ASTRAZEN,2026-03-02 14:50:00,8743.0,8743.0,8743.0,8743.0,0
ASTRAZEN,2026-03-02 14:51:00,8743.0,8743.0,8739.5,8739.5,2
ASTRAZEN,2026-03-02 14:52:00,8739.5,8743.0,8739.5,8743.0,1
ASTRAZEN,2026-03-02 14:54:00,8748.5,8756.0,8748.5,8756.0,54
ASTRAZEN,2026-03-02 14:55:00,8768.0,8771.5,8765.0,8765.0,108
ASTRAZEN,2026-03-02 14:56:00,8765.0,8772.5,8765.0,8772.5,107
ASTRAZEN,2026-03-02 14:57:00,8772.5,8772.5,8772.5,8772.5,0
ASTRAZEN,2026-03-02 14:58:00,8772.5,8773.0,8772.5,8773.0,1
ASTRAZEN,2026-03-02 14:59:00,8784.0,8784.5,8784.0,8784.5,2
ASTRAZEN,2026-03-02 15:00:00,8785.5,8785.5,8784.5,8784.5,2
ASTRAZEN,2026-03-02 15:01:00,8785.5,8785.5,8776.0,8776.0,6
ASTRAZEN,2026-03-02 15:02:00,8775.0,8785.5,8775.0,8785.5,6
ASTRAZEN,2026-03-02 15:03:00,8775.0,8785.5,8775.0,8785.5,4
ASTRAZEN,2026-03-02 15:04:00,8787.0,8800.0,8787.0,8800.0,52
ASTRAZEN,2026-03-02 15:05:00,8800.0,8805.0,8800.0,8800.0,41
ASTRAZEN,2026-03-02 15:06:00,8800.0,8805.0,8800.0,8805.0,4
ASTRAZEN,2026-03-02 15:07:00,8805.0,8809.0,8805.0,8809.0,27
ASTRAZEN,2026-03-02 15:08:00,8809.0,8814.5,8803.5,8814.0,33
ASTRAZEN,2026-03-02 15:09:00,8813.5,8813.5,8804.0,8804.0,4
ASTRAZEN,2026-03-02 15:10:00,8804.0,8804.0,8800.5,8800.5,5
ASTRAZEN,2026-03-02 15:11:00,8800.5,8804.0,8800.5,8801.5,16
ASTRAZEN,2026-03-02 15:12:00,8801.5,8808.0,8801.5,8808.0,3
ASTRAZEN,2026-03-02 15:13:00,8808.0,8808.0,8803.0,8808.0,22
ASTRAZEN,2026-03-02 15:14:00,8808.0,8808.0,8803.0,8808.0,25
ASTRAZEN,2026-03-02 15:15:00,8801.5,8807.5,8800.0,8800.0,153
ASTRAZEN,2026-03-02 15:16:00,8800.0,8808.0,8799.5,8808.0,351
ASTRAZEN,2026-03-02 15:17:00,8808.0,8808.0,8808.0,8808.0,3
ASTRAZEN,2026-03-02 15:18:00,8801.5,8808.0,8801.5,8808.0,6
ASTRAZEN,2026-03-02 15:19:00,8808.0,8808.0,8801.5,8801.5,22
ASTRAZEN,2026-03-02 15:20:00,8801.5,8822.0,8801.5,8822.0,57
ASTRAZEN,2026-03-02 15:21:00,8819.5,8819.5,8801.0,8801.0,100
ASTRAZEN,2026-03-02 15:22:00,8801.0,8801.5,8801.0,8801.5,17
ASTRAZEN,2026-03-02 15:23:00,8802.0,8802.0,8801.5,8801.5,6
ASTRAZEN,2026-03-02 15:24:00,8802.5,8802.5,8801.5,8801.5,4
ASTRAZEN,2026-03-02 15:25:00,8802.5,8822.5,8801.5,8806.0,25
ASTRAZEN,2026-03-02 15:26:00,8806.0,8828.0,8806.0,8807.0,58
ASTRAZEN,2026-03-02 15:27:00,8807.0,8810.5,8801.0,8801.0,40
ASTRAZEN,2026-03-02 15:28:00,8801.0,8809.5,8800.0,8800.0,2
ASTRAZEN,2026-03-02 15:29:00,8800.0,8800.0,8800.0,8800.0,2
ASTRAZEN,2026-03-04 09:15:00,8779.5,8779.5,8590.5,8707.0,43
ASTRAZEN,2026-03-04 09:16:00,8740.0,8747.5,8711.0,8725.0,273
ASTRAZEN,2026-03-04 09:17:00,8725.0,8735.0,8725.0,8735.0,93
ASTRAZEN,2026-03-04 09:18:00,8735.0,8735.0,8706.5,8706.5,48
ASTRAZEN,2026-03-04 09:19:00,8703.5,8703.5,8700.0,8700.0,24
ASTRAZEN,2026-03-04 09:20:00,8700.0,8701.0,8680.0,8680.0,39
ASTRAZEN,2026-03-04 09:21:00,8680.0,8680.0,8650.5,8669.5,52
ASTRAZEN,2026-03-04 09:22:00,8669.5,8673.5,8656.0,8669.5,28
ASTRAZEN,2026-03-04 09:23:00,8669.5,8683.0,8669.5,8683.0,7
ASTRAZEN,2026-03-04 09:24:00,8683.0,8686.5,8669.5,8676.5,8
ASTRAZEN,2026-03-04 09:25:00,8676.5,8676.5,8676.5,8676.5,1
ASTRAZEN,2026-03-04 09:26:00,8676.5,8677.5,8676.5,8677.0,6
ASTRAZEN,2026-03-04 09:27:00,8677.5,8677.5,8677.5,8677.5,5
ASTRAZEN,2026-03-04 09:28:00,8677.5,8677.5,8666.0,8677.5,12
ASTRAZEN,2026-03-04 09:29:00,8677.5,8677.5,8677.5,8677.5,2
ASTRAZEN,2026-03-04 09:30:00,8677.5,8677.5,8665.5,8677.5,10
ASTRAZEN,2026-03-04 09:31:00,8677.5,8677.5,8667.5,8667.5,2
ASTRAZEN,2026-03-04 09:32:00,8667.5,8676.0,8667.5,8676.0,1
ASTRAZEN,2026-03-04 09:33:00,8676.0,8676.0,8676.0,8676.0,1
ASTRAZEN,2026-03-04 09:34:00,8676.0,8676.0,8676.0,8676.0,0
ASTRAZEN,2026-03-04 09:35:00,8676.0,8676.0,8676.0,8676.0,0
ASTRAZEN,2026-03-04 09:36:00,8677.0,8677.0,8677.0,8677.0,1
ASTRAZEN,2026-03-04 09:37:00,8677.0,8677.5,8677.0,8677.5,2
ASTRAZEN,2026-03-04 09:38:00,8677.5,8677.5,8665.5,8666.0,9
ASTRAZEN,2026-03-04 09:39:00,8666.0,8666.0,8666.0,8666.0,3
ASTRAZEN,2026-03-04 09:40:00,8666.0,8666.0,8666.0,8666.0,0
ASTRAZEN,2026-03-04 09:41:00,8667.0,8667.0,8665.5,8665.5,2
ASTRAZEN,2026-03-04 09:42:00,8665.5,8665.5,8665.5,8665.5,5
ASTRAZEN,2026-03-04 09:43:00,8665.5,8665.5,8665.5,8665.5,0
ASTRAZEN,2026-03-04 09:44:00,8665.5,8668.0,8665.5,8665.5,6
ASTRAZEN,2026-03-04 09:45:00,8665.5,8679.5,8665.5,8668.0,4
ASTRAZEN,2026-03-04 09:46:00,8668.0,8677.0,8668.0,8677.0,2
ASTRAZEN,2026-03-04 09:47:00,8677.0,8679.5,8677.0,8679.5,2
ASTRAZEN,2026-03-04 09:48:00,8679.5,8682.5,8679.5,8682.5,2
ASTRAZEN,2026-03-04 09:49:00,8679.5,8682.5,8667.5,8677.0,22
ASTRAZEN,2026-03-04 09:50:00,8677.0,8677.0,8670.0,8670.5,3
ASTRAZEN,2026-03-04 09:51:00,8670.5,8670.5,8664.5,8664.5,1
ASTRAZEN,2026-03-04 09:52:00,8664.5,8664.5,8664.5,8664.5,0
ASTRAZEN,2026-03-04 09:53:00,8664.5,8664.5,8664.5,8664.5,0
ASTRAZEN,2026-03-04 09:54:00,8664.5,8664.5,8660.0,8660.0,38
ASTRAZEN,2026-03-04 09:55:00,8650.0,8654.0,8648.5,8654.0,28
ASTRAZEN,2026-03-04 09:56:00,8653.5,8653.5,8641.0,8641.0,2
ASTRAZEN,2026-03-04 09:57:00,8641.0,8641.0,8641.0,8641.0,0
ASTRAZEN,2026-03-04 09:58:00,8649.5,8655.0,8649.5,8655.0,22
ASTRAZEN,2026-03-04 09:59:00,8655.0,8655.0,8655.0,8655.0,0
ASTRAZEN,2026-03-04 10:00:00,8655.0,8655.0,8630.5,8630.5,19
ASTRAZEN,2026-03-04 10:01:00,8647.5,8647.5,8647.5,8647.5,2
ASTRAZEN,2026-03-04 10:02:00,8649.0,8660.0,8649.0,8660.0,40
ASTRAZEN,2026-03-04 10:04:00,8660.0,8660.0,8656.0,8656.0,4
ASTRAZEN,2026-03-04 10:05:00,8649.0,8681.5,8649.0,8681.5,29
ASTRAZEN,2026-03-04 10:06:00,8681.5,8681.5,8681.5,8681.5,0
ASTRAZEN,2026-03-04 10:07:00,8681.5,8681.5,8681.5,8681.5,0
ASTRAZEN,2026-03-04 10:08:00,8681.5,8681.5,8666.0,8666.0,10
ASTRAZEN,2026-03-04 10:09:00,8666.0,8676.0,8666.0,8673.5,6
ASTRAZEN,2026-03-04 10:10:00,8673.5,8673.5,8673.5,8673.5,2
ASTRAZEN,2026-03-04 10:11:00,8673.5,8688.5,8673.5,8688.5,39
ASTRAZEN,2026-03-04 10:12:00,8688.5,8688.5,8684.5,8684.5,1
ASTRAZEN,2026-03-04 10:13:00,8684.5,8684.5,8675.5,8675.5,4
ASTRAZEN,2026-03-04 10:14:00,8684.5,8688.0,8684.5,8688.0,12
ASTRAZEN,2026-03-04 10:15:00,8688.0,8688.0,8688.0,8688.0,0
ASTRAZEN,2026-03-04 10:16:00,8688.0,8710.0,8688.0,8708.5,59
ASTRAZEN,2026-03-04 10:17:00,8708.5,8715.0,8708.5,8715.0,2
ASTRAZEN,2026-03-04 10:18:00,8715.0,8715.0,8715.0,8715.0,2
ASTRAZEN,2026-03-04 10:19:00,8715.0,8715.0,8705.5,8705.5,5
ASTRAZEN,2026-03-04 10:20:00,8705.5,8705.5,8697.0,8697.0,22
ASTRAZEN,2026-03-04 10:21:00,8697.0,8697.0,8697.0,8697.0,0
ASTRAZEN,2026-03-04 10:22:00,8697.0,8697.0,8697.0,8697.0,0
ASTRAZEN,2026-03-04 10:23:00,8705.0,8705.0,8705.0,8705.0,4
ASTRAZEN,2026-03-04 10:24:00,8705.0,8705.0,8705.0,8705.0,0
ASTRAZEN,2026-03-04 10:25:00,8705.0,8705.0,8705.0,8705.0,0
ASTRAZEN,2026-03-04 10:26:00,8705.0,8705.5,8705.0,8705.5,3
ASTRAZEN,2026-03-04 10:27:00,8705.5,8705.5,8705.5,8705.5,0
ASTRAZEN,2026-03-04 10:28:00,8705.5,8705.5,8705.5,8705.5,0
ASTRAZEN,2026-03-04 10:29:00,8705.5,8705.5,8700.5,8700.5,7
ASTRAZEN,2026-03-04 10:30:00,8705.5,8705.5,8705.5,8705.5,1
ASTRAZEN,2026-03-04 10:31:00,8705.5,8705.5,8705.5,8705.5,0
ASTRAZEN,2026-03-04 10:32:00,8705.5,8705.5,8700.5,8700.5,7
ASTRAZEN,2026-03-04 10:33:00,8700.5,8700.5,8696.0,8696.0,1
ASTRAZEN,2026-03-04 10:34:00,8688.5,8688.5,8688.5,8688.5,1
ASTRAZEN,2026-03-04 10:35:00,8691.5,8691.5,8691.5,8691.5,3
ASTRAZEN,2026-03-04 10:36:00,8691.5,8692.0,8689.5,8692.0,10
ASTRAZEN,2026-03-04 10:37:00,8692.0,8692.0,8692.0,8692.0,4
ASTRAZEN,2026-03-04 10:38:00,8692.0,8692.0,8692.0,8692.0,0
ASTRAZEN,2026-03-04 10:39:00,8692.0,8695.0,8674.0,8695.0,182
ASTRAZEN,2026-03-04 10:40:00,8695.0,8707.5,8690.5,8690.5,11
ASTRAZEN,2026-03-04 10:41:00,8690.5,8706.5,8690.5,8698.0,2
ASTRAZEN,2026-03-04 10:42:00,8680.5,8706.0,8680.5,8706.0,59
ASTRAZEN,2026-03-04 10:43:00,8706.0,8710.5,8706.0,8710.5,9
ASTRAZEN,2026-03-04 10:44:00,8710.5,8720.0,8710.5,8720.0,15
ASTRAZEN,2026-03-04 10:45:00,8720.0,8739.5,8720.0,8739.5,7
ASTRAZEN,2026-03-04 10:46:00,8739.5,8748.0,8735.5,8748.0,10
ASTRAZEN,2026-03-04 10:47:00,8748.0,8748.0,8741.0,8741.0,6
ASTRAZEN,2026-03-04 10:48:00,8741.0,8744.5,8739.5,8744.5,2
ASTRAZEN,2026-03-04 10:49:00,8744.5,8745.0,8744.5,8745.0,2
ASTRAZEN,2026-03-04 10:50:00,8745.0,8747.5,8745.0,8747.5,3
ASTRAZEN,2026-03-04 10:51:00,8747.5,8747.5,8734.5,8734.5,6
ASTRAZEN,2026-03-04 10:52:00,8734.5,8737.0,8734.5,8737.0,1
ASTRAZEN,2026-03-04 10:53:00,8737.0,8739.0,8737.0,8739.0,12
ASTRAZEN,2026-03-04 10:54:00,8739.0,8739.5,8728.5,8739.5,4
ASTRAZEN,2026-03-04 10:55:00,8738.5,8739.5,8738.5,8739.5,2
ASTRAZEN,2026-03-04 10:56:00,8741.5,8741.5,8736.0,8736.0,10
ASTRAZEN,2026-03-04 10:57:00,8746.0,8746.0,8738.0,8738.0,7
ASTRAZEN,2026-03-04 10:58:00,8738.0,8739.0,8738.0,8739.0,1
ASTRAZEN,2026-03-04 10:59:00,8738.5,8740.0,8738.5,8740.0,4
ASTRAZEN,2026-03-04 11:00:00,8740.0,8748.0,8740.0,8748.0,3
ASTRAZEN,2026-03-04 11:01:00,8737.5,8740.0,8737.5,8740.0,6
ASTRAZEN,2026-03-04 11:02:00,8740.0,8740.5,8740.0,8740.5,1
ASTRAZEN,2026-03-04 11:03:00,8740.5,8744.0,8740.5,8744.0,2
ASTRAZEN,2026-03-04 11:04:00,8744.0,8744.0,8744.0,8744.0,1
ASTRAZEN,2026-03-04 11:05:00,8744.0,8744.5,8744.0,8744.5,2
ASTRAZEN,2026-03-04 11:06:00,8744.5,8753.5,8743.0,8744.0,46
ASTRAZEN,2026-03-04 11:07:00,8730.5,8743.0,8730.5,8743.0,14
ASTRAZEN,2026-03-04 11:08:00,8743.5,8743.5,8743.5,8743.5,3
ASTRAZEN,2026-03-04 11:09:00,8743.5,8743.5,8743.5,8743.5,2
ASTRAZEN,2026-03-04 11:10:00,8747.0,8747.0,8747.0,8747.0,1
ASTRAZEN,2026-03-04 11:11:00,8747.0,8747.0,8737.0,8737.0,4
ASTRAZEN,2026-03-04 11:13:00,8737.0,8737.0,8737.0,8737.0,0
ASTRAZEN,2026-03-04 11:14:00,8735.5,8735.5,8707.0,8707.0,52
ASTRAZEN,2026-03-04 11:15:00,8707.0,8710.5,8707.0,8709.0,11
ASTRAZEN,2026-03-04 11:16:00,8709.0,8709.0,8709.0,8709.0,0
ASTRAZEN,2026-03-04 11:17:00,8703.0,8703.0,8702.0,8702.0,6
ASTRAZEN,2026-03-04 11:18:00,8698.0,8701.0,8687.5,8689.5,81
ASTRAZEN,2026-03-04 11:19:00,8689.5,8696.0,8689.5,8696.0,9
ASTRAZEN,2026-03-04 11:20:00,8696.0,8696.5,8696.0,8696.5,1
ASTRAZEN,2026-03-04 11:21:00,8696.5,8700.0,8696.5,8700.0,6
ASTRAZEN,2026-03-04 11:22:00,8700.0,8700.0,8700.0,8700.0,1
ASTRAZEN,2026-03-04 11:23:00,8700.0,8700.0,8697.5,8697.5,1
ASTRAZEN,2026-03-04 11:24:00,8697.5,8697.5,8697.5,8697.5,0
ASTRAZEN,2026-03-04 11:26:00,8697.5,8697.5,8697.5,8697.5,2
ASTRAZEN,2026-03-04 11:27:00,8697.5,8697.5,8697.5,8697.5,0
ASTRAZEN,2026-03-04 11:28:00,8695.0,8704.5,8695.0,8704.5,68
ASTRAZEN,2026-03-04 11:29:00,8704.5,8704.5,8698.0,8698.5,8
ASTRAZEN,2026-03-04 11:30:00,8698.5,8704.0,8698.5,8698.5,7
ASTRAZEN,2026-03-04 11:32:00,8705.0,8705.0,8705.0,8705.0,2
ASTRAZEN,2026-03-04 11:33:00,8705.0,8705.0,8684.5,8687.5,147
ASTRAZEN,2026-03-04 11:34:00,8688.5,8700.0,8680.5,8698.0,133
ASTRAZEN,2026-03-04 11:35:00,8699.0,8699.5,8695.0,8699.5,106
ASTRAZEN,2026-03-04 11:36:00,8699.5,8699.5,8650.0,8650.0,109
ASTRAZEN,2026-03-04 11:37:00,8631.5,8649.0,8620.0,8648.0,104
ASTRAZEN,2026-03-04 11:38:00,8648.0,8651.0,8648.0,8651.0,15
ASTRAZEN,2026-03-04 11:39:00,8651.0,8658.5,8636.5,8643.0,32
ASTRAZEN,2026-03-04 11:40:00,8643.0,8648.0,8643.0,8648.0,8
ASTRAZEN,2026-03-04 11:41:00,8648.0,8650.0,8648.0,8650.0,8
ASTRAZEN,2026-03-04 11:42:00,8650.0,8651.5,8650.0,8651.0,13
ASTRAZEN,2026-03-04 11:43:00,8651.0,8651.5,8651.0,8651.0,21
ASTRAZEN,2026-03-04 11:44:00,8651.0,8651.5,8640.0,8640.0,20
ASTRAZEN,2026-03-04 11:45:00,8649.0,8658.0,8645.5,8658.0,12
ASTRAZEN,2026-03-04 11:46:00,8646.5,8650.0,8636.5,8636.5,11
ASTRAZEN,2026-03-04 11:47:00,8636.5,8655.5,8636.5,8655.5,19
ASTRAZEN,2026-03-04 11:48:00,8655.5,8685.0,8655.5,8666.5,133
ASTRAZEN,2026-03-04 11:49:00,8686.5,8686.5,8656.0,8656.0,16
ASTRAZEN,2026-03-04 11:50:00,8656.0,8664.5,8656.0,8658.5,8
ASTRAZEN,2026-03-04 11:51:00,8658.5,8675.5,8655.5,8675.5,8
ASTRAZEN,2026-03-04 11:52:00,8675.5,8675.5,8658.0,8658.0,19
ASTRAZEN,2026-03-04 11:53:00,8658.0,8663.0,8657.0,8657.0,8
ASTRAZEN,2026-03-04 11:54:00,8657.0,8659.5,8657.0,8659.5,8
ASTRAZEN,2026-03-04 11:55:00,8659.5,8663.5,8658.0,8658.0,8
ASTRAZEN,2026-03-04 11:56:00,8658.0,8665.0,8658.0,8658.0,8
ASTRAZEN,2026-03-04 11:57:00,8658.0,8662.5,8658.0,8662.5,5
ASTRAZEN,2026-03-04 11:58:00,8669.5,8669.5,8669.5,8669.5,12
ASTRAZEN,2026-03-04 11:59:00,8669.5,8676.5,8666.5,8666.5,7
ASTRAZEN,2026-03-04 12:00:00,8666.5,8666.5,8666.5,8666.5,0
ASTRAZEN,2026-03-04 12:01:00,8666.5,8670.0,8665.5,8665.5,28
ASTRAZEN,2026-03-04 12:02:00,8665.5,8665.5,8662.0,8662.0,5
ASTRAZEN,2026-03-04 12:03:00,8669.5,8669.5,8664.0,8664.0,8
ASTRAZEN,2026-03-04 12:04:00,8664.0,8670.0,8662.5,8667.5,16
ASTRAZEN,2026-03-04 12:05:00,8667.5,8667.5,8667.5,8667.5,0
ASTRAZEN,2026-03-04 12:06:00,8667.5,8667.5,8667.5,8667.5,0
ASTRAZEN,2026-03-04 12:07:00,8667.5,8667.5,8667.5,8667.5,0
ASTRAZEN,2026-03-04 12:08:00,8668.0,8668.0,8668.0,8668.0,1
ASTRAZEN,2026-03-04 12:09:00,8668.0,8668.0,8668.0,8668.0,0
ASTRAZEN,2026-03-04 12:11:00,8668.0,8669.0,8668.0,8669.0,2
ASTRAZEN,2026-03-04 12:12:00,8669.0,8670.0,8669.0,8670.0,4
ASTRAZEN,2026-03-04 12:13:00,8670.0,8670.0,8668.0,8668.0,2
ASTRAZEN,2026-03-04 12:14:00,8668.0,8668.0,8668.0,8668.0,0
ASTRAZEN,2026-03-04 12:15:00,8664.0,8672.5,8664.0,8672.5,99
ASTRAZEN,2026-03-04 12:16:00,8672.5,8672.5,8670.0,8670.0,9
ASTRAZEN,2026-03-04 12:17:00,8667.5,8667.5,8667.5,8667.5,2
ASTRAZEN,2026-03-04 12:18:00,8667.5,8669.5,8667.5,8669.5,1
ASTRAZEN,2026-03-04 12:19:00,8669.5,8669.5,8669.5,8669.5,0
ASTRAZEN,2026-03-04 12:20:00,8669.5,8669.5,8669.5,8669.5,0
ASTRAZEN,2026-03-04 12:21:00,8669.5,8669.5,8669.5,8669.5,0
ASTRAZEN,2026-03-04 12:22:00,8669.5,8669.5,8668.0,8668.0,3
ASTRAZEN,2026-03-04 12:23:00,8668.0,8668.0,8668.0,8668.0,0
ASTRAZEN,2026-03-04 12:25:00,8668.0,8668.0,8668.0,8668.0,0
ASTRAZEN,2026-03-04 12:26:00,8668.0,8668.0,8668.0,8668.0,0
ASTRAZEN,2026-03-04 12:27:00,8668.0,8668.0,8668.0,8668.0,0
ASTRAZEN,2026-03-04 12:28:00,8668.0,8668.0,8668.0,8668.0,3
ASTRAZEN,2026-03-04 12:29:00,8668.0,8668.0,8668.0,8668.0,0
ASTRAZEN,2026-03-04 12:30:00,8668.0,8668.0,8668.0,8668.0,0
ASTRAZEN,2026-03-04 12:31:00,8668.0,8668.0,8668.0,8668.0,0
ASTRAZEN,2026-03-04 12:32:00,8668.0,8668.0,8668.0,8668.0,0
ASTRAZEN,2026-03-04 12:33:00,8687.5,8687.5,8665.5,8665.5,74
ASTRAZEN,2026-03-04 12:34:00,8665.5,8670.5,8665.5,8670.5,8
ASTRAZEN,2026-03-04 12:35:00,8670.5,8670.5,8670.5,8670.5,0
ASTRAZEN,2026-03-04 12:36:00,8675.0,8712.0,8675.0,8712.0,62
ASTRAZEN,2026-03-04 12:37:00,8712.0,8712.0,8693.5,8700.0,50
ASTRAZEN,2026-03-04 12:38:00,8700.0,8700.0,8697.0,8697.0,5
ASTRAZEN,2026-03-04 12:39:00,8697.0,8697.5,8697.0,8697.5,5
ASTRAZEN,2026-03-04 12:40:00,8707.5,8707.5,8701.0,8701.0,3
ASTRAZEN,2026-03-04 12:41:00,8701.0,8701.0,8699.5,8699.5,5
ASTRAZEN,2026-03-04 12:42:00,8699.5,8699.5,8699.5,8699.5,0
ASTRAZEN,2026-03-04 12:43:00,8699.5,8699.5,8699.5,8699.5,0
ASTRAZEN,2026-03-04 12:44:00,8699.5,8699.5,8699.5,8699.5,3
ASTRAZEN,2026-03-04 12:45:00,8699.5,8699.5,8699.5,8699.5,0
ASTRAZEN,2026-03-04 12:49:00,8653.0,8700.0,8653.0,8699.0,1010
ASTRAZEN,2026-03-04 12:50:00,8699.0,8700.5,8680.0,8680.0,28
ASTRAZEN,2026-03-04 12:51:00,8693.0,8700.0,8693.0,8700.0,78
ASTRAZEN,2026-03-04 12:52:00,8700.0,8700.0,8662.0,8662.0,10
ASTRAZEN,2026-03-04 12:53:00,8662.0,8662.0,8654.5,8654.5,11
ASTRAZEN,2026-03-04 12:54:00,8654.5,8655.0,8654.5,8655.0,11
ASTRAZEN,2026-03-04 12:55:00,8655.0,8655.0,8623.5,8623.5,11
ASTRAZEN,2026-03-04 12:56:00,8623.5,8652.0,8623.5,8632.5,31
ASTRAZEN,2026-03-04 12:57:00,8632.5,8636.5,8632.5,8632.5,11
ASTRAZEN,2026-03-04 12:58:00,8632.5,8633.0,8632.5,8633.0,10
ASTRAZEN,2026-03-04 12:59:00,8628.0,8634.0,8628.0,8632.5,19
ASTRAZEN,2026-03-04 13:00:00,8632.5,8633.0,8630.0,8630.0,45
ASTRAZEN,2026-03-04 13:01:00,8630.0,8631.5,8616.5,8616.5,13
ASTRAZEN,2026-03-04 13:02:00,8616.5,8617.0,8616.5,8617.0,11
ASTRAZEN,2026-03-04 13:03:00,8617.0,8618.0,8617.0,8618.0,9
ASTRAZEN,2026-03-04 13:04:00,8618.0,8618.0,8615.0,8615.0,16
ASTRAZEN,2026-03-04 13:05:00,8615.0,8615.5,8615.0,8615.0,12
ASTRAZEN,2026-03-04 13:06:00,8615.0,8615.0,8601.0,8601.0,20
ASTRAZEN,2026-03-04 13:07:00,8601.0,8602.0,8601.0,8601.5,12
ASTRAZEN,2026-03-04 13:08:00,8601.5,8602.5,8600.0,8600.0,10
ASTRAZEN,2026-03-04 13:09:00,8595.0,8599.5,8590.0,8599.5,32
ASTRAZEN,2026-03-04 13:10:00,8599.5,8599.5,8590.5,8590.5,11
ASTRAZEN,2026-03-04 13:11:00,8590.5,8591.0,8590.5,8590.5,14
ASTRAZEN,2026-03-04 13:12:00,8590.5,8591.0,8590.5,8590.5,10
ASTRAZEN,2026-03-04 13:13:00,8590.5,8591.0,8590.5,8591.0,12
ASTRAZEN,2026-03-04 13:14:00,8585.0,8585.0,8572.0,8572.0,94
ASTRAZEN,2026-03-04 13:15:00,8572.0,8581.0,8572.0,8581.0,31
ASTRAZEN,2026-03-04 13:16:00,8581.0,8581.5,8575.0,8579.5,23
ASTRAZEN,2026-03-04 13:17:00,8579.5,8584.0,8572.0,8572.0,22
ASTRAZEN,2026-03-04 13:18:00,8572.0,8583.0,8572.0,8577.0,12
ASTRAZEN,2026-03-04 13:19:00,8577.0,8583.5,8576.5,8576.5,15
ASTRAZEN,2026-03-04 13:20:00,8576.5,8576.5,8576.5,8576.5,10
ASTRAZEN,2026-03-04 13:21:00,8576.5,8576.5,8576.5,8576.5,1
ASTRAZEN,2026-03-04 13:22:00,8584.0,8584.0,8577.5,8577.5,7
ASTRAZEN,2026-03-04 13:23:00,8577.5,8577.5,8577.5,8577.5,2
ASTRAZEN,2026-03-04 13:24:00,8584.0,8585.0,8584.0,8585.0,6
ASTRAZEN,2026-03-04 13:25:00,8585.0,8591.0,8585.0,8591.0,3
ASTRAZEN,2026-03-04 13:26:00,8591.0,8591.0,8591.0,8591.0,0
ASTRAZEN,2026-03-04 13:27:00,8592.0,8623.0,8592.0,8597.0,65
ASTRAZEN,2026-03-04 13:28:00,8597.0,8608.5,8597.0,8608.5,6
ASTRAZEN,2026-03-04 13:29:00,8608.5,8608.5,8597.5,8597.5,9
ASTRAZEN,2026-03-04 13:30:00,8592.5,8593.0,8592.5,8592.5,9
ASTRAZEN,2026-03-04 13:31:00,8592.5,8600.0,8592.5,8600.0,1
ASTRAZEN,2026-03-04 13:32:00,8600.0,8600.5,8600.0,8600.5,11
ASTRAZEN,2026-03-04 13:33:00,8614.5,8614.5,8601.5,8601.5,15
ASTRAZEN,2026-03-04 13:34:00,8601.5,8601.5,8594.0,8594.0,4
ASTRAZEN,2026-03-04 13:35:00,8594.0,8594.0,8594.0,8594.0,0
ASTRAZEN,2026-03-04 13:36:00,8594.0,8597.5,8592.5,8597.5,9
ASTRAZEN,2026-03-04 13:37:00,8597.5,8598.5,8597.5,8598.5,2
ASTRAZEN,2026-03-04 13:38:00,8598.5,8598.5,8590.0,8591.0,10
ASTRAZEN,2026-03-04 13:39:00,8591.0,8602.0,8591.0,8602.0,1
ASTRAZEN,2026-03-04 13:40:00,8602.0,8602.0,8602.0,8602.0,0
ASTRAZEN,2026-03-04 13:42:00,8604.5,8604.5,8604.5,8604.5,1
ASTRAZEN,2026-03-04 13:43:00,8595.0,8595.0,8595.0,8595.0,1
ASTRAZEN,2026-03-04 13:44:00,8595.0,8595.0,8595.0,8595.0,0
ASTRAZEN,2026-03-04 13:45:00,8595.0,8595.0,8595.0,8595.0,0
ASTRAZEN,2026-03-04 13:46:00,8595.0,8607.5,8580.5,8580.5,134
ASTRAZEN,2026-03-04 13:47:00,8580.5,8592.5,8580.5,8592.5,15
ASTRAZEN,2026-03-04 13:48:00,8592.5,8593.0,8590.0,8591.5,8
ASTRAZEN,2026-03-04 13:49:00,8591.5,8591.5,8591.5,8591.5,0
ASTRAZEN,2026-03-04 13:50:00,8591.5,8591.5,8591.5,8591.5,0
ASTRAZEN,2026-03-04 13:51:00,8591.5,8591.5,8591.5,8591.5,0
ASTRAZEN,2026-03-04 13:52:00,8589.5,8589.5,8588.5,8588.5,29
ASTRAZEN,2026-03-04 13:53:00,8588.5,8602.0,8588.5,8602.0,2
ASTRAZEN,2026-03-04 13:54:00,8602.0,8602.0,8602.0,8602.0,0
ASTRAZEN,2026-03-04 13:55:00,8593.0,8593.0,8593.0,8593.0,2
ASTRAZEN,2026-03-04 13:56:00,8593.0,8593.0,8593.0,8593.0,0
ASTRAZEN,2026-03-04 13:57:00,8593.0,8593.0,8593.0,8593.0,0
ASTRAZEN,2026-03-04 13:58:00,8601.5,8601.5,8601.5,8601.5,1
ASTRAZEN,2026-03-04 13:59:00,8601.5,8601.5,8601.5,8601.5,0
ASTRAZEN,2026-03-04 14:00:00,8601.5,8607.0,8599.5,8599.5,19
ASTRAZEN,2026-03-04 14:01:00,8599.5,8616.5,8599.5,8605.0,13
ASTRAZEN,2026-03-04 14:02:00,8605.0,8605.0,8605.0,8605.0,2
ASTRAZEN,2026-03-04 14:03:00,8601.5,8601.5,8596.5,8596.5,83
ASTRAZEN,2026-03-04 14:04:00,8596.5,8598.5,8596.5,8598.5,20
ASTRAZEN,2026-03-04 14:05:00,8598.5,8598.5,8598.5,8598.5,0
ASTRAZEN,2026-03-04 14:06:00,8601.5,8601.5,8587.5,8590.5,37
ASTRAZEN,2026-03-04 14:07:00,8592.5,8593.5,8592.5,8593.5,3
ASTRAZEN,2026-03-04 14:08:00,8593.5,8593.5,8593.5,8593.5,0
ASTRAZEN,2026-03-04 14:09:00,8593.5,8604.0,8593.5,8595.5,3
ASTRAZEN,2026-03-04 14:10:00,8595.5,8595.5,8595.5,8595.5,0
ASTRAZEN,2026-03-04 14:12:00,8595.5,8595.5,8595.5,8595.5,0
ASTRAZEN,2026-03-04 14:13:00,8604.5,8613.5,8596.0,8613.5,89
ASTRAZEN,2026-03-04 14:14:00,8623.0,8631.5,8600.5,8614.0,111
ASTRAZEN,2026-03-04 14:15:00,8614.0,8614.0,8596.0,8596.0,13
ASTRAZEN,2026-03-04 14:16:00,8596.0,8596.0,8596.0,8596.0,1
ASTRAZEN,2026-03-04 14:17:00,8596.0,8596.0,8596.0,8596.0,0
ASTRAZEN,2026-03-04 14:18:00,8596.0,8596.0,8596.0,8596.0,0
ASTRAZEN,2026-03-04 14:19:00,8596.0,8596.0,8596.0,8596.0,0
ASTRAZEN,2026-03-04 14:20:00,8596.0,8596.0,8596.0,8596.0,0
ASTRAZEN,2026-03-04 14:21:00,8592.5,8598.5,8592.5,8596.0,8
ASTRAZEN,2026-03-04 14:22:00,8596.0,8596.0,8596.0,8596.0,0
ASTRAZEN,2026-03-04 14:23:00,8596.0,8596.0,8596.0,8596.0,0
ASTRAZEN,2026-03-04 14:24:00,8596.0,8596.0,8596.0,8596.0,0
ASTRAZEN,2026-03-04 14:25:00,8592.5,8592.5,8582.5,8589.5,30
ASTRAZEN,2026-03-04 14:26:00,8591.5,8591.5,8582.5,8582.5,2
ASTRAZEN,2026-03-04 14:27:00,8582.5,8582.5,8582.5,8582.5,0
ASTRAZEN,2026-03-04 14:28:00,8582.5,8582.5,8582.5,8582.5,0
ASTRAZEN,2026-03-04 14:29:00,8582.5,8594.0,8582.5,8594.0,5
ASTRAZEN,2026-03-04 14:30:00,8594.0,8594.0,8594.0,8594.0,0
ASTRAZEN,2026-03-04 14:31:00,8594.0,8594.0,8594.0,8594.0,0
ASTRAZEN,2026-03-04 14:32:00,8594.0,8594.0,8594.0,8594.0,0
ASTRAZEN,2026-03-04 14:33:00,8594.0,8600.0,8594.0,8600.0,6
ASTRAZEN,2026-03-04 14:34:00,8596.0,8608.0,8596.0,8601.0,9
ASTRAZEN,2026-03-04 14:35:00,8601.0,8611.5,8601.0,8611.5,7
ASTRAZEN,2026-03-04 14:36:00,8603.5,8614.5,8603.5,8614.5,9
ASTRAZEN,2026-03-04 14:37:00,8614.5,8614.5,8611.5,8611.5,1
ASTRAZEN,2026-03-04 14:38:00,8611.5,8623.0,8603.0,8622.0,11
ASTRAZEN,2026-03-04 14:39:00,8622.0,8622.0,8612.0,8619.0,6
ASTRAZEN,2026-03-04 14:40:00,8620.0,8620.0,8620.0,8620.0,1
ASTRAZEN,2026-03-04 14:41:00,8620.0,8620.0,8620.0,8620.0,0
ASTRAZEN,2026-03-04 14:42:00,8620.0,8635.0,8620.0,8635.0,20
ASTRAZEN,2026-03-04 14:43:00,8635.0,8635.0,8630.5,8635.0,12
ASTRAZEN,2026-03-04 14:44:00,8635.0,8635.0,8615.5,8619.5,95
ASTRAZEN,2026-03-04 14:45:00,8619.5,8619.5,8619.5,8619.5,1
ASTRAZEN,2026-03-04 14:47:00,8619.5,8662.5,8619.5,8655.0,78
ASTRAZEN,2026-03-04 14:48:00,8655.0,8668.0,8655.0,8668.0,1
ASTRAZEN,2026-03-04 14:49:00,8668.0,8700.0,8668.0,8700.0,174
ASTRAZEN,2026-03-04 14:50:00,8700.0,8700.0,8700.0,8700.0,6
ASTRAZEN,2026-03-04 14:51:00,8700.0,8700.0,8700.0,8700.0,0
ASTRAZEN,2026-03-04 14:52:00,8700.0,8700.5,8700.0,8700.5,3
ASTRAZEN,2026-03-04 14:53:00,8700.5,8701.0,8700.5,8701.0,2
ASTRAZEN,2026-03-04 14:54:00,8701.0,8701.0,8701.0,8701.0,0
ASTRAZEN,2026-03-04 14:55:00,8701.0,8701.0,8700.0,8700.0,1
ASTRAZEN,2026-03-04 14:56:00,8700.0,8700.0,8700.0,8700.0,78
ASTRAZEN,2026-03-04 14:57:00,8700.0,8700.0,8700.0,8700.0,14
ASTRAZEN,2026-03-04 14:59:00,8700.0,8700.0,8700.0,8700.0,0
ASTRAZEN,2026-03-04 15:00:00,8711.0,8713.0,8700.0,8700.0,8
ASTRAZEN,2026-03-04 15:01:00,8700.0,8712.0,8700.0,8712.0,2
ASTRAZEN,2026-03-04 15:02:00,8712.0,8712.0,8700.0,8700.0,251
ASTRAZEN,2026-03-04 15:03:00,8700.0,8700.0,8700.0,8700.0,150
ASTRAZEN,2026-03-04 15:04:00,8700.0,8700.5,8700.0,8700.5,3
ASTRAZEN,2026-03-04 15:05:00,8700.0,8702.0,8700.0,8700.0,149
ASTRAZEN,2026-03-04 15:06:00,8700.0,8712.5,8700.0,8712.5,53
ASTRAZEN,2026-03-04 15:07:00,8712.5,8712.5,8701.5,8701.5,3
ASTRAZEN,2026-03-04 15:08:00,8712.5,8712.5,8700.5,8710.0,5
ASTRAZEN,2026-03-04 15:09:00,8710.0,8710.0,8700.0,8710.0,14
ASTRAZEN,2026-03-04 15:10:00,8710.0,8710.5,8700.0,8700.0,30
ASTRAZEN,2026-03-04 15:11:00,8700.0,8720.0,8700.0,8720.0,83
ASTRAZEN,2026-03-04 15:12:00,8703.5,8715.5,8700.0,8714.5,30
ASTRAZEN,2026-03-04 15:13:00,8714.5,8714.5,8701.0,8713.0,5
ASTRAZEN,2026-03-04 15:14:00,8713.0,8713.0,8701.5,8712.0,13
ASTRAZEN,2026-03-04 15:15:00,8712.0,8712.0,8701.5,8702.5,73
ASTRAZEN,2026-03-04 15:16:00,8702.5,8703.0,8702.0,8702.5,17
ASTRAZEN,2026-03-04 15:17:00,8702.5,8703.5,8702.5,8703.5,72
ASTRAZEN,2026-03-04 15:18:00,8703.5,8704.5,8703.0,8703.5,11
ASTRAZEN,2026-03-04 15:19:00,8710.5,8712.0,8703.0,8712.0,7
ASTRAZEN,2026-03-04 15:20:00,8712.0,8712.0,8700.5,8700.5,14
ASTRAZEN,2026-03-04 15:21:00,8700.5,8711.0,8700.5,8711.0,6
ASTRAZEN,2026-03-04 15:22:00,8711.0,8711.0,8693.0,8700.5,17
ASTRAZEN,2026-03-04 15:23:00,8700.5,8707.5,8700.0,8703.5,27
ASTRAZEN,2026-03-04 15:24:00,8703.5,8703.5,8700.0,8701.5,39
ASTRAZEN,2026-03-04 15:25:00,8701.5,8701.5,8700.0,8700.0,37
ASTRAZEN,2026-03-04 15:26:00,8700.5,8700.5,8700.0,8700.5,90
ASTRAZEN,2026-03-04 15:27:00,8700.0,8700.0,8700.0,8700.0,55
ASTRAZEN,2026-03-04 15:28:00,8700.5,8700.5,8700.0,8700.0,37
ASTRAZEN,2026-03-04 15:29:00,8700.0,8708.0,8700.0,8708.0,63
ASTRAZEN,2026-03-05 09:15:00,8790.0,8790.0,8778.0,8778.0,1
ASTRAZEN,2026-03-05 09:16:00,8778.0,8778.0,8777.5,8777.5,1
ASTRAZEN,2026-03-05 09:17:00,8777.5,8777.5,8777.0,8777.5,2
ASTRAZEN,2026-03-05 09:18:00,8713.0,8737.0,8712.5,8737.0,28
ASTRAZEN,2026-03-05 09:19:00,8714.0,8714.0,8694.0,8694.0,37
ASTRAZEN,2026-03-05 09:20:00,8694.0,8744.5,8691.0,8691.0,18
ASTRAZEN,2026-03-05 09:21:00,8744.5,8744.5,8744.5,8744.5,0
ASTRAZEN,2026-03-05 09:22:00,8744.5,8744.5,8744.5,8744.5,0
ASTRAZEN,2026-03-05 09:23:00,8744.5,8744.5,8744.5,8744.5,0
ASTRAZEN,2026-03-05 09:24:00,8744.5,8744.5,8744.5,8744.5,0
ASTRAZEN,2026-03-05 09:25:00,8741.0,8741.0,8739.5,8739.5,19
ASTRAZEN,2026-03-05 09:26:00,8739.5,8739.5,8739.5,8739.5,0
ASTRAZEN,2026-03-05 09:27:00,8739.5,8739.5,8739.5,8739.5,0
ASTRAZEN,2026-03-05 09:28:00,8717.0,8717.0,8702.0,8702.0,5
ASTRAZEN,2026-03-05 09:29:00,8702.0,8714.0,8695.5,8714.0,7
ASTRAZEN,2026-03-05 09:30:00,8714.0,8722.5,8714.0,8722.5,34
ASTRAZEN,2026-03-05 09:31:00,8722.5,8727.5,8722.5,8727.5,4
ASTRAZEN,2026-03-05 09:32:00,8727.5,8727.5,8727.5,8727.5,0
ASTRAZEN,2026-03-05 09:33:00,8727.5,8727.5,8727.5,8727.5,0
ASTRAZEN,2026-03-05 09:34:00,8727.5,8727.5,8680.5,8690.0,77
ASTRAZEN,2026-03-05 09:35:00,8671.0,8701.0,8671.0,8701.0,4
ASTRAZEN,2026-03-05 09:36:00,8701.0,8701.0,8694.5,8694.5,21
ASTRAZEN,2026-03-05 09:37:00,8694.5,8705.0,8694.5,8705.0,7
ASTRAZEN,2026-03-05 09:38:00,8705.0,8709.0,8705.0,8709.0,5
ASTRAZEN,2026-03-05 09:39:00,8709.0,8709.0,8681.5,8703.5,14
ASTRAZEN,2026-03-05 09:41:00,8703.5,8703.5,8696.0,8696.0,1
ASTRAZEN,2026-03-05 09:42:00,8696.0,8696.0,8696.0,8696.0,0
ASTRAZEN,2026-03-05 09:43:00,8696.0,8696.0,8696.0,8696.0,0
ASTRAZEN,2026-03-05 09:44:00,8696.0,8696.0,8696.0,8696.0,0
ASTRAZEN,2026-03-05 09:45:00,8696.0,8696.0,8696.0,8696.0,0
ASTRAZEN,2026-03-05 09:46:00,8716.0,8716.0,8716.0,8716.0,1
ASTRAZEN,2026-03-05 09:48:00,8716.0,8716.0,8716.0,8716.0,0
ASTRAZEN,2026-03-05 09:49:00,8697.5,8697.5,8696.0,8696.0,7
ASTRAZEN,2026-03-05 09:50:00,8715.5,8715.5,8715.5,8715.5,2
ASTRAZEN,2026-03-05 09:51:00,8715.5,8715.5,8715.5,8715.5,0
ASTRAZEN,2026-03-05 09:52:00,8715.5,8715.5,8715.5,8715.5,0
ASTRAZEN,2026-03-05 09:53:00,8715.5,8715.5,8715.5,8715.5,0
ASTRAZEN,2026-03-05 09:54:00,8680.0,8680.0,8680.0,8680.0,105
ASTRAZEN,2026-03-05 09:55:00,8680.0,8692.0,8680.0,8692.0,2
ASTRAZEN,2026-03-05 09:56:00,8692.0,8692.0,8690.0,8690.0,2
ASTRAZEN,2026-03-05 09:57:00,8690.0,8690.0,8690.0,8690.0,2
ASTRAZEN,2026-03-05 09:58:00,8690.0,8690.0,8689.0,8689.0,26
ASTRAZEN,2026-03-05 10:00:00,8689.0,8689.0,8689.0,8689.0,0
ASTRAZEN,2026-03-05 10:01:00,8689.0,8690.5,8689.0,8690.5,4
ASTRAZEN,2026-03-05 10:02:00,8690.5,8690.5,8690.5,8690.5,0
ASTRAZEN,2026-03-05 10:04:00,8690.5,8690.5,8690.5,8690.5,0
ASTRAZEN,2026-03-05 10:07:00,8690.5,8690.5,8690.5,8690.5,10
ASTRAZEN,2026-03-05 10:08:00,8690.5,8690.5,8690.5,8690.5,0
ASTRAZEN,2026-03-05 10:09:00,8690.5,8699.5,8690.5,8699.5,1
ASTRAZEN,2026-03-05 10:10:00,8699.5,8699.5,8699.5,8699.5,0
ASTRAZEN,2026-03-05 10:11:00,8699.5,8699.5,8699.5,8699.5,0
ASTRAZEN,2026-03-05 10:12:00,8699.5,8699.5,8699.5,8699.5,0
ASTRAZEN,2026-03-05 10:15:00,8699.5,8700.5,8699.5,8700.5,2
ASTRAZEN,2026-03-05 10:16:00,8700.5,8700.5,8700.5,8700.5,0
ASTRAZEN,2026-03-05 10:17:00,8696.0,8696.0,8676.0,8676.0,2
ASTRAZEN,2026-03-05 10:18:00,8676.0,8676.0,8668.0,8668.0,106
ASTRAZEN,2026-03-05 10:19:00,8668.0,8668.0,8666.5,8666.5,1
ASTRAZEN,2026-03-05 10:20:00,8666.5,8666.5,8650.0,8650.0,20
ASTRAZEN,2026-03-05 10:21:00,8650.0,8650.0,8642.0,8642.0,2
ASTRAZEN,2026-03-05 10:22:00,8634.0,8654.5,8634.0,8654.5,38
ASTRAZEN,2026-03-05 10:23:00,8664.0,8664.0,8625.5,8627.5,414
ASTRAZEN,2026-03-05 10:24:00,8627.5,8627.5,8623.5,8623.5,1
ASTRAZEN,2026-03-05 10:25:00,8623.5,8623.5,8623.5,8623.5,0
ASTRAZEN,2026-03-05 10:26:00,8623.5,8623.5,8620.0,8620.0,45
ASTRAZEN,2026-03-05 10:27:00,8620.0,8620.0,8620.0,8620.0,0
ASTRAZEN,2026-03-05 10:28:00,8607.0,8607.0,8607.0,8607.0,1
ASTRAZEN,2026-03-05 10:29:00,8607.0,8619.5,8607.0,8619.0,4
ASTRAZEN,2026-03-05 10:30:00,8619.0,8619.0,8619.0,8619.0,1
ASTRAZEN,2026-03-05 10:31:00,8619.0,8619.0,8619.0,8619.0,0
ASTRAZEN,2026-03-05 10:32:00,8619.0,8619.0,8619.0,8619.0,0
ASTRAZEN,2026-03-05 10:33:00,8619.0,8619.0,8618.5,8618.5,1
ASTRAZEN,2026-03-05 10:34:00,8618.5,8618.5,8615.0,8615.0,25
ASTRAZEN,2026-03-05 10:35:00,8615.0,8618.0,8615.0,8618.0,2
ASTRAZEN,2026-03-05 10:36:00,8609.0,8619.5,8609.0,8619.5,3
ASTRAZEN,2026-03-05 10:37:00,8611.0,8611.0,8611.0,8611.0,3
ASTRAZEN,2026-03-05 10:38:00,8611.0,8611.0,8611.0,8611.0,0
ASTRAZEN,2026-03-05 10:39:00,8611.0,8621.5,8611.0,8621.5,1
ASTRAZEN,2026-03-05 10:40:00,8621.5,8621.5,8600.0,8600.0,1
ASTRAZEN,2026-03-05 10:41:00,8600.0,8606.5,8600.0,8606.5,71
ASTRAZEN,2026-03-05 10:42:00,8606.5,8606.5,8606.5,8606.5,6
ASTRAZEN,2026-03-05 10:43:00,8613.5,8613.5,8613.5,8613.5,2
ASTRAZEN,2026-03-05 10:44:00,8613.5,8613.5,8611.5,8611.5,12
ASTRAZEN,2026-03-05 10:45:00,8611.5,8611.5,8611.5,8611.5,0
ASTRAZEN,2026-03-05 10:46:00,8611.5,8611.5,8611.5,8611.5,0
ASTRAZEN,2026-03-05 10:48:00,8611.5,8611.5,8611.5,8611.5,0
ASTRAZEN,2026-03-05 10:49:00,8611.0,8611.0,8611.0,8611.0,4
ASTRAZEN,2026-03-05 10:51:00,8611.0,8613.0,8611.0,8613.0,1
ASTRAZEN,2026-03-05 10:52:00,8613.0,8614.0,8613.0,8614.0,1
ASTRAZEN,2026-03-05 10:54:00,8614.5,8614.5,8614.5,8614.5,1
ASTRAZEN,2026-03-05 10:55:00,8614.5,8614.5,8614.5,8614.5,0
ASTRAZEN,2026-03-05 10:56:00,8614.5,8614.5,8614.5,8614.5,0
ASTRAZEN,2026-03-05 10:58:00,8614.5,8614.5,8614.5,8614.5,0
ASTRAZEN,2026-03-05 10:59:00,8614.5,8614.5,8614.5,8614.5,0
ASTRAZEN,2026-03-05 11:00:00,8614.5,8618.5,8614.5,8618.5,16
ASTRAZEN,2026-03-05 11:01:00,8600.0,8617.5,8600.0,8612.0,372
ASTRAZEN,2026-03-05 11:02:00,8612.0,8612.0,8609.5,8609.5,3
ASTRAZEN,2026-03-05 11:03:00,8599.5,8600.0,8599.5,8600.0,11
ASTRAZEN,2026-03-05 11:04:00,8600.0,8600.0,8600.0,8600.0,0
ASTRAZEN,2026-03-05 11:05:00,8600.0,8600.0,8600.0,8600.0,0
ASTRAZEN,2026-03-05 11:06:00,8600.0,8600.0,8600.0,8600.0,0
ASTRAZEN,2026-03-05 11:07:00,8600.0,8600.0,8600.0,8600.0,0
ASTRAZEN,2026-03-05 11:08:00,8610.0,8612.0,8610.0,8612.0,6
ASTRAZEN,2026-03-05 11:09:00,8612.0,8612.0,8612.0,8612.0,2
ASTRAZEN,2026-03-05 11:10:00,8610.0,8610.0,8610.0,8610.0,1
ASTRAZEN,2026-03-05 11:11:00,8610.0,8610.0,8602.0,8602.0,35
ASTRAZEN,2026-03-05 11:12:00,8602.0,8602.0,8602.0,8602.0,0
ASTRAZEN,2026-03-05 11:13:00,8602.0,8602.0,8602.0,8602.0,0
ASTRAZEN,2026-03-05 11:14:00,8602.0,8602.0,8595.0,8595.0,37
ASTRAZEN,2026-03-05 11:15:00,8595.0,8595.0,8595.0,8595.0,0
ASTRAZEN,2026-03-05 11:16:00,8595.0,8595.0,8595.0,8595.0,0
ASTRAZEN,2026-03-05 11:17:00,8595.0,8595.0,8595.0,8595.0,0
ASTRAZEN,2026-03-05 11:18:00,8595.0,8595.0,8595.0,8595.0,0
ASTRAZEN,2026-03-05 11:19:00,8587.0,8587.0,8560.0,8560.0,300
ASTRAZEN,2026-03-05 11:20:00,8560.0,8560.0,8550.0,8550.0,3
ASTRAZEN,2026-03-05 11:21:00,8550.0,8550.0,8545.0,8549.5,19
ASTRAZEN,2026-03-05 11:22:00,8549.5,8549.5,8538.0,8546.0,3
ASTRAZEN,2026-03-05 11:23:00,8546.0,8546.0,8546.0,8546.0,0
ASTRAZEN,2026-03-05 11:24:00,8546.0,8546.5,8546.0,8546.5,18
ASTRAZEN,2026-03-05 11:25:00,8546.0,8546.0,8542.5,8542.5,7
ASTRAZEN,2026-03-05 11:26:00,8542.5,8542.5,8525.5,8525.5,22
ASTRAZEN,2026-03-05 11:27:00,8520.0,8524.5,8510.0,8524.5,26
ASTRAZEN,2026-03-05 11:28:00,8520.5,8567.0,8520.5,8554.0,446
ASTRAZEN,2026-03-05 11:29:00,8554.0,8554.5,8554.0,8554.5,3
ASTRAZEN,2026-03-05 11:30:00,8554.5,8554.5,8543.0,8543.0,1
ASTRAZEN,2026-03-05 11:31:00,8543.0,8543.0,8543.0,8543.0,0
ASTRAZEN,2026-03-05 11:32:00,8543.0,8557.5,8543.0,8557.5,21
ASTRAZEN,2026-03-05 11:33:00,8557.5,8566.0,8557.5,8562.0,22
ASTRAZEN,2026-03-05 11:34:00,8562.0,8562.0,8562.0,8562.0,0
ASTRAZEN,2026-03-05 11:35:00,8562.0,8562.0,8562.0,8562.0,0
ASTRAZEN,2026-03-05 11:36:00,8562.0,8562.0,8562.0,8562.0,0
ASTRAZEN,2026-03-05 11:37:00,8562.0,8562.0,8555.0,8555.0,3
ASTRAZEN,2026-03-05 11:38:00,8555.0,8555.0,8555.0,8555.0,0
ASTRAZEN,2026-03-05 11:39:00,8555.0,8558.0,8550.5,8550.5,17
ASTRAZEN,2026-03-05 11:40:00,8550.5,8550.5,8550.5,8550.5,0
ASTRAZEN,2026-03-05 11:41:00,8550.5,8550.5,8550.5,8550.5,0
ASTRAZEN,2026-03-05 11:42:00,8550.5,8550.5,8550.5,8550.5,0
ASTRAZEN,2026-03-05 11:43:00,8550.5,8550.5,8550.5,8550.5,0
ASTRAZEN,2026-03-05 11:44:00,8550.5,8550.5,8550.5,8550.5,0
ASTRAZEN,2026-03-05 11:45:00,8550.5,8550.5,8550.5,8550.5,0
ASTRAZEN,2026-03-05 11:46:00,8550.5,8562.0,8550.5,8562.0,3
ASTRAZEN,2026-03-05 11:47:00,8562.0,8562.0,8562.0,8562.0,9
ASTRAZEN,2026-03-05 11:48:00,8562.0,8565.5,8557.5,8565.0,6
ASTRAZEN,2026-03-05 11:49:00,8565.0,8565.0,8565.0,8565.0,0
ASTRAZEN,2026-03-05 11:50:00,8565.0,8565.0,8565.0,8565.0,0
ASTRAZEN,2026-03-05 11:51:00,8565.0,8565.0,8565.0,8565.0,13
ASTRAZEN,2026-03-05 11:52:00,8565.0,8565.0,8565.0,8565.0,0
ASTRAZEN,2026-03-05 11:53:00,8565.0,8569.5,8565.0,8568.0,5
ASTRAZEN,2026-03-05 11:54:00,8568.0,8568.0,8545.5,8545.5,57
ASTRAZEN,2026-03-05 11:55:00,8545.5,8545.5,8545.5,8545.5,1
ASTRAZEN,2026-03-05 11:56:00,8545.5,8545.5,8545.5,8545.5,3
ASTRAZEN,2026-03-05 11:57:00,8545.5,8545.5,8530.5,8539.5,3
ASTRAZEN,2026-03-05 11:58:00,8539.5,8539.5,8530.0,8532.0,41
ASTRAZEN,2026-03-05 11:59:00,8532.0,8532.0,8532.0,8532.0,1
ASTRAZEN,2026-03-05 12:00:00,8532.0,8532.0,8520.0,8530.0,58
ASTRAZEN,2026-03-05 12:01:00,8534.5,8534.5,8531.0,8531.0,2
ASTRAZEN,2026-03-05 12:02:00,8531.0,8532.0,8530.5,8532.0,19
ASTRAZEN,2026-03-05 12:03:00,8532.0,8546.5,8532.0,8546.5,138
ASTRAZEN,2026-03-05 12:04:00,8540.0,8540.0,8540.0,8540.0,21
ASTRAZEN,2026-03-05 12:05:00,8540.0,8540.5,8540.0,8540.5,4
ASTRAZEN,2026-03-05 12:06:00,8540.5,8540.5,8540.0,8540.0,1
ASTRAZEN,2026-03-05 12:07:00,8540.0,8540.0,8533.0,8533.0,15
ASTRAZEN,2026-03-05 12:08:00,8533.0,8567.5,8533.0,8567.5,46
ASTRAZEN,2026-03-05 12:09:00,8567.5,8570.5,8557.5,8562.0,41
ASTRAZEN,2026-03-05 12:10:00,8562.0,8567.5,8553.0,8567.0,21
ASTRAZEN,2026-03-05 12:11:00,8567.0,8567.0,8551.5,8566.5,12
ASTRAZEN,2026-03-05 12:12:00,8566.5,8568.0,8553.0,8553.0,5
ASTRAZEN,2026-03-05 12:13:00,8553.0,8553.0,8548.5,8548.5,2
ASTRAZEN,2026-03-05 12:14:00,8548.5,8558.5,8547.0,8547.0,9
ASTRAZEN,2026-03-05 12:15:00,8547.0,8558.0,8547.0,8558.0,4
ASTRAZEN,2026-03-05 12:16:00,8558.0,8558.0,8558.0,8558.0,0
ASTRAZEN,2026-03-05 12:17:00,8558.0,8558.0,8558.0,8558.0,0
ASTRAZEN,2026-03-05 12:18:00,8558.0,8558.0,8558.0,8558.0,0
ASTRAZEN,2026-03-05 12:19:00,8558.0,8558.0,8558.0,8558.0,0
ASTRAZEN,2026-03-05 12:20:00,8558.0,8558.0,8558.0,8558.0,0
ASTRAZEN,2026-03-05 12:21:00,8558.0,8558.0,8543.0,8543.0,12
ASTRAZEN,2026-03-05 12:22:00,8543.0,8543.0,8543.0,8543.0,0
ASTRAZEN,2026-03-05 12:23:00,8543.0,8543.0,8543.0,8543.0,0
ASTRAZEN,2026-03-05 12:24:00,8543.0,8558.0,8543.0,8558.0,13
ASTRAZEN,2026-03-05 12:25:00,8558.0,8558.0,8558.0,8558.0,0
ASTRAZEN,2026-03-05 12:26:00,8558.0,8558.0,8558.0,8558.0,0
ASTRAZEN,2026-03-05 12:27:00,8558.0,8561.0,8558.0,8561.0,24
ASTRAZEN,2026-03-05 12:28:00,8561.0,8561.0,8561.0,8561.0,0
ASTRAZEN,2026-03-05 12:29:00,8561.0,8561.0,8556.0,8556.0,6
ASTRAZEN,2026-03-05 12:30:00,8556.0,8564.5,8556.0,8564.5,2
ASTRAZEN,2026-03-05 12:31:00,8564.5,8564.5,8547.0,8547.0,27
ASTRAZEN,2026-03-05 12:32:00,8547.0,8569.5,8547.0,8557.5,77
ASTRAZEN,2026-03-05 12:33:00,8557.5,8599.0,8557.5,8557.5,138
ASTRAZEN,2026-03-05 12:34:00,8557.5,8560.5,8543.5,8559.5,36
ASTRAZEN,2026-03-05 12:35:00,8559.5,8563.0,8546.0,8559.0,36
ASTRAZEN,2026-03-05 12:36:00,8559.0,8574.5,8550.5,8574.5,79
ASTRAZEN,2026-03-05 12:37:00,8574.5,8574.5,8549.5,8549.5,24
ASTRAZEN,2026-03-05 12:38:00,8549.5,8550.0,8549.5,8550.0,2
ASTRAZEN,2026-03-05 12:39:00,8550.0,8550.0,8550.0,8550.0,0
ASTRAZEN,2026-03-05 12:40:00,8550.0,8550.0,8550.0,8550.0,0
ASTRAZEN,2026-03-05 12:41:00,8550.0,8579.0,8550.0,8556.0,60
ASTRAZEN,2026-03-05 12:42:00,8551.0,8573.5,8550.0,8569.5,31
ASTRAZEN,2026-03-05 12:43:00,8569.5,8569.5,8550.0,8550.0,15
ASTRAZEN,2026-03-05 12:44:00,8550.0,8564.5,8550.0,8551.0,10
ASTRAZEN,2026-03-05 12:45:00,8551.0,8569.5,8551.0,8554.5,15
ASTRAZEN,2026-03-05 12:46:00,8554.5,8569.5,8552.5,8552.5,12
ASTRAZEN,2026-03-05 12:47:00,8552.5,8553.5,8552.5,8553.5,2
ASTRAZEN,2026-03-05 12:48:00,8552.5,8552.5,8552.5,8552.5,1
ASTRAZEN,2026-03-05 12:49:00,8552.5,8552.5,8552.5,8552.5,0
ASTRAZEN,2026-03-05 12:50:00,8552.5,8552.5,8552.5,8552.5,0
ASTRAZEN,2026-03-05 12:51:00,8552.5,8564.5,8543.0,8549.0,40
ASTRAZEN,2026-03-05 12:52:00,8549.0,8564.5,8545.5,8564.5,35
ASTRAZEN,2026-03-05 12:53:00,8564.5,8564.5,8550.0,8551.0,105
ASTRAZEN,2026-03-05 12:54:00,8552.0,8572.0,8552.0,8570.0,177
ASTRAZEN,2026-03-05 12:55:00,8570.0,8572.0,8562.0,8571.5,178
ASTRAZEN,2026-03-05 12:56:00,8569.5,8569.5,8551.0,8552.5,17
ASTRAZEN,2026-03-05 12:57:00,8552.5,8556.0,8552.5,8553.0,14
ASTRAZEN,2026-03-05 12:58:00,8553.0,8553.0,8545.0,8545.0,15
ASTRAZEN,2026-03-05 12:59:00,8545.0,8555.5,8542.0,8543.0,20
ASTRAZEN,2026-03-05 13:00:00,8543.0,8549.5,8542.5,8543.0,66
ASTRAZEN,2026-03-05 13:01:00,8543.0,8543.0,8543.0,8543.0,7
ASTRAZEN,2026-03-05 13:02:00,8543.0,8556.0,8543.0,8548.0,2
ASTRAZEN,2026-03-05 13:03:00,8548.0,8548.0,8548.0,8548.0,0
ASTRAZEN,2026-03-05 13:04:00,8548.0,8574.0,8548.0,8574.0,154
ASTRAZEN,2026-03-05 13:05:00,8574.0,8574.0,8560.0,8560.0,15
ASTRAZEN,2026-03-05 13:06:00,8560.0,8571.5,8559.0,8571.5,16
ASTRAZEN,2026-03-05 13:07:00,8571.5,8571.5,8553.5,8553.5,308
ASTRAZEN,2026-03-05 13:08:00,8553.5,8567.5,8550.5,8567.5,19
ASTRAZEN,2026-03-05 13:09:00,8567.5,8568.5,8550.5,8550.5,17
ASTRAZEN,2026-03-05 13:10:00,8550.5,8550.5,8548.0,8548.0,16
ASTRAZEN,2026-03-05 13:11:00,8548.0,8550.5,8548.0,8550.5,16
ASTRAZEN,2026-03-05 13:12:00,8550.5,8550.5,8530.0,8530.0,59
ASTRAZEN,2026-03-05 13:13:00,8530.0,8542.0,8530.0,8531.0,8
ASTRAZEN,2026-03-05 13:14:00,8531.0,8531.0,8531.0,8531.0,0
ASTRAZEN,2026-03-05 13:15:00,8531.0,8531.0,8531.0,8531.0,0
ASTRAZEN,2026-03-05 13:16:00,8544.0,8544.0,8544.0,8544.0,1
ASTRAZEN,2026-03-05 13:18:00,8544.0,8544.0,8530.0,8530.0,18
ASTRAZEN,2026-03-05 13:19:00,8525.0,8535.5,8511.0,8511.0,65
ASTRAZEN,2026-03-05 13:20:00,8511.0,8512.0,8511.0,8512.0,14
ASTRAZEN,2026-03-05 13:21:00,8512.0,8512.0,8512.0,8512.0,0
ASTRAZEN,2026-03-05 13:22:00,8512.0,8512.0,8512.0,8512.0,0
ASTRAZEN,2026-03-05 13:23:00,8512.0,8512.0,8512.0,8512.0,0
ASTRAZEN,2026-03-05 13:24:00,8512.0,8512.0,8511.0,8511.0,48
ASTRAZEN,2026-03-05 13:25:00,8511.0,8542.0,8503.0,8526.5,257
ASTRAZEN,2026-03-05 13:26:00,8526.5,8542.0,8526.5,8537.5,24
ASTRAZEN,2026-03-05 13:27:00,8537.5,8557.0,8537.5,8557.0,807
ASTRAZEN,2026-03-05 13:28:00,8566.0,8566.0,8543.5,8543.5,118
ASTRAZEN,2026-03-05 13:29:00,8543.5,8552.0,8541.5,8541.5,18
ASTRAZEN,2026-03-05 13:30:00,8541.5,8548.5,8541.5,8544.0,17
ASTRAZEN,2026-03-05 13:31:00,8544.0,8556.5,8544.0,8551.0,19
ASTRAZEN,2026-03-05 13:32:00,8551.0,8572.5,8551.0,8551.0,23
ASTRAZEN,2026-03-05 13:33:00,8551.0,8553.0,8542.5,8542.5,20
ASTRAZEN,2026-03-05 13:34:00,8554.5,8561.0,8541.5,8561.0,20
ASTRAZEN,2026-03-05 13:35:00,8561.0,8561.0,8542.5,8542.5,19
ASTRAZEN,2026-03-05 13:36:00,8542.5,8550.0,8538.5,8550.0,18
ASTRAZEN,2026-03-05 13:37:00,8550.0,8550.0,8543.0,8548.5,26
ASTRAZEN,2026-03-05 13:38:00,8548.5,8551.0,8546.0,8550.0,18
ASTRAZEN,2026-03-05 13:39:00,8550.0,8571.5,8550.0,8554.5,57
ASTRAZEN,2026-03-05 13:40:00,8554.5,8554.5,8545.0,8546.0,18
ASTRAZEN,2026-03-05 13:41:00,8546.0,8548.5,8546.0,8548.5,18
ASTRAZEN,2026-03-05 13:42:00,8548.5,8552.0,8548.5,8552.0,3
ASTRAZEN,2026-03-05 13:43:00,8552.0,8552.0,8552.0,8552.0,0
ASTRAZEN,2026-03-05 13:44:00,8552.0,8552.0,8538.0,8545.5,120
ASTRAZEN,2026-03-05 13:45:00,8550.0,8550.0,8543.0,8543.0,9
ASTRAZEN,2026-03-05 13:46:00,8543.0,8543.0,8543.0,8543.0,0
ASTRAZEN,2026-03-05 13:49:00,8565.0,8565.0,8552.5,8552.5,82
ASTRAZEN,2026-03-05 13:50:00,8552.5,8554.0,8549.0,8549.0,8
ASTRAZEN,2026-03-05 13:51:00,8549.0,8549.0,8549.0,8549.0,0
ASTRAZEN,2026-03-05 13:52:00,8549.0,8549.0,8549.0,8549.0,0
ASTRAZEN,2026-03-05 13:53:00,8549.0,8549.0,8549.0,8549.0,0
ASTRAZEN,2026-03-05 13:54:00,8549.0,8549.0,8549.0,8549.0,0
ASTRAZEN,2026-03-05 13:55:00,8549.0,8549.0,8549.0,8549.0,0
ASTRAZEN,2026-03-05 13:56:00,8549.0,8549.0,8549.0,8549.0,0
ASTRAZEN,2026-03-05 13:57:00,8560.0,8560.0,8560.0,8560.0,1
ASTRAZEN,2026-03-05 13:58:00,8560.0,8560.0,8547.0,8549.5,4
ASTRAZEN,2026-03-05 13:59:00,8559.0,8565.0,8550.5,8565.0,18
ASTRAZEN,2026-03-05 14:00:00,8565.0,8565.0,8547.5,8547.5,13
ASTRAZEN,2026-03-05 14:01:00,8547.5,8550.0,8547.5,8550.0,2
ASTRAZEN,2026-03-05 14:02:00,8561.5,8561.5,8550.0,8550.0,4
ASTRAZEN,2026-03-05 14:03:00,8550.0,8563.0,8550.0,8563.0,1
ASTRAZEN,2026-03-05 14:04:00,8563.0,8563.0,8563.0,8563.0,0
ASTRAZEN,2026-03-05 14:06:00,8563.0,8563.0,8563.0,8563.0,0
ASTRAZEN,2026-03-05 14:07:00,8563.0,8574.0,8563.0,8574.0,40
ASTRAZEN,2026-03-05 14:08:00,8556.0,8556.0,8552.5,8552.5,35
ASTRAZEN,2026-03-05 14:09:00,8552.5,8552.5,8543.5,8543.5,7
ASTRAZEN,2026-03-05 14:10:00,8543.5,8543.5,8543.5,8543.5,0
ASTRAZEN,2026-03-05 14:11:00,8543.5,8543.5,8543.5,8543.5,4
ASTRAZEN,2026-03-05 14:12:00,8543.5,8560.5,8543.5,8557.0,12
ASTRAZEN,2026-03-05 14:13:00,8557.0,8557.0,8557.0,8557.0,0
ASTRAZEN,2026-03-05 14:14:00,8557.0,8557.0,8557.0,8557.0,0
ASTRAZEN,2026-03-05 14:15:00,8560.0,8560.0,8557.0,8557.0,4
ASTRAZEN,2026-03-05 14:16:00,8559.0,8560.5,8559.0,8560.5,2
ASTRAZEN,2026-03-05 14:17:00,8570.0,8570.0,8559.5,8559.5,24
ASTRAZEN,2026-03-05 14:18:00,8559.5,8571.5,8559.5,8571.5,6
ASTRAZEN,2026-03-05 14:19:00,8560.0,8560.0,8555.0,8555.0,5
ASTRAZEN,2026-03-05 14:20:00,8555.0,8555.0,8555.0,8555.0,0
ASTRAZEN,2026-03-05 14:21:00,8555.0,8555.0,8555.0,8555.0,0
ASTRAZEN,2026-03-05 14:22:00,8555.0,8555.0,8555.0,8555.0,0
ASTRAZEN,2026-03-05 14:23:00,8555.0,8555.0,8555.0,8555.0,0
ASTRAZEN,2026-03-05 14:25:00,8552.5,8559.0,8552.5,8559.0,19
ASTRAZEN,2026-03-05 14:26:00,8559.0,8559.0,8559.0,8559.0,0
ASTRAZEN,2026-03-05 14:27:00,8559.0,8559.0,8559.0,8559.0,0
ASTRAZEN,2026-03-05 14:28:00,8557.0,8559.0,8555.0,8555.0,10
ASTRAZEN,2026-03-05 14:29:00,8568.5,8568.5,8554.0,8567.5,3
ASTRAZEN,2026-03-05 14:30:00,8567.5,8567.5,8558.5,8558.5,1
ASTRAZEN,2026-03-05 14:31:00,8554.0,8554.0,8554.0,8554.0,3
ASTRAZEN,2026-03-05 14:32:00,8554.0,8554.0,8554.0,8554.0,0
ASTRAZEN,2026-03-05 14:33:00,8554.0,8560.0,8554.0,8560.0,7
ASTRAZEN,2026-03-05 14:34:00,8560.0,8560.0,8560.0,8560.0,1
ASTRAZEN,2026-03-05 14:35:00,8560.0,8567.5,8560.0,8567.5,1
ASTRAZEN,2026-03-05 14:36:00,8567.5,8567.5,8567.5,8567.5,0
ASTRAZEN,2026-03-05 14:37:00,8567.5,8567.5,8567.5,8567.5,0
ASTRAZEN,2026-03-05 14:38:00,8567.5,8567.5,8567.5,8567.5,0
ASTRAZEN,2026-03-05 14:40:00,8567.5,8567.5,8567.5,8567.5,0
ASTRAZEN,2026-03-05 14:41:00,8567.5,8567.5,8567.5,8567.5,1
ASTRAZEN,2026-03-05 14:42:00,8567.5,8567.5,8567.5,8567.5,0
ASTRAZEN,2026-03-05 14:43:00,8567.5,8567.5,8567.5,8567.5,0
ASTRAZEN,2026-03-05 14:44:00,8567.5,8567.5,8567.5,8567.5,0
ASTRAZEN,2026-03-05 14:45:00,8567.5,8567.5,8567.5,8567.5,0
ASTRAZEN,2026-03-05 14:46:00,8567.5,8567.5,8567.5,8567.5,0
ASTRAZEN,2026-03-05 14:47:00,8567.5,8567.5,8567.5,8567.5,0
ASTRAZEN,2026-03-05 14:48:00,8556.0,8556.0,8556.0,8556.0,1
ASTRAZEN,2026-03-05 14:49:00,8556.0,8556.0,8555.0,8555.0,1
ASTRAZEN,2026-03-05 14:50:00,8555.0,8555.0,8555.0,8555.0,0
ASTRAZEN,2026-03-05 14:51:00,8555.0,8555.0,8555.0,8555.0,0
ASTRAZEN,2026-03-05 14:52:00,8567.0,8569.5,8567.0,8569.5,78
ASTRAZEN,2026-03-05 14:53:00,8569.5,8619.0,8569.5,8619.0,55
ASTRAZEN,2026-03-05 14:54:00,8619.0,8620.5,8619.0,8620.5,40
ASTRAZEN,2026-03-05 14:55:00,8620.5,8620.5,8606.5,8606.5,10
ASTRAZEN,2026-03-05 14:56:00,8620.0,8620.0,8614.5,8615.5,4
ASTRAZEN,2026-03-05 14:57:00,8615.5,8615.5,8615.5,8615.5,54
ASTRAZEN,2026-03-05 14:58:00,8615.5,8619.0,8615.5,8619.0,4
ASTRAZEN,2026-03-05 14:59:00,8619.0,8619.0,8619.0,8619.0,0
ASTRAZEN,2026-03-05 15:00:00,8618.0,8621.5,8608.0,8621.5,8
ASTRAZEN,2026-03-05 15:01:00,8621.5,8643.5,8621.5,8643.5,124
ASTRAZEN,2026-03-05 15:02:00,8643.5,8645.0,8626.5,8626.5,18
ASTRAZEN,2026-03-05 15:03:00,8626.5,8634.0,8625.5,8634.0,56
ASTRAZEN,2026-03-05 15:04:00,8620.0,8630.0,8619.0,8619.0,19
ASTRAZEN,2026-03-05 15:05:00,8619.0,8630.0,8619.0,8628.0,5
ASTRAZEN,2026-03-05 15:06:00,8628.0,8630.0,8627.5,8630.0,60
ASTRAZEN,2026-03-05 15:07:00,8629.0,8629.0,8616.5,8616.5,3
ASTRAZEN,2026-03-05 15:08:00,8616.5,8629.0,8616.5,8629.0,38
ASTRAZEN,2026-03-05 15:09:00,8628.0,8628.0,8618.0,8618.0,3
ASTRAZEN,2026-03-05 15:10:00,8618.0,8618.0,8600.5,8604.5,79
ASTRAZEN,2026-03-05 15:11:00,8604.5,8604.5,8589.0,8589.0,28
ASTRAZEN,2026-03-05 15:12:00,8585.5,8590.0,8580.0,8580.0,376
ASTRAZEN,2026-03-05 15:13:00,8578.5,8584.5,8578.5,8584.5,30
ASTRAZEN,2026-03-05 15:14:00,8584.5,8587.0,8580.0,8580.0,4
ASTRAZEN,2026-03-05 15:15:00,8580.0,8580.0,8576.0,8580.0,129
ASTRAZEN,2026-03-05 15:16:00,8580.0,8618.5,8580.0,8600.0,216
ASTRAZEN,2026-03-05 15:17:00,8600.0,8600.0,8592.5,8594.0,222
ASTRAZEN,2026-03-05 15:18:00,8594.0,8614.5,8562.0,8587.5,31
ASTRAZEN,2026-03-05 15:19:00,8586.0,8586.0,8579.0,8579.0,17
ASTRAZEN,2026-03-05 15:20:00,8580.0,8598.5,8580.0,8598.5,5
ASTRAZEN,2026-03-05 15:21:00,8602.5,8602.5,8580.0,8580.0,148
ASTRAZEN,2026-03-05 15:22:00,8601.0,8602.0,8600.0,8601.5,116
ASTRAZEN,2026-03-05 15:23:00,8600.0,8600.5,8600.0,8600.0,180
ASTRAZEN,2026-03-05 15:24:00,8601.0,8610.0,8601.0,8608.5,132
ASTRAZEN,2026-03-05 15:25:00,8608.5,8610.0,8580.5,8610.0,42
ASTRAZEN,2026-03-05 15:26:00,8609.5,8610.0,8609.5,8610.0,67
ASTRAZEN,2026-03-05 15:27:00,8610.0,8610.0,8610.0,8610.0,74
ASTRAZEN,2026-03-05 15:28:00,8610.0,8640.0,8580.0,8580.0,233
ASTRAZEN,2026-03-05 15:29:00,8580.0,8620.0,8580.0,8620.0,10
ASTRAZEN,2026-03-06 09:15:00,8560.0,8600.0,8560.0,8600.0,8
ASTRAZEN,2026-03-06 09:16:00,8600.0,8616.5,8600.0,8616.0,2
ASTRAZEN,2026-03-06 09:17:00,8616.0,8625.5,8610.0,8610.0,6
ASTRAZEN,2026-03-06 09:18:00,8609.0,8609.0,8609.0,8609.0,20
ASTRAZEN,2026-03-06 09:19:00,8609.0,8609.0,8609.0,8609.0,0
ASTRAZEN,2026-03-06 09:20:00,8609.0,8640.0,8609.0,8640.0,51
ASTRAZEN,2026-03-06 09:21:00,8640.0,8652.0,8640.0,8652.0,3
ASTRAZEN,2026-03-06 09:22:00,8652.0,8652.0,8652.0,8652.0,0
ASTRAZEN,2026-03-06 09:23:00,8652.0,8652.0,8652.0,8652.0,1
ASTRAZEN,2026-03-06 09:24:00,8650.0,8650.0,8650.0,8650.0,1
ASTRAZEN,2026-03-06 09:25:00,8650.0,8650.0,8650.0,8650.0,0
ASTRAZEN,2026-03-06 09:26:00,8650.0,8650.0,8650.0,8650.0,0
ASTRAZEN,2026-03-06 09:27:00,8631.0,8646.0,8631.0,8646.0,7
ASTRAZEN,2026-03-06 09:28:00,8646.0,8665.0,8646.0,8665.0,13
ASTRAZEN,2026-03-06 09:29:00,8665.0,8665.0,8665.0,8665.0,0
ASTRAZEN,2026-03-06 09:30:00,8665.0,8665.0,8664.0,8664.0,5
ASTRAZEN,2026-03-06 09:31:00,8664.0,8664.0,8664.0,8664.0,0
ASTRAZEN,2026-03-06 09:32:00,8664.0,8664.0,8643.0,8643.0,1
ASTRAZEN,2026-03-06 09:33:00,8643.0,8643.0,8631.5,8631.5,3
ASTRAZEN,2026-03-06 09:34:00,8631.5,8631.5,8631.5,8631.5,0
ASTRAZEN,2026-03-06 09:35:00,8630.0,8630.0,8609.5,8621.5,36
ASTRAZEN,2026-03-06 09:36:00,8621.5,8621.5,8621.5,8621.5,0
ASTRAZEN,2026-03-06 09:37:00,8621.5,8621.5,8618.0,8621.5,11
ASTRAZEN,2026-03-06 09:38:00,8621.5,8633.0,8621.5,8633.0,1
ASTRAZEN,2026-03-06 09:39:00,8633.0,8633.0,8617.0,8617.0,1
ASTRAZEN,2026-03-06 09:40:00,8617.0,8628.0,8617.0,8628.0,1
ASTRAZEN,2026-03-06 09:41:00,8628.0,8628.0,8614.5,8614.5,13
ASTRAZEN,2026-03-06 09:42:00,8614.5,8614.5,8609.5,8609.5,8
ASTRAZEN,2026-03-06 09:43:00,8609.5,8609.5,8609.5,8609.5,0
ASTRAZEN,2026-03-06 09:44:00,8609.5,8609.5,8600.5,8600.5,1
ASTRAZEN,2026-03-06 09:45:00,8600.5,8610.0,8600.5,8610.0,5
ASTRAZEN,2026-03-06 09:46:00,8610.0,8616.5,8610.0,8616.5,5
ASTRAZEN,2026-03-06 09:47:00,8616.5,8616.5,8616.5,8616.5,0
ASTRAZEN,2026-03-06 09:48:00,8616.5,8616.5,8603.0,8603.0,2
ASTRAZEN,2026-03-06 09:49:00,8603.0,8603.0,8603.0,8603.0,3
ASTRAZEN,2026-03-06 09:50:00,8603.0,8603.0,8602.5,8602.5,1
ASTRAZEN,2026-03-06 09:51:00,8602.5,8602.5,8602.5,8602.5,13
ASTRAZEN,2026-03-06 09:52:00,8602.5,8602.5,8602.5,8602.5,0
ASTRAZEN,2026-03-06 09:53:00,8602.5,8603.0,8602.5,8603.0,1
ASTRAZEN,2026-03-06 09:54:00,8603.0,8603.0,8603.0,8603.0,0
ASTRAZEN,2026-03-06 09:55:00,8603.0,8603.0,8581.5,8581.5,55
ASTRAZEN,2026-03-06 09:56:00,8581.5,8581.5,8581.5,8581.5,3
ASTRAZEN,2026-03-06 09:57:00,8597.5,8597.5,8597.5,8597.5,5
ASTRAZEN,2026-03-06 09:58:00,8597.5,8597.5,8583.5,8587.0,2
ASTRAZEN,2026-03-06 09:59:00,8587.0,8596.0,8584.5,8596.0,23
ASTRAZEN,2026-03-06 10:00:00,8596.0,8605.5,8591.5,8591.5,21
ASTRAZEN,2026-03-06 10:01:00,8591.5,8591.5,8591.5,8591.5,0
ASTRAZEN,2026-03-06 10:02:00,8591.5,8591.5,8574.0,8574.0,1
ASTRAZEN,2026-03-06 10:03:00,8574.0,8576.5,8573.5,8576.5,4
ASTRAZEN,2026-03-06 10:04:00,8576.5,8576.5,8576.5,8576.5,0
ASTRAZEN,2026-03-06 10:05:00,8576.5,8576.5,8576.5,8576.5,2
ASTRAZEN,2026-03-06 10:06:00,8576.5,8576.5,8576.5,8576.5,0
ASTRAZEN,2026-03-06 10:07:00,8584.0,8584.0,8584.0,8584.0,2
ASTRAZEN,2026-03-06 10:08:00,8584.0,8584.0,8582.0,8582.0,2
ASTRAZEN,2026-03-06 10:09:00,8582.0,8586.0,8582.0,8586.0,1
ASTRAZEN,2026-03-06 10:10:00,8586.0,8586.0,8586.0,8586.0,1
ASTRAZEN,2026-03-06 10:11:00,8586.0,8586.0,8586.0,8586.0,0
ASTRAZEN,2026-03-06 10:12:00,8586.0,8594.0,8586.0,8594.0,3
ASTRAZEN,2026-03-06 10:13:00,8594.0,8594.0,8594.0,8594.0,0
ASTRAZEN,2026-03-06 10:14:00,8594.0,8594.0,8594.0,8594.0,0
ASTRAZEN,2026-03-06 10:15:00,8594.0,8594.0,8587.5,8587.5,1
ASTRAZEN,2026-03-06 10:16:00,8587.5,8587.5,8587.5,8587.5,1
ASTRAZEN,2026-03-06 10:17:00,8587.5,8587.5,8587.5,8587.5,1
ASTRAZEN,2026-03-06 10:18:00,8587.5,8587.5,8587.5,8587.5,0
ASTRAZEN,2026-03-06 10:19:00,8587.5,8587.5,8587.5,8587.5,1
ASTRAZEN,2026-03-06 10:20:00,8582.0,8582.0,8582.0,8582.0,17
ASTRAZEN,2026-03-06 10:21:00,8573.0,8573.0,8573.0,8573.0,1
ASTRAZEN,2026-03-06 10:22:00,8573.0,8573.0,8573.0,8573.0,2
ASTRAZEN,2026-03-06 10:23:00,8573.0,8573.0,8573.0,8573.0,1
ASTRAZEN,2026-03-06 10:24:00,8582.5,8582.5,8582.5,8582.5,3
ASTRAZEN,2026-03-06 10:25:00,8582.5,8582.5,8582.5,8582.5,1
ASTRAZEN,2026-03-06 10:26:00,8582.5,8588.0,8582.5,8588.0,4
ASTRAZEN,2026-03-06 10:27:00,8588.0,8588.0,8582.5,8582.5,1
ASTRAZEN,2026-03-06 10:28:00,8582.5,8582.5,8582.5,8582.5,0
ASTRAZEN,2026-03-06 10:29:00,8582.5,8582.5,8580.0,8580.0,11
ASTRAZEN,2026-03-06 10:30:00,8580.0,8580.0,8580.0,8580.0,0
ASTRAZEN,2026-03-06 10:31:00,8572.0,8572.5,8572.0,8572.5,2
ASTRAZEN,2026-03-06 10:32:00,8572.5,8572.5,8572.5,8572.5,0
ASTRAZEN,2026-03-06 10:33:00,8572.5,8585.0,8572.5,8585.0,11
ASTRAZEN,2026-03-06 10:34:00,8581.5,8581.5,8581.5,8581.5,1
ASTRAZEN,2026-03-06 10:35:00,8581.5,8581.5,8571.5,8571.5,1
ASTRAZEN,2026-03-06 10:36:00,8571.5,8571.5,8571.5,8571.5,1
ASTRAZEN,2026-03-06 10:37:00,8571.5,8571.5,8571.5,8571.5,1
ASTRAZEN,2026-03-06 10:38:00,8579.5,8579.5,8579.5,8579.5,1
ASTRAZEN,2026-03-06 10:39:00,8579.5,8579.5,8579.5,8579.5,1
ASTRAZEN,2026-03-06 10:40:00,8579.5,8579.5,8579.5,8579.5,0
ASTRAZEN,2026-03-06 10:41:00,8572.0,8572.5,8572.0,8572.5,2
ASTRAZEN,2026-03-06 10:42:00,8572.5,8572.5,8572.5,8572.5,0
ASTRAZEN,2026-03-06 10:43:00,8572.5,8573.0,8572.5,8573.0,1
ASTRAZEN,2026-03-06 10:44:00,8573.0,8573.0,8573.0,8573.0,3
ASTRAZEN,2026-03-06 10:45:00,8573.0,8586.5,8573.0,8586.5,14
ASTRAZEN,2026-03-06 10:46:00,8589.0,8589.0,8573.5,8573.5,55
ASTRAZEN,2026-03-06 10:47:00,8573.5,8573.5,8573.5,8573.5,1
ASTRAZEN,2026-03-06 10:48:00,8573.5,8573.5,8573.5,8573.5,0
ASTRAZEN,2026-03-06 10:49:00,8573.5,8573.5,8509.0,8509.0,211
ASTRAZEN,2026-03-06 10:50:00,8528.0,8535.5,8528.0,8535.5,5
ASTRAZEN,2026-03-06 10:51:00,8535.5,8550.0,8535.5,8550.0,56
ASTRAZEN,2026-03-06 10:52:00,8550.0,8550.0,8550.0,8550.0,0
ASTRAZEN,2026-03-06 10:53:00,8550.0,8550.0,8550.0,8550.0,0
ASTRAZEN,2026-03-06 10:54:00,8549.0,8549.0,8549.0,8549.0,2
ASTRAZEN,2026-03-06 10:55:00,8535.0,8535.0,8535.0,8535.0,3
ASTRAZEN,2026-03-06 10:56:00,8535.0,8543.5,8535.0,8543.5,2
ASTRAZEN,2026-03-06 10:57:00,8543.5,8543.5,8543.5,8543.5,1
ASTRAZEN,2026-03-06 10:58:00,8543.5,8543.5,8543.5,8543.5,0
ASTRAZEN,2026-03-06 10:59:00,8543.5,8543.5,8543.5,8543.5,1
ASTRAZEN,2026-03-06 11:00:00,8543.5,8543.5,8543.5,8543.5,1
ASTRAZEN,2026-03-06 11:01:00,8553.5,8555.0,8553.5,8555.0,8
ASTRAZEN,2026-03-06 11:02:00,8562.0,8562.0,8562.0,8562.0,1
ASTRAZEN,2026-03-06 11:03:00,8562.0,8562.0,8562.0,8562.0,0
ASTRAZEN,2026-03-06 11:04:00,8557.0,8557.0,8557.0,8557.0,2
ASTRAZEN,2026-03-06 11:05:00,8557.0,8557.0,8557.0,8557.0,0
ASTRAZEN,2026-03-06 11:06:00,8557.0,8564.5,8557.0,8564.5,2
ASTRAZEN,2026-03-06 11:07:00,8564.5,8564.5,8564.5,8564.5,0
ASTRAZEN,2026-03-06 11:08:00,8564.5,8565.0,8553.0,8565.0,17
ASTRAZEN,2026-03-06 11:09:00,8560.0,8564.5,8560.0,8564.5,17
ASTRAZEN,2026-03-06 11:10:00,8564.5,8564.5,8564.5,8564.5,0
ASTRAZEN,2026-03-06 11:11:00,8551.0,8551.0,8551.0,8551.0,1
ASTRAZEN,2026-03-06 11:12:00,8542.5,8542.5,8542.5,8542.5,1
ASTRAZEN,2026-03-06 11:13:00,8542.5,8542.5,8542.5,8542.5,1
ASTRAZEN,2026-03-06 11:14:00,8542.5,8542.5,8542.0,8542.0,1
ASTRAZEN,2026-03-06 11:15:00,8542.0,8547.5,8542.0,8547.5,2
ASTRAZEN,2026-03-06 11:16:00,8547.5,8552.0,8542.0,8552.0,9
ASTRAZEN,2026-03-06 11:17:00,8552.0,8552.0,8550.0,8550.0,2
ASTRAZEN,2026-03-06 11:18:00,8567.0,8567.0,8567.0,8567.0,18
ASTRAZEN,2026-03-06 11:19:00,8552.5,8552.5,8552.5,8552.5,2
ASTRAZEN,2026-03-06 11:20:00,8552.5,8553.0,8552.5,8553.0,1
ASTRAZEN,2026-03-06 11:21:00,8553.0,8553.0,8553.0,8553.0,0
ASTRAZEN,2026-03-06 11:22:00,8553.0,8553.0,8553.0,8553.0,1
ASTRAZEN,2026-03-06 11:23:00,8553.0,8553.0,8553.0,8553.0,3
ASTRAZEN,2026-03-06 11:24:00,8553.0,8554.5,8553.0,8554.5,1
ASTRAZEN,2026-03-06 11:25:00,8554.5,8554.5,8554.5,8554.5,2
ASTRAZEN,2026-03-06 11:26:00,8554.5,8554.5,8554.5,8554.5,1
ASTRAZEN,2026-03-06 11:27:00,8554.5,8554.5,8554.5,8554.5,1
ASTRAZEN,2026-03-06 11:28:00,8554.5,8554.5,8554.5,8554.5,0
ASTRAZEN,2026-03-06 11:29:00,8554.5,8554.5,8550.5,8550.5,1
ASTRAZEN,2026-03-06 11:30:00,8550.5,8552.5,8550.5,8552.5,1
ASTRAZEN,2026-03-06 11:31:00,8552.5,8552.5,8552.5,8552.5,0
ASTRAZEN,2026-03-06 11:32:00,8552.5,8552.5,8552.5,8552.5,1
ASTRAZEN,2026-03-06 11:33:00,8553.5,8553.5,8553.5,8553.5,1
ASTRAZEN,2026-03-06 11:34:00,8553.5,8553.5,8553.5,8553.5,1
ASTRAZEN,2026-03-06 11:35:00,8553.5,8553.5,8553.5,8553.5,0
ASTRAZEN,2026-03-06 11:36:00,8557.0,8557.0,8557.0,8557.0,1
ASTRAZEN,2026-03-06 11:37:00,8557.0,8569.0,8557.0,8569.0,2
ASTRAZEN,2026-03-06 11:38:00,8569.0,8569.0,8569.0,8569.0,0
ASTRAZEN,2026-03-06 11:39:00,8569.0,8569.0,8559.5,8559.5,1
ASTRAZEN,2026-03-06 11:40:00,8559.5,8559.5,8559.5,8559.5,1
ASTRAZEN,2026-03-06 11:41:00,8559.5,8559.5,8559.5,8559.5,1
ASTRAZEN,2026-03-06 11:42:00,8559.5,8559.5,8559.5,8559.5,0
ASTRAZEN,2026-03-06 11:43:00,8559.5,8559.5,8559.5,8559.5,1
ASTRAZEN,2026-03-06 11:44:00,8559.5,8559.5,8559.5,8559.5,1
ASTRAZEN,2026-03-06 11:45:00,8559.5,8559.5,8559.5,8559.5,0
ASTRAZEN,2026-03-06 11:46:00,8559.5,8559.5,8559.5,8559.5,1
ASTRAZEN,2026-03-06 11:47:00,8559.5,8559.5,8559.5,8559.5,1
ASTRAZEN,2026-03-06 11:48:00,8559.5,8559.5,8559.5,8559.5,0
ASTRAZEN,2026-03-06 11:49:00,8559.5,8559.5,8559.5,8559.5,1
ASTRAZEN,2026-03-06 11:50:00,8559.5,8559.5,8559.5,8559.5,1
ASTRAZEN,2026-03-06 11:51:00,8559.5,8559.5,8559.5,8559.5,1
ASTRAZEN,2026-03-06 11:52:00,8559.5,8559.5,8559.5,8559.5,0
ASTRAZEN,2026-03-06 11:53:00,8559.5,8559.5,8559.5,8559.5,2
ASTRAZEN,2026-03-06 11:54:00,8559.5,8559.5,8559.5,8559.5,1
ASTRAZEN,2026-03-06 11:55:00,8559.5,8559.5,8559.5,8559.5,0
ASTRAZEN,2026-03-06 11:56:00,8559.5,8559.5,8559.5,8559.5,1
ASTRAZEN,2026-03-06 11:57:00,8559.5,8560.0,8559.5,8560.0,2
ASTRAZEN,2026-03-06 11:58:00,8559.5,8559.5,8559.5,8559.5,2
ASTRAZEN,2026-03-06 11:59:00,8559.5,8559.5,8559.5,8559.5,0
ASTRAZEN,2026-03-06 12:00:00,8559.5,8559.5,8559.5,8559.5,1
ASTRAZEN,2026-03-06 12:01:00,8559.5,8559.5,8559.5,8559.5,1
ASTRAZEN,2026-03-06 12:02:00,8559.5,8619.0,8559.5,8619.0,160
ASTRAZEN,2026-03-06 12:03:00,8619.0,8619.0,8619.0,8619.0,0
ASTRAZEN,2026-03-06 12:04:00,8619.0,8619.0,8619.0,8619.0,4
ASTRAZEN,2026-03-06 12:05:00,8619.0,8645.0,8619.0,8645.0,155
ASTRAZEN,2026-03-06 12:06:00,8645.0,8645.0,8645.0,8645.0,0
ASTRAZEN,2026-03-06 12:07:00,8650.0,8650.0,8650.0,8650.0,8
ASTRAZEN,2026-03-06 12:08:00,8650.0,8650.0,8650.0,8650.0,16
ASTRAZEN,2026-03-06 12:09:00,8650.0,8650.0,8650.0,8650.0,0
ASTRAZEN,2026-03-06 12:10:00,8650.5,8650.5,8650.5,8650.5,1
ASTRAZEN,2026-03-06 12:11:00,8650.5,8656.0,8650.5,8656.0,6
ASTRAZEN,2026-03-06 12:12:00,8654.0,8654.0,8654.0,8654.0,1
ASTRAZEN,2026-03-06 12:13:00,8664.5,8664.5,8664.5,8664.5,1
ASTRAZEN,2026-03-06 12:14:00,8664.5,8664.5,8651.5,8662.0,2
ASTRAZEN,2026-03-06 12:15:00,8662.0,8662.0,8651.5,8651.5,2
ASTRAZEN,2026-03-06 12:16:00,8651.5,8651.5,8648.5,8648.5,3
ASTRAZEN,2026-03-06 12:17:00,8649.5,8649.5,8649.5,8649.5,3
ASTRAZEN,2026-03-06 12:18:00,8649.5,8649.5,8649.5,8649.5,0
ASTRAZEN,2026-03-06 12:19:00,8649.5,8649.5,8642.0,8642.0,1
ASTRAZEN,2026-03-06 12:20:00,8646.0,8646.0,8646.0,8646.0,1
ASTRAZEN,2026-03-06 12:21:00,8646.0,8647.0,8646.0,8647.0,1
ASTRAZEN,2026-03-06 12:22:00,8647.0,8647.0,8647.0,8647.0,1
ASTRAZEN,2026-03-06 12:23:00,8647.0,8647.0,8647.0,8647.0,1
ASTRAZEN,2026-03-06 12:24:00,8647.0,8647.0,8647.0,8647.0,1
ASTRAZEN,2026-03-06 12:25:00,8647.0,8647.0,8647.0,8647.0,1
ASTRAZEN,2026-03-06 12:26:00,8647.0,8647.0,8647.0,8647.0,0
ASTRAZEN,2026-03-06 12:27:00,8647.0,8647.5,8647.0,8647.5,1
ASTRAZEN,2026-03-06 12:28:00,8647.5,8647.5,8647.5,8647.5,1
ASTRAZEN,2026-03-06 12:29:00,8647.5,8647.5,8647.5,8647.5,0
ASTRAZEN,2026-03-06 12:30:00,8647.5,8647.5,8646.0,8646.0,4
ASTRAZEN,2026-03-06 12:31:00,8660.0,8660.0,8660.0,8660.0,54
ASTRAZEN,2026-03-06 12:32:00,8660.0,8660.0,8660.0,8660.0,0
ASTRAZEN,2026-03-06 12:33:00,8660.0,8660.0,8650.5,8650.5,6
ASTRAZEN,2026-03-06 12:34:00,8650.5,8650.5,8650.5,8650.5,0
ASTRAZEN,2026-03-06 12:35:00,8647.5,8647.5,8647.5,8647.5,2
ASTRAZEN,2026-03-06 12:36:00,8647.5,8659.0,8647.5,8659.0,4
ASTRAZEN,2026-03-06 12:37:00,8659.0,8659.0,8648.0,8648.0,1
ASTRAZEN,2026-03-06 12:38:00,8648.0,8648.0,8648.0,8648.0,1
ASTRAZEN,2026-03-06 12:39:00,8648.0,8648.0,8648.0,8648.0,0
ASTRAZEN,2026-03-06 12:40:00,8649.0,8649.0,8649.0,8649.0,1
ASTRAZEN,2026-03-06 12:41:00,8650.0,8672.0,8650.0,8672.0,124
ASTRAZEN,2026-03-06 12:42:00,8672.0,8673.0,8672.0,8673.0,2
ASTRAZEN,2026-03-06 12:43:00,8673.0,8673.0,8673.0,8673.0,0
ASTRAZEN,2026-03-06 12:44:00,8673.0,8673.0,8673.0,8673.0,0
ASTRAZEN,2026-03-06 12:45:00,8671.0,8672.0,8671.0,8672.0,2
ASTRAZEN,2026-03-06 12:46:00,8667.0,8667.0,8667.0,8667.0,5
ASTRAZEN,2026-03-06 12:47:00,8667.0,8667.0,8659.5,8659.5,1
ASTRAZEN,2026-03-06 12:48:00,8659.5,8659.5,8659.5,8659.5,1
ASTRAZEN,2026-03-06 12:49:00,8659.5,8659.5,8659.5,8659.5,0
ASTRAZEN,2026-03-06 12:50:00,8659.5,8659.5,8659.5,8659.5,1
ASTRAZEN,2026-03-06 12:51:00,8659.5,8659.5,8659.5,8659.5,1
ASTRAZEN,2026-03-06 12:52:00,8659.5,8660.0,8659.5,8660.0,1
ASTRAZEN,2026-03-06 12:53:00,8660.0,8660.0,8660.0,8660.0,0
ASTRAZEN,2026-03-06 12:54:00,8660.0,8660.0,8659.5,8659.5,1
ASTRAZEN,2026-03-06 12:55:00,8659.5,8659.5,8659.5,8659.5,1
ASTRAZEN,2026-03-06 12:56:00,8659.5,8660.0,8659.5,8660.0,6
ASTRAZEN,2026-03-06 12:57:00,8660.5,8660.5,8660.5,8660.5,1
ASTRAZEN,2026-03-06 12:58:00,8663.5,8663.5,8663.5,8663.5,1
ASTRAZEN,2026-03-06 12:59:00,8663.5,8663.5,8663.5,8663.5,0
ASTRAZEN,2026-03-06 13:00:00,8663.5,8663.5,8660.5,8660.5,1
ASTRAZEN,2026-03-06 13:01:00,8659.5,8662.5,8659.5,8662.5,21
ASTRAZEN,2026-03-06 13:02:00,8662.5,8663.0,8662.5,8663.0,1
ASTRAZEN,2026-03-06 13:03:00,8663.0,8663.0,8663.0,8663.0,0
ASTRAZEN,2026-03-06 13:04:00,8663.0,8663.0,8663.0,8663.0,1
ASTRAZEN,2026-03-06 13:05:00,8663.0,8671.5,8663.0,8671.5,2
ASTRAZEN,2026-03-06 13:06:00,8671.5,8671.5,8671.5,8671.5,0
ASTRAZEN,2026-03-06 13:07:00,8671.5,8671.5,8668.0,8668.0,1
ASTRAZEN,2026-03-06 13:08:00,8668.0,8668.0,8664.5,8664.5,6
ASTRAZEN,2026-03-06 13:09:00,8664.5,8664.5,8664.5,8664.5,0
ASTRAZEN,2026-03-06 13:10:00,8660.0,8660.0,8660.0,8660.0,1
ASTRAZEN,2026-03-06 13:11:00,8660.0,8660.5,8660.0,8660.5,1
ASTRAZEN,2026-03-06 13:12:00,8660.5,8661.0,8660.5,8661.0,3
ASTRAZEN,2026-03-06 13:13:00,8661.0,8661.0,8661.0,8661.0,0
ASTRAZEN,2026-03-06 13:14:00,8661.5,8661.5,8661.5,8661.5,1
ASTRAZEN,2026-03-06 13:15:00,8661.5,8662.0,8661.5,8662.0,1
ASTRAZEN,2026-03-06 13:16:00,8662.0,8662.0,8662.0,8662.0,0
ASTRAZEN,2026-03-06 13:17:00,8662.0,8662.0,8660.5,8660.5,1
ASTRAZEN,2026-03-06 13:18:00,8660.5,8660.5,8660.5,8660.5,1
ASTRAZEN,2026-03-06 13:19:00,8660.5,8660.5,8660.5,8660.5,1
ASTRAZEN,2026-03-06 13:20:00,8660.5,8660.5,8660.5,8660.5,0
ASTRAZEN,2026-03-06 13:21:00,8660.5,8661.5,8660.5,8661.5,1
ASTRAZEN,2026-03-06 13:22:00,8661.5,8668.0,8661.5,8668.0,4
ASTRAZEN,2026-03-06 13:23:00,8668.0,8668.0,8668.0,8668.0,0
ASTRAZEN,2026-03-06 13:24:00,8672.0,8672.0,8672.0,8672.0,3
ASTRAZEN,2026-03-06 13:25:00,8672.0,8672.0,8669.0,8669.0,1
ASTRAZEN,2026-03-06 13:26:00,8669.0,8669.0,8663.0,8663.0,2
ASTRAZEN,2026-03-06 13:27:00,8663.0,8663.5,8663.0,8663.5,1
ASTRAZEN,2026-03-06 13:28:00,8663.5,8663.5,8663.5,8663.5,1
ASTRAZEN,2026-03-06 13:29:00,8663.5,8663.5,8663.5,8663.5,0
ASTRAZEN,2026-03-06 13:30:00,8663.5,8663.5,8662.0,8662.0,1
ASTRAZEN,2026-03-06 13:31:00,8662.0,8662.0,8662.0,8662.0,1
ASTRAZEN,2026-03-06 13:32:00,8670.0,8670.0,8662.0,8662.0,12
ASTRAZEN,2026-03-06 13:33:00,8666.5,8673.5,8665.5,8665.5,4
ASTRAZEN,2026-03-06 13:34:00,8666.5,8710.0,8666.5,8710.0,266
ASTRAZEN,2026-03-06 13:35:00,8710.0,8717.0,8701.0,8701.0,3
ASTRAZEN,2026-03-06 13:36:00,8701.5,8701.5,8701.5,8701.5,1
ASTRAZEN,2026-03-06 13:37:00,8704.0,8704.0,8701.0,8701.0,56
ASTRAZEN,2026-03-06 13:38:00,8701.0,8705.0,8700.5,8705.0,5
ASTRAZEN,2026-03-06 13:39:00,8705.0,8716.0,8705.0,8716.0,24
ASTRAZEN,2026-03-06 13:40:00,8716.0,8716.0,8701.0,8709.5,4
ASTRAZEN,2026-03-06 13:41:00,8709.5,8710.0,8709.5,8710.0,2
ASTRAZEN,2026-03-06 13:42:00,8702.0,8708.5,8701.0,8708.5,6
ASTRAZEN,2026-03-06 13:43:00,8708.5,8708.5,8708.5,8708.5,2
ASTRAZEN,2026-03-06 13:44:00,8700.5,8706.5,8700.5,8706.5,9
ASTRAZEN,2026-03-06 13:45:00,8706.5,8706.5,8700.0,8700.0,19
ASTRAZEN,2026-03-06 13:46:00,8702.5,8708.5,8702.5,8708.5,6
ASTRAZEN,2026-03-06 13:47:00,8708.5,8708.5,8702.5,8703.0,6
ASTRAZEN,2026-03-06 13:48:00,8703.0,8703.0,8702.5,8702.5,7
ASTRAZEN,2026-03-06 13:49:00,8702.5,8702.5,8702.0,8702.0,3
ASTRAZEN,2026-03-06 13:50:00,8702.0,8702.0,8702.0,8702.0,1
ASTRAZEN,2026-03-06 13:51:00,8702.0,8702.0,8702.0,8702.0,1
ASTRAZEN,2026-03-06 13:52:00,8702.0,8702.0,8701.0,8701.0,12
ASTRAZEN,2026-03-06 13:53:00,8701.0,8701.0,8700.0,8700.0,4
ASTRAZEN,2026-03-06 13:54:00,8700.0,8700.0,8700.0,8700.0,1
ASTRAZEN,2026-03-06 13:55:00,8700.0,8701.0,8700.0,8701.0,32
ASTRAZEN,2026-03-06 13:56:00,8705.0,8705.0,8705.0,8705.0,11
ASTRAZEN,2026-03-06 13:57:00,8700.5,8701.5,8700.5,8701.5,5
ASTRAZEN,2026-03-06 13:58:00,8701.5,8708.0,8701.5,8708.0,3
ASTRAZEN,2026-03-06 13:59:00,8708.0,8708.0,8700.5,8700.5,1
ASTRAZEN,2026-03-06 14:00:00,8700.5,8706.5,8700.5,8706.5,11
ASTRAZEN,2026-03-06 14:01:00,8706.5,8706.5,8700.0,8700.0,1
ASTRAZEN,2026-03-06 14:02:00,8700.0,8700.0,8700.0,8700.0,1
ASTRAZEN,2026-03-06 14:03:00,8700.0,8700.0,8700.0,8700.0,1
ASTRAZEN,2026-03-06 14:04:00,8700.0,8700.0,8700.0,8700.0,1
ASTRAZEN,2026-03-06 14:05:00,8700.0,8700.0,8700.0,8700.0,1
ASTRAZEN,2026-03-06 14:06:00,8700.0,8700.0,8700.0,8700.0,1
ASTRAZEN,2026-03-06 14:07:00,8700.0,8707.0,8700.0,8707.0,3
ASTRAZEN,2026-03-06 14:08:00,8707.0,8707.0,8700.0,8701.0,2
ASTRAZEN,2026-03-06 14:09:00,8701.0,8701.0,8701.0,8701.0,1
ASTRAZEN,2026-03-06 14:10:00,8701.0,8701.0,8701.0,8701.0,1
ASTRAZEN,2026-03-06 14:11:00,8701.0,8701.0,8701.0,8701.0,1
ASTRAZEN,2026-03-06 14:12:00,8701.0,8701.0,8701.0,8701.0,11
ASTRAZEN,2026-03-06 14:13:00,8701.5,8701.5,8700.0,8700.0,3
ASTRAZEN,2026-03-06 14:14:00,8700.0,8700.0,8700.0,8700.0,1
ASTRAZEN,2026-03-06 14:15:00,8701.5,8701.5,8701.5,8701.5,1
ASTRAZEN,2026-03-06 14:16:00,8701.5,8701.5,8701.5,8701.5,1
ASTRAZEN,2026-03-06 14:17:00,8701.5,8701.5,8701.5,8701.5,1
ASTRAZEN,2026-03-06 14:18:00,8701.5,8701.5,8700.0,8700.0,1
ASTRAZEN,2026-03-06 14:19:00,8700.0,8700.0,8700.0,8700.0,1
ASTRAZEN,2026-03-06 14:20:00,8700.0,8700.0,8700.0,8700.0,3
ASTRAZEN,2026-03-06 14:21:00,8700.0,8700.0,8700.0,8700.0,3
ASTRAZEN,2026-03-06 14:22:00,8700.0,8700.0,8700.0,8700.0,1
ASTRAZEN,2026-03-06 14:23:00,8700.0,8700.0,8695.0,8695.0,13
ASTRAZEN,2026-03-06 14:24:00,8695.0,8706.0,8695.0,8706.0,22
ASTRAZEN,2026-03-06 14:25:00,8706.0,8706.0,8701.0,8701.0,4
ASTRAZEN,2026-03-06 14:26:00,8701.0,8706.0,8701.0,8706.0,8
ASTRAZEN,2026-03-06 14:27:00,8700.0,8700.0,8700.0,8700.0,10
ASTRAZEN,2026-03-06 14:28:00,8700.0,8700.0,8700.0,8700.0,1
ASTRAZEN,2026-03-06 14:29:00,8700.0,8707.5,8700.0,8707.5,12
ASTRAZEN,2026-03-06 14:30:00,8707.5,8707.5,8700.5,8700.5,1
ASTRAZEN,2026-03-06 14:31:00,8707.5,8707.5,8700.0,8700.0,7
ASTRAZEN,2026-03-06 14:32:00,8700.0,8700.0,8700.0,8700.0,13
ASTRAZEN,2026-03-06 14:33:00,8700.0,8700.0,8700.0,8700.0,1
ASTRAZEN,2026-03-06 14:34:00,8700.0,8700.0,8700.0,8700.0,10
ASTRAZEN,2026-03-06 14:35:00,8700.0,8700.0,8700.0,8700.0,1
ASTRAZEN,2026-03-06 14:36:00,8700.0,8706.0,8700.0,8706.0,6
ASTRAZEN,2026-03-06 14:37:00,8706.0,8706.0,8706.0,8706.0,0
ASTRAZEN,2026-03-06 14:38:00,8700.5,8701.0,8700.5,8701.0,5
ASTRAZEN,2026-03-06 14:39:00,8701.0,8701.0,8701.0,8701.0,3
ASTRAZEN,2026-03-06 14:40:00,8701.0,8705.5,8700.5,8700.5,9
ASTRAZEN,2026-03-06 14:41:00,8700.5,8701.5,8700.5,8701.5,1
ASTRAZEN,2026-03-06 14:42:00,8704.5,8704.5,8704.5,8704.5,3
ASTRAZEN,2026-03-06 14:43:00,8704.5,8704.5,8704.5,8704.5,0
ASTRAZEN,2026-03-06 14:44:00,8700.0,8700.0,8700.0,8700.0,29
ASTRAZEN,2026-03-06 14:45:00,8700.0,8700.0,8700.0,8700.0,1
ASTRAZEN,2026-03-06 14:46:00,8700.0,8706.0,8700.0,8700.0,7
ASTRAZEN,2026-03-06 14:47:00,8700.0,8700.0,8700.0,8700.0,1
ASTRAZEN,2026-03-06 14:48:00,8700.0,8700.0,8700.0,8700.0,1
ASTRAZEN,2026-03-06 14:49:00,8700.0,8700.5,8700.0,8700.0,53
ASTRAZEN,2026-03-06 14:50:00,8700.0,8700.0,8700.0,8700.0,72
ASTRAZEN,2026-03-06 14:51:00,8700.0,8700.0,8700.0,8700.0,11
ASTRAZEN,2026-03-06 14:52:00,8700.0,8700.0,8700.0,8700.0,11
ASTRAZEN,2026-03-06 14:53:00,8700.0,8700.0,8700.0,8700.0,13
ASTRAZEN,2026-03-06 14:54:00,8700.0,8700.0,8700.0,8700.0,1
ASTRAZEN,2026-03-06 14:55:00,8700.0,8700.0,8700.0,8700.0,1
ASTRAZEN,2026-03-06 14:56:00,8700.0,8700.0,8700.0,8700.0,1
ASTRAZEN,2026-03-06 14:57:00,8700.0,8700.0,8700.0,8700.0,3
ASTRAZEN,2026-03-06 14:59:00,8700.0,8700.0,8700.0,8700.0,0
ASTRAZEN,2026-03-06 15:00:00,8704.5,8704.5,8704.5,8704.5,2
ASTRAZEN,2026-03-06 15:01:00,8704.5,8704.5,8700.0,8700.0,60
ASTRAZEN,2026-03-06 15:02:00,8700.0,8700.0,8700.0,8700.0,0
ASTRAZEN,2026-03-06 15:03:00,8700.0,8700.0,8700.0,8700.0,0
ASTRAZEN,2026-03-06 15:04:00,8700.0,8700.0,8700.0,8700.0,5
ASTRAZEN,2026-03-06 15:05:00,8700.0,8700.0,8700.0,8700.0,0
ASTRAZEN,2026-03-06 15:06:00,8700.0,8703.0,8700.0,8703.0,1
ASTRAZEN,2026-03-06 15:08:00,8703.0,8703.0,8703.0,8703.0,0
ASTRAZEN,2026-03-06 15:09:00,8703.0,8703.0,8700.0,8700.0,177
ASTRAZEN,2026-03-06 15:10:00,8700.0,8700.0,8700.0,8700.0,18
ASTRAZEN,2026-03-06 15:11:00,8700.0,8700.5,8700.0,8700.5,103
ASTRAZEN,2026-03-06 15:12:00,8700.5,8700.5,8699.0,8700.5,18
ASTRAZEN,2026-03-06 15:13:00,8700.5,8700.5,8700.5,8700.5,13
ASTRAZEN,2026-03-06 15:14:00,8700.5,8700.5,8700.0,8700.0,3
ASTRAZEN,2026-03-06 15:15:00,8700.0,8700.0,8700.0,8700.0,31
ASTRAZEN,2026-03-06 15:16:00,8700.0,8700.5,8700.0,8700.5,26
ASTRAZEN,2026-03-06 15:17:00,8700.0,8700.0,8700.0,8700.0,15
ASTRAZEN,2026-03-06 15:18:00,8700.0,8700.5,8700.0,8700.5,36
ASTRAZEN,2026-03-06 15:19:00,8700.5,8700.5,8700.5,8700.5,5
ASTRAZEN,2026-03-06 15:20:00,8700.5,8700.5,8700.0,8700.0,38
ASTRAZEN,2026-03-06 15:21:00,8700.0,8700.5,8700.0,8700.0,46
ASTRAZEN,2026-03-06 15:22:00,8700.0,8700.5,8700.0,8700.0,19
ASTRAZEN,2026-03-06 15:23:00,8700.5,8745.0,8700.5,8738.0,91
ASTRAZEN,2026-03-06 15:24:00,8716.0,8738.5,8716.0,8733.0,60
ASTRAZEN,2026-03-06 15:25:00,8733.0,8739.5,8722.0,8722.0,24
ASTRAZEN,2026-03-06 15:26:00,8732.0,8740.0,8732.0,8736.5,25
ASTRAZEN,2026-03-06 15:27:00,8736.5,8740.0,8733.5,8739.0,11
ASTRAZEN,2026-03-06 15:28:00,8738.0,8740.0,8725.5,8725.5,18
ASTRAZEN,2026-03-06 15:29:00,8725.5,8725.5,8674.0,8674.0,135
ASTRAZEN,2026-03-09 09:15:00,8599.5,8599.5,8555.0,8589.0,24
ASTRAZEN,2026-03-09 09:16:00,8589.0,8590.0,8560.0,8560.0,4
ASTRAZEN,2026-03-09 09:17:00,8560.0,8560.0,8560.0,8560.0,4
ASTRAZEN,2026-03-09 09:18:00,8560.0,8585.0,8550.0,8551.0,17
ASTRAZEN,2026-03-09 09:19:00,8550.5,8550.5,8550.5,8550.5,3
ASTRAZEN,2026-03-09 09:20:00,8550.5,8550.5,8550.5,8550.5,0
ASTRAZEN,2026-03-09 09:21:00,8550.5,8550.5,8550.5,8550.5,0
ASTRAZEN,2026-03-09 09:22:00,8550.5,8550.5,8550.5,8550.5,0
ASTRAZEN,2026-03-09 09:23:00,8550.5,8573.0,8550.5,8573.0,4
ASTRAZEN,2026-03-09 09:24:00,8575.5,8575.5,8564.5,8573.5,7
ASTRAZEN,2026-03-09 09:25:00,8573.5,8579.0,8573.5,8579.0,4
ASTRAZEN,2026-03-09 09:26:00,8555.5,8579.0,8541.5,8541.5,53
ASTRAZEN,2026-03-09 09:27:00,8541.5,8541.5,8541.5,8541.5,0
ASTRAZEN,2026-03-09 09:28:00,8541.0,8541.0,8541.0,8541.0,2
ASTRAZEN,2026-03-09 09:29:00,8540.5,8578.0,8540.5,8541.0,18
ASTRAZEN,2026-03-09 09:30:00,8577.5,8577.5,8577.5,8577.5,1
ASTRAZEN,2026-03-09 09:31:00,8541.0,8541.0,8539.0,8539.0,11
ASTRAZEN,2026-03-09 09:32:00,8539.0,8539.0,8539.0,8539.0,0
ASTRAZEN,2026-03-09 09:33:00,8574.5,8574.5,8574.5,8574.5,1
ASTRAZEN,2026-03-09 09:34:00,8574.5,8574.5,8552.5,8559.5,3
ASTRAZEN,2026-03-09 09:35:00,8559.5,8559.5,8543.5,8543.5,1
ASTRAZEN,2026-03-09 09:36:00,8543.5,8543.5,8520.0,8532.0,41
ASTRAZEN,2026-03-09 09:37:00,8532.0,8532.0,8532.0,8532.0,4
ASTRAZEN,2026-03-09 09:38:00,8532.0,8532.0,8532.0,8532.0,20
ASTRAZEN,2026-03-09 09:39:00,8532.0,8532.0,8532.0,8532.0,0
ASTRAZEN,2026-03-09 09:40:00,8532.0,8532.0,8504.5,8532.0,9
ASTRAZEN,2026-03-09 09:41:00,8525.0,8525.0,8525.0,8525.0,191
ASTRAZEN,2026-03-09 09:42:00,8525.0,8525.5,8525.0,8525.5,1
ASTRAZEN,2026-03-09 09:43:00,8525.5,8526.0,8525.5,8526.0,1
ASTRAZEN,2026-03-09 09:44:00,8526.0,8526.0,8526.0,8526.0,1
ASTRAZEN,2026-03-09 09:45:00,8525.5,8526.0,8525.5,8526.0,43
ASTRAZEN,2026-03-09 09:46:00,8526.0,8559.5,8525.5,8559.5,16
ASTRAZEN,2026-03-09 09:47:00,8559.5,8565.0,8558.5,8565.0,121
ASTRAZEN,2026-03-09 09:48:00,8565.0,8565.0,8561.0,8561.0,13
ASTRAZEN,2026-03-09 09:49:00,8561.0,8561.0,8534.0,8534.0,15
ASTRAZEN,2026-03-09 09:50:00,8534.0,8558.5,8534.0,8534.5,13
ASTRAZEN,2026-03-09 09:51:00,8534.5,8559.5,8534.5,8559.5,7
ASTRAZEN,2026-03-09 09:52:00,8559.5,8559.5,8535.0,8535.0,3
ASTRAZEN,2026-03-09 09:53:00,8535.0,8559.0,8535.0,8559.0,6
ASTRAZEN,2026-03-09 09:54:00,8559.0,8559.0,8536.0,8536.0,1
ASTRAZEN,2026-03-09 09:55:00,8536.0,8560.0,8536.0,8560.0,12
ASTRAZEN,2026-03-09 09:56:00,8561.0,8561.0,8536.0,8559.5,13
ASTRAZEN,2026-03-09 09:57:00,8559.5,8563.0,8559.5,8563.0,56
ASTRAZEN,2026-03-09 09:58:00,8563.0,8575.0,8544.5,8544.5,7
ASTRAZEN,2026-03-09 09:59:00,8544.5,8544.5,8544.5,8544.5,1
ASTRAZEN,2026-03-09 10:00:00,8544.5,8545.0,8544.5,8545.0,2
ASTRAZEN,2026-03-09 10:01:00,8545.0,8575.0,8545.0,8575.0,7
ASTRAZEN,2026-03-09 10:02:00,8575.0,8575.0,8574.5,8574.5,16
ASTRAZEN,2026-03-09 10:03:00,8544.5,8544.5,8544.5,8544.5,2
ASTRAZEN,2026-03-09 10:04:00,8544.5,8544.5,8544.5,8544.5,1
ASTRAZEN,2026-03-09 10:05:00,8544.5,8544.5,8541.0,8541.0,11
ASTRAZEN,2026-03-09 10:06:00,8541.0,8541.5,8541.0,8541.5,1
ASTRAZEN,2026-03-09 10:07:00,8549.0,8549.0,8549.0,8549.0,1
ASTRAZEN,2026-03-09 10:08:00,8549.0,8572.0,8549.0,8572.0,8
ASTRAZEN,2026-03-09 10:09:00,8572.0,8572.0,8572.0,8572.0,0
ASTRAZEN,2026-03-09 10:10:00,8572.0,8575.0,8549.0,8575.0,10
ASTRAZEN,2026-03-09 10:11:00,8575.0,8575.0,8575.0,8575.0,0
ASTRAZEN,2026-03-09 10:12:00,8549.0,8549.0,8549.0,8549.0,2
ASTRAZEN,2026-03-09 10:13:00,8549.0,8549.0,8549.0,8549.0,1
ASTRAZEN,2026-03-09 10:14:00,8549.0,8549.0,8549.0,8549.0,0
ASTRAZEN,2026-03-09 10:15:00,8541.0,8573.5,8541.0,8573.5,3
ASTRAZEN,2026-03-09 10:16:00,8573.5,8573.5,8573.5,8573.5,0
ASTRAZEN,2026-03-09 10:17:00,8573.5,8573.5,8544.0,8573.5,6
ASTRAZEN,2026-03-09 10:18:00,8573.5,8573.5,8573.5,8573.5,0
ASTRAZEN,2026-03-09 10:19:00,8543.0,8573.0,8543.0,8573.0,6
ASTRAZEN,2026-03-09 10:20:00,8573.0,8573.0,8543.0,8543.0,0
ASTRAZEN,2026-03-09 10:21:00,8543.0,8543.0,8543.0,8543.0,4
ASTRAZEN,2026-03-09 10:22:00,8543.0,8543.0,8543.0,8543.0,2
ASTRAZEN,2026-03-09 10:23:00,8543.0,8543.0,8543.0,8543.0,0
ASTRAZEN,2026-03-09 10:24:00,8544.0,8544.0,8544.0,8544.0,1
ASTRAZEN,2026-03-09 10:25:00,8546.5,8546.5,8545.0,8545.0,4
ASTRAZEN,2026-03-09 10:26:00,8545.0,8546.0,8545.0,8546.0,1
ASTRAZEN,2026-03-09 10:27:00,8546.0,8556.0,8546.0,8553.5,3
ASTRAZEN,2026-03-09 10:28:00,8553.5,8553.5,8553.5,8553.5,0
ASTRAZEN,2026-03-09 10:29:00,8545.5,8545.5,8545.5,8545.5,1
ASTRAZEN,2026-03-09 10:30:00,8546.5,8546.5,8546.5,8546.5,1
ASTRAZEN,2026-03-09 10:31:00,8546.5,8546.5,8525.0,8528.0,258
ASTRAZEN,2026-03-09 10:32:00,8528.0,8528.0,8510.0,8510.0,7
ASTRAZEN,2026-03-09 10:33:00,8510.0,8510.0,8485.0,8502.5,45
ASTRAZEN,2026-03-09 10:34:00,8502.5,8502.5,8502.5,8502.5,0
ASTRAZEN,2026-03-09 10:35:00,8502.5,8503.5,8488.5,8503.5,28
ASTRAZEN,2026-03-09 10:36:00,8503.5,8503.5,8496.0,8496.0,2
ASTRAZEN,2026-03-09 10:37:00,8496.0,8504.5,8496.0,8504.5,2
ASTRAZEN,2026-03-09 10:38:00,8508.0,8519.0,8508.0,8519.0,5
ASTRAZEN,2026-03-09 10:39:00,8519.0,8519.0,8519.0,8519.0,0
ASTRAZEN,2026-03-09 10:40:00,8519.0,8519.0,8510.0,8510.0,1
ASTRAZEN,2026-03-09 10:41:00,8510.0,8510.0,8501.5,8501.5,1
ASTRAZEN,2026-03-09 10:42:00,8501.5,8501.5,8501.5,8501.5,5
ASTRAZEN,2026-03-09 10:43:00,8501.5,8502.0,8501.5,8502.0,2
ASTRAZEN,2026-03-09 10:44:00,8502.0,8514.5,8502.0,8514.5,3
ASTRAZEN,2026-03-09 10:45:00,8514.5,8514.5,8514.5,8514.5,1
ASTRAZEN,2026-03-09 10:46:00,8514.5,8514.5,8500.0,8500.0,1
ASTRAZEN,2026-03-09 10:47:00,8500.0,8500.0,8500.0,8500.0,1
ASTRAZEN,2026-03-09 10:48:00,8500.0,8500.0,8500.0,8500.0,1
ASTRAZEN,2026-03-09 10:49:00,8500.0,8508.5,8500.0,8508.5,2
ASTRAZEN,2026-03-09 10:50:00,8508.5,8510.0,8508.5,8510.0,11
ASTRAZEN,2026-03-09 10:51:00,8524.5,8524.5,8510.0,8510.0,20
ASTRAZEN,2026-03-09 10:52:00,8510.0,8516.5,8510.0,8516.5,3
ASTRAZEN,2026-03-09 10:53:00,8516.5,8516.5,8505.5,8505.5,1
ASTRAZEN,2026-03-09 10:54:00,8505.5,8505.5,8505.5,8505.5,1
ASTRAZEN,2026-03-09 10:55:00,8505.5,8518.5,8505.5,8518.5,1
ASTRAZEN,2026-03-09 10:56:00,8518.5,8530.5,8518.5,8530.5,1
ASTRAZEN,2026-03-09 10:57:00,8530.5,8573.5,8530.5,8573.5,60
ASTRAZEN,2026-03-09 10:58:00,8560.0,8573.5,8550.0,8573.5,120
ASTRAZEN,2026-03-09 10:59:00,8573.5,8588.5,8571.5,8588.5,22
ASTRAZEN,2026-03-09 11:00:00,8588.5,8588.5,8553.5,8553.5,23
ASTRAZEN,2026-03-09 11:01:00,8523.5,8523.5,8493.0,8493.0,114
ASTRAZEN,2026-03-09 11:02:00,8493.0,8493.0,8485.0,8485.0,1
ASTRAZEN,2026-03-09 11:03:00,8480.0,8480.0,8480.0,8480.0,1
ASTRAZEN,2026-03-09 11:04:00,8480.0,8480.0,8480.0,8480.0,0
ASTRAZEN,2026-03-09 11:05:00,8480.0,8488.0,8480.0,8488.0,36
ASTRAZEN,2026-03-09 11:06:00,8488.0,8497.5,8487.0,8487.0,10
ASTRAZEN,2026-03-09 11:07:00,8487.0,8487.0,8487.0,8487.0,0
ASTRAZEN,2026-03-09 11:08:00,8487.0,8487.0,8487.0,8487.0,0
ASTRAZEN,2026-03-09 11:09:00,8487.0,8487.5,8487.0,8487.5,2
ASTRAZEN,2026-03-09 11:10:00,8487.5,8487.5,8487.0,8487.0,9
ASTRAZEN,2026-03-09 11:11:00,8487.0,8487.0,8480.0,8482.0,42
ASTRAZEN,2026-03-09 11:12:00,8482.0,8482.0,8474.5,8474.5,6
ASTRAZEN,2026-03-09 11:13:00,8474.5,8487.5,8474.5,8487.5,2
ASTRAZEN,2026-03-09 11:14:00,8487.5,8487.5,8487.5,8487.5,0
ASTRAZEN,2026-03-09 11:16:00,8487.5,8493.5,8487.5,8493.5,1
ASTRAZEN,2026-03-09 11:17:00,8493.5,8498.5,8488.5,8488.5,2
ASTRAZEN,2026-03-09 11:18:00,8488.5,8488.5,8488.5,8488.5,0
ASTRAZEN,2026-03-09 11:19:00,8499.0,8499.0,8499.0,8499.0,1
ASTRAZEN,2026-03-09 11:20:00,8499.0,8499.0,8499.0,8499.0,0
ASTRAZEN,2026-03-09 11:21:00,8499.0,8499.0,8499.0,8499.0,0
ASTRAZEN,2026-03-09 11:22:00,8499.0,8499.0,8499.0,8499.0,2
ASTRAZEN,2026-03-09 11:23:00,8499.0,8499.0,8499.0,8499.0,1
ASTRAZEN,2026-03-09 11:24:00,8499.0,8499.0,8498.5,8498.5,2
ASTRAZEN,2026-03-09 11:25:00,8498.5,8498.5,8498.5,8498.5,0
ASTRAZEN,2026-03-09 11:26:00,8491.0,8491.0,8484.5,8484.5,7
ASTRAZEN,2026-03-09 11:27:00,8484.5,8484.5,8484.5,8484.5,0
ASTRAZEN,2026-03-09 11:28:00,8484.5,8484.5,8484.5,8484.5,0
ASTRAZEN,2026-03-09 11:29:00,8484.5,8540.0,8484.5,8540.0,270
ASTRAZEN,2026-03-09 11:30:00,8540.0,8540.0,8540.0,8540.0,0
ASTRAZEN,2026-03-09 11:31:00,8540.0,8542.5,8540.0,8542.5,25
ASTRAZEN,2026-03-09 11:32:00,8542.5,8542.5,8542.5,8542.5,0
ASTRAZEN,2026-03-09 11:33:00,8542.5,8560.0,8542.5,8560.0,15
ASTRAZEN,2026-03-09 11:34:00,8560.0,8560.0,8540.0,8540.0,50
ASTRAZEN,2026-03-09 11:35:00,8540.0,8545.0,8540.0,8545.0,1
ASTRAZEN,2026-03-09 11:36:00,8545.0,8545.0,8545.0,8545.0,0
ASTRAZEN,2026-03-09 11:37:00,8545.0,8545.0,8545.0,8545.0,0
ASTRAZEN,2026-03-09 11:38:00,8545.0,8560.0,8541.0,8560.0,34
ASTRAZEN,2026-03-09 11:39:00,8560.0,8560.0,8560.0,8560.0,0
ASTRAZEN,2026-03-09 11:40:00,8560.0,8560.0,8551.5,8551.5,50
ASTRAZEN,2026-03-09 11:41:00,8551.5,8551.5,8551.5,8551.5,1
ASTRAZEN,2026-03-09 11:42:00,8551.5,8551.5,8551.5,8551.5,0
ASTRAZEN,2026-03-09 11:43:00,8560.0,8560.0,8560.0,8560.0,4
ASTRAZEN,2026-03-09 11:44:00,8560.0,8560.0,8560.0,8560.0,2
ASTRAZEN,2026-03-09 11:45:00,8560.0,8560.0,8560.0,8560.0,0
ASTRAZEN,2026-03-09 11:46:00,8560.0,8560.0,8560.0,8560.0,2
ASTRAZEN,2026-03-09 11:47:00,8560.0,8560.0,8560.0,8560.0,0
ASTRAZEN,2026-03-09 11:48:00,8560.0,8560.0,8560.0,8560.0,2
ASTRAZEN,2026-03-09 11:49:00,8560.0,8560.0,8560.0,8560.0,13
ASTRAZEN,2026-03-09 11:50:00,8560.0,8586.5,8560.0,8570.5,54
ASTRAZEN,2026-03-09 11:51:00,8570.5,8570.5,8559.0,8559.0,48
ASTRAZEN,2026-03-09 11:52:00,8559.0,8559.0,8542.0,8558.5,71
ASTRAZEN,2026-03-09 11:53:00,8558.5,8558.5,8552.5,8552.5,6
ASTRAZEN,2026-03-09 11:54:00,8552.5,8552.5,8552.5,8552.5,0
ASTRAZEN,2026-03-09 11:55:00,8552.5,8552.5,8552.5,8552.5,0
ASTRAZEN,2026-03-09 11:56:00,8552.5,8552.5,8552.5,8552.5,0
ASTRAZEN,2026-03-09 11:57:00,8552.5,8552.5,8552.5,8552.5,0
ASTRAZEN,2026-03-09 11:58:00,8552.5,8552.5,8552.5,8552.5,0
ASTRAZEN,2026-03-09 12:00:00,8552.5,8552.5,8552.5,8552.5,8
ASTRAZEN,2026-03-09 12:01:00,8559.5,8559.5,8559.5,8559.5,2
ASTRAZEN,2026-03-09 12:02:00,8559.5,8559.5,8559.5,8559.5,0
ASTRAZEN,2026-03-09 12:03:00,8559.5,8570.0,8559.5,8570.0,15
ASTRAZEN,2026-03-09 12:04:00,8570.0,8575.5,8570.0,8575.5,1
ASTRAZEN,2026-03-09 12:05:00,8575.5,8575.5,8559.0,8559.0,5
ASTRAZEN,2026-03-09 12:06:00,8559.0,8559.0,8540.0,8548.5,120
ASTRAZEN,2026-03-09 12:07:00,8548.5,8548.5,8548.5,8548.5,0
ASTRAZEN,2026-03-09 12:08:00,8548.5,8548.5,8548.5,8548.5,0
ASTRAZEN,2026-03-09 12:09:00,8548.5,8548.5,8548.5,8548.5,0
ASTRAZEN,2026-03-09 12:10:00,8548.5,8548.5,8548.5,8548.5,0
ASTRAZEN,2026-03-09 12:11:00,8555.0,8555.0,8555.0,8555.0,8
ASTRAZEN,2026-03-09 12:12:00,8555.0,8580.0,8555.0,8579.5,12
ASTRAZEN,2026-03-09 12:13:00,8579.5,8579.5,8579.5,8579.5,10
ASTRAZEN,2026-03-09 12:14:00,8579.5,8579.5,8579.5,8579.5,0
ASTRAZEN,2026-03-09 12:15:00,8579.5,8579.5,8579.5,8579.5,0
ASTRAZEN,2026-03-09 12:16:00,8579.5,8579.5,8579.5,8579.5,0
ASTRAZEN,2026-03-09 12:17:00,8579.5,8579.5,8575.0,8575.0,60
ASTRAZEN,2026-03-09 12:18:00,8575.0,8583.0,8575.0,8583.0,266
ASTRAZEN,2026-03-09 12:19:00,8583.0,8583.0,8574.5,8574.5,1
ASTRAZEN,2026-03-09 12:20:00,8574.5,8574.5,8574.5,8574.5,0
ASTRAZEN,2026-03-09 12:21:00,8587.0,8587.0,8587.0,8587.0,1
ASTRAZEN,2026-03-09 12:22:00,8587.0,8587.0,8587.0,8587.0,0
ASTRAZEN,2026-03-09 12:23:00,8587.0,8587.0,8587.0,8587.0,0
ASTRAZEN,2026-03-09 12:25:00,8587.0,8587.0,8577.0,8577.0,3
ASTRAZEN,2026-03-09 12:26:00,8577.0,8577.0,8564.0,8564.0,101
ASTRAZEN,2026-03-09 12:27:00,8564.0,8629.5,8564.0,8612.5,319
ASTRAZEN,2026-03-09 12:28:00,8612.5,8613.0,8612.5,8613.0,5
ASTRAZEN,2026-03-09 12:29:00,8613.0,8613.0,8613.0,8613.0,0
ASTRAZEN,2026-03-09 12:30:00,8625.0,8640.0,8625.0,8625.0,38
ASTRAZEN,2026-03-09 12:31:00,8625.0,8625.0,8625.0,8625.0,1
ASTRAZEN,2026-03-09 12:32:00,8625.0,8636.0,8625.0,8636.0,0
ASTRAZEN,2026-03-09 12:33:00,8636.0,8636.0,8636.0,8636.0,2
ASTRAZEN,2026-03-09 12:34:00,8636.0,8636.0,8636.0,8636.0,0
ASTRAZEN,2026-03-09 12:35:00,8636.0,8636.0,8636.0,8636.0,0
ASTRAZEN,2026-03-09 12:36:00,8636.0,8648.0,8630.5,8630.5,198
ASTRAZEN,2026-03-09 12:37:00,8630.5,8630.5,8630.5,8630.5,4
ASTRAZEN,2026-03-09 12:38:00,8630.5,8630.5,8630.0,8630.0,2
ASTRAZEN,2026-03-09 12:39:00,8630.0,8630.0,8630.0,8630.0,0
ASTRAZEN,2026-03-09 12:40:00,8630.0,8630.0,8616.0,8616.0,11
ASTRAZEN,2026-03-09 12:41:00,8616.0,8627.5,8616.0,8627.5,1
ASTRAZEN,2026-03-09 12:42:00,8627.5,8632.0,8627.5,8632.0,3
ASTRAZEN,2026-03-09 12:43:00,8632.0,8646.5,8632.0,8637.5,2
ASTRAZEN,2026-03-09 12:44:00,8637.5,8647.0,8633.0,8633.0,102
ASTRAZEN,2026-03-09 12:45:00,8633.0,8633.5,8624.0,8633.5,2
ASTRAZEN,2026-03-09 12:46:00,8633.5,8633.5,8633.5,8633.5,0
ASTRAZEN,2026-03-09 12:47:00,8639.0,8643.5,8639.0,8643.5,3
ASTRAZEN,2026-03-09 12:48:00,8643.5,8643.5,8643.5,8643.5,0
ASTRAZEN,2026-03-09 12:49:00,8646.0,8646.0,8630.5,8630.5,2
ASTRAZEN,2026-03-09 12:50:00,8630.5,8630.5,8630.5,8630.5,0
ASTRAZEN,2026-03-09 12:51:00,8630.5,8632.5,8630.5,8632.5,2
ASTRAZEN,2026-03-09 12:52:00,8632.5,8632.5,8619.5,8619.5,4
ASTRAZEN,2026-03-09 12:53:00,8619.5,8619.5,8619.5,8619.5,0
ASTRAZEN,2026-03-09 12:54:00,8619.5,8619.5,8619.5,8619.5,0
ASTRAZEN,2026-03-09 12:55:00,8619.5,8620.0,8619.5,8620.0,55
ASTRAZEN,2026-03-09 12:56:00,8620.0,8620.0,8620.0,8620.0,0
ASTRAZEN,2026-03-09 12:57:00,8620.0,8620.0,8620.0,8620.0,0
ASTRAZEN,2026-03-09 12:58:00,8620.0,8620.0,8620.0,8620.0,0
ASTRAZEN,2026-03-09 12:59:00,8620.0,8620.0,8620.0,8620.0,0
ASTRAZEN,2026-03-09 13:00:00,8620.0,8620.0,8620.0,8620.0,0
ASTRAZEN,2026-03-09 13:01:00,8620.0,8620.0,8620.0,8620.0,3
ASTRAZEN,2026-03-09 13:02:00,8598.5,8598.5,8570.0,8588.0,211
ASTRAZEN,2026-03-09 13:03:00,8588.5,8588.5,8584.0,8584.0,8
ASTRAZEN,2026-03-09 13:04:00,8584.0,8584.0,8584.0,8584.0,0
ASTRAZEN,2026-03-09 13:05:00,8584.0,8584.0,8577.5,8577.5,5
ASTRAZEN,2026-03-09 13:06:00,8577.5,8577.5,8577.5,8577.5,0
ASTRAZEN,2026-03-09 13:08:00,8577.5,8577.5,8577.5,8577.5,0
ASTRAZEN,2026-03-09 13:09:00,8577.5,8577.5,8577.5,8577.5,0
ASTRAZEN,2026-03-09 13:10:00,8577.5,8577.5,8577.5,8577.5,0
ASTRAZEN,2026-03-09 13:11:00,8577.5,8577.5,8577.5,8577.5,0
ASTRAZEN,2026-03-09 13:12:00,8577.5,8577.5,8577.5,8577.5,0
ASTRAZEN,2026-03-09 13:13:00,8577.5,8579.5,8567.5,8579.5,9
ASTRAZEN,2026-03-09 13:14:00,8579.5,8588.5,8575.0,8588.5,7
ASTRAZEN,2026-03-09 13:15:00,8588.5,8588.5,8588.5,8588.5,0
ASTRAZEN,2026-03-09 13:16:00,8588.5,8588.5,8574.5,8574.5,1
ASTRAZEN,2026-03-09 13:17:00,8574.5,8574.5,8574.5,8574.5,25
ASTRAZEN,2026-03-09 13:18:00,8574.5,8574.5,8574.5,8574.5,0
ASTRAZEN,2026-03-09 13:20:00,8574.5,8574.5,8570.0,8570.0,10
ASTRAZEN,2026-03-09 13:21:00,8570.0,8585.0,8564.0,8564.0,14
ASTRAZEN,2026-03-09 13:22:00,8564.0,8564.0,8564.0,8564.0,0
ASTRAZEN,2026-03-09 13:23:00,8564.0,8576.0,8564.0,8576.0,1
ASTRAZEN,2026-03-09 13:24:00,8576.0,8577.0,8576.0,8577.0,1
ASTRAZEN,2026-03-09 13:25:00,8577.0,8577.0,8550.5,8560.0,42
ASTRAZEN,2026-03-09 13:26:00,8560.0,8568.5,8560.0,8568.5,9
ASTRAZEN,2026-03-09 13:27:00,8568.5,8568.5,8556.5,8563.0,6
ASTRAZEN,2026-03-09 13:28:00,8563.0,8563.0,8559.0,8559.0,2
ASTRAZEN,2026-03-09 13:29:00,8565.5,8565.5,8559.0,8559.0,4
ASTRAZEN,2026-03-09 13:30:00,8548.0,8548.0,8548.0,8548.0,5
ASTRAZEN,2026-03-09 13:31:00,8548.0,8562.0,8548.0,8562.0,4
ASTRAZEN,2026-03-09 13:32:00,8562.0,8572.5,8550.0,8561.5,102
ASTRAZEN,2026-03-09 13:33:00,8561.5,8563.5,8561.5,8563.5,1
ASTRAZEN,2026-03-09 13:34:00,8563.5,8564.0,8563.5,8564.0,1
ASTRAZEN,2026-03-09 13:35:00,8564.0,8565.5,8564.0,8565.5,1
ASTRAZEN,2026-03-09 13:36:00,8565.5,8566.0,8548.5,8548.5,5
ASTRAZEN,2026-03-09 13:37:00,8548.5,8559.0,8548.5,8549.5,5
ASTRAZEN,2026-03-09 13:38:00,8549.5,8560.5,8549.5,8560.5,1
ASTRAZEN,2026-03-09 13:39:00,8560.5,8566.5,8560.5,8566.5,2
ASTRAZEN,2026-03-09 13:40:00,8566.5,8566.5,8566.5,8566.5,1
ASTRAZEN,2026-03-09 13:41:00,8566.5,8568.0,8566.5,8568.0,1
ASTRAZEN,2026-03-09 13:42:00,8568.0,8570.0,8568.0,8570.0,1
ASTRAZEN,2026-03-09 13:43:00,8570.0,8571.5,8570.0,8571.5,1
ASTRAZEN,2026-03-09 13:44:00,8571.5,8572.0,8571.5,8572.0,1
ASTRAZEN,2026-03-09 13:45:00,8572.0,8572.0,8571.0,8571.5,1
ASTRAZEN,2026-03-09 13:46:00,8571.5,8571.5,8541.0,8541.0,104
ASTRAZEN,2026-03-09 13:47:00,8541.0,8550.5,8541.0,8550.5,19
ASTRAZEN,2026-03-09 13:48:00,8553.0,8553.0,8553.0,8553.0,3
ASTRAZEN,2026-03-09 13:49:00,8553.0,8561.5,8553.0,8561.5,1
ASTRAZEN,2026-03-09 13:50:00,8561.5,8561.5,8560.0,8560.0,4
ASTRAZEN,2026-03-09 13:51:00,8560.0,8560.0,8560.0,8560.0,1
ASTRAZEN,2026-03-09 13:52:00,8561.5,8561.5,8550.0,8559.5,3
ASTRAZEN,2026-03-09 13:53:00,8559.5,8564.0,8559.5,8564.0,1
ASTRAZEN,2026-03-09 13:54:00,8561.5,8562.0,8561.5,8562.0,2
ASTRAZEN,2026-03-09 13:55:00,8562.0,8565.0,8562.0,8565.0,11
ASTRAZEN,2026-03-09 13:56:00,8565.0,8565.5,8555.5,8555.5,4
ASTRAZEN,2026-03-09 13:57:00,8555.5,8566.0,8555.5,8566.0,1
ASTRAZEN,2026-03-09 13:58:00,8566.0,8566.0,8563.5,8563.5,1
ASTRAZEN,2026-03-09 13:59:00,8563.5,8563.5,8541.0,8541.0,7
ASTRAZEN,2026-03-09 14:00:00,8550.0,8560.5,8550.0,8560.5,181
ASTRAZEN,2026-03-09 14:01:00,8560.5,8560.5,8560.5,8560.5,0
ASTRAZEN,2026-03-09 14:02:00,8560.5,8560.5,8560.5,8560.5,0
ASTRAZEN,2026-03-09 14:03:00,8560.5,8560.5,8558.5,8558.5,1
ASTRAZEN,2026-03-09 14:04:00,8558.5,8558.5,8558.5,8558.5,0
ASTRAZEN,2026-03-09 14:05:00,8558.5,8558.5,8558.5,8558.5,0
ASTRAZEN,2026-03-09 14:06:00,8558.5,8558.5,8558.5,8558.5,0
ASTRAZEN,2026-03-09 14:07:00,8558.5,8558.5,8558.5,8558.5,0
ASTRAZEN,2026-03-09 14:08:00,8558.5,8559.5,8558.5,8559.5,1
ASTRAZEN,2026-03-09 14:09:00,8559.5,8563.5,8555.0,8555.0,2
ASTRAZEN,2026-03-09 14:11:00,8551.0,8551.0,8551.0,8551.0,18
ASTRAZEN,2026-03-09 14:12:00,8558.0,8558.0,8558.0,8558.0,2
ASTRAZEN,2026-03-09 14:14:00,8558.0,8558.0,8558.0,8558.0,0
ASTRAZEN,2026-03-09 14:15:00,8558.0,8558.0,8558.0,8558.0,0
ASTRAZEN,2026-03-09 14:16:00,8548.5,8558.0,8548.5,8558.0,4
ASTRAZEN,2026-03-09 14:17:00,8558.0,8558.0,8558.0,8558.0,0
ASTRAZEN,2026-03-09 14:18:00,8560.5,8560.5,8560.5,8560.5,4
ASTRAZEN,2026-03-09 14:19:00,8560.5,8560.5,8560.5,8560.5,0
ASTRAZEN,2026-03-09 14:20:00,8552.0,8552.0,8552.0,8552.0,2
ASTRAZEN,2026-03-09 14:21:00,8552.0,8553.0,8552.0,8553.0,1
ASTRAZEN,2026-03-09 14:22:00,8553.0,8553.5,8553.0,8553.5,10
ASTRAZEN,2026-03-09 14:24:00,8553.5,8558.0,8553.5,8554.0,42
ASTRAZEN,2026-03-09 14:25:00,8565.5,8565.5,8565.5,8565.5,10
ASTRAZEN,2026-03-09 14:28:00,8565.5,8565.5,8565.5,8565.5,0
ASTRAZEN,2026-03-09 14:29:00,8565.5,8565.5,8565.5,8565.5,0
ASTRAZEN,2026-03-09 14:30:00,8565.5,8565.5,8565.5,8565.5,0
ASTRAZEN,2026-03-09 14:31:00,8565.5,8565.5,8557.0,8557.0,33
ASTRAZEN,2026-03-09 14:32:00,8557.0,8573.5,8557.0,8573.5,35
ASTRAZEN,2026-03-09 14:33:00,8573.5,8619.5,8573.5,8619.5,34
ASTRAZEN,2026-03-09 14:34:00,8622.0,8634.0,8622.0,8634.0,33
ASTRAZEN,2026-03-09 14:35:00,8634.0,8634.0,8630.0,8630.0,10
ASTRAZEN,2026-03-09 14:36:00,8630.0,8632.5,8616.5,8616.5,6
ASTRAZEN,2026-03-09 14:37:00,8631.5,8631.5,8620.5,8620.5,7
ASTRAZEN,2026-03-09 14:38:00,8620.5,8630.5,8615.5,8628.0,5
ASTRAZEN,2026-03-09 14:39:00,8628.0,8645.0,8616.0,8645.0,50
ASTRAZEN,2026-03-09 14:40:00,8645.0,8664.5,8635.0,8664.5,43
ASTRAZEN,2026-03-09 14:41:00,8664.5,8692.5,8664.5,8692.5,90
ASTRAZEN,2026-03-09 14:42:00,8692.5,8694.0,8682.5,8683.5,37
ASTRAZEN,2026-03-09 14:43:00,8656.0,8656.0,8644.0,8650.0,47
ASTRAZEN,2026-03-09 14:44:00,8650.0,8662.5,8650.0,8659.5,5
ASTRAZEN,2026-03-09 14:45:00,8659.5,8664.0,8651.0,8659.5,4
ASTRAZEN,2026-03-09 14:46:00,8659.5,8672.0,8659.5,8672.0,3
ASTRAZEN,2026-03-09 14:47:00,8672.0,8672.0,8668.0,8668.0,1
ASTRAZEN,2026-03-09 14:48:00,8668.5,8668.5,8653.0,8653.0,2
ASTRAZEN,2026-03-09 14:49:00,8669.0,8669.0,8657.5,8657.5,6
ASTRAZEN,2026-03-09 14:50:00,8651.0,8655.5,8651.0,8655.5,21
ASTRAZEN,2026-03-09 14:51:00,8655.5,8655.5,8655.0,8655.0,1
ASTRAZEN,2026-03-09 14:52:00,8660.5,8665.0,8654.5,8654.5,5
ASTRAZEN,2026-03-09 14:53:00,8650.0,8657.5,8650.0,8657.5,3
ASTRAZEN,2026-03-09 14:54:00,8657.5,8658.0,8657.5,8658.0,1
ASTRAZEN,2026-03-09 14:55:00,8658.0,8658.0,8658.0,8658.0,2
ASTRAZEN,2026-03-09 14:56:00,8660.0,8665.0,8660.0,8665.0,2
ASTRAZEN,2026-03-09 14:57:00,8665.0,8665.0,8664.5,8664.5,1
ASTRAZEN,2026-03-09 14:58:00,8664.5,8664.5,8664.5,8664.5,1
ASTRAZEN,2026-03-09 14:59:00,8665.0,8665.0,8664.5,8664.5,2
ASTRAZEN,2026-03-09 15:00:00,8664.5,8664.5,8655.5,8655.5,17
ASTRAZEN,2026-03-09 15:01:00,8655.5,8655.5,8651.5,8651.5,1
ASTRAZEN,2026-03-09 15:02:00,8651.5,8651.5,8647.0,8647.0,9
ASTRAZEN,2026-03-09 15:03:00,8647.0,8647.0,8640.0,8640.0,5
ASTRAZEN,2026-03-09 15:04:00,8640.0,8651.0,8640.0,8651.0,5
ASTRAZEN,2026-03-09 15:05:00,8649.5,8649.5,8642.5,8642.5,78
ASTRAZEN,2026-03-09 15:06:00,8642.5,8651.0,8642.5,8651.0,3
ASTRAZEN,2026-03-09 15:07:00,8651.0,8651.0,8645.5,8645.5,3
ASTRAZEN,2026-03-09 15:08:00,8645.5,8649.5,8642.0,8642.0,11
ASTRAZEN,2026-03-09 15:09:00,8642.0,8656.5,8642.0,8655.5,28
ASTRAZEN,2026-03-09 15:10:00,8655.5,8665.0,8655.5,8663.0,5
ASTRAZEN,2026-03-09 15:11:00,8663.0,8663.0,8663.0,8663.0,4
ASTRAZEN,2026-03-09 15:12:00,8663.0,8663.0,8658.0,8663.0,13
ASTRAZEN,2026-03-09 15:13:00,8663.0,8665.0,8654.0,8654.0,42
ASTRAZEN,2026-03-09 15:14:00,8661.5,8661.5,8647.5,8647.5,6
ASTRAZEN,2026-03-09 15:15:00,8660.5,8660.5,8652.5,8655.0,26
ASTRAZEN,2026-03-09 15:16:00,8655.0,8679.0,8655.0,8679.0,66
ASTRAZEN,2026-03-09 15:17:00,8679.0,8681.0,8672.5,8672.5,47
ASTRAZEN,2026-03-09 15:18:00,8681.0,8681.0,8662.5,8680.5,4
ASTRAZEN,2026-03-09 15:19:00,8658.5,8680.5,8658.5,8680.5,9
ASTRAZEN,2026-03-09 15:20:00,8680.0,8681.0,8664.0,8664.0,60
ASTRAZEN,2026-03-09 15:21:00,8664.0,8680.5,8664.0,8680.5,2
ASTRAZEN,2026-03-09 15:22:00,8680.0,8680.0,8661.0,8661.0,11
ASTRAZEN,2026-03-09 15:23:00,8679.5,8679.5,8656.5,8679.0,20
ASTRAZEN,2026-03-09 15:24:00,8670.0,8679.0,8658.5,8670.5,15
ASTRAZEN,2026-03-09 15:25:00,8670.5,8675.0,8670.5,8675.0,30
ASTRAZEN,2026-03-09 15:26:00,8668.0,8689.5,8664.0,8664.0,9
ASTRAZEN,2026-03-09 15:27:00,8664.0,8690.0,8664.0,8690.0,100
ASTRAZEN,2026-03-09 15:28:00,8700.0,8700.0,8662.0,8687.5,26
ASTRAZEN,2026-03-09 15:29:00,8687.5,8700.0,8665.0,8665.0,6
ASTRAZEN,2026-03-10 09:15:00,8799.5,8799.5,8702.0,8702.5,3
ASTRAZEN,2026-03-10 09:16:00,8702.0,8702.0,8615.0,8683.5,151
ASTRAZEN,2026-03-10 09:17:00,8683.5,8683.5,8671.5,8671.5,2
ASTRAZEN,2026-03-10 09:18:00,8671.5,8715.0,8671.5,8708.0,108
ASTRAZEN,2026-03-10 09:19:00,8708.0,8708.0,8697.0,8697.0,2
ASTRAZEN,2026-03-10 09:20:00,8697.0,8697.0,8697.0,8697.0,0
ASTRAZEN,2026-03-10 09:21:00,8697.0,8697.0,8697.0,8697.0,0
ASTRAZEN,2026-03-10 09:22:00,8697.0,8708.0,8697.0,8708.0,4
ASTRAZEN,2026-03-10 09:23:00,8708.0,8711.0,8708.0,8711.0,4
ASTRAZEN,2026-03-10 09:24:00,8711.0,8711.0,8708.0,8708.0,9
ASTRAZEN,2026-03-10 09:25:00,8708.0,8708.0,8690.5,8690.5,12
ASTRAZEN,2026-03-10 09:26:00,8690.5,8725.5,8690.5,8725.5,0
ASTRAZEN,2026-03-10 09:27:00,8725.5,8725.5,8724.0,8724.0,38
ASTRAZEN,2026-03-10 09:28:00,8724.0,8724.0,8724.0,8724.0,15
ASTRAZEN,2026-03-10 09:29:00,8750.5,8751.0,8750.5,8751.0,62
ASTRAZEN,2026-03-10 09:30:00,8751.0,8751.0,8739.5,8751.0,49
ASTRAZEN,2026-03-10 09:31:00,8751.0,8751.0,8730.5,8730.5,27
ASTRAZEN,2026-03-10 09:32:00,8730.5,8730.5,8730.5,8730.5,0
ASTRAZEN,2026-03-10 09:33:00,8730.5,8730.5,8719.5,8719.5,7
ASTRAZEN,2026-03-10 09:34:00,8719.5,8719.5,8719.5,8719.5,0
ASTRAZEN,2026-03-10 09:35:00,8719.5,8719.5,8719.5,8719.5,0
ASTRAZEN,2026-03-10 09:36:00,8719.5,8730.5,8719.5,8719.5,1
ASTRAZEN,2026-03-10 09:37:00,8719.5,8719.5,8719.5,8719.5,3
ASTRAZEN,2026-03-10 09:38:00,8736.5,8736.5,8719.5,8719.5,5
ASTRAZEN,2026-03-10 09:39:00,8719.5,8719.5,8719.5,8719.5,1
ASTRAZEN,2026-03-10 09:40:00,8719.5,8719.5,8719.5,8719.5,0
ASTRAZEN,2026-03-10 09:41:00,8719.5,8719.5,8714.0,8714.0,7
ASTRAZEN,2026-03-10 09:42:00,8714.0,8714.0,8700.0,8700.0,86
ASTRAZEN,2026-03-10 09:43:00,8700.0,8719.5,8700.0,8719.5,2
ASTRAZEN,2026-03-10 09:44:00,8719.5,8719.5,8719.5,8719.5,2
ASTRAZEN,2026-03-10 09:45:00,8723.5,8723.5,8723.5,8723.5,1
ASTRAZEN,2026-03-10 09:46:00,8723.5,8723.5,8723.5,8723.5,0
ASTRAZEN,2026-03-10 09:47:00,8723.5,8723.5,8723.5,8723.5,3
ASTRAZEN,2026-03-10 09:48:00,8723.5,8723.5,8723.5,8723.5,0
ASTRAZEN,2026-03-10 09:49:00,8723.5,8723.5,8723.5,8723.5,0
ASTRAZEN,2026-03-10 09:50:00,8723.5,8723.5,8723.5,8723.5,0
ASTRAZEN,2026-03-10 09:51:00,8709.0,8709.0,8709.0,8709.0,1
ASTRAZEN,2026-03-10 09:53:00,8709.0,8709.0,8708.0,8708.0,2
ASTRAZEN,2026-03-10 09:54:00,8708.0,8708.0,8708.0,8708.0,0
ASTRAZEN,2026-03-10 09:55:00,8708.0,8708.0,8708.0,8708.0,0
ASTRAZEN,2026-03-10 09:56:00,8722.0,8722.0,8722.0,8722.0,1
ASTRAZEN,2026-03-10 09:57:00,8722.0,8722.0,8722.0,8722.0,0
ASTRAZEN,2026-03-10 09:58:00,8722.0,8722.0,8722.0,8722.0,0
ASTRAZEN,2026-03-10 09:59:00,8722.0,8722.0,8722.0,8722.0,0
ASTRAZEN,2026-03-10 10:02:00,8722.0,8722.0,8722.0,8722.0,0
ASTRAZEN,2026-03-10 10:03:00,8722.0,8722.0,8722.0,8722.0,0
ASTRAZEN,2026-03-10 10:04:00,8722.0,8722.0,8712.5,8712.5,2
ASTRAZEN,2026-03-10 10:05:00,8712.5,8717.0,8712.5,8717.0,1
ASTRAZEN,2026-03-10 10:06:00,8717.0,8717.0,8712.5,8712.5,2
ASTRAZEN,2026-03-10 10:07:00,8712.5,8712.5,8712.5,8712.5,0
ASTRAZEN,2026-03-10 10:08:00,8712.5,8712.5,8712.5,8712.5,0
ASTRAZEN,2026-03-10 10:09:00,8712.5,8712.5,8712.5,8712.5,0
ASTRAZEN,2026-03-10 10:11:00,8715.5,8715.5,8715.5,8715.5,1
ASTRAZEN,2026-03-10 10:13:00,8715.5,8715.5,8715.5,8715.5,0
ASTRAZEN,2026-03-10 10:14:00,8715.5,8715.5,8715.5,8715.5,0
ASTRAZEN,2026-03-10 10:15:00,8715.5,8722.0,8715.5,8722.0,2
ASTRAZEN,2026-03-10 10:16:00,8734.0,8734.0,8733.0,8733.0,4
ASTRAZEN,2026-03-10 10:17:00,8733.0,8733.0,8729.5,8729.5,2
ASTRAZEN,2026-03-10 10:18:00,8729.5,8729.5,8729.5,8729.5,0
ASTRAZEN,2026-03-10 10:19:00,8733.0,8733.0,8733.0,8733.0,3
ASTRAZEN,2026-03-10 10:20:00,8733.0,8745.0,8733.0,8745.0,15
ASTRAZEN,2026-03-10 10:21:00,8745.0,8745.0,8741.0,8741.0,2
ASTRAZEN,2026-03-10 10:22:00,8741.0,8741.0,8741.0,8741.0,0
ASTRAZEN,2026-03-10 10:23:00,8724.0,8724.0,8724.0,8724.0,9
ASTRAZEN,2026-03-10 10:24:00,8724.0,8724.0,8724.0,8724.0,0
ASTRAZEN,2026-03-10 10:25:00,8724.0,8736.0,8724.0,8736.0,1
ASTRAZEN,2026-03-10 10:26:00,8736.0,8736.0,8736.0,8736.0,0
ASTRAZEN,2026-03-10 10:27:00,8736.0,8736.0,8736.0,8736.0,0
ASTRAZEN,2026-03-10 10:28:00,8715.5,8715.5,8715.5,8715.5,9
ASTRAZEN,2026-03-10 10:29:00,8715.5,8715.5,8710.5,8710.5,1
ASTRAZEN,2026-03-10 10:30:00,8710.5,8710.5,8709.0,8709.0,1
ASTRAZEN,2026-03-10 10:31:00,8709.0,8709.0,8706.0,8706.0,25
ASTRAZEN,2026-03-10 10:32:00,8706.0,8706.0,8704.0,8704.0,1
ASTRAZEN,2026-03-10 10:34:00,8706.0,8706.0,8706.0,8706.0,6
ASTRAZEN,2026-03-10 10:35:00,8706.0,8706.0,8706.0,8706.0,0
ASTRAZEN,2026-03-10 10:36:00,8706.0,8706.0,8696.5,8696.5,4
ASTRAZEN,2026-03-10 10:37:00,8696.5,8707.0,8696.5,8707.0,15
ASTRAZEN,2026-03-10 10:39:00,8707.0,8707.0,8707.0,8707.0,0
ASTRAZEN,2026-03-10 10:40:00,8707.0,8707.0,8707.0,8707.0,0
ASTRAZEN,2026-03-10 10:41:00,8707.0,8707.0,8696.0,8696.0,1
ASTRAZEN,2026-03-10 10:42:00,8696.0,8696.0,8696.0,8696.0,0
ASTRAZEN,2026-03-10 10:43:00,8696.0,8696.0,8690.0,8690.0,1
ASTRAZEN,2026-03-10 10:44:00,8690.0,8690.0,8690.0,8690.0,0
ASTRAZEN,2026-03-10 10:45:00,8690.0,8696.5,8690.0,8696.5,1
ASTRAZEN,2026-03-10 10:46:00,8696.5,8696.5,8696.5,8696.5,0
ASTRAZEN,2026-03-10 10:47:00,8696.5,8696.5,8696.5,8696.5,0
ASTRAZEN,2026-03-10 10:48:00,8696.5,8696.5,8696.5,8696.5,0
ASTRAZEN,2026-03-10 10:49:00,8696.5,8696.5,8696.5,8696.5,0
ASTRAZEN,2026-03-10 10:50:00,8696.5,8696.5,8696.5,8696.5,0
ASTRAZEN,2026-03-10 10:51:00,8696.5,8696.5,8696.5,8696.5,0
ASTRAZEN,2026-03-10 10:52:00,8696.5,8696.5,8696.5,8696.5,0
ASTRAZEN,2026-03-10 10:53:00,8696.5,8696.5,8696.5,8696.5,0
ASTRAZEN,2026-03-10 10:54:00,8696.5,8696.5,8696.5,8696.5,0
ASTRAZEN,2026-03-10 10:55:00,8696.5,8696.5,8696.5,8696.5,0
ASTRAZEN,2026-03-10 10:56:00,8696.5,8696.5,8696.5,8696.5,0
ASTRAZEN,2026-03-10 10:57:00,8696.5,8696.5,8696.5,8696.5,0
ASTRAZEN,2026-03-10 10:58:00,8696.5,8696.5,8696.5,8696.5,0
ASTRAZEN,2026-03-10 11:01:00,8696.5,8696.5,8696.5,8696.5,0
ASTRAZEN,2026-03-10 11:03:00,8696.5,8720.0,8696.5,8720.0,34
ASTRAZEN,2026-03-10 11:04:00,8726.0,8726.0,8726.0,8726.0,4
ASTRAZEN,2026-03-10 11:05:00,8726.0,8729.5,8726.0,8729.5,6
ASTRAZEN,2026-03-10 11:06:00,8729.5,8736.0,8729.5,8736.0,1
ASTRAZEN,2026-03-10 11:07:00,8736.0,8736.0,8736.0,8736.0,0
ASTRAZEN,2026-03-10 11:08:00,8736.0,8736.0,8720.0,8720.0,45
ASTRAZEN,2026-03-10 11:09:00,8721.0,8721.0,8721.0,8721.0,5
ASTRAZEN,2026-03-10 11:10:00,8736.0,8736.0,8736.0,8736.0,2
ASTRAZEN,2026-03-10 11:13:00,8736.0,8736.0,8736.0,8736.0,0
ASTRAZEN,2026-03-10 11:14:00,8736.0,8736.0,8736.0,8736.0,0
ASTRAZEN,2026-03-10 11:15:00,8725.5,8725.5,8725.5,8725.5,16
ASTRAZEN,2026-03-10 11:16:00,8725.5,8725.5,8725.5,8725.5,0
ASTRAZEN,2026-03-10 11:17:00,8725.5,8725.5,8725.5,8725.5,0
ASTRAZEN,2026-03-10 11:19:00,8725.5,8725.5,8720.0,8720.0,12
ASTRAZEN,2026-03-10 11:20:00,8720.0,8730.0,8720.0,8730.0,2
ASTRAZEN,2026-03-10 11:22:00,8730.0,8734.5,8730.0,8734.5,18
ASTRAZEN,2026-03-10 11:23:00,8734.5,8734.5,8734.5,8734.5,0
ASTRAZEN,2026-03-10 11:24:00,8734.5,8734.5,8734.5,8734.5,0
ASTRAZEN,2026-03-10 11:27:00,8734.5,8734.5,8734.5,8734.5,0
ASTRAZEN,2026-03-10 11:30:00,8734.5,8734.5,8734.5,8734.5,0
ASTRAZEN,2026-03-10 11:31:00,8734.0,8763.5,8734.0,8755.5,115
ASTRAZEN,2026-03-10 11:32:00,8755.5,8755.5,8755.5,8755.5,0
ASTRAZEN,2026-03-10 11:33:00,8755.5,8769.5,8755.5,8769.5,5
ASTRAZEN,2026-03-10 11:34:00,8769.5,8769.5,8760.0,8760.0,34
ASTRAZEN,2026-03-10 11:35:00,8760.0,8780.0,8760.0,8780.0,38
ASTRAZEN,2026-03-10 11:36:00,8780.0,8780.0,8780.0,8780.0,0
ASTRAZEN,2026-03-10 11:37:00,8780.0,8780.0,8780.0,8780.0,0
ASTRAZEN,2026-03-10 11:38:00,8780.0,8780.0,8780.0,8780.0,2
ASTRAZEN,2026-03-10 11:39:00,8780.0,8780.0,8780.0,8780.0,0
ASTRAZEN,2026-03-10 11:40:00,8780.0,8780.0,8774.0,8780.0,29
ASTRAZEN,2026-03-10 11:41:00,8780.0,8788.0,8780.0,8788.0,28
ASTRAZEN,2026-03-10 11:42:00,8780.0,8780.0,8780.0,8780.0,5
ASTRAZEN,2026-03-10 11:43:00,8780.0,8780.0,8780.0,8780.0,0
ASTRAZEN,2026-03-10 11:44:00,8780.0,8780.0,8780.0,8780.0,0
ASTRAZEN,2026-03-10 11:45:00,8780.0,8780.0,8780.0,8780.0,0
ASTRAZEN,2026-03-10 11:46:00,8780.0,8780.0,8780.0,8780.0,0
ASTRAZEN,2026-03-10 11:47:00,8780.0,8780.0,8765.0,8780.0,43
ASTRAZEN,2026-03-10 11:49:00,8778.5,8778.5,8778.5,8778.5,1
ASTRAZEN,2026-03-10 11:50:00,8778.5,8778.5,8778.5,8778.5,0
ASTRAZEN,2026-03-10 11:51:00,8786.5,8786.5,8776.0,8776.0,7
ASTRAZEN,2026-03-10 11:52:00,8776.0,8776.0,8776.0,8776.0,0
ASTRAZEN,2026-03-10 11:53:00,8776.0,8785.5,8770.0,8785.5,48
ASTRAZEN,2026-03-10 11:54:00,8785.5,8785.5,8785.5,8785.5,1
ASTRAZEN,2026-03-10 11:55:00,8785.5,8785.5,8785.5,8785.5,0
ASTRAZEN,2026-03-10 11:56:00,8785.5,8787.5,8785.5,8787.5,2
ASTRAZEN,2026-03-10 11:57:00,8787.5,8787.5,8787.5,8787.5,0
ASTRAZEN,2026-03-10 11:59:00,8785.0,8785.0,8785.0,8785.0,20
ASTRAZEN,2026-03-10 12:00:00,8788.0,8788.0,8788.0,8788.0,84
ASTRAZEN,2026-03-10 12:02:00,8788.0,8788.0,8788.0,8788.0,0
ASTRAZEN,2026-03-10 12:03:00,8796.0,8796.0,8796.0,8796.0,3
ASTRAZEN,2026-03-10 12:04:00,8796.0,8796.0,8786.5,8786.5,0
ASTRAZEN,2026-03-10 12:05:00,8786.5,8786.5,8786.5,8786.5,2
ASTRAZEN,2026-03-10 12:06:00,8786.5,8786.5,8778.0,8778.0,20
ASTRAZEN,2026-03-10 12:07:00,8778.0,8778.0,8778.0,8778.0,0
ASTRAZEN,2026-03-10 12:08:00,8778.0,8778.0,8778.0,8778.0,0
ASTRAZEN,2026-03-10 12:09:00,8778.0,8778.0,8778.0,8778.0,0
ASTRAZEN,2026-03-10 12:10:00,8778.0,8778.0,8778.0,8778.0,0
ASTRAZEN,2026-03-10 12:11:00,8778.0,8778.0,8778.0,8778.0,0
ASTRAZEN,2026-03-10 12:12:00,8794.0,8807.5,8794.0,8807.5,63
ASTRAZEN,2026-03-10 12:13:00,8810.0,8810.0,8810.0,8810.0,11
ASTRAZEN,2026-03-10 12:14:00,8810.0,8810.0,8810.0,8810.0,0
ASTRAZEN,2026-03-10 12:15:00,8810.0,8810.0,8810.0,8810.0,0
ASTRAZEN,2026-03-10 12:16:00,8810.0,8818.0,8810.0,8818.0,7
ASTRAZEN,2026-03-10 12:17:00,8818.0,8818.0,8818.0,8818.0,0
ASTRAZEN,2026-03-10 12:19:00,8818.0,8824.0,8818.0,8824.0,17
ASTRAZEN,2026-03-10 12:20:00,8824.0,8824.0,8811.5,8811.5,4
ASTRAZEN,2026-03-10 12:21:00,8811.5,8822.5,8811.5,8822.5,2
ASTRAZEN,2026-03-10 12:22:00,8822.5,8822.5,8822.5,8822.5,0
ASTRAZEN,2026-03-10 12:23:00,8822.5,8822.5,8822.5,8822.5,56
ASTRAZEN,2026-03-10 12:24:00,8822.5,8822.5,8822.5,8822.5,0
ASTRAZEN,2026-03-10 12:25:00,8822.5,8822.5,8822.5,8822.5,0
ASTRAZEN,2026-03-10 12:26:00,8822.5,8822.5,8822.5,8822.5,0
ASTRAZEN,2026-03-10 12:27:00,8822.5,8824.0,8822.5,8824.0,18
ASTRAZEN,2026-03-10 12:28:00,8824.0,8824.0,8824.0,8824.0,0
ASTRAZEN,2026-03-10 12:29:00,8824.0,8824.0,8824.0,8824.0,0
ASTRAZEN,2026-03-10 12:30:00,8824.0,8824.0,8820.0,8820.0,1
ASTRAZEN,2026-03-10 12:31:00,8811.0,8821.0,8811.0,8820.0,22
ASTRAZEN,2026-03-10 12:32:00,8820.0,8823.5,8800.5,8823.5,112
ASTRAZEN,2026-03-10 12:33:00,8822.5,8822.5,8822.5,8822.5,1
ASTRAZEN,2026-03-10 12:34:00,8823.5,8823.5,8823.5,8823.5,2
ASTRAZEN,2026-03-10 12:35:00,8823.5,8823.5,8823.5,8823.5,1
ASTRAZEN,2026-03-10 12:36:00,8823.5,8823.5,8823.0,8823.0,2
ASTRAZEN,2026-03-10 12:37:00,8823.0,8823.0,8822.5,8822.5,1
ASTRAZEN,2026-03-10 12:38:00,8823.5,8823.5,8821.5,8821.5,2
ASTRAZEN,2026-03-10 12:39:00,8823.5,8823.5,8823.5,8823.5,1
ASTRAZEN,2026-03-10 12:40:00,8823.5,8823.5,8823.5,8823.5,12
ASTRAZEN,2026-03-10 12:41:00,8823.5,8824.0,8823.5,8824.0,3
ASTRAZEN,2026-03-10 12:42:00,8822.5,8824.0,8822.5,8824.0,2
ASTRAZEN,2026-03-10 12:43:00,8824.0,8824.0,8823.0,8824.0,12
ASTRAZEN,2026-03-10 12:44:00,8824.0,8824.0,8824.0,8824.0,1
ASTRAZEN,2026-03-10 12:45:00,8824.0,8824.0,8823.5,8824.0,2
ASTRAZEN,2026-03-10 12:46:00,8824.0,8829.5,8824.0,8829.5,77
ASTRAZEN,2026-03-10 12:47:00,8830.0,8839.5,8830.0,8839.5,5
ASTRAZEN,2026-03-10 12:48:00,8839.5,8839.5,8839.0,8839.0,1
ASTRAZEN,2026-03-10 12:49:00,8839.5,8839.5,8839.5,8839.5,2
ASTRAZEN,2026-03-10 12:50:00,8847.5,8849.0,8847.5,8849.0,119
ASTRAZEN,2026-03-10 12:51:00,8849.0,8849.0,8849.0,8849.0,5
ASTRAZEN,2026-03-10 12:52:00,8834.5,8849.0,8834.5,8849.0,2
ASTRAZEN,2026-03-10 12:53:00,8849.0,8849.0,8849.0,8849.0,2
ASTRAZEN,2026-03-10 12:54:00,8849.0,8849.0,8848.0,8848.0,22
ASTRAZEN,2026-03-10 12:55:00,8849.0,8849.0,8849.0,8849.0,17
ASTRAZEN,2026-03-10 12:56:00,8849.0,8849.0,8849.0,8849.0,3
ASTRAZEN,2026-03-10 12:57:00,8849.0,8849.0,8849.0,8849.0,1
ASTRAZEN,2026-03-10 12:58:00,8849.0,8849.0,8840.0,8848.5,11
ASTRAZEN,2026-03-10 12:59:00,8848.5,8849.0,8833.0,8833.0,29
ASTRAZEN,2026-03-10 13:00:00,8833.0,8848.5,8833.0,8848.5,1
ASTRAZEN,2026-03-10 13:01:00,8848.5,8848.5,8848.5,8848.5,0
ASTRAZEN,2026-03-10 13:02:00,8837.0,8846.0,8834.0,8846.0,6
ASTRAZEN,2026-03-10 13:03:00,8846.0,8849.0,8846.0,8849.0,12
ASTRAZEN,2026-03-10 13:04:00,8849.0,8849.0,8849.0,8849.0,0
ASTRAZEN,2026-03-10 13:05:00,8849.0,8849.0,8849.0,8849.0,0
ASTRAZEN,2026-03-10 13:06:00,8849.0,8849.0,8839.5,8839.5,6
ASTRAZEN,2026-03-10 13:07:00,8842.0,8843.0,8842.0,8843.0,2
ASTRAZEN,2026-03-10 13:08:00,8843.0,8846.5,8843.0,8846.5,1
ASTRAZEN,2026-03-10 13:10:00,8846.5,8846.5,8846.5,8846.5,0
ASTRAZEN,2026-03-10 13:11:00,8834.5,8834.5,8833.5,8833.5,22
ASTRAZEN,2026-03-10 13:13:00,8844.5,8846.5,8844.0,8846.5,4
ASTRAZEN,2026-03-10 13:14:00,8846.5,8846.5,8846.5,8846.5,0
ASTRAZEN,2026-03-10 13:15:00,8849.0,8849.0,8839.5,8839.5,2
ASTRAZEN,2026-03-10 13:16:00,8839.5,8839.5,8837.0,8837.5,16
ASTRAZEN,2026-03-10 13:18:00,8837.0,8837.5,8837.0,8837.5,2
ASTRAZEN,2026-03-10 13:19:00,8837.5,8837.5,8837.5,8837.5,0
ASTRAZEN,2026-03-10 13:20:00,8837.5,8843.5,8837.5,8843.5,4
ASTRAZEN,2026-03-10 13:21:00,8844.0,8844.5,8844.0,8844.0,5
ASTRAZEN,2026-03-10 13:22:00,8844.0,8844.0,8844.0,8844.0,0
ASTRAZEN,2026-03-10 13:23:00,8844.0,8844.0,8844.0,8844.0,0
ASTRAZEN,2026-03-10 13:24:00,8843.0,8843.0,8843.0,8843.0,2
ASTRAZEN,2026-03-10 13:26:00,8843.0,8843.0,8843.0,8843.0,0
ASTRAZEN,2026-03-10 13:27:00,8834.0,8834.0,8831.5,8831.5,11
ASTRAZEN,2026-03-10 13:28:00,8831.5,8831.5,8826.5,8826.5,5
ASTRAZEN,2026-03-10 13:29:00,8821.0,8823.0,8821.0,8821.0,11
ASTRAZEN,2026-03-10 13:30:00,8821.0,8821.0,8821.0,8821.0,0
ASTRAZEN,2026-03-10 13:31:00,8821.0,8821.0,8817.5,8817.5,45
ASTRAZEN,2026-03-10 13:32:00,8820.0,8820.0,8813.0,8813.0,9
ASTRAZEN,2026-03-10 13:33:00,8813.0,8813.0,8813.0,8813.0,2
ASTRAZEN,2026-03-10 13:34:00,8800.0,8800.0,8800.0,8800.0,30
ASTRAZEN,2026-03-10 13:35:00,8800.0,8800.0,8800.0,8800.0,0
ASTRAZEN,2026-03-10 13:36:00,8800.0,8800.0,8800.0,8800.0,0
ASTRAZEN,2026-03-10 13:37:00,8800.0,8802.5,8800.0,8802.5,10
ASTRAZEN,2026-03-10 13:38:00,8802.5,8802.5,8802.5,8802.5,0
ASTRAZEN,2026-03-10 13:39:00,8802.5,8802.5,8802.5,8802.5,0
ASTRAZEN,2026-03-10 13:40:00,8802.5,8812.5,8802.5,8812.5,28
ASTRAZEN,2026-03-10 13:41:00,8812.5,8816.5,8812.5,8816.5,3
ASTRAZEN,2026-03-10 13:42:00,8816.5,8817.5,8816.5,8817.5,3
ASTRAZEN,2026-03-10 13:43:00,8817.5,8817.5,8816.5,8816.5,1
ASTRAZEN,2026-03-10 13:44:00,8822.5,8822.5,8822.5,8822.5,3
ASTRAZEN,2026-03-10 13:45:00,8822.5,8822.5,8822.5,8822.5,0
ASTRAZEN,2026-03-10 13:46:00,8822.5,8822.5,8816.0,8816.0,18
ASTRAZEN,2026-03-10 13:47:00,8816.0,8816.0,8800.0,8800.0,10
ASTRAZEN,2026-03-10 13:48:00,8800.0,8844.0,8800.0,8844.0,231
ASTRAZEN,2026-03-10 13:49:00,8844.0,8844.0,8844.0,8844.0,0
ASTRAZEN,2026-03-10 13:50:00,8844.0,8844.0,8824.5,8824.5,2
ASTRAZEN,2026-03-10 13:51:00,8824.5,8824.5,8824.5,8824.5,1
ASTRAZEN,2026-03-10 13:52:00,8838.0,8838.0,8838.0,8838.0,1
ASTRAZEN,2026-03-10 13:53:00,8838.0,8838.0,8824.0,8838.0,4
ASTRAZEN,2026-03-10 13:54:00,8838.0,8838.0,8838.0,8838.0,0
ASTRAZEN,2026-03-10 13:55:00,8838.0,8838.0,8822.0,8822.0,0
ASTRAZEN,2026-03-10 13:56:00,8822.0,8836.5,8822.0,8836.5,3
ASTRAZEN,2026-03-10 13:57:00,8824.5,8836.5,8822.5,8822.5,4
ASTRAZEN,2026-03-10 13:58:00,8822.5,8822.5,8822.5,8822.5,1
ASTRAZEN,2026-03-10 13:59:00,8822.5,8822.5,8822.5,8822.5,0
ASTRAZEN,2026-03-10 14:00:00,8822.5,8822.5,8822.0,8822.0,1
ASTRAZEN,2026-03-10 14:01:00,8822.0,8822.5,8822.0,8822.5,1
ASTRAZEN,2026-03-10 14:02:00,8838.0,8838.0,8824.5,8824.5,12
ASTRAZEN,2026-03-10 14:03:00,8824.5,8838.0,8824.5,8837.5,30
ASTRAZEN,2026-03-10 14:04:00,8837.5,8837.5,8825.5,8825.5,1
ASTRAZEN,2026-03-10 14:05:00,8825.5,8838.0,8825.5,8838.0,3
ASTRAZEN,2026-03-10 14:06:00,8838.0,8838.0,8820.5,8823.5,29
ASTRAZEN,2026-03-10 14:07:00,8823.5,8823.5,8823.5,8823.5,0
ASTRAZEN,2026-03-10 14:08:00,8827.5,8827.5,8827.5,8827.5,1
ASTRAZEN,2026-03-10 14:09:00,8827.5,8838.0,8827.5,8833.0,4
ASTRAZEN,2026-03-10 14:11:00,8833.0,8838.0,8833.0,8838.0,2
ASTRAZEN,2026-03-10 14:12:00,8838.0,8838.0,8833.0,8833.0,1
ASTRAZEN,2026-03-10 14:13:00,8833.0,8833.0,8830.0,8830.0,1
ASTRAZEN,2026-03-10 14:14:00,8830.0,8830.0,8830.0,8830.0,0
ASTRAZEN,2026-03-10 14:15:00,8837.5,8837.5,8837.5,8837.5,2
ASTRAZEN,2026-03-10 14:16:00,8837.5,8837.5,8837.5,8837.5,0
ASTRAZEN,2026-03-10 14:17:00,8837.5,8837.5,8837.5,8837.5,0
ASTRAZEN,2026-03-10 14:18:00,8838.0,8838.0,8838.0,8838.0,2
ASTRAZEN,2026-03-10 14:19:00,8838.0,8838.0,8838.0,8838.0,0
ASTRAZEN,2026-03-10 14:20:00,8838.0,8838.0,8838.0,8838.0,0
ASTRAZEN,2026-03-10 14:21:00,8838.0,8838.0,8824.0,8824.0,14
ASTRAZEN,2026-03-10 14:22:00,8824.0,8836.0,8824.0,8826.0,2
ASTRAZEN,2026-03-10 14:23:00,8826.0,8826.0,8826.0,8826.0,0
ASTRAZEN,2026-03-10 14:24:00,8828.0,8828.0,8828.0,8828.0,1
ASTRAZEN,2026-03-10 14:25:00,8828.0,8828.0,8826.5,8826.5,1
ASTRAZEN,2026-03-10 14:26:00,8826.5,8827.0,8826.5,8827.0,1
ASTRAZEN,2026-03-10 14:27:00,8827.0,8835.0,8826.5,8835.0,3
ASTRAZEN,2026-03-10 14:28:00,8835.0,8835.0,8826.0,8826.0,1
ASTRAZEN,2026-03-10 14:29:00,8826.0,8826.0,8826.0,8826.0,1
ASTRAZEN,2026-03-10 14:30:00,8826.0,8836.5,8826.0,8827.5,3
ASTRAZEN,2026-03-10 14:31:00,8827.5,8837.5,8827.5,8837.5,1
ASTRAZEN,2026-03-10 14:32:00,8837.5,8837.5,8826.5,8826.5,1
ASTRAZEN,2026-03-10 14:33:00,8826.5,8826.5,8826.5,8826.5,4
ASTRAZEN,2026-03-10 14:34:00,8824.5,8825.5,8822.5,8822.5,7
ASTRAZEN,2026-03-10 14:35:00,8822.5,8822.5,8822.0,8822.0,3
ASTRAZEN,2026-03-10 14:36:00,8822.0,8822.0,8822.0,8822.0,1
ASTRAZEN,2026-03-10 14:37:00,8822.0,8822.0,8822.0,8822.0,19
ASTRAZEN,2026-03-10 14:38:00,8822.0,8822.0,8822.0,8822.0,0
ASTRAZEN,2026-03-10 14:39:00,8820.0,8820.0,8816.0,8816.0,2
ASTRAZEN,2026-03-10 14:40:00,8816.0,8816.5,8816.0,8816.5,1
ASTRAZEN,2026-03-10 14:41:00,8816.5,8818.0,8816.5,8818.0,4
ASTRAZEN,2026-03-10 14:42:00,8818.0,8838.0,8817.5,8838.0,16
ASTRAZEN,2026-03-10 14:43:00,8835.5,8838.0,8817.5,8824.5,9
ASTRAZEN,2026-03-10 14:44:00,8824.5,8824.5,8816.0,8816.0,14
ASTRAZEN,2026-03-10 14:45:00,8816.0,8816.0,8813.5,8813.5,16
ASTRAZEN,2026-03-10 14:46:00,8829.5,8829.5,8829.5,8829.5,1
ASTRAZEN,2026-03-10 14:47:00,8818.5,8818.5,8818.5,8818.5,1
ASTRAZEN,2026-03-10 14:48:00,8818.5,8819.5,8818.5,8819.5,1
ASTRAZEN,2026-03-10 14:49:00,8819.5,8825.0,8819.5,8820.0,24
ASTRAZEN,2026-03-10 14:50:00,8820.0,8820.0,8812.0,8812.0,1
ASTRAZEN,2026-03-10 14:51:00,8812.0,8812.0,8812.0,8812.0,0
ASTRAZEN,2026-03-10 14:52:00,8809.0,8812.0,8805.0,8810.0,83
ASTRAZEN,2026-03-10 14:53:00,8810.0,8810.0,8810.0,8810.0,0
ASTRAZEN,2026-03-10 14:54:00,8810.0,8810.0,8802.0,8802.0,4
ASTRAZEN,2026-03-10 14:55:00,8802.0,8802.0,8802.0,8802.0,0
ASTRAZEN,2026-03-10 14:56:00,8802.0,8802.0,8802.0,8802.0,0
ASTRAZEN,2026-03-10 14:57:00,8802.0,8802.0,8802.0,8802.0,0
ASTRAZEN,2026-03-10 14:58:00,8802.0,8815.5,8802.0,8815.5,13
ASTRAZEN,2026-03-10 14:59:00,8815.5,8815.5,8810.5,8810.5,8
ASTRAZEN,2026-03-10 15:00:00,8811.0,8820.0,8811.0,8820.0,5
ASTRAZEN,2026-03-10 15:01:00,8820.0,8829.0,8820.0,8829.0,6
ASTRAZEN,2026-03-10 15:02:00,8829.0,8829.0,8816.5,8822.0,3
ASTRAZEN,2026-03-10 15:03:00,8827.0,8827.0,8822.5,8822.5,3
ASTRAZEN,2026-03-10 15:04:00,8829.0,8829.5,8825.5,8825.5,13
ASTRAZEN,2026-03-10 15:05:00,8825.5,8828.5,8822.5,8828.5,3
ASTRAZEN,2026-03-10 15:06:00,8834.5,8838.0,8834.0,8838.0,11
ASTRAZEN,2026-03-10 15:07:00,8833.0,8839.0,8833.0,8839.0,6
ASTRAZEN,2026-03-10 15:08:00,8827.5,8839.0,8825.0,8825.0,6
ASTRAZEN,2026-03-10 15:09:00,8825.0,8825.0,8820.0,8825.0,31
ASTRAZEN,2026-03-10 15:10:00,8825.0,8825.0,8810.0,8811.5,7
ASTRAZEN,2026-03-10 15:11:00,8811.5,8825.0,8811.5,8825.0,10
ASTRAZEN,2026-03-10 15:12:00,8809.5,8825.0,8809.5,8825.0,13
ASTRAZEN,2026-03-10 15:13:00,8825.0,8831.0,8808.5,8831.0,15
ASTRAZEN,2026-03-10 15:14:00,8831.0,8835.0,8812.5,8816.5,27
ASTRAZEN,2026-03-10 15:15:00,8817.5,8817.5,8809.0,8811.5,105
ASTRAZEN,2026-03-10 15:16:00,8811.5,8811.5,8802.5,8804.5,67
ASTRAZEN,2026-03-10 15:17:00,8804.5,8804.5,8802.5,8803.5,14
ASTRAZEN,2026-03-10 15:18:00,8825.5,8830.0,8804.0,8829.5,28
ASTRAZEN,2026-03-10 15:19:00,8829.5,8829.5,8807.0,8829.5,11
ASTRAZEN,2026-03-10 15:20:00,8829.5,8829.5,8818.0,8818.0,25
ASTRAZEN,2026-03-10 15:21:00,8818.0,8824.5,8814.5,8824.5,23
ASTRAZEN,2026-03-10 15:22:00,8824.5,8824.5,8810.5,8822.0,10
ASTRAZEN,2026-03-10 15:23:00,8817.5,8822.0,8811.0,8822.0,14
ASTRAZEN,2026-03-10 15:24:00,8810.0,8822.0,8810.0,8822.0,21
ASTRAZEN,2026-03-10 15:25:00,8822.0,8822.0,8803.5,8820.5,31
ASTRAZEN,2026-03-10 15:26:00,8820.0,8821.5,8806.0,8808.0,10
ASTRAZEN,2026-03-10 15:27:00,8811.5,8820.5,8806.0,8820.5,30
ASTRAZEN,2026-03-10 15:28:00,8820.5,8820.5,8794.0,8816.5,38
ASTRAZEN,2026-03-10 15:29:00,8822.0,8822.0,8794.0,8794.0,5
ASTRAZEN,2026-03-11 09:15:00,8815.5,8850.0,8797.5,8812.5,96
ASTRAZEN,2026-03-11 09:16:00,8812.5,8820.0,8812.5,8820.0,10
ASTRAZEN,2026-03-11 09:17:00,8820.0,8820.0,8820.0,8820.0,0
ASTRAZEN,2026-03-11 09:18:00,8820.0,8826.0,8820.0,8826.0,33
ASTRAZEN,2026-03-11 09:19:00,8826.0,8826.0,8826.0,8826.0,0
ASTRAZEN,2026-03-11 09:20:00,8829.0,8829.0,8829.0,8829.0,1
ASTRAZEN,2026-03-11 09:21:00,8829.0,8859.5,8829.0,8859.5,255
ASTRAZEN,2026-03-11 09:22:00,8859.5,8859.5,8840.5,8843.0,6
ASTRAZEN,2026-03-11 09:23:00,8843.0,8843.0,8843.0,8843.0,8
ASTRAZEN,2026-03-11 09:24:00,8843.0,8843.0,8843.0,8843.0,0
ASTRAZEN,2026-03-11 09:25:00,8849.0,8849.5,8829.0,8829.0,40
ASTRAZEN,2026-03-11 09:26:00,8829.0,8839.0,8816.5,8816.5,6
ASTRAZEN,2026-03-11 09:27:00,8816.5,8816.5,8816.5,8816.5,0
ASTRAZEN,2026-03-11 09:28:00,8816.5,8816.5,8816.5,8816.5,0
ASTRAZEN,2026-03-11 09:29:00,8816.5,8816.5,8816.5,8816.5,0
ASTRAZEN,2026-03-11 09:30:00,8816.5,8816.5,8816.5,8816.5,0
ASTRAZEN,2026-03-11 09:31:00,8816.5,8816.5,8816.5,8816.5,0
ASTRAZEN,2026-03-11 09:32:00,8816.5,8835.5,8816.5,8835.5,15
ASTRAZEN,2026-03-11 09:33:00,8835.5,8837.5,8835.5,8837.5,10
ASTRAZEN,2026-03-11 09:34:00,8837.5,8837.5,8837.5,8837.5,0
ASTRAZEN,2026-03-11 09:35:00,8837.5,8837.5,8820.0,8820.0,10
ASTRAZEN,2026-03-11 09:36:00,8820.0,8820.0,8820.0,8820.0,0
ASTRAZEN,2026-03-11 09:37:00,8820.0,8822.5,8820.0,8822.5,1
ASTRAZEN,2026-03-11 09:38:00,8818.0,8818.0,8818.0,8818.0,5
ASTRAZEN,2026-03-11 09:39:00,8810.0,8810.0,8810.0,8810.0,10
ASTRAZEN,2026-03-11 09:40:00,8810.0,8810.0,8810.0,8810.0,0
ASTRAZEN,2026-03-11 09:41:00,8810.0,8810.0,8810.0,8810.0,0
ASTRAZEN,2026-03-11 09:42:00,8810.0,8810.0,8810.0,8810.0,0
ASTRAZEN,2026-03-11 09:43:00,8810.0,8810.0,8810.0,8810.0,0
ASTRAZEN,2026-03-11 09:44:00,8810.0,8810.0,8810.0,8810.0,0
ASTRAZEN,2026-03-11 09:46:00,8810.0,8810.0,8810.0,8810.0,0
ASTRAZEN,2026-03-11 09:47:00,8811.0,8811.0,8811.0,8811.0,10
ASTRAZEN,2026-03-11 09:48:00,8811.0,8811.0,8811.0,8811.0,0
ASTRAZEN,2026-03-11 09:49:00,8811.0,8811.0,8811.0,8811.0,0
ASTRAZEN,2026-03-11 09:50:00,8811.0,8811.0,8811.0,8811.0,0
ASTRAZEN,2026-03-11 09:51:00,8811.0,8811.0,8811.0,8811.0,0
ASTRAZEN,2026-03-11 09:52:00,8811.0,8811.0,8808.5,8808.5,0
ASTRAZEN,2026-03-11 09:53:00,8808.5,8808.5,8808.5,8808.5,6
ASTRAZEN,2026-03-11 09:54:00,8809.5,8809.5,8809.5,8809.5,1
ASTRAZEN,2026-03-11 09:55:00,8817.5,8817.5,8817.5,8817.5,1
ASTRAZEN,2026-03-11 09:56:00,8817.5,8817.5,8817.5,8817.5,10
ASTRAZEN,2026-03-11 09:57:00,8817.5,8817.5,8817.5,8817.5,0
ASTRAZEN,2026-03-11 09:58:00,8817.5,8817.5,8817.5,8817.5,0
ASTRAZEN,2026-03-11 09:59:00,8817.5,8817.5,8817.5,8817.5,0
ASTRAZEN,2026-03-11 10:00:00,8817.5,8817.5,8817.5,8817.5,0
ASTRAZEN,2026-03-11 10:01:00,8817.5,8817.5,8817.5,8817.5,10
ASTRAZEN,2026-03-11 10:02:00,8791.0,8791.0,8791.0,8791.0,56
ASTRAZEN,2026-03-11 10:03:00,8791.0,8791.0,8791.0,8791.0,0
ASTRAZEN,2026-03-11 10:04:00,8791.0,8791.0,8791.0,8791.0,0
ASTRAZEN,2026-03-11 10:06:00,8791.0,8817.0,8791.0,8815.0,11
ASTRAZEN,2026-03-11 10:07:00,8815.0,8815.0,8803.5,8803.5,2
ASTRAZEN,2026-03-11 10:08:00,8803.5,8803.5,8803.5,8803.5,0
ASTRAZEN,2026-03-11 10:09:00,8803.5,8803.5,8803.5,8803.5,0
ASTRAZEN,2026-03-11 10:10:00,8803.5,8803.5,8803.5,8803.5,0
ASTRAZEN,2026-03-11 10:12:00,8803.5,8803.5,8803.5,8803.5,1
ASTRAZEN,2026-03-11 10:13:00,8803.5,8803.5,8800.0,8800.0,9
ASTRAZEN,2026-03-11 10:14:00,8800.0,8800.0,8800.0,8800.0,0
ASTRAZEN,2026-03-11 10:15:00,8800.0,8806.5,8800.0,8806.5,3
ASTRAZEN,2026-03-11 10:16:00,8806.5,8806.5,8806.5,8806.5,0
ASTRAZEN,2026-03-11 10:17:00,8806.5,8806.5,8806.5,8806.5,0
ASTRAZEN,2026-03-11 10:18:00,8806.5,8806.5,8806.5,8806.5,0
ASTRAZEN,2026-03-11 10:19:00,8800.0,8800.0,8800.0,8800.0,2
ASTRAZEN,2026-03-11 10:20:00,8800.0,8800.0,8800.0,8800.0,0
ASTRAZEN,2026-03-11 10:21:00,8800.0,8800.0,8800.0,8800.0,0
ASTRAZEN,2026-03-11 10:22:00,8807.0,8807.0,8807.0,8807.0,4
ASTRAZEN,2026-03-11 10:23:00,8807.0,8807.0,8807.0,8807.0,0
ASTRAZEN,2026-03-11 10:24:00,8807.0,8807.0,8807.0,8807.0,0
ASTRAZEN,2026-03-11 10:25:00,8807.0,8807.0,8807.0,8807.0,0
ASTRAZEN,2026-03-11 10:26:00,8807.0,8807.0,8807.0,8807.0,0
ASTRAZEN,2026-03-11 10:27:00,8807.0,8807.0,8799.5,8799.5,1
ASTRAZEN,2026-03-11 10:28:00,8799.5,8799.5,8799.5,8799.5,0
ASTRAZEN,2026-03-11 10:29:00,8799.5,8799.5,8799.5,8799.5,0
ASTRAZEN,2026-03-11 10:30:00,8799.0,8799.0,8799.0,8799.0,17
ASTRAZEN,2026-03-11 10:31:00,8786.0,8796.0,8786.0,8796.0,13
ASTRAZEN,2026-03-11 10:32:00,8796.0,8796.0,8796.0,8796.0,0
ASTRAZEN,2026-03-11 10:33:00,8796.0,8796.0,8795.5,8795.5,1
ASTRAZEN,2026-03-11 10:34:00,8795.5,8795.5,8795.5,8795.5,0
ASTRAZEN,2026-03-11 10:35:00,8795.5,8795.5,8795.5,8795.5,0
ASTRAZEN,2026-03-11 10:36:00,8795.5,8795.5,8795.5,8795.5,0
ASTRAZEN,2026-03-11 10:37:00,8795.5,8795.5,8795.5,8795.5,0
ASTRAZEN,2026-03-11 10:38:00,8795.5,8795.5,8795.5,8795.5,1
ASTRAZEN,2026-03-11 10:39:00,8795.5,8795.5,8795.5,8795.5,1
ASTRAZEN,2026-03-11 10:40:00,8795.5,8795.5,8795.5,8795.5,0
ASTRAZEN,2026-03-11 10:41:00,8795.5,8795.5,8795.5,8795.5,1
ASTRAZEN,2026-03-11 10:42:00,8795.5,8795.5,8795.5,8795.5,0
ASTRAZEN,2026-03-11 10:43:00,8795.5,8796.0,8795.5,8796.0,10
ASTRAZEN,2026-03-11 10:44:00,8796.0,8796.0,8796.0,8796.0,0
ASTRAZEN,2026-03-11 10:45:00,8796.0,8796.0,8796.0,8796.0,0
ASTRAZEN,2026-03-11 10:46:00,8796.0,8796.0,8796.0,8796.0,0
ASTRAZEN,2026-03-11 10:47:00,8796.0,8796.0,8796.0,8796.0,0
ASTRAZEN,2026-03-11 10:48:00,8796.0,8796.0,8796.0,8796.0,0
ASTRAZEN,2026-03-11 10:49:00,8796.0,8796.0,8796.0,8796.0,0
ASTRAZEN,2026-03-11 10:50:00,8781.5,8781.5,8781.5,8781.5,8
ASTRAZEN,2026-03-11 10:52:00,8781.5,8792.0,8781.5,8792.0,1
ASTRAZEN,2026-03-11 10:53:00,8792.0,8792.0,8792.0,8792.0,0
ASTRAZEN,2026-03-11 10:54:00,8792.0,8792.0,8792.0,8792.0,0
ASTRAZEN,2026-03-11 10:55:00,8792.0,8792.0,8772.5,8772.5,5
ASTRAZEN,2026-03-11 10:56:00,8772.5,8789.0,8772.5,8789.0,3
ASTRAZEN,2026-03-11 10:57:00,8789.0,8789.0,8789.0,8789.0,0
ASTRAZEN,2026-03-11 10:59:00,8789.0,8789.0,8789.0,8789.0,0
ASTRAZEN,2026-03-11 11:00:00,8789.0,8789.0,8789.0,8789.0,0
ASTRAZEN,2026-03-11 11:01:00,8790.0,8790.0,8790.0,8790.0,1
ASTRAZEN,2026-03-11 11:02:00,8790.0,8790.0,8790.0,8790.0,0
ASTRAZEN,2026-03-11 11:03:00,8790.0,8790.0,8790.0,8790.0,0
ASTRAZEN,2026-03-11 11:04:00,8790.0,8790.0,8790.0,8790.0,0
ASTRAZEN,2026-03-11 11:05:00,8790.0,8790.0,8790.0,8790.0,0
ASTRAZEN,2026-03-11 11:06:00,8773.0,8773.0,8773.0,8773.0,1
ASTRAZEN,2026-03-11 11:07:00,8773.0,8773.0,8773.0,8773.0,0
ASTRAZEN,2026-03-11 11:08:00,8773.0,8773.0,8773.0,8773.0,0
ASTRAZEN,2026-03-11 11:09:00,8773.0,8773.0,8773.0,8773.0,0
ASTRAZEN,2026-03-11 11:12:00,8773.0,8773.0,8773.0,8773.0,0
ASTRAZEN,2026-03-11 11:15:00,8773.0,8773.0,8773.0,8773.0,0
ASTRAZEN,2026-03-11 11:17:00,8773.0,8773.0,8773.0,8773.0,0
ASTRAZEN,2026-03-11 11:18:00,8783.0,8783.0,8783.0,8783.0,2
ASTRAZEN,2026-03-11 11:19:00,8783.0,8823.5,8780.0,8820.5,31
ASTRAZEN,2026-03-11 11:20:00,8809.5,8816.5,8778.5,8778.5,22
ASTRAZEN,2026-03-11 11:21:00,8771.0,8771.0,8740.0,8741.0,47
ASTRAZEN,2026-03-11 11:22:00,8741.0,8745.0,8741.0,8745.0,7
ASTRAZEN,2026-03-11 11:23:00,8745.0,8745.0,8745.0,8745.0,0
ASTRAZEN,2026-03-11 11:24:00,8745.0,8745.0,8723.0,8723.0,27
ASTRAZEN,2026-03-11 11:25:00,8723.0,8726.5,8723.0,8726.5,8
ASTRAZEN,2026-03-11 11:26:00,8730.0,8730.0,8720.5,8730.0,4
ASTRAZEN,2026-03-11 11:27:00,8730.0,8730.0,8730.0,8730.0,0
ASTRAZEN,2026-03-11 11:28:00,8730.0,8739.5,8730.0,8739.5,15
ASTRAZEN,2026-03-11 11:29:00,8739.5,8739.5,8721.0,8721.0,6
ASTRAZEN,2026-03-11 11:30:00,8721.0,8721.0,8720.0,8720.0,1
ASTRAZEN,2026-03-11 11:31:00,8720.0,8720.0,8720.0,8720.0,0
ASTRAZEN,2026-03-11 11:32:00,8720.0,8726.0,8720.0,8726.0,1
ASTRAZEN,2026-03-11 11:33:00,8726.0,8726.0,8726.0,8726.0,0
ASTRAZEN,2026-03-11 11:35:00,8726.0,8726.0,8720.0,8720.0,0
ASTRAZEN,2026-03-11 11:36:00,8720.0,8720.0,8708.0,8708.0,4
ASTRAZEN,2026-03-11 11:37:00,8708.0,8727.5,8708.0,8718.0,52
ASTRAZEN,2026-03-11 11:38:00,8718.0,8721.0,8718.0,8720.5,4
ASTRAZEN,2026-03-11 11:39:00,8720.5,8720.5,8720.5,8720.5,0
ASTRAZEN,2026-03-11 11:40:00,8720.5,8745.0,8720.5,8729.0,150
ASTRAZEN,2026-03-11 11:41:00,8729.0,8729.0,8729.0,8729.0,0
ASTRAZEN,2026-03-11 11:42:00,8729.0,8766.0,8729.0,8743.5,21
ASTRAZEN,2026-03-11 11:43:00,8743.5,8743.5,8743.5,8743.5,0
ASTRAZEN,2026-03-11 11:44:00,8730.0,8730.0,8722.5,8722.5,81
ASTRAZEN,2026-03-11 11:45:00,8722.5,8724.0,8722.5,8724.0,5
ASTRAZEN,2026-03-11 11:47:00,8735.0,8735.0,8735.0,8735.0,1
ASTRAZEN,2026-03-11 11:48:00,8735.0,8735.0,8735.0,8735.0,0
ASTRAZEN,2026-03-11 11:49:00,8735.0,8735.0,8735.0,8735.0,0
ASTRAZEN,2026-03-11 11:50:00,8735.0,8735.0,8735.0,8735.0,0
ASTRAZEN,2026-03-11 11:51:00,8723.5,8723.5,8723.5,8723.5,1
ASTRAZEN,2026-03-11 11:52:00,8723.5,8723.5,8723.0,8723.0,1
ASTRAZEN,2026-03-11 11:53:00,8723.0,8723.0,8716.5,8716.5,5
ASTRAZEN,2026-03-11 11:54:00,8716.5,8716.5,8716.5,8716.5,0
ASTRAZEN,2026-03-11 11:55:00,8716.5,8716.5,8716.5,8716.5,4
ASTRAZEN,2026-03-11 11:56:00,8716.5,8716.5,8716.5,8716.5,0
ASTRAZEN,2026-03-11 11:57:00,8716.5,8716.5,8716.5,8716.5,0
ASTRAZEN,2026-03-11 11:58:00,8722.5,8727.0,8722.5,8727.0,4
ASTRAZEN,2026-03-11 11:59:00,8727.0,8735.0,8727.0,8735.0,0
ASTRAZEN,2026-03-11 12:00:00,8735.0,8735.0,8734.0,8734.0,2
ASTRAZEN,2026-03-11 12:01:00,8734.0,8734.0,8734.0,8734.0,0
ASTRAZEN,2026-03-11 12:03:00,8734.0,8734.0,8734.0,8734.0,0
ASTRAZEN,2026-03-11 12:04:00,8734.0,8734.0,8734.0,8734.0,0
ASTRAZEN,2026-03-11 12:05:00,8734.0,8734.0,8734.0,8734.0,0
ASTRAZEN,2026-03-11 12:07:00,8734.0,8735.0,8734.0,8735.0,1
ASTRAZEN,2026-03-11 12:08:00,8735.0,8735.0,8735.0,8735.0,0
ASTRAZEN,2026-03-11 12:09:00,8735.0,8735.0,8735.0,8735.0,0
ASTRAZEN,2026-03-11 12:10:00,8735.0,8735.0,8735.0,8735.0,0
ASTRAZEN,2026-03-11 12:11:00,8735.0,8735.0,8735.0,8735.0,5
ASTRAZEN,2026-03-11 12:12:00,8735.0,8735.0,8735.0,8735.0,0
ASTRAZEN,2026-03-11 12:13:00,8735.0,8735.0,8735.0,8735.0,0
ASTRAZEN,2026-03-11 12:14:00,8735.0,8735.0,8735.0,8735.0,0
ASTRAZEN,2026-03-11 12:15:00,8735.0,8735.0,8735.0,8735.0,0
ASTRAZEN,2026-03-11 12:17:00,8731.5,8731.5,8731.5,8731.5,1
ASTRAZEN,2026-03-11 12:21:00,8732.5,8732.5,8732.5,8732.5,2
ASTRAZEN,2026-03-11 12:22:00,8732.5,8732.5,8732.5,8732.5,0
ASTRAZEN,2026-03-11 12:24:00,8732.5,8732.5,8732.5,8732.5,0
ASTRAZEN,2026-03-11 12:25:00,8732.5,8732.5,8732.5,8732.5,0
ASTRAZEN,2026-03-11 12:27:00,8732.5,8732.5,8732.5,8732.5,0
ASTRAZEN,2026-03-11 12:31:00,8732.5,8732.5,8732.5,8732.5,0
ASTRAZEN,2026-03-11 12:32:00,8732.5,8732.5,8732.5,8732.5,0
ASTRAZEN,2026-03-11 12:33:00,8732.5,8732.5,8732.5,8732.5,0
ASTRAZEN,2026-03-11 12:34:00,8730.0,8730.0,8730.0,8730.0,1
ASTRAZEN,2026-03-11 12:36:00,8730.0,8730.0,8730.0,8730.0,0
ASTRAZEN,2026-03-11 12:37:00,8730.0,8730.0,8730.0,8730.0,0
ASTRAZEN,2026-03-11 12:38:00,8719.5,8719.5,8719.5,8719.5,3
ASTRAZEN,2026-03-11 12:40:00,8718.5,8718.5,8718.5,8718.5,2
ASTRAZEN,2026-03-11 12:42:00,8718.5,8718.5,8718.5,8718.5,0
ASTRAZEN,2026-03-11 12:44:00,8718.5,8718.5,8718.5,8718.5,0
ASTRAZEN,2026-03-11 12:45:00,8718.5,8718.5,8718.5,8718.5,0
ASTRAZEN,2026-03-11 12:47:00,8722.0,8722.0,8722.0,8722.0,20
ASTRAZEN,2026-03-11 12:48:00,8722.0,8722.0,8722.0,8722.0,0
ASTRAZEN,2026-03-11 12:49:00,8722.0,8722.0,8722.0,8722.0,0
ASTRAZEN,2026-03-11 12:50:00,8722.0,8722.0,8722.0,8722.0,0
ASTRAZEN,2026-03-11 12:56:00,8722.0,8722.0,8722.0,8722.0,0
ASTRAZEN,2026-03-11 12:57:00,8722.0,8722.0,8722.0,8722.0,0
ASTRAZEN,2026-03-11 13:00:00,8722.0,8722.0,8722.0,8722.0,0
ASTRAZEN,2026-03-11 13:01:00,8722.0,8722.0,8722.0,8722.0,0
ASTRAZEN,2026-03-11 13:02:00,8722.0,8722.0,8722.0,8722.0,0
ASTRAZEN,2026-03-11 13:03:00,8722.0,8722.0,8722.0,8722.0,3
ASTRAZEN,2026-03-11 13:04:00,8722.0,8722.0,8722.0,8722.0,0
ASTRAZEN,2026-03-11 13:05:00,8722.0,8722.0,8722.0,8722.0,0
ASTRAZEN,2026-03-11 13:06:00,8722.0,8722.0,8722.0,8722.0,0
ASTRAZEN,2026-03-11 13:07:00,8722.0,8722.0,8722.0,8722.0,0
ASTRAZEN,2026-03-11 13:08:00,8722.0,8722.0,8710.0,8710.0,1
ASTRAZEN,2026-03-11 13:09:00,8710.0,8710.0,8710.0,8710.0,0
ASTRAZEN,2026-03-11 13:10:00,8710.0,8710.0,8710.0,8710.0,0
ASTRAZEN,2026-03-11 13:11:00,8719.0,8719.0,8709.5,8709.5,3
ASTRAZEN,2026-03-11 13:12:00,8709.5,8709.5,8709.5,8709.5,0
ASTRAZEN,2026-03-11 13:13:00,8709.5,8709.5,8709.5,8709.5,0
ASTRAZEN,2026-03-11 13:14:00,8708.0,8708.0,8666.0,8666.0,32
ASTRAZEN,2026-03-11 13:15:00,8666.0,8666.0,8666.0,8666.0,0
ASTRAZEN,2026-03-11 13:16:00,8666.0,8666.0,8666.0,8666.0,0
ASTRAZEN,2026-03-11 13:17:00,8666.0,8666.0,8652.5,8654.0,5
ASTRAZEN,2026-03-11 13:18:00,8654.0,8654.5,8650.0,8650.0,7
ASTRAZEN,2026-03-11 13:19:00,8645.0,8651.0,8645.0,8649.5,21
ASTRAZEN,2026-03-11 13:20:00,8649.5,8649.5,8649.5,8649.5,0
ASTRAZEN,2026-03-11 13:21:00,8649.5,8660.0,8649.5,8660.0,5
ASTRAZEN,2026-03-11 13:22:00,8660.0,8660.0,8660.0,8660.0,0
ASTRAZEN,2026-03-11 13:23:00,8668.5,8685.0,8668.5,8679.5,11
ASTRAZEN,2026-03-11 13:24:00,8685.0,8692.0,8676.5,8692.0,28
ASTRAZEN,2026-03-11 13:25:00,8692.0,8702.5,8692.0,8702.5,9
ASTRAZEN,2026-03-11 13:26:00,8697.5,8720.5,8697.5,8718.0,18
ASTRAZEN,2026-03-11 13:27:00,8709.5,8709.5,8696.0,8704.5,10
ASTRAZEN,2026-03-11 13:28:00,8704.5,8729.5,8704.5,8729.5,9
ASTRAZEN,2026-03-11 13:29:00,8729.5,8730.5,8723.5,8723.5,7
ASTRAZEN,2026-03-11 13:30:00,8723.5,8723.5,8692.5,8692.5,11
ASTRAZEN,2026-03-11 13:31:00,8692.5,8692.5,8669.5,8669.5,10
ASTRAZEN,2026-03-11 13:32:00,8669.5,8673.5,8669.5,8673.5,1
ASTRAZEN,2026-03-11 13:33:00,8673.5,8673.5,8673.5,8673.5,0
ASTRAZEN,2026-03-11 13:34:00,8673.5,8678.0,8661.0,8661.0,11
ASTRAZEN,2026-03-11 13:35:00,8661.0,8668.0,8661.0,8668.0,2
ASTRAZEN,2026-03-11 13:36:00,8668.0,8668.0,8667.5,8667.5,2
ASTRAZEN,2026-03-11 13:37:00,8667.5,8667.5,8667.5,8667.5,0
ASTRAZEN,2026-03-11 13:38:00,8667.5,8667.5,8663.0,8664.0,35
ASTRAZEN,2026-03-11 13:39:00,8664.0,8664.0,8664.0,8664.0,0
ASTRAZEN,2026-03-11 13:40:00,8664.0,8664.0,8664.0,8664.0,0
ASTRAZEN,2026-03-11 13:41:00,8664.0,8664.0,8664.0,8664.0,0
ASTRAZEN,2026-03-11 13:42:00,8664.0,8674.5,8664.0,8674.5,1
ASTRAZEN,2026-03-11 13:43:00,8674.5,8674.5,8674.5,8674.5,0
ASTRAZEN,2026-03-11 13:44:00,8674.5,8674.5,8674.5,8674.5,0
ASTRAZEN,2026-03-11 13:45:00,8674.5,8674.5,8665.0,8665.0,6
ASTRAZEN,2026-03-11 13:46:00,8674.5,8674.5,8674.5,8674.5,1
ASTRAZEN,2026-03-11 13:47:00,8674.5,8674.5,8674.5,8674.5,0
ASTRAZEN,2026-03-11 13:48:00,8665.0,8665.0,8665.0,8665.0,12
ASTRAZEN,2026-03-11 13:49:00,8665.0,8677.0,8665.0,8666.0,2
ASTRAZEN,2026-03-11 13:51:00,8666.0,8666.0,8666.0,8666.0,0
ASTRAZEN,2026-03-11 13:52:00,8666.0,8677.0,8666.0,8677.0,1
ASTRAZEN,2026-03-11 13:53:00,8677.0,8677.0,8665.0,8665.0,1
ASTRAZEN,2026-03-11 13:54:00,8665.0,8665.0,8665.0,8665.0,0
ASTRAZEN,2026-03-11 13:55:00,8665.0,8665.0,8665.0,8665.0,0
ASTRAZEN,2026-03-11 13:56:00,8678.0,8678.0,8678.0,8678.0,1
ASTRAZEN,2026-03-11 13:58:00,8678.0,8678.0,8678.0,8678.0,0
ASTRAZEN,2026-03-11 13:59:00,8678.0,8678.0,8678.0,8678.0,1
ASTRAZEN,2026-03-11 14:00:00,8678.0,8678.0,8678.0,8678.0,0
ASTRAZEN,2026-03-11 14:01:00,8678.0,8678.0,8678.0,8678.0,0
ASTRAZEN,2026-03-11 14:02:00,8678.0,8678.0,8677.0,8677.0,1
ASTRAZEN,2026-03-11 14:03:00,8677.0,8677.0,8677.0,8677.0,0
ASTRAZEN,2026-03-11 14:04:00,8677.0,8677.0,8665.0,8665.0,30
ASTRAZEN,2026-03-11 14:05:00,8665.0,8665.0,8660.0,8660.0,1
ASTRAZEN,2026-03-11 14:06:00,8660.0,8665.0,8660.0,8660.0,3
ASTRAZEN,2026-03-11 14:07:00,8660.0,8660.0,8651.5,8651.5,5
ASTRAZEN,2026-03-11 14:08:00,8643.5,8643.5,8640.0,8640.0,9
ASTRAZEN,2026-03-11 14:09:00,8640.0,8647.5,8639.0,8647.5,9
ASTRAZEN,2026-03-11 14:10:00,8635.0,8635.0,8625.5,8625.5,9
ASTRAZEN,2026-03-11 14:11:00,8634.0,8647.5,8634.0,8647.5,10
ASTRAZEN,2026-03-11 14:12:00,8634.0,8659.5,8634.0,8659.5,24
ASTRAZEN,2026-03-11 14:13:00,8659.5,8659.5,8659.5,8659.5,0
ASTRAZEN,2026-03-11 14:14:00,8659.5,8659.5,8659.5,8659.5,3
ASTRAZEN,2026-03-11 14:15:00,8691.0,8696.0,8691.0,8696.0,72
ASTRAZEN,2026-03-11 14:16:00,8696.0,8708.5,8696.0,8708.5,3
ASTRAZEN,2026-03-11 14:17:00,8708.5,8708.5,8692.0,8692.0,1
ASTRAZEN,2026-03-11 14:18:00,8692.0,8692.0,8687.5,8687.5,1
ASTRAZEN,2026-03-11 14:19:00,8687.5,8707.0,8687.5,8707.0,45
ASTRAZEN,2026-03-11 14:20:00,8707.0,8707.5,8707.0,8707.5,9
ASTRAZEN,2026-03-11 14:21:00,8707.5,8713.0,8707.5,8713.0,3
ASTRAZEN,2026-03-11 14:22:00,8713.0,8713.0,8711.0,8711.0,2
ASTRAZEN,2026-03-11 14:23:00,8722.5,8723.0,8722.5,8723.0,2
ASTRAZEN,2026-03-11 14:24:00,8723.0,8723.0,8711.0,8711.0,1
ASTRAZEN,2026-03-11 14:25:00,8711.0,8711.0,8709.5,8709.5,18
ASTRAZEN,2026-03-11 14:26:00,8718.0,8719.0,8718.0,8719.0,3
ASTRAZEN,2026-03-11 14:27:00,8719.0,8719.0,8701.0,8701.0,4
ASTRAZEN,2026-03-11 14:28:00,8701.0,8716.0,8701.0,8716.0,2
ASTRAZEN,2026-03-11 14:29:00,8714.0,8722.0,8714.0,8722.0,6
ASTRAZEN,2026-03-11 14:30:00,8722.0,8732.0,8722.0,8732.0,26
ASTRAZEN,2026-03-11 14:31:00,8732.0,8751.0,8732.0,8751.0,7
ASTRAZEN,2026-03-11 14:32:00,8751.0,8755.5,8751.0,8755.5,1
ASTRAZEN,2026-03-11 14:33:00,8746.0,8746.0,8736.0,8736.0,32
ASTRAZEN,2026-03-11 14:34:00,8736.0,8736.0,8724.5,8724.5,2
ASTRAZEN,2026-03-11 14:35:00,8738.0,8738.0,8738.0,8738.0,4
ASTRAZEN,2026-03-11 14:36:00,8725.0,8741.0,8725.0,8726.0,3
ASTRAZEN,2026-03-11 14:37:00,8726.0,8726.0,8724.5,8724.5,2
ASTRAZEN,2026-03-11 14:38:00,8724.0,8741.0,8724.0,8741.0,5
ASTRAZEN,2026-03-11 14:39:00,8741.0,8748.0,8741.0,8748.0,3
ASTRAZEN,2026-03-11 14:40:00,8748.0,8748.0,8748.0,8748.0,0
ASTRAZEN,2026-03-11 14:41:00,8748.0,8748.0,8740.0,8740.0,1
ASTRAZEN,2026-03-11 14:42:00,8740.0,8740.0,8738.5,8738.5,1
ASTRAZEN,2026-03-11 14:43:00,8753.5,8753.5,8738.0,8738.0,3
ASTRAZEN,2026-03-11 14:44:00,8738.0,8738.5,8734.5,8738.5,2
ASTRAZEN,2026-03-11 14:45:00,8738.5,8741.5,8728.5,8739.0,11
ASTRAZEN,2026-03-11 14:46:00,8739.0,8753.5,8739.0,8753.5,2
ASTRAZEN,2026-03-11 14:47:00,8753.5,8753.5,8736.0,8736.0,22
ASTRAZEN,2026-03-11 14:49:00,8736.0,8752.0,8736.0,8752.0,7
ASTRAZEN,2026-03-11 14:50:00,8752.0,8752.0,8752.0,8752.0,0
ASTRAZEN,2026-03-11 14:51:00,8752.0,8752.0,8743.5,8743.5,2
ASTRAZEN,2026-03-11 14:52:00,8743.5,8748.5,8743.5,8748.5,8
ASTRAZEN,2026-03-11 14:53:00,8748.5,8750.0,8748.5,8750.0,1
ASTRAZEN,2026-03-11 14:54:00,8750.0,8750.0,8750.0,8750.0,15
ASTRAZEN,2026-03-11 14:55:00,8750.0,8753.0,8750.0,8753.0,1
ASTRAZEN,2026-03-11 14:56:00,8753.0,8753.0,8753.0,8753.0,1
ASTRAZEN,2026-03-11 14:57:00,8753.0,8753.0,8753.0,8753.0,0
ASTRAZEN,2026-03-11 14:58:00,8753.0,8753.0,8740.0,8740.0,5
ASTRAZEN,2026-03-11 14:59:00,8740.0,8742.5,8740.0,8742.5,1
ASTRAZEN,2026-03-11 15:00:00,8745.0,8745.0,8744.5,8744.5,3
ASTRAZEN,2026-03-11 15:01:00,8744.5,8744.5,8744.5,8744.5,0
ASTRAZEN,2026-03-11 15:02:00,8768.5,8779.5,8764.5,8764.5,46
ASTRAZEN,2026-03-11 15:03:00,8760.5,8760.5,8760.5,8760.5,1
ASTRAZEN,2026-03-11 15:04:00,8760.5,8760.5,8760.5,8760.5,0
ASTRAZEN,2026-03-11 15:05:00,8760.5,8760.5,8760.5,8760.5,1
ASTRAZEN,2026-03-11 15:06:00,8752.5,8752.5,8752.0,8752.0,3
ASTRAZEN,2026-03-11 15:07:00,8748.0,8758.0,8748.0,8758.0,4
ASTRAZEN,2026-03-11 15:08:00,8758.0,8758.0,8758.0,8758.0,0
ASTRAZEN,2026-03-11 15:09:00,8758.0,8758.0,8750.5,8758.0,3
ASTRAZEN,2026-03-11 15:10:00,8758.0,8758.5,8758.0,8758.5,1
ASTRAZEN,2026-03-11 15:11:00,8758.5,8758.5,8758.5,8758.5,2
ASTRAZEN,2026-03-11 15:12:00,8751.0,8752.5,8750.0,8750.0,69
ASTRAZEN,2026-03-11 15:13:00,8750.0,8759.5,8750.0,8759.5,12
ASTRAZEN,2026-03-11 15:14:00,8759.5,8760.5,8759.5,8760.5,4
ASTRAZEN,2026-03-11 15:15:00,8750.5,8759.5,8750.0,8759.5,47
ASTRAZEN,2026-03-11 15:16:00,8755.0,8755.0,8750.0,8755.0,68
ASTRAZEN,2026-03-11 15:17:00,8755.0,8759.5,8755.0,8759.5,5
ASTRAZEN,2026-03-11 15:18:00,8760.0,8760.0,8750.0,8760.0,15
ASTRAZEN,2026-03-11 15:19:00,8755.5,8760.0,8755.5,8760.0,6
ASTRAZEN,2026-03-11 15:20:00,8760.0,8760.0,8759.5,8759.5,3
ASTRAZEN,2026-03-11 15:21:00,8760.0,8760.0,8759.5,8759.5,3
ASTRAZEN,2026-03-11 15:22:00,8759.5,8759.5,8751.0,8751.0,64
ASTRAZEN,2026-03-11 15:23:00,8755.5,8755.5,8751.0,8752.0,14
ASTRAZEN,2026-03-11 15:24:00,8752.0,8752.5,8751.0,8751.0,8
ASTRAZEN,2026-03-11 15:25:00,8751.0,8753.0,8751.0,8753.0,15
ASTRAZEN,2026-03-11 15:26:00,8753.0,8753.0,8751.0,8753.0,29
ASTRAZEN,2026-03-11 15:27:00,8753.0,8786.0,8753.0,8779.5,23
ASTRAZEN,2026-03-11 15:28:00,8779.5,8779.5,8751.0,8751.0,50
ASTRAZEN,2026-03-11 15:29:00,8751.0,8825.0,8691.0,8691.0,89
ASTRAZEN,2026-03-12 09:15:00,8700.0,8726.5,8691.5,8691.5,23
ASTRAZEN,2026-03-12 09:16:00,8691.5,8691.5,8660.0,8660.0,7
ASTRAZEN,2026-03-12 09:17:00,8660.0,8660.0,8613.5,8613.5,6
ASTRAZEN,2026-03-12 09:18:00,8644.5,8644.5,8596.5,8596.5,46
ASTRAZEN,2026-03-12 09:19:00,8596.5,8596.5,8596.5,8596.5,0
ASTRAZEN,2026-03-12 09:20:00,8596.5,8622.0,8596.5,8622.0,2
ASTRAZEN,2026-03-12 09:21:00,8634.0,8634.0,8612.5,8625.5,23
ASTRAZEN,2026-03-12 09:22:00,8625.5,8625.5,8604.5,8604.5,44
ASTRAZEN,2026-03-12 09:23:00,8604.0,8604.0,8603.0,8603.0,2
ASTRAZEN,2026-03-12 09:24:00,8603.0,8622.0,8603.0,8622.0,26
ASTRAZEN,2026-03-12 09:25:00,8622.0,8622.0,8610.0,8610.0,3
ASTRAZEN,2026-03-12 09:26:00,8609.0,8610.5,8609.0,8610.5,2
ASTRAZEN,2026-03-12 09:27:00,8610.5,8617.0,8607.5,8607.5,3
ASTRAZEN,2026-03-12 09:28:00,8604.0,8604.0,8604.0,8604.0,1
ASTRAZEN,2026-03-12 09:29:00,8604.0,8604.0,8604.0,8604.0,2
ASTRAZEN,2026-03-12 09:30:00,8604.0,8604.0,8596.5,8596.5,18
ASTRAZEN,2026-03-12 09:31:00,8596.5,8596.5,8596.5,8596.5,1
ASTRAZEN,2026-03-12 09:32:00,8596.5,8596.5,8585.0,8585.0,23
ASTRAZEN,2026-03-12 09:33:00,8580.5,8580.5,8580.5,8580.5,4
ASTRAZEN,2026-03-12 09:34:00,8583.0,8583.5,8576.0,8580.5,17
ASTRAZEN,2026-03-12 09:35:00,8580.5,8580.5,8580.5,8580.5,0
ASTRAZEN,2026-03-12 09:36:00,8580.5,8580.5,8580.5,8580.5,0
ASTRAZEN,2026-03-12 09:37:00,8580.5,8580.5,8580.5,8580.5,0
ASTRAZEN,2026-03-12 09:38:00,8580.5,8580.5,8580.5,8580.5,0
ASTRAZEN,2026-03-12 09:39:00,8580.5,8580.5,8580.5,8580.5,0
ASTRAZEN,2026-03-12 09:40:00,8580.5,8585.0,8580.5,8585.0,2
ASTRAZEN,2026-03-12 09:41:00,8585.0,8604.5,8585.0,8595.5,33
ASTRAZEN,2026-03-12 09:42:00,8595.5,8611.5,8595.5,8596.0,30
ASTRAZEN,2026-03-12 09:43:00,8596.0,8596.0,8596.0,8596.0,0
ASTRAZEN,2026-03-12 09:44:00,8600.5,8614.0,8598.5,8614.0,28
ASTRAZEN,2026-03-12 09:45:00,8614.0,8614.0,8614.0,8614.0,0
ASTRAZEN,2026-03-12 09:46:00,8614.0,8614.0,8614.0,8614.0,0
ASTRAZEN,2026-03-12 09:47:00,8620.0,8620.0,8611.0,8611.0,7
ASTRAZEN,2026-03-12 09:48:00,8632.5,8633.0,8611.0,8627.5,38
ASTRAZEN,2026-03-12 09:49:00,8636.5,8642.5,8622.0,8629.5,20
ASTRAZEN,2026-03-12 09:50:00,8623.0,8626.0,8623.0,8626.0,5
ASTRAZEN,2026-03-12 09:51:00,8616.0,8616.0,8610.5,8610.5,17
ASTRAZEN,2026-03-12 09:52:00,8610.5,8610.5,8610.5,8610.5,0
ASTRAZEN,2026-03-12 09:53:00,8610.5,8610.5,8610.5,8610.5,0
ASTRAZEN,2026-03-12 09:54:00,8611.5,8618.0,8611.5,8618.0,20
ASTRAZEN,2026-03-12 09:55:00,8618.0,8618.0,8618.0,8618.0,0
ASTRAZEN,2026-03-12 09:56:00,8618.0,8639.0,8618.0,8639.0,3
ASTRAZEN,2026-03-12 09:57:00,8639.0,8639.0,8639.0,8639.0,0
ASTRAZEN,2026-03-12 09:58:00,8639.0,8639.0,8624.5,8637.0,13
ASTRAZEN,2026-03-12 09:59:00,8637.0,8637.0,8637.0,8637.0,0
ASTRAZEN,2026-03-12 10:00:00,8637.0,8637.0,8634.0,8634.0,2
ASTRAZEN,2026-03-12 10:01:00,8634.0,8634.0,8634.0,8634.0,0
ASTRAZEN,2026-03-12 10:02:00,8624.0,8624.0,8620.0,8620.0,4
ASTRAZEN,2026-03-12 10:03:00,8620.0,8620.0,8620.0,8620.0,0
ASTRAZEN,2026-03-12 10:05:00,8620.0,8620.0,8620.0,8620.0,0
ASTRAZEN,2026-03-12 10:06:00,8620.0,8632.5,8619.5,8632.5,2
ASTRAZEN,2026-03-12 10:07:00,8632.5,8632.5,8622.5,8622.5,0
ASTRAZEN,2026-03-12 10:08:00,8622.5,8622.5,8622.5,8622.5,119
ASTRAZEN,2026-03-12 10:09:00,8622.5,8622.5,8622.5,8622.5,0
ASTRAZEN,2026-03-12 10:10:00,8622.5,8622.5,8622.5,8622.5,0
ASTRAZEN,2026-03-12 10:11:00,8622.5,8622.5,8622.5,8622.5,0
ASTRAZEN,2026-03-12 10:12:00,8622.5,8629.5,8622.5,8629.5,1
ASTRAZEN,2026-03-12 10:13:00,8632.5,8632.5,8632.5,8632.5,1
ASTRAZEN,2026-03-12 10:14:00,8632.5,8632.5,8632.5,8632.5,0
ASTRAZEN,2026-03-12 10:15:00,8632.5,8632.5,8632.5,8632.5,0
ASTRAZEN,2026-03-12 10:16:00,8632.5,8632.5,8615.0,8615.0,12
ASTRAZEN,2026-03-12 10:17:00,8615.0,8615.0,8615.0,8615.0,0
ASTRAZEN,2026-03-12 10:18:00,8615.0,8615.0,8615.0,8615.0,0
ASTRAZEN,2026-03-12 10:19:00,8615.0,8615.0,8615.0,8615.0,0
ASTRAZEN,2026-03-12 10:20:00,8615.0,8615.0,8615.0,8615.0,0
ASTRAZEN,2026-03-12 10:21:00,8607.5,8607.5,8604.5,8604.5,18
ASTRAZEN,2026-03-12 10:22:00,8604.5,8604.5,8604.5,8604.5,0
ASTRAZEN,2026-03-12 10:23:00,8604.5,8604.5,8604.5,8604.5,0
ASTRAZEN,2026-03-12 10:24:00,8604.5,8604.5,8604.5,8604.5,0
ASTRAZEN,2026-03-12 10:25:00,8604.5,8604.5,8604.5,8604.5,0
ASTRAZEN,2026-03-12 10:26:00,8604.5,8604.5,8604.5,8604.5,0
ASTRAZEN,2026-03-12 10:27:00,8604.5,8626.0,8604.5,8626.0,1
ASTRAZEN,2026-03-12 10:28:00,8626.0,8626.0,8626.0,8626.0,0
ASTRAZEN,2026-03-12 10:29:00,8626.0,8626.0,8614.5,8614.5,1
ASTRAZEN,2026-03-12 10:30:00,8614.5,8614.5,8614.5,8614.5,0
ASTRAZEN,2026-03-12 10:31:00,8614.5,8615.0,8614.5,8615.0,1
ASTRAZEN,2026-03-12 10:32:00,8615.0,8615.0,8615.0,8615.0,0
ASTRAZEN,2026-03-12 10:33:00,8625.0,8660.5,8625.0,8660.5,89
ASTRAZEN,2026-03-12 10:34:00,8658.5,8668.0,8658.5,8663.0,59
ASTRAZEN,2026-03-12 10:35:00,8663.0,8667.0,8663.0,8667.0,4
ASTRAZEN,2026-03-12 10:36:00,8667.0,8667.0,8667.0,8667.0,1
ASTRAZEN,2026-03-12 10:37:00,8667.0,8667.0,8667.0,8667.0,0
ASTRAZEN,2026-03-12 10:38:00,8667.0,8667.0,8667.0,8667.0,0
ASTRAZEN,2026-03-12 10:39:00,8667.0,8667.0,8667.0,8667.0,0
ASTRAZEN,2026-03-12 10:40:00,8667.0,8667.0,8667.0,8667.0,0
ASTRAZEN,2026-03-12 10:41:00,8667.0,8667.0,8667.0,8667.0,0
ASTRAZEN,2026-03-12 10:42:00,8667.0,8667.0,8651.0,8651.0,4
ASTRAZEN,2026-03-12 10:43:00,8651.0,8652.5,8651.0,8652.5,47
ASTRAZEN,2026-03-12 10:44:00,8652.5,8652.5,8652.5,8652.5,0
ASTRAZEN,2026-03-12 10:45:00,8630.5,8630.5,8630.5,8630.5,64
ASTRAZEN,2026-03-12 10:46:00,8630.5,8642.5,8628.5,8642.5,13
ASTRAZEN,2026-03-12 10:47:00,8642.5,8642.5,8625.5,8631.0,45
ASTRAZEN,2026-03-12 10:48:00,8631.0,8640.0,8631.0,8640.0,5
ASTRAZEN,2026-03-12 10:49:00,8640.0,8642.5,8640.0,8642.5,2
ASTRAZEN,2026-03-12 10:50:00,8648.0,8648.0,8645.5,8645.5,4
ASTRAZEN,2026-03-12 10:51:00,8645.5,8645.5,8645.5,8645.5,0
ASTRAZEN,2026-03-12 10:52:00,8645.5,8656.5,8645.5,8656.5,5
ASTRAZEN,2026-03-12 10:53:00,8646.0,8646.0,8646.0,8646.0,3
ASTRAZEN,2026-03-12 10:54:00,8646.0,8661.5,8646.0,8661.5,2
ASTRAZEN,2026-03-12 10:55:00,8661.5,8661.5,8661.5,8661.5,0
ASTRAZEN,2026-03-12 10:56:00,8653.5,8653.5,8653.5,8653.5,1
ASTRAZEN,2026-03-12 10:57:00,8653.5,8653.5,8653.5,8653.5,0
ASTRAZEN,2026-03-12 10:58:00,8670.5,8670.5,8651.5,8651.5,55
ASTRAZEN,2026-03-12 10:59:00,8651.5,8651.5,8648.5,8648.5,3
ASTRAZEN,2026-03-12 11:00:00,8648.5,8648.5,8648.5,8648.5,0
ASTRAZEN,2026-03-12 11:01:00,8648.5,8648.5,8648.5,8648.5,0
ASTRAZEN,2026-03-12 11:02:00,8648.5,8648.5,8648.5,8648.5,0
ASTRAZEN,2026-03-12 11:03:00,8648.5,8664.5,8648.5,8664.5,2
ASTRAZEN,2026-03-12 11:04:00,8664.5,8664.5,8646.5,8646.5,2
ASTRAZEN,2026-03-12 11:05:00,8661.5,8661.5,8655.0,8655.0,3
ASTRAZEN,2026-03-12 11:06:00,8655.0,8655.0,8655.0,8655.0,0
ASTRAZEN,2026-03-12 11:08:00,8655.0,8655.0,8655.0,8655.0,0
ASTRAZEN,2026-03-12 11:09:00,8655.0,8655.0,8655.0,8655.0,0
ASTRAZEN,2026-03-12 11:10:00,8655.0,8655.0,8655.0,8655.0,0
ASTRAZEN,2026-03-12 11:11:00,8655.0,8662.0,8655.0,8662.0,1
ASTRAZEN,2026-03-12 11:12:00,8662.0,8662.0,8662.0,8662.0,1
ASTRAZEN,2026-03-12 11:13:00,8662.0,8662.0,8660.5,8660.5,1
ASTRAZEN,2026-03-12 11:14:00,8648.5,8648.5,8648.5,8648.5,1
ASTRAZEN,2026-03-12 11:15:00,8648.5,8662.0,8648.5,8662.0,2
ASTRAZEN,2026-03-12 11:16:00,8662.0,8662.0,8648.0,8648.0,1
ASTRAZEN,2026-03-12 11:17:00,8648.0,8648.0,8648.0,8648.0,0
ASTRAZEN,2026-03-12 11:18:00,8648.0,8652.0,8645.5,8652.0,4
ASTRAZEN,2026-03-12 11:19:00,8652.0,8652.0,8652.0,8652.0,2
ASTRAZEN,2026-03-12 11:20:00,8652.0,8652.0,8646.0,8646.0,1
ASTRAZEN,2026-03-12 11:21:00,8646.0,8646.0,8636.5,8636.5,30
ASTRAZEN,2026-03-12 11:22:00,8640.5,8640.5,8632.5,8632.5,19
ASTRAZEN,2026-03-12 11:23:00,8625.0,8632.5,8625.0,8632.5,41
ASTRAZEN,2026-03-12 11:24:00,8632.5,8632.5,8632.5,8632.5,0
ASTRAZEN,2026-03-12 11:25:00,8632.5,8632.5,8632.5,8632.5,0
ASTRAZEN,2026-03-12 11:26:00,8649.0,8691.0,8649.0,8691.0,187
ASTRAZEN,2026-03-12 11:27:00,8661.5,8661.5,8647.0,8647.0,38
ASTRAZEN,2026-03-12 11:28:00,8645.0,8646.5,8645.0,8646.5,5
ASTRAZEN,2026-03-12 11:29:00,8646.5,8646.5,8646.5,8646.5,0
ASTRAZEN,2026-03-12 11:30:00,8646.5,8646.5,8646.5,8646.5,0
ASTRAZEN,2026-03-12 11:31:00,8646.5,8646.5,8646.5,8646.5,0
ASTRAZEN,2026-03-12 11:32:00,8646.5,8657.5,8646.5,8657.5,1
ASTRAZEN,2026-03-12 11:33:00,8657.5,8657.5,8657.5,8657.5,0
ASTRAZEN,2026-03-12 11:34:00,8657.5,8657.5,8657.5,8657.5,0
ASTRAZEN,2026-03-12 11:36:00,8657.5,8657.5,8657.5,8657.5,0
ASTRAZEN,2026-03-12 11:37:00,8657.5,8657.5,8657.5,8657.5,0
ASTRAZEN,2026-03-12 11:38:00,8657.5,8660.5,8651.5,8651.5,40
ASTRAZEN,2026-03-12 11:39:00,8651.5,8654.0,8651.5,8654.0,1
ASTRAZEN,2026-03-12 11:40:00,8654.0,8654.0,8654.0,8654.0,0
ASTRAZEN,2026-03-12 11:41:00,8654.0,8654.0,8654.0,8654.0,0
ASTRAZEN,2026-03-12 11:42:00,8654.0,8654.0,8654.0,8654.0,0
ASTRAZEN,2026-03-12 11:43:00,8654.0,8654.0,8654.0,8654.0,0
ASTRAZEN,2026-03-12 11:44:00,8654.0,8654.0,8654.0,8654.0,0
ASTRAZEN,2026-03-12 11:46:00,8654.0,8666.5,8654.0,8666.5,33
ASTRAZEN,2026-03-12 11:47:00,8666.5,8668.5,8665.5,8665.5,2
ASTRAZEN,2026-03-12 11:48:00,8665.5,8665.5,8665.5,8665.5,0
ASTRAZEN,2026-03-12 11:49:00,8665.5,8665.5,8665.5,8665.5,0
ASTRAZEN,2026-03-12 11:50:00,8665.5,8665.5,8665.5,8665.5,5
ASTRAZEN,2026-03-12 11:51:00,8667.5,8667.5,8667.5,8667.5,1
ASTRAZEN,2026-03-12 11:52:00,8665.0,8665.0,8652.0,8652.0,56
ASTRAZEN,2026-03-12 11:53:00,8652.0,8652.0,8652.0,8652.0,0
ASTRAZEN,2026-03-12 11:55:00,8652.0,8652.0,8652.0,8652.0,0
ASTRAZEN,2026-03-12 11:56:00,8652.0,8652.0,8652.0,8652.0,0
ASTRAZEN,2026-03-12 11:57:00,8663.5,8664.0,8663.5,8664.0,22
ASTRAZEN,2026-03-12 11:58:00,8669.0,8669.0,8656.5,8656.5,44
ASTRAZEN,2026-03-12 11:59:00,8665.0,8666.5,8656.5,8656.5,19
ASTRAZEN,2026-03-12 12:00:00,8656.5,8656.5,8656.5,8656.5,0
ASTRAZEN,2026-03-12 12:01:00,8656.5,8656.5,8656.5,8656.5,0
ASTRAZEN,2026-03-12 12:02:00,8651.5,8651.5,8651.5,8651.5,2
ASTRAZEN,2026-03-12 12:03:00,8651.5,8651.5,8641.0,8641.0,2
ASTRAZEN,2026-03-12 12:04:00,8641.0,8641.0,8641.0,8641.0,0
ASTRAZEN,2026-03-12 12:05:00,8641.0,8641.0,8641.0,8641.0,0
ASTRAZEN,2026-03-12 12:06:00,8641.0,8661.0,8641.0,8661.0,2
ASTRAZEN,2026-03-12 12:07:00,8661.0,8661.0,8661.0,8661.0,0
ASTRAZEN,2026-03-12 12:11:00,8661.0,8661.0,8661.0,8661.0,0
ASTRAZEN,2026-03-12 12:12:00,8661.0,8661.0,8658.5,8658.5,1
ASTRAZEN,2026-03-12 12:13:00,8658.5,8658.5,8653.5,8653.5,2
ASTRAZEN,2026-03-12 12:14:00,8653.5,8653.5,8653.5,8653.5,0
ASTRAZEN,2026-03-12 12:15:00,8653.5,8653.5,8653.5,8653.5,0
ASTRAZEN,2026-03-12 12:16:00,8653.5,8653.5,8653.5,8653.5,0
ASTRAZEN,2026-03-12 12:17:00,8653.5,8669.0,8653.5,8669.0,2
ASTRAZEN,2026-03-12 12:18:00,8669.0,8669.0,8669.0,8669.0,0
ASTRAZEN,2026-03-12 12:19:00,8669.0,8669.0,8669.0,8669.0,0
ASTRAZEN,2026-03-12 12:20:00,8659.5,8659.5,8644.0,8645.0,8
ASTRAZEN,2026-03-12 12:21:00,8645.0,8646.5,8645.0,8646.5,1
ASTRAZEN,2026-03-12 12:22:00,8646.5,8646.5,8646.5,8646.5,0
ASTRAZEN,2026-03-12 12:23:00,8646.5,8646.5,8646.5,8646.5,0
ASTRAZEN,2026-03-12 12:24:00,8646.5,8646.5,8646.5,8646.5,0
ASTRAZEN,2026-03-12 12:25:00,8646.5,8646.5,8646.5,8646.5,0
ASTRAZEN,2026-03-12 12:26:00,8646.5,8646.5,8646.5,8646.5,0
ASTRAZEN,2026-03-12 12:28:00,8646.5,8646.5,8646.5,8646.5,0
ASTRAZEN,2026-03-12 12:29:00,8646.5,8646.5,8646.5,8646.5,1
ASTRAZEN,2026-03-12 12:31:00,8641.5,8641.5,8641.5,8641.5,3
ASTRAZEN,2026-03-12 12:32:00,8641.5,8641.5,8641.5,8641.5,0
ASTRAZEN,2026-03-12 12:33:00,8651.5,8651.5,8645.5,8645.5,2
ASTRAZEN,2026-03-12 12:36:00,8645.5,8645.5,8645.5,8645.5,2
ASTRAZEN,2026-03-12 12:37:00,8645.5,8663.0,8645.5,8663.0,2
ASTRAZEN,2026-03-12 12:40:00,8663.0,8663.0,8663.0,8663.0,0
ASTRAZEN,2026-03-12 12:43:00,8663.0,8663.0,8663.0,8663.0,0
ASTRAZEN,2026-03-12 12:44:00,8663.0,8663.0,8663.0,8663.0,0
ASTRAZEN,2026-03-12 12:45:00,8663.0,8663.0,8663.0,8663.0,0
ASTRAZEN,2026-03-12 12:48:00,8663.0,8663.0,8663.0,8663.0,0
ASTRAZEN,2026-03-12 12:49:00,8663.0,8668.0,8663.0,8668.0,1
ASTRAZEN,2026-03-12 12:51:00,8668.0,8668.0,8668.0,8668.0,0
ASTRAZEN,2026-03-12 12:52:00,8668.0,8668.0,8668.0,8668.0,0
ASTRAZEN,2026-03-12 12:54:00,8668.0,8668.0,8668.0,8668.0,0
ASTRAZEN,2026-03-12 12:55:00,8668.0,8668.0,8668.0,8668.0,0
ASTRAZEN,2026-03-12 12:56:00,8668.0,8668.0,8668.0,8668.0,0
ASTRAZEN,2026-03-12 12:59:00,8668.0,8668.0,8668.0,8668.0,0
ASTRAZEN,2026-03-12 13:00:00,8668.0,8668.0,8668.0,8668.0,0
ASTRAZEN,2026-03-12 13:01:00,8668.0,8668.0,8668.0,8668.0,0
ASTRAZEN,2026-03-12 13:02:00,8668.0,8668.0,8668.0,8668.0,0
ASTRAZEN,2026-03-12 13:03:00,8668.0,8668.0,8668.0,8668.0,0
ASTRAZEN,2026-03-12 13:04:00,8668.0,8668.0,8668.0,8668.0,0
ASTRAZEN,2026-03-12 13:05:00,8668.0,8668.0,8668.0,8668.0,0
ASTRAZEN,2026-03-12 13:07:00,8654.0,8654.0,8642.0,8642.0,23
ASTRAZEN,2026-03-12 13:08:00,8642.0,8642.0,8642.0,8642.0,1
ASTRAZEN,2026-03-12 13:09:00,8642.0,8642.0,8642.0,8642.0,0
ASTRAZEN,2026-03-12 13:10:00,8642.0,8642.0,8642.0,8642.0,0
ASTRAZEN,2026-03-12 13:11:00,8665.5,8665.5,8665.5,8665.5,1
ASTRAZEN,2026-03-12 13:12:00,8665.5,8665.5,8665.5,8665.5,0
ASTRAZEN,2026-03-12 13:13:00,8665.5,8665.5,8664.5,8664.5,1
ASTRAZEN,2026-03-12 13:14:00,8664.5,8664.5,8664.5,8664.5,0
ASTRAZEN,2026-03-12 13:16:00,8664.5,8664.5,8664.5,8664.5,0
ASTRAZEN,2026-03-12 13:17:00,8664.5,8664.5,8653.5,8653.5,3
ASTRAZEN,2026-03-12 13:18:00,8653.5,8653.5,8653.5,8653.5,0
ASTRAZEN,2026-03-12 13:19:00,8653.5,8653.5,8653.5,8653.5,0
ASTRAZEN,2026-03-12 13:20:00,8670.0,8670.0,8670.0,8670.0,1
ASTRAZEN,2026-03-12 13:21:00,8670.0,8670.0,8670.0,8670.0,0
ASTRAZEN,2026-03-12 13:22:00,8670.0,8670.0,8665.5,8665.5,7
ASTRAZEN,2026-03-12 13:23:00,8660.0,8660.0,8628.0,8637.0,85
ASTRAZEN,2026-03-12 13:24:00,8637.0,8637.0,8637.0,8637.0,0
ASTRAZEN,2026-03-12 13:25:00,8637.0,8655.5,8637.0,8655.5,1
ASTRAZEN,2026-03-12 13:26:00,8655.5,8655.5,8655.5,8655.5,0
ASTRAZEN,2026-03-12 13:28:00,8654.0,8654.0,8654.0,8654.0,1
ASTRAZEN,2026-03-12 13:29:00,8654.0,8654.0,8654.0,8654.0,0
ASTRAZEN,2026-03-12 13:32:00,8654.0,8654.0,8654.0,8654.0,0
ASTRAZEN,2026-03-12 13:33:00,8654.0,8654.0,8654.0,8654.0,0
ASTRAZEN,2026-03-12 13:34:00,8654.0,8654.0,8654.0,8654.0,0
ASTRAZEN,2026-03-12 13:35:00,8654.0,8654.0,8645.5,8645.5,1
ASTRAZEN,2026-03-12 13:36:00,8645.5,8645.5,8645.5,8645.5,0
ASTRAZEN,2026-03-12 13:38:00,8645.5,8663.5,8645.5,8663.5,2
ASTRAZEN,2026-03-12 13:39:00,8663.5,8663.5,8663.5,8663.5,0
ASTRAZEN,2026-03-12 13:40:00,8663.5,8663.5,8663.5,8663.5,0
ASTRAZEN,2026-03-12 13:41:00,8663.5,8663.5,8663.5,8663.5,0
ASTRAZEN,2026-03-12 13:43:00,8651.0,8684.0,8651.0,8684.0,49
ASTRAZEN,2026-03-12 13:44:00,8656.5,8658.0,8656.5,8658.0,16
ASTRAZEN,2026-03-12 13:45:00,8658.0,8658.0,8658.0,8658.0,0
ASTRAZEN,2026-03-12 13:47:00,8658.0,8658.0,8658.0,8658.0,0
ASTRAZEN,2026-03-12 13:48:00,8658.0,8676.0,8658.0,8664.0,5
ASTRAZEN,2026-03-12 13:49:00,8664.0,8664.0,8663.5,8663.5,1
ASTRAZEN,2026-03-12 13:50:00,8663.5,8663.5,8663.5,8663.5,0
ASTRAZEN,2026-03-12 13:51:00,8663.5,8663.5,8663.5,8663.5,0
ASTRAZEN,2026-03-12 13:52:00,8662.5,8662.5,8662.5,8662.5,3
ASTRAZEN,2026-03-12 13:54:00,8662.5,8662.5,8662.5,8662.5,0
ASTRAZEN,2026-03-12 13:55:00,8662.5,8662.5,8662.5,8662.5,0
ASTRAZEN,2026-03-12 13:56:00,8662.5,8662.5,8662.5,8662.5,0
ASTRAZEN,2026-03-12 13:57:00,8662.5,8662.5,8649.0,8649.0,8
ASTRAZEN,2026-03-12 13:58:00,8649.0,8649.0,8643.0,8643.0,2
ASTRAZEN,2026-03-12 13:59:00,8643.0,8643.0,8643.0,8643.0,1
ASTRAZEN,2026-03-12 14:00:00,8655.0,8655.0,8644.0,8644.0,13
ASTRAZEN,2026-03-12 14:01:00,8644.0,8644.0,8644.0,8644.0,0
ASTRAZEN,2026-03-12 14:02:00,8644.0,8644.0,8644.0,8644.0,0
ASTRAZEN,2026-03-12 14:03:00,8644.0,8644.0,8644.0,8644.0,0
ASTRAZEN,2026-03-12 14:05:00,8631.5,8639.5,8631.5,8639.5,56
ASTRAZEN,2026-03-12 14:06:00,8639.5,8639.5,8639.5,8639.5,0
ASTRAZEN,2026-03-12 14:07:00,8639.5,8639.5,8639.5,8639.5,0
ASTRAZEN,2026-03-12 14:09:00,8639.5,8639.5,8639.5,8639.5,0
ASTRAZEN,2026-03-12 14:10:00,8639.5,8639.5,8639.5,8639.5,0
ASTRAZEN,2026-03-12 14:11:00,8639.5,8639.5,8635.5,8635.5,2
ASTRAZEN,2026-03-12 14:12:00,8635.5,8635.5,8635.5,8635.5,0
ASTRAZEN,2026-03-12 14:13:00,8635.5,8635.5,8635.5,8635.5,1
ASTRAZEN,2026-03-12 14:14:00,8635.5,8635.5,8635.5,8635.5,0
ASTRAZEN,2026-03-12 14:15:00,8635.5,8635.5,8635.5,8635.5,0
ASTRAZEN,2026-03-12 14:16:00,8635.5,8640.0,8631.5,8631.5,7
ASTRAZEN,2026-03-12 14:17:00,8631.5,8631.5,8627.0,8627.0,5
ASTRAZEN,2026-03-12 14:18:00,8627.0,8627.0,8627.0,8627.0,0
ASTRAZEN,2026-03-12 14:20:00,8627.0,8627.0,8627.0,8627.0,0
ASTRAZEN,2026-03-12 14:21:00,8625.0,8631.5,8625.0,8631.5,15
ASTRAZEN,2026-03-12 14:22:00,8631.5,8631.5,8631.5,8631.5,0
ASTRAZEN,2026-03-12 14:23:00,8631.5,8631.5,8631.5,8631.5,0
ASTRAZEN,2026-03-12 14:24:00,8631.5,8631.5,8631.5,8631.5,0
ASTRAZEN,2026-03-12 14:25:00,8631.5,8631.5,8631.5,8631.5,0
ASTRAZEN,2026-03-12 14:26:00,8631.5,8631.5,8631.5,8631.5,0
ASTRAZEN,2026-03-12 14:27:00,8635.5,8635.5,8635.5,8635.5,1
ASTRAZEN,2026-03-12 14:28:00,8635.5,8635.5,8635.5,8635.5,0
ASTRAZEN,2026-03-12 14:29:00,8635.5,8635.5,8635.5,8635.5,0
ASTRAZEN,2026-03-12 14:30:00,8647.0,8647.0,8647.0,8647.0,1
ASTRAZEN,2026-03-12 14:31:00,8647.0,8650.5,8647.0,8650.5,1
ASTRAZEN,2026-03-12 14:32:00,8650.5,8650.5,8650.5,8650.5,0
ASTRAZEN,2026-03-12 14:33:00,8650.5,8650.5,8650.5,8650.5,0
ASTRAZEN,2026-03-12 14:34:00,8652.0,8652.0,8629.0,8629.0,13
ASTRAZEN,2026-03-12 14:35:00,8629.0,8647.5,8627.5,8647.5,2
ASTRAZEN,2026-03-12 14:36:00,8630.5,8630.5,8627.5,8627.5,6
ASTRAZEN,2026-03-12 14:37:00,8627.5,8627.5,8627.5,8627.5,0
ASTRAZEN,2026-03-12 14:38:00,8629.5,8629.5,8629.5,8629.5,1
ASTRAZEN,2026-03-12 14:39:00,8629.5,8629.5,8629.5,8629.5,0
ASTRAZEN,2026-03-12 14:40:00,8629.5,8629.5,8629.5,8629.5,0
ASTRAZEN,2026-03-12 14:41:00,8629.5,8629.5,8629.5,8629.5,0
ASTRAZEN,2026-03-12 14:42:00,8629.5,8629.5,8629.5,8629.5,0
ASTRAZEN,2026-03-12 14:43:00,8629.5,8629.5,8629.5,8629.5,0
ASTRAZEN,2026-03-12 14:44:00,8629.5,8632.0,8625.0,8631.5,42
ASTRAZEN,2026-03-12 14:45:00,8631.5,8631.5,8627.0,8627.0,1
ASTRAZEN,2026-03-12 14:46:00,8627.0,8627.0,8627.0,8627.0,0
ASTRAZEN,2026-03-12 14:47:00,8627.0,8627.0,8627.0,8627.0,0
ASTRAZEN,2026-03-12 14:48:00,8627.0,8627.0,8627.0,8627.0,0
ASTRAZEN,2026-03-12 14:49:00,8627.0,8645.0,8627.0,8645.0,17
ASTRAZEN,2026-03-12 14:50:00,8645.0,8645.0,8645.0,8645.0,0
ASTRAZEN,2026-03-12 14:51:00,8645.0,8645.0,8645.0,8645.0,0
ASTRAZEN,2026-03-12 14:52:00,8645.0,8645.0,8645.0,8645.0,0
ASTRAZEN,2026-03-12 14:53:00,8645.0,8645.0,8645.0,8645.0,0
ASTRAZEN,2026-03-12 14:54:00,8645.0,8645.0,8645.0,8645.0,0
ASTRAZEN,2026-03-12 14:55:00,8645.0,8645.0,8645.0,8645.0,0
ASTRAZEN,2026-03-12 14:56:00,8645.0,8645.0,8645.0,8645.0,0
ASTRAZEN,2026-03-12 14:57:00,8645.0,8645.0,8645.0,8645.0,0
ASTRAZEN,2026-03-12 14:58:00,8645.0,8645.0,8625.0,8625.0,55
ASTRAZEN,2026-03-12 14:59:00,8625.0,8625.0,8625.0,8625.0,0
ASTRAZEN,2026-03-12 15:00:00,8641.5,8641.5,8641.5,8641.5,3
ASTRAZEN,2026-03-12 15:01:00,8641.5,8644.5,8641.5,8644.5,4
ASTRAZEN,2026-03-12 15:02:00,8644.5,8644.5,8625.0,8625.0,28
ASTRAZEN,2026-03-12 15:03:00,8626.0,8646.5,8626.0,8630.5,14
ASTRAZEN,2026-03-12 15:04:00,8632.0,8632.0,8625.0,8625.0,14
ASTRAZEN,2026-03-12 15:05:00,8644.5,8644.5,8625.0,8625.0,24
ASTRAZEN,2026-03-12 15:06:00,8625.0,8625.0,8611.0,8611.0,5
ASTRAZEN,2026-03-12 15:07:00,8611.0,8611.0,8611.0,8611.0,0
ASTRAZEN,2026-03-12 15:08:00,8611.0,8625.0,8611.0,8625.0,3
ASTRAZEN,2026-03-12 15:09:00,8625.0,8625.0,8625.0,8625.0,6
ASTRAZEN,2026-03-12 15:10:00,8625.0,8625.0,8625.0,8625.0,3
ASTRAZEN,2026-03-12 15:11:00,8610.5,8625.0,8610.5,8625.0,5
ASTRAZEN,2026-03-12 15:12:00,8625.0,8625.0,8625.0,8625.0,1
ASTRAZEN,2026-03-12 15:13:00,8625.0,8625.0,8612.5,8625.0,13
ASTRAZEN,2026-03-12 15:14:00,8625.0,8625.0,8611.5,8625.0,11
ASTRAZEN,2026-03-12 15:15:00,8625.0,8625.0,8611.5,8611.5,16
ASTRAZEN,2026-03-12 15:16:00,8624.5,8624.5,8613.5,8623.5,9
ASTRAZEN,2026-03-12 15:17:00,8623.5,8623.5,8613.0,8613.0,1
ASTRAZEN,2026-03-12 15:18:00,8615.5,8617.0,8606.0,8606.0,29
ASTRAZEN,2026-03-12 15:19:00,8606.0,8620.0,8606.0,8620.0,4
ASTRAZEN,2026-03-12 15:20:00,8620.0,8620.0,8585.0,8585.0,80
ASTRAZEN,2026-03-12 15:21:00,8585.0,8605.5,8580.0,8599.5,8
ASTRAZEN,2026-03-12 15:22:00,8599.5,8605.5,8586.0,8605.5,60
ASTRAZEN,2026-03-12 15:23:00,8605.5,8605.5,8580.5,8605.5,3
ASTRAZEN,2026-03-12 15:24:00,8605.5,8605.5,8592.0,8592.0,5
ASTRAZEN,2026-03-12 15:25:00,8592.0,8599.0,8580.0,8589.0,8
ASTRAZEN,2026-03-12 15:26:00,8589.0,8593.0,8589.0,8589.0,4
ASTRAZEN,2026-03-12 15:27:00,8589.0,8593.0,8580.0,8590.0,16
ASTRAZEN,2026-03-12 15:28:00,8590.0,8600.0,8575.0,8575.0,34
ASTRAZEN,2026-03-12 15:29:00,8575.0,8600.0,8575.0,8600.0,1
ASTRAZEN,2026-03-13 09:15:00,8575.0,8577.0,8550.5,8550.5,29
ASTRAZEN,2026-03-13 09:16:00,8577.0,8579.0,8540.5,8540.5,41
ASTRAZEN,2026-03-13 09:17:00,8540.5,8540.5,8514.0,8514.0,16
ASTRAZEN,2026-03-13 09:18:00,8514.0,8540.5,8514.0,8520.5,26
ASTRAZEN,2026-03-13 09:19:00,8520.5,8532.0,8514.5,8514.5,16
ASTRAZEN,2026-03-13 09:20:00,8511.5,8516.5,8506.0,8516.5,47
ASTRAZEN,2026-03-13 09:21:00,8516.5,8516.5,8490.5,8508.5,24
ASTRAZEN,2026-03-13 09:22:00,8508.5,8513.5,8508.5,8511.5,3
ASTRAZEN,2026-03-13 09:23:00,8511.5,8511.5,8506.5,8506.5,24
ASTRAZEN,2026-03-13 09:24:00,8520.0,8520.0,8498.5,8501.0,9
ASTRAZEN,2026-03-13 09:25:00,8501.0,8501.0,8501.0,8501.0,1
ASTRAZEN,2026-03-13 09:26:00,8501.0,8511.0,8501.0,8504.5,7
ASTRAZEN,2026-03-13 09:27:00,8504.5,8504.5,8504.5,8504.5,0
ASTRAZEN,2026-03-13 09:28:00,8504.5,8505.0,8504.5,8505.0,1
ASTRAZEN,2026-03-13 09:29:00,8511.0,8514.5,8503.5,8514.5,4
ASTRAZEN,2026-03-13 09:30:00,8514.5,8514.5,8505.5,8505.5,1
ASTRAZEN,2026-03-13 09:31:00,8505.5,8505.5,8505.5,8505.5,0
ASTRAZEN,2026-03-13 09:32:00,8505.5,8514.5,8505.5,8506.0,22
ASTRAZEN,2026-03-13 09:33:00,8513.0,8513.0,8506.0,8506.0,3
ASTRAZEN,2026-03-13 09:34:00,8506.0,8506.0,8506.0,8506.0,0
ASTRAZEN,2026-03-13 09:35:00,8506.0,8506.0,8506.0,8506.0,0
ASTRAZEN,2026-03-13 09:36:00,8506.0,8512.5,8500.0,8500.0,23
ASTRAZEN,2026-03-13 09:37:00,8500.0,8508.5,8461.5,8466.0,38
ASTRAZEN,2026-03-13 09:38:00,8466.0,8466.0,8466.0,8466.0,0
ASTRAZEN,2026-03-13 09:39:00,8466.0,8466.0,8458.5,8458.5,2
ASTRAZEN,2026-03-13 09:40:00,8470.0,8470.0,8468.0,8468.0,3
ASTRAZEN,2026-03-13 09:41:00,8468.0,8479.0,8462.0,8465.0,5
ASTRAZEN,2026-03-13 09:42:00,8465.0,8473.5,8465.0,8473.5,2
ASTRAZEN,2026-03-13 09:43:00,8468.0,8481.5,8462.5,8481.0,11
ASTRAZEN,2026-03-13 09:44:00,8481.0,8481.0,8470.0,8473.5,22
ASTRAZEN,2026-03-13 09:45:00,8473.5,8483.5,8473.5,8483.5,2
ASTRAZEN,2026-03-13 09:46:00,8483.5,8484.0,8475.0,8475.0,3
ASTRAZEN,2026-03-13 09:47:00,8475.0,8475.0,8475.0,8475.0,1
ASTRAZEN,2026-03-13 09:48:00,8475.0,8481.0,8475.0,8481.0,1
ASTRAZEN,2026-03-13 09:49:00,8481.0,8481.0,8481.0,8481.0,0
ASTRAZEN,2026-03-13 09:50:00,8481.0,8481.0,8474.0,8479.0,3
ASTRAZEN,2026-03-13 09:51:00,8479.0,8479.0,8479.0,8479.0,3
ASTRAZEN,2026-03-13 09:52:00,8479.0,8479.0,8479.0,8479.0,0
ASTRAZEN,2026-03-13 09:53:00,8479.0,8479.0,8460.5,8469.5,3
ASTRAZEN,2026-03-13 09:54:00,8469.5,8470.0,8469.5,8470.0,2
ASTRAZEN,2026-03-13 09:55:00,8470.0,8470.0,8470.0,8470.0,0
ASTRAZEN,2026-03-13 09:56:00,8470.5,8470.5,8470.5,8470.5,2
ASTRAZEN,2026-03-13 09:57:00,8470.5,8470.5,8462.5,8462.5,1
ASTRAZEN,2026-03-13 09:58:00,8457.0,8462.5,8455.0,8462.5,27
ASTRAZEN,2026-03-13 09:59:00,8462.5,8468.0,8452.5,8468.0,8
ASTRAZEN,2026-03-13 10:00:00,8468.0,8468.0,8440.0,8440.0,97
ASTRAZEN,2026-03-13 10:01:00,8427.0,8448.0,8426.5,8448.0,18
ASTRAZEN,2026-03-13 10:02:00,8448.0,8448.0,8432.5,8432.5,2
ASTRAZEN,2026-03-13 10:03:00,8432.5,8432.5,8430.5,8430.5,2
ASTRAZEN,2026-03-13 10:04:00,8437.5,8437.5,8436.5,8436.5,5
ASTRAZEN,2026-03-13 10:05:00,8436.5,8436.5,8411.5,8425.5,54
ASTRAZEN,2026-03-13 10:06:00,8424.0,8424.0,8423.5,8423.5,28
ASTRAZEN,2026-03-13 10:07:00,8423.5,8447.0,8420.0,8435.0,38
ASTRAZEN,2026-03-13 10:08:00,8435.0,8435.0,8435.0,8435.0,10
ASTRAZEN,2026-03-13 10:09:00,8435.0,8435.0,8429.0,8429.0,4
ASTRAZEN,2026-03-13 10:10:00,8429.0,8429.0,8387.0,8398.5,278
ASTRAZEN,2026-03-13 10:11:00,8398.5,8398.5,8385.0,8385.0,3
ASTRAZEN,2026-03-13 10:12:00,8385.0,8386.0,8375.0,8375.0,3
ASTRAZEN,2026-03-13 10:13:00,8375.0,8381.0,8370.0,8381.0,11
ASTRAZEN,2026-03-13 10:14:00,8381.0,8387.0,8379.5,8379.5,5
ASTRAZEN,2026-03-13 10:15:00,8379.5,8382.5,8379.5,8382.5,1
ASTRAZEN,2026-03-13 10:16:00,8382.5,8382.5,8369.0,8376.0,3
ASTRAZEN,2026-03-13 10:17:00,8376.0,8379.0,8369.5,8369.5,5
ASTRAZEN,2026-03-13 10:18:00,8369.5,8371.0,8369.0,8371.0,6
ASTRAZEN,2026-03-13 10:19:00,8371.0,8371.0,8371.0,8371.0,0
ASTRAZEN,2026-03-13 10:20:00,8369.0,8378.5,8369.0,8378.5,4
ASTRAZEN,2026-03-13 10:21:00,8365.0,8365.0,8365.0,8365.0,4
ASTRAZEN,2026-03-13 10:22:00,8375.0,8375.0,8370.0,8370.0,26
ASTRAZEN,2026-03-13 10:23:00,8370.0,8375.0,8370.0,8375.0,15
ASTRAZEN,2026-03-13 10:24:00,8375.0,8375.0,8350.0,8350.0,87
ASTRAZEN,2026-03-13 10:25:00,8350.0,8358.5,8350.0,8358.5,6
ASTRAZEN,2026-03-13 10:26:00,8361.5,8361.5,8292.0,8316.0,268
ASTRAZEN,2026-03-13 10:27:00,8315.5,8340.0,8292.0,8340.0,59
ASTRAZEN,2026-03-13 10:28:00,8340.0,8357.0,8336.5,8351.5,54
ASTRAZEN,2026-03-13 10:29:00,8337.0,8338.0,8337.0,8338.0,8
ASTRAZEN,2026-03-13 10:30:00,8330.0,8340.5,8326.0,8326.0,6
ASTRAZEN,2026-03-13 10:31:00,8326.0,8326.0,8326.0,8326.0,0
ASTRAZEN,2026-03-13 10:32:00,8328.0,8338.0,8325.0,8338.0,46
ASTRAZEN,2026-03-13 10:33:00,8341.5,8344.0,8341.5,8344.0,6
ASTRAZEN,2026-03-13 10:34:00,8344.0,8344.0,8333.5,8333.5,2
ASTRAZEN,2026-03-13 10:35:00,8333.5,8350.0,8333.5,8338.5,31
ASTRAZEN,2026-03-13 10:36:00,8347.0,8347.0,8347.0,8347.0,2
ASTRAZEN,2026-03-13 10:37:00,8347.0,8347.0,8305.0,8305.0,109
ASTRAZEN,2026-03-13 10:38:00,8305.0,8319.0,8305.0,8318.5,6
ASTRAZEN,2026-03-13 10:39:00,8318.5,8326.5,8318.5,8319.0,4
ASTRAZEN,2026-03-13 10:40:00,8319.0,8320.0,8309.0,8320.0,5
ASTRAZEN,2026-03-13 10:41:00,8320.0,8320.0,8304.5,8318.5,4
ASTRAZEN,2026-03-13 10:42:00,8318.5,8318.5,8307.0,8307.0,2
ASTRAZEN,2026-03-13 10:43:00,8307.0,8307.0,8307.0,8307.0,0
ASTRAZEN,2026-03-13 10:44:00,8307.0,8307.0,8307.0,8307.0,0
ASTRAZEN,2026-03-13 10:45:00,8312.0,8327.0,8307.5,8307.5,10
ASTRAZEN,2026-03-13 10:46:00,8307.5,8307.5,8307.5,8307.5,0
ASTRAZEN,2026-03-13 10:47:00,8307.0,8307.0,8301.0,8301.0,6
ASTRAZEN,2026-03-13 10:48:00,8301.0,8301.0,8300.0,8300.0,1
ASTRAZEN,2026-03-13 10:49:00,8300.0,8305.5,8300.0,8300.0,8
ASTRAZEN,2026-03-13 10:50:00,8306.0,8364.5,8306.0,8364.5,128
ASTRAZEN,2026-03-13 10:51:00,8364.5,8414.0,8348.5,8414.0,569
ASTRAZEN,2026-03-13 10:52:00,8414.0,8414.0,8397.5,8399.0,4
ASTRAZEN,2026-03-13 10:53:00,8399.0,8411.5,8399.0,8411.5,7
ASTRAZEN,2026-03-13 10:54:00,8411.5,8414.5,8391.5,8391.5,9
ASTRAZEN,2026-03-13 10:55:00,8387.5,8387.5,8387.5,8387.5,4
ASTRAZEN,2026-03-13 10:56:00,8387.5,8388.0,8387.5,8387.5,3
ASTRAZEN,2026-03-13 10:57:00,8387.5,8395.0,8387.5,8395.0,22
ASTRAZEN,2026-03-13 10:58:00,8398.0,8398.0,8386.5,8395.0,7
ASTRAZEN,2026-03-13 10:59:00,8395.0,8395.0,8386.5,8386.5,4
ASTRAZEN,2026-03-13 11:00:00,8386.5,8412.0,8382.0,8399.0,50
ASTRAZEN,2026-03-13 11:01:00,8399.0,8399.0,8384.5,8384.5,2
ASTRAZEN,2026-03-13 11:02:00,8381.5,8396.0,8377.5,8380.0,35
ASTRAZEN,2026-03-13 11:03:00,8380.0,8380.0,8380.0,8380.0,0
ASTRAZEN,2026-03-13 11:04:00,8375.0,8390.5,8375.0,8381.5,92
ASTRAZEN,2026-03-13 11:05:00,8381.5,8390.0,8381.5,8383.0,7
ASTRAZEN,2026-03-13 11:06:00,8383.0,8393.5,8383.0,8393.5,0
ASTRAZEN,2026-03-13 11:07:00,8381.5,8381.5,8381.5,8381.5,2
ASTRAZEN,2026-03-13 11:08:00,8381.5,8383.0,8377.5,8383.0,4
ASTRAZEN,2026-03-13 11:09:00,8358.0,8366.0,8358.0,8366.0,32
ASTRAZEN,2026-03-13 11:10:00,8366.0,8366.0,8366.0,8366.0,0
ASTRAZEN,2026-03-13 11:11:00,8390.5,8390.5,8390.0,8390.0,81
ASTRAZEN,2026-03-13 11:12:00,8390.0,8395.5,8390.0,8395.0,4
ASTRAZEN,2026-03-13 11:13:00,8395.0,8395.0,8389.0,8389.0,5
ASTRAZEN,2026-03-13 11:14:00,8389.0,8389.0,8389.0,8389.0,0
ASTRAZEN,2026-03-13 11:15:00,8389.0,8408.0,8389.0,8408.0,40
ASTRAZEN,2026-03-13 11:16:00,8408.0,8408.0,8383.0,8383.0,7
ASTRAZEN,2026-03-13 11:17:00,8383.0,8383.0,8383.0,8383.0,0
ASTRAZEN,2026-03-13 11:18:00,8383.0,8393.0,8383.0,8393.0,4
ASTRAZEN,2026-03-13 11:19:00,8393.0,8398.0,8385.5,8385.5,6
ASTRAZEN,2026-03-13 11:20:00,8385.5,8389.5,8385.5,8389.5,1
ASTRAZEN,2026-03-13 11:21:00,8389.5,8393.0,8382.0,8393.0,12
ASTRAZEN,2026-03-13 11:22:00,8393.0,8393.0,8384.5,8384.5,2
ASTRAZEN,2026-03-13 11:23:00,8384.5,8384.5,8384.5,8384.5,0
ASTRAZEN,2026-03-13 11:24:00,8384.5,8390.5,8384.5,8390.5,3
ASTRAZEN,2026-03-13 11:25:00,8390.5,8390.5,8386.0,8386.0,6
ASTRAZEN,2026-03-13 11:26:00,8386.0,8400.5,8386.0,8398.5,9
ASTRAZEN,2026-03-13 11:27:00,8398.5,8404.5,8397.0,8404.5,4
ASTRAZEN,2026-03-13 11:28:00,8408.5,8408.5,8392.0,8407.5,14
ASTRAZEN,2026-03-13 11:29:00,8410.5,8414.5,8407.0,8414.5,59
ASTRAZEN,2026-03-13 11:30:00,8414.5,8414.5,8401.0,8401.0,2
ASTRAZEN,2026-03-13 11:31:00,8401.0,8401.0,8400.0,8400.0,3
ASTRAZEN,2026-03-13 11:32:00,8400.0,8400.0,8400.0,8400.0,2
ASTRAZEN,2026-03-13 11:33:00,8400.0,8400.0,8400.0,8400.0,6
ASTRAZEN,2026-03-13 11:34:00,8400.0,8409.0,8400.0,8409.0,11
ASTRAZEN,2026-03-13 11:35:00,8409.0,8409.0,8400.0,8400.0,4
ASTRAZEN,2026-03-13 11:36:00,8400.0,8404.0,8400.0,8404.0,6
ASTRAZEN,2026-03-13 11:37:00,8404.0,8404.0,8386.5,8392.5,9
ASTRAZEN,2026-03-13 11:38:00,8392.5,8397.5,8392.5,8397.0,7
ASTRAZEN,2026-03-13 11:39:00,8398.5,8398.5,8398.0,8398.0,6
ASTRAZEN,2026-03-13 11:40:00,8398.0,8398.0,8392.0,8395.5,6
ASTRAZEN,2026-03-13 11:41:00,8395.5,8396.0,8388.5,8396.0,9
ASTRAZEN,2026-03-13 11:42:00,8396.0,8396.5,8389.0,8389.0,5
ASTRAZEN,2026-03-13 11:43:00,8386.0,8404.5,8386.0,8393.0,31
ASTRAZEN,2026-03-13 11:44:00,8393.0,8403.0,8389.0,8389.0,6
ASTRAZEN,2026-03-13 11:45:00,8386.5,8402.0,8386.5,8401.5,76
ASTRAZEN,2026-03-13 11:46:00,8390.5,8398.5,8390.5,8391.5,9
ASTRAZEN,2026-03-13 11:47:00,8391.5,8429.5,8391.0,8429.5,165
ASTRAZEN,2026-03-13 11:48:00,8429.5,8429.5,8409.0,8409.0,2
ASTRAZEN,2026-03-13 11:49:00,8409.0,8409.5,8409.0,8409.5,2
ASTRAZEN,2026-03-13 11:50:00,8409.5,8409.5,8406.0,8406.0,2
ASTRAZEN,2026-03-13 11:51:00,8415.0,8415.0,8399.5,8399.5,5
ASTRAZEN,2026-03-13 11:52:00,8399.5,8407.0,8399.5,8407.0,2
ASTRAZEN,2026-03-13 11:53:00,8407.0,8407.0,8398.0,8398.0,6
ASTRAZEN,2026-03-13 11:54:00,8398.0,8407.0,8398.0,8407.0,5
ASTRAZEN,2026-03-13 11:55:00,8408.0,8408.0,8398.0,8398.0,3
ASTRAZEN,2026-03-13 11:56:00,8398.0,8398.0,8398.0,8398.0,0
ASTRAZEN,2026-03-13 11:57:00,8407.5,8407.5,8397.5,8397.5,5
ASTRAZEN,2026-03-13 11:58:00,8397.5,8397.5,8397.5,8397.5,0
ASTRAZEN,2026-03-13 12:00:00,8397.5,8397.5,8397.5,8397.5,1
ASTRAZEN,2026-03-13 12:01:00,8397.5,8397.5,8392.0,8392.0,2
ASTRAZEN,2026-03-13 12:02:00,8392.0,8392.0,8388.0,8388.0,2
ASTRAZEN,2026-03-13 12:03:00,8388.0,8395.5,8387.5,8387.5,7
ASTRAZEN,2026-03-13 12:04:00,8404.0,8404.0,8391.0,8391.0,4
ASTRAZEN,2026-03-13 12:05:00,8405.5,8405.5,8395.0,8395.0,4
ASTRAZEN,2026-03-13 12:06:00,8395.0,8395.5,8395.0,8395.5,2
ASTRAZEN,2026-03-13 12:07:00,8395.5,8395.5,8393.0,8393.0,4
ASTRAZEN,2026-03-13 12:08:00,8393.0,8395.0,8385.0,8385.0,15
ASTRAZEN,2026-03-13 12:09:00,8394.5,8394.5,8385.0,8385.0,3
ASTRAZEN,2026-03-13 12:10:00,8385.0,8402.5,8385.0,8402.5,18
ASTRAZEN,2026-03-13 12:11:00,8396.0,8397.0,8396.0,8397.0,4
ASTRAZEN,2026-03-13 12:12:00,8397.0,8397.0,8387.5,8387.5,2
ASTRAZEN,2026-03-13 12:13:00,8405.0,8405.0,8405.0,8405.0,65
ASTRAZEN,2026-03-13 12:14:00,8405.0,8411.5,8405.0,8411.5,3
ASTRAZEN,2026-03-13 12:15:00,8415.0,8424.0,8415.0,8424.0,84
ASTRAZEN,2026-03-13 12:16:00,8424.0,8424.0,8412.0,8412.0,2
ASTRAZEN,2026-03-13 12:17:00,8412.0,8412.0,8412.0,8412.0,0
ASTRAZEN,2026-03-13 12:18:00,8419.5,8425.0,8418.0,8418.0,56
ASTRAZEN,2026-03-13 12:19:00,8418.0,8418.0,8402.0,8402.0,4
ASTRAZEN,2026-03-13 12:20:00,8402.0,8414.5,8397.5,8397.5,4
ASTRAZEN,2026-03-13 12:21:00,8397.5,8397.5,8397.0,8397.0,2
ASTRAZEN,2026-03-13 12:22:00,8397.0,8397.0,8397.0,8397.0,0
ASTRAZEN,2026-03-13 12:23:00,8397.0,8397.0,8397.0,8397.0,1
ASTRAZEN,2026-03-13 12:24:00,8397.0,8397.0,8396.0,8396.0,2
ASTRAZEN,2026-03-13 12:25:00,8396.0,8396.0,8396.0,8396.0,0
ASTRAZEN,2026-03-13 12:26:00,8396.0,8405.5,8396.0,8405.5,6
ASTRAZEN,2026-03-13 12:27:00,8405.5,8409.0,8405.5,8409.0,1
ASTRAZEN,2026-03-13 12:28:00,8400.0,8401.0,8400.0,8401.0,8
ASTRAZEN,2026-03-13 12:29:00,8401.0,8419.5,8401.0,8410.0,203
ASTRAZEN,2026-03-13 12:30:00,8410.0,8412.0,8410.0,8412.0,3
ASTRAZEN,2026-03-13 12:31:00,8412.0,8417.5,8410.0,8417.5,15
ASTRAZEN,2026-03-13 12:32:00,8417.5,8417.5,8410.0,8410.0,5
ASTRAZEN,2026-03-13 12:33:00,8410.0,8410.0,8410.0,8410.0,0
ASTRAZEN,2026-03-13 12:34:00,8410.0,8411.0,8410.0,8411.0,2
ASTRAZEN,2026-03-13 12:35:00,8421.5,8423.5,8412.0,8423.0,15
ASTRAZEN,2026-03-13 12:36:00,8423.0,8423.0,8411.0,8411.0,8
ASTRAZEN,2026-03-13 12:37:00,8411.0,8420.0,8410.0,8420.0,23
ASTRAZEN,2026-03-13 12:38:00,8420.0,8420.0,8411.5,8413.5,9
ASTRAZEN,2026-03-13 12:39:00,8424.0,8424.0,8413.0,8413.0,12
ASTRAZEN,2026-03-13 12:40:00,8413.0,8415.0,8413.0,8414.5,7
ASTRAZEN,2026-03-13 12:41:00,8414.5,8414.5,8413.0,8413.0,11
ASTRAZEN,2026-03-13 12:42:00,8413.0,8413.0,8411.0,8411.5,8
ASTRAZEN,2026-03-13 12:43:00,8411.5,8411.5,8411.5,8411.5,4
ASTRAZEN,2026-03-13 12:44:00,8411.0,8411.0,8392.5,8393.0,21
ASTRAZEN,2026-03-13 12:45:00,8393.0,8420.5,8393.0,8406.5,126
ASTRAZEN,2026-03-13 12:46:00,8417.5,8417.5,8408.5,8408.5,6
ASTRAZEN,2026-03-13 12:47:00,8408.5,8408.5,8408.5,8408.5,0
ASTRAZEN,2026-03-13 12:48:00,8394.5,8417.0,8394.5,8417.0,41
ASTRAZEN,2026-03-13 12:49:00,8417.0,8425.0,8409.0,8409.0,3
ASTRAZEN,2026-03-13 12:50:00,8409.0,8421.0,8406.5,8421.0,5
ASTRAZEN,2026-03-13 12:51:00,8421.0,8423.0,8414.5,8423.0,5
ASTRAZEN,2026-03-13 12:52:00,8423.0,8423.0,8409.0,8409.0,2
ASTRAZEN,2026-03-13 12:53:00,8409.0,8413.5,8409.0,8413.5,3
ASTRAZEN,2026-03-13 12:54:00,8413.5,8415.5,8402.5,8415.5,2
ASTRAZEN,2026-03-13 12:55:00,8415.5,8415.5,8402.0,8402.0,5
ASTRAZEN,2026-03-13 12:56:00,8402.0,8412.0,8402.0,8412.0,1
ASTRAZEN,2026-03-13 12:57:00,8403.5,8403.5,8403.5,8403.5,2
ASTRAZEN,2026-03-13 12:58:00,8403.5,8403.5,8399.5,8399.5,5
ASTRAZEN,2026-03-13 12:59:00,8399.5,8399.5,8399.5,8399.5,0
ASTRAZEN,2026-03-13 13:00:00,8399.5,8401.5,8399.5,8401.5,2
ASTRAZEN,2026-03-13 13:01:00,8402.5,8402.5,8402.5,8402.5,2
ASTRAZEN,2026-03-13 13:02:00,8402.5,8403.5,8402.5,8403.5,2
ASTRAZEN,2026-03-13 13:03:00,8410.0,8421.0,8410.0,8421.0,6
ASTRAZEN,2026-03-13 13:04:00,8421.0,8421.0,8407.5,8417.5,4
ASTRAZEN,2026-03-13 13:05:00,8417.5,8417.5,8405.0,8405.0,2
ASTRAZEN,2026-03-13 13:06:00,8405.0,8419.5,8405.0,8419.5,12
ASTRAZEN,2026-03-13 13:07:00,8419.5,8420.0,8407.5,8407.5,22
ASTRAZEN,2026-03-13 13:08:00,8407.5,8407.5,8407.0,8407.0,2
ASTRAZEN,2026-03-13 13:09:00,8407.0,8407.0,8406.0,8406.0,2
ASTRAZEN,2026-03-13 13:10:00,8406.0,8410.0,8406.0,8410.0,6
ASTRAZEN,2026-03-13 13:11:00,8410.0,8410.0,8410.0,8410.0,2
ASTRAZEN,2026-03-13 13:12:00,8410.0,8420.0,8410.0,8420.0,32
ASTRAZEN,2026-03-13 13:13:00,8420.0,8420.0,8410.0,8420.0,38
ASTRAZEN,2026-03-13 13:14:00,8420.0,8420.0,8413.5,8413.5,2
ASTRAZEN,2026-03-13 13:15:00,8413.5,8420.0,8406.5,8420.0,7
ASTRAZEN,2026-03-13 13:16:00,8409.0,8419.5,8409.0,8419.5,10
ASTRAZEN,2026-03-13 13:17:00,8419.5,8419.5,8410.0,8410.0,2
ASTRAZEN,2026-03-13 13:18:00,8410.0,8420.0,8410.0,8420.0,16
ASTRAZEN,2026-03-13 13:19:00,8413.5,8420.0,8399.0,8420.0,215
ASTRAZEN,2026-03-13 13:20:00,8420.0,8420.0,8406.5,8406.5,2
ASTRAZEN,2026-03-13 13:21:00,8406.5,8420.0,8406.5,8407.5,6
ASTRAZEN,2026-03-13 13:22:00,8407.5,8407.5,8407.5,8407.5,0
ASTRAZEN,2026-03-13 13:23:00,8407.5,8407.5,8407.5,8407.5,0
ASTRAZEN,2026-03-13 13:24:00,8407.5,8416.5,8407.0,8416.5,4
ASTRAZEN,2026-03-13 13:25:00,8416.5,8418.5,8407.5,8418.5,6
ASTRAZEN,2026-03-13 13:26:00,8418.5,8418.5,8406.5,8417.0,6
ASTRAZEN,2026-03-13 13:27:00,8405.0,8407.0,8405.0,8407.0,4
ASTRAZEN,2026-03-13 13:28:00,8407.0,8407.0,8401.0,8403.0,7
ASTRAZEN,2026-03-13 13:29:00,8403.0,8412.0,8399.5,8412.0,6
ASTRAZEN,2026-03-13 13:30:00,8401.0,8410.5,8401.0,8401.0,5
ASTRAZEN,2026-03-13 13:31:00,8401.0,8401.0,8400.0,8400.0,4
ASTRAZEN,2026-03-13 13:32:00,8400.0,8410.0,8398.5,8398.5,7
ASTRAZEN,2026-03-13 13:33:00,8398.5,8429.5,8398.5,8404.5,159
ASTRAZEN,2026-03-13 13:34:00,8404.5,8404.5,8404.5,8404.5,2
ASTRAZEN,2026-03-13 13:35:00,8404.5,8404.5,8402.0,8402.0,2
ASTRAZEN,2026-03-13 13:36:00,8402.0,8402.5,8402.0,8402.5,0
ASTRAZEN,2026-03-13 13:37:00,8402.5,8419.0,8402.5,8404.5,6
ASTRAZEN,2026-03-13 13:38:00,8404.5,8404.5,8404.5,8404.5,0
ASTRAZEN,2026-03-13 13:39:00,8404.5,8404.5,8398.0,8398.0,2
ASTRAZEN,2026-03-13 13:40:00,8394.0,8394.0,8394.0,8394.0,5
ASTRAZEN,2026-03-13 13:41:00,8394.0,8405.0,8394.0,8405.0,4
ASTRAZEN,2026-03-13 13:42:00,8405.0,8405.0,8395.5,8395.5,4
ASTRAZEN,2026-03-13 13:44:00,8395.5,8405.5,8393.5,8405.5,14
ASTRAZEN,2026-03-13 13:45:00,8405.5,8405.5,8401.0,8401.0,2
ASTRAZEN,2026-03-13 13:46:00,8401.0,8401.0,8394.0,8394.0,3
ASTRAZEN,2026-03-13 13:47:00,8394.0,8394.0,8394.0,8394.0,0
ASTRAZEN,2026-03-13 13:48:00,8394.0,8394.0,8394.0,8394.0,2
ASTRAZEN,2026-03-13 13:49:00,8394.0,8405.0,8394.0,8405.0,8
ASTRAZEN,2026-03-13 13:50:00,8403.0,8403.0,8393.5,8393.5,4
ASTRAZEN,2026-03-13 13:51:00,8393.5,8393.5,8393.5,8393.5,0
ASTRAZEN,2026-03-13 13:52:00,8393.5,8393.5,8393.5,8393.5,2
ASTRAZEN,2026-03-13 13:53:00,8393.5,8402.0,8393.5,8402.0,1
ASTRAZEN,2026-03-13 13:54:00,8397.0,8401.5,8390.0,8396.0,10
ASTRAZEN,2026-03-13 13:55:00,8396.5,8397.0,8388.0,8388.0,2
ASTRAZEN,2026-03-13 13:56:00,8388.0,8396.5,8388.0,8396.0,35
ASTRAZEN,2026-03-13 13:57:00,8396.0,8396.0,8387.5,8387.5,2
ASTRAZEN,2026-03-13 13:58:00,8397.0,8399.0,8397.0,8399.0,58
ASTRAZEN,2026-03-13 13:59:00,8397.0,8397.0,8397.0,8397.0,2
ASTRAZEN,2026-03-13 14:00:00,8397.5,8405.0,8397.5,8397.5,8
ASTRAZEN,2026-03-13 14:01:00,8397.5,8397.5,8392.5,8392.5,0
ASTRAZEN,2026-03-13 14:02:00,8392.5,8392.5,8392.5,8392.5,2
ASTRAZEN,2026-03-13 14:03:00,8392.5,8397.0,8388.5,8388.5,6
ASTRAZEN,2026-03-13 14:04:00,8397.0,8401.0,8390.0,8392.0,10
ASTRAZEN,2026-03-13 14:05:00,8392.0,8392.0,8392.0,8392.0,0
ASTRAZEN,2026-03-13 14:06:00,8402.5,8402.5,8402.5,8402.5,1
ASTRAZEN,2026-03-13 14:07:00,8402.5,8402.5,8402.5,8402.5,0
ASTRAZEN,2026-03-13 14:08:00,8392.0,8402.0,8392.0,8402.0,3
ASTRAZEN,2026-03-13 14:09:00,8402.0,8402.0,8402.0,8402.0,0
ASTRAZEN,2026-03-13 14:10:00,8402.0,8402.0,8402.0,8402.0,0
ASTRAZEN,2026-03-13 14:11:00,8402.0,8402.0,8388.5,8396.5,2
ASTRAZEN,2026-03-13 14:12:00,8396.5,8396.5,8396.5,8396.5,0
ASTRAZEN,2026-03-13 14:13:00,8396.5,8404.5,8396.5,8404.5,6
ASTRAZEN,2026-03-13 14:14:00,8404.5,8406.5,8396.5,8406.5,4
ASTRAZEN,2026-03-13 14:15:00,8406.5,8406.5,8406.5,8406.5,0
ASTRAZEN,2026-03-13 14:16:00,8406.5,8415.5,8403.5,8414.5,4
ASTRAZEN,2026-03-13 14:17:00,8414.5,8414.5,8414.5,8414.5,0
ASTRAZEN,2026-03-13 14:18:00,8414.5,8414.5,8401.5,8401.5,2
ASTRAZEN,2026-03-13 14:19:00,8401.5,8401.5,8401.5,8401.5,0
ASTRAZEN,2026-03-13 14:20:00,8401.5,8401.5,8401.5,8401.5,0
ASTRAZEN,2026-03-13 14:21:00,8401.5,8411.5,8401.5,8411.5,0
ASTRAZEN,2026-03-13 14:22:00,8411.5,8411.5,8390.0,8390.0,51
ASTRAZEN,2026-03-13 14:23:00,8390.0,8390.0,8390.0,8390.0,0
ASTRAZEN,2026-03-13 14:24:00,8403.0,8403.0,8403.0,8403.0,62
ASTRAZEN,2026-03-13 14:25:00,8396.5,8396.5,8396.5,8396.5,2
ASTRAZEN,2026-03-13 14:26:00,8403.0,8403.0,8394.0,8394.0,5
ASTRAZEN,2026-03-13 14:27:00,8394.0,8394.0,8394.0,8394.0,0
ASTRAZEN,2026-03-13 14:28:00,8401.0,8401.0,8395.5,8395.5,8
ASTRAZEN,2026-03-13 14:29:00,8395.5,8396.0,8395.5,8396.0,4
ASTRAZEN,2026-03-13 14:30:00,8396.0,8396.0,8396.0,8396.0,2
ASTRAZEN,2026-03-13 14:31:00,8396.0,8400.5,8396.0,8400.5,7
ASTRAZEN,2026-03-13 14:32:00,8400.5,8400.5,8396.0,8396.0,2
ASTRAZEN,2026-03-13 14:33:00,8396.0,8396.0,8396.0,8396.0,2
ASTRAZEN,2026-03-13 14:34:00,8396.0,8396.0,8395.0,8395.0,2
ASTRAZEN,2026-03-13 14:35:00,8395.0,8399.5,8395.0,8399.5,7
ASTRAZEN,2026-03-13 14:36:00,8399.5,8399.5,8399.0,8399.0,9
ASTRAZEN,2026-03-13 14:37:00,8399.0,8399.0,8399.0,8399.0,0
ASTRAZEN,2026-03-13 14:38:00,8399.0,8399.5,8399.0,8399.5,1
ASTRAZEN,2026-03-13 14:39:00,8399.5,8399.5,8394.0,8399.0,4
ASTRAZEN,2026-03-13 14:40:00,8399.0,8400.0,8399.0,8400.0,1
ASTRAZEN,2026-03-13 14:41:00,8400.0,8404.5,8395.5,8404.5,12
ASTRAZEN,2026-03-13 14:42:00,8404.5,8404.5,8391.5,8391.5,16
ASTRAZEN,2026-03-13 14:43:00,8402.5,8402.5,8393.0,8393.0,3
ASTRAZEN,2026-03-13 14:44:00,8400.0,8400.0,8400.0,8400.0,2
ASTRAZEN,2026-03-13 14:45:00,8400.0,8401.5,8391.5,8391.5,9
ASTRAZEN,2026-03-13 14:46:00,8391.5,8392.0,8391.5,8392.0,2
ASTRAZEN,2026-03-13 14:47:00,8392.0,8405.5,8391.0,8396.5,17
ASTRAZEN,2026-03-13 14:48:00,8396.5,8396.5,8396.5,8396.5,0
ASTRAZEN,2026-03-13 14:49:00,8396.5,8404.5,8393.5,8394.5,8
ASTRAZEN,2026-03-13 14:50:00,8394.5,8394.5,8392.5,8392.5,2
ASTRAZEN,2026-03-13 14:51:00,8392.5,8402.5,8392.5,8396.0,7
ASTRAZEN,2026-03-13 14:52:00,8402.5,8402.5,8402.0,8402.0,4
ASTRAZEN,2026-03-13 14:53:00,8402.0,8402.0,8392.0,8398.5,9
ASTRAZEN,2026-03-13 14:54:00,8399.0,8399.0,8391.0,8391.0,3
ASTRAZEN,2026-03-13 14:55:00,8399.5,8399.5,8398.5,8399.0,10
ASTRAZEN,2026-03-13 14:56:00,8399.0,8399.5,8390.5,8390.5,10
ASTRAZEN,2026-03-13 14:57:00,8390.5,8390.5,8390.5,8390.5,0
ASTRAZEN,2026-03-13 14:58:00,8399.0,8399.0,8390.0,8390.0,9
ASTRAZEN,2026-03-13 14:59:00,8390.0,8399.5,8390.0,8399.5,25
ASTRAZEN,2026-03-13 15:00:00,8399.5,8400.0,8395.5,8395.5,12
ASTRAZEN,2026-03-13 15:01:00,8395.5,8395.5,8395.5,8395.5,33
ASTRAZEN,2026-03-13 15:02:00,8395.5,8406.0,8395.5,8406.0,358
ASTRAZEN,2026-03-13 15:03:00,8406.0,8411.5,8406.0,8411.5,22
ASTRAZEN,2026-03-13 15:04:00,8411.5,8411.5,8401.0,8401.0,7
ASTRAZEN,2026-03-13 15:05:00,8401.0,8407.5,8401.0,8407.5,13
ASTRAZEN,2026-03-13 15:06:00,8410.0,8410.0,8405.5,8405.5,32
ASTRAZEN,2026-03-13 15:07:00,8405.5,8410.0,8405.5,8405.5,8
ASTRAZEN,2026-03-13 15:08:00,8405.5,8410.0,8405.5,8410.0,19
ASTRAZEN,2026-03-13 15:09:00,8410.0,8410.0,8404.5,8404.5,7
ASTRAZEN,2026-03-13 15:10:00,8404.5,8410.5,8404.5,8410.5,14
ASTRAZEN,2026-03-13 15:11:00,8410.5,8410.5,8403.5,8403.5,6
ASTRAZEN,2026-03-13 15:12:00,8403.5,8403.5,8400.0,8400.0,15
ASTRAZEN,2026-03-13 15:13:00,8409.0,8409.0,8400.0,8400.0,20
ASTRAZEN,2026-03-13 15:14:00,8400.0,8407.0,8400.0,8400.0,168
ASTRAZEN,2026-03-13 15:15:00,8407.0,8407.0,8400.0,8400.0,363
ASTRAZEN,2026-03-13 15:16:00,8400.0,8404.5,8400.0,8400.0,32
ASTRAZEN,2026-03-13 15:17:00,8400.0,8401.5,8400.0,8400.0,45
ASTRAZEN,2026-03-13 15:18:00,8402.0,8402.0,8400.0,8400.0,20
ASTRAZEN,2026-03-13 15:19:00,8400.0,8402.0,8400.0,8400.0,15
ASTRAZEN,2026-03-13 15:20:00,8400.0,8410.0,8400.0,8400.0,88
ASTRAZEN,2026-03-13 15:21:00,8400.0,8408.0,8400.0,8400.0,26
ASTRAZEN,2026-03-13 15:22:00,8408.0,8408.0,8400.0,8407.0,13
ASTRAZEN,2026-03-13 15:23:00,8407.0,8407.0,8400.0,8407.0,31
ASTRAZEN,2026-03-13 15:24:00,8407.0,8412.0,8400.0,8400.0,30
ASTRAZEN,2026-03-13 15:25:00,8400.0,8409.5,8400.0,8400.0,29
ASTRAZEN,2026-03-13 15:26:00,8400.0,8409.5,8400.0,8400.0,30
ASTRAZEN,2026-03-13 15:27:00,8400.0,8410.0,8400.0,8400.0,15
ASTRAZEN,2026-03-13 15:28:00,8409.0,8410.0,8408.5,8410.0,16
ASTRAZEN,2026-03-13 15:29:00,8400.0,8418.0,8400.0,8418.0,32
ASTRAZEN,2026-03-16 09:15:00,8410.0,8410.0,8356.5,8360.0,19
ASTRAZEN,2026-03-16 09:16:00,8352.5,8366.5,8322.0,8322.0,48
ASTRAZEN,2026-03-16 09:17:00,8300.0,8318.0,8285.5,8285.5,63
ASTRAZEN,2026-03-16 09:18:00,8285.5,8307.0,8285.5,8307.0,10
ASTRAZEN,2026-03-16 09:19:00,8321.0,8326.5,8303.0,8310.0,15
ASTRAZEN,2026-03-16 09:20:00,8304.5,8318.5,8298.5,8314.0,20
ASTRAZEN,2026-03-16 09:21:00,8314.0,8314.0,8298.0,8298.0,9
ASTRAZEN,2026-03-16 09:22:00,8286.5,8305.0,8286.5,8305.0,9
ASTRAZEN,2026-03-16 09:23:00,8305.0,8305.0,8296.5,8296.5,1
ASTRAZEN,2026-03-16 09:24:00,8305.0,8305.0,8288.0,8288.0,22
ASTRAZEN,2026-03-16 09:25:00,8288.0,8288.0,8288.0,8288.0,0
ASTRAZEN,2026-03-16 09:26:00,8288.0,8288.0,8288.0,8288.0,0
ASTRAZEN,2026-03-16 09:27:00,8288.0,8304.0,8288.0,8304.0,2
ASTRAZEN,2026-03-16 09:28:00,8304.0,8320.5,8304.0,8320.5,3
ASTRAZEN,2026-03-16 09:29:00,8321.0,8321.0,8321.0,8321.0,1
ASTRAZEN,2026-03-16 09:30:00,8319.5,8325.0,8319.5,8325.0,6
ASTRAZEN,2026-03-16 09:31:00,8325.0,8325.0,8325.0,8325.0,0
ASTRAZEN,2026-03-16 09:32:00,8325.0,8325.0,8325.0,8325.0,0
ASTRAZEN,2026-03-16 09:33:00,8325.0,8325.0,8305.5,8305.5,2
ASTRAZEN,2026-03-16 09:34:00,8305.5,8328.5,8305.5,8328.5,2
ASTRAZEN,2026-03-16 09:35:00,8328.5,8384.5,8328.5,8384.5,56
ASTRAZEN,2026-03-16 09:36:00,8384.5,8390.0,8374.0,8374.0,14
ASTRAZEN,2026-03-16 09:37:00,8374.0,8387.0,8374.0,8387.0,3
ASTRAZEN,2026-03-16 09:38:00,8387.0,8390.0,8387.0,8390.0,2
ASTRAZEN,2026-03-16 09:39:00,8390.0,8390.0,8390.0,8390.0,0
ASTRAZEN,2026-03-16 09:40:00,8390.0,8390.0,8390.0,8390.0,0
ASTRAZEN,2026-03-16 09:41:00,8390.0,8430.0,8390.0,8430.0,100
ASTRAZEN,2026-03-16 09:42:00,8430.0,8430.5,8421.0,8421.0,10
ASTRAZEN,2026-03-16 09:43:00,8421.0,8421.0,8421.0,8421.0,5
ASTRAZEN,2026-03-16 09:44:00,8421.0,8421.0,8404.0,8407.0,25
ASTRAZEN,2026-03-16 09:45:00,8412.5,8412.5,8412.5,8412.5,5
ASTRAZEN,2026-03-16 09:46:00,8412.5,8412.5,8400.0,8400.0,7
ASTRAZEN,2026-03-16 09:47:00,8400.0,8400.0,8400.0,8400.0,3
ASTRAZEN,2026-03-16 09:48:00,8400.0,8400.0,8400.0,8400.0,0
ASTRAZEN,2026-03-16 09:49:00,8400.0,8400.0,8400.0,8400.0,0
ASTRAZEN,2026-03-16 09:50:00,8400.0,8400.0,8400.0,8400.0,0
ASTRAZEN,2026-03-16 09:51:00,8400.0,8407.5,8400.0,8407.5,0
ASTRAZEN,2026-03-16 09:52:00,8400.0,8400.0,8400.0,8400.0,6
ASTRAZEN,2026-03-16 09:53:00,8400.0,8400.5,8400.0,8400.5,2
ASTRAZEN,2026-03-16 09:54:00,8400.5,8400.5,8400.0,8400.0,1
ASTRAZEN,2026-03-16 09:55:00,8400.0,8400.0,8400.0,8400.0,0
ASTRAZEN,2026-03-16 09:56:00,8400.0,8400.0,8364.0,8364.0,9
ASTRAZEN,2026-03-16 09:57:00,8364.0,8378.5,8364.0,8378.5,1
ASTRAZEN,2026-03-16 09:58:00,8378.5,8400.0,8378.5,8400.0,120
ASTRAZEN,2026-03-16 09:59:00,8400.0,8400.0,8375.0,8375.0,4
ASTRAZEN,2026-03-16 10:00:00,8375.0,8375.0,8357.0,8357.0,1
ASTRAZEN,2026-03-16 10:01:00,8357.0,8386.0,8357.0,8386.0,1
ASTRAZEN,2026-03-16 10:02:00,8385.0,8385.0,8385.0,8385.0,1
ASTRAZEN,2026-03-16 10:03:00,8385.0,8385.0,8385.0,8385.0,0
ASTRAZEN,2026-03-16 10:04:00,8385.0,8385.0,8385.0,8385.0,0
ASTRAZEN,2026-03-16 10:05:00,8385.0,8394.0,8385.0,8394.0,2
ASTRAZEN,2026-03-16 10:06:00,8394.0,8394.0,8385.5,8385.5,1
ASTRAZEN,2026-03-16 10:07:00,8385.5,8385.5,8385.5,8385.5,0
ASTRAZEN,2026-03-16 10:08:00,8385.5,8385.5,8385.5,8385.5,0
ASTRAZEN,2026-03-16 10:09:00,8380.5,8380.5,8380.5,8380.5,2
ASTRAZEN,2026-03-16 10:10:00,8380.5,8381.0,8380.5,8381.0,1
ASTRAZEN,2026-03-16 10:11:00,8366.0,8381.5,8366.0,8381.5,4
ASTRAZEN,2026-03-16 10:12:00,8381.5,8381.5,8381.5,8381.5,0
ASTRAZEN,2026-03-16 10:13:00,8381.5,8381.5,8365.0,8365.0,1
ASTRAZEN,2026-03-16 10:14:00,8365.0,8365.0,8365.0,8365.0,0
ASTRAZEN,2026-03-16 10:15:00,8365.0,8365.0,8365.0,8365.0,0
ASTRAZEN,2026-03-16 10:16:00,8365.0,8365.0,8365.0,8365.0,0
ASTRAZEN,2026-03-16 10:17:00,8374.5,8374.5,8350.0,8350.0,23
ASTRAZEN,2026-03-16 10:18:00,8350.0,8350.0,8350.0,8350.0,0
ASTRAZEN,2026-03-16 10:20:00,8350.0,8350.0,8350.0,8350.0,0
ASTRAZEN,2026-03-16 10:21:00,8350.0,8350.0,8345.0,8345.0,4
ASTRAZEN,2026-03-16 10:23:00,8345.0,8345.0,8345.0,8345.0,0
ASTRAZEN,2026-03-16 10:24:00,8333.0,8333.0,8333.0,8333.0,2
ASTRAZEN,2026-03-16 10:25:00,8333.0,8333.0,8333.0,8333.0,0
ASTRAZEN,2026-03-16 10:26:00,8333.0,8336.5,8333.0,8336.5,2
ASTRAZEN,2026-03-16 10:27:00,8336.5,8336.5,8316.0,8321.5,4
ASTRAZEN,2026-03-16 10:28:00,8321.5,8324.0,8321.5,8324.0,5
ASTRAZEN,2026-03-16 10:29:00,8300.5,8328.0,8300.0,8328.0,57
ASTRAZEN,2026-03-16 10:30:00,8328.0,8335.0,8310.0,8310.0,28
ASTRAZEN,2026-03-16 10:31:00,8310.0,8312.5,8301.0,8312.5,26
ASTRAZEN,2026-03-16 10:32:00,8312.5,8312.5,8304.5,8304.5,0
ASTRAZEN,2026-03-16 10:33:00,8304.5,8304.5,8286.0,8286.0,7
ASTRAZEN,2026-03-16 10:34:00,8286.0,8286.0,8260.5,8260.5,20
ASTRAZEN,2026-03-16 10:35:00,8260.5,8275.0,8260.5,8275.0,14
ASTRAZEN,2026-03-16 10:36:00,8275.0,8275.0,8275.0,8275.0,0
ASTRAZEN,2026-03-16 10:37:00,8275.0,8275.0,8275.0,8275.0,1
ASTRAZEN,2026-03-16 10:38:00,8275.0,8275.0,8275.0,8275.0,0
ASTRAZEN,2026-03-16 10:39:00,8275.0,8275.0,8275.0,8275.0,0
ASTRAZEN,2026-03-16 10:40:00,8286.0,8286.0,8286.0,8286.0,5
ASTRAZEN,2026-03-16 10:41:00,8286.0,8286.0,8286.0,8286.0,0
ASTRAZEN,2026-03-16 10:42:00,8286.0,8286.0,8286.0,8286.0,0
ASTRAZEN,2026-03-16 10:43:00,8288.5,8288.5,8288.5,8288.5,1
ASTRAZEN,2026-03-16 10:44:00,8288.5,8288.5,8288.5,8288.5,0
ASTRAZEN,2026-03-16 10:45:00,8288.5,8288.5,8288.5,8288.5,0
ASTRAZEN,2026-03-16 10:46:00,8288.5,8288.5,8282.5,8282.5,1
ASTRAZEN,2026-03-16 10:47:00,8268.5,8268.5,8268.5,8268.5,1
ASTRAZEN,2026-03-16 10:48:00,8268.5,8268.5,8268.5,8268.5,0
ASTRAZEN,2026-03-16 10:52:00,8264.5,8264.5,8264.5,8264.5,14
ASTRAZEN,2026-03-16 10:53:00,8264.5,8272.5,8264.5,8272.5,1
ASTRAZEN,2026-03-16 10:54:00,8259.5,8269.5,8259.5,8269.5,11
ASTRAZEN,2026-03-16 10:55:00,8279.0,8279.0,8279.0,8279.0,2
ASTRAZEN,2026-03-16 10:56:00,8269.5,8279.0,8269.5,8278.5,12
ASTRAZEN,2026-03-16 10:57:00,8286.5,8380.5,8286.5,8379.5,487
ASTRAZEN,2026-03-16 10:58:00,8379.5,8379.5,8372.0,8372.0,3
ASTRAZEN,2026-03-16 10:59:00,8372.0,8372.0,8372.0,8372.0,1
ASTRAZEN,2026-03-16 11:00:00,8372.0,8380.0,8372.0,8380.0,18
ASTRAZEN,2026-03-16 11:01:00,8352.0,8379.5,8352.0,8379.5,4
ASTRAZEN,2026-03-16 11:02:00,8379.5,8379.5,8360.5,8379.0,4
ASTRAZEN,2026-03-16 11:03:00,8379.0,8394.5,8379.0,8394.5,31
ASTRAZEN,2026-03-16 11:04:00,8394.0,8394.0,8394.0,8394.0,2
ASTRAZEN,2026-03-16 11:05:00,8394.0,8394.0,8394.0,8394.0,2
ASTRAZEN,2026-03-16 11:06:00,8394.0,8394.5,8394.0,8394.5,2
ASTRAZEN,2026-03-16 11:07:00,8394.5,8394.5,8383.5,8394.5,10
ASTRAZEN,2026-03-16 11:08:00,8394.5,8394.5,8380.5,8394.5,4
ASTRAZEN,2026-03-16 11:09:00,8394.5,8394.5,8394.5,8394.5,3
ASTRAZEN,2026-03-16 11:10:00,8394.5,8394.5,8364.5,8388.0,218
ASTRAZEN,2026-03-16 11:11:00,8377.0,8377.0,8365.0,8365.5,26
ASTRAZEN,2026-03-16 11:12:00,8365.5,8366.0,8365.5,8366.0,2
ASTRAZEN,2026-03-16 11:13:00,8366.0,8366.5,8366.0,8366.5,2
ASTRAZEN,2026-03-16 11:14:00,8366.5,8367.0,8347.5,8347.5,16
ASTRAZEN,2026-03-16 11:15:00,8347.5,8373.5,8347.5,8373.5,4
ASTRAZEN,2026-03-16 11:16:00,8373.5,8377.0,8373.5,8377.0,2
ASTRAZEN,2026-03-16 11:17:00,8377.0,8377.0,8377.0,8377.0,1
ASTRAZEN,2026-03-16 11:18:00,8377.0,8383.0,8377.0,8383.0,8
ASTRAZEN,2026-03-16 11:19:00,8371.5,8383.0,8371.5,8383.0,4
ASTRAZEN,2026-03-16 11:20:00,8383.0,8383.0,8379.5,8379.5,1
ASTRAZEN,2026-03-16 11:21:00,8380.0,8380.5,8380.0,8380.5,2
ASTRAZEN,2026-03-16 11:22:00,8380.5,8382.0,8380.5,8382.0,1
ASTRAZEN,2026-03-16 11:24:00,8383.0,8414.0,8383.0,8414.0,221
ASTRAZEN,2026-03-16 11:25:00,8414.0,8414.0,8395.0,8395.0,6
ASTRAZEN,2026-03-16 11:27:00,8390.0,8390.0,8388.0,8388.0,3
ASTRAZEN,2026-03-16 11:28:00,8388.0,8388.0,8388.0,8388.0,0
ASTRAZEN,2026-03-16 11:29:00,8388.0,8388.0,8388.0,8388.0,0
ASTRAZEN,2026-03-16 11:31:00,8388.0,8388.0,8388.0,8388.0,0
ASTRAZEN,2026-03-16 11:32:00,8388.0,8389.5,8388.0,8389.5,1
ASTRAZEN,2026-03-16 11:33:00,8389.5,8389.5,8389.5,8389.5,0
ASTRAZEN,2026-03-16 11:36:00,8389.5,8389.5,8389.5,8389.5,0
ASTRAZEN,2026-03-16 11:37:00,8389.5,8389.5,8350.5,8350.5,95
ASTRAZEN,2026-03-16 11:38:00,8350.5,8375.5,8350.5,8353.5,14
ASTRAZEN,2026-03-16 11:39:00,8353.5,8372.5,8353.5,8372.5,1
ASTRAZEN,2026-03-16 11:40:00,8372.5,8372.5,8371.0,8371.0,1
ASTRAZEN,2026-03-16 11:41:00,8371.0,8401.0,8371.0,8401.0,69
ASTRAZEN,2026-03-16 11:42:00,8401.0,8401.0,8401.0,8401.0,0
ASTRAZEN,2026-03-16 11:43:00,8401.0,8401.0,8394.0,8401.0,14
ASTRAZEN,2026-03-16 11:44:00,8401.0,8401.0,8401.0,8401.0,0
ASTRAZEN,2026-03-16 11:45:00,8401.0,8401.0,8401.0,8401.0,0
ASTRAZEN,2026-03-16 11:46:00,8401.0,8401.0,8401.0,8401.0,0
ASTRAZEN,2026-03-16 11:47:00,8401.0,8401.0,8401.0,8401.0,0
ASTRAZEN,2026-03-16 11:49:00,8401.0,8401.0,8401.0,8401.0,0
ASTRAZEN,2026-03-16 11:50:00,8406.0,8406.0,8406.0,8406.0,2
ASTRAZEN,2026-03-16 11:51:00,8406.0,8406.0,8406.0,8406.0,0
ASTRAZEN,2026-03-16 11:57:00,8406.0,8406.0,8406.0,8406.0,2
ASTRAZEN,2026-03-16 11:59:00,8406.0,8406.0,8399.0,8399.0,5
ASTRAZEN,2026-03-16 12:00:00,8399.0,8410.0,8399.0,8410.0,18
ASTRAZEN,2026-03-16 12:01:00,8410.0,8410.0,8410.0,8410.0,0
ASTRAZEN,2026-03-16 12:02:00,8427.5,8427.5,8427.5,8427.5,3
ASTRAZEN,2026-03-16 12:03:00,8427.5,8427.5,8427.5,8427.5,0
ASTRAZEN,2026-03-16 12:04:00,8427.5,8433.0,8427.5,8433.0,2
ASTRAZEN,2026-03-16 12:05:00,8433.0,8438.0,8433.0,8438.0,10
ASTRAZEN,2026-03-16 12:06:00,8436.0,8444.5,8436.0,8438.0,12
ASTRAZEN,2026-03-16 12:08:00,8438.0,8438.0,8438.0,8438.0,0
ASTRAZEN,2026-03-16 12:09:00,8438.0,8438.0,8438.0,8438.0,0
ASTRAZEN,2026-03-16 12:11:00,8438.0,8438.0,8438.0,8438.0,0
ASTRAZEN,2026-03-16 12:12:00,8437.5,8437.5,8437.5,8437.5,2
ASTRAZEN,2026-03-16 12:14:00,8437.5,8437.5,8437.5,8437.5,0
ASTRAZEN,2026-03-16 12:16:00,8425.0,8425.0,8389.0,8389.0,82
ASTRAZEN,2026-03-16 12:17:00,8389.0,8389.0,8389.0,8389.0,0
ASTRAZEN,2026-03-16 12:18:00,8389.0,8390.0,8389.0,8390.0,16
ASTRAZEN,2026-03-16 12:19:00,8390.0,8390.0,8390.0,8390.0,0
ASTRAZEN,2026-03-16 12:20:00,8390.0,8390.0,8390.0,8390.0,0
ASTRAZEN,2026-03-16 12:21:00,8390.0,8390.0,8390.0,8390.0,0
ASTRAZEN,2026-03-16 12:22:00,8371.0,8371.0,8371.0,8371.0,4
ASTRAZEN,2026-03-16 12:24:00,8371.0,8371.0,8371.0,8371.0,0
ASTRAZEN,2026-03-16 12:25:00,8371.0,8371.0,8368.0,8368.0,10
ASTRAZEN,2026-03-16 12:26:00,8368.0,8368.0,8368.0,8368.0,0
ASTRAZEN,2026-03-16 12:27:00,8368.0,8368.0,8368.0,8368.0,0
ASTRAZEN,2026-03-16 12:28:00,8368.0,8430.0,8368.0,8430.0,299
ASTRAZEN,2026-03-16 12:29:00,8430.0,8438.0,8430.0,8438.0,6
ASTRAZEN,2026-03-16 12:30:00,8438.0,8438.0,8423.5,8423.5,4
ASTRAZEN,2026-03-16 12:31:00,8423.5,8423.5,8423.5,8423.5,0
ASTRAZEN,2026-03-16 12:32:00,8423.5,8423.5,8423.5,8423.5,0
ASTRAZEN,2026-03-16 12:33:00,8423.5,8423.5,8423.5,8423.5,0
ASTRAZEN,2026-03-16 12:34:00,8423.5,8423.5,8423.5,8423.5,0
ASTRAZEN,2026-03-16 12:35:00,8423.5,8423.5,8415.5,8415.5,5
ASTRAZEN,2026-03-16 12:36:00,8415.5,8442.5,8415.5,8442.5,8
ASTRAZEN,2026-03-16 12:37:00,8450.0,8450.0,8424.5,8424.5,28
ASTRAZEN,2026-03-16 12:38:00,8435.0,8435.0,8435.0,8435.0,1
ASTRAZEN,2026-03-16 12:39:00,8435.0,8442.0,8435.0,8442.0,11
ASTRAZEN,2026-03-16 12:40:00,8442.0,8442.0,8442.0,8442.0,0
ASTRAZEN,2026-03-16 12:41:00,8442.0,8442.0,8433.0,8433.0,4
ASTRAZEN,2026-03-16 12:42:00,8433.0,8433.0,8419.5,8419.5,3
ASTRAZEN,2026-03-16 12:49:00,8416.5,8416.5,8416.5,8416.5,8
ASTRAZEN,2026-03-16 12:50:00,8416.5,8427.5,8416.5,8427.5,6
ASTRAZEN,2026-03-16 12:51:00,8427.5,8427.5,8427.5,8427.5,0
ASTRAZEN,2026-03-16 12:53:00,8405.0,8405.0,8405.0,8405.0,24
ASTRAZEN,2026-03-16 12:54:00,8405.0,8405.0,8405.0,8405.0,0
ASTRAZEN,2026-03-16 12:55:00,8405.0,8405.0,8405.0,8405.0,0
ASTRAZEN,2026-03-16 12:57:00,8405.0,8405.0,8405.0,8405.0,0
ASTRAZEN,2026-03-16 13:00:00,8405.0,8424.0,8405.0,8424.0,2
ASTRAZEN,2026-03-16 13:01:00,8424.0,8424.0,8424.0,8424.0,0
ASTRAZEN,2026-03-16 13:02:00,8424.0,8425.0,8424.0,8425.0,5
ASTRAZEN,2026-03-16 13:03:00,8425.0,8425.0,8425.0,8425.0,0
ASTRAZEN,2026-03-16 13:04:00,8425.0,8425.0,8411.0,8411.0,0
ASTRAZEN,2026-03-16 13:05:00,8411.0,8411.0,8405.0,8405.0,4
ASTRAZEN,2026-03-16 13:06:00,8405.0,8405.0,8405.0,8405.0,0
ASTRAZEN,2026-03-16 13:07:00,8405.0,8405.0,8405.0,8405.0,0
ASTRAZEN,2026-03-16 13:08:00,8405.0,8405.0,8399.5,8399.5,11
ASTRAZEN,2026-03-16 13:09:00,8422.5,8422.5,8422.5,8422.5,20
ASTRAZEN,2026-03-16 13:10:00,8422.5,8422.5,8422.5,8422.5,2
ASTRAZEN,2026-03-16 13:11:00,8422.5,8422.5,8422.5,8422.5,0
ASTRAZEN,2026-03-16 13:12:00,8422.0,8422.0,8399.0,8399.0,54
ASTRAZEN,2026-03-16 13:14:00,8399.0,8399.0,8399.0,8399.0,0
ASTRAZEN,2026-03-16 13:15:00,8399.0,8415.5,8399.0,8412.5,376
ASTRAZEN,2026-03-16 13:16:00,8412.5,8412.5,8412.5,8412.5,0
ASTRAZEN,2026-03-16 13:17:00,8412.5,8412.5,8412.5,8412.5,0
ASTRAZEN,2026-03-16 13:18:00,8412.5,8412.5,8412.5,8412.5,0
ASTRAZEN,2026-03-16 13:19:00,8412.5,8412.5,8412.5,8412.5,0
ASTRAZEN,2026-03-16 13:20:00,8412.5,8412.5,8400.0,8400.0,5
ASTRAZEN,2026-03-16 13:21:00,8400.0,8400.0,8400.0,8400.0,0
ASTRAZEN,2026-03-16 13:23:00,8400.0,8400.0,8400.0,8400.0,0
ASTRAZEN,2026-03-16 13:25:00,8400.0,8400.0,8400.0,8400.0,0
ASTRAZEN,2026-03-16 13:26:00,8400.0,8400.0,8400.0,8400.0,0
ASTRAZEN,2026-03-16 13:27:00,8400.0,8400.0,8400.0,8400.0,0
ASTRAZEN,2026-03-16 13:28:00,8400.0,8400.0,8400.0,8400.0,0
ASTRAZEN,2026-03-16 13:29:00,8400.0,8400.0,8400.0,8400.0,0
ASTRAZEN,2026-03-16 13:31:00,8435.0,8435.0,8435.0,8435.0,49
ASTRAZEN,2026-03-16 13:32:00,8435.0,8449.5,8435.0,8449.5,6
ASTRAZEN,2026-03-16 13:33:00,8449.5,8449.5,8437.0,8437.0,1
ASTRAZEN,2026-03-16 13:35:00,8437.0,8437.0,8437.0,8437.0,0
ASTRAZEN,2026-03-16 13:36:00,8437.0,8437.0,8437.0,8437.0,0
ASTRAZEN,2026-03-16 13:37:00,8437.0,8437.0,8437.0,8437.0,0
ASTRAZEN,2026-03-16 13:38:00,8437.0,8437.0,8437.0,8437.0,0
ASTRAZEN,2026-03-16 13:39:00,8437.0,8437.0,8437.0,8437.0,0
ASTRAZEN,2026-03-16 13:42:00,8437.0,8437.0,8437.0,8437.0,0
ASTRAZEN,2026-03-16 13:43:00,8445.0,8445.0,8445.0,8445.0,2
ASTRAZEN,2026-03-16 13:44:00,8445.0,8445.0,8445.0,8445.0,0
ASTRAZEN,2026-03-16 13:45:00,8445.0,8445.0,8445.0,8445.0,0
ASTRAZEN,2026-03-16 13:46:00,8445.0,8445.0,8445.0,8445.0,0
ASTRAZEN,2026-03-16 13:47:00,8445.0,8445.0,8445.0,8445.0,0
ASTRAZEN,2026-03-16 13:48:00,8445.0,8445.0,8445.0,8445.0,0
ASTRAZEN,2026-03-16 13:49:00,8445.0,8445.0,8445.0,8445.0,0
ASTRAZEN,2026-03-16 13:50:00,8445.0,8445.0,8445.0,8445.0,0
ASTRAZEN,2026-03-16 13:51:00,8445.0,8445.0,8445.0,8445.0,0
ASTRAZEN,2026-03-16 13:52:00,8445.0,8445.0,8445.0,8445.0,0
ASTRAZEN,2026-03-16 13:53:00,8445.0,8445.0,8430.5,8430.5,6
ASTRAZEN,2026-03-16 13:54:00,8430.5,8430.5,8430.5,8430.5,0
ASTRAZEN,2026-03-16 13:55:00,8430.5,8430.5,8430.5,8430.5,0
ASTRAZEN,2026-03-16 13:56:00,8430.5,8430.5,8430.5,8430.5,0
ASTRAZEN,2026-03-16 13:57:00,8430.5,8430.5,8430.5,8430.5,0
ASTRAZEN,2026-03-16 13:59:00,8430.5,8430.5,8430.5,8430.5,0
ASTRAZEN,2026-03-16 14:00:00,8430.5,8430.5,8430.5,8430.5,0
ASTRAZEN,2026-03-16 14:01:00,8412.0,8412.0,8410.0,8410.0,17
ASTRAZEN,2026-03-16 14:02:00,8410.0,8410.0,8410.0,8410.0,0
ASTRAZEN,2026-03-16 14:03:00,8398.5,8398.5,8398.5,8398.5,191
ASTRAZEN,2026-03-16 14:04:00,8398.5,8398.5,8396.0,8396.0,1
ASTRAZEN,2026-03-16 14:05:00,8396.0,8396.0,8373.0,8373.0,21
ASTRAZEN,2026-03-16 14:06:00,8373.0,8373.0,8373.0,8373.0,0
ASTRAZEN,2026-03-16 14:07:00,8373.0,8373.0,8373.0,8373.0,0
ASTRAZEN,2026-03-16 14:08:00,8373.0,8373.0,8373.0,8373.0,0
ASTRAZEN,2026-03-16 14:09:00,8371.5,8371.5,8371.5,8371.5,3
ASTRAZEN,2026-03-16 14:10:00,8371.5,8371.5,8371.5,8371.5,0
ASTRAZEN,2026-03-16 14:11:00,8371.5,8371.5,8371.5,8371.5,19
ASTRAZEN,2026-03-16 14:12:00,8371.5,8371.5,8371.5,8371.5,0
ASTRAZEN,2026-03-16 14:13:00,8371.5,8371.5,8371.5,8371.5,0
ASTRAZEN,2026-03-16 14:14:00,8363.0,8363.0,8363.0,8363.0,11
ASTRAZEN,2026-03-16 14:15:00,8363.0,8363.0,8350.5,8350.5,17
ASTRAZEN,2026-03-16 14:16:00,8350.5,8350.5,8350.5,8350.5,0
ASTRAZEN,2026-03-16 14:17:00,8350.5,8368.5,8350.5,8368.5,1
ASTRAZEN,2026-03-16 14:18:00,8368.5,8378.0,8368.5,8378.0,20
ASTRAZEN,2026-03-16 14:19:00,8378.0,8380.0,8374.5,8380.0,2
ASTRAZEN,2026-03-16 14:20:00,8380.0,8394.0,8380.0,8390.0,9
ASTRAZEN,2026-03-16 14:21:00,8394.0,8400.0,8394.0,8400.0,13
ASTRAZEN,2026-03-16 14:22:00,8400.0,8400.0,8400.0,8400.0,11
ASTRAZEN,2026-03-16 14:23:00,8400.0,8400.0,8400.0,8400.0,0
ASTRAZEN,2026-03-16 14:24:00,8400.0,8400.0,8400.0,8400.0,0
ASTRAZEN,2026-03-16 14:26:00,8400.0,8400.0,8400.0,8400.0,0
ASTRAZEN,2026-03-16 14:27:00,8400.0,8400.0,8400.0,8400.0,0
ASTRAZEN,2026-03-16 14:28:00,8400.0,8400.0,8400.0,8400.0,0
ASTRAZEN,2026-03-16 14:29:00,8400.0,8400.0,8375.0,8375.0,83
ASTRAZEN,2026-03-16 14:30:00,8375.0,8375.0,8375.0,8375.0,0
ASTRAZEN,2026-03-16 14:31:00,8375.0,8375.0,8375.0,8375.0,1
ASTRAZEN,2026-03-16 14:32:00,8400.0,8401.5,8400.0,8401.5,808
ASTRAZEN,2026-03-16 14:33:00,8389.0,8393.5,8389.0,8393.5,9
ASTRAZEN,2026-03-16 14:34:00,8393.5,8399.0,8393.5,8399.0,2
ASTRAZEN,2026-03-16 14:35:00,8399.0,8399.0,8397.0,8397.0,1
ASTRAZEN,2026-03-16 14:36:00,8397.0,8397.0,8387.0,8387.5,5
ASTRAZEN,2026-03-16 14:37:00,8387.5,8387.5,8387.5,8387.5,0
ASTRAZEN,2026-03-16 14:38:00,8387.5,8387.5,8387.5,8387.5,0
ASTRAZEN,2026-03-16 14:39:00,8387.5,8387.5,8387.5,8387.5,0
ASTRAZEN,2026-03-16 14:40:00,8387.5,8387.5,8387.5,8387.5,0
ASTRAZEN,2026-03-16 14:41:00,8387.5,8387.5,8387.5,8387.5,0
ASTRAZEN,2026-03-16 14:42:00,8387.5,8434.5,8387.5,8434.5,5
ASTRAZEN,2026-03-16 14:43:00,8434.5,8434.5,8434.5,8434.5,10
ASTRAZEN,2026-03-16 14:44:00,8437.0,8437.0,8437.0,8437.0,2
ASTRAZEN,2026-03-16 14:45:00,8437.0,8437.0,8420.0,8420.0,2
ASTRAZEN,2026-03-16 14:46:00,8420.0,8420.0,8420.0,8420.0,0
ASTRAZEN,2026-03-16 14:47:00,8431.0,8431.0,8431.0,8431.0,2
ASTRAZEN,2026-03-16 14:48:00,8431.0,8431.0,8431.0,8431.0,0
ASTRAZEN,2026-03-16 14:49:00,8431.0,8431.0,8431.0,8431.0,0
ASTRAZEN,2026-03-16 14:50:00,8431.0,8431.0,8431.0,8431.0,0
ASTRAZEN,2026-03-16 14:51:00,8431.0,8431.0,8431.0,8431.0,0
ASTRAZEN,2026-03-16 14:53:00,8431.0,8431.0,8431.0,8431.0,2
ASTRAZEN,2026-03-16 14:54:00,8431.0,8439.0,8431.0,8439.0,0
ASTRAZEN,2026-03-16 14:55:00,8439.0,8439.0,8420.0,8420.0,4
ASTRAZEN,2026-03-16 14:57:00,8420.0,8420.0,8415.0,8415.0,1
ASTRAZEN,2026-03-16 14:58:00,8415.0,8438.0,8415.0,8438.0,10
ASTRAZEN,2026-03-16 14:59:00,8438.5,8438.5,8438.5,8438.5,2
ASTRAZEN,2026-03-16 15:00:00,8439.0,8439.0,8420.0,8420.0,11
ASTRAZEN,2026-03-16 15:01:00,8436.5,8439.0,8436.5,8439.0,2
ASTRAZEN,2026-03-16 15:02:00,8422.0,8422.0,8413.5,8413.5,24
ASTRAZEN,2026-03-16 15:03:00,8413.0,8413.0,8400.5,8412.5,12
ASTRAZEN,2026-03-16 15:04:00,8399.5,8413.5,8399.5,8413.0,5
ASTRAZEN,2026-03-16 15:05:00,8412.0,8414.0,8390.0,8397.5,130
ASTRAZEN,2026-03-16 15:06:00,8397.5,8399.0,8380.0,8380.0,503
ASTRAZEN,2026-03-16 15:07:00,8380.0,8390.0,8375.0,8390.0,408
ASTRAZEN,2026-03-16 15:08:00,8402.5,8412.0,8389.0,8412.0,13
ASTRAZEN,2026-03-16 15:09:00,8411.0,8411.0,8390.5,8390.5,13
ASTRAZEN,2026-03-16 15:10:00,8393.5,8394.0,8375.5,8394.0,1050
ASTRAZEN,2026-03-16 15:11:00,8402.5,8402.5,8369.0,8369.0,249
ASTRAZEN,2026-03-16 15:12:00,8362.5,8364.0,8359.5,8359.5,19
ASTRAZEN,2026-03-16 15:13:00,8361.0,8373.0,8359.0,8373.0,8
ASTRAZEN,2026-03-16 15:14:00,8373.5,8375.0,8373.5,8375.0,15
ASTRAZEN,2026-03-16 15:15:00,8375.0,8375.0,8350.5,8354.5,31
ASTRAZEN,2026-03-16 15:16:00,8364.5,8369.5,8354.5,8369.5,29
ASTRAZEN,2026-03-16 15:17:00,8370.0,8374.5,8357.5,8374.5,9
ASTRAZEN,2026-03-16 15:18:00,8374.5,8374.5,8340.0,8369.5,20
ASTRAZEN,2026-03-16 15:19:00,8370.0,8373.5,8363.5,8364.0,10
ASTRAZEN,2026-03-16 15:20:00,8359.0,8359.0,8340.0,8352.0,22
ASTRAZEN,2026-03-16 15:21:00,8352.0,8352.0,8331.0,8331.0,46
ASTRAZEN,2026-03-16 15:22:00,8340.5,8345.0,8333.5,8345.0,33
ASTRAZEN,2026-03-16 15:23:00,8345.0,8356.5,8332.0,8332.0,21
ASTRAZEN,2026-03-16 15:24:00,8340.5,8351.5,8340.0,8350.0,28
ASTRAZEN,2026-03-16 15:25:00,8350.0,8359.0,8349.5,8358.5,38
ASTRAZEN,2026-03-16 15:26:00,8358.5,8359.0,8337.5,8359.0,26
ASTRAZEN,2026-03-16 15:27:00,8359.0,8361.0,8359.0,8361.0,7
ASTRAZEN,2026-03-16 15:28:00,8361.5,8375.0,8346.5,8369.0,32
ASTRAZEN,2026-03-16 15:29:00,8367.5,8375.0,8367.5,8375.0,14
ASTRAZEN,2026-03-17 09:15:00,8440.5,8440.5,8408.0,8408.0,34
ASTRAZEN,2026-03-17 09:16:00,8386.0,8386.0,8372.0,8376.0,43
ASTRAZEN,2026-03-17 09:17:00,8376.0,8376.0,8352.0,8352.0,40
ASTRAZEN,2026-03-17 09:18:00,8352.0,8352.0,8346.5,8346.5,3
ASTRAZEN,2026-03-17 09:19:00,8346.5,8346.5,8346.5,8346.5,0
ASTRAZEN,2026-03-17 09:20:00,8346.5,8346.5,8346.5,8346.5,7
ASTRAZEN,2026-03-17 09:21:00,8346.5,8364.5,8346.5,8364.5,3
ASTRAZEN,2026-03-17 09:22:00,8364.5,8364.5,8364.5,8364.5,0
ASTRAZEN,2026-03-17 09:23:00,8371.0,8371.0,8371.0,8371.0,2
ASTRAZEN,2026-03-17 09:24:00,8371.0,8371.0,8371.0,8371.0,0
ASTRAZEN,2026-03-17 09:25:00,8371.0,8371.5,8371.0,8371.5,2
ASTRAZEN,2026-03-17 09:26:00,8370.5,8370.5,8370.5,8370.5,1
ASTRAZEN,2026-03-17 09:28:00,8353.5,8353.5,8353.5,8353.5,2
ASTRAZEN,2026-03-17 09:29:00,8353.5,8353.5,8353.5,8353.5,0
ASTRAZEN,2026-03-17 09:30:00,8353.5,8353.5,8353.5,8353.5,0
ASTRAZEN,2026-03-17 09:31:00,8353.5,8353.5,8353.5,8353.5,0
ASTRAZEN,2026-03-17 09:32:00,8374.5,8374.5,8374.5,8374.5,1
ASTRAZEN,2026-03-17 09:33:00,8374.5,8374.5,8374.5,8374.5,0
ASTRAZEN,2026-03-17 09:34:00,8358.5,8358.5,8358.5,8358.5,8
ASTRAZEN,2026-03-17 09:35:00,8358.5,8362.0,8358.5,8362.0,1
ASTRAZEN,2026-03-17 09:36:00,8362.0,8362.0,8362.0,8362.0,0
ASTRAZEN,2026-03-17 09:37:00,8379.0,8379.0,8379.0,8379.0,2
ASTRAZEN,2026-03-17 09:38:00,8379.0,8384.5,8379.0,8384.5,1
ASTRAZEN,2026-03-17 09:39:00,8384.5,8384.5,8384.0,8384.0,3
ASTRAZEN,2026-03-17 09:40:00,8384.0,8399.5,8384.0,8399.5,10
ASTRAZEN,2026-03-17 09:41:00,8399.5,8399.5,8380.0,8380.0,4
ASTRAZEN,2026-03-17 09:42:00,8380.0,8380.0,8380.0,8380.0,5
ASTRAZEN,2026-03-17 09:43:00,8380.0,8380.0,8380.0,8380.0,0
ASTRAZEN,2026-03-17 09:44:00,8380.0,8380.0,8355.5,8355.5,6
ASTRAZEN,2026-03-17 09:45:00,8355.5,8369.0,8355.5,8369.0,1
ASTRAZEN,2026-03-17 09:46:00,8356.0,8356.0,8356.0,8356.0,4
ASTRAZEN,2026-03-17 09:47:00,8364.0,8364.0,8364.0,8364.0,0
ASTRAZEN,2026-03-17 09:48:00,8364.0,8377.0,8357.0,8357.0,8
ASTRAZEN,2026-03-17 09:49:00,8357.0,8357.0,8345.5,8345.5,44
ASTRAZEN,2026-03-17 09:50:00,8345.0,8362.0,8333.0,8333.0,41
ASTRAZEN,2026-03-17 09:51:00,8314.5,8332.5,8314.5,8321.5,17
ASTRAZEN,2026-03-17 09:52:00,8321.5,8323.5,8312.0,8312.0,11
ASTRAZEN,2026-03-17 09:53:00,8339.0,8350.0,8339.0,8350.0,89
ASTRAZEN,2026-03-17 09:54:00,8350.0,8367.5,8350.0,8360.5,6
ASTRAZEN,2026-03-17 09:55:00,8360.5,8360.5,8360.5,8360.5,0
ASTRAZEN,2026-03-17 09:56:00,8360.5,8360.5,8360.5,8360.5,0
ASTRAZEN,2026-03-17 09:57:00,8360.5,8360.5,8360.0,8360.0,1
ASTRAZEN,2026-03-17 09:58:00,8360.0,8360.5,8360.0,8360.5,26
ASTRAZEN,2026-03-17 09:59:00,8360.5,8360.5,8360.5,8360.5,0
ASTRAZEN,2026-03-17 10:00:00,8360.5,8382.0,8360.5,8382.0,15
ASTRAZEN,2026-03-17 10:01:00,8382.0,8385.5,8379.5,8385.5,3
ASTRAZEN,2026-03-17 10:02:00,8387.0,8397.0,8379.5,8397.0,33
ASTRAZEN,2026-03-17 10:03:00,8397.0,8397.0,8386.5,8386.5,3
ASTRAZEN,2026-03-17 10:04:00,8386.5,8390.5,8386.5,8390.5,2
ASTRAZEN,2026-03-17 10:05:00,8390.5,8390.5,8390.5,8390.5,0
ASTRAZEN,2026-03-17 10:06:00,8396.0,8396.0,8396.0,8396.0,1
ASTRAZEN,2026-03-17 10:07:00,8398.5,8398.5,8398.5,8398.5,1
ASTRAZEN,2026-03-17 10:08:00,8398.5,8400.0,8387.0,8387.0,11
ASTRAZEN,2026-03-17 10:09:00,8387.0,8387.0,8387.0,8387.0,0
ASTRAZEN,2026-03-17 10:10:00,8387.0,8387.0,8387.0,8387.0,0
ASTRAZEN,2026-03-17 10:11:00,8396.5,8396.5,8396.5,8396.5,1
ASTRAZEN,2026-03-17 10:12:00,8396.5,8396.5,8396.5,8396.5,0
ASTRAZEN,2026-03-17 10:13:00,8396.5,8396.5,8362.5,8378.0,25
ASTRAZEN,2026-03-17 10:14:00,8378.0,8379.0,8378.0,8379.0,39
ASTRAZEN,2026-03-17 10:15:00,8379.0,8391.5,8379.0,8391.5,1
ASTRAZEN,2026-03-17 10:16:00,8391.5,8391.5,8391.5,8391.5,0
ASTRAZEN,2026-03-17 10:17:00,8391.5,8391.5,8391.5,8391.5,0
ASTRAZEN,2026-03-17 10:18:00,8391.5,8391.5,8391.5,8391.5,0
ASTRAZEN,2026-03-17 10:19:00,8390.0,8390.0,8390.0,8390.0,1
ASTRAZEN,2026-03-17 10:20:00,8390.0,8391.5,8390.0,8391.5,1
ASTRAZEN,2026-03-17 10:21:00,8379.0,8379.0,8379.0,8379.0,1
ASTRAZEN,2026-03-17 10:22:00,8379.0,8379.0,8379.0,8379.0,0
ASTRAZEN,2026-03-17 10:28:00,8379.5,8379.5,8379.5,8379.5,1
ASTRAZEN,2026-03-17 10:29:00,8379.0,8379.0,8375.0,8375.0,2
ASTRAZEN,2026-03-17 10:31:00,8375.0,8375.0,8375.0,8375.0,1
ASTRAZEN,2026-03-17 10:32:00,8375.0,8375.0,8375.0,8375.0,0
ASTRAZEN,2026-03-17 10:33:00,8375.0,8375.0,8375.0,8375.0,0
ASTRAZEN,2026-03-17 10:34:00,8375.0,8375.0,8362.5,8362.5,4
ASTRAZEN,2026-03-17 10:35:00,8366.0,8366.0,8366.0,8366.0,10
ASTRAZEN,2026-03-17 10:36:00,8366.0,8366.0,8366.0,8366.0,3
ASTRAZEN,2026-03-17 10:37:00,8366.0,8366.0,8366.0,8366.0,0
ASTRAZEN,2026-03-17 10:38:00,8366.0,8366.0,8366.0,8366.0,0
ASTRAZEN,2026-03-17 10:39:00,8366.0,8366.0,8366.0,8366.0,0
ASTRAZEN,2026-03-17 10:40:00,8366.0,8366.0,8366.0,8366.0,0
ASTRAZEN,2026-03-17 10:41:00,8366.0,8366.0,8366.0,8366.0,1
ASTRAZEN,2026-03-17 10:42:00,8366.0,8376.0,8366.0,8376.0,1
ASTRAZEN,2026-03-17 10:45:00,8376.0,8376.0,8376.0,8376.0,0
ASTRAZEN,2026-03-17 10:46:00,8376.0,8376.0,8376.0,8376.0,0
ASTRAZEN,2026-03-17 10:47:00,8376.0,8376.0,8376.0,8376.0,0
ASTRAZEN,2026-03-17 10:49:00,8379.0,8379.0,8379.0,8379.0,5
ASTRAZEN,2026-03-17 10:50:00,8379.0,8379.0,8368.0,8368.0,5
ASTRAZEN,2026-03-17 10:51:00,8368.0,8379.0,8368.0,8379.0,17
ASTRAZEN,2026-03-17 10:52:00,8379.0,8379.0,8379.0,8379.0,0
ASTRAZEN,2026-03-17 10:53:00,8379.0,8390.5,8379.0,8390.5,3
ASTRAZEN,2026-03-17 10:54:00,8390.5,8429.0,8390.5,8429.0,106
ASTRAZEN,2026-03-17 10:55:00,8427.0,8427.0,8421.0,8425.0,19
ASTRAZEN,2026-03-17 10:56:00,8425.0,8434.0,8425.0,8434.0,9
ASTRAZEN,2026-03-17 10:57:00,8434.0,8434.0,8434.0,8434.0,0
ASTRAZEN,2026-03-17 10:58:00,8434.0,8434.0,8434.0,8434.0,0
ASTRAZEN,2026-03-17 10:59:00,8434.0,8434.0,8434.0,8434.0,0
ASTRAZEN,2026-03-17 11:00:00,8434.0,8434.0,8434.0,8434.0,0
ASTRAZEN,2026-03-17 11:01:00,8434.0,8434.0,8434.0,8434.0,0
ASTRAZEN,2026-03-17 11:02:00,8434.0,8434.0,8434.0,8434.0,0
ASTRAZEN,2026-03-17 11:03:00,8434.0,8434.0,8434.0,8434.0,0
ASTRAZEN,2026-03-17 11:04:00,8412.0,8412.0,8412.0,8412.0,7
ASTRAZEN,2026-03-17 11:05:00,8412.0,8423.0,8412.0,8423.0,3
ASTRAZEN,2026-03-17 11:06:00,8423.0,8423.0,8423.0,8423.0,0
ASTRAZEN,2026-03-17 11:07:00,8423.0,8423.0,8423.0,8423.0,0
ASTRAZEN,2026-03-17 11:09:00,8407.5,8407.5,8407.5,8407.5,8
ASTRAZEN,2026-03-17 11:10:00,8407.5,8407.5,8407.5,8407.5,0
ASTRAZEN,2026-03-17 11:13:00,8407.5,8407.5,8407.5,8407.5,0
ASTRAZEN,2026-03-17 11:14:00,8407.5,8407.5,8407.5,8407.5,0
ASTRAZEN,2026-03-17 11:15:00,8392.0,8392.0,8392.0,8392.0,385
ASTRAZEN,2026-03-17 11:16:00,8392.0,8392.5,8377.5,8377.5,101
ASTRAZEN,2026-03-17 11:17:00,8372.5,8380.5,8372.5,8380.5,20
ASTRAZEN,2026-03-17 11:18:00,8380.5,8380.5,8380.5,8380.5,1
ASTRAZEN,2026-03-17 11:19:00,8380.5,8380.5,8380.5,8380.5,0
ASTRAZEN,2026-03-17 11:20:00,8380.5,8380.5,8375.0,8375.0,1
ASTRAZEN,2026-03-17 11:21:00,8375.0,8375.0,8364.0,8371.5,5
ASTRAZEN,2026-03-17 11:22:00,8371.5,8371.5,8371.5,8371.5,0
ASTRAZEN,2026-03-17 11:23:00,8371.5,8371.5,8371.5,8371.5,0
ASTRAZEN,2026-03-17 11:24:00,8371.5,8371.5,8371.5,8371.5,0
ASTRAZEN,2026-03-17 11:26:00,8371.5,8371.5,8371.5,8371.5,0
ASTRAZEN,2026-03-17 11:30:00,8377.0,8377.0,8377.0,8377.0,4
ASTRAZEN,2026-03-17 11:31:00,8363.0,8363.0,8363.0,8363.0,18
ASTRAZEN,2026-03-17 11:32:00,8363.0,8363.0,8355.0,8355.0,10
ASTRAZEN,2026-03-17 11:33:00,8367.0,8367.0,8367.0,8367.0,5
ASTRAZEN,2026-03-17 11:34:00,8367.0,8367.0,8367.0,8367.0,0
ASTRAZEN,2026-03-17 11:35:00,8367.0,8367.0,8367.0,8367.0,0
ASTRAZEN,2026-03-17 11:36:00,8367.0,8367.0,8367.0,8367.0,0
ASTRAZEN,2026-03-17 11:37:00,8367.0,8367.0,8367.0,8367.0,0
ASTRAZEN,2026-03-17 11:38:00,8367.0,8367.0,8367.0,8367.0,0
ASTRAZEN,2026-03-17 11:42:00,8367.0,8367.0,8367.0,8367.0,0
ASTRAZEN,2026-03-17 11:47:00,8367.0,8368.0,8367.0,8368.0,1
ASTRAZEN,2026-03-17 11:49:00,8368.0,8368.0,8368.0,8368.0,0
ASTRAZEN,2026-03-17 11:50:00,8368.0,8368.0,8368.0,8368.0,0
ASTRAZEN,2026-03-17 11:51:00,8368.0,8368.0,8368.0,8368.0,0
ASTRAZEN,2026-03-17 11:52:00,8368.0,8368.0,8368.0,8368.0,0
ASTRAZEN,2026-03-17 11:53:00,8366.5,8366.5,8366.5,8366.5,1
ASTRAZEN,2026-03-17 11:55:00,8366.5,8366.5,8366.5,8366.5,0
ASTRAZEN,2026-03-17 11:57:00,8350.0,8350.0,8350.0,8350.0,6
ASTRAZEN,2026-03-17 11:59:00,8350.0,8350.0,8350.0,8350.0,0
ASTRAZEN,2026-03-17 12:00:00,8350.0,8350.0,8350.0,8350.0,0
ASTRAZEN,2026-03-17 12:01:00,8350.0,8350.0,8350.0,8350.0,0
ASTRAZEN,2026-03-17 12:04:00,8363.0,8363.0,8363.0,8363.0,2
ASTRAZEN,2026-03-17 12:06:00,8361.5,8361.5,8361.5,8361.5,4
ASTRAZEN,2026-03-17 12:07:00,8361.5,8361.5,8361.5,8361.5,0
ASTRAZEN,2026-03-17 12:08:00,8361.5,8361.5,8361.5,8361.5,0
ASTRAZEN,2026-03-17 12:09:00,8361.5,8361.5,8361.5,8361.5,0
ASTRAZEN,2026-03-17 12:10:00,8361.5,8361.5,8353.0,8353.0,1
ASTRAZEN,2026-03-17 12:11:00,8366.0,8366.0,8366.0,8366.0,9
ASTRAZEN,2026-03-17 12:13:00,8366.0,8366.0,8366.0,8366.0,0
ASTRAZEN,2026-03-17 12:14:00,8366.0,8366.0,8366.0,8366.0,0
ASTRAZEN,2026-03-17 12:15:00,8358.5,8358.5,8358.5,8358.5,1
ASTRAZEN,2026-03-17 12:16:00,8358.5,8358.5,8353.5,8353.5,1
ASTRAZEN,2026-03-17 12:17:00,8353.5,8353.5,8353.5,8353.5,0
ASTRAZEN,2026-03-17 12:18:00,8353.5,8353.5,8353.5,8353.5,0
ASTRAZEN,2026-03-17 12:19:00,8353.5,8353.5,8353.5,8353.5,0
ASTRAZEN,2026-03-17 12:20:00,8355.0,8355.0,8355.0,8355.0,4
ASTRAZEN,2026-03-17 12:22:00,8358.5,8358.5,8358.5,8358.5,1
ASTRAZEN,2026-03-17 12:23:00,8369.5,8369.5,8360.0,8360.0,26
ASTRAZEN,2026-03-17 12:24:00,8360.0,8360.0,8360.0,8360.0,0
ASTRAZEN,2026-03-17 12:25:00,8358.0,8358.0,8358.0,8358.0,20
ASTRAZEN,2026-03-17 12:27:00,8358.0,8358.0,8326.5,8326.5,101
ASTRAZEN,2026-03-17 12:28:00,8326.5,8332.5,8326.0,8326.0,7
ASTRAZEN,2026-03-17 12:29:00,8326.0,8326.0,8326.0,8326.0,1
ASTRAZEN,2026-03-17 12:31:00,8322.0,8322.0,8322.0,8322.0,4
ASTRAZEN,2026-03-17 12:32:00,8322.0,8322.0,8322.0,8322.0,0
ASTRAZEN,2026-03-17 12:33:00,8322.0,8328.0,8322.0,8328.0,1
ASTRAZEN,2026-03-17 12:34:00,8328.0,8328.0,8328.0,8328.0,0
ASTRAZEN,2026-03-17 12:35:00,8328.0,8328.0,8328.0,8328.0,0
ASTRAZEN,2026-03-17 12:36:00,8328.0,8340.0,8328.0,8340.0,15
ASTRAZEN,2026-03-17 12:37:00,8340.0,8340.0,8338.5,8338.5,29
ASTRAZEN,2026-03-17 12:38:00,8338.5,8338.5,8338.5,8338.5,0
ASTRAZEN,2026-03-17 12:39:00,8338.5,8338.5,8338.5,8338.5,0
ASTRAZEN,2026-03-17 12:44:00,8338.5,8338.5,8338.5,8338.5,0
ASTRAZEN,2026-03-17 12:45:00,8338.5,8338.5,8338.5,8338.5,0
ASTRAZEN,2026-03-17 12:47:00,8338.5,8338.5,8338.5,8338.5,0
ASTRAZEN,2026-03-17 12:48:00,8338.5,8338.5,8338.5,8338.5,0
ASTRAZEN,2026-03-17 12:49:00,8340.0,8340.0,8340.0,8340.0,135
ASTRAZEN,2026-03-17 12:50:00,8340.0,8340.0,8340.0,8340.0,0
ASTRAZEN,2026-03-17 12:52:00,8340.0,8340.0,8340.0,8340.0,10
ASTRAZEN,2026-03-17 12:54:00,8340.0,8340.0,8340.0,8340.0,0
ASTRAZEN,2026-03-17 12:56:00,8340.0,8340.0,8340.0,8340.0,0
ASTRAZEN,2026-03-17 12:57:00,8332.0,8332.0,8332.0,8332.0,1
ASTRAZEN,2026-03-17 12:58:00,8332.0,8332.0,8332.0,8332.0,0
ASTRAZEN,2026-03-17 12:59:00,8332.0,8332.0,8332.0,8332.0,0
ASTRAZEN,2026-03-17 13:00:00,8332.0,8332.0,8331.0,8331.0,5
ASTRAZEN,2026-03-17 13:01:00,8331.0,8331.0,8331.0,8331.0,0
ASTRAZEN,2026-03-17 13:03:00,8331.0,8331.0,8331.0,8331.0,0
ASTRAZEN,2026-03-17 13:04:00,8331.0,8339.0,8331.0,8339.0,0
ASTRAZEN,2026-03-17 13:05:00,8339.0,8339.0,8339.0,8339.0,2
ASTRAZEN,2026-03-17 13:07:00,8339.0,8339.0,8325.0,8325.0,14
ASTRAZEN,2026-03-17 13:08:00,8337.5,8337.5,8337.5,8337.5,2
ASTRAZEN,2026-03-17 13:09:00,8337.5,8337.5,8337.5,8337.5,0
ASTRAZEN,2026-03-17 13:10:00,8338.0,8338.5,8338.0,8338.5,7
ASTRAZEN,2026-03-17 13:11:00,8338.5,8338.5,8338.5,8338.5,2
ASTRAZEN,2026-03-17 13:13:00,8338.5,8338.5,8338.5,8338.5,0
ASTRAZEN,2026-03-17 13:15:00,8338.5,8340.0,8338.5,8340.0,659
ASTRAZEN,2026-03-17 13:16:00,8340.0,8340.0,8324.0,8324.0,14
ASTRAZEN,2026-03-17 13:17:00,8324.0,8340.0,8324.0,8340.0,2
ASTRAZEN,2026-03-17 13:18:00,8340.0,8340.0,8340.0,8340.0,1
ASTRAZEN,2026-03-17 13:19:00,8340.0,8340.0,8340.0,8340.0,0
ASTRAZEN,2026-03-17 13:20:00,8340.0,8373.5,8340.0,8373.5,109
ASTRAZEN,2026-03-17 13:21:00,8373.5,8380.0,8367.5,8380.0,8
ASTRAZEN,2026-03-17 13:22:00,8380.0,8384.0,8380.0,8384.0,8
ASTRAZEN,2026-03-17 13:23:00,8380.0,8380.0,8380.0,8380.0,4
ASTRAZEN,2026-03-17 13:24:00,8380.0,8380.0,8380.0,8380.0,0
ASTRAZEN,2026-03-17 13:25:00,8380.0,8380.0,8380.0,8380.0,0
ASTRAZEN,2026-03-17 13:26:00,8380.0,8380.0,8380.0,8380.0,0
ASTRAZEN,2026-03-17 13:27:00,8380.0,8380.0,8380.0,8380.0,0
ASTRAZEN,2026-03-17 13:28:00,8379.0,8379.0,8379.0,8379.0,15
ASTRAZEN,2026-03-17 13:29:00,8379.0,8398.0,8379.0,8387.0,3
ASTRAZEN,2026-03-17 13:30:00,8387.0,8387.0,8387.0,8387.0,0
ASTRAZEN,2026-03-17 13:31:00,8387.0,8387.0,8387.0,8387.0,0
ASTRAZEN,2026-03-17 13:32:00,8387.0,8387.0,8387.0,8387.0,0
ASTRAZEN,2026-03-17 13:33:00,8390.0,8390.0,8390.0,8390.0,2
ASTRAZEN,2026-03-17 13:34:00,8400.0,8400.0,8400.0,8400.0,48
ASTRAZEN,2026-03-17 13:35:00,8400.0,8416.0,8400.0,8416.0,15
ASTRAZEN,2026-03-17 13:36:00,8416.0,8416.0,8416.0,8416.0,1
ASTRAZEN,2026-03-17 13:37:00,8416.0,8416.0,8403.0,8403.0,20
ASTRAZEN,2026-03-17 13:38:00,8403.0,8403.0,8401.0,8401.0,5
ASTRAZEN,2026-03-17 13:39:00,8401.0,8401.0,8401.0,8401.0,0
ASTRAZEN,2026-03-17 13:40:00,8412.0,8412.0,8403.0,8403.0,94
ASTRAZEN,2026-03-17 13:41:00,8403.0,8403.0,8403.0,8403.0,0
ASTRAZEN,2026-03-17 13:42:00,8403.0,8410.0,8400.0,8400.0,5
ASTRAZEN,2026-03-17 13:43:00,8400.0,8415.5,8400.0,8415.5,14
ASTRAZEN,2026-03-17 13:44:00,8415.5,8415.5,8415.5,8415.5,0
ASTRAZEN,2026-03-17 13:45:00,8415.5,8415.5,8410.5,8410.5,37
ASTRAZEN,2026-03-17 13:46:00,8410.5,8410.5,8410.5,8410.5,0
ASTRAZEN,2026-03-17 13:47:00,8410.5,8410.5,8403.5,8403.5,0
ASTRAZEN,2026-03-17 13:48:00,8403.5,8403.5,8403.5,8403.5,6
ASTRAZEN,2026-03-17 13:49:00,8403.5,8403.5,8403.5,8403.5,0
ASTRAZEN,2026-03-17 13:50:00,8403.5,8403.5,8403.5,8403.5,0
ASTRAZEN,2026-03-17 13:51:00,8403.5,8417.5,8403.5,8417.5,2
ASTRAZEN,2026-03-17 13:54:00,8417.5,8417.5,8400.5,8400.5,5
ASTRAZEN,2026-03-17 13:55:00,8400.5,8400.5,8400.5,8400.5,0
ASTRAZEN,2026-03-17 13:56:00,8400.5,8400.5,8400.5,8400.5,0
ASTRAZEN,2026-03-17 13:57:00,8400.5,8400.5,8400.5,8400.5,0
ASTRAZEN,2026-03-17 13:58:00,8400.5,8400.5,8400.5,8400.5,0
ASTRAZEN,2026-03-17 13:59:00,8400.5,8400.5,8400.5,8400.5,0
ASTRAZEN,2026-03-17 14:00:00,8400.5,8400.5,8400.5,8400.5,0
ASTRAZEN,2026-03-17 14:02:00,8400.5,8400.5,8400.5,8400.5,0
ASTRAZEN,2026-03-17 14:03:00,8400.5,8400.5,8400.5,8400.5,0
ASTRAZEN,2026-03-17 14:04:00,8400.5,8401.0,8400.5,8401.0,2
ASTRAZEN,2026-03-17 14:05:00,8401.0,8401.0,8401.0,8401.0,0
ASTRAZEN,2026-03-17 14:06:00,8401.0,8405.0,8401.0,8405.0,0
ASTRAZEN,2026-03-17 14:07:00,8405.0,8405.0,8405.0,8405.0,1
ASTRAZEN,2026-03-17 14:09:00,8413.0,8413.0,8413.0,8413.0,31
ASTRAZEN,2026-03-17 14:10:00,8413.0,8413.0,8413.0,8413.0,0
ASTRAZEN,2026-03-17 14:11:00,8434.0,8435.0,8434.0,8435.0,142
ASTRAZEN,2026-03-17 14:12:00,8435.0,8435.0,8435.0,8435.0,0
ASTRAZEN,2026-03-17 14:13:00,8435.0,8442.5,8435.0,8442.5,2
ASTRAZEN,2026-03-17 14:14:00,8442.5,8442.5,8442.0,8442.0,1
ASTRAZEN,2026-03-17 14:15:00,8442.0,8442.0,8442.0,8442.0,0
ASTRAZEN,2026-03-17 14:16:00,8442.0,8445.5,8434.5,8434.5,6
ASTRAZEN,2026-03-17 14:17:00,8434.5,8434.5,8434.5,8434.5,0
ASTRAZEN,2026-03-17 14:18:00,8434.5,8434.5,8434.5,8434.5,0
ASTRAZEN,2026-03-17 14:19:00,8434.5,8434.5,8434.5,8434.5,0
ASTRAZEN,2026-03-17 14:20:00,8434.5,8434.5,8434.5,8434.5,0
ASTRAZEN,2026-03-17 14:21:00,8434.5,8445.0,8434.5,8445.0,57
ASTRAZEN,2026-03-17 14:22:00,8445.0,8445.0,8445.0,8445.0,0
ASTRAZEN,2026-03-17 14:23:00,8445.0,8449.5,8445.0,8449.5,6
ASTRAZEN,2026-03-17 14:24:00,8449.5,8450.0,8449.5,8450.0,1
ASTRAZEN,2026-03-17 14:25:00,8450.0,8450.0,8450.0,8450.0,5
ASTRAZEN,2026-03-17 14:26:00,8450.0,8455.0,8450.0,8455.0,76
ASTRAZEN,2026-03-17 14:27:00,8455.0,8463.5,8455.0,8458.5,106
ASTRAZEN,2026-03-17 14:28:00,8458.5,8458.5,8458.5,8458.5,0
ASTRAZEN,2026-03-17 14:29:00,8458.5,8458.5,8458.5,8458.5,0
ASTRAZEN,2026-03-17 14:30:00,8458.5,8458.5,8458.5,8458.5,0
ASTRAZEN,2026-03-17 14:31:00,8458.5,8458.5,8458.5,8458.5,0
ASTRAZEN,2026-03-17 14:32:00,8460.0,8460.0,8460.0,8460.0,2
ASTRAZEN,2026-03-17 14:33:00,8460.0,8460.0,8454.5,8454.5,25
ASTRAZEN,2026-03-17 14:34:00,8454.5,8454.5,8453.0,8453.0,10
ASTRAZEN,2026-03-17 14:35:00,8453.0,8453.0,8453.0,8453.0,0
ASTRAZEN,2026-03-17 14:36:00,8453.0,8453.0,8447.5,8447.5,59
ASTRAZEN,2026-03-17 14:37:00,8447.5,8447.5,8447.5,8447.5,0
ASTRAZEN,2026-03-17 14:38:00,8447.5,8450.0,8447.5,8450.0,190
ASTRAZEN,2026-03-17 14:39:00,8450.0,8450.0,8450.0,8450.0,0
ASTRAZEN,2026-03-17 14:40:00,8450.0,8450.0,8450.0,8450.0,0
ASTRAZEN,2026-03-17 14:41:00,8450.0,8463.0,8450.0,8463.0,51
ASTRAZEN,2026-03-17 14:42:00,8463.0,8463.0,8463.0,8463.0,0
ASTRAZEN,2026-03-17 14:43:00,8463.0,8463.0,8463.0,8463.0,0
ASTRAZEN,2026-03-17 14:44:00,8463.0,8463.0,8463.0,8463.0,0
ASTRAZEN,2026-03-17 14:45:00,8462.0,8462.0,8462.0,8462.0,1
ASTRAZEN,2026-03-17 14:46:00,8462.0,8462.0,8462.0,8462.0,0
ASTRAZEN,2026-03-17 14:47:00,8462.0,8462.0,8462.0,8462.0,0
ASTRAZEN,2026-03-17 14:48:00,8462.0,8464.5,8462.0,8464.5,1
ASTRAZEN,2026-03-17 14:50:00,8464.5,8468.0,8423.0,8423.0,387
ASTRAZEN,2026-03-17 14:51:00,8401.0,8420.5,8400.0,8420.5,36
ASTRAZEN,2026-03-17 14:52:00,8425.0,8425.0,8422.0,8422.0,8
ASTRAZEN,2026-03-17 14:53:00,8422.0,8422.0,8422.0,8422.0,0
ASTRAZEN,2026-03-17 14:54:00,8422.0,8422.0,8422.0,8422.0,0
ASTRAZEN,2026-03-17 14:55:00,8422.0,8439.0,8422.0,8439.0,1
ASTRAZEN,2026-03-17 14:56:00,8439.0,8439.0,8439.0,8439.0,0
ASTRAZEN,2026-03-17 14:57:00,8439.0,8439.0,8439.0,8439.0,0
ASTRAZEN,2026-03-17 14:58:00,8439.0,8439.0,8439.0,8439.0,0
ASTRAZEN,2026-03-17 14:59:00,8425.0,8425.0,8425.0,8425.0,50
ASTRAZEN,2026-03-17 15:00:00,8425.0,8425.0,8425.0,8425.0,0
ASTRAZEN,2026-03-17 15:01:00,8425.0,8425.0,8425.0,8425.0,0
ASTRAZEN,2026-03-17 15:02:00,8425.0,8425.0,8420.0,8420.0,13
ASTRAZEN,2026-03-17 15:03:00,8420.0,8420.0,8410.5,8410.5,1
ASTRAZEN,2026-03-17 15:04:00,8405.0,8405.0,8400.0,8405.0,10
ASTRAZEN,2026-03-17 15:05:00,8400.0,8421.0,8400.0,8421.0,62
ASTRAZEN,2026-03-17 15:06:00,8426.5,8429.5,8426.0,8429.5,7
ASTRAZEN,2026-03-17 15:07:00,8428.5,8430.0,8417.0,8417.0,63
ASTRAZEN,2026-03-17 15:08:00,8417.0,8424.0,8417.0,8424.0,4
ASTRAZEN,2026-03-17 15:09:00,8424.0,8424.0,8423.0,8423.0,1
ASTRAZEN,2026-03-17 15:10:00,8423.0,8424.0,8420.0,8423.0,22
ASTRAZEN,2026-03-17 15:11:00,8423.0,8425.0,8423.0,8425.0,3
ASTRAZEN,2026-03-17 15:12:00,8425.0,8500.0,8425.0,8500.0,274
ASTRAZEN,2026-03-17 15:13:00,8500.0,8506.0,8430.0,8431.0,245
ASTRAZEN,2026-03-17 15:14:00,8430.0,8430.0,8402.0,8420.0,198
ASTRAZEN,2026-03-17 15:15:00,8405.0,8475.0,8405.0,8455.0,191
ASTRAZEN,2026-03-17 15:16:00,8455.0,8486.5,8450.5,8486.5,188
ASTRAZEN,2026-03-17 15:17:00,8486.5,8486.5,8441.0,8473.0,74
ASTRAZEN,2026-03-17 15:18:00,8473.0,8474.5,8453.5,8474.5,47
ASTRAZEN,2026-03-17 15:19:00,8474.5,8475.0,8451.0,8451.0,32
ASTRAZEN,2026-03-17 15:20:00,8451.0,8451.0,8435.0,8435.0,30
ASTRAZEN,2026-03-17 15:21:00,8450.0,8450.0,8435.0,8435.0,3
ASTRAZEN,2026-03-17 15:22:00,8440.0,8463.0,8435.0,8456.5,50
ASTRAZEN,2026-03-17 15:23:00,8456.5,8456.5,8438.5,8455.5,8
ASTRAZEN,2026-03-17 15:24:00,8455.0,8459.5,8438.0,8440.0,58
ASTRAZEN,2026-03-17 15:25:00,8440.0,8440.0,8426.0,8440.0,17
ASTRAZEN,2026-03-17 15:26:00,8440.0,8440.0,8438.5,8438.5,11
ASTRAZEN,2026-03-17 15:27:00,8438.5,8459.5,8438.5,8450.0,146
ASTRAZEN,2026-03-17 15:28:00,8449.5,8450.0,8445.0,8445.0,18
ASTRAZEN,2026-03-17 15:29:00,8450.0,8450.0,8401.0,8403.0,56
ASTRAZEN,2026-03-18 09:15:00,8465.0,8492.0,8448.0,8448.0,27
ASTRAZEN,2026-03-18 09:16:00,8448.0,8448.0,8425.5,8425.5,54
ASTRAZEN,2026-03-18 09:17:00,8431.0,8431.0,8424.0,8424.0,5
ASTRAZEN,2026-03-18 09:18:00,8431.0,8447.0,8430.5,8447.0,68
ASTRAZEN,2026-03-18 09:19:00,8447.0,8447.0,8447.0,8447.0,15
ASTRAZEN,2026-03-18 09:20:00,8447.0,8447.0,8447.0,8447.0,0
ASTRAZEN,2026-03-18 09:21:00,8447.0,8447.0,8447.0,8447.0,0
ASTRAZEN,2026-03-18 09:22:00,8447.0,8447.0,8447.0,8447.0,0
ASTRAZEN,2026-03-18 09:23:00,8444.0,8459.0,8444.0,8459.0,12
ASTRAZEN,2026-03-18 09:24:00,8448.0,8448.0,8448.0,8448.0,11
ASTRAZEN,2026-03-18 09:25:00,8448.0,8448.0,8440.0,8440.0,3
ASTRAZEN,2026-03-18 09:26:00,8440.0,8441.0,8440.0,8441.0,6
ASTRAZEN,2026-03-18 09:27:00,8441.0,8453.5,8441.0,8453.5,3
ASTRAZEN,2026-03-18 09:28:00,8453.5,8453.5,8452.5,8452.5,12
ASTRAZEN,2026-03-18 09:29:00,8452.5,8474.5,8452.5,8474.5,11
ASTRAZEN,2026-03-18 09:30:00,8474.5,8474.5,8474.5,8474.5,0
ASTRAZEN,2026-03-18 09:31:00,8474.5,8474.5,8474.0,8474.0,21
ASTRAZEN,2026-03-18 09:32:00,8474.0,8474.0,8460.0,8474.0,26
ASTRAZEN,2026-03-18 09:33:00,8474.0,8477.0,8474.0,8477.0,1
ASTRAZEN,2026-03-18 09:34:00,8477.0,8477.0,8477.0,8477.0,0
ASTRAZEN,2026-03-18 09:35:00,8495.0,8498.5,8495.0,8498.5,53
ASTRAZEN,2026-03-18 09:36:00,8505.0,8520.0,8505.0,8509.5,74
ASTRAZEN,2026-03-18 09:37:00,8509.5,8518.0,8509.5,8518.0,12
ASTRAZEN,2026-03-18 09:38:00,8518.0,8518.5,8498.5,8518.5,20
ASTRAZEN,2026-03-18 09:39:00,8518.5,8518.5,8518.5,8518.5,0
ASTRAZEN,2026-03-18 09:40:00,8518.5,8518.5,8518.5,8518.5,0
ASTRAZEN,2026-03-18 09:41:00,8518.5,8518.5,8491.5,8491.5,36
ASTRAZEN,2026-03-18 09:42:00,8491.5,8503.0,8491.5,8503.0,2
ASTRAZEN,2026-03-18 09:43:00,8501.5,8501.5,8497.5,8497.5,4
ASTRAZEN,2026-03-18 09:44:00,8496.0,8496.0,8496.0,8496.0,2
ASTRAZEN,2026-03-18 09:45:00,8496.0,8496.0,8496.0,8496.0,0
ASTRAZEN,2026-03-18 09:46:00,8496.0,8496.0,8492.0,8492.0,1
ASTRAZEN,2026-03-18 09:47:00,8492.0,8492.0,8492.0,8492.0,0
ASTRAZEN,2026-03-18 09:48:00,8492.0,8492.0,8492.0,8492.0,0
ASTRAZEN,2026-03-18 09:49:00,8492.0,8492.0,8492.0,8492.0,5
ASTRAZEN,2026-03-18 09:50:00,8492.0,8492.0,8492.0,8492.0,0
ASTRAZEN,2026-03-18 09:51:00,8492.0,8492.0,8492.0,8492.0,0
ASTRAZEN,2026-03-18 09:52:00,8492.0,8492.0,8492.0,8492.0,0
ASTRAZEN,2026-03-18 09:53:00,8492.0,8492.0,8492.0,8492.0,0
ASTRAZEN,2026-03-18 09:54:00,8492.0,8492.0,8492.0,8492.0,0
ASTRAZEN,2026-03-18 09:55:00,8492.0,8492.0,8492.0,8492.0,0
ASTRAZEN,2026-03-18 09:56:00,8492.0,8492.0,8492.0,8492.0,0
ASTRAZEN,2026-03-18 09:57:00,8492.0,8492.0,8492.0,8492.0,0
ASTRAZEN,2026-03-18 09:58:00,8492.0,8492.0,8488.0,8488.0,35
ASTRAZEN,2026-03-18 09:59:00,8460.5,8460.5,8460.5,8460.5,3
ASTRAZEN,2026-03-18 10:00:00,8460.5,8460.5,8460.5,8460.5,0
ASTRAZEN,2026-03-18 10:01:00,8460.5,8475.0,8460.5,8462.0,10
ASTRAZEN,2026-03-18 10:02:00,8462.0,8462.0,8462.0,8462.0,0
ASTRAZEN,2026-03-18 10:03:00,8462.0,8473.0,8462.0,8473.0,1
ASTRAZEN,2026-03-18 10:04:00,8464.5,8464.5,8460.5,8460.5,3
ASTRAZEN,2026-03-18 10:05:00,8462.0,8462.0,8456.0,8456.0,7
ASTRAZEN,2026-03-18 10:06:00,8452.0,8460.5,8452.0,8460.5,32
ASTRAZEN,2026-03-18 10:07:00,8460.5,8460.5,8460.5,8460.5,0
ASTRAZEN,2026-03-18 10:08:00,8460.5,8460.5,8449.5,8449.5,5
ASTRAZEN,2026-03-18 10:09:00,8449.5,8468.5,8449.5,8468.5,1
ASTRAZEN,2026-03-18 10:10:00,8468.5,8468.5,8468.5,8468.5,0
ASTRAZEN,2026-03-18 10:11:00,8482.5,8482.5,8451.0,8451.0,44
ASTRAZEN,2026-03-18 10:12:00,8451.0,8475.5,8451.0,8475.5,32
ASTRAZEN,2026-03-18 10:13:00,8475.5,8475.5,8475.5,8475.5,0
ASTRAZEN,2026-03-18 10:14:00,8469.0,8469.0,8469.0,8469.0,2
ASTRAZEN,2026-03-18 10:15:00,8469.0,8469.0,8469.0,8469.0,0
ASTRAZEN,2026-03-18 10:16:00,8469.0,8469.0,8469.0,8469.0,0
ASTRAZEN,2026-03-18 10:17:00,8469.0,8469.0,8464.0,8464.0,3
ASTRAZEN,2026-03-18 10:18:00,8464.0,8464.0,8464.0,8464.0,0
ASTRAZEN,2026-03-18 10:19:00,8464.0,8464.0,8451.0,8451.0,12
ASTRAZEN,2026-03-18 10:20:00,8451.0,8451.0,8451.0,8451.0,0
ASTRAZEN,2026-03-18 10:21:00,8451.0,8451.0,8439.5,8439.5,7
ASTRAZEN,2026-03-18 10:22:00,8439.5,8439.5,8439.5,8439.5,0
ASTRAZEN,2026-03-18 10:23:00,8456.5,8456.5,8456.5,8456.5,5
ASTRAZEN,2026-03-18 10:24:00,8456.5,8456.5,8455.5,8455.5,1
ASTRAZEN,2026-03-18 10:25:00,8455.5,8455.5,8431.0,8431.0,45
ASTRAZEN,2026-03-18 10:26:00,8431.0,8450.0,8431.0,8450.0,4
ASTRAZEN,2026-03-18 10:27:00,8450.0,8450.0,8450.0,8450.0,0
ASTRAZEN,2026-03-18 10:28:00,8450.0,8450.0,8450.0,8450.0,0
ASTRAZEN,2026-03-18 10:29:00,8450.0,8450.0,8450.0,8450.0,0
ASTRAZEN,2026-03-18 10:30:00,8450.0,8450.0,8447.0,8447.0,2
ASTRAZEN,2026-03-18 10:31:00,8447.0,8447.0,8439.5,8439.5,6
ASTRAZEN,2026-03-18 10:32:00,8439.5,8439.5,8439.5,8439.5,0
ASTRAZEN,2026-03-18 10:33:00,8439.5,8454.5,8439.5,8454.5,4
ASTRAZEN,2026-03-18 10:34:00,8454.5,8454.5,8454.5,8454.5,0
ASTRAZEN,2026-03-18 10:35:00,8454.5,8454.5,8454.5,8454.5,0
ASTRAZEN,2026-03-18 10:36:00,8436.0,8436.0,8436.0,8436.0,4
ASTRAZEN,2026-03-18 10:37:00,8436.0,8444.5,8436.0,8444.5,6
ASTRAZEN,2026-03-18 10:38:00,8444.5,8444.5,8444.5,8444.5,0
ASTRAZEN,2026-03-18 10:39:00,8444.5,8444.5,8442.5,8442.5,17
ASTRAZEN,2026-03-18 10:40:00,8442.5,8442.5,8442.5,8442.5,0
ASTRAZEN,2026-03-18 10:41:00,8442.5,8442.5,8442.5,8442.5,0
ASTRAZEN,2026-03-18 10:42:00,8442.5,8447.0,8442.5,8447.0,9
ASTRAZEN,2026-03-18 10:43:00,8447.0,8463.5,8447.0,8463.5,20
ASTRAZEN,2026-03-18 10:44:00,8463.5,8463.5,8460.0,8460.0,1
ASTRAZEN,2026-03-18 10:45:00,8460.0,8460.0,8457.5,8457.5,1
ASTRAZEN,2026-03-18 10:46:00,8457.5,8457.5,8457.5,8457.5,1
ASTRAZEN,2026-03-18 10:47:00,8457.5,8457.5,8457.5,8457.5,0
ASTRAZEN,2026-03-18 10:48:00,8457.5,8457.5,8457.5,8457.5,0
ASTRAZEN,2026-03-18 10:49:00,8457.5,8457.5,8457.5,8457.5,0
ASTRAZEN,2026-03-18 10:50:00,8457.5,8457.5,8457.5,8457.5,16
ASTRAZEN,2026-03-18 10:51:00,8457.5,8457.5,8457.5,8457.5,0
ASTRAZEN,2026-03-18 10:52:00,8457.5,8457.5,8457.5,8457.5,0
ASTRAZEN,2026-03-18 10:53:00,8457.5,8457.5,8457.5,8457.5,0
ASTRAZEN,2026-03-18 10:54:00,8457.5,8457.5,8457.5,8457.5,25
ASTRAZEN,2026-03-18 10:55:00,8457.5,8457.5,8457.5,8457.5,0
ASTRAZEN,2026-03-18 10:56:00,8457.5,8467.0,8457.5,8467.0,66
ASTRAZEN,2026-03-18 10:57:00,8467.0,8483.5,8467.0,8483.5,1
ASTRAZEN,2026-03-18 10:58:00,8483.5,8488.5,8483.5,8488.5,3
ASTRAZEN,2026-03-18 10:59:00,8488.5,8493.0,8480.5,8493.0,3
ASTRAZEN,2026-03-18 11:00:00,8493.0,8493.0,8483.5,8483.5,6
ASTRAZEN,2026-03-18 11:01:00,8483.5,8483.5,8483.5,8483.5,0
ASTRAZEN,2026-03-18 11:02:00,8483.5,8483.5,8467.5,8467.5,8
ASTRAZEN,2026-03-18 11:03:00,8467.5,8500.0,8467.5,8500.0,104
ASTRAZEN,2026-03-18 11:04:00,8500.0,8521.0,8500.0,8508.0,51
ASTRAZEN,2026-03-18 11:05:00,8508.0,8510.0,8508.0,8510.0,9
ASTRAZEN,2026-03-18 11:06:00,8510.0,8510.0,8510.0,8510.0,0
ASTRAZEN,2026-03-18 11:07:00,8510.0,8510.0,8510.0,8510.0,0
ASTRAZEN,2026-03-18 11:08:00,8510.0,8510.0,8510.0,8510.0,0
ASTRAZEN,2026-03-18 11:09:00,8510.0,8510.0,8510.0,8510.0,0
ASTRAZEN,2026-03-18 11:10:00,8510.0,8514.0,8505.0,8505.0,3
ASTRAZEN,2026-03-18 11:11:00,8502.0,8502.0,8502.0,8502.0,1
ASTRAZEN,2026-03-18 11:12:00,8502.0,8502.0,8498.5,8499.0,3
ASTRAZEN,2026-03-18 11:13:00,8499.0,8499.0,8499.0,8499.0,0
ASTRAZEN,2026-03-18 11:14:00,8499.0,8573.0,8499.0,8573.0,234
ASTRAZEN,2026-03-18 11:15:00,8512.5,8512.5,8506.5,8506.5,15
ASTRAZEN,2026-03-18 11:16:00,8506.5,8506.5,8506.5,8506.5,0
ASTRAZEN,2026-03-18 11:17:00,8506.5,8506.5,8506.5,8506.5,0
ASTRAZEN,2026-03-18 11:18:00,8506.5,8506.5,8506.5,8506.5,0
ASTRAZEN,2026-03-18 11:19:00,8506.5,8506.5,8506.5,8506.5,0
ASTRAZEN,2026-03-18 11:20:00,8506.5,8506.5,8506.5,8506.5,1
ASTRAZEN,2026-03-18 11:21:00,8506.5,8506.5,8506.5,8506.5,5
ASTRAZEN,2026-03-18 11:22:00,8506.5,8506.5,8480.5,8480.5,11
ASTRAZEN,2026-03-18 11:23:00,8480.5,8480.5,8480.5,8480.5,1
ASTRAZEN,2026-03-18 11:24:00,8482.0,8482.0,8482.0,8482.0,3
ASTRAZEN,2026-03-18 11:25:00,8482.0,8482.0,8482.0,8482.0,0
ASTRAZEN,2026-03-18 11:26:00,8482.0,8482.0,8482.0,8482.0,0
ASTRAZEN,2026-03-18 11:27:00,8484.0,8484.0,8484.0,8484.0,1
ASTRAZEN,2026-03-18 11:28:00,8484.0,8484.0,8484.0,8484.0,0
ASTRAZEN,2026-03-18 11:29:00,8484.0,8484.0,8484.0,8484.0,0
ASTRAZEN,2026-03-18 11:30:00,8484.0,8484.0,8472.5,8472.5,6
ASTRAZEN,2026-03-18 11:31:00,8472.5,8474.5,8472.5,8474.5,1
ASTRAZEN,2026-03-18 11:32:00,8474.5,8474.5,8474.5,8474.5,0
ASTRAZEN,2026-03-18 11:33:00,8474.5,8474.5,8474.5,8474.5,0
ASTRAZEN,2026-03-18 11:34:00,8474.5,8474.5,8474.5,8474.5,0
ASTRAZEN,2026-03-18 11:35:00,8474.5,8474.5,8474.5,8474.5,0
ASTRAZEN,2026-03-18 11:36:00,8474.5,8476.5,8474.5,8476.5,10
ASTRAZEN,2026-03-18 11:39:00,8476.5,8476.5,8476.5,8476.5,0
ASTRAZEN,2026-03-18 11:40:00,8476.5,8476.5,8476.5,8476.5,0
ASTRAZEN,2026-03-18 11:41:00,8485.0,8485.0,8485.0,8485.0,2
ASTRAZEN,2026-03-18 11:42:00,8490.5,8490.5,8490.5,8490.5,1
ASTRAZEN,2026-03-18 11:43:00,8490.5,8492.5,8490.5,8492.5,4
ASTRAZEN,2026-03-18 11:44:00,8492.5,8492.5,8492.5,8492.5,0
ASTRAZEN,2026-03-18 11:45:00,8492.5,8492.5,8492.5,8492.5,0
ASTRAZEN,2026-03-18 11:46:00,8492.5,8492.5,8492.5,8492.5,0
ASTRAZEN,2026-03-18 11:47:00,8492.5,8492.5,8476.5,8476.5,2
ASTRAZEN,2026-03-18 11:48:00,8476.5,8476.5,8476.5,8476.5,0
ASTRAZEN,2026-03-18 11:49:00,8476.5,8476.5,8476.5,8476.5,0
ASTRAZEN,2026-03-18 11:50:00,8476.5,8476.5,8476.5,8476.5,0
ASTRAZEN,2026-03-18 11:51:00,8476.5,8486.5,8476.5,8486.5,11
ASTRAZEN,2026-03-18 11:52:00,8486.5,8486.5,8486.5,8486.5,0
ASTRAZEN,2026-03-18 11:53:00,8486.5,8486.5,8486.5,8486.5,0
ASTRAZEN,2026-03-18 11:54:00,8486.5,8486.5,8486.5,8486.5,0
ASTRAZEN,2026-03-18 11:56:00,8481.0,8481.0,8481.0,8481.0,8
ASTRAZEN,2026-03-18 11:57:00,8481.0,8481.0,8474.5,8474.5,81
ASTRAZEN,2026-03-18 11:58:00,8474.5,8474.5,8474.5,8474.5,0
ASTRAZEN,2026-03-18 11:59:00,8474.5,8474.5,8473.0,8473.0,1
ASTRAZEN,2026-03-18 12:00:00,8473.0,8473.0,8473.0,8473.0,3
ASTRAZEN,2026-03-18 12:01:00,8473.0,8473.0,8473.0,8473.0,0
ASTRAZEN,2026-03-18 12:02:00,8473.5,8473.5,8472.5,8472.5,10
ASTRAZEN,2026-03-18 12:03:00,8472.5,8472.5,8450.5,8450.5,45
ASTRAZEN,2026-03-18 12:04:00,8450.5,8465.0,8450.5,8465.0,6
ASTRAZEN,2026-03-18 12:05:00,8465.0,8465.0,8465.0,8465.0,0
ASTRAZEN,2026-03-18 12:06:00,8465.0,8465.0,8465.0,8465.0,0
ASTRAZEN,2026-03-18 12:07:00,8465.0,8465.0,8465.0,8465.0,0
ASTRAZEN,2026-03-18 12:08:00,8465.0,8465.0,8465.0,8465.0,0
ASTRAZEN,2026-03-18 12:09:00,8465.0,8465.0,8465.0,8465.0,0
ASTRAZEN,2026-03-18 12:10:00,8465.0,8465.0,8465.0,8465.0,0
ASTRAZEN,2026-03-18 12:11:00,8465.0,8465.0,8465.0,8465.0,0
ASTRAZEN,2026-03-18 12:12:00,8465.0,8465.0,8465.0,8465.0,0
ASTRAZEN,2026-03-18 12:13:00,8465.0,8465.0,8430.0,8430.0,63
ASTRAZEN,2026-03-18 12:14:00,8429.0,8449.5,8417.0,8436.5,75
ASTRAZEN,2026-03-18 12:15:00,8436.5,8436.5,8436.5,8436.5,0
ASTRAZEN,2026-03-18 12:16:00,8436.5,8436.5,8436.5,8436.5,0
ASTRAZEN,2026-03-18 12:17:00,8436.5,8436.5,8436.5,8436.5,1
ASTRAZEN,2026-03-18 12:18:00,8436.5,8445.5,8436.5,8437.0,6
ASTRAZEN,2026-03-18 12:19:00,8437.0,8437.0,8437.0,8437.0,0
ASTRAZEN,2026-03-18 12:20:00,8441.5,8441.5,8441.5,8441.5,6
ASTRAZEN,2026-03-18 12:21:00,8441.5,8441.5,8441.5,8441.5,0
ASTRAZEN,2026-03-18 12:24:00,8441.5,8441.5,8441.5,8441.5,0
ASTRAZEN,2026-03-18 12:25:00,8458.0,8458.0,8455.5,8455.5,8
ASTRAZEN,2026-03-18 12:26:00,8455.5,8455.5,8455.5,8455.5,0
ASTRAZEN,2026-03-18 12:27:00,8455.5,8455.5,8455.5,8455.5,0
ASTRAZEN,2026-03-18 12:28:00,8455.5,8455.5,8455.5,8455.5,0
ASTRAZEN,2026-03-18 12:29:00,8455.5,8455.5,8455.5,8455.5,0
ASTRAZEN,2026-03-18 12:30:00,8455.5,8455.5,8443.0,8443.0,30
ASTRAZEN,2026-03-18 12:32:00,8443.0,8464.5,8443.0,8445.5,13
ASTRAZEN,2026-03-18 12:33:00,8445.5,8445.5,8445.5,8445.5,0
ASTRAZEN,2026-03-18 12:34:00,8445.5,8445.5,8445.5,8445.5,0
ASTRAZEN,2026-03-18 12:35:00,8445.5,8445.5,8445.5,8445.5,0
ASTRAZEN,2026-03-18 12:36:00,8445.5,8445.5,8445.5,8445.5,0
ASTRAZEN,2026-03-18 12:37:00,8445.5,8445.5,8445.5,8445.5,0
ASTRAZEN,2026-03-18 12:38:00,8445.5,8445.5,8445.5,8445.5,0
ASTRAZEN,2026-03-18 12:39:00,8445.5,8445.5,8445.5,8445.5,0
ASTRAZEN,2026-03-18 12:40:00,8445.5,8445.5,8445.5,8445.5,0
ASTRAZEN,2026-03-18 12:41:00,8445.5,8445.5,8445.5,8445.5,0
ASTRAZEN,2026-03-18 12:42:00,8445.5,8455.0,8445.5,8453.0,11
ASTRAZEN,2026-03-18 12:43:00,8453.0,8453.0,8453.0,8453.0,0
ASTRAZEN,2026-03-18 12:44:00,8453.0,8453.0,8453.0,8453.0,0
ASTRAZEN,2026-03-18 12:45:00,8453.0,8453.0,8453.0,8453.0,0
ASTRAZEN,2026-03-18 12:46:00,8453.0,8453.0,8453.0,8453.0,0
ASTRAZEN,2026-03-18 12:48:00,8453.0,8455.5,8453.0,8455.5,1
ASTRAZEN,2026-03-18 12:49:00,8455.5,8455.5,8455.5,8455.5,0
ASTRAZEN,2026-03-18 12:50:00,8455.5,8455.5,8455.5,8455.5,0
ASTRAZEN,2026-03-18 12:51:00,8455.5,8455.5,8455.5,8455.5,0
ASTRAZEN,2026-03-18 12:52:00,8455.5,8455.5,8455.5,8455.5,0
ASTRAZEN,2026-03-18 12:53:00,8455.5,8455.5,8455.5,8455.5,0
ASTRAZEN,2026-03-18 12:54:00,8465.0,8470.0,8465.0,8470.0,99
ASTRAZEN,2026-03-18 12:55:00,8470.0,8500.0,8470.0,8500.0,62
ASTRAZEN,2026-03-18 12:56:00,8500.0,8500.0,8500.0,8500.0,1
ASTRAZEN,2026-03-18 12:57:00,8500.0,8501.0,8500.0,8501.0,2
ASTRAZEN,2026-03-18 12:58:00,8501.0,8501.0,8500.0,8500.0,10
ASTRAZEN,2026-03-18 12:59:00,8500.0,8500.0,8500.0,8500.0,4
ASTRAZEN,2026-03-18 13:00:00,8500.0,8500.0,8500.0,8500.0,0
ASTRAZEN,2026-03-18 13:01:00,8500.0,8542.5,8500.0,8542.5,1
ASTRAZEN,2026-03-18 13:02:00,8542.5,8542.5,8540.0,8540.0,78
ASTRAZEN,2026-03-18 13:03:00,8540.0,8540.0,8525.0,8525.0,75
ASTRAZEN,2026-03-18 13:04:00,8534.5,8534.5,8534.5,8534.5,11
ASTRAZEN,2026-03-18 13:05:00,8534.5,8534.5,8511.0,8511.0,31
ASTRAZEN,2026-03-18 13:06:00,8530.0,8530.0,8530.0,8530.0,10
ASTRAZEN,2026-03-18 13:07:00,8530.0,8530.0,8530.0,8530.0,0
ASTRAZEN,2026-03-18 13:08:00,8530.0,8530.0,8530.0,8530.0,0
ASTRAZEN,2026-03-18 13:09:00,8530.0,8530.0,8505.5,8505.5,0
ASTRAZEN,2026-03-18 13:10:00,8505.5,8505.5,8505.5,8505.5,20
ASTRAZEN,2026-03-18 13:11:00,8505.5,8505.5,8505.5,8505.5,0
ASTRAZEN,2026-03-18 13:12:00,8505.5,8505.5,8505.5,8505.5,0
ASTRAZEN,2026-03-18 13:13:00,8505.5,8505.5,8505.5,8505.5,0
ASTRAZEN,2026-03-18 13:14:00,8505.5,8505.5,8505.5,8505.5,0
ASTRAZEN,2026-03-18 13:15:00,8505.5,8505.5,8505.5,8505.5,0
ASTRAZEN,2026-03-18 13:16:00,8505.5,8505.5,8505.5,8505.5,0
ASTRAZEN,2026-03-18 13:17:00,8505.5,8505.5,8505.5,8505.5,0
ASTRAZEN,2026-03-18 13:18:00,8505.5,8505.5,8505.5,8505.5,0
ASTRAZEN,2026-03-18 13:19:00,8505.5,8505.5,8505.5,8505.5,0
ASTRAZEN,2026-03-18 13:20:00,8505.5,8520.0,8505.5,8520.0,12
ASTRAZEN,2026-03-18 13:21:00,8520.0,8520.0,8520.0,8520.0,0
ASTRAZEN,2026-03-18 13:22:00,8520.0,8520.0,8520.0,8520.0,1
ASTRAZEN,2026-03-18 13:23:00,8520.0,8520.0,8519.0,8519.0,1
ASTRAZEN,2026-03-18 13:24:00,8519.0,8519.0,8519.0,8519.0,0
ASTRAZEN,2026-03-18 13:25:00,8519.0,8522.0,8519.0,8522.0,2
ASTRAZEN,2026-03-18 13:26:00,8522.0,8522.0,8522.0,8522.0,0
ASTRAZEN,2026-03-18 13:27:00,8522.0,8522.0,8520.0,8520.0,1
ASTRAZEN,2026-03-18 13:28:00,8520.0,8520.0,8520.0,8520.0,2
ASTRAZEN,2026-03-18 13:29:00,8520.0,8520.0,8520.0,8520.0,0
ASTRAZEN,2026-03-18 13:30:00,8520.0,8520.0,8509.5,8509.5,4
ASTRAZEN,2026-03-18 13:31:00,8509.5,8509.5,8509.5,8509.5,0
ASTRAZEN,2026-03-18 13:32:00,8509.5,8509.5,8509.5,8509.5,0
ASTRAZEN,2026-03-18 13:33:00,8509.5,8511.0,8509.5,8511.0,11
ASTRAZEN,2026-03-18 13:34:00,8511.0,8540.0,8511.0,8540.0,52
ASTRAZEN,2026-03-18 13:35:00,8540.0,8540.0,8532.0,8532.0,5
ASTRAZEN,2026-03-18 13:36:00,8532.0,8533.0,8532.0,8533.0,3
ASTRAZEN,2026-03-18 13:37:00,8533.0,8533.0,8533.0,8533.0,0
ASTRAZEN,2026-03-18 13:38:00,8533.5,8533.5,8533.0,8533.0,9
ASTRAZEN,2026-03-18 13:39:00,8533.0,8533.0,8533.0,8533.0,0
ASTRAZEN,2026-03-18 13:40:00,8533.0,8544.5,8533.0,8544.5,12
ASTRAZEN,2026-03-18 13:41:00,8544.5,8544.5,8544.5,8544.5,0
ASTRAZEN,2026-03-18 13:42:00,8544.5,8544.5,8530.0,8530.0,5
ASTRAZEN,2026-03-18 13:43:00,8526.5,8526.5,8526.5,8526.5,2
ASTRAZEN,2026-03-18 13:45:00,8530.0,8575.0,8526.5,8575.0,183
ASTRAZEN,2026-03-18 13:46:00,8575.0,8575.0,8575.0,8575.0,0
ASTRAZEN,2026-03-18 13:47:00,8575.0,8575.0,8557.0,8557.0,15
ASTRAZEN,2026-03-18 13:48:00,8557.0,8557.0,8557.0,8557.0,0
ASTRAZEN,2026-03-18 13:49:00,8557.0,8557.0,8557.0,8557.0,9
ASTRAZEN,2026-03-18 13:50:00,8557.0,8557.0,8548.0,8551.5,13
ASTRAZEN,2026-03-18 13:51:00,8551.5,8551.5,8551.5,8551.5,0
ASTRAZEN,2026-03-18 13:52:00,8551.5,8551.5,8551.5,8551.5,0
ASTRAZEN,2026-03-18 13:53:00,8551.5,8566.5,8551.5,8566.5,2
ASTRAZEN,2026-03-18 13:54:00,8566.5,8568.0,8566.5,8568.0,3
ASTRAZEN,2026-03-18 13:55:00,8568.0,8568.0,8568.0,8568.0,4
ASTRAZEN,2026-03-18 13:56:00,8560.5,8560.5,8557.5,8557.5,10
ASTRAZEN,2026-03-18 13:57:00,8557.5,8557.5,8557.5,8557.5,0
ASTRAZEN,2026-03-18 13:58:00,8557.5,8557.5,8557.5,8557.5,0
ASTRAZEN,2026-03-18 13:59:00,8555.0,8555.0,8552.0,8552.0,3
ASTRAZEN,2026-03-18 14:00:00,8552.0,8552.0,8552.0,8552.0,0
ASTRAZEN,2026-03-18 14:02:00,8552.0,8552.0,8540.5,8540.5,5
ASTRAZEN,2026-03-18 14:03:00,8540.5,8552.0,8540.5,8552.0,9
ASTRAZEN,2026-03-18 14:04:00,8552.0,8552.0,8552.0,8552.0,0
ASTRAZEN,2026-03-18 14:05:00,8552.0,8552.0,8552.0,8552.0,0
ASTRAZEN,2026-03-18 14:06:00,8552.0,8552.0,8550.0,8550.0,10
ASTRAZEN,2026-03-18 14:07:00,8550.0,8550.0,8542.0,8542.0,6
ASTRAZEN,2026-03-18 14:08:00,8542.0,8542.0,8542.0,8542.0,0
ASTRAZEN,2026-03-18 14:09:00,8542.0,8542.0,8542.0,8542.0,0
ASTRAZEN,2026-03-18 14:10:00,8542.0,8546.0,8542.0,8546.0,5
ASTRAZEN,2026-03-18 14:11:00,8546.0,8546.0,8546.0,8546.0,0
ASTRAZEN,2026-03-18 14:14:00,8568.0,8591.0,8561.0,8561.0,265
ASTRAZEN,2026-03-18 14:15:00,8561.0,8561.0,8561.0,8561.0,0
ASTRAZEN,2026-03-18 14:16:00,8561.0,8561.0,8542.0,8542.0,6
ASTRAZEN,2026-03-18 14:17:00,8542.0,8542.0,8542.0,8542.0,0
ASTRAZEN,2026-03-18 14:18:00,8542.5,8542.5,8535.5,8535.5,60
ASTRAZEN,2026-03-18 14:19:00,8535.5,8539.5,8535.5,8535.5,7
ASTRAZEN,2026-03-18 14:20:00,8535.5,8535.5,8535.5,8535.5,0
ASTRAZEN,2026-03-18 14:21:00,8535.5,8536.0,8535.5,8536.0,2
ASTRAZEN,2026-03-18 14:22:00,8536.0,8536.5,8536.0,8536.5,6
ASTRAZEN,2026-03-18 14:23:00,8536.5,8536.5,8536.5,8536.5,0
ASTRAZEN,2026-03-18 14:25:00,8536.5,8536.5,8536.5,8536.5,0
ASTRAZEN,2026-03-18 14:26:00,8536.5,8554.5,8536.5,8554.5,6
ASTRAZEN,2026-03-18 14:27:00,8554.5,8554.5,8554.5,8554.5,0
ASTRAZEN,2026-03-18 14:28:00,8554.5,8554.5,8554.5,8554.5,0
ASTRAZEN,2026-03-18 14:29:00,8554.5,8555.0,8543.5,8543.5,25
ASTRAZEN,2026-03-18 14:30:00,8543.5,8543.5,8526.0,8526.0,25
ASTRAZEN,2026-03-18 14:31:00,8526.0,8528.0,8522.5,8522.5,3
ASTRAZEN,2026-03-18 14:32:00,8514.0,8514.0,8514.0,8514.0,3
ASTRAZEN,2026-03-18 14:33:00,8531.0,8531.0,8526.0,8526.0,10
ASTRAZEN,2026-03-18 14:34:00,8526.5,8526.5,8526.5,8526.5,0
ASTRAZEN,2026-03-18 14:35:00,8526.5,8526.5,8526.5,8526.5,1
ASTRAZEN,2026-03-18 14:36:00,8526.5,8526.5,8514.0,8514.0,8
ASTRAZEN,2026-03-18 14:37:00,8514.0,8514.0,8514.0,8514.0,0
ASTRAZEN,2026-03-18 14:38:00,8499.0,8499.0,8499.0,8499.0,3
ASTRAZEN,2026-03-18 14:39:00,8499.0,8499.0,8499.0,8499.0,0
ASTRAZEN,2026-03-18 14:40:00,8499.0,8499.0,8499.0,8499.0,0
ASTRAZEN,2026-03-18 14:41:00,8504.0,8504.0,8500.5,8500.5,8
ASTRAZEN,2026-03-18 14:42:00,8500.5,8500.5,8500.5,8500.5,0
ASTRAZEN,2026-03-18 14:43:00,8500.5,8500.5,8500.5,8500.5,0
ASTRAZEN,2026-03-18 14:44:00,8491.0,8491.0,8490.0,8490.0,35
ASTRAZEN,2026-03-18 14:45:00,8480.0,8480.0,8476.0,8479.0,16
ASTRAZEN,2026-03-18 14:46:00,8479.0,8479.0,8479.0,8479.0,0
ASTRAZEN,2026-03-18 14:47:00,8479.0,8479.0,8479.0,8479.0,0
ASTRAZEN,2026-03-18 14:48:00,8479.0,8479.0,8479.0,8479.0,0
ASTRAZEN,2026-03-18 14:49:00,8479.0,8479.0,8479.0,8479.0,0
ASTRAZEN,2026-03-18 14:50:00,8504.5,8504.5,8504.5,8504.5,11
ASTRAZEN,2026-03-18 14:51:00,8504.5,8504.5,8499.0,8499.0,2
ASTRAZEN,2026-03-18 14:52:00,8499.5,8508.5,8499.5,8508.5,2
ASTRAZEN,2026-03-18 14:53:00,8508.5,8508.5,8508.5,8508.5,11
ASTRAZEN,2026-03-18 14:54:00,8508.5,8508.5,8508.5,8508.5,0
ASTRAZEN,2026-03-18 14:55:00,8508.5,8508.5,8508.5,8508.5,0
ASTRAZEN,2026-03-18 14:56:00,8513.5,8514.0,8511.5,8511.5,3
ASTRAZEN,2026-03-18 14:57:00,8511.5,8512.5,8511.5,8512.5,3
ASTRAZEN,2026-03-18 14:58:00,8512.5,8512.5,8512.5,8512.5,1
ASTRAZEN,2026-03-18 14:59:00,8512.5,8513.0,8512.5,8513.0,2
ASTRAZEN,2026-03-18 15:00:00,8513.0,8513.0,8501.5,8501.5,1
ASTRAZEN,2026-03-18 15:01:00,8501.5,8501.5,8496.0,8496.0,6
ASTRAZEN,2026-03-18 15:02:00,8512.5,8512.5,8502.5,8502.5,3
ASTRAZEN,2026-03-18 15:03:00,8502.5,8516.0,8491.5,8504.5,32
ASTRAZEN,2026-03-18 15:04:00,8504.5,8504.5,8504.5,8504.5,0
ASTRAZEN,2026-03-18 15:05:00,8500.5,8514.0,8500.5,8513.5,8
ASTRAZEN,2026-03-18 15:06:00,8513.5,8513.5,8513.0,8513.0,1
ASTRAZEN,2026-03-18 15:07:00,8513.0,8513.0,8484.0,8484.0,32
ASTRAZEN,2026-03-18 15:08:00,8484.0,8503.0,8484.0,8500.0,16
ASTRAZEN,2026-03-18 15:09:00,8500.0,8516.0,8500.0,8516.0,48
ASTRAZEN,2026-03-18 15:10:00,8516.0,8516.0,8503.5,8515.5,15
ASTRAZEN,2026-03-18 15:11:00,8515.5,8515.5,8496.0,8515.5,5
ASTRAZEN,2026-03-18 15:12:00,8515.5,8515.5,8500.5,8502.0,4
ASTRAZEN,2026-03-18 15:13:00,8502.0,8509.0,8501.0,8501.0,27
ASTRAZEN,2026-03-18 15:14:00,8500.5,8500.5,8470.0,8470.0,33
ASTRAZEN,2026-03-18 15:15:00,8470.0,8470.0,8465.5,8465.5,146
ASTRAZEN,2026-03-18 15:16:00,8465.5,8481.5,8465.5,8481.5,1
ASTRAZEN,2026-03-18 15:17:00,8487.5,8495.0,8487.5,8495.0,4
ASTRAZEN,2026-03-18 15:18:00,8498.5,8498.5,8484.0,8490.0,8
ASTRAZEN,2026-03-18 15:19:00,8480.5,8488.5,8480.5,8481.0,18
ASTRAZEN,2026-03-18 15:20:00,8481.0,8488.0,8480.5,8480.5,2
ASTRAZEN,2026-03-18 15:21:00,8479.0,8479.0,8466.0,8466.0,37
ASTRAZEN,2026-03-18 15:22:00,8466.0,8488.0,8466.0,8488.0,46
ASTRAZEN,2026-03-18 15:23:00,8488.0,8488.0,8485.0,8485.0,8
ASTRAZEN,2026-03-18 15:24:00,8485.0,8485.0,8461.5,8482.5,22
ASTRAZEN,2026-03-18 15:25:00,8482.5,8482.5,8467.0,8474.0,5
ASTRAZEN,2026-03-18 15:26:00,8474.0,8474.0,8470.5,8471.0,25
ASTRAZEN,2026-03-18 15:27:00,8483.5,8483.5,8470.5,8470.5,14
ASTRAZEN,2026-03-18 15:28:00,8475.0,8475.0,8460.0,8460.0,14
ASTRAZEN,2026-03-18 15:29:00,8479.0,8479.0,8460.0,8477.0,19
ASTRAZEN,2026-03-19 09:15:00,8401.0,8544.5,8400.5,8441.0,57
ASTRAZEN,2026-03-19 09:16:00,8514.0,8514.0,8392.0,8420.5,66
ASTRAZEN,2026-03-19 09:17:00,8420.5,8420.5,8389.5,8389.5,18
ASTRAZEN,2026-03-19 09:18:00,8389.5,8430.0,8389.5,8415.5,31
ASTRAZEN,2026-03-19 09:19:00,8392.0,8392.0,8392.0,8392.0,11
ASTRAZEN,2026-03-19 09:20:00,8392.0,8399.5,8392.0,8399.5,1
ASTRAZEN,2026-03-19 09:21:00,8399.5,8399.5,8399.5,8399.5,0
ASTRAZEN,2026-03-19 09:22:00,8399.5,8412.5,8399.5,8412.5,2
ASTRAZEN,2026-03-19 09:23:00,8412.5,8412.5,8412.5,8412.5,0
ASTRAZEN,2026-03-19 09:24:00,8412.5,8412.5,8412.5,8412.5,0
ASTRAZEN,2026-03-19 09:25:00,8412.5,8412.5,8412.5,8412.5,0
ASTRAZEN,2026-03-19 09:26:00,8412.5,8412.5,8412.5,8412.5,0
ASTRAZEN,2026-03-19 09:27:00,8412.5,8422.0,8412.5,8422.0,4
ASTRAZEN,2026-03-19 09:28:00,8422.0,8422.0,8413.0,8413.0,5
ASTRAZEN,2026-03-19 09:29:00,8413.0,8413.0,8413.0,8413.0,0
ASTRAZEN,2026-03-19 09:30:00,8400.0,8412.0,8399.5,8412.0,19
ASTRAZEN,2026-03-19 09:31:00,8412.0,8416.5,8408.5,8408.5,15
ASTRAZEN,2026-03-19 09:32:00,8401.0,8401.0,8401.0,8401.0,4
ASTRAZEN,2026-03-19 09:33:00,8401.0,8401.0,8391.0,8391.0,15
ASTRAZEN,2026-03-19 09:34:00,8391.0,8391.0,8371.5,8373.0,61
ASTRAZEN,2026-03-19 09:35:00,8373.0,8373.0,8350.5,8350.5,0
ASTRAZEN,2026-03-19 09:36:00,8350.5,8370.0,8350.5,8370.0,31
ASTRAZEN,2026-03-19 09:37:00,8370.0,8379.0,8368.0,8368.0,7
ASTRAZEN,2026-03-19 09:38:00,8358.0,8364.0,8358.0,8364.0,36
ASTRAZEN,2026-03-19 09:39:00,8364.0,8364.0,8364.0,8364.0,0
ASTRAZEN,2026-03-19 09:40:00,8364.0,8364.0,8364.0,8364.0,0
ASTRAZEN,2026-03-19 09:41:00,8364.0,8364.0,8364.0,8364.0,0
ASTRAZEN,2026-03-19 09:42:00,8364.0,8364.0,8364.0,8364.0,0
ASTRAZEN,2026-03-19 09:43:00,8364.0,8364.0,8364.0,8364.0,0
ASTRAZEN,2026-03-19 09:44:00,8364.0,8364.0,8364.0,8364.0,0
ASTRAZEN,2026-03-19 09:45:00,8364.0,8364.0,8364.0,8364.0,0
ASTRAZEN,2026-03-19 09:46:00,8364.0,8379.0,8364.0,8379.0,1
ASTRAZEN,2026-03-19 09:47:00,8379.0,8379.0,8370.0,8370.0,33
ASTRAZEN,2026-03-19 09:48:00,8370.0,8370.0,8364.0,8364.0,27
ASTRAZEN,2026-03-19 09:49:00,8364.0,8364.0,8364.0,8364.0,0
ASTRAZEN,2026-03-19 09:50:00,8364.0,8364.0,8364.0,8364.0,0
ASTRAZEN,2026-03-19 09:51:00,8364.0,8364.0,8363.0,8363.0,1
ASTRAZEN,2026-03-19 09:52:00,8363.0,8363.0,8363.0,8363.0,5
ASTRAZEN,2026-03-19 09:53:00,8363.0,8363.0,8363.0,8363.0,0
ASTRAZEN,2026-03-19 09:54:00,8363.0,8363.0,8363.0,8363.0,0
ASTRAZEN,2026-03-19 09:55:00,8363.0,8369.0,8363.0,8369.0,11
ASTRAZEN,2026-03-19 09:56:00,8369.0,8369.0,8369.0,8369.0,0
ASTRAZEN,2026-03-19 09:57:00,8369.5,8369.5,8369.5,8369.5,1
ASTRAZEN,2026-03-19 09:58:00,8369.5,8369.5,8369.5,8369.5,1
ASTRAZEN,2026-03-19 09:59:00,8369.5,8376.0,8369.5,8376.0,4
ASTRAZEN,2026-03-19 10:00:00,8376.0,8376.0,8376.0,8376.0,0
ASTRAZEN,2026-03-19 10:01:00,8384.0,8404.5,8384.0,8404.5,33
ASTRAZEN,2026-03-19 10:02:00,8404.5,8405.0,8397.0,8401.5,23
ASTRAZEN,2026-03-19 10:03:00,8393.0,8393.0,8393.0,8393.0,3
ASTRAZEN,2026-03-19 10:04:00,8393.0,8393.0,8393.0,8393.0,0
ASTRAZEN,2026-03-19 10:05:00,8393.0,8393.5,8393.0,8393.5,4
ASTRAZEN,2026-03-19 10:07:00,8393.5,8393.5,8393.5,8393.5,0
ASTRAZEN,2026-03-19 10:08:00,8394.5,8394.5,8394.5,8394.5,5
ASTRAZEN,2026-03-19 10:09:00,8394.5,8394.5,8394.5,8394.5,0
ASTRAZEN,2026-03-19 10:10:00,8394.5,8394.5,8394.5,8394.5,0
ASTRAZEN,2026-03-19 10:11:00,8394.5,8394.5,8394.5,8394.5,0
ASTRAZEN,2026-03-19 10:12:00,8394.5,8394.5,8394.5,8394.5,0
ASTRAZEN,2026-03-19 10:13:00,8394.5,8394.5,8394.5,8394.5,0
ASTRAZEN,2026-03-19 10:15:00,8394.5,8394.5,8394.5,8394.5,0
ASTRAZEN,2026-03-19 10:16:00,8391.0,8391.0,8391.0,8391.0,14
ASTRAZEN,2026-03-19 10:17:00,8391.0,8391.0,8385.0,8385.0,6
ASTRAZEN,2026-03-19 10:18:00,8385.0,8385.5,8385.0,8385.5,2
ASTRAZEN,2026-03-19 10:19:00,8393.5,8393.5,8393.5,8393.5,1
ASTRAZEN,2026-03-19 10:20:00,8393.5,8397.5,8393.5,8397.5,1
ASTRAZEN,2026-03-19 10:21:00,8397.5,8397.5,8388.5,8388.5,2
ASTRAZEN,2026-03-19 10:22:00,8385.5,8385.5,8385.5,8385.5,2
ASTRAZEN,2026-03-19 10:23:00,8384.0,8384.0,8384.0,8384.0,6
ASTRAZEN,2026-03-19 10:24:00,8384.0,8384.0,8377.5,8377.5,4
ASTRAZEN,2026-03-19 10:26:00,8377.5,8377.5,8377.5,8377.5,0
ASTRAZEN,2026-03-19 10:27:00,8377.5,8377.5,8377.5,8377.5,0
ASTRAZEN,2026-03-19 10:28:00,8377.5,8396.0,8377.5,8396.0,1
ASTRAZEN,2026-03-19 10:29:00,8396.0,8396.0,8396.0,8396.0,1
ASTRAZEN,2026-03-19 10:31:00,8424.5,8446.5,8424.5,8446.5,84
ASTRAZEN,2026-03-19 10:32:00,8445.5,8445.5,8438.5,8443.5,9
ASTRAZEN,2026-03-19 10:33:00,8443.5,8443.5,8443.5,8443.5,5
ASTRAZEN,2026-03-19 10:34:00,8435.5,8435.5,8435.5,8435.5,0
ASTRAZEN,2026-03-19 10:35:00,8435.5,8437.5,8435.5,8437.5,9
ASTRAZEN,2026-03-19 10:36:00,8443.5,8443.5,8443.5,8443.5,2
ASTRAZEN,2026-03-19 10:38:00,8443.5,8443.5,8443.5,8443.5,0
ASTRAZEN,2026-03-19 10:39:00,8443.5,8443.5,8435.0,8435.0,2
ASTRAZEN,2026-03-19 10:41:00,8450.0,8450.0,8435.0,8445.0,471
ASTRAZEN,2026-03-19 10:42:00,8430.0,8430.0,8430.0,8430.0,5
ASTRAZEN,2026-03-19 10:43:00,8430.0,8432.5,8430.0,8432.5,3
ASTRAZEN,2026-03-19 10:44:00,8432.5,8432.5,8432.5,8432.5,0
ASTRAZEN,2026-03-19 10:45:00,8432.5,8435.0,8432.5,8435.0,4
ASTRAZEN,2026-03-19 10:46:00,8430.5,8430.5,8430.5,8430.5,3
ASTRAZEN,2026-03-19 10:47:00,8430.5,8430.5,8430.5,8430.5,0
ASTRAZEN,2026-03-19 10:48:00,8430.5,8430.5,8429.0,8430.0,2
ASTRAZEN,2026-03-19 10:49:00,8430.0,8430.0,8429.0,8429.0,13
ASTRAZEN,2026-03-19 10:50:00,8429.0,8429.0,8429.0,8429.0,0
ASTRAZEN,2026-03-19 10:51:00,8429.0,8429.0,8420.5,8420.5,4
ASTRAZEN,2026-03-19 10:52:00,8420.5,8420.5,8420.5,8420.5,0
ASTRAZEN,2026-03-19 10:54:00,8420.5,8426.5,8420.5,8426.5,1
ASTRAZEN,2026-03-19 10:55:00,8426.5,8426.5,8426.5,8426.5,0
ASTRAZEN,2026-03-19 10:56:00,8426.5,8427.0,8426.5,8427.0,13
ASTRAZEN,2026-03-19 10:57:00,8427.0,8429.0,8422.5,8429.0,3
ASTRAZEN,2026-03-19 10:58:00,8429.0,8429.0,8429.0,8429.0,0
ASTRAZEN,2026-03-19 10:59:00,8429.0,8429.0,8418.0,8418.0,4
ASTRAZEN,2026-03-19 11:00:00,8418.0,8425.0,8417.0,8417.0,8
ASTRAZEN,2026-03-19 11:01:00,8417.0,8417.0,8417.0,8417.0,0
ASTRAZEN,2026-03-19 11:02:00,8417.0,8417.0,8417.0,8417.0,0
ASTRAZEN,2026-03-19 11:03:00,8417.0,8417.0,8417.0,8417.0,0
ASTRAZEN,2026-03-19 11:04:00,8417.0,8417.0,8412.5,8412.5,6
ASTRAZEN,2026-03-19 11:05:00,8412.5,8412.5,8412.5,8412.5,0
ASTRAZEN,2026-03-19 11:06:00,8412.5,8414.0,8412.5,8414.0,5
ASTRAZEN,2026-03-19 11:07:00,8414.0,8425.5,8414.0,8425.5,3
ASTRAZEN,2026-03-19 11:08:00,8415.0,8415.0,8415.0,8415.0,2
ASTRAZEN,2026-03-19 11:09:00,8415.0,8420.5,8415.0,8420.5,2
ASTRAZEN,2026-03-19 11:10:00,8420.5,8420.5,8420.5,8420.5,0
ASTRAZEN,2026-03-19 11:11:00,8420.5,8420.5,8420.5,8420.5,0
ASTRAZEN,2026-03-19 11:12:00,8420.5,8420.5,8419.0,8419.0,2
ASTRAZEN,2026-03-19 11:13:00,8419.0,8419.0,8419.0,8419.0,0
ASTRAZEN,2026-03-19 11:14:00,8419.0,8419.0,8419.0,8419.0,0
ASTRAZEN,2026-03-19 11:15:00,8419.0,8419.0,8413.0,8413.0,4
ASTRAZEN,2026-03-19 11:16:00,8413.0,8413.0,8410.0,8410.0,1
ASTRAZEN,2026-03-19 11:17:00,8410.0,8410.0,8410.0,8410.0,0
ASTRAZEN,2026-03-19 11:18:00,8410.0,8410.0,8410.0,8410.0,0
ASTRAZEN,2026-03-19 11:19:00,8414.0,8414.0,8414.0,8414.0,3
ASTRAZEN,2026-03-19 11:20:00,8414.0,8414.0,8414.0,8414.0,0
ASTRAZEN,2026-03-19 11:21:00,8414.0,8414.0,8414.0,8414.0,0
ASTRAZEN,2026-03-19 11:22:00,8414.0,8414.0,8414.0,8414.0,0
ASTRAZEN,2026-03-19 11:23:00,8414.0,8446.0,8414.0,8446.0,28
ASTRAZEN,2026-03-19 11:24:00,8447.0,8447.0,8447.0,8447.0,3
ASTRAZEN,2026-03-19 11:25:00,8447.0,8447.0,8444.5,8444.5,7
ASTRAZEN,2026-03-19 11:26:00,8444.5,8444.5,8444.5,8444.5,0
ASTRAZEN,2026-03-19 11:27:00,8426.0,8426.0,8426.0,8426.0,11
ASTRAZEN,2026-03-19 11:28:00,8426.0,8426.0,8426.0,8426.0,0
ASTRAZEN,2026-03-19 11:29:00,8426.0,8434.5,8426.0,8432.5,4
ASTRAZEN,2026-03-19 11:30:00,8432.5,8438.5,8432.5,8438.5,8
ASTRAZEN,2026-03-19 11:31:00,8438.5,8438.5,8430.5,8430.5,5
ASTRAZEN,2026-03-19 11:32:00,8430.5,8430.5,8430.5,8430.5,0
ASTRAZEN,2026-03-19 11:33:00,8430.5,8430.5,8430.5,8430.5,0
ASTRAZEN,2026-03-19 11:34:00,8430.5,8430.5,8430.5,8430.5,0
ASTRAZEN,2026-03-19 11:35:00,8430.5,8430.5,8430.5,8430.5,0
ASTRAZEN,2026-03-19 11:36:00,8430.5,8430.5,8430.5,8430.5,0
ASTRAZEN,2026-03-19 11:37:00,8430.5,8430.5,8430.5,8430.5,0
ASTRAZEN,2026-03-19 11:38:00,8430.5,8430.5,8430.5,8430.5,0
ASTRAZEN,2026-03-19 11:39:00,8430.5,8430.5,8430.5,8430.5,0
ASTRAZEN,2026-03-19 11:40:00,8443.5,8443.5,8443.5,8443.5,1
ASTRAZEN,2026-03-19 11:41:00,8443.5,8443.5,8443.5,8443.5,0
ASTRAZEN,2026-03-19 11:42:00,8443.5,8443.5,8443.5,8443.5,0
ASTRAZEN,2026-03-19 11:43:00,8443.5,8443.5,8436.5,8436.5,1
ASTRAZEN,2026-03-19 11:44:00,8436.5,8436.5,8436.5,8436.5,0
ASTRAZEN,2026-03-19 11:45:00,8436.5,8436.5,8436.5,8436.5,0
ASTRAZEN,2026-03-19 11:50:00,8436.5,8436.5,8426.0,8426.0,57
ASTRAZEN,2026-03-19 11:51:00,8426.0,8427.0,8426.0,8427.0,1
ASTRAZEN,2026-03-19 11:52:00,8427.0,8427.0,8427.0,8427.0,0
ASTRAZEN,2026-03-19 11:53:00,8427.0,8427.0,8427.0,8427.0,0
ASTRAZEN,2026-03-19 11:54:00,8427.0,8427.0,8427.0,8427.0,0
ASTRAZEN,2026-03-19 11:55:00,8427.0,8427.0,8427.0,8427.0,0
ASTRAZEN,2026-03-19 11:56:00,8427.0,8427.0,8427.0,8427.0,0
ASTRAZEN,2026-03-19 11:57:00,8427.0,8427.0,8401.0,8416.5,78
ASTRAZEN,2026-03-19 11:58:00,8416.5,8416.5,8416.5,8416.5,0
ASTRAZEN,2026-03-19 12:00:00,8416.5,8416.5,8409.0,8409.0,4
ASTRAZEN,2026-03-19 12:01:00,8413.0,8413.0,8413.0,8413.0,4
ASTRAZEN,2026-03-19 12:02:00,8413.0,8413.0,8413.0,8413.0,0
ASTRAZEN,2026-03-19 12:03:00,8416.5,8416.5,8416.5,8416.5,4
ASTRAZEN,2026-03-19 12:04:00,8416.5,8416.5,8414.0,8414.0,2
ASTRAZEN,2026-03-19 12:05:00,8414.0,8414.0,8414.0,8414.0,0
ASTRAZEN,2026-03-19 12:06:00,8414.0,8414.0,8414.0,8414.0,0
ASTRAZEN,2026-03-19 12:07:00,8414.0,8414.0,8414.0,8414.0,0
ASTRAZEN,2026-03-19 12:08:00,8414.0,8414.0,8414.0,8414.0,0
ASTRAZEN,2026-03-19 12:09:00,8414.0,8414.0,8414.0,8414.0,0
ASTRAZEN,2026-03-19 12:10:00,8414.0,8414.0,8414.0,8414.0,0
ASTRAZEN,2026-03-19 12:11:00,8414.0,8414.0,8414.0,8414.0,0
ASTRAZEN,2026-03-19 12:12:00,8414.0,8417.5,8414.0,8417.5,2
ASTRAZEN,2026-03-19 12:13:00,8417.5,8417.5,8417.5,8417.5,0
ASTRAZEN,2026-03-19 12:14:00,8417.5,8417.5,8417.5,8417.5,0
ASTRAZEN,2026-03-19 12:15:00,8417.5,8425.0,8417.5,8425.0,1
ASTRAZEN,2026-03-19 12:16:00,8425.0,8425.0,8419.5,8420.5,16
ASTRAZEN,2026-03-19 12:17:00,8420.5,8427.0,8420.5,8427.0,13
ASTRAZEN,2026-03-19 12:18:00,8427.0,8427.0,8427.0,8427.0,0
ASTRAZEN,2026-03-19 12:19:00,8427.0,8427.0,8427.0,8427.0,0
ASTRAZEN,2026-03-19 12:20:00,8427.0,8431.0,8427.0,8431.0,6
ASTRAZEN,2026-03-19 12:21:00,8431.0,8431.0,8431.0,8431.0,0
ASTRAZEN,2026-03-19 12:22:00,8431.0,8431.0,8431.0,8431.0,0
ASTRAZEN,2026-03-19 12:23:00,8431.0,8431.0,8431.0,8431.0,0
ASTRAZEN,2026-03-19 12:24:00,8431.0,8431.0,8431.0,8431.0,0
ASTRAZEN,2026-03-19 12:25:00,8431.0,8431.0,8431.0,8431.0,0
ASTRAZEN,2026-03-19 12:26:00,8431.0,8431.0,8426.5,8426.5,0
ASTRAZEN,2026-03-19 12:27:00,8426.5,8426.5,8426.5,8426.5,4
ASTRAZEN,2026-03-19 12:28:00,8425.5,8429.0,8425.5,8429.0,4
ASTRAZEN,2026-03-19 12:29:00,8429.0,8431.0,8429.0,8431.0,0
ASTRAZEN,2026-03-19 12:30:00,8431.0,8435.5,8431.0,8435.0,14
ASTRAZEN,2026-03-19 12:31:00,8435.0,8435.0,8426.0,8426.0,8
ASTRAZEN,2026-03-19 12:32:00,8426.0,8443.0,8426.0,8432.0,14
ASTRAZEN,2026-03-19 12:33:00,8432.0,8432.0,8432.0,8432.0,0
ASTRAZEN,2026-03-19 12:34:00,8432.0,8432.0,8430.5,8430.5,6
ASTRAZEN,2026-03-19 12:35:00,8430.5,8444.0,8430.5,8435.0,10
ASTRAZEN,2026-03-19 12:36:00,8442.5,8442.5,8431.5,8431.5,2
ASTRAZEN,2026-03-19 12:37:00,8431.5,8431.5,8431.5,8431.5,0
ASTRAZEN,2026-03-19 12:38:00,8431.5,8431.5,8431.5,8431.5,0
ASTRAZEN,2026-03-19 12:39:00,8431.5,8431.5,8429.0,8429.0,6
ASTRAZEN,2026-03-19 12:40:00,8429.0,8429.0,8429.0,8429.0,0
ASTRAZEN,2026-03-19 12:41:00,8429.0,8429.0,8429.0,8429.0,0
ASTRAZEN,2026-03-19 12:42:00,8429.0,8429.0,8429.0,8429.0,0
ASTRAZEN,2026-03-19 12:43:00,8429.0,8429.0,8429.0,8429.0,0
ASTRAZEN,2026-03-19 12:44:00,8429.0,8429.0,8429.0,8429.0,0
ASTRAZEN,2026-03-19 12:45:00,8429.0,8429.0,8429.0,8429.0,0
ASTRAZEN,2026-03-19 12:46:00,8429.0,8450.5,8429.0,8450.5,152
ASTRAZEN,2026-03-19 12:47:00,8450.5,8450.5,8447.0,8447.0,5
ASTRAZEN,2026-03-19 12:48:00,8447.0,8447.0,8444.0,8444.0,5
ASTRAZEN,2026-03-19 12:49:00,8446.0,8446.0,8446.0,8446.0,5
ASTRAZEN,2026-03-19 12:50:00,8446.0,8449.0,8446.0,8449.0,5
ASTRAZEN,2026-03-19 12:51:00,8449.0,8449.0,8449.0,8449.0,0
ASTRAZEN,2026-03-19 12:52:00,8449.0,8449.0,8448.5,8448.5,1
ASTRAZEN,2026-03-19 12:53:00,8448.5,8448.5,8448.5,8448.5,0
ASTRAZEN,2026-03-19 12:54:00,8448.5,8448.5,8448.5,8448.5,0
ASTRAZEN,2026-03-19 12:55:00,8448.5,8448.5,8448.5,8448.5,0
ASTRAZEN,2026-03-19 12:56:00,8448.5,8448.5,8448.5,8448.5,0
ASTRAZEN,2026-03-19 12:57:00,8446.5,8447.5,8446.5,8447.5,10
ASTRAZEN,2026-03-19 12:58:00,8447.5,8447.5,8447.5,8447.5,0
ASTRAZEN,2026-03-19 12:59:00,8447.5,8447.5,8447.5,8447.5,0
ASTRAZEN,2026-03-19 13:00:00,8447.5,8447.5,8447.5,8447.5,0
ASTRAZEN,2026-03-19 13:01:00,8447.5,8447.5,8447.5,8447.5,0
ASTRAZEN,2026-03-19 13:02:00,8447.5,8447.5,8447.5,8447.5,0
ASTRAZEN,2026-03-19 13:03:00,8447.5,8447.5,8447.5,8447.5,0
ASTRAZEN,2026-03-19 13:04:00,8447.5,8447.5,8447.5,8447.5,0
ASTRAZEN,2026-03-19 13:05:00,8432.0,8432.0,8432.0,8432.0,20
ASTRAZEN,2026-03-19 13:06:00,8432.0,8432.0,8432.0,8432.0,0
ASTRAZEN,2026-03-19 13:07:00,8432.0,8432.0,8432.0,8432.0,0
ASTRAZEN,2026-03-19 13:08:00,8432.0,8432.0,8431.0,8431.0,9
ASTRAZEN,2026-03-19 13:10:00,8431.0,8434.0,8431.0,8434.0,8
ASTRAZEN,2026-03-19 13:11:00,8434.0,8441.5,8434.0,8435.0,8
ASTRAZEN,2026-03-19 13:12:00,8435.0,8441.5,8427.5,8441.5,14
ASTRAZEN,2026-03-19 13:13:00,8441.5,8442.5,8441.5,8442.5,4
ASTRAZEN,2026-03-19 13:14:00,8442.5,8442.5,8442.5,8442.5,0
ASTRAZEN,2026-03-19 13:15:00,8430.5,8431.0,8430.5,8431.0,9
ASTRAZEN,2026-03-19 13:16:00,8431.0,8431.0,8427.5,8427.5,6
ASTRAZEN,2026-03-19 13:17:00,8427.5,8427.5,8427.5,8427.5,0
ASTRAZEN,2026-03-19 13:18:00,8427.5,8427.5,8427.5,8427.5,16
ASTRAZEN,2026-03-19 13:19:00,8427.5,8427.5,8427.5,8427.5,0
ASTRAZEN,2026-03-19 13:20:00,8427.5,8427.5,8427.5,8427.5,0
ASTRAZEN,2026-03-19 13:21:00,8427.5,8427.5,8427.5,8427.5,0
ASTRAZEN,2026-03-19 13:22:00,8427.5,8427.5,8427.5,8427.5,0
ASTRAZEN,2026-03-19 13:23:00,8427.5,8433.0,8370.0,8370.0,69
ASTRAZEN,2026-03-19 13:24:00,8370.0,8393.0,8370.0,8393.0,32
ASTRAZEN,2026-03-19 13:25:00,8393.0,8393.0,8393.0,8393.0,0
ASTRAZEN,2026-03-19 13:26:00,8393.0,8393.0,8393.0,8393.0,0
ASTRAZEN,2026-03-19 13:27:00,8393.0,8393.0,8393.0,8393.0,0
ASTRAZEN,2026-03-19 13:28:00,8393.0,8418.5,8393.0,8413.5,65
ASTRAZEN,2026-03-19 13:29:00,8413.5,8413.5,8413.5,8413.5,6
ASTRAZEN,2026-03-19 13:30:00,8413.5,8413.5,8413.5,8413.5,0
ASTRAZEN,2026-03-19 13:31:00,8413.5,8413.5,8413.5,8413.5,0
ASTRAZEN,2026-03-19 13:32:00,8413.5,8413.5,8413.5,8413.5,0
ASTRAZEN,2026-03-19 13:33:00,8413.5,8413.5,8413.5,8413.5,0
ASTRAZEN,2026-03-19 13:34:00,8413.5,8413.5,8413.5,8413.5,0
ASTRAZEN,2026-03-19 13:35:00,8413.5,8413.5,8413.5,8413.5,0
ASTRAZEN,2026-03-19 13:36:00,8413.5,8413.5,8413.5,8413.5,11
ASTRAZEN,2026-03-19 13:37:00,8413.5,8413.5,8413.5,8413.5,0
ASTRAZEN,2026-03-19 13:38:00,8413.5,8413.5,8413.5,8413.5,0
ASTRAZEN,2026-03-19 13:39:00,8413.5,8413.5,8413.5,8413.5,0
ASTRAZEN,2026-03-19 13:40:00,8413.5,8413.5,8413.5,8413.5,0
ASTRAZEN,2026-03-19 13:41:00,8413.5,8413.5,8413.5,8413.5,0
ASTRAZEN,2026-03-19 13:42:00,8413.5,8413.5,8413.5,8413.5,0
ASTRAZEN,2026-03-19 13:43:00,8413.5,8413.5,8413.5,8413.5,0
ASTRAZEN,2026-03-19 13:44:00,8413.5,8413.5,8413.5,8413.5,0
ASTRAZEN,2026-03-19 13:45:00,8416.5,8459.0,8416.5,8458.0,96
ASTRAZEN,2026-03-19 13:46:00,8456.0,8456.0,8431.5,8431.5,35
ASTRAZEN,2026-03-19 13:47:00,8430.5,8439.5,8430.5,8439.5,17
ASTRAZEN,2026-03-19 13:48:00,8439.5,8439.5,8439.5,8439.5,0
ASTRAZEN,2026-03-19 13:49:00,8439.5,8439.5,8439.5,8439.5,0
ASTRAZEN,2026-03-19 13:50:00,8439.5,8439.5,8439.5,8439.5,0
ASTRAZEN,2026-03-19 13:51:00,8439.5,8439.5,8439.5,8439.5,0
ASTRAZEN,2026-03-19 13:52:00,8439.5,8439.5,8439.5,8439.5,0
ASTRAZEN,2026-03-19 13:53:00,8439.5,8439.5,8439.5,8439.5,0
ASTRAZEN,2026-03-19 13:54:00,8436.0,8436.0,8436.0,8436.0,6
ASTRAZEN,2026-03-19 13:55:00,8436.0,8436.0,8436.0,8436.0,0
ASTRAZEN,2026-03-19 13:56:00,8436.0,8436.0,8436.0,8436.0,0
ASTRAZEN,2026-03-19 13:57:00,8436.0,8436.0,8436.0,8436.0,0
ASTRAZEN,2026-03-19 13:58:00,8436.0,8436.0,8436.0,8436.0,0
ASTRAZEN,2026-03-19 13:59:00,8436.0,8436.0,8428.5,8428.5,4
ASTRAZEN,2026-03-19 14:00:00,8428.5,8428.5,8428.5,8428.5,0
ASTRAZEN,2026-03-19 14:01:00,8428.5,8442.0,8428.5,8442.0,1
ASTRAZEN,2026-03-19 14:02:00,8442.0,8442.0,8442.0,8442.0,0
ASTRAZEN,2026-03-19 14:03:00,8442.0,8442.0,8418.5,8418.5,12
ASTRAZEN,2026-03-19 14:04:00,8418.5,8428.0,8418.5,8428.0,2
ASTRAZEN,2026-03-19 14:05:00,8428.0,8428.0,8428.0,8428.0,0
ASTRAZEN,2026-03-19 14:06:00,8428.0,8428.0,8428.0,8428.0,0
ASTRAZEN,2026-03-19 14:07:00,8428.0,8428.0,8428.0,8428.0,0
ASTRAZEN,2026-03-19 14:08:00,8428.0,8428.0,8402.0,8402.0,15
ASTRAZEN,2026-03-19 14:09:00,8402.0,8402.0,8402.0,8402.0,0
ASTRAZEN,2026-03-19 14:10:00,8402.0,8419.5,8402.0,8418.0,5
ASTRAZEN,2026-03-19 14:11:00,8418.0,8418.0,8406.5,8406.5,4
ASTRAZEN,2026-03-19 14:12:00,8406.5,8406.5,8406.5,8406.5,0
ASTRAZEN,2026-03-19 14:13:00,8406.5,8406.5,8406.5,8406.5,0
ASTRAZEN,2026-03-19 14:14:00,8419.5,8422.5,8419.5,8422.5,7
ASTRAZEN,2026-03-19 14:15:00,8422.5,8422.5,8422.5,8422.5,0
ASTRAZEN,2026-03-19 14:16:00,8422.5,8422.5,8421.5,8421.5,2
ASTRAZEN,2026-03-19 14:17:00,8421.5,8421.5,8421.5,8421.5,0
ASTRAZEN,2026-03-19 14:18:00,8421.5,8421.5,8421.5,8421.5,0
ASTRAZEN,2026-03-19 14:19:00,8421.5,8421.5,8421.5,8421.5,0
ASTRAZEN,2026-03-19 14:20:00,8421.5,8421.5,8421.5,8421.5,0
ASTRAZEN,2026-03-19 14:21:00,8421.5,8421.5,8421.5,8421.5,0
ASTRAZEN,2026-03-19 14:22:00,8421.5,8421.5,8421.5,8421.5,0
ASTRAZEN,2026-03-19 14:23:00,8421.5,8421.5,8421.5,8421.5,0
ASTRAZEN,2026-03-19 14:24:00,8421.5,8421.5,8421.5,8421.5,0
ASTRAZEN,2026-03-19 14:25:00,8421.5,8421.5,8418.0,8418.0,4
ASTRAZEN,2026-03-19 14:26:00,8418.0,8418.0,8418.0,8418.0,0
ASTRAZEN,2026-03-19 14:27:00,8418.0,8418.0,8402.5,8402.5,17
ASTRAZEN,2026-03-19 14:28:00,8402.5,8402.5,8402.5,8402.5,0
ASTRAZEN,2026-03-19 14:29:00,8402.5,8402.5,8402.5,8402.5,0
ASTRAZEN,2026-03-19 14:30:00,8402.5,8402.5,8402.5,8402.5,0
ASTRAZEN,2026-03-19 14:31:00,8402.5,8418.5,8402.5,8418.5,6
ASTRAZEN,2026-03-19 14:32:00,8418.5,8418.5,8418.5,8418.5,0
ASTRAZEN,2026-03-19 14:33:00,8418.5,8418.5,8418.5,8418.5,0
ASTRAZEN,2026-03-19 14:34:00,8418.5,8422.5,8418.5,8422.5,1
ASTRAZEN,2026-03-19 14:35:00,8422.5,8423.0,8422.5,8423.0,2
ASTRAZEN,2026-03-19 14:36:00,8419.0,8419.0,8419.0,8419.0,5
ASTRAZEN,2026-03-19 14:37:00,8419.0,8419.0,8419.0,8419.0,0
ASTRAZEN,2026-03-19 14:38:00,8419.0,8419.0,8419.0,8419.0,0
ASTRAZEN,2026-03-19 14:39:00,8419.0,8419.0,8419.0,8419.0,0
ASTRAZEN,2026-03-19 14:40:00,8419.0,8419.0,8419.0,8419.0,0
ASTRAZEN,2026-03-19 14:41:00,8419.0,8419.0,8419.0,8419.0,0
ASTRAZEN,2026-03-19 14:42:00,8419.0,8419.0,8419.0,8419.0,0
ASTRAZEN,2026-03-19 14:43:00,8419.0,8428.5,8419.0,8428.5,2
ASTRAZEN,2026-03-19 14:44:00,8428.5,8428.5,8428.5,8428.5,0
ASTRAZEN,2026-03-19 14:45:00,8428.5,8428.5,8419.0,8419.0,13
ASTRAZEN,2026-03-19 14:46:00,8419.0,8419.0,8419.0,8419.0,0
ASTRAZEN,2026-03-19 14:47:00,8419.0,8419.0,8419.0,8419.0,0
ASTRAZEN,2026-03-19 14:48:00,8428.0,8428.0,8410.5,8410.5,9
ASTRAZEN,2026-03-19 14:49:00,8410.5,8410.5,8410.5,8410.5,0
ASTRAZEN,2026-03-19 14:50:00,8410.5,8410.5,8410.5,8410.5,0
ASTRAZEN,2026-03-19 14:51:00,8410.5,8410.5,8402.5,8402.5,7
ASTRAZEN,2026-03-19 14:52:00,8402.5,8402.5,8402.5,8402.5,0
ASTRAZEN,2026-03-19 14:53:00,8385.5,8385.5,8380.5,8385.0,135
ASTRAZEN,2026-03-19 14:54:00,8385.0,8385.0,8385.0,8385.0,8
ASTRAZEN,2026-03-19 14:55:00,8385.0,8385.0,8385.0,8385.0,0
ASTRAZEN,2026-03-19 14:56:00,8385.0,8387.0,8370.0,8387.0,37
ASTRAZEN,2026-03-19 14:57:00,8387.0,8387.5,8387.0,8387.5,0
ASTRAZEN,2026-03-19 14:58:00,8387.5,8387.5,8378.5,8378.5,7
ASTRAZEN,2026-03-19 14:59:00,8378.5,8387.5,8378.5,8387.5,2
ASTRAZEN,2026-03-19 15:00:00,8382.5,8382.5,8382.5,8382.5,14
ASTRAZEN,2026-03-19 15:01:00,8382.5,8383.0,8382.5,8383.0,6
ASTRAZEN,2026-03-19 15:02:00,8378.0,8392.5,8378.0,8392.5,81
ASTRAZEN,2026-03-19 15:03:00,8397.0,8397.0,8383.5,8383.5,14
ASTRAZEN,2026-03-19 15:04:00,8383.5,8393.5,8383.5,8393.5,2
ASTRAZEN,2026-03-19 15:05:00,8393.5,8393.5,8382.5,8382.5,31
ASTRAZEN,2026-03-19 15:06:00,8382.5,8387.0,8382.5,8387.0,2
ASTRAZEN,2026-03-19 15:07:00,8387.0,8387.0,8377.5,8378.0,9
ASTRAZEN,2026-03-19 15:08:00,8378.0,8378.0,8369.5,8369.5,31
ASTRAZEN,2026-03-19 15:09:00,8369.5,8369.5,8369.5,8369.5,2
ASTRAZEN,2026-03-19 15:10:00,8367.0,8369.5,8367.0,8368.5,100
ASTRAZEN,2026-03-19 15:11:00,8368.5,8370.0,8365.5,8370.0,29
ASTRAZEN,2026-03-19 15:12:00,8370.0,8370.0,8365.5,8365.5,5
ASTRAZEN,2026-03-19 15:13:00,8365.5,8369.5,8360.0,8369.5,26
ASTRAZEN,2026-03-19 15:14:00,8369.5,8370.0,8360.0,8360.0,4
ASTRAZEN,2026-03-19 15:15:00,8360.0,8370.0,8360.0,8370.0,35
ASTRAZEN,2026-03-19 15:16:00,8365.5,8369.5,8365.5,8369.0,29
ASTRAZEN,2026-03-19 15:17:00,8369.0,8369.0,8367.5,8367.5,11
ASTRAZEN,2026-03-19 15:18:00,8365.5,8365.5,8352.0,8353.0,17
ASTRAZEN,2026-03-19 15:19:00,8353.0,8370.0,8353.0,8370.0,14
ASTRAZEN,2026-03-19 15:20:00,8370.0,8370.0,8353.0,8360.0,13
ASTRAZEN,2026-03-19 15:21:00,8360.0,8370.0,8353.0,8353.0,6
ASTRAZEN,2026-03-19 15:22:00,8353.0,8369.0,8353.0,8369.0,14
ASTRAZEN,2026-03-19 15:23:00,8369.0,8369.0,8355.0,8369.0,10
ASTRAZEN,2026-03-19 15:24:00,8366.5,8369.0,8355.0,8355.0,20
ASTRAZEN,2026-03-19 15:25:00,8355.0,8369.5,8355.0,8355.5,6
ASTRAZEN,2026-03-19 15:26:00,8369.5,8369.5,8356.5,8356.5,4
ASTRAZEN,2026-03-19 15:27:00,8356.5,8370.0,8356.0,8370.0,21
ASTRAZEN,2026-03-19 15:28:00,8356.0,8370.0,8356.0,8370.0,12
ASTRAZEN,2026-03-19 15:29:00,8356.0,8379.0,8356.0,8379.0,16
ASTRAZEN,2026-03-20 09:15:00,8402.0,8424.5,8382.0,8382.0,18
ASTRAZEN,2026-03-20 09:16:00,8382.0,8397.5,8382.0,8397.5,1
ASTRAZEN,2026-03-20 09:17:00,8397.5,8415.0,8397.5,8415.0,9
ASTRAZEN,2026-03-20 09:18:00,8415.0,8415.0,8404.0,8404.0,10
ASTRAZEN,2026-03-20 09:19:00,8404.0,8410.0,8404.0,8410.0,12
ASTRAZEN,2026-03-20 09:20:00,8410.0,8410.0,8409.0,8409.0,1
ASTRAZEN,2026-03-20 09:21:00,8409.0,8409.5,8409.0,8409.5,1
ASTRAZEN,2026-03-20 09:22:00,8409.5,8409.5,8405.5,8405.5,9
ASTRAZEN,2026-03-20 09:23:00,8405.5,8407.0,8405.5,8407.0,3
ASTRAZEN,2026-03-20 09:24:00,8407.0,8407.0,8405.0,8405.0,3
ASTRAZEN,2026-03-20 09:25:00,8405.0,8405.0,8405.0,8405.0,0
ASTRAZEN,2026-03-20 09:26:00,8405.0,8411.0,8405.0,8411.0,1
ASTRAZEN,2026-03-20 09:27:00,8411.0,8422.5,8411.0,8411.5,3
ASTRAZEN,2026-03-20 09:28:00,8411.5,8411.5,8411.5,8411.5,0
ASTRAZEN,2026-03-20 09:29:00,8411.5,8418.5,8411.5,8418.5,6
ASTRAZEN,2026-03-20 09:30:00,8418.5,8423.5,8418.5,8423.5,1
ASTRAZEN,2026-03-20 09:31:00,8423.5,8423.5,8420.0,8420.0,1
ASTRAZEN,2026-03-20 09:32:00,8420.0,8420.0,8411.0,8411.0,2
ASTRAZEN,2026-03-20 09:33:00,8411.0,8411.0,8411.0,8411.0,5
ASTRAZEN,2026-03-20 09:34:00,8411.0,8411.0,8406.0,8406.0,4
ASTRAZEN,2026-03-20 09:35:00,8406.0,8406.0,8403.0,8403.0,1
ASTRAZEN,2026-03-20 09:36:00,8403.0,8416.5,8403.0,8416.5,2
ASTRAZEN,2026-03-20 09:37:00,8416.5,8416.5,8416.5,8416.5,0
ASTRAZEN,2026-03-20 09:38:00,8416.5,8416.5,8402.0,8402.0,4
ASTRAZEN,2026-03-20 09:39:00,8402.0,8402.0,8400.0,8400.0,2
ASTRAZEN,2026-03-20 09:40:00,8400.0,8400.0,8400.0,8400.0,0
ASTRAZEN,2026-03-20 09:41:00,8400.0,8400.0,8400.0,8400.0,0
ASTRAZEN,2026-03-20 09:42:00,8400.0,8403.0,8400.0,8403.0,2
ASTRAZEN,2026-03-20 09:43:00,8403.0,8403.0,8403.0,8403.0,0
ASTRAZEN,2026-03-20 09:44:00,8403.0,8403.0,8402.0,8402.0,1
ASTRAZEN,2026-03-20 09:45:00,8402.0,8402.0,8392.0,8392.0,4
ASTRAZEN,2026-03-20 09:46:00,8392.0,8403.5,8390.5,8403.5,12
ASTRAZEN,2026-03-20 09:47:00,8403.5,8403.5,8403.5,8403.5,0
ASTRAZEN,2026-03-20 09:48:00,8395.0,8414.5,8395.0,8414.5,34
ASTRAZEN,2026-03-20 09:49:00,8414.5,8414.5,8414.5,8414.5,0
ASTRAZEN,2026-03-20 09:50:00,8414.5,8414.5,8414.5,8414.5,0
ASTRAZEN,2026-03-20 09:51:00,8414.5,8414.5,8414.5,8414.5,0
ASTRAZEN,2026-03-20 09:52:00,8414.5,8414.5,8414.5,8414.5,0
ASTRAZEN,2026-03-20 09:53:00,8414.5,8414.5,8414.5,8414.5,0
ASTRAZEN,2026-03-20 09:54:00,8414.5,8414.5,8395.5,8395.5,2
ASTRAZEN,2026-03-20 09:55:00,8410.0,8410.0,8410.0,8410.0,2
ASTRAZEN,2026-03-20 09:56:00,8410.0,8410.0,8410.0,8410.0,0
ASTRAZEN,2026-03-20 09:57:00,8410.0,8410.0,8410.0,8410.0,0
ASTRAZEN,2026-03-20 09:58:00,8410.0,8410.0,8410.0,8410.0,0
ASTRAZEN,2026-03-20 09:59:00,8410.0,8410.0,8410.0,8410.0,0
ASTRAZEN,2026-03-20 10:00:00,8410.0,8410.0,8410.0,8410.0,0
ASTRAZEN,2026-03-20 10:01:00,8410.0,8410.0,8395.0,8395.0,1
ASTRAZEN,2026-03-20 10:02:00,8395.0,8395.0,8387.0,8387.0,7
ASTRAZEN,2026-03-20 10:03:00,8387.0,8387.0,8382.5,8382.5,2
ASTRAZEN,2026-03-20 10:04:00,8382.5,8382.5,8382.5,8382.5,0
ASTRAZEN,2026-03-20 10:05:00,8382.5,8382.5,8382.5,8382.5,10
ASTRAZEN,2026-03-20 10:06:00,8382.5,8382.5,8382.5,8382.5,0
ASTRAZEN,2026-03-20 10:07:00,8382.5,8382.5,8382.5,8382.5,0
ASTRAZEN,2026-03-20 10:08:00,8382.5,8424.5,8382.5,8424.5,145
ASTRAZEN,2026-03-20 10:09:00,8424.5,8424.5,8402.0,8402.0,3
ASTRAZEN,2026-03-20 10:10:00,8402.0,8402.0,8402.0,8402.0,0
ASTRAZEN,2026-03-20 10:11:00,8402.0,8402.0,8402.0,8402.0,0
ASTRAZEN,2026-03-20 10:13:00,8401.5,8401.5,8401.5,8401.5,9
ASTRAZEN,2026-03-20 10:14:00,8401.5,8401.5,8401.5,8401.5,0
ASTRAZEN,2026-03-20 10:15:00,8401.5,8401.5,8401.5,8401.5,0
ASTRAZEN,2026-03-20 10:16:00,8401.5,8401.5,8401.5,8401.5,0
ASTRAZEN,2026-03-20 10:17:00,8401.5,8401.5,8401.5,8401.5,0
ASTRAZEN,2026-03-20 10:21:00,8401.5,8401.5,8401.5,8401.5,10
ASTRAZEN,2026-03-20 10:22:00,8401.5,8401.5,8401.5,8401.5,0
ASTRAZEN,2026-03-20 10:24:00,8417.5,8417.5,8417.5,8417.5,1
ASTRAZEN,2026-03-20 10:25:00,8417.5,8423.5,8417.5,8423.5,2
ASTRAZEN,2026-03-20 10:26:00,8423.5,8423.5,8423.5,8423.5,0
ASTRAZEN,2026-03-20 10:27:00,8423.5,8423.5,8423.5,8423.5,0
ASTRAZEN,2026-03-20 10:28:00,8424.0,8462.5,8424.0,8445.5,68
ASTRAZEN,2026-03-20 10:29:00,8433.5,8433.5,8424.5,8431.5,25
ASTRAZEN,2026-03-20 10:30:00,8431.5,8432.5,8431.5,8432.5,5
ASTRAZEN,2026-03-20 10:31:00,8424.5,8424.5,8424.5,8424.5,12
ASTRAZEN,2026-03-20 10:32:00,8424.5,8424.5,8424.5,8424.5,0
ASTRAZEN,2026-03-20 10:34:00,8424.5,8424.5,8420.0,8420.0,1
ASTRAZEN,2026-03-20 10:37:00,8420.0,8420.0,8420.0,8420.0,0
ASTRAZEN,2026-03-20 10:38:00,8420.0,8420.0,8420.0,8420.0,0
ASTRAZEN,2026-03-20 10:39:00,8420.0,8423.5,8420.0,8423.5,3
ASTRAZEN,2026-03-20 10:40:00,8429.5,8429.5,8429.5,8429.5,1
ASTRAZEN,2026-03-20 10:41:00,8435.5,8435.5,8435.5,8435.5,1
ASTRAZEN,2026-03-20 10:42:00,8435.5,8435.5,8435.5,8435.5,0
ASTRAZEN,2026-03-20 10:43:00,8435.5,8435.5,8435.5,8435.5,0
ASTRAZEN,2026-03-20 10:45:00,8435.0,8435.0,8435.0,8435.0,4
ASTRAZEN,2026-03-20 10:46:00,8435.0,8439.5,8435.0,8439.5,10
ASTRAZEN,2026-03-20 10:47:00,8439.5,8439.5,8439.5,8439.5,0
ASTRAZEN,2026-03-20 10:48:00,8439.5,8439.5,8439.5,8439.5,0
ASTRAZEN,2026-03-20 10:50:00,8439.5,8439.5,8439.5,8439.5,0
ASTRAZEN,2026-03-20 10:51:00,8439.5,8439.5,8439.5,8439.5,0
ASTRAZEN,2026-03-20 10:52:00,8439.5,8439.5,8439.5,8439.5,2
ASTRAZEN,2026-03-20 10:53:00,8439.5,8439.5,8439.5,8439.5,0
ASTRAZEN,2026-03-20 10:54:00,8439.5,8439.5,8439.5,8439.5,0
ASTRAZEN,2026-03-20 10:55:00,8439.5,8439.5,8439.5,8439.5,0
ASTRAZEN,2026-03-20 10:56:00,8439.5,8439.5,8439.5,8439.5,2
ASTRAZEN,2026-03-20 10:57:00,8439.5,8439.5,8439.5,8439.5,0
ASTRAZEN,2026-03-20 10:58:00,8420.5,8420.5,8420.5,8420.5,10
ASTRAZEN,2026-03-20 11:01:00,8420.5,8420.5,8420.5,8420.5,0
ASTRAZEN,2026-03-20 11:02:00,8420.5,8420.5,8420.5,8420.5,0
ASTRAZEN,2026-03-20 11:04:00,8420.5,8420.5,8420.5,8420.5,0
ASTRAZEN,2026-03-20 11:05:00,8420.5,8421.0,8420.5,8421.0,4
ASTRAZEN,2026-03-20 11:06:00,8438.5,8438.5,8438.5,8438.5,1
ASTRAZEN,2026-03-20 11:07:00,8438.5,8438.5,8438.5,8438.5,0
ASTRAZEN,2026-03-20 11:08:00,8438.5,8438.5,8425.0,8425.0,2
ASTRAZEN,2026-03-20 11:09:00,8425.0,8425.0,8425.0,8425.0,0
ASTRAZEN,2026-03-20 11:10:00,8425.0,8425.0,8425.0,8425.0,0
ASTRAZEN,2026-03-20 11:11:00,8425.0,8425.0,8425.0,8425.0,0
ASTRAZEN,2026-03-20 11:13:00,8425.0,8425.0,8425.0,8425.0,0
ASTRAZEN,2026-03-20 11:15:00,8425.0,8426.5,8425.0,8426.5,1
ASTRAZEN,2026-03-20 11:16:00,8426.5,8426.5,8426.5,8426.5,0
ASTRAZEN,2026-03-20 11:17:00,8426.5,8426.5,8426.5,8426.5,0
ASTRAZEN,2026-03-20 11:19:00,8426.5,8426.5,8426.5,8426.5,0
ASTRAZEN,2026-03-20 11:21:00,8426.5,8426.5,8426.5,8426.5,0
ASTRAZEN,2026-03-20 11:22:00,8426.5,8426.5,8426.5,8426.5,0
ASTRAZEN,2026-03-20 11:24:00,8426.5,8426.5,8426.5,8426.5,0
ASTRAZEN,2026-03-20 11:25:00,8426.5,8426.5,8426.5,8426.5,0
ASTRAZEN,2026-03-20 11:26:00,8426.5,8426.5,8426.5,8426.5,0
ASTRAZEN,2026-03-20 11:27:00,8438.0,8438.0,8438.0,8438.0,2
ASTRAZEN,2026-03-20 11:28:00,8438.0,8438.0,8438.0,8438.0,0
ASTRAZEN,2026-03-20 11:30:00,8438.0,8438.0,8438.0,8438.0,0
ASTRAZEN,2026-03-20 11:31:00,8438.0,8438.0,8438.0,8438.0,0
ASTRAZEN,2026-03-20 11:32:00,8439.0,8439.0,8439.0,8439.0,9
ASTRAZEN,2026-03-20 11:33:00,8439.0,8439.0,8439.0,8439.0,0
ASTRAZEN,2026-03-20 11:34:00,8439.0,8439.0,8439.0,8439.0,0
ASTRAZEN,2026-03-20 11:35:00,8439.0,8447.0,8439.0,8447.0,1
ASTRAZEN,2026-03-20 11:36:00,8450.0,8450.0,8449.0,8449.0,2
ASTRAZEN,2026-03-20 11:37:00,8449.0,8449.0,8433.0,8448.5,4
ASTRAZEN,2026-03-20 11:38:00,8448.5,8448.5,8448.5,8448.5,0
ASTRAZEN,2026-03-20 11:39:00,8434.0,8434.0,8433.0,8433.0,2
ASTRAZEN,2026-03-20 11:40:00,8434.0,8434.0,8434.0,8434.0,191
ASTRAZEN,2026-03-20 11:41:00,8434.0,8434.0,8434.0,8434.0,0
ASTRAZEN,2026-03-20 11:42:00,8434.0,8434.0,8434.0,8434.0,0
ASTRAZEN,2026-03-20 11:43:00,8434.0,8434.0,8434.0,8434.0,0
ASTRAZEN,2026-03-20 11:44:00,8418.5,8424.5,8418.5,8424.5,5
ASTRAZEN,2026-03-20 11:45:00,8424.5,8424.5,8424.5,8424.5,0
ASTRAZEN,2026-03-20 11:46:00,8424.5,8424.5,8424.5,8424.5,0
ASTRAZEN,2026-03-20 11:47:00,8422.0,8422.0,8422.0,8422.0,1
ASTRAZEN,2026-03-20 11:48:00,8422.0,8422.0,8415.0,8415.0,23
ASTRAZEN,2026-03-20 11:49:00,8415.0,8415.0,8415.0,8415.0,0
ASTRAZEN,2026-03-20 11:50:00,8415.0,8415.0,8415.0,8415.0,0
ASTRAZEN,2026-03-20 11:51:00,8415.0,8415.0,8414.0,8414.0,2
ASTRAZEN,2026-03-20 11:52:00,8414.0,8414.0,8414.0,8414.0,0
ASTRAZEN,2026-03-20 11:53:00,8414.0,8424.0,8414.0,8424.0,3
ASTRAZEN,2026-03-20 11:54:00,8424.0,8424.0,8414.0,8414.0,5
ASTRAZEN,2026-03-20 11:55:00,8414.0,8414.0,8414.0,8414.0,0
ASTRAZEN,2026-03-20 11:56:00,8414.0,8414.0,8414.0,8414.0,0
ASTRAZEN,2026-03-20 11:57:00,8414.0,8414.0,8414.0,8414.0,0
ASTRAZEN,2026-03-20 11:58:00,8414.0,8414.0,8414.0,8414.0,0
ASTRAZEN,2026-03-20 11:59:00,8414.0,8414.0,8414.0,8414.0,2
ASTRAZEN,2026-03-20 12:00:00,8414.0,8414.0,8414.0,8414.0,0
ASTRAZEN,2026-03-20 12:01:00,8414.0,8414.0,8414.0,8414.0,0
ASTRAZEN,2026-03-20 12:02:00,8414.0,8414.0,8414.0,8414.0,0
ASTRAZEN,2026-03-20 12:03:00,8414.0,8414.0,8414.0,8414.0,0
ASTRAZEN,2026-03-20 12:04:00,8414.0,8414.0,8414.0,8414.0,21
ASTRAZEN,2026-03-20 12:05:00,8414.0,8414.0,8414.0,8414.0,0
ASTRAZEN,2026-03-20 12:06:00,8414.0,8414.0,8414.0,8414.0,0
ASTRAZEN,2026-03-20 12:07:00,8414.0,8414.0,8414.0,8414.0,0
ASTRAZEN,2026-03-20 12:08:00,8414.0,8414.0,8414.0,8414.0,5
ASTRAZEN,2026-03-20 12:09:00,8414.0,8414.0,8414.0,8414.0,0
ASTRAZEN,2026-03-20 12:10:00,8414.0,8414.0,8414.0,8414.0,2
ASTRAZEN,2026-03-20 12:12:00,8404.0,8404.0,8404.0,8404.0,1
ASTRAZEN,2026-03-20 12:13:00,8404.0,8404.0,8404.0,8404.0,0
ASTRAZEN,2026-03-20 12:14:00,8404.0,8404.0,8404.0,8404.0,2
ASTRAZEN,2026-03-20 12:15:00,8404.0,8404.0,8404.0,8404.0,0
ASTRAZEN,2026-03-20 12:16:00,8404.0,8404.0,8403.5,8403.5,1
ASTRAZEN,2026-03-20 12:17:00,8417.5,8417.5,8417.5,8417.5,2
ASTRAZEN,2026-03-20 12:18:00,8388.0,8388.0,8388.0,8388.0,22
ASTRAZEN,2026-03-20 12:19:00,8388.0,8388.0,8380.0,8380.0,3
ASTRAZEN,2026-03-20 12:20:00,8380.0,8387.0,8380.0,8387.0,1
ASTRAZEN,2026-03-20 12:21:00,8387.0,8387.0,8380.0,8380.0,12
ASTRAZEN,2026-03-20 12:22:00,8380.0,8380.0,8380.0,8380.0,0
ASTRAZEN,2026-03-20 12:23:00,8380.0,8380.0,8380.0,8380.0,0
ASTRAZEN,2026-03-20 12:24:00,8380.0,8380.0,8380.0,8380.0,0
ASTRAZEN,2026-03-20 12:25:00,8378.0,8378.0,8378.0,8378.0,1
ASTRAZEN,2026-03-20 12:27:00,8386.0,8387.0,8386.0,8387.0,5
ASTRAZEN,2026-03-20 12:28:00,8387.0,8387.0,8387.0,8387.0,0
ASTRAZEN,2026-03-20 12:29:00,8387.0,8424.0,8385.0,8424.0,174
ASTRAZEN,2026-03-20 12:30:00,8424.0,8439.5,8424.0,8439.5,29
ASTRAZEN,2026-03-20 12:31:00,8443.0,8443.0,8418.0,8443.0,27
ASTRAZEN,2026-03-20 12:32:00,8443.0,8443.0,8409.5,8409.5,5
ASTRAZEN,2026-03-20 12:33:00,8409.5,8409.5,8409.5,8409.5,0
ASTRAZEN,2026-03-20 12:34:00,8409.5,8409.5,8409.5,8409.5,0
ASTRAZEN,2026-03-20 12:35:00,8409.5,8409.5,8409.5,8409.5,0
ASTRAZEN,2026-03-20 12:36:00,8422.5,8422.5,8422.5,8422.5,4
ASTRAZEN,2026-03-20 12:37:00,8422.5,8422.5,8422.5,8422.5,0
ASTRAZEN,2026-03-20 12:38:00,8422.5,8422.5,8422.5,8422.5,0
ASTRAZEN,2026-03-20 12:39:00,8422.5,8422.5,8402.5,8402.5,4
ASTRAZEN,2026-03-20 12:40:00,8402.5,8402.5,8402.5,8402.5,0
ASTRAZEN,2026-03-20 12:42:00,8402.5,8402.5,8402.5,8402.5,0
ASTRAZEN,2026-03-20 12:43:00,8402.5,8402.5,8402.5,8402.5,0
ASTRAZEN,2026-03-20 12:44:00,8402.5,8402.5,8402.5,8402.5,0
ASTRAZEN,2026-03-20 12:45:00,8402.5,8402.5,8402.5,8402.5,0
ASTRAZEN,2026-03-20 12:46:00,8402.5,8402.5,8402.5,8402.5,0
ASTRAZEN,2026-03-20 12:47:00,8402.5,8402.5,8402.5,8402.5,0
ASTRAZEN,2026-03-20 12:48:00,8402.5,8402.5,8402.5,8402.5,0
ASTRAZEN,2026-03-20 12:50:00,8402.5,8402.5,8402.5,8402.5,0
ASTRAZEN,2026-03-20 12:51:00,8402.5,8402.5,8402.5,8402.5,0
ASTRAZEN,2026-03-20 12:53:00,8402.5,8402.5,8402.5,8402.5,0
ASTRAZEN,2026-03-20 12:55:00,8402.5,8402.5,8402.5,8402.5,0
ASTRAZEN,2026-03-20 12:57:00,8416.5,8416.5,8416.5,8416.5,2
ASTRAZEN,2026-03-20 12:58:00,8416.5,8416.5,8416.5,8416.5,0
ASTRAZEN,2026-03-20 12:59:00,8416.5,8416.5,8416.5,8416.5,2
ASTRAZEN,2026-03-20 13:00:00,8417.5,8417.5,8417.5,8417.5,2
ASTRAZEN,2026-03-20 13:01:00,8417.5,8417.5,8417.5,8417.5,0
ASTRAZEN,2026-03-20 13:02:00,8417.5,8417.5,8417.5,8417.5,0
ASTRAZEN,2026-03-20 13:03:00,8417.5,8417.5,8417.5,8417.5,0
ASTRAZEN,2026-03-20 13:07:00,8417.5,8417.5,8417.5,8417.5,0
ASTRAZEN,2026-03-20 13:08:00,8417.5,8417.5,8417.5,8417.5,0
ASTRAZEN,2026-03-20 13:09:00,8417.5,8417.5,8417.5,8417.5,0
ASTRAZEN,2026-03-20 13:10:00,8417.5,8417.5,8417.5,8417.5,0
ASTRAZEN,2026-03-20 13:13:00,8417.5,8417.5,8417.5,8417.5,0
ASTRAZEN,2026-03-20 13:14:00,8417.5,8417.5,8417.5,8417.5,0
ASTRAZEN,2026-03-20 13:17:00,8417.5,8417.5,8417.5,8417.5,0
ASTRAZEN,2026-03-20 13:18:00,8417.5,8417.5,8417.5,8417.5,0
ASTRAZEN,2026-03-20 13:21:00,8417.5,8417.5,8417.5,8417.5,0
ASTRAZEN,2026-03-20 13:22:00,8417.5,8417.5,8417.5,8417.5,0
ASTRAZEN,2026-03-20 13:23:00,8417.5,8417.5,8417.5,8417.5,0
ASTRAZEN,2026-03-20 13:24:00,8417.5,8417.5,8417.5,8417.5,0
ASTRAZEN,2026-03-20 13:26:00,8417.5,8417.5,8417.5,8417.5,0
ASTRAZEN,2026-03-20 13:27:00,8417.5,8417.5,8417.5,8417.5,0
ASTRAZEN,2026-03-20 13:28:00,8417.5,8417.5,8417.5,8417.5,6
ASTRAZEN,2026-03-20 13:29:00,8417.5,8417.5,8417.5,8417.5,0
ASTRAZEN,2026-03-20 13:30:00,8417.5,8421.0,8417.5,8421.0,5
ASTRAZEN,2026-03-20 13:31:00,8421.0,8421.0,8421.0,8421.0,0
ASTRAZEN,2026-03-20 13:32:00,8421.0,8421.0,8421.0,8421.0,0
ASTRAZEN,2026-03-20 13:36:00,8421.0,8421.0,8421.0,8421.0,0
ASTRAZEN,2026-03-20 13:39:00,8421.0,8421.0,8421.0,8421.0,0
ASTRAZEN,2026-03-20 13:40:00,8417.0,8417.0,8380.0,8380.0,98
ASTRAZEN,2026-03-20 13:41:00,8380.0,8399.5,8376.0,8398.5,75
ASTRAZEN,2026-03-20 13:42:00,8398.5,8399.5,8394.0,8399.5,4
ASTRAZEN,2026-03-20 13:43:00,8399.5,8399.5,8382.5,8382.5,7
ASTRAZEN,2026-03-20 13:44:00,8382.5,8396.5,8382.5,8396.5,2
ASTRAZEN,2026-03-20 13:45:00,8396.5,8396.5,8396.5,8396.5,0
ASTRAZEN,2026-03-20 13:46:00,8396.5,8400.0,8396.5,8400.0,2
ASTRAZEN,2026-03-20 13:47:00,8400.0,8400.0,8400.0,8400.0,0
ASTRAZEN,2026-03-20 13:48:00,8400.0,8406.0,8382.5,8382.5,22
ASTRAZEN,2026-03-20 13:49:00,8382.5,8382.5,8382.5,8382.5,0
ASTRAZEN,2026-03-20 13:50:00,8382.5,8382.5,8382.5,8382.5,0
ASTRAZEN,2026-03-20 13:51:00,8382.5,8397.5,8382.5,8397.5,1
ASTRAZEN,2026-03-20 13:52:00,8399.5,8399.5,8399.5,8399.5,12
ASTRAZEN,2026-03-20 13:53:00,8399.0,8399.0,8399.0,8399.0,4
ASTRAZEN,2026-03-20 13:54:00,8399.0,8399.0,8399.0,8399.0,0
ASTRAZEN,2026-03-20 13:55:00,8399.0,8399.0,8383.0,8383.0,4
ASTRAZEN,2026-03-20 13:57:00,8383.0,8383.0,8383.0,8383.0,0
ASTRAZEN,2026-03-20 13:59:00,8383.0,8383.0,8383.0,8383.0,0
ASTRAZEN,2026-03-20 14:00:00,8383.0,8383.0,8383.0,8383.0,0
ASTRAZEN,2026-03-20 14:01:00,8380.0,8380.0,8378.0,8378.0,11
ASTRAZEN,2026-03-20 14:02:00,8378.0,8378.0,8378.0,8378.0,0
ASTRAZEN,2026-03-20 14:03:00,8378.0,8378.0,8378.0,8378.0,0
ASTRAZEN,2026-03-20 14:04:00,8378.0,8378.0,8378.0,8378.0,0
ASTRAZEN,2026-03-20 14:05:00,8378.0,8378.0,8378.0,8378.0,0
ASTRAZEN,2026-03-20 14:06:00,8378.0,8378.0,8372.0,8372.0,195
ASTRAZEN,2026-03-20 14:07:00,8372.0,8372.0,8372.0,8372.0,0
ASTRAZEN,2026-03-20 14:08:00,8372.0,8372.0,8372.0,8372.0,0
ASTRAZEN,2026-03-20 14:09:00,8372.0,8387.5,8372.0,8387.5,2
ASTRAZEN,2026-03-20 14:10:00,8387.5,8387.5,8385.0,8385.0,2
ASTRAZEN,2026-03-20 14:11:00,8385.0,8385.0,8385.0,8385.0,0
ASTRAZEN,2026-03-20 14:12:00,8385.0,8385.0,8385.0,8385.0,0
ASTRAZEN,2026-03-20 14:14:00,8385.0,8385.0,8385.0,8385.0,0
ASTRAZEN,2026-03-20 14:15:00,8385.0,8385.0,8375.0,8375.0,1
ASTRAZEN,2026-03-20 14:16:00,8375.0,8375.0,8366.0,8366.0,5
ASTRAZEN,2026-03-20 14:17:00,8366.0,8366.0,8366.0,8366.0,0
ASTRAZEN,2026-03-20 14:19:00,8360.0,8360.0,8360.0,8360.0,11
ASTRAZEN,2026-03-20 14:20:00,8350.0,8350.0,8336.5,8340.0,27
ASTRAZEN,2026-03-20 14:21:00,8340.0,8342.0,8340.0,8342.0,1
ASTRAZEN,2026-03-20 14:22:00,8342.0,8342.0,8342.0,8342.0,0
ASTRAZEN,2026-03-20 14:23:00,8342.0,8352.0,8342.0,8352.0,11
ASTRAZEN,2026-03-20 14:24:00,8352.0,8356.5,8352.0,8356.5,5
ASTRAZEN,2026-03-20 14:25:00,8359.0,8363.0,8359.0,8363.0,3
ASTRAZEN,2026-03-20 14:26:00,8363.0,8363.0,8363.0,8363.0,1
ASTRAZEN,2026-03-20 14:27:00,8363.5,8363.5,8363.5,8363.5,6
ASTRAZEN,2026-03-20 14:29:00,8363.5,8363.5,8363.5,8363.5,1
ASTRAZEN,2026-03-20 14:30:00,8357.0,8357.0,8357.0,8357.0,8
ASTRAZEN,2026-03-20 14:31:00,8357.0,8357.0,8357.0,8357.0,0
ASTRAZEN,2026-03-20 14:32:00,8357.0,8357.0,8357.0,8357.0,0
ASTRAZEN,2026-03-20 14:33:00,8357.0,8357.0,8343.0,8343.0,2
ASTRAZEN,2026-03-20 14:34:00,8343.0,8343.0,8342.5,8342.5,16
ASTRAZEN,2026-03-20 14:35:00,8342.5,8343.5,8342.5,8343.5,40
ASTRAZEN,2026-03-20 14:36:00,8343.5,8343.5,8343.5,8343.5,0
ASTRAZEN,2026-03-20 14:37:00,8343.5,8351.0,8342.0,8351.0,7
ASTRAZEN,2026-03-20 14:38:00,8351.0,8351.0,8340.0,8340.0,5
ASTRAZEN,2026-03-20 14:39:00,8340.0,8340.0,8340.0,8340.0,0
ASTRAZEN,2026-03-20 14:40:00,8340.0,8340.0,8340.0,8340.0,0
ASTRAZEN,2026-03-20 14:41:00,8340.0,8340.0,8340.0,8340.0,0
ASTRAZEN,2026-03-20 14:42:00,8350.0,8350.0,8350.0,8350.0,1
ASTRAZEN,2026-03-20 14:43:00,8350.0,8350.0,8349.0,8349.0,1
ASTRAZEN,2026-03-20 14:44:00,8349.0,8349.0,8349.0,8349.0,1
ASTRAZEN,2026-03-20 14:45:00,8349.5,8349.5,8349.5,8349.5,2
ASTRAZEN,2026-03-20 14:46:00,8349.0,8349.0,8340.5,8349.0,8
ASTRAZEN,2026-03-20 14:47:00,8349.0,8349.5,8349.0,8349.5,1
ASTRAZEN,2026-03-20 14:48:00,8340.0,8340.0,8330.0,8330.0,41
ASTRAZEN,2026-03-20 14:49:00,8330.0,8330.0,8330.0,8330.0,1
ASTRAZEN,2026-03-20 14:50:00,8330.0,8330.0,8319.5,8319.5,7
ASTRAZEN,2026-03-20 14:51:00,8318.0,8318.0,8315.0,8318.0,64
ASTRAZEN,2026-03-20 14:52:00,8318.0,8326.0,8318.0,8326.0,45
ASTRAZEN,2026-03-20 14:53:00,8326.0,8326.0,8326.0,8326.0,0
ASTRAZEN,2026-03-20 14:54:00,8326.0,8336.0,8326.0,8336.0,2
ASTRAZEN,2026-03-20 14:55:00,8336.0,8336.0,8319.5,8333.0,5
ASTRAZEN,2026-03-20 14:56:00,8333.0,8333.0,8333.0,8333.0,1
ASTRAZEN,2026-03-20 14:57:00,8333.0,8333.0,8320.0,8320.0,2
ASTRAZEN,2026-03-20 14:58:00,8320.0,8320.0,8320.0,8320.0,0
ASTRAZEN,2026-03-20 14:59:00,8320.0,8322.0,8320.0,8322.0,2
ASTRAZEN,2026-03-20 15:00:00,8333.0,8333.0,8311.0,8311.0,183
ASTRAZEN,2026-03-20 15:01:00,8311.0,8315.5,8311.0,8311.0,14
ASTRAZEN,2026-03-20 15:02:00,8301.0,8310.5,8301.0,8302.0,40
ASTRAZEN,2026-03-20 15:03:00,8310.5,8311.0,8301.0,8311.0,71
ASTRAZEN,2026-03-20 15:04:00,8325.5,8325.5,8311.0,8317.5,11
ASTRAZEN,2026-03-20 15:05:00,8317.5,8329.0,8311.5,8328.0,35
ASTRAZEN,2026-03-20 15:06:00,8328.0,8328.0,8311.0,8311.0,9
ASTRAZEN,2026-03-20 15:07:00,8318.0,8326.5,8312.0,8326.0,62
ASTRAZEN,2026-03-20 15:08:00,8320.5,8339.0,8320.5,8339.0,40
ASTRAZEN,2026-03-20 15:09:00,8339.0,8339.0,8321.5,8321.5,10
ASTRAZEN,2026-03-20 15:10:00,8328.0,8328.5,8327.5,8327.5,34
ASTRAZEN,2026-03-20 15:11:00,8327.5,8327.5,8319.5,8319.5,32
ASTRAZEN,2026-03-20 15:12:00,8319.5,8339.0,8319.5,8339.0,82
ASTRAZEN,2026-03-20 15:13:00,8339.0,8339.0,8319.5,8319.5,42
ASTRAZEN,2026-03-20 15:14:00,8329.0,8329.0,8305.5,8313.0,40
ASTRAZEN,2026-03-20 15:15:00,8313.0,8326.5,8313.0,8326.5,69
ASTRAZEN,2026-03-20 15:16:00,8326.5,8326.5,8325.0,8325.0,33
ASTRAZEN,2026-03-20 15:17:00,8326.0,8326.5,8321.0,8326.5,34
ASTRAZEN,2026-03-20 15:18:00,8326.5,8326.5,8302.5,8302.5,18
ASTRAZEN,2026-03-20 15:19:00,8324.5,8326.0,8315.0,8326.0,91
ASTRAZEN,2026-03-20 15:20:00,8325.0,8326.0,8325.0,8326.0,127
ASTRAZEN,2026-03-20 15:21:00,8326.5,8326.5,8324.0,8325.5,31
ASTRAZEN,2026-03-20 15:22:00,8325.5,8325.5,8318.5,8324.0,16
ASTRAZEN,2026-03-20 15:23:00,8324.0,8324.0,8315.0,8322.0,18
ASTRAZEN,2026-03-20 15:24:00,8322.0,8333.5,8303.0,8320.0,133
ASTRAZEN,2026-03-20 15:25:00,8320.0,8333.0,8307.0,8307.0,30
ASTRAZEN,2026-03-20 15:26:00,8324.5,8332.5,8304.5,8331.5,58
ASTRAZEN,2026-03-20 15:27:00,8329.0,8333.0,8325.0,8333.0,43
ASTRAZEN,2026-03-20 15:28:00,8314.0,8332.5,8314.0,8314.5,12
ASTRAZEN,2026-03-20 15:29:00,8332.5,8341.0,8314.0,8341.0,13
ASTRAZEN,2026-03-23 09:15:00,8300.0,8300.0,8235.5,8241.5,35
ASTRAZEN,2026-03-23 09:16:00,8241.5,8241.5,8209.5,8221.5,25
ASTRAZEN,2026-03-23 09:17:00,8221.5,8224.0,8201.0,8221.5,18
ASTRAZEN,2026-03-23 09:18:00,8215.0,8227.5,8215.0,8227.5,6
ASTRAZEN,2026-03-23 09:19:00,8227.5,8227.5,8203.5,8203.5,7
ASTRAZEN,2026-03-23 09:20:00,8225.5,8225.5,8204.0,8223.5,20
ASTRAZEN,2026-03-23 09:21:00,8223.5,8226.5,8223.5,8226.5,1
ASTRAZEN,2026-03-23 09:22:00,8226.5,8246.5,8226.5,8246.5,16
ASTRAZEN,2026-03-23 09:23:00,8234.0,8234.0,8234.0,8234.0,1
ASTRAZEN,2026-03-23 09:24:00,8234.0,8249.5,8234.0,8249.5,4
ASTRAZEN,2026-03-23 09:25:00,8249.5,8251.5,8249.5,8251.5,14
ASTRAZEN,2026-03-23 09:26:00,8259.5,8261.5,8244.5,8244.5,12
ASTRAZEN,2026-03-23 09:27:00,8244.5,8257.0,8241.5,8257.0,10
ASTRAZEN,2026-03-23 09:28:00,8257.0,8257.0,8257.0,8257.0,0
ASTRAZEN,2026-03-23 09:29:00,8257.0,8257.0,8220.5,8225.0,73
ASTRAZEN,2026-03-23 09:30:00,8225.0,8225.0,8225.0,8225.0,4
ASTRAZEN,2026-03-23 09:31:00,8225.0,8225.0,8225.0,8225.0,0
ASTRAZEN,2026-03-23 09:32:00,8225.0,8225.0,8200.0,8200.0,59
ASTRAZEN,2026-03-23 09:33:00,8201.0,8214.0,8201.0,8214.0,6
ASTRAZEN,2026-03-23 09:34:00,8214.0,8215.0,8214.0,8215.0,0
ASTRAZEN,2026-03-23 09:35:00,8215.0,8215.5,8215.0,8215.5,3
ASTRAZEN,2026-03-23 09:36:00,8215.5,8222.0,8215.5,8222.0,3
ASTRAZEN,2026-03-23 09:37:00,8222.0,8222.0,8222.0,8222.0,0
ASTRAZEN,2026-03-23 09:38:00,8222.0,8222.0,8222.0,8222.0,0
ASTRAZEN,2026-03-23 09:39:00,8222.0,8222.0,8215.0,8215.0,1
ASTRAZEN,2026-03-23 09:40:00,8218.0,8219.0,8218.0,8219.0,3
ASTRAZEN,2026-03-23 09:41:00,8219.0,8219.0,8153.0,8153.0,0
ASTRAZEN,2026-03-23 09:42:00,8186.0,8186.0,8153.0,8158.5,287
ASTRAZEN,2026-03-23 09:43:00,8158.5,8171.0,8139.5,8139.5,16
ASTRAZEN,2026-03-23 09:44:00,8139.5,8154.5,8139.5,8154.5,62
ASTRAZEN,2026-03-23 09:45:00,8154.5,8154.5,8154.5,8154.5,0
ASTRAZEN,2026-03-23 09:46:00,8154.5,8154.5,8150.0,8150.0,2
ASTRAZEN,2026-03-23 09:47:00,8150.0,8150.0,8149.5,8149.5,5
ASTRAZEN,2026-03-23 09:48:00,8149.5,8149.5,8145.0,8145.0,6
ASTRAZEN,2026-03-23 09:49:00,8145.0,8145.0,8145.0,8145.0,2
ASTRAZEN,2026-03-23 09:50:00,8145.0,8145.0,8145.0,8145.0,15
ASTRAZEN,2026-03-23 09:51:00,8145.0,8145.0,8145.0,8145.0,0
ASTRAZEN,2026-03-23 09:52:00,8145.0,8145.0,8142.0,8142.0,11
ASTRAZEN,2026-03-23 09:53:00,8145.0,8145.0,8135.0,8137.5,29
ASTRAZEN,2026-03-23 09:54:00,8137.5,8140.0,8125.0,8140.0,45
ASTRAZEN,2026-03-23 09:55:00,8153.5,8157.0,8153.5,8157.0,4
ASTRAZEN,2026-03-23 09:56:00,8154.0,8154.0,8154.0,8154.0,2
ASTRAZEN,2026-03-23 09:57:00,8154.0,8154.0,8153.0,8153.0,2
ASTRAZEN,2026-03-23 09:58:00,8153.0,8156.0,8153.0,8156.0,3
ASTRAZEN,2026-03-23 09:59:00,8156.0,8156.0,8130.0,8130.0,15
ASTRAZEN,2026-03-23 10:00:00,8130.0,8160.0,8125.0,8160.0,111
ASTRAZEN,2026-03-23 10:01:00,8160.0,8166.0,8160.0,8160.0,105
ASTRAZEN,2026-03-23 10:02:00,8160.0,8161.5,8144.5,8146.0,9
ASTRAZEN,2026-03-23 10:03:00,8162.5,8163.5,8162.5,8163.5,62
ASTRAZEN,2026-03-23 10:04:00,8172.0,8176.5,8172.0,8176.5,10
ASTRAZEN,2026-03-23 10:05:00,8176.5,8204.5,8176.5,8204.5,106
ASTRAZEN,2026-03-23 10:06:00,8204.5,8204.5,8204.0,8204.0,1
ASTRAZEN,2026-03-23 10:07:00,8204.0,8204.5,8192.0,8192.0,100
ASTRAZEN,2026-03-23 10:08:00,8192.0,8208.5,8190.0,8208.5,96
ASTRAZEN,2026-03-23 10:09:00,8208.5,8208.5,8208.5,8208.5,12
ASTRAZEN,2026-03-23 10:10:00,8208.5,8208.5,8196.5,8196.5,2
ASTRAZEN,2026-03-23 10:11:00,8208.5,8208.5,8208.5,8208.5,20
ASTRAZEN,2026-03-23 10:12:00,8208.5,8208.5,8191.5,8191.5,15
ASTRAZEN,2026-03-23 10:13:00,8191.5,8205.0,8191.5,8205.0,2
ASTRAZEN,2026-03-23 10:14:00,8205.0,8206.5,8205.0,8206.5,1
ASTRAZEN,2026-03-23 10:15:00,8206.5,8206.5,8200.0,8200.0,2
ASTRAZEN,2026-03-23 10:16:00,8200.0,8200.0,8200.0,8200.0,0
ASTRAZEN,2026-03-23 10:17:00,8200.0,8200.0,8196.0,8196.0,1
ASTRAZEN,2026-03-23 10:18:00,8196.0,8206.5,8196.0,8205.0,3
ASTRAZEN,2026-03-23 10:19:00,8205.0,8205.0,8204.5,8204.5,1
ASTRAZEN,2026-03-23 10:20:00,8204.5,8208.5,8194.5,8208.5,28
ASTRAZEN,2026-03-23 10:21:00,8208.5,8208.5,8208.5,8208.5,2
ASTRAZEN,2026-03-23 10:22:00,8208.5,8208.5,8208.5,8208.5,2
ASTRAZEN,2026-03-23 10:23:00,8208.5,8208.5,8200.5,8200.5,88
ASTRAZEN,2026-03-23 10:24:00,8212.0,8212.0,8212.0,8212.0,3
ASTRAZEN,2026-03-23 10:25:00,8200.5,8210.0,8200.5,8210.0,11
ASTRAZEN,2026-03-23 10:26:00,8212.0,8212.0,8212.0,8212.0,5
ASTRAZEN,2026-03-23 10:27:00,8212.0,8212.0,8212.0,8212.0,2
ASTRAZEN,2026-03-23 10:28:00,8212.0,8212.0,8200.0,8200.0,39
ASTRAZEN,2026-03-23 10:29:00,8200.0,8200.0,8200.0,8200.0,0
ASTRAZEN,2026-03-23 10:30:00,8200.0,8205.0,8200.0,8205.0,2
ASTRAZEN,2026-03-23 10:31:00,8205.0,8205.0,8189.5,8189.5,145
ASTRAZEN,2026-03-23 10:32:00,8189.5,8204.0,8186.5,8202.5,173
ASTRAZEN,2026-03-23 10:33:00,8202.5,8202.5,8190.5,8200.0,45
ASTRAZEN,2026-03-23 10:34:00,8200.0,8200.0,8200.0,8200.0,0
ASTRAZEN,2026-03-23 10:35:00,8187.5,8189.0,8187.0,8189.0,10
ASTRAZEN,2026-03-23 10:36:00,8187.0,8187.0,8186.5,8186.5,8
ASTRAZEN,2026-03-23 10:37:00,8199.5,8199.5,8199.5,8199.5,3
ASTRAZEN,2026-03-23 10:38:00,8197.0,8197.0,8197.0,8197.0,1
ASTRAZEN,2026-03-23 10:39:00,8197.0,8206.0,8197.0,8206.0,5
ASTRAZEN,2026-03-23 10:40:00,8206.0,8206.5,8206.0,8206.5,2
ASTRAZEN,2026-03-23 10:41:00,8206.5,8206.5,8206.5,8206.5,2
ASTRAZEN,2026-03-23 10:42:00,8206.5,8206.5,8206.5,8206.5,0
ASTRAZEN,2026-03-23 10:43:00,8206.5,8206.5,8206.5,8206.5,0
ASTRAZEN,2026-03-23 10:44:00,8200.0,8200.0,8200.0,8200.0,30
ASTRAZEN,2026-03-23 10:45:00,8200.0,8200.0,8200.0,8200.0,0
ASTRAZEN,2026-03-23 10:47:00,8200.0,8200.0,8200.0,8200.0,0
ASTRAZEN,2026-03-23 10:48:00,8200.0,8205.0,8200.0,8205.0,2
ASTRAZEN,2026-03-23 10:49:00,8205.0,8205.0,8205.0,8205.0,2
ASTRAZEN,2026-03-23 10:50:00,8205.0,8205.0,8196.0,8196.0,4
ASTRAZEN,2026-03-23 10:51:00,8179.5,8201.5,8179.5,8197.5,1195
ASTRAZEN,2026-03-23 10:52:00,8197.5,8200.0,8188.0,8200.0,70
ASTRAZEN,2026-03-23 10:53:00,8200.0,8201.0,8198.5,8201.0,228
ASTRAZEN,2026-03-23 10:54:00,8201.0,8201.0,8201.0,8201.0,0
ASTRAZEN,2026-03-23 10:55:00,8201.0,8201.0,8201.0,8201.0,0
ASTRAZEN,2026-03-23 10:56:00,8201.0,8207.5,8199.5,8207.5,33
ASTRAZEN,2026-03-23 10:57:00,8207.5,8207.5,8207.5,8207.5,0
ASTRAZEN,2026-03-23 10:58:00,8207.5,8207.5,8207.5,8207.5,2
ASTRAZEN,2026-03-23 10:59:00,8207.5,8207.5,8207.5,8207.5,1
ASTRAZEN,2026-03-23 11:01:00,8199.5,8206.5,8199.5,8206.5,3
ASTRAZEN,2026-03-23 11:03:00,8207.0,8207.0,8207.0,8207.0,2
ASTRAZEN,2026-03-23 11:04:00,8207.0,8207.0,8207.0,8207.0,2
ASTRAZEN,2026-03-23 11:06:00,8207.5,8207.5,8207.5,8207.5,2
ASTRAZEN,2026-03-23 11:07:00,8207.5,8207.5,8207.5,8207.5,0
ASTRAZEN,2026-03-23 11:08:00,8207.5,8208.0,8207.5,8208.0,20
ASTRAZEN,2026-03-23 11:09:00,8208.0,8210.0,8200.0,8210.0,35
ASTRAZEN,2026-03-23 11:10:00,8210.0,8210.0,8210.0,8210.0,0
ASTRAZEN,2026-03-23 11:11:00,8210.0,8210.0,8210.0,8210.0,0
ASTRAZEN,2026-03-23 11:12:00,8210.0,8210.0,8210.0,8210.0,0
ASTRAZEN,2026-03-23 11:13:00,8210.0,8210.0,8200.0,8200.0,2
ASTRAZEN,2026-03-23 11:14:00,8200.0,8200.0,8200.0,8200.0,15
ASTRAZEN,2026-03-23 11:16:00,8209.5,8209.5,8209.5,8209.5,1
ASTRAZEN,2026-03-23 11:17:00,8209.5,8209.5,8209.5,8209.5,0
ASTRAZEN,2026-03-23 11:18:00,8209.5,8209.5,8209.5,8209.5,2
ASTRAZEN,2026-03-23 11:19:00,8209.5,8210.0,8209.5,8210.0,1
ASTRAZEN,2026-03-23 11:20:00,8210.0,8210.0,8210.0,8210.0,1
ASTRAZEN,2026-03-23 11:21:00,8210.0,8210.0,8210.0,8210.0,3
ASTRAZEN,2026-03-23 11:22:00,8210.0,8210.0,8210.0,8210.0,2
ASTRAZEN,2026-03-23 11:23:00,8210.0,8210.0,8210.0,8210.0,2
ASTRAZEN,2026-03-23 11:24:00,8210.0,8210.0,8210.0,8210.0,4
ASTRAZEN,2026-03-23 11:25:00,8210.0,8210.0,8210.0,8210.0,2
ASTRAZEN,2026-03-23 11:26:00,8210.0,8210.0,8210.0,8210.0,2
ASTRAZEN,2026-03-23 11:27:00,8210.0,8214.5,8210.0,8214.5,2
ASTRAZEN,2026-03-23 11:28:00,8214.5,8215.5,8214.5,8215.5,4
ASTRAZEN,2026-03-23 11:29:00,8215.5,8215.5,8206.0,8215.5,12
ASTRAZEN,2026-03-23 11:30:00,8215.5,8215.5,8215.0,8215.0,31
ASTRAZEN,2026-03-23 11:31:00,8215.0,8215.5,8215.0,8215.5,15
ASTRAZEN,2026-03-23 11:32:00,8215.5,8215.5,8215.5,8215.5,0
ASTRAZEN,2026-03-23 11:33:00,8215.5,8215.5,8215.0,8215.0,41
ASTRAZEN,2026-03-23 11:34:00,8213.5,8215.0,8213.5,8215.0,2
ASTRAZEN,2026-03-23 11:35:00,8215.0,8215.5,8215.0,8215.5,1
ASTRAZEN,2026-03-23 11:36:00,8215.5,8215.5,8215.0,8215.0,1
ASTRAZEN,2026-03-23 11:37:00,8215.0,8215.5,8215.0,8215.5,1
ASTRAZEN,2026-03-23 11:38:00,8215.5,8215.5,8206.0,8206.0,19
ASTRAZEN,2026-03-23 11:39:00,8205.0,8212.5,8205.0,8206.0,7
ASTRAZEN,2026-03-23 11:40:00,8206.0,8215.5,8206.0,8215.5,1
ASTRAZEN,2026-03-23 11:41:00,8215.5,8215.5,8215.0,8215.0,26
ASTRAZEN,2026-03-23 11:42:00,8206.5,8215.5,8206.5,8215.5,3
ASTRAZEN,2026-03-23 11:43:00,8215.5,8215.5,8214.0,8214.0,1
ASTRAZEN,2026-03-23 11:44:00,8214.0,8214.0,8214.0,8214.0,1
ASTRAZEN,2026-03-23 11:45:00,8214.0,8214.0,8214.0,8214.0,1
ASTRAZEN,2026-03-23 11:46:00,8214.0,8214.5,8214.0,8214.5,1
ASTRAZEN,2026-03-23 11:47:00,8214.5,8214.5,8214.0,8214.0,1
ASTRAZEN,2026-03-23 11:48:00,8214.0,8214.5,8214.0,8214.5,3
ASTRAZEN,2026-03-23 11:49:00,8214.5,8214.5,8213.5,8214.5,3
ASTRAZEN,2026-03-23 11:50:00,8214.5,8214.5,8214.5,8214.5,0
ASTRAZEN,2026-03-23 11:51:00,8214.5,8214.5,8214.5,8214.5,0
ASTRAZEN,2026-03-23 11:52:00,8202.5,8202.5,8202.5,8202.5,10
ASTRAZEN,2026-03-23 11:53:00,8202.5,8202.5,8202.5,8202.5,0
ASTRAZEN,2026-03-23 11:54:00,8200.5,8200.5,8200.5,8200.5,1
ASTRAZEN,2026-03-23 11:55:00,8212.0,8212.0,8212.0,8212.0,2
ASTRAZEN,2026-03-23 11:56:00,8212.0,8212.0,8212.0,8212.0,0
ASTRAZEN,2026-03-23 11:57:00,8212.0,8212.0,8212.0,8212.0,0
ASTRAZEN,2026-03-23 11:58:00,8212.0,8212.0,8212.0,8212.0,0
ASTRAZEN,2026-03-23 11:59:00,8212.0,8212.0,8212.0,8212.0,0
ASTRAZEN,2026-03-23 12:00:00,8200.0,8207.0,8200.0,8207.0,25
ASTRAZEN,2026-03-23 12:01:00,8207.0,8207.0,8207.0,8207.0,0
ASTRAZEN,2026-03-23 12:02:00,8207.0,8207.0,8207.0,8207.0,2
ASTRAZEN,2026-03-23 12:03:00,8207.0,8207.0,8207.0,8207.0,2
ASTRAZEN,2026-03-23 12:04:00,8207.0,8207.0,8207.0,8207.0,0
ASTRAZEN,2026-03-23 12:05:00,8207.0,8207.0,8207.0,8207.0,0
ASTRAZEN,2026-03-23 12:06:00,8207.0,8207.0,8205.5,8205.5,3
ASTRAZEN,2026-03-23 12:07:00,8205.5,8205.5,8199.0,8199.5,37
ASTRAZEN,2026-03-23 12:08:00,8199.5,8199.5,8199.5,8199.5,0
ASTRAZEN,2026-03-23 12:09:00,8199.5,8199.5,8198.5,8198.5,1
ASTRAZEN,2026-03-23 12:10:00,8198.5,8205.5,8198.5,8205.5,40
ASTRAZEN,2026-03-23 12:11:00,8205.5,8205.5,8200.5,8200.5,10
ASTRAZEN,2026-03-23 12:12:00,8200.5,8200.5,8200.5,8200.5,0
ASTRAZEN,2026-03-23 12:13:00,8205.5,8205.5,8205.5,8205.5,1
ASTRAZEN,2026-03-23 12:14:00,8205.0,8205.0,8200.0,8200.0,57
ASTRAZEN,2026-03-23 12:15:00,8200.0,8215.5,8200.0,8215.5,46
ASTRAZEN,2026-03-23 12:16:00,8215.5,8215.5,8203.0,8203.0,22
ASTRAZEN,2026-03-23 12:18:00,8203.0,8203.0,8203.0,8203.0,0
ASTRAZEN,2026-03-23 12:19:00,8203.0,8203.0,8191.0,8191.0,164
ASTRAZEN,2026-03-23 12:20:00,8200.0,8203.0,8196.5,8203.0,421
ASTRAZEN,2026-03-23 12:21:00,8203.0,8203.0,8190.0,8199.5,255
ASTRAZEN,2026-03-23 12:22:00,8190.5,8200.0,8190.5,8191.0,263
ASTRAZEN,2026-03-23 12:23:00,8191.0,8200.0,8191.0,8196.0,140
ASTRAZEN,2026-03-23 12:24:00,8196.0,8200.0,8191.5,8196.5,232
ASTRAZEN,2026-03-23 12:25:00,8196.5,8201.0,8191.5,8191.5,293
ASTRAZEN,2026-03-23 12:26:00,8193.0,8193.0,8193.0,8193.0,45
ASTRAZEN,2026-03-23 12:27:00,8193.0,8200.0,8193.0,8199.5,265
ASTRAZEN,2026-03-23 12:28:00,8199.5,8201.5,8192.0,8201.5,36
ASTRAZEN,2026-03-23 12:29:00,8201.5,8201.5,8201.5,8201.5,0
ASTRAZEN,2026-03-23 12:30:00,8201.5,8201.5,8201.5,8201.5,0
ASTRAZEN,2026-03-23 12:31:00,8201.0,8201.0,8193.0,8193.0,4
ASTRAZEN,2026-03-23 12:34:00,8193.0,8194.0,8193.0,8194.0,3
ASTRAZEN,2026-03-23 12:35:00,8194.0,8201.0,8194.0,8201.0,1
ASTRAZEN,2026-03-23 12:36:00,8201.0,8201.0,8201.0,8201.0,0
ASTRAZEN,2026-03-23 12:38:00,8193.5,8200.0,8193.5,8200.0,142
ASTRAZEN,2026-03-23 12:39:00,8200.0,8200.0,8189.0,8191.0,135
ASTRAZEN,2026-03-23 12:40:00,8191.0,8191.0,8191.0,8191.0,0
ASTRAZEN,2026-03-23 12:41:00,8193.5,8193.5,8193.5,8193.5,16
ASTRAZEN,2026-03-23 12:42:00,8193.5,8201.0,8192.5,8192.5,4
ASTRAZEN,2026-03-23 12:43:00,8192.5,8192.5,8192.5,8192.5,0
ASTRAZEN,2026-03-23 12:44:00,8192.5,8192.5,8192.5,8192.5,0
ASTRAZEN,2026-03-23 12:45:00,8200.5,8200.5,8200.5,8200.5,2
ASTRAZEN,2026-03-23 12:47:00,8200.5,8200.5,8200.5,8200.5,0
ASTRAZEN,2026-03-23 12:48:00,8201.0,8201.0,8201.0,8201.0,2
ASTRAZEN,2026-03-23 12:49:00,8201.0,8201.0,8201.0,8201.0,0
ASTRAZEN,2026-03-23 12:50:00,8201.0,8201.0,8201.0,8201.0,0
ASTRAZEN,2026-03-23 12:51:00,8201.0,8201.0,8201.0,8201.0,0
ASTRAZEN,2026-03-23 12:52:00,8201.0,8201.0,8201.0,8201.0,2
ASTRAZEN,2026-03-23 12:53:00,8201.0,8201.0,8201.0,8201.0,0
ASTRAZEN,2026-03-23 12:54:00,8201.0,8201.0,8201.0,8201.0,4
ASTRAZEN,2026-03-23 12:55:00,8201.0,8201.0,8201.0,8201.0,0
ASTRAZEN,2026-03-23 12:57:00,8195.5,8200.0,8195.5,8200.0,22
ASTRAZEN,2026-03-23 12:58:00,8200.0,8200.0,8198.5,8198.5,71
ASTRAZEN,2026-03-23 12:59:00,8198.5,8200.0,8195.5,8195.5,38
ASTRAZEN,2026-03-23 13:00:00,8195.5,8195.5,8195.5,8195.5,0
ASTRAZEN,2026-03-23 13:01:00,8201.0,8201.0,8201.0,8201.0,2
ASTRAZEN,2026-03-23 13:02:00,8200.0,8200.5,8189.0,8200.5,190
ASTRAZEN,2026-03-23 13:03:00,8200.5,8201.0,8200.5,8201.0,4
ASTRAZEN,2026-03-23 13:04:00,8201.0,8201.0,8201.0,8201.0,4
ASTRAZEN,2026-03-23 13:05:00,8201.0,8201.0,8201.0,8201.0,0
ASTRAZEN,2026-03-23 13:06:00,8201.0,8201.0,8201.0,8201.0,0
ASTRAZEN,2026-03-23 13:07:00,8201.0,8201.0,8191.0,8200.0,26
ASTRAZEN,2026-03-23 13:08:00,8190.0,8190.0,8190.0,8190.0,2
ASTRAZEN,2026-03-23 13:09:00,8190.0,8200.0,8190.0,8191.0,126
ASTRAZEN,2026-03-23 13:10:00,8191.0,8191.0,8191.0,8191.0,0
ASTRAZEN,2026-03-23 13:11:00,8191.0,8191.0,8191.0,8191.0,0
ASTRAZEN,2026-03-23 13:12:00,8191.0,8200.0,8130.0,8130.0,585
ASTRAZEN,2026-03-23 13:13:00,8130.0,8145.0,8125.0,8125.0,20
ASTRAZEN,2026-03-23 13:14:00,8127.0,8127.0,8125.0,8125.0,2
ASTRAZEN,2026-03-23 13:15:00,8125.0,8125.0,8125.0,8125.0,48
ASTRAZEN,2026-03-23 13:16:00,8125.0,8125.0,8125.0,8125.0,4
ASTRAZEN,2026-03-23 13:17:00,8125.0,8126.0,8109.5,8126.0,36
ASTRAZEN,2026-03-23 13:18:00,8126.0,8126.0,8108.5,8122.5,36
ASTRAZEN,2026-03-23 13:19:00,8122.5,8122.5,8122.5,8122.5,0
ASTRAZEN,2026-03-23 13:20:00,8122.5,8122.5,8122.5,8122.5,0
ASTRAZEN,2026-03-23 13:21:00,8122.5,8122.5,8122.5,8122.5,0
ASTRAZEN,2026-03-23 13:22:00,8133.0,8133.0,8124.5,8124.5,29
ASTRAZEN,2026-03-23 13:23:00,8113.5,8113.5,8111.0,8111.0,10
ASTRAZEN,2026-03-23 13:24:00,8111.0,8111.0,8111.0,8111.0,0
ASTRAZEN,2026-03-23 13:25:00,8111.0,8111.0,8108.5,8108.5,4
ASTRAZEN,2026-03-23 13:26:00,8108.5,8108.5,8108.0,8108.0,1
ASTRAZEN,2026-03-23 13:27:00,8108.0,8108.0,8108.0,8108.0,0
ASTRAZEN,2026-03-23 13:28:00,8108.0,8108.0,8108.0,8108.0,0
ASTRAZEN,2026-03-23 13:29:00,8108.0,8108.0,8108.0,8108.0,0
ASTRAZEN,2026-03-23 13:30:00,8107.5,8107.5,8107.5,8107.5,36
ASTRAZEN,2026-03-23 13:31:00,8107.5,8107.5,8107.0,8107.0,3
ASTRAZEN,2026-03-23 13:32:00,8107.0,8107.0,8107.0,8107.0,0
ASTRAZEN,2026-03-23 13:35:00,8107.0,8107.0,8107.0,8107.0,0
ASTRAZEN,2026-03-23 13:36:00,8107.0,8107.0,8107.0,8107.0,0
ASTRAZEN,2026-03-23 13:37:00,8107.0,8107.0,8105.0,8105.0,11
ASTRAZEN,2026-03-23 13:38:00,8105.0,8105.0,8090.0,8092.0,120
ASTRAZEN,2026-03-23 13:39:00,8092.0,8096.5,8092.0,8093.5,66
ASTRAZEN,2026-03-23 13:40:00,8093.5,8106.5,8093.5,8106.5,1
ASTRAZEN,2026-03-23 13:41:00,8106.5,8106.5,8106.5,8106.5,0
ASTRAZEN,2026-03-23 13:42:00,8106.5,8106.5,8106.5,8106.5,0
ASTRAZEN,2026-03-23 13:43:00,8106.5,8106.5,8105.0,8105.0,3
ASTRAZEN,2026-03-23 13:44:00,8105.0,8105.0,8105.0,8105.0,0
ASTRAZEN,2026-03-23 13:45:00,8096.5,8096.5,8096.5,8096.5,1
ASTRAZEN,2026-03-23 13:46:00,8096.5,8106.0,8096.5,8106.0,3
ASTRAZEN,2026-03-23 13:47:00,8106.0,8106.0,8106.0,8106.0,0
ASTRAZEN,2026-03-23 13:48:00,8106.0,8106.0,8106.0,8106.0,1
ASTRAZEN,2026-03-23 13:49:00,8106.0,8106.0,8106.0,8106.0,0
ASTRAZEN,2026-03-23 13:50:00,8106.5,8119.5,8106.5,8119.5,3
ASTRAZEN,2026-03-23 13:51:00,8119.5,8119.5,8105.5,8105.5,3
ASTRAZEN,2026-03-23 13:52:00,8105.5,8116.5,8105.5,8116.5,1
ASTRAZEN,2026-03-23 13:53:00,8116.5,8116.5,8108.5,8108.5,0
ASTRAZEN,2026-03-23 13:54:00,8108.5,8118.0,8108.5,8118.0,6
ASTRAZEN,2026-03-23 13:55:00,8124.5,8155.5,8124.5,8146.0,90
ASTRAZEN,2026-03-23 13:56:00,8135.0,8135.0,8135.0,8135.0,9
ASTRAZEN,2026-03-23 13:57:00,8135.0,8138.5,8132.0,8138.5,2
ASTRAZEN,2026-03-23 13:58:00,8134.5,8134.5,8131.0,8131.0,11
ASTRAZEN,2026-03-23 13:59:00,8131.0,8147.5,8131.0,8147.5,2
ASTRAZEN,2026-03-23 14:00:00,8147.5,8147.5,8130.5,8130.5,9
ASTRAZEN,2026-03-23 14:01:00,8130.5,8131.5,8130.5,8131.5,1
ASTRAZEN,2026-03-23 14:02:00,8131.5,8131.5,8126.5,8126.5,20
ASTRAZEN,2026-03-23 14:03:00,8126.5,8126.5,8126.5,8126.5,0
ASTRAZEN,2026-03-23 14:04:00,8126.5,8126.5,8126.5,8126.5,0
ASTRAZEN,2026-03-23 14:05:00,8126.5,8126.5,8126.5,8126.5,0
ASTRAZEN,2026-03-23 14:06:00,8126.5,8134.0,8126.5,8134.0,1
ASTRAZEN,2026-03-23 14:07:00,8134.0,8134.0,8134.0,8134.0,0
ASTRAZEN,2026-03-23 14:08:00,8151.0,8151.0,8138.5,8138.5,25
ASTRAZEN,2026-03-23 14:09:00,8138.5,8138.5,8137.0,8137.5,4
ASTRAZEN,2026-03-23 14:10:00,8137.5,8138.0,8137.0,8138.0,5
ASTRAZEN,2026-03-23 14:11:00,8138.0,8138.5,8138.0,8138.5,3
ASTRAZEN,2026-03-23 14:12:00,8138.5,8159.0,8138.5,8159.0,24
ASTRAZEN,2026-03-23 14:13:00,8159.0,8169.5,8159.0,8169.5,4
ASTRAZEN,2026-03-23 14:14:00,8169.5,8169.5,8169.5,8169.5,0
ASTRAZEN,2026-03-23 14:15:00,8158.0,8184.0,8158.0,8184.0,32
ASTRAZEN,2026-03-23 14:16:00,8184.0,8184.0,8179.0,8179.0,2
ASTRAZEN,2026-03-23 14:17:00,8174.5,8182.0,8174.5,8182.0,4
ASTRAZEN,2026-03-23 14:18:00,8182.0,8182.0,8182.0,8182.0,0
ASTRAZEN,2026-03-23 14:19:00,8180.5,8182.5,8180.5,8182.5,3
ASTRAZEN,2026-03-23 14:20:00,8182.5,8198.5,8182.5,8198.5,7
ASTRAZEN,2026-03-23 14:21:00,8205.0,8219.5,8205.0,8219.5,131
ASTRAZEN,2026-03-23 14:22:00,8219.5,8219.5,8219.5,8219.5,0
ASTRAZEN,2026-03-23 14:23:00,8219.5,8219.5,8215.0,8215.0,8
ASTRAZEN,2026-03-23 14:24:00,8213.5,8241.5,8213.5,8241.5,124
ASTRAZEN,2026-03-23 14:25:00,8241.5,8241.5,8241.5,8241.5,0
ASTRAZEN,2026-03-23 14:26:00,8241.5,8241.5,8241.5,8241.5,0
ASTRAZEN,2026-03-23 14:27:00,8241.5,8241.5,8241.5,8241.5,0
ASTRAZEN,2026-03-23 14:28:00,8241.5,8241.5,8219.0,8238.0,28
ASTRAZEN,2026-03-23 14:29:00,8238.0,8238.0,8225.0,8225.0,7
ASTRAZEN,2026-03-23 14:30:00,8225.0,8225.0,8225.0,8225.0,0
ASTRAZEN,2026-03-23 14:31:00,8210.5,8210.5,8210.5,8210.5,7
ASTRAZEN,2026-03-23 14:32:00,8210.5,8210.5,8210.5,8210.5,0
ASTRAZEN,2026-03-23 14:33:00,8210.5,8210.5,8200.0,8200.0,27
ASTRAZEN,2026-03-23 14:34:00,8200.0,8210.0,8200.0,8210.0,1
ASTRAZEN,2026-03-23 14:35:00,8210.0,8210.0,8210.0,8210.0,0
ASTRAZEN,2026-03-23 14:36:00,8207.0,8210.0,8207.0,8210.0,9
ASTRAZEN,2026-03-23 14:37:00,8210.0,8210.0,8205.0,8205.0,3
ASTRAZEN,2026-03-23 14:38:00,8213.5,8213.5,8213.5,8213.5,2
ASTRAZEN,2026-03-23 14:39:00,8213.5,8213.5,8213.5,8213.5,0
ASTRAZEN,2026-03-23 14:40:00,8213.5,8213.5,8212.0,8212.0,1
ASTRAZEN,2026-03-23 14:41:00,8212.0,8212.5,8212.0,8212.5,1
ASTRAZEN,2026-03-23 14:42:00,8212.5,8217.5,8212.5,8217.5,1
ASTRAZEN,2026-03-23 14:43:00,8217.5,8217.5,8200.0,8200.0,21
ASTRAZEN,2026-03-23 14:44:00,8200.0,8200.0,8200.0,8200.0,0
ASTRAZEN,2026-03-23 14:45:00,8200.0,8200.0,8200.0,8200.0,0
ASTRAZEN,2026-03-23 14:46:00,8200.0,8200.0,8200.0,8200.0,0
ASTRAZEN,2026-03-23 14:47:00,8204.0,8209.5,8204.0,8209.5,8
ASTRAZEN,2026-03-23 14:48:00,8222.0,8222.0,8222.0,8222.0,2
ASTRAZEN,2026-03-23 14:49:00,8222.0,8222.0,8222.0,8222.0,0
ASTRAZEN,2026-03-23 14:50:00,8222.0,8222.0,8219.5,8219.5,1
ASTRAZEN,2026-03-23 14:51:00,8219.5,8219.5,8200.0,8205.0,24
ASTRAZEN,2026-03-23 14:52:00,8205.0,8205.0,8204.0,8204.0,33
ASTRAZEN,2026-03-23 14:53:00,8204.0,8204.0,8200.5,8204.0,31
ASTRAZEN,2026-03-23 14:54:00,8204.0,8225.0,8200.0,8225.0,39
ASTRAZEN,2026-03-23 14:55:00,8234.0,8249.5,8224.0,8231.5,103
ASTRAZEN,2026-03-23 14:56:00,8231.5,8240.5,8231.5,8240.5,12
ASTRAZEN,2026-03-23 14:57:00,8240.5,8240.5,8229.5,8239.0,28
ASTRAZEN,2026-03-23 14:58:00,8239.0,8241.5,8239.0,8241.5,17
ASTRAZEN,2026-03-23 14:59:00,8241.5,8249.5,8241.5,8249.5,20
ASTRAZEN,2026-03-23 15:00:00,8248.5,8249.0,8220.5,8220.5,134
ASTRAZEN,2026-03-23 15:01:00,8220.5,8233.5,8220.5,8233.5,20
ASTRAZEN,2026-03-23 15:02:00,8227.0,8249.5,8227.0,8249.5,29
ASTRAZEN,2026-03-23 15:03:00,8249.5,8249.5,8001.0,8200.0,2108
ASTRAZEN,2026-03-23 15:04:00,8182.5,8203.0,8182.5,8200.5,302
ASTRAZEN,2026-03-23 15:05:00,8200.5,8200.5,8186.5,8195.5,44
ASTRAZEN,2026-03-23 15:06:00,8195.5,8195.5,8169.0,8169.0,43
ASTRAZEN,2026-03-23 15:07:00,8169.0,8188.0,8169.0,8186.5,26
ASTRAZEN,2026-03-23 15:08:00,8176.0,8182.0,8171.5,8182.0,31
ASTRAZEN,2026-03-23 15:09:00,8183.0,8183.0,8183.0,8183.0,22
ASTRAZEN,2026-03-23 15:10:00,8171.0,8176.5,8169.5,8172.5,165
ASTRAZEN,2026-03-23 15:11:00,8175.5,8184.5,8171.5,8172.5,141
ASTRAZEN,2026-03-23 15:12:00,8172.5,8185.0,8170.5,8182.5,32
ASTRAZEN,2026-03-23 15:13:00,8182.5,8182.5,8178.0,8182.0,75
ASTRAZEN,2026-03-23 15:14:00,8190.0,8190.0,8188.0,8189.0,51
ASTRAZEN,2026-03-23 15:15:00,8198.0,8205.0,8198.0,8205.0,89
ASTRAZEN,2026-03-23 15:16:00,8205.0,8210.0,8199.5,8199.5,957
ASTRAZEN,2026-03-23 15:17:00,8199.5,8202.0,8160.0,8173.5,1686
ASTRAZEN,2026-03-23 15:18:00,8173.5,8173.5,8145.5,8145.5,15
ASTRAZEN,2026-03-23 15:19:00,8145.5,8148.5,8122.5,8143.0,52
ASTRAZEN,2026-03-23 15:20:00,8152.0,8153.5,8142.5,8153.5,62
ASTRAZEN,2026-03-23 15:21:00,8160.0,8166.0,8150.0,8155.0,44
ASTRAZEN,2026-03-23 15:22:00,8155.0,8160.0,8131.0,8131.0,106
ASTRAZEN,2026-03-23 15:23:00,8139.5,8139.5,8126.0,8126.0,184
ASTRAZEN,2026-03-23 15:24:00,8127.5,8130.0,8119.5,8130.0,52
ASTRAZEN,2026-03-23 15:25:00,8130.0,8130.0,8121.5,8130.0,85
ASTRAZEN,2026-03-23 15:26:00,8130.0,8130.0,8125.0,8130.0,46
ASTRAZEN,2026-03-23 15:27:00,8125.0,8193.5,8110.0,8192.5,252
ASTRAZEN,2026-03-23 15:28:00,8187.0,8187.0,8105.0,8105.0,13
ASTRAZEN,2026-03-23 15:29:00,8102.0,8141.0,8102.0,8140.0,72
ASTRAZEN,2026-03-24 09:15:00,8258.0,8258.0,8200.5,8248.5,25
ASTRAZEN,2026-03-24 09:16:00,8252.0,8292.0,8248.0,8292.0,55
ASTRAZEN,2026-03-24 09:17:00,8292.0,8292.0,8232.0,8232.0,36
ASTRAZEN,2026-03-24 09:18:00,8232.0,8232.0,8213.5,8221.5,29
ASTRAZEN,2026-03-24 09:19:00,8221.5,8221.5,8221.5,8221.5,1
ASTRAZEN,2026-03-24 09:20:00,8219.5,8219.5,8213.5,8213.5,111
ASTRAZEN,2026-03-24 09:21:00,8234.5,8234.5,8217.5,8217.5,107
ASTRAZEN,2026-03-24 09:22:00,8237.5,8237.5,8237.5,8237.5,4
ASTRAZEN,2026-03-24 09:23:00,8237.5,8249.5,8232.0,8232.0,3
ASTRAZEN,2026-03-24 09:24:00,8232.0,8232.0,8232.0,8232.0,0
ASTRAZEN,2026-03-24 09:25:00,8232.0,8268.0,8232.0,8268.0,1
ASTRAZEN,2026-03-24 09:26:00,8268.0,8281.0,8268.0,8281.0,12
ASTRAZEN,2026-03-24 09:27:00,8281.0,8281.0,8271.0,8271.0,4
ASTRAZEN,2026-03-24 09:28:00,8271.0,8279.0,8257.5,8257.5,12
ASTRAZEN,2026-03-24 09:29:00,8255.5,8255.5,8255.5,8255.5,13
ASTRAZEN,2026-03-24 09:30:00,8255.5,8272.0,8255.5,8272.0,26
ASTRAZEN,2026-03-24 09:31:00,8272.0,8272.0,8272.0,8272.0,0
ASTRAZEN,2026-03-24 09:32:00,8272.0,8272.0,8259.0,8259.0,4
ASTRAZEN,2026-03-24 09:33:00,8259.0,8259.0,8259.0,8259.0,0
ASTRAZEN,2026-03-24 09:34:00,8259.0,8259.0,8259.0,8259.0,0
ASTRAZEN,2026-03-24 09:35:00,8259.0,8259.0,8259.0,8259.0,0
ASTRAZEN,2026-03-24 09:36:00,8223.5,8223.5,8223.5,8223.5,6
ASTRAZEN,2026-03-24 09:37:00,8220.0,8244.0,8220.0,8244.0,137
ASTRAZEN,2026-03-24 09:38:00,8244.0,8245.5,8242.5,8242.5,9
ASTRAZEN,2026-03-24 09:39:00,8242.5,8242.5,8242.5,8242.5,0
ASTRAZEN,2026-03-24 09:40:00,8229.5,8229.5,8229.5,8229.5,1
ASTRAZEN,2026-03-24 09:41:00,8229.5,8245.0,8229.5,8245.0,4
ASTRAZEN,2026-03-24 09:42:00,8245.0,8245.0,8233.5,8233.5,1
ASTRAZEN,2026-03-24 09:43:00,8230.0,8236.0,8230.0,8236.0,30
ASTRAZEN,2026-03-24 09:44:00,8236.0,8236.0,8222.0,8229.5,15
ASTRAZEN,2026-03-24 09:45:00,8229.5,8229.5,8221.5,8221.5,1
ASTRAZEN,2026-03-24 09:46:00,8221.5,8221.5,8221.5,8221.5,3
ASTRAZEN,2026-03-24 09:47:00,8221.5,8221.5,8221.0,8221.0,7
ASTRAZEN,2026-03-24 09:48:00,8221.0,8221.0,8220.0,8220.0,30
ASTRAZEN,2026-03-24 09:49:00,8220.0,8220.0,8220.0,8220.0,0
ASTRAZEN,2026-03-24 09:50:00,8220.0,8220.0,8220.0,8220.0,3
ASTRAZEN,2026-03-24 09:51:00,8220.0,8227.5,8220.0,8227.5,4
ASTRAZEN,2026-03-24 09:52:00,8227.5,8227.5,8191.5,8191.5,27
ASTRAZEN,2026-03-24 09:53:00,8191.5,8191.5,8153.0,8153.0,18
ASTRAZEN,2026-03-24 09:54:00,8151.0,8154.0,8131.0,8131.0,15
ASTRAZEN,2026-03-24 09:55:00,8149.0,8162.0,8140.0,8145.5,20
ASTRAZEN,2026-03-24 09:56:00,8144.0,8144.0,8140.5,8140.5,16
ASTRAZEN,2026-03-24 09:57:00,8140.0,8151.5,8135.0,8135.0,26
ASTRAZEN,2026-03-24 09:58:00,8136.0,8136.0,8135.0,8135.0,25
ASTRAZEN,2026-03-24 09:59:00,8135.0,8156.0,8129.0,8139.0,17
ASTRAZEN,2026-03-24 10:00:00,8155.5,8160.0,8155.5,8156.5,22
ASTRAZEN,2026-03-24 10:01:00,8156.5,8189.5,8156.5,8189.5,39
ASTRAZEN,2026-03-24 10:02:00,8189.5,8189.5,8189.5,8189.5,0
ASTRAZEN,2026-03-24 10:03:00,8182.0,8182.0,8181.0,8181.0,6
ASTRAZEN,2026-03-24 10:04:00,8181.0,8181.0,8174.5,8174.5,8
ASTRAZEN,2026-03-24 10:05:00,8174.5,8175.5,8173.0,8175.5,13
ASTRAZEN,2026-03-24 10:06:00,8174.5,8174.5,8174.5,8174.5,2
ASTRAZEN,2026-03-24 10:07:00,8174.5,8188.0,8174.5,8188.0,3
ASTRAZEN,2026-03-24 10:08:00,8188.0,8188.0,8188.0,8188.0,5
ASTRAZEN,2026-03-24 10:09:00,8188.0,8188.5,8188.0,8188.5,1
ASTRAZEN,2026-03-24 10:10:00,8188.5,8188.5,8188.5,8188.5,0
ASTRAZEN,2026-03-24 10:11:00,8188.5,8188.5,8188.5,8188.5,0
ASTRAZEN,2026-03-24 10:12:00,8188.5,8188.5,8188.5,8188.5,0
ASTRAZEN,2026-03-24 10:13:00,8188.5,8188.5,8186.0,8186.0,2
ASTRAZEN,2026-03-24 10:14:00,8184.5,8185.5,8184.5,8185.5,1
ASTRAZEN,2026-03-24 10:15:00,8185.5,8185.5,8169.5,8173.5,6
ASTRAZEN,2026-03-24 10:16:00,8173.5,8199.0,8173.5,8199.0,13
ASTRAZEN,2026-03-24 10:17:00,8199.0,8204.0,8199.0,8204.0,2
ASTRAZEN,2026-03-24 10:18:00,8204.0,8219.0,8204.0,8219.0,1
ASTRAZEN,2026-03-24 10:19:00,8228.0,8228.0,8214.0,8214.0,7
ASTRAZEN,2026-03-24 10:20:00,8214.0,8214.0,8214.0,8214.0,0
ASTRAZEN,2026-03-24 10:21:00,8214.0,8214.0,8204.0,8204.0,1
ASTRAZEN,2026-03-24 10:22:00,8182.0,8182.0,8182.0,8182.0,1
ASTRAZEN,2026-03-24 10:23:00,8182.0,8182.0,8182.0,8182.0,0
ASTRAZEN,2026-03-24 10:24:00,8190.0,8207.5,8190.0,8207.5,3
ASTRAZEN,2026-03-24 10:25:00,8207.5,8207.5,8207.5,8207.5,0
ASTRAZEN,2026-03-24 10:26:00,8207.5,8207.5,8207.5,8207.5,0
ASTRAZEN,2026-03-24 10:28:00,8198.5,8198.5,8198.5,8198.5,4
ASTRAZEN,2026-03-24 10:30:00,8207.5,8207.5,8206.5,8206.5,3
ASTRAZEN,2026-03-24 10:31:00,8206.5,8206.5,8206.5,8206.5,0
ASTRAZEN,2026-03-24 10:33:00,8206.5,8206.5,8206.5,8206.5,0
ASTRAZEN,2026-03-24 10:34:00,8206.5,8206.5,8196.5,8196.5,1
ASTRAZEN,2026-03-24 10:35:00,8196.5,8196.5,8196.5,8196.5,0
ASTRAZEN,2026-03-24 10:36:00,8186.0,8186.0,8186.0,8186.0,9
ASTRAZEN,2026-03-24 10:37:00,8186.0,8186.0,8186.0,8186.0,1
ASTRAZEN,2026-03-24 10:38:00,8186.0,8186.0,8182.0,8182.0,2
ASTRAZEN,2026-03-24 10:39:00,8182.0,8182.0,8182.0,8182.0,0
ASTRAZEN,2026-03-24 10:40:00,8182.0,8182.0,8182.0,8182.0,0
ASTRAZEN,2026-03-24 10:41:00,8182.0,8182.0,8169.5,8169.5,11
ASTRAZEN,2026-03-24 10:42:00,8166.5,8166.5,8166.5,8166.5,1
ASTRAZEN,2026-03-24 10:44:00,8166.5,8170.0,8166.5,8170.0,1
ASTRAZEN,2026-03-24 10:45:00,8170.0,8188.0,8170.0,8188.0,1
ASTRAZEN,2026-03-24 10:47:00,8188.0,8188.0,8188.0,8188.0,1
ASTRAZEN,2026-03-24 10:48:00,8188.0,8188.0,8186.0,8186.0,1
ASTRAZEN,2026-03-24 10:49:00,8186.0,8186.0,8186.0,8186.0,0
ASTRAZEN,2026-03-24 10:50:00,8181.0,8181.0,8181.0,8181.0,2
ASTRAZEN,2026-03-24 10:51:00,8181.0,8181.0,8181.0,8181.0,0
ASTRAZEN,2026-03-24 10:52:00,8181.0,8181.0,8181.0,8181.0,0
ASTRAZEN,2026-03-24 10:54:00,8181.0,8181.0,8181.0,8181.0,0
ASTRAZEN,2026-03-24 10:55:00,8181.0,8181.5,8181.0,8181.5,5
ASTRAZEN,2026-03-24 10:56:00,8168.0,8168.0,8162.0,8162.0,2
ASTRAZEN,2026-03-24 10:58:00,8162.0,8164.0,8162.0,8164.0,1
ASTRAZEN,2026-03-24 10:59:00,8162.5,8162.5,8162.5,8162.5,10
ASTRAZEN,2026-03-24 11:00:00,8162.5,8162.5,8162.5,8162.5,0
ASTRAZEN,2026-03-24 11:01:00,8162.5,8162.5,8162.5,8162.5,0
ASTRAZEN,2026-03-24 11:02:00,8177.0,8177.0,8177.0,8177.0,4
ASTRAZEN,2026-03-24 11:03:00,8177.0,8177.0,8177.0,8177.0,0
ASTRAZEN,2026-03-24 11:06:00,8177.0,8177.0,8177.0,8177.0,3
ASTRAZEN,2026-03-24 11:07:00,8177.0,8177.0,8177.0,8177.0,0
ASTRAZEN,2026-03-24 11:08:00,8177.0,8177.0,8177.0,8177.0,5
ASTRAZEN,2026-03-24 11:09:00,8177.0,8177.0,8177.0,8177.0,0
ASTRAZEN,2026-03-24 11:10:00,8177.0,8177.0,8173.5,8173.5,0
ASTRAZEN,2026-03-24 11:11:00,8173.5,8177.5,8173.5,8177.5,2
ASTRAZEN,2026-03-24 11:12:00,8177.5,8177.5,8170.0,8170.0,1
ASTRAZEN,2026-03-24 11:13:00,8170.0,8170.0,8170.0,8170.0,0
ASTRAZEN,2026-03-24 11:14:00,8170.0,8170.0,8170.0,8170.0,0
ASTRAZEN,2026-03-24 11:15:00,8170.0,8170.0,8170.0,8170.0,0
ASTRAZEN,2026-03-24 11:16:00,8170.0,8170.0,8170.0,8170.0,0
ASTRAZEN,2026-03-24 11:17:00,8170.0,8170.0,8169.5,8169.5,0
ASTRAZEN,2026-03-24 11:18:00,8169.5,8189.5,8169.5,8189.5,15
ASTRAZEN,2026-03-24 11:19:00,8189.5,8189.5,8189.5,8189.5,0
ASTRAZEN,2026-03-24 11:21:00,8189.5,8189.5,8181.0,8181.0,2
ASTRAZEN,2026-03-24 11:22:00,8181.0,8181.0,8181.0,8181.0,0
ASTRAZEN,2026-03-24 11:23:00,8181.0,8181.0,8181.0,8181.0,0
ASTRAZEN,2026-03-24 11:25:00,8181.0,8181.0,8181.0,8181.0,0
ASTRAZEN,2026-03-24 11:27:00,8181.0,8181.0,8181.0,8181.0,0
ASTRAZEN,2026-03-24 11:29:00,8181.0,8183.0,8181.0,8183.0,1
ASTRAZEN,2026-03-24 11:30:00,8183.0,8183.0,8183.0,8183.0,0
ASTRAZEN,2026-03-24 11:31:00,8183.0,8183.0,8183.0,8183.0,0
ASTRAZEN,2026-03-24 11:32:00,8183.0,8183.0,8183.0,8183.0,0
ASTRAZEN,2026-03-24 11:33:00,8183.0,8194.0,8183.0,8194.0,1
ASTRAZEN,2026-03-24 11:34:00,8194.0,8194.0,8194.0,8194.0,0
ASTRAZEN,2026-03-24 11:35:00,8196.5,8204.5,8196.5,8204.5,39
ASTRAZEN,2026-03-24 11:36:00,8204.5,8204.5,8204.5,8204.5,3
ASTRAZEN,2026-03-24 11:37:00,8194.0,8194.0,8186.0,8186.0,13
ASTRAZEN,2026-03-24 11:38:00,8186.0,8186.0,8183.5,8183.5,4
ASTRAZEN,2026-03-24 11:39:00,8183.5,8184.0,8183.0,8183.0,6
ASTRAZEN,2026-03-24 11:40:00,8183.0,8183.0,8183.0,8183.0,0
ASTRAZEN,2026-03-24 11:41:00,8183.0,8183.0,8183.0,8183.0,0
ASTRAZEN,2026-03-24 11:42:00,8183.0,8183.0,8183.0,8183.0,0
ASTRAZEN,2026-03-24 11:45:00,8183.0,8183.0,8183.0,8183.0,4
ASTRAZEN,2026-03-24 11:46:00,8183.0,8258.0,8183.0,8258.0,99
ASTRAZEN,2026-03-24 11:47:00,8258.0,8270.0,8232.5,8232.5,211
ASTRAZEN,2026-03-24 11:48:00,8232.5,8232.5,8232.5,8232.5,0
ASTRAZEN,2026-03-24 11:49:00,8232.5,8277.5,8230.0,8277.5,38
ASTRAZEN,2026-03-24 11:50:00,8250.5,8280.0,8250.5,8262.0,229
ASTRAZEN,2026-03-24 11:51:00,8262.0,8262.0,8262.0,8262.0,14
ASTRAZEN,2026-03-24 11:52:00,8262.0,8262.0,8255.0,8255.0,2
ASTRAZEN,2026-03-24 11:53:00,8255.0,8255.0,8255.0,8255.0,0
ASTRAZEN,2026-03-24 11:54:00,8255.0,8255.0,8255.0,8255.0,0
ASTRAZEN,2026-03-24 11:55:00,8255.0,8255.0,8255.0,8255.0,0
ASTRAZEN,2026-03-24 11:56:00,8255.0,8255.0,8255.0,8255.0,0
ASTRAZEN,2026-03-24 11:57:00,8255.0,8255.0,8255.0,8255.0,0
ASTRAZEN,2026-03-24 11:58:00,8255.0,8255.0,8255.0,8255.0,0
ASTRAZEN,2026-03-24 12:00:00,8255.0,8255.0,8252.0,8252.0,5
ASTRAZEN,2026-03-24 12:01:00,8252.0,8255.0,8251.0,8255.0,23
ASTRAZEN,2026-03-24 12:02:00,8251.0,8290.0,8251.0,8280.0,69
ASTRAZEN,2026-03-24 12:03:00,8280.0,8280.0,8280.0,8280.0,50
ASTRAZEN,2026-03-24 12:04:00,8280.0,8282.0,8280.0,8282.0,1
ASTRAZEN,2026-03-24 12:05:00,8282.0,8282.0,8248.5,8248.5,196
ASTRAZEN,2026-03-24 12:06:00,8242.5,8249.0,8242.5,8248.0,22
ASTRAZEN,2026-03-24 12:07:00,8248.0,8248.0,8248.0,8248.0,0
ASTRAZEN,2026-03-24 12:08:00,8248.0,8253.5,8248.0,8253.5,3
ASTRAZEN,2026-03-24 12:09:00,8253.5,8253.5,8253.5,8253.5,0
ASTRAZEN,2026-03-24 12:10:00,8253.5,8253.5,8253.5,8253.5,0
ASTRAZEN,2026-03-24 12:11:00,8253.5,8253.5,8253.5,8253.5,0
ASTRAZEN,2026-03-24 12:12:00,8253.5,8253.5,8253.5,8253.5,0
ASTRAZEN,2026-03-24 12:13:00,8253.5,8253.5,8253.5,8253.5,0
ASTRAZEN,2026-03-24 12:14:00,8262.0,8262.0,8262.0,8262.0,10
ASTRAZEN,2026-03-24 12:15:00,8262.0,8262.0,8255.5,8255.5,1
ASTRAZEN,2026-03-24 12:16:00,8255.5,8255.5,8255.5,8255.5,0
ASTRAZEN,2026-03-24 12:17:00,8255.5,8255.5,8255.0,8255.0,1
ASTRAZEN,2026-03-24 12:18:00,8255.0,8255.0,8255.0,8255.0,0
ASTRAZEN,2026-03-24 12:19:00,8255.0,8255.0,8255.0,8255.0,5
ASTRAZEN,2026-03-24 12:20:00,8259.0,8259.0,8259.0,8259.0,1
ASTRAZEN,2026-03-24 12:21:00,8255.0,8255.0,8246.0,8246.0,6
ASTRAZEN,2026-03-24 12:22:00,8246.0,8248.0,8246.0,8248.0,1
ASTRAZEN,2026-03-24 12:23:00,8248.0,8248.0,8246.0,8246.0,1
ASTRAZEN,2026-03-24 12:24:00,8246.0,8246.0,8243.5,8243.5,11
ASTRAZEN,2026-03-24 12:26:00,8259.0,8259.0,8259.0,8259.0,2
ASTRAZEN,2026-03-24 12:27:00,8259.0,8259.0,8259.0,8259.0,0
ASTRAZEN,2026-03-24 12:28:00,8259.0,8260.5,8259.0,8260.5,1
ASTRAZEN,2026-03-24 12:29:00,8260.5,8260.5,8241.0,8241.0,16
ASTRAZEN,2026-03-24 12:30:00,8241.0,8241.0,8226.0,8226.0,49
ASTRAZEN,2026-03-24 12:31:00,8226.0,8231.0,8204.5,8231.0,40
ASTRAZEN,2026-03-24 12:32:00,8233.0,8242.5,8233.0,8242.5,11
ASTRAZEN,2026-03-24 12:33:00,8242.5,8242.5,8242.5,8242.5,0
ASTRAZEN,2026-03-24 12:34:00,8242.5,8242.5,8242.5,8242.5,0
ASTRAZEN,2026-03-24 12:35:00,8262.0,8262.0,8262.0,8262.0,2
ASTRAZEN,2026-03-24 12:36:00,8262.0,8278.5,8262.0,8278.5,1
ASTRAZEN,2026-03-24 12:37:00,8278.5,8278.5,8278.5,8278.5,2
ASTRAZEN,2026-03-24 12:38:00,8278.5,8278.5,8278.5,8278.5,0
ASTRAZEN,2026-03-24 12:39:00,8280.0,8289.0,8280.0,8286.5,8
ASTRAZEN,2026-03-24 12:40:00,8286.5,8292.0,8286.5,8292.0,6
ASTRAZEN,2026-03-24 12:41:00,8292.0,8292.0,8292.0,8292.0,0
ASTRAZEN,2026-03-24 12:42:00,8292.0,8292.0,8292.0,8292.0,0
ASTRAZEN,2026-03-24 12:43:00,8292.0,8292.0,8292.0,8292.0,0
ASTRAZEN,2026-03-24 12:45:00,8280.0,8280.0,8280.0,8280.0,1
ASTRAZEN,2026-03-24 12:47:00,8267.5,8267.5,8260.5,8264.5,10
ASTRAZEN,2026-03-24 12:48:00,8274.0,8274.0,8274.0,8274.0,5
ASTRAZEN,2026-03-24 12:49:00,8274.0,8274.0,8274.0,8274.0,0
ASTRAZEN,2026-03-24 12:50:00,8288.5,8288.5,8288.5,8288.5,15
ASTRAZEN,2026-03-24 12:51:00,8288.5,8288.5,8288.5,8288.5,0
ASTRAZEN,2026-03-24 12:52:00,8288.5,8290.0,8279.5,8290.0,2
ASTRAZEN,2026-03-24 12:53:00,8290.0,8290.0,8290.0,8290.0,26
ASTRAZEN,2026-03-24 12:54:00,8290.0,8290.0,8288.5,8288.5,0
ASTRAZEN,2026-03-24 12:55:00,8288.5,8310.0,8288.5,8310.0,65
ASTRAZEN,2026-03-24 12:56:00,8310.0,8330.0,8310.0,8317.0,69
ASTRAZEN,2026-03-24 12:57:00,8329.5,8336.0,8318.5,8318.5,28
ASTRAZEN,2026-03-24 12:58:00,8313.5,8314.0,8312.0,8314.0,36
ASTRAZEN,2026-03-24 12:59:00,8314.0,8314.0,8314.0,8314.0,0
ASTRAZEN,2026-03-24 13:00:00,8314.0,8314.0,8314.0,8314.0,0
ASTRAZEN,2026-03-24 13:01:00,8322.0,8327.0,8322.0,8327.0,14
ASTRAZEN,2026-03-24 13:02:00,8327.0,8327.0,8327.0,8327.0,0
ASTRAZEN,2026-03-24 13:03:00,8327.0,8327.0,8327.0,8327.0,0
ASTRAZEN,2026-03-24 13:05:00,8326.5,8326.5,8314.5,8314.5,22
ASTRAZEN,2026-03-24 13:06:00,8314.0,8314.0,8314.0,8314.0,9
ASTRAZEN,2026-03-24 13:07:00,8314.0,8314.0,8298.5,8298.5,4
ASTRAZEN,2026-03-24 13:08:00,8298.5,8298.5,8285.0,8285.0,13
ASTRAZEN,2026-03-24 13:09:00,8285.0,8288.0,8285.0,8288.0,4
ASTRAZEN,2026-03-24 13:10:00,8288.0,8288.0,8288.0,8288.0,0
ASTRAZEN,2026-03-24 13:11:00,8288.0,8288.0,8288.0,8288.0,0
ASTRAZEN,2026-03-24 13:12:00,8288.0,8288.0,8288.0,8288.0,0
ASTRAZEN,2026-03-24 13:13:00,8268.5,8276.5,8268.5,8276.5,13
ASTRAZEN,2026-03-24 13:14:00,8276.5,8303.5,8276.5,8303.5,181
ASTRAZEN,2026-03-24 13:15:00,8303.5,8303.5,8303.5,8303.5,0
ASTRAZEN,2026-03-24 13:16:00,8303.5,8303.5,8303.5,8303.5,0
ASTRAZEN,2026-03-24 13:17:00,8303.5,8303.5,8303.5,8303.5,0
ASTRAZEN,2026-03-24 13:18:00,8290.0,8290.0,8290.0,8290.0,3
ASTRAZEN,2026-03-24 13:19:00,8290.0,8290.0,8290.0,8290.0,0
ASTRAZEN,2026-03-24 13:20:00,8290.0,8290.0,8290.0,8290.0,0
ASTRAZEN,2026-03-24 13:21:00,8290.0,8290.0,8290.0,8290.0,0
ASTRAZEN,2026-03-24 13:24:00,8294.5,8294.5,8294.5,8294.5,2
ASTRAZEN,2026-03-24 13:25:00,8294.5,8294.5,8291.0,8291.0,1
ASTRAZEN,2026-03-24 13:26:00,8291.0,8291.0,8290.5,8290.5,1
ASTRAZEN,2026-03-24 13:27:00,8304.5,8320.0,8304.5,8320.0,20
ASTRAZEN,2026-03-24 13:28:00,8320.0,8320.0,8306.5,8306.5,2
ASTRAZEN,2026-03-24 13:29:00,8314.5,8314.5,8314.5,8314.5,1
ASTRAZEN,2026-03-24 13:30:00,8314.5,8314.5,8314.5,8314.5,0
ASTRAZEN,2026-03-24 13:33:00,8314.5,8314.5,8314.5,8314.5,0
ASTRAZEN,2026-03-24 13:34:00,8314.5,8314.5,8314.5,8314.5,0
ASTRAZEN,2026-03-24 13:35:00,8314.5,8314.5,8314.5,8314.5,0
ASTRAZEN,2026-03-24 13:36:00,8314.5,8314.5,8314.5,8314.5,0
ASTRAZEN,2026-03-24 13:37:00,8314.5,8314.5,8314.5,8314.5,0
ASTRAZEN,2026-03-24 13:38:00,8314.5,8314.5,8280.5,8289.0,57
ASTRAZEN,2026-03-24 13:39:00,8289.0,8292.5,8289.0,8292.5,2
ASTRAZEN,2026-03-24 13:40:00,8302.5,8302.5,8302.5,8302.5,1
ASTRAZEN,2026-03-24 13:41:00,8302.5,8302.5,8302.5,8302.5,0
ASTRAZEN,2026-03-24 13:42:00,8302.5,8302.5,8302.5,8302.5,0
ASTRAZEN,2026-03-24 13:44:00,8302.5,8302.5,8302.5,8302.5,0
ASTRAZEN,2026-03-24 13:45:00,8302.5,8302.5,8302.5,8302.5,0
ASTRAZEN,2026-03-24 13:46:00,8292.0,8292.0,8292.0,8292.0,19
ASTRAZEN,2026-03-24 13:47:00,8292.0,8292.0,8292.0,8292.0,0
ASTRAZEN,2026-03-24 13:48:00,8292.0,8292.0,8271.0,8271.0,33
ASTRAZEN,2026-03-24 13:49:00,8271.0,8271.0,8268.5,8268.5,49
ASTRAZEN,2026-03-24 13:50:00,8259.5,8259.5,8259.5,8259.5,7
ASTRAZEN,2026-03-24 13:52:00,8259.5,8261.5,8259.5,8261.5,4
ASTRAZEN,2026-03-24 13:53:00,8261.5,8280.0,8261.5,8280.0,15
ASTRAZEN,2026-03-24 13:54:00,8280.0,8280.0,8273.5,8273.5,1
ASTRAZEN,2026-03-24 13:55:00,8273.5,8273.5,8273.5,8273.5,1
ASTRAZEN,2026-03-24 13:56:00,8273.5,8273.5,8265.0,8273.5,4
ASTRAZEN,2026-03-24 13:57:00,8273.5,8273.5,8273.5,8273.5,0
ASTRAZEN,2026-03-24 13:58:00,8273.5,8273.5,8273.5,8273.5,0
ASTRAZEN,2026-03-24 13:59:00,8273.5,8273.5,8273.5,8273.5,0
ASTRAZEN,2026-03-24 14:00:00,8273.5,8273.5,8261.0,8261.0,1
ASTRAZEN,2026-03-24 14:02:00,8266.5,8266.5,8253.5,8253.5,3
ASTRAZEN,2026-03-24 14:03:00,8258.0,8258.0,8250.0,8254.5,9
ASTRAZEN,2026-03-24 14:04:00,8254.5,8259.0,8254.5,8259.0,2
ASTRAZEN,2026-03-24 14:05:00,8261.5,8264.0,8261.5,8264.0,2
ASTRAZEN,2026-03-24 14:06:00,8264.0,8264.0,8254.0,8254.0,2
ASTRAZEN,2026-03-24 14:07:00,8254.0,8254.0,8254.0,8254.0,0
ASTRAZEN,2026-03-24 14:08:00,8254.0,8254.0,8253.5,8253.5,0
ASTRAZEN,2026-03-24 14:09:00,8253.5,8266.0,8253.5,8266.0,14
ASTRAZEN,2026-03-24 14:10:00,8266.0,8266.0,8265.0,8265.0,1
ASTRAZEN,2026-03-24 14:14:00,8265.0,8265.0,8265.0,8265.0,0
ASTRAZEN,2026-03-24 14:15:00,8265.0,8265.0,8265.0,8265.0,0
ASTRAZEN,2026-03-24 14:16:00,8265.0,8265.0,8265.0,8265.0,0
ASTRAZEN,2026-03-24 14:17:00,8267.5,8267.5,8267.5,8267.5,2
ASTRAZEN,2026-03-24 14:18:00,8267.5,8270.0,8257.5,8269.5,3
ASTRAZEN,2026-03-24 14:19:00,8269.5,8285.0,8269.5,8285.0,10
ASTRAZEN,2026-03-24 14:20:00,8285.0,8285.0,8285.0,8285.0,2
ASTRAZEN,2026-03-24 14:21:00,8285.0,8285.0,8285.0,8285.0,0
ASTRAZEN,2026-03-24 14:22:00,8285.0,8285.0,8285.0,8285.0,0
ASTRAZEN,2026-03-24 14:23:00,8285.0,8287.5,8285.0,8287.5,2
ASTRAZEN,2026-03-24 14:24:00,8287.5,8287.5,8287.5,8287.5,0
ASTRAZEN,2026-03-24 14:26:00,8287.5,8287.5,8285.0,8285.0,4
ASTRAZEN,2026-03-24 14:27:00,8264.0,8297.5,8264.0,8297.5,24
ASTRAZEN,2026-03-24 14:28:00,8307.5,8307.5,8302.0,8302.0,2
ASTRAZEN,2026-03-24 14:29:00,8300.0,8300.0,8300.0,8300.0,25
ASTRAZEN,2026-03-24 14:30:00,8300.0,8303.5,8300.0,8303.5,2
ASTRAZEN,2026-03-24 14:31:00,8305.5,8305.5,8305.5,8305.5,1
ASTRAZEN,2026-03-24 14:32:00,8305.5,8305.5,8305.5,8305.5,0
ASTRAZEN,2026-03-24 14:33:00,8305.5,8305.5,8305.5,8305.5,0
ASTRAZEN,2026-03-24 14:36:00,8308.0,8308.0,8308.0,8308.0,2
ASTRAZEN,2026-03-24 14:37:00,8308.0,8308.0,8308.0,8308.0,0
ASTRAZEN,2026-03-24 14:38:00,8308.0,8308.0,8308.0,8308.0,0
ASTRAZEN,2026-03-24 14:40:00,8308.0,8308.0,8308.0,8308.0,0
ASTRAZEN,2026-03-24 14:41:00,8308.0,8308.0,8308.0,8308.0,0
ASTRAZEN,2026-03-24 14:42:00,8308.0,8308.0,8308.0,8308.0,0
ASTRAZEN,2026-03-24 14:43:00,8308.0,8308.0,8308.0,8308.0,0
ASTRAZEN,2026-03-24 14:44:00,8308.0,8308.0,8305.0,8305.0,3
ASTRAZEN,2026-03-24 14:45:00,8305.0,8305.0,8305.0,8305.0,0
ASTRAZEN,2026-03-24 14:46:00,8305.0,8305.0,8305.0,8305.0,0
ASTRAZEN,2026-03-24 14:47:00,8305.0,8305.0,8305.0,8305.0,0
ASTRAZEN,2026-03-24 14:48:00,8305.0,8305.0,8305.0,8305.0,0
ASTRAZEN,2026-03-24 14:49:00,8305.0,8305.0,8272.5,8272.5,35
ASTRAZEN,2026-03-24 14:50:00,8272.5,8272.5,8272.5,8272.5,0
ASTRAZEN,2026-03-24 14:51:00,8272.5,8272.5,8272.5,8272.5,0
ASTRAZEN,2026-03-24 14:52:00,8272.5,8272.5,8272.5,8272.5,0
ASTRAZEN,2026-03-24 14:53:00,8272.5,8272.5,8272.5,8272.5,0
ASTRAZEN,2026-03-24 14:54:00,8265.0,8265.0,8265.0,8265.0,2
ASTRAZEN,2026-03-24 14:55:00,8265.0,8300.0,8265.0,8300.0,67
ASTRAZEN,2026-03-24 14:56:00,8295.0,8295.0,8295.0,8295.0,2
ASTRAZEN,2026-03-24 14:57:00,8295.0,8295.0,8286.0,8286.0,6
ASTRAZEN,2026-03-24 14:58:00,8286.0,8297.0,8286.0,8297.0,1
ASTRAZEN,2026-03-24 14:59:00,8297.0,8300.5,8297.0,8300.5,1
ASTRAZEN,2026-03-24 15:00:00,8303.5,8304.0,8303.5,8304.0,3
ASTRAZEN,2026-03-24 15:01:00,8304.5,8305.0,8304.5,8305.0,3
ASTRAZEN,2026-03-24 15:02:00,8305.0,8305.0,8305.0,8305.0,3
ASTRAZEN,2026-03-24 15:03:00,8305.0,8308.0,8294.0,8304.5,7
ASTRAZEN,2026-03-24 15:04:00,8304.5,8308.5,8304.0,8304.0,3
ASTRAZEN,2026-03-24 15:05:00,8304.0,8304.0,8304.0,8304.0,2
ASTRAZEN,2026-03-24 15:06:00,8291.5,8300.0,8289.5,8299.0,8
ASTRAZEN,2026-03-24 15:07:00,8299.0,8299.5,8299.0,8299.5,3
ASTRAZEN,2026-03-24 15:08:00,8299.5,8300.0,8299.5,8300.0,4
ASTRAZEN,2026-03-24 15:09:00,8300.0,8300.0,8300.0,8300.0,4
ASTRAZEN,2026-03-24 15:10:00,8300.0,8303.0,8300.0,8303.0,12
ASTRAZEN,2026-03-24 15:11:00,8303.0,8303.0,8292.0,8303.0,31
ASTRAZEN,2026-03-24 15:12:00,8283.0,8292.0,8283.0,8292.0,7
ASTRAZEN,2026-03-24 15:13:00,8292.0,8300.5,8292.0,8300.5,4
ASTRAZEN,2026-03-24 15:14:00,8300.5,8301.0,8300.5,8301.0,4
ASTRAZEN,2026-03-24 15:15:00,8301.0,8301.0,8277.5,8277.5,37
ASTRAZEN,2026-03-24 15:16:00,8277.5,8299.5,8277.5,8299.5,18
ASTRAZEN,2026-03-24 15:17:00,8299.5,8301.0,8231.0,8257.5,159
ASTRAZEN,2026-03-24 15:18:00,8258.5,8303.5,8236.5,8303.5,83
ASTRAZEN,2026-03-24 15:19:00,8303.5,8303.5,8275.0,8302.5,19
ASTRAZEN,2026-03-24 15:20:00,8302.5,8302.5,8301.0,8301.0,9
ASTRAZEN,2026-03-24 15:21:00,8301.0,8301.0,8301.0,8301.0,6
ASTRAZEN,2026-03-24 15:22:00,8301.0,8307.0,8300.0,8307.0,12
ASTRAZEN,2026-03-24 15:23:00,8307.5,8309.0,8298.0,8298.0,28
ASTRAZEN,2026-03-24 15:24:00,8298.0,8298.0,8275.0,8275.0,8
ASTRAZEN,2026-03-24 15:25:00,8275.0,8298.0,8272.0,8298.0,70
ASTRAZEN,2026-03-24 15:26:00,8298.0,8298.0,8298.0,8298.0,14
ASTRAZEN,2026-03-24 15:27:00,8298.0,8298.0,8241.0,8297.5,20
ASTRAZEN,2026-03-24 15:28:00,8297.5,8297.5,8276.0,8295.0,18
ASTRAZEN,2026-03-24 15:29:00,8241.0,8294.5,8241.0,8294.5,20
ASTRAZEN,2026-03-25 09:15:00,8294.0,8326.0,8284.5,8326.0,8
ASTRAZEN,2026-03-25 09:16:00,8326.0,8386.0,8326.0,8386.0,25
ASTRAZEN,2026-03-25 09:17:00,8386.0,8390.0,8351.0,8351.0,47
ASTRAZEN,2026-03-25 09:18:00,8322.0,8338.0,8317.5,8322.0,57
ASTRAZEN,2026-03-25 09:19:00,8322.0,8322.0,8317.5,8317.5,27
ASTRAZEN,2026-03-25 09:20:00,8317.5,8343.5,8317.5,8343.5,8
ASTRAZEN,2026-03-25 09:21:00,8343.5,8343.5,8343.5,8343.5,0
ASTRAZEN,2026-03-25 09:22:00,8340.0,8340.0,8340.0,8340.0,51
ASTRAZEN,2026-03-25 09:23:00,8340.0,8340.0,8340.0,8340.0,0
ASTRAZEN,2026-03-25 09:24:00,8340.0,8340.0,8340.0,8340.0,0
ASTRAZEN,2026-03-25 09:25:00,8340.0,8383.0,8340.0,8383.0,7
ASTRAZEN,2026-03-25 09:26:00,8383.0,8383.0,8383.0,8383.0,0
ASTRAZEN,2026-03-25 09:27:00,8383.0,8383.0,8383.0,8383.0,0
ASTRAZEN,2026-03-25 09:28:00,8383.0,8383.0,8365.5,8365.5,2
ASTRAZEN,2026-03-25 09:29:00,8365.5,8365.5,8360.0,8360.0,50
ASTRAZEN,2026-03-25 09:30:00,8360.0,8379.0,8360.0,8379.0,2
ASTRAZEN,2026-03-25 09:31:00,8380.0,8382.0,8379.5,8382.0,42
ASTRAZEN,2026-03-25 09:32:00,8382.0,8386.5,8382.0,8386.5,4
ASTRAZEN,2026-03-25 09:33:00,8386.5,8390.0,8386.5,8390.0,2
ASTRAZEN,2026-03-25 09:34:00,8390.0,8390.5,8390.0,8390.5,20
ASTRAZEN,2026-03-25 09:35:00,8390.5,8399.0,8360.0,8360.0,216
ASTRAZEN,2026-03-25 09:36:00,8360.0,8367.5,8360.0,8367.5,2
ASTRAZEN,2026-03-25 09:37:00,8367.5,8367.5,8367.5,8367.5,0
ASTRAZEN,2026-03-25 09:38:00,8360.0,8360.0,8346.0,8346.0,10
ASTRAZEN,2026-03-25 09:39:00,8346.0,8350.5,8346.0,8350.5,4
ASTRAZEN,2026-03-25 09:40:00,8350.5,8350.5,8350.5,8350.5,0
ASTRAZEN,2026-03-25 09:41:00,8350.5,8350.5,8346.0,8346.0,5
ASTRAZEN,2026-03-25 09:42:00,8346.0,8348.5,8336.0,8336.0,2
ASTRAZEN,2026-03-25 09:43:00,8336.0,8336.0,8336.0,8336.0,0
ASTRAZEN,2026-03-25 09:44:00,8327.0,8332.5,8327.0,8332.5,11
ASTRAZEN,2026-03-25 09:45:00,8332.5,8350.5,8332.5,8350.5,9
ASTRAZEN,2026-03-25 09:46:00,8350.5,8355.0,8350.5,8355.0,1
ASTRAZEN,2026-03-25 09:47:00,8354.5,8359.0,8354.5,8359.0,51
ASTRAZEN,2026-03-25 09:48:00,8359.0,8370.5,8359.0,8369.5,14
ASTRAZEN,2026-03-25 09:49:00,8369.5,8369.5,8368.0,8368.0,6
ASTRAZEN,2026-03-25 09:50:00,8368.0,8368.0,8368.0,8368.0,0
ASTRAZEN,2026-03-25 09:51:00,8368.0,8378.5,8368.0,8378.5,2
ASTRAZEN,2026-03-25 09:52:00,8378.5,8378.5,8378.5,8378.5,0
ASTRAZEN,2026-03-25 09:53:00,8378.5,8378.5,8374.5,8374.5,2
ASTRAZEN,2026-03-25 09:54:00,8374.5,8374.5,8360.0,8360.0,3
ASTRAZEN,2026-03-25 09:55:00,8360.0,8379.5,8360.0,8379.5,1
ASTRAZEN,2026-03-25 09:56:00,8379.5,8379.5,8341.0,8352.0,30
ASTRAZEN,2026-03-25 09:57:00,8352.0,8363.0,8352.0,8363.0,2
ASTRAZEN,2026-03-25 09:58:00,8363.0,8365.0,8356.5,8365.0,3
ASTRAZEN,2026-03-25 09:59:00,8365.0,8365.0,8365.0,8365.0,0
ASTRAZEN,2026-03-25 10:00:00,8365.0,8365.0,8365.0,8365.0,0
ASTRAZEN,2026-03-25 10:01:00,8358.0,8358.0,8358.0,8358.0,4
ASTRAZEN,2026-03-25 10:02:00,8358.0,8358.0,8342.5,8342.5,2
ASTRAZEN,2026-03-25 10:03:00,8342.5,8352.5,8342.5,8352.5,2
ASTRAZEN,2026-03-25 10:04:00,8352.5,8357.5,8352.5,8357.5,1
ASTRAZEN,2026-03-25 10:05:00,8357.5,8357.5,8357.5,8357.5,0
ASTRAZEN,2026-03-25 10:06:00,8357.5,8357.5,8357.5,8357.5,0
ASTRAZEN,2026-03-25 10:07:00,8350.5,8350.5,8350.5,8350.5,1
ASTRAZEN,2026-03-25 10:08:00,8350.5,8350.5,8350.5,8350.5,0
ASTRAZEN,2026-03-25 10:09:00,8350.5,8350.5,8350.5,8350.5,0
ASTRAZEN,2026-03-25 10:10:00,8350.5,8350.5,8350.5,8350.5,0
ASTRAZEN,2026-03-25 10:11:00,8350.5,8350.5,8350.5,8350.5,0
ASTRAZEN,2026-03-25 10:12:00,8362.0,8362.0,8362.0,8362.0,2
ASTRAZEN,2026-03-25 10:13:00,8362.0,8362.0,8362.0,8362.0,0
ASTRAZEN,2026-03-25 10:14:00,8362.0,8362.0,8362.0,8362.0,0
ASTRAZEN,2026-03-25 10:15:00,8362.0,8362.0,8362.0,8362.0,0
ASTRAZEN,2026-03-25 10:16:00,8362.0,8362.0,8360.0,8360.0,2
ASTRAZEN,2026-03-25 10:17:00,8360.0,8360.0,8360.0,8360.0,0
ASTRAZEN,2026-03-25 10:18:00,8354.5,8354.5,8354.5,8354.5,4
ASTRAZEN,2026-03-25 10:19:00,8354.5,8362.5,8354.5,8362.5,2
ASTRAZEN,2026-03-25 10:20:00,8363.5,8363.5,8363.5,8363.5,5
ASTRAZEN,2026-03-25 10:21:00,8363.5,8363.5,8363.5,8363.5,2
ASTRAZEN,2026-03-25 10:22:00,8363.5,8363.5,8363.5,8363.5,0
ASTRAZEN,2026-03-25 10:23:00,8399.0,8399.0,8397.0,8397.0,401
ASTRAZEN,2026-03-25 10:24:00,8397.0,8447.0,8397.0,8438.0,338
ASTRAZEN,2026-03-25 10:25:00,8438.0,8438.0,8438.0,8438.0,4
ASTRAZEN,2026-03-25 10:26:00,8438.0,8446.0,8438.0,8446.0,6
ASTRAZEN,2026-03-25 10:27:00,8446.0,8446.5,8446.0,8446.5,5
ASTRAZEN,2026-03-25 10:28:00,8446.5,8446.5,8446.5,8446.5,0
ASTRAZEN,2026-03-25 10:29:00,8446.5,8446.5,8426.0,8426.0,0
ASTRAZEN,2026-03-25 10:30:00,8426.0,8430.5,8420.5,8420.5,15
ASTRAZEN,2026-03-25 10:31:00,8412.0,8412.0,8412.0,8412.0,5
ASTRAZEN,2026-03-25 10:32:00,8412.0,8412.0,8412.0,8412.0,0
ASTRAZEN,2026-03-25 10:33:00,8401.0,8406.0,8374.0,8390.5,26
ASTRAZEN,2026-03-25 10:34:00,8390.5,8406.0,8390.5,8406.0,2
ASTRAZEN,2026-03-25 10:35:00,8406.0,8406.0,8406.0,8406.0,5
ASTRAZEN,2026-03-25 10:37:00,8411.5,8411.5,8411.5,8411.5,2
ASTRAZEN,2026-03-25 10:38:00,8411.5,8411.5,8411.5,8411.5,0
ASTRAZEN,2026-03-25 10:39:00,8408.0,8431.5,8408.0,8431.5,8
ASTRAZEN,2026-03-25 10:40:00,8431.5,8431.5,8430.0,8430.0,22
ASTRAZEN,2026-03-25 10:41:00,8430.0,8430.0,8427.5,8427.5,1
ASTRAZEN,2026-03-25 10:42:00,8429.5,8429.5,8429.5,8429.5,2
ASTRAZEN,2026-03-25 10:43:00,8429.5,8429.5,8429.5,8429.5,0
ASTRAZEN,2026-03-25 10:44:00,8429.5,8429.5,8427.5,8427.5,22
ASTRAZEN,2026-03-25 10:45:00,8429.5,8429.5,8429.5,8429.5,4
ASTRAZEN,2026-03-25 10:46:00,8429.5,8429.5,8429.5,8429.5,2
ASTRAZEN,2026-03-25 10:47:00,8429.5,8429.5,8429.5,8429.5,0
ASTRAZEN,2026-03-25 10:49:00,8429.5,8429.5,8423.0,8429.5,6
ASTRAZEN,2026-03-25 10:50:00,8429.5,8429.5,8429.5,8429.5,0
ASTRAZEN,2026-03-25 10:51:00,8429.5,8429.5,8429.5,8429.5,0
ASTRAZEN,2026-03-25 10:52:00,8429.5,8429.5,8429.5,8429.5,0
ASTRAZEN,2026-03-25 10:53:00,8429.5,8429.5,8429.5,8429.5,0
ASTRAZEN,2026-03-25 10:54:00,8429.5,8429.5,8429.5,8429.5,0
ASTRAZEN,2026-03-25 10:55:00,8416.0,8429.5,8416.0,8429.5,3
ASTRAZEN,2026-03-25 10:56:00,8411.5,8411.5,8411.5,8411.5,47
ASTRAZEN,2026-03-25 10:57:00,8411.5,8411.5,8411.5,8411.5,0
ASTRAZEN,2026-03-25 10:58:00,8411.5,8411.5,8411.5,8411.5,0
ASTRAZEN,2026-03-25 11:02:00,8411.5,8411.5,8411.5,8411.5,0
ASTRAZEN,2026-03-25 11:03:00,8425.0,8425.0,8425.0,8425.0,2
ASTRAZEN,2026-03-25 11:05:00,8425.0,8425.0,8412.5,8412.5,10
ASTRAZEN,2026-03-25 11:06:00,8430.0,8430.0,8430.0,8430.0,2
ASTRAZEN,2026-03-25 11:07:00,8430.0,8430.0,8430.0,8430.0,0
ASTRAZEN,2026-03-25 11:08:00,8430.0,8430.0,8430.0,8430.0,0
ASTRAZEN,2026-03-25 11:09:00,8430.0,8430.0,8430.0,8430.0,0
ASTRAZEN,2026-03-25 11:10:00,8432.5,8432.5,8432.5,8432.5,2
ASTRAZEN,2026-03-25 11:11:00,8432.5,8432.5,8432.5,8432.5,0
ASTRAZEN,2026-03-25 11:12:00,8432.5,8432.5,8432.5,8432.5,0
ASTRAZEN,2026-03-25 11:13:00,8432.5,8432.5,8432.5,8432.5,0
ASTRAZEN,2026-03-25 11:14:00,8429.0,8429.0,8429.0,8429.0,1
ASTRAZEN,2026-03-25 11:15:00,8430.0,8434.5,8430.0,8434.5,6
ASTRAZEN,2026-03-25 11:16:00,8434.5,8434.5,8434.5,8434.5,0
ASTRAZEN,2026-03-25 11:18:00,8434.5,8449.5,8434.5,8449.5,0
ASTRAZEN,2026-03-25 11:19:00,8449.5,8449.5,8417.0,8417.0,71
ASTRAZEN,2026-03-25 11:20:00,8417.0,8420.0,8405.0,8405.0,5
ASTRAZEN,2026-03-25 11:21:00,8405.0,8405.0,8405.0,8405.0,0
ASTRAZEN,2026-03-25 11:22:00,8405.0,8405.0,8405.0,8405.0,0
ASTRAZEN,2026-03-25 11:23:00,8399.0,8420.0,8399.0,8420.0,9
ASTRAZEN,2026-03-25 11:24:00,8420.0,8420.0,8397.0,8397.0,9
ASTRAZEN,2026-03-25 11:25:00,8397.0,8397.0,8397.0,8397.0,0
ASTRAZEN,2026-03-25 11:26:00,8397.0,8397.0,8397.0,8397.0,0
ASTRAZEN,2026-03-25 11:27:00,8397.0,8405.5,8397.0,8405.5,35
ASTRAZEN,2026-03-25 11:28:00,8405.5,8406.0,8394.5,8394.5,13
ASTRAZEN,2026-03-25 11:29:00,8394.5,8406.5,8394.5,8406.5,2
ASTRAZEN,2026-03-25 11:30:00,8406.5,8406.5,8406.5,8406.5,0
ASTRAZEN,2026-03-25 11:31:00,8406.5,8406.5,8406.5,8406.5,0
ASTRAZEN,2026-03-25 11:32:00,8406.5,8406.5,8406.5,8406.5,0
ASTRAZEN,2026-03-25 11:33:00,8406.5,8406.5,8406.5,8406.5,0
ASTRAZEN,2026-03-25 11:34:00,8418.0,8418.0,8401.0,8401.0,5
ASTRAZEN,2026-03-25 11:35:00,8401.0,8417.5,8394.5,8417.5,7
ASTRAZEN,2026-03-25 11:36:00,8417.5,8419.5,8403.0,8403.0,9
ASTRAZEN,2026-03-25 11:37:00,8403.0,8403.0,8400.5,8401.0,3
ASTRAZEN,2026-03-25 11:38:00,8401.0,8401.0,8401.0,8401.0,0
ASTRAZEN,2026-03-25 11:39:00,8401.5,8401.5,8401.5,8401.5,1
ASTRAZEN,2026-03-25 11:40:00,8401.5,8416.5,8401.5,8402.0,3
ASTRAZEN,2026-03-25 11:41:00,8402.0,8402.0,8401.0,8401.0,3
ASTRAZEN,2026-03-25 11:42:00,8401.0,8401.0,8392.0,8392.0,5
ASTRAZEN,2026-03-25 11:43:00,8392.0,8392.0,8380.5,8380.5,5
ASTRAZEN,2026-03-25 11:44:00,8380.5,8380.5,8380.5,8380.5,0
ASTRAZEN,2026-03-25 11:45:00,8380.5,8380.5,8374.0,8374.0,2
ASTRAZEN,2026-03-25 11:46:00,8374.0,8374.0,8374.0,8374.0,0
ASTRAZEN,2026-03-25 11:47:00,8374.0,8374.0,8374.0,8374.0,0
ASTRAZEN,2026-03-25 11:48:00,8374.0,8390.0,8374.0,8390.0,8
ASTRAZEN,2026-03-25 11:49:00,8390.0,8390.0,8390.0,8390.0,0
ASTRAZEN,2026-03-25 11:50:00,8390.0,8390.0,8390.0,8390.0,0
ASTRAZEN,2026-03-25 11:51:00,8390.0,8390.0,8389.5,8389.5,2
ASTRAZEN,2026-03-25 11:52:00,8389.5,8389.5,8389.5,8389.5,0
ASTRAZEN,2026-03-25 11:53:00,8389.5,8389.5,8379.0,8379.0,5
ASTRAZEN,2026-03-25 11:54:00,8379.0,8379.0,8379.0,8379.0,0
ASTRAZEN,2026-03-25 11:55:00,8379.0,8379.0,8379.0,8379.0,0
ASTRAZEN,2026-03-25 11:56:00,8379.0,8389.0,8379.0,8389.0,5
ASTRAZEN,2026-03-25 11:57:00,8389.0,8389.0,8379.0,8379.0,7
ASTRAZEN,2026-03-25 11:58:00,8379.0,8379.0,8379.0,8379.0,0
ASTRAZEN,2026-03-25 11:59:00,8379.0,8379.0,8375.0,8375.0,3
ASTRAZEN,2026-03-25 12:00:00,8375.0,8376.0,8375.0,8376.0,3
ASTRAZEN,2026-03-25 12:01:00,8375.0,8375.0,8375.0,8375.0,2
ASTRAZEN,2026-03-25 12:02:00,8375.0,8375.0,8372.0,8372.0,2
ASTRAZEN,2026-03-25 12:03:00,8372.0,8380.0,8372.0,8375.5,7
ASTRAZEN,2026-03-25 12:04:00,8375.5,8380.0,8375.5,8375.5,27
ASTRAZEN,2026-03-25 12:05:00,8375.5,8380.5,8371.0,8380.5,10
ASTRAZEN,2026-03-25 12:06:00,8380.5,8380.5,8380.5,8380.5,0
ASTRAZEN,2026-03-25 12:07:00,8380.5,8380.5,8375.5,8375.5,1
ASTRAZEN,2026-03-25 12:08:00,8375.5,8375.5,8371.0,8371.0,23
ASTRAZEN,2026-03-25 12:09:00,8371.0,8371.0,8371.0,8371.0,0
ASTRAZEN,2026-03-25 12:10:00,8371.0,8371.0,8371.0,8371.0,24
ASTRAZEN,2026-03-25 12:11:00,8371.0,8371.0,8371.0,8371.0,0
ASTRAZEN,2026-03-25 12:12:00,8371.0,8371.0,8371.0,8371.0,0
ASTRAZEN,2026-03-25 12:13:00,8371.0,8371.0,8371.0,8371.0,0
ASTRAZEN,2026-03-25 12:14:00,8371.0,8371.0,8371.0,8371.0,0
ASTRAZEN,2026-03-25 12:15:00,8371.0,8371.0,8368.5,8368.5,5
ASTRAZEN,2026-03-25 12:16:00,8368.5,8368.5,8368.5,8368.5,0
ASTRAZEN,2026-03-25 12:17:00,8368.5,8368.5,8336.0,8347.5,123
ASTRAZEN,2026-03-25 12:18:00,8347.5,8349.5,8347.5,8349.5,24
ASTRAZEN,2026-03-25 12:19:00,8349.5,8349.5,8349.5,8349.5,0
ASTRAZEN,2026-03-25 12:20:00,8350.0,8350.0,8350.0,8350.0,2
ASTRAZEN,2026-03-25 12:21:00,8350.0,8350.0,8349.0,8349.0,89
ASTRAZEN,2026-03-25 12:22:00,8349.0,8350.5,8349.0,8350.5,2
ASTRAZEN,2026-03-25 12:23:00,8350.5,8350.5,8350.0,8350.0,1
ASTRAZEN,2026-03-25 12:24:00,8350.0,8350.0,8350.0,8350.0,0
ASTRAZEN,2026-03-25 12:25:00,8350.0,8350.0,8350.0,8350.0,0
ASTRAZEN,2026-03-25 12:26:00,8350.0,8357.5,8350.0,8350.0,16
ASTRAZEN,2026-03-25 12:27:00,8350.0,8369.5,8350.0,8355.0,8
ASTRAZEN,2026-03-25 12:28:00,8355.0,8355.0,8350.0,8352.0,3
ASTRAZEN,2026-03-25 12:29:00,8352.0,8352.0,8352.0,8352.0,13
ASTRAZEN,2026-03-25 12:30:00,8352.0,8352.0,8352.0,8352.0,0
ASTRAZEN,2026-03-25 12:31:00,8352.0,8353.0,8352.0,8352.0,7
ASTRAZEN,2026-03-25 12:32:00,8352.0,8376.0,8352.0,8360.5,11
ASTRAZEN,2026-03-25 12:33:00,8360.5,8360.5,8359.0,8359.0,4
ASTRAZEN,2026-03-25 12:34:00,8380.0,8394.5,8380.0,8382.5,69
ASTRAZEN,2026-03-25 12:35:00,8394.0,8420.5,8394.0,8398.5,40
ASTRAZEN,2026-03-25 12:36:00,8398.5,8403.5,8398.5,8401.5,6
ASTRAZEN,2026-03-25 12:37:00,8401.5,8404.0,8401.0,8401.0,4
ASTRAZEN,2026-03-25 12:38:00,8401.0,8401.0,8401.0,8401.0,4
ASTRAZEN,2026-03-25 12:39:00,8401.0,8401.5,8401.0,8401.0,4
ASTRAZEN,2026-03-25 12:40:00,8401.0,8402.5,8394.0,8402.5,5
ASTRAZEN,2026-03-25 12:41:00,8417.5,8417.5,8401.5,8401.5,6
ASTRAZEN,2026-03-25 12:42:00,8401.5,8401.5,8401.0,8401.0,4
ASTRAZEN,2026-03-25 12:43:00,8401.0,8403.0,8401.0,8401.0,4
ASTRAZEN,2026-03-25 12:44:00,8401.0,8403.0,8401.0,8401.0,4
ASTRAZEN,2026-03-25 12:45:00,8401.0,8425.0,8401.0,8425.0,17
ASTRAZEN,2026-03-25 12:46:00,8425.0,8431.0,8418.0,8418.0,99
ASTRAZEN,2026-03-25 12:47:00,8412.0,8412.0,8407.0,8407.0,32
ASTRAZEN,2026-03-25 12:48:00,8407.0,8407.5,8403.5,8403.5,5
ASTRAZEN,2026-03-25 12:49:00,8403.5,8404.0,8402.0,8404.0,5
ASTRAZEN,2026-03-25 12:50:00,8404.0,8404.5,8402.0,8403.0,14
ASTRAZEN,2026-03-25 12:51:00,8403.0,8404.5,8401.0,8401.0,4
ASTRAZEN,2026-03-25 12:52:00,8401.0,8401.0,8401.0,8401.0,4
ASTRAZEN,2026-03-25 12:53:00,8401.0,8403.0,8401.0,8401.0,4
ASTRAZEN,2026-03-25 12:54:00,8401.0,8402.0,8401.0,8402.0,4
ASTRAZEN,2026-03-25 12:55:00,8401.0,8401.0,8401.0,8401.0,4
ASTRAZEN,2026-03-25 12:56:00,8401.0,8402.5,8401.0,8402.5,5
ASTRAZEN,2026-03-25 12:57:00,8402.5,8402.5,8401.0,8401.0,4
ASTRAZEN,2026-03-25 12:58:00,8401.0,8401.5,8401.0,8401.5,5
ASTRAZEN,2026-03-25 12:59:00,8401.5,8401.5,8384.5,8384.5,18
ASTRAZEN,2026-03-25 13:00:00,8384.5,8402.0,8384.5,8390.5,6
ASTRAZEN,2026-03-25 13:01:00,8390.5,8400.0,8388.0,8400.0,5
ASTRAZEN,2026-03-25 13:02:00,8400.0,8400.0,8387.5,8392.0,4
ASTRAZEN,2026-03-25 13:03:00,8392.0,8403.5,8390.5,8393.5,5
ASTRAZEN,2026-03-25 13:04:00,8393.5,8401.5,8385.5,8401.5,5
ASTRAZEN,2026-03-25 13:05:00,8401.5,8408.5,8391.5,8408.5,6
ASTRAZEN,2026-03-25 13:06:00,8408.5,8408.5,8395.0,8396.5,4
ASTRAZEN,2026-03-25 13:07:00,8396.5,8406.0,8392.0,8392.5,13
ASTRAZEN,2026-03-25 13:08:00,8392.5,8394.0,8391.5,8392.0,4
ASTRAZEN,2026-03-25 13:09:00,8392.0,8392.0,8391.5,8391.5,4
ASTRAZEN,2026-03-25 13:10:00,8391.5,8400.5,8391.5,8391.5,5
ASTRAZEN,2026-03-25 13:11:00,8391.5,8409.5,8391.0,8397.0,11
ASTRAZEN,2026-03-25 13:12:00,8397.0,8425.0,8395.0,8425.0,78
ASTRAZEN,2026-03-25 13:13:00,8425.0,8439.0,8423.5,8424.5,5
ASTRAZEN,2026-03-25 13:14:00,8424.5,8435.0,8407.0,8407.0,10
ASTRAZEN,2026-03-25 13:15:00,8407.0,8420.0,8404.5,8419.0,16
ASTRAZEN,2026-03-25 13:16:00,8419.0,8427.0,8411.0,8415.0,14
ASTRAZEN,2026-03-25 13:17:00,8415.0,8426.5,8410.5,8412.5,6
ASTRAZEN,2026-03-25 13:18:00,8412.5,8425.5,8410.0,8424.0,6
ASTRAZEN,2026-03-25 13:19:00,8423.5,8423.5,8406.5,8406.5,5
ASTRAZEN,2026-03-25 13:20:00,8406.5,8421.0,8404.0,8404.0,5
ASTRAZEN,2026-03-25 13:21:00,8404.0,8421.0,8386.0,8389.5,64
ASTRAZEN,2026-03-25 13:22:00,8404.5,8412.0,8388.5,8412.0,16
ASTRAZEN,2026-03-25 13:23:00,8412.0,8412.0,8394.5,8410.0,5
ASTRAZEN,2026-03-25 13:24:00,8410.0,8410.0,8391.5,8410.0,7
ASTRAZEN,2026-03-25 13:25:00,8410.0,8410.0,8395.0,8395.5,5
ASTRAZEN,2026-03-25 13:26:00,8395.5,8401.0,8395.5,8399.0,6
ASTRAZEN,2026-03-25 13:27:00,8399.0,8410.5,8396.0,8397.0,5
ASTRAZEN,2026-03-25 13:28:00,8397.0,8412.0,8397.0,8407.5,13
ASTRAZEN,2026-03-25 13:29:00,8407.5,8410.5,8396.5,8396.5,5
ASTRAZEN,2026-03-25 13:30:00,8396.5,8411.0,8396.5,8398.0,6
ASTRAZEN,2026-03-25 13:31:00,8398.0,8409.5,8396.5,8396.5,5
ASTRAZEN,2026-03-25 13:32:00,8396.5,8410.0,8396.5,8398.5,5
ASTRAZEN,2026-03-25 13:33:00,8398.5,8409.5,8396.5,8399.0,4
ASTRAZEN,2026-03-25 13:34:00,8411.0,8413.0,8398.0,8398.0,6
ASTRAZEN,2026-03-25 13:35:00,8398.0,8411.5,8398.0,8398.5,6
ASTRAZEN,2026-03-25 13:36:00,8398.5,8412.0,8398.0,8398.5,7
ASTRAZEN,2026-03-25 13:37:00,8398.5,8415.5,8398.5,8403.5,5
ASTRAZEN,2026-03-25 13:38:00,8403.5,8413.0,8402.5,8402.5,5
ASTRAZEN,2026-03-25 13:39:00,8402.5,8415.5,8402.5,8404.0,6
ASTRAZEN,2026-03-25 13:40:00,8404.0,8404.0,8401.0,8401.0,4
ASTRAZEN,2026-03-25 13:41:00,8401.0,8401.5,8400.0,8400.0,9
ASTRAZEN,2026-03-25 13:42:00,8400.0,8400.0,8398.0,8398.0,4
ASTRAZEN,2026-03-25 13:43:00,8398.0,8399.0,8390.0,8390.0,13
ASTRAZEN,2026-03-25 13:44:00,8390.0,8400.5,8390.0,8391.0,9
ASTRAZEN,2026-03-25 13:45:00,8391.0,8395.5,8378.0,8378.0,5
ASTRAZEN,2026-03-25 13:46:00,8378.0,8384.0,8374.5,8378.5,9
ASTRAZEN,2026-03-25 13:47:00,8378.5,8389.0,8378.5,8389.0,12
ASTRAZEN,2026-03-25 13:48:00,8389.0,8391.0,8378.0,8378.5,8
ASTRAZEN,2026-03-25 13:49:00,8378.5,8381.5,8377.5,8377.5,12
ASTRAZEN,2026-03-25 13:50:00,8377.5,8390.5,8377.5,8385.5,9
ASTRAZEN,2026-03-25 13:51:00,8385.5,8385.5,8372.0,8372.0,4
ASTRAZEN,2026-03-25 13:52:00,8372.0,8394.5,8372.0,8375.5,11
ASTRAZEN,2026-03-25 13:53:00,8375.5,8380.0,8374.0,8377.5,4
ASTRAZEN,2026-03-25 13:54:00,8377.5,8387.0,8373.0,8373.0,6
ASTRAZEN,2026-03-25 13:55:00,8373.0,8384.5,8372.5,8380.0,11
ASTRAZEN,2026-03-25 13:56:00,8380.0,8384.0,8379.5,8384.0,4
ASTRAZEN,2026-03-25 13:57:00,8384.0,8384.0,8372.0,8372.0,4
ASTRAZEN,2026-03-25 13:58:00,8373.0,8397.5,8373.0,8388.5,28
ASTRAZEN,2026-03-25 13:59:00,8388.5,8400.5,8384.5,8400.5,15
ASTRAZEN,2026-03-25 14:00:00,8400.5,8400.5,8394.5,8394.5,4
ASTRAZEN,2026-03-25 14:01:00,8394.5,8394.5,8390.5,8390.5,4
ASTRAZEN,2026-03-25 14:02:00,8390.5,8407.5,8389.0,8389.0,7
ASTRAZEN,2026-03-25 14:03:00,8389.0,8435.0,8383.5,8435.0,214
ASTRAZEN,2026-03-25 14:04:00,8435.0,8435.0,8424.5,8424.5,4
ASTRAZEN,2026-03-25 14:05:00,8424.5,8428.0,8422.5,8422.5,4
ASTRAZEN,2026-03-25 14:06:00,8422.5,8422.5,8412.5,8412.5,4
ASTRAZEN,2026-03-25 14:07:00,8412.5,8416.5,8411.5,8416.5,6
ASTRAZEN,2026-03-25 14:08:00,8416.5,8427.5,8411.0,8427.5,4
ASTRAZEN,2026-03-25 14:09:00,8427.5,8427.5,8411.5,8411.5,7
ASTRAZEN,2026-03-25 14:10:00,8411.5,8411.5,8407.0,8407.0,4
ASTRAZEN,2026-03-25 14:11:00,8407.0,8418.0,8407.0,8409.5,9
ASTRAZEN,2026-03-25 14:12:00,8409.5,8416.5,8408.5,8416.5,6
ASTRAZEN,2026-03-25 14:13:00,8416.5,8416.5,8395.5,8411.0,26
ASTRAZEN,2026-03-25 14:14:00,8411.0,8411.0,8401.0,8401.0,6
ASTRAZEN,2026-03-25 14:15:00,8401.0,8415.5,8400.0,8401.0,6
ASTRAZEN,2026-03-25 14:16:00,8401.0,8414.5,8399.5,8406.5,6
ASTRAZEN,2026-03-25 14:17:00,8406.5,8418.5,8406.5,8412.5,9
ASTRAZEN,2026-03-25 14:18:00,8412.5,8424.0,8411.0,8411.0,45
ASTRAZEN,2026-03-25 14:19:00,8411.0,8411.0,8405.0,8405.0,4
ASTRAZEN,2026-03-25 14:20:00,8405.0,8406.0,8400.5,8406.0,4
ASTRAZEN,2026-03-25 14:21:00,8406.0,8406.0,8398.5,8398.5,5
ASTRAZEN,2026-03-25 14:22:00,8398.5,8410.5,8396.0,8396.0,5
ASTRAZEN,2026-03-25 14:23:00,8396.0,8399.5,8393.5,8395.5,10
ASTRAZEN,2026-03-25 14:24:00,8392.5,8392.5,8390.0,8390.0,4
ASTRAZEN,2026-03-25 14:25:00,8390.0,8391.5,8390.0,8390.0,4
ASTRAZEN,2026-03-25 14:26:00,8390.0,8403.5,8390.0,8394.5,5
ASTRAZEN,2026-03-25 14:27:00,8394.5,8395.0,8393.5,8394.0,4
ASTRAZEN,2026-03-25 14:28:00,8394.0,8410.0,8393.5,8399.5,11
ASTRAZEN,2026-03-25 14:29:00,8399.5,8400.0,8395.0,8400.0,28
ASTRAZEN,2026-03-25 14:30:00,8418.0,8418.0,8418.0,8418.0,8
ASTRAZEN,2026-03-25 14:31:00,8418.0,8418.0,8418.0,8418.0,0
ASTRAZEN,2026-03-25 14:32:00,8404.5,8418.5,8404.5,8418.5,11
ASTRAZEN,2026-03-25 14:33:00,8418.5,8418.5,8418.5,8418.5,0
ASTRAZEN,2026-03-25 14:34:00,8418.5,8418.5,8418.5,8418.5,0
ASTRAZEN,2026-03-25 14:35:00,8418.5,8418.5,8418.5,8418.5,0
ASTRAZEN,2026-03-25 14:36:00,8418.5,8418.5,8394.0,8394.0,6
ASTRAZEN,2026-03-25 14:37:00,8406.5,8406.5,8406.5,8406.5,5
ASTRAZEN,2026-03-25 14:38:00,8406.5,8406.5,8394.5,8394.5,5
ASTRAZEN,2026-03-25 14:39:00,8405.5,8405.5,8405.5,8405.5,2
ASTRAZEN,2026-03-25 14:40:00,8407.5,8407.5,8407.5,8407.5,14
ASTRAZEN,2026-03-25 14:41:00,8407.5,8407.5,8407.5,8407.5,0
ASTRAZEN,2026-03-25 14:42:00,8407.5,8407.5,8407.5,8407.5,0
ASTRAZEN,2026-03-25 14:43:00,8407.5,8407.5,8407.5,8407.5,0
ASTRAZEN,2026-03-25 14:44:00,8407.5,8407.5,8407.5,8407.5,0
ASTRAZEN,2026-03-25 14:45:00,8407.5,8407.5,8407.5,8407.5,0
ASTRAZEN,2026-03-25 14:46:00,8407.5,8407.5,8407.5,8407.5,0
ASTRAZEN,2026-03-25 14:47:00,8407.5,8407.5,8407.5,8407.5,0
ASTRAZEN,2026-03-25 14:48:00,8407.5,8407.5,8407.5,8407.5,0
ASTRAZEN,2026-03-25 14:49:00,8414.5,8414.5,8405.0,8405.0,2
ASTRAZEN,2026-03-25 14:50:00,8405.0,8405.0,8405.0,8405.0,0
ASTRAZEN,2026-03-25 14:51:00,8405.0,8405.0,8405.0,8405.0,0
ASTRAZEN,2026-03-25 14:52:00,8415.0,8416.5,8403.0,8416.5,22
ASTRAZEN,2026-03-25 14:53:00,8416.5,8416.5,8402.5,8402.5,2
ASTRAZEN,2026-03-25 14:54:00,8402.5,8402.5,8402.5,8402.5,0
ASTRAZEN,2026-03-25 14:55:00,8402.5,8402.5,8402.5,8402.5,0
ASTRAZEN,2026-03-25 14:56:00,8402.5,8420.0,8402.5,8405.5,72
ASTRAZEN,2026-03-25 14:57:00,8405.5,8405.5,8405.5,8405.5,0
ASTRAZEN,2026-03-25 14:58:00,8405.5,8405.5,8405.5,8405.5,0
ASTRAZEN,2026-03-25 14:59:00,8405.5,8418.0,8405.5,8418.0,0
ASTRAZEN,2026-03-25 15:00:00,8404.5,8407.0,8400.0,8400.0,21
ASTRAZEN,2026-03-25 15:01:00,8400.0,8400.0,8400.0,8400.0,0
ASTRAZEN,2026-03-25 15:02:00,8400.0,8419.0,8400.0,8419.0,1
ASTRAZEN,2026-03-25 15:03:00,8419.0,8419.0,8419.0,8419.0,1
ASTRAZEN,2026-03-25 15:04:00,8419.0,8419.0,8409.5,8417.0,9
ASTRAZEN,2026-03-25 15:05:00,8417.0,8417.0,8415.0,8415.0,1
ASTRAZEN,2026-03-25 15:06:00,8415.0,8415.0,8406.0,8406.0,10
ASTRAZEN,2026-03-25 15:07:00,8415.0,8415.0,8415.0,8415.0,3
ASTRAZEN,2026-03-25 15:08:00,8415.0,8415.0,8406.0,8415.0,2
ASTRAZEN,2026-03-25 15:09:00,8415.0,8415.0,8415.0,8415.0,2
ASTRAZEN,2026-03-25 15:10:00,8415.0,8415.0,8407.5,8415.0,43
ASTRAZEN,2026-03-25 15:11:00,8415.0,8419.0,8406.0,8419.0,12
ASTRAZEN,2026-03-25 15:12:00,8419.0,8419.0,8407.0,8409.5,17
ASTRAZEN,2026-03-25 15:13:00,8409.5,8419.0,8402.5,8402.5,14
ASTRAZEN,2026-03-25 15:14:00,8402.5,8415.0,8402.5,8415.0,4
ASTRAZEN,2026-03-25 15:15:00,8415.0,8419.0,8415.0,8419.0,16
ASTRAZEN,2026-03-25 15:16:00,8419.0,8425.0,8419.0,8422.5,3
ASTRAZEN,2026-03-25 15:17:00,8420.0,8420.0,8420.0,8420.0,21
ASTRAZEN,2026-03-25 15:18:00,8421.0,8425.0,8412.5,8425.0,16
ASTRAZEN,2026-03-25 15:19:00,8421.5,8434.5,8421.5,8433.5,19
ASTRAZEN,2026-03-25 15:20:00,8433.5,8433.5,8430.0,8430.0,4
ASTRAZEN,2026-03-25 15:21:00,8430.0,8430.0,8405.5,8415.5,82
ASTRAZEN,2026-03-25 15:22:00,8415.5,8429.5,8415.5,8416.0,4
ASTRAZEN,2026-03-25 15:23:00,8430.0,8432.5,8416.0,8416.0,171
ASTRAZEN,2026-03-25 15:24:00,8416.0,8416.0,8400.0,8408.0,20
ASTRAZEN,2026-03-25 15:25:00,8400.0,8424.0,8400.0,8424.0,45
ASTRAZEN,2026-03-25 15:26:00,8407.5,8414.0,8400.0,8400.0,37
ASTRAZEN,2026-03-25 15:27:00,8411.0,8434.5,8403.0,8434.5,12
ASTRAZEN,2026-03-25 15:28:00,8434.5,8434.5,8410.5,8415.0,8
ASTRAZEN,2026-03-25 15:29:00,8400.5,8400.5,8400.0,8400.0,32
ASTRAZEN,2026-03-27 09:15:00,8400.5,8442.0,8339.5,8339.5,78
ASTRAZEN,2026-03-27 09:16:00,8339.5,8340.0,8339.5,8340.0,8
ASTRAZEN,2026-03-27 09:17:00,8340.0,8358.5,8340.0,8358.5,32
ASTRAZEN,2026-03-27 09:18:00,8353.0,8371.0,8353.0,8371.0,12
ASTRAZEN,2026-03-27 09:19:00,8340.0,8340.0,8310.0,8314.5,79
ASTRAZEN,2026-03-27 09:20:00,8310.0,8339.5,8310.0,8330.5,308
ASTRAZEN,2026-03-27 09:21:00,8300.5,8356.0,8231.5,8356.0,286
ASTRAZEN,2026-03-27 09:22:00,8350.5,8350.5,8320.0,8320.0,137
ASTRAZEN,2026-03-27 09:23:00,8320.0,8322.0,8320.0,8322.0,1
ASTRAZEN,2026-03-27 09:24:00,8322.0,8337.0,8322.0,8337.0,2
ASTRAZEN,2026-03-27 09:25:00,8318.0,8318.0,8310.0,8310.0,54
ASTRAZEN,2026-03-27 09:26:00,8312.5,8319.0,8311.0,8311.0,216
ASTRAZEN,2026-03-27 09:27:00,8311.0,8325.5,8311.0,8325.5,38
ASTRAZEN,2026-03-27 09:28:00,8325.5,8325.5,8322.0,8322.0,0
ASTRAZEN,2026-03-27 09:29:00,8309.5,8322.0,8309.5,8320.5,117
ASTRAZEN,2026-03-27 09:30:00,8310.0,8310.0,8270.5,8270.5,71
ASTRAZEN,2026-03-27 09:31:00,8270.5,8304.5,8270.5,8304.5,173
ASTRAZEN,2026-03-27 09:32:00,8304.5,8310.0,8304.5,8310.0,20
ASTRAZEN,2026-03-27 09:33:00,8310.0,8321.5,8310.0,8321.5,2
ASTRAZEN,2026-03-27 09:34:00,8321.5,8321.5,8309.5,8321.0,9
ASTRAZEN,2026-03-27 09:35:00,8321.0,8321.0,8306.0,8306.0,12
ASTRAZEN,2026-03-27 09:36:00,8306.0,8306.0,8287.5,8287.5,48
ASTRAZEN,2026-03-27 09:37:00,8275.5,8275.5,8265.0,8265.0,45
ASTRAZEN,2026-03-27 09:38:00,8265.0,8267.5,8265.0,8265.5,152
ASTRAZEN,2026-03-27 09:39:00,8280.0,8283.0,8280.0,8283.0,2
ASTRAZEN,2026-03-27 09:40:00,8291.0,8291.0,8282.0,8282.0,7
ASTRAZEN,2026-03-27 09:41:00,8282.0,8282.0,8282.0,8282.0,0
ASTRAZEN,2026-03-27 09:42:00,8282.0,8282.0,8282.0,8282.0,0
ASTRAZEN,2026-03-27 09:43:00,8279.0,8279.0,8279.0,8279.0,25
ASTRAZEN,2026-03-27 09:44:00,8279.0,8298.5,8274.0,8298.5,178
ASTRAZEN,2026-03-27 09:45:00,8298.5,8304.0,8293.5,8293.5,10
ASTRAZEN,2026-03-27 09:46:00,8293.5,8293.5,8293.5,8293.5,0
ASTRAZEN,2026-03-27 09:47:00,8293.5,8293.5,8293.5,8293.5,0
ASTRAZEN,2026-03-27 09:48:00,8293.5,8293.5,8285.0,8285.0,14
ASTRAZEN,2026-03-27 09:49:00,8285.0,8285.0,8285.0,8285.0,0
ASTRAZEN,2026-03-27 09:50:00,8285.0,8291.5,8282.0,8291.5,42
ASTRAZEN,2026-03-27 09:51:00,8291.5,8291.5,8281.0,8281.0,15
ASTRAZEN,2026-03-27 09:52:00,8281.0,8281.0,8281.0,8281.0,0
ASTRAZEN,2026-03-27 09:53:00,8271.5,8271.5,8260.0,8260.0,38
ASTRAZEN,2026-03-27 09:54:00,8250.0,8250.0,8238.5,8238.5,101
ASTRAZEN,2026-03-27 09:55:00,8245.5,8245.5,8225.0,8229.5,138
ASTRAZEN,2026-03-27 09:56:00,8232.5,8232.5,8226.0,8232.0,42
ASTRAZEN,2026-03-27 09:57:00,8232.0,8232.0,8228.5,8228.5,1
ASTRAZEN,2026-03-27 09:58:00,8228.5,8228.5,8227.5,8228.5,129
ASTRAZEN,2026-03-27 09:59:00,8228.5,8232.5,8228.5,8232.5,90
ASTRAZEN,2026-03-27 10:00:00,8232.5,8232.5,8219.5,8219.5,40
ASTRAZEN,2026-03-27 10:01:00,8225.5,8242.5,8225.5,8242.5,1
ASTRAZEN,2026-03-27 10:02:00,8242.5,8244.5,8242.5,8244.5,6
ASTRAZEN,2026-03-27 10:03:00,8244.5,8244.5,8243.5,8243.5,1
ASTRAZEN,2026-03-27 10:04:00,8243.5,8243.5,8228.0,8228.0,3
ASTRAZEN,2026-03-27 10:05:00,8228.0,8238.0,8223.0,8223.0,8
ASTRAZEN,2026-03-27 10:06:00,8217.0,8217.0,8195.5,8202.5,451
ASTRAZEN,2026-03-27 10:07:00,8202.5,8231.5,8202.5,8215.0,63
ASTRAZEN,2026-03-27 10:08:00,8215.0,8215.0,8214.5,8214.5,1
ASTRAZEN,2026-03-27 10:09:00,8214.5,8214.5,8214.5,8214.5,22
ASTRAZEN,2026-03-27 10:10:00,8214.5,8214.5,8205.0,8208.0,7
ASTRAZEN,2026-03-27 10:11:00,8208.0,8208.0,8208.0,8208.0,0
ASTRAZEN,2026-03-27 10:12:00,8208.0,8214.0,8200.0,8208.0,218
ASTRAZEN,2026-03-27 10:13:00,8208.0,8208.0,8208.0,8208.0,0
ASTRAZEN,2026-03-27 10:14:00,8208.0,8233.0,8208.0,8224.5,107
ASTRAZEN,2026-03-27 10:15:00,8224.5,8224.5,8224.5,8224.5,0
ASTRAZEN,2026-03-27 10:16:00,8224.5,8224.5,8224.5,8224.5,0
ASTRAZEN,2026-03-27 10:17:00,8224.5,8224.5,8224.5,8224.5,0
ASTRAZEN,2026-03-27 10:18:00,8224.5,8224.5,8224.5,8224.5,0
ASTRAZEN,2026-03-27 10:19:00,8224.5,8224.5,8212.0,8212.0,46
ASTRAZEN,2026-03-27 10:20:00,8201.0,8201.0,8201.0,8201.0,24
ASTRAZEN,2026-03-27 10:21:00,8201.0,8201.0,8201.0,8201.0,0
ASTRAZEN,2026-03-27 10:22:00,8201.0,8210.5,8201.0,8210.5,26
ASTRAZEN,2026-03-27 10:23:00,8210.0,8216.0,8210.0,8216.0,122
ASTRAZEN,2026-03-27 10:24:00,8216.0,8219.0,8216.0,8219.0,1
ASTRAZEN,2026-03-27 10:25:00,8219.0,8219.0,8219.0,8219.0,1
ASTRAZEN,2026-03-27 10:26:00,8219.0,8234.0,8219.0,8229.0,21
ASTRAZEN,2026-03-27 10:27:00,8229.0,8229.0,8229.0,8229.0,0
ASTRAZEN,2026-03-27 10:28:00,8229.0,8229.0,8229.0,8229.0,0
ASTRAZEN,2026-03-27 10:29:00,8229.0,8229.0,8229.0,8229.0,0
ASTRAZEN,2026-03-27 10:30:00,8229.0,8229.0,8229.0,8229.0,0
ASTRAZEN,2026-03-27 10:31:00,8229.0,8229.0,8229.0,8229.0,0
ASTRAZEN,2026-03-27 10:32:00,8229.0,8229.0,8229.0,8229.0,0
ASTRAZEN,2026-03-27 10:33:00,8228.5,8228.5,8225.0,8225.0,31
ASTRAZEN,2026-03-27 10:34:00,8225.0,8225.0,8225.0,8225.0,1
ASTRAZEN,2026-03-27 10:35:00,8225.0,8225.0,8201.0,8213.5,42
ASTRAZEN,2026-03-27 10:36:00,8213.5,8215.0,8211.5,8215.0,104
ASTRAZEN,2026-03-27 10:37:00,8215.0,8215.0,8215.0,8215.0,8
ASTRAZEN,2026-03-27 10:38:00,8215.0,8215.0,8213.5,8213.5,9
ASTRAZEN,2026-03-27 10:39:00,8213.5,8213.5,8213.5,8213.5,0
ASTRAZEN,2026-03-27 10:40:00,8213.5,8213.5,8213.5,8213.5,0
ASTRAZEN,2026-03-27 10:41:00,8213.5,8213.5,8213.5,8213.5,0
ASTRAZEN,2026-03-27 10:42:00,8213.5,8213.5,8210.0,8210.0,5
ASTRAZEN,2026-03-27 10:43:00,8210.0,8213.5,8210.0,8213.5,5
ASTRAZEN,2026-03-27 10:44:00,8213.5,8213.5,8210.0,8210.0,12
ASTRAZEN,2026-03-27 10:45:00,8215.0,8215.0,8215.0,8215.0,1
ASTRAZEN,2026-03-27 10:46:00,8202.5,8214.0,8202.5,8214.0,3
ASTRAZEN,2026-03-27 10:47:00,8214.0,8215.0,8201.0,8211.5,16
ASTRAZEN,2026-03-27 10:48:00,8211.5,8211.5,8211.5,8211.5,0
ASTRAZEN,2026-03-27 10:49:00,8215.0,8215.0,8205.5,8205.5,12
ASTRAZEN,2026-03-27 10:50:00,8205.5,8205.5,8205.5,8205.5,0
ASTRAZEN,2026-03-27 10:51:00,8205.5,8205.5,8205.5,8205.5,0
ASTRAZEN,2026-03-27 10:52:00,8177.5,8198.5,8177.5,8198.5,91
ASTRAZEN,2026-03-27 10:53:00,8193.0,8193.0,8193.0,8193.0,29
ASTRAZEN,2026-03-27 10:54:00,8193.0,8193.5,8193.0,8193.5,1
ASTRAZEN,2026-03-27 10:55:00,8193.5,8193.5,8189.5,8189.5,2
ASTRAZEN,2026-03-27 10:56:00,8189.5,8213.5,8189.5,8213.5,96
ASTRAZEN,2026-03-27 10:57:00,8213.5,8223.5,8213.5,8223.5,5
ASTRAZEN,2026-03-27 10:58:00,8223.5,8223.5,8206.0,8206.0,38
ASTRAZEN,2026-03-27 10:59:00,8217.5,8217.5,8215.5,8215.5,3
ASTRAZEN,2026-03-27 11:00:00,8215.5,8215.5,8215.5,8215.5,0
ASTRAZEN,2026-03-27 11:01:00,8215.5,8215.5,8215.5,8215.5,0
ASTRAZEN,2026-03-27 11:02:00,8226.0,8226.0,8226.0,8226.0,10
ASTRAZEN,2026-03-27 11:03:00,8226.0,8226.0,8226.0,8226.0,0
ASTRAZEN,2026-03-27 11:04:00,8226.0,8226.0,8226.0,8226.0,0
ASTRAZEN,2026-03-27 11:05:00,8226.0,8226.0,8213.5,8213.5,7
ASTRAZEN,2026-03-27 11:06:00,8213.5,8218.5,8208.0,8208.0,39
ASTRAZEN,2026-03-27 11:07:00,8208.0,8208.0,8208.0,8208.0,0
ASTRAZEN,2026-03-27 11:08:00,8208.0,8229.5,8208.0,8229.5,3
ASTRAZEN,2026-03-27 11:09:00,8229.5,8230.0,8229.5,8230.0,11
ASTRAZEN,2026-03-27 11:10:00,8230.0,8230.0,8225.5,8225.5,1
ASTRAZEN,2026-03-27 11:11:00,8225.5,8225.5,8225.5,8225.5,0
ASTRAZEN,2026-03-27 11:12:00,8225.5,8225.5,8219.0,8219.0,13
ASTRAZEN,2026-03-27 11:13:00,8219.0,8230.5,8219.0,8230.5,4
ASTRAZEN,2026-03-27 11:14:00,8230.5,8238.0,8230.5,8233.0,19
ASTRAZEN,2026-03-27 11:15:00,8233.0,8233.5,8225.0,8225.0,6
ASTRAZEN,2026-03-27 11:16:00,8225.0,8225.0,8220.0,8220.0,1
ASTRAZEN,2026-03-27 11:17:00,8220.0,8220.0,8220.0,8220.0,0
ASTRAZEN,2026-03-27 11:18:00,8220.0,8220.0,8220.0,8220.0,0
ASTRAZEN,2026-03-27 11:19:00,8220.0,8220.0,8202.5,8211.5,10
ASTRAZEN,2026-03-27 11:20:00,8211.5,8211.5,8211.5,8211.5,0
ASTRAZEN,2026-03-27 11:21:00,8211.5,8211.5,8211.0,8211.0,15
ASTRAZEN,2026-03-27 11:22:00,8211.0,8211.0,8211.0,8211.0,0
ASTRAZEN,2026-03-27 11:23:00,8211.0,8211.0,8205.5,8205.5,2
ASTRAZEN,2026-03-27 11:24:00,8205.5,8205.5,8201.5,8201.5,8
ASTRAZEN,2026-03-27 11:25:00,8200.5,8214.0,8200.5,8214.0,13
ASTRAZEN,2026-03-27 11:26:00,8214.0,8215.0,8214.0,8215.0,1
ASTRAZEN,2026-03-27 11:27:00,8215.0,8215.0,8215.0,8215.0,0
ASTRAZEN,2026-03-27 11:28:00,8215.0,8215.0,8215.0,8215.0,0
ASTRAZEN,2026-03-27 11:29:00,8215.0,8215.0,8201.0,8201.0,5
ASTRAZEN,2026-03-27 11:30:00,8201.0,8201.0,8201.0,8201.0,0
ASTRAZEN,2026-03-27 11:31:00,8201.5,8201.5,8175.0,8201.5,251
ASTRAZEN,2026-03-27 11:32:00,8190.0,8200.0,8182.5,8200.0,36
ASTRAZEN,2026-03-27 11:33:00,8199.5,8199.5,8199.5,8199.5,5
ASTRAZEN,2026-03-27 11:34:00,8199.5,8202.5,8183.0,8199.0,26
ASTRAZEN,2026-03-27 11:35:00,8199.0,8199.0,8199.0,8199.0,37
ASTRAZEN,2026-03-27 11:36:00,8199.0,8212.5,8199.0,8212.5,1
ASTRAZEN,2026-03-27 11:37:00,8212.5,8214.5,8205.5,8205.5,12
ASTRAZEN,2026-03-27 11:39:00,8215.0,8222.5,8215.0,8222.5,31
ASTRAZEN,2026-03-27 11:40:00,8222.5,8222.5,8199.0,8199.0,15
ASTRAZEN,2026-03-27 11:41:00,8199.0,8202.0,8199.0,8202.0,5
ASTRAZEN,2026-03-27 11:42:00,8202.0,8202.0,8202.0,8202.0,0
ASTRAZEN,2026-03-27 11:43:00,8202.0,8206.0,8202.0,8206.0,8
ASTRAZEN,2026-03-27 11:44:00,8206.0,8219.0,8206.0,8219.0,3
ASTRAZEN,2026-03-27 11:45:00,8204.0,8225.5,8204.0,8221.5,113
ASTRAZEN,2026-03-27 11:46:00,8221.5,8221.5,8221.5,8221.5,1
ASTRAZEN,2026-03-27 11:47:00,8221.5,8221.5,8221.5,8221.5,0
ASTRAZEN,2026-03-27 11:48:00,8221.5,8221.5,8221.0,8221.0,1
ASTRAZEN,2026-03-27 11:49:00,8211.5,8211.5,8211.5,8211.5,4
ASTRAZEN,2026-03-27 11:50:00,8202.5,8216.0,8200.0,8202.5,21
ASTRAZEN,2026-03-27 11:51:00,8202.5,8202.5,8202.5,8202.5,0
ASTRAZEN,2026-03-27 11:52:00,8202.5,8202.5,8202.5,8202.5,0
ASTRAZEN,2026-03-27 11:53:00,8205.0,8205.0,8194.5,8199.5,19
ASTRAZEN,2026-03-27 11:54:00,8197.5,8197.5,8195.0,8195.0,30
ASTRAZEN,2026-03-27 11:55:00,8195.0,8205.0,8195.0,8205.0,11
ASTRAZEN,2026-03-27 11:56:00,8205.0,8205.0,8191.5,8191.5,26
ASTRAZEN,2026-03-27 11:57:00,8191.5,8204.0,8191.5,8204.0,2
ASTRAZEN,2026-03-27 11:58:00,8204.0,8204.0,8191.5,8191.5,23
ASTRAZEN,2026-03-27 11:59:00,8191.5,8191.5,8181.0,8181.0,1
ASTRAZEN,2026-03-27 12:00:00,8181.0,8193.5,8181.0,8193.5,2
ASTRAZEN,2026-03-27 12:01:00,8193.5,8193.5,8182.0,8182.0,6
ASTRAZEN,2026-03-27 12:02:00,8182.0,8182.0,8165.0,8167.0,211
ASTRAZEN,2026-03-27 12:03:00,8167.0,8167.5,8167.0,8167.5,1
ASTRAZEN,2026-03-27 12:04:00,8167.5,8167.5,8167.5,8167.5,6
ASTRAZEN,2026-03-27 12:05:00,8160.0,8163.5,8159.0,8163.5,9
ASTRAZEN,2026-03-27 12:06:00,8163.5,8163.5,8157.0,8163.5,5
ASTRAZEN,2026-03-27 12:07:00,8163.5,8168.5,8163.5,8167.5,2
ASTRAZEN,2026-03-27 12:08:00,8165.0,8165.0,8165.0,8165.0,10
ASTRAZEN,2026-03-27 12:09:00,8165.0,8165.0,8165.0,8165.0,1
ASTRAZEN,2026-03-27 12:10:00,8165.0,8165.0,8165.0,8165.0,14
ASTRAZEN,2026-03-27 12:11:00,8165.0,8200.0,8165.0,8200.0,221
ASTRAZEN,2026-03-27 12:12:00,8185.0,8193.5,8185.0,8193.5,2
ASTRAZEN,2026-03-27 12:13:00,8177.0,8193.0,8175.5,8193.0,50
ASTRAZEN,2026-03-27 12:14:00,8193.0,8193.0,8190.0,8190.0,1
ASTRAZEN,2026-03-27 12:15:00,8190.0,8190.0,8176.5,8176.5,12
ASTRAZEN,2026-03-27 12:16:00,8176.5,8176.5,8176.5,8176.5,0
ASTRAZEN,2026-03-27 12:17:00,8189.5,8189.5,8189.5,8189.5,1
ASTRAZEN,2026-03-27 12:18:00,8189.5,8189.5,8176.0,8176.0,10
ASTRAZEN,2026-03-27 12:19:00,8172.0,8190.0,8172.0,8190.0,206
ASTRAZEN,2026-03-27 12:20:00,8190.0,8190.0,8190.0,8190.0,0
ASTRAZEN,2026-03-27 12:21:00,8190.0,8190.0,8190.0,8190.0,1
ASTRAZEN,2026-03-27 12:22:00,8190.0,8190.0,8190.0,8190.0,0
ASTRAZEN,2026-03-27 12:23:00,8190.0,8190.0,8185.0,8185.0,9
ASTRAZEN,2026-03-27 12:24:00,8185.0,8185.0,8185.0,8185.0,0
ASTRAZEN,2026-03-27 12:25:00,8185.0,8190.0,8185.0,8190.0,1
ASTRAZEN,2026-03-27 12:26:00,8190.0,8190.0,8185.0,8185.0,72
ASTRAZEN,2026-03-27 12:27:00,8185.0,8185.0,8181.5,8181.5,6
ASTRAZEN,2026-03-27 12:28:00,8181.5,8188.5,8181.5,8188.5,1
ASTRAZEN,2026-03-27 12:29:00,8188.5,8188.5,8188.5,8188.5,0
ASTRAZEN,2026-03-27 12:30:00,8188.5,8188.5,8187.5,8187.5,5
ASTRAZEN,2026-03-27 12:31:00,8173.5,8189.0,8173.5,8181.5,45
ASTRAZEN,2026-03-27 12:32:00,8172.0,8173.0,8172.0,8173.0,20
ASTRAZEN,2026-03-27 12:33:00,8173.0,8185.5,8173.0,8185.5,31
ASTRAZEN,2026-03-27 12:34:00,8185.5,8185.5,8175.0,8175.0,20
ASTRAZEN,2026-03-27 12:35:00,8173.0,8173.0,8173.0,8173.0,4
ASTRAZEN,2026-03-27 12:36:00,8173.0,8186.0,8173.0,8177.0,2
ASTRAZEN,2026-03-27 12:37:00,8177.0,8177.0,8177.0,8177.0,5
ASTRAZEN,2026-03-27 12:38:00,8177.0,8177.0,8172.0,8172.0,81
ASTRAZEN,2026-03-27 12:39:00,8160.0,8160.0,8160.0,8160.0,225
ASTRAZEN,2026-03-27 12:40:00,8160.0,8160.0,8157.5,8157.5,16
ASTRAZEN,2026-03-27 12:41:00,8156.5,8156.5,8151.0,8156.5,42
ASTRAZEN,2026-03-27 12:42:00,8166.5,8167.0,8166.5,8167.0,6
ASTRAZEN,2026-03-27 12:43:00,8167.0,8172.5,8161.0,8172.5,6
ASTRAZEN,2026-03-27 12:44:00,8172.5,8172.5,8172.5,8172.5,8
ASTRAZEN,2026-03-27 12:45:00,8172.5,8175.0,8162.5,8169.0,18
ASTRAZEN,2026-03-27 12:46:00,8169.0,8169.0,8161.0,8161.0,5
ASTRAZEN,2026-03-27 12:47:00,8161.0,8161.0,8161.0,8161.0,0
ASTRAZEN,2026-03-27 12:48:00,8163.0,8163.0,8163.0,8163.0,9
ASTRAZEN,2026-03-27 12:49:00,8155.0,8161.0,8154.0,8161.0,13
ASTRAZEN,2026-03-27 12:50:00,8161.0,8161.5,8153.0,8153.0,7
ASTRAZEN,2026-03-27 12:51:00,8153.0,8153.0,8140.0,8146.0,152
ASTRAZEN,2026-03-27 12:52:00,8146.0,8146.0,8138.0,8138.0,21
ASTRAZEN,2026-03-27 12:53:00,8137.0,8137.0,8130.5,8130.5,11
ASTRAZEN,2026-03-27 12:54:00,8130.5,8140.0,8130.5,8140.0,7
ASTRAZEN,2026-03-27 12:55:00,8140.0,8140.0,8138.5,8138.5,4
ASTRAZEN,2026-03-27 12:56:00,8138.5,8140.0,8138.5,8140.0,3
ASTRAZEN,2026-03-27 12:57:00,8131.0,8136.5,8131.0,8136.5,20
ASTRAZEN,2026-03-27 12:58:00,8131.0,8131.0,8131.0,8131.0,4
ASTRAZEN,2026-03-27 12:59:00,8131.0,8131.0,8127.0,8127.0,4
ASTRAZEN,2026-03-27 13:00:00,8127.0,8130.0,8125.0,8130.0,9
ASTRAZEN,2026-03-27 13:01:00,8130.0,8130.0,8130.0,8130.0,1
ASTRAZEN,2026-03-27 13:02:00,8126.5,8126.5,8118.5,8126.5,52
ASTRAZEN,2026-03-27 13:03:00,8126.5,8140.0,8120.0,8120.0,91
ASTRAZEN,2026-03-27 13:04:00,8120.0,8126.5,8109.0,8120.0,293
ASTRAZEN,2026-03-27 13:05:00,8120.0,8127.5,8120.0,8127.5,13
ASTRAZEN,2026-03-27 13:06:00,8127.5,8127.5,8118.0,8118.0,18
ASTRAZEN,2026-03-27 13:07:00,8118.0,8119.5,8118.0,8119.5,2
ASTRAZEN,2026-03-27 13:08:00,8119.5,8121.0,8119.5,8121.0,5
ASTRAZEN,2026-03-27 13:09:00,8121.0,8121.0,8121.0,8121.0,22
ASTRAZEN,2026-03-27 13:10:00,8121.0,8124.5,8121.0,8124.5,1
ASTRAZEN,2026-03-27 13:11:00,8124.5,8124.5,8124.5,8124.5,11
ASTRAZEN,2026-03-27 13:12:00,8124.5,8134.0,8124.5,8125.5,23
ASTRAZEN,2026-03-27 13:13:00,8121.0,8121.0,8117.0,8117.0,27
ASTRAZEN,2026-03-27 13:14:00,8117.0,8129.0,8117.0,8129.0,1
ASTRAZEN,2026-03-27 13:15:00,8129.0,8129.0,8126.5,8126.5,2
ASTRAZEN,2026-03-27 13:16:00,8117.0,8129.0,8117.0,8129.0,15
ASTRAZEN,2026-03-27 13:17:00,8129.0,8140.0,8129.0,8139.5,56
ASTRAZEN,2026-03-27 13:18:00,8139.5,8139.5,8127.0,8127.0,2
ASTRAZEN,2026-03-27 13:19:00,8127.0,8127.0,8126.5,8126.5,8
ASTRAZEN,2026-03-27 13:20:00,8126.5,8126.5,8126.5,8126.5,0
ASTRAZEN,2026-03-27 13:21:00,8126.5,8126.5,8121.5,8121.5,21
ASTRAZEN,2026-03-27 13:22:00,8126.5,8126.5,8116.5,8116.5,2
ASTRAZEN,2026-03-27 13:23:00,8116.5,8129.0,8116.5,8129.0,20
ASTRAZEN,2026-03-27 13:24:00,8129.0,8129.0,8117.0,8128.5,10
ASTRAZEN,2026-03-27 13:25:00,8128.5,8128.5,8116.5,8116.5,5
ASTRAZEN,2026-03-27 13:26:00,8116.5,8117.0,8116.5,8117.0,5
ASTRAZEN,2026-03-27 13:27:00,8121.5,8121.5,8121.5,8121.5,1
ASTRAZEN,2026-03-27 13:28:00,8117.0,8117.0,8117.0,8117.0,4
ASTRAZEN,2026-03-27 13:29:00,8117.0,8117.0,8112.0,8116.5,46
ASTRAZEN,2026-03-27 13:30:00,8116.5,8116.5,8116.5,8116.5,5
ASTRAZEN,2026-03-27 13:31:00,8116.5,8116.5,8110.0,8110.0,51
ASTRAZEN,2026-03-27 13:32:00,8109.5,8110.0,8109.5,8110.0,17
ASTRAZEN,2026-03-27 13:33:00,8106.0,8114.0,8101.0,8114.0,60
ASTRAZEN,2026-03-27 13:34:00,8114.0,8114.0,8103.0,8103.0,55
ASTRAZEN,2026-03-27 13:35:00,8103.0,8121.5,8101.5,8121.5,130
ASTRAZEN,2026-03-27 13:36:00,8121.5,8122.0,8121.5,8122.0,2
ASTRAZEN,2026-03-27 13:37:00,8122.0,8122.0,8119.5,8119.5,20
ASTRAZEN,2026-03-27 13:38:00,8119.5,8119.5,8119.5,8119.5,0
ASTRAZEN,2026-03-27 13:39:00,8119.5,8119.5,8110.5,8110.5,10
ASTRAZEN,2026-03-27 13:40:00,8110.5,8110.5,8110.5,8110.5,1
ASTRAZEN,2026-03-27 13:41:00,8111.0,8127.5,8110.0,8127.0,15
ASTRAZEN,2026-03-27 13:42:00,8127.0,8127.0,8120.5,8120.5,10
ASTRAZEN,2026-03-27 13:43:00,8120.5,8120.5,8120.5,8120.5,0
ASTRAZEN,2026-03-27 13:44:00,8117.0,8118.5,8117.0,8117.0,7
ASTRAZEN,2026-03-27 13:45:00,8117.0,8118.5,8117.0,8118.5,8
ASTRAZEN,2026-03-27 13:46:00,8118.5,8119.5,8117.5,8117.5,13
ASTRAZEN,2026-03-27 13:47:00,8117.5,8117.5,8117.5,8117.5,0
ASTRAZEN,2026-03-27 13:48:00,8117.5,8135.0,8117.5,8134.0,7
ASTRAZEN,2026-03-27 13:49:00,8130.0,8130.0,8120.5,8120.5,23
ASTRAZEN,2026-03-27 13:50:00,8120.5,8128.0,8120.5,8128.0,3
ASTRAZEN,2026-03-27 13:51:00,8128.0,8129.0,8121.5,8121.5,6
ASTRAZEN,2026-03-27 13:52:00,8121.5,8121.5,8121.5,8121.5,0
ASTRAZEN,2026-03-27 13:53:00,8121.5,8128.0,8119.0,8128.0,6
ASTRAZEN,2026-03-27 13:54:00,8119.5,8120.0,8119.5,8120.0,16
ASTRAZEN,2026-03-27 13:55:00,8120.0,8120.0,8119.5,8119.5,1
ASTRAZEN,2026-03-27 13:56:00,8117.0,8118.5,8115.0,8118.5,44
ASTRAZEN,2026-03-27 13:57:00,8118.5,8118.5,8118.5,8118.5,0
ASTRAZEN,2026-03-27 13:58:00,8118.5,8127.0,8118.5,8127.0,2
ASTRAZEN,2026-03-27 13:59:00,8118.0,8118.0,8114.5,8114.5,9
ASTRAZEN,2026-03-27 14:00:00,8114.5,8114.5,8101.0,8102.0,43
ASTRAZEN,2026-03-27 14:01:00,8103.0,8103.5,8101.0,8101.0,51
ASTRAZEN,2026-03-27 14:02:00,8101.0,8105.0,8101.0,8105.0,11
ASTRAZEN,2026-03-27 14:03:00,8105.0,8117.0,8105.0,8117.0,6
ASTRAZEN,2026-03-27 14:04:00,8117.0,8117.0,8109.0,8116.0,14
ASTRAZEN,2026-03-27 14:05:00,8104.0,8105.5,8104.0,8105.5,21
ASTRAZEN,2026-03-27 14:06:00,8114.0,8114.0,8114.0,8114.0,1
ASTRAZEN,2026-03-27 14:07:00,8104.0,8130.0,8104.0,8130.0,225
ASTRAZEN,2026-03-27 14:08:00,8130.0,8159.5,8127.5,8159.5,202
ASTRAZEN,2026-03-27 14:09:00,8159.5,8178.0,8159.0,8178.0,44
ASTRAZEN,2026-03-27 14:10:00,8175.5,8195.0,8141.0,8184.0,1207
ASTRAZEN,2026-03-27 14:11:00,8184.0,8184.0,8161.0,8184.0,187
ASTRAZEN,2026-03-27 14:12:00,8184.0,8184.0,8184.0,8184.0,0
ASTRAZEN,2026-03-27 14:13:00,8184.0,8190.0,8180.0,8180.0,45
ASTRAZEN,2026-03-27 14:14:00,8180.0,8190.0,8180.0,8190.0,439
ASTRAZEN,2026-03-27 14:15:00,8190.0,8190.0,8184.5,8185.0,20
ASTRAZEN,2026-03-27 14:16:00,8185.0,8185.0,8173.5,8178.5,19
ASTRAZEN,2026-03-27 14:17:00,8178.5,8180.0,8170.0,8180.0,172
ASTRAZEN,2026-03-27 14:18:00,8186.0,8186.0,8180.0,8180.0,37
ASTRAZEN,2026-03-27 14:19:00,8180.0,8180.0,8167.0,8167.0,26
ASTRAZEN,2026-03-27 14:20:00,8167.0,8186.0,8167.0,8186.0,8
ASTRAZEN,2026-03-27 14:21:00,8186.0,8186.0,8173.5,8173.5,3
ASTRAZEN,2026-03-27 14:22:00,8184.5,8185.5,8180.0,8185.5,47
ASTRAZEN,2026-03-27 14:23:00,8185.5,8185.5,8180.0,8180.0,119
ASTRAZEN,2026-03-27 14:24:00,8180.0,8180.0,8180.0,8180.0,15
ASTRAZEN,2026-03-27 14:25:00,8180.0,8180.5,8180.0,8180.5,26
ASTRAZEN,2026-03-27 14:26:00,8180.5,8180.5,8180.0,8180.0,11
ASTRAZEN,2026-03-27 14:27:00,8180.0,8180.5,8180.0,8180.5,6
ASTRAZEN,2026-03-27 14:28:00,8180.5,8180.5,8180.0,8180.0,21
ASTRAZEN,2026-03-27 14:29:00,8180.0,8180.0,8180.0,8180.0,27
ASTRAZEN,2026-03-27 14:30:00,8180.0,8180.5,8170.0,8170.0,64
ASTRAZEN,2026-03-27 14:31:00,8170.0,8186.0,8170.0,8180.0,95
ASTRAZEN,2026-03-27 14:32:00,8180.0,8190.0,8180.0,8190.0,104
ASTRAZEN,2026-03-27 14:33:00,8190.0,8190.0,8190.0,8190.0,0
ASTRAZEN,2026-03-27 14:34:00,8190.0,8190.0,8186.0,8186.0,8
ASTRAZEN,2026-03-27 14:35:00,8186.0,8188.0,8185.0,8185.0,22
ASTRAZEN,2026-03-27 14:36:00,8185.0,8185.0,8182.0,8182.0,7
ASTRAZEN,2026-03-27 14:37:00,8183.0,8187.5,8183.0,8186.5,20
ASTRAZEN,2026-03-27 14:38:00,8186.5,8186.5,8184.5,8184.5,3
ASTRAZEN,2026-03-27 14:39:00,8186.0,8202.5,8186.0,8202.5,271
ASTRAZEN,2026-03-27 14:40:00,8213.0,8218.0,8213.0,8218.0,27
ASTRAZEN,2026-03-27 14:41:00,8218.0,8225.0,8218.0,8225.0,37
ASTRAZEN,2026-03-27 14:42:00,8225.0,8234.0,8221.0,8234.0,37
ASTRAZEN,2026-03-27 14:43:00,8234.0,8234.0,8221.0,8221.0,13
ASTRAZEN,2026-03-27 14:44:00,8221.0,8221.0,8209.0,8209.0,13
ASTRAZEN,2026-03-27 14:45:00,8209.0,8219.5,8209.0,8219.5,29
ASTRAZEN,2026-03-27 14:46:00,8216.0,8216.0,8216.0,8216.0,49
ASTRAZEN,2026-03-27 14:47:00,8216.0,8216.0,8210.0,8210.0,64
ASTRAZEN,2026-03-27 14:48:00,8210.0,8210.0,8201.0,8201.0,11
ASTRAZEN,2026-03-27 14:49:00,8201.0,8205.0,8199.5,8200.0,113
ASTRAZEN,2026-03-27 14:50:00,8200.0,8200.0,8168.0,8168.0,106
ASTRAZEN,2026-03-27 14:51:00,8166.0,8166.0,8166.0,8166.0,54
ASTRAZEN,2026-03-27 14:52:00,8178.0,8192.5,8166.0,8192.5,47
ASTRAZEN,2026-03-27 14:53:00,8190.0,8190.0,8176.0,8176.0,233
ASTRAZEN,2026-03-27 14:54:00,8174.5,8176.0,8162.0,8162.0,102
ASTRAZEN,2026-03-27 14:55:00,8162.5,8192.0,8162.5,8192.0,167
ASTRAZEN,2026-03-27 14:56:00,8190.0,8190.0,8190.0,8190.0,169
ASTRAZEN,2026-03-27 14:57:00,8190.0,8195.0,8156.5,8156.5,305
ASTRAZEN,2026-03-27 14:58:00,8156.0,8156.0,8149.0,8150.0,95
ASTRAZEN,2026-03-27 14:59:00,8150.0,8150.0,8118.5,8121.5,77
ASTRAZEN,2026-03-27 15:00:00,8102.5,8107.0,8002.5,8002.5,1488
ASTRAZEN,2026-03-27 15:01:00,7997.0,8024.5,7946.5,7946.5,1423
ASTRAZEN,2026-03-27 15:02:00,7971.5,8033.5,7971.5,8017.0,1576
ASTRAZEN,2026-03-27 15:03:00,8010.5,8031.0,7973.5,7973.5,1649
ASTRAZEN,2026-03-27 15:04:00,7975.5,7975.5,7901.5,7919.0,1552
ASTRAZEN,2026-03-27 15:05:00,7925.5,8008.0,7925.5,8008.0,2441
ASTRAZEN,2026-03-27 15:06:00,8000.5,8036.0,7971.0,8003.5,1705
ASTRAZEN,2026-03-27 15:07:00,8005.5,8024.5,7973.0,7973.0,1267
ASTRAZEN,2026-03-27 15:08:00,7963.5,8021.0,7954.0,7990.5,2030
ASTRAZEN,2026-03-27 15:09:00,8022.0,8055.5,8013.0,8046.5,1739
ASTRAZEN,2026-03-27 15:10:00,8032.5,8036.0,8010.0,8015.5,1501
ASTRAZEN,2026-03-27 15:11:00,8016.0,8016.0,7966.0,7968.0,1461
ASTRAZEN,2026-03-27 15:12:00,7946.5,7956.5,7902.0,7902.0,1772
ASTRAZEN,2026-03-27 15:13:00,7884.0,7963.0,7878.0,7905.0,3031
ASTRAZEN,2026-03-27 15:14:00,7890.0,7959.0,7881.0,7959.0,2356
ASTRAZEN,2026-03-27 15:15:00,7935.5,7976.0,7920.0,7949.0,2287
ASTRAZEN,2026-03-27 15:16:00,7974.0,7974.0,7900.0,7900.0,1509
ASTRAZEN,2026-03-27 15:17:00,7881.5,7899.0,7862.5,7879.5,1578
ASTRAZEN,2026-03-27 15:18:00,7880.0,7899.5,7851.0,7873.0,1954
ASTRAZEN,2026-03-27 15:19:00,7857.5,7893.0,7857.5,7884.5,1509
ASTRAZEN,2026-03-27 15:20:00,7851.5,7880.5,7851.5,7865.5,1871
ASTRAZEN,2026-03-27 15:21:00,7865.0,7880.0,7861.5,7870.5,1465
ASTRAZEN,2026-03-27 15:22:00,7840.5,7863.5,7840.5,7856.5,1739
ASTRAZEN,2026-03-27 15:23:00,7850.0,7855.5,7837.5,7838.5,1779
ASTRAZEN,2026-03-27 15:24:00,7838.5,7850.0,7837.5,7838.0,1325
ASTRAZEN,2026-03-27 15:25:00,7838.0,7852.5,7825.5,7829.5,1627
ASTRAZEN,2026-03-27 15:26:00,7831.0,7854.5,7831.0,7848.5,947
ASTRAZEN,2026-03-27 15:27:00,7847.0,7847.0,7825.0,7830.0,889
ASTRAZEN,2026-03-27 15:28:00,7838.0,7870.0,7806.5,7806.5,1021
ASTRAZEN,2026-03-27 15:29:00,7830.0,7860.0,7820.0,7860.0,420
ASTRAZEN,2026-03-30 09:15:00,7811.0,7876.5,7762.5,7786.5,289
ASTRAZEN,2026-03-30 09:16:00,7777.5,7821.0,7775.0,7821.0,69
ASTRAZEN,2026-03-30 09:17:00,7821.0,7875.0,7821.0,7875.0,154
ASTRAZEN,2026-03-30 09:18:00,7875.0,7875.0,7847.5,7847.5,46
ASTRAZEN,2026-03-30 09:19:00,7813.5,7824.0,7813.5,7823.5,72
ASTRAZEN,2026-03-30 09:20:00,7817.5,7832.5,7811.0,7832.5,67
ASTRAZEN,2026-03-30 09:21:00,7832.5,7872.0,7832.5,7861.5,90
ASTRAZEN,2026-03-30 09:22:00,7846.5,7862.5,7846.0,7847.0,24
ASTRAZEN,2026-03-30 09:23:00,7847.0,7855.0,7841.5,7841.5,14
ASTRAZEN,2026-03-30 09:24:00,7845.5,7859.5,7833.0,7833.0,65
ASTRAZEN,2026-03-30 09:25:00,7833.0,7848.5,7830.0,7842.5,46
ASTRAZEN,2026-03-30 09:26:00,7842.5,7844.5,7838.5,7844.5,12
ASTRAZEN,2026-03-30 09:27:00,7821.5,7837.5,7821.5,7837.5,19
ASTRAZEN,2026-03-30 09:28:00,7829.5,7838.0,7817.0,7817.0,109
ASTRAZEN,2026-03-30 09:29:00,7825.5,7869.0,7825.5,7869.0,360
ASTRAZEN,2026-03-30 09:30:00,7869.0,7885.0,7869.0,7885.0,13
ASTRAZEN,2026-03-30 09:31:00,7885.0,7899.0,7885.0,7899.0,36
ASTRAZEN,2026-03-30 09:32:00,7895.0,7901.5,7884.5,7885.0,129
ASTRAZEN,2026-03-30 09:33:00,7881.5,7890.5,7881.5,7890.5,19
ASTRAZEN,2026-03-30 09:34:00,7890.5,7891.5,7890.0,7891.0,6
ASTRAZEN,2026-03-30 09:35:00,7891.0,7899.5,7891.0,7897.5,16
ASTRAZEN,2026-03-30 09:36:00,7898.0,7898.0,7881.5,7881.5,36
ASTRAZEN,2026-03-30 09:37:00,7886.5,7893.5,7881.5,7893.5,34
ASTRAZEN,2026-03-30 09:38:00,7884.0,7893.5,7884.0,7885.5,14
ASTRAZEN,2026-03-30 09:39:00,7885.5,7885.5,7875.5,7875.5,37
ASTRAZEN,2026-03-30 09:40:00,7875.5,7887.0,7875.5,7887.0,27
ASTRAZEN,2026-03-30 09:41:00,7887.0,7887.0,7887.0,7887.0,0
ASTRAZEN,2026-03-30 09:42:00,7887.0,7887.0,7882.5,7886.5,8
ASTRAZEN,2026-03-30 09:43:00,7886.5,7897.5,7886.5,7897.5,4
ASTRAZEN,2026-03-30 09:44:00,7897.5,7897.5,7896.5,7896.5,2
ASTRAZEN,2026-03-30 09:45:00,7896.5,7896.5,7886.5,7886.5,1
ASTRAZEN,2026-03-30 09:46:00,7886.5,7897.0,7886.5,7897.0,9
ASTRAZEN,2026-03-30 09:47:00,7897.0,7897.0,7897.0,7897.0,0
ASTRAZEN,2026-03-30 09:48:00,7897.0,7897.0,7876.0,7876.0,2
ASTRAZEN,2026-03-30 09:49:00,7876.0,7876.0,7876.0,7876.0,0
ASTRAZEN,2026-03-30 09:50:00,7876.0,7882.5,7870.0,7882.5,14
ASTRAZEN,2026-03-30 09:51:00,7882.5,7884.5,7870.0,7870.0,32
ASTRAZEN,2026-03-30 09:52:00,7870.0,7870.0,7870.0,7870.0,0
ASTRAZEN,2026-03-30 09:53:00,7861.0,7861.0,7861.0,7861.0,1
ASTRAZEN,2026-03-30 09:54:00,7861.0,7870.5,7861.0,7870.5,1
ASTRAZEN,2026-03-30 09:55:00,7861.0,7873.5,7861.0,7861.5,16
ASTRAZEN,2026-03-30 09:56:00,7874.5,7874.5,7815.0,7817.5,129
ASTRAZEN,2026-03-30 09:57:00,7817.5,7830.0,7817.5,7830.0,17
ASTRAZEN,2026-03-30 09:58:00,7830.0,7830.0,7829.5,7829.5,4
ASTRAZEN,2026-03-30 09:59:00,7817.5,7829.5,7817.5,7829.5,7
ASTRAZEN,2026-03-30 10:00:00,7829.5,7829.5,7822.0,7822.0,24
ASTRAZEN,2026-03-30 10:01:00,7822.0,7822.0,7814.5,7814.5,18
ASTRAZEN,2026-03-30 10:02:00,7814.5,7818.5,7810.0,7818.5,40
ASTRAZEN,2026-03-30 10:03:00,7819.0,7829.5,7815.5,7821.5,59
ASTRAZEN,2026-03-30 10:04:00,7821.5,7821.5,7810.5,7810.5,10
ASTRAZEN,2026-03-30 10:05:00,7810.5,7820.5,7810.5,7813.5,30
ASTRAZEN,2026-03-30 10:06:00,7813.5,7813.5,7782.0,7782.0,56
ASTRAZEN,2026-03-30 10:07:00,7782.0,7782.0,7777.0,7777.0,25
ASTRAZEN,2026-03-30 10:08:00,7777.0,7777.0,7777.0,7777.0,10
ASTRAZEN,2026-03-30 10:09:00,7777.0,7781.0,7777.0,7781.0,3
ASTRAZEN,2026-03-30 10:10:00,7781.0,7781.0,7773.5,7773.5,45
ASTRAZEN,2026-03-30 10:11:00,7773.5,7773.5,7770.0,7770.0,2
ASTRAZEN,2026-03-30 10:12:00,7769.0,7769.0,7769.0,7769.0,5
ASTRAZEN,2026-03-30 10:13:00,7769.0,7769.0,7760.0,7760.0,12
ASTRAZEN,2026-03-30 10:14:00,7756.5,7756.5,7756.0,7756.5,6
ASTRAZEN,2026-03-30 10:15:00,7761.0,7769.0,7761.0,7769.0,16
ASTRAZEN,2026-03-30 10:16:00,7764.5,7764.5,7756.0,7756.0,10
ASTRAZEN,2026-03-30 10:17:00,7750.5,7755.5,7750.0,7750.0,36
ASTRAZEN,2026-03-30 10:18:00,7750.0,7750.0,7750.0,7750.0,3
ASTRAZEN,2026-03-30 10:19:00,7750.0,7750.0,7750.0,7750.0,0
ASTRAZEN,2026-03-30 10:20:00,7749.0,7750.0,7749.0,7750.0,31
ASTRAZEN,2026-03-30 10:21:00,7747.0,7748.5,7742.0,7748.5,6
ASTRAZEN,2026-03-30 10:22:00,7748.5,7771.0,7748.0,7751.0,73
ASTRAZEN,2026-03-30 10:23:00,7733.5,7741.0,7721.0,7736.0,154
ASTRAZEN,2026-03-30 10:24:00,7736.0,7741.5,7725.0,7730.5,25
ASTRAZEN,2026-03-30 10:25:00,7725.0,7728.0,7721.0,7728.0,11
ASTRAZEN,2026-03-30 10:26:00,7728.0,7728.0,7722.0,7722.0,13
ASTRAZEN,2026-03-30 10:27:00,7725.5,7726.0,7725.5,7726.0,12
ASTRAZEN,2026-03-30 10:28:00,7722.0,7726.0,7722.0,7726.0,21
ASTRAZEN,2026-03-30 10:29:00,7736.5,7736.5,7729.5,7729.5,11
ASTRAZEN,2026-03-30 10:30:00,7729.5,7729.5,7715.5,7716.5,69
ASTRAZEN,2026-03-30 10:31:00,7716.5,7717.5,7712.5,7717.5,8
ASTRAZEN,2026-03-30 10:32:00,7717.5,7718.0,7712.5,7717.0,10
ASTRAZEN,2026-03-30 10:33:00,7717.0,7729.5,7717.0,7725.0,8
ASTRAZEN,2026-03-30 10:34:00,7725.0,7725.0,7721.0,7721.0,2
ASTRAZEN,2026-03-30 10:35:00,7717.0,7721.0,7717.0,7721.0,2
ASTRAZEN,2026-03-30 10:36:00,7721.0,7721.0,7721.0,7721.0,1
ASTRAZEN,2026-03-30 10:37:00,7721.0,7721.0,7716.0,7716.0,9
ASTRAZEN,2026-03-30 10:38:00,7702.0,7706.0,7702.0,7706.0,29
ASTRAZEN,2026-03-30 10:39:00,7706.0,7752.0,7706.0,7752.0,102
ASTRAZEN,2026-03-30 10:40:00,7752.0,7752.0,7740.0,7741.0,17
ASTRAZEN,2026-03-30 10:41:00,7741.0,7741.0,7730.5,7730.5,256
ASTRAZEN,2026-03-30 10:42:00,7725.0,7732.5,7725.0,7732.5,9
ASTRAZEN,2026-03-30 10:43:00,7732.5,7733.5,7732.5,7733.5,3
ASTRAZEN,2026-03-30 10:44:00,7733.5,7733.5,7730.5,7730.5,12
ASTRAZEN,2026-03-30 10:45:00,7730.5,7730.5,7730.5,7730.5,6
ASTRAZEN,2026-03-30 10:46:00,7730.5,7730.5,7728.5,7728.5,1
ASTRAZEN,2026-03-30 10:47:00,7728.5,7728.5,7719.5,7719.5,11
ASTRAZEN,2026-03-30 10:48:00,7719.5,7721.5,7719.5,7719.5,14
ASTRAZEN,2026-03-30 10:49:00,7715.0,7715.0,7711.5,7715.0,15
ASTRAZEN,2026-03-30 10:50:00,7715.0,7723.5,7715.0,7716.0,14
ASTRAZEN,2026-03-30 10:51:00,7716.0,7716.0,7706.0,7707.5,55
ASTRAZEN,2026-03-30 10:52:00,7707.5,7707.5,7700.0,7704.0,20
ASTRAZEN,2026-03-30 10:53:00,7704.0,7704.5,7696.5,7701.5,45
ASTRAZEN,2026-03-30 10:54:00,7700.5,7700.5,7700.0,7700.0,9
ASTRAZEN,2026-03-30 10:55:00,7700.0,7700.0,7700.0,7700.0,0
ASTRAZEN,2026-03-30 10:56:00,7700.0,7701.0,7693.0,7699.5,15
ASTRAZEN,2026-03-30 10:57:00,7701.0,7701.0,7690.5,7701.0,57
ASTRAZEN,2026-03-30 10:58:00,7701.0,7711.0,7701.0,7706.5,30
ASTRAZEN,2026-03-30 10:59:00,7706.5,7706.5,7703.5,7703.5,13
ASTRAZEN,2026-03-30 11:00:00,7703.5,7704.0,7703.5,7704.0,1
ASTRAZEN,2026-03-30 11:01:00,7704.0,7704.0,7691.5,7691.5,1
ASTRAZEN,2026-03-30 11:02:00,7691.5,7691.5,7691.5,7691.5,0
ASTRAZEN,2026-03-30 11:03:00,7691.5,7691.5,7691.5,7691.5,1
ASTRAZEN,2026-03-30 11:04:00,7691.5,7695.0,7691.5,7695.0,3
ASTRAZEN,2026-03-30 11:05:00,7695.0,7695.0,7691.5,7691.5,3
ASTRAZEN,2026-03-30 11:06:00,7691.5,7697.0,7691.5,7697.0,22
ASTRAZEN,2026-03-30 11:07:00,7696.0,7704.0,7696.0,7704.0,3
ASTRAZEN,2026-03-30 11:08:00,7696.0,7704.0,7696.0,7704.0,2
ASTRAZEN,2026-03-30 11:09:00,7704.0,7716.0,7704.0,7709.0,33
ASTRAZEN,2026-03-30 11:10:00,7709.0,7709.0,7695.0,7695.0,30
ASTRAZEN,2026-03-30 11:11:00,7695.0,7695.0,7695.0,7695.0,0
ASTRAZEN,2026-03-30 11:12:00,7695.0,7695.0,7695.0,7695.0,0
ASTRAZEN,2026-03-30 11:13:00,7695.0,7695.0,7691.0,7691.0,5
ASTRAZEN,2026-03-30 11:14:00,7692.5,7700.0,7692.0,7699.0,34
ASTRAZEN,2026-03-30 11:15:00,7699.0,7699.0,7690.5,7690.5,25
ASTRAZEN,2026-03-30 11:16:00,7690.5,7701.5,7690.5,7696.0,15
ASTRAZEN,2026-03-30 11:17:00,7696.0,7711.0,7696.0,7711.0,23
ASTRAZEN,2026-03-30 11:18:00,7711.0,7711.0,7711.0,7711.0,0
ASTRAZEN,2026-03-30 11:19:00,7711.0,7711.0,7711.0,7711.0,0
ASTRAZEN,2026-03-30 11:20:00,7707.5,7707.5,7697.5,7697.5,9
ASTRAZEN,2026-03-30 11:21:00,7697.5,7697.5,7697.5,7697.5,0
ASTRAZEN,2026-03-30 11:22:00,7697.5,7697.5,7696.0,7696.0,10
ASTRAZEN,2026-03-30 11:23:00,7690.0,7696.5,7690.0,7696.5,8
ASTRAZEN,2026-03-30 11:24:00,7689.0,7690.0,7689.0,7690.0,20
ASTRAZEN,2026-03-30 11:25:00,7690.0,7690.0,7686.0,7689.5,2
ASTRAZEN,2026-03-30 11:26:00,7685.0,7685.0,7677.0,7677.0,19
ASTRAZEN,2026-03-30 11:27:00,7677.0,7744.0,7677.0,7728.0,788
ASTRAZEN,2026-03-30 11:28:00,7728.0,7745.5,7728.0,7745.5,7
ASTRAZEN,2026-03-30 11:29:00,7745.5,7756.0,7733.5,7744.0,46
ASTRAZEN,2026-03-30 11:30:00,7744.0,7744.0,7730.0,7730.0,22
ASTRAZEN,2026-03-30 11:31:00,7730.0,7730.0,7730.0,7730.0,0
ASTRAZEN,2026-03-30 11:32:00,7745.0,7746.5,7745.0,7746.5,10
ASTRAZEN,2026-03-30 11:33:00,7743.5,7744.5,7743.0,7744.5,18
ASTRAZEN,2026-03-30 11:34:00,7744.5,7744.5,7744.5,7744.5,0
ASTRAZEN,2026-03-30 11:35:00,7744.5,7755.5,7744.5,7747.5,17
ASTRAZEN,2026-03-30 11:36:00,7756.5,7756.5,7743.0,7743.0,24
ASTRAZEN,2026-03-30 11:37:00,7743.0,7743.0,7743.0,7743.0,0
ASTRAZEN,2026-03-30 11:38:00,7743.0,7743.0,7743.0,7743.0,0
ASTRAZEN,2026-03-30 11:39:00,7743.0,7746.5,7743.0,7746.5,4
ASTRAZEN,2026-03-30 11:40:00,7746.5,7746.5,7746.5,7746.5,0
ASTRAZEN,2026-03-30 11:41:00,7746.5,7746.5,7740.5,7740.5,2
ASTRAZEN,2026-03-30 11:42:00,7740.5,7740.5,7707.5,7707.5,22
ASTRAZEN,2026-03-30 11:43:00,7707.5,7711.5,7707.5,7711.5,7
ASTRAZEN,2026-03-30 11:44:00,7711.5,7711.5,7707.0,7707.0,3
ASTRAZEN,2026-03-30 11:45:00,7707.0,7707.0,7707.0,7707.0,7
ASTRAZEN,2026-03-30 11:46:00,7708.5,7724.0,7708.5,7724.0,12
ASTRAZEN,2026-03-30 11:47:00,7724.0,7731.5,7722.0,7722.0,20
ASTRAZEN,2026-03-30 11:48:00,7722.0,7722.0,7722.0,7722.0,0
ASTRAZEN,2026-03-30 11:49:00,7722.0,7722.0,7720.0,7720.0,3
ASTRAZEN,2026-03-30 11:50:00,7720.0,7720.0,7720.0,7720.0,0
ASTRAZEN,2026-03-30 11:51:00,7720.0,7720.0,7720.0,7720.0,0
ASTRAZEN,2026-03-30 11:52:00,7720.0,7720.0,7720.0,7720.0,9
ASTRAZEN,2026-03-30 11:53:00,7720.0,7720.0,7720.0,7720.0,0
ASTRAZEN,2026-03-30 11:54:00,7720.0,7720.0,7719.5,7719.5,19
ASTRAZEN,2026-03-30 11:55:00,7719.5,7719.5,7719.5,7719.5,0
ASTRAZEN,2026-03-30 11:56:00,7719.5,7730.0,7719.5,7730.0,1
ASTRAZEN,2026-03-30 11:57:00,7730.0,7730.0,7722.5,7722.5,2
ASTRAZEN,2026-03-30 11:58:00,7722.5,7722.5,7721.5,7721.5,1
ASTRAZEN,2026-03-30 11:59:00,7721.5,7730.0,7721.5,7730.0,1
ASTRAZEN,2026-03-30 12:00:00,7730.0,7730.0,7721.5,7721.5,1
ASTRAZEN,2026-03-30 12:01:00,7721.5,7727.5,7721.5,7727.5,11
ASTRAZEN,2026-03-30 12:02:00,7727.5,7736.0,7727.5,7736.0,5
ASTRAZEN,2026-03-30 12:03:00,7736.0,7738.5,7736.0,7738.5,18
ASTRAZEN,2026-03-30 12:04:00,7738.5,7744.5,7738.5,7742.0,5
ASTRAZEN,2026-03-30 12:05:00,7742.0,7755.0,7733.5,7755.0,29
ASTRAZEN,2026-03-30 12:06:00,7755.0,7755.0,7732.0,7736.5,13
ASTRAZEN,2026-03-30 12:07:00,7736.5,7736.5,7736.5,7736.5,0
ASTRAZEN,2026-03-30 12:08:00,7736.5,7736.5,7726.5,7726.5,3
ASTRAZEN,2026-03-30 12:09:00,7726.5,7726.5,7726.5,7726.5,0
ASTRAZEN,2026-03-30 12:10:00,7726.5,7732.5,7726.5,7732.5,20
ASTRAZEN,2026-03-30 12:11:00,7732.5,7732.5,7732.5,7732.5,2
ASTRAZEN,2026-03-30 12:12:00,7732.5,7732.5,7725.5,7725.5,1
ASTRAZEN,2026-03-30 12:13:00,7725.5,7725.5,7725.5,7725.5,0
ASTRAZEN,2026-03-30 12:14:00,7725.5,7732.0,7725.5,7732.0,4
ASTRAZEN,2026-03-30 12:15:00,7732.0,7732.0,7725.5,7725.5,3
ASTRAZEN,2026-03-30 12:16:00,7725.5,7725.5,7721.5,7725.0,22
ASTRAZEN,2026-03-30 12:17:00,7725.0,7725.0,7725.0,7725.0,0
ASTRAZEN,2026-03-30 12:18:00,7725.0,7727.0,7725.0,7727.0,1
ASTRAZEN,2026-03-30 12:19:00,7727.0,7727.0,7726.5,7726.5,2
ASTRAZEN,2026-03-30 12:20:00,7726.5,7726.5,7726.5,7726.5,1
ASTRAZEN,2026-03-30 12:21:00,7726.5,7726.5,7726.0,7726.0,13
ASTRAZEN,2026-03-30 12:22:00,7726.0,7726.0,7726.0,7726.0,0
ASTRAZEN,2026-03-30 12:23:00,7726.0,7726.0,7726.0,7726.0,0
ASTRAZEN,2026-03-30 12:24:00,7726.0,7731.5,7726.0,7731.5,1
ASTRAZEN,2026-03-30 12:25:00,7731.5,7731.5,7731.0,7731.0,1
ASTRAZEN,2026-03-30 12:26:00,7731.0,7731.0,7715.5,7715.5,6
ASTRAZEN,2026-03-30 12:27:00,7715.5,7715.5,7715.5,7715.5,0
ASTRAZEN,2026-03-30 12:28:00,7715.5,7715.5,7715.5,7715.5,2
ASTRAZEN,2026-03-30 12:29:00,7715.5,7715.5,7715.0,7715.0,4
ASTRAZEN,2026-03-30 12:30:00,7717.5,7717.5,7717.5,7717.5,8
ASTRAZEN,2026-03-30 12:31:00,7717.5,7717.5,7712.5,7712.5,1
ASTRAZEN,2026-03-30 12:32:00,7712.5,7712.5,7712.5,7712.5,0
ASTRAZEN,2026-03-30 12:33:00,7712.5,7712.5,7712.5,7712.5,0
ASTRAZEN,2026-03-30 12:34:00,7712.5,7712.5,7712.0,7712.0,16
ASTRAZEN,2026-03-30 12:35:00,7712.0,7718.5,7712.0,7718.5,2
ASTRAZEN,2026-03-30 12:36:00,7718.5,7718.5,7718.5,7718.5,0
ASTRAZEN,2026-03-30 12:38:00,7717.0,7717.0,7715.0,7717.0,36
ASTRAZEN,2026-03-30 12:39:00,7717.0,7717.0,7711.0,7711.0,8
ASTRAZEN,2026-03-30 12:40:00,7711.0,7711.0,7710.0,7710.0,1
ASTRAZEN,2026-03-30 12:41:00,7710.0,7717.5,7710.0,7717.5,19
ASTRAZEN,2026-03-30 12:42:00,7717.5,7717.5,7717.5,7717.5,0
ASTRAZEN,2026-03-30 12:43:00,7717.5,7717.5,7710.0,7710.0,11
ASTRAZEN,2026-03-30 12:44:00,7710.0,7710.0,7707.0,7707.0,18
ASTRAZEN,2026-03-30 12:45:00,7707.0,7707.0,7704.5,7704.5,8
ASTRAZEN,2026-03-30 12:46:00,7704.5,7704.5,7700.0,7700.0,31
ASTRAZEN,2026-03-30 12:47:00,7700.0,7711.0,7700.0,7711.0,48
ASTRAZEN,2026-03-30 12:48:00,7715.0,7715.0,7715.0,7715.0,19
ASTRAZEN,2026-03-30 12:49:00,7715.0,7728.5,7715.0,7728.5,60
ASTRAZEN,2026-03-30 12:50:00,7728.5,7728.5,7712.0,7712.0,6
ASTRAZEN,2026-03-30 12:51:00,7712.0,7712.0,7703.5,7703.5,4
ASTRAZEN,2026-03-30 12:52:00,7711.0,7711.0,7711.0,7711.0,19
ASTRAZEN,2026-03-30 12:53:00,7711.0,7711.0,7711.0,7711.0,0
ASTRAZEN,2026-03-30 12:54:00,7711.0,7711.0,7711.0,7711.0,0
ASTRAZEN,2026-03-30 12:55:00,7711.0,7713.0,7711.0,7713.0,16
ASTRAZEN,2026-03-30 12:56:00,7713.0,7722.0,7713.0,7722.0,10
ASTRAZEN,2026-03-30 12:57:00,7722.0,7722.0,7722.0,7722.0,0
ASTRAZEN,2026-03-30 12:58:00,7719.5,7720.0,7719.5,7720.0,24
ASTRAZEN,2026-03-30 12:59:00,7720.0,7720.0,7720.0,7720.0,0
ASTRAZEN,2026-03-30 13:00:00,7720.0,7720.0,7718.0,7718.0,7
ASTRAZEN,2026-03-30 13:01:00,7718.0,7718.0,7712.5,7712.5,5
ASTRAZEN,2026-03-30 13:02:00,7712.5,7712.5,7712.5,7712.5,0
ASTRAZEN,2026-03-30 13:03:00,7712.5,7712.5,7712.5,7712.5,0
ASTRAZEN,2026-03-30 13:04:00,7712.5,7712.5,7712.5,7712.5,0
ASTRAZEN,2026-03-30 13:05:00,7712.5,7712.5,7712.5,7712.5,0
ASTRAZEN,2026-03-30 13:06:00,7712.5,7718.0,7712.5,7718.0,12
ASTRAZEN,2026-03-30 13:07:00,7718.0,7727.0,7710.5,7710.5,3
ASTRAZEN,2026-03-30 13:08:00,7710.5,7710.5,7706.0,7706.0,2
ASTRAZEN,2026-03-30 13:09:00,7706.0,7706.0,7706.0,7706.0,0
ASTRAZEN,2026-03-30 13:10:00,7706.0,7709.5,7706.0,7709.5,5
ASTRAZEN,2026-03-30 13:11:00,7706.5,7709.5,7706.5,7709.5,24
ASTRAZEN,2026-03-30 13:12:00,7715.0,7715.0,7715.0,7715.0,2
ASTRAZEN,2026-03-30 13:13:00,7715.0,7718.0,7709.0,7718.0,17
ASTRAZEN,2026-03-30 13:14:00,7718.0,7718.0,7718.0,7718.0,1
ASTRAZEN,2026-03-30 13:15:00,7718.0,7718.0,7718.0,7718.0,2
ASTRAZEN,2026-03-30 13:16:00,7718.0,7726.0,7718.0,7726.0,8
ASTRAZEN,2026-03-30 13:17:00,7726.0,7726.0,7726.0,7726.0,0
ASTRAZEN,2026-03-30 13:18:00,7712.5,7721.0,7712.5,7721.0,15
ASTRAZEN,2026-03-30 13:19:00,7721.0,7721.0,7718.5,7718.5,24
ASTRAZEN,2026-03-30 13:21:00,7718.5,7718.5,7718.5,7718.5,1
ASTRAZEN,2026-03-30 13:22:00,7717.0,7717.0,7717.0,7717.0,2
ASTRAZEN,2026-03-30 13:23:00,7724.5,7724.5,7724.5,7724.5,2
ASTRAZEN,2026-03-30 13:24:00,7724.5,7724.5,7716.5,7716.5,2
ASTRAZEN,2026-03-30 13:25:00,7722.5,7722.5,7720.5,7720.5,4
ASTRAZEN,2026-03-30 13:26:00,7720.5,7720.5,7711.5,7711.5,21
ASTRAZEN,2026-03-30 13:27:00,7711.5,7711.5,7711.5,7711.5,0
ASTRAZEN,2026-03-30 13:28:00,7711.5,7711.5,7711.5,7711.5,0
ASTRAZEN,2026-03-30 13:29:00,7711.5,7711.5,7711.5,7711.5,0
ASTRAZEN,2026-03-30 13:30:00,7711.5,7711.5,7700.5,7700.5,58
ASTRAZEN,2026-03-30 13:31:00,7700.5,7709.5,7690.0,7709.5,52
ASTRAZEN,2026-03-30 13:32:00,7702.5,7715.0,7700.0,7715.0,77
ASTRAZEN,2026-03-30 13:33:00,7715.0,7715.0,7696.5,7696.5,10
ASTRAZEN,2026-03-30 13:34:00,7696.5,7696.5,7696.5,7696.5,0
ASTRAZEN,2026-03-30 13:35:00,7696.5,7708.0,7696.5,7708.0,52
ASTRAZEN,2026-03-30 13:36:00,7703.5,7712.5,7703.5,7712.5,51
ASTRAZEN,2026-03-30 13:37:00,7713.5,7713.5,7713.5,7713.5,18
ASTRAZEN,2026-03-30 13:38:00,7713.5,7713.5,7713.5,7713.5,0
ASTRAZEN,2026-03-30 13:39:00,7713.5,7713.5,7708.5,7708.5,2
ASTRAZEN,2026-03-30 13:40:00,7708.5,7708.5,7708.5,7708.5,0
ASTRAZEN,2026-03-30 13:41:00,7708.5,7708.5,7708.5,7708.5,0
ASTRAZEN,2026-03-30 13:42:00,7708.5,7717.0,7708.5,7717.0,3
ASTRAZEN,2026-03-30 13:43:00,7717.0,7717.0,7717.0,7717.0,2
ASTRAZEN,2026-03-30 13:45:00,7709.0,7709.0,7708.5,7708.5,7
ASTRAZEN,2026-03-30 13:47:00,7703.5,7710.0,7703.5,7710.0,57
ASTRAZEN,2026-03-30 13:48:00,7710.0,7710.0,7710.0,7710.0,0
ASTRAZEN,2026-03-30 13:49:00,7710.0,7710.0,7710.0,7710.0,0
ASTRAZEN,2026-03-30 13:50:00,7710.0,7710.0,7710.0,7710.0,0
ASTRAZEN,2026-03-30 13:51:00,7702.5,7702.5,7701.5,7702.5,29
ASTRAZEN,2026-03-30 13:52:00,7710.0,7710.0,7705.0,7708.0,27
ASTRAZEN,2026-03-30 13:53:00,7708.0,7710.0,7703.5,7703.5,30
ASTRAZEN,2026-03-30 13:54:00,7703.0,7710.0,7703.0,7710.0,13
ASTRAZEN,2026-03-30 13:55:00,7703.0,7710.0,7703.0,7710.0,27
ASTRAZEN,2026-03-30 13:56:00,7710.0,7710.0,7703.0,7710.0,25
ASTRAZEN,2026-03-30 13:57:00,7710.0,7710.5,7702.5,7710.0,201
ASTRAZEN,2026-03-30 13:58:00,7710.0,7710.0,7710.0,7710.0,0
ASTRAZEN,2026-03-30 13:59:00,7710.0,7711.0,7700.0,7710.0,424
ASTRAZEN,2026-03-30 14:00:00,7710.0,7710.0,7710.0,7710.0,0
ASTRAZEN,2026-03-30 14:01:00,7710.0,7710.0,7710.0,7710.0,0
ASTRAZEN,2026-03-30 14:02:00,7710.0,7715.0,7710.0,7715.0,1
ASTRAZEN,2026-03-30 14:03:00,7715.0,7715.0,7715.0,7715.0,0
ASTRAZEN,2026-03-30 14:04:00,7715.0,7717.5,7715.0,7717.5,23
ASTRAZEN,2026-03-30 14:05:00,7717.5,7717.5,7717.5,7717.5,0
ASTRAZEN,2026-03-30 14:06:00,7717.5,7722.0,7717.5,7720.5,17
ASTRAZEN,2026-03-30 14:07:00,7720.5,7720.5,7718.5,7718.5,2
ASTRAZEN,2026-03-30 14:08:00,7718.5,7718.5,7715.0,7718.0,49
ASTRAZEN,2026-03-30 14:09:00,7718.0,7722.0,7718.0,7722.0,20
ASTRAZEN,2026-03-30 14:10:00,7722.0,7722.0,7722.0,7722.0,0
ASTRAZEN,2026-03-30 14:11:00,7722.0,7722.0,7722.0,7722.0,0
ASTRAZEN,2026-03-30 14:12:00,7722.0,7722.0,7710.0,7710.0,77
ASTRAZEN,2026-03-30 14:13:00,7710.0,7716.0,7710.0,7716.0,20
ASTRAZEN,2026-03-30 14:14:00,7716.0,7716.0,7716.0,7716.0,0
ASTRAZEN,2026-03-30 14:15:00,7716.0,7716.0,7716.0,7716.0,0
ASTRAZEN,2026-03-30 14:16:00,7716.0,7716.0,7716.0,7716.0,0
ASTRAZEN,2026-03-30 14:17:00,7716.0,7716.0,7716.0,7716.0,0
ASTRAZEN,2026-03-30 14:18:00,7716.0,7716.0,7716.0,7716.0,0
ASTRAZEN,2026-03-30 14:19:00,7716.0,7716.0,7710.0,7710.0,4
ASTRAZEN,2026-03-30 14:20:00,7710.0,7710.0,7710.0,7710.0,0
ASTRAZEN,2026-03-30 14:21:00,7710.0,7711.5,7710.0,7711.5,3
ASTRAZEN,2026-03-30 14:22:00,7711.5,7711.5,7710.0,7710.0,1
ASTRAZEN,2026-03-30 14:23:00,7710.0,7710.0,7701.5,7710.0,53
ASTRAZEN,2026-03-30 14:24:00,7710.0,7710.5,7710.0,7710.0,13
ASTRAZEN,2026-03-30 14:25:00,7710.0,7710.0,7710.0,7710.0,0
ASTRAZEN,2026-03-30 14:26:00,7710.0,7717.5,7710.0,7712.5,66
ASTRAZEN,2026-03-30 14:27:00,7712.5,7712.5,7700.0,7710.0,130
ASTRAZEN,2026-03-30 14:28:00,7710.0,7717.0,7700.0,7705.0,29
ASTRAZEN,2026-03-30 14:29:00,7702.0,7718.0,7702.0,7718.0,35
ASTRAZEN,2026-03-30 14:30:00,7718.0,7718.0,7718.0,7718.0,0
ASTRAZEN,2026-03-30 14:31:00,7703.0,7703.0,7703.0,7703.0,4
ASTRAZEN,2026-03-30 14:32:00,7703.0,7703.0,7703.0,7703.0,0
ASTRAZEN,2026-03-30 14:33:00,7714.5,7714.5,7710.0,7710.0,7
ASTRAZEN,2026-03-30 14:34:00,7710.0,7714.5,7710.0,7714.5,209
ASTRAZEN,2026-03-30 14:35:00,7714.5,7714.5,7703.0,7714.0,8
ASTRAZEN,2026-03-30 14:36:00,7714.0,7718.0,7710.0,7718.0,49
ASTRAZEN,2026-03-30 14:37:00,7718.0,7718.0,7703.5,7703.5,36
ASTRAZEN,2026-03-30 14:38:00,7703.5,7718.5,7703.5,7708.5,83
ASTRAZEN,2026-03-30 14:39:00,7708.5,7708.5,7708.5,7708.5,0
ASTRAZEN,2026-03-30 14:40:00,7708.5,7717.0,7708.5,7717.0,7
ASTRAZEN,2026-03-30 14:41:00,7724.0,7724.0,7713.5,7713.5,8
ASTRAZEN,2026-03-30 14:42:00,7713.5,7727.0,7713.5,7727.0,19
ASTRAZEN,2026-03-30 14:43:00,7727.0,7729.0,7727.0,7729.0,7
ASTRAZEN,2026-03-30 14:44:00,7729.0,7729.0,7718.0,7718.0,24
ASTRAZEN,2026-03-30 14:45:00,7718.0,7718.5,7718.0,7718.5,1
ASTRAZEN,2026-03-30 14:46:00,7718.5,7718.5,7716.5,7716.5,19
ASTRAZEN,2026-03-30 14:47:00,7716.5,7716.5,7714.0,7714.0,21
ASTRAZEN,2026-03-30 14:48:00,7714.0,7714.0,7714.0,7714.0,11
ASTRAZEN,2026-03-30 14:49:00,7714.0,7716.5,7702.0,7702.0,244
ASTRAZEN,2026-03-30 14:50:00,7702.0,7719.5,7702.0,7719.5,10
ASTRAZEN,2026-03-30 14:51:00,7719.5,7719.5,7706.5,7716.5,10
ASTRAZEN,2026-03-30 14:52:00,7716.5,7716.5,7708.5,7708.5,22
ASTRAZEN,2026-03-30 14:53:00,7708.5,7715.5,7708.5,7715.5,33
ASTRAZEN,2026-03-30 14:54:00,7708.5,7715.0,7708.5,7715.0,6
ASTRAZEN,2026-03-30 14:55:00,7715.0,7723.0,7701.5,7709.5,1074
ASTRAZEN,2026-03-30 14:56:00,7709.5,7736.0,7698.0,7736.0,600
ASTRAZEN,2026-03-30 14:57:00,7727.5,7736.0,7725.5,7725.5,6
ASTRAZEN,2026-03-30 14:58:00,7725.5,7734.5,7725.5,7734.5,100
ASTRAZEN,2026-03-30 14:59:00,7734.5,7734.5,7723.5,7729.5,8
ASTRAZEN,2026-03-30 15:00:00,7736.0,7736.0,7733.5,7733.5,31
ASTRAZEN,2026-03-30 15:01:00,7735.0,7759.0,7729.5,7759.0,525
ASTRAZEN,2026-03-30 15:02:00,7758.5,7783.0,7758.5,7783.0,144
ASTRAZEN,2026-03-30 15:03:00,7783.0,7788.0,7773.0,7773.0,87
ASTRAZEN,2026-03-30 15:04:00,7774.5,7774.5,7765.5,7765.5,42
ASTRAZEN,2026-03-30 15:05:00,7766.0,7766.0,7756.5,7766.0,126
ASTRAZEN,2026-03-30 15:06:00,7766.0,7766.0,7766.0,7766.0,13
ASTRAZEN,2026-03-30 15:07:00,7766.0,7776.5,7766.0,7766.0,31
ASTRAZEN,2026-03-30 15:08:00,7771.5,7773.5,7761.0,7766.0,6
ASTRAZEN,2026-03-30 15:09:00,7774.0,7774.0,7764.0,7764.0,12
ASTRAZEN,2026-03-30 15:10:00,7764.0,7770.5,7764.0,7770.5,21
ASTRAZEN,2026-03-30 15:11:00,7774.5,7774.5,7768.5,7769.5,14
ASTRAZEN,2026-03-30 15:12:00,7770.0,7770.0,7768.0,7768.0,8
ASTRAZEN,2026-03-30 15:13:00,7772.5,7773.0,7772.5,7773.0,4
ASTRAZEN,2026-03-30 15:14:00,7768.5,7782.0,7758.0,7782.0,39
ASTRAZEN,2026-03-30 15:15:00,7765.0,7782.0,7751.0,7763.0,219
ASTRAZEN,2026-03-30 15:16:00,7754.0,7774.0,7750.0,7773.5,76
ASTRAZEN,2026-03-30 15:17:00,7773.5,7773.5,7771.0,7771.0,42
ASTRAZEN,2026-03-30 15:18:00,7756.5,7771.0,7750.0,7771.0,1063
ASTRAZEN,2026-03-30 15:19:00,7779.5,7783.5,7770.5,7783.5,106
ASTRAZEN,2026-03-30 15:20:00,7784.0,7787.0,7770.0,7770.0,179
ASTRAZEN,2026-03-30 15:21:00,7779.5,7779.5,7770.0,7770.0,87
ASTRAZEN,2026-03-30 15:22:00,7779.5,7779.5,7770.5,7770.5,10
ASTRAZEN,2026-03-30 15:23:00,7770.5,7779.5,7770.0,7775.0,495
ASTRAZEN,2026-03-30 15:24:00,7775.0,7784.5,7771.5,7784.5,36
ASTRAZEN,2026-03-30 15:25:00,7782.0,7788.5,7770.0,7770.0,34
ASTRAZEN,2026-03-30 15:26:00,7770.0,7787.0,7770.0,7787.0,108
ASTRAZEN,2026-03-30 15:27:00,7770.0,7771.0,7770.0,7771.0,132
ASTRAZEN,2026-03-30 15:28:00,7771.0,7771.0,7770.0,7771.0,27
ASTRAZEN,2026-03-30 15:29:00,7771.0,7771.0,7770.0,7770.0,67
ASTRAZEN,2026-04-01 09:15:00,7970.0,7997.0,7890.0,7891.0,44
ASTRAZEN,2026-04-01 09:16:00,7890.5,7898.0,7864.0,7897.0,70
ASTRAZEN,2026-04-01 09:17:00,7897.0,7897.0,7865.0,7870.0,30
ASTRAZEN,2026-04-01 09:18:00,7887.5,7899.5,7877.0,7899.5,80
ASTRAZEN,2026-04-01 09:19:00,7899.5,7911.0,7895.5,7895.5,93
ASTRAZEN,2026-04-01 09:20:00,7895.5,7903.5,7888.0,7903.5,13
ASTRAZEN,2026-04-01 09:21:00,7903.5,7918.5,7903.5,7918.5,37
ASTRAZEN,2026-04-01 09:22:00,7918.5,7918.5,7915.5,7915.5,12
ASTRAZEN,2026-04-01 09:23:00,7915.5,7926.0,7915.5,7926.0,22
ASTRAZEN,2026-04-01 09:24:00,7926.0,7928.0,7926.0,7928.0,3
ASTRAZEN,2026-04-01 09:25:00,7918.5,7928.0,7916.5,7919.0,30
ASTRAZEN,2026-04-01 09:26:00,7919.0,7937.0,7919.0,7937.0,68
ASTRAZEN,2026-04-01 09:27:00,7937.0,7937.0,7922.0,7922.0,4
ASTRAZEN,2026-04-01 09:28:00,7922.0,7933.0,7922.0,7933.0,1
ASTRAZEN,2026-04-01 09:29:00,7925.5,7925.5,7915.5,7915.5,49
ASTRAZEN,2026-04-01 09:30:00,7915.5,7926.5,7915.5,7923.0,2
ASTRAZEN,2026-04-01 09:31:00,7923.0,7923.0,7915.5,7918.5,11
ASTRAZEN,2026-04-01 09:32:00,7918.5,7918.5,7897.0,7897.0,20
ASTRAZEN,2026-04-01 09:33:00,7897.0,7897.0,7885.5,7894.0,58
ASTRAZEN,2026-04-01 09:34:00,7894.0,7894.0,7880.0,7880.0,21
ASTRAZEN,2026-04-01 09:35:00,7880.0,7880.0,7870.0,7870.0,2
ASTRAZEN,2026-04-01 09:36:00,7879.0,7879.0,7861.0,7861.0,21
ASTRAZEN,2026-04-01 09:37:00,7861.0,7862.5,7861.0,7861.0,2
ASTRAZEN,2026-04-01 09:38:00,7861.0,7861.0,7850.0,7850.0,62
ASTRAZEN,2026-04-01 09:39:00,7850.0,7851.0,7850.0,7850.0,13
ASTRAZEN,2026-04-01 09:40:00,7864.0,7864.0,7855.5,7862.0,17
ASTRAZEN,2026-04-01 09:41:00,7862.0,7865.5,7834.0,7834.0,185
ASTRAZEN,2026-04-01 09:42:00,7834.0,7860.5,7834.0,7850.0,158
ASTRAZEN,2026-04-01 09:43:00,7850.0,7850.0,7841.5,7841.5,3
ASTRAZEN,2026-04-01 09:44:00,7841.5,7842.0,7831.0,7831.0,27
ASTRAZEN,2026-04-01 09:45:00,7831.0,7837.5,7830.0,7837.5,3
ASTRAZEN,2026-04-01 09:46:00,7837.5,7837.5,7830.0,7830.0,15
ASTRAZEN,2026-04-01 09:47:00,7830.0,7837.5,7830.0,7830.5,12
ASTRAZEN,2026-04-01 09:48:00,7839.0,7858.0,7839.0,7858.0,28
ASTRAZEN,2026-04-01 09:49:00,7858.0,7858.0,7849.0,7852.5,2
ASTRAZEN,2026-04-01 09:50:00,7852.5,7853.0,7852.0,7853.0,2
ASTRAZEN,2026-04-01 09:51:00,7853.0,7862.0,7852.0,7853.0,9
ASTRAZEN,2026-04-01 09:52:00,7853.0,7866.0,7853.0,7866.0,34
ASTRAZEN,2026-04-01 09:53:00,7866.0,7868.0,7861.0,7868.0,8
ASTRAZEN,2026-04-01 09:54:00,7868.0,7869.5,7868.0,7869.5,2
ASTRAZEN,2026-04-01 09:55:00,7869.5,7869.5,7862.5,7862.5,10
ASTRAZEN,2026-04-01 09:56:00,7862.5,7862.5,7850.0,7850.0,10
ASTRAZEN,2026-04-01 09:57:00,7850.0,7850.5,7843.0,7843.0,4
ASTRAZEN,2026-04-01 09:58:00,7843.0,7854.5,7843.0,7854.5,14
ASTRAZEN,2026-04-01 09:59:00,7854.5,7855.0,7854.5,7855.0,7
ASTRAZEN,2026-04-01 10:00:00,7855.0,7855.0,7850.5,7850.5,21
ASTRAZEN,2026-04-01 10:01:00,7850.5,7850.5,7850.5,7850.5,0
ASTRAZEN,2026-04-01 10:02:00,7850.5,7850.5,7850.5,7850.5,0
ASTRAZEN,2026-04-01 10:03:00,7847.5,7855.0,7847.5,7855.0,79
ASTRAZEN,2026-04-01 10:04:00,7855.0,7868.0,7855.0,7856.5,19
ASTRAZEN,2026-04-01 10:05:00,7856.5,7856.5,7847.0,7847.0,4
ASTRAZEN,2026-04-01 10:06:00,7847.0,7847.0,7847.0,7847.0,0
ASTRAZEN,2026-04-01 10:07:00,7847.0,7847.0,7847.0,7847.0,0
ASTRAZEN,2026-04-01 10:08:00,7847.0,7854.5,7840.0,7854.5,24
ASTRAZEN,2026-04-01 10:09:00,7854.5,7854.5,7853.0,7853.0,114
ASTRAZEN,2026-04-01 10:10:00,7853.0,7853.0,7851.0,7851.0,1
ASTRAZEN,2026-04-01 10:11:00,7851.0,7864.5,7851.0,7864.5,51
ASTRAZEN,2026-04-01 10:12:00,7852.0,7852.0,7852.0,7852.0,3
ASTRAZEN,2026-04-01 10:13:00,7852.0,7862.5,7852.0,7854.5,11
ASTRAZEN,2026-04-01 10:14:00,7854.5,7854.5,7854.5,7854.5,0
ASTRAZEN,2026-04-01 10:15:00,7854.5,7854.5,7854.5,7854.5,5
ASTRAZEN,2026-04-01 10:16:00,7854.5,7854.5,7848.0,7848.0,2
ASTRAZEN,2026-04-01 10:17:00,7848.0,7848.0,7845.0,7845.0,3
ASTRAZEN,2026-04-01 10:18:00,7845.0,7845.0,7840.0,7840.0,16
ASTRAZEN,2026-04-01 10:19:00,7840.0,7840.5,7840.0,7840.5,16
ASTRAZEN,2026-04-01 10:20:00,7840.5,7840.5,7840.5,7840.5,0
ASTRAZEN,2026-04-01 10:21:00,7840.5,7840.5,7840.5,7840.5,0
ASTRAZEN,2026-04-01 10:22:00,7840.5,7841.5,7840.5,7841.5,2
ASTRAZEN,2026-04-01 10:23:00,7841.5,7841.5,7841.5,7841.5,0
ASTRAZEN,2026-04-01 10:24:00,7841.5,7841.5,7841.5,7841.5,0
ASTRAZEN,2026-04-01 10:25:00,7841.5,7841.5,7830.0,7830.0,93
ASTRAZEN,2026-04-01 10:26:00,7830.0,7833.0,7830.0,7833.0,1
ASTRAZEN,2026-04-01 10:27:00,7833.0,7833.0,7825.0,7825.0,8
ASTRAZEN,2026-04-01 10:28:00,7816.5,7816.5,7816.5,7816.5,4
ASTRAZEN,2026-04-01 10:29:00,7816.5,7816.5,7802.0,7802.0,30
ASTRAZEN,2026-04-01 10:30:00,7802.0,7804.0,7802.0,7804.0,10
ASTRAZEN,2026-04-01 10:31:00,7804.0,7804.0,7804.0,7804.0,10
ASTRAZEN,2026-04-01 10:32:00,7804.0,7809.0,7804.0,7809.0,17
ASTRAZEN,2026-04-01 10:33:00,7809.0,7817.5,7809.0,7817.5,5
ASTRAZEN,2026-04-01 10:34:00,7809.0,7809.0,7802.0,7802.0,23
ASTRAZEN,2026-04-01 10:35:00,7802.0,7802.0,7802.0,7802.0,0
ASTRAZEN,2026-04-01 10:36:00,7802.0,7810.5,7802.0,7810.5,9
ASTRAZEN,2026-04-01 10:37:00,7814.0,7817.5,7802.0,7817.5,45
ASTRAZEN,2026-04-01 10:38:00,7826.5,7826.5,7826.5,7826.5,5
ASTRAZEN,2026-04-01 10:39:00,7826.5,7828.5,7826.0,7828.5,1
ASTRAZEN,2026-04-01 10:40:00,7828.5,7828.5,7828.5,7828.5,3
ASTRAZEN,2026-04-01 10:41:00,7829.0,7829.0,7817.5,7817.5,3
ASTRAZEN,2026-04-01 10:42:00,7817.5,7817.5,7810.0,7810.0,14
ASTRAZEN,2026-04-01 10:43:00,7810.0,7811.5,7810.0,7811.5,2
ASTRAZEN,2026-04-01 10:44:00,7811.5,7816.5,7811.5,7816.5,2
ASTRAZEN,2026-04-01 10:45:00,7816.5,7819.5,7816.5,7819.5,12
ASTRAZEN,2026-04-01 10:46:00,7809.0,7809.0,7808.5,7808.5,4
ASTRAZEN,2026-04-01 10:47:00,7808.5,7808.5,7808.5,7808.5,0
ASTRAZEN,2026-04-01 10:48:00,7808.5,7808.5,7808.5,7808.5,0
ASTRAZEN,2026-04-01 10:49:00,7808.5,7808.5,7808.5,7808.5,0
ASTRAZEN,2026-04-01 10:50:00,7808.5,7808.5,7790.0,7790.0,89
ASTRAZEN,2026-04-01 10:51:00,7790.0,7797.0,7790.0,7794.0,19
ASTRAZEN,2026-04-01 10:52:00,7794.0,7794.0,7784.5,7789.5,3
ASTRAZEN,2026-04-01 10:53:00,7789.5,7789.5,7772.0,7772.5,113
ASTRAZEN,2026-04-01 10:54:00,7772.5,7780.0,7772.5,7780.0,13
ASTRAZEN,2026-04-01 10:55:00,7779.0,7780.5,7775.0,7780.5,2
ASTRAZEN,2026-04-01 10:56:00,7780.5,7780.5,7780.0,7780.0,17
ASTRAZEN,2026-04-01 10:57:00,7780.0,7782.0,7780.0,7782.0,2
ASTRAZEN,2026-04-01 10:58:00,7782.0,7782.0,7782.0,7782.0,6
ASTRAZEN,2026-04-01 10:59:00,7782.0,7785.0,7782.0,7785.0,0
ASTRAZEN,2026-04-01 11:00:00,7785.0,7785.0,7782.0,7782.0,14
ASTRAZEN,2026-04-01 11:01:00,7782.0,7782.0,7772.0,7772.0,4
ASTRAZEN,2026-04-01 11:02:00,7772.0,7772.0,7772.0,7772.0,0
ASTRAZEN,2026-04-01 11:03:00,7772.0,7772.0,7770.0,7770.0,2
ASTRAZEN,2026-04-01 11:04:00,7770.0,7770.0,7765.0,7765.0,27
ASTRAZEN,2026-04-01 11:05:00,7765.0,7765.0,7765.0,7765.0,10
ASTRAZEN,2026-04-01 11:06:00,7765.0,7765.0,7755.5,7755.5,26
ASTRAZEN,2026-04-01 11:07:00,7761.5,7761.5,7759.0,7759.0,31
ASTRAZEN,2026-04-01 11:08:00,7759.0,7759.0,7759.0,7759.0,0
ASTRAZEN,2026-04-01 11:09:00,7759.0,7792.0,7759.0,7792.0,39
ASTRAZEN,2026-04-01 11:10:00,7792.0,7797.5,7792.0,7797.5,4
ASTRAZEN,2026-04-01 11:11:00,7797.5,7800.5,7790.5,7790.5,19
ASTRAZEN,2026-04-01 11:12:00,7790.5,7790.5,7776.5,7776.5,3
ASTRAZEN,2026-04-01 11:13:00,7776.5,7776.5,7774.0,7774.0,2
ASTRAZEN,2026-04-01 11:14:00,7766.0,7767.0,7766.0,7767.0,16
ASTRAZEN,2026-04-01 11:15:00,7767.0,7803.5,7767.0,7798.0,336
ASTRAZEN,2026-04-01 11:16:00,7798.0,7814.5,7797.5,7810.0,65
ASTRAZEN,2026-04-01 11:17:00,7810.0,7810.0,7810.0,7810.0,2
ASTRAZEN,2026-04-01 11:18:00,7818.5,7818.5,7816.5,7816.5,3
ASTRAZEN,2026-04-01 11:19:00,7816.5,7816.5,7816.5,7816.5,0
ASTRAZEN,2026-04-01 11:20:00,7816.5,7828.5,7816.5,7828.5,10
ASTRAZEN,2026-04-01 11:21:00,7828.5,7828.5,7828.5,7828.5,0
ASTRAZEN,2026-04-01 11:22:00,7828.5,7828.5,7828.5,7828.5,10
ASTRAZEN,2026-04-01 11:23:00,7830.5,7830.5,7817.5,7817.5,37
ASTRAZEN,2026-04-01 11:24:00,7827.0,7827.0,7827.0,7827.0,5
ASTRAZEN,2026-04-01 11:25:00,7827.0,7827.0,7827.0,7827.0,0
ASTRAZEN,2026-04-01 11:26:00,7827.0,7827.0,7827.0,7827.0,0
ASTRAZEN,2026-04-01 11:27:00,7827.0,7828.0,7827.0,7828.0,22
ASTRAZEN,2026-04-01 11:28:00,7828.0,7828.0,7828.0,7828.0,0
ASTRAZEN,2026-04-01 11:29:00,7828.0,7828.0,7828.0,7828.0,0
ASTRAZEN,2026-04-01 11:30:00,7828.0,7828.0,7828.0,7828.0,0
ASTRAZEN,2026-04-01 11:31:00,7828.0,7828.0,7828.0,7828.0,1
ASTRAZEN,2026-04-01 11:32:00,7828.0,7828.0,7828.0,7828.0,0
ASTRAZEN,2026-04-01 11:33:00,7828.0,7828.0,7828.0,7828.0,0
ASTRAZEN,2026-04-01 11:34:00,7828.0,7828.0,7815.5,7815.5,70
ASTRAZEN,2026-04-01 11:35:00,7815.5,7815.5,7815.5,7815.5,1
ASTRAZEN,2026-04-01 11:36:00,7815.5,7815.5,7815.5,7815.5,0
ASTRAZEN,2026-04-01 11:37:00,7815.5,7820.0,7815.5,7817.0,15
ASTRAZEN,2026-04-01 11:38:00,7817.0,7817.0,7817.0,7817.0,0
ASTRAZEN,2026-04-01 11:39:00,7817.0,7817.0,7817.0,7817.0,0
ASTRAZEN,2026-04-01 11:40:00,7817.0,7817.0,7817.0,7817.0,0
ASTRAZEN,2026-04-01 11:41:00,7817.0,7817.0,7817.0,7817.0,0
ASTRAZEN,2026-04-01 11:42:00,7817.0,7827.0,7817.0,7827.0,1
ASTRAZEN,2026-04-01 11:43:00,7827.0,7827.0,7827.0,7827.0,0
ASTRAZEN,2026-04-01 11:44:00,7827.0,7827.0,7827.0,7827.0,3
ASTRAZEN,2026-04-01 11:45:00,7827.0,7827.0,7827.0,7827.0,0
ASTRAZEN,2026-04-01 11:46:00,7827.0,7827.0,7827.0,7827.0,0
ASTRAZEN,2026-04-01 11:47:00,7827.0,7827.0,7827.0,7827.0,0
ASTRAZEN,2026-04-01 11:48:00,7827.0,7827.0,7810.0,7813.0,28
ASTRAZEN,2026-04-01 11:49:00,7813.0,7813.0,7813.0,7813.0,0
ASTRAZEN,2026-04-01 11:50:00,7813.0,7813.0,7810.0,7810.0,4
ASTRAZEN,2026-04-01 11:51:00,7808.0,7808.0,7808.0,7808.0,2
ASTRAZEN,2026-04-01 11:52:00,7808.0,7808.0,7808.0,7808.0,0
ASTRAZEN,2026-04-01 11:53:00,7808.0,7808.5,7800.0,7808.5,92
ASTRAZEN,2026-04-01 11:54:00,7808.5,7808.5,7808.5,7808.5,0
ASTRAZEN,2026-04-01 11:55:00,7817.0,7817.0,7817.0,7817.0,1
ASTRAZEN,2026-04-01 11:56:00,7817.0,7817.0,7816.5,7816.5,31
ASTRAZEN,2026-04-01 11:57:00,7816.5,7816.5,7816.5,7816.5,0
ASTRAZEN,2026-04-01 11:58:00,7816.5,7816.5,7816.5,7816.5,0
ASTRAZEN,2026-04-01 11:59:00,7816.5,7816.5,7816.5,7816.5,0
ASTRAZEN,2026-04-01 12:00:00,7816.5,7816.5,7816.5,7816.5,0
ASTRAZEN,2026-04-01 12:01:00,7816.5,7816.5,7806.5,7806.5,8
ASTRAZEN,2026-04-01 12:02:00,7806.5,7822.5,7804.5,7804.5,33
ASTRAZEN,2026-04-01 12:03:00,7804.5,7804.5,7804.5,7804.5,0
ASTRAZEN,2026-04-01 12:04:00,7804.5,7812.0,7804.5,7812.0,38
ASTRAZEN,2026-04-01 12:05:00,7812.0,7812.0,7812.0,7812.0,0
ASTRAZEN,2026-04-01 12:06:00,7812.0,7812.0,7812.0,7812.0,0
ASTRAZEN,2026-04-01 12:07:00,7812.0,7812.0,7812.0,7812.0,0
ASTRAZEN,2026-04-01 12:08:00,7807.5,7807.5,7807.5,7807.5,18
ASTRAZEN,2026-04-01 12:09:00,7807.5,7815.5,7807.5,7815.5,15
ASTRAZEN,2026-04-01 12:10:00,7815.5,7815.5,7815.5,7815.5,0
ASTRAZEN,2026-04-01 12:11:00,7815.5,7815.5,7810.5,7810.5,5
ASTRAZEN,2026-04-01 12:12:00,7822.0,7822.0,7822.0,7822.0,14
ASTRAZEN,2026-04-01 12:13:00,7822.0,7827.0,7822.0,7827.0,5
ASTRAZEN,2026-04-01 12:14:00,7827.0,7831.5,7827.0,7831.5,1
ASTRAZEN,2026-04-01 12:15:00,7831.5,7831.5,7815.5,7815.5,22
ASTRAZEN,2026-04-01 12:16:00,7815.5,7815.5,7815.5,7815.5,0
ASTRAZEN,2026-04-01 12:17:00,7815.5,7828.0,7815.5,7828.0,2
ASTRAZEN,2026-04-01 12:18:00,7828.0,7828.0,7828.0,7828.0,0
ASTRAZEN,2026-04-01 12:19:00,7828.0,7828.0,7827.5,7827.5,1
ASTRAZEN,2026-04-01 12:20:00,7827.5,7839.0,7827.5,7839.0,69
ASTRAZEN,2026-04-01 12:21:00,7839.0,7839.0,7839.0,7839.0,0
ASTRAZEN,2026-04-01 12:22:00,7839.0,7839.0,7838.5,7838.5,1
ASTRAZEN,2026-04-01 12:23:00,7838.5,7838.5,7838.5,7838.5,0
ASTRAZEN,2026-04-01 12:24:00,7838.5,7838.5,7838.5,7838.5,0
ASTRAZEN,2026-04-01 12:25:00,7838.5,7854.0,7838.5,7854.0,88
ASTRAZEN,2026-04-01 12:26:00,7854.0,7866.5,7854.0,7866.5,1
ASTRAZEN,2026-04-01 12:27:00,7866.5,7866.5,7858.0,7866.0,42
ASTRAZEN,2026-04-01 12:28:00,7866.0,7867.0,7866.0,7867.0,1
ASTRAZEN,2026-04-01 12:29:00,7867.0,7868.5,7867.0,7867.0,3
ASTRAZEN,2026-04-01 12:30:00,7867.0,7874.0,7867.0,7873.0,71
ASTRAZEN,2026-04-01 12:31:00,7869.5,7869.5,7869.5,7869.5,1
ASTRAZEN,2026-04-01 12:32:00,7869.5,7869.5,7861.0,7861.0,9
ASTRAZEN,2026-04-01 12:33:00,7861.0,7861.0,7857.0,7857.0,14
ASTRAZEN,2026-04-01 12:34:00,7855.5,7855.5,7852.0,7852.0,7
ASTRAZEN,2026-04-01 12:35:00,7852.0,7852.0,7852.0,7852.0,0
ASTRAZEN,2026-04-01 12:36:00,7852.0,7862.5,7852.0,7862.5,13
ASTRAZEN,2026-04-01 12:37:00,7862.5,7868.0,7862.5,7868.0,33
ASTRAZEN,2026-04-01 12:38:00,7868.0,7868.0,7868.0,7868.0,0
ASTRAZEN,2026-04-01 12:39:00,7868.0,7868.0,7868.0,7868.0,0
ASTRAZEN,2026-04-01 12:40:00,7868.0,7868.0,7868.0,7868.0,5
ASTRAZEN,2026-04-01 12:41:00,7868.0,7868.0,7868.0,7868.0,0
ASTRAZEN,2026-04-01 12:42:00,7868.0,7868.0,7855.0,7855.0,25
ASTRAZEN,2026-04-01 12:43:00,7855.0,7864.5,7855.0,7863.0,4
ASTRAZEN,2026-04-01 12:44:00,7863.0,7863.0,7863.0,7863.0,1
ASTRAZEN,2026-04-01 12:46:00,7863.0,7863.0,7863.0,7863.0,15
ASTRAZEN,2026-04-01 12:47:00,7863.0,7863.0,7863.0,7863.0,0
ASTRAZEN,2026-04-01 12:48:00,7870.0,7870.0,7870.0,7870.0,1
ASTRAZEN,2026-04-01 12:49:00,7870.0,7870.0,7870.0,7870.0,0
ASTRAZEN,2026-04-01 12:50:00,7870.0,7870.0,7870.0,7870.0,0
ASTRAZEN,2026-04-01 12:51:00,7873.5,7873.5,7862.5,7862.5,6
ASTRAZEN,2026-04-01 12:52:00,7862.5,7862.5,7850.0,7859.5,183
ASTRAZEN,2026-04-01 12:53:00,7861.5,7874.0,7861.5,7873.0,125
ASTRAZEN,2026-04-01 12:54:00,7873.0,7873.0,7873.0,7873.0,0
ASTRAZEN,2026-04-01 12:55:00,7873.0,7873.0,7873.0,7873.0,0
ASTRAZEN,2026-04-01 12:56:00,7873.5,7873.5,7873.5,7873.5,1
ASTRAZEN,2026-04-01 12:57:00,7873.5,7873.5,7873.5,7873.5,0
ASTRAZEN,2026-04-01 12:58:00,7873.5,7873.5,7873.5,7873.5,9
ASTRAZEN,2026-04-01 12:59:00,7873.5,7873.5,7864.0,7872.5,17
ASTRAZEN,2026-04-01 13:00:00,7872.5,7872.5,7863.0,7864.0,12
ASTRAZEN,2026-04-01 13:01:00,7872.0,7872.0,7863.5,7863.5,12
ASTRAZEN,2026-04-01 13:02:00,7863.5,7863.5,7863.5,7863.5,0
ASTRAZEN,2026-04-01 13:03:00,7863.5,7871.5,7863.5,7871.5,14
ASTRAZEN,2026-04-01 13:04:00,7871.0,7871.0,7871.0,7871.0,1
ASTRAZEN,2026-04-01 13:05:00,7871.0,7871.0,7871.0,7871.0,0
ASTRAZEN,2026-04-01 13:06:00,7871.0,7871.0,7871.0,7871.0,0
ASTRAZEN,2026-04-01 13:07:00,7871.0,7871.0,7863.0,7863.0,28
ASTRAZEN,2026-04-01 13:08:00,7863.0,7863.0,7863.0,7863.0,0
ASTRAZEN,2026-04-01 13:09:00,7863.0,7878.0,7863.0,7878.0,15
ASTRAZEN,2026-04-01 13:10:00,7878.0,7880.0,7878.0,7880.0,16
ASTRAZEN,2026-04-01 13:11:00,7880.0,7880.0,7880.0,7880.0,0
ASTRAZEN,2026-04-01 13:12:00,7880.0,7880.0,7871.0,7871.0,1
ASTRAZEN,2026-04-01 13:13:00,7871.0,7871.0,7871.0,7871.0,1
ASTRAZEN,2026-04-01 13:14:00,7871.0,7871.0,7871.0,7871.0,0
ASTRAZEN,2026-04-01 13:15:00,7871.0,7871.0,7871.0,7871.0,1
ASTRAZEN,2026-04-01 13:16:00,7871.0,7871.0,7866.0,7866.0,1
ASTRAZEN,2026-04-01 13:17:00,7866.0,7873.5,7866.0,7867.0,83
ASTRAZEN,2026-04-01 13:18:00,7867.0,7867.0,7867.0,7867.0,0
ASTRAZEN,2026-04-01 13:19:00,7867.0,7874.0,7867.0,7874.0,1
ASTRAZEN,2026-04-01 13:20:00,7874.0,7874.0,7872.5,7872.5,2
ASTRAZEN,2026-04-01 13:21:00,7867.5,7867.5,7867.5,7867.5,2
ASTRAZEN,2026-04-01 13:22:00,7867.5,7869.0,7867.5,7867.5,5
ASTRAZEN,2026-04-01 13:23:00,7867.5,7867.5,7867.5,7867.5,0
ASTRAZEN,2026-04-01 13:24:00,7867.5,7867.5,7867.5,7867.5,0
ASTRAZEN,2026-04-01 13:25:00,7867.5,7867.5,7867.5,7867.5,0
ASTRAZEN,2026-04-01 13:26:00,7867.5,7867.5,7867.5,7867.5,0
ASTRAZEN,2026-04-01 13:27:00,7867.5,7872.5,7867.5,7869.0,192
ASTRAZEN,2026-04-01 13:28:00,7869.0,7869.0,7869.0,7869.0,0
ASTRAZEN,2026-04-01 13:29:00,7869.0,7869.0,7869.0,7869.0,0
ASTRAZEN,2026-04-01 13:30:00,7869.0,7870.5,7869.0,7870.5,1
ASTRAZEN,2026-04-01 13:31:00,7870.5,7870.5,7867.0,7867.0,27
ASTRAZEN,2026-04-01 13:32:00,7870.0,7870.0,7866.0,7866.0,10
ASTRAZEN,2026-04-01 13:33:00,7866.0,7866.0,7866.0,7866.0,0
ASTRAZEN,2026-04-01 13:34:00,7866.0,7870.0,7866.0,7870.0,25
ASTRAZEN,2026-04-01 13:35:00,7870.0,7870.0,7870.0,7870.0,0
ASTRAZEN,2026-04-01 13:36:00,7870.0,7870.0,7870.0,7870.0,0
ASTRAZEN,2026-04-01 13:37:00,7865.5,7870.0,7865.5,7870.0,110
ASTRAZEN,2026-04-01 13:38:00,7870.0,7870.0,7870.0,7870.0,0
ASTRAZEN,2026-04-01 13:39:00,7870.0,7878.0,7870.0,7870.5,8
ASTRAZEN,2026-04-01 13:40:00,7870.5,7878.0,7870.5,7878.0,21
ASTRAZEN,2026-04-01 13:41:00,7878.0,7878.0,7863.0,7865.5,168
ASTRAZEN,2026-04-01 13:42:00,7865.5,7865.5,7865.5,7865.5,0
ASTRAZEN,2026-04-01 13:43:00,7865.5,7865.5,7858.0,7858.0,15
ASTRAZEN,2026-04-01 13:44:00,7858.0,7858.0,7858.0,7858.0,0
ASTRAZEN,2026-04-01 13:45:00,7858.0,7858.0,7858.0,7858.0,0
ASTRAZEN,2026-04-01 13:46:00,7869.5,7874.0,7867.0,7868.5,46
ASTRAZEN,2026-04-01 13:47:00,7868.5,7868.5,7867.0,7867.0,10
ASTRAZEN,2026-04-01 13:48:00,7867.0,7875.5,7867.0,7875.5,1
ASTRAZEN,2026-04-01 13:49:00,7875.5,7875.5,7875.0,7875.0,8
ASTRAZEN,2026-04-01 13:50:00,7875.0,7875.0,7875.0,7875.0,0
ASTRAZEN,2026-04-01 13:51:00,7875.0,7875.0,7870.0,7870.0,12
ASTRAZEN,2026-04-01 13:52:00,7870.0,7874.5,7870.0,7874.5,23
ASTRAZEN,2026-04-01 13:53:00,7874.5,7874.5,7874.5,7874.5,2
ASTRAZEN,2026-04-01 13:54:00,7874.5,7874.5,7874.5,7874.5,0
ASTRAZEN,2026-04-01 13:55:00,7874.5,7874.5,7871.0,7871.0,2
ASTRAZEN,2026-04-01 13:56:00,7871.0,7871.0,7871.0,7871.0,0
ASTRAZEN,2026-04-01 13:57:00,7871.0,7871.0,7871.0,7871.0,0
ASTRAZEN,2026-04-01 13:58:00,7871.0,7882.0,7871.0,7882.0,78
ASTRAZEN,2026-04-01 13:59:00,7882.0,7882.0,7882.0,7882.0,0
ASTRAZEN,2026-04-01 14:00:00,7882.0,7882.0,7882.0,7882.0,0
ASTRAZEN,2026-04-01 14:01:00,7882.0,7882.0,7874.0,7875.0,12
ASTRAZEN,2026-04-01 14:02:00,7875.0,7883.0,7875.0,7883.0,19
ASTRAZEN,2026-04-01 14:03:00,7883.0,7883.0,7883.0,7883.0,0
ASTRAZEN,2026-04-01 14:04:00,7883.0,7883.0,7877.5,7877.5,6
ASTRAZEN,2026-04-01 14:05:00,7876.5,7876.5,7876.5,7876.5,1
ASTRAZEN,2026-04-01 14:06:00,7876.5,7876.5,7872.0,7872.0,9
ASTRAZEN,2026-04-01 14:07:00,7872.0,7872.0,7872.0,7872.0,0
ASTRAZEN,2026-04-01 14:08:00,7872.0,7872.0,7872.0,7872.0,0
ASTRAZEN,2026-04-01 14:09:00,7877.0,7877.0,7877.0,7877.0,10
ASTRAZEN,2026-04-01 14:10:00,7877.0,7877.0,7872.0,7872.0,1
ASTRAZEN,2026-04-01 14:11:00,7872.0,7872.0,7872.0,7872.0,2
ASTRAZEN,2026-04-01 14:12:00,7872.0,7872.0,7872.0,7872.0,0
ASTRAZEN,2026-04-01 14:13:00,7872.0,7872.0,7872.0,7872.0,0
ASTRAZEN,2026-04-01 14:14:00,7872.0,7877.0,7872.0,7872.0,22
ASTRAZEN,2026-04-01 14:15:00,7872.0,7877.0,7872.0,7877.0,22
ASTRAZEN,2026-04-01 14:16:00,7877.0,7877.0,7853.0,7853.0,59
ASTRAZEN,2026-04-01 14:17:00,7853.0,7853.0,7846.0,7846.0,13
ASTRAZEN,2026-04-01 14:18:00,7846.0,7846.0,7845.0,7845.0,11
ASTRAZEN,2026-04-01 14:19:00,7845.0,7857.0,7845.0,7857.0,10
ASTRAZEN,2026-04-01 14:20:00,7857.0,7857.0,7850.0,7850.0,6
ASTRAZEN,2026-04-01 14:21:00,7850.0,7850.0,7850.0,7850.0,0
ASTRAZEN,2026-04-01 14:22:00,7850.0,7850.0,7850.0,7850.0,0
ASTRAZEN,2026-04-01 14:23:00,7850.0,7850.0,7850.0,7850.0,0
ASTRAZEN,2026-04-01 14:24:00,7850.0,7855.0,7850.0,7855.0,1
ASTRAZEN,2026-04-01 14:25:00,7855.0,7855.0,7820.0,7827.0,51
ASTRAZEN,2026-04-01 14:26:00,7827.0,7827.0,7827.0,7827.0,2
ASTRAZEN,2026-04-01 14:27:00,7827.0,7827.0,7827.0,7827.0,0
ASTRAZEN,2026-04-01 14:28:00,7827.0,7836.5,7827.0,7836.5,8
ASTRAZEN,2026-04-01 14:29:00,7836.5,7836.5,7832.0,7832.0,1
ASTRAZEN,2026-04-01 14:30:00,7832.0,7832.0,7832.0,7832.0,10
ASTRAZEN,2026-04-01 14:31:00,7832.0,7832.0,7832.0,7832.0,0
ASTRAZEN,2026-04-01 14:32:00,7832.0,7832.0,7831.5,7831.5,72
ASTRAZEN,2026-04-01 14:33:00,7831.5,7831.5,7831.5,7831.5,1
ASTRAZEN,2026-04-01 14:34:00,7831.5,7831.5,7830.0,7830.0,5
ASTRAZEN,2026-04-01 14:35:00,7830.0,7830.0,7830.0,7830.0,0
ASTRAZEN,2026-04-01 14:36:00,7830.0,7847.5,7830.0,7847.5,12
ASTRAZEN,2026-04-01 14:37:00,7847.5,7847.5,7847.5,7847.5,70
ASTRAZEN,2026-04-01 14:38:00,7847.5,7847.5,7847.0,7847.0,1
ASTRAZEN,2026-04-01 14:39:00,7847.0,7847.0,7839.5,7847.0,3
ASTRAZEN,2026-04-01 14:40:00,7847.0,7847.0,7847.0,7847.0,1
ASTRAZEN,2026-04-01 14:41:00,7847.0,7847.0,7847.0,7847.0,0
ASTRAZEN,2026-04-01 14:42:00,7847.0,7847.0,7847.0,7847.0,0
ASTRAZEN,2026-04-01 14:43:00,7847.0,7847.0,7847.0,7847.0,0
ASTRAZEN,2026-04-01 14:44:00,7840.0,7850.0,7830.5,7833.5,60
ASTRAZEN,2026-04-01 14:45:00,7833.5,7833.5,7830.0,7830.0,24
ASTRAZEN,2026-04-01 14:46:00,7830.0,7830.0,7830.0,7830.0,70
ASTRAZEN,2026-04-01 14:47:00,7830.0,7830.0,7830.0,7830.0,70
ASTRAZEN,2026-04-01 14:48:00,7836.5,7836.5,7836.5,7836.5,26
ASTRAZEN,2026-04-01 14:49:00,7836.5,7836.5,7836.5,7836.5,0
ASTRAZEN,2026-04-01 14:50:00,7844.5,7844.5,7844.5,7844.5,10
ASTRAZEN,2026-04-01 14:51:00,7844.5,7845.0,7844.5,7845.0,341
ASTRAZEN,2026-04-01 14:52:00,7845.0,7845.0,7845.0,7845.0,28
ASTRAZEN,2026-04-01 14:53:00,7845.0,7847.0,7845.0,7846.5,138
ASTRAZEN,2026-04-01 14:54:00,7846.5,7846.5,7845.0,7846.0,67
ASTRAZEN,2026-04-01 14:55:00,7845.0,7846.0,7845.0,7846.0,79
ASTRAZEN,2026-04-01 14:56:00,7846.0,7846.0,7846.0,7846.0,0
ASTRAZEN,2026-04-01 14:57:00,7846.0,7846.0,7845.0,7845.0,1
ASTRAZEN,2026-04-01 14:58:00,7845.0,7845.0,7845.0,7845.0,2
ASTRAZEN,2026-04-01 14:59:00,7845.0,7849.5,7845.0,7845.0,5
ASTRAZEN,2026-04-01 15:00:00,7849.5,7851.0,7846.5,7851.0,19
ASTRAZEN,2026-04-01 15:01:00,7859.0,7861.5,7859.0,7861.5,17
ASTRAZEN,2026-04-01 15:02:00,7861.5,7861.5,7859.0,7859.0,9
ASTRAZEN,2026-04-01 15:03:00,7863.0,7864.0,7859.5,7859.5,7
ASTRAZEN,2026-04-01 15:04:00,7864.0,7874.0,7864.0,7867.0,25
ASTRAZEN,2026-04-01 15:05:00,7853.5,7860.0,7853.5,7860.0,15
ASTRAZEN,2026-04-01 15:06:00,7862.5,7862.5,7850.0,7858.5,31
ASTRAZEN,2026-04-01 15:07:00,7861.0,7861.0,7853.0,7860.0,6
ASTRAZEN,2026-04-01 15:08:00,7859.0,7859.5,7859.0,7859.0,4
ASTRAZEN,2026-04-01 15:09:00,7862.5,7862.5,7852.5,7852.5,538
ASTRAZEN,2026-04-01 15:10:00,7860.5,7862.5,7852.5,7852.5,14
ASTRAZEN,2026-04-01 15:11:00,7859.0,7862.5,7859.0,7860.5,5
ASTRAZEN,2026-04-01 15:12:00,7860.0,7860.0,7853.5,7853.5,6
ASTRAZEN,2026-04-01 15:13:00,7852.5,7854.5,7852.5,7854.5,90
ASTRAZEN,2026-04-01 15:14:00,7855.5,7855.5,7852.5,7852.5,71
ASTRAZEN,2026-04-01 15:15:00,7852.5,7852.5,7852.5,7852.5,379
ASTRAZEN,2026-04-01 15:16:00,7852.5,7854.0,7829.5,7854.0,421
ASTRAZEN,2026-04-01 15:17:00,7852.5,7856.5,7852.5,7853.5,91
ASTRAZEN,2026-04-01 15:18:00,7860.0,7860.0,7852.5,7852.5,82
ASTRAZEN,2026-04-01 15:19:00,7855.0,7855.0,7852.0,7852.5,40
ASTRAZEN,2026-04-01 15:20:00,7852.5,7854.0,7852.5,7852.5,24
ASTRAZEN,2026-04-01 15:21:00,7853.0,7853.0,7852.5,7852.5,43
ASTRAZEN,2026-04-01 15:22:00,7853.0,7853.0,7852.5,7853.0,27
ASTRAZEN,2026-04-01 15:23:00,7853.0,7855.0,7852.5,7853.0,27
ASTRAZEN,2026-04-01 15:24:00,7853.0,7853.0,7852.5,7853.0,37
ASTRAZEN,2026-04-01 15:25:00,7853.0,7853.0,7842.5,7853.0,66
ASTRAZEN,2026-04-01 15:26:00,7853.0,7853.0,7852.5,7853.0,47
ASTRAZEN,2026-04-01 15:27:00,7853.0,7853.0,7837.5,7852.5,210
ASTRAZEN,2026-04-01 15:28:00,7852.5,7859.5,7842.5,7859.5,34
ASTRAZEN,2026-04-01 15:29:00,7852.5,7860.5,7852.5,7852.5,28
ASTRAZEN,2026-04-02 09:15:00,7790.0,7846.5,7770.0,7770.0,55
ASTRAZEN,2026-04-02 09:16:00,7769.0,7769.0,7715.0,7754.0,140
ASTRAZEN,2026-04-02 09:17:00,7754.0,7754.0,7726.0,7730.5,40
ASTRAZEN,2026-04-02 09:18:00,7725.0,7725.0,7715.0,7715.0,22
ASTRAZEN,2026-04-02 09:19:00,7715.0,7728.5,7713.5,7723.5,195
ASTRAZEN,2026-04-02 09:20:00,7723.5,7723.5,7708.0,7709.0,35
ASTRAZEN,2026-04-02 09:21:00,7705.0,7718.5,7700.5,7718.5,45
ASTRAZEN,2026-04-02 09:22:00,7718.5,7720.0,7709.0,7720.0,23
ASTRAZEN,2026-04-02 09:23:00,7720.0,7750.5,7720.0,7750.5,16
ASTRAZEN,2026-04-02 09:24:00,7750.5,7788.0,7750.5,7788.0,16
ASTRAZEN,2026-04-02 09:25:00,7788.0,7788.0,7773.0,7773.0,8
ASTRAZEN,2026-04-02 09:26:00,7773.0,7773.0,7750.5,7750.5,27
ASTRAZEN,2026-04-02 09:27:00,7750.5,7750.5,7738.5,7738.5,34
ASTRAZEN,2026-04-02 09:28:00,7738.5,7750.0,7738.5,7738.5,3
ASTRAZEN,2026-04-02 09:29:00,7738.5,7738.5,7738.5,7738.5,0
ASTRAZEN,2026-04-02 09:30:00,7738.5,7745.0,7738.5,7745.0,56
ASTRAZEN,2026-04-02 09:31:00,7745.0,7745.0,7742.5,7742.5,9
ASTRAZEN,2026-04-02 09:32:00,7742.5,7742.5,7732.0,7732.0,6
ASTRAZEN,2026-04-02 09:33:00,7732.0,7746.5,7732.0,7746.5,12
ASTRAZEN,2026-04-02 09:34:00,7746.5,7746.5,7746.5,7746.5,0
ASTRAZEN,2026-04-02 09:35:00,7746.5,7746.5,7746.5,7746.5,0
ASTRAZEN,2026-04-02 09:36:00,7746.5,7746.5,7746.5,7746.5,0
ASTRAZEN,2026-04-02 09:37:00,7746.5,7749.5,7746.5,7749.5,3
ASTRAZEN,2026-04-02 09:38:00,7749.5,7751.0,7749.5,7751.0,2
ASTRAZEN,2026-04-02 09:39:00,7751.0,7751.0,7745.5,7745.5,4
ASTRAZEN,2026-04-02 09:40:00,7745.5,7753.0,7745.5,7753.0,12
ASTRAZEN,2026-04-02 09:41:00,7753.0,7753.0,7753.0,7753.0,0
ASTRAZEN,2026-04-02 09:42:00,7753.0,7753.0,7753.0,7753.0,0
ASTRAZEN,2026-04-02 09:43:00,7753.0,7753.0,7753.0,7753.0,0
ASTRAZEN,2026-04-02 09:44:00,7753.0,7753.0,7753.0,7753.0,0
ASTRAZEN,2026-04-02 09:45:00,7753.0,7753.0,7753.0,7753.0,0
ASTRAZEN,2026-04-02 09:46:00,7753.0,7753.0,7744.5,7744.5,2
ASTRAZEN,2026-04-02 09:47:00,7744.5,7745.0,7744.5,7745.0,6
ASTRAZEN,2026-04-02 09:48:00,7745.0,7745.0,7740.5,7740.5,12
ASTRAZEN,2026-04-02 09:49:00,7740.5,7744.5,7740.5,7744.5,1
ASTRAZEN,2026-04-02 09:50:00,7744.5,7745.0,7744.5,7745.0,6
ASTRAZEN,2026-04-02 09:51:00,7745.0,7745.0,7745.0,7745.0,0
ASTRAZEN,2026-04-02 09:52:00,7745.0,7745.0,7745.0,7745.0,0
ASTRAZEN,2026-04-02 09:53:00,7745.0,7745.0,7745.0,7745.0,0
ASTRAZEN,2026-04-02 09:54:00,7745.0,7755.0,7745.0,7755.0,33
ASTRAZEN,2026-04-02 09:55:00,7755.0,7761.0,7753.0,7753.0,11
ASTRAZEN,2026-04-02 09:56:00,7753.0,7753.0,7753.0,7753.0,0
ASTRAZEN,2026-04-02 09:57:00,7753.0,7753.0,7753.0,7753.0,1
ASTRAZEN,2026-04-02 09:58:00,7753.0,7753.0,7753.0,7753.0,0
ASTRAZEN,2026-04-02 09:59:00,7753.0,7753.0,7753.0,7753.0,0
ASTRAZEN,2026-04-02 10:00:00,7753.0,7753.0,7753.0,7753.0,53
ASTRAZEN,2026-04-02 10:01:00,7753.0,7753.0,7753.0,7753.0,0
ASTRAZEN,2026-04-02 10:02:00,7753.0,7753.0,7753.0,7753.0,0
ASTRAZEN,2026-04-02 10:03:00,7753.0,7753.0,7738.0,7738.0,10
ASTRAZEN,2026-04-02 10:04:00,7738.0,7743.5,7738.0,7743.5,1
ASTRAZEN,2026-04-02 10:05:00,7743.5,7743.5,7743.5,7743.5,0
ASTRAZEN,2026-04-02 10:06:00,7743.5,7743.5,7743.5,7743.5,0
ASTRAZEN,2026-04-02 10:07:00,7743.5,7743.5,7725.0,7735.5,46
ASTRAZEN,2026-04-02 10:08:00,7735.5,7735.5,7735.5,7735.5,0
ASTRAZEN,2026-04-02 10:09:00,7735.5,7741.0,7735.5,7741.0,1
ASTRAZEN,2026-04-02 10:10:00,7741.0,7751.0,7741.0,7751.0,1
ASTRAZEN,2026-04-02 10:11:00,7739.0,7739.0,7739.0,7739.0,7
ASTRAZEN,2026-04-02 10:13:00,7739.0,7739.0,7739.0,7739.0,0
ASTRAZEN,2026-04-02 10:14:00,7740.0,7740.0,7740.0,7740.0,2
ASTRAZEN,2026-04-02 10:15:00,7740.0,7740.0,7740.0,7740.0,0
ASTRAZEN,2026-04-02 10:16:00,7740.0,7740.0,7740.0,7740.0,0
ASTRAZEN,2026-04-02 10:17:00,7740.0,7750.5,7740.0,7750.5,1
ASTRAZEN,2026-04-02 10:18:00,7750.5,7750.5,7750.5,7750.5,0
ASTRAZEN,2026-04-02 10:19:00,7750.5,7750.5,7750.5,7750.5,0
ASTRAZEN,2026-04-02 10:20:00,7750.5,7750.5,7739.0,7739.0,8
ASTRAZEN,2026-04-02 10:21:00,7739.0,7739.0,7739.0,7739.0,0
ASTRAZEN,2026-04-02 10:22:00,7739.0,7739.0,7739.0,7739.0,0
ASTRAZEN,2026-04-02 10:23:00,7739.0,7739.0,7739.0,7739.0,0
ASTRAZEN,2026-04-02 10:24:00,7739.0,7739.0,7739.0,7739.0,0
ASTRAZEN,2026-04-02 10:25:00,7739.0,7739.0,7739.0,7739.0,0
ASTRAZEN,2026-04-02 10:26:00,7739.0,7739.0,7739.0,7739.0,0
ASTRAZEN,2026-04-02 10:27:00,7739.0,7739.0,7739.0,7739.0,0
ASTRAZEN,2026-04-02 10:28:00,7739.0,7739.0,7739.0,7739.0,0
ASTRAZEN,2026-04-02 10:29:00,7739.0,7742.5,7730.5,7742.5,21
ASTRAZEN,2026-04-02 10:30:00,7742.5,7742.5,7742.5,7742.5,0
ASTRAZEN,2026-04-02 10:31:00,7742.5,7742.5,7742.5,7742.5,0
ASTRAZEN,2026-04-02 10:32:00,7742.5,7742.5,7742.5,7742.5,0
ASTRAZEN,2026-04-02 10:33:00,7741.0,7741.0,7741.0,7741.0,2
ASTRAZEN,2026-04-02 10:34:00,7741.0,7741.0,7741.0,7741.0,0
ASTRAZEN,2026-04-02 10:35:00,7741.0,7741.0,7741.0,7741.0,0
ASTRAZEN,2026-04-02 10:36:00,7739.5,7746.0,7739.5,7741.5,17
ASTRAZEN,2026-04-02 10:37:00,7741.5,7741.5,7741.5,7741.5,0
ASTRAZEN,2026-04-02 10:38:00,7741.5,7741.5,7741.5,7741.5,0
ASTRAZEN,2026-04-02 10:39:00,7741.5,7741.5,7741.5,7741.5,0
ASTRAZEN,2026-04-02 10:40:00,7741.5,7741.5,7741.5,7741.5,0
ASTRAZEN,2026-04-02 10:41:00,7741.5,7741.5,7741.5,7741.5,0
ASTRAZEN,2026-04-02 10:42:00,7741.5,7741.5,7741.5,7741.5,1
ASTRAZEN,2026-04-02 10:43:00,7741.5,7741.5,7741.5,7741.5,0
ASTRAZEN,2026-04-02 10:44:00,7741.5,7741.5,7741.5,7741.5,0
ASTRAZEN,2026-04-02 10:45:00,7741.5,7741.5,7739.5,7739.5,1
ASTRAZEN,2026-04-02 10:46:00,7739.5,7739.5,7738.5,7738.5,0
ASTRAZEN,2026-04-02 10:47:00,7738.5,7745.0,7737.0,7741.0,12
ASTRAZEN,2026-04-02 10:49:00,7741.0,7741.0,7741.0,7741.0,0
ASTRAZEN,2026-04-02 10:50:00,7741.0,7741.0,7741.0,7741.0,0
ASTRAZEN,2026-04-02 10:51:00,7741.0,7749.0,7741.0,7749.0,1
ASTRAZEN,2026-04-02 10:52:00,7749.0,7749.0,7749.0,7749.0,0
ASTRAZEN,2026-04-02 10:53:00,7745.5,7745.5,7745.5,7745.5,1
ASTRAZEN,2026-04-02 10:54:00,7745.5,7745.5,7745.5,7745.5,0
ASTRAZEN,2026-04-02 10:55:00,7745.5,7745.5,7745.5,7745.5,0
ASTRAZEN,2026-04-02 10:56:00,7745.5,7745.5,7745.5,7745.5,0
ASTRAZEN,2026-04-02 10:57:00,7745.5,7745.5,7745.5,7745.5,0
ASTRAZEN,2026-04-02 10:58:00,7745.5,7753.0,7745.5,7753.0,10
ASTRAZEN,2026-04-02 10:59:00,7753.0,7765.5,7745.5,7745.5,79
ASTRAZEN,2026-04-02 11:00:00,7745.5,7745.5,7745.5,7745.5,0
ASTRAZEN,2026-04-02 11:01:00,7745.5,7745.5,7745.5,7745.5,0
ASTRAZEN,2026-04-02 11:02:00,7745.5,7745.5,7745.5,7745.5,0
ASTRAZEN,2026-04-02 11:03:00,7744.5,7744.5,7744.5,7744.5,2
ASTRAZEN,2026-04-02 11:04:00,7744.5,7757.5,7744.5,7757.5,1
ASTRAZEN,2026-04-02 11:05:00,7757.5,7757.5,7757.5,7757.5,0
ASTRAZEN,2026-04-02 11:06:00,7757.5,7757.5,7757.5,7757.5,0
ASTRAZEN,2026-04-02 11:07:00,7757.5,7759.0,7757.5,7758.5,3
ASTRAZEN,2026-04-02 11:08:00,7770.0,7770.0,7769.5,7769.5,2
ASTRAZEN,2026-04-02 11:09:00,7769.5,7769.5,7769.5,7769.5,0
ASTRAZEN,2026-04-02 11:10:00,7760.0,7760.0,7760.0,7760.0,4
ASTRAZEN,2026-04-02 11:11:00,7760.0,7760.0,7760.0,7760.0,0
ASTRAZEN,2026-04-02 11:12:00,7760.0,7760.0,7760.0,7760.0,0
ASTRAZEN,2026-04-02 11:13:00,7760.0,7760.0,7760.0,7760.0,13
ASTRAZEN,2026-04-02 11:14:00,7760.0,7770.0,7760.0,7770.0,15
ASTRAZEN,2026-04-02 11:15:00,7775.5,7775.5,7775.5,7775.5,4
ASTRAZEN,2026-04-02 11:16:00,7775.5,7775.5,7775.5,7775.5,0
ASTRAZEN,2026-04-02 11:17:00,7775.5,7775.5,7775.5,7775.5,0
ASTRAZEN,2026-04-02 11:18:00,7775.5,7775.5,7772.0,7772.0,13
ASTRAZEN,2026-04-02 11:19:00,7772.0,7772.0,7772.0,7772.0,0
ASTRAZEN,2026-04-02 11:20:00,7776.0,7776.0,7776.0,7776.0,1
ASTRAZEN,2026-04-02 11:21:00,7776.0,7776.0,7772.0,7772.0,8
ASTRAZEN,2026-04-02 11:22:00,7772.0,7772.0,7772.0,7772.0,0
ASTRAZEN,2026-04-02 11:23:00,7772.0,7772.0,7772.0,7772.0,0
ASTRAZEN,2026-04-02 11:24:00,7772.0,7772.0,7772.0,7772.0,0
ASTRAZEN,2026-04-02 11:25:00,7772.0,7772.0,7772.0,7772.0,4
ASTRAZEN,2026-04-02 11:26:00,7772.0,7790.5,7772.0,7790.5,2
ASTRAZEN,2026-04-02 11:27:00,7790.5,7790.5,7777.0,7779.0,6
ASTRAZEN,2026-04-02 11:28:00,7779.0,7779.0,7778.5,7778.5,6
ASTRAZEN,2026-04-02 11:29:00,7778.5,7778.5,7778.5,7778.5,1
ASTRAZEN,2026-04-02 11:30:00,7778.5,7778.5,7778.5,7778.5,0
ASTRAZEN,2026-04-02 11:31:00,7778.5,7778.5,7778.5,7778.5,0
ASTRAZEN,2026-04-02 11:32:00,7778.5,7778.5,7753.0,7763.0,21
ASTRAZEN,2026-04-02 11:33:00,7752.5,7752.5,7735.0,7735.0,41
ASTRAZEN,2026-04-02 11:34:00,7735.0,7748.5,7730.0,7748.5,47
ASTRAZEN,2026-04-02 11:35:00,7748.5,7748.5,7748.5,7748.5,0
ASTRAZEN,2026-04-02 11:36:00,7748.5,7748.5,7744.5,7744.5,4
ASTRAZEN,2026-04-02 11:37:00,7744.5,7744.5,7744.0,7744.0,19
ASTRAZEN,2026-04-02 11:38:00,7744.0,7744.0,7744.0,7744.0,0
ASTRAZEN,2026-04-02 11:39:00,7744.0,7750.0,7735.5,7735.5,38
ASTRAZEN,2026-04-02 11:40:00,7735.5,7735.5,7735.5,7735.5,0
ASTRAZEN,2026-04-02 11:41:00,7735.5,7735.5,7735.0,7735.0,5
ASTRAZEN,2026-04-02 11:42:00,7735.0,7735.0,7730.0,7730.0,29
ASTRAZEN,2026-04-02 11:43:00,7730.0,7730.0,7730.0,7730.0,0
ASTRAZEN,2026-04-02 11:44:00,7730.0,7744.5,7730.0,7744.5,4
ASTRAZEN,2026-04-02 11:45:00,7744.5,7749.5,7744.5,7749.5,2
ASTRAZEN,2026-04-02 11:46:00,7749.5,7749.5,7749.5,7749.5,0
ASTRAZEN,2026-04-02 11:47:00,7749.5,7749.5,7738.5,7741.0,41
ASTRAZEN,2026-04-02 11:48:00,7741.0,7745.5,7741.0,7745.5,1
ASTRAZEN,2026-04-02 11:49:00,7746.0,7746.0,7746.0,7746.0,6
ASTRAZEN,2026-04-02 11:50:00,7746.0,7746.0,7746.0,7746.0,1
ASTRAZEN,2026-04-02 11:51:00,7746.0,7747.5,7746.0,7746.5,1
ASTRAZEN,2026-04-02 11:52:00,7746.5,7746.5,7746.5,7746.5,2
ASTRAZEN,2026-04-02 11:53:00,7746.5,7746.5,7746.5,7746.5,0
ASTRAZEN,2026-04-02 11:54:00,7746.5,7746.5,7737.0,7737.0,1
ASTRAZEN,2026-04-02 11:55:00,7737.0,7737.0,7737.0,7737.0,0
ASTRAZEN,2026-04-02 11:56:00,7737.0,7746.0,7737.0,7746.0,12
ASTRAZEN,2026-04-02 11:57:00,7746.0,7747.0,7746.0,7747.0,10
ASTRAZEN,2026-04-02 11:58:00,7747.0,7749.0,7737.0,7737.0,17
ASTRAZEN,2026-04-02 11:59:00,7737.0,7737.0,7737.0,7737.0,0
ASTRAZEN,2026-04-02 12:00:00,7737.0,7737.0,7737.0,7737.0,7
ASTRAZEN,2026-04-02 12:01:00,7737.0,7737.0,7737.0,7737.0,0
ASTRAZEN,2026-04-02 12:02:00,7737.0,7737.0,7737.0,7737.0,0
ASTRAZEN,2026-04-02 12:03:00,7737.0,7737.0,7737.0,7737.0,0
ASTRAZEN,2026-04-02 12:04:00,7737.0,7737.0,7737.0,7737.0,0
ASTRAZEN,2026-04-02 12:05:00,7737.0,7737.0,7737.0,7737.0,0
ASTRAZEN,2026-04-02 12:06:00,7737.0,7737.0,7737.0,7737.0,0
ASTRAZEN,2026-04-02 12:07:00,7737.0,7737.0,7737.0,7737.0,0
ASTRAZEN,2026-04-02 12:08:00,7737.0,7737.0,7710.0,7710.0,328
ASTRAZEN,2026-04-02 12:09:00,7710.0,7731.0,7705.0,7731.0,98
ASTRAZEN,2026-04-02 12:10:00,7731.0,7731.0,7731.0,7731.0,0
ASTRAZEN,2026-04-02 12:11:00,7731.0,7732.0,7722.5,7722.5,21
ASTRAZEN,2026-04-02 12:12:00,7722.5,7722.5,7716.5,7716.5,2
ASTRAZEN,2026-04-02 12:13:00,7716.5,7716.5,7716.5,7716.5,2
ASTRAZEN,2026-04-02 12:14:00,7716.5,7716.5,7716.5,7716.5,0
ASTRAZEN,2026-04-02 12:15:00,7716.5,7716.5,7716.5,7716.5,0
ASTRAZEN,2026-04-02 12:16:00,7716.5,7716.5,7716.5,7716.5,0
ASTRAZEN,2026-04-02 12:17:00,7716.5,7716.5,7701.5,7701.5,38
ASTRAZEN,2026-04-02 12:18:00,7701.5,7716.0,7701.5,7716.0,20
ASTRAZEN,2026-04-02 12:19:00,7716.0,7716.0,7716.0,7716.0,0
ASTRAZEN,2026-04-02 12:20:00,7716.0,7716.0,7715.0,7715.5,2
ASTRAZEN,2026-04-02 12:21:00,7715.5,7716.0,7700.0,7700.0,59
ASTRAZEN,2026-04-02 12:22:00,7700.0,7702.0,7700.0,7702.0,4
ASTRAZEN,2026-04-02 12:23:00,7702.0,7702.0,7702.0,7702.0,0
ASTRAZEN,2026-04-02 12:24:00,7714.5,7717.5,7714.5,7717.5,2
ASTRAZEN,2026-04-02 12:25:00,7718.0,7718.0,7718.0,7718.0,1
ASTRAZEN,2026-04-02 12:26:00,7718.0,7718.0,7716.0,7716.0,10
ASTRAZEN,2026-04-02 12:27:00,7716.0,7716.0,7716.0,7716.0,0
ASTRAZEN,2026-04-02 12:28:00,7716.0,7716.0,7714.5,7714.5,2
ASTRAZEN,2026-04-02 12:29:00,7714.5,7714.5,7714.5,7714.5,1
ASTRAZEN,2026-04-02 12:30:00,7714.5,7714.5,7714.5,7714.5,0
ASTRAZEN,2026-04-02 12:31:00,7714.5,7714.5,7714.5,7714.5,0
ASTRAZEN,2026-04-02 12:32:00,7714.5,7714.5,7714.0,7714.0,1
ASTRAZEN,2026-04-02 12:33:00,7714.0,7714.0,7714.0,7714.0,0
ASTRAZEN,2026-04-02 12:35:00,7714.0,7724.5,7714.0,7724.5,1
ASTRAZEN,2026-04-02 12:36:00,7724.5,7724.5,7718.5,7718.5,4
ASTRAZEN,2026-04-02 12:37:00,7718.5,7727.0,7718.5,7727.0,1
ASTRAZEN,2026-04-02 12:38:00,7727.0,7735.5,7723.0,7723.0,4
ASTRAZEN,2026-04-02 12:39:00,7723.0,7723.0,7723.0,7723.0,0
ASTRAZEN,2026-04-02 12:40:00,7723.0,7723.0,7723.0,7723.0,0
ASTRAZEN,2026-04-02 12:41:00,7723.0,7738.0,7720.0,7732.0,32
ASTRAZEN,2026-04-02 12:42:00,7732.0,7732.0,7732.0,7732.0,0
ASTRAZEN,2026-04-02 12:43:00,7732.0,7735.5,7732.0,7735.5,4
ASTRAZEN,2026-04-02 12:44:00,7735.5,7748.0,7735.5,7748.0,8
ASTRAZEN,2026-04-02 12:45:00,7748.0,7748.5,7733.0,7733.0,11
ASTRAZEN,2026-04-02 12:46:00,7733.0,7736.0,7733.0,7736.0,0
ASTRAZEN,2026-04-02 12:47:00,7736.0,7736.0,7736.0,7736.0,3
ASTRAZEN,2026-04-02 12:48:00,7736.0,7749.5,7736.0,7739.5,11
ASTRAZEN,2026-04-02 12:49:00,7739.5,7748.5,7739.5,7748.5,6
ASTRAZEN,2026-04-02 12:50:00,7748.5,7748.5,7748.5,7748.5,1
ASTRAZEN,2026-04-02 12:51:00,7748.5,7748.5,7748.5,7748.5,1
ASTRAZEN,2026-04-02 12:52:00,7748.5,7749.0,7736.0,7736.0,6
ASTRAZEN,2026-04-02 12:53:00,7736.0,7746.5,7735.5,7735.5,4
ASTRAZEN,2026-04-02 12:54:00,7747.0,7747.0,7747.0,7747.0,5
ASTRAZEN,2026-04-02 12:55:00,7747.0,7747.0,7746.5,7746.5,3
ASTRAZEN,2026-04-02 12:56:00,7746.5,7746.5,7736.5,7736.5,1
ASTRAZEN,2026-04-02 12:57:00,7736.5,7736.5,7736.5,7736.5,0
ASTRAZEN,2026-04-02 12:58:00,7749.0,7759.0,7745.0,7745.0,15
ASTRAZEN,2026-04-02 12:59:00,7745.0,7745.0,7745.0,7745.0,0
ASTRAZEN,2026-04-02 13:00:00,7745.0,7745.0,7745.0,7745.0,0
ASTRAZEN,2026-04-02 13:01:00,7757.0,7760.0,7757.0,7760.0,5
ASTRAZEN,2026-04-02 13:02:00,7760.0,7760.0,7760.0,7760.0,0
ASTRAZEN,2026-04-02 13:03:00,7760.0,7760.0,7751.0,7751.0,1
ASTRAZEN,2026-04-02 13:04:00,7758.5,7758.5,7757.5,7757.5,1
ASTRAZEN,2026-04-02 13:05:00,7757.5,7757.5,7757.5,7757.5,1
ASTRAZEN,2026-04-02 13:06:00,7757.5,7757.5,7757.0,7757.0,0
ASTRAZEN,2026-04-02 13:07:00,7757.0,7759.5,7745.5,7759.5,24
ASTRAZEN,2026-04-02 13:08:00,7759.5,7760.0,7755.5,7755.5,26
ASTRAZEN,2026-04-02 13:09:00,7765.0,7774.5,7765.0,7771.5,8
ASTRAZEN,2026-04-02 13:10:00,7771.5,7771.5,7769.0,7769.0,3
ASTRAZEN,2026-04-02 13:11:00,7771.0,7825.0,7766.0,7766.0,298
ASTRAZEN,2026-04-02 13:12:00,7760.5,7805.5,7760.5,7791.0,22
ASTRAZEN,2026-04-02 13:13:00,7791.0,7803.0,7791.0,7800.0,2
ASTRAZEN,2026-04-02 13:14:00,7800.0,7814.0,7800.0,7814.0,5
ASTRAZEN,2026-04-02 13:15:00,7814.0,7818.0,7793.0,7793.0,18
ASTRAZEN,2026-04-02 13:16:00,7793.0,7804.0,7793.0,7804.0,2
ASTRAZEN,2026-04-02 13:17:00,7804.0,7805.0,7799.5,7799.5,3
ASTRAZEN,2026-04-02 13:18:00,7812.0,7814.5,7812.0,7813.5,12
ASTRAZEN,2026-04-02 13:19:00,7813.5,7814.0,7806.5,7806.5,11
ASTRAZEN,2026-04-02 13:20:00,7806.5,7811.0,7806.5,7811.0,2
ASTRAZEN,2026-04-02 13:21:00,7811.0,7811.0,7802.5,7811.0,6
ASTRAZEN,2026-04-02 13:22:00,7811.0,7816.0,7811.0,7814.5,3
ASTRAZEN,2026-04-02 13:23:00,7814.5,7818.5,7814.5,7818.5,2
ASTRAZEN,2026-04-02 13:24:00,7818.5,7818.5,7809.5,7813.5,7
ASTRAZEN,2026-04-02 13:25:00,7813.5,7817.5,7808.5,7808.5,2
ASTRAZEN,2026-04-02 13:26:00,7808.5,7818.5,7808.5,7818.5,3
ASTRAZEN,2026-04-02 13:27:00,7818.5,7825.0,7815.0,7822.0,10
ASTRAZEN,2026-04-02 13:28:00,7822.0,7824.5,7817.0,7817.0,4
ASTRAZEN,2026-04-02 13:29:00,7817.0,7822.0,7817.0,7820.0,2
ASTRAZEN,2026-04-02 13:30:00,7820.0,7820.0,7814.0,7814.0,8
ASTRAZEN,2026-04-02 13:31:00,7818.5,7820.0,7818.5,7820.0,3
ASTRAZEN,2026-04-02 13:32:00,7820.0,7820.0,7805.0,7813.5,10
ASTRAZEN,2026-04-02 13:33:00,7813.5,7815.5,7813.5,7815.5,5
ASTRAZEN,2026-04-02 13:34:00,7815.5,7815.5,7775.5,7781.5,63
ASTRAZEN,2026-04-02 13:35:00,7781.5,7785.5,7747.0,7766.5,98
ASTRAZEN,2026-04-02 13:36:00,7766.5,7776.0,7766.5,7776.0,9
ASTRAZEN,2026-04-02 13:37:00,7776.0,7786.5,7770.0,7786.5,13
ASTRAZEN,2026-04-02 13:38:00,7786.5,7786.5,7771.0,7782.5,11
ASTRAZEN,2026-04-02 13:39:00,7782.5,7782.5,7779.5,7779.5,3
ASTRAZEN,2026-04-02 13:40:00,7780.0,7780.0,7780.0,7780.0,3
ASTRAZEN,2026-04-02 13:41:00,7780.0,7780.0,7780.0,7780.0,3
ASTRAZEN,2026-04-02 13:42:00,7780.0,7786.5,7780.0,7781.0,16
ASTRAZEN,2026-04-02 13:43:00,7781.0,7781.0,7780.0,7780.0,2
ASTRAZEN,2026-04-02 13:44:00,7780.0,7786.0,7780.0,7786.0,4
ASTRAZEN,2026-04-02 13:45:00,7786.0,7786.0,7786.0,7786.0,3
ASTRAZEN,2026-04-02 13:46:00,7786.0,7786.0,7776.0,7776.0,7
ASTRAZEN,2026-04-02 13:47:00,7776.0,7779.5,7767.0,7767.0,5
ASTRAZEN,2026-04-02 13:48:00,7767.0,7780.5,7767.0,7780.5,2
ASTRAZEN,2026-04-02 13:49:00,7780.5,7785.5,7778.5,7785.5,4
ASTRAZEN,2026-04-02 13:50:00,7786.0,7786.0,7774.0,7774.0,7
ASTRAZEN,2026-04-02 13:51:00,7774.0,7774.0,7773.0,7774.0,2
ASTRAZEN,2026-04-02 13:52:00,7774.0,7776.0,7774.0,7776.0,3
ASTRAZEN,2026-04-02 13:53:00,7778.0,7778.0,7763.0,7771.5,19
ASTRAZEN,2026-04-02 13:54:00,7771.5,7778.0,7771.5,7778.0,3
ASTRAZEN,2026-04-02 13:55:00,7778.0,7779.5,7760.5,7760.5,20
ASTRAZEN,2026-04-02 13:56:00,7760.5,7768.0,7760.5,7768.0,2
ASTRAZEN,2026-04-02 13:57:00,7771.0,7771.0,7767.5,7769.5,4
ASTRAZEN,2026-04-02 13:58:00,7769.5,7770.0,7759.0,7759.0,9
ASTRAZEN,2026-04-02 13:59:00,7759.0,7768.5,7759.0,7768.5,3
ASTRAZEN,2026-04-02 14:00:00,7758.0,7773.5,7750.5,7753.0,41
ASTRAZEN,2026-04-02 14:01:00,7753.0,7761.5,7735.5,7749.5,137
ASTRAZEN,2026-04-02 14:02:00,7754.5,7757.0,7754.5,7757.0,3
ASTRAZEN,2026-04-02 14:03:00,7757.0,7758.5,7757.0,7758.5,2
ASTRAZEN,2026-04-02 14:04:00,7758.5,7759.0,7757.5,7759.0,8
ASTRAZEN,2026-04-02 14:05:00,7759.0,7760.0,7748.0,7748.0,12
ASTRAZEN,2026-04-02 14:06:00,7759.5,7761.5,7759.5,7761.5,13
ASTRAZEN,2026-04-02 14:07:00,7761.5,7763.0,7761.5,7763.0,24
ASTRAZEN,2026-04-02 14:08:00,7743.0,7743.0,7735.5,7735.5,20
ASTRAZEN,2026-04-02 14:09:00,7735.5,7752.0,7735.5,7752.0,11
ASTRAZEN,2026-04-02 14:10:00,7736.0,7763.0,7736.0,7756.5,295
ASTRAZEN,2026-04-02 14:11:00,7756.5,7803.5,7756.5,7803.5,402
ASTRAZEN,2026-04-02 14:12:00,7803.5,7803.5,7791.0,7800.0,9
ASTRAZEN,2026-04-02 14:13:00,7800.0,7800.0,7800.0,7800.0,0
ASTRAZEN,2026-04-02 14:14:00,7800.0,7800.0,7790.5,7790.5,6
ASTRAZEN,2026-04-02 14:15:00,7790.5,7790.5,7790.0,7790.0,19
ASTRAZEN,2026-04-02 14:16:00,7790.0,7790.0,7790.0,7790.0,0
ASTRAZEN,2026-04-02 14:17:00,7790.0,7791.0,7790.0,7791.0,6
ASTRAZEN,2026-04-02 14:18:00,7791.0,7800.0,7789.5,7800.0,58
ASTRAZEN,2026-04-02 14:19:00,7800.0,7800.0,7800.0,7800.0,10
ASTRAZEN,2026-04-02 14:20:00,7800.0,7809.0,7800.0,7809.0,41
ASTRAZEN,2026-04-02 14:21:00,7809.0,7813.0,7809.0,7813.0,1
ASTRAZEN,2026-04-02 14:22:00,7813.0,7813.0,7813.0,7813.0,0
ASTRAZEN,2026-04-02 14:23:00,7813.0,7813.0,7802.0,7802.0,26
ASTRAZEN,2026-04-02 14:24:00,7802.0,7814.5,7802.0,7814.5,1
ASTRAZEN,2026-04-02 14:25:00,7801.0,7815.0,7801.0,7815.0,6
ASTRAZEN,2026-04-02 14:26:00,7795.5,7795.5,7795.5,7795.5,12
ASTRAZEN,2026-04-02 14:27:00,7795.5,7799.0,7795.5,7799.0,1
ASTRAZEN,2026-04-02 14:28:00,7799.0,7799.0,7799.0,7799.0,0
ASTRAZEN,2026-04-02 14:29:00,7799.0,7800.0,7799.0,7800.0,3
ASTRAZEN,2026-04-02 14:30:00,7800.0,7800.0,7791.5,7791.5,3
ASTRAZEN,2026-04-02 14:31:00,7791.5,7791.5,7791.5,7791.5,1
ASTRAZEN,2026-04-02 14:32:00,7791.5,7800.0,7782.0,7800.0,25
ASTRAZEN,2026-04-02 14:33:00,7800.0,7806.5,7796.5,7806.5,20
ASTRAZEN,2026-04-02 14:34:00,7806.5,7815.0,7796.5,7815.0,57
ASTRAZEN,2026-04-02 14:35:00,7820.0,7823.5,7812.5,7823.5,52
ASTRAZEN,2026-04-02 14:36:00,7823.5,7823.5,7823.0,7823.0,3
ASTRAZEN,2026-04-02 14:37:00,7823.0,7823.0,7796.0,7800.0,99
ASTRAZEN,2026-04-02 14:38:00,7786.5,7802.0,7786.5,7802.0,264
ASTRAZEN,2026-04-02 14:39:00,7802.0,7802.0,7802.0,7802.0,0
ASTRAZEN,2026-04-02 14:40:00,7802.0,7802.0,7752.5,7768.5,144
ASTRAZEN,2026-04-02 14:41:00,7767.5,7781.5,7767.5,7781.5,20
ASTRAZEN,2026-04-02 14:42:00,7777.5,7777.5,7777.5,7777.5,39
ASTRAZEN,2026-04-02 14:43:00,7777.5,7777.5,7769.5,7769.5,1
ASTRAZEN,2026-04-02 14:44:00,7769.5,7777.0,7769.5,7777.0,1
ASTRAZEN,2026-04-02 14:45:00,7777.5,7777.5,7770.0,7770.0,5
ASTRAZEN,2026-04-02 14:46:00,7770.0,7777.5,7770.0,7777.5,1
ASTRAZEN,2026-04-02 14:47:00,7777.5,7803.0,7777.5,7803.0,342
ASTRAZEN,2026-04-02 14:48:00,7797.0,7797.0,7793.0,7794.5,33
ASTRAZEN,2026-04-02 14:49:00,7794.5,7796.0,7780.5,7787.5,73
ASTRAZEN,2026-04-02 14:50:00,7787.5,7792.5,7787.5,7792.5,1
ASTRAZEN,2026-04-02 14:51:00,7792.5,7792.5,7792.5,7792.5,0
ASTRAZEN,2026-04-02 14:52:00,7785.0,7785.0,7785.0,7785.0,10
ASTRAZEN,2026-04-02 14:53:00,7794.0,7794.5,7777.0,7789.0,55
ASTRAZEN,2026-04-02 14:54:00,7789.0,7789.0,7789.0,7789.0,0
ASTRAZEN,2026-04-02 14:55:00,7789.0,7817.0,7789.0,7815.5,65
ASTRAZEN,2026-04-02 14:56:00,7817.0,7826.5,7811.0,7826.5,80
ASTRAZEN,2026-04-02 14:57:00,7826.5,7839.0,7816.0,7839.0,159
ASTRAZEN,2026-04-02 14:58:00,7839.0,7839.0,7839.0,7839.0,33
ASTRAZEN,2026-04-02 14:59:00,7839.0,7842.0,7833.5,7841.5,29
ASTRAZEN,2026-04-02 15:00:00,7851.0,7877.0,7846.5,7853.0,442
ASTRAZEN,2026-04-02 15:01:00,7858.0,7860.0,7858.0,7860.0,11
ASTRAZEN,2026-04-02 15:02:00,7857.5,7857.5,7831.5,7840.0,36
ASTRAZEN,2026-04-02 15:03:00,7841.0,7841.0,7806.0,7806.5,75
ASTRAZEN,2026-04-02 15:04:00,7820.0,7832.5,7820.0,7830.5,13
ASTRAZEN,2026-04-02 15:05:00,7829.0,7829.0,7810.0,7810.0,21
ASTRAZEN,2026-04-02 15:06:00,7824.5,7824.5,7824.5,7824.5,9
ASTRAZEN,2026-04-02 15:07:00,7825.5,7835.0,7825.5,7835.0,21
ASTRAZEN,2026-04-02 15:08:00,7835.0,7835.0,7831.0,7831.0,13
ASTRAZEN,2026-04-02 15:09:00,7835.0,7835.0,7835.0,7835.0,11
ASTRAZEN,2026-04-02 15:10:00,7835.0,7835.0,7826.0,7832.0,73
ASTRAZEN,2026-04-02 15:11:00,7833.5,7835.0,7818.0,7833.5,107
ASTRAZEN,2026-04-02 15:12:00,7833.5,7840.5,7825.5,7825.5,89
ASTRAZEN,2026-04-02 15:13:00,7829.5,7835.0,7829.5,7835.0,13
ASTRAZEN,2026-04-02 15:14:00,7835.0,7835.0,7831.0,7835.0,10
ASTRAZEN,2026-04-02 15:15:00,7832.0,7833.0,7815.5,7833.0,32
ASTRAZEN,2026-04-02 15:16:00,7835.0,7835.0,7801.0,7814.5,80
ASTRAZEN,2026-04-02 15:17:00,7814.0,7824.0,7814.0,7823.5,102
ASTRAZEN,2026-04-02 15:18:00,7820.5,7824.0,7820.5,7824.0,14
ASTRAZEN,2026-04-02 15:19:00,7829.0,7829.0,7806.5,7823.0,38
ASTRAZEN,2026-04-02 15:20:00,7824.5,7824.5,7808.0,7808.0,41
ASTRAZEN,2026-04-02 15:21:00,7825.0,7825.5,7825.0,7825.5,9
ASTRAZEN,2026-04-02 15:22:00,7800.0,7805.5,7785.0,7785.0,45
ASTRAZEN,2026-04-02 15:23:00,7806.0,7806.5,7796.0,7796.0,30
ASTRAZEN,2026-04-02 15:24:00,7802.0,7807.0,7802.0,7807.0,11
ASTRAZEN,2026-04-02 15:25:00,7804.0,7804.0,7769.5,7769.5,60
ASTRAZEN,2026-04-02 15:26:00,7769.5,7786.5,7769.5,7786.5,5
ASTRAZEN,2026-04-02 15:27:00,7786.5,7805.5,7786.5,7805.5,35
ASTRAZEN,2026-04-02 15:28:00,7805.5,7807.0,7786.5,7787.0,33
ASTRAZEN,2026-04-02 15:29:00,7807.0,7810.0,7807.0,7810.0,6
ASTRAZEN,2026-04-06 09:15:00,7800.0,7827.0,7760.5,7782.5,185
ASTRAZEN,2026-04-06 09:16:00,7760.0,7779.5,7760.0,7779.5,81
ASTRAZEN,2026-04-06 09:17:00,7779.5,7779.5,7754.0,7772.0,23
ASTRAZEN,2026-04-06 09:18:00,7772.0,7772.0,7771.0,7771.0,2
ASTRAZEN,2026-04-06 09:19:00,7771.0,7771.0,7771.0,7771.0,0
ASTRAZEN,2026-04-06 09:20:00,7771.0,7779.5,7771.0,7779.5,4
ASTRAZEN,2026-04-06 09:21:00,7779.5,7779.5,7755.0,7755.0,19
ASTRAZEN,2026-04-06 09:22:00,7767.5,7781.0,7767.5,7781.0,22
ASTRAZEN,2026-04-06 09:23:00,7781.0,7782.5,7771.0,7771.0,2
ASTRAZEN,2026-04-06 09:24:00,7771.0,7771.0,7761.0,7761.0,14
ASTRAZEN,2026-04-06 09:25:00,7774.0,7774.0,7766.0,7766.0,6
ASTRAZEN,2026-04-06 09:26:00,7766.0,7766.0,7766.0,7766.0,2
ASTRAZEN,2026-04-06 09:27:00,7754.0,7754.0,7740.0,7740.0,76
ASTRAZEN,2026-04-06 09:28:00,7734.0,7740.0,7712.0,7712.0,65
ASTRAZEN,2026-04-06 09:29:00,7712.0,7715.0,7712.0,7715.0,13
ASTRAZEN,2026-04-06 09:30:00,7715.0,7720.0,7715.0,7720.0,186
ASTRAZEN,2026-04-06 09:31:00,7720.0,7720.0,7720.0,7720.0,0
ASTRAZEN,2026-04-06 09:32:00,7720.0,7733.5,7720.0,7733.5,1
ASTRAZEN,2026-04-06 09:33:00,7733.5,7733.5,7733.5,7733.5,0
ASTRAZEN,2026-04-06 09:34:00,7733.5,7755.0,7733.5,7755.0,54
ASTRAZEN,2026-04-06 09:35:00,7742.5,7754.5,7742.5,7754.5,3
ASTRAZEN,2026-04-06 09:36:00,7754.5,7754.5,7754.5,7754.5,0
ASTRAZEN,2026-04-06 09:37:00,7755.0,7778.0,7755.0,7778.0,21
ASTRAZEN,2026-04-06 09:38:00,7778.0,7778.0,7774.5,7774.5,10
ASTRAZEN,2026-04-06 09:39:00,7774.5,7774.5,7774.5,7774.5,1
ASTRAZEN,2026-04-06 09:40:00,7762.5,7762.5,7762.5,7762.5,9
ASTRAZEN,2026-04-06 09:41:00,7762.5,7762.5,7762.5,7762.5,5
ASTRAZEN,2026-04-06 09:42:00,7755.0,7755.0,7740.0,7740.0,19
ASTRAZEN,2026-04-06 09:43:00,7740.0,7740.0,7740.0,7740.0,2
ASTRAZEN,2026-04-06 09:44:00,7740.0,7740.0,7740.0,7740.0,0
ASTRAZEN,2026-04-06 09:45:00,7754.5,7754.5,7754.5,7754.5,1
ASTRAZEN,2026-04-06 09:46:00,7754.5,7759.5,7754.5,7759.5,3
ASTRAZEN,2026-04-06 09:47:00,7759.5,7759.5,7759.5,7759.5,3
ASTRAZEN,2026-04-06 09:48:00,7759.5,7759.5,7750.0,7750.0,2
ASTRAZEN,2026-04-06 09:49:00,7750.0,7750.0,7737.5,7737.5,13
ASTRAZEN,2026-04-06 09:50:00,7737.5,7737.5,7730.0,7732.5,8
ASTRAZEN,2026-04-06 09:51:00,7724.0,7724.0,7707.0,7707.0,76
ASTRAZEN,2026-04-06 09:52:00,7715.5,7719.0,7715.5,7719.0,10
ASTRAZEN,2026-04-06 09:53:00,7719.0,7719.5,7710.0,7710.0,20
ASTRAZEN,2026-04-06 09:54:00,7710.0,7715.0,7710.0,7715.0,2
ASTRAZEN,2026-04-06 09:55:00,7715.0,7715.0,7715.0,7715.0,10
ASTRAZEN,2026-04-06 09:56:00,7715.0,7715.0,7715.0,7715.0,0
ASTRAZEN,2026-04-06 09:57:00,7711.0,7716.0,7706.0,7715.0,31
ASTRAZEN,2026-04-06 09:58:00,7715.0,7715.5,7715.0,7715.5,4
ASTRAZEN,2026-04-06 09:59:00,7705.0,7705.0,7702.0,7702.0,33
ASTRAZEN,2026-04-06 10:00:00,7702.0,7702.0,7686.0,7702.0,217
ASTRAZEN,2026-04-06 10:01:00,7702.0,7702.0,7667.0,7667.0,910
ASTRAZEN,2026-04-06 10:02:00,7654.5,7673.0,7645.5,7661.5,438
ASTRAZEN,2026-04-06 10:03:00,7661.5,7673.5,7661.5,7673.5,5
ASTRAZEN,2026-04-06 10:04:00,7673.5,7673.5,7673.5,7673.5,0
ASTRAZEN,2026-04-06 10:05:00,7673.5,7722.0,7673.5,7700.5,780
ASTRAZEN,2026-04-06 10:06:00,7700.5,7700.5,7700.5,7700.5,0
ASTRAZEN,2026-04-06 10:07:00,7700.5,7700.5,7700.5,7700.5,0
ASTRAZEN,2026-04-06 10:08:00,7700.5,7700.5,7700.5,7700.5,0
ASTRAZEN,2026-04-06 10:09:00,7717.5,7717.5,7717.5,7717.5,2
ASTRAZEN,2026-04-06 10:10:00,7705.5,7705.5,7705.5,7705.5,43
ASTRAZEN,2026-04-06 10:11:00,7705.5,7705.5,7705.5,7705.5,0
ASTRAZEN,2026-04-06 10:12:00,7705.5,7705.5,7705.5,7705.5,0
ASTRAZEN,2026-04-06 10:13:00,7700.0,7700.0,7700.0,7700.0,60
ASTRAZEN,2026-04-06 10:14:00,7700.0,7700.0,7700.0,7700.0,0
ASTRAZEN,2026-04-06 10:15:00,7712.5,7712.5,7700.0,7700.0,126
ASTRAZEN,2026-04-06 10:16:00,7707.0,7707.0,7707.0,7707.0,4
ASTRAZEN,2026-04-06 10:17:00,7707.0,7711.0,7707.0,7711.0,3
ASTRAZEN,2026-04-06 10:18:00,7711.0,7711.0,7711.0,7711.0,5
ASTRAZEN,2026-04-06 10:19:00,7711.0,7711.0,7711.0,7711.0,0
ASTRAZEN,2026-04-06 10:20:00,7711.0,7716.5,7711.0,7716.5,5
ASTRAZEN,2026-04-06 10:21:00,7711.0,7711.0,7711.0,7711.0,16
ASTRAZEN,2026-04-06 10:22:00,7711.0,7730.0,7711.0,7719.5,45
ASTRAZEN,2026-04-06 10:23:00,7719.5,7719.5,7719.5,7719.5,0
ASTRAZEN,2026-04-06 10:24:00,7721.5,7730.0,7721.5,7725.0,29
ASTRAZEN,2026-04-06 10:25:00,7721.5,7721.5,7721.5,7721.5,2
ASTRAZEN,2026-04-06 10:26:00,7721.5,7721.5,7721.5,7721.5,0
ASTRAZEN,2026-04-06 10:27:00,7721.5,7721.5,7721.5,7721.5,0
ASTRAZEN,2026-04-06 10:28:00,7724.0,7724.0,7724.0,7724.0,2
ASTRAZEN,2026-04-06 10:29:00,7724.0,7724.0,7715.0,7715.0,66
ASTRAZEN,2026-04-06 10:30:00,7715.0,7723.5,7715.0,7723.5,1
ASTRAZEN,2026-04-06 10:31:00,7723.5,7723.5,7723.5,7723.5,0
ASTRAZEN,2026-04-06 10:32:00,7723.5,7723.5,7723.5,7723.5,0
ASTRAZEN,2026-04-06 10:33:00,7723.5,7723.5,7723.5,7723.5,0
ASTRAZEN,2026-04-06 10:34:00,7723.5,7723.5,7722.0,7723.0,2
ASTRAZEN,2026-04-06 10:35:00,7723.0,7723.0,7723.0,7723.0,0
ASTRAZEN,2026-04-06 10:36:00,7723.0,7723.0,7723.0,7723.0,0
ASTRAZEN,2026-04-06 10:37:00,7723.0,7727.5,7723.0,7725.5,22
ASTRAZEN,2026-04-06 10:38:00,7730.0,7740.0,7730.0,7740.0,133
ASTRAZEN,2026-04-06 10:39:00,7740.0,7740.0,7715.0,7715.0,23
ASTRAZEN,2026-04-06 10:40:00,7715.0,7727.0,7715.0,7727.0,1
ASTRAZEN,2026-04-06 10:41:00,7727.0,7727.0,7726.0,7726.0,1
ASTRAZEN,2026-04-06 10:42:00,7726.0,7726.0,7726.0,7726.0,0
ASTRAZEN,2026-04-06 10:43:00,7726.0,7726.0,7726.0,7726.0,0
ASTRAZEN,2026-04-06 10:44:00,7725.0,7725.0,7725.0,7725.0,3
ASTRAZEN,2026-04-06 10:45:00,7725.0,7725.0,7725.0,7725.0,0
ASTRAZEN,2026-04-06 10:46:00,7725.0,7725.0,7725.0,7725.0,0
ASTRAZEN,2026-04-06 10:47:00,7725.0,7740.0,7725.0,7740.0,34
ASTRAZEN,2026-04-06 10:48:00,7740.0,7740.0,7732.5,7732.5,43
ASTRAZEN,2026-04-06 10:49:00,7732.5,7732.5,7732.5,7732.5,0
ASTRAZEN,2026-04-06 10:50:00,7738.0,7738.0,7738.0,7738.0,1
ASTRAZEN,2026-04-06 10:51:00,7738.0,7738.0,7738.0,7738.0,7
ASTRAZEN,2026-04-06 10:52:00,7738.0,7738.0,7738.0,7738.0,0
ASTRAZEN,2026-04-06 10:53:00,7738.0,7738.0,7736.5,7736.5,6
ASTRAZEN,2026-04-06 10:54:00,7736.5,7736.5,7726.5,7726.5,5
ASTRAZEN,2026-04-06 10:55:00,7726.5,7726.5,7726.5,7726.5,0
ASTRAZEN,2026-04-06 10:56:00,7726.5,7737.5,7726.5,7737.5,1
ASTRAZEN,2026-04-06 10:57:00,7737.5,7737.5,7737.5,7737.5,1
ASTRAZEN,2026-04-06 10:58:00,7737.5,7738.0,7728.0,7728.0,7
ASTRAZEN,2026-04-06 10:59:00,7744.0,7750.0,7740.5,7740.5,96
ASTRAZEN,2026-04-06 11:00:00,7740.5,7740.5,7740.5,7740.5,0
ASTRAZEN,2026-04-06 11:01:00,7740.5,7740.5,7740.5,7740.5,0
ASTRAZEN,2026-04-06 11:02:00,7734.5,7735.0,7734.5,7735.0,8
ASTRAZEN,2026-04-06 11:03:00,7735.0,7760.0,7726.5,7726.5,120
ASTRAZEN,2026-04-06 11:04:00,7726.5,7726.5,7726.5,7726.5,0
ASTRAZEN,2026-04-06 11:05:00,7726.5,7735.0,7726.5,7735.0,1
ASTRAZEN,2026-04-06 11:06:00,7735.0,7735.0,7725.0,7725.0,35
ASTRAZEN,2026-04-06 11:07:00,7725.0,7725.0,7723.5,7723.5,1
ASTRAZEN,2026-04-06 11:08:00,7722.5,7722.5,7722.5,7722.5,1
ASTRAZEN,2026-04-06 11:09:00,7722.5,7722.5,7722.5,7722.5,0
ASTRAZEN,2026-04-06 11:10:00,7722.5,7723.0,7714.5,7723.0,4
ASTRAZEN,2026-04-06 11:11:00,7723.0,7723.0,7710.0,7710.0,98
ASTRAZEN,2026-04-06 11:12:00,7710.0,7710.0,7710.0,7710.0,0
ASTRAZEN,2026-04-06 11:13:00,7710.0,7714.5,7707.0,7714.5,14
ASTRAZEN,2026-04-06 11:14:00,7714.5,7714.5,7714.5,7714.5,32
ASTRAZEN,2026-04-06 11:15:00,7714.5,7736.0,7714.5,7736.0,135
ASTRAZEN,2026-04-06 11:16:00,7739.5,7747.0,7732.5,7747.0,130
ASTRAZEN,2026-04-06 11:17:00,7747.0,7750.0,7747.0,7750.0,108
ASTRAZEN,2026-04-06 11:18:00,7750.0,7769.5,7750.0,7769.5,89
ASTRAZEN,2026-04-06 11:19:00,7769.5,7769.5,7769.5,7769.5,0
ASTRAZEN,2026-04-06 11:20:00,7769.5,7769.5,7769.5,7769.5,2
ASTRAZEN,2026-04-06 11:21:00,7769.5,7769.5,7769.5,7769.5,0
ASTRAZEN,2026-04-06 11:22:00,7769.5,7769.5,7756.5,7756.5,3
ASTRAZEN,2026-04-06 11:23:00,7756.5,7756.5,7756.5,7756.5,0
ASTRAZEN,2026-04-06 11:24:00,7756.5,7756.5,7756.5,7756.5,0
ASTRAZEN,2026-04-06 11:25:00,7756.5,7756.5,7756.5,7756.5,0
ASTRAZEN,2026-04-06 11:26:00,7756.5,7756.5,7748.5,7748.5,1
ASTRAZEN,2026-04-06 11:27:00,7748.5,7748.5,7748.5,7748.5,0
ASTRAZEN,2026-04-06 11:28:00,7758.0,7758.0,7758.0,7758.0,17
ASTRAZEN,2026-04-06 11:29:00,7758.0,7758.0,7758.0,7758.0,0
ASTRAZEN,2026-04-06 11:30:00,7758.0,7764.0,7758.0,7764.0,49
ASTRAZEN,2026-04-06 11:31:00,7764.0,7764.0,7764.0,7764.0,0
ASTRAZEN,2026-04-06 11:32:00,7764.0,7764.0,7764.0,7764.0,0
ASTRAZEN,2026-04-06 11:33:00,7764.0,7764.0,7764.0,7764.0,0
ASTRAZEN,2026-04-06 11:35:00,7764.0,7764.0,7752.5,7752.5,6
ASTRAZEN,2026-04-06 11:36:00,7752.5,7752.5,7752.5,7752.5,0
ASTRAZEN,2026-04-06 11:37:00,7752.5,7763.0,7752.5,7763.0,24
ASTRAZEN,2026-04-06 11:38:00,7763.0,7769.0,7763.0,7769.0,2
ASTRAZEN,2026-04-06 11:39:00,7769.0,7769.0,7769.0,7769.0,1
ASTRAZEN,2026-04-06 11:40:00,7769.0,7769.0,7769.0,7769.0,10
ASTRAZEN,2026-04-06 11:41:00,7766.0,7766.5,7765.0,7766.5,8
ASTRAZEN,2026-04-06 11:42:00,7766.5,7766.5,7766.5,7766.5,0
ASTRAZEN,2026-04-06 11:43:00,7750.0,7750.0,7737.0,7738.5,89
ASTRAZEN,2026-04-06 11:44:00,7738.5,7750.0,7738.5,7747.0,13
ASTRAZEN,2026-04-06 11:45:00,7747.0,7750.0,7747.0,7750.0,2
ASTRAZEN,2026-04-06 11:46:00,7750.0,7750.0,7750.0,7750.0,1
ASTRAZEN,2026-04-06 11:47:00,7750.0,7750.0,7750.0,7750.0,0
ASTRAZEN,2026-04-06 11:48:00,7750.0,7750.0,7750.0,7750.0,2
ASTRAZEN,2026-04-06 11:49:00,7750.0,7753.5,7750.0,7753.5,2
ASTRAZEN,2026-04-06 11:50:00,7756.0,7756.0,7750.5,7750.5,29
ASTRAZEN,2026-04-06 11:51:00,7750.5,7750.5,7750.5,7750.5,0
ASTRAZEN,2026-04-06 11:52:00,7750.5,7750.5,7750.5,7750.5,0
ASTRAZEN,2026-04-06 11:53:00,7750.0,7753.0,7750.0,7753.0,21
ASTRAZEN,2026-04-06 11:54:00,7753.0,7753.0,7736.0,7736.5,20
ASTRAZEN,2026-04-06 11:55:00,7736.5,7747.0,7736.5,7747.0,20
ASTRAZEN,2026-04-06 11:56:00,7747.0,7754.5,7747.0,7748.0,4
ASTRAZEN,2026-04-06 11:57:00,7757.0,7763.5,7753.5,7763.5,39
ASTRAZEN,2026-04-06 11:58:00,7763.5,7764.0,7763.5,7764.0,1
ASTRAZEN,2026-04-06 11:59:00,7764.0,7764.0,7764.0,7764.0,2
ASTRAZEN,2026-04-06 12:00:00,7764.0,7764.0,7764.0,7764.0,2
ASTRAZEN,2026-04-06 12:01:00,7764.0,7764.0,7764.0,7764.0,0
ASTRAZEN,2026-04-06 12:02:00,7764.0,7764.0,7764.0,7764.0,0
ASTRAZEN,2026-04-06 12:03:00,7764.0,7764.0,7764.0,7764.0,0
ASTRAZEN,2026-04-06 12:05:00,7764.0,7764.0,7764.0,7764.0,0
ASTRAZEN,2026-04-06 12:07:00,7764.0,7764.0,7763.5,7763.5,1
ASTRAZEN,2026-04-06 12:08:00,7763.5,7763.5,7763.5,7763.5,0
ASTRAZEN,2026-04-06 12:09:00,7763.5,7764.0,7763.5,7764.0,4
ASTRAZEN,2026-04-06 12:10:00,7764.0,7764.0,7764.0,7764.0,1
ASTRAZEN,2026-04-06 12:11:00,7764.0,7764.0,7764.0,7764.0,0
ASTRAZEN,2026-04-06 12:12:00,7764.0,7764.0,7764.0,7764.0,0
ASTRAZEN,2026-04-06 12:13:00,7764.0,7764.0,7764.0,7764.0,0
ASTRAZEN,2026-04-06 12:14:00,7764.0,7764.0,7764.0,7764.0,0
ASTRAZEN,2026-04-06 12:15:00,7764.0,7764.0,7764.0,7764.0,0
ASTRAZEN,2026-04-06 12:16:00,7764.0,7764.0,7764.0,7764.0,0
ASTRAZEN,2026-04-06 12:17:00,7753.0,7759.5,7753.0,7759.5,6
ASTRAZEN,2026-04-06 12:18:00,7759.5,7759.5,7759.5,7759.5,0
ASTRAZEN,2026-04-06 12:19:00,7759.5,7759.5,7759.5,7759.5,0
ASTRAZEN,2026-04-06 12:20:00,7759.5,7759.5,7753.0,7753.0,13
ASTRAZEN,2026-04-06 12:21:00,7753.0,7753.0,7753.0,7753.0,0
ASTRAZEN,2026-04-06 12:23:00,7750.0,7750.0,7750.0,7750.0,3
ASTRAZEN,2026-04-06 12:24:00,7750.0,7750.0,7744.0,7744.0,19
ASTRAZEN,2026-04-06 12:25:00,7750.0,7750.0,7750.0,7750.0,1
ASTRAZEN,2026-04-06 12:26:00,7750.0,7750.0,7750.0,7750.0,0
ASTRAZEN,2026-04-06 12:27:00,7750.0,7755.5,7750.0,7755.5,36
ASTRAZEN,2026-04-06 12:28:00,7755.5,7755.5,7755.5,7755.5,0
ASTRAZEN,2026-04-06 12:29:00,7764.0,7764.0,7760.0,7760.0,42
ASTRAZEN,2026-04-06 12:30:00,7760.0,7760.0,7760.0,7760.0,0
ASTRAZEN,2026-04-06 12:31:00,7760.0,7760.0,7760.0,7760.0,4
ASTRAZEN,2026-04-06 12:32:00,7760.0,7760.0,7760.0,7760.0,16
ASTRAZEN,2026-04-06 12:33:00,7760.0,7760.0,7750.0,7750.0,36
ASTRAZEN,2026-04-06 12:34:00,7750.0,7759.0,7750.0,7759.0,3
ASTRAZEN,2026-04-06 12:35:00,7759.0,7759.0,7747.0,7747.0,26
ASTRAZEN,2026-04-06 12:36:00,7747.0,7747.0,7747.0,7747.0,26
ASTRAZEN,2026-04-06 12:37:00,7747.0,7750.0,7747.0,7747.5,5
ASTRAZEN,2026-04-06 12:38:00,7746.0,7746.0,7746.0,7746.0,2
ASTRAZEN,2026-04-06 12:39:00,7753.5,7753.5,7746.5,7746.5,3
ASTRAZEN,2026-04-06 12:40:00,7746.5,7746.5,7746.0,7746.0,1
ASTRAZEN,2026-04-06 12:41:00,7746.0,7746.0,7746.0,7746.0,2
ASTRAZEN,2026-04-06 12:42:00,7746.0,7751.5,7746.0,7751.5,3
ASTRAZEN,2026-04-06 12:43:00,7751.5,7751.5,7746.0,7746.0,2
ASTRAZEN,2026-04-06 12:44:00,7746.0,7750.0,7746.0,7746.0,4
ASTRAZEN,2026-04-06 12:45:00,7746.0,7750.0,7746.0,7750.0,3
ASTRAZEN,2026-04-06 12:46:00,7746.0,7746.0,7746.0,7746.0,1
ASTRAZEN,2026-04-06 12:47:00,7750.0,7750.0,7747.0,7747.0,106
ASTRAZEN,2026-04-06 12:48:00,7747.0,7747.0,7747.0,7747.0,0
ASTRAZEN,2026-04-06 12:49:00,7747.0,7755.0,7747.0,7747.0,35
ASTRAZEN,2026-04-06 12:50:00,7747.0,7747.0,7747.0,7747.0,0
ASTRAZEN,2026-04-06 12:51:00,7747.0,7747.0,7747.0,7747.0,0
ASTRAZEN,2026-04-06 12:52:00,7747.0,7747.0,7747.0,7747.0,0
ASTRAZEN,2026-04-06 12:53:00,7747.0,7747.0,7747.0,7747.0,0
ASTRAZEN,2026-04-06 12:54:00,7747.0,7747.0,7747.0,7747.0,0
ASTRAZEN,2026-04-06 12:55:00,7747.0,7756.0,7747.0,7756.0,1
ASTRAZEN,2026-04-06 12:56:00,7756.0,7756.0,7755.0,7755.0,8
ASTRAZEN,2026-04-06 12:57:00,7755.0,7755.0,7755.0,7755.0,0
ASTRAZEN,2026-04-06 12:59:00,7759.5,7759.5,7759.5,7759.5,1
ASTRAZEN,2026-04-06 13:00:00,7759.5,7759.5,7759.5,7759.5,0
ASTRAZEN,2026-04-06 13:04:00,7759.5,7759.5,7759.5,7759.5,0
ASTRAZEN,2026-04-06 13:05:00,7759.5,7759.5,7759.5,7759.5,0
ASTRAZEN,2026-04-06 13:06:00,7759.5,7759.5,7759.5,7759.5,0
ASTRAZEN,2026-04-06 13:07:00,7759.5,7759.5,7759.5,7759.5,0
ASTRAZEN,2026-04-06 13:08:00,7759.5,7759.5,7755.0,7758.5,14
ASTRAZEN,2026-04-06 13:09:00,7758.5,7759.5,7758.5,7759.5,1
ASTRAZEN,2026-04-06 13:10:00,7760.0,7770.0,7760.0,7764.5,232
ASTRAZEN,2026-04-06 13:11:00,7764.5,7764.5,7764.5,7764.5,0
ASTRAZEN,2026-04-06 13:13:00,7764.5,7764.5,7764.5,7764.5,0
ASTRAZEN,2026-04-06 13:15:00,7764.5,7764.5,7764.5,7764.5,0
ASTRAZEN,2026-04-06 13:16:00,7764.5,7764.5,7764.5,7764.5,0
ASTRAZEN,2026-04-06 13:17:00,7764.5,7789.0,7764.5,7776.5,176
ASTRAZEN,2026-04-06 13:18:00,7786.0,7786.0,7776.5,7776.5,6
ASTRAZEN,2026-04-06 13:19:00,7776.5,7776.5,7776.5,7776.5,0
ASTRAZEN,2026-04-06 13:20:00,7776.5,7792.0,7776.5,7782.5,119
ASTRAZEN,2026-04-06 13:21:00,7792.0,7792.0,7792.0,7792.0,3
ASTRAZEN,2026-04-06 13:22:00,7792.0,7792.0,7778.5,7778.5,128
ASTRAZEN,2026-04-06 13:23:00,7778.5,7778.5,7778.5,7778.5,0
ASTRAZEN,2026-04-06 13:24:00,7778.5,7788.0,7778.5,7788.0,1
ASTRAZEN,2026-04-06 13:25:00,7788.0,7789.5,7788.0,7789.5,1
ASTRAZEN,2026-04-06 13:26:00,7789.5,7792.0,7789.5,7792.0,2
ASTRAZEN,2026-04-06 13:27:00,7792.0,7792.0,7784.0,7784.0,3
ASTRAZEN,2026-04-06 13:28:00,7784.0,7784.0,7551.5,7768.5,2065
ASTRAZEN,2026-04-06 13:29:00,7768.5,7780.0,7753.0,7765.0,177
ASTRAZEN,2026-04-06 13:30:00,7765.0,7773.0,7763.5,7773.0,7
ASTRAZEN,2026-04-06 13:31:00,7773.0,7773.0,7773.0,7773.0,29
ASTRAZEN,2026-04-06 13:32:00,7773.0,7773.0,7773.0,7773.0,0
ASTRAZEN,2026-04-06 13:33:00,7773.0,7777.0,7773.0,7777.0,1
ASTRAZEN,2026-04-06 13:34:00,7777.0,7777.0,7777.0,7777.0,5
ASTRAZEN,2026-04-06 13:35:00,7780.0,7780.0,7779.5,7779.5,4
ASTRAZEN,2026-04-06 13:36:00,7779.5,7779.5,7773.0,7773.0,3
ASTRAZEN,2026-04-06 13:37:00,7773.0,7773.0,7773.0,7773.0,0
ASTRAZEN,2026-04-06 13:38:00,7773.0,7773.0,7773.0,7773.0,1
ASTRAZEN,2026-04-06 13:39:00,7773.0,7773.5,7773.0,7773.5,1
ASTRAZEN,2026-04-06 13:40:00,7773.5,7773.5,7760.5,7760.5,5
ASTRAZEN,2026-04-06 13:41:00,7760.5,7760.5,7749.5,7749.5,1
ASTRAZEN,2026-04-06 13:42:00,7749.5,7762.0,7749.5,7760.0,45
ASTRAZEN,2026-04-06 13:43:00,7760.0,7760.0,7760.0,7760.0,0
ASTRAZEN,2026-04-06 13:44:00,7760.0,7760.0,7760.0,7760.0,0
ASTRAZEN,2026-04-06 13:45:00,7760.0,7760.0,7755.0,7755.0,12
ASTRAZEN,2026-04-06 13:46:00,7755.0,7770.0,7755.0,7770.0,7
ASTRAZEN,2026-04-06 13:47:00,7770.0,7780.5,7770.0,7775.0,12
ASTRAZEN,2026-04-06 13:48:00,7783.0,7784.0,7783.0,7784.0,2
ASTRAZEN,2026-04-06 13:49:00,7789.5,7792.0,7787.0,7792.0,25
ASTRAZEN,2026-04-06 13:50:00,7792.0,7792.0,7770.5,7770.5,16
ASTRAZEN,2026-04-06 13:51:00,7770.0,7770.0,7764.0,7770.0,57
ASTRAZEN,2026-04-06 13:52:00,7770.0,7774.5,7770.0,7774.5,5
ASTRAZEN,2026-04-06 13:53:00,7774.5,7774.5,7774.5,7774.5,0
ASTRAZEN,2026-04-06 13:54:00,7774.5,7774.5,7768.0,7769.0,13
ASTRAZEN,2026-04-06 13:55:00,7769.0,7780.0,7769.0,7780.0,25
ASTRAZEN,2026-04-06 13:56:00,7780.0,7781.0,7780.0,7781.0,1
ASTRAZEN,2026-04-06 13:57:00,7781.0,7787.0,7781.0,7782.5,8
ASTRAZEN,2026-04-06 13:58:00,7782.5,7806.0,7782.5,7794.5,377
ASTRAZEN,2026-04-06 13:59:00,7794.5,7795.0,7793.5,7795.0,15
ASTRAZEN,2026-04-06 14:00:00,7795.0,7801.0,7795.0,7801.0,11
ASTRAZEN,2026-04-06 14:01:00,7792.5,7792.5,7790.5,7790.5,4
ASTRAZEN,2026-04-06 14:02:00,7790.5,7790.5,7790.5,7790.5,0
ASTRAZEN,2026-04-06 14:03:00,7790.5,7794.0,7788.0,7788.0,18
ASTRAZEN,2026-04-06 14:04:00,7788.0,7788.0,7788.0,7788.0,0
ASTRAZEN,2026-04-06 14:05:00,7783.5,7792.0,7783.5,7792.0,49
ASTRAZEN,2026-04-06 14:06:00,7792.0,7793.5,7792.0,7793.5,1
ASTRAZEN,2026-04-06 14:07:00,7787.5,7787.5,7787.5,7787.5,8
ASTRAZEN,2026-04-06 14:08:00,7787.5,7787.5,7787.5,7787.5,0
ASTRAZEN,2026-04-06 14:09:00,7787.5,7787.5,7787.5,7787.5,0
ASTRAZEN,2026-04-06 14:10:00,7761.5,7767.0,7755.5,7766.0,110
ASTRAZEN,2026-04-06 14:11:00,7768.5,7768.5,7768.5,7768.5,3
ASTRAZEN,2026-04-06 14:12:00,7768.5,7768.5,7768.5,7768.5,0
ASTRAZEN,2026-04-06 14:13:00,7774.0,7774.0,7768.0,7768.0,16
ASTRAZEN,2026-04-06 14:14:00,7768.0,7770.5,7768.0,7770.5,2
ASTRAZEN,2026-04-06 14:15:00,7770.5,7770.5,7770.5,7770.5,0
ASTRAZEN,2026-04-06 14:16:00,7770.5,7770.5,7770.0,7770.0,2
ASTRAZEN,2026-04-06 14:17:00,7770.0,7770.0,7770.0,7770.0,1
ASTRAZEN,2026-04-06 14:18:00,7770.0,7770.0,7770.0,7770.0,2
ASTRAZEN,2026-04-06 14:20:00,7780.5,7780.5,7780.5,7780.5,2
ASTRAZEN,2026-04-06 14:21:00,7780.5,7780.5,7780.5,7780.5,0
ASTRAZEN,2026-04-06 14:22:00,7780.5,7780.5,7769.0,7769.0,24
ASTRAZEN,2026-04-06 14:23:00,7769.0,7774.5,7768.0,7774.5,32
ASTRAZEN,2026-04-06 14:24:00,7774.5,7784.5,7774.5,7784.5,10
ASTRAZEN,2026-04-06 14:25:00,7782.0,7784.5,7782.0,7782.0,6
ASTRAZEN,2026-04-06 14:26:00,7784.0,7784.0,7784.0,7784.0,2
ASTRAZEN,2026-04-06 14:27:00,7786.5,7786.5,7778.0,7778.0,10
ASTRAZEN,2026-04-06 14:28:00,7778.0,7778.0,7778.0,7778.0,0
ASTRAZEN,2026-04-06 14:29:00,7778.0,7778.0,7777.5,7777.5,1
ASTRAZEN,2026-04-06 14:30:00,7778.5,7778.5,7778.5,7778.5,15
ASTRAZEN,2026-04-06 14:31:00,7778.5,7778.5,7778.5,7778.5,0
ASTRAZEN,2026-04-06 14:32:00,7778.5,7778.5,7778.5,7778.5,0
ASTRAZEN,2026-04-06 14:34:00,7778.5,7778.5,7778.5,7778.5,0
ASTRAZEN,2026-04-06 14:35:00,7778.5,7778.5,7768.0,7768.0,15
ASTRAZEN,2026-04-06 14:36:00,7768.0,7768.0,7768.0,7768.0,0
ASTRAZEN,2026-04-06 14:37:00,7768.0,7768.0,7764.5,7764.5,4
ASTRAZEN,2026-04-06 14:38:00,7773.5,7773.5,7764.5,7764.5,23
ASTRAZEN,2026-04-06 14:39:00,7764.5,7768.5,7764.5,7768.5,4
ASTRAZEN,2026-04-06 14:40:00,7768.5,7769.5,7768.5,7769.5,1
ASTRAZEN,2026-04-06 14:41:00,7769.5,7769.5,7769.5,7769.5,0
ASTRAZEN,2026-04-06 14:42:00,7784.5,7786.0,7774.0,7780.5,145
ASTRAZEN,2026-04-06 14:43:00,7767.5,7767.5,7767.5,7767.5,19
ASTRAZEN,2026-04-06 14:44:00,7767.5,7767.5,7767.5,7767.5,0
ASTRAZEN,2026-04-06 14:45:00,7767.5,7780.0,7767.5,7780.0,8
ASTRAZEN,2026-04-06 14:46:00,7786.0,7786.0,7775.0,7782.0,23
ASTRAZEN,2026-04-06 14:47:00,7782.0,7787.0,7782.0,7787.0,13
ASTRAZEN,2026-04-06 14:48:00,7775.5,7775.5,7775.5,7775.5,8
ASTRAZEN,2026-04-06 14:49:00,7775.5,7775.5,7775.5,7775.5,0
ASTRAZEN,2026-04-06 14:50:00,7775.5,7775.5,7775.5,7775.5,0
ASTRAZEN,2026-04-06 14:51:00,7775.5,7775.5,7762.5,7767.5,26
ASTRAZEN,2026-04-06 14:52:00,7767.5,7767.5,7767.5,7767.5,4
ASTRAZEN,2026-04-06 14:53:00,7767.5,7767.5,7767.5,7767.5,0
ASTRAZEN,2026-04-06 14:54:00,7765.0,7773.0,7765.0,7773.0,2
ASTRAZEN,2026-04-06 14:55:00,7765.5,7776.0,7765.5,7776.0,3
ASTRAZEN,2026-04-06 14:56:00,7776.0,7776.0,7776.0,7776.0,2
ASTRAZEN,2026-04-06 14:57:00,7775.0,7775.0,7775.0,7775.0,1
ASTRAZEN,2026-04-06 14:58:00,7776.0,7776.0,7776.0,7776.0,1
ASTRAZEN,2026-04-06 14:59:00,7776.0,7782.0,7776.0,7782.0,17
ASTRAZEN,2026-04-06 15:00:00,7784.5,7784.5,7784.5,7784.5,1
ASTRAZEN,2026-04-06 15:01:00,7784.5,7784.5,7763.0,7763.0,37
ASTRAZEN,2026-04-06 15:02:00,7763.0,7763.0,7763.0,7763.0,0
ASTRAZEN,2026-04-06 15:03:00,7763.0,7773.0,7763.0,7773.0,35
ASTRAZEN,2026-04-06 15:04:00,7773.0,7782.0,7773.0,7782.0,1
ASTRAZEN,2026-04-06 15:05:00,7782.0,7782.0,7772.5,7772.5,3
ASTRAZEN,2026-04-06 15:06:00,7772.5,7781.5,7767.0,7767.0,8
ASTRAZEN,2026-04-06 15:07:00,7768.5,7768.5,7768.5,7768.5,60
ASTRAZEN,2026-04-06 15:08:00,7768.5,7770.0,7768.5,7770.0,1
ASTRAZEN,2026-04-06 15:09:00,7770.0,7778.5,7770.0,7778.5,3
ASTRAZEN,2026-04-06 15:10:00,7778.5,7778.5,7761.5,7764.5,36
ASTRAZEN,2026-04-06 15:11:00,7764.5,7764.5,7763.0,7763.0,1
ASTRAZEN,2026-04-06 15:12:00,7763.0,7767.0,7763.0,7763.0,21
ASTRAZEN,2026-04-06 15:13:00,7757.0,7770.0,7757.0,7770.0,79
ASTRAZEN,2026-04-06 15:14:00,7770.0,7773.0,7770.0,7773.0,1
ASTRAZEN,2026-04-06 15:15:00,7766.0,7770.0,7764.0,7764.0,23
ASTRAZEN,2026-04-06 15:16:00,7764.0,7770.0,7764.0,7770.0,146
ASTRAZEN,2026-04-06 15:17:00,7774.5,7778.0,7764.5,7778.0,61
ASTRAZEN,2026-04-06 15:18:00,7778.0,7778.0,7758.5,7758.5,12
ASTRAZEN,2026-04-06 15:19:00,7758.5,7775.5,7758.5,7773.5,4
ASTRAZEN,2026-04-06 15:20:00,7773.5,7774.0,7763.5,7774.0,9
ASTRAZEN,2026-04-06 15:21:00,7774.0,7775.0,7758.5,7758.5,21
ASTRAZEN,2026-04-06 15:22:00,7772.0,7780.5,7772.0,7780.5,31
ASTRAZEN,2026-04-06 15:23:00,7782.0,7782.0,7759.5,7780.5,41
ASTRAZEN,2026-04-06 15:24:00,7779.5,7779.5,7779.5,7779.5,4
ASTRAZEN,2026-04-06 15:25:00,7780.0,7780.0,7766.0,7766.0,38
ASTRAZEN,2026-04-06 15:26:00,7766.0,7779.0,7766.0,7772.5,18
ASTRAZEN,2026-04-06 15:27:00,7779.0,7779.0,7771.5,7775.0,38
ASTRAZEN,2026-04-06 15:28:00,7775.0,7779.0,7772.0,7772.0,26
ASTRAZEN,2026-04-06 15:29:00,7772.0,7779.0,7745.5,7745.5,46
ASTRAZEN,2026-04-07 09:15:00,7770.0,7824.5,7740.0,7748.0,107
ASTRAZEN,2026-04-07 09:16:00,7748.0,7748.0,7730.5,7743.5,9
ASTRAZEN,2026-04-07 09:17:00,7743.5,7743.5,7743.5,7743.5,0
ASTRAZEN,2026-04-07 09:18:00,7743.5,7746.5,7729.0,7742.5,12
ASTRAZEN,2026-04-07 09:19:00,7742.5,7761.0,7733.0,7733.0,229
ASTRAZEN,2026-04-07 09:20:00,7733.0,7733.0,7733.0,7733.0,0
ASTRAZEN,2026-04-07 09:21:00,7733.0,7733.0,7733.0,7733.0,0
ASTRAZEN,2026-04-07 09:22:00,7733.0,7733.0,7733.0,7733.0,0
ASTRAZEN,2026-04-07 09:23:00,7733.0,7749.5,7733.0,7749.5,1
ASTRAZEN,2026-04-07 09:24:00,7739.0,7739.0,7739.0,7739.0,1
ASTRAZEN,2026-04-07 09:25:00,7739.0,7750.0,7739.0,7750.0,7
ASTRAZEN,2026-04-07 09:26:00,7750.0,7763.5,7750.0,7750.0,16
ASTRAZEN,2026-04-07 09:27:00,7750.0,7750.0,7750.0,7750.0,0
ASTRAZEN,2026-04-07 09:28:00,7750.0,7763.5,7750.0,7763.5,1
ASTRAZEN,2026-04-07 09:29:00,7763.5,7768.0,7763.5,7768.0,1
ASTRAZEN,2026-04-07 09:30:00,7768.0,7768.0,7768.0,7768.0,0
ASTRAZEN,2026-04-07 09:31:00,7768.0,7768.0,7768.0,7768.0,0
ASTRAZEN,2026-04-07 09:32:00,7766.0,7766.0,7759.0,7759.0,11
ASTRAZEN,2026-04-07 09:33:00,7759.0,7759.0,7756.5,7756.5,4
ASTRAZEN,2026-04-07 09:34:00,7756.5,7756.5,7746.0,7746.0,15
ASTRAZEN,2026-04-07 09:35:00,7746.0,7748.5,7746.0,7748.5,3
ASTRAZEN,2026-04-07 09:36:00,7748.5,7749.5,7736.0,7736.0,14
ASTRAZEN,2026-04-07 09:37:00,7736.0,7741.5,7730.0,7731.5,102
ASTRAZEN,2026-04-07 09:38:00,7731.5,7744.0,7731.5,7744.0,2
ASTRAZEN,2026-04-07 09:39:00,7744.0,7749.0,7744.0,7749.0,2
ASTRAZEN,2026-04-07 09:40:00,7749.0,7750.0,7749.0,7750.0,12
ASTRAZEN,2026-04-07 09:41:00,7759.0,7759.0,7753.0,7759.0,19
ASTRAZEN,2026-04-07 09:42:00,7759.0,7759.0,7751.0,7751.0,1
ASTRAZEN,2026-04-07 09:43:00,7751.0,7751.0,7731.0,7731.0,31
ASTRAZEN,2026-04-07 09:44:00,7731.0,7737.5,7731.0,7737.5,1
ASTRAZEN,2026-04-07 09:45:00,7737.5,7744.0,7730.5,7730.5,9
ASTRAZEN,2026-04-07 09:46:00,7730.5,7730.5,7727.5,7727.5,25
ASTRAZEN,2026-04-07 09:47:00,7727.5,7739.0,7727.5,7739.0,2
ASTRAZEN,2026-04-07 09:48:00,7739.0,7759.0,7739.0,7759.0,1
ASTRAZEN,2026-04-07 09:49:00,7759.0,7759.0,7759.0,7759.0,2
ASTRAZEN,2026-04-07 09:50:00,7759.0,7759.0,7730.5,7740.0,42
ASTRAZEN,2026-04-07 09:51:00,7740.0,7740.0,7740.0,7740.0,0
ASTRAZEN,2026-04-07 09:52:00,7740.0,7740.0,7740.0,7740.0,0
ASTRAZEN,2026-04-07 09:53:00,7740.0,7740.0,7740.0,7740.0,0
ASTRAZEN,2026-04-07 09:54:00,7745.5,7745.5,7745.5,7745.5,1
ASTRAZEN,2026-04-07 09:55:00,7745.5,7745.5,7745.5,7745.5,0
ASTRAZEN,2026-04-07 09:56:00,7745.5,7745.5,7745.5,7745.5,0
ASTRAZEN,2026-04-07 09:57:00,7745.5,7745.5,7745.5,7745.5,0
ASTRAZEN,2026-04-07 09:58:00,7745.5,7745.5,7745.5,7745.5,0
ASTRAZEN,2026-04-07 09:59:00,7745.5,7745.5,7745.5,7745.5,0
ASTRAZEN,2026-04-07 10:00:00,7745.5,7745.5,7745.5,7745.5,0
ASTRAZEN,2026-04-07 10:01:00,7745.5,7745.5,7745.5,7745.5,0
ASTRAZEN,2026-04-07 10:02:00,7745.5,7745.5,7741.5,7741.5,1
ASTRAZEN,2026-04-07 10:03:00,7741.5,7741.5,7741.5,7741.5,0
ASTRAZEN,2026-04-07 10:04:00,7741.5,7741.5,7741.5,7741.5,0
ASTRAZEN,2026-04-07 10:05:00,7741.5,7741.5,7741.5,7741.5,0
ASTRAZEN,2026-04-07 10:06:00,7741.5,7754.0,7741.5,7754.0,7
ASTRAZEN,2026-04-07 10:07:00,7755.0,7777.5,7755.0,7771.0,94
ASTRAZEN,2026-04-07 10:08:00,7771.0,7780.0,7771.0,7780.0,10
ASTRAZEN,2026-04-07 10:09:00,7780.0,7780.0,7771.5,7771.5,5
ASTRAZEN,2026-04-07 10:10:00,7771.5,7771.5,7771.5,7771.5,0
ASTRAZEN,2026-04-07 10:11:00,7771.5,7771.5,7771.5,7771.5,0
ASTRAZEN,2026-04-07 10:12:00,7782.0,7782.0,7782.0,7782.0,3
ASTRAZEN,2026-04-07 10:13:00,7782.0,7782.0,7781.5,7781.5,1
ASTRAZEN,2026-04-07 10:14:00,7784.5,7785.0,7784.5,7785.0,3
ASTRAZEN,2026-04-07 10:15:00,7800.0,7810.0,7800.0,7809.0,106
ASTRAZEN,2026-04-07 10:16:00,7809.0,7809.0,7794.5,7794.5,45
ASTRAZEN,2026-04-07 10:17:00,7795.5,7795.5,7795.5,7795.5,1
ASTRAZEN,2026-04-07 10:18:00,7795.5,7795.5,7795.5,7795.5,0
ASTRAZEN,2026-04-07 10:19:00,7795.5,7795.5,7795.5,7795.5,0
ASTRAZEN,2026-04-07 10:20:00,7815.5,7815.5,7810.5,7810.5,6
ASTRAZEN,2026-04-07 10:21:00,7796.0,7796.0,7796.0,7796.0,10
ASTRAZEN,2026-04-07 10:22:00,7809.0,7809.0,7796.0,7797.0,14
ASTRAZEN,2026-04-07 10:23:00,7797.0,7810.5,7797.0,7810.5,2
ASTRAZEN,2026-04-07 10:24:00,7810.5,7812.0,7810.5,7812.0,1
ASTRAZEN,2026-04-07 10:26:00,7811.0,7811.0,7811.0,7811.0,1
ASTRAZEN,2026-04-07 10:27:00,7811.0,7812.0,7805.5,7806.0,6
ASTRAZEN,2026-04-07 10:28:00,7806.0,7806.0,7806.0,7806.0,0
ASTRAZEN,2026-04-07 10:29:00,7806.0,7812.0,7806.0,7812.0,1
ASTRAZEN,2026-04-07 10:30:00,7812.0,7812.0,7805.5,7812.0,18
ASTRAZEN,2026-04-07 10:31:00,7812.0,7812.0,7812.0,7812.0,4
ASTRAZEN,2026-04-07 10:32:00,7812.0,7812.0,7812.0,7812.0,0
ASTRAZEN,2026-04-07 10:33:00,7812.0,7815.0,7812.0,7815.0,2
ASTRAZEN,2026-04-07 10:34:00,7815.0,7816.0,7802.0,7802.0,14
ASTRAZEN,2026-04-07 10:35:00,7802.0,7802.0,7802.0,7802.0,1
ASTRAZEN,2026-04-07 10:36:00,7802.0,7802.0,7802.0,7802.0,0
ASTRAZEN,2026-04-07 10:37:00,7808.0,7816.0,7808.0,7816.0,2
ASTRAZEN,2026-04-07 10:38:00,7816.0,7816.0,7801.0,7801.0,295
ASTRAZEN,2026-04-07 10:39:00,7801.0,7812.0,7801.0,7812.0,4
ASTRAZEN,2026-04-07 10:40:00,7812.0,7812.0,7803.0,7812.0,4
ASTRAZEN,2026-04-07 10:41:00,7812.0,7812.0,7812.0,7812.0,0
ASTRAZEN,2026-04-07 10:42:00,7812.0,7812.0,7812.0,7812.0,0
ASTRAZEN,2026-04-07 10:43:00,7802.0,7805.0,7802.0,7805.0,26
ASTRAZEN,2026-04-07 10:44:00,7805.0,7805.0,7805.0,7805.0,0
ASTRAZEN,2026-04-07 10:45:00,7805.0,7809.0,7805.0,7809.0,2
ASTRAZEN,2026-04-07 10:46:00,7815.5,7815.5,7815.5,7815.5,2
ASTRAZEN,2026-04-07 10:47:00,7815.5,7815.5,7815.5,7815.5,0
ASTRAZEN,2026-04-07 10:48:00,7815.5,7815.5,7815.0,7815.0,1
ASTRAZEN,2026-04-07 10:49:00,7815.0,7817.0,7807.5,7807.5,6
ASTRAZEN,2026-04-07 10:50:00,7807.5,7807.5,7807.5,7807.5,0
ASTRAZEN,2026-04-07 10:51:00,7807.5,7807.5,7807.5,7807.5,0
ASTRAZEN,2026-04-07 10:52:00,7807.5,7807.5,7807.5,7807.5,0
ASTRAZEN,2026-04-07 10:53:00,7807.5,7807.5,7775.0,7775.0,276
ASTRAZEN,2026-04-07 10:54:00,7775.0,7775.0,7754.0,7754.0,29
ASTRAZEN,2026-04-07 10:55:00,7754.0,7768.0,7754.0,7768.0,1
ASTRAZEN,2026-04-07 10:56:00,7768.0,7770.5,7755.5,7755.5,14
ASTRAZEN,2026-04-07 10:57:00,7755.5,7755.5,7755.5,7755.5,0
ASTRAZEN,2026-04-07 10:58:00,7755.5,7766.5,7755.0,7766.5,13
ASTRAZEN,2026-04-07 10:59:00,7766.5,7774.5,7755.5,7767.0,26
ASTRAZEN,2026-04-07 11:00:00,7767.0,7767.0,7767.0,7767.0,0
ASTRAZEN,2026-04-07 11:01:00,7767.0,7767.0,7767.0,7767.0,0
ASTRAZEN,2026-04-07 11:02:00,7767.0,7767.0,7767.0,7767.0,0
ASTRAZEN,2026-04-07 11:03:00,7765.5,7765.5,7765.5,7765.5,1
ASTRAZEN,2026-04-07 11:04:00,7765.5,7765.5,7765.5,7765.5,0
ASTRAZEN,2026-04-07 11:05:00,7765.5,7765.5,7765.5,7765.5,0
ASTRAZEN,2026-04-07 11:06:00,7765.5,7765.5,7765.5,7765.5,0
ASTRAZEN,2026-04-07 11:07:00,7765.5,7765.5,7765.5,7765.5,0
ASTRAZEN,2026-04-07 11:08:00,7765.5,7765.5,7765.5,7765.5,0
ASTRAZEN,2026-04-07 11:09:00,7765.5,7782.0,7765.5,7775.0,8
ASTRAZEN,2026-04-07 11:10:00,7775.0,7775.0,7775.0,7775.0,0
ASTRAZEN,2026-04-07 11:11:00,7775.0,7775.0,7775.0,7775.0,0
ASTRAZEN,2026-04-07 11:12:00,7775.0,7775.0,7775.0,7775.0,0
ASTRAZEN,2026-04-07 11:13:00,7778.0,7778.0,7766.0,7776.5,13
ASTRAZEN,2026-04-07 11:14:00,7776.5,7783.5,7776.5,7783.5,2
ASTRAZEN,2026-04-07 11:15:00,7783.5,7783.5,7783.5,7783.5,0
ASTRAZEN,2026-04-07 11:16:00,7783.5,7783.5,7783.5,7783.5,0
ASTRAZEN,2026-04-07 11:17:00,7772.5,7772.5,7772.5,7772.5,1
ASTRAZEN,2026-04-07 11:18:00,7772.5,7772.5,7772.5,7772.5,0
ASTRAZEN,2026-04-07 11:19:00,7772.5,7772.5,7772.5,7772.5,0
ASTRAZEN,2026-04-07 11:20:00,7772.5,7772.5,7772.5,7772.5,0
ASTRAZEN,2026-04-07 11:21:00,7772.5,7781.0,7772.5,7781.0,2
ASTRAZEN,2026-04-07 11:22:00,7781.0,7781.0,7781.0,7781.0,0
ASTRAZEN,2026-04-07 11:23:00,7781.0,7781.0,7781.0,7781.0,0
ASTRAZEN,2026-04-07 11:24:00,7781.0,7799.0,7781.0,7790.5,27
ASTRAZEN,2026-04-07 11:25:00,7790.5,7793.5,7786.0,7786.0,9
ASTRAZEN,2026-04-07 11:26:00,7784.5,7784.5,7784.5,7784.5,3
ASTRAZEN,2026-04-07 11:27:00,7789.0,7789.0,7789.0,7789.0,5
ASTRAZEN,2026-04-07 11:28:00,7789.0,7789.0,7789.0,7789.0,0
ASTRAZEN,2026-04-07 11:29:00,7789.0,7789.0,7782.0,7782.0,2
ASTRAZEN,2026-04-07 11:30:00,7782.0,7782.0,7782.0,7782.0,0
ASTRAZEN,2026-04-07 11:31:00,7782.0,7782.0,7782.0,7782.0,0
ASTRAZEN,2026-04-07 11:32:00,7782.0,7782.0,7782.0,7782.0,0
ASTRAZEN,2026-04-07 11:33:00,7782.0,7782.0,7782.0,7782.0,0
ASTRAZEN,2026-04-07 11:34:00,7782.0,7790.0,7782.0,7790.0,6
ASTRAZEN,2026-04-07 11:35:00,7790.0,7797.0,7783.5,7783.5,47
ASTRAZEN,2026-04-07 11:36:00,7783.5,7784.0,7783.5,7784.0,1
ASTRAZEN,2026-04-07 11:37:00,7784.0,7784.0,7784.0,7784.0,0
ASTRAZEN,2026-04-07 11:38:00,7784.0,7794.5,7784.0,7794.5,1
ASTRAZEN,2026-04-07 11:39:00,7807.0,7843.0,7807.0,7825.0,120
ASTRAZEN,2026-04-07 11:40:00,7825.0,7825.0,7825.0,7825.0,0
ASTRAZEN,2026-04-07 11:41:00,7825.0,7825.0,7803.0,7803.0,2
ASTRAZEN,2026-04-07 11:42:00,7803.0,7803.5,7803.0,7803.5,10
ASTRAZEN,2026-04-07 11:43:00,7803.5,7803.5,7803.5,7803.5,0
ASTRAZEN,2026-04-07 11:44:00,7803.5,7803.5,7803.5,7803.5,0
ASTRAZEN,2026-04-07 11:45:00,7803.5,7803.5,7803.5,7803.5,0
ASTRAZEN,2026-04-07 11:46:00,7803.5,7803.5,7801.0,7801.0,1
ASTRAZEN,2026-04-07 11:47:00,7800.5,7800.5,7800.5,7800.5,3
ASTRAZEN,2026-04-07 11:49:00,7800.5,7800.5,7800.5,7800.5,0
ASTRAZEN,2026-04-07 11:50:00,7809.5,7809.5,7809.5,7809.5,6
ASTRAZEN,2026-04-07 11:51:00,7809.5,7809.5,7809.5,7809.5,0
ASTRAZEN,2026-04-07 11:52:00,7809.5,7809.5,7809.5,7809.5,0
ASTRAZEN,2026-04-07 11:53:00,7804.5,7804.5,7804.5,7804.5,12
ASTRAZEN,2026-04-07 11:54:00,7804.5,7809.5,7804.5,7809.5,1
ASTRAZEN,2026-04-07 11:55:00,7809.5,7824.5,7809.5,7812.5,8
ASTRAZEN,2026-04-07 11:56:00,7812.5,7812.5,7812.5,7812.5,0
ASTRAZEN,2026-04-07 11:57:00,7812.5,7812.5,7812.5,7812.5,0
ASTRAZEN,2026-04-07 11:58:00,7812.5,7812.5,7812.5,7812.5,0
ASTRAZEN,2026-04-07 11:59:00,7812.5,7812.5,7812.5,7812.5,0
ASTRAZEN,2026-04-07 12:00:00,7801.0,7801.0,7800.0,7800.0,17
ASTRAZEN,2026-04-07 12:01:00,7801.5,7801.5,7801.5,7801.5,1
ASTRAZEN,2026-04-07 12:02:00,7801.5,7801.5,7801.5,7801.5,0
ASTRAZEN,2026-04-07 12:03:00,7801.5,7803.0,7796.0,7803.0,2
ASTRAZEN,2026-04-07 12:04:00,7803.0,7803.0,7803.0,7803.0,0
ASTRAZEN,2026-04-07 12:05:00,7803.0,7803.0,7803.0,7803.0,0
ASTRAZEN,2026-04-07 12:06:00,7803.0,7803.0,7803.0,7803.0,0
ASTRAZEN,2026-04-07 12:07:00,7810.5,7810.5,7796.5,7806.0,26
ASTRAZEN,2026-04-07 12:08:00,7818.5,7818.5,7807.0,7807.0,7
ASTRAZEN,2026-04-07 12:09:00,7807.0,7807.0,7807.0,7807.0,0
ASTRAZEN,2026-04-07 12:10:00,7807.0,7807.0,7807.0,7807.0,0
ASTRAZEN,2026-04-07 12:11:00,7807.0,7807.0,7807.0,7807.0,0
ASTRAZEN,2026-04-07 12:12:00,7807.0,7807.0,7807.0,7807.0,0
ASTRAZEN,2026-04-07 12:13:00,7807.0,7807.0,7807.0,7807.0,0
ASTRAZEN,2026-04-07 12:14:00,7807.0,7807.0,7792.0,7802.5,3
ASTRAZEN,2026-04-07 12:15:00,7802.5,7802.5,7802.5,7802.5,0
ASTRAZEN,2026-04-07 12:16:00,7802.5,7802.5,7802.5,7802.5,0
ASTRAZEN,2026-04-07 12:17:00,7802.5,7802.5,7802.5,7802.5,0
ASTRAZEN,2026-04-07 12:18:00,7802.5,7802.5,7802.5,7802.5,0
ASTRAZEN,2026-04-07 12:20:00,7818.0,7818.0,7818.0,7818.0,1
ASTRAZEN,2026-04-07 12:21:00,7818.0,7818.0,7818.0,7818.0,0
ASTRAZEN,2026-04-07 12:22:00,7818.0,7818.0,7818.0,7818.0,0
ASTRAZEN,2026-04-07 12:23:00,7818.0,7818.0,7818.0,7818.0,0
ASTRAZEN,2026-04-07 12:24:00,7818.0,7818.0,7818.0,7818.0,0
ASTRAZEN,2026-04-07 12:25:00,7818.0,7818.0,7818.0,7818.0,0
ASTRAZEN,2026-04-07 12:26:00,7818.0,7818.0,7818.0,7818.0,0
ASTRAZEN,2026-04-07 12:27:00,7818.0,7818.0,7818.0,7818.0,0
ASTRAZEN,2026-04-07 12:30:00,7818.0,7818.0,7818.0,7818.0,0
ASTRAZEN,2026-04-07 12:32:00,7818.0,7818.0,7818.0,7818.0,0
ASTRAZEN,2026-04-07 12:34:00,7818.0,7818.0,7818.0,7818.0,0
ASTRAZEN,2026-04-07 12:35:00,7818.0,7818.0,7818.0,7818.0,0
ASTRAZEN,2026-04-07 12:36:00,7818.0,7818.0,7799.5,7800.0,3
ASTRAZEN,2026-04-07 12:37:00,7800.0,7800.0,7800.0,7800.0,0
ASTRAZEN,2026-04-07 12:38:00,7800.0,7800.0,7800.0,7800.0,0
ASTRAZEN,2026-04-07 12:39:00,7800.0,7800.0,7800.0,7800.0,0
ASTRAZEN,2026-04-07 12:40:00,7800.0,7800.0,7800.0,7800.0,0
ASTRAZEN,2026-04-07 12:41:00,7800.0,7800.0,7800.0,7800.0,0
ASTRAZEN,2026-04-07 12:42:00,7800.0,7800.0,7800.0,7800.0,0
ASTRAZEN,2026-04-07 12:43:00,7800.0,7800.0,7800.0,7800.0,0
ASTRAZEN,2026-04-07 12:44:00,7800.0,7800.0,7800.0,7800.0,0
ASTRAZEN,2026-04-07 12:46:00,7800.0,7800.0,7800.0,7800.0,0
ASTRAZEN,2026-04-07 12:47:00,7800.0,7800.0,7800.0,7800.0,0
ASTRAZEN,2026-04-07 12:48:00,7800.0,7800.0,7800.0,7800.0,0
ASTRAZEN,2026-04-07 12:49:00,7800.0,7800.0,7800.0,7800.0,0
ASTRAZEN,2026-04-07 12:50:00,7800.0,7800.0,7800.0,7800.0,0
ASTRAZEN,2026-04-07 12:51:00,7803.0,7803.0,7800.0,7800.0,12
ASTRAZEN,2026-04-07 12:52:00,7800.0,7800.0,7800.0,7800.0,0
ASTRAZEN,2026-04-07 12:53:00,7800.0,7812.0,7800.0,7812.0,6
ASTRAZEN,2026-04-07 12:54:00,7812.0,7812.0,7794.5,7795.0,21
ASTRAZEN,2026-04-07 12:55:00,7795.0,7795.0,7795.0,7795.0,0
ASTRAZEN,2026-04-07 12:56:00,7795.0,7795.0,7795.0,7795.0,0
ASTRAZEN,2026-04-07 12:57:00,7795.0,7795.0,7795.0,7795.0,0
ASTRAZEN,2026-04-07 12:58:00,7795.0,7795.0,7794.5,7794.5,26
ASTRAZEN,2026-04-07 12:59:00,7785.5,7795.0,7785.5,7795.0,15
ASTRAZEN,2026-04-07 13:00:00,7795.0,7795.0,7783.5,7783.5,21
ASTRAZEN,2026-04-07 13:01:00,7783.5,7783.5,7783.5,7783.5,0
ASTRAZEN,2026-04-07 13:02:00,7783.5,7783.5,7783.5,7783.5,0
ASTRAZEN,2026-04-07 13:03:00,7783.5,7783.5,7783.5,7783.5,0
ASTRAZEN,2026-04-07 13:04:00,7783.5,7783.5,7783.5,7783.5,3
ASTRAZEN,2026-04-07 13:05:00,7783.5,7783.5,7783.5,7783.5,0
ASTRAZEN,2026-04-07 13:06:00,7783.5,7783.5,7783.5,7783.5,0
ASTRAZEN,2026-04-07 13:07:00,7783.5,7783.5,7783.5,7783.5,0
ASTRAZEN,2026-04-07 13:08:00,7783.5,7783.5,7783.5,7783.5,0
ASTRAZEN,2026-04-07 13:09:00,7783.5,7783.5,7783.5,7783.5,0
ASTRAZEN,2026-04-07 13:10:00,7783.5,7783.5,7783.5,7783.5,0
ASTRAZEN,2026-04-07 13:11:00,7783.5,7783.5,7783.5,7783.5,0
ASTRAZEN,2026-04-07 13:12:00,7783.5,7783.5,7783.5,7783.5,0
ASTRAZEN,2026-04-07 13:13:00,7783.5,7783.5,7783.5,7783.5,0
ASTRAZEN,2026-04-07 13:14:00,7783.5,7783.5,7783.5,7783.5,0
ASTRAZEN,2026-04-07 13:16:00,7783.5,7783.5,7783.5,7783.5,0
ASTRAZEN,2026-04-07 13:17:00,7783.5,7783.5,7783.5,7783.5,0
ASTRAZEN,2026-04-07 13:18:00,7783.5,7783.5,7783.5,7783.5,0
ASTRAZEN,2026-04-07 13:19:00,7783.5,7783.5,7783.5,7783.5,0
ASTRAZEN,2026-04-07 13:20:00,7783.5,7783.5,7783.5,7783.5,0
ASTRAZEN,2026-04-07 13:21:00,7783.5,7798.0,7783.5,7798.0,3
ASTRAZEN,2026-04-07 13:23:00,7798.0,7798.0,7798.0,7798.0,0
ASTRAZEN,2026-04-07 13:24:00,7798.0,7798.0,7798.0,7798.0,0
ASTRAZEN,2026-04-07 13:26:00,7800.0,7800.0,7800.0,7800.0,3
ASTRAZEN,2026-04-07 13:27:00,7800.0,7800.0,7800.0,7800.0,0
ASTRAZEN,2026-04-07 13:28:00,7800.0,7800.0,7800.0,7800.0,0
ASTRAZEN,2026-04-07 13:29:00,7800.0,7800.0,7800.0,7800.0,0
ASTRAZEN,2026-04-07 13:30:00,7800.0,7800.0,7800.0,7800.0,0
ASTRAZEN,2026-04-07 13:32:00,7800.0,7800.0,7800.0,7800.0,0
ASTRAZEN,2026-04-07 13:33:00,7800.0,7800.0,7800.0,7800.0,0
ASTRAZEN,2026-04-07 13:34:00,7806.0,7806.0,7806.0,7806.0,10
ASTRAZEN,2026-04-07 13:35:00,7806.0,7806.0,7806.0,7806.0,0
ASTRAZEN,2026-04-07 13:36:00,7806.0,7806.0,7806.0,7806.0,0
ASTRAZEN,2026-04-07 13:37:00,7806.0,7820.5,7800.0,7820.5,271
ASTRAZEN,2026-04-07 13:38:00,7820.5,7824.0,7819.0,7819.0,2
ASTRAZEN,2026-04-07 13:39:00,7819.0,7824.5,7819.0,7824.5,39
ASTRAZEN,2026-04-07 13:40:00,7824.5,7833.0,7824.5,7828.0,7
ASTRAZEN,2026-04-07 13:41:00,7828.0,7828.0,7828.0,7828.0,0
ASTRAZEN,2026-04-07 13:42:00,7828.0,7828.0,7821.5,7821.5,4
ASTRAZEN,2026-04-07 13:43:00,7821.5,7821.5,7821.5,7821.5,0
ASTRAZEN,2026-04-07 13:44:00,7821.5,7829.5,7821.5,7829.5,43
ASTRAZEN,2026-04-07 13:45:00,7829.5,7829.5,7814.0,7814.0,2
ASTRAZEN,2026-04-07 13:46:00,7814.0,7814.0,7814.0,7814.0,0
ASTRAZEN,2026-04-07 13:47:00,7814.0,7844.0,7814.0,7844.0,85
ASTRAZEN,2026-04-07 13:48:00,7844.0,7849.0,7841.5,7841.5,26
ASTRAZEN,2026-04-07 13:49:00,7836.0,7850.0,7836.0,7836.0,16
ASTRAZEN,2026-04-07 13:50:00,7836.0,7840.0,7833.5,7833.5,3
ASTRAZEN,2026-04-07 13:51:00,7831.0,7834.0,7830.0,7834.0,33
ASTRAZEN,2026-04-07 13:52:00,7834.0,7850.0,7834.0,7850.0,92
ASTRAZEN,2026-04-07 13:53:00,7850.0,7850.0,7837.0,7837.0,1
ASTRAZEN,2026-04-07 13:54:00,7845.0,7845.0,7845.0,7845.0,1
ASTRAZEN,2026-04-07 13:55:00,7845.0,7855.0,7844.0,7844.5,27
ASTRAZEN,2026-04-07 13:56:00,7844.5,7844.5,7844.5,7844.5,0
ASTRAZEN,2026-04-07 13:57:00,7844.5,7844.5,7842.0,7842.0,11
ASTRAZEN,2026-04-07 13:58:00,7842.0,7842.0,7834.0,7834.0,13
ASTRAZEN,2026-04-07 13:59:00,7807.5,7817.5,7807.5,7817.5,11
ASTRAZEN,2026-04-07 14:00:00,7817.5,7842.5,7817.5,7836.0,15
ASTRAZEN,2026-04-07 14:01:00,7836.0,7836.0,7810.5,7810.5,19
ASTRAZEN,2026-04-07 14:02:00,7810.5,7824.5,7810.5,7824.5,3
ASTRAZEN,2026-04-07 14:03:00,7824.5,7824.5,7824.5,7824.5,0
ASTRAZEN,2026-04-07 14:04:00,7824.5,7836.5,7821.5,7821.5,12
ASTRAZEN,2026-04-07 14:05:00,7821.5,7824.0,7821.5,7824.0,22
ASTRAZEN,2026-04-07 14:06:00,7824.0,7841.0,7824.0,7841.0,1
ASTRAZEN,2026-04-07 14:07:00,7829.0,7829.0,7829.0,7829.0,9
ASTRAZEN,2026-04-07 14:08:00,7829.0,7829.0,7825.5,7825.5,1
ASTRAZEN,2026-04-07 14:09:00,7825.5,7825.5,7825.5,7825.5,0
ASTRAZEN,2026-04-07 14:10:00,7825.5,7828.5,7822.5,7828.5,1
ASTRAZEN,2026-04-07 14:11:00,7817.0,7817.0,7817.0,7817.0,4
ASTRAZEN,2026-04-07 14:12:00,7817.0,7817.0,7817.0,7817.0,0
ASTRAZEN,2026-04-07 14:13:00,7817.0,7817.0,7817.0,7817.0,0
ASTRAZEN,2026-04-07 14:14:00,7817.0,7817.0,7817.0,7817.0,0
ASTRAZEN,2026-04-07 14:15:00,7819.5,7819.5,7819.5,7819.5,1
ASTRAZEN,2026-04-07 14:16:00,7819.5,7819.5,7819.5,7819.5,0
ASTRAZEN,2026-04-07 14:17:00,7819.5,7819.5,7819.5,7819.5,0
ASTRAZEN,2026-04-07 14:18:00,7819.5,7819.5,7819.5,7819.5,0
ASTRAZEN,2026-04-07 14:19:00,7819.5,7819.5,7819.5,7819.5,0
ASTRAZEN,2026-04-07 14:20:00,7819.5,7829.0,7819.5,7826.0,22
ASTRAZEN,2026-04-07 14:21:00,7826.0,7826.0,7826.0,7826.0,0
ASTRAZEN,2026-04-07 14:22:00,7826.0,7826.0,7826.0,7826.0,0
ASTRAZEN,2026-04-07 14:23:00,7826.0,7826.0,7826.0,7826.0,0
ASTRAZEN,2026-04-07 14:25:00,7826.0,7826.0,7826.0,7826.0,0
ASTRAZEN,2026-04-07 14:26:00,7826.0,7826.0,7826.0,7826.0,0
ASTRAZEN,2026-04-07 14:27:00,7826.0,7826.0,7815.0,7815.0,10
ASTRAZEN,2026-04-07 14:28:00,7815.0,7815.0,7815.0,7815.0,0
ASTRAZEN,2026-04-07 14:29:00,7815.0,7830.5,7815.0,7830.5,1
ASTRAZEN,2026-04-07 14:30:00,7826.5,7826.5,7826.5,7826.5,1
ASTRAZEN,2026-04-07 14:31:00,7826.5,7830.0,7820.0,7830.0,60
ASTRAZEN,2026-04-07 14:32:00,7830.0,7830.0,7826.5,7826.5,24
ASTRAZEN,2026-04-07 14:33:00,7818.0,7818.0,7818.0,7818.0,2
ASTRAZEN,2026-04-07 14:34:00,7818.0,7818.0,7818.0,7818.0,0
ASTRAZEN,2026-04-07 14:35:00,7818.0,7818.0,7818.0,7818.0,0
ASTRAZEN,2026-04-07 14:36:00,7818.0,7818.0,7818.0,7818.0,0
ASTRAZEN,2026-04-07 14:37:00,7818.0,7830.5,7818.0,7830.5,2
ASTRAZEN,2026-04-07 14:38:00,7830.5,7830.5,7830.5,7830.5,0
ASTRAZEN,2026-04-07 14:39:00,7830.5,7830.5,7830.5,7830.5,4
ASTRAZEN,2026-04-07 14:40:00,7830.5,7830.5,7830.0,7830.0,1
ASTRAZEN,2026-04-07 14:41:00,7830.0,7830.0,7827.0,7827.0,2
ASTRAZEN,2026-04-07 14:42:00,7827.0,7827.0,7827.0,7827.0,1
ASTRAZEN,2026-04-07 14:44:00,7827.0,7827.0,7827.0,7827.0,0
ASTRAZEN,2026-04-07 14:45:00,7818.0,7827.0,7817.0,7817.0,22
ASTRAZEN,2026-04-07 14:46:00,7829.0,7832.0,7819.5,7832.0,15
ASTRAZEN,2026-04-07 14:47:00,7832.0,7832.0,7828.5,7828.5,2
ASTRAZEN,2026-04-07 14:48:00,7821.5,7821.5,7821.5,7821.5,0
ASTRAZEN,2026-04-07 14:49:00,7821.5,7831.5,7821.5,7831.5,13
ASTRAZEN,2026-04-07 14:50:00,7831.5,7831.5,7831.5,7831.5,0
ASTRAZEN,2026-04-07 14:51:00,7831.5,7831.5,7831.5,7831.5,0
ASTRAZEN,2026-04-07 14:52:00,7831.5,7831.5,7819.0,7819.0,1
ASTRAZEN,2026-04-07 14:53:00,7819.0,7819.0,7819.0,7819.0,0
ASTRAZEN,2026-04-07 14:54:00,7819.0,7819.0,7819.0,7819.0,0
ASTRAZEN,2026-04-07 14:55:00,7819.0,7819.0,7819.0,7819.0,0
ASTRAZEN,2026-04-07 14:56:00,7819.0,7830.0,7819.0,7830.0,1
ASTRAZEN,2026-04-07 14:57:00,7830.0,7830.0,7830.0,7830.0,0
ASTRAZEN,2026-04-07 14:58:00,7830.0,7830.0,7830.0,7830.0,0
ASTRAZEN,2026-04-07 14:59:00,7830.0,7832.5,7830.0,7832.5,8
ASTRAZEN,2026-04-07 15:00:00,7829.5,7841.5,7829.0,7829.0,7
ASTRAZEN,2026-04-07 15:01:00,7827.5,7827.5,7827.5,7827.5,1
ASTRAZEN,2026-04-07 15:02:00,7827.5,7827.5,7823.0,7825.5,2
ASTRAZEN,2026-04-07 15:03:00,7825.5,7825.5,7820.0,7820.0,1
ASTRAZEN,2026-04-07 15:04:00,7820.0,7821.0,7820.0,7821.0,1
ASTRAZEN,2026-04-07 15:05:00,7821.0,7829.5,7821.0,7823.5,3
ASTRAZEN,2026-04-07 15:06:00,7833.0,7833.0,7824.5,7824.5,2
ASTRAZEN,2026-04-07 15:07:00,7835.0,7835.5,7828.0,7835.5,2
ASTRAZEN,2026-04-07 15:08:00,7835.5,7840.0,7828.0,7828.0,8
ASTRAZEN,2026-04-07 15:09:00,7824.0,7824.0,7811.5,7811.5,55
ASTRAZEN,2026-04-07 15:10:00,7811.5,7811.5,7810.5,7810.5,4
ASTRAZEN,2026-04-07 15:11:00,7810.0,7821.5,7804.0,7804.0,17
ASTRAZEN,2026-04-07 15:12:00,7819.5,7819.5,7795.0,7795.0,109
ASTRAZEN,2026-04-07 15:13:00,7793.5,7793.5,7784.0,7784.0,102
ASTRAZEN,2026-04-07 15:14:00,7784.0,7800.0,7784.0,7800.0,55
ASTRAZEN,2026-04-07 15:15:00,7800.0,7802.5,7795.0,7796.0,51
ASTRAZEN,2026-04-07 15:16:00,7796.0,7796.0,7783.5,7783.5,26
ASTRAZEN,2026-04-07 15:17:00,7783.5,7798.0,7783.5,7798.0,14
ASTRAZEN,2026-04-07 15:18:00,7784.5,7791.5,7770.0,7770.0,91
ASTRAZEN,2026-04-07 15:19:00,7770.0,7790.0,7770.0,7790.0,24
ASTRAZEN,2026-04-07 15:20:00,7786.0,7790.0,7779.0,7790.0,40
ASTRAZEN,2026-04-07 15:21:00,7775.0,7777.0,7773.0,7773.0,36
ASTRAZEN,2026-04-07 15:22:00,7773.0,7780.0,7770.0,7780.0,37
ASTRAZEN,2026-04-07 15:23:00,7770.0,7782.5,7770.0,7782.5,52
ASTRAZEN,2026-04-07 15:24:00,7782.5,7798.0,7778.0,7798.0,16
ASTRAZEN,2026-04-07 15:25:00,7798.0,7801.0,7798.0,7801.0,10
ASTRAZEN,2026-04-07 15:26:00,7801.0,7804.5,7778.0,7804.5,4
ASTRAZEN,2026-04-07 15:27:00,7804.5,7805.0,7781.5,7789.5,18
ASTRAZEN,2026-04-07 15:28:00,7780.5,7808.0,7780.0,7780.0,10
ASTRAZEN,2026-04-07 15:29:00,7778.0,7804.5,7772.0,7804.5,21
ASTRAZEN,2026-04-08 09:15:00,8000.0,8000.0,7849.5,7964.0,184
ASTRAZEN,2026-04-08 09:16:00,7871.5,7927.0,7843.0,7927.0,289
ASTRAZEN,2026-04-08 09:17:00,7870.0,7894.0,7858.0,7890.5,274
ASTRAZEN,2026-04-08 09:18:00,7890.5,7909.5,7890.5,7904.5,196
ASTRAZEN,2026-04-08 09:19:00,7904.5,7919.5,7904.5,7919.0,83
ASTRAZEN,2026-04-08 09:20:00,7925.0,7925.0,7920.0,7925.0,10
ASTRAZEN,2026-04-08 09:21:00,7926.0,7926.0,7899.0,7899.0,23
ASTRAZEN,2026-04-08 09:22:00,7908.5,7908.5,7887.0,7887.0,16
ASTRAZEN,2026-04-08 09:23:00,7885.0,7885.0,7885.0,7885.0,34
ASTRAZEN,2026-04-08 09:24:00,7885.0,7896.0,7885.0,7892.5,28
ASTRAZEN,2026-04-08 09:25:00,7892.5,7896.5,7890.0,7896.5,9
ASTRAZEN,2026-04-08 09:26:00,7896.5,7896.5,7870.0,7870.0,33
ASTRAZEN,2026-04-08 09:27:00,7870.0,7870.5,7870.0,7870.5,50
ASTRAZEN,2026-04-08 09:28:00,7870.5,7870.5,7870.0,7870.0,43
ASTRAZEN,2026-04-08 09:29:00,7870.0,7870.0,7843.5,7857.5,81
ASTRAZEN,2026-04-08 09:30:00,7857.5,7878.5,7857.5,7871.5,8
ASTRAZEN,2026-04-08 09:31:00,7871.5,7898.0,7871.5,7898.0,51
ASTRAZEN,2026-04-08 09:32:00,7885.5,7888.5,7885.5,7888.5,42
ASTRAZEN,2026-04-08 09:33:00,7888.5,7888.5,7888.5,7888.5,0
ASTRAZEN,2026-04-08 09:34:00,7888.5,7888.5,7879.0,7879.0,8
ASTRAZEN,2026-04-08 09:35:00,7879.0,7885.0,7879.0,7885.0,1
ASTRAZEN,2026-04-08 09:36:00,7877.0,7877.0,7877.0,7877.0,1
ASTRAZEN,2026-04-08 09:37:00,7877.0,7899.0,7877.0,7899.0,227
ASTRAZEN,2026-04-08 09:38:00,7899.0,7900.5,7888.5,7888.5,3
ASTRAZEN,2026-04-08 09:39:00,7888.5,7900.0,7888.5,7900.0,5
ASTRAZEN,2026-04-08 09:40:00,7900.0,7900.0,7899.0,7900.0,15
ASTRAZEN,2026-04-08 09:41:00,7902.0,7902.0,7902.0,7902.0,1
ASTRAZEN,2026-04-08 09:42:00,7902.0,7902.0,7888.0,7888.0,8
ASTRAZEN,2026-04-08 09:43:00,7903.0,7903.0,7903.0,7903.0,6
ASTRAZEN,2026-04-08 09:44:00,7903.0,7903.0,7891.0,7891.0,92
ASTRAZEN,2026-04-08 09:45:00,7891.0,7903.0,7891.0,7903.0,9
ASTRAZEN,2026-04-08 09:46:00,7903.0,7903.0,7890.0,7890.0,2
ASTRAZEN,2026-04-08 09:47:00,7902.5,7905.0,7902.5,7905.0,21
ASTRAZEN,2026-04-08 09:48:00,7905.0,7919.5,7905.0,7919.5,59
ASTRAZEN,2026-04-08 09:49:00,7919.5,7921.5,7909.0,7918.5,30
ASTRAZEN,2026-04-08 09:50:00,7918.5,7918.5,7918.5,7918.5,0
ASTRAZEN,2026-04-08 09:51:00,7906.0,7919.0,7902.0,7902.0,33
ASTRAZEN,2026-04-08 09:52:00,7902.0,7908.0,7902.0,7908.0,8
ASTRAZEN,2026-04-08 09:55:00,7893.0,7907.0,7893.0,7907.0,16
ASTRAZEN,2026-04-08 09:56:00,7896.5,7907.0,7896.5,7907.0,5
ASTRAZEN,2026-04-08 09:57:00,7907.0,7907.0,7887.5,7887.5,20
ASTRAZEN,2026-04-08 09:58:00,7883.5,7883.5,7880.0,7880.0,59
ASTRAZEN,2026-04-08 09:59:00,7877.0,7891.0,7855.5,7885.0,22
ASTRAZEN,2026-04-08 10:00:00,7885.0,7885.0,7866.0,7866.0,11
ASTRAZEN,2026-04-08 10:01:00,7866.0,7881.0,7866.0,7881.0,2
ASTRAZEN,2026-04-08 10:02:00,7881.0,7886.0,7873.5,7873.5,3
ASTRAZEN,2026-04-08 10:03:00,7873.5,7873.5,7866.0,7866.0,11
ASTRAZEN,2026-04-08 10:04:00,7866.0,7881.5,7866.0,7881.5,11
ASTRAZEN,2026-04-08 10:05:00,7881.5,7881.5,7881.5,7881.5,0
ASTRAZEN,2026-04-08 10:06:00,7881.5,7881.5,7881.5,7881.5,0
ASTRAZEN,2026-04-08 10:07:00,7881.5,7881.5,7881.5,7881.5,1
ASTRAZEN,2026-04-08 10:08:00,7866.5,7867.5,7866.5,7867.5,13
ASTRAZEN,2026-04-08 10:09:00,7888.0,7909.0,7888.0,7895.5,567
ASTRAZEN,2026-04-08 10:10:00,7895.5,7897.5,7895.5,7897.0,1
ASTRAZEN,2026-04-08 10:11:00,7897.5,7908.0,7897.5,7908.0,14
ASTRAZEN,2026-04-08 10:12:00,7908.0,7908.0,7896.5,7896.5,15
ASTRAZEN,2026-04-08 10:13:00,7896.5,7896.5,7896.5,7896.5,1
ASTRAZEN,2026-04-08 10:14:00,7902.0,7902.0,7902.0,7902.0,5
ASTRAZEN,2026-04-08 10:15:00,7902.0,7902.0,7902.0,7902.0,0
ASTRAZEN,2026-04-08 10:16:00,7898.0,7898.0,7890.0,7890.0,2
ASTRAZEN,2026-04-08 10:17:00,7890.0,7890.0,7888.0,7888.0,14
ASTRAZEN,2026-04-08 10:18:00,7888.0,7888.0,7876.0,7876.0,18
ASTRAZEN,2026-04-08 10:20:00,7876.0,7876.0,7876.0,7876.0,0
ASTRAZEN,2026-04-08 10:21:00,7876.0,7876.0,7876.0,7876.0,0
ASTRAZEN,2026-04-08 10:22:00,7876.0,7876.0,7876.0,7876.0,0
ASTRAZEN,2026-04-08 10:23:00,7876.0,7879.0,7876.0,7879.0,50
ASTRAZEN,2026-04-08 10:24:00,7879.0,7879.0,7879.0,7879.0,0
ASTRAZEN,2026-04-08 10:25:00,7885.5,7885.5,7885.5,7885.5,1
ASTRAZEN,2026-04-08 10:26:00,7885.5,7885.5,7885.5,7885.5,0
ASTRAZEN,2026-04-08 10:27:00,7885.5,7885.5,7865.0,7865.0,98
ASTRAZEN,2026-04-08 10:28:00,7865.0,7885.0,7865.0,7885.0,35
ASTRAZEN,2026-04-08 10:29:00,7885.0,7885.0,7881.5,7881.5,1
ASTRAZEN,2026-04-08 10:31:00,7881.5,7881.5,7880.0,7880.0,1
ASTRAZEN,2026-04-08 10:32:00,7880.0,7880.0,7880.0,7880.0,1
ASTRAZEN,2026-04-08 10:33:00,7880.0,7880.0,7880.0,7880.0,0
ASTRAZEN,2026-04-08 10:34:00,7880.0,7880.0,7880.0,7880.0,0
ASTRAZEN,2026-04-08 10:35:00,7880.0,7880.0,7880.0,7880.0,1
ASTRAZEN,2026-04-08 10:36:00,7880.0,7880.0,7880.0,7880.0,0
ASTRAZEN,2026-04-08 10:38:00,7871.0,7881.0,7871.0,7872.0,2
ASTRAZEN,2026-04-08 10:39:00,7872.0,7872.0,7872.0,7872.0,1
ASTRAZEN,2026-04-08 10:40:00,7872.0,7881.0,7872.0,7881.0,0
ASTRAZEN,2026-04-08 10:41:00,7881.0,7900.5,7881.0,7900.5,10
ASTRAZEN,2026-04-08 10:42:00,7900.5,7900.5,7896.0,7896.0,19
ASTRAZEN,2026-04-08 10:44:00,7896.0,7896.0,7891.0,7891.0,13
ASTRAZEN,2026-04-08 10:45:00,7891.0,7891.0,7891.0,7891.0,0
ASTRAZEN,2026-04-08 10:46:00,7892.0,7892.0,7892.0,7892.0,50
ASTRAZEN,2026-04-08 10:47:00,7892.0,7892.0,7892.0,7892.0,0
ASTRAZEN,2026-04-08 10:48:00,7892.0,7892.0,7892.0,7892.0,0
ASTRAZEN,2026-04-08 10:49:00,7892.0,7892.0,7892.0,7892.0,0
ASTRAZEN,2026-04-08 10:50:00,7892.0,7892.0,7892.0,7892.0,0
ASTRAZEN,2026-04-08 10:51:00,7892.0,7892.0,7892.0,7892.0,0
ASTRAZEN,2026-04-08 10:52:00,7892.0,7900.0,7892.0,7900.0,39
ASTRAZEN,2026-04-08 10:53:00,7900.0,7900.0,7900.0,7900.0,0
ASTRAZEN,2026-04-08 10:54:00,7896.0,7898.0,7896.0,7898.0,2
ASTRAZEN,2026-04-08 10:55:00,7898.0,7898.0,7898.0,7898.0,0
ASTRAZEN,2026-04-08 10:56:00,7900.0,7900.0,7900.0,7900.0,20
ASTRAZEN,2026-04-08 10:57:00,7900.0,7900.0,7900.0,7900.0,0
ASTRAZEN,2026-04-08 10:59:00,7900.0,7900.0,7900.0,7900.0,0
ASTRAZEN,2026-04-08 11:00:00,7900.0,7900.0,7900.0,7900.0,0
ASTRAZEN,2026-04-08 11:02:00,7900.0,7900.0,7900.0,7900.0,0
ASTRAZEN,2026-04-08 11:03:00,7900.0,7900.0,7900.0,7900.0,0
ASTRAZEN,2026-04-08 11:05:00,7900.0,7900.0,7885.0,7885.0,1
ASTRAZEN,2026-04-08 11:06:00,7885.0,7885.0,7885.0,7885.0,0
ASTRAZEN,2026-04-08 11:07:00,7885.0,7886.5,7885.0,7886.5,2
ASTRAZEN,2026-04-08 11:08:00,7886.5,7886.5,7886.5,7886.5,0
ASTRAZEN,2026-04-08 11:10:00,7886.5,7886.5,7877.0,7877.0,46
ASTRAZEN,2026-04-08 11:11:00,7877.0,7877.0,7877.0,7877.0,0
ASTRAZEN,2026-04-08 11:12:00,7877.0,7877.0,7877.0,7877.0,0
ASTRAZEN,2026-04-08 11:13:00,7877.0,7877.0,7877.0,7877.0,0
ASTRAZEN,2026-04-08 11:14:00,7877.0,7877.0,7877.0,7877.0,0
ASTRAZEN,2026-04-08 11:15:00,7877.0,7877.0,7877.0,7877.0,0
ASTRAZEN,2026-04-08 11:16:00,7879.0,7879.0,7879.0,7879.0,0
ASTRAZEN,2026-04-08 11:17:00,7879.0,7879.0,7878.0,7878.0,30
ASTRAZEN,2026-04-08 11:18:00,7878.0,7878.0,7878.0,7878.0,0
ASTRAZEN,2026-04-08 11:19:00,7892.5,7892.5,7892.5,7892.5,1
ASTRAZEN,2026-04-08 11:20:00,7892.5,7892.5,7891.5,7891.5,1
ASTRAZEN,2026-04-08 11:21:00,7891.5,7891.5,7891.5,7891.5,0
ASTRAZEN,2026-04-08 11:22:00,7891.5,7891.5,7891.5,7891.5,0
ASTRAZEN,2026-04-08 11:23:00,7891.5,7891.5,7891.5,7891.5,1
ASTRAZEN,2026-04-08 11:24:00,7891.5,7891.5,7891.5,7891.5,0
ASTRAZEN,2026-04-08 11:25:00,7891.5,7891.5,7891.5,7891.5,0
ASTRAZEN,2026-04-08 11:26:00,7891.5,7891.5,7891.5,7891.5,0
ASTRAZEN,2026-04-08 11:27:00,7891.5,7891.5,7890.0,7890.0,38
ASTRAZEN,2026-04-08 11:28:00,7890.0,7900.0,7890.0,7900.0,328
ASTRAZEN,2026-04-08 11:29:00,7911.0,7911.0,7911.0,7911.0,40
ASTRAZEN,2026-04-08 11:30:00,7911.0,7911.0,7884.0,7884.0,77
ASTRAZEN,2026-04-08 11:31:00,7884.0,7884.0,7884.0,7884.0,0
ASTRAZEN,2026-04-08 11:32:00,7884.0,7902.5,7884.0,7902.5,16
ASTRAZEN,2026-04-08 11:33:00,7902.5,7902.5,7902.5,7902.5,0
ASTRAZEN,2026-04-08 11:34:00,7902.5,7902.5,7898.5,7898.5,1
ASTRAZEN,2026-04-08 11:35:00,7897.0,7897.0,7897.0,7897.0,2
ASTRAZEN,2026-04-08 11:36:00,7897.0,7897.0,7895.0,7895.0,2
ASTRAZEN,2026-04-08 11:37:00,7895.0,7895.0,7895.0,7895.0,0
ASTRAZEN,2026-04-08 11:38:00,7895.0,7895.0,7875.0,7875.0,68
ASTRAZEN,2026-04-08 11:39:00,7875.0,7882.0,7875.0,7882.0,2
ASTRAZEN,2026-04-08 11:40:00,7883.5,7883.5,7883.5,7883.5,29
ASTRAZEN,2026-04-08 11:41:00,7883.5,7883.5,7883.5,7883.5,0
ASTRAZEN,2026-04-08 11:42:00,7883.5,7883.5,7883.5,7883.5,0
ASTRAZEN,2026-04-08 11:43:00,7883.5,7896.5,7883.5,7896.5,21
ASTRAZEN,2026-04-08 11:44:00,7896.5,7896.5,7896.5,7896.5,0
ASTRAZEN,2026-04-08 11:45:00,7896.5,7896.5,7896.5,7896.5,0
ASTRAZEN,2026-04-08 11:46:00,7896.5,7899.5,7896.5,7899.5,14
ASTRAZEN,2026-04-08 11:47:00,7899.5,7899.5,7899.5,7899.5,0
ASTRAZEN,2026-04-08 11:48:00,7899.5,7899.5,7898.5,7898.5,1
ASTRAZEN,2026-04-08 11:49:00,7890.5,7890.5,7890.5,7890.5,3
ASTRAZEN,2026-04-08 11:50:00,7890.5,7899.5,7890.5,7899.5,5
ASTRAZEN,2026-04-08 11:51:00,7899.5,7899.5,7899.5,7899.5,0
ASTRAZEN,2026-04-08 11:52:00,7899.5,7899.5,7899.5,7899.5,0
ASTRAZEN,2026-04-08 11:54:00,7899.5,7899.5,7899.5,7899.5,0
ASTRAZEN,2026-04-08 11:55:00,7899.5,7899.5,7890.0,7890.0,3
ASTRAZEN,2026-04-08 11:56:00,7890.0,7890.0,7890.0,7890.0,0
ASTRAZEN,2026-04-08 11:57:00,7890.0,7890.0,7890.0,7890.0,0
ASTRAZEN,2026-04-08 11:58:00,7890.0,7890.0,7890.0,7890.0,0
ASTRAZEN,2026-04-08 12:00:00,7890.0,7890.0,7890.0,7890.0,0
ASTRAZEN,2026-04-08 12:01:00,7897.0,7897.0,7884.0,7884.0,11
ASTRAZEN,2026-04-08 12:02:00,7884.0,7884.0,7884.0,7884.0,0
ASTRAZEN,2026-04-08 12:03:00,7884.0,7884.0,7884.0,7884.0,0
ASTRAZEN,2026-04-08 12:04:00,7884.0,7890.0,7884.0,7890.0,1
ASTRAZEN,2026-04-08 12:05:00,7890.0,7890.0,7890.0,7890.0,1
ASTRAZEN,2026-04-08 12:06:00,7890.0,7890.0,7890.0,7890.0,0
ASTRAZEN,2026-04-08 12:07:00,7890.0,7890.0,7890.0,7890.0,0
ASTRAZEN,2026-04-08 12:09:00,7890.0,7890.0,7890.0,7890.0,0
ASTRAZEN,2026-04-08 12:10:00,7890.0,7898.5,7886.0,7898.5,43
ASTRAZEN,2026-04-08 12:11:00,7898.0,7898.0,7884.0,7893.5,23
ASTRAZEN,2026-04-08 12:12:00,7893.5,7893.5,7893.5,7893.5,0
ASTRAZEN,2026-04-08 12:13:00,7893.5,7893.5,7883.0,7883.0,2
ASTRAZEN,2026-04-08 12:14:00,7883.0,7883.0,7883.0,7883.0,0
ASTRAZEN,2026-04-08 12:15:00,7891.0,7893.0,7891.0,7893.0,21
ASTRAZEN,2026-04-08 12:16:00,7893.0,7893.0,7893.0,7893.0,0
ASTRAZEN,2026-04-08 12:17:00,7893.0,7893.0,7893.0,7893.0,0
ASTRAZEN,2026-04-08 12:18:00,7893.0,7893.0,7893.0,7893.0,1
ASTRAZEN,2026-04-08 12:20:00,7893.0,7893.0,7893.0,7893.0,1
ASTRAZEN,2026-04-08 12:21:00,7893.0,7893.0,7893.0,7893.0,0
ASTRAZEN,2026-04-08 12:22:00,7900.0,7900.0,7896.0,7896.0,92
ASTRAZEN,2026-04-08 12:23:00,7896.0,7896.0,7896.0,7896.0,0
ASTRAZEN,2026-04-08 12:24:00,7896.0,7922.0,7896.0,7922.0,65
ASTRAZEN,2026-04-08 12:25:00,7922.0,7922.0,7922.0,7922.0,0
ASTRAZEN,2026-04-08 12:26:00,7922.0,7922.0,7918.0,7918.0,13
ASTRAZEN,2026-04-08 12:27:00,7918.0,7918.0,7917.5,7917.5,19
ASTRAZEN,2026-04-08 12:28:00,7917.5,7917.5,7917.5,7917.5,0
ASTRAZEN,2026-04-08 12:29:00,7913.0,7913.0,7910.0,7910.0,10
ASTRAZEN,2026-04-08 12:30:00,7910.0,7910.0,7910.0,7910.0,0
ASTRAZEN,2026-04-08 12:31:00,7910.0,7918.5,7910.0,7918.5,40
ASTRAZEN,2026-04-08 12:33:00,7918.5,7918.5,7910.0,7910.0,3
ASTRAZEN,2026-04-08 12:34:00,7892.0,7892.0,7892.0,7892.0,5
ASTRAZEN,2026-04-08 12:35:00,7906.0,7910.0,7906.0,7910.0,102
ASTRAZEN,2026-04-08 12:36:00,7910.0,7910.5,7910.0,7910.5,1
ASTRAZEN,2026-04-08 12:37:00,7910.5,7910.5,7910.5,7910.5,0
ASTRAZEN,2026-04-08 12:38:00,7910.5,7910.5,7910.5,7910.5,0
ASTRAZEN,2026-04-08 12:39:00,7910.5,7914.5,7910.5,7914.5,1
ASTRAZEN,2026-04-08 12:40:00,7915.0,7915.0,7914.5,7914.5,4
ASTRAZEN,2026-04-08 12:41:00,7914.5,7914.5,7902.0,7902.0,9
ASTRAZEN,2026-04-08 12:42:00,7902.0,7914.0,7902.0,7914.0,2
ASTRAZEN,2026-04-08 12:43:00,7914.0,7914.0,7914.0,7914.0,0
ASTRAZEN,2026-04-08 12:44:00,7914.0,7914.0,7914.0,7914.0,0
ASTRAZEN,2026-04-08 12:45:00,7914.0,7914.0,7914.0,7914.0,0
ASTRAZEN,2026-04-08 12:47:00,7912.0,7913.0,7912.0,7913.0,7
ASTRAZEN,2026-04-08 12:48:00,7913.0,7913.0,7913.0,7913.0,0
ASTRAZEN,2026-04-08 12:49:00,7903.5,7903.5,7903.5,7903.5,9
ASTRAZEN,2026-04-08 12:51:00,7913.0,7913.0,7913.0,7913.0,1
ASTRAZEN,2026-04-08 12:52:00,7913.5,7913.5,7913.5,7913.5,2
ASTRAZEN,2026-04-08 12:53:00,7913.5,7913.5,7911.5,7911.5,1
ASTRAZEN,2026-04-08 12:54:00,7911.5,7911.5,7907.0,7907.0,1
ASTRAZEN,2026-04-08 12:55:00,7908.5,7919.5,7908.5,7919.5,23
ASTRAZEN,2026-04-08 12:56:00,7919.5,7925.0,7919.5,7925.0,1
ASTRAZEN,2026-04-08 12:57:00,7925.0,7925.0,7925.0,7925.0,0
ASTRAZEN,2026-04-08 12:59:00,7929.5,7929.5,7929.5,7929.5,10
ASTRAZEN,2026-04-08 13:00:00,7929.5,7929.5,7913.5,7913.5,4
ASTRAZEN,2026-04-08 13:01:00,7913.5,7913.5,7913.5,7913.5,0
ASTRAZEN,2026-04-08 13:02:00,7913.5,7913.5,7913.5,7913.5,0
ASTRAZEN,2026-04-08 13:03:00,7926.0,7926.0,7912.5,7912.5,8
ASTRAZEN,2026-04-08 13:04:00,7912.5,7924.5,7912.5,7924.5,1
ASTRAZEN,2026-04-08 13:05:00,7913.0,7913.0,7913.0,7913.0,7
ASTRAZEN,2026-04-08 13:09:00,7909.5,7909.5,7909.5,7909.5,2
ASTRAZEN,2026-04-08 13:10:00,7907.5,7907.5,7907.5,7907.5,3
ASTRAZEN,2026-04-08 13:11:00,7907.5,7907.5,7907.5,7907.5,0
ASTRAZEN,2026-04-08 13:13:00,7907.5,7907.5,7907.5,7907.5,0
ASTRAZEN,2026-04-08 13:15:00,7907.5,7912.0,7899.0,7912.0,14
ASTRAZEN,2026-04-08 13:16:00,7912.0,7912.0,7912.0,7912.0,1
ASTRAZEN,2026-04-08 13:17:00,7912.0,7912.0,7912.0,7912.0,1
ASTRAZEN,2026-04-08 13:20:00,7912.0,7913.0,7899.0,7906.0,9
ASTRAZEN,2026-04-08 13:24:00,7906.0,7906.0,7906.0,7906.0,0
ASTRAZEN,2026-04-08 13:25:00,7906.0,7906.0,7906.0,7906.0,0
ASTRAZEN,2026-04-08 13:29:00,7906.0,7906.0,7906.0,7906.0,0
ASTRAZEN,2026-04-08 13:30:00,7906.0,7909.5,7896.0,7905.0,20
ASTRAZEN,2026-04-08 13:31:00,7905.0,7905.0,7894.5,7894.5,11
ASTRAZEN,2026-04-08 13:32:00,7894.5,7894.5,7894.5,7894.5,0
ASTRAZEN,2026-04-08 13:33:00,7894.5,7894.5,7894.5,7894.5,0
ASTRAZEN,2026-04-08 13:34:00,7894.5,7901.0,7894.5,7901.0,1
ASTRAZEN,2026-04-08 13:35:00,7895.5,7895.5,7895.5,7895.5,0
ASTRAZEN,2026-04-08 13:36:00,7895.5,7903.5,7895.5,7903.5,56
ASTRAZEN,2026-04-08 13:37:00,7903.5,7928.5,7903.5,7928.5,85
ASTRAZEN,2026-04-08 13:38:00,7928.5,7928.5,7927.0,7927.0,3
ASTRAZEN,2026-04-08 13:39:00,7927.0,7927.0,7927.0,7927.0,0
ASTRAZEN,2026-04-08 13:40:00,7927.0,7927.0,7927.0,7927.0,0
ASTRAZEN,2026-04-08 13:41:00,7932.5,7932.5,7928.0,7928.0,35
ASTRAZEN,2026-04-08 13:43:00,7928.0,7928.0,7928.0,7928.0,0
ASTRAZEN,2026-04-08 13:45:00,7928.0,7928.0,7928.0,7928.0,0
ASTRAZEN,2026-04-08 13:46:00,7928.0,7928.0,7928.0,7928.0,1
ASTRAZEN,2026-04-08 13:47:00,7928.0,7928.0,7928.0,7928.0,0
ASTRAZEN,2026-04-08 13:48:00,7928.0,7928.0,7928.0,7928.0,0
ASTRAZEN,2026-04-08 13:49:00,7928.0,7928.0,7928.0,7928.0,0
ASTRAZEN,2026-04-08 13:50:00,7928.0,7928.0,7926.5,7926.5,3
ASTRAZEN,2026-04-08 13:51:00,7917.0,7917.0,7917.0,7917.0,1
ASTRAZEN,2026-04-08 13:52:00,7920.5,7934.0,7920.0,7934.0,27
ASTRAZEN,2026-04-08 13:53:00,7934.0,7934.0,7934.0,7934.0,0
ASTRAZEN,2026-04-08 13:54:00,7934.0,7934.0,7931.0,7931.0,1
ASTRAZEN,2026-04-08 13:55:00,7931.0,7937.5,7925.5,7925.5,27
ASTRAZEN,2026-04-08 13:56:00,7925.5,7925.5,7923.5,7923.5,1
ASTRAZEN,2026-04-08 13:57:00,7935.5,7935.5,7935.5,7935.5,1
ASTRAZEN,2026-04-08 13:58:00,7938.0,7938.0,7938.0,7938.0,2
ASTRAZEN,2026-04-08 13:59:00,7938.0,7938.0,7938.0,7938.0,1
ASTRAZEN,2026-04-08 14:00:00,7938.0,7944.5,7938.0,7942.5,256
ASTRAZEN,2026-04-08 14:01:00,7941.0,7950.0,7927.0,7927.0,360
ASTRAZEN,2026-04-08 14:02:00,7927.0,7927.0,7927.0,7927.0,2
ASTRAZEN,2026-04-08 14:03:00,7935.0,7965.0,7935.0,7954.5,163
ASTRAZEN,2026-04-08 14:04:00,7954.5,7954.5,7954.5,7954.5,4
ASTRAZEN,2026-04-08 14:05:00,7954.5,7954.5,7943.5,7943.5,11
ASTRAZEN,2026-04-08 14:06:00,7943.5,7944.0,7938.0,7938.0,22
ASTRAZEN,2026-04-08 14:07:00,7938.0,7938.0,7935.0,7935.0,2
ASTRAZEN,2026-04-08 14:08:00,7935.0,7944.0,7935.0,7944.0,3
ASTRAZEN,2026-04-08 14:09:00,7944.0,7944.0,7944.0,7944.0,0
ASTRAZEN,2026-04-08 14:10:00,7944.0,7944.0,7944.0,7944.0,12
ASTRAZEN,2026-04-08 14:11:00,7944.0,7944.0,7944.0,7944.0,10
ASTRAZEN,2026-04-08 14:12:00,7944.0,7944.0,7944.0,7944.0,0
ASTRAZEN,2026-04-08 14:13:00,7944.5,7944.5,7935.0,7935.0,17
ASTRAZEN,2026-04-08 14:14:00,7940.5,7940.5,7940.5,7940.5,1
ASTRAZEN,2026-04-08 14:15:00,7940.0,7940.0,7940.0,7940.0,1
ASTRAZEN,2026-04-08 14:16:00,7940.0,7940.0,7940.0,7940.0,1
ASTRAZEN,2026-04-08 14:17:00,7935.0,7935.0,7935.0,7935.0,5
ASTRAZEN,2026-04-08 14:18:00,7940.0,7940.0,7940.0,7940.0,2
ASTRAZEN,2026-04-08 14:19:00,7940.0,7940.0,7940.0,7940.0,1
ASTRAZEN,2026-04-08 14:20:00,7940.0,7940.0,7940.0,7940.0,0
ASTRAZEN,2026-04-08 14:21:00,7940.0,7940.0,7935.0,7940.0,4
ASTRAZEN,2026-04-08 14:22:00,7940.0,7940.0,7940.0,7940.0,0
ASTRAZEN,2026-04-08 14:23:00,7940.0,7940.0,7940.0,7940.0,1
ASTRAZEN,2026-04-08 14:24:00,7940.0,7940.0,7940.0,7940.0,0
ASTRAZEN,2026-04-08 14:25:00,7940.0,7940.0,7940.0,7940.0,0
ASTRAZEN,2026-04-08 14:26:00,7940.0,7940.0,7940.0,7940.0,0
ASTRAZEN,2026-04-08 14:27:00,7940.0,7940.0,7940.0,7940.0,0
ASTRAZEN,2026-04-08 14:28:00,7940.0,7940.0,7940.0,7940.0,0
ASTRAZEN,2026-04-08 14:29:00,7940.0,7940.0,7935.0,7935.0,2
ASTRAZEN,2026-04-08 14:30:00,7935.0,7935.0,7935.0,7935.0,0
ASTRAZEN,2026-04-08 14:31:00,7935.0,7935.0,7924.5,7933.5,60
ASTRAZEN,2026-04-08 14:32:00,7933.5,7933.5,7933.5,7933.5,1
ASTRAZEN,2026-04-08 14:33:00,7933.5,7933.5,7913.5,7913.5,31
ASTRAZEN,2026-04-08 14:34:00,7911.0,7939.5,7911.0,7916.0,39
ASTRAZEN,2026-04-08 14:35:00,7916.0,7925.0,7914.5,7914.5,14
ASTRAZEN,2026-04-08 14:36:00,7914.5,7914.5,7911.5,7911.5,2
ASTRAZEN,2026-04-08 14:37:00,7911.5,7911.5,7911.5,7911.5,0
ASTRAZEN,2026-04-08 14:38:00,7911.5,7911.5,7911.5,7911.5,0
ASTRAZEN,2026-04-08 14:39:00,7911.5,7920.5,7911.5,7920.5,59
ASTRAZEN,2026-04-08 14:40:00,7914.0,7925.5,7913.5,7917.5,7
ASTRAZEN,2026-04-08 14:41:00,7917.5,7917.5,7917.5,7917.5,0
ASTRAZEN,2026-04-08 14:42:00,7917.5,7917.5,7912.5,7912.5,2
ASTRAZEN,2026-04-08 14:43:00,7912.5,7912.5,7912.0,7912.0,10
ASTRAZEN,2026-04-08 14:44:00,7912.0,7912.0,7912.0,7912.0,0
ASTRAZEN,2026-04-08 14:45:00,7912.0,7912.0,7912.0,7912.0,0
ASTRAZEN,2026-04-08 14:46:00,7921.5,7921.5,7912.5,7912.5,12
ASTRAZEN,2026-04-08 14:47:00,7912.5,7917.5,7912.5,7917.5,4
ASTRAZEN,2026-04-08 14:48:00,7917.5,7922.0,7917.5,7922.0,5
ASTRAZEN,2026-04-08 14:49:00,7922.0,7922.0,7912.0,7912.0,54
ASTRAZEN,2026-04-08 14:50:00,7917.0,7917.0,7901.5,7901.5,24
ASTRAZEN,2026-04-08 14:51:00,7901.5,7906.5,7901.5,7906.5,9
ASTRAZEN,2026-04-08 14:52:00,7906.5,7906.5,7906.5,7906.5,7
ASTRAZEN,2026-04-08 14:53:00,7906.5,7906.5,7906.5,7906.5,1
ASTRAZEN,2026-04-08 14:54:00,7906.5,7906.5,7906.5,7906.5,0
ASTRAZEN,2026-04-08 14:55:00,7906.5,7906.5,7906.5,7906.5,0
ASTRAZEN,2026-04-08 14:56:00,7906.5,7914.0,7896.5,7896.5,10
ASTRAZEN,2026-04-08 14:57:00,7896.5,7897.0,7896.5,7896.5,3
ASTRAZEN,2026-04-08 14:58:00,7896.5,7896.5,7896.5,7896.5,5
ASTRAZEN,2026-04-08 14:59:00,7896.0,7896.0,7896.0,7896.0,4
ASTRAZEN,2026-04-08 15:00:00,7900.0,7900.0,7894.5,7894.5,27
ASTRAZEN,2026-04-08 15:01:00,7894.5,7894.5,7886.5,7886.5,13
ASTRAZEN,2026-04-08 15:02:00,7886.5,7892.0,7886.0,7892.0,28
ASTRAZEN,2026-04-08 15:03:00,7892.0,7903.0,7885.0,7890.0,95
ASTRAZEN,2026-04-08 15:04:00,7889.0,7889.0,7885.5,7885.5,7
ASTRAZEN,2026-04-08 15:05:00,7890.0,7890.5,7884.5,7890.5,10
ASTRAZEN,2026-04-08 15:06:00,7890.5,7890.5,7888.5,7888.5,3
ASTRAZEN,2026-04-08 15:07:00,7888.5,7894.5,7888.5,7894.5,14
ASTRAZEN,2026-04-08 15:08:00,7894.5,7896.5,7882.5,7894.0,133
ASTRAZEN,2026-04-08 15:09:00,7894.0,7900.5,7894.0,7894.0,22
ASTRAZEN,2026-04-08 15:10:00,7900.0,7900.0,7886.0,7895.5,54
ASTRAZEN,2026-04-08 15:11:00,7887.5,7895.5,7885.0,7886.0,12
ASTRAZEN,2026-04-08 15:12:00,7886.0,7889.5,7883.0,7889.5,27
ASTRAZEN,2026-04-08 15:13:00,7885.0,7885.0,7885.0,7885.0,17
ASTRAZEN,2026-04-08 15:14:00,7885.0,7894.5,7885.0,7887.0,33
ASTRAZEN,2026-04-08 15:15:00,7887.5,7891.5,7883.0,7883.0,31
ASTRAZEN,2026-04-08 15:16:00,7883.0,7889.5,7883.0,7888.5,39
ASTRAZEN,2026-04-08 15:17:00,7888.5,7889.0,7888.5,7889.0,44
ASTRAZEN,2026-04-08 15:18:00,7889.0,7889.0,7888.5,7888.5,39
ASTRAZEN,2026-04-08 15:19:00,7888.5,7888.5,7883.0,7883.0,22
ASTRAZEN,2026-04-08 15:20:00,7888.0,7888.0,7883.0,7883.0,35
ASTRAZEN,2026-04-08 15:21:00,7883.0,7888.0,7883.0,7883.0,18
ASTRAZEN,2026-04-08 15:22:00,7883.0,7887.0,7883.0,7883.5,27
ASTRAZEN,2026-04-08 15:23:00,7883.5,7885.5,7883.5,7884.0,43
ASTRAZEN,2026-04-08 15:24:00,7884.0,7884.0,7884.0,7884.0,31
ASTRAZEN,2026-04-08 15:25:00,7885.0,7886.0,7884.0,7884.5,49
ASTRAZEN,2026-04-08 15:26:00,7884.0,7884.5,7884.0,7884.0,5
ASTRAZEN,2026-04-08 15:27:00,7883.5,7894.0,7883.5,7891.0,16
ASTRAZEN,2026-04-08 15:28:00,7901.0,7914.0,7900.0,7903.0,101
ASTRAZEN,2026-04-08 15:29:00,7900.0,7934.5,7880.0,7934.5,144
