tradingsymbol,datetime,open,high,low,close,volume
KSB,2026-03-02 09:15:00,738.0,738.0,717.45,736.15,23959
KSB,2026-03-02 09:16:00,739.85,742.0,730.2,742.0,18235
KSB,2026-03-02 09:17:00,739.95,744.0,739.95,744.0,6970
KSB,2026-03-02 09:18:00,744.4,747.45,744.0,744.5,8917
KSB,2026-03-02 09:19:00,745.0,747.9,743.5,747.9,11719
KSB,2026-03-02 09:20:00,748.55,754.45,748.55,751.5,10733
KSB,2026-03-02 09:21:00,752.45,753.0,749.75,749.75,2523
KSB,2026-03-02 09:22:00,749.8,750.85,749.8,750.2,1479
KSB,2026-03-02 09:23:00,751.75,752.0,750.25,752.0,6922
KSB,2026-03-02 09:24:00,750.5,753.0,750.5,751.25,3830
KSB,2026-03-02 09:25:00,751.25,752.4,751.25,751.8,834
KSB,2026-03-02 09:26:00,751.8,752.75,751.0,751.9,1060
KSB,2026-03-02 09:27:00,751.9,754.95,751.75,753.45,2468
KSB,2026-03-02 09:28:00,753.0,753.45,752.1,752.3,308
KSB,2026-03-02 09:29:00,753.0,754.65,752.5,754.15,2596
KSB,2026-03-02 09:30:00,754.95,756.85,754.9,756.85,2801
KSB,2026-03-02 09:31:00,755.85,757.55,755.75,757.55,1980
KSB,2026-03-02 09:32:00,757.55,758.0,755.45,755.75,8877
KSB,2026-03-02 09:33:00,755.75,755.75,751.4,753.0,10312
KSB,2026-03-02 09:34:00,753.0,753.4,752.0,752.0,595
KSB,2026-03-02 09:35:00,751.75,751.75,751.0,751.45,1067
KSB,2026-03-02 09:36:00,751.3,751.65,751.0,751.55,1201
KSB,2026-03-02 09:37:00,751.0,756.95,748.15,756.95,7795
KSB,2026-03-02 09:38:00,757.3,760.75,755.55,755.55,7189
KSB,2026-03-02 09:39:00,755.2,755.55,753.85,753.85,590
KSB,2026-03-02 09:40:00,753.85,757.4,753.85,754.2,2347
KSB,2026-03-02 09:41:00,754.2,755.55,753.4,753.4,1938
KSB,2026-03-02 09:42:00,753.4,753.4,752.0,752.1,2059
KSB,2026-03-02 09:43:00,752.1,753.55,752.1,752.4,1496
KSB,2026-03-02 09:44:00,753.05,754.25,752.25,754.25,2681
KSB,2026-03-02 09:45:00,754.25,754.85,754.2,754.2,348
KSB,2026-03-02 09:46:00,753.65,753.75,752.25,753.0,745
KSB,2026-03-02 09:47:00,753.0,753.65,752.85,752.85,173
KSB,2026-03-02 09:48:00,752.85,754.6,752.85,753.55,236
KSB,2026-03-02 09:49:00,753.55,753.55,750.9,751.5,322
KSB,2026-03-02 09:50:00,751.3,751.85,750.0,751.35,1533
KSB,2026-03-02 09:51:00,751.35,751.95,749.55,750.6,607
KSB,2026-03-02 09:52:00,750.6,750.6,749.6,750.35,1022
KSB,2026-03-02 09:53:00,750.35,750.35,748.35,748.55,948
KSB,2026-03-02 09:54:00,748.55,749.85,748.55,749.75,632
KSB,2026-03-02 09:55:00,749.25,750.9,748.6,750.0,3466
KSB,2026-03-02 09:56:00,750.25,752.0,750.25,752.0,1715
KSB,2026-03-02 09:57:00,751.65,751.9,750.9,751.9,183
KSB,2026-03-02 09:58:00,752.15,752.75,752.15,752.75,809
KSB,2026-03-02 09:59:00,752.75,755.5,752.5,754.9,12994
KSB,2026-03-02 10:00:00,754.9,754.9,751.3,751.3,794
KSB,2026-03-02 10:01:00,752.3,752.35,751.8,752.35,586
KSB,2026-03-02 10:02:00,752.45,752.45,749.75,749.75,2062
KSB,2026-03-02 10:03:00,749.5,750.4,748.3,748.3,13598
KSB,2026-03-02 10:04:00,747.95,749.9,747.95,749.3,4869
KSB,2026-03-02 10:05:00,749.3,749.9,748.9,749.5,141
KSB,2026-03-02 10:06:00,748.9,749.8,748.9,749.8,779
KSB,2026-03-02 10:07:00,749.8,749.9,748.95,748.95,545
KSB,2026-03-02 10:08:00,748.95,749.6,748.1,749.6,446
KSB,2026-03-02 10:09:00,748.85,749.6,748.35,748.85,336
KSB,2026-03-02 10:10:00,748.85,749.35,748.85,748.85,53
KSB,2026-03-02 10:11:00,748.85,749.3,748.85,748.85,37
KSB,2026-03-02 10:12:00,748.85,749.25,748.85,748.85,18
KSB,2026-03-02 10:13:00,748.85,749.0,748.2,748.2,251
KSB,2026-03-02 10:14:00,748.0,748.65,746.0,746.0,2006
KSB,2026-03-02 10:15:00,745.75,746.5,744.8,745.4,2330
KSB,2026-03-02 10:16:00,744.5,746.25,744.3,744.55,1081
KSB,2026-03-02 10:17:00,744.55,744.85,744.15,744.2,911
KSB,2026-03-02 10:18:00,744.1,745.95,744.1,745.95,674
KSB,2026-03-02 10:19:00,745.95,745.95,745.15,745.9,346
KSB,2026-03-02 10:20:00,745.5,746.95,744.75,745.4,5384
KSB,2026-03-02 10:21:00,745.7,746.0,745.7,746.0,328
KSB,2026-03-02 10:22:00,745.9,746.95,745.7,746.95,1548
KSB,2026-03-02 10:23:00,746.95,747.45,745.75,746.2,729
KSB,2026-03-02 10:24:00,746.2,747.05,745.0,747.05,918
KSB,2026-03-02 10:25:00,747.05,748.35,746.15,748.35,1540
KSB,2026-03-02 10:26:00,748.95,748.95,746.8,746.8,1696
KSB,2026-03-02 10:27:00,746.85,748.05,746.65,746.65,453
KSB,2026-03-02 10:28:00,746.65,747.3,746.65,747.3,45
KSB,2026-03-02 10:29:00,747.3,747.6,746.2,746.2,798
KSB,2026-03-02 10:30:00,746.5,746.5,745.85,746.5,205
KSB,2026-03-02 10:31:00,746.5,746.6,745.85,746.6,115
KSB,2026-03-02 10:32:00,746.7,747.45,746.7,747.45,18
KSB,2026-03-02 10:33:00,746.35,747.3,746.35,746.65,540
KSB,2026-03-02 10:34:00,746.65,747.0,746.65,746.8,13
KSB,2026-03-02 10:35:00,746.9,746.9,746.05,746.05,107
KSB,2026-03-02 10:36:00,746.05,746.05,745.05,745.5,1450
KSB,2026-03-02 10:37:00,745.15,746.5,745.15,746.5,489
KSB,2026-03-02 10:38:00,746.5,746.5,745.0,745.35,473
KSB,2026-03-02 10:39:00,745.35,745.4,745.0,745.4,116
KSB,2026-03-02 10:40:00,745.15,745.8,745.15,745.15,103
KSB,2026-03-02 10:41:00,745.15,745.4,744.35,745.15,987
KSB,2026-03-02 10:42:00,745.15,745.15,743.15,743.15,824
KSB,2026-03-02 10:43:00,743.15,745.15,743.15,745.15,2104
KSB,2026-03-02 10:44:00,745.15,745.5,744.4,744.4,1266
KSB,2026-03-02 10:45:00,744.4,744.4,744.15,744.4,584
KSB,2026-03-02 10:46:00,744.4,745.15,744.4,745.15,778
KSB,2026-03-02 10:47:00,745.15,745.7,745.15,745.5,167
KSB,2026-03-02 10:48:00,745.5,745.5,745.5,745.5,0
KSB,2026-03-02 10:49:00,745.5,745.75,745.1,745.3,450
KSB,2026-03-02 10:50:00,745.35,746.0,745.3,746.0,672
KSB,2026-03-02 10:51:00,746.0,746.0,744.45,744.45,363
KSB,2026-03-02 10:52:00,744.6,745.0,744.55,744.6,192
KSB,2026-03-02 10:53:00,744.6,744.65,744.0,744.6,169
KSB,2026-03-02 10:54:00,744.6,744.6,743.65,743.65,435
KSB,2026-03-02 10:55:00,743.65,744.2,743.35,744.0,1600
KSB,2026-03-02 10:56:00,744.0,744.0,743.3,743.3,242
KSB,2026-03-02 10:57:00,743.35,743.9,743.0,743.0,314
KSB,2026-03-02 10:58:00,743.0,744.35,742.9,744.35,1042
KSB,2026-03-02 10:59:00,744.35,744.35,743.35,743.35,233
KSB,2026-03-02 11:00:00,743.8,744.5,743.6,743.6,194
KSB,2026-03-02 11:01:00,743.6,743.6,743.6,743.6,21
KSB,2026-03-02 11:02:00,743.6,744.5,743.6,743.95,40
KSB,2026-03-02 11:03:00,743.95,744.5,743.95,744.5,223
KSB,2026-03-02 11:04:00,744.5,744.5,743.6,743.6,171
KSB,2026-03-02 11:05:00,743.6,743.6,743.6,743.6,25
KSB,2026-03-02 11:06:00,743.6,744.5,743.6,744.0,98
KSB,2026-03-02 11:07:00,744.05,744.6,744.05,744.05,83
KSB,2026-03-02 11:08:00,744.05,744.05,743.95,743.95,512
KSB,2026-03-02 11:09:00,743.95,743.95,743.1,743.1,30
KSB,2026-03-02 11:10:00,743.7,743.7,742.7,743.05,1295
KSB,2026-03-02 11:11:00,743.05,743.35,742.7,742.7,33
KSB,2026-03-02 11:12:00,742.7,742.7,742.5,742.5,68
KSB,2026-03-02 11:13:00,742.5,743.2,742.5,743.2,26
KSB,2026-03-02 11:14:00,743.2,743.2,741.75,741.8,1383
KSB,2026-03-02 11:15:00,741.8,741.8,741.6,741.6,147
KSB,2026-03-02 11:16:00,741.6,742.25,741.6,741.6,194
KSB,2026-03-02 11:17:00,741.6,743.3,741.6,743.3,1241
KSB,2026-03-02 11:18:00,742.5,743.15,742.05,743.0,667
KSB,2026-03-02 11:19:00,743.0,743.45,743.0,743.05,393
KSB,2026-03-02 11:20:00,743.05,743.7,743.0,743.05,40
KSB,2026-03-02 11:21:00,743.05,743.05,743.05,743.05,2
KSB,2026-03-02 11:22:00,743.05,743.8,743.05,743.8,35
KSB,2026-03-02 11:23:00,743.8,743.9,743.0,743.9,1670
KSB,2026-03-02 11:24:00,743.9,744.85,743.9,744.25,210
KSB,2026-03-02 11:25:00,744.95,744.95,743.8,743.8,199
KSB,2026-03-02 11:26:00,743.8,744.05,743.8,743.8,10
KSB,2026-03-02 11:27:00,743.8,743.8,742.5,742.5,815
KSB,2026-03-02 11:28:00,742.5,742.5,740.5,742.0,2574
KSB,2026-03-02 11:29:00,742.0,742.0,741.2,741.2,530
KSB,2026-03-02 11:30:00,741.2,741.2,741.0,741.15,485
KSB,2026-03-02 11:31:00,741.15,742.05,741.15,742.05,103
KSB,2026-03-02 11:32:00,742.05,742.15,741.5,742.15,14
KSB,2026-03-02 11:33:00,742.15,742.15,741.5,741.5,203
KSB,2026-03-02 11:34:00,742.05,742.05,741.5,741.5,278
KSB,2026-03-02 11:35:00,741.5,742.35,741.5,742.05,239
KSB,2026-03-02 11:36:00,742.5,742.75,742.05,742.1,11
KSB,2026-03-02 11:37:00,742.45,742.45,742.1,742.4,56
KSB,2026-03-02 11:38:00,742.4,742.4,742.4,742.4,0
KSB,2026-03-02 11:39:00,742.4,742.4,742.1,742.1,6
KSB,2026-03-02 11:40:00,742.1,742.1,742.1,742.1,5
KSB,2026-03-02 11:41:00,742.1,742.85,742.1,742.3,774
KSB,2026-03-02 11:42:00,742.35,742.7,742.3,742.5,45
KSB,2026-03-02 11:43:00,742.85,742.85,742.3,742.3,16
KSB,2026-03-02 11:44:00,742.3,742.3,742.3,742.3,12
KSB,2026-03-02 11:45:00,742.3,742.3,741.7,741.7,400
KSB,2026-03-02 11:46:00,741.7,742.05,741.7,742.05,16
KSB,2026-03-02 11:47:00,742.05,742.05,742.05,742.05,4
KSB,2026-03-02 11:48:00,742.05,742.05,740.0,740.05,2577
KSB,2026-03-02 11:49:00,740.05,741.3,740.05,740.6,805
KSB,2026-03-02 11:50:00,740.65,740.65,740.65,740.65,5
KSB,2026-03-02 11:51:00,741.2,741.2,740.55,741.0,260
KSB,2026-03-02 11:52:00,741.0,741.0,739.65,740.0,248
KSB,2026-03-02 11:53:00,740.0,741.0,740.0,741.0,599
KSB,2026-03-02 11:54:00,740.45,740.8,740.4,740.4,274
KSB,2026-03-02 11:55:00,740.4,740.4,740.4,740.4,7
KSB,2026-03-02 11:56:00,740.4,740.5,740.1,740.45,331
KSB,2026-03-02 11:57:00,740.45,740.45,740.0,740.0,12
KSB,2026-03-02 11:58:00,740.0,740.0,739.2,739.3,659
KSB,2026-03-02 11:59:00,739.3,739.6,738.9,738.9,33
KSB,2026-03-02 12:00:00,738.9,738.9,738.8,738.8,503
KSB,2026-03-02 12:01:00,738.8,739.8,738.8,739.65,308
KSB,2026-03-02 12:02:00,739.65,739.7,738.95,738.95,120
KSB,2026-03-02 12:03:00,738.95,738.95,738.95,738.95,1
KSB,2026-03-02 12:04:00,738.95,738.95,738.9,738.95,212
KSB,2026-03-02 12:05:00,739.9,739.9,738.15,738.15,328
KSB,2026-03-02 12:06:00,738.15,739.35,738.15,738.45,291
KSB,2026-03-02 12:07:00,738.45,739.2,738.45,738.5,163
KSB,2026-03-02 12:08:00,738.5,738.95,738.5,738.95,4
KSB,2026-03-02 12:09:00,738.95,739.45,738.95,739.45,275
KSB,2026-03-02 12:10:00,739.45,739.6,738.95,739.6,96
KSB,2026-03-02 12:11:00,739.85,739.85,738.35,738.35,271
KSB,2026-03-02 12:12:00,738.35,739.0,738.35,739.0,8
KSB,2026-03-02 12:13:00,739.0,739.0,738.35,738.35,43
KSB,2026-03-02 12:14:00,738.35,739.0,738.3,738.3,640
KSB,2026-03-02 12:15:00,738.3,738.3,737.0,737.0,1210
KSB,2026-03-02 12:16:00,737.0,738.4,737.0,737.85,74
KSB,2026-03-02 12:17:00,737.85,737.85,737.2,737.5,541
KSB,2026-03-02 12:18:00,737.5,738.25,737.35,738.25,2565
KSB,2026-03-02 12:19:00,738.25,738.25,737.3,737.7,343
KSB,2026-03-02 12:20:00,737.7,737.7,737.2,737.2,23
KSB,2026-03-02 12:21:00,737.2,738.0,737.2,737.55,305
KSB,2026-03-02 12:22:00,738.0,738.0,737.55,738.0,78
KSB,2026-03-02 12:23:00,737.6,738.0,737.6,737.7,107
KSB,2026-03-02 12:24:00,737.7,737.7,736.3,736.3,843
KSB,2026-03-02 12:25:00,736.3,736.3,736.3,736.3,78
KSB,2026-03-02 12:26:00,736.3,736.3,736.1,736.25,817
KSB,2026-03-02 12:27:00,736.25,736.85,735.6,736.25,637
KSB,2026-03-02 12:28:00,736.3,737.0,736.3,737.0,58
KSB,2026-03-02 12:29:00,737.0,738.0,737.0,738.0,256
KSB,2026-03-02 12:30:00,738.15,738.6,737.8,737.8,5939
KSB,2026-03-02 12:31:00,737.2,737.35,737.0,737.05,459
KSB,2026-03-02 12:32:00,737.0,737.35,737.0,737.35,38
KSB,2026-03-02 12:33:00,737.5,737.5,736.6,737.0,3003
KSB,2026-03-02 12:34:00,737.0,737.7,737.0,737.4,16
KSB,2026-03-02 12:35:00,737.4,737.9,737.4,737.4,164
KSB,2026-03-02 12:36:00,737.35,737.35,736.75,737.05,168
KSB,2026-03-02 12:37:00,737.05,737.45,736.65,737.0,198
KSB,2026-03-02 12:38:00,737.0,737.0,736.95,736.95,242
KSB,2026-03-02 12:39:00,736.95,737.35,736.95,737.35,12
KSB,2026-03-02 12:40:00,737.35,737.9,736.1,737.5,1500
KSB,2026-03-02 12:41:00,737.5,738.15,737.5,737.75,148
KSB,2026-03-02 12:42:00,738.05,738.05,736.65,737.0,493
KSB,2026-03-02 12:43:00,737.0,738.4,737.0,738.4,474
KSB,2026-03-02 12:44:00,738.4,739.0,737.3,737.3,1519
KSB,2026-03-02 12:45:00,737.3,738.05,737.05,737.05,509
KSB,2026-03-02 12:46:00,737.05,738.0,737.05,737.4,160
KSB,2026-03-02 12:47:00,737.4,738.0,737.35,737.35,14
KSB,2026-03-02 12:48:00,738.0,738.0,737.25,737.25,49
KSB,2026-03-02 12:49:00,737.25,737.7,737.25,737.25,193
KSB,2026-03-02 12:50:00,737.25,737.85,737.25,737.25,217
KSB,2026-03-02 12:51:00,737.25,737.25,736.4,737.15,355
KSB,2026-03-02 12:52:00,737.15,737.85,737.0,737.2,295
KSB,2026-03-02 12:53:00,737.45,737.45,737.45,737.45,1
KSB,2026-03-02 12:54:00,737.45,737.5,737.35,737.5,33
KSB,2026-03-02 12:55:00,737.5,738.0,737.5,737.5,26
KSB,2026-03-02 12:56:00,737.5,737.95,737.5,737.95,56
KSB,2026-03-02 12:57:00,737.95,737.95,737.5,737.7,118
KSB,2026-03-02 12:58:00,737.7,737.7,737.45,737.45,57
KSB,2026-03-02 12:59:00,737.05,737.75,737.05,737.75,85
KSB,2026-03-02 13:00:00,737.75,738.25,737.2,738.25,81
KSB,2026-03-02 13:01:00,738.25,738.25,737.35,737.35,60
KSB,2026-03-02 13:02:00,738.45,738.45,737.85,737.85,8
KSB,2026-03-02 13:03:00,737.85,739.2,737.85,738.45,237
KSB,2026-03-02 13:04:00,738.45,738.45,737.95,737.95,128
KSB,2026-03-02 13:05:00,737.95,738.65,737.9,737.9,113
KSB,2026-03-02 13:06:00,737.9,738.15,737.85,737.85,27
KSB,2026-03-02 13:07:00,738.2,738.4,737.25,737.7,345
KSB,2026-03-02 13:08:00,737.75,737.75,737.7,737.7,32
KSB,2026-03-02 13:09:00,737.7,738.5,737.65,737.7,296
KSB,2026-03-02 13:10:00,737.7,738.35,737.6,737.6,160
KSB,2026-03-02 13:11:00,737.6,738.3,737.6,737.65,115
KSB,2026-03-02 13:12:00,737.65,738.3,737.65,738.3,22
KSB,2026-03-02 13:13:00,738.3,738.3,737.65,737.65,2
KSB,2026-03-02 13:14:00,737.55,737.7,737.2,737.7,315
KSB,2026-03-02 13:15:00,737.7,737.7,737.2,737.2,8
KSB,2026-03-02 13:16:00,737.2,737.6,737.2,737.6,1
KSB,2026-03-02 13:17:00,737.6,738.2,737.5,737.55,420
KSB,2026-03-02 13:18:00,737.55,738.2,737.55,738.1,1159
KSB,2026-03-02 13:19:00,738.1,738.1,738.1,738.1,5
KSB,2026-03-02 13:20:00,738.1,738.1,738.1,738.1,0
KSB,2026-03-02 13:21:00,738.1,738.8,737.5,737.5,78
KSB,2026-03-02 13:22:00,738.0,738.05,737.35,738.05,120
KSB,2026-03-02 13:23:00,738.05,738.05,737.55,738.0,16
KSB,2026-03-02 13:24:00,738.0,738.0,737.0,737.0,477
KSB,2026-03-02 13:25:00,737.0,737.95,737.0,737.95,29
KSB,2026-03-02 13:26:00,737.95,737.95,737.95,737.95,3
KSB,2026-03-02 13:27:00,737.55,737.9,737.25,737.9,90
KSB,2026-03-02 13:28:00,737.9,737.9,737.25,737.25,5
KSB,2026-03-02 13:29:00,737.25,737.25,737.05,737.05,361
KSB,2026-03-02 13:30:00,737.05,737.1,737.05,737.1,40
KSB,2026-03-02 13:31:00,737.1,738.0,737.1,738.0,327
KSB,2026-03-02 13:32:00,738.0,739.0,738.0,738.1,127
KSB,2026-03-02 13:33:00,738.1,740.0,738.1,740.0,1142
KSB,2026-03-02 13:34:00,740.0,740.0,738.6,739.2,1252
KSB,2026-03-02 13:35:00,739.2,739.2,738.6,738.6,14
KSB,2026-03-02 13:36:00,738.6,738.8,738.35,738.8,77
KSB,2026-03-02 13:37:00,738.7,739.35,738.55,739.3,119
KSB,2026-03-02 13:38:00,739.3,739.4,738.6,738.7,1137
KSB,2026-03-02 13:39:00,738.7,738.7,737.55,738.15,155
KSB,2026-03-02 13:40:00,738.15,738.15,737.45,737.45,138
KSB,2026-03-02 13:41:00,737.45,737.45,737.45,737.45,6
KSB,2026-03-02 13:42:00,737.45,737.45,737.45,737.45,26
KSB,2026-03-02 13:43:00,737.4,737.95,737.4,737.95,238
KSB,2026-03-02 13:44:00,737.95,738.05,737.5,737.5,95
KSB,2026-03-02 13:45:00,737.5,738.45,737.5,738.15,19
KSB,2026-03-02 13:46:00,738.15,738.95,738.0,738.35,1260
KSB,2026-03-02 13:47:00,738.35,739.3,738.35,739.3,559
KSB,2026-03-02 13:48:00,739.3,739.3,738.55,739.0,350
KSB,2026-03-02 13:49:00,739.0,739.0,738.55,739.0,25
KSB,2026-03-02 13:50:00,739.1,740.75,738.6,740.1,4758
KSB,2026-03-02 13:51:00,740.1,740.1,737.4,737.4,362
KSB,2026-03-02 13:52:00,737.4,738.25,737.4,737.5,102
KSB,2026-03-02 13:53:00,737.5,737.5,737.3,737.3,144
KSB,2026-03-02 13:54:00,737.85,737.9,737.3,737.9,313
KSB,2026-03-02 13:55:00,737.25,737.25,735.55,735.55,1939
KSB,2026-03-02 13:56:00,735.5,735.55,735.5,735.5,183
KSB,2026-03-02 13:57:00,735.5,738.6,735.15,738.6,1629
KSB,2026-03-02 13:58:00,738.6,739.8,737.95,738.55,583
KSB,2026-03-02 13:59:00,738.55,739.7,738.55,738.95,1495
KSB,2026-03-02 14:00:00,738.1,738.15,737.45,737.45,468
KSB,2026-03-02 14:01:00,737.45,738.1,737.45,737.5,234
KSB,2026-03-02 14:02:00,737.5,738.25,737.5,737.55,37
KSB,2026-03-02 14:03:00,737.55,739.2,737.55,739.2,504
KSB,2026-03-02 14:04:00,740.55,741.95,740.5,740.55,1170
KSB,2026-03-02 14:05:00,740.55,741.45,740.05,740.65,1662
KSB,2026-03-02 14:06:00,740.65,741.3,740.0,740.5,837
KSB,2026-03-02 14:07:00,741.0,741.0,740.05,740.8,10
KSB,2026-03-02 14:08:00,740.8,741.05,740.1,740.1,8
KSB,2026-03-02 14:09:00,740.2,740.2,740.2,740.2,1
KSB,2026-03-02 14:10:00,740.2,740.7,740.05,740.2,1331
KSB,2026-03-02 14:11:00,741.6,741.6,739.55,739.55,1015
KSB,2026-03-02 14:12:00,739.65,739.65,739.65,739.65,30
KSB,2026-03-02 14:13:00,740.35,741.0,740.2,740.2,49
KSB,2026-03-02 14:14:00,740.2,741.15,740.2,740.45,40
KSB,2026-03-02 14:15:00,740.45,740.45,739.2,739.2,43
KSB,2026-03-02 14:16:00,739.2,739.2,739.2,739.2,0
KSB,2026-03-02 14:17:00,739.2,740.4,739.2,739.55,19
KSB,2026-03-02 14:18:00,739.55,740.4,739.55,739.65,36
KSB,2026-03-02 14:19:00,739.65,739.65,739.55,739.55,53
KSB,2026-03-02 14:20:00,739.55,740.95,739.2,740.2,405
KSB,2026-03-02 14:21:00,740.2,741.15,740.2,741.15,79
KSB,2026-03-02 14:22:00,741.15,741.25,739.35,739.9,1121
KSB,2026-03-02 14:23:00,739.65,740.25,739.65,739.95,256
KSB,2026-03-02 14:24:00,739.95,740.9,739.9,739.9,43
KSB,2026-03-02 14:25:00,739.9,740.4,738.75,738.75,1332
KSB,2026-03-02 14:26:00,738.8,738.8,738.8,738.8,4
KSB,2026-03-02 14:27:00,738.3,738.95,738.25,738.3,149
KSB,2026-03-02 14:28:00,738.3,738.95,738.25,738.25,38
KSB,2026-03-02 14:29:00,738.25,738.25,738.25,738.25,0
KSB,2026-03-02 14:30:00,738.25,739.5,738.25,739.5,7
KSB,2026-03-02 14:31:00,739.5,739.75,739.05,739.75,22
KSB,2026-03-02 14:32:00,739.75,739.75,739.1,739.15,35
KSB,2026-03-02 14:33:00,739.15,740.45,739.15,739.55,42
KSB,2026-03-02 14:34:00,739.55,741.2,739.55,740.25,528
KSB,2026-03-02 14:35:00,740.25,741.35,739.85,741.1,102
KSB,2026-03-02 14:36:00,741.3,741.85,740.1,741.85,235
KSB,2026-03-02 14:37:00,741.85,741.85,741.3,741.3,119
KSB,2026-03-02 14:38:00,741.3,741.9,741.3,741.3,177
KSB,2026-03-02 14:39:00,741.3,741.85,741.3,741.3,173
KSB,2026-03-02 14:40:00,741.3,741.3,741.3,741.3,41
KSB,2026-03-02 14:41:00,741.85,741.85,741.85,741.85,41
KSB,2026-03-02 14:42:00,742.05,742.05,741.35,742.0,724
KSB,2026-03-02 14:43:00,742.0,742.0,741.3,741.3,33
KSB,2026-03-02 14:44:00,741.3,742.05,741.3,742.0,56
KSB,2026-03-02 14:45:00,742.0,742.05,741.5,742.0,160
KSB,2026-03-02 14:46:00,742.0,742.0,741.3,741.75,60
KSB,2026-03-02 14:47:00,741.3,741.85,741.3,741.85,33
KSB,2026-03-02 14:48:00,742.2,742.2,739.95,740.45,2894
KSB,2026-03-02 14:49:00,740.6,740.6,740.15,740.2,364
KSB,2026-03-02 14:50:00,740.2,741.5,740.2,741.5,246
KSB,2026-03-02 14:51:00,741.5,741.5,740.65,741.45,79
KSB,2026-03-02 14:52:00,741.45,741.45,740.95,740.95,32
KSB,2026-03-02 14:53:00,741.0,741.0,741.0,741.0,1
KSB,2026-03-02 14:54:00,741.0,741.0,740.45,741.0,29
KSB,2026-03-02 14:55:00,741.0,741.0,740.3,740.3,16
KSB,2026-03-02 14:56:00,740.3,740.3,739.0,739.0,1022
KSB,2026-03-02 14:57:00,739.0,739.9,738.3,739.9,218
KSB,2026-03-02 14:58:00,739.9,740.05,739.3,739.55,41
KSB,2026-03-02 14:59:00,739.55,740.65,739.0,739.0,416
KSB,2026-03-02 15:00:00,739.95,739.95,739.25,739.3,16
KSB,2026-03-02 15:01:00,739.8,739.9,739.05,739.85,350
KSB,2026-03-02 15:02:00,740.6,742.7,740.6,742.05,3583
KSB,2026-03-02 15:03:00,743.1,745.05,743.1,743.35,387
KSB,2026-03-02 15:04:00,744.6,745.1,743.9,745.0,1124
KSB,2026-03-02 15:05:00,745.0,745.0,739.05,739.1,2608
KSB,2026-03-02 15:06:00,739.95,739.95,739.1,739.1,124
KSB,2026-03-02 15:07:00,739.8,740.1,739.8,740.1,20
KSB,2026-03-02 15:08:00,740.2,740.5,739.35,740.05,145
KSB,2026-03-02 15:09:00,740.4,740.4,738.15,738.65,281
KSB,2026-03-02 15:10:00,738.65,739.1,738.0,739.05,901
KSB,2026-03-02 15:11:00,739.05,739.4,737.95,738.45,279
KSB,2026-03-02 15:12:00,738.4,739.2,737.5,738.45,104
KSB,2026-03-02 15:13:00,738.45,739.15,738.4,739.0,49
KSB,2026-03-02 15:14:00,739.0,739.85,739.0,739.5,650
KSB,2026-03-02 15:15:00,739.5,739.85,739.35,739.5,1946
KSB,2026-03-02 15:16:00,739.5,739.95,739.4,739.95,208
KSB,2026-03-02 15:17:00,739.45,740.45,738.95,739.15,765
KSB,2026-03-02 15:18:00,739.0,741.0,738.9,741.0,1062
KSB,2026-03-02 15:19:00,741.1,741.1,739.0,740.0,540
KSB,2026-03-02 15:20:00,739.5,739.75,739.5,739.75,543
KSB,2026-03-02 15:21:00,739.75,740.5,739.75,740.45,575
KSB,2026-03-02 15:22:00,741.95,742.0,741.2,741.3,165
KSB,2026-03-02 15:23:00,741.3,742.0,741.3,742.0,262
KSB,2026-03-02 15:24:00,741.6,742.0,740.3,741.4,807
KSB,2026-03-02 15:25:00,741.4,741.4,740.95,741.4,131
KSB,2026-03-02 15:26:00,741.4,741.4,741.0,741.0,916
KSB,2026-03-02 15:27:00,741.2,741.45,740.0,740.0,1870
KSB,2026-03-02 15:28:00,740.5,740.95,740.0,740.0,1720
KSB,2026-03-02 15:29:00,738.5,740.5,738.5,738.7,1526
KSB,2026-03-04 09:15:00,737.0,745.7,726.15,726.15,1494
KSB,2026-03-04 09:16:00,727.45,731.25,726.15,731.25,2122
KSB,2026-03-04 09:17:00,730.4,731.85,727.9,730.95,3058
KSB,2026-03-04 09:18:00,731.3,735.85,730.95,732.15,8564
KSB,2026-03-04 09:19:00,732.2,733.6,732.2,733.4,965
KSB,2026-03-04 09:20:00,733.85,736.6,733.45,735.3,1090
KSB,2026-03-04 09:21:00,734.25,734.25,732.4,733.35,2031
KSB,2026-03-04 09:22:00,733.35,733.9,732.7,732.7,323
KSB,2026-03-04 09:23:00,732.7,735.05,732.7,735.05,2211
KSB,2026-03-04 09:24:00,735.45,736.05,735.25,735.25,911
KSB,2026-03-04 09:25:00,735.25,736.05,734.45,734.45,1258
KSB,2026-03-04 09:26:00,734.45,735.15,732.6,732.6,365
KSB,2026-03-04 09:27:00,732.9,732.9,731.25,732.05,590
KSB,2026-03-04 09:28:00,732.15,733.2,728.05,728.05,2485
KSB,2026-03-04 09:29:00,728.05,732.0,728.05,732.0,1920
KSB,2026-03-04 09:30:00,732.6,740.0,732.45,735.85,6723
KSB,2026-03-04 09:31:00,735.35,735.65,733.25,733.55,921
KSB,2026-03-04 09:32:00,733.6,734.2,732.4,732.4,1153
KSB,2026-03-04 09:33:00,733.5,733.5,731.2,731.2,481
KSB,2026-03-04 09:34:00,729.95,734.7,729.95,734.15,1950
KSB,2026-03-04 09:35:00,734.15,734.7,734.15,734.7,279
KSB,2026-03-04 09:36:00,734.2,735.75,734.2,735.75,1089
KSB,2026-03-04 09:37:00,735.75,735.75,734.65,735.0,820
KSB,2026-03-04 09:38:00,735.0,735.0,733.3,733.3,683
KSB,2026-03-04 09:39:00,733.3,733.8,733.15,733.15,49
KSB,2026-03-04 09:40:00,733.15,733.15,732.2,732.2,603
KSB,2026-03-04 09:41:00,732.65,732.65,731.6,732.05,145
KSB,2026-03-04 09:42:00,731.95,731.95,731.05,731.8,377
KSB,2026-03-04 09:43:00,732.4,732.4,731.45,731.85,1138
KSB,2026-03-04 09:44:00,732.0,732.45,731.65,732.35,227
KSB,2026-03-04 09:45:00,732.45,733.75,731.85,731.85,2337
KSB,2026-03-04 09:46:00,731.7,731.7,730.2,731.0,1444
KSB,2026-03-04 09:47:00,730.2,730.7,729.85,730.35,459
KSB,2026-03-04 09:48:00,730.35,730.55,729.85,730.25,142
KSB,2026-03-04 09:49:00,730.25,730.25,729.6,729.6,109
KSB,2026-03-04 09:50:00,729.6,729.6,729.15,729.15,109
KSB,2026-03-04 09:51:00,729.15,729.45,729.0,729.45,118
KSB,2026-03-04 09:52:00,729.45,729.6,729.0,729.05,264
KSB,2026-03-04 09:53:00,730.2,730.2,729.2,729.25,175
KSB,2026-03-04 09:54:00,729.25,730.5,729.25,729.6,110
KSB,2026-03-04 09:55:00,729.6,730.45,728.7,728.7,1558
KSB,2026-03-04 09:56:00,728.7,729.3,727.45,728.2,582
KSB,2026-03-04 09:57:00,728.7,729.8,728.4,729.65,863
KSB,2026-03-04 09:58:00,730.25,730.25,729.35,730.0,610
KSB,2026-03-04 09:59:00,730.0,730.8,730.0,730.55,411
KSB,2026-03-04 10:00:00,730.55,730.55,729.15,729.15,981
KSB,2026-03-04 10:01:00,730.1,730.1,730.1,730.1,45
KSB,2026-03-04 10:02:00,730.1,730.75,730.0,730.0,730
KSB,2026-03-04 10:03:00,730.0,730.85,730.0,730.0,129
KSB,2026-03-04 10:04:00,730.0,731.85,730.0,731.25,1974
KSB,2026-03-04 10:05:00,731.25,732.45,731.25,731.5,43
KSB,2026-03-04 10:06:00,732.2,733.4,731.35,733.4,1077
KSB,2026-03-04 10:07:00,733.0,733.95,733.0,733.3,793
KSB,2026-03-04 10:08:00,733.35,734.7,733.35,734.7,80
KSB,2026-03-04 10:09:00,734.7,734.7,734.15,734.25,129
KSB,2026-03-04 10:10:00,734.25,734.65,734.25,734.3,15
KSB,2026-03-04 10:11:00,734.7,734.7,733.35,733.4,1521
KSB,2026-03-04 10:12:00,733.4,733.6,733.35,733.35,192
KSB,2026-03-04 10:13:00,733.45,734.0,733.05,733.5,815
KSB,2026-03-04 10:14:00,733.5,734.0,733.5,734.0,114
KSB,2026-03-04 10:15:00,734.0,734.0,732.7,732.7,80
KSB,2026-03-04 10:16:00,732.7,733.25,732.7,732.9,98
KSB,2026-03-04 10:17:00,732.9,733.55,732.6,732.6,63
KSB,2026-03-04 10:18:00,733.3,733.3,732.15,732.15,75
KSB,2026-03-04 10:19:00,732.15,732.85,732.05,732.05,678
KSB,2026-03-04 10:20:00,732.05,732.85,732.05,732.85,6
KSB,2026-03-04 10:21:00,732.85,732.85,732.2,732.4,53
KSB,2026-03-04 10:22:00,732.4,734.95,732.4,734.95,836
KSB,2026-03-04 10:23:00,734.85,734.85,733.5,733.5,234
KSB,2026-03-04 10:24:00,733.5,735.05,733.5,733.85,493
KSB,2026-03-04 10:25:00,733.85,735.1,733.45,735.1,726
KSB,2026-03-04 10:26:00,735.2,736.0,735.2,736.0,1677
KSB,2026-03-04 10:27:00,736.1,737.6,736.1,737.25,374
KSB,2026-03-04 10:28:00,737.25,737.75,736.5,736.5,102
KSB,2026-03-04 10:29:00,736.5,737.25,736.2,737.1,1360
KSB,2026-03-04 10:30:00,737.1,737.1,736.2,736.85,377
KSB,2026-03-04 10:31:00,736.85,737.05,736.25,736.3,13
KSB,2026-03-04 10:32:00,736.3,737.1,733.7,734.15,433
KSB,2026-03-04 10:33:00,734.15,734.55,733.7,733.7,44
KSB,2026-03-04 10:34:00,733.7,733.7,733.0,733.0,59
KSB,2026-03-04 10:35:00,733.0,733.9,733.0,733.25,36
KSB,2026-03-04 10:36:00,733.25,733.25,733.25,733.25,4
KSB,2026-03-04 10:37:00,733.65,733.65,732.7,732.75,178
KSB,2026-03-04 10:38:00,732.75,732.75,732.05,732.05,93
KSB,2026-03-04 10:39:00,732.05,732.05,731.2,731.2,493
KSB,2026-03-04 10:40:00,731.2,731.6,730.45,731.6,1287
KSB,2026-03-04 10:41:00,732.55,732.7,732.1,732.1,175
KSB,2026-03-04 10:42:00,732.85,732.9,732.1,732.8,177
KSB,2026-03-04 10:43:00,732.8,733.25,732.25,733.25,70
KSB,2026-03-04 10:44:00,733.25,733.3,732.2,732.65,248
KSB,2026-03-04 10:45:00,733.3,733.3,732.7,732.7,347
KSB,2026-03-04 10:46:00,732.75,732.75,732.75,732.75,58
KSB,2026-03-04 10:47:00,732.75,732.75,732.75,732.75,0
KSB,2026-03-04 10:48:00,732.75,733.4,732.15,732.65,244
KSB,2026-03-04 10:49:00,732.65,732.65,728.5,728.5,3736
KSB,2026-03-04 10:50:00,728.15,728.15,727.2,727.9,397
KSB,2026-03-04 10:51:00,728.0,728.0,727.1,727.1,95
KSB,2026-03-04 10:52:00,727.8,727.8,727.15,727.5,656
KSB,2026-03-04 10:53:00,727.5,727.85,727.2,727.2,237
KSB,2026-03-04 10:54:00,727.2,727.2,727.15,727.15,14
KSB,2026-03-04 10:55:00,726.95,727.25,726.75,726.9,372
KSB,2026-03-04 10:56:00,726.9,727.6,726.9,727.45,329
KSB,2026-03-04 10:57:00,727.0,727.05,726.6,726.6,330
KSB,2026-03-04 10:58:00,726.95,726.95,725.8,726.65,591
KSB,2026-03-04 10:59:00,726.65,726.65,726.0,726.25,228
KSB,2026-03-04 11:00:00,726.3,728.0,726.3,728.0,264
KSB,2026-03-04 11:01:00,728.0,728.0,727.35,728.0,136
KSB,2026-03-04 11:02:00,728.0,728.1,728.0,728.1,66
KSB,2026-03-04 11:03:00,728.1,729.35,728.1,728.6,57
KSB,2026-03-04 11:04:00,728.6,729.2,728.15,728.15,27
KSB,2026-03-04 11:05:00,728.15,728.15,728.0,728.0,2
KSB,2026-03-04 11:06:00,728.0,728.0,726.3,726.85,572
KSB,2026-03-04 11:07:00,727.7,728.4,727.55,727.55,75
KSB,2026-03-04 11:08:00,728.25,728.7,728.1,728.7,19
KSB,2026-03-04 11:09:00,728.7,728.7,728.1,728.7,24
KSB,2026-03-04 11:10:00,729.15,729.2,728.4,728.4,824
KSB,2026-03-04 11:11:00,728.4,728.4,726.6,726.6,157
KSB,2026-03-04 11:12:00,726.6,726.6,724.05,725.1,1311
KSB,2026-03-04 11:13:00,725.1,725.1,722.7,724.35,1552
KSB,2026-03-04 11:14:00,724.4,725.0,724.4,724.85,125
KSB,2026-03-04 11:15:00,724.85,724.85,724.0,724.3,402
KSB,2026-03-04 11:16:00,724.0,727.45,723.35,727.05,45550
KSB,2026-03-04 11:17:00,727.05,727.75,726.7,727.75,617
KSB,2026-03-04 11:18:00,728.2,729.5,727.85,727.85,2933
KSB,2026-03-04 11:19:00,727.85,728.3,727.55,727.55,1193
KSB,2026-03-04 11:20:00,727.55,728.65,727.55,727.55,139
KSB,2026-03-04 11:21:00,727.55,728.1,727.25,728.1,213
KSB,2026-03-04 11:22:00,728.1,728.4,727.75,728.2,563
KSB,2026-03-04 11:23:00,728.2,728.9,725.15,727.9,1370
KSB,2026-03-04 11:24:00,727.9,728.4,727.2,727.2,944
KSB,2026-03-04 11:25:00,727.2,727.9,727.2,727.8,61
KSB,2026-03-04 11:26:00,727.8,728.6,727.8,728.6,113
KSB,2026-03-04 11:27:00,728.6,728.6,727.8,727.8,333
KSB,2026-03-04 11:28:00,727.8,728.0,727.8,728.0,72
KSB,2026-03-04 11:29:00,728.0,728.15,727.7,727.7,170
KSB,2026-03-04 11:30:00,727.7,727.8,727.2,727.2,61
KSB,2026-03-04 11:31:00,727.2,727.2,725.95,726.65,2430
KSB,2026-03-04 11:32:00,726.65,726.7,724.0,726.7,2230
KSB,2026-03-04 11:33:00,726.7,727.65,726.7,727.65,90
KSB,2026-03-04 11:34:00,727.65,727.65,726.35,726.35,3153
KSB,2026-03-04 11:35:00,726.35,726.35,725.85,725.95,51
KSB,2026-03-04 11:36:00,725.95,725.95,725.8,725.8,51
KSB,2026-03-04 11:37:00,725.8,726.3,725.8,725.85,3579
KSB,2026-03-04 11:38:00,725.85,726.3,725.85,725.95,63
KSB,2026-03-04 11:39:00,725.95,727.0,725.95,726.65,454
KSB,2026-03-04 11:40:00,726.8,726.8,726.25,726.35,60
KSB,2026-03-04 11:41:00,726.35,726.9,726.35,726.9,173
KSB,2026-03-04 11:42:00,726.9,726.9,726.35,726.35,46
KSB,2026-03-04 11:43:00,726.35,726.85,726.35,726.35,55
KSB,2026-03-04 11:44:00,726.35,726.35,725.05,725.15,2134
KSB,2026-03-04 11:45:00,725.15,726.25,725.15,726.25,201
KSB,2026-03-04 11:46:00,726.25,726.25,725.75,725.95,41
KSB,2026-03-04 11:47:00,725.95,726.05,725.95,726.05,62
KSB,2026-03-04 11:48:00,726.05,726.4,726.05,726.4,267
KSB,2026-03-04 11:49:00,727.3,727.3,725.75,725.75,118
KSB,2026-03-04 11:50:00,725.75,727.45,725.75,727.45,91
KSB,2026-03-04 11:51:00,727.45,727.45,727.05,727.1,44
KSB,2026-03-04 11:52:00,727.1,727.1,727.1,727.1,50
KSB,2026-03-04 11:53:00,727.1,727.1,726.95,726.95,48
KSB,2026-03-04 11:54:00,726.95,726.95,726.3,726.5,148
KSB,2026-03-04 11:55:00,727.0,727.0,726.35,726.6,236
KSB,2026-03-04 11:56:00,727.05,727.1,726.45,727.1,510
KSB,2026-03-04 11:57:00,727.1,727.1,726.7,727.0,47
KSB,2026-03-04 11:58:00,727.0,727.0,726.8,726.8,46
KSB,2026-03-04 11:59:00,726.8,726.8,726.45,726.45,42
KSB,2026-03-04 12:00:00,726.45,727.45,726.45,727.45,71
KSB,2026-03-04 12:01:00,727.45,727.45,726.75,727.15,47
KSB,2026-03-04 12:02:00,727.15,727.65,726.95,727.65,46
KSB,2026-03-04 12:03:00,726.85,727.35,726.45,727.35,162
KSB,2026-03-04 12:04:00,727.35,727.35,726.45,726.75,106
KSB,2026-03-04 12:05:00,726.7,727.25,726.3,726.85,205
KSB,2026-03-04 12:06:00,726.85,726.85,726.3,726.3,51
KSB,2026-03-04 12:07:00,726.3,727.0,726.1,727.0,518
KSB,2026-03-04 12:08:00,727.0,727.0,726.6,726.95,111
KSB,2026-03-04 12:09:00,726.95,726.95,726.35,726.4,80
KSB,2026-03-04 12:10:00,726.4,726.7,726.4,726.7,41
KSB,2026-03-04 12:11:00,726.7,726.7,726.55,726.55,62
KSB,2026-03-04 12:12:00,726.55,727.45,726.55,727.45,80
KSB,2026-03-04 12:13:00,727.45,727.45,726.8,726.8,49
KSB,2026-03-04 12:14:00,726.8,726.8,726.45,726.45,49
KSB,2026-03-04 12:15:00,726.45,726.8,726.45,726.45,54
KSB,2026-03-04 12:16:00,726.95,726.95,726.3,726.55,80
KSB,2026-03-04 12:17:00,726.55,727.05,726.15,726.15,176
KSB,2026-03-04 12:18:00,726.15,726.5,726.15,726.5,45
KSB,2026-03-04 12:19:00,726.5,726.55,726.35,726.35,144
KSB,2026-03-04 12:20:00,726.35,726.95,726.2,726.95,78
KSB,2026-03-04 12:21:00,726.95,726.95,726.0,726.15,126
KSB,2026-03-04 12:22:00,726.15,726.15,725.85,726.1,79
KSB,2026-03-04 12:23:00,726.1,726.75,726.1,726.75,53
KSB,2026-03-04 12:24:00,726.0,726.15,725.55,725.55,83
KSB,2026-03-04 12:25:00,725.55,726.3,725.35,725.75,688
KSB,2026-03-04 12:26:00,725.75,726.3,725.7,726.3,120
KSB,2026-03-04 12:27:00,726.3,726.3,725.7,726.25,46
KSB,2026-03-04 12:28:00,726.25,726.5,726.25,726.5,190
KSB,2026-03-04 12:29:00,726.5,726.5,725.85,725.85,231
KSB,2026-03-04 12:30:00,725.85,726.1,725.85,726.1,53
KSB,2026-03-04 12:31:00,726.1,726.1,725.8,725.95,44
KSB,2026-03-04 12:32:00,725.95,725.95,725.65,725.95,43
KSB,2026-03-04 12:33:00,725.95,726.25,725.95,725.95,72
KSB,2026-03-04 12:34:00,725.95,726.25,719.2,722.85,41939
KSB,2026-03-04 12:35:00,722.85,723.3,722.2,722.75,254
KSB,2026-03-04 12:36:00,722.75,722.75,721.2,721.95,1019
KSB,2026-03-04 12:37:00,721.95,721.95,720.8,720.8,1104
KSB,2026-03-04 12:38:00,720.8,721.3,720.8,720.8,1127
KSB,2026-03-04 12:39:00,720.8,721.0,720.7,720.85,327
KSB,2026-03-04 12:40:00,720.85,721.05,720.0,720.85,1624
KSB,2026-03-04 12:41:00,720.85,720.85,720.05,720.05,91
KSB,2026-03-04 12:42:00,720.05,720.1,719.15,719.15,66
KSB,2026-03-04 12:43:00,719.4,721.6,719.0,721.6,1598
KSB,2026-03-04 12:44:00,721.6,726.0,721.6,726.0,2592
KSB,2026-03-04 12:45:00,726.0,728.0,726.0,726.45,1524
KSB,2026-03-04 12:46:00,726.45,727.7,726.45,726.7,445
KSB,2026-03-04 12:47:00,726.4,726.4,725.1,725.1,491
KSB,2026-03-04 12:48:00,725.1,726.15,725.1,726.15,198
KSB,2026-03-04 12:49:00,726.15,726.15,725.1,725.85,250
KSB,2026-03-04 12:50:00,725.85,727.0,725.4,727.0,4018
KSB,2026-03-04 12:51:00,727.0,727.0,726.0,726.0,1403
KSB,2026-03-04 12:52:00,726.0,726.95,725.5,726.95,2083
KSB,2026-03-04 12:53:00,726.95,727.45,726.95,727.45,1273
KSB,2026-03-04 12:54:00,727.45,728.2,727.45,727.55,75
KSB,2026-03-04 12:55:00,727.55,728.6,727.55,728.5,976
KSB,2026-03-04 12:56:00,728.5,729.45,727.35,729.45,1555
KSB,2026-03-04 12:57:00,729.45,733.0,729.45,733.0,2810
KSB,2026-03-04 12:58:00,733.0,733.0,732.8,733.0,228
KSB,2026-03-04 12:59:00,732.3,733.65,732.3,733.65,985
KSB,2026-03-04 13:00:00,733.65,736.0,733.1,736.0,1371
KSB,2026-03-04 13:01:00,736.0,736.0,735.4,735.4,187
KSB,2026-03-04 13:02:00,735.55,736.05,735.45,736.05,678
KSB,2026-03-04 13:03:00,736.05,737.45,735.95,737.45,2205
KSB,2026-03-04 13:04:00,737.45,738.5,737.15,737.5,2027
KSB,2026-03-04 13:05:00,737.4,738.2,736.7,738.2,576
KSB,2026-03-04 13:06:00,738.05,738.4,737.3,737.5,323
KSB,2026-03-04 13:07:00,737.5,738.0,737.35,737.65,190
KSB,2026-03-04 13:08:00,737.4,738.9,737.4,738.9,411
KSB,2026-03-04 13:09:00,738.9,739.0,737.8,738.15,1111
KSB,2026-03-04 13:10:00,738.15,739.2,737.8,739.2,826
KSB,2026-03-04 13:11:00,740.0,741.6,737.1,737.3,3422
KSB,2026-03-04 13:12:00,737.3,737.8,737.1,737.3,166
KSB,2026-03-04 13:13:00,737.3,738.0,737.3,737.3,287
KSB,2026-03-04 13:14:00,737.3,737.3,737.1,737.1,50
KSB,2026-03-04 13:15:00,737.1,737.35,737.1,737.2,61
KSB,2026-03-04 13:16:00,737.2,737.2,736.55,736.55,433
KSB,2026-03-04 13:17:00,736.55,736.75,735.9,735.9,819
KSB,2026-03-04 13:18:00,735.9,735.9,735.1,735.1,112
KSB,2026-03-04 13:19:00,735.1,739.35,735.1,738.1,4005
KSB,2026-03-04 13:20:00,738.1,739.75,737.95,739.75,936
KSB,2026-03-04 13:21:00,739.75,739.75,738.75,739.0,270
KSB,2026-03-04 13:22:00,739.0,739.0,738.15,738.15,74
KSB,2026-03-04 13:23:00,738.15,738.5,738.1,738.1,124
KSB,2026-03-04 13:24:00,738.3,738.5,738.15,738.15,84
KSB,2026-03-04 13:25:00,738.15,738.95,738.15,738.5,91
KSB,2026-03-04 13:26:00,738.5,739.0,738.5,739.0,93
KSB,2026-03-04 13:27:00,739.0,739.15,739.0,739.15,50
KSB,2026-03-04 13:28:00,739.15,739.8,739.0,739.05,538
KSB,2026-03-04 13:29:00,739.05,739.05,738.1,738.1,298
KSB,2026-03-04 13:30:00,738.55,739.0,738.1,738.2,366
KSB,2026-03-04 13:31:00,738.2,739.35,738.1,738.1,197
KSB,2026-03-04 13:32:00,738.1,739.1,738.1,738.6,162
KSB,2026-03-04 13:33:00,738.6,739.15,738.55,738.6,74
KSB,2026-03-04 13:34:00,738.6,738.6,735.0,735.0,2321
KSB,2026-03-04 13:35:00,735.0,735.85,734.75,735.6,891
KSB,2026-03-04 13:36:00,735.6,737.0,735.6,737.0,1403
KSB,2026-03-04 13:37:00,737.0,737.0,737.0,737.0,56
KSB,2026-03-04 13:38:00,737.25,737.5,737.2,737.4,153
KSB,2026-03-04 13:39:00,737.4,738.95,737.4,738.55,128
KSB,2026-03-04 13:40:00,738.55,738.95,738.55,738.55,104
KSB,2026-03-04 13:41:00,738.55,738.75,737.8,737.8,214
KSB,2026-03-04 13:42:00,737.8,738.0,737.45,737.8,63
KSB,2026-03-04 13:43:00,737.8,737.8,737.8,737.8,117
KSB,2026-03-04 13:44:00,737.8,737.8,737.2,737.5,75
KSB,2026-03-04 13:45:00,737.5,737.5,736.8,737.35,455
KSB,2026-03-04 13:46:00,737.35,737.4,737.1,737.1,68
KSB,2026-03-04 13:47:00,737.1,737.3,736.9,736.9,92
KSB,2026-03-04 13:48:00,736.9,737.15,736.9,737.15,122
KSB,2026-03-04 13:49:00,737.15,737.15,735.4,735.4,1094
KSB,2026-03-04 13:50:00,735.4,736.25,735.4,735.7,96
KSB,2026-03-04 13:51:00,735.7,736.35,735.1,736.35,278
KSB,2026-03-04 13:52:00,736.5,736.5,735.2,735.25,1281
KSB,2026-03-04 13:53:00,735.25,735.8,735.25,735.55,61
KSB,2026-03-04 13:54:00,735.35,736.45,735.25,736.45,524
KSB,2026-03-04 13:55:00,736.45,736.45,735.65,736.45,94
KSB,2026-03-04 13:56:00,736.45,736.45,735.35,736.0,134
KSB,2026-03-04 13:57:00,736.0,736.0,736.0,736.0,51
KSB,2026-03-04 13:58:00,736.0,737.0,736.0,736.45,173
KSB,2026-03-04 13:59:00,736.85,737.0,736.45,736.85,102
KSB,2026-03-04 14:00:00,736.85,736.85,736.85,736.85,53
KSB,2026-03-04 14:01:00,736.85,737.55,736.85,737.55,123
KSB,2026-03-04 14:02:00,737.55,737.65,737.0,737.5,113
KSB,2026-03-04 14:03:00,737.5,738.6,737.5,738.0,534
KSB,2026-03-04 14:04:00,738.0,738.0,737.65,738.0,101
KSB,2026-03-04 14:05:00,738.0,738.5,738.0,738.0,67
KSB,2026-03-04 14:06:00,738.0,738.0,737.95,737.95,831
KSB,2026-03-04 14:07:00,737.3,740.0,737.3,740.0,1360
KSB,2026-03-04 14:08:00,740.0,740.05,739.85,740.05,606
KSB,2026-03-04 14:09:00,740.05,741.55,740.0,741.0,2959
KSB,2026-03-04 14:10:00,741.0,741.2,740.35,740.5,234
KSB,2026-03-04 14:11:00,740.5,741.9,740.5,741.05,192
KSB,2026-03-04 14:12:00,741.05,742.0,741.05,742.0,552
KSB,2026-03-04 14:13:00,742.0,742.55,741.45,741.7,4026
KSB,2026-03-04 14:14:00,741.7,742.2,741.5,741.5,155
KSB,2026-03-04 14:15:00,743.1,744.0,742.55,742.9,3816
KSB,2026-03-04 14:16:00,742.9,742.9,741.1,742.0,1022
KSB,2026-03-04 14:17:00,742.0,742.5,741.95,742.0,303
KSB,2026-03-04 14:18:00,742.0,743.85,742.0,743.4,933
KSB,2026-03-04 14:19:00,743.4,744.8,743.0,744.8,981
KSB,2026-03-04 14:20:00,744.8,744.8,742.55,743.0,1076
KSB,2026-03-04 14:21:00,743.0,743.0,741.95,742.05,550
KSB,2026-03-04 14:22:00,742.05,742.55,742.0,742.0,592
KSB,2026-03-04 14:23:00,742.0,747.6,742.0,746.85,3500
KSB,2026-03-04 14:24:00,746.85,748.65,745.5,745.75,5525
KSB,2026-03-04 14:25:00,745.75,746.45,745.0,745.0,1422
KSB,2026-03-04 14:26:00,745.0,746.95,745.0,746.1,1613
KSB,2026-03-04 14:27:00,746.0,746.0,745.0,745.55,781
KSB,2026-03-04 14:28:00,745.55,746.8,745.55,745.6,1162
KSB,2026-03-04 14:29:00,745.6,746.4,744.8,746.0,1225
KSB,2026-03-04 14:30:00,746.0,746.0,745.1,745.8,839
KSB,2026-03-04 14:31:00,745.8,745.8,745.15,745.5,234
KSB,2026-03-04 14:32:00,745.8,746.5,745.5,746.3,1317
KSB,2026-03-04 14:33:00,746.3,747.55,746.3,746.8,896
KSB,2026-03-04 14:34:00,746.5,746.55,746.0,746.0,650
KSB,2026-03-04 14:35:00,746.0,746.0,745.15,745.5,536
KSB,2026-03-04 14:36:00,745.15,746.65,745.15,746.65,983
KSB,2026-03-04 14:37:00,747.35,747.95,746.0,746.4,4396
KSB,2026-03-04 14:38:00,746.4,746.9,746.2,746.5,169
KSB,2026-03-04 14:39:00,746.5,747.0,746.5,747.0,966
KSB,2026-03-04 14:40:00,747.2,748.25,747.2,748.15,1465
KSB,2026-03-04 14:41:00,748.15,748.25,747.6,748.25,291
KSB,2026-03-04 14:42:00,748.25,748.25,747.35,747.7,617
KSB,2026-03-04 14:43:00,748.15,748.3,747.8,748.3,155
KSB,2026-03-04 14:44:00,748.3,749.8,748.3,749.8,849
KSB,2026-03-04 14:45:00,749.8,749.9,748.25,748.8,2707
KSB,2026-03-04 14:46:00,748.8,748.8,747.65,747.65,676
KSB,2026-03-04 14:47:00,745.7,749.0,745.3,748.85,2814
KSB,2026-03-04 14:48:00,748.85,750.5,748.85,750.5,1339
KSB,2026-03-04 14:49:00,750.8,750.8,749.75,750.75,1159
KSB,2026-03-04 14:50:00,750.8,750.8,749.2,749.3,544
KSB,2026-03-04 14:51:00,749.35,750.6,749.35,749.4,810
KSB,2026-03-04 14:52:00,749.4,749.8,749.4,749.75,223
KSB,2026-03-04 14:53:00,749.4,749.65,749.0,749.0,270
KSB,2026-03-04 14:54:00,749.0,749.55,748.4,749.0,609
KSB,2026-03-04 14:55:00,749.0,751.55,749.0,751.55,1608
KSB,2026-03-04 14:56:00,751.45,751.45,748.35,748.35,4576
KSB,2026-03-04 14:57:00,748.35,748.35,746.05,746.05,1029
KSB,2026-03-04 14:58:00,746.1,746.1,744.8,744.8,1185
KSB,2026-03-04 14:59:00,744.8,745.0,744.05,745.0,1682
KSB,2026-03-04 15:00:00,744.9,744.9,742.0,742.7,4115
KSB,2026-03-04 15:01:00,743.0,743.0,741.0,741.25,1414
KSB,2026-03-04 15:02:00,741.9,741.9,741.25,741.25,180
KSB,2026-03-04 15:03:00,741.45,741.45,738.85,739.85,1275
KSB,2026-03-04 15:04:00,740.4,740.55,739.85,740.4,697
KSB,2026-03-04 15:05:00,739.95,741.6,739.95,740.9,572
KSB,2026-03-04 15:06:00,740.4,742.1,740.4,742.1,840
KSB,2026-03-04 15:07:00,742.05,742.4,741.85,742.35,509
KSB,2026-03-04 15:08:00,742.35,742.35,740.85,741.7,480
KSB,2026-03-04 15:09:00,740.9,742.05,740.75,741.4,225
KSB,2026-03-04 15:10:00,741.4,741.8,741.0,741.2,213
KSB,2026-03-04 15:11:00,741.2,741.2,740.1,740.7,993
KSB,2026-03-04 15:12:00,740.15,740.65,740.15,740.55,83
KSB,2026-03-04 15:13:00,740.55,740.55,739.5,739.7,704
KSB,2026-03-04 15:14:00,739.7,740.25,739.25,740.0,122
KSB,2026-03-04 15:15:00,737.35,737.35,735.05,737.35,4316
KSB,2026-03-04 15:16:00,738.25,738.85,736.85,737.05,4214
KSB,2026-03-04 15:17:00,738.15,738.8,737.65,737.7,1097
KSB,2026-03-04 15:18:00,737.7,738.9,737.3,738.7,1134
KSB,2026-03-04 15:19:00,738.7,739.75,738.6,739.35,200
KSB,2026-03-04 15:20:00,739.35,739.85,738.1,738.5,1272
KSB,2026-03-04 15:21:00,738.1,738.75,737.65,737.85,351
KSB,2026-03-04 15:22:00,737.85,739.55,737.75,738.0,306
KSB,2026-03-04 15:23:00,738.0,738.7,737.65,738.45,647
KSB,2026-03-04 15:24:00,736.6,737.75,736.6,736.7,650
KSB,2026-03-04 15:25:00,737.05,737.4,736.1,736.9,916
KSB,2026-03-04 15:26:00,736.95,737.05,736.25,736.85,366
KSB,2026-03-04 15:27:00,736.85,737.0,736.1,736.95,625
KSB,2026-03-04 15:28:00,736.6,737.0,732.5,733.65,2133
KSB,2026-03-04 15:29:00,733.65,736.4,731.0,731.0,1404
KSB,2026-03-05 09:15:00,738.0,744.0,735.25,742.95,2024
KSB,2026-03-05 09:16:00,739.25,739.25,737.95,739.0,2178
KSB,2026-03-05 09:17:00,739.3,740.85,737.5,740.1,1131
KSB,2026-03-05 09:18:00,740.65,740.7,739.0,739.0,422
KSB,2026-03-05 09:19:00,738.55,740.15,736.05,736.05,2446
KSB,2026-03-05 09:20:00,736.2,737.5,736.0,737.5,501
KSB,2026-03-05 09:21:00,738.85,738.85,737.6,738.2,198
KSB,2026-03-05 09:22:00,738.2,739.4,738.0,739.35,2405
KSB,2026-03-05 09:23:00,739.35,740.4,739.0,740.4,410
KSB,2026-03-05 09:24:00,740.4,742.15,740.4,742.15,443
KSB,2026-03-05 09:25:00,741.75,741.75,739.2,740.3,1946
KSB,2026-03-05 09:26:00,740.3,741.05,738.65,738.65,1176
KSB,2026-03-05 09:27:00,739.45,740.05,739.2,740.05,412
KSB,2026-03-05 09:28:00,740.8,740.8,739.1,739.1,315
KSB,2026-03-05 09:29:00,738.35,739.0,738.0,739.0,384
KSB,2026-03-05 09:30:00,739.0,739.65,738.95,738.95,31
KSB,2026-03-05 09:31:00,738.95,738.95,738.7,738.7,175
KSB,2026-03-05 09:32:00,737.85,738.1,736.6,736.6,614
KSB,2026-03-05 09:33:00,736.6,736.6,733.55,735.4,4664
KSB,2026-03-05 09:34:00,735.4,735.8,733.1,733.15,302
KSB,2026-03-05 09:35:00,733.15,733.8,732.5,732.5,1444
KSB,2026-03-05 09:36:00,733.2,733.2,730.1,730.1,1051
KSB,2026-03-05 09:37:00,730.1,731.5,729.65,729.65,3068
KSB,2026-03-05 09:38:00,729.8,732.5,729.8,732.5,2187
KSB,2026-03-05 09:39:00,732.5,732.75,731.2,731.25,291
KSB,2026-03-05 09:40:00,731.25,731.55,730.4,730.7,300
KSB,2026-03-05 09:41:00,730.7,733.65,730.7,733.65,738
KSB,2026-03-05 09:42:00,733.65,734.45,733.45,734.45,116
KSB,2026-03-05 09:43:00,734.0,734.7,734.0,734.0,303
KSB,2026-03-05 09:44:00,734.45,735.85,734.45,735.85,479
KSB,2026-03-05 09:45:00,735.85,735.85,734.25,734.25,855
KSB,2026-03-05 09:46:00,734.3,734.3,733.5,733.5,27
KSB,2026-03-05 09:47:00,733.5,734.3,733.5,734.3,184
KSB,2026-03-05 09:48:00,734.35,736.0,734.35,734.75,216
KSB,2026-03-05 09:49:00,734.75,735.95,734.75,735.95,181
KSB,2026-03-05 09:50:00,735.85,736.35,735.05,736.2,228
KSB,2026-03-05 09:51:00,736.2,737.0,735.85,736.55,1147
KSB,2026-03-05 09:52:00,737.4,737.4,736.0,736.0,186
KSB,2026-03-05 09:53:00,736.8,736.8,735.55,736.65,37
KSB,2026-03-05 09:54:00,737.25,737.25,736.0,736.05,174
KSB,2026-03-05 09:55:00,736.05,736.75,735.3,736.45,180
KSB,2026-03-05 09:56:00,736.45,736.45,734.7,735.0,1159
KSB,2026-03-05 09:57:00,735.0,735.0,734.25,735.0,1125
KSB,2026-03-05 09:58:00,735.25,735.7,735.0,735.0,44
KSB,2026-03-05 09:59:00,735.0,735.5,735.0,735.1,38
KSB,2026-03-05 10:00:00,735.1,735.45,735.05,735.1,8
KSB,2026-03-05 10:01:00,735.1,735.2,735.0,735.05,117
KSB,2026-03-05 10:02:00,735.05,735.05,735.05,735.05,2
KSB,2026-03-05 10:03:00,735.05,735.05,735.05,735.05,110
KSB,2026-03-05 10:04:00,735.3,735.3,734.3,735.2,112
KSB,2026-03-05 10:05:00,735.2,736.4,734.3,735.75,376
KSB,2026-03-05 10:06:00,735.85,735.85,735.45,735.85,51
KSB,2026-03-05 10:07:00,735.85,737.05,735.85,736.05,110
KSB,2026-03-05 10:08:00,736.05,736.05,736.05,736.05,7
KSB,2026-03-05 10:09:00,736.2,736.3,735.2,736.3,280
KSB,2026-03-05 10:10:00,736.3,736.3,733.35,733.35,1365
KSB,2026-03-05 10:11:00,734.6,734.6,733.8,734.0,207
KSB,2026-03-05 10:12:00,734.0,736.0,734.0,735.15,555
KSB,2026-03-05 10:13:00,735.15,735.15,734.45,735.05,54
KSB,2026-03-05 10:14:00,734.5,734.5,734.4,734.4,16
KSB,2026-03-05 10:15:00,734.4,735.0,734.4,735.0,15
KSB,2026-03-05 10:16:00,735.0,735.0,734.3,734.3,85
KSB,2026-03-05 10:17:00,734.35,734.35,734.35,734.35,2
KSB,2026-03-05 10:18:00,734.35,734.35,732.7,732.85,1143
KSB,2026-03-05 10:19:00,732.85,733.25,732.55,732.8,63
KSB,2026-03-05 10:20:00,732.8,733.8,732.8,732.8,168
KSB,2026-03-05 10:21:00,732.8,732.8,732.8,732.8,6
KSB,2026-03-05 10:22:00,732.8,733.65,732.8,732.95,113
KSB,2026-03-05 10:23:00,732.95,732.95,732.95,732.95,6
KSB,2026-03-05 10:24:00,732.95,732.95,732.95,732.95,0
KSB,2026-03-05 10:25:00,732.95,734.1,732.95,733.45,431
KSB,2026-03-05 10:26:00,733.45,733.45,732.95,732.95,149
KSB,2026-03-05 10:27:00,732.95,733.0,732.2,732.2,124
KSB,2026-03-05 10:28:00,732.2,732.2,732.2,732.2,0
KSB,2026-03-05 10:29:00,732.2,732.2,732.05,732.05,8
KSB,2026-03-05 10:30:00,732.05,732.05,731.75,732.0,11
KSB,2026-03-05 10:31:00,732.0,733.15,730.6,732.15,1516
KSB,2026-03-05 10:32:00,732.15,733.0,732.15,733.0,3
KSB,2026-03-05 10:33:00,733.0,733.0,733.0,733.0,0
KSB,2026-03-05 10:34:00,733.0,733.0,732.5,732.5,2
KSB,2026-03-05 10:35:00,732.5,733.0,732.5,733.0,93
KSB,2026-03-05 10:36:00,733.0,733.0,732.5,732.5,68
KSB,2026-03-05 10:37:00,732.5,733.3,732.5,732.5,20
KSB,2026-03-05 10:38:00,732.5,733.4,732.5,733.4,57
KSB,2026-03-05 10:39:00,733.4,733.5,732.55,732.55,35
KSB,2026-03-05 10:40:00,732.55,733.0,732.55,732.55,218
KSB,2026-03-05 10:41:00,732.55,734.3,732.55,733.4,1162
KSB,2026-03-05 10:42:00,733.4,733.65,733.0,733.65,17
KSB,2026-03-05 10:43:00,733.65,734.35,733.65,734.35,41
KSB,2026-03-05 10:44:00,734.35,734.9,734.25,734.9,506
KSB,2026-03-05 10:45:00,734.9,734.9,733.9,733.9,28
KSB,2026-03-05 10:46:00,733.9,733.9,733.9,733.9,0
KSB,2026-03-05 10:47:00,733.9,733.9,733.9,733.9,0
KSB,2026-03-05 10:48:00,733.9,738.3,733.9,736.45,1057
KSB,2026-03-05 10:49:00,736.45,736.7,735.95,736.15,158
KSB,2026-03-05 10:50:00,736.15,736.15,736.0,736.0,3
KSB,2026-03-05 10:51:00,736.0,736.75,736.0,736.2,4
KSB,2026-03-05 10:52:00,736.2,736.2,735.55,735.55,234
KSB,2026-03-05 10:53:00,735.55,736.65,735.55,735.6,114
KSB,2026-03-05 10:54:00,735.6,735.6,734.55,734.55,53
KSB,2026-03-05 10:55:00,735.25,735.25,734.45,734.65,119
KSB,2026-03-05 10:56:00,734.4,735.1,734.4,735.1,22
KSB,2026-03-05 10:57:00,734.45,735.35,734.45,735.35,53
KSB,2026-03-05 10:58:00,735.6,735.65,734.65,734.7,26
KSB,2026-03-05 10:59:00,734.7,735.7,734.7,735.7,139
KSB,2026-03-05 11:00:00,735.0,735.7,735.0,735.7,5
KSB,2026-03-05 11:01:00,735.7,735.7,735.65,735.65,1
KSB,2026-03-05 11:02:00,735.15,735.15,734.5,734.55,6
KSB,2026-03-05 11:03:00,734.4,734.4,734.4,734.4,504
KSB,2026-03-05 11:04:00,734.4,734.4,733.4,733.45,543
KSB,2026-03-05 11:05:00,733.45,733.55,733.45,733.55,7
KSB,2026-03-05 11:06:00,733.5,736.45,733.5,735.2,1220
KSB,2026-03-05 11:07:00,735.8,736.5,735.3,735.3,358
KSB,2026-03-05 11:08:00,735.3,735.65,735.0,735.0,23
KSB,2026-03-05 11:09:00,735.0,735.65,735.0,735.65,2
KSB,2026-03-05 11:10:00,735.65,735.65,735.0,735.0,324
KSB,2026-03-05 11:11:00,735.0,735.5,734.3,734.3,149
KSB,2026-03-05 11:12:00,734.3,734.3,733.8,733.85,6
KSB,2026-03-05 11:13:00,733.85,733.85,733.85,733.85,0
KSB,2026-03-05 11:14:00,733.85,734.85,733.85,734.0,71
KSB,2026-03-05 11:15:00,734.0,734.0,734.0,734.0,0
KSB,2026-03-05 11:16:00,734.0,734.0,733.85,733.85,4
KSB,2026-03-05 11:17:00,734.15,736.85,734.15,736.85,1143
KSB,2026-03-05 11:18:00,737.0,737.05,736.6,737.05,107
KSB,2026-03-05 11:19:00,737.05,738.85,737.05,738.05,1639
KSB,2026-03-05 11:20:00,738.05,738.05,738.05,738.05,0
KSB,2026-03-05 11:21:00,739.0,739.0,738.1,738.25,86
KSB,2026-03-05 11:22:00,738.25,738.25,736.8,737.5,2040
KSB,2026-03-05 11:23:00,737.5,738.6,737.5,738.6,354
KSB,2026-03-05 11:24:00,738.6,739.5,738.6,739.5,174
KSB,2026-03-05 11:25:00,739.5,739.8,739.5,739.8,190
KSB,2026-03-05 11:26:00,739.8,741.85,739.8,741.85,1107
KSB,2026-03-05 11:27:00,741.85,741.85,738.05,738.05,3992
KSB,2026-03-05 11:28:00,738.05,743.0,737.0,741.85,18801
KSB,2026-03-05 11:29:00,743.55,744.2,742.1,743.05,1222
KSB,2026-03-05 11:30:00,743.05,743.05,741.55,742.45,1436
KSB,2026-03-05 11:31:00,742.45,743.0,742.45,743.0,2009
KSB,2026-03-05 11:32:00,743.0,743.0,743.0,743.0,51
KSB,2026-03-05 11:33:00,743.0,744.85,743.0,744.4,1144
KSB,2026-03-05 11:34:00,744.4,744.4,743.0,743.2,250
KSB,2026-03-05 11:35:00,743.05,746.3,743.0,746.3,1897
KSB,2026-03-05 11:36:00,746.3,746.35,745.7,746.0,928
KSB,2026-03-05 11:37:00,746.25,746.25,744.05,744.4,576
KSB,2026-03-05 11:38:00,744.4,745.5,744.4,744.7,401
KSB,2026-03-05 11:39:00,744.7,745.85,744.7,745.05,1002
KSB,2026-03-05 11:40:00,745.05,745.05,744.9,744.9,147
KSB,2026-03-05 11:41:00,744.9,744.9,743.4,743.4,794
KSB,2026-03-05 11:42:00,743.4,744.5,743.4,743.85,96
KSB,2026-03-05 11:43:00,743.85,744.5,743.85,743.9,13
KSB,2026-03-05 11:44:00,743.9,743.9,743.85,743.85,20
KSB,2026-03-05 11:45:00,744.45,747.1,743.05,747.0,1853
KSB,2026-03-05 11:46:00,747.0,747.0,746.75,746.8,34
KSB,2026-03-05 11:47:00,746.8,747.6,746.8,747.6,165
KSB,2026-03-05 11:48:00,747.6,747.6,746.15,747.25,1724
KSB,2026-03-05 11:49:00,747.35,748.7,747.35,748.7,1109
KSB,2026-03-05 11:50:00,748.7,748.7,747.1,747.1,388
KSB,2026-03-05 11:51:00,747.1,747.1,747.1,747.1,48
KSB,2026-03-05 11:52:00,746.05,746.05,745.35,745.8,629
KSB,2026-03-05 11:53:00,745.8,747.15,745.75,745.75,870
KSB,2026-03-05 11:54:00,745.1,745.7,745.0,745.7,202
KSB,2026-03-05 11:55:00,744.65,746.9,744.35,746.9,723
KSB,2026-03-05 11:56:00,746.7,746.7,745.7,745.7,27
KSB,2026-03-05 11:57:00,745.7,746.8,744.65,746.8,382
KSB,2026-03-05 11:58:00,746.95,748.85,746.95,747.1,1075
KSB,2026-03-05 11:59:00,747.1,751.0,747.0,750.1,1600
KSB,2026-03-05 12:00:00,750.1,751.75,750.0,751.75,2851
KSB,2026-03-05 12:01:00,751.15,751.9,750.65,751.3,823
KSB,2026-03-05 12:02:00,751.3,751.3,750.5,751.3,558
KSB,2026-03-05 12:03:00,751.0,751.5,750.7,751.35,784
KSB,2026-03-05 12:04:00,751.35,751.35,750.1,750.1,1111
KSB,2026-03-05 12:05:00,750.35,752.0,750.35,751.9,2251
KSB,2026-03-05 12:06:00,751.5,751.5,751.4,751.4,95
KSB,2026-03-05 12:07:00,751.4,751.4,750.8,751.0,134
KSB,2026-03-05 12:08:00,751.0,751.55,751.0,751.55,120
KSB,2026-03-05 12:09:00,751.55,751.75,750.85,751.6,250
KSB,2026-03-05 12:10:00,750.65,751.85,750.65,751.75,326
KSB,2026-03-05 12:11:00,751.75,751.75,751.0,751.0,89
KSB,2026-03-05 12:12:00,751.0,751.0,750.0,750.0,967
KSB,2026-03-05 12:13:00,750.0,751.0,750.0,751.0,1894
KSB,2026-03-05 12:14:00,751.0,752.0,751.0,751.95,460
KSB,2026-03-05 12:15:00,751.95,754.0,751.95,752.45,2433
KSB,2026-03-05 12:16:00,752.45,753.0,751.7,751.75,635
KSB,2026-03-05 12:17:00,751.75,752.25,751.75,752.25,5
KSB,2026-03-05 12:18:00,751.75,754.0,751.75,753.25,1181
KSB,2026-03-05 12:19:00,753.25,754.75,753.25,754.2,291
KSB,2026-03-05 12:20:00,754.2,754.2,753.35,753.5,374
KSB,2026-03-05 12:21:00,754.25,754.7,754.25,754.35,485
KSB,2026-03-05 12:22:00,754.35,754.75,753.55,754.75,1115
KSB,2026-03-05 12:23:00,754.75,754.75,753.45,753.45,104
KSB,2026-03-05 12:24:00,753.5,753.5,752.25,752.55,528
KSB,2026-03-05 12:25:00,752.55,752.55,752.0,752.45,1194
KSB,2026-03-05 12:26:00,752.45,752.45,752.45,752.45,23
KSB,2026-03-05 12:27:00,752.85,752.85,752.85,752.85,82
KSB,2026-03-05 12:28:00,753.5,753.5,752.85,752.85,123
KSB,2026-03-05 12:29:00,752.85,753.5,751.6,751.6,1802
KSB,2026-03-05 12:30:00,751.6,752.3,749.8,751.75,2583
KSB,2026-03-05 12:31:00,751.75,752.4,749.95,749.95,3194
KSB,2026-03-05 12:32:00,748.05,751.8,748.05,751.8,1791
KSB,2026-03-05 12:33:00,751.8,752.0,751.6,751.95,632
KSB,2026-03-05 12:34:00,751.95,751.95,750.65,750.65,32
KSB,2026-03-05 12:35:00,750.65,750.9,750.6,750.6,61
KSB,2026-03-05 12:36:00,750.6,751.2,750.6,751.0,121
KSB,2026-03-05 12:37:00,751.0,752.0,750.85,752.0,176
KSB,2026-03-05 12:38:00,752.0,752.95,751.95,751.95,234
KSB,2026-03-05 12:39:00,751.95,752.55,751.95,752.05,59
KSB,2026-03-05 12:40:00,752.05,753.45,752.05,753.2,1006
KSB,2026-03-05 12:41:00,753.2,753.2,752.15,752.15,35
KSB,2026-03-05 12:42:00,752.15,752.15,752.05,752.05,183
KSB,2026-03-05 12:43:00,752.05,752.65,752.0,752.0,62
KSB,2026-03-05 12:44:00,752.0,752.8,752.0,752.0,1003
KSB,2026-03-05 12:45:00,752.0,752.0,751.75,752.0,536
KSB,2026-03-05 12:46:00,752.0,752.0,751.65,752.0,35
KSB,2026-03-05 12:47:00,752.0,752.0,750.45,750.6,133
KSB,2026-03-05 12:48:00,751.05,751.3,750.5,750.5,167
KSB,2026-03-05 12:49:00,750.5,751.55,750.5,751.25,46
KSB,2026-03-05 12:50:00,751.25,751.55,751.25,751.55,84
KSB,2026-03-05 12:51:00,751.55,751.85,751.15,751.15,38
KSB,2026-03-05 12:52:00,751.15,751.5,751.05,751.4,138
KSB,2026-03-05 12:53:00,751.4,751.5,751.2,751.2,49
KSB,2026-03-05 12:54:00,751.2,752.35,751.2,752.35,955
KSB,2026-03-05 12:55:00,752.35,752.35,751.95,752.2,73
KSB,2026-03-05 12:56:00,752.2,752.2,752.15,752.15,33
KSB,2026-03-05 12:57:00,752.15,752.15,751.65,751.65,74
KSB,2026-03-05 12:58:00,751.65,751.7,750.4,750.95,444
KSB,2026-03-05 12:59:00,750.95,751.7,750.45,751.7,223
KSB,2026-03-05 13:00:00,751.7,751.7,750.2,750.2,181
KSB,2026-03-05 13:01:00,750.2,750.55,750.0,750.2,131
KSB,2026-03-05 13:02:00,750.2,751.1,750.15,750.15,36
KSB,2026-03-05 13:03:00,750.35,751.0,750.35,750.4,254
KSB,2026-03-05 13:04:00,750.4,751.1,750.1,751.1,836
KSB,2026-03-05 13:05:00,751.1,751.75,750.55,751.7,223
KSB,2026-03-05 13:06:00,751.7,751.7,750.75,750.85,41
KSB,2026-03-05 13:07:00,751.45,751.6,750.5,751.6,358
KSB,2026-03-05 13:08:00,751.6,751.6,750.7,751.0,77
KSB,2026-03-05 13:09:00,751.0,751.0,750.55,750.55,60
KSB,2026-03-05 13:10:00,750.55,751.3,750.4,750.4,280
KSB,2026-03-05 13:11:00,750.4,750.4,750.25,750.35,31
KSB,2026-03-05 13:12:00,750.35,751.2,750.2,750.55,219
KSB,2026-03-05 13:13:00,750.55,750.55,750.3,750.4,96
KSB,2026-03-05 13:14:00,750.4,750.85,750.4,750.6,76
KSB,2026-03-05 13:15:00,750.6,750.6,750.0,750.55,128
KSB,2026-03-05 13:16:00,750.55,750.75,750.45,750.45,35
KSB,2026-03-05 13:17:00,750.45,751.35,750.45,750.6,101
KSB,2026-03-05 13:18:00,750.6,750.75,750.0,750.75,308
KSB,2026-03-05 13:19:00,750.75,751.3,750.5,751.3,67
KSB,2026-03-05 13:20:00,751.3,751.3,750.35,750.35,37
KSB,2026-03-05 13:21:00,750.35,751.05,750.15,750.45,2150
KSB,2026-03-05 13:22:00,750.45,751.2,750.45,751.2,146
KSB,2026-03-05 13:23:00,751.2,751.2,750.05,750.6,257
KSB,2026-03-05 13:24:00,751.0,751.0,750.0,750.7,307
KSB,2026-03-05 13:25:00,750.7,750.7,749.8,749.8,712
KSB,2026-03-05 13:26:00,749.8,750.85,749.8,750.2,77
KSB,2026-03-05 13:27:00,750.2,750.35,750.0,750.35,37
KSB,2026-03-05 13:28:00,750.35,750.5,750.35,750.5,36
KSB,2026-03-05 13:29:00,750.5,750.5,750.1,750.1,80
KSB,2026-03-05 13:30:00,750.1,750.7,750.1,750.7,33
KSB,2026-03-05 13:31:00,750.7,751.0,750.2,751.0,59
KSB,2026-03-05 13:32:00,751.0,751.5,750.8,750.8,96
KSB,2026-03-05 13:33:00,750.8,750.9,750.65,750.7,86
KSB,2026-03-05 13:34:00,750.7,751.95,750.5,750.85,551
KSB,2026-03-05 13:35:00,750.85,751.3,750.15,750.15,450
KSB,2026-03-05 13:36:00,750.15,750.6,750.0,750.0,54
KSB,2026-03-05 13:37:00,750.0,750.6,750.0,750.6,233
KSB,2026-03-05 13:38:00,750.6,751.45,750.6,751.45,64
KSB,2026-03-05 13:39:00,751.45,751.45,750.55,751.2,41
KSB,2026-03-05 13:40:00,751.2,751.6,751.0,751.6,41
KSB,2026-03-05 13:41:00,751.6,751.6,750.5,750.5,33
KSB,2026-03-05 13:42:00,750.5,751.35,750.35,751.35,207
KSB,2026-03-05 13:43:00,751.35,751.35,750.85,750.85,39
KSB,2026-03-05 13:44:00,750.85,751.0,750.85,751.0,169
KSB,2026-03-05 13:45:00,751.0,751.0,750.85,750.85,34
KSB,2026-03-05 13:46:00,750.85,751.2,750.85,750.95,121
KSB,2026-03-05 13:47:00,751.15,751.7,750.9,751.7,35
KSB,2026-03-05 13:48:00,751.7,752.0,751.3,752.0,42
KSB,2026-03-05 13:49:00,752.0,752.5,752.0,752.5,118
KSB,2026-03-05 13:50:00,752.0,752.5,752.0,752.5,131
KSB,2026-03-05 13:51:00,752.5,752.5,751.0,751.85,59
KSB,2026-03-05 13:52:00,751.85,751.85,750.85,750.85,73
KSB,2026-03-05 13:53:00,750.85,750.85,750.85,750.85,32
KSB,2026-03-05 13:54:00,750.85,750.85,750.85,750.85,32
KSB,2026-03-05 13:55:00,750.85,750.85,750.35,750.35,453
KSB,2026-03-05 13:56:00,750.35,750.75,750.0,750.75,98
KSB,2026-03-05 13:57:00,750.75,750.85,750.55,750.85,36
KSB,2026-03-05 13:58:00,750.85,751.25,750.55,751.25,50
KSB,2026-03-05 13:59:00,751.25,751.25,750.0,750.65,219
KSB,2026-03-05 14:00:00,750.65,751.1,750.0,750.0,180
KSB,2026-03-05 14:01:00,750.0,751.2,750.0,751.2,331
KSB,2026-03-05 14:02:00,751.4,751.4,750.25,750.25,38
KSB,2026-03-05 14:03:00,751.7,751.7,750.25,750.25,425
KSB,2026-03-05 14:04:00,750.25,750.75,750.25,750.25,82
KSB,2026-03-05 14:05:00,750.0,751.05,750.0,750.0,236
KSB,2026-03-05 14:06:00,750.0,750.85,750.0,750.0,251
KSB,2026-03-05 14:07:00,750.0,750.6,750.0,750.3,640
KSB,2026-03-05 14:08:00,750.3,750.35,750.0,750.0,31
KSB,2026-03-05 14:09:00,750.0,750.0,750.0,750.0,182
KSB,2026-03-05 14:10:00,750.0,750.45,750.0,750.45,1212
KSB,2026-03-05 14:11:00,750.0,750.0,750.0,750.0,312
KSB,2026-03-05 14:12:00,750.0,750.6,750.0,750.0,290
KSB,2026-03-05 14:13:00,750.0,750.85,749.8,750.35,657
KSB,2026-03-05 14:14:00,750.35,750.9,750.35,750.65,68
KSB,2026-03-05 14:15:00,750.65,750.9,750.1,750.9,169
KSB,2026-03-05 14:16:00,750.9,750.9,749.9,749.9,966
KSB,2026-03-05 14:17:00,749.9,749.9,749.5,749.5,954
KSB,2026-03-05 14:18:00,749.5,749.5,749.3,749.3,181
KSB,2026-03-05 14:19:00,749.3,749.85,749.3,749.3,352
KSB,2026-03-05 14:20:00,749.3,750.0,749.3,749.3,225
KSB,2026-03-05 14:21:00,749.3,749.3,748.75,748.75,285
KSB,2026-03-05 14:22:00,748.75,749.3,748.75,748.8,389
KSB,2026-03-05 14:23:00,748.8,750.0,748.75,750.0,1877
KSB,2026-03-05 14:24:00,750.0,750.0,748.85,749.0,339
KSB,2026-03-05 14:25:00,749.0,750.0,749.0,750.0,533
KSB,2026-03-05 14:26:00,750.0,750.0,749.15,749.15,100
KSB,2026-03-05 14:27:00,749.15,749.15,749.15,749.15,120
KSB,2026-03-05 14:28:00,749.15,749.5,749.15,749.2,43
KSB,2026-03-05 14:29:00,749.2,749.85,749.2,749.5,34
KSB,2026-03-05 14:30:00,749.5,749.5,748.9,748.9,270
KSB,2026-03-05 14:31:00,748.9,749.35,748.9,748.9,386
KSB,2026-03-05 14:32:00,748.9,749.15,748.9,749.15,34
KSB,2026-03-05 14:33:00,749.15,749.25,749.0,749.25,178
KSB,2026-03-05 14:34:00,749.25,749.7,749.05,749.7,77
KSB,2026-03-05 14:35:00,749.1,749.5,749.1,749.5,170
KSB,2026-03-05 14:36:00,749.5,749.7,748.6,749.7,832
KSB,2026-03-05 14:37:00,749.7,750.0,749.55,749.65,322
KSB,2026-03-05 14:38:00,750.0,751.0,749.85,751.0,142
KSB,2026-03-05 14:39:00,750.85,750.85,750.0,750.0,42
KSB,2026-03-05 14:40:00,750.0,750.85,750.0,750.85,82
KSB,2026-03-05 14:41:00,750.85,752.3,750.4,752.3,583
KSB,2026-03-05 14:42:00,752.3,752.45,750.3,750.3,1648
KSB,2026-03-05 14:43:00,750.3,751.05,750.3,750.8,644
KSB,2026-03-05 14:44:00,751.55,751.55,750.55,750.6,88
KSB,2026-03-05 14:45:00,751.75,752.35,751.75,752.35,148
KSB,2026-03-05 14:46:00,752.35,752.35,752.3,752.3,72
KSB,2026-03-05 14:47:00,752.3,752.3,751.75,751.75,63
KSB,2026-03-05 14:48:00,751.9,751.9,751.15,751.15,79
KSB,2026-03-05 14:49:00,752.5,752.5,752.5,752.5,263
KSB,2026-03-05 14:50:00,752.5,752.95,752.15,752.95,539
KSB,2026-03-05 14:51:00,752.95,754.05,752.95,754.05,228
KSB,2026-03-05 14:52:00,754.05,754.1,753.45,753.45,15
KSB,2026-03-05 14:53:00,753.45,755.0,753.35,754.25,1205
KSB,2026-03-05 14:54:00,753.85,754.8,753.85,754.15,59
KSB,2026-03-05 14:55:00,754.15,755.45,754.15,754.85,251
KSB,2026-03-05 14:56:00,754.85,754.85,753.4,753.4,110
KSB,2026-03-05 14:57:00,753.7,753.9,752.7,752.7,292
KSB,2026-03-05 14:58:00,752.7,753.75,752.7,753.75,30
KSB,2026-03-05 14:59:00,753.75,754.45,752.85,754.05,235
KSB,2026-03-05 15:00:00,754.5,754.55,753.45,754.5,378
KSB,2026-03-05 15:01:00,754.5,754.75,753.65,754.75,137
KSB,2026-03-05 15:02:00,754.75,754.75,753.65,753.7,68
KSB,2026-03-05 15:03:00,753.3,754.0,752.9,753.2,240
KSB,2026-03-05 15:04:00,753.2,753.95,752.8,753.85,193
KSB,2026-03-05 15:05:00,753.95,754.1,753.25,753.4,33
KSB,2026-03-05 15:06:00,753.25,754.85,753.25,754.25,211
KSB,2026-03-05 15:07:00,754.85,756.55,754.85,756.0,372
KSB,2026-03-05 15:08:00,755.7,756.35,755.5,755.5,189
KSB,2026-03-05 15:09:00,754.8,755.45,754.6,755.3,101
KSB,2026-03-05 15:10:00,754.6,754.6,753.5,754.05,1108
KSB,2026-03-05 15:11:00,753.85,753.85,752.65,753.3,562
KSB,2026-03-05 15:12:00,753.3,753.3,752.6,753.1,216
KSB,2026-03-05 15:13:00,753.05,753.2,751.85,751.85,961
KSB,2026-03-05 15:14:00,752.0,752.0,750.5,751.1,2587
KSB,2026-03-05 15:15:00,751.45,751.45,748.8,750.2,3437
KSB,2026-03-05 15:16:00,749.75,751.55,749.75,750.4,533
KSB,2026-03-05 15:17:00,751.35,751.35,750.0,750.0,642
KSB,2026-03-05 15:18:00,750.0,751.5,750.0,751.15,1688
KSB,2026-03-05 15:19:00,751.4,751.85,750.0,751.6,1610
KSB,2026-03-05 15:20:00,751.4,751.4,750.0,751.05,3571
KSB,2026-03-05 15:21:00,751.05,751.3,750.0,751.2,611
KSB,2026-03-05 15:22:00,751.2,751.2,750.0,751.0,1330
KSB,2026-03-05 15:23:00,751.0,751.2,750.0,751.2,1670
KSB,2026-03-05 15:24:00,751.2,751.45,750.1,751.45,565
KSB,2026-03-05 15:25:00,751.45,751.6,751.25,751.6,2610
KSB,2026-03-05 15:26:00,751.6,751.95,750.0,750.55,746
KSB,2026-03-05 15:27:00,750.55,751.2,748.5,751.2,2059
KSB,2026-03-05 15:28:00,750.0,752.0,750.0,751.2,1402
KSB,2026-03-05 15:29:00,751.5,752.0,750.0,750.0,766
KSB,2026-03-06 09:15:00,750.9,750.9,749.75,749.75,631
KSB,2026-03-06 09:16:00,746.55,754.05,746.55,754.05,2051
KSB,2026-03-06 09:17:00,753.4,756.9,752.0,753.35,1182
KSB,2026-03-06 09:18:00,753.35,753.35,751.95,752.2,156
KSB,2026-03-06 09:19:00,752.2,754.3,752.2,753.65,122
KSB,2026-03-06 09:20:00,753.65,755.5,753.65,754.35,439
KSB,2026-03-06 09:21:00,754.35,756.0,754.35,755.4,825
KSB,2026-03-06 09:22:00,754.9,755.4,754.9,755.4,21
KSB,2026-03-06 09:23:00,755.4,755.4,753.75,753.75,26
KSB,2026-03-06 09:24:00,754.35,756.3,753.55,756.3,513
KSB,2026-03-06 09:25:00,756.3,756.3,754.6,754.6,311
KSB,2026-03-06 09:26:00,754.6,754.7,754.6,754.7,134
KSB,2026-03-06 09:27:00,754.6,754.7,754.2,754.2,191
KSB,2026-03-06 09:28:00,754.2,755.6,752.55,755.6,703
KSB,2026-03-06 09:29:00,755.6,755.75,755.6,755.75,208
KSB,2026-03-06 09:30:00,755.6,755.7,755.6,755.7,44
KSB,2026-03-06 09:31:00,755.7,755.7,754.4,755.45,198
KSB,2026-03-06 09:32:00,755.45,756.0,752.55,752.55,1358
KSB,2026-03-06 09:33:00,752.55,753.0,752.55,752.95,122
KSB,2026-03-06 09:34:00,752.95,752.95,751.0,751.4,575
KSB,2026-03-06 09:35:00,751.4,751.8,751.35,751.35,266
KSB,2026-03-06 09:36:00,751.35,751.85,750.15,750.75,748
KSB,2026-03-06 09:37:00,750.75,751.5,750.35,751.5,626
KSB,2026-03-06 09:38:00,751.5,751.5,750.55,750.55,58
KSB,2026-03-06 09:39:00,750.55,750.55,749.5,749.5,610
KSB,2026-03-06 09:40:00,749.5,750.4,749.5,750.0,276
KSB,2026-03-06 09:41:00,750.0,751.3,750.0,751.3,874
KSB,2026-03-06 09:42:00,751.3,753.2,751.15,751.15,408
KSB,2026-03-06 09:43:00,751.15,751.2,751.15,751.2,76
KSB,2026-03-06 09:44:00,752.65,752.95,752.0,752.95,374
KSB,2026-03-06 09:45:00,752.55,753.6,752.55,753.6,83
KSB,2026-03-06 09:46:00,753.6,753.7,752.55,752.7,617
KSB,2026-03-06 09:47:00,752.7,753.85,752.7,753.85,107
KSB,2026-03-06 09:48:00,753.85,755.0,753.85,754.0,125
KSB,2026-03-06 09:49:00,754.0,754.05,752.65,752.65,184
KSB,2026-03-06 09:50:00,752.65,752.7,752.65,752.7,59
KSB,2026-03-06 09:51:00,752.75,754.0,752.75,753.85,146
KSB,2026-03-06 09:52:00,753.85,754.45,753.3,754.45,98
KSB,2026-03-06 09:53:00,754.45,754.45,753.25,754.0,239
KSB,2026-03-06 09:54:00,754.0,754.0,752.5,752.5,392
KSB,2026-03-06 09:55:00,752.5,752.7,752.0,752.7,7
KSB,2026-03-06 09:56:00,752.7,753.6,752.2,753.6,158
KSB,2026-03-06 09:57:00,753.6,753.6,753.6,753.6,0
KSB,2026-03-06 09:58:00,753.6,754.3,753.6,753.6,109
KSB,2026-03-06 09:59:00,754.8,755.8,754.8,755.8,1073
KSB,2026-03-06 10:00:00,756.0,756.7,754.65,754.65,979
KSB,2026-03-06 10:01:00,754.65,754.65,754.3,754.3,608
KSB,2026-03-06 10:02:00,754.0,754.05,752.85,752.85,45
KSB,2026-03-06 10:03:00,753.7,753.7,752.05,752.75,1120
KSB,2026-03-06 10:04:00,752.75,753.5,752.75,753.5,5
KSB,2026-03-06 10:05:00,753.5,753.5,753.3,753.4,6
KSB,2026-03-06 10:06:00,753.4,753.4,752.4,752.45,1553
KSB,2026-03-06 10:07:00,752.45,752.45,751.4,751.85,13
KSB,2026-03-06 10:08:00,751.85,751.85,751.8,751.8,22
KSB,2026-03-06 10:09:00,751.55,753.9,751.55,753.9,1615
KSB,2026-03-06 10:10:00,752.45,752.45,751.85,752.2,56
KSB,2026-03-06 10:11:00,752.2,752.35,752.2,752.35,36
KSB,2026-03-06 10:12:00,752.35,752.35,751.8,752.0,94
KSB,2026-03-06 10:13:00,752.0,752.0,752.0,752.0,0
KSB,2026-03-06 10:14:00,752.0,752.0,751.8,751.8,14
KSB,2026-03-06 10:15:00,751.8,752.0,751.8,751.8,122
KSB,2026-03-06 10:16:00,751.8,752.5,751.8,752.5,365
KSB,2026-03-06 10:17:00,752.5,752.5,752.5,752.5,0
KSB,2026-03-06 10:18:00,752.5,752.5,752.5,752.5,0
KSB,2026-03-06 10:19:00,752.5,752.7,751.8,751.8,86
KSB,2026-03-06 10:20:00,751.8,751.8,751.8,751.8,0
KSB,2026-03-06 10:21:00,752.25,752.5,752.25,752.5,101
KSB,2026-03-06 10:22:00,751.85,751.85,751.85,751.85,1
KSB,2026-03-06 10:23:00,751.85,751.85,751.85,751.85,0
KSB,2026-03-06 10:24:00,752.75,752.75,752.75,752.75,158
KSB,2026-03-06 10:25:00,752.75,752.75,752.75,752.75,0
KSB,2026-03-06 10:27:00,752.2,752.2,752.05,752.05,11
KSB,2026-03-06 10:28:00,752.05,752.05,752.05,752.05,0
KSB,2026-03-06 10:29:00,752.05,752.05,752.05,752.05,0
KSB,2026-03-06 10:30:00,753.0,753.0,751.7,751.7,134
KSB,2026-03-06 10:31:00,751.7,751.7,751.55,751.55,25
KSB,2026-03-06 10:32:00,751.55,751.8,751.55,751.8,407
KSB,2026-03-06 10:33:00,751.8,752.75,751.25,752.75,114
KSB,2026-03-06 10:34:00,752.75,752.8,752.75,752.8,1
KSB,2026-03-06 10:35:00,752.8,752.8,750.65,750.75,171
KSB,2026-03-06 10:36:00,750.75,751.0,750.75,751.0,105
KSB,2026-03-06 10:37:00,751.0,752.35,751.0,752.35,100
KSB,2026-03-06 10:38:00,752.35,752.95,752.15,752.15,36
KSB,2026-03-06 10:39:00,752.15,752.15,751.5,752.15,161
KSB,2026-03-06 10:40:00,752.9,752.9,752.9,752.9,60
KSB,2026-03-06 10:41:00,752.9,752.9,752.15,752.15,12
KSB,2026-03-06 10:42:00,752.15,752.15,752.15,752.15,0
KSB,2026-03-06 10:43:00,752.15,753.3,752.15,753.3,128
KSB,2026-03-06 10:44:00,753.3,753.3,752.75,752.75,1
KSB,2026-03-06 10:45:00,752.75,752.75,752.75,752.75,4
KSB,2026-03-06 10:46:00,752.75,752.75,752.75,752.75,0
KSB,2026-03-06 10:47:00,752.75,753.6,752.75,753.6,7
KSB,2026-03-06 10:48:00,753.6,753.6,753.5,753.55,118
KSB,2026-03-06 10:49:00,753.55,753.55,748.6,748.6,2757
KSB,2026-03-06 10:50:00,748.6,749.15,748.6,749.15,1
KSB,2026-03-06 10:51:00,749.15,749.15,749.1,749.1,10
KSB,2026-03-06 10:52:00,748.6,748.6,748.6,748.6,1
KSB,2026-03-06 10:53:00,748.6,749.1,748.6,749.1,28
KSB,2026-03-06 10:54:00,749.1,749.5,749.1,749.5,1
KSB,2026-03-06 10:55:00,749.5,749.5,749.1,749.1,258
KSB,2026-03-06 10:56:00,749.1,749.8,749.1,749.5,24
KSB,2026-03-06 10:57:00,749.5,750.7,749.5,750.7,30
KSB,2026-03-06 10:58:00,750.7,750.7,750.55,750.55,3
KSB,2026-03-06 10:59:00,750.55,750.65,750.2,750.65,18
KSB,2026-03-06 11:00:00,750.85,751.75,750.85,751.75,10
KSB,2026-03-06 11:01:00,751.75,751.9,751.75,751.9,5
KSB,2026-03-06 11:02:00,751.9,751.9,751.9,751.9,0
KSB,2026-03-06 11:03:00,752.65,752.65,752.05,752.05,368
KSB,2026-03-06 11:04:00,752.05,752.1,751.4,752.1,7
KSB,2026-03-06 11:05:00,752.1,752.25,752.1,752.25,5
KSB,2026-03-06 11:06:00,752.25,752.25,752.25,752.25,0
KSB,2026-03-06 11:07:00,751.4,751.4,750.6,750.6,253
KSB,2026-03-06 11:08:00,752.1,753.5,752.1,753.5,590
KSB,2026-03-06 11:09:00,753.5,755.85,753.5,755.0,672
KSB,2026-03-06 11:10:00,754.75,755.7,754.2,754.2,347
KSB,2026-03-06 11:11:00,754.2,754.2,754.2,754.2,0
KSB,2026-03-06 11:12:00,756.0,756.0,755.25,755.25,129
KSB,2026-03-06 11:13:00,755.25,755.25,755.25,755.25,0
KSB,2026-03-06 11:14:00,755.25,755.95,755.0,755.0,902
KSB,2026-03-06 11:15:00,755.0,755.0,755.0,755.0,0
KSB,2026-03-06 11:16:00,755.0,755.75,755.0,755.75,298
KSB,2026-03-06 11:17:00,755.75,755.75,755.0,755.45,25
KSB,2026-03-06 11:18:00,755.45,755.7,754.1,755.4,335
KSB,2026-03-06 11:19:00,755.4,755.4,755.4,755.4,0
KSB,2026-03-06 11:20:00,755.4,755.4,755.4,755.4,0
KSB,2026-03-06 11:21:00,755.4,755.4,755.4,755.4,0
KSB,2026-03-06 11:22:00,755.4,756.8,755.0,756.8,420
KSB,2026-03-06 11:23:00,756.8,756.8,756.8,756.8,3
KSB,2026-03-06 11:24:00,756.8,757.0,756.75,757.0,145
KSB,2026-03-06 11:25:00,757.0,757.6,757.0,757.6,230
KSB,2026-03-06 11:26:00,757.35,757.55,757.35,757.55,6
KSB,2026-03-06 11:27:00,757.55,758.2,757.55,758.2,518
KSB,2026-03-06 11:28:00,758.2,758.45,757.7,758.35,244
KSB,2026-03-06 11:29:00,758.1,758.1,758.1,758.1,400
KSB,2026-03-06 11:30:00,756.75,757.2,756.75,757.2,129
KSB,2026-03-06 11:31:00,757.2,757.2,756.15,756.15,290
KSB,2026-03-06 11:32:00,756.15,756.55,756.15,756.25,32
KSB,2026-03-06 11:33:00,756.25,756.25,755.8,755.8,200
KSB,2026-03-06 11:34:00,755.8,756.8,755.8,756.8,1
KSB,2026-03-06 11:35:00,756.8,756.8,756.8,756.8,0
KSB,2026-03-06 11:36:00,756.8,756.8,756.25,756.25,15
KSB,2026-03-06 11:37:00,756.4,757.2,756.4,757.2,14
KSB,2026-03-06 11:38:00,757.2,757.2,756.2,757.0,31
KSB,2026-03-06 11:39:00,757.0,757.0,755.9,755.9,10
KSB,2026-03-06 11:40:00,755.9,755.9,755.9,755.9,0
KSB,2026-03-06 11:41:00,755.9,755.9,755.9,755.9,0
KSB,2026-03-06 11:42:00,755.9,757.15,755.9,757.15,131
KSB,2026-03-06 11:43:00,757.15,757.15,756.2,756.2,10
KSB,2026-03-06 11:44:00,756.2,756.2,756.15,756.15,77
KSB,2026-03-06 11:45:00,756.8,756.8,756.8,756.8,1
KSB,2026-03-06 11:46:00,756.8,756.8,756.8,756.8,0
KSB,2026-03-06 11:47:00,756.05,756.05,755.85,755.85,17
KSB,2026-03-06 11:48:00,755.85,755.85,755.85,755.85,0
KSB,2026-03-06 11:49:00,755.85,757.15,755.85,757.15,416
KSB,2026-03-06 11:50:00,757.15,757.15,756.95,757.05,200
KSB,2026-03-06 11:51:00,757.05,757.05,757.05,757.05,50
KSB,2026-03-06 11:52:00,756.55,756.55,756.3,756.3,60
KSB,2026-03-06 11:53:00,756.3,756.3,755.85,755.85,133
KSB,2026-03-06 11:54:00,757.0,757.0,757.0,757.0,10
KSB,2026-03-06 11:55:00,757.0,757.0,757.0,757.0,0
KSB,2026-03-06 11:56:00,757.0,757.0,757.0,757.0,0
KSB,2026-03-06 11:57:00,757.0,757.0,755.6,755.6,17
KSB,2026-03-06 11:58:00,755.6,755.6,755.5,755.5,84
KSB,2026-03-06 11:59:00,755.5,756.25,755.5,756.2,8
KSB,2026-03-06 12:00:00,756.2,756.95,754.65,755.5,501
KSB,2026-03-06 12:01:00,755.5,755.6,755.5,755.6,3
KSB,2026-03-06 12:02:00,755.6,755.6,755.6,755.6,0
KSB,2026-03-06 12:03:00,755.6,755.6,755.6,755.6,0
KSB,2026-03-06 12:05:00,755.6,755.6,755.6,755.6,0
KSB,2026-03-06 12:08:00,755.6,757.15,755.6,757.15,186
KSB,2026-03-06 12:09:00,757.15,757.15,757.15,757.15,0
KSB,2026-03-06 12:10:00,757.2,757.2,757.15,757.15,11
KSB,2026-03-06 12:11:00,757.15,757.15,757.15,757.15,0
KSB,2026-03-06 12:12:00,757.15,757.9,755.85,757.9,336
KSB,2026-03-06 12:13:00,757.9,757.9,757.9,757.9,0
KSB,2026-03-06 12:14:00,757.9,757.9,757.9,757.9,0
KSB,2026-03-06 12:15:00,757.2,757.2,756.5,756.65,11
KSB,2026-03-06 12:16:00,756.65,756.65,756.0,756.0,100
KSB,2026-03-06 12:17:00,756.0,756.55,756.0,756.55,8
KSB,2026-03-06 12:18:00,758.9,761.85,758.9,760.95,2785
KSB,2026-03-06 12:19:00,760.95,761.55,760.95,761.55,2
KSB,2026-03-06 12:20:00,761.55,761.55,760.75,760.75,6
KSB,2026-03-06 12:21:00,760.75,760.75,760.2,760.7,498
KSB,2026-03-06 12:22:00,760.7,760.7,760.7,760.7,0
KSB,2026-03-06 12:23:00,760.7,760.7,759.7,759.7,25
KSB,2026-03-06 12:24:00,759.7,759.7,759.55,759.55,10
KSB,2026-03-06 12:25:00,760.5,760.75,759.55,760.75,75
KSB,2026-03-06 12:26:00,760.75,760.75,759.45,759.6,145
KSB,2026-03-06 12:27:00,759.15,760.15,759.15,760.15,35
KSB,2026-03-06 12:28:00,759.25,759.25,758.2,758.9,159
KSB,2026-03-06 12:29:00,758.9,759.2,758.9,759.2,381
KSB,2026-03-06 12:30:00,759.2,759.7,759.2,759.7,1
KSB,2026-03-06 12:31:00,759.7,759.7,759.7,759.7,0
KSB,2026-03-06 12:32:00,759.7,759.7,759.6,759.6,2
KSB,2026-03-06 12:33:00,759.6,759.6,758.0,758.0,242
KSB,2026-03-06 12:34:00,758.0,758.05,758.0,758.05,60
KSB,2026-03-06 12:35:00,758.05,758.05,758.05,758.05,1
KSB,2026-03-06 12:36:00,758.05,759.0,758.05,759.0,11
KSB,2026-03-06 12:37:00,759.0,759.0,759.0,759.0,0
KSB,2026-03-06 12:38:00,759.0,759.0,759.0,759.0,0
KSB,2026-03-06 12:39:00,759.0,759.0,758.6,758.6,10
KSB,2026-03-06 12:40:00,758.1,758.1,758.1,758.1,5
KSB,2026-03-06 12:41:00,758.1,758.55,758.1,758.55,3
KSB,2026-03-06 12:42:00,758.55,758.55,758.0,758.0,600
KSB,2026-03-06 12:43:00,758.0,758.0,758.0,758.0,0
KSB,2026-03-06 12:44:00,758.0,758.6,758.0,758.25,372
KSB,2026-03-06 12:45:00,759.45,759.45,759.35,759.35,49
KSB,2026-03-06 12:46:00,759.65,759.7,758.55,758.55,45
KSB,2026-03-06 12:47:00,758.55,759.65,758.55,758.65,51
KSB,2026-03-06 12:48:00,758.65,758.65,758.65,758.65,0
KSB,2026-03-06 12:49:00,758.65,758.65,758.65,758.65,0
KSB,2026-03-06 12:50:00,758.65,758.65,758.65,758.65,0
KSB,2026-03-06 12:51:00,758.65,758.65,758.65,758.65,1
KSB,2026-03-06 12:52:00,758.65,758.8,758.65,758.8,80
KSB,2026-03-06 12:53:00,758.8,759.6,758.8,759.6,53
KSB,2026-03-06 12:54:00,759.6,759.6,759.6,759.6,0
KSB,2026-03-06 12:55:00,759.6,759.95,758.2,758.8,360
KSB,2026-03-06 12:56:00,758.8,759.25,757.35,757.35,418
KSB,2026-03-06 12:57:00,757.35,758.65,757.35,758.55,178
KSB,2026-03-06 12:58:00,758.55,758.95,757.65,757.65,422
KSB,2026-03-06 12:59:00,757.65,757.65,756.25,756.25,403
KSB,2026-03-06 13:00:00,756.25,757.35,755.0,755.2,1050
KSB,2026-03-06 13:01:00,755.2,756.25,754.4,754.4,435
KSB,2026-03-06 13:02:00,755.85,755.85,754.35,755.5,296
KSB,2026-03-06 13:03:00,755.5,756.05,754.2,754.2,265
KSB,2026-03-06 13:04:00,754.2,756.8,754.2,756.0,1213
KSB,2026-03-06 13:05:00,756.0,760.0,754.6,760.0,1586
KSB,2026-03-06 13:06:00,760.0,762.95,760.0,761.8,999
KSB,2026-03-06 13:07:00,761.75,761.75,760.8,761.75,45
KSB,2026-03-06 13:08:00,760.8,760.8,760.75,760.75,60
KSB,2026-03-06 13:09:00,760.75,760.75,760.75,760.75,0
KSB,2026-03-06 13:10:00,760.75,760.75,760.5,760.5,1110
KSB,2026-03-06 13:11:00,760.5,761.35,760.5,761.35,23
KSB,2026-03-06 13:12:00,760.5,761.0,760.5,761.0,109
KSB,2026-03-06 13:13:00,761.0,762.0,761.0,762.0,306
KSB,2026-03-06 13:14:00,762.0,762.0,762.0,762.0,0
KSB,2026-03-06 13:15:00,762.0,762.0,761.4,761.4,7
KSB,2026-03-06 13:16:00,761.4,761.95,761.4,761.95,11
KSB,2026-03-06 13:17:00,761.95,761.95,761.45,761.95,5
KSB,2026-03-06 13:18:00,761.95,761.95,761.9,761.9,6
KSB,2026-03-06 13:19:00,761.9,761.9,761.0,761.0,53
KSB,2026-03-06 13:20:00,761.0,761.1,761.0,761.1,50
KSB,2026-03-06 13:21:00,761.1,761.6,761.1,761.6,71
KSB,2026-03-06 13:22:00,761.6,761.9,761.6,761.9,222
KSB,2026-03-06 13:23:00,761.9,761.9,761.9,761.9,0
KSB,2026-03-06 13:24:00,761.9,761.9,760.75,760.75,13
KSB,2026-03-06 13:25:00,760.5,761.0,760.5,761.0,42
KSB,2026-03-06 13:26:00,761.0,761.7,761.0,761.7,773
KSB,2026-03-06 13:27:00,761.7,761.7,761.0,761.0,270
KSB,2026-03-06 13:28:00,761.0,761.0,760.65,760.65,107
KSB,2026-03-06 13:29:00,760.65,761.0,760.65,761.0,105
KSB,2026-03-06 13:30:00,761.0,761.0,759.0,759.0,735
KSB,2026-03-06 13:31:00,759.35,759.35,757.15,757.15,269
KSB,2026-03-06 13:32:00,757.15,758.0,756.6,756.7,795
KSB,2026-03-06 13:33:00,756.5,757.75,756.4,756.9,262
KSB,2026-03-06 13:34:00,756.9,757.65,756.4,756.85,811
KSB,2026-03-06 13:35:00,756.85,757.95,754.45,754.45,11765
KSB,2026-03-06 13:36:00,754.9,756.5,754.85,754.95,394
KSB,2026-03-06 13:37:00,754.95,759.75,754.95,759.7,281
KSB,2026-03-06 13:38:00,759.7,760.0,758.7,759.55,653
KSB,2026-03-06 13:39:00,759.55,760.0,759.0,759.0,50
KSB,2026-03-06 13:40:00,759.0,760.45,759.0,759.7,231
KSB,2026-03-06 13:41:00,759.7,759.9,759.35,759.9,65
KSB,2026-03-06 13:42:00,759.9,760.1,759.3,759.9,640
KSB,2026-03-06 13:43:00,759.9,759.9,759.5,759.5,33
KSB,2026-03-06 13:44:00,759.6,759.65,759.3,759.35,320
KSB,2026-03-06 13:45:00,759.35,759.85,758.8,758.8,86
KSB,2026-03-06 13:46:00,758.8,759.95,758.6,758.6,97
KSB,2026-03-06 13:47:00,758.6,758.6,758.3,758.3,33
KSB,2026-03-06 13:48:00,758.2,759.35,758.15,758.7,204
KSB,2026-03-06 13:49:00,758.75,758.75,758.3,758.4,33
KSB,2026-03-06 13:50:00,758.4,759.4,757.6,758.65,456
KSB,2026-03-06 13:51:00,758.8,758.8,758.55,758.55,33
KSB,2026-03-06 13:52:00,758.55,758.55,758.15,758.15,33
KSB,2026-03-06 13:53:00,758.15,759.3,757.95,758.6,96
KSB,2026-03-06 13:54:00,758.45,759.15,758.15,758.4,74
KSB,2026-03-06 13:55:00,759.5,759.5,758.65,758.65,144
KSB,2026-03-06 13:56:00,758.65,759.6,758.65,758.8,81
KSB,2026-03-06 13:57:00,758.8,759.55,758.5,758.75,288
KSB,2026-03-06 13:58:00,759.95,759.95,759.15,759.25,67
KSB,2026-03-06 13:59:00,759.25,759.25,759.2,759.2,46
KSB,2026-03-06 14:00:00,759.2,760.0,759.15,759.2,52
KSB,2026-03-06 14:01:00,759.2,759.85,759.2,759.5,38
KSB,2026-03-06 14:02:00,759.45,760.2,759.35,759.35,35
KSB,2026-03-06 14:03:00,759.35,760.0,758.7,759.4,117
KSB,2026-03-06 14:04:00,759.4,759.4,759.2,759.4,71
KSB,2026-03-06 14:05:00,759.4,759.4,759.25,759.25,32
KSB,2026-03-06 14:06:00,759.25,759.25,758.75,758.75,33
KSB,2026-03-06 14:07:00,758.7,759.85,758.3,759.3,103
KSB,2026-03-06 14:08:00,759.5,759.5,759.3,759.35,34
KSB,2026-03-06 14:09:00,759.35,759.4,759.15,759.15,37
KSB,2026-03-06 14:10:00,759.15,759.85,759.15,759.55,50
KSB,2026-03-06 14:11:00,759.55,759.55,759.35,759.35,33
KSB,2026-03-06 14:12:00,759.3,760.3,759.25,759.6,42
KSB,2026-03-06 14:13:00,759.6,760.35,759.6,759.7,56
KSB,2026-03-06 14:14:00,759.7,760.0,759.7,759.75,46
KSB,2026-03-06 14:15:00,759.75,760.45,759.5,759.5,136
KSB,2026-03-06 14:16:00,759.5,759.55,759.5,759.5,114
KSB,2026-03-06 14:17:00,759.55,759.65,759.55,759.55,37
KSB,2026-03-06 14:18:00,759.55,759.55,759.45,759.45,33
KSB,2026-03-06 14:19:00,759.45,760.45,759.45,759.55,39
KSB,2026-03-06 14:20:00,760.9,760.9,759.4,759.4,54
KSB,2026-03-06 14:21:00,759.35,759.4,759.2,759.3,45
KSB,2026-03-06 14:22:00,759.3,760.5,759.15,759.85,65
KSB,2026-03-06 14:23:00,759.85,761.5,759.75,760.35,1456
KSB,2026-03-06 14:24:00,760.3,761.4,760.3,760.55,40
KSB,2026-03-06 14:25:00,760.55,762.15,760.4,760.4,306
KSB,2026-03-06 14:26:00,760.3,760.5,760.3,760.4,35
KSB,2026-03-06 14:27:00,760.4,761.95,760.3,761.95,31
KSB,2026-03-06 14:28:00,761.15,761.25,761.15,761.2,485
KSB,2026-03-06 14:29:00,761.2,762.2,759.85,759.85,290
KSB,2026-03-06 14:30:00,759.8,759.95,759.65,759.8,145
KSB,2026-03-06 14:31:00,759.85,760.05,759.8,759.95,41
KSB,2026-03-06 14:32:00,759.95,760.15,759.85,759.95,84
KSB,2026-03-06 14:33:00,760.0,760.05,759.9,760.0,222
KSB,2026-03-06 14:34:00,760.0,760.05,759.95,760.0,44
KSB,2026-03-06 14:35:00,760.0,760.75,760.0,760.0,92
KSB,2026-03-06 14:36:00,760.0,760.0,759.8,759.95,43
KSB,2026-03-06 14:37:00,760.0,760.4,759.95,760.4,418
KSB,2026-03-06 14:38:00,760.4,760.5,760.35,760.45,42
KSB,2026-03-06 14:39:00,760.45,760.45,760.35,760.35,47
KSB,2026-03-06 14:40:00,760.35,760.35,759.0,759.0,79
KSB,2026-03-06 14:41:00,759.05,759.35,759.05,759.35,48
KSB,2026-03-06 14:42:00,759.4,760.0,759.35,759.95,46
KSB,2026-03-06 14:43:00,759.9,760.0,759.75,760.0,43
KSB,2026-03-06 14:44:00,760.0,760.0,759.45,759.75,198
KSB,2026-03-06 14:45:00,759.8,759.8,759.05,759.25,296
KSB,2026-03-06 14:46:00,759.25,759.25,759.25,759.25,10
KSB,2026-03-06 14:47:00,759.25,759.85,759.25,759.8,12
KSB,2026-03-06 14:48:00,759.85,760.35,759.85,760.1,132
KSB,2026-03-06 14:49:00,760.1,760.35,760.05,760.1,24
KSB,2026-03-06 14:50:00,760.0,760.0,759.55,759.65,162
KSB,2026-03-06 14:51:00,759.65,760.0,759.4,759.8,517
KSB,2026-03-06 14:52:00,759.85,760.1,759.6,760.1,180
KSB,2026-03-06 14:53:00,760.1,760.15,760.1,760.15,11
KSB,2026-03-06 14:54:00,760.2,760.2,759.7,759.75,170
KSB,2026-03-06 14:55:00,759.75,760.0,759.0,759.55,629
KSB,2026-03-06 14:56:00,759.95,760.1,759.8,759.85,177
KSB,2026-03-06 14:57:00,759.85,760.0,759.25,759.6,316
KSB,2026-03-06 14:58:00,759.6,759.95,759.4,759.95,35
KSB,2026-03-06 14:59:00,759.7,760.0,759.7,759.75,61
KSB,2026-03-06 15:00:00,759.7,760.7,759.7,759.7,52
KSB,2026-03-06 15:01:00,759.7,759.85,758.85,759.85,354
KSB,2026-03-06 15:02:00,759.85,760.35,758.75,760.35,1398
KSB,2026-03-06 15:03:00,759.3,761.0,759.3,760.85,1664
KSB,2026-03-06 15:04:00,760.8,761.0,760.2,760.3,188
KSB,2026-03-06 15:05:00,760.3,760.9,760.2,760.85,33
KSB,2026-03-06 15:06:00,760.85,760.85,759.3,760.55,1963
KSB,2026-03-06 15:07:00,759.7,760.5,759.4,760.35,1996
KSB,2026-03-06 15:08:00,759.55,760.1,759.4,760.1,2558
KSB,2026-03-06 15:09:00,760.0,760.0,759.4,759.6,434
KSB,2026-03-06 15:10:00,759.6,760.45,759.6,759.95,489
KSB,2026-03-06 15:11:00,759.95,760.8,759.25,759.25,272
KSB,2026-03-06 15:12:00,759.25,759.25,758.0,758.0,65
KSB,2026-03-06 15:13:00,758.05,758.05,757.15,757.7,86
KSB,2026-03-06 15:14:00,757.15,757.9,757.15,757.15,516
KSB,2026-03-06 15:15:00,757.0,757.0,754.25,755.1,1514
KSB,2026-03-06 15:16:00,754.4,755.5,754.25,754.25,747
KSB,2026-03-06 15:17:00,754.2,754.95,753.5,754.7,603
KSB,2026-03-06 15:18:00,754.7,755.45,753.65,754.65,264
KSB,2026-03-06 15:19:00,753.75,757.8,753.75,756.95,1232
KSB,2026-03-06 15:20:00,757.65,757.65,754.5,754.5,539
KSB,2026-03-06 15:21:00,754.5,755.7,753.75,754.15,255
KSB,2026-03-06 15:22:00,755.45,755.45,752.75,752.75,656
KSB,2026-03-06 15:23:00,754.95,755.25,754.05,754.95,1511
KSB,2026-03-06 15:24:00,754.95,755.0,752.5,754.3,80
KSB,2026-03-06 15:25:00,754.45,759.8,752.15,759.75,605
KSB,2026-03-06 15:26:00,757.65,758.4,755.3,757.2,528
KSB,2026-03-06 15:27:00,756.95,756.95,754.45,756.6,346
KSB,2026-03-06 15:28:00,756.75,756.75,755.8,755.95,190
KSB,2026-03-06 15:29:00,755.9,755.9,754.0,754.0,355
KSB,2026-03-09 09:15:00,739.0,756.45,739.0,747.5,1741
KSB,2026-03-09 09:16:00,742.85,746.95,741.0,741.0,1803
KSB,2026-03-09 09:17:00,739.0,742.0,736.8,740.0,746
KSB,2026-03-09 09:18:00,739.8,739.95,735.0,739.8,2232
KSB,2026-03-09 09:19:00,737.4,737.6,737.4,737.6,55
KSB,2026-03-09 09:20:00,737.6,739.95,737.5,739.0,469
KSB,2026-03-09 09:21:00,738.8,738.8,736.55,736.55,23
KSB,2026-03-09 09:22:00,734.85,736.45,734.85,736.2,327
KSB,2026-03-09 09:23:00,736.2,736.2,734.05,736.15,361
KSB,2026-03-09 09:24:00,736.15,736.15,733.05,734.75,556
KSB,2026-03-09 09:25:00,734.75,735.5,731.95,731.95,655
KSB,2026-03-09 09:26:00,731.95,734.7,731.95,734.45,19
KSB,2026-03-09 09:27:00,734.45,737.6,734.0,735.85,535
KSB,2026-03-09 09:28:00,735.85,738.5,735.85,738.5,147
KSB,2026-03-09 09:29:00,736.6,738.7,735.35,738.7,1306
KSB,2026-03-09 09:30:00,737.2,737.2,737.0,737.0,278
KSB,2026-03-09 09:31:00,738.7,738.7,736.6,738.55,274
KSB,2026-03-09 09:32:00,738.55,738.7,736.7,738.7,125
KSB,2026-03-09 09:33:00,735.85,736.35,730.15,736.15,4727
KSB,2026-03-09 09:34:00,735.05,736.6,735.05,736.0,285
KSB,2026-03-09 09:35:00,736.0,736.45,736.0,736.3,69
KSB,2026-03-09 09:36:00,736.45,737.3,734.55,737.3,576
KSB,2026-03-09 09:37:00,737.3,737.4,736.35,736.35,441
KSB,2026-03-09 09:38:00,736.35,740.0,736.35,740.0,1338
KSB,2026-03-09 09:39:00,740.0,740.0,739.8,739.8,30
KSB,2026-03-09 09:40:00,737.75,737.75,736.55,736.55,106
KSB,2026-03-09 09:41:00,736.55,738.45,736.55,738.45,2
KSB,2026-03-09 09:42:00,738.45,738.45,736.6,738.3,111
KSB,2026-03-09 09:43:00,737.0,737.55,737.0,737.55,65
KSB,2026-03-09 09:44:00,737.55,737.55,737.4,737.4,32
KSB,2026-03-09 09:45:00,737.4,737.4,737.4,737.4,0
KSB,2026-03-09 09:46:00,737.4,737.4,733.7,734.7,262
KSB,2026-03-09 09:47:00,734.7,735.05,732.4,735.05,222
KSB,2026-03-09 09:48:00,735.05,735.4,733.2,735.3,134
KSB,2026-03-09 09:49:00,735.3,735.45,734.8,734.8,56
KSB,2026-03-09 09:50:00,733.2,734.75,733.2,733.3,56
KSB,2026-03-09 09:51:00,732.3,733.7,730.6,730.6,118
KSB,2026-03-09 09:52:00,730.6,734.15,730.6,731.8,559
KSB,2026-03-09 09:53:00,731.8,734.45,731.8,731.9,53
KSB,2026-03-09 09:54:00,731.9,734.35,731.9,734.35,40
KSB,2026-03-09 09:55:00,734.65,734.65,732.0,733.9,195
KSB,2026-03-09 09:56:00,733.9,735.35,731.4,735.35,519
KSB,2026-03-09 09:57:00,736.95,736.95,734.6,734.6,101
KSB,2026-03-09 09:58:00,734.6,736.7,734.6,736.45,49
KSB,2026-03-09 09:59:00,734.35,736.05,734.0,734.0,14
KSB,2026-03-09 10:00:00,734.0,735.85,734.0,735.85,1
KSB,2026-03-09 10:01:00,735.5,735.8,733.85,735.25,216
KSB,2026-03-09 10:02:00,735.25,735.25,732.95,732.95,25
KSB,2026-03-09 10:03:00,732.95,732.95,732.95,732.95,0
KSB,2026-03-09 10:04:00,732.95,734.4,732.75,734.4,23
KSB,2026-03-09 10:05:00,732.5,733.8,731.9,733.8,50
KSB,2026-03-09 10:06:00,733.8,734.4,733.8,734.4,191
KSB,2026-03-09 10:07:00,734.4,734.4,734.4,734.4,142
KSB,2026-03-09 10:08:00,734.4,735.85,734.15,735.85,32
KSB,2026-03-09 10:09:00,735.85,735.9,734.15,734.15,4
KSB,2026-03-09 10:10:00,734.15,736.65,734.15,736.65,55
KSB,2026-03-09 10:11:00,736.65,736.65,736.65,736.65,0
KSB,2026-03-09 10:12:00,736.65,738.0,736.65,738.0,220
KSB,2026-03-09 10:13:00,738.0,738.65,735.25,738.65,219
KSB,2026-03-09 10:14:00,738.7,738.75,738.7,738.75,5
KSB,2026-03-09 10:15:00,735.35,738.45,735.35,738.45,21
KSB,2026-03-09 10:16:00,735.35,735.35,735.35,735.35,6
KSB,2026-03-09 10:17:00,735.35,735.4,735.35,735.4,59
KSB,2026-03-09 10:18:00,738.0,738.2,737.95,738.2,66
KSB,2026-03-09 10:19:00,738.2,742.0,735.2,738.75,4261
KSB,2026-03-09 10:20:00,738.75,738.75,738.75,738.75,0
KSB,2026-03-09 10:21:00,738.75,738.75,738.75,738.75,0
KSB,2026-03-09 10:22:00,738.75,738.75,738.75,738.75,0
KSB,2026-03-09 10:23:00,738.75,740.75,738.75,740.75,29
KSB,2026-03-09 10:24:00,739.7,739.7,739.7,739.7,3
KSB,2026-03-09 10:25:00,739.7,739.7,739.55,739.55,25
KSB,2026-03-09 10:26:00,739.55,739.55,739.35,739.35,2
KSB,2026-03-09 10:27:00,740.45,740.5,738.75,738.75,1445
KSB,2026-03-09 10:28:00,738.75,741.0,738.75,740.25,1157
KSB,2026-03-09 10:29:00,740.25,740.85,740.25,740.85,38
KSB,2026-03-09 10:30:00,740.85,740.85,739.45,739.45,90
KSB,2026-03-09 10:31:00,739.45,740.4,739.45,740.4,15
KSB,2026-03-09 10:32:00,740.0,740.2,738.4,739.8,2526
KSB,2026-03-09 10:33:00,739.8,740.85,739.8,740.85,318
KSB,2026-03-09 10:34:00,740.85,741.15,740.0,741.15,108
KSB,2026-03-09 10:35:00,739.25,740.3,738.5,740.3,1231
KSB,2026-03-09 10:36:00,740.3,740.3,740.3,740.3,0
KSB,2026-03-09 10:37:00,740.3,740.3,740.3,740.3,0
KSB,2026-03-09 10:38:00,741.45,741.45,741.25,741.25,63
KSB,2026-03-09 10:39:00,741.25,741.25,740.25,740.25,100
KSB,2026-03-09 10:40:00,740.25,741.1,740.25,741.1,20
KSB,2026-03-09 10:41:00,741.05,741.05,740.05,740.6,20
KSB,2026-03-09 10:42:00,740.6,740.6,740.6,740.6,5
KSB,2026-03-09 10:43:00,740.6,742.0,739.85,741.15,1133
KSB,2026-03-09 10:44:00,739.55,740.85,739.55,740.85,180
KSB,2026-03-09 10:45:00,740.85,743.6,740.85,742.9,2331
KSB,2026-03-09 10:46:00,742.9,743.3,742.0,742.0,205
KSB,2026-03-09 10:47:00,742.0,742.3,741.05,742.3,265
KSB,2026-03-09 10:48:00,742.3,742.3,741.6,741.6,45
KSB,2026-03-09 10:49:00,742.55,742.65,742.55,742.65,16
KSB,2026-03-09 10:50:00,741.6,741.85,740.1,741.85,1158
KSB,2026-03-09 10:51:00,741.85,742.8,741.85,742.8,67
KSB,2026-03-09 10:52:00,742.85,743.0,741.55,741.55,150
KSB,2026-03-09 10:53:00,741.55,743.75,741.55,743.75,1090
KSB,2026-03-09 10:54:00,743.75,743.75,742.75,742.75,3
KSB,2026-03-09 10:55:00,743.55,743.55,742.25,742.25,106
KSB,2026-03-09 10:56:00,742.25,743.0,742.25,743.0,1
KSB,2026-03-09 10:57:00,743.0,743.0,742.2,742.8,16
KSB,2026-03-09 10:58:00,742.8,742.8,742.0,742.0,14
KSB,2026-03-09 10:59:00,742.45,743.6,742.45,743.6,235
KSB,2026-03-09 11:00:00,743.6,743.7,743.6,743.7,10
KSB,2026-03-09 11:01:00,743.7,743.7,743.0,743.55,4
KSB,2026-03-09 11:02:00,743.55,743.55,742.3,742.3,136
KSB,2026-03-09 11:03:00,742.0,742.0,741.55,741.55,103
KSB,2026-03-09 11:04:00,741.55,742.05,741.55,742.05,33
KSB,2026-03-09 11:05:00,742.05,742.05,741.8,741.8,43
KSB,2026-03-09 11:06:00,741.8,743.0,741.8,743.0,15
KSB,2026-03-09 11:07:00,743.0,743.0,742.25,742.25,2
KSB,2026-03-09 11:08:00,742.1,742.1,742.1,742.1,6
KSB,2026-03-09 11:09:00,742.1,743.1,741.6,741.6,654
KSB,2026-03-09 11:10:00,741.6,741.9,741.6,741.9,10
KSB,2026-03-09 11:11:00,742.0,742.8,742.0,742.75,416
KSB,2026-03-09 11:12:00,742.75,742.75,741.0,741.0,211
KSB,2026-03-09 11:13:00,741.0,742.0,740.55,742.0,503
KSB,2026-03-09 11:14:00,742.0,742.8,740.55,742.6,583
KSB,2026-03-09 11:15:00,742.6,742.6,741.45,741.45,30
KSB,2026-03-09 11:16:00,741.45,742.45,741.45,742.45,14
KSB,2026-03-09 11:17:00,742.7,742.7,741.95,741.95,451
KSB,2026-03-09 11:18:00,742.5,742.5,742.5,742.5,4
KSB,2026-03-09 11:19:00,742.5,742.5,742.0,742.0,6
KSB,2026-03-09 11:20:00,742.0,742.0,742.0,742.0,0
KSB,2026-03-09 11:21:00,742.25,742.25,742.0,742.0,13
KSB,2026-03-09 11:22:00,742.5,742.65,742.0,742.65,351
KSB,2026-03-09 11:23:00,742.65,742.65,742.65,742.65,3
KSB,2026-03-09 11:24:00,742.65,742.65,742.65,742.65,0
KSB,2026-03-09 11:25:00,742.65,742.65,742.0,742.0,78
KSB,2026-03-09 11:26:00,742.0,742.0,740.55,741.5,652
KSB,2026-03-09 11:27:00,741.5,741.5,741.5,741.5,1
KSB,2026-03-09 11:28:00,741.5,741.85,741.5,741.85,0
KSB,2026-03-09 11:29:00,741.5,741.5,740.9,740.9,73
KSB,2026-03-09 11:30:00,740.9,742.0,740.9,742.0,342
KSB,2026-03-09 11:31:00,742.0,742.0,742.0,742.0,0
KSB,2026-03-09 11:32:00,742.0,742.0,741.15,741.75,357
KSB,2026-03-09 11:33:00,741.75,741.8,740.9,740.9,142
KSB,2026-03-09 11:34:00,740.9,744.45,740.55,744.25,1721
KSB,2026-03-09 11:35:00,744.25,744.25,744.0,744.1,100
KSB,2026-03-09 11:36:00,744.1,744.15,743.2,743.2,111
KSB,2026-03-09 11:37:00,743.2,744.75,743.2,743.75,307
KSB,2026-03-09 11:38:00,743.75,744.6,743.65,744.0,55
KSB,2026-03-09 11:39:00,744.0,744.0,743.4,743.45,407
KSB,2026-03-09 11:40:00,743.45,747.8,743.45,747.8,2120
KSB,2026-03-09 11:41:00,746.2,746.8,746.0,746.7,985
KSB,2026-03-09 11:42:00,745.9,745.9,745.9,745.9,94
KSB,2026-03-09 11:43:00,745.9,745.9,745.9,745.9,0
KSB,2026-03-09 11:44:00,745.2,745.2,745.2,745.2,5
KSB,2026-03-09 11:45:00,745.2,745.9,745.2,745.9,100
KSB,2026-03-09 11:46:00,745.2,745.9,744.55,745.9,147
KSB,2026-03-09 11:47:00,744.7,744.8,744.7,744.8,168
KSB,2026-03-09 11:48:00,744.8,745.5,744.8,744.8,14
KSB,2026-03-09 11:49:00,744.8,745.0,744.8,745.0,111
KSB,2026-03-09 11:50:00,745.0,745.2,744.85,745.2,2
KSB,2026-03-09 11:51:00,745.2,745.2,744.8,744.8,160
KSB,2026-03-09 11:52:00,744.8,745.3,744.8,745.3,77
KSB,2026-03-09 11:53:00,745.3,745.3,745.3,745.3,0
KSB,2026-03-09 11:54:00,745.55,745.55,745.55,745.55,12
KSB,2026-03-09 11:55:00,745.55,745.8,744.55,744.9,99
KSB,2026-03-09 11:56:00,744.9,744.9,744.9,744.9,0
KSB,2026-03-09 11:57:00,744.95,746.1,744.95,746.1,159
KSB,2026-03-09 11:58:00,746.1,746.1,746.1,746.1,20
KSB,2026-03-09 11:59:00,746.1,746.1,746.1,746.1,0
KSB,2026-03-09 12:00:00,746.0,746.2,745.25,746.2,653
KSB,2026-03-09 12:01:00,745.85,745.85,745.85,745.85,15
KSB,2026-03-09 12:03:00,745.85,745.85,744.4,745.0,187
KSB,2026-03-09 12:04:00,745.0,745.0,745.0,745.0,943
KSB,2026-03-09 12:05:00,745.0,745.0,745.0,745.0,7
KSB,2026-03-09 12:06:00,745.2,745.2,745.2,745.2,33
KSB,2026-03-09 12:07:00,745.2,745.9,745.2,745.6,51
KSB,2026-03-09 12:08:00,745.6,745.6,744.3,744.3,607
KSB,2026-03-09 12:09:00,744.3,745.55,744.3,745.55,197
KSB,2026-03-09 12:10:00,745.55,745.55,745.55,745.55,0
KSB,2026-03-09 12:11:00,745.55,746.5,745.45,745.9,419
KSB,2026-03-09 12:12:00,745.9,746.4,745.65,745.65,17
KSB,2026-03-09 12:13:00,745.65,745.65,745.55,745.55,101
KSB,2026-03-09 12:14:00,745.55,745.55,745.55,745.55,0
KSB,2026-03-09 12:15:00,745.6,745.6,745.15,745.15,10
KSB,2026-03-09 12:16:00,745.0,745.0,745.0,745.0,14
KSB,2026-03-09 12:17:00,745.0,745.55,745.0,745.55,32
KSB,2026-03-09 12:18:00,745.55,745.55,745.0,745.55,42
KSB,2026-03-09 12:19:00,746.9,746.9,746.9,746.9,333
KSB,2026-03-09 12:20:00,746.9,746.9,746.9,746.9,0
KSB,2026-03-09 12:21:00,746.9,746.9,746.3,746.3,27
KSB,2026-03-09 12:23:00,746.5,746.5,746.5,746.5,4
KSB,2026-03-09 12:24:00,745.7,745.75,745.7,745.75,15
KSB,2026-03-09 12:25:00,745.75,745.8,745.5,745.5,79
KSB,2026-03-09 12:26:00,745.5,745.9,745.5,745.9,27
KSB,2026-03-09 12:27:00,745.9,746.95,745.9,746.95,303
KSB,2026-03-09 12:28:00,746.95,746.95,746.95,746.95,0
KSB,2026-03-09 12:29:00,746.95,746.95,745.8,745.95,55
KSB,2026-03-09 12:30:00,745.95,746.1,745.95,746.1,5
KSB,2026-03-09 12:31:00,746.1,746.1,746.1,746.1,6
KSB,2026-03-09 12:32:00,746.1,746.1,745.2,745.8,440
KSB,2026-03-09 12:33:00,745.8,745.8,744.95,744.95,25
KSB,2026-03-09 12:34:00,744.95,744.95,744.65,744.65,76
KSB,2026-03-09 12:35:00,744.65,744.65,744.65,744.65,3
KSB,2026-03-09 12:36:00,744.45,744.95,744.45,744.95,4
KSB,2026-03-09 12:37:00,744.95,745.2,744.95,745.2,1
KSB,2026-03-09 12:38:00,745.2,745.2,745.2,745.2,2
KSB,2026-03-09 12:39:00,745.2,745.85,745.2,745.55,6
KSB,2026-03-09 12:40:00,745.55,746.45,745.35,745.35,37
KSB,2026-03-09 12:41:00,745.35,745.35,745.35,745.35,0
KSB,2026-03-09 12:42:00,745.35,745.35,745.35,745.35,0
KSB,2026-03-09 12:44:00,745.35,745.35,745.35,745.35,0
KSB,2026-03-09 12:45:00,745.35,745.35,745.25,745.25,10
KSB,2026-03-09 12:46:00,746.65,747.85,746.35,747.85,3470
KSB,2026-03-09 12:47:00,747.85,747.85,747.05,747.05,45
KSB,2026-03-09 12:48:00,747.05,747.05,747.05,747.05,0
KSB,2026-03-09 12:49:00,747.05,747.8,746.95,746.95,34
KSB,2026-03-09 12:50:00,747.8,748.1,746.95,747.65,548
KSB,2026-03-09 12:51:00,747.65,747.9,747.0,747.9,92
KSB,2026-03-09 12:52:00,747.9,747.9,746.5,746.5,115
KSB,2026-03-09 12:53:00,746.5,746.5,746.1,746.1,2
KSB,2026-03-09 12:54:00,746.1,746.1,746.1,746.1,9
KSB,2026-03-09 12:55:00,746.1,746.1,746.1,746.1,0
KSB,2026-03-09 12:56:00,745.85,745.85,745.85,745.85,8
KSB,2026-03-09 12:57:00,745.85,745.85,745.85,745.85,7
KSB,2026-03-09 12:58:00,745.85,745.9,745.85,745.85,2
KSB,2026-03-09 12:59:00,745.85,745.85,745.85,745.85,0
KSB,2026-03-09 13:00:00,745.85,745.85,745.85,745.85,0
KSB,2026-03-09 13:01:00,745.85,746.5,744.15,744.15,974
KSB,2026-03-09 13:02:00,742.0,742.95,742.0,742.0,2755
KSB,2026-03-09 13:03:00,742.0,742.0,739.15,739.15,172
KSB,2026-03-09 13:04:00,739.15,739.15,738.2,738.2,116
KSB,2026-03-09 13:05:00,738.2,741.6,738.2,741.35,1187
KSB,2026-03-09 13:06:00,741.35,741.65,741.35,741.55,104
KSB,2026-03-09 13:07:00,741.55,741.55,741.55,741.55,52
KSB,2026-03-09 13:08:00,741.55,741.55,739.7,739.7,90
KSB,2026-03-09 13:09:00,739.7,739.8,739.7,739.8,3
KSB,2026-03-09 13:10:00,739.8,741.0,739.7,741.0,488
KSB,2026-03-09 13:11:00,741.0,741.25,740.15,740.15,246
KSB,2026-03-09 13:12:00,740.15,741.0,740.15,741.0,828
KSB,2026-03-09 13:13:00,741.0,741.65,740.4,740.45,223
KSB,2026-03-09 13:14:00,740.45,741.5,740.45,740.45,437
KSB,2026-03-09 13:15:00,742.0,742.15,741.05,741.3,905
KSB,2026-03-09 13:16:00,741.3,741.3,741.25,741.25,180
KSB,2026-03-09 13:17:00,741.25,741.7,740.95,740.95,77
KSB,2026-03-09 13:18:00,740.95,740.95,740.55,740.55,72
KSB,2026-03-09 13:19:00,740.5,740.5,740.5,740.5,72
KSB,2026-03-09 13:20:00,740.45,746.0,740.45,745.6,4363
KSB,2026-03-09 13:21:00,745.45,746.0,744.75,745.45,304
KSB,2026-03-09 13:22:00,745.45,745.45,744.45,744.45,37
KSB,2026-03-09 13:23:00,744.45,745.4,744.45,744.6,115
KSB,2026-03-09 13:24:00,744.6,745.0,744.45,745.0,396
KSB,2026-03-09 13:25:00,745.0,745.0,743.8,743.8,173
KSB,2026-03-09 13:26:00,743.8,744.6,743.8,743.85,97
KSB,2026-03-09 13:27:00,743.85,745.0,743.85,745.0,153
KSB,2026-03-09 13:28:00,745.0,745.0,745.0,745.0,102
KSB,2026-03-09 13:29:00,745.0,745.45,745.0,745.0,123
KSB,2026-03-09 13:30:00,745.0,745.45,745.0,745.0,92
KSB,2026-03-09 13:31:00,745.0,745.45,745.0,745.45,74
KSB,2026-03-09 13:32:00,745.45,745.45,745.0,745.0,161
KSB,2026-03-09 13:33:00,745.0,745.45,745.0,745.0,104
KSB,2026-03-09 13:34:00,745.0,745.45,745.0,745.0,120
KSB,2026-03-09 13:35:00,745.0,745.0,745.0,745.0,72
KSB,2026-03-09 13:36:00,745.0,746.0,745.0,746.0,485
KSB,2026-03-09 13:37:00,746.0,746.0,744.0,744.0,183
KSB,2026-03-09 13:38:00,744.0,744.8,743.75,744.7,157
KSB,2026-03-09 13:39:00,744.7,744.7,743.85,743.85,125
KSB,2026-03-09 13:40:00,743.85,743.85,743.15,743.8,108
KSB,2026-03-09 13:41:00,743.8,743.9,743.15,743.9,214
KSB,2026-03-09 13:42:00,743.9,744.05,743.6,743.6,78
KSB,2026-03-09 13:43:00,743.6,745.25,743.6,745.0,316
KSB,2026-03-09 13:44:00,745.5,745.8,745.0,745.8,66
KSB,2026-03-09 13:45:00,746.35,746.75,745.05,745.4,1333
KSB,2026-03-09 13:46:00,745.4,745.4,743.0,743.0,124
KSB,2026-03-09 13:47:00,743.0,743.0,743.0,743.0,9
KSB,2026-03-09 13:48:00,743.0,743.5,743.0,743.15,47
KSB,2026-03-09 13:49:00,743.15,743.15,742.05,742.05,78
KSB,2026-03-09 13:50:00,742.05,742.4,741.35,741.4,158
KSB,2026-03-09 13:51:00,741.4,743.95,741.4,743.25,1233
KSB,2026-03-09 13:52:00,743.25,745.0,743.25,744.3,2070
KSB,2026-03-09 13:53:00,745.6,745.6,744.8,744.8,54
KSB,2026-03-09 13:54:00,744.8,746.0,744.8,745.6,221
KSB,2026-03-09 13:55:00,745.55,745.55,745.45,745.45,51
KSB,2026-03-09 13:56:00,745.45,745.55,745.35,745.35,170
KSB,2026-03-09 13:57:00,745.35,745.55,745.35,745.45,54
KSB,2026-03-09 13:58:00,745.45,745.45,745.45,745.45,51
KSB,2026-03-09 13:59:00,745.45,745.45,744.2,744.2,122
KSB,2026-03-09 14:00:00,744.8,744.8,744.15,744.15,51
KSB,2026-03-09 14:01:00,744.15,746.05,744.0,744.55,559
KSB,2026-03-09 14:02:00,744.55,745.0,744.2,744.55,36
KSB,2026-03-09 14:03:00,744.55,745.15,744.55,744.85,253
KSB,2026-03-09 14:04:00,744.85,744.85,744.3,744.35,36
KSB,2026-03-09 14:05:00,744.4,745.0,744.2,744.2,55
KSB,2026-03-09 14:06:00,744.2,744.2,743.6,743.75,155
KSB,2026-03-09 14:07:00,743.75,744.35,743.3,744.25,64
KSB,2026-03-09 14:08:00,744.25,745.25,743.4,745.25,170
KSB,2026-03-09 14:09:00,744.15,744.95,744.15,744.2,710
KSB,2026-03-09 14:10:00,744.2,744.2,744.2,744.2,57
KSB,2026-03-09 14:11:00,744.2,746.0,744.2,744.55,1141
KSB,2026-03-09 14:12:00,744.55,744.85,744.25,744.25,57
KSB,2026-03-09 14:13:00,744.25,744.25,744.25,744.25,61
KSB,2026-03-09 14:14:00,744.25,745.2,744.2,745.15,223
KSB,2026-03-09 14:15:00,745.15,745.15,745.0,745.0,105
KSB,2026-03-09 14:16:00,745.0,745.0,745.0,745.0,58
KSB,2026-03-09 14:17:00,745.0,745.0,745.0,745.0,297
KSB,2026-03-09 14:18:00,745.55,745.55,745.0,745.0,86
KSB,2026-03-09 14:19:00,745.55,746.0,745.0,746.0,369
KSB,2026-03-09 14:20:00,746.0,746.0,744.9,745.0,956
KSB,2026-03-09 14:21:00,745.0,745.2,744.1,744.1,194
KSB,2026-03-09 14:22:00,744.1,744.1,743.05,743.9,433
KSB,2026-03-09 14:23:00,745.9,747.0,745.9,746.0,3261
KSB,2026-03-09 14:24:00,745.95,745.95,745.9,745.9,43
KSB,2026-03-09 14:25:00,745.9,747.4,745.5,747.25,485
KSB,2026-03-09 14:26:00,747.25,747.25,746.6,747.0,279
KSB,2026-03-09 14:27:00,747.0,750.4,747.0,749.7,6503
KSB,2026-03-09 14:28:00,749.7,750.3,749.2,749.25,140
KSB,2026-03-09 14:29:00,749.3,749.35,749.0,749.15,177
KSB,2026-03-09 14:30:00,749.15,750.6,749.15,749.95,239
KSB,2026-03-09 14:31:00,749.95,749.95,749.9,749.95,56
KSB,2026-03-09 14:32:00,749.95,751.25,749.95,750.15,197
KSB,2026-03-09 14:33:00,750.15,750.5,749.95,749.95,113
KSB,2026-03-09 14:34:00,749.25,749.7,749.2,749.7,84
KSB,2026-03-09 14:35:00,749.7,750.0,749.2,749.65,686
KSB,2026-03-09 14:36:00,749.65,750.8,749.65,749.95,564
KSB,2026-03-09 14:37:00,749.95,750.0,749.95,750.0,97
KSB,2026-03-09 14:38:00,750.0,751.0,750.0,751.0,106
KSB,2026-03-09 14:39:00,751.05,751.05,750.25,750.25,169
KSB,2026-03-09 14:40:00,750.25,750.25,750.25,750.25,56
KSB,2026-03-09 14:41:00,750.25,750.25,749.15,749.6,167
KSB,2026-03-09 14:42:00,749.6,751.2,749.6,751.2,162
KSB,2026-03-09 14:43:00,751.2,751.2,750.4,750.4,126
KSB,2026-03-09 14:44:00,750.4,750.85,750.4,750.4,121
KSB,2026-03-09 14:45:00,750.4,750.55,750.4,750.4,2
KSB,2026-03-09 14:46:00,751.0,751.95,751.0,751.15,1440
KSB,2026-03-09 14:47:00,751.15,752.7,751.15,752.0,363
KSB,2026-03-09 14:48:00,752.0,752.7,751.9,751.9,181
KSB,2026-03-09 14:49:00,751.9,752.0,751.9,752.0,277
KSB,2026-03-09 14:50:00,752.0,752.0,751.9,751.95,127
KSB,2026-03-09 14:51:00,751.9,752.55,751.9,752.55,20
KSB,2026-03-09 14:52:00,752.55,752.55,751.5,751.5,674
KSB,2026-03-09 14:53:00,751.5,751.5,751.1,751.1,79
KSB,2026-03-09 14:54:00,751.1,751.1,751.1,751.1,24
KSB,2026-03-09 14:55:00,751.1,751.65,751.05,751.65,208
KSB,2026-03-09 14:56:00,751.8,751.8,751.8,751.8,3
KSB,2026-03-09 14:57:00,751.8,751.8,751.65,751.8,27
KSB,2026-03-09 14:58:00,751.8,753.0,751.8,752.9,438
KSB,2026-03-09 14:59:00,752.9,752.9,752.1,752.15,25
KSB,2026-03-09 15:00:00,751.05,752.6,751.05,752.6,1018
KSB,2026-03-09 15:01:00,752.6,752.6,752.0,752.0,206
KSB,2026-03-09 15:02:00,752.0,752.0,751.4,751.4,14
KSB,2026-03-09 15:03:00,751.8,751.8,751.15,751.15,36
KSB,2026-03-09 15:04:00,751.4,752.65,751.4,752.65,442
KSB,2026-03-09 15:05:00,752.7,753.3,752.7,753.3,48
KSB,2026-03-09 15:06:00,753.7,755.0,753.3,754.55,2405
KSB,2026-03-09 15:07:00,754.55,754.55,753.65,754.25,1049
KSB,2026-03-09 15:08:00,754.7,754.7,754.5,754.5,301
KSB,2026-03-09 15:09:00,754.45,754.45,753.35,753.35,72
KSB,2026-03-09 15:10:00,753.35,754.3,753.35,754.1,1294
KSB,2026-03-09 15:11:00,754.1,754.1,753.35,753.35,14
KSB,2026-03-09 15:12:00,753.35,753.7,753.35,753.35,128
KSB,2026-03-09 15:13:00,753.35,755.9,753.35,755.5,878
KSB,2026-03-09 15:14:00,754.95,755.1,753.8,755.1,346
KSB,2026-03-09 15:15:00,755.1,755.1,754.1,754.35,955
KSB,2026-03-09 15:16:00,754.35,754.4,753.35,753.35,670
KSB,2026-03-09 15:17:00,753.35,754.0,753.35,754.0,155
KSB,2026-03-09 15:18:00,753.35,755.45,753.35,754.3,3406
KSB,2026-03-09 15:19:00,754.25,754.25,753.45,754.25,203
KSB,2026-03-09 15:20:00,754.25,754.9,754.25,754.9,993
KSB,2026-03-09 15:21:00,754.9,754.9,754.0,754.85,242
KSB,2026-03-09 15:22:00,754.85,754.85,754.8,754.8,76
KSB,2026-03-09 15:23:00,753.7,754.7,753.25,754.0,1413
KSB,2026-03-09 15:24:00,754.7,754.7,753.4,753.4,1204
KSB,2026-03-09 15:25:00,753.8,754.85,753.3,754.85,1541
KSB,2026-03-09 15:26:00,754.85,754.85,754.0,754.0,66
KSB,2026-03-09 15:27:00,754.0,754.7,748.25,748.25,3174
KSB,2026-03-09 15:28:00,751.65,751.65,748.05,748.3,547
KSB,2026-03-09 15:29:00,748.3,748.3,746.0,746.0,1746
KSB,2026-03-10 09:15:00,753.55,757.6,753.55,754.4,42
KSB,2026-03-10 09:16:00,754.55,756.5,753.55,755.0,414
KSB,2026-03-10 09:17:00,755.0,755.0,754.0,754.4,369
KSB,2026-03-10 09:18:00,754.4,756.85,754.05,756.85,197
KSB,2026-03-10 09:19:00,756.85,757.5,755.35,757.5,895
KSB,2026-03-10 09:20:00,755.75,758.7,755.4,755.4,3239
KSB,2026-03-10 09:21:00,755.4,755.55,755.15,755.55,12
KSB,2026-03-10 09:22:00,755.55,756.4,755.55,756.4,82
KSB,2026-03-10 09:23:00,756.95,756.95,756.15,756.55,76
KSB,2026-03-10 09:24:00,756.55,756.55,754.9,755.85,407
KSB,2026-03-10 09:25:00,754.75,754.75,754.75,754.75,14
KSB,2026-03-10 09:26:00,754.75,754.75,753.85,753.85,245
KSB,2026-03-10 09:27:00,753.85,755.2,753.85,755.2,115
KSB,2026-03-10 09:28:00,755.2,756.5,753.6,756.5,159
KSB,2026-03-10 09:29:00,756.5,756.9,756.5,756.9,807
KSB,2026-03-10 09:30:00,756.65,756.75,756.45,756.75,374
KSB,2026-03-10 09:31:00,756.75,756.75,755.0,755.15,497
KSB,2026-03-10 09:32:00,755.15,756.75,755.15,756.05,241
KSB,2026-03-10 09:33:00,755.45,755.45,755.15,755.15,57
KSB,2026-03-10 09:34:00,755.15,755.55,755.15,755.55,131
KSB,2026-03-10 09:35:00,755.0,755.1,754.35,755.1,12
KSB,2026-03-10 09:36:00,754.6,755.0,754.4,755.0,466
KSB,2026-03-10 09:37:00,755.85,756.6,755.25,755.25,177
KSB,2026-03-10 09:38:00,756.3,756.35,755.55,756.35,125
KSB,2026-03-10 09:39:00,756.35,756.35,755.45,755.6,18
KSB,2026-03-10 09:40:00,755.6,755.6,754.8,754.8,41
KSB,2026-03-10 09:41:00,754.8,754.8,754.75,754.75,2
KSB,2026-03-10 09:42:00,755.8,756.0,755.8,756.0,36
KSB,2026-03-10 09:43:00,755.05,756.05,755.05,755.8,428
KSB,2026-03-10 09:44:00,755.8,756.6,755.8,756.6,74
KSB,2026-03-10 09:45:00,756.6,756.6,756.15,756.15,10
KSB,2026-03-10 09:46:00,756.15,756.6,756.15,756.45,33
KSB,2026-03-10 09:47:00,756.45,756.45,756.45,756.45,50
KSB,2026-03-10 09:48:00,756.45,756.45,756.15,756.25,136
KSB,2026-03-10 09:49:00,756.25,757.0,756.25,756.45,130
KSB,2026-03-10 09:50:00,756.45,756.45,756.45,756.45,0
KSB,2026-03-10 09:51:00,756.45,756.45,756.45,756.45,0
KSB,2026-03-10 09:52:00,756.45,757.0,756.45,757.0,5
KSB,2026-03-10 09:53:00,757.0,757.0,757.0,757.0,43
KSB,2026-03-10 09:54:00,757.0,757.0,757.0,757.0,38
KSB,2026-03-10 09:55:00,756.35,756.35,756.35,756.35,16
KSB,2026-03-10 09:56:00,757.0,757.7,756.75,756.75,191
KSB,2026-03-10 09:57:00,756.35,756.35,755.8,755.8,364
KSB,2026-03-10 09:58:00,755.8,755.8,753.2,753.2,1185
KSB,2026-03-10 09:59:00,752.6,754.05,752.15,754.0,380
KSB,2026-03-10 10:00:00,753.25,753.3,751.75,751.75,237
KSB,2026-03-10 10:01:00,751.75,752.2,751.1,751.35,245
KSB,2026-03-10 10:02:00,751.35,751.85,751.0,751.0,313
KSB,2026-03-10 10:03:00,751.0,751.8,751.0,751.8,446
KSB,2026-03-10 10:04:00,754.15,754.15,751.8,751.8,707
KSB,2026-03-10 10:05:00,751.8,751.8,751.8,751.8,169
KSB,2026-03-10 10:06:00,751.0,751.6,751.0,751.0,173
KSB,2026-03-10 10:07:00,751.0,751.0,751.0,751.0,161
KSB,2026-03-10 10:08:00,751.6,754.55,751.0,754.55,185
KSB,2026-03-10 10:09:00,754.55,754.55,753.35,753.35,7
KSB,2026-03-10 10:10:00,753.35,753.35,753.35,753.35,0
KSB,2026-03-10 10:11:00,753.35,754.2,753.35,754.2,32
KSB,2026-03-10 10:12:00,754.3,754.3,754.0,754.0,41
KSB,2026-03-10 10:13:00,754.0,754.0,752.65,752.65,3
KSB,2026-03-10 10:14:00,752.65,753.05,752.65,753.05,41
KSB,2026-03-10 10:15:00,753.05,754.45,753.05,754.45,133
KSB,2026-03-10 10:16:00,754.45,755.15,754.45,755.15,15
KSB,2026-03-10 10:17:00,755.15,756.3,755.15,756.3,18
KSB,2026-03-10 10:18:00,756.3,756.3,756.0,756.0,105
KSB,2026-03-10 10:19:00,755.15,756.85,755.15,756.85,53
KSB,2026-03-10 10:20:00,756.85,757.95,756.85,757.8,1011
KSB,2026-03-10 10:21:00,757.8,758.4,757.8,758.4,15
KSB,2026-03-10 10:22:00,758.4,758.65,757.95,757.95,63
KSB,2026-03-10 10:23:00,757.95,758.6,757.95,758.6,101
KSB,2026-03-10 10:24:00,758.6,758.6,758.6,758.6,0
KSB,2026-03-10 10:25:00,758.6,758.6,758.0,758.0,1
KSB,2026-03-10 10:26:00,758.0,758.0,758.0,758.0,0
KSB,2026-03-10 10:27:00,758.0,758.0,758.0,758.0,0
KSB,2026-03-10 10:28:00,758.0,758.5,758.0,758.5,47
KSB,2026-03-10 10:29:00,758.5,758.5,757.65,757.65,317
KSB,2026-03-10 10:30:00,757.65,757.65,756.1,756.1,10
KSB,2026-03-10 10:31:00,756.1,757.05,756.1,757.05,59
KSB,2026-03-10 10:32:00,757.05,757.5,757.05,757.5,51
KSB,2026-03-10 10:33:00,757.5,758.05,757.5,758.0,17
KSB,2026-03-10 10:34:00,758.0,758.0,758.0,758.0,1
KSB,2026-03-10 10:35:00,758.0,758.0,757.8,757.8,1
KSB,2026-03-10 10:36:00,757.8,757.8,757.15,757.15,106
KSB,2026-03-10 10:37:00,757.15,757.15,756.75,756.75,31
KSB,2026-03-10 10:38:00,756.75,756.75,755.65,756.2,49
KSB,2026-03-10 10:39:00,756.2,756.2,756.2,756.2,0
KSB,2026-03-10 10:40:00,756.2,756.2,756.2,756.2,35
KSB,2026-03-10 10:41:00,756.2,756.2,755.6,755.6,207
KSB,2026-03-10 10:42:00,755.6,755.85,755.6,755.85,13
KSB,2026-03-10 10:43:00,755.85,755.85,755.25,755.25,515
KSB,2026-03-10 10:44:00,755.25,755.25,755.1,755.1,252
KSB,2026-03-10 10:45:00,756.25,757.95,755.0,757.95,558
KSB,2026-03-10 10:46:00,757.95,757.95,757.0,757.0,2
KSB,2026-03-10 10:47:00,757.65,757.65,756.95,757.65,22
KSB,2026-03-10 10:48:00,757.65,757.65,756.2,756.2,304
KSB,2026-03-10 10:49:00,756.2,757.5,756.2,757.2,18
KSB,2026-03-10 10:50:00,757.2,757.3,757.2,757.25,101
KSB,2026-03-10 10:51:00,757.95,757.95,757.95,757.95,80
KSB,2026-03-10 10:52:00,758.2,758.2,758.2,758.2,10
KSB,2026-03-10 10:53:00,758.2,758.2,758.2,758.2,0
KSB,2026-03-10 10:54:00,758.2,758.2,758.2,758.2,0
KSB,2026-03-10 10:55:00,757.8,757.8,757.0,757.1,37
KSB,2026-03-10 10:56:00,757.1,757.3,757.1,757.3,20
KSB,2026-03-10 10:57:00,757.3,757.3,756.55,756.55,2
KSB,2026-03-10 10:58:00,756.55,757.0,756.55,757.0,8
KSB,2026-03-10 10:59:00,757.0,757.0,756.95,756.95,26
KSB,2026-03-10 11:00:00,756.95,756.95,756.95,756.95,0
KSB,2026-03-10 11:01:00,756.95,756.95,756.95,756.95,2
KSB,2026-03-10 11:02:00,756.0,756.0,756.0,756.0,883
KSB,2026-03-10 11:03:00,756.0,756.0,756.0,756.0,0
KSB,2026-03-10 11:04:00,756.0,757.0,756.0,757.0,40
KSB,2026-03-10 11:05:00,757.0,757.3,757.0,757.3,11
KSB,2026-03-10 11:06:00,757.3,758.2,757.3,758.0,251
KSB,2026-03-10 11:07:00,758.0,758.0,758.0,758.0,0
KSB,2026-03-10 11:08:00,758.0,758.05,758.0,758.05,14
KSB,2026-03-10 11:09:00,758.05,758.05,758.05,758.05,0
KSB,2026-03-10 11:10:00,758.4,758.4,757.45,757.45,356
KSB,2026-03-10 11:11:00,757.45,758.35,757.45,758.35,21
KSB,2026-03-10 11:12:00,758.35,758.35,758.35,758.35,0
KSB,2026-03-10 11:13:00,758.35,758.35,757.3,757.3,93
KSB,2026-03-10 11:14:00,757.3,757.4,755.75,755.75,456
KSB,2026-03-10 11:15:00,755.75,756.3,755.75,756.3,2
KSB,2026-03-10 11:16:00,757.0,757.0,757.0,757.0,40
KSB,2026-03-10 11:17:00,757.0,757.0,757.0,757.0,100
KSB,2026-03-10 11:18:00,757.0,757.0,757.0,757.0,0
KSB,2026-03-10 11:19:00,757.0,757.0,756.95,756.95,15
KSB,2026-03-10 11:20:00,756.95,758.95,756.95,758.95,1089
KSB,2026-03-10 11:21:00,758.95,759.75,758.95,759.75,221
KSB,2026-03-10 11:22:00,759.4,760.15,759.05,759.05,440
KSB,2026-03-10 11:23:00,759.05,759.5,758.65,758.65,32
KSB,2026-03-10 11:24:00,758.65,759.5,758.65,759.5,2
KSB,2026-03-10 11:25:00,759.5,759.5,759.5,759.5,0
KSB,2026-03-10 11:26:00,759.05,759.05,754.05,754.2,1001
KSB,2026-03-10 11:27:00,754.2,754.2,753.0,753.2,318
KSB,2026-03-10 11:28:00,753.2,756.15,753.2,755.5,1030
KSB,2026-03-10 11:29:00,755.5,756.3,755.5,756.3,8
KSB,2026-03-10 11:30:00,756.3,756.3,755.5,755.6,184
KSB,2026-03-10 11:31:00,755.6,755.6,755.6,755.6,0
KSB,2026-03-10 11:32:00,755.6,756.65,755.6,756.45,170
KSB,2026-03-10 11:33:00,756.45,756.45,756.45,756.45,0
KSB,2026-03-10 11:34:00,756.45,756.45,756.4,756.4,64
KSB,2026-03-10 11:35:00,756.4,757.25,755.7,755.75,150
KSB,2026-03-10 11:36:00,755.75,755.75,755.75,755.75,1
KSB,2026-03-10 11:37:00,756.4,756.4,756.15,756.15,57
KSB,2026-03-10 11:38:00,756.15,756.15,756.15,756.15,0
KSB,2026-03-10 11:39:00,756.15,756.15,756.15,756.15,0
KSB,2026-03-10 11:40:00,756.15,756.15,756.1,756.1,7
KSB,2026-03-10 11:41:00,756.1,756.1,756.1,756.1,0
KSB,2026-03-10 11:42:00,756.0,756.75,756.0,756.2,19
KSB,2026-03-10 11:43:00,755.95,755.95,755.95,755.95,131
KSB,2026-03-10 11:44:00,755.95,755.95,755.95,755.95,0
KSB,2026-03-10 11:45:00,755.75,755.75,755.15,755.55,91
KSB,2026-03-10 11:46:00,755.55,755.55,755.0,755.0,311
KSB,2026-03-10 11:47:00,755.0,755.0,755.0,755.0,12
KSB,2026-03-10 11:48:00,755.0,755.3,753.15,753.15,392
KSB,2026-03-10 11:49:00,753.15,753.5,753.15,753.5,28
KSB,2026-03-10 11:50:00,753.5,753.5,753.5,753.5,0
KSB,2026-03-10 11:51:00,753.9,754.0,753.9,754.0,14
KSB,2026-03-10 11:52:00,754.0,754.0,754.0,754.0,0
KSB,2026-03-10 11:53:00,754.0,754.75,754.0,754.2,132
KSB,2026-03-10 11:54:00,754.2,754.4,754.1,754.4,176
KSB,2026-03-10 11:55:00,754.4,755.15,754.4,755.15,6
KSB,2026-03-10 11:56:00,755.15,755.15,754.65,754.65,37
KSB,2026-03-10 11:57:00,754.65,754.65,754.65,754.65,0
KSB,2026-03-10 11:58:00,754.65,754.65,754.65,754.65,0
KSB,2026-03-10 11:59:00,754.65,755.25,754.65,754.7,57
KSB,2026-03-10 12:00:00,754.7,754.7,754.7,754.7,0
KSB,2026-03-10 12:01:00,754.7,754.7,754.7,754.7,0
KSB,2026-03-10 12:02:00,754.7,754.75,754.7,754.75,3
KSB,2026-03-10 12:03:00,754.75,754.8,754.75,754.8,5
KSB,2026-03-10 12:04:00,754.8,755.35,754.8,755.35,46
KSB,2026-03-10 12:05:00,755.35,755.35,755.35,755.35,0
KSB,2026-03-10 12:06:00,755.35,755.35,755.35,755.35,0
KSB,2026-03-10 12:07:00,755.35,755.35,754.95,754.95,358
KSB,2026-03-10 12:08:00,754.95,755.2,754.75,754.75,147
KSB,2026-03-10 12:09:00,754.75,754.75,754.75,754.75,0
KSB,2026-03-10 12:10:00,754.75,754.75,754.45,754.45,32
KSB,2026-03-10 12:11:00,754.45,754.45,753.9,754.45,355
KSB,2026-03-10 12:12:00,754.45,756.1,754.45,755.95,442
KSB,2026-03-10 12:13:00,755.95,755.95,755.8,755.8,12
KSB,2026-03-10 12:14:00,755.8,756.2,755.6,755.6,183
KSB,2026-03-10 12:15:00,755.6,755.6,755.6,755.6,0
KSB,2026-03-10 12:16:00,755.6,755.6,755.6,755.6,0
KSB,2026-03-10 12:17:00,756.2,756.2,756.2,756.2,67
KSB,2026-03-10 12:18:00,756.1,756.1,756.1,756.1,7
KSB,2026-03-10 12:19:00,756.1,756.1,755.8,755.8,20
KSB,2026-03-10 12:20:00,755.8,756.6,755.2,756.6,124
KSB,2026-03-10 12:21:00,756.6,756.6,755.9,755.9,16
KSB,2026-03-10 12:22:00,755.9,755.9,755.45,755.45,57
KSB,2026-03-10 12:23:00,755.45,755.45,755.0,755.0,76
KSB,2026-03-10 12:24:00,755.05,755.05,755.0,755.0,250
KSB,2026-03-10 12:25:00,755.0,755.55,755.0,755.55,145
KSB,2026-03-10 12:26:00,755.55,755.55,755.55,755.55,0
KSB,2026-03-10 12:27:00,755.55,755.55,755.55,755.55,0
KSB,2026-03-10 12:28:00,755.55,755.6,755.05,755.6,156
KSB,2026-03-10 12:29:00,755.6,756.0,755.6,756.0,46
KSB,2026-03-10 12:30:00,756.0,756.0,756.0,756.0,0
KSB,2026-03-10 12:31:00,756.0,756.0,756.0,756.0,0
KSB,2026-03-10 12:32:00,755.7,755.7,755.7,755.7,171
KSB,2026-03-10 12:33:00,755.7,757.55,755.7,756.75,186
KSB,2026-03-10 12:34:00,756.75,757.15,756.0,757.15,87
KSB,2026-03-10 12:35:00,757.15,757.15,756.55,756.55,90
KSB,2026-03-10 12:36:00,756.55,757.55,756.55,757.55,40
KSB,2026-03-10 12:37:00,757.55,757.55,756.55,756.6,480
KSB,2026-03-10 12:38:00,756.6,757.15,756.6,757.15,27
KSB,2026-03-10 12:39:00,757.15,757.15,757.15,757.15,0
KSB,2026-03-10 12:40:00,757.15,757.75,757.15,757.3,36
KSB,2026-03-10 12:41:00,757.3,757.3,757.3,757.3,0
KSB,2026-03-10 12:42:00,757.3,757.75,757.05,757.05,83
KSB,2026-03-10 12:43:00,757.05,757.05,757.05,757.05,54
KSB,2026-03-10 12:44:00,757.05,757.05,757.05,757.05,0
KSB,2026-03-10 12:45:00,757.05,757.05,756.6,756.6,9
KSB,2026-03-10 12:46:00,756.6,757.0,756.25,757.0,144
KSB,2026-03-10 12:47:00,757.0,757.0,757.0,757.0,1
KSB,2026-03-10 12:48:00,757.0,757.35,756.9,757.35,96
KSB,2026-03-10 12:49:00,757.25,760.0,757.25,760.0,3221
KSB,2026-03-10 12:50:00,760.0,760.5,758.15,758.85,933
KSB,2026-03-10 12:51:00,758.85,758.85,758.85,758.85,0
KSB,2026-03-10 12:52:00,758.95,758.95,758.95,758.95,65
KSB,2026-03-10 12:53:00,758.4,758.4,758.35,758.35,142
KSB,2026-03-10 12:54:00,758.35,759.65,758.35,759.65,146
KSB,2026-03-10 12:55:00,759.65,759.65,759.65,759.65,0
KSB,2026-03-10 12:56:00,759.65,759.65,759.05,759.05,15
KSB,2026-03-10 12:57:00,759.05,759.45,759.05,759.45,13
KSB,2026-03-10 12:58:00,759.45,759.45,758.6,758.85,225
KSB,2026-03-10 12:59:00,758.6,758.8,758.6,758.8,9
KSB,2026-03-10 13:00:00,758.65,760.8,758.65,760.2,2040
KSB,2026-03-10 13:01:00,760.2,761.3,760.2,760.75,152
KSB,2026-03-10 13:02:00,760.75,760.75,760.75,760.75,6
KSB,2026-03-10 13:03:00,760.75,760.75,760.75,760.75,0
KSB,2026-03-10 13:04:00,760.65,760.75,760.25,760.75,59
KSB,2026-03-10 13:05:00,760.75,760.75,760.75,760.75,0
KSB,2026-03-10 13:06:00,760.75,761.4,760.75,760.75,76
KSB,2026-03-10 13:07:00,760.75,760.75,760.25,760.25,40
KSB,2026-03-10 13:08:00,760.25,760.4,760.25,760.4,72
KSB,2026-03-10 13:09:00,760.25,760.8,759.6,759.6,647
KSB,2026-03-10 13:10:00,759.6,760.35,759.6,759.6,14
KSB,2026-03-10 13:11:00,759.6,759.6,759.6,759.6,0
KSB,2026-03-10 13:12:00,759.6,760.35,759.6,760.35,213
KSB,2026-03-10 13:13:00,760.35,760.85,760.05,760.85,300
KSB,2026-03-10 13:14:00,760.85,760.85,760.3,760.3,271
KSB,2026-03-10 13:15:00,760.3,760.4,760.3,760.4,20
KSB,2026-03-10 13:16:00,760.4,760.4,760.4,760.4,0
KSB,2026-03-10 13:17:00,760.4,760.4,760.0,760.0,23
KSB,2026-03-10 13:18:00,760.25,760.25,760.0,760.0,491
KSB,2026-03-10 13:19:00,760.0,760.0,760.0,760.0,0
KSB,2026-03-10 13:20:00,760.0,760.2,760.0,760.2,53
KSB,2026-03-10 13:21:00,760.25,760.25,760.2,760.2,36
KSB,2026-03-10 13:22:00,760.2,760.2,759.4,759.65,235
KSB,2026-03-10 13:23:00,759.65,759.65,759.65,759.65,10
KSB,2026-03-10 13:24:00,759.65,759.65,757.7,757.7,1249
KSB,2026-03-10 13:25:00,757.7,758.4,757.7,758.3,178
KSB,2026-03-10 13:26:00,758.3,758.3,758.3,758.3,0
KSB,2026-03-10 13:27:00,758.3,758.3,758.3,758.3,0
KSB,2026-03-10 13:28:00,758.3,758.3,758.3,758.3,0
KSB,2026-03-10 13:29:00,758.85,760.0,758.85,760.0,341
KSB,2026-03-10 13:30:00,760.0,760.0,760.0,760.0,0
KSB,2026-03-10 13:31:00,760.0,760.0,760.0,760.0,31
KSB,2026-03-10 13:32:00,760.0,760.0,760.0,760.0,0
KSB,2026-03-10 13:33:00,760.0,760.0,760.0,760.0,0
KSB,2026-03-10 13:34:00,760.0,762.6,760.0,761.0,1235
KSB,2026-03-10 13:35:00,761.0,761.0,760.65,760.65,63
KSB,2026-03-10 13:36:00,760.65,760.65,760.65,760.65,4
KSB,2026-03-10 13:37:00,760.65,760.65,760.65,760.65,2
KSB,2026-03-10 13:38:00,760.65,761.1,760.65,761.0,157
KSB,2026-03-10 13:39:00,761.0,761.0,761.0,761.0,0
KSB,2026-03-10 13:40:00,761.0,761.0,761.0,761.0,0
KSB,2026-03-10 13:41:00,761.0,761.05,760.95,761.05,316
KSB,2026-03-10 13:42:00,761.05,761.05,761.05,761.05,0
KSB,2026-03-10 13:43:00,760.0,760.0,758.75,759.15,1429
KSB,2026-03-10 13:44:00,759.15,760.25,759.15,760.25,11
KSB,2026-03-10 13:45:00,760.25,760.25,760.25,760.25,0
KSB,2026-03-10 13:46:00,760.0,760.05,760.0,760.05,60
KSB,2026-03-10 13:47:00,760.05,760.05,760.0,760.0,1
KSB,2026-03-10 13:48:00,760.0,760.0,760.0,760.0,12
KSB,2026-03-10 13:49:00,760.0,760.0,760.0,760.0,0
KSB,2026-03-10 13:50:00,760.5,760.7,759.9,760.7,493
KSB,2026-03-10 13:51:00,760.7,760.7,760.7,760.7,0
KSB,2026-03-10 13:52:00,760.7,761.05,760.7,760.7,10
KSB,2026-03-10 13:53:00,761.05,762.4,761.0,761.5,214
KSB,2026-03-10 13:54:00,761.5,761.75,760.95,761.75,41
KSB,2026-03-10 13:55:00,760.95,760.95,760.95,760.95,79
KSB,2026-03-10 13:56:00,760.95,760.95,760.95,760.95,0
KSB,2026-03-10 13:57:00,761.75,761.75,759.6,759.6,193
KSB,2026-03-10 13:58:00,759.6,759.65,759.6,759.65,2
KSB,2026-03-10 13:59:00,759.65,759.8,759.3,759.8,244
KSB,2026-03-10 14:00:00,759.8,760.65,759.8,760.6,42
KSB,2026-03-10 14:01:00,760.6,760.6,760.6,760.6,0
KSB,2026-03-10 14:02:00,760.6,760.65,760.6,760.65,1
KSB,2026-03-10 14:03:00,760.65,760.65,760.65,760.65,0
KSB,2026-03-10 14:04:00,760.65,760.65,760.65,760.65,0
KSB,2026-03-10 14:05:00,760.0,760.8,760.0,760.75,125
KSB,2026-03-10 14:06:00,760.75,760.75,760.75,760.75,0
KSB,2026-03-10 14:07:00,760.75,760.85,760.55,760.6,163
KSB,2026-03-10 14:08:00,760.6,760.6,760.6,760.6,0
KSB,2026-03-10 14:09:00,760.6,761.6,760.6,761.6,23
KSB,2026-03-10 14:10:00,761.35,761.85,761.35,761.85,214
KSB,2026-03-10 14:11:00,761.85,761.85,760.95,760.95,23
KSB,2026-03-10 14:12:00,760.95,761.85,760.95,761.25,123
KSB,2026-03-10 14:13:00,761.25,761.25,761.25,761.25,0
KSB,2026-03-10 14:14:00,761.25,761.25,761.25,761.25,0
KSB,2026-03-10 14:15:00,761.25,761.85,761.25,761.5,46
KSB,2026-03-10 14:16:00,761.5,761.5,760.45,760.45,151
KSB,2026-03-10 14:17:00,760.45,760.45,760.45,760.45,0
KSB,2026-03-10 14:18:00,760.45,760.45,760.35,760.35,13
KSB,2026-03-10 14:19:00,760.35,760.35,759.85,759.85,59
KSB,2026-03-10 14:20:00,759.85,759.85,759.5,759.65,153
KSB,2026-03-10 14:21:00,759.65,759.65,759.3,759.3,53
KSB,2026-03-10 14:22:00,759.3,759.3,759.3,759.3,0
KSB,2026-03-10 14:23:00,759.7,759.7,759.25,759.25,375
KSB,2026-03-10 14:24:00,759.25,759.25,759.25,759.25,0
KSB,2026-03-10 14:25:00,759.25,760.35,759.25,760.35,8
KSB,2026-03-10 14:26:00,760.35,760.35,760.25,760.25,43
KSB,2026-03-10 14:27:00,760.25,761.05,760.25,760.4,16
KSB,2026-03-10 14:28:00,760.4,760.4,760.4,760.4,0
KSB,2026-03-10 14:29:00,760.5,760.5,760.45,760.5,50
KSB,2026-03-10 14:30:00,760.5,760.55,760.5,760.55,6
KSB,2026-03-10 14:31:00,760.55,760.6,760.55,760.6,308
KSB,2026-03-10 14:32:00,760.6,760.6,760.5,760.6,145
KSB,2026-03-10 14:33:00,760.6,760.6,760.6,760.6,0
KSB,2026-03-10 14:34:00,760.6,760.6,760.6,760.6,0
KSB,2026-03-10 14:35:00,760.6,760.6,760.6,760.6,0
KSB,2026-03-10 14:36:00,760.55,760.55,760.5,760.55,154
KSB,2026-03-10 14:37:00,760.55,760.55,760.55,760.55,0
KSB,2026-03-10 14:38:00,760.55,761.1,760.55,761.05,100
KSB,2026-03-10 14:39:00,761.05,761.75,761.05,761.75,1
KSB,2026-03-10 14:40:00,761.75,761.75,761.05,761.15,36
KSB,2026-03-10 14:41:00,761.15,761.15,761.15,761.15,0
KSB,2026-03-10 14:42:00,761.15,762.15,761.1,761.1,275
KSB,2026-03-10 14:43:00,761.05,761.9,761.05,761.6,81
KSB,2026-03-10 14:44:00,761.05,761.65,760.8,760.8,97
KSB,2026-03-10 14:45:00,761.0,761.0,760.9,760.9,65
KSB,2026-03-10 14:46:00,761.6,761.6,760.9,760.9,1012
KSB,2026-03-10 14:47:00,760.9,760.9,760.9,760.9,0
KSB,2026-03-10 14:48:00,760.9,763.05,760.9,763.05,294
KSB,2026-03-10 14:49:00,763.05,763.6,762.85,763.6,134
KSB,2026-03-10 14:50:00,763.6,763.6,763.6,763.6,13
KSB,2026-03-10 14:51:00,763.6,763.6,760.05,760.9,7785
KSB,2026-03-10 14:52:00,760.9,761.95,760.9,761.95,50
KSB,2026-03-10 14:53:00,761.6,761.6,760.7,760.7,2
KSB,2026-03-10 14:54:00,762.65,762.8,762.65,762.8,522
KSB,2026-03-10 14:55:00,762.8,762.8,762.5,762.8,62
KSB,2026-03-10 14:56:00,762.8,763.65,762.1,763.65,933
KSB,2026-03-10 14:57:00,763.65,763.65,763.5,763.5,5
KSB,2026-03-10 14:58:00,763.5,763.65,763.5,763.65,63
KSB,2026-03-10 14:59:00,763.2,763.65,763.15,763.15,35
KSB,2026-03-10 15:00:00,763.15,763.65,762.0,762.75,86
KSB,2026-03-10 15:01:00,762.75,762.75,761.5,762.1,168
KSB,2026-03-10 15:02:00,762.1,762.1,762.05,762.05,5
KSB,2026-03-10 15:03:00,762.0,762.75,762.0,762.7,143
KSB,2026-03-10 15:04:00,762.7,762.7,761.4,762.0,224
KSB,2026-03-10 15:05:00,762.0,762.0,761.0,761.85,105
KSB,2026-03-10 15:06:00,761.85,762.0,761.0,761.6,737
KSB,2026-03-10 15:07:00,761.6,762.0,760.85,762.0,89
KSB,2026-03-10 15:08:00,761.8,761.85,761.8,761.85,37
KSB,2026-03-10 15:09:00,761.85,761.95,761.25,761.95,289
KSB,2026-03-10 15:10:00,761.95,762.6,761.85,762.6,397
KSB,2026-03-10 15:11:00,762.6,763.0,761.6,762.7,369
KSB,2026-03-10 15:12:00,762.7,762.7,762.0,762.0,49
KSB,2026-03-10 15:13:00,762.45,763.0,762.25,762.65,393
KSB,2026-03-10 15:14:00,762.3,762.65,762.3,762.45,192
KSB,2026-03-10 15:15:00,762.25,762.65,762.25,762.65,346
KSB,2026-03-10 15:16:00,762.65,762.65,762.4,762.5,508
KSB,2026-03-10 15:17:00,762.4,762.9,762.4,762.85,125
KSB,2026-03-10 15:18:00,762.65,762.85,760.45,760.45,5066
KSB,2026-03-10 15:19:00,760.2,761.45,760.0,761.45,468
KSB,2026-03-10 15:20:00,761.05,761.9,760.55,761.9,744
KSB,2026-03-10 15:21:00,761.9,761.9,760.8,761.0,61
KSB,2026-03-10 15:22:00,761.0,761.75,760.75,761.4,440
KSB,2026-03-10 15:23:00,761.4,762.75,760.75,762.45,836
KSB,2026-03-10 15:24:00,762.45,762.95,761.35,761.5,284
KSB,2026-03-10 15:25:00,762.5,763.95,761.2,762.35,865
KSB,2026-03-10 15:26:00,762.35,762.9,761.5,762.1,205
KSB,2026-03-10 15:27:00,762.2,762.65,761.75,761.9,943
KSB,2026-03-10 15:28:00,762.4,762.4,761.05,762.35,527
KSB,2026-03-10 15:29:00,762.7,762.7,761.2,761.2,801
KSB,2026-03-11 09:15:00,777.0,797.35,771.1,785.0,33142
KSB,2026-03-11 09:16:00,785.0,789.0,782.55,784.55,20380
KSB,2026-03-11 09:17:00,784.55,788.2,783.95,784.5,19309
KSB,2026-03-11 09:18:00,784.3,788.25,784.2,786.0,14209
KSB,2026-03-11 09:19:00,783.4,786.15,783.0,783.7,7407
KSB,2026-03-11 09:20:00,783.5,783.5,777.0,781.75,12991
KSB,2026-03-11 09:21:00,781.75,787.0,780.75,787.0,4874
KSB,2026-03-11 09:22:00,785.85,785.85,778.3,779.4,10001
KSB,2026-03-11 09:23:00,780.0,781.9,776.5,776.5,13328
KSB,2026-03-11 09:24:00,775.4,775.4,770.0,773.85,14332
KSB,2026-03-11 09:25:00,772.9,775.1,772.25,775.0,7056
KSB,2026-03-11 09:26:00,774.8,775.85,773.0,775.7,5623
KSB,2026-03-11 09:27:00,775.85,780.0,775.85,778.35,4018
KSB,2026-03-11 09:28:00,778.4,781.15,778.15,778.15,7225
KSB,2026-03-11 09:29:00,777.5,779.0,776.5,776.5,6746
KSB,2026-03-11 09:30:00,776.5,777.35,776.05,776.5,1845
KSB,2026-03-11 09:31:00,777.65,778.9,776.0,778.6,1602
KSB,2026-03-11 09:32:00,778.0,778.7,778.0,778.5,675
KSB,2026-03-11 09:33:00,778.5,780.0,777.45,778.95,1655
KSB,2026-03-11 09:34:00,778.5,779.8,777.1,779.65,1413
KSB,2026-03-11 09:35:00,779.75,780.7,778.75,780.25,930
KSB,2026-03-11 09:36:00,780.25,780.25,777.1,778.25,5712
KSB,2026-03-11 09:37:00,777.25,777.3,776.5,776.5,2153
KSB,2026-03-11 09:38:00,776.5,781.2,776.5,780.0,3380
KSB,2026-03-11 09:39:00,782.0,786.55,781.45,783.8,8146
KSB,2026-03-11 09:40:00,784.9,786.8,783.15,783.15,5737
KSB,2026-03-11 09:41:00,782.95,783.75,775.15,775.15,4683
KSB,2026-03-11 09:42:00,775.15,777.5,774.25,777.0,6449
KSB,2026-03-11 09:43:00,777.0,779.0,776.0,779.0,1147
KSB,2026-03-11 09:44:00,779.0,780.2,777.6,777.9,1328
KSB,2026-03-11 09:45:00,777.0,777.9,777.0,777.85,1013
KSB,2026-03-11 09:46:00,777.9,778.15,776.65,776.65,1204
KSB,2026-03-11 09:47:00,777.0,778.9,777.0,778.9,1942
KSB,2026-03-11 09:48:00,778.85,785.6,778.05,785.0,7693
KSB,2026-03-11 09:49:00,785.7,787.65,785.7,786.0,8179
KSB,2026-03-11 09:50:00,782.0,784.3,781.85,783.5,7515
KSB,2026-03-11 09:51:00,783.35,784.4,782.9,782.9,2948
KSB,2026-03-11 09:52:00,784.25,784.3,782.35,782.35,1736
KSB,2026-03-11 09:53:00,782.35,782.7,780.1,781.5,1741
KSB,2026-03-11 09:54:00,781.5,782.0,780.25,781.15,457
KSB,2026-03-11 09:55:00,781.25,781.65,780.55,781.5,622
KSB,2026-03-11 09:56:00,781.5,781.5,780.0,780.15,1385
KSB,2026-03-11 09:57:00,781.15,782.0,780.4,781.45,1397
KSB,2026-03-11 09:58:00,781.45,783.7,780.4,780.4,3353
KSB,2026-03-11 09:59:00,780.4,780.45,780.4,780.45,1033
KSB,2026-03-11 10:00:00,780.45,780.85,780.3,780.5,527
KSB,2026-03-11 10:01:00,780.5,780.5,779.5,779.5,1470
KSB,2026-03-11 10:02:00,779.5,779.75,778.0,778.85,1702
KSB,2026-03-11 10:03:00,779.0,780.7,778.35,780.3,1121
KSB,2026-03-11 10:04:00,780.65,780.65,778.0,778.0,746
KSB,2026-03-11 10:05:00,778.0,778.0,775.7,776.8,3004
KSB,2026-03-11 10:06:00,776.8,779.3,776.35,779.3,1127
KSB,2026-03-11 10:07:00,779.3,779.85,778.9,779.6,433
KSB,2026-03-11 10:08:00,779.6,779.6,778.5,779.2,289
KSB,2026-03-11 10:09:00,778.5,778.5,777.3,777.3,501
KSB,2026-03-11 10:10:00,777.3,778.0,776.15,776.15,869
KSB,2026-03-11 10:11:00,776.15,777.0,775.1,775.95,5540
KSB,2026-03-11 10:12:00,775.95,776.0,775.65,775.95,1549
KSB,2026-03-11 10:13:00,775.0,779.1,775.0,778.05,1546
KSB,2026-03-11 10:14:00,778.05,778.2,777.2,777.2,182
KSB,2026-03-11 10:15:00,777.0,777.75,776.5,777.0,327
KSB,2026-03-11 10:16:00,777.0,777.0,776.2,776.2,78
KSB,2026-03-11 10:17:00,776.2,777.0,776.2,777.0,1287
KSB,2026-03-11 10:18:00,777.0,778.4,777.0,778.4,276
KSB,2026-03-11 10:19:00,778.4,778.75,777.45,778.5,484
KSB,2026-03-11 10:20:00,778.8,778.8,776.95,777.0,820
KSB,2026-03-11 10:21:00,777.1,778.45,777.1,778.0,443
KSB,2026-03-11 10:22:00,777.05,777.2,777.05,777.15,72
KSB,2026-03-11 10:23:00,777.15,778.95,777.15,777.9,464
KSB,2026-03-11 10:24:00,777.9,778.75,777.9,778.75,17
KSB,2026-03-11 10:25:00,778.75,778.75,777.0,777.35,498
KSB,2026-03-11 10:26:00,777.35,777.35,776.25,777.0,490
KSB,2026-03-11 10:27:00,776.9,776.9,775.1,776.3,597
KSB,2026-03-11 10:28:00,776.3,776.3,775.3,775.85,206
KSB,2026-03-11 10:29:00,775.0,775.7,775.0,775.7,315
KSB,2026-03-11 10:30:00,775.7,775.8,775.7,775.75,178
KSB,2026-03-11 10:31:00,775.75,777.0,775.75,777.0,872
KSB,2026-03-11 10:32:00,776.2,777.0,776.15,776.75,185
KSB,2026-03-11 10:33:00,777.0,777.0,775.75,776.6,503
KSB,2026-03-11 10:34:00,776.6,776.6,775.75,776.5,65
KSB,2026-03-11 10:35:00,776.5,776.5,774.0,774.0,491
KSB,2026-03-11 10:36:00,774.0,774.75,773.55,773.55,610
KSB,2026-03-11 10:37:00,773.5,774.7,773.35,774.0,4875
KSB,2026-03-11 10:38:00,773.75,774.75,773.75,774.2,42
KSB,2026-03-11 10:39:00,774.05,774.8,774.0,774.8,111
KSB,2026-03-11 10:40:00,774.8,774.95,774.2,774.85,114
KSB,2026-03-11 10:41:00,774.85,774.85,774.05,774.05,234
KSB,2026-03-11 10:42:00,774.9,774.9,774.2,774.8,519
KSB,2026-03-11 10:43:00,774.8,774.8,773.35,773.35,446
KSB,2026-03-11 10:44:00,773.35,773.8,772.2,773.8,2581
KSB,2026-03-11 10:45:00,773.8,773.85,772.55,773.8,181
KSB,2026-03-11 10:46:00,773.8,773.8,772.85,772.85,361
KSB,2026-03-11 10:47:00,772.85,773.4,772.1,772.1,438
KSB,2026-03-11 10:48:00,772.3,772.75,772.0,772.75,233
KSB,2026-03-11 10:49:00,772.75,773.05,772.75,773.05,347
KSB,2026-03-11 10:50:00,773.05,773.95,773.05,773.95,17
KSB,2026-03-11 10:51:00,773.95,773.95,773.0,773.85,224
KSB,2026-03-11 10:52:00,773.8,773.85,773.2,773.85,43
KSB,2026-03-11 10:53:00,773.85,773.85,772.8,772.8,360
KSB,2026-03-11 10:54:00,772.8,772.85,772.0,772.85,1045
KSB,2026-03-11 10:55:00,773.0,773.0,772.65,772.8,590
KSB,2026-03-11 10:56:00,772.8,772.8,772.7,772.7,190
KSB,2026-03-11 10:57:00,772.7,772.7,772.0,772.55,552
KSB,2026-03-11 10:58:00,772.55,772.6,772.55,772.6,182
KSB,2026-03-11 10:59:00,772.6,772.95,772.6,772.95,325
KSB,2026-03-11 11:00:00,772.95,773.0,772.6,773.0,74
KSB,2026-03-11 11:01:00,773.0,773.0,773.0,773.0,438
KSB,2026-03-11 11:02:00,773.0,773.0,773.0,773.0,131
KSB,2026-03-11 11:03:00,773.0,773.2,773.0,773.2,477
KSB,2026-03-11 11:04:00,773.2,773.9,773.2,773.9,52
KSB,2026-03-11 11:05:00,773.9,773.9,773.85,773.85,6
KSB,2026-03-11 11:06:00,773.95,773.95,773.2,773.2,194
KSB,2026-03-11 11:07:00,773.2,773.2,771.5,771.5,2773
KSB,2026-03-11 11:08:00,771.5,771.5,771.5,771.5,95
KSB,2026-03-11 11:09:00,771.1,771.55,771.1,771.1,335
KSB,2026-03-11 11:10:00,771.5,771.5,770.3,770.3,3157
KSB,2026-03-11 11:11:00,768.3,768.65,767.05,767.65,4348
KSB,2026-03-11 11:12:00,767.65,768.5,767.65,768.5,1727
KSB,2026-03-11 11:13:00,768.5,768.5,768.0,768.0,1808
KSB,2026-03-11 11:14:00,768.0,768.9,768.0,768.8,900
KSB,2026-03-11 11:15:00,768.8,768.8,768.0,768.0,890
KSB,2026-03-11 11:16:00,768.6,768.6,767.05,767.6,867
KSB,2026-03-11 11:17:00,767.6,767.9,766.4,766.95,2397
KSB,2026-03-11 11:18:00,767.35,768.75,767.35,768.75,418
KSB,2026-03-11 11:19:00,768.85,768.95,768.6,768.95,600
KSB,2026-03-11 11:20:00,768.95,768.95,767.6,768.7,455
KSB,2026-03-11 11:21:00,768.7,768.7,768.55,768.6,391
KSB,2026-03-11 11:22:00,768.6,768.6,767.5,768.6,242
KSB,2026-03-11 11:23:00,768.6,768.6,766.95,766.95,83
KSB,2026-03-11 11:24:00,766.95,766.95,766.85,766.85,2451
KSB,2026-03-11 11:25:00,766.85,767.25,766.25,766.25,339
KSB,2026-03-11 11:26:00,767.5,767.7,767.5,767.7,166
KSB,2026-03-11 11:27:00,767.7,768.85,767.7,768.15,407
KSB,2026-03-11 11:28:00,768.4,768.4,768.0,768.0,25
KSB,2026-03-11 11:29:00,768.0,768.4,768.0,768.4,332
KSB,2026-03-11 11:30:00,768.4,768.4,766.5,767.15,669
KSB,2026-03-11 11:31:00,767.15,768.35,767.15,768.35,245
KSB,2026-03-11 11:32:00,768.35,769.5,768.35,769.5,892
KSB,2026-03-11 11:33:00,769.5,769.5,768.6,768.6,3167
KSB,2026-03-11 11:34:00,768.6,768.85,768.0,768.0,37
KSB,2026-03-11 11:35:00,768.0,768.65,768.0,768.0,75
KSB,2026-03-11 11:36:00,767.15,767.8,765.0,765.5,2535
KSB,2026-03-11 11:37:00,765.1,767.2,765.1,767.2,1074
KSB,2026-03-11 11:38:00,767.2,767.2,766.1,767.15,269
KSB,2026-03-11 11:39:00,767.15,767.15,767.0,767.0,5
KSB,2026-03-11 11:40:00,767.0,767.0,767.0,767.0,0
KSB,2026-03-11 11:41:00,767.0,767.85,767.0,767.8,110
KSB,2026-03-11 11:42:00,767.8,767.8,767.0,767.0,82
KSB,2026-03-11 11:43:00,767.0,767.0,766.4,766.55,300
KSB,2026-03-11 11:44:00,766.55,766.7,766.55,766.7,100
KSB,2026-03-11 11:45:00,766.7,766.7,765.85,765.85,20
KSB,2026-03-11 11:46:00,765.85,766.35,765.75,765.75,281
KSB,2026-03-11 11:47:00,765.75,766.45,765.75,766.45,50
KSB,2026-03-11 11:48:00,766.45,766.45,766.45,766.45,0
KSB,2026-03-11 11:49:00,765.6,766.45,765.6,766.45,80
KSB,2026-03-11 11:50:00,766.45,766.8,766.45,766.45,543
KSB,2026-03-11 11:51:00,766.45,766.7,765.9,765.9,241
KSB,2026-03-11 11:52:00,765.9,766.55,765.9,766.55,6
KSB,2026-03-11 11:53:00,766.55,766.55,766.4,766.5,1
KSB,2026-03-11 11:54:00,766.5,766.6,765.7,766.0,602
KSB,2026-03-11 11:55:00,766.0,766.55,765.8,766.55,77
KSB,2026-03-11 11:56:00,766.6,766.6,766.0,766.0,149
KSB,2026-03-11 11:57:00,765.6,765.65,765.6,765.65,344
KSB,2026-03-11 11:58:00,765.65,766.25,765.65,766.25,5
KSB,2026-03-11 11:59:00,766.25,766.25,766.25,766.25,0
KSB,2026-03-11 12:00:00,766.25,766.4,765.9,766.4,105
KSB,2026-03-11 12:01:00,765.8,766.8,765.8,766.8,346
KSB,2026-03-11 12:02:00,766.8,768.15,766.8,768.15,3371
KSB,2026-03-11 12:03:00,768.15,769.05,768.15,768.5,101
KSB,2026-03-11 12:04:00,768.5,768.75,768.5,768.75,25
KSB,2026-03-11 12:05:00,768.75,768.75,768.15,768.45,27
KSB,2026-03-11 12:06:00,768.75,768.75,768.2,768.2,47
KSB,2026-03-11 12:07:00,768.05,768.05,766.55,766.55,410
KSB,2026-03-11 12:08:00,766.55,766.55,766.55,766.55,818
KSB,2026-03-11 12:09:00,766.55,766.6,766.55,766.55,216
KSB,2026-03-11 12:10:00,766.55,766.55,766.55,766.55,10
KSB,2026-03-11 12:11:00,766.55,766.55,766.55,766.55,155
KSB,2026-03-11 12:12:00,766.55,766.55,766.5,766.5,38
KSB,2026-03-11 12:13:00,766.5,766.5,766.5,766.5,32
KSB,2026-03-11 12:14:00,766.5,766.5,766.5,766.5,102
KSB,2026-03-11 12:15:00,766.5,766.8,766.5,766.8,427
KSB,2026-03-11 12:16:00,766.8,766.8,766.5,766.5,40
KSB,2026-03-11 12:17:00,766.5,766.85,766.5,766.85,5
KSB,2026-03-11 12:18:00,766.85,766.85,766.8,766.8,26
KSB,2026-03-11 12:19:00,766.8,766.8,766.2,766.2,2
KSB,2026-03-11 12:20:00,766.0,766.05,766.0,766.0,221
KSB,2026-03-11 12:21:00,766.0,766.8,766.0,766.8,146
KSB,2026-03-11 12:22:00,766.8,766.8,766.45,766.45,1
KSB,2026-03-11 12:23:00,766.0,766.0,766.0,766.0,50
KSB,2026-03-11 12:24:00,766.0,766.0,766.0,766.0,0
KSB,2026-03-11 12:25:00,766.05,766.05,766.0,766.0,51
KSB,2026-03-11 12:27:00,766.45,766.45,766.45,766.45,25
KSB,2026-03-11 12:28:00,766.45,766.45,766.0,766.0,125
KSB,2026-03-11 12:29:00,766.0,766.45,766.0,766.0,69
KSB,2026-03-11 12:30:00,766.0,766.55,766.0,766.55,40
KSB,2026-03-11 12:31:00,766.55,767.25,766.55,766.55,187
KSB,2026-03-11 12:32:00,766.55,767.5,766.55,767.15,300
KSB,2026-03-11 12:33:00,767.3,767.3,766.25,766.25,119
KSB,2026-03-11 12:34:00,766.25,767.15,766.25,767.15,31
KSB,2026-03-11 12:35:00,767.15,767.15,766.0,766.5,530
KSB,2026-03-11 12:36:00,766.5,766.5,766.5,766.5,18
KSB,2026-03-11 12:37:00,766.5,766.5,766.0,766.0,63
KSB,2026-03-11 12:38:00,766.0,766.25,765.65,765.65,3035
KSB,2026-03-11 12:39:00,765.65,765.65,765.65,765.65,412
KSB,2026-03-11 12:40:00,765.65,765.65,765.65,765.65,0
KSB,2026-03-11 12:41:00,766.15,766.3,766.15,766.3,180
KSB,2026-03-11 12:42:00,766.45,766.45,766.2,766.2,16
KSB,2026-03-11 12:43:00,766.2,766.45,766.2,766.2,122
KSB,2026-03-11 12:44:00,766.2,766.45,766.2,766.2,52
KSB,2026-03-11 12:45:00,766.2,766.3,766.2,766.3,8
KSB,2026-03-11 12:46:00,766.3,766.45,766.3,766.3,31
KSB,2026-03-11 12:47:00,766.3,766.3,766.0,766.0,1255
KSB,2026-03-11 12:48:00,766.0,766.0,766.0,766.0,241
KSB,2026-03-11 12:49:00,766.0,766.0,766.0,766.0,201
KSB,2026-03-11 12:50:00,766.4,766.4,766.4,766.4,68
KSB,2026-03-11 12:51:00,766.4,766.4,766.0,766.0,75
KSB,2026-03-11 12:52:00,766.15,766.15,766.0,766.0,37
KSB,2026-03-11 12:53:00,766.15,766.15,766.15,766.15,7
KSB,2026-03-11 12:54:00,766.15,766.15,766.15,766.15,0
KSB,2026-03-11 12:55:00,766.15,766.15,766.15,766.15,0
KSB,2026-03-11 12:56:00,766.15,766.4,766.0,766.0,61
KSB,2026-03-11 12:57:00,766.0,766.0,766.0,766.0,0
KSB,2026-03-11 12:58:00,766.15,766.15,766.0,766.0,189
KSB,2026-03-11 12:59:00,766.0,766.0,765.65,765.65,480
KSB,2026-03-11 13:00:00,765.65,765.65,765.65,765.65,0
KSB,2026-03-11 13:01:00,766.3,766.35,766.3,766.35,332
KSB,2026-03-11 13:02:00,766.35,766.35,766.25,766.25,12
KSB,2026-03-11 13:03:00,766.0,766.85,766.0,766.85,191
KSB,2026-03-11 13:04:00,766.85,766.85,765.95,765.95,41
KSB,2026-03-11 13:05:00,765.95,765.95,765.95,765.95,12
KSB,2026-03-11 13:06:00,765.65,765.65,763.2,763.3,3769
KSB,2026-03-11 13:07:00,764.15,765.25,764.15,765.25,319
KSB,2026-03-11 13:08:00,764.35,764.4,764.35,764.4,112
KSB,2026-03-11 13:09:00,764.4,764.4,763.6,763.6,430
KSB,2026-03-11 13:10:00,763.75,764.25,763.75,764.25,410
KSB,2026-03-11 13:11:00,764.25,764.25,763.3,763.3,412
KSB,2026-03-11 13:12:00,763.3,763.3,763.3,763.3,478
KSB,2026-03-11 13:13:00,763.3,763.3,761.25,762.8,3495
KSB,2026-03-11 13:14:00,762.35,762.9,762.0,762.15,1956
KSB,2026-03-11 13:15:00,762.15,763.0,762.15,762.35,14
KSB,2026-03-11 13:16:00,762.2,763.0,762.2,763.0,113
KSB,2026-03-11 13:17:00,763.0,763.0,762.2,762.2,30
KSB,2026-03-11 13:18:00,762.2,762.75,761.15,761.15,482
KSB,2026-03-11 13:19:00,761.15,761.7,761.0,761.7,347
KSB,2026-03-11 13:20:00,761.7,761.75,761.15,761.15,62
KSB,2026-03-11 13:21:00,762.0,762.0,762.0,762.0,47
KSB,2026-03-11 13:22:00,762.0,762.0,762.0,762.0,274
KSB,2026-03-11 13:23:00,762.0,762.75,761.95,761.95,57
KSB,2026-03-11 13:24:00,761.95,762.0,761.95,762.0,1
KSB,2026-03-11 13:25:00,762.2,763.1,762.2,762.85,201
KSB,2026-03-11 13:26:00,762.85,763.1,762.85,763.1,31
KSB,2026-03-11 13:27:00,763.1,763.1,763.0,763.0,2
KSB,2026-03-11 13:28:00,763.0,763.45,763.0,763.45,1088
KSB,2026-03-11 13:29:00,763.45,763.45,763.45,763.45,0
KSB,2026-03-11 13:30:00,763.45,763.55,763.4,763.4,38
KSB,2026-03-11 13:31:00,763.4,763.9,763.4,763.85,323
KSB,2026-03-11 13:32:00,763.85,763.85,763.85,763.85,0
KSB,2026-03-11 13:33:00,763.85,765.0,763.85,765.0,100
KSB,2026-03-11 13:34:00,765.0,765.0,765.0,765.0,0
KSB,2026-03-11 13:35:00,765.0,765.0,765.0,765.0,0
KSB,2026-03-11 13:36:00,764.15,764.25,764.0,764.0,211
KSB,2026-03-11 13:37:00,764.2,764.2,764.1,764.1,51
KSB,2026-03-11 13:38:00,764.1,764.2,763.4,763.4,1559
KSB,2026-03-11 13:39:00,763.4,763.4,763.4,763.4,0
KSB,2026-03-11 13:40:00,763.4,764.05,763.4,764.05,25
KSB,2026-03-11 13:41:00,764.05,764.05,763.45,763.8,35
KSB,2026-03-11 13:42:00,763.85,763.85,763.4,763.4,27
KSB,2026-03-11 13:43:00,763.2,763.2,763.0,763.0,89
KSB,2026-03-11 13:44:00,764.0,764.0,763.95,763.95,238
KSB,2026-03-11 13:45:00,763.95,763.95,763.15,763.2,264
KSB,2026-03-11 13:46:00,763.2,763.2,763.15,763.15,110
KSB,2026-03-11 13:47:00,763.15,763.25,763.15,763.2,24
KSB,2026-03-11 13:48:00,763.2,763.95,763.2,763.95,40
KSB,2026-03-11 13:49:00,763.0,763.9,763.0,763.9,105
KSB,2026-03-11 13:50:00,763.15,763.2,763.15,763.2,101
KSB,2026-03-11 13:51:00,763.9,763.9,763.2,763.2,44
KSB,2026-03-11 13:52:00,763.2,763.85,763.2,763.85,96
KSB,2026-03-11 13:53:00,763.85,763.85,763.85,763.85,30
KSB,2026-03-11 13:54:00,763.85,763.85,763.8,763.8,2
KSB,2026-03-11 13:55:00,763.5,763.8,763.5,763.8,48
KSB,2026-03-11 13:56:00,763.8,763.8,763.3,763.3,196
KSB,2026-03-11 13:57:00,763.3,763.3,763.0,763.0,352
KSB,2026-03-11 13:58:00,762.9,762.9,762.7,762.7,304
KSB,2026-03-11 13:59:00,762.7,763.0,762.7,762.7,129
KSB,2026-03-11 14:00:00,762.7,763.1,762.7,763.1,150
KSB,2026-03-11 14:01:00,763.1,763.1,762.7,762.7,13
KSB,2026-03-11 14:02:00,762.7,763.0,762.7,763.0,200
KSB,2026-03-11 14:03:00,763.0,763.0,761.9,762.85,311
KSB,2026-03-11 14:04:00,762.85,762.85,761.9,762.65,43
KSB,2026-03-11 14:05:00,761.65,761.85,761.0,761.85,1238
KSB,2026-03-11 14:06:00,761.85,761.9,761.05,761.05,78
KSB,2026-03-11 14:07:00,761.05,761.8,761.0,761.0,75
KSB,2026-03-11 14:08:00,761.75,762.45,761.75,761.8,1977
KSB,2026-03-11 14:09:00,762.55,762.75,761.5,761.5,151
KSB,2026-03-11 14:10:00,762.6,762.6,761.4,761.4,35
KSB,2026-03-11 14:11:00,762.25,762.25,761.25,761.25,106
KSB,2026-03-11 14:12:00,761.25,761.25,761.0,761.0,356
KSB,2026-03-11 14:13:00,761.0,763.6,760.75,763.6,2819
KSB,2026-03-11 14:14:00,763.7,763.7,762.85,762.85,23
KSB,2026-03-11 14:15:00,763.85,763.85,763.15,763.15,206
KSB,2026-03-11 14:16:00,763.15,763.15,763.0,763.0,460
KSB,2026-03-11 14:17:00,762.85,762.85,762.3,762.3,120
KSB,2026-03-11 14:18:00,762.3,763.15,762.3,762.55,764
KSB,2026-03-11 14:19:00,762.55,762.85,761.0,761.0,2202
KSB,2026-03-11 14:20:00,761.0,761.55,761.0,761.55,158
KSB,2026-03-11 14:21:00,761.75,762.85,761.65,762.85,90
KSB,2026-03-11 14:22:00,762.85,762.85,762.05,762.05,1
KSB,2026-03-11 14:23:00,762.0,762.05,762.0,762.05,103
KSB,2026-03-11 14:24:00,762.05,762.1,762.05,762.1,1
KSB,2026-03-11 14:25:00,762.1,762.1,761.5,762.05,610
KSB,2026-03-11 14:26:00,762.05,762.05,761.5,761.5,7
KSB,2026-03-11 14:27:00,761.5,763.0,761.5,763.0,354
KSB,2026-03-11 14:28:00,763.8,763.8,762.85,762.85,4
KSB,2026-03-11 14:29:00,762.85,765.6,762.85,765.6,2159
KSB,2026-03-11 14:30:00,765.45,765.45,763.5,764.05,3325
KSB,2026-03-11 14:31:00,764.05,764.05,763.0,763.0,66
KSB,2026-03-11 14:32:00,763.0,763.0,762.2,762.2,376
KSB,2026-03-11 14:33:00,762.2,762.2,761.7,761.7,96
KSB,2026-03-11 14:34:00,761.7,761.7,761.7,761.7,899
KSB,2026-03-11 14:35:00,761.5,762.4,761.5,762.4,709
KSB,2026-03-11 14:36:00,762.4,762.4,762.4,762.4,0
KSB,2026-03-11 14:37:00,762.4,762.4,761.5,761.5,50
KSB,2026-03-11 14:38:00,762.3,762.3,761.0,761.05,711
KSB,2026-03-11 14:39:00,761.05,761.05,760.15,761.0,431
KSB,2026-03-11 14:40:00,760.95,760.95,760.15,760.15,973
KSB,2026-03-11 14:41:00,760.1,760.1,757.7,757.95,2357
KSB,2026-03-11 14:42:00,759.15,762.0,759.15,759.8,5867
KSB,2026-03-11 14:43:00,759.8,759.8,755.1,756.6,2268
KSB,2026-03-11 14:44:00,756.6,758.0,756.5,758.0,3265
KSB,2026-03-11 14:45:00,758.0,758.0,757.15,757.6,153
KSB,2026-03-11 14:46:00,757.6,757.6,757.35,757.35,168
KSB,2026-03-11 14:47:00,757.35,757.35,757.35,757.35,0
KSB,2026-03-11 14:48:00,757.35,757.35,757.1,757.1,674
KSB,2026-03-11 14:49:00,756.0,758.1,754.45,758.1,15368
KSB,2026-03-11 14:50:00,758.1,758.35,757.55,757.55,2398
KSB,2026-03-11 14:51:00,757.55,763.25,757.25,762.15,3846
KSB,2026-03-11 14:52:00,762.15,762.5,760.0,760.0,252
KSB,2026-03-11 14:53:00,760.0,761.05,760.0,760.45,1874
KSB,2026-03-11 14:54:00,760.45,761.65,760.45,761.65,35
KSB,2026-03-11 14:55:00,761.65,761.65,760.75,761.0,1299
KSB,2026-03-11 14:56:00,760.3,761.45,760.3,761.45,2219
KSB,2026-03-11 14:57:00,761.45,761.45,760.75,760.75,100
KSB,2026-03-11 14:58:00,760.75,761.0,760.75,760.95,266
KSB,2026-03-11 14:59:00,760.95,761.0,760.0,760.0,442
KSB,2026-03-11 15:00:00,760.6,760.8,759.6,759.6,519
KSB,2026-03-11 15:01:00,759.6,760.8,759.6,760.7,233
KSB,2026-03-11 15:02:00,760.7,760.9,760.7,760.9,913
KSB,2026-03-11 15:03:00,760.9,761.5,760.0,760.1,2030
KSB,2026-03-11 15:04:00,760.1,761.0,760.1,761.0,27
KSB,2026-03-11 15:05:00,761.0,761.0,760.15,760.85,353
KSB,2026-03-11 15:06:00,760.3,761.05,760.3,761.0,3153
KSB,2026-03-11 15:07:00,761.0,761.0,759.3,759.9,3606
KSB,2026-03-11 15:08:00,759.9,761.8,759.9,760.95,1848
KSB,2026-03-11 15:09:00,761.65,761.65,760.95,761.0,261
KSB,2026-03-11 15:10:00,761.0,761.6,761.0,761.6,423
KSB,2026-03-11 15:11:00,761.6,761.7,761.15,761.15,1541
KSB,2026-03-11 15:12:00,761.7,763.25,761.7,761.75,3215
KSB,2026-03-11 15:13:00,762.3,762.3,761.15,761.9,823
KSB,2026-03-11 15:14:00,761.35,762.0,761.0,761.9,2191
KSB,2026-03-11 15:15:00,761.1,762.45,761.1,761.9,4446
KSB,2026-03-11 15:16:00,762.55,763.2,762.45,763.2,5067
KSB,2026-03-11 15:17:00,763.2,763.95,762.65,763.85,2043
KSB,2026-03-11 15:18:00,764.0,764.0,763.0,763.05,2452
KSB,2026-03-11 15:19:00,763.15,768.55,763.15,768.5,3352
KSB,2026-03-11 15:20:00,768.5,769.6,768.5,769.6,5540
KSB,2026-03-11 15:21:00,767.35,771.15,767.35,769.0,3381
KSB,2026-03-11 15:22:00,768.8,771.75,768.8,770.75,1691
KSB,2026-03-11 15:23:00,770.05,770.35,768.3,768.3,1356
KSB,2026-03-11 15:24:00,768.3,768.3,764.1,764.6,1458
KSB,2026-03-11 15:25:00,764.45,764.45,764.0,764.15,577
KSB,2026-03-11 15:26:00,765.3,765.3,764.15,764.95,204
KSB,2026-03-11 15:27:00,764.95,765.0,764.4,764.95,912
KSB,2026-03-11 15:28:00,764.9,766.0,764.9,765.0,1888
KSB,2026-03-11 15:29:00,765.0,765.45,765.0,765.0,1293
KSB,2026-03-12 09:15:00,768.0,768.5,752.0,752.0,1244
KSB,2026-03-12 09:16:00,753.4,755.1,752.35,755.1,460
KSB,2026-03-12 09:17:00,754.6,754.6,752.0,752.25,350
KSB,2026-03-12 09:18:00,752.25,752.95,751.55,752.95,285
KSB,2026-03-12 09:19:00,752.95,754.4,752.8,753.25,176
KSB,2026-03-12 09:20:00,753.25,753.25,752.1,752.9,341
KSB,2026-03-12 09:21:00,754.35,754.35,752.1,752.6,650
KSB,2026-03-12 09:22:00,752.6,752.65,750.2,750.2,432
KSB,2026-03-12 09:23:00,750.2,750.2,748.95,749.05,450
KSB,2026-03-12 09:24:00,750.45,752.2,749.65,751.3,845
KSB,2026-03-12 09:25:00,752.3,758.05,752.3,758.05,941
KSB,2026-03-12 09:26:00,757.1,761.25,757.1,760.2,895
KSB,2026-03-12 09:27:00,759.15,759.15,756.4,756.4,521
KSB,2026-03-12 09:28:00,756.4,756.4,756.15,756.15,33
KSB,2026-03-12 09:29:00,756.15,756.15,754.55,755.3,436
KSB,2026-03-12 09:30:00,755.3,755.3,755.2,755.2,20
KSB,2026-03-12 09:31:00,753.9,754.35,752.85,754.3,441
KSB,2026-03-12 09:32:00,754.2,754.65,753.35,754.65,104
KSB,2026-03-12 09:33:00,754.65,754.65,753.65,753.65,39
KSB,2026-03-12 09:34:00,753.65,754.3,753.25,754.3,72
KSB,2026-03-12 09:35:00,753.7,754.85,753.7,754.85,11
KSB,2026-03-12 09:36:00,754.85,755.0,754.1,754.85,180
KSB,2026-03-12 09:37:00,755.0,755.2,755.0,755.2,101
KSB,2026-03-12 09:38:00,755.2,755.2,754.15,754.15,10
KSB,2026-03-12 09:39:00,754.15,754.95,754.15,754.95,200
KSB,2026-03-12 09:40:00,754.15,754.9,753.8,754.9,216
KSB,2026-03-12 09:41:00,756.45,757.25,756.35,756.35,299
KSB,2026-03-12 09:42:00,756.6,756.85,756.05,756.85,29
KSB,2026-03-12 09:43:00,756.85,756.85,755.4,755.4,90
KSB,2026-03-12 09:44:00,755.35,755.35,754.05,754.05,744
KSB,2026-03-12 09:45:00,754.05,755.7,754.05,755.2,647
KSB,2026-03-12 09:46:00,755.2,755.2,754.35,754.35,6
KSB,2026-03-12 09:47:00,754.35,755.15,754.35,754.35,39
KSB,2026-03-12 09:48:00,754.65,755.2,754.65,755.2,13
KSB,2026-03-12 09:49:00,755.2,757.45,755.2,756.95,350
KSB,2026-03-12 09:50:00,756.15,756.15,755.15,756.1,36
KSB,2026-03-12 09:51:00,755.2,755.65,752.15,752.2,608
KSB,2026-03-12 09:52:00,752.15,752.65,752.0,752.0,1017
KSB,2026-03-12 09:53:00,752.1,752.2,750.35,750.4,1441
KSB,2026-03-12 09:54:00,750.95,751.95,750.5,751.15,299
KSB,2026-03-12 09:55:00,751.15,751.2,751.15,751.2,65
KSB,2026-03-12 09:56:00,751.2,752.0,751.15,751.15,2464
KSB,2026-03-12 09:57:00,753.05,755.2,753.05,754.95,1027
KSB,2026-03-12 09:58:00,754.9,754.9,754.9,754.9,57
KSB,2026-03-12 09:59:00,754.9,756.45,754.9,755.4,251
KSB,2026-03-12 10:00:00,755.4,756.55,755.4,755.5,125
KSB,2026-03-12 10:01:00,755.5,755.5,755.5,755.5,56
KSB,2026-03-12 10:02:00,755.5,755.55,755.5,755.5,52
KSB,2026-03-12 10:03:00,755.5,756.45,755.15,755.2,128
KSB,2026-03-12 10:04:00,755.15,756.45,755.15,755.85,129
KSB,2026-03-12 10:05:00,755.7,756.2,755.2,755.6,98
KSB,2026-03-12 10:06:00,755.6,755.6,755.2,755.2,66
KSB,2026-03-12 10:07:00,755.2,755.2,755.2,755.2,56
KSB,2026-03-12 10:08:00,755.2,755.2,755.2,755.2,53
KSB,2026-03-12 10:09:00,755.2,755.65,755.15,755.15,212
KSB,2026-03-12 10:10:00,755.15,755.65,755.15,755.15,105
KSB,2026-03-12 10:11:00,755.15,755.55,755.15,755.15,106
KSB,2026-03-12 10:12:00,755.15,755.2,755.15,755.15,149
KSB,2026-03-12 10:13:00,755.6,755.6,753.65,753.65,512
KSB,2026-03-12 10:14:00,753.6,754.45,753.05,753.05,126
KSB,2026-03-12 10:15:00,753.05,753.5,752.35,752.35,235
KSB,2026-03-12 10:16:00,752.35,753.1,752.15,752.65,104
KSB,2026-03-12 10:17:00,752.4,752.75,752.0,752.6,224
KSB,2026-03-12 10:18:00,752.25,753.0,752.0,753.0,74
KSB,2026-03-12 10:19:00,752.85,752.85,752.3,752.3,57
KSB,2026-03-12 10:20:00,752.3,752.8,752.15,752.25,60
KSB,2026-03-12 10:21:00,752.8,752.85,752.0,752.8,74
KSB,2026-03-12 10:22:00,752.2,753.0,752.05,752.35,133
KSB,2026-03-12 10:23:00,752.8,753.0,752.0,752.0,337
KSB,2026-03-12 10:24:00,752.0,752.1,752.0,752.1,57
KSB,2026-03-12 10:25:00,752.0,753.75,752.0,753.15,99
KSB,2026-03-12 10:26:00,753.15,754.0,752.6,753.6,92
KSB,2026-03-12 10:27:00,753.6,754.55,753.6,754.0,54
KSB,2026-03-12 10:28:00,754.05,754.05,752.65,752.65,66
KSB,2026-03-12 10:29:00,752.6,753.6,752.45,752.45,220
KSB,2026-03-12 10:30:00,752.4,753.25,752.15,752.15,78
KSB,2026-03-12 10:31:00,752.2,753.0,752.0,752.55,96
KSB,2026-03-12 10:32:00,752.55,754.2,752.55,754.15,254
KSB,2026-03-12 10:33:00,754.15,755.35,753.95,753.95,176
KSB,2026-03-12 10:34:00,753.9,753.9,753.2,753.3,169
KSB,2026-03-12 10:35:00,755.4,755.6,753.4,753.5,180
KSB,2026-03-12 10:36:00,753.3,754.3,753.2,753.55,28
KSB,2026-03-12 10:37:00,753.55,755.0,753.55,754.2,333
KSB,2026-03-12 10:38:00,754.2,754.95,754.2,754.25,9
KSB,2026-03-12 10:39:00,754.25,755.5,754.25,755.3,257
KSB,2026-03-12 10:40:00,755.3,755.55,755.15,755.55,85
KSB,2026-03-12 10:41:00,755.55,755.55,755.45,755.45,13
KSB,2026-03-12 10:42:00,755.45,756.35,755.45,756.35,12
KSB,2026-03-12 10:43:00,755.5,755.6,753.2,753.2,1897
KSB,2026-03-12 10:44:00,753.15,754.45,752.1,754.45,1036
KSB,2026-03-12 10:45:00,754.95,756.4,754.95,755.85,150
KSB,2026-03-12 10:46:00,755.85,756.4,755.45,755.55,114
KSB,2026-03-12 10:47:00,755.9,756.35,755.4,755.8,95
KSB,2026-03-12 10:48:00,755.8,755.85,755.6,755.6,57
KSB,2026-03-12 10:49:00,755.6,756.15,755.6,755.7,87
KSB,2026-03-12 10:50:00,755.7,755.7,755.7,755.7,60
KSB,2026-03-12 10:51:00,755.7,756.2,755.6,756.0,225
KSB,2026-03-12 10:52:00,755.6,755.6,755.6,755.6,50
KSB,2026-03-12 10:53:00,755.6,756.5,755.1,755.7,76
KSB,2026-03-12 10:54:00,755.7,756.15,755.7,755.7,40
KSB,2026-03-12 10:55:00,755.7,756.25,755.7,756.25,3
KSB,2026-03-12 10:56:00,755.65,757.05,755.65,756.8,1971
KSB,2026-03-12 10:57:00,756.75,756.9,756.65,756.85,164
KSB,2026-03-12 10:58:00,756.85,756.85,756.2,756.2,55
KSB,2026-03-12 10:59:00,756.2,757.65,756.2,757.6,85
KSB,2026-03-12 11:00:00,757.6,757.6,756.8,756.8,72
KSB,2026-03-12 11:01:00,756.8,757.95,756.4,757.95,430
KSB,2026-03-12 11:02:00,757.95,757.95,757.55,757.55,159
KSB,2026-03-12 11:03:00,757.55,758.7,757.15,757.9,1138
KSB,2026-03-12 11:04:00,757.9,758.9,757.9,758.9,66
KSB,2026-03-12 11:05:00,758.9,759.85,758.9,759.45,142
KSB,2026-03-12 11:06:00,759.45,759.45,758.15,758.2,255
KSB,2026-03-12 11:07:00,758.0,758.9,758.0,758.25,144
KSB,2026-03-12 11:08:00,758.25,759.0,758.0,758.3,410
KSB,2026-03-12 11:09:00,758.25,759.7,758.25,758.7,149
KSB,2026-03-12 11:10:00,759.45,760.0,758.95,759.55,330
KSB,2026-03-12 11:11:00,759.55,760.65,759.55,760.45,395
KSB,2026-03-12 11:12:00,760.25,761.0,759.55,760.0,75
KSB,2026-03-12 11:13:00,759.95,760.75,759.9,759.9,59
KSB,2026-03-12 11:14:00,759.9,761.0,758.5,758.5,409
KSB,2026-03-12 11:15:00,758.65,761.4,758.5,761.4,295
KSB,2026-03-12 11:16:00,761.4,762.15,760.7,760.8,750
KSB,2026-03-12 11:17:00,760.8,760.8,760.7,760.7,46
KSB,2026-03-12 11:18:00,760.7,761.45,759.0,759.8,156
KSB,2026-03-12 11:19:00,759.0,759.15,758.9,759.0,55
KSB,2026-03-12 11:20:00,759.0,759.0,758.55,758.55,59
KSB,2026-03-12 11:21:00,758.55,759.1,758.25,758.25,89
KSB,2026-03-12 11:22:00,758.2,758.2,757.95,758.15,82
KSB,2026-03-12 11:23:00,758.15,758.7,757.9,758.7,137
KSB,2026-03-12 11:24:00,758.0,759.15,758.0,758.6,90
KSB,2026-03-12 11:25:00,758.6,759.5,758.6,758.95,187
KSB,2026-03-12 11:26:00,758.95,758.95,758.9,758.9,16
KSB,2026-03-12 11:27:00,758.9,758.9,758.45,758.5,103
KSB,2026-03-12 11:28:00,758.5,758.5,758.5,758.5,0
KSB,2026-03-12 11:29:00,758.5,758.5,758.45,758.45,19
KSB,2026-03-12 11:30:00,758.45,758.45,758.45,758.45,0
KSB,2026-03-12 11:31:00,758.45,760.0,758.45,758.8,1568
KSB,2026-03-12 11:32:00,758.75,761.5,758.7,760.2,902
KSB,2026-03-12 11:33:00,760.25,760.45,760.2,760.2,63
KSB,2026-03-12 11:34:00,760.2,760.2,760.2,760.2,56
KSB,2026-03-12 11:35:00,760.2,760.25,759.95,760.15,1055
KSB,2026-03-12 11:36:00,760.15,760.35,759.15,760.1,93
KSB,2026-03-12 11:37:00,760.1,760.1,759.65,759.7,157
KSB,2026-03-12 11:38:00,759.6,760.05,759.15,759.7,169
KSB,2026-03-12 11:39:00,759.65,759.65,757.3,758.2,3979
KSB,2026-03-12 11:40:00,758.15,758.15,756.55,756.55,255
KSB,2026-03-12 11:41:00,756.55,756.65,756.4,756.4,55
KSB,2026-03-12 11:42:00,756.35,757.9,756.3,757.15,121
KSB,2026-03-12 11:43:00,757.15,757.55,757.05,757.55,540
KSB,2026-03-12 11:44:00,757.55,757.55,757.55,757.55,5
KSB,2026-03-12 11:45:00,757.5,758.45,757.5,758.45,1669
KSB,2026-03-12 11:46:00,758.45,758.45,758.45,758.45,55
KSB,2026-03-12 11:47:00,758.45,758.8,758.45,758.45,66
KSB,2026-03-12 11:48:00,758.35,758.85,758.35,758.85,7
KSB,2026-03-12 11:49:00,758.85,758.85,758.3,758.3,10
KSB,2026-03-12 11:50:00,758.3,758.3,757.65,757.65,55
KSB,2026-03-12 11:51:00,757.35,758.5,757.35,757.8,74
KSB,2026-03-12 11:52:00,757.55,758.75,757.55,758.3,86
KSB,2026-03-12 11:53:00,758.2,759.05,757.85,758.25,110
KSB,2026-03-12 11:54:00,758.3,758.45,758.0,758.45,1055
KSB,2026-03-12 11:55:00,758.45,759.25,758.45,759.25,201
KSB,2026-03-12 11:56:00,759.25,759.25,758.95,758.95,60
KSB,2026-03-12 11:57:00,758.95,759.95,758.55,758.55,81
KSB,2026-03-12 11:58:00,758.55,759.4,758.55,758.95,78
KSB,2026-03-12 11:59:00,758.95,758.95,757.85,758.95,2105
KSB,2026-03-12 12:00:00,758.95,758.95,758.05,758.05,62
KSB,2026-03-12 12:01:00,757.85,758.7,757.3,758.3,217
KSB,2026-03-12 12:02:00,758.3,758.3,757.5,757.5,37
KSB,2026-03-12 12:03:00,757.5,758.45,757.2,757.7,99
KSB,2026-03-12 12:04:00,757.6,758.25,757.25,757.25,192
KSB,2026-03-12 12:05:00,757.15,762.2,757.15,762.2,3074
KSB,2026-03-12 12:06:00,762.2,762.8,761.55,761.55,692
KSB,2026-03-12 12:07:00,761.4,762.05,761.0,761.0,73
KSB,2026-03-12 12:08:00,760.85,761.05,760.4,760.6,170
KSB,2026-03-12 12:09:00,760.55,761.4,760.4,760.6,60
KSB,2026-03-12 12:10:00,760.55,761.6,760.0,761.6,2180
KSB,2026-03-12 12:11:00,761.35,761.5,757.85,758.3,3049
KSB,2026-03-12 12:12:00,758.35,760.4,758.35,759.45,1043
KSB,2026-03-12 12:13:00,760.25,760.65,759.6,760.35,755
KSB,2026-03-12 12:14:00,760.2,761.4,760.2,761.0,83
KSB,2026-03-12 12:15:00,760.8,761.65,760.15,761.65,582
KSB,2026-03-12 12:16:00,760.7,761.0,760.1,761.0,56
KSB,2026-03-12 12:17:00,760.2,761.2,759.6,759.6,2095
KSB,2026-03-12 12:18:00,759.6,761.4,759.6,759.85,724
KSB,2026-03-12 12:19:00,759.85,760.3,759.85,760.2,97
KSB,2026-03-12 12:20:00,760.2,761.2,760.2,760.65,392
KSB,2026-03-12 12:21:00,760.65,762.0,760.4,762.0,110
KSB,2026-03-12 12:22:00,761.0,761.0,760.5,760.5,732
KSB,2026-03-12 12:23:00,760.4,760.4,760.15,760.2,82
KSB,2026-03-12 12:24:00,760.15,760.15,760.15,760.15,55
KSB,2026-03-12 12:25:00,760.15,760.8,760.1,760.1,60
KSB,2026-03-12 12:26:00,760.1,760.75,760.1,760.3,66
KSB,2026-03-12 12:27:00,760.3,761.0,760.15,760.2,108
KSB,2026-03-12 12:28:00,760.2,760.95,760.2,760.2,80
KSB,2026-03-12 12:29:00,760.2,760.25,760.2,760.2,67
KSB,2026-03-12 12:30:00,760.2,760.2,760.15,760.15,55
KSB,2026-03-12 12:31:00,760.15,760.75,760.0,760.05,273
KSB,2026-03-12 12:32:00,760.05,760.15,758.35,758.35,2388
KSB,2026-03-12 12:33:00,758.65,759.05,757.6,758.15,130
KSB,2026-03-12 12:34:00,758.95,758.95,758.2,758.2,79
KSB,2026-03-12 12:35:00,758.2,758.75,758.2,758.2,61
KSB,2026-03-12 12:36:00,758.85,758.95,758.3,758.3,79
KSB,2026-03-12 12:37:00,758.3,758.8,758.0,758.3,159
KSB,2026-03-12 12:38:00,758.25,758.6,758.0,758.0,70
KSB,2026-03-12 12:39:00,758.0,758.0,758.0,758.0,65
KSB,2026-03-12 12:40:00,758.0,758.45,758.0,758.45,69
KSB,2026-03-12 12:41:00,758.15,758.55,758.0,758.55,58
KSB,2026-03-12 12:42:00,758.0,758.0,758.0,758.0,55
KSB,2026-03-12 12:43:00,758.0,758.0,758.0,758.0,56
KSB,2026-03-12 12:44:00,758.0,759.0,758.0,758.75,139
KSB,2026-03-12 12:45:00,758.75,758.75,758.15,758.15,76
KSB,2026-03-12 12:46:00,758.15,759.8,758.0,758.3,1420
KSB,2026-03-12 12:47:00,758.3,758.3,758.05,758.05,55
KSB,2026-03-12 12:48:00,758.05,758.65,758.0,758.0,186
KSB,2026-03-12 12:49:00,758.0,758.0,755.85,757.7,2335
KSB,2026-03-12 12:50:00,757.7,758.1,757.15,758.1,167
KSB,2026-03-12 12:51:00,758.1,758.1,757.15,757.55,110
KSB,2026-03-12 12:52:00,757.55,758.1,757.15,757.2,63
KSB,2026-03-12 12:53:00,757.2,757.2,757.0,757.0,50
KSB,2026-03-12 12:54:00,757.0,757.35,757.0,757.0,78
KSB,2026-03-12 12:55:00,757.05,757.05,757.05,757.05,55
KSB,2026-03-12 12:56:00,757.0,758.0,757.0,758.0,359
KSB,2026-03-12 12:57:00,758.0,758.0,758.0,758.0,55
KSB,2026-03-12 12:58:00,758.0,758.55,758.0,758.2,81
KSB,2026-03-12 12:59:00,758.2,758.2,758.0,758.0,120
KSB,2026-03-12 13:00:00,758.0,758.35,757.6,757.75,79
KSB,2026-03-12 13:01:00,757.6,757.75,757.3,757.45,57
KSB,2026-03-12 13:02:00,757.4,757.85,757.1,757.2,64
KSB,2026-03-12 13:03:00,757.2,757.9,757.1,757.1,65
KSB,2026-03-12 13:04:00,757.1,757.75,757.1,757.15,133
KSB,2026-03-12 13:05:00,757.1,757.1,757.0,757.0,56
KSB,2026-03-12 13:06:00,757.4,757.4,757.0,757.0,61
KSB,2026-03-12 13:07:00,757.0,757.4,757.0,757.1,60
KSB,2026-03-12 13:08:00,757.1,757.35,756.05,756.5,2062
KSB,2026-03-12 13:09:00,756.65,760.0,756.65,760.0,3675
KSB,2026-03-12 13:10:00,759.65,760.0,759.35,759.9,63
KSB,2026-03-12 13:11:00,759.55,760.25,759.55,760.25,111
KSB,2026-03-12 13:12:00,760.0,760.15,760.0,760.0,1234
KSB,2026-03-12 13:13:00,759.85,760.45,759.8,760.2,75
KSB,2026-03-12 13:14:00,760.25,760.65,759.95,760.0,56
KSB,2026-03-12 13:15:00,760.0,760.65,759.8,759.8,59
KSB,2026-03-12 13:16:00,759.8,760.45,759.35,759.95,81
KSB,2026-03-12 13:17:00,759.8,760.6,759.65,759.85,73
KSB,2026-03-12 13:18:00,759.85,760.45,759.85,760.45,60
KSB,2026-03-12 13:19:00,759.9,761.0,759.9,761.0,63
KSB,2026-03-12 13:20:00,761.0,761.0,760.65,761.0,82
KSB,2026-03-12 13:21:00,761.45,761.45,761.0,761.0,57
KSB,2026-03-12 13:22:00,761.0,761.35,760.35,760.35,68
KSB,2026-03-12 13:23:00,760.2,761.9,760.2,761.85,589
KSB,2026-03-12 13:24:00,761.9,762.5,761.6,761.6,57
KSB,2026-03-12 13:25:00,761.6,761.6,761.15,761.2,67
KSB,2026-03-12 13:26:00,761.2,762.15,761.15,761.55,77
KSB,2026-03-12 13:27:00,761.5,762.25,760.95,760.95,66
KSB,2026-03-12 13:28:00,761.0,761.6,760.9,761.2,68
KSB,2026-03-12 13:29:00,761.25,761.75,760.95,761.25,61
KSB,2026-03-12 13:30:00,761.15,762.65,761.15,762.15,198
KSB,2026-03-12 13:31:00,761.9,762.6,761.25,761.25,65
KSB,2026-03-12 13:32:00,761.15,762.45,761.15,761.15,740
KSB,2026-03-12 13:33:00,761.15,763.8,761.15,761.9,1622
KSB,2026-03-12 13:34:00,761.9,764.05,761.9,762.4,191
KSB,2026-03-12 13:35:00,762.4,763.0,762.15,762.15,147
KSB,2026-03-12 13:36:00,762.15,763.1,762.15,762.15,96
KSB,2026-03-12 13:37:00,762.2,762.4,761.75,761.75,722
KSB,2026-03-12 13:38:00,761.6,762.1,761.35,761.4,67
KSB,2026-03-12 13:39:00,761.4,762.1,761.25,762.1,63
KSB,2026-03-12 13:40:00,762.1,762.4,761.45,761.45,94
KSB,2026-03-12 13:41:00,761.45,761.5,761.25,761.3,56
KSB,2026-03-12 13:42:00,761.25,761.9,761.2,761.25,60
KSB,2026-03-12 13:43:00,761.2,762.05,761.15,761.15,75
KSB,2026-03-12 13:44:00,761.25,762.3,761.25,761.4,157
KSB,2026-03-12 13:45:00,761.3,762.0,761.25,761.4,78
KSB,2026-03-12 13:46:00,761.4,762.25,761.4,761.6,73
KSB,2026-03-12 13:47:00,761.5,762.3,761.45,762.15,187
KSB,2026-03-12 13:48:00,762.15,762.15,761.85,761.85,76
KSB,2026-03-12 13:49:00,761.85,761.85,761.85,761.85,56
KSB,2026-03-12 13:50:00,761.85,762.05,761.45,761.5,76
KSB,2026-03-12 13:51:00,761.5,761.55,761.1,761.2,295
KSB,2026-03-12 13:52:00,762.0,762.5,761.55,761.55,95
KSB,2026-03-12 13:53:00,761.55,762.15,761.25,761.25,61
KSB,2026-03-12 13:54:00,761.25,762.25,761.25,761.45,61
KSB,2026-03-12 13:55:00,761.25,761.9,761.25,761.25,55
KSB,2026-03-12 13:56:00,761.25,762.55,761.2,762.0,98
KSB,2026-03-12 13:57:00,762.0,762.1,761.35,761.35,495
KSB,2026-03-12 13:58:00,761.25,761.55,761.1,761.55,58
KSB,2026-03-12 13:59:00,761.55,761.85,761.55,761.55,56
KSB,2026-03-12 14:00:00,761.55,762.0,761.55,761.75,69
KSB,2026-03-12 14:01:00,761.75,762.35,761.6,761.6,58
KSB,2026-03-12 14:02:00,761.6,762.2,761.6,761.6,65
KSB,2026-03-12 14:03:00,761.6,761.6,761.5,761.5,55
KSB,2026-03-12 14:04:00,761.5,761.7,761.15,761.2,48
KSB,2026-03-12 14:05:00,761.8,762.05,761.25,761.8,79
KSB,2026-03-12 14:06:00,761.8,762.0,761.0,761.05,94
KSB,2026-03-12 14:07:00,761.0,761.0,761.0,761.0,89
KSB,2026-03-12 14:08:00,761.0,761.7,761.0,761.0,78
KSB,2026-03-12 14:09:00,761.0,761.0,761.0,761.0,50
KSB,2026-03-12 14:10:00,761.0,761.2,761.0,761.0,127
KSB,2026-03-12 14:11:00,761.0,761.0,760.25,760.25,56
KSB,2026-03-12 14:12:00,760.2,760.2,760.2,760.2,55
KSB,2026-03-12 14:13:00,760.2,760.3,760.2,760.25,50
KSB,2026-03-12 14:14:00,760.2,761.0,760.2,760.85,60
KSB,2026-03-12 14:15:00,760.85,760.85,760.4,760.4,60
KSB,2026-03-12 14:16:00,760.35,762.25,760.2,760.55,534
KSB,2026-03-12 14:17:00,760.55,761.15,760.4,760.5,58
KSB,2026-03-12 14:18:00,760.5,760.8,760.15,760.8,55
KSB,2026-03-12 14:19:00,760.45,761.4,760.05,761.25,142
KSB,2026-03-12 14:20:00,761.2,761.2,760.0,760.0,560
KSB,2026-03-12 14:21:00,760.0,760.95,760.0,760.55,136
KSB,2026-03-12 14:22:00,760.55,761.85,760.2,760.2,208
KSB,2026-03-12 14:23:00,760.2,761.8,760.2,761.35,146
KSB,2026-03-12 14:24:00,761.6,761.6,760.5,760.5,68
KSB,2026-03-12 14:25:00,760.5,761.4,760.5,761.25,67
KSB,2026-03-12 14:26:00,761.25,761.4,760.5,760.9,83
KSB,2026-03-12 14:27:00,760.9,761.35,760.5,760.8,79
KSB,2026-03-12 14:28:00,760.8,761.15,760.5,761.15,59
KSB,2026-03-12 14:29:00,761.15,761.6,760.55,760.8,167
KSB,2026-03-12 14:30:00,760.8,761.8,760.5,761.3,72
KSB,2026-03-12 14:31:00,760.95,761.6,760.6,760.85,160
KSB,2026-03-12 14:32:00,760.8,761.5,760.6,760.6,66
KSB,2026-03-12 14:33:00,761.3,762.0,760.6,761.65,129
KSB,2026-03-12 14:34:00,761.55,761.55,760.9,760.9,52
KSB,2026-03-12 14:35:00,762.0,762.0,760.75,760.75,72
KSB,2026-03-12 14:36:00,760.75,761.55,760.75,760.8,80
KSB,2026-03-12 14:37:00,760.8,761.0,760.75,760.75,145
KSB,2026-03-12 14:38:00,760.75,761.6,760.6,761.3,72
KSB,2026-03-12 14:39:00,761.3,761.3,760.5,760.75,162
KSB,2026-03-12 14:40:00,760.7,761.65,760.5,761.65,65
KSB,2026-03-12 14:41:00,761.65,761.65,760.5,760.55,287
KSB,2026-03-12 14:42:00,761.3,761.3,760.5,760.55,76
KSB,2026-03-12 14:43:00,761.3,761.85,760.6,760.8,141
KSB,2026-03-12 14:44:00,760.8,761.2,760.5,760.6,125
KSB,2026-03-12 14:45:00,761.85,762.3,761.85,762.0,587
KSB,2026-03-12 14:46:00,762.0,762.85,761.75,762.15,399
KSB,2026-03-12 14:47:00,762.15,762.25,762.0,762.0,27
KSB,2026-03-12 14:48:00,762.0,763.4,762.0,763.4,85
KSB,2026-03-12 14:49:00,764.0,764.0,764.0,764.0,2
KSB,2026-03-12 14:50:00,764.0,767.65,763.45,767.65,1892
KSB,2026-03-12 14:51:00,767.65,769.8,767.65,769.05,558
KSB,2026-03-12 14:52:00,769.05,769.05,769.05,769.05,10
KSB,2026-03-12 14:53:00,769.0,769.75,769.0,769.75,522
KSB,2026-03-12 14:54:00,769.2,769.95,769.0,769.0,287
KSB,2026-03-12 14:55:00,769.0,769.0,768.0,768.0,73
KSB,2026-03-12 14:56:00,768.05,768.05,768.0,768.0,3257
KSB,2026-03-12 14:57:00,768.0,768.05,768.0,768.05,2469
KSB,2026-03-12 14:58:00,768.0,768.0,767.5,767.5,719
KSB,2026-03-12 14:59:00,767.5,768.05,767.5,768.05,309
KSB,2026-03-12 15:00:00,768.5,769.1,768.45,768.95,591
KSB,2026-03-12 15:01:00,768.95,768.95,768.9,768.9,38
KSB,2026-03-12 15:02:00,768.85,770.4,768.85,769.95,1322
KSB,2026-03-12 15:03:00,769.95,770.0,769.45,769.45,416
KSB,2026-03-12 15:04:00,769.45,769.45,769.0,769.05,235
KSB,2026-03-12 15:05:00,769.05,769.35,769.05,769.1,305
KSB,2026-03-12 15:06:00,769.1,769.1,768.85,768.85,57
KSB,2026-03-12 15:07:00,768.85,768.85,768.0,768.0,220
KSB,2026-03-12 15:08:00,768.5,768.85,768.45,768.45,78
KSB,2026-03-12 15:09:00,768.45,769.2,768.45,769.2,960
KSB,2026-03-12 15:10:00,769.2,769.25,768.85,769.25,298
KSB,2026-03-12 15:11:00,769.25,769.25,768.05,768.05,322
KSB,2026-03-12 15:12:00,768.85,769.8,768.05,769.65,1732
KSB,2026-03-12 15:13:00,769.3,769.75,768.6,768.7,235
KSB,2026-03-12 15:14:00,769.35,769.35,768.35,769.05,368
KSB,2026-03-12 15:15:00,769.05,769.05,768.0,768.0,401
KSB,2026-03-12 15:16:00,768.45,768.5,768.45,768.5,213
KSB,2026-03-12 15:17:00,768.5,769.45,768.5,769.45,319
KSB,2026-03-12 15:18:00,768.85,768.95,768.0,768.2,705
KSB,2026-03-12 15:19:00,768.2,769.0,768.2,769.0,107
KSB,2026-03-12 15:20:00,768.85,769.0,768.0,768.0,1175
KSB,2026-03-12 15:21:00,768.2,769.0,768.0,768.0,859
KSB,2026-03-12 15:22:00,768.0,768.25,768.0,768.25,665
KSB,2026-03-12 15:23:00,768.25,768.25,766.15,766.15,318
KSB,2026-03-12 15:24:00,766.15,766.35,766.15,766.35,84
KSB,2026-03-12 15:25:00,766.3,767.95,766.3,767.7,187
KSB,2026-03-12 15:26:00,767.7,768.0,766.4,766.4,458
KSB,2026-03-12 15:27:00,765.1,769.0,765.1,769.0,11014
KSB,2026-03-12 15:28:00,768.95,769.0,768.0,768.0,902
KSB,2026-03-12 15:29:00,768.0,768.15,768.0,768.0,1386
KSB,2026-03-13 09:15:00,764.35,764.35,759.85,759.85,581
KSB,2026-03-13 09:16:00,760.1,760.1,756.4,756.4,307
KSB,2026-03-13 09:17:00,758.3,759.75,758.3,759.75,46
KSB,2026-03-13 09:18:00,760.8,760.8,759.05,759.8,132
KSB,2026-03-13 09:19:00,758.9,759.85,758.75,759.85,510
KSB,2026-03-13 09:20:00,759.4,759.4,757.35,757.35,99
KSB,2026-03-13 09:21:00,757.5,757.9,756.2,756.2,659
KSB,2026-03-13 09:22:00,756.2,756.2,756.2,756.2,1
KSB,2026-03-13 09:23:00,756.2,757.7,756.2,757.2,343
KSB,2026-03-13 09:24:00,757.2,757.55,756.45,756.45,175
KSB,2026-03-13 09:25:00,756.3,756.3,756.2,756.2,129
KSB,2026-03-13 09:26:00,756.2,759.3,756.2,759.3,76
KSB,2026-03-13 09:27:00,759.05,759.2,758.5,759.05,81
KSB,2026-03-13 09:28:00,759.05,760.1,759.05,759.95,137
KSB,2026-03-13 09:29:00,759.95,759.95,759.2,759.2,35
KSB,2026-03-13 09:30:00,759.2,760.05,759.2,760.05,48
KSB,2026-03-13 09:31:00,760.05,765.85,760.05,765.85,159
KSB,2026-03-13 09:32:00,766.2,768.95,764.95,764.95,1142
KSB,2026-03-13 09:33:00,764.95,764.95,762.6,762.6,163
KSB,2026-03-13 09:34:00,762.6,762.6,760.35,761.55,638
KSB,2026-03-13 09:35:00,761.55,763.95,761.55,763.3,517
KSB,2026-03-13 09:36:00,763.3,764.4,763.3,764.4,141
KSB,2026-03-13 09:37:00,763.7,764.4,763.25,763.45,611
KSB,2026-03-13 09:38:00,763.45,764.5,763.45,764.45,304
KSB,2026-03-13 09:39:00,764.45,764.45,762.9,764.45,191
KSB,2026-03-13 09:40:00,764.5,764.5,764.1,764.5,155
KSB,2026-03-13 09:41:00,764.85,765.8,764.05,764.05,93
KSB,2026-03-13 09:42:00,764.05,764.15,763.85,764.15,661
KSB,2026-03-13 09:43:00,764.15,765.2,763.75,764.25,193
KSB,2026-03-13 09:44:00,764.25,764.25,763.05,763.9,79
KSB,2026-03-13 09:45:00,763.9,763.9,763.25,763.8,96
KSB,2026-03-13 09:46:00,763.75,763.8,763.15,763.15,89
KSB,2026-03-13 09:47:00,763.0,763.0,762.0,762.0,141
KSB,2026-03-13 09:48:00,762.0,763.0,762.0,762.9,96
KSB,2026-03-13 09:49:00,762.9,762.95,762.1,762.1,87
KSB,2026-03-13 09:50:00,762.0,762.1,761.25,762.1,73
KSB,2026-03-13 09:51:00,762.1,762.25,761.5,762.25,110
KSB,2026-03-13 09:52:00,762.25,762.35,760.45,760.45,81
KSB,2026-03-13 09:53:00,760.45,760.9,760.45,760.9,61
KSB,2026-03-13 09:54:00,760.9,760.9,759.0,759.85,267
KSB,2026-03-13 09:55:00,759.85,759.85,758.9,758.95,145
KSB,2026-03-13 09:56:00,759.6,760.85,759.6,760.85,95
KSB,2026-03-13 09:57:00,761.05,761.05,760.65,760.7,141
KSB,2026-03-13 09:58:00,760.7,760.7,760.2,760.65,14
KSB,2026-03-13 09:59:00,760.65,760.95,758.2,758.2,234
KSB,2026-03-13 10:00:00,758.2,758.7,757.9,758.25,603
KSB,2026-03-13 10:01:00,758.15,758.15,757.4,757.4,96
KSB,2026-03-13 10:02:00,757.4,759.6,757.4,758.9,72
KSB,2026-03-13 10:03:00,759.75,759.75,758.4,758.4,119
KSB,2026-03-13 10:04:00,758.2,758.4,758.2,758.2,67
KSB,2026-03-13 10:05:00,758.2,758.2,757.4,757.4,82
KSB,2026-03-13 10:06:00,757.4,758.1,757.4,757.4,142
KSB,2026-03-13 10:07:00,757.4,759.5,757.4,759.5,153
KSB,2026-03-13 10:08:00,759.45,759.55,758.6,758.6,195
KSB,2026-03-13 10:09:00,758.05,758.6,757.6,757.6,161
KSB,2026-03-13 10:10:00,757.6,758.05,757.6,757.7,60
KSB,2026-03-13 10:11:00,757.7,758.4,757.7,758.0,72
KSB,2026-03-13 10:12:00,758.0,758.0,756.85,757.2,348
KSB,2026-03-13 10:13:00,757.2,757.8,755.85,755.85,1456
KSB,2026-03-13 10:14:00,755.85,755.85,755.75,755.75,47
KSB,2026-03-13 10:15:00,755.75,756.15,755.0,756.15,764
KSB,2026-03-13 10:16:00,756.15,756.15,755.0,756.15,267
KSB,2026-03-13 10:17:00,756.15,756.15,755.45,755.75,176
KSB,2026-03-13 10:18:00,755.75,756.05,755.35,756.05,74
KSB,2026-03-13 10:19:00,756.05,756.15,755.5,755.5,132
KSB,2026-03-13 10:20:00,755.5,755.6,754.7,755.05,2097
KSB,2026-03-13 10:21:00,755.55,756.85,755.5,756.85,177
KSB,2026-03-13 10:22:00,756.85,756.85,755.4,755.4,128
KSB,2026-03-13 10:23:00,755.4,755.4,753.85,754.25,267
KSB,2026-03-13 10:24:00,753.95,754.65,753.95,754.5,48
KSB,2026-03-13 10:25:00,754.5,755.25,754.5,754.8,498
KSB,2026-03-13 10:26:00,755.15,755.3,755.15,755.3,73
KSB,2026-03-13 10:27:00,755.3,757.2,755.3,756.65,136
KSB,2026-03-13 10:28:00,756.65,758.4,756.65,758.4,83
KSB,2026-03-13 10:29:00,757.7,757.7,756.75,757.6,190
KSB,2026-03-13 10:30:00,758.4,758.4,757.75,757.75,89
KSB,2026-03-13 10:31:00,758.1,758.1,757.15,757.15,72
KSB,2026-03-13 10:32:00,757.5,757.5,755.85,756.35,99
KSB,2026-03-13 10:33:00,756.3,756.3,754.85,754.85,193
KSB,2026-03-13 10:34:00,754.65,754.7,753.75,754.45,406
KSB,2026-03-13 10:35:00,754.6,754.6,753.0,753.0,126
KSB,2026-03-13 10:36:00,753.15,753.45,752.8,753.45,81
KSB,2026-03-13 10:37:00,753.45,753.8,752.95,752.95,360
KSB,2026-03-13 10:38:00,752.95,753.2,752.5,753.2,31
KSB,2026-03-13 10:39:00,753.2,754.05,753.2,754.0,40
KSB,2026-03-13 10:40:00,754.05,754.05,753.25,753.85,549
KSB,2026-03-13 10:41:00,753.85,753.85,752.9,752.9,64
KSB,2026-03-13 10:42:00,752.9,753.7,752.9,752.95,46
KSB,2026-03-13 10:43:00,752.95,753.7,752.95,753.7,58
KSB,2026-03-13 10:44:00,753.7,753.85,753.7,753.85,45
KSB,2026-03-13 10:45:00,754.35,754.35,753.6,754.0,104
KSB,2026-03-13 10:46:00,754.6,754.65,754.6,754.65,45
KSB,2026-03-13 10:47:00,754.65,754.8,752.45,753.2,1069
KSB,2026-03-13 10:48:00,753.2,753.65,752.45,753.65,550
KSB,2026-03-13 10:49:00,753.65,754.15,753.65,754.15,45
KSB,2026-03-13 10:50:00,754.2,754.25,753.6,754.25,116
KSB,2026-03-13 10:51:00,754.55,755.65,754.55,754.95,192
KSB,2026-03-13 10:52:00,754.95,754.95,754.95,754.95,0
KSB,2026-03-13 10:53:00,755.3,755.95,755.25,755.95,110
KSB,2026-03-13 10:54:00,756.1,756.1,753.5,753.5,131
KSB,2026-03-13 10:55:00,753.5,754.3,753.5,753.5,17
KSB,2026-03-13 10:56:00,753.5,753.5,753.15,753.15,110
KSB,2026-03-13 10:57:00,753.0,753.25,752.4,752.4,74
KSB,2026-03-13 10:58:00,752.85,752.85,752.15,752.15,245
KSB,2026-03-13 10:59:00,752.15,753.7,752.15,753.6,110
KSB,2026-03-13 11:00:00,753.15,754.0,753.15,754.0,51
KSB,2026-03-13 11:01:00,753.8,753.8,752.6,752.6,240
KSB,2026-03-13 11:02:00,752.6,752.6,747.85,747.85,2036
KSB,2026-03-13 11:03:00,747.85,750.05,747.85,750.05,2978
KSB,2026-03-13 11:04:00,750.05,751.05,749.95,749.95,2087
KSB,2026-03-13 11:05:00,749.15,750.0,748.0,750.0,2526
KSB,2026-03-13 11:06:00,750.0,751.6,750.0,751.6,158
KSB,2026-03-13 11:07:00,751.6,752.5,751.6,752.45,55
KSB,2026-03-13 11:08:00,752.45,753.25,752.4,753.25,63
KSB,2026-03-13 11:09:00,753.25,753.25,752.25,752.25,87
KSB,2026-03-13 11:10:00,752.25,753.25,751.65,751.65,1284
KSB,2026-03-13 11:11:00,751.65,751.65,750.75,750.75,50
KSB,2026-03-13 11:12:00,751.5,751.95,751.5,751.95,75
KSB,2026-03-13 11:13:00,751.95,752.0,751.3,752.0,51
KSB,2026-03-13 11:14:00,752.0,752.0,750.45,750.45,89
KSB,2026-03-13 11:15:00,750.45,751.35,750.3,750.3,130
KSB,2026-03-13 11:16:00,750.3,751.0,750.3,751.0,51
KSB,2026-03-13 11:17:00,751.7,751.7,750.8,750.8,56
KSB,2026-03-13 11:18:00,750.8,751.95,750.8,751.15,114
KSB,2026-03-13 11:19:00,751.15,751.85,751.0,751.0,92
KSB,2026-03-13 11:20:00,751.0,751.3,751.0,751.3,46
KSB,2026-03-13 11:21:00,751.3,752.0,750.1,750.1,549
KSB,2026-03-13 11:22:00,750.1,751.0,750.1,751.0,100
KSB,2026-03-13 11:23:00,751.0,751.0,751.0,751.0,46
KSB,2026-03-13 11:24:00,751.0,751.0,750.15,750.15,113
KSB,2026-03-13 11:25:00,750.15,751.0,750.15,751.0,47
KSB,2026-03-13 11:26:00,752.25,752.6,751.85,752.6,1160
KSB,2026-03-13 11:27:00,752.6,753.75,752.45,753.75,130
KSB,2026-03-13 11:28:00,753.65,754.25,753.6,754.25,59
KSB,2026-03-13 11:29:00,754.3,754.3,754.25,754.25,51
KSB,2026-03-13 11:30:00,754.25,755.05,753.45,755.05,419
KSB,2026-03-13 11:31:00,755.05,755.05,755.0,755.0,154
KSB,2026-03-13 11:32:00,755.05,755.65,755.05,755.6,95
KSB,2026-03-13 11:33:00,755.6,755.6,755.6,755.6,318
KSB,2026-03-13 11:34:00,755.6,755.85,755.55,755.85,50
KSB,2026-03-13 11:35:00,755.85,756.0,755.0,755.0,50
KSB,2026-03-13 11:36:00,756.05,756.05,755.15,755.15,63
KSB,2026-03-13 11:37:00,755.15,755.15,754.8,754.8,45
KSB,2026-03-13 11:38:00,754.8,755.75,754.8,755.75,256
KSB,2026-03-13 11:39:00,754.95,754.95,754.95,754.95,112
KSB,2026-03-13 11:40:00,755.45,755.45,754.65,754.65,151
KSB,2026-03-13 11:41:00,754.65,754.8,754.65,754.8,46
KSB,2026-03-13 11:42:00,755.25,755.5,754.15,754.15,112
KSB,2026-03-13 11:43:00,754.15,754.9,754.15,754.9,23
KSB,2026-03-13 11:44:00,755.25,755.45,754.4,754.4,98
KSB,2026-03-13 11:45:00,755.25,755.4,754.35,754.35,99
KSB,2026-03-13 11:46:00,754.35,754.85,754.2,754.2,25
KSB,2026-03-13 11:47:00,754.2,755.2,753.9,754.05,122
KSB,2026-03-13 11:48:00,754.15,754.25,754.15,754.25,46
KSB,2026-03-13 11:49:00,754.45,754.6,754.45,754.6,46
KSB,2026-03-13 11:50:00,754.75,754.75,753.35,753.35,107
KSB,2026-03-13 11:51:00,753.35,754.2,753.2,754.1,137
KSB,2026-03-13 11:52:00,754.2,754.45,753.7,753.7,65
KSB,2026-03-13 11:53:00,753.7,754.65,753.7,754.65,86
KSB,2026-03-13 11:54:00,754.85,754.85,753.8,753.8,70
KSB,2026-03-13 11:55:00,754.0,754.1,754.0,754.1,45
KSB,2026-03-13 11:56:00,754.2,754.35,754.2,754.35,46
KSB,2026-03-13 11:57:00,754.35,754.35,753.7,753.7,89
KSB,2026-03-13 11:58:00,754.35,754.35,753.15,753.15,81
KSB,2026-03-13 11:59:00,753.15,754.0,753.15,754.0,23
KSB,2026-03-13 12:00:00,754.0,754.05,753.8,754.05,45
KSB,2026-03-13 12:01:00,753.35,753.35,753.35,753.35,59
KSB,2026-03-13 12:02:00,754.15,754.15,753.15,754.15,73
KSB,2026-03-13 12:03:00,754.15,754.15,753.15,753.85,40
KSB,2026-03-13 12:04:00,753.85,754.05,753.85,754.05,46
KSB,2026-03-13 12:05:00,754.05,754.05,753.35,753.35,71
KSB,2026-03-13 12:06:00,753.35,754.35,753.35,753.4,83
KSB,2026-03-13 12:07:00,754.4,754.5,754.4,754.5,47
KSB,2026-03-13 12:08:00,754.5,754.5,753.75,754.4,73
KSB,2026-03-13 12:09:00,754.4,754.6,754.35,754.55,56
KSB,2026-03-13 12:10:00,754.95,754.95,754.0,754.0,85
KSB,2026-03-13 12:11:00,754.95,754.95,754.15,754.15,84
KSB,2026-03-13 12:12:00,754.15,754.95,754.15,754.95,23
KSB,2026-03-13 12:13:00,755.15,755.15,754.4,754.4,86
KSB,2026-03-13 12:14:00,754.9,755.95,754.5,755.95,212
KSB,2026-03-13 12:15:00,755.95,756.3,755.25,755.85,96
KSB,2026-03-13 12:16:00,755.85,756.1,755.85,756.1,23
KSB,2026-03-13 12:17:00,756.1,756.1,755.3,755.3,49
KSB,2026-03-13 12:18:00,755.3,755.8,755.3,755.8,45
KSB,2026-03-13 12:19:00,755.8,756.1,755.8,756.1,46
KSB,2026-03-13 12:20:00,755.25,755.4,755.25,755.4,92
KSB,2026-03-13 12:21:00,755.4,756.3,755.4,755.4,71
KSB,2026-03-13 12:22:00,755.4,755.4,755.35,755.35,175
KSB,2026-03-13 12:23:00,755.35,755.4,754.65,754.65,71
KSB,2026-03-13 12:24:00,755.4,755.4,754.7,754.7,259
KSB,2026-03-13 12:25:00,754.7,754.7,754.7,754.7,56
KSB,2026-03-13 12:26:00,754.7,754.8,754.7,754.8,45
KSB,2026-03-13 12:27:00,754.8,755.1,754.8,755.1,19
KSB,2026-03-13 12:28:00,755.1,755.1,753.85,753.85,79
KSB,2026-03-13 12:29:00,753.85,753.85,753.05,753.05,150
KSB,2026-03-13 12:30:00,753.85,753.85,753.85,753.85,32
KSB,2026-03-13 12:31:00,753.85,753.85,752.4,752.4,49
KSB,2026-03-13 12:32:00,752.4,753.25,752.1,753.25,440
KSB,2026-03-13 12:33:00,753.25,753.3,753.25,753.3,107
KSB,2026-03-13 12:34:00,753.3,753.3,753.3,753.3,0
KSB,2026-03-13 12:35:00,753.0,753.35,752.7,753.35,139
KSB,2026-03-13 12:36:00,753.35,753.35,753.35,753.35,27
KSB,2026-03-13 12:37:00,753.35,753.45,751.55,752.8,712
KSB,2026-03-13 12:38:00,752.8,752.8,751.45,751.45,425
KSB,2026-03-13 12:39:00,752.0,752.0,752.0,752.0,133
KSB,2026-03-13 12:40:00,752.0,752.9,752.0,752.4,603
KSB,2026-03-13 12:41:00,752.4,753.45,752.4,752.85,146
KSB,2026-03-13 12:42:00,752.85,753.05,752.2,753.05,46
KSB,2026-03-13 12:43:00,753.05,753.05,752.0,753.0,59
KSB,2026-03-13 12:44:00,753.0,753.0,752.85,752.85,16
KSB,2026-03-13 12:45:00,752.85,752.85,752.85,752.85,5
KSB,2026-03-13 12:46:00,752.85,752.85,752.25,752.25,10
KSB,2026-03-13 12:47:00,752.25,752.85,752.25,752.85,3
KSB,2026-03-13 12:48:00,752.85,753.05,752.85,753.05,31
KSB,2026-03-13 12:49:00,754.15,754.35,754.15,754.35,21
KSB,2026-03-13 12:50:00,754.35,754.35,753.0,753.0,80
KSB,2026-03-13 12:51:00,753.0,753.5,751.95,752.9,233
KSB,2026-03-13 12:52:00,752.9,753.2,751.6,751.6,153
KSB,2026-03-13 12:53:00,751.6,752.4,751.6,752.4,2
KSB,2026-03-13 12:54:00,752.6,752.6,751.7,751.7,39
KSB,2026-03-13 12:55:00,751.7,752.65,751.7,752.65,7
KSB,2026-03-13 12:56:00,752.65,752.65,752.0,752.6,139
KSB,2026-03-13 12:57:00,752.6,752.6,751.85,752.55,42
KSB,2026-03-13 12:58:00,752.55,752.55,752.0,752.0,37
KSB,2026-03-13 12:59:00,752.0,752.0,752.0,752.0,1
KSB,2026-03-13 13:00:00,752.0,752.0,752.0,752.0,20
KSB,2026-03-13 13:01:00,752.0,752.55,752.0,752.3,5
KSB,2026-03-13 13:02:00,752.3,752.3,752.3,752.3,34
KSB,2026-03-13 13:03:00,752.55,752.55,751.85,751.85,27
KSB,2026-03-13 13:04:00,751.85,751.9,751.85,751.85,559
KSB,2026-03-13 13:05:00,751.85,752.45,751.85,752.45,147
KSB,2026-03-13 13:06:00,752.45,752.45,752.45,752.45,4
KSB,2026-03-13 13:07:00,752.4,752.4,752.4,752.4,5
KSB,2026-03-13 13:08:00,752.4,752.4,751.5,751.5,23
KSB,2026-03-13 13:09:00,751.5,751.5,750.55,751.35,29
KSB,2026-03-13 13:10:00,751.95,751.95,747.3,751.95,10395
KSB,2026-03-13 13:11:00,753.95,754.0,753.95,754.0,1113
KSB,2026-03-13 13:12:00,754.9,754.9,754.05,754.05,56
KSB,2026-03-13 13:13:00,755.05,755.05,754.25,755.0,47
KSB,2026-03-13 13:14:00,754.4,755.25,754.4,754.85,271
KSB,2026-03-13 13:15:00,754.85,754.85,754.7,754.7,23
KSB,2026-03-13 13:16:00,754.7,755.05,754.45,754.45,50
KSB,2026-03-13 13:17:00,754.15,755.4,754.15,755.0,278
KSB,2026-03-13 13:18:00,755.0,755.0,754.95,754.95,22
KSB,2026-03-13 13:19:00,754.95,754.95,754.2,754.2,52
KSB,2026-03-13 13:20:00,755.0,755.0,755.0,755.0,46
KSB,2026-03-13 13:21:00,755.0,755.0,755.0,755.0,46
KSB,2026-03-13 13:22:00,755.0,755.0,754.8,754.8,46
KSB,2026-03-13 13:23:00,754.8,754.85,754.8,754.85,45
KSB,2026-03-13 13:24:00,754.95,754.95,753.3,753.3,89
KSB,2026-03-13 13:25:00,753.9,754.65,753.9,754.65,54
KSB,2026-03-13 13:26:00,755.0,755.0,754.5,754.95,155
KSB,2026-03-13 13:27:00,754.95,756.55,754.65,754.65,681
KSB,2026-03-13 13:28:00,754.65,754.65,754.2,754.2,506
KSB,2026-03-13 13:29:00,754.2,755.05,754.2,755.05,38
KSB,2026-03-13 13:30:00,755.05,755.05,753.75,753.75,211
KSB,2026-03-13 13:31:00,753.75,753.85,753.2,753.8,47
KSB,2026-03-13 13:32:00,753.8,753.85,752.55,752.55,246
KSB,2026-03-13 13:33:00,752.55,753.65,752.55,753.65,22
KSB,2026-03-13 13:34:00,753.65,753.65,752.85,753.55,49
KSB,2026-03-13 13:35:00,752.9,753.55,752.9,753.55,48
KSB,2026-03-13 13:36:00,753.55,753.55,753.55,753.55,45
KSB,2026-03-13 13:37:00,753.55,753.65,753.55,753.65,61
KSB,2026-03-13 13:38:00,753.65,753.7,752.8,752.85,104
KSB,2026-03-13 13:39:00,752.85,753.35,752.85,753.35,25
KSB,2026-03-13 13:40:00,753.45,753.45,752.65,752.65,57
KSB,2026-03-13 13:41:00,752.65,754.65,752.65,754.65,348
KSB,2026-03-13 13:42:00,754.65,754.65,754.05,754.05,131
KSB,2026-03-13 13:43:00,754.45,754.5,754.45,754.5,33
KSB,2026-03-13 13:44:00,754.5,754.55,752.6,752.6,147
KSB,2026-03-13 13:45:00,752.6,753.8,752.6,753.8,24
KSB,2026-03-13 13:46:00,753.8,753.8,752.2,752.2,64
KSB,2026-03-13 13:47:00,753.05,753.2,752.45,752.45,42
KSB,2026-03-13 13:48:00,753.35,753.7,753.35,753.7,46
KSB,2026-03-13 13:49:00,753.75,753.75,753.55,753.6,82
KSB,2026-03-13 13:50:00,753.6,753.95,752.7,752.7,711
KSB,2026-03-13 13:51:00,752.7,752.85,751.2,751.2,65
KSB,2026-03-13 13:52:00,751.2,751.85,751.2,751.85,28
KSB,2026-03-13 13:53:00,751.85,751.95,751.25,751.95,80
KSB,2026-03-13 13:54:00,751.95,751.95,751.8,751.8,60
KSB,2026-03-13 13:55:00,751.9,751.95,751.2,751.2,48
KSB,2026-03-13 13:56:00,751.2,751.75,751.2,751.75,118
KSB,2026-03-13 13:57:00,751.65,751.7,751.65,751.7,46
KSB,2026-03-13 13:58:00,751.75,751.75,750.0,750.0,349
KSB,2026-03-13 13:59:00,750.85,751.5,750.55,751.5,602
KSB,2026-03-13 14:00:00,751.5,752.95,751.5,751.75,167
KSB,2026-03-13 14:01:00,751.75,752.9,751.75,752.9,37
KSB,2026-03-13 14:02:00,753.1,753.45,752.35,753.45,56
KSB,2026-03-13 14:03:00,753.45,753.7,752.6,752.6,93
KSB,2026-03-13 14:04:00,752.6,752.9,752.6,752.9,38
KSB,2026-03-13 14:05:00,752.9,752.9,752.9,752.9,46
KSB,2026-03-13 14:06:00,752.9,753.15,752.5,752.75,51
KSB,2026-03-13 14:07:00,753.45,753.65,753.45,753.65,46
KSB,2026-03-13 14:08:00,753.75,753.75,752.75,753.0,106
KSB,2026-03-13 14:09:00,753.0,753.0,752.3,753.0,54
KSB,2026-03-13 14:10:00,753.0,753.0,753.0,753.0,56
KSB,2026-03-13 14:11:00,753.0,753.4,752.35,753.15,60
KSB,2026-03-13 14:12:00,753.15,753.35,752.5,752.5,520
KSB,2026-03-13 14:13:00,752.2,753.85,752.2,753.85,222
KSB,2026-03-13 14:14:00,753.85,754.25,753.85,754.25,238
KSB,2026-03-13 14:15:00,754.25,755.0,754.25,755.0,19
KSB,2026-03-13 14:16:00,755.0,755.2,753.8,754.15,121
KSB,2026-03-13 14:17:00,754.15,754.25,754.15,754.25,1
KSB,2026-03-13 14:18:00,754.25,754.25,753.15,753.15,273
KSB,2026-03-13 14:19:00,753.15,753.15,753.15,753.15,140
KSB,2026-03-13 14:20:00,753.15,754.8,753.15,754.65,61
KSB,2026-03-13 14:21:00,754.65,754.7,754.0,754.0,16
KSB,2026-03-13 14:22:00,754.0,754.0,752.8,752.8,66
KSB,2026-03-13 14:23:00,752.8,753.25,752.4,753.0,20
KSB,2026-03-13 14:24:00,753.0,753.2,752.65,752.65,29
KSB,2026-03-13 14:25:00,752.65,753.25,752.45,752.45,14
KSB,2026-03-13 14:26:00,752.45,752.45,752.45,752.45,8
KSB,2026-03-13 14:27:00,752.45,753.25,752.45,753.0,16
KSB,2026-03-13 14:28:00,753.0,753.5,753.0,753.0,40
KSB,2026-03-13 14:29:00,753.5,753.5,752.45,752.5,94
KSB,2026-03-13 14:30:00,753.2,753.6,752.55,753.6,99
KSB,2026-03-13 14:31:00,754.35,754.35,753.65,753.8,86
KSB,2026-03-13 14:32:00,753.8,753.85,753.25,753.35,23
KSB,2026-03-13 14:33:00,753.4,754.0,752.85,753.35,344
KSB,2026-03-13 14:34:00,753.4,753.85,752.8,752.8,108
KSB,2026-03-13 14:35:00,752.8,753.55,752.6,753.4,27
KSB,2026-03-13 14:36:00,753.4,753.4,752.7,753.4,15
KSB,2026-03-13 14:37:00,753.4,753.45,752.7,753.3,135
KSB,2026-03-13 14:38:00,753.3,754.0,753.2,753.25,55
KSB,2026-03-13 14:39:00,753.25,754.0,753.25,753.25,208
KSB,2026-03-13 14:40:00,753.25,754.1,753.25,753.25,59
KSB,2026-03-13 14:41:00,753.25,753.25,753.25,753.25,7
KSB,2026-03-13 14:42:00,753.25,753.8,753.0,753.0,165
KSB,2026-03-13 14:43:00,753.6,753.8,753.1,753.2,16
KSB,2026-03-13 14:44:00,753.2,754.1,753.2,754.1,119
KSB,2026-03-13 14:45:00,754.15,754.4,753.35,753.35,48
KSB,2026-03-13 14:46:00,753.35,753.35,752.95,753.15,13
KSB,2026-03-13 14:47:00,753.15,754.05,753.15,753.5,17
KSB,2026-03-13 14:48:00,753.5,754.05,752.5,752.65,215
KSB,2026-03-13 14:49:00,752.65,753.75,752.65,753.75,67
KSB,2026-03-13 14:50:00,753.75,753.75,752.5,752.65,132
KSB,2026-03-13 14:51:00,752.65,753.15,752.45,753.1,135
KSB,2026-03-13 14:52:00,753.1,753.3,752.35,752.35,69
KSB,2026-03-13 14:53:00,753.2,753.2,752.25,752.25,32
KSB,2026-03-13 14:54:00,752.25,753.05,752.25,752.25,149
KSB,2026-03-13 14:55:00,752.85,752.95,752.25,752.25,90
KSB,2026-03-13 14:56:00,752.25,752.5,752.0,752.5,63
KSB,2026-03-13 14:57:00,752.5,752.5,751.35,751.65,162
KSB,2026-03-13 14:58:00,751.75,752.45,751.6,751.65,69
KSB,2026-03-13 14:59:00,752.5,752.6,752.0,752.0,314
KSB,2026-03-13 15:00:00,752.95,752.95,751.9,751.9,201
KSB,2026-03-13 15:01:00,751.9,752.4,750.8,751.2,288
KSB,2026-03-13 15:02:00,751.2,753.65,751.2,752.75,1499
KSB,2026-03-13 15:03:00,752.75,752.75,750.7,750.75,706
KSB,2026-03-13 15:04:00,750.75,751.15,750.6,750.6,46
KSB,2026-03-13 15:05:00,750.6,750.6,750.15,750.15,23
KSB,2026-03-13 15:06:00,750.15,750.5,749.75,749.75,2009
KSB,2026-03-13 15:07:00,749.75,750.6,749.25,750.0,1712
KSB,2026-03-13 15:08:00,750.45,750.45,749.05,749.95,158
KSB,2026-03-13 15:09:00,752.2,752.2,750.3,751.5,5718
KSB,2026-03-13 15:10:00,751.4,751.4,750.05,750.1,313
KSB,2026-03-13 15:11:00,750.1,750.55,748.2,748.2,4676
KSB,2026-03-13 15:12:00,748.6,751.8,748.15,751.1,1444
KSB,2026-03-13 15:13:00,751.65,753.3,751.65,752.0,934
KSB,2026-03-13 15:14:00,752.0,752.25,751.2,751.95,205
KSB,2026-03-13 15:15:00,751.45,751.5,751.45,751.5,132
KSB,2026-03-13 15:16:00,751.4,751.4,751.3,751.35,428
KSB,2026-03-13 15:17:00,751.35,751.65,751.3,751.65,218
KSB,2026-03-13 15:18:00,751.6,751.8,750.8,751.05,255
KSB,2026-03-13 15:19:00,751.05,752.3,751.0,752.0,199
KSB,2026-03-13 15:20:00,752.0,752.0,751.15,751.15,155
KSB,2026-03-13 15:21:00,751.8,751.8,751.3,751.35,88
KSB,2026-03-13 15:22:00,751.75,751.75,751.5,751.5,189
KSB,2026-03-13 15:23:00,751.5,751.7,751.5,751.5,90
KSB,2026-03-13 15:24:00,751.55,751.7,751.55,751.7,229
KSB,2026-03-13 15:25:00,751.7,754.5,751.7,754.5,542
KSB,2026-03-13 15:26:00,753.55,754.5,753.55,753.85,110
KSB,2026-03-13 15:27:00,753.15,754.15,753.15,754.0,810
KSB,2026-03-13 15:28:00,754.0,756.75,754.0,756.5,380
KSB,2026-03-13 15:29:00,754.05,756.5,754.05,754.05,418
KSB,2026-03-16 09:15:00,745.05,747.2,741.75,741.8,614
KSB,2026-03-16 09:16:00,743.3,744.25,741.8,744.05,342
KSB,2026-03-16 09:17:00,743.35,743.7,742.3,742.3,343
KSB,2026-03-16 09:18:00,743.55,744.5,743.55,744.5,146
KSB,2026-03-16 09:19:00,745.35,747.25,745.0,746.3,627
KSB,2026-03-16 09:20:00,746.3,746.3,743.65,744.85,930
KSB,2026-03-16 09:21:00,744.85,744.85,743.3,743.8,488
KSB,2026-03-16 09:22:00,743.8,743.8,741.95,742.8,44
KSB,2026-03-16 09:23:00,742.8,743.35,742.05,743.05,974
KSB,2026-03-16 09:24:00,741.95,742.8,741.55,741.8,423
KSB,2026-03-16 09:25:00,741.8,741.8,739.6,740.15,354
KSB,2026-03-16 09:26:00,741.2,741.2,738.3,739.75,1186
KSB,2026-03-16 09:27:00,739.75,743.5,739.75,742.75,2442
KSB,2026-03-16 09:28:00,742.75,742.8,741.8,742.8,150
KSB,2026-03-16 09:29:00,742.8,742.8,741.75,741.75,16
KSB,2026-03-16 09:30:00,741.75,744.8,741.75,743.85,137
KSB,2026-03-16 09:31:00,743.5,744.45,743.5,744.45,38
KSB,2026-03-16 09:32:00,744.45,744.45,743.45,743.45,22
KSB,2026-03-16 09:33:00,743.45,743.7,742.7,743.15,142
KSB,2026-03-16 09:34:00,743.15,748.25,742.4,748.25,2076
KSB,2026-03-16 09:35:00,748.25,749.5,748.25,749.5,93
KSB,2026-03-16 09:36:00,748.65,749.6,748.4,749.0,382
KSB,2026-03-16 09:37:00,749.0,749.3,748.85,749.3,225
KSB,2026-03-16 09:38:00,749.8,749.8,749.8,749.8,15
KSB,2026-03-16 09:39:00,749.8,749.9,749.0,749.9,45
KSB,2026-03-16 09:40:00,749.9,751.25,749.1,750.65,152
KSB,2026-03-16 09:41:00,750.65,752.0,750.65,752.0,3
KSB,2026-03-16 09:42:00,752.0,752.0,751.0,751.05,56
KSB,2026-03-16 09:43:00,750.8,752.0,750.8,752.0,338
KSB,2026-03-16 09:44:00,752.0,752.0,750.9,750.9,13
KSB,2026-03-16 09:45:00,750.9,750.9,750.9,750.9,0
KSB,2026-03-16 09:46:00,750.9,751.95,750.9,751.95,20
KSB,2026-03-16 09:47:00,751.95,751.95,751.95,751.95,0
KSB,2026-03-16 09:48:00,750.65,750.65,750.45,750.45,245
KSB,2026-03-16 09:49:00,751.05,751.5,751.05,751.5,58
KSB,2026-03-16 09:50:00,751.5,751.5,750.65,750.65,125
KSB,2026-03-16 09:51:00,750.65,750.65,750.0,750.6,104
KSB,2026-03-16 09:52:00,749.85,750.0,749.0,749.0,104
KSB,2026-03-16 09:53:00,749.0,751.35,749.0,750.4,82
KSB,2026-03-16 09:54:00,750.4,750.4,750.4,750.4,0
KSB,2026-03-16 09:55:00,750.2,750.2,750.15,750.15,6
KSB,2026-03-16 09:56:00,750.3,750.3,750.0,750.0,14
KSB,2026-03-16 09:57:00,750.85,750.85,750.35,750.35,49
KSB,2026-03-16 09:58:00,750.35,750.35,750.0,750.0,26
KSB,2026-03-16 09:59:00,750.0,750.45,749.4,750.45,512
KSB,2026-03-16 10:00:00,749.1,750.7,749.1,750.7,76
KSB,2026-03-16 10:01:00,750.7,750.7,750.7,750.7,0
KSB,2026-03-16 10:02:00,750.7,750.7,749.85,749.85,14
KSB,2026-03-16 10:03:00,749.85,751.4,749.85,751.4,203
KSB,2026-03-16 10:04:00,750.85,752.2,750.85,752.2,63
KSB,2026-03-16 10:05:00,751.95,753.1,751.95,753.1,70
KSB,2026-03-16 10:06:00,753.1,753.1,752.05,752.2,87
KSB,2026-03-16 10:07:00,752.2,752.8,752.2,752.8,116
KSB,2026-03-16 10:08:00,752.8,752.8,751.85,751.9,39
KSB,2026-03-16 10:09:00,751.9,752.3,751.5,751.95,266
KSB,2026-03-16 10:10:00,751.95,751.95,751.05,751.25,169
KSB,2026-03-16 10:11:00,752.05,752.05,750.45,751.0,250
KSB,2026-03-16 10:12:00,751.0,751.35,750.6,750.65,164
KSB,2026-03-16 10:13:00,750.0,750.0,749.6,749.6,309
KSB,2026-03-16 10:14:00,749.6,750.25,749.6,750.25,26
KSB,2026-03-16 10:15:00,749.65,749.65,749.15,749.15,100
KSB,2026-03-16 10:16:00,749.15,749.15,746.9,747.25,215
KSB,2026-03-16 10:17:00,747.25,747.25,746.8,746.8,212
KSB,2026-03-16 10:18:00,746.15,746.6,745.7,746.45,170
KSB,2026-03-16 10:19:00,746.45,746.45,745.7,745.7,118
KSB,2026-03-16 10:20:00,745.7,745.7,744.45,744.45,307
KSB,2026-03-16 10:21:00,744.1,746.5,744.1,746.5,1658
KSB,2026-03-16 10:22:00,746.5,746.5,745.6,745.6,14
KSB,2026-03-16 10:23:00,745.6,746.15,745.6,746.15,10
KSB,2026-03-16 10:24:00,746.15,746.15,745.0,745.0,106
KSB,2026-03-16 10:25:00,745.0,745.0,743.7,744.65,564
KSB,2026-03-16 10:26:00,744.65,744.65,744.3,744.5,52
KSB,2026-03-16 10:27:00,744.35,744.35,743.5,744.05,575
KSB,2026-03-16 10:28:00,744.05,744.05,742.7,743.25,47
KSB,2026-03-16 10:29:00,743.25,743.25,743.25,743.25,0
KSB,2026-03-16 10:30:00,743.25,745.05,742.85,745.0,768
KSB,2026-03-16 10:31:00,745.0,745.05,743.7,744.0,1677
KSB,2026-03-16 10:32:00,745.0,745.1,745.0,745.0,678
KSB,2026-03-16 10:33:00,745.0,745.8,745.0,745.0,121
KSB,2026-03-16 10:34:00,745.0,745.7,745.0,745.7,15
KSB,2026-03-16 10:35:00,745.7,745.7,744.6,745.1,542
KSB,2026-03-16 10:36:00,745.1,745.1,745.1,745.1,0
KSB,2026-03-16 10:37:00,745.1,745.1,744.8,744.8,60
KSB,2026-03-16 10:38:00,744.8,745.65,744.8,745.65,56
KSB,2026-03-16 10:39:00,745.65,745.8,744.8,744.8,350
KSB,2026-03-16 10:40:00,744.8,744.8,744.6,744.6,100
KSB,2026-03-16 10:41:00,744.2,745.0,743.5,743.5,796
KSB,2026-03-16 10:42:00,742.95,742.95,741.05,741.05,158
KSB,2026-03-16 10:43:00,741.7,741.7,741.7,741.7,4
KSB,2026-03-16 10:44:00,741.7,743.75,740.6,743.75,383
KSB,2026-03-16 10:45:00,743.75,743.75,743.6,743.65,388
KSB,2026-03-16 10:46:00,743.65,744.2,743.5,744.2,49
KSB,2026-03-16 10:47:00,744.2,744.2,744.2,744.2,0
KSB,2026-03-16 10:48:00,744.2,744.2,743.7,743.7,5
KSB,2026-03-16 10:49:00,743.7,743.7,742.65,742.65,44
KSB,2026-03-16 10:50:00,742.65,742.65,742.4,742.4,60
KSB,2026-03-16 10:51:00,742.4,742.4,742.0,742.0,363
KSB,2026-03-16 10:52:00,742.4,742.4,741.65,741.65,75
KSB,2026-03-16 10:53:00,741.85,742.0,741.85,742.0,582
KSB,2026-03-16 10:54:00,742.0,742.05,741.7,741.7,109
KSB,2026-03-16 10:55:00,741.7,742.1,741.7,742.1,30
KSB,2026-03-16 10:56:00,742.1,742.1,741.5,742.1,104
KSB,2026-03-16 10:57:00,742.1,743.35,742.0,743.3,178
KSB,2026-03-16 10:58:00,743.4,744.2,743.4,744.15,53
KSB,2026-03-16 10:59:00,744.15,745.4,744.15,745.1,31
KSB,2026-03-16 11:00:00,744.6,745.1,744.4,744.4,24
KSB,2026-03-16 11:01:00,744.15,744.15,743.6,743.6,7
KSB,2026-03-16 11:02:00,743.6,743.6,743.4,743.4,6
KSB,2026-03-16 11:03:00,742.75,743.35,742.45,742.6,67
KSB,2026-03-16 11:04:00,742.7,742.7,742.7,742.7,7
KSB,2026-03-16 11:05:00,742.7,742.7,742.65,742.65,6
KSB,2026-03-16 11:06:00,742.65,742.65,741.8,741.8,53
KSB,2026-03-16 11:07:00,742.75,743.5,742.75,743.45,43
KSB,2026-03-16 11:08:00,743.5,744.1,742.65,742.65,105
KSB,2026-03-16 11:09:00,742.65,743.5,742.65,743.5,11
KSB,2026-03-16 11:10:00,743.65,743.8,743.35,743.35,65
KSB,2026-03-16 11:11:00,743.25,743.25,742.85,742.85,42
KSB,2026-03-16 11:12:00,742.85,742.85,742.0,742.0,610
KSB,2026-03-16 11:13:00,742.0,742.0,742.0,742.0,0
KSB,2026-03-16 11:14:00,742.0,742.0,742.0,742.0,412
KSB,2026-03-16 11:15:00,742.0,743.05,742.0,743.05,22
KSB,2026-03-16 11:16:00,743.05,745.4,743.05,744.6,133
KSB,2026-03-16 11:17:00,744.6,745.85,744.6,745.85,101
KSB,2026-03-16 11:18:00,745.85,746.95,745.85,746.95,21
KSB,2026-03-16 11:19:00,747.2,747.2,747.2,747.2,16
KSB,2026-03-16 11:20:00,746.85,746.85,745.0,745.15,396
KSB,2026-03-16 11:21:00,746.75,746.75,746.75,746.75,31
KSB,2026-03-16 11:22:00,746.75,747.2,746.15,747.2,36
KSB,2026-03-16 11:23:00,747.2,747.2,747.2,747.2,0
KSB,2026-03-16 11:24:00,747.2,747.2,747.2,747.2,0
KSB,2026-03-16 11:25:00,747.2,747.2,747.2,747.2,0
KSB,2026-03-16 11:26:00,747.2,747.2,747.2,747.2,0
KSB,2026-03-16 11:27:00,745.6,745.6,745.6,745.6,115
KSB,2026-03-16 11:28:00,745.6,745.6,743.55,744.4,152
KSB,2026-03-16 11:29:00,744.4,744.4,743.75,744.0,51
KSB,2026-03-16 11:30:00,744.0,745.5,744.0,745.5,694
KSB,2026-03-16 11:31:00,745.5,745.95,745.5,745.95,2
KSB,2026-03-16 11:32:00,745.95,748.25,745.95,748.25,666
KSB,2026-03-16 11:33:00,748.25,748.25,748.25,748.25,0
KSB,2026-03-16 11:34:00,748.25,748.25,748.25,748.25,0
KSB,2026-03-16 11:35:00,748.25,748.25,748.25,748.25,0
KSB,2026-03-16 11:36:00,748.25,748.25,747.1,747.1,17
KSB,2026-03-16 11:37:00,747.1,747.1,747.1,747.1,0
KSB,2026-03-16 11:38:00,747.1,747.1,746.5,746.5,3
KSB,2026-03-16 11:39:00,746.45,746.6,745.55,746.45,276
KSB,2026-03-16 11:40:00,746.45,746.45,746.15,746.15,7
KSB,2026-03-16 11:41:00,746.15,746.6,745.3,746.6,2
KSB,2026-03-16 11:42:00,746.6,746.6,746.6,746.6,250
KSB,2026-03-16 11:43:00,746.6,746.6,746.55,746.55,5
KSB,2026-03-16 11:44:00,746.55,746.55,746.2,746.2,45
KSB,2026-03-16 11:45:00,746.2,746.2,746.2,746.2,0
KSB,2026-03-16 11:46:00,746.2,746.2,746.2,746.2,0
KSB,2026-03-16 11:47:00,746.2,746.2,746.2,746.2,50
KSB,2026-03-16 11:48:00,746.0,746.0,746.0,746.0,5
KSB,2026-03-16 11:49:00,746.0,746.0,746.0,746.0,0
KSB,2026-03-16 11:50:00,746.25,746.25,746.25,746.25,13
KSB,2026-03-16 11:51:00,746.25,746.4,746.25,746.4,15
KSB,2026-03-16 11:52:00,746.4,746.4,746.4,746.4,0
KSB,2026-03-16 11:53:00,746.4,746.4,746.15,746.15,1
KSB,2026-03-16 11:54:00,745.55,745.55,745.55,745.55,20
KSB,2026-03-16 11:55:00,745.55,745.55,745.55,745.55,0
KSB,2026-03-16 11:56:00,745.55,745.55,745.05,745.15,38
KSB,2026-03-16 11:57:00,745.15,746.55,745.15,746.55,93
KSB,2026-03-16 11:58:00,746.55,746.55,746.55,746.55,5
KSB,2026-03-16 11:59:00,746.55,746.55,745.8,745.8,2
KSB,2026-03-16 12:00:00,745.8,746.5,745.8,746.5,2
KSB,2026-03-16 12:01:00,746.85,746.85,746.85,746.85,25
KSB,2026-03-16 12:02:00,746.85,746.85,746.2,746.2,2
KSB,2026-03-16 12:03:00,746.2,747.1,746.2,747.1,49
KSB,2026-03-16 12:04:00,747.1,747.1,746.05,746.05,530
KSB,2026-03-16 12:05:00,746.05,746.05,745.55,745.55,21
KSB,2026-03-16 12:06:00,745.55,745.8,745.55,745.8,67
KSB,2026-03-16 12:07:00,745.8,746.4,745.8,746.4,31
KSB,2026-03-16 12:08:00,746.4,746.4,746.1,746.1,6
KSB,2026-03-16 12:09:00,746.1,746.1,746.1,746.1,0
KSB,2026-03-16 12:10:00,747.1,747.1,747.1,747.1,100
KSB,2026-03-16 12:11:00,745.65,745.65,745.65,745.65,100
KSB,2026-03-16 12:12:00,745.65,746.75,745.65,746.75,25
KSB,2026-03-16 12:13:00,747.15,747.55,747.15,747.55,52
KSB,2026-03-16 12:14:00,747.55,747.55,747.15,747.15,44
KSB,2026-03-16 12:15:00,747.15,747.15,747.05,747.05,7
KSB,2026-03-16 12:16:00,747.05,747.05,746.4,746.9,61
KSB,2026-03-16 12:17:00,746.9,746.9,746.8,746.8,3
KSB,2026-03-16 12:18:00,746.8,746.8,746.8,746.8,0
KSB,2026-03-16 12:19:00,746.8,746.8,745.85,745.85,30
KSB,2026-03-16 12:20:00,745.85,748.15,745.85,748.15,277
KSB,2026-03-16 12:21:00,748.15,748.15,747.6,747.6,8
KSB,2026-03-16 12:22:00,747.6,748.1,747.6,748.1,64
KSB,2026-03-16 12:23:00,748.1,749.15,747.0,749.15,109
KSB,2026-03-16 12:24:00,749.15,749.7,748.85,749.7,63
KSB,2026-03-16 12:25:00,749.7,749.7,748.5,749.4,102
KSB,2026-03-16 12:26:00,749.4,750.0,749.4,750.0,64
KSB,2026-03-16 12:27:00,749.4,749.4,748.05,749.35,506
KSB,2026-03-16 12:28:00,749.35,749.35,747.0,747.9,570
KSB,2026-03-16 12:29:00,747.9,747.95,747.85,747.95,63
KSB,2026-03-16 12:30:00,747.95,747.95,747.8,747.95,63
KSB,2026-03-16 12:31:00,747.95,748.15,747.7,748.15,63
KSB,2026-03-16 12:32:00,748.15,748.5,747.85,748.1,103
KSB,2026-03-16 12:33:00,748.1,748.5,748.1,748.5,62
KSB,2026-03-16 12:34:00,748.5,748.5,747.2,747.2,115
KSB,2026-03-16 12:35:00,747.2,748.15,747.2,748.15,64
KSB,2026-03-16 12:36:00,748.15,748.15,746.95,747.0,129
KSB,2026-03-16 12:37:00,747.2,747.45,747.2,747.45,88
KSB,2026-03-16 12:38:00,747.45,747.45,747.45,747.45,0
KSB,2026-03-16 12:39:00,747.45,747.45,746.6,746.6,5
KSB,2026-03-16 12:40:00,746.6,746.6,746.6,746.6,14
KSB,2026-03-16 12:41:00,746.6,746.6,746.6,746.6,0
KSB,2026-03-16 12:42:00,746.6,746.6,746.6,746.6,0
KSB,2026-03-16 12:43:00,746.15,746.15,746.15,746.15,7
KSB,2026-03-16 12:44:00,746.15,746.15,746.15,746.15,0
KSB,2026-03-16 12:45:00,746.15,746.15,746.15,746.15,0
KSB,2026-03-16 12:46:00,746.15,746.15,745.0,745.2,69
KSB,2026-03-16 12:47:00,745.2,745.2,745.2,745.2,0
KSB,2026-03-16 12:48:00,745.0,745.0,745.0,745.0,39
KSB,2026-03-16 12:49:00,745.0,745.25,745.0,745.25,8
KSB,2026-03-16 12:50:00,745.25,745.25,745.25,745.25,45
KSB,2026-03-16 12:51:00,745.25,745.75,745.25,745.75,10
KSB,2026-03-16 12:52:00,745.75,745.75,745.75,745.75,0
KSB,2026-03-16 12:53:00,745.2,746.45,745.2,746.45,217
KSB,2026-03-16 12:54:00,746.45,746.45,745.85,745.85,33
KSB,2026-03-16 12:55:00,745.85,745.85,745.85,745.85,0
KSB,2026-03-16 12:56:00,745.85,745.85,745.0,745.0,78
KSB,2026-03-16 12:57:00,745.0,745.0,745.0,745.0,374
KSB,2026-03-16 12:58:00,745.0,745.15,745.0,745.15,5
KSB,2026-03-16 12:59:00,745.15,745.15,745.1,745.1,15
KSB,2026-03-16 13:00:00,745.25,745.25,745.15,745.25,19
KSB,2026-03-16 13:01:00,745.25,745.25,745.25,745.25,0
KSB,2026-03-16 13:02:00,745.25,745.45,745.25,745.45,49
KSB,2026-03-16 13:03:00,745.45,745.45,745.45,745.45,0
KSB,2026-03-16 13:04:00,745.75,745.75,745.75,745.75,15
KSB,2026-03-16 13:05:00,742.8,744.35,741.9,741.9,1417
KSB,2026-03-16 13:06:00,741.9,741.9,741.0,741.0,8
KSB,2026-03-16 13:07:00,741.0,742.45,741.0,742.45,778
KSB,2026-03-16 13:08:00,742.55,742.55,742.55,742.55,1
KSB,2026-03-16 13:09:00,743.45,744.65,743.45,744.65,250
KSB,2026-03-16 13:10:00,744.65,744.65,743.15,744.0,34
KSB,2026-03-16 13:11:00,744.0,744.0,743.7,743.7,5
KSB,2026-03-16 13:12:00,743.7,743.7,743.7,743.7,0
KSB,2026-03-16 13:13:00,743.7,743.7,743.7,743.7,0
KSB,2026-03-16 13:14:00,743.7,743.7,743.7,743.7,64
KSB,2026-03-16 13:15:00,743.7,743.7,743.7,743.7,0
KSB,2026-03-16 13:16:00,743.7,743.85,743.7,743.85,40
KSB,2026-03-16 13:17:00,743.85,743.85,743.85,743.85,0
KSB,2026-03-16 13:18:00,743.85,743.85,743.75,743.75,20
KSB,2026-03-16 13:19:00,743.75,743.75,743.75,743.75,0
KSB,2026-03-16 13:22:00,743.75,743.75,743.75,743.75,0
KSB,2026-03-16 13:24:00,743.75,743.75,743.75,743.75,0
KSB,2026-03-16 13:25:00,743.75,743.75,743.75,743.75,0
KSB,2026-03-16 13:26:00,744.2,744.2,744.2,744.2,50
KSB,2026-03-16 13:27:00,743.65,743.65,743.65,743.65,27
KSB,2026-03-16 13:28:00,743.65,743.65,743.65,743.65,0
KSB,2026-03-16 13:29:00,742.1,742.1,742.1,742.1,50
KSB,2026-03-16 13:30:00,742.1,742.1,742.1,742.1,0
KSB,2026-03-16 13:31:00,742.1,743.9,742.1,743.9,6
KSB,2026-03-16 13:32:00,743.9,743.9,743.6,743.6,2
KSB,2026-03-16 13:33:00,743.6,743.6,743.6,743.6,0
KSB,2026-03-16 13:34:00,743.6,743.6,743.3,743.3,10
KSB,2026-03-16 13:35:00,743.3,743.3,743.2,743.2,2
KSB,2026-03-16 13:36:00,743.2,743.2,743.2,743.2,0
KSB,2026-03-16 13:37:00,743.2,743.2,743.2,743.2,0
KSB,2026-03-16 13:38:00,743.25,744.95,743.25,743.95,1440
KSB,2026-03-16 13:39:00,743.95,746.15,743.75,745.85,650
KSB,2026-03-16 13:40:00,745.85,745.85,745.85,745.85,26
KSB,2026-03-16 13:41:00,745.85,746.5,745.7,745.7,96
KSB,2026-03-16 13:42:00,745.7,745.7,745.7,745.7,0
KSB,2026-03-16 13:43:00,745.7,745.7,744.05,744.05,315
KSB,2026-03-16 13:44:00,744.05,744.05,744.05,744.05,0
KSB,2026-03-16 13:45:00,744.05,744.05,744.05,744.05,0
KSB,2026-03-16 13:46:00,744.05,744.85,744.05,744.2,22
KSB,2026-03-16 13:47:00,744.2,744.2,744.2,744.2,0
KSB,2026-03-16 13:48:00,744.2,744.8,744.2,744.8,7
KSB,2026-03-16 13:49:00,744.8,744.8,744.15,744.15,1
KSB,2026-03-16 13:50:00,744.15,744.15,744.15,744.15,0
KSB,2026-03-16 13:51:00,743.3,743.3,743.3,743.3,94
KSB,2026-03-16 13:52:00,743.3,744.45,743.3,744.45,72
KSB,2026-03-16 13:53:00,744.45,744.45,744.45,744.45,0
KSB,2026-03-16 13:54:00,744.45,745.0,744.45,745.0,266
KSB,2026-03-16 13:55:00,745.0,745.0,745.0,745.0,592
KSB,2026-03-16 13:56:00,745.0,745.3,745.0,745.3,6
KSB,2026-03-16 13:57:00,745.3,745.3,745.3,745.3,259
KSB,2026-03-16 13:58:00,745.3,745.3,745.1,745.1,5
KSB,2026-03-16 13:59:00,745.0,745.55,745.0,745.55,53
KSB,2026-03-16 14:00:00,745.0,745.0,745.0,745.0,88
KSB,2026-03-16 14:01:00,744.8,744.8,742.7,742.7,615
KSB,2026-03-16 14:02:00,742.7,744.7,742.7,744.7,1005
KSB,2026-03-16 14:03:00,744.7,744.7,743.35,743.35,16
KSB,2026-03-16 14:04:00,743.35,743.35,743.35,743.35,146
KSB,2026-03-16 14:05:00,743.35,743.35,743.35,743.35,0
KSB,2026-03-16 14:06:00,743.95,743.95,743.95,743.95,7
KSB,2026-03-16 14:07:00,743.8,743.95,743.8,743.95,45
KSB,2026-03-16 14:08:00,743.15,743.15,743.15,743.15,22
KSB,2026-03-16 14:09:00,743.15,743.15,743.15,743.15,0
KSB,2026-03-16 14:10:00,743.15,743.15,743.15,743.15,0
KSB,2026-03-16 14:11:00,743.15,744.45,743.15,744.45,102
KSB,2026-03-16 14:12:00,744.45,744.45,744.45,744.45,0
KSB,2026-03-16 14:13:00,744.45,744.45,744.45,744.45,0
KSB,2026-03-16 14:14:00,744.45,745.0,744.45,745.0,160
KSB,2026-03-16 14:15:00,745.0,745.0,745.0,745.0,340
KSB,2026-03-16 14:16:00,745.0,745.0,744.35,744.8,238
KSB,2026-03-16 14:17:00,744.8,745.35,744.8,745.35,6
KSB,2026-03-16 14:18:00,745.35,747.3,745.35,747.3,89
KSB,2026-03-16 14:19:00,747.3,750.15,747.3,750.15,1269
KSB,2026-03-16 14:20:00,750.15,751.5,750.15,751.5,248
KSB,2026-03-16 14:21:00,751.5,751.55,751.0,751.0,729
KSB,2026-03-16 14:22:00,751.0,751.0,751.0,751.0,0
KSB,2026-03-16 14:23:00,751.65,751.75,750.7,750.7,209
KSB,2026-03-16 14:24:00,750.7,751.6,750.7,750.8,105
KSB,2026-03-16 14:25:00,750.8,750.8,750.8,750.8,0
KSB,2026-03-16 14:26:00,750.65,750.65,750.65,750.65,126
KSB,2026-03-16 14:27:00,750.65,751.85,750.65,751.5,330
KSB,2026-03-16 14:28:00,751.5,751.5,751.5,751.5,0
KSB,2026-03-16 14:29:00,751.5,751.5,751.5,751.5,0
KSB,2026-03-16 14:30:00,751.5,751.5,750.8,750.8,71
KSB,2026-03-16 14:31:00,750.8,751.55,750.7,751.0,117
KSB,2026-03-16 14:32:00,751.0,751.0,751.0,751.0,0
KSB,2026-03-16 14:33:00,751.0,751.0,751.0,751.0,20
KSB,2026-03-16 14:34:00,751.0,751.0,751.0,751.0,53
KSB,2026-03-16 14:35:00,751.0,751.0,751.0,751.0,0
KSB,2026-03-16 14:36:00,751.0,751.5,751.0,751.5,20
KSB,2026-03-16 14:37:00,751.5,752.7,751.5,752.7,204
KSB,2026-03-16 14:38:00,752.7,752.7,751.05,751.05,125
KSB,2026-03-16 14:39:00,751.5,751.5,750.8,750.8,101
KSB,2026-03-16 14:40:00,750.6,752.75,750.6,752.75,191
KSB,2026-03-16 14:41:00,752.75,752.75,752.0,752.0,504
KSB,2026-03-16 14:42:00,752.0,752.0,750.6,751.8,141
KSB,2026-03-16 14:43:00,751.8,752.95,750.9,752.95,299
KSB,2026-03-16 14:44:00,753.35,753.35,752.0,752.0,428
KSB,2026-03-16 14:45:00,752.0,752.0,752.0,752.0,0
KSB,2026-03-16 14:46:00,752.0,752.0,752.0,752.0,50
KSB,2026-03-16 14:47:00,751.95,752.05,751.0,752.05,138
KSB,2026-03-16 14:48:00,752.05,752.05,752.05,752.05,0
KSB,2026-03-16 14:49:00,752.05,752.5,751.95,751.95,136
KSB,2026-03-16 14:50:00,751.95,752.45,751.95,752.45,10
KSB,2026-03-16 14:51:00,752.45,752.45,751.15,751.5,52
KSB,2026-03-16 14:52:00,751.5,752.75,751.5,752.75,274
KSB,2026-03-16 14:53:00,752.3,753.7,752.3,753.7,36
KSB,2026-03-16 14:54:00,753.5,753.95,752.7,752.7,194
KSB,2026-03-16 14:55:00,752.7,752.7,752.7,752.7,25
KSB,2026-03-16 14:56:00,752.7,752.7,751.6,751.6,49
KSB,2026-03-16 14:57:00,751.6,753.55,751.55,751.55,77
KSB,2026-03-16 14:58:00,751.55,755.0,751.55,753.95,3307
KSB,2026-03-16 14:59:00,753.95,754.7,752.75,754.7,763
KSB,2026-03-16 15:00:00,752.15,752.15,750.0,750.85,1035
KSB,2026-03-16 15:01:00,750.75,750.75,749.65,749.95,61
KSB,2026-03-16 15:02:00,749.65,751.6,748.45,751.6,421
KSB,2026-03-16 15:03:00,751.3,751.3,750.05,750.05,56
KSB,2026-03-16 15:04:00,751.25,751.25,750.4,750.8,25
KSB,2026-03-16 15:05:00,750.75,750.8,750.75,750.8,49
KSB,2026-03-16 15:06:00,750.05,752.0,750.05,752.0,167
KSB,2026-03-16 15:07:00,752.6,752.6,751.05,751.05,610
KSB,2026-03-16 15:08:00,751.7,751.75,751.6,751.6,28
KSB,2026-03-16 15:09:00,751.55,751.55,751.2,751.2,17
KSB,2026-03-16 15:10:00,751.2,752.2,751.2,752.15,73
KSB,2026-03-16 15:11:00,752.15,755.05,752.0,752.0,1219
KSB,2026-03-16 15:12:00,751.95,753.35,751.95,752.7,1030
KSB,2026-03-16 15:13:00,752.7,752.7,751.3,752.4,49
KSB,2026-03-16 15:14:00,752.4,752.4,751.6,752.4,286
KSB,2026-03-16 15:15:00,751.6,752.4,751.6,751.75,206
KSB,2026-03-16 15:16:00,751.75,751.75,750.55,751.3,674
KSB,2026-03-16 15:17:00,751.25,751.3,750.4,751.3,200
KSB,2026-03-16 15:18:00,751.3,751.3,749.7,749.7,954
KSB,2026-03-16 15:19:00,749.7,749.7,748.35,748.8,76
KSB,2026-03-16 15:20:00,748.8,748.85,748.8,748.8,46
KSB,2026-03-16 15:21:00,748.8,752.9,748.8,751.9,1268
KSB,2026-03-16 15:22:00,753.0,753.35,752.6,752.95,614
KSB,2026-03-16 15:23:00,752.95,753.0,752.95,753.0,36
KSB,2026-03-16 15:24:00,753.0,753.0,752.9,752.9,186
KSB,2026-03-16 15:25:00,752.9,753.0,752.75,752.95,354
KSB,2026-03-16 15:26:00,752.95,753.0,752.75,752.9,279
KSB,2026-03-16 15:27:00,752.85,756.0,752.85,755.95,2176
KSB,2026-03-16 15:28:00,755.95,756.0,755.0,755.1,354
KSB,2026-03-16 15:29:00,755.05,757.0,755.0,755.0,784
KSB,2026-03-17 09:15:00,758.6,758.6,752.05,752.05,1239
KSB,2026-03-17 09:16:00,752.05,752.05,750.6,751.0,32
KSB,2026-03-17 09:17:00,751.0,751.0,746.75,747.7,183
KSB,2026-03-17 09:18:00,747.7,750.6,747.7,750.0,299
KSB,2026-03-17 09:19:00,750.0,750.15,748.5,749.7,442
KSB,2026-03-17 09:20:00,749.0,749.0,747.4,747.4,140
KSB,2026-03-17 09:21:00,747.4,748.65,747.4,748.65,425
KSB,2026-03-17 09:22:00,748.95,752.0,748.95,752.0,178
KSB,2026-03-17 09:23:00,752.0,756.15,752.0,755.45,1252
KSB,2026-03-17 09:24:00,757.0,757.0,755.8,756.85,209
KSB,2026-03-17 09:25:00,755.8,756.4,754.0,754.45,1958
KSB,2026-03-17 09:26:00,754.45,754.45,754.45,754.45,0
KSB,2026-03-17 09:27:00,754.45,754.45,752.8,753.75,116
KSB,2026-03-17 09:28:00,753.75,754.0,752.9,754.0,47
KSB,2026-03-17 09:29:00,754.0,754.5,753.4,754.2,201
KSB,2026-03-17 09:30:00,754.2,754.85,754.2,754.85,5
KSB,2026-03-17 09:31:00,754.85,754.85,751.75,751.85,363
KSB,2026-03-17 09:32:00,752.75,752.75,750.75,750.75,123
KSB,2026-03-17 09:33:00,751.2,751.2,751.2,751.2,5
KSB,2026-03-17 09:34:00,751.2,751.95,750.85,750.85,15
KSB,2026-03-17 09:35:00,750.75,752.7,750.75,751.55,134
KSB,2026-03-17 09:36:00,751.55,753.7,751.55,752.7,8
KSB,2026-03-17 09:37:00,752.7,753.25,752.4,752.6,31
KSB,2026-03-17 09:38:00,752.6,753.8,752.6,753.0,10
KSB,2026-03-17 09:39:00,753.0,753.0,752.45,752.45,34
KSB,2026-03-17 09:40:00,752.45,754.85,752.0,753.45,370
KSB,2026-03-17 09:41:00,753.45,754.6,753.45,753.55,12
KSB,2026-03-17 09:42:00,753.55,754.4,751.7,751.7,142
KSB,2026-03-17 09:43:00,752.55,753.0,751.75,751.75,41
KSB,2026-03-17 09:44:00,751.65,752.35,751.25,751.25,39
KSB,2026-03-17 09:45:00,751.25,751.65,750.75,750.75,41
KSB,2026-03-17 09:46:00,751.45,752.2,751.45,752.05,12
KSB,2026-03-17 09:47:00,752.05,752.5,751.55,752.5,102
KSB,2026-03-17 09:48:00,751.7,753.2,751.7,753.2,68
KSB,2026-03-17 09:49:00,753.2,753.3,752.35,752.35,7
KSB,2026-03-17 09:50:00,752.35,752.85,752.15,752.15,37
KSB,2026-03-17 09:51:00,752.15,752.15,750.15,750.15,16
KSB,2026-03-17 09:52:00,750.15,750.55,750.15,750.45,15
KSB,2026-03-17 09:53:00,750.45,751.15,750.45,751.15,108
KSB,2026-03-17 09:54:00,751.15,751.55,750.15,750.15,61
KSB,2026-03-17 09:55:00,750.15,750.8,750.15,750.4,252
KSB,2026-03-17 09:56:00,750.4,750.55,750.05,750.1,134
KSB,2026-03-17 09:57:00,750.1,750.1,749.6,749.6,28
KSB,2026-03-17 09:58:00,749.6,751.15,749.6,751.1,89
KSB,2026-03-17 09:59:00,751.1,751.15,750.55,750.8,12
KSB,2026-03-17 10:00:00,750.8,751.2,750.2,751.2,33
KSB,2026-03-17 10:01:00,751.2,752.7,751.2,751.5,26
KSB,2026-03-17 10:02:00,751.95,752.8,751.45,752.8,11
KSB,2026-03-17 10:03:00,752.15,752.85,752.0,752.0,99
KSB,2026-03-17 10:04:00,752.0,752.0,751.2,751.2,25
KSB,2026-03-17 10:05:00,751.2,751.2,750.0,750.55,860
KSB,2026-03-17 10:06:00,750.55,750.55,750.05,750.1,6
KSB,2026-03-17 10:07:00,749.95,750.75,749.6,750.5,313
KSB,2026-03-17 10:08:00,750.5,750.55,750.15,750.15,4
KSB,2026-03-17 10:09:00,749.5,751.8,749.5,750.8,18
KSB,2026-03-17 10:10:00,750.75,750.75,750.65,750.65,16
KSB,2026-03-17 10:11:00,750.65,750.85,750.15,750.8,174
KSB,2026-03-17 10:12:00,750.8,750.8,750.0,750.0,6
KSB,2026-03-17 10:13:00,750.0,750.0,749.05,749.05,51
KSB,2026-03-17 10:14:00,749.6,749.85,749.1,749.1,9
KSB,2026-03-17 10:15:00,749.5,751.6,749.5,750.65,507
KSB,2026-03-17 10:16:00,751.4,751.9,750.15,750.15,143
KSB,2026-03-17 10:17:00,750.4,751.0,750.4,750.7,7
KSB,2026-03-17 10:18:00,750.7,751.35,750.2,751.1,21
KSB,2026-03-17 10:19:00,751.1,751.35,750.3,750.5,24
KSB,2026-03-17 10:20:00,751.35,752.0,750.4,750.85,310
KSB,2026-03-17 10:21:00,750.85,752.15,750.65,752.15,120
KSB,2026-03-17 10:22:00,752.15,755.0,751.4,754.55,1024
KSB,2026-03-17 10:23:00,754.55,754.9,754.2,754.9,10
KSB,2026-03-17 10:24:00,754.9,754.9,753.3,753.3,5
KSB,2026-03-17 10:25:00,753.3,754.15,752.55,752.55,75
KSB,2026-03-17 10:26:00,752.55,752.85,752.3,752.35,9
KSB,2026-03-17 10:27:00,752.35,752.4,752.35,752.4,5
KSB,2026-03-17 10:28:00,752.35,752.45,751.7,752.1,3408
KSB,2026-03-17 10:29:00,751.9,752.3,751.25,751.3,105
KSB,2026-03-17 10:30:00,751.3,751.75,750.7,750.7,115
KSB,2026-03-17 10:31:00,750.7,751.85,750.5,751.8,44
KSB,2026-03-17 10:32:00,751.8,751.8,751.2,751.4,5
KSB,2026-03-17 10:33:00,751.2,751.7,751.1,751.1,44
KSB,2026-03-17 10:34:00,751.1,751.3,750.15,750.15,137
KSB,2026-03-17 10:35:00,750.15,750.6,749.3,749.35,110
KSB,2026-03-17 10:36:00,748.6,749.2,748.15,748.15,648
KSB,2026-03-17 10:37:00,748.0,748.05,747.3,748.05,258
KSB,2026-03-17 10:38:00,747.45,748.05,747.0,747.0,349
KSB,2026-03-17 10:39:00,747.0,747.25,746.15,747.25,166
KSB,2026-03-17 10:40:00,747.25,747.85,746.05,747.0,331
KSB,2026-03-17 10:41:00,746.7,746.7,745.25,745.5,3384
KSB,2026-03-17 10:42:00,745.5,746.85,745.45,746.85,277
KSB,2026-03-17 10:43:00,746.85,746.85,745.9,745.9,254
KSB,2026-03-17 10:44:00,745.9,749.35,745.7,748.5,370
KSB,2026-03-17 10:45:00,748.5,748.95,748.15,748.15,9
KSB,2026-03-17 10:46:00,748.55,748.95,748.35,748.95,57
KSB,2026-03-17 10:47:00,748.95,749.1,748.35,748.35,6
KSB,2026-03-17 10:48:00,748.8,749.55,748.75,748.85,7
KSB,2026-03-17 10:49:00,749.25,751.7,749.25,751.1,37
KSB,2026-03-17 10:50:00,751.1,752.15,751.1,752.15,53
KSB,2026-03-17 10:51:00,752.15,752.15,750.45,751.1,7
KSB,2026-03-17 10:52:00,751.1,751.8,750.8,750.8,15
KSB,2026-03-17 10:53:00,750.8,751.7,750.75,751.3,76
KSB,2026-03-17 10:54:00,751.45,752.15,751.4,752.15,12
KSB,2026-03-17 10:55:00,752.15,752.15,751.4,751.45,5
KSB,2026-03-17 10:56:00,751.45,752.35,751.45,752.35,52
KSB,2026-03-17 10:57:00,751.4,751.4,751.15,751.15,5
KSB,2026-03-17 10:58:00,751.15,751.9,751.15,751.2,8
KSB,2026-03-17 10:59:00,751.2,751.2,751.15,751.15,5
KSB,2026-03-17 11:00:00,751.45,751.85,751.15,751.15,10
KSB,2026-03-17 11:01:00,751.15,751.3,751.0,751.15,23
KSB,2026-03-17 11:02:00,751.15,752.7,751.15,752.7,319
KSB,2026-03-17 11:03:00,752.6,752.6,751.2,751.2,39
KSB,2026-03-17 11:04:00,751.2,751.8,751.15,751.25,6
KSB,2026-03-17 11:05:00,751.25,751.4,751.05,751.05,142
KSB,2026-03-17 11:06:00,751.4,752.25,751.0,751.0,563
KSB,2026-03-17 11:07:00,751.0,751.55,750.45,750.45,15
KSB,2026-03-17 11:08:00,750.25,750.9,750.2,750.2,52
KSB,2026-03-17 11:09:00,750.2,750.9,750.15,750.15,80
KSB,2026-03-17 11:10:00,750.15,750.15,749.15,749.3,120
KSB,2026-03-17 11:11:00,749.3,752.35,749.15,752.35,786
KSB,2026-03-17 11:12:00,752.15,755.8,752.0,754.25,474
KSB,2026-03-17 11:13:00,754.25,754.85,751.95,752.3,292
KSB,2026-03-17 11:14:00,752.3,752.85,752.15,752.45,6
KSB,2026-03-17 11:15:00,752.45,752.9,752.2,752.9,5
KSB,2026-03-17 11:16:00,752.25,752.85,752.15,752.15,7
KSB,2026-03-17 11:17:00,752.15,752.15,750.7,750.7,27
KSB,2026-03-17 11:18:00,751.45,751.45,751.25,751.25,62
KSB,2026-03-17 11:19:00,751.25,751.5,751.1,751.5,397
KSB,2026-03-17 11:20:00,751.55,752.95,750.85,752.55,151
KSB,2026-03-17 11:21:00,752.55,753.5,752.2,753.0,25
KSB,2026-03-17 11:22:00,752.85,752.85,752.2,752.25,6
KSB,2026-03-17 11:23:00,752.25,752.6,751.8,752.2,10
KSB,2026-03-17 11:24:00,752.2,752.2,751.7,751.7,5
KSB,2026-03-17 11:25:00,751.7,751.7,751.5,751.5,5
KSB,2026-03-17 11:26:00,753.5,754.35,752.65,754.35,570
KSB,2026-03-17 11:27:00,754.35,755.2,754.35,754.35,9
KSB,2026-03-17 11:28:00,754.05,754.6,753.0,753.55,116
KSB,2026-03-17 11:29:00,753.55,753.55,753.05,753.4,5
KSB,2026-03-17 11:30:00,753.4,753.4,753.15,753.15,23
KSB,2026-03-17 11:31:00,753.85,753.85,753.7,753.75,9
KSB,2026-03-17 11:32:00,753.8,754.25,753.5,753.5,30
KSB,2026-03-17 11:33:00,753.5,755.0,753.4,753.4,105
KSB,2026-03-17 11:34:00,753.5,753.85,753.5,753.75,6
KSB,2026-03-17 11:35:00,753.75,754.4,753.5,754.05,8
KSB,2026-03-17 11:36:00,754.05,754.05,752.95,752.95,311
KSB,2026-03-17 11:37:00,752.95,753.85,752.95,753.2,56
KSB,2026-03-17 11:38:00,753.2,754.15,753.2,754.15,23
KSB,2026-03-17 11:39:00,754.15,754.85,754.0,754.1,8
KSB,2026-03-17 11:40:00,754.1,754.3,754.0,754.05,5
KSB,2026-03-17 11:41:00,754.25,754.25,753.45,753.9,5
KSB,2026-03-17 11:42:00,753.9,754.05,753.65,753.75,5
KSB,2026-03-17 11:43:00,753.75,754.95,753.65,754.2,145
KSB,2026-03-17 11:44:00,754.25,754.25,753.5,753.5,10
KSB,2026-03-17 11:45:00,753.5,754.25,753.5,754.25,31
KSB,2026-03-17 11:46:00,754.25,754.35,753.95,754.35,19
KSB,2026-03-17 11:47:00,754.5,754.6,753.55,754.35,155
KSB,2026-03-17 11:48:00,754.35,754.5,753.7,753.85,17
KSB,2026-03-17 11:49:00,753.9,754.2,753.4,754.15,115
KSB,2026-03-17 11:50:00,754.15,754.6,754.05,754.55,7
KSB,2026-03-17 11:51:00,754.55,756.85,754.55,756.85,569
KSB,2026-03-17 11:52:00,756.95,756.95,756.05,756.3,50
KSB,2026-03-17 11:53:00,756.3,756.3,755.35,755.35,5
KSB,2026-03-17 11:54:00,755.35,755.4,754.7,754.7,19
KSB,2026-03-17 11:55:00,754.05,754.65,754.05,754.45,136
KSB,2026-03-17 11:56:00,754.45,754.45,753.45,753.45,5
KSB,2026-03-17 11:57:00,753.45,753.7,753.4,753.7,5
KSB,2026-03-17 11:58:00,753.7,753.9,753.5,753.9,16
KSB,2026-03-17 11:59:00,754.05,754.6,753.7,753.8,18
KSB,2026-03-17 12:00:00,753.8,754.25,753.4,753.4,6
KSB,2026-03-17 12:01:00,753.75,754.1,753.65,754.1,135
KSB,2026-03-17 12:02:00,754.1,754.9,754.05,754.25,115
KSB,2026-03-17 12:03:00,754.25,754.25,753.75,753.75,6
KSB,2026-03-17 12:04:00,753.75,754.45,753.45,753.45,34
KSB,2026-03-17 12:05:00,753.45,754.0,753.45,753.8,5
KSB,2026-03-17 12:06:00,753.8,754.0,753.65,754.0,5
KSB,2026-03-17 12:07:00,754.0,754.0,753.5,753.65,6
KSB,2026-03-17 12:08:00,753.65,754.0,753.6,753.6,56
KSB,2026-03-17 12:09:00,753.6,754.7,753.6,753.75,15
KSB,2026-03-17 12:10:00,753.95,753.95,753.4,753.75,5
KSB,2026-03-17 12:11:00,753.75,754.1,753.5,753.5,40
KSB,2026-03-17 12:12:00,753.5,754.05,753.5,753.85,30
KSB,2026-03-17 12:13:00,753.85,753.95,753.45,753.8,5
KSB,2026-03-17 12:14:00,753.8,753.85,753.4,753.85,15
KSB,2026-03-17 12:15:00,753.85,753.95,753.45,753.45,350
KSB,2026-03-17 12:16:00,753.45,753.45,753.4,753.4,12
KSB,2026-03-17 12:17:00,753.4,753.4,752.3,753.1,127
KSB,2026-03-17 12:18:00,753.1,753.15,752.55,752.55,5
KSB,2026-03-17 12:19:00,752.55,753.2,752.35,752.85,23
KSB,2026-03-17 12:20:00,752.85,752.85,752.25,752.7,5
KSB,2026-03-17 12:21:00,752.85,753.15,752.45,752.8,45
KSB,2026-03-17 12:22:00,752.8,753.9,752.7,753.9,12
KSB,2026-03-17 12:23:00,753.9,754.0,753.0,753.2,21
KSB,2026-03-17 12:24:00,753.8,753.8,752.85,753.1,6
KSB,2026-03-17 12:25:00,753.1,753.65,752.6,753.65,9
KSB,2026-03-17 12:26:00,753.65,753.65,752.65,753.1,10
KSB,2026-03-17 12:27:00,753.15,756.5,753.15,755.7,907
KSB,2026-03-17 12:28:00,756.15,756.15,755.2,755.2,5
KSB,2026-03-17 12:29:00,755.75,755.85,755.6,755.75,17
KSB,2026-03-17 12:30:00,755.75,755.75,755.0,755.3,64
KSB,2026-03-17 12:31:00,755.3,755.95,755.0,755.0,55
KSB,2026-03-17 12:32:00,755.0,756.4,755.0,756.4,111
KSB,2026-03-17 12:33:00,756.4,756.4,755.5,755.5,9
KSB,2026-03-17 12:34:00,755.5,755.85,755.5,755.75,60
KSB,2026-03-17 12:35:00,755.75,756.15,755.75,755.75,14
KSB,2026-03-17 12:36:00,755.95,755.95,755.9,755.9,11
KSB,2026-03-17 12:37:00,755.85,755.9,755.85,755.85,5
KSB,2026-03-17 12:38:00,755.85,755.85,755.25,755.65,5
KSB,2026-03-17 12:39:00,755.65,755.9,755.65,755.85,12
KSB,2026-03-17 12:40:00,755.75,755.75,755.35,755.35,5
KSB,2026-03-17 12:41:00,756.1,756.1,755.3,755.65,19
KSB,2026-03-17 12:42:00,755.65,755.95,755.3,755.6,32
KSB,2026-03-17 12:43:00,755.6,755.6,753.2,754.2,743
KSB,2026-03-17 12:44:00,754.35,754.35,753.6,754.15,5
KSB,2026-03-17 12:45:00,754.7,754.7,753.75,753.75,9
KSB,2026-03-17 12:46:00,754.55,755.0,754.15,755.0,52
KSB,2026-03-17 12:47:00,755.0,756.95,754.4,756.65,3458
KSB,2026-03-17 12:48:00,755.55,756.35,754.2,754.3,91
KSB,2026-03-17 12:49:00,754.3,754.8,754.3,754.4,5
KSB,2026-03-17 12:50:00,754.8,754.8,753.25,753.25,7
KSB,2026-03-17 12:51:00,753.6,753.6,752.75,752.75,7
KSB,2026-03-17 12:52:00,752.75,752.85,752.35,752.55,6
KSB,2026-03-17 12:53:00,752.55,752.55,752.3,752.3,24
KSB,2026-03-17 12:54:00,752.3,752.3,752.3,752.3,5
KSB,2026-03-17 12:55:00,752.3,752.9,751.85,752.25,119
KSB,2026-03-17 12:56:00,752.25,752.65,752.15,752.65,44
KSB,2026-03-17 12:57:00,752.65,752.85,752.15,752.15,78
KSB,2026-03-17 12:58:00,752.15,753.4,751.75,753.4,67
KSB,2026-03-17 12:59:00,753.4,753.4,753.3,753.3,5
KSB,2026-03-17 13:00:00,753.6,753.6,753.2,753.4,6
KSB,2026-03-17 13:01:00,753.4,754.1,752.7,752.75,114
KSB,2026-03-17 13:02:00,753.5,753.5,752.65,752.75,46
KSB,2026-03-17 13:03:00,752.75,753.6,752.75,753.2,23
KSB,2026-03-17 13:04:00,753.2,753.95,753.15,753.95,20
KSB,2026-03-17 13:05:00,753.95,753.95,753.25,753.3,15
KSB,2026-03-17 13:06:00,753.3,753.3,752.0,752.0,59
KSB,2026-03-17 13:07:00,752.0,752.85,752.0,752.2,116
KSB,2026-03-17 13:08:00,752.2,753.1,752.15,752.15,6
KSB,2026-03-17 13:09:00,752.15,752.65,751.85,752.1,5
KSB,2026-03-17 13:10:00,752.05,752.3,752.05,752.2,23
KSB,2026-03-17 13:11:00,752.2,752.2,752.15,752.15,5
KSB,2026-03-17 13:12:00,752.65,752.65,751.55,752.2,108
KSB,2026-03-17 13:13:00,752.2,752.2,751.85,751.85,6
KSB,2026-03-17 13:14:00,751.85,751.95,751.75,751.95,6
KSB,2026-03-17 13:15:00,751.95,753.25,751.95,752.65,36
KSB,2026-03-17 13:16:00,752.65,752.9,752.65,752.7,5
KSB,2026-03-17 13:17:00,752.7,753.65,752.35,752.95,36
KSB,2026-03-17 13:18:00,752.95,752.95,752.6,752.6,25
KSB,2026-03-17 13:19:00,752.6,752.6,752.15,752.2,56
KSB,2026-03-17 13:20:00,752.2,752.65,752.2,752.65,5
KSB,2026-03-17 13:21:00,752.65,757.85,752.65,757.05,2653
KSB,2026-03-17 13:22:00,757.85,758.4,757.5,758.05,560
KSB,2026-03-17 13:23:00,758.05,758.05,757.1,757.1,128
KSB,2026-03-17 13:24:00,757.1,757.25,756.75,757.25,85
KSB,2026-03-17 13:25:00,757.25,757.8,757.25,757.7,8
KSB,2026-03-17 13:26:00,757.7,757.7,756.65,757.0,252
KSB,2026-03-17 13:27:00,757.0,757.05,756.6,757.0,6
KSB,2026-03-17 13:28:00,757.05,757.7,756.9,756.9,7
KSB,2026-03-17 13:29:00,757.1,757.7,756.8,757.65,19
KSB,2026-03-17 13:30:00,757.65,757.65,757.0,757.15,7
KSB,2026-03-17 13:31:00,757.3,757.3,757.15,757.15,79
KSB,2026-03-17 13:32:00,757.15,757.15,756.9,757.15,11
KSB,2026-03-17 13:33:00,757.15,757.4,756.7,756.7,20
KSB,2026-03-17 13:34:00,757.0,757.0,755.35,755.75,91
KSB,2026-03-17 13:35:00,755.75,756.9,755.75,756.15,118
KSB,2026-03-17 13:36:00,756.15,756.3,756.15,756.3,5
KSB,2026-03-17 13:37:00,756.3,756.3,756.15,756.15,29
KSB,2026-03-17 13:38:00,756.15,756.95,755.9,756.15,15
KSB,2026-03-17 13:39:00,756.15,756.25,756.0,756.25,5
KSB,2026-03-17 13:40:00,756.4,756.4,756.0,756.05,10
KSB,2026-03-17 13:41:00,755.75,756.1,755.65,756.1,6
KSB,2026-03-17 13:42:00,756.1,756.1,755.7,755.9,5
KSB,2026-03-17 13:43:00,755.9,757.0,755.9,756.55,37
KSB,2026-03-17 13:44:00,756.55,761.0,755.5,760.5,1211
KSB,2026-03-17 13:45:00,760.5,760.5,760.3,760.3,56
KSB,2026-03-17 13:46:00,760.3,760.4,760.3,760.3,5
KSB,2026-03-17 13:47:00,760.3,761.35,760.3,760.75,33
KSB,2026-03-17 13:48:00,760.75,760.75,760.35,760.7,6
KSB,2026-03-17 13:49:00,761.95,761.95,760.4,760.6,155
KSB,2026-03-17 13:50:00,759.0,760.0,758.0,758.5,4014
KSB,2026-03-17 13:51:00,758.5,758.5,757.95,758.0,88
KSB,2026-03-17 13:52:00,758.0,758.85,757.85,758.2,31
KSB,2026-03-17 13:53:00,758.2,758.65,758.0,758.0,10
KSB,2026-03-17 13:54:00,758.0,758.65,757.9,757.9,87
KSB,2026-03-17 13:55:00,757.9,758.65,757.9,757.9,8
KSB,2026-03-17 13:56:00,757.9,758.15,757.0,757.0,73
KSB,2026-03-17 13:57:00,757.5,757.5,756.85,757.4,11
KSB,2026-03-17 13:58:00,757.4,758.25,756.9,757.4,336
KSB,2026-03-17 13:59:00,757.4,759.85,757.4,758.6,287
KSB,2026-03-17 14:00:00,759.4,760.0,758.55,759.5,507
KSB,2026-03-17 14:01:00,759.85,760.15,759.85,760.0,6063
KSB,2026-03-17 14:02:00,760.0,762.0,760.0,762.0,193
KSB,2026-03-17 14:03:00,763.0,765.1,762.05,764.5,8223
KSB,2026-03-17 14:04:00,765.2,765.65,762.5,762.5,458
KSB,2026-03-17 14:05:00,762.5,762.5,761.35,762.0,33
KSB,2026-03-17 14:06:00,762.0,762.0,760.8,760.8,8
KSB,2026-03-17 14:07:00,761.95,762.7,761.7,762.0,169
KSB,2026-03-17 14:08:00,762.5,763.25,762.2,763.25,27
KSB,2026-03-17 14:09:00,762.45,762.9,762.05,762.4,50
KSB,2026-03-17 14:10:00,762.4,762.65,760.35,760.35,885
KSB,2026-03-17 14:11:00,760.35,763.3,760.35,763.3,556
KSB,2026-03-17 14:12:00,762.2,763.0,762.2,762.2,9
KSB,2026-03-17 14:13:00,762.2,762.95,762.2,762.5,39
KSB,2026-03-17 14:14:00,762.5,762.5,762.1,762.35,5
KSB,2026-03-17 14:15:00,762.35,762.6,762.3,762.6,5
KSB,2026-03-17 14:16:00,762.6,762.6,761.8,762.5,70
KSB,2026-03-17 14:17:00,762.5,762.65,761.65,761.65,30
KSB,2026-03-17 14:18:00,761.65,762.05,761.6,761.6,5
KSB,2026-03-17 14:19:00,761.6,761.8,761.35,761.35,5
KSB,2026-03-17 14:20:00,761.35,761.7,761.25,761.7,61
KSB,2026-03-17 14:21:00,761.7,762.05,761.7,761.7,112
KSB,2026-03-17 14:22:00,761.7,761.7,761.7,761.7,11
KSB,2026-03-17 14:23:00,761.7,762.5,761.7,762.2,31
KSB,2026-03-17 14:24:00,762.2,762.2,761.9,761.95,5
KSB,2026-03-17 14:25:00,762.05,762.8,761.9,761.9,30
KSB,2026-03-17 14:26:00,761.9,761.95,761.9,761.9,7
KSB,2026-03-17 14:27:00,761.9,762.25,761.9,762.25,22
KSB,2026-03-17 14:28:00,762.25,762.95,761.9,762.4,30
KSB,2026-03-17 14:29:00,762.5,762.65,762.05,762.4,27
KSB,2026-03-17 14:30:00,762.65,763.3,762.4,762.6,73
KSB,2026-03-17 14:31:00,762.6,763.2,761.8,761.8,191
KSB,2026-03-17 14:32:00,761.8,762.0,761.0,761.0,493
KSB,2026-03-17 14:33:00,761.1,761.35,760.6,760.6,196
KSB,2026-03-17 14:34:00,760.45,760.45,760.1,760.1,196
KSB,2026-03-17 14:35:00,760.1,761.05,760.1,760.1,209
KSB,2026-03-17 14:36:00,760.1,760.9,760.1,760.15,290
KSB,2026-03-17 14:37:00,760.1,760.8,759.25,759.7,765
KSB,2026-03-17 14:38:00,759.7,760.0,759.25,760.0,237
KSB,2026-03-17 14:39:00,760.25,760.25,760.0,760.0,214
KSB,2026-03-17 14:40:00,760.0,760.75,759.15,760.75,328
KSB,2026-03-17 14:41:00,760.75,761.8,760.75,760.9,38
KSB,2026-03-17 14:42:00,760.9,761.4,760.7,760.8,9
KSB,2026-03-17 14:43:00,760.95,761.75,760.4,760.75,216
KSB,2026-03-17 14:44:00,760.95,761.65,760.55,760.6,31
KSB,2026-03-17 14:45:00,760.9,761.05,760.3,761.05,13
KSB,2026-03-17 14:46:00,761.05,761.55,760.3,761.55,11
KSB,2026-03-17 14:47:00,761.55,761.65,760.8,760.8,11
KSB,2026-03-17 14:48:00,761.1,761.8,760.65,761.05,243
KSB,2026-03-17 14:49:00,761.05,762.6,761.05,762.6,44
KSB,2026-03-17 14:50:00,762.3,762.4,762.0,762.0,10
KSB,2026-03-17 14:51:00,762.25,762.25,760.85,761.3,198
KSB,2026-03-17 14:52:00,761.3,761.9,761.15,761.15,17
KSB,2026-03-17 14:53:00,761.4,762.15,761.0,762.15,28
KSB,2026-03-17 14:54:00,762.15,762.15,760.95,761.15,13
KSB,2026-03-17 14:55:00,761.15,762.3,760.15,760.15,1359
KSB,2026-03-17 14:56:00,760.15,760.95,760.05,760.2,240
KSB,2026-03-17 14:57:00,760.2,760.4,759.5,759.8,127
KSB,2026-03-17 14:58:00,759.8,761.0,759.8,761.0,105
KSB,2026-03-17 14:59:00,760.1,761.0,759.55,761.0,280
KSB,2026-03-17 15:00:00,760.8,762.8,760.0,762.8,9155
KSB,2026-03-17 15:01:00,762.8,763.95,762.4,763.95,448
KSB,2026-03-17 15:02:00,763.95,764.0,761.7,761.7,1340
KSB,2026-03-17 15:03:00,760.0,760.8,758.65,760.0,13477
KSB,2026-03-17 15:04:00,759.9,762.15,759.9,762.15,1213
KSB,2026-03-17 15:05:00,761.75,762.15,760.4,761.75,731
KSB,2026-03-17 15:06:00,760.6,761.25,760.0,761.25,5749
KSB,2026-03-17 15:07:00,761.25,761.85,761.25,761.3,381
KSB,2026-03-17 15:08:00,761.3,761.95,760.6,761.6,405
KSB,2026-03-17 15:09:00,761.6,762.05,761.6,762.05,409
KSB,2026-03-17 15:10:00,762.05,762.5,761.35,761.35,431
KSB,2026-03-17 15:11:00,760.3,761.7,760.3,761.7,23
KSB,2026-03-17 15:12:00,761.2,761.7,761.2,761.6,56
KSB,2026-03-17 15:13:00,762.65,763.3,762.05,763.0,476
KSB,2026-03-17 15:14:00,763.0,763.3,762.35,763.3,1841
KSB,2026-03-17 15:15:00,761.95,762.95,761.95,762.75,146
KSB,2026-03-17 15:16:00,762.0,763.0,761.95,763.0,315
KSB,2026-03-17 15:17:00,763.05,763.05,761.95,762.05,3629
KSB,2026-03-17 15:18:00,762.1,762.1,761.95,762.1,171
KSB,2026-03-17 15:19:00,762.0,762.15,760.0,760.0,610
KSB,2026-03-17 15:20:00,760.0,761.0,760.0,761.0,276
KSB,2026-03-17 15:21:00,761.0,761.9,761.0,761.45,275
KSB,2026-03-17 15:22:00,761.25,761.4,761.0,761.4,500
KSB,2026-03-17 15:23:00,761.2,761.4,761.0,761.1,1504
KSB,2026-03-17 15:24:00,761.15,761.9,761.0,761.9,199
KSB,2026-03-17 15:25:00,763.5,765.0,761.65,763.65,4287
KSB,2026-03-17 15:26:00,763.4,763.4,762.0,763.0,695
KSB,2026-03-17 15:27:00,763.0,764.7,760.1,760.1,1207
KSB,2026-03-17 15:28:00,760.9,762.0,760.0,760.0,5957
KSB,2026-03-17 15:29:00,761.2,761.2,756.0,760.0,2676
KSB,2026-03-18 09:15:00,760.0,762.4,758.85,759.15,323
KSB,2026-03-18 09:16:00,759.15,762.3,759.15,761.95,386
KSB,2026-03-18 09:17:00,761.95,764.75,761.95,764.75,79
KSB,2026-03-18 09:18:00,764.75,764.85,764.75,764.75,9
KSB,2026-03-18 09:19:00,764.5,764.5,764.5,764.5,10
KSB,2026-03-18 09:20:00,763.55,765.1,763.55,765.1,310
KSB,2026-03-18 09:21:00,765.3,766.5,764.9,764.9,57
KSB,2026-03-18 09:22:00,764.9,766.5,764.9,766.5,345
KSB,2026-03-18 09:23:00,766.5,766.5,764.35,765.8,364
KSB,2026-03-18 09:24:00,765.7,765.75,764.5,765.7,25
KSB,2026-03-18 09:25:00,765.7,765.7,763.4,764.75,193
KSB,2026-03-18 09:26:00,764.75,765.05,764.25,764.25,108
KSB,2026-03-18 09:27:00,764.95,766.9,764.9,766.8,375
KSB,2026-03-18 09:28:00,766.8,769.9,766.8,769.9,418
KSB,2026-03-18 09:29:00,769.9,770.0,769.85,769.85,74
KSB,2026-03-18 09:30:00,769.8,771.7,768.8,771.0,2860
KSB,2026-03-18 09:31:00,771.0,771.05,769.5,771.05,195
KSB,2026-03-18 09:32:00,771.5,771.9,770.9,771.35,135
KSB,2026-03-18 09:33:00,770.8,771.7,769.8,769.8,746
KSB,2026-03-18 09:34:00,771.0,771.0,770.25,770.25,18
KSB,2026-03-18 09:35:00,770.25,772.3,770.25,772.3,210
KSB,2026-03-18 09:36:00,772.25,772.9,771.0,771.0,122
KSB,2026-03-18 09:37:00,771.25,772.0,771.25,772.0,37
KSB,2026-03-18 09:38:00,772.0,772.0,770.0,770.0,147
KSB,2026-03-18 09:39:00,770.0,771.85,770.0,771.85,307
KSB,2026-03-18 09:40:00,771.95,771.95,771.95,771.95,25
KSB,2026-03-18 09:41:00,771.95,771.95,770.85,770.85,35
KSB,2026-03-18 09:42:00,770.8,773.6,770.6,773.6,440
KSB,2026-03-18 09:43:00,774.0,776.0,774.0,776.0,612
KSB,2026-03-18 09:44:00,776.0,776.0,774.8,774.8,359
KSB,2026-03-18 09:45:00,775.3,776.0,774.8,776.0,464
KSB,2026-03-18 09:46:00,776.0,776.9,775.8,776.2,711
KSB,2026-03-18 09:47:00,777.0,779.5,777.0,779.5,1130
KSB,2026-03-18 09:48:00,779.45,779.45,778.0,778.0,76
KSB,2026-03-18 09:49:00,778.0,778.65,778.0,778.65,163
KSB,2026-03-18 09:50:00,778.65,783.35,778.65,783.2,1262
KSB,2026-03-18 09:51:00,783.2,783.2,781.95,781.95,849
KSB,2026-03-18 09:52:00,781.5,782.85,781.0,781.0,187
KSB,2026-03-18 09:53:00,781.0,782.1,781.0,781.5,4844
KSB,2026-03-18 09:54:00,781.5,782.0,781.05,781.7,2818
KSB,2026-03-18 09:55:00,781.7,781.7,780.5,780.5,315
KSB,2026-03-18 09:56:00,780.5,781.0,780.2,780.2,492
KSB,2026-03-18 09:57:00,780.2,780.5,779.25,779.25,446
KSB,2026-03-18 09:58:00,779.25,779.25,778.8,779.25,302
KSB,2026-03-18 09:59:00,779.25,779.55,778.55,778.55,202
KSB,2026-03-18 10:00:00,779.0,779.1,779.0,779.0,267
KSB,2026-03-18 10:01:00,779.0,779.75,778.6,779.75,154
KSB,2026-03-18 10:02:00,779.05,782.85,779.0,782.85,1306
KSB,2026-03-18 10:03:00,782.85,783.7,782.0,783.05,768
KSB,2026-03-18 10:04:00,783.05,783.7,780.85,782.0,1311
KSB,2026-03-18 10:05:00,781.6,783.1,781.6,782.0,389
KSB,2026-03-18 10:06:00,782.0,783.0,782.0,783.0,771
KSB,2026-03-18 10:07:00,782.5,782.6,782.5,782.6,118
KSB,2026-03-18 10:08:00,782.15,782.95,781.2,782.45,1645
KSB,2026-03-18 10:09:00,783.05,783.05,780.15,780.15,486
KSB,2026-03-18 10:10:00,780.15,780.25,779.0,779.0,766
KSB,2026-03-18 10:11:00,779.0,782.55,779.0,782.55,767
KSB,2026-03-18 10:12:00,782.55,783.85,782.1,782.1,514
KSB,2026-03-18 10:13:00,782.1,782.1,781.6,781.6,98
KSB,2026-03-18 10:14:00,780.65,781.5,780.2,780.8,427
KSB,2026-03-18 10:15:00,780.9,780.9,780.6,780.6,172
KSB,2026-03-18 10:16:00,780.6,781.4,780.6,781.4,8
KSB,2026-03-18 10:17:00,781.4,781.4,780.6,780.6,31
KSB,2026-03-18 10:18:00,780.6,781.2,780.55,781.0,96
KSB,2026-03-18 10:19:00,780.55,780.55,778.5,778.5,941
KSB,2026-03-18 10:20:00,778.5,779.0,778.3,778.3,283
KSB,2026-03-18 10:21:00,778.3,778.3,778.3,778.3,20
KSB,2026-03-18 10:22:00,778.85,781.85,778.2,781.85,1170
KSB,2026-03-18 10:23:00,782.95,782.95,781.0,782.0,1121
KSB,2026-03-18 10:24:00,782.0,782.0,781.15,782.0,17
KSB,2026-03-18 10:25:00,782.0,782.0,782.0,782.0,0
KSB,2026-03-18 10:26:00,781.15,781.15,781.15,781.15,22
KSB,2026-03-18 10:27:00,781.8,781.8,781.15,781.15,101
KSB,2026-03-18 10:28:00,781.15,781.15,780.75,780.75,567
KSB,2026-03-18 10:29:00,780.75,780.75,780.0,780.0,63
KSB,2026-03-18 10:30:00,780.0,780.75,779.95,780.3,309
KSB,2026-03-18 10:31:00,780.95,780.95,780.15,780.15,25
KSB,2026-03-18 10:32:00,780.15,780.15,780.15,780.15,0
KSB,2026-03-18 10:33:00,780.15,780.2,779.6,779.6,16
KSB,2026-03-18 10:34:00,779.6,779.6,779.6,779.6,15
KSB,2026-03-18 10:35:00,779.15,779.15,777.45,777.45,1137
KSB,2026-03-18 10:36:00,777.45,777.8,776.8,776.9,240
KSB,2026-03-18 10:37:00,776.9,777.1,776.0,776.0,368
KSB,2026-03-18 10:38:00,776.0,777.2,776.0,777.2,432
KSB,2026-03-18 10:39:00,777.2,777.2,776.0,776.0,339
KSB,2026-03-18 10:40:00,776.7,776.7,776.05,776.05,53
KSB,2026-03-18 10:41:00,776.05,776.55,775.5,775.6,240
KSB,2026-03-18 10:42:00,775.6,775.8,775.15,775.3,321
KSB,2026-03-18 10:43:00,775.15,775.15,775.15,775.15,9
KSB,2026-03-18 10:44:00,775.15,775.15,775.15,775.15,7
KSB,2026-03-18 10:45:00,775.15,776.9,775.15,776.9,211
KSB,2026-03-18 10:46:00,776.9,776.9,776.15,776.15,115
KSB,2026-03-18 10:47:00,776.9,776.9,776.8,776.8,37
KSB,2026-03-18 10:48:00,776.8,776.8,776.15,776.8,15
KSB,2026-03-18 10:49:00,776.8,776.8,776.8,776.8,1
KSB,2026-03-18 10:50:00,776.8,776.85,776.8,776.85,163
KSB,2026-03-18 10:51:00,776.85,777.3,776.85,777.3,2
KSB,2026-03-18 10:52:00,777.6,777.9,777.45,777.45,219
KSB,2026-03-18 10:53:00,777.45,781.4,777.45,781.4,5036
KSB,2026-03-18 10:54:00,780.55,781.35,780.1,780.1,295
KSB,2026-03-18 10:55:00,780.0,781.0,780.0,780.05,270
KSB,2026-03-18 10:56:00,780.05,780.05,779.5,779.5,386
KSB,2026-03-18 10:57:00,779.5,780.6,779.5,780.6,4
KSB,2026-03-18 10:58:00,780.6,780.6,780.6,780.6,16
KSB,2026-03-18 10:59:00,780.6,780.6,780.55,780.55,81
KSB,2026-03-18 11:00:00,780.55,780.6,780.1,780.6,155
KSB,2026-03-18 11:01:00,780.6,780.6,780.15,780.15,5
KSB,2026-03-18 11:02:00,780.15,780.15,780.15,780.15,52
KSB,2026-03-18 11:03:00,780.15,780.15,779.5,779.5,52
KSB,2026-03-18 11:04:00,780.55,780.55,780.55,780.55,200
KSB,2026-03-18 11:05:00,780.55,780.55,780.55,780.55,0
KSB,2026-03-18 11:06:00,779.7,779.7,779.7,779.7,80
KSB,2026-03-18 11:07:00,779.7,779.7,779.5,779.5,10
KSB,2026-03-18 11:08:00,779.5,780.7,779.5,780.5,445
KSB,2026-03-18 11:09:00,780.5,781.15,780.5,781.05,61
KSB,2026-03-18 11:10:00,781.05,781.05,780.55,780.55,74
KSB,2026-03-18 11:11:00,780.55,783.0,780.55,782.0,645
KSB,2026-03-18 11:12:00,782.0,783.75,781.9,781.9,955
KSB,2026-03-18 11:13:00,781.9,782.15,781.9,782.15,5
KSB,2026-03-18 11:14:00,782.15,782.15,782.15,782.15,0
KSB,2026-03-18 11:15:00,782.15,783.75,782.15,783.75,211
KSB,2026-03-18 11:16:00,783.6,783.6,782.9,782.9,22
KSB,2026-03-18 11:17:00,782.9,783.55,782.9,783.55,6
KSB,2026-03-18 11:18:00,783.75,783.75,782.7,782.7,180
KSB,2026-03-18 11:19:00,782.5,782.5,781.35,781.35,184
KSB,2026-03-18 11:20:00,781.35,782.05,781.35,782.05,2
KSB,2026-03-18 11:21:00,782.05,782.05,781.05,781.05,32
KSB,2026-03-18 11:22:00,781.05,782.55,781.05,781.55,206
KSB,2026-03-18 11:23:00,781.55,781.9,781.05,781.05,256
KSB,2026-03-18 11:24:00,781.05,781.55,781.05,781.55,126
KSB,2026-03-18 11:25:00,781.35,781.35,781.35,781.35,11
KSB,2026-03-18 11:26:00,781.35,781.8,781.35,781.8,101
KSB,2026-03-18 11:27:00,781.8,781.9,781.35,781.55,40
KSB,2026-03-18 11:28:00,781.5,781.5,781.3,781.3,36
KSB,2026-03-18 11:29:00,781.85,781.85,781.85,781.85,7
KSB,2026-03-18 11:30:00,781.85,781.9,781.2,781.9,315
KSB,2026-03-18 11:31:00,781.9,781.9,781.2,781.2,80
KSB,2026-03-18 11:32:00,781.2,781.85,781.2,781.2,59
KSB,2026-03-18 11:33:00,781.2,781.85,781.2,781.4,32
KSB,2026-03-18 11:34:00,781.4,781.8,781.35,781.35,39
KSB,2026-03-18 11:35:00,781.35,781.75,781.2,781.2,52
KSB,2026-03-18 11:36:00,781.2,781.35,781.05,781.05,231
KSB,2026-03-18 11:37:00,781.8,781.85,781.5,781.55,222
KSB,2026-03-18 11:38:00,781.55,781.55,781.05,781.05,208
KSB,2026-03-18 11:39:00,781.05,781.05,780.75,781.05,372
KSB,2026-03-18 11:40:00,781.05,781.55,781.05,781.05,846
KSB,2026-03-18 11:41:00,781.05,781.05,780.75,781.05,178
KSB,2026-03-18 11:42:00,781.05,781.05,781.05,781.05,313
KSB,2026-03-18 11:43:00,781.05,781.05,780.55,781.05,155
KSB,2026-03-18 11:44:00,781.05,781.25,781.05,781.1,3879
KSB,2026-03-18 11:45:00,781.1,781.1,781.05,781.05,1080
KSB,2026-03-18 11:46:00,781.05,782.8,781.05,782.8,1154
KSB,2026-03-18 11:47:00,782.8,783.4,782.45,783.25,392
KSB,2026-03-18 11:48:00,783.25,783.25,782.1,782.9,321
KSB,2026-03-18 11:49:00,782.9,782.9,781.75,782.45,426
KSB,2026-03-18 11:50:00,782.35,782.4,782.3,782.3,275
KSB,2026-03-18 11:51:00,782.3,786.15,782.3,785.95,7648
KSB,2026-03-18 11:52:00,785.95,785.95,784.15,785.1,1356
KSB,2026-03-18 11:53:00,784.6,785.85,784.6,784.95,362
KSB,2026-03-18 11:54:00,784.95,785.85,784.95,784.95,319
KSB,2026-03-18 11:55:00,784.95,786.25,784.95,786.0,2204
KSB,2026-03-18 11:56:00,785.55,786.7,785.1,785.45,1591
KSB,2026-03-18 11:57:00,785.45,785.45,784.0,784.65,548
KSB,2026-03-18 11:58:00,784.65,784.65,783.9,784.6,288
KSB,2026-03-18 11:59:00,784.6,784.6,783.75,784.35,189
KSB,2026-03-18 12:00:00,784.35,784.45,783.65,783.7,405
KSB,2026-03-18 12:01:00,783.7,783.75,782.75,782.75,268
KSB,2026-03-18 12:02:00,783.4,783.4,781.1,781.1,419
KSB,2026-03-18 12:03:00,781.85,781.85,781.55,781.55,284
KSB,2026-03-18 12:04:00,781.55,781.8,781.05,781.7,217
KSB,2026-03-18 12:05:00,783.6,785.7,783.6,785.45,1096
KSB,2026-03-18 12:06:00,785.45,786.8,785.35,786.8,549
KSB,2026-03-18 12:07:00,786.85,786.85,785.45,785.45,171
KSB,2026-03-18 12:08:00,785.85,786.65,785.8,786.25,1184
KSB,2026-03-18 12:09:00,786.25,787.3,786.25,787.3,1289
KSB,2026-03-18 12:10:00,787.3,787.3,786.7,786.7,1
KSB,2026-03-18 12:11:00,786.65,787.4,786.65,787.0,625
KSB,2026-03-18 12:12:00,786.75,788.15,786.7,787.8,2633
KSB,2026-03-18 12:13:00,787.8,788.9,787.1,788.85,804
KSB,2026-03-18 12:14:00,788.85,791.0,787.6,791.0,4090
KSB,2026-03-18 12:15:00,791.95,796.5,790.65,796.5,6670
KSB,2026-03-18 12:16:00,796.5,796.5,791.2,792.2,9041
KSB,2026-03-18 12:17:00,791.85,794.05,791.85,794.05,570
KSB,2026-03-18 12:18:00,794.05,794.05,792.0,792.7,23066
KSB,2026-03-18 12:19:00,792.7,792.9,791.2,792.0,1654
KSB,2026-03-18 12:20:00,792.0,792.8,791.65,792.8,1401
KSB,2026-03-18 12:21:00,792.8,792.8,791.15,792.45,744
KSB,2026-03-18 12:22:00,792.45,792.45,791.0,792.3,2019
KSB,2026-03-18 12:23:00,792.3,792.3,792.0,792.3,127
KSB,2026-03-18 12:24:00,792.3,792.45,792.0,792.0,385
KSB,2026-03-18 12:25:00,792.0,793.6,792.0,793.0,2009
KSB,2026-03-18 12:26:00,793.15,794.0,792.45,792.45,716
KSB,2026-03-18 12:27:00,792.45,795.2,792.05,795.2,6282
KSB,2026-03-18 12:28:00,795.2,805.4,795.1,805.4,36419
KSB,2026-03-18 12:29:00,801.25,801.85,796.2,796.2,2360
KSB,2026-03-18 12:30:00,796.2,798.0,796.2,797.35,1054
KSB,2026-03-18 12:31:00,797.35,797.5,796.3,796.75,873
KSB,2026-03-18 12:32:00,796.75,798.5,796.75,798.5,873
KSB,2026-03-18 12:33:00,798.5,798.5,797.5,797.5,575
KSB,2026-03-18 12:34:00,797.5,804.65,797.5,804.65,4063
KSB,2026-03-18 12:35:00,805.35,805.35,802.8,803.4,3533
KSB,2026-03-18 12:36:00,803.4,803.5,801.1,802.0,1857
KSB,2026-03-18 12:37:00,802.0,802.0,800.15,800.7,1137
KSB,2026-03-18 12:38:00,800.35,801.0,800.35,800.65,311
KSB,2026-03-18 12:39:00,800.65,800.65,800.0,800.4,551
KSB,2026-03-18 12:40:00,800.4,800.4,799.8,799.8,72
KSB,2026-03-18 12:41:00,799.8,800.0,798.65,799.8,605
KSB,2026-03-18 12:42:00,799.8,800.0,799.55,799.75,981
KSB,2026-03-18 12:43:00,799.75,799.75,799.1,799.7,511
KSB,2026-03-18 12:44:00,799.7,802.45,799.5,801.6,7528
KSB,2026-03-18 12:45:00,801.6,801.85,801.6,801.65,136
KSB,2026-03-18 12:46:00,801.65,801.65,801.0,801.0,6
KSB,2026-03-18 12:47:00,801.0,804.3,801.0,802.6,3576
KSB,2026-03-18 12:48:00,802.65,803.0,802.55,802.85,581
KSB,2026-03-18 12:49:00,803.0,803.0,801.8,801.8,320
KSB,2026-03-18 12:50:00,801.8,803.7,801.8,803.25,346
KSB,2026-03-18 12:51:00,803.25,803.5,802.35,802.85,306
KSB,2026-03-18 12:52:00,802.85,802.85,802.7,802.85,258
KSB,2026-03-18 12:53:00,802.15,802.15,802.05,802.05,25
KSB,2026-03-18 12:54:00,802.05,802.05,800.6,801.35,185
KSB,2026-03-18 12:55:00,803.35,803.55,802.5,802.95,5235
KSB,2026-03-18 12:56:00,803.65,808.35,803.65,807.2,7401
KSB,2026-03-18 12:57:00,807.05,807.95,806.25,807.2,1194
KSB,2026-03-18 12:58:00,807.2,807.8,807.0,807.0,1515
KSB,2026-03-18 12:59:00,806.5,807.0,806.5,806.5,324
KSB,2026-03-18 13:00:00,806.5,806.75,805.5,806.05,559
KSB,2026-03-18 13:01:00,806.05,811.65,806.0,811.65,9517
KSB,2026-03-18 13:02:00,811.55,812.0,809.3,810.55,4629
KSB,2026-03-18 13:03:00,810.55,811.65,808.65,809.6,3772
KSB,2026-03-18 13:04:00,809.6,810.0,809.25,810.0,1336
KSB,2026-03-18 13:05:00,810.0,810.0,807.75,808.15,745
KSB,2026-03-18 13:06:00,808.15,808.65,807.1,808.1,805
KSB,2026-03-18 13:07:00,808.6,809.6,807.55,807.55,2274
KSB,2026-03-18 13:08:00,807.55,807.65,806.75,807.65,2452
KSB,2026-03-18 13:09:00,807.3,808.0,807.0,807.1,1607
KSB,2026-03-18 13:10:00,807.1,807.25,806.7,806.7,1486
KSB,2026-03-18 13:11:00,806.35,807.95,806.25,806.8,3740
KSB,2026-03-18 13:12:00,806.8,807.75,806.65,806.65,401
KSB,2026-03-18 13:13:00,806.65,807.1,806.65,807.0,711
KSB,2026-03-18 13:14:00,808.0,808.0,807.1,807.9,671
KSB,2026-03-18 13:15:00,807.9,807.9,807.15,807.15,117
KSB,2026-03-18 13:16:00,807.1,807.35,807.0,807.15,573
KSB,2026-03-18 13:17:00,807.15,807.15,807.0,807.0,23
KSB,2026-03-18 13:18:00,807.0,807.35,806.85,806.85,323
KSB,2026-03-18 13:19:00,806.85,807.15,806.85,807.15,462
KSB,2026-03-18 13:20:00,807.1,807.3,807.1,807.3,434
KSB,2026-03-18 13:21:00,806.95,809.5,806.95,809.35,6114
KSB,2026-03-18 13:22:00,809.3,809.6,808.05,808.85,459
KSB,2026-03-18 13:23:00,808.85,809.15,808.05,808.8,1616
KSB,2026-03-18 13:24:00,808.8,809.85,808.8,808.85,5103
KSB,2026-03-18 13:25:00,808.85,809.65,808.85,809.65,337
KSB,2026-03-18 13:26:00,809.65,809.65,806.95,806.95,1429
KSB,2026-03-18 13:27:00,806.95,807.25,806.85,807.25,874
KSB,2026-03-18 13:28:00,807.25,807.85,807.25,807.85,265
KSB,2026-03-18 13:29:00,807.85,807.85,807.25,807.25,3
KSB,2026-03-18 13:30:00,806.65,806.75,806.3,806.3,1248
KSB,2026-03-18 13:31:00,806.3,807.0,806.3,806.85,950
KSB,2026-03-18 13:32:00,806.9,806.9,806.85,806.85,93
KSB,2026-03-18 13:33:00,806.85,807.0,806.85,807.0,354
KSB,2026-03-18 13:34:00,807.0,807.0,807.0,807.0,0
KSB,2026-03-18 13:35:00,807.0,807.0,806.75,806.75,360
KSB,2026-03-18 13:36:00,806.75,806.75,804.3,805.45,2598
KSB,2026-03-18 13:37:00,805.45,805.75,805.45,805.5,1134
KSB,2026-03-18 13:38:00,805.4,805.4,804.4,804.6,476
KSB,2026-03-18 13:39:00,804.6,805.0,804.6,805.0,820
KSB,2026-03-18 13:40:00,805.0,805.0,804.6,805.0,331
KSB,2026-03-18 13:41:00,805.0,805.9,804.6,805.9,1071
KSB,2026-03-18 13:42:00,805.9,805.9,803.2,803.2,2068
KSB,2026-03-18 13:43:00,803.2,803.7,803.0,803.7,1592
KSB,2026-03-18 13:44:00,803.7,803.7,802.5,802.75,1966
KSB,2026-03-18 13:45:00,803.2,803.2,802.1,802.55,886
KSB,2026-03-18 13:46:00,802.5,802.7,802.5,802.65,295
KSB,2026-03-18 13:47:00,802.65,802.65,802.5,802.6,1766
KSB,2026-03-18 13:48:00,802.7,804.0,802.3,802.9,2134
KSB,2026-03-18 13:49:00,802.6,803.25,802.5,803.1,326
KSB,2026-03-18 13:50:00,803.1,803.25,802.5,803.15,488
KSB,2026-03-18 13:51:00,803.15,803.15,802.0,802.55,876
KSB,2026-03-18 13:52:00,802.3,802.3,800.9,801.5,650
KSB,2026-03-18 13:53:00,801.5,807.0,800.95,806.5,106112
KSB,2026-03-18 13:54:00,807.0,807.0,806.0,806.7,668
KSB,2026-03-18 13:55:00,806.7,808.0,805.9,808.0,5630
KSB,2026-03-18 13:56:00,808.0,808.35,807.25,808.1,1070
KSB,2026-03-18 13:57:00,808.1,808.9,807.35,808.1,1350
KSB,2026-03-18 13:58:00,808.1,810.0,808.1,809.9,4500
KSB,2026-03-18 13:59:00,810.0,810.0,809.9,810.0,4758
KSB,2026-03-18 14:00:00,810.0,810.0,809.15,810.0,4210
KSB,2026-03-18 14:01:00,809.9,810.0,809.65,810.0,10329
KSB,2026-03-18 14:02:00,810.0,810.0,809.95,809.95,6198
KSB,2026-03-18 14:03:00,809.55,809.7,804.75,805.15,1933
KSB,2026-03-18 14:04:00,804.0,809.75,804.0,809.3,3779
KSB,2026-03-18 14:05:00,809.35,809.35,807.3,808.0,2711
KSB,2026-03-18 14:06:00,808.0,809.3,808.0,808.4,2009
KSB,2026-03-18 14:07:00,808.4,808.9,807.5,807.7,1439
KSB,2026-03-18 14:08:00,807.7,809.0,807.7,809.0,795
KSB,2026-03-18 14:09:00,809.25,809.25,807.35,807.35,2035
KSB,2026-03-18 14:10:00,807.35,809.95,807.35,809.7,2724
KSB,2026-03-18 14:11:00,809.7,810.0,809.65,810.0,1294
KSB,2026-03-18 14:12:00,810.0,810.0,810.0,810.0,770
KSB,2026-03-18 14:13:00,810.0,810.0,808.95,809.75,1385
KSB,2026-03-18 14:14:00,809.75,810.0,809.0,809.8,4773
KSB,2026-03-18 14:15:00,809.75,810.0,809.25,809.95,978
KSB,2026-03-18 14:16:00,809.95,810.0,809.2,809.95,1328
KSB,2026-03-18 14:17:00,809.95,813.8,809.95,813.25,6917
KSB,2026-03-18 14:18:00,813.7,814.85,813.7,814.0,3963
KSB,2026-03-18 14:19:00,814.0,814.5,812.6,813.3,839
KSB,2026-03-18 14:20:00,813.5,818.85,813.35,815.7,17466
KSB,2026-03-18 14:21:00,816.7,822.5,815.75,821.8,16109
KSB,2026-03-18 14:22:00,822.0,823.0,820.65,821.55,4935
KSB,2026-03-18 14:23:00,821.55,823.05,816.55,817.4,11467
KSB,2026-03-18 14:24:00,817.4,817.4,813.3,813.7,6856
KSB,2026-03-18 14:25:00,813.7,813.9,811.0,811.65,4223
KSB,2026-03-18 14:26:00,811.65,817.65,811.65,817.05,22375
KSB,2026-03-18 14:27:00,816.8,817.65,813.7,813.7,971
KSB,2026-03-18 14:28:00,814.1,814.1,812.9,812.9,628
KSB,2026-03-18 14:29:00,812.9,815.0,812.9,814.9,310
KSB,2026-03-18 14:30:00,815.0,815.4,815.0,815.05,671
KSB,2026-03-18 14:31:00,814.8,815.5,814.15,814.85,1192
KSB,2026-03-18 14:32:00,814.85,814.85,813.55,814.5,732
KSB,2026-03-18 14:33:00,814.5,814.5,813.15,813.15,383
KSB,2026-03-18 14:34:00,812.8,813.6,811.85,813.15,1930
KSB,2026-03-18 14:35:00,813.15,814.7,813.15,813.6,792
KSB,2026-03-18 14:36:00,813.6,814.0,812.4,813.6,681
KSB,2026-03-18 14:37:00,813.6,815.5,813.6,815.5,2672
KSB,2026-03-18 14:38:00,815.5,816.25,815.2,815.35,797
KSB,2026-03-18 14:39:00,815.35,815.5,814.9,814.9,64
KSB,2026-03-18 14:40:00,814.9,815.0,813.8,815.0,2218
KSB,2026-03-18 14:41:00,815.0,815.3,814.4,814.65,286
KSB,2026-03-18 14:42:00,814.65,814.65,814.0,814.0,903
KSB,2026-03-18 14:43:00,814.0,814.0,811.45,812.0,2352
KSB,2026-03-18 14:44:00,812.1,812.9,812.1,812.2,342
KSB,2026-03-18 14:45:00,812.05,812.8,810.9,812.65,1088
KSB,2026-03-18 14:46:00,812.65,813.45,812.65,813.2,246
KSB,2026-03-18 14:47:00,813.2,813.4,812.8,813.0,486
KSB,2026-03-18 14:48:00,812.5,812.5,812.0,812.0,426
KSB,2026-03-18 14:49:00,812.0,813.65,812.0,813.2,785
KSB,2026-03-18 14:50:00,813.2,813.5,813.0,813.5,278
KSB,2026-03-18 14:51:00,813.5,813.75,812.8,813.0,302
KSB,2026-03-18 14:52:00,812.8,812.8,812.75,812.8,447
KSB,2026-03-18 14:53:00,812.8,814.35,812.7,814.35,604
KSB,2026-03-18 14:54:00,814.35,814.35,812.8,813.05,116
KSB,2026-03-18 14:55:00,813.05,813.6,813.05,813.6,105
KSB,2026-03-18 14:56:00,812.9,814.0,812.8,812.8,425
KSB,2026-03-18 14:57:00,812.8,814.05,812.75,813.0,702
KSB,2026-03-18 14:58:00,812.8,814.45,812.8,814.45,425
KSB,2026-03-18 14:59:00,813.7,814.35,813.7,813.7,45
KSB,2026-03-18 15:00:00,813.7,814.4,813.5,813.5,189
KSB,2026-03-18 15:01:00,813.75,813.75,813.0,813.0,94
KSB,2026-03-18 15:02:00,813.0,813.5,812.65,813.5,387
KSB,2026-03-18 15:03:00,813.5,814.3,813.05,813.05,713
KSB,2026-03-18 15:04:00,813.65,814.0,813.6,814.0,181
KSB,2026-03-18 15:05:00,814.0,814.5,813.4,814.45,259
KSB,2026-03-18 15:06:00,813.8,814.5,813.35,814.0,506
KSB,2026-03-18 15:07:00,814.0,814.0,812.6,813.0,889
KSB,2026-03-18 15:08:00,812.5,813.7,812.4,813.0,1793
KSB,2026-03-18 15:09:00,813.0,813.65,812.5,813.1,893
KSB,2026-03-18 15:10:00,813.1,813.1,811.85,811.85,528
KSB,2026-03-18 15:11:00,811.8,812.0,810.95,812.0,3378
KSB,2026-03-18 15:12:00,811.75,812.0,811.45,811.7,1248
KSB,2026-03-18 15:13:00,812.3,813.9,811.9,812.7,1354
KSB,2026-03-18 15:14:00,812.7,812.85,812.0,812.85,4974
KSB,2026-03-18 15:15:00,813.7,813.7,810.0,811.6,12535
KSB,2026-03-18 15:16:00,811.5,812.35,810.75,812.35,1125
KSB,2026-03-18 15:17:00,812.3,812.3,810.55,811.3,1067
KSB,2026-03-18 15:18:00,812.0,812.0,810.5,810.5,1343
KSB,2026-03-18 15:19:00,810.95,810.95,810.0,810.0,2249
KSB,2026-03-18 15:20:00,810.0,811.75,810.0,810.9,5048
KSB,2026-03-18 15:21:00,810.9,810.9,810.05,810.75,2430
KSB,2026-03-18 15:22:00,810.8,810.8,810.0,810.35,431
KSB,2026-03-18 15:23:00,810.35,810.9,810.0,810.9,4164
KSB,2026-03-18 15:24:00,810.9,812.4,810.45,812.4,3799
KSB,2026-03-18 15:25:00,812.3,812.3,810.35,811.85,4795
KSB,2026-03-18 15:26:00,811.85,811.85,810.05,810.1,200
KSB,2026-03-18 15:27:00,810.1,811.5,810.1,810.15,1762
KSB,2026-03-18 15:28:00,810.2,810.95,810.0,810.95,2028
KSB,2026-03-18 15:29:00,810.95,811.0,810.0,810.5,1958
KSB,2026-03-19 09:15:00,805.6,805.6,795.05,802.35,3602
KSB,2026-03-19 09:16:00,800.75,807.25,799.05,805.35,3195
KSB,2026-03-19 09:17:00,805.35,809.5,803.9,804.65,3158
KSB,2026-03-19 09:18:00,804.0,804.0,802.25,803.4,1112
KSB,2026-03-19 09:19:00,803.4,803.4,802.15,802.15,868
KSB,2026-03-19 09:20:00,802.95,803.8,802.0,803.3,1165
KSB,2026-03-19 09:21:00,802.5,804.7,802.5,804.4,1430
KSB,2026-03-19 09:22:00,804.55,808.8,804.5,808.4,3404
KSB,2026-03-19 09:23:00,808.55,809.9,808.55,809.9,836
KSB,2026-03-19 09:24:00,809.6,809.6,808.2,808.2,1140
KSB,2026-03-19 09:25:00,809.9,809.95,808.1,808.2,868
KSB,2026-03-19 09:26:00,808.2,808.2,805.35,805.35,570
KSB,2026-03-19 09:27:00,805.35,807.3,805.2,807.3,126
KSB,2026-03-19 09:28:00,806.45,807.0,805.85,806.45,1293
KSB,2026-03-19 09:29:00,806.45,806.55,805.25,805.25,314
KSB,2026-03-19 09:30:00,804.85,805.25,804.05,805.1,557
KSB,2026-03-19 09:31:00,805.25,805.75,804.6,805.7,1524
KSB,2026-03-19 09:32:00,805.5,805.9,804.7,805.15,488
KSB,2026-03-19 09:33:00,805.9,807.05,805.65,806.15,356
KSB,2026-03-19 09:34:00,805.9,805.9,803.95,803.95,140
KSB,2026-03-19 09:35:00,804.25,805.8,803.5,803.7,285
KSB,2026-03-19 09:36:00,805.7,805.7,803.0,803.0,2195
KSB,2026-03-19 09:37:00,803.0,806.0,803.0,805.8,572
KSB,2026-03-19 09:38:00,805.8,805.8,804.35,805.4,362
KSB,2026-03-19 09:39:00,805.4,805.9,804.25,805.05,257
KSB,2026-03-19 09:40:00,804.55,805.55,804.55,805.45,125
KSB,2026-03-19 09:41:00,805.35,805.95,803.25,803.3,337
KSB,2026-03-19 09:42:00,803.3,804.25,803.3,804.25,139
KSB,2026-03-19 09:43:00,804.25,804.55,803.75,804.05,663
KSB,2026-03-19 09:44:00,803.25,804.75,803.25,803.9,161
KSB,2026-03-19 09:45:00,803.9,803.9,803.3,803.3,28
KSB,2026-03-19 09:46:00,803.3,804.15,803.3,804.0,117
KSB,2026-03-19 09:47:00,804.0,804.0,803.45,803.45,44
KSB,2026-03-19 09:48:00,803.45,803.7,803.45,803.7,16
KSB,2026-03-19 09:49:00,803.7,803.7,801.55,802.4,252
KSB,2026-03-19 09:50:00,802.4,802.7,801.2,802.7,1182
KSB,2026-03-19 09:51:00,802.7,802.75,801.8,802.2,299
KSB,2026-03-19 09:52:00,802.2,802.6,802.0,802.5,357
KSB,2026-03-19 09:53:00,802.45,802.5,802.25,802.3,160
KSB,2026-03-19 09:54:00,802.3,807.35,802.15,807.35,1324
KSB,2026-03-19 09:55:00,806.65,806.65,806.65,806.65,18
KSB,2026-03-19 09:56:00,806.65,806.75,806.65,806.75,206
KSB,2026-03-19 09:57:00,807.45,813.0,807.4,813.0,3400
KSB,2026-03-19 09:58:00,812.85,814.5,809.15,810.95,5410
KSB,2026-03-19 09:59:00,810.0,810.0,808.0,809.9,3747
KSB,2026-03-19 10:00:00,809.05,809.9,809.05,809.1,1529
KSB,2026-03-19 10:01:00,809.7,809.7,809.6,809.6,105
KSB,2026-03-19 10:02:00,809.9,810.95,809.2,810.9,2459
KSB,2026-03-19 10:03:00,810.9,810.9,809.15,809.8,237
KSB,2026-03-19 10:04:00,809.8,809.8,808.0,808.15,789
KSB,2026-03-19 10:05:00,809.25,809.25,808.3,808.3,218
KSB,2026-03-19 10:06:00,808.55,808.55,807.0,807.0,512
KSB,2026-03-19 10:07:00,807.0,807.9,807.0,807.9,841
KSB,2026-03-19 10:08:00,807.9,808.8,807.9,808.0,42
KSB,2026-03-19 10:09:00,807.5,808.65,807.5,807.8,368
KSB,2026-03-19 10:10:00,807.8,807.8,807.15,807.4,108
KSB,2026-03-19 10:11:00,807.4,807.4,807.15,807.15,277
KSB,2026-03-19 10:12:00,807.15,807.6,807.05,807.15,135
KSB,2026-03-19 10:13:00,807.15,807.15,807.15,807.15,7
KSB,2026-03-19 10:14:00,807.15,807.15,807.05,807.1,84
KSB,2026-03-19 10:15:00,807.05,807.05,807.0,807.0,117
KSB,2026-03-19 10:16:00,807.0,807.9,807.0,807.85,246
KSB,2026-03-19 10:17:00,807.85,807.85,807.85,807.85,0
KSB,2026-03-19 10:18:00,807.85,807.85,806.85,806.85,559
KSB,2026-03-19 10:19:00,806.85,807.55,806.65,806.75,36
KSB,2026-03-19 10:20:00,806.75,807.55,806.75,807.55,143
KSB,2026-03-19 10:21:00,807.0,807.0,807.0,807.0,16
KSB,2026-03-19 10:22:00,807.0,808.2,807.0,808.2,226
KSB,2026-03-19 10:23:00,808.2,808.3,808.05,808.05,29
KSB,2026-03-19 10:24:00,808.05,809.7,808.0,809.7,113
KSB,2026-03-19 10:25:00,809.7,810.45,809.6,810.45,572
KSB,2026-03-19 10:26:00,810.75,811.5,810.35,810.35,907
KSB,2026-03-19 10:27:00,810.35,810.35,809.0,809.0,540
KSB,2026-03-19 10:28:00,809.0,809.8,807.65,809.7,1146
KSB,2026-03-19 10:29:00,809.7,809.7,808.6,808.6,54
KSB,2026-03-19 10:30:00,808.65,809.5,808.65,809.0,264
KSB,2026-03-19 10:31:00,809.0,809.0,809.0,809.0,0
KSB,2026-03-19 10:32:00,809.0,809.0,809.0,809.0,15
KSB,2026-03-19 10:33:00,809.0,810.55,809.0,810.55,1383
KSB,2026-03-19 10:34:00,809.75,810.25,809.15,809.6,2334
KSB,2026-03-19 10:35:00,809.6,809.9,808.8,809.1,95
KSB,2026-03-19 10:36:00,809.1,809.1,807.15,808.6,383
KSB,2026-03-19 10:37:00,806.8,820.0,806.8,818.95,4726
KSB,2026-03-19 10:38:00,819.6,820.65,817.75,818.5,2386
KSB,2026-03-19 10:39:00,818.5,819.45,817.4,818.5,1161
KSB,2026-03-19 10:40:00,818.5,819.0,817.55,817.55,563
KSB,2026-03-19 10:41:00,817.55,818.85,817.05,817.7,683
KSB,2026-03-19 10:42:00,817.7,820.75,817.35,819.65,2237
KSB,2026-03-19 10:43:00,820.45,822.0,820.45,822.0,2983
KSB,2026-03-19 10:44:00,822.15,823.0,821.15,821.95,2327
KSB,2026-03-19 10:45:00,821.95,822.3,820.95,821.15,901
KSB,2026-03-19 10:46:00,821.1,821.8,820.85,821.05,669
KSB,2026-03-19 10:47:00,821.05,821.75,821.05,821.75,430
KSB,2026-03-19 10:48:00,821.75,824.05,821.75,822.25,1767
KSB,2026-03-19 10:49:00,823.1,823.1,820.3,820.3,4445
KSB,2026-03-19 10:50:00,826.0,831.0,826.0,830.0,10944
KSB,2026-03-19 10:51:00,829.65,832.3,828.55,831.1,6868
KSB,2026-03-19 10:52:00,831.1,833.0,829.05,830.0,4289
KSB,2026-03-19 10:53:00,830.0,834.0,829.3,833.0,7200
KSB,2026-03-19 10:54:00,833.0,833.6,831.45,833.4,4926
KSB,2026-03-19 10:55:00,833.4,837.05,832.15,832.9,11234
KSB,2026-03-19 10:56:00,831.6,831.95,827.5,829.0,21146
KSB,2026-03-19 10:57:00,829.0,832.0,829.0,830.95,7399
KSB,2026-03-19 10:58:00,830.95,831.8,828.0,828.05,13588
KSB,2026-03-19 10:59:00,828.0,828.7,825.0,825.85,8775
KSB,2026-03-19 11:00:00,825.85,827.15,825.05,826.3,4025
KSB,2026-03-19 11:01:00,826.3,826.3,822.8,823.8,5397
KSB,2026-03-19 11:02:00,823.8,824.8,822.0,823.1,4200
KSB,2026-03-19 11:03:00,823.1,823.1,820.55,821.45,6436
KSB,2026-03-19 11:04:00,820.05,820.05,813.35,815.8,9720
KSB,2026-03-19 11:05:00,815.8,817.0,814.05,814.65,5372
KSB,2026-03-19 11:06:00,814.65,820.1,814.65,819.9,4252
KSB,2026-03-19 11:07:00,819.65,826.1,819.65,826.0,7209
KSB,2026-03-19 11:08:00,826.0,826.25,823.85,825.4,3218
KSB,2026-03-19 11:09:00,825.45,827.95,824.75,826.5,2863
KSB,2026-03-19 11:10:00,826.0,826.55,823.35,823.35,2604
KSB,2026-03-19 11:11:00,823.35,823.55,822.3,823.4,1893
KSB,2026-03-19 11:12:00,823.4,823.4,821.0,821.0,985
KSB,2026-03-19 11:13:00,821.0,826.55,821.0,826.55,3658
KSB,2026-03-19 11:14:00,827.8,827.8,826.15,826.75,2288
KSB,2026-03-19 11:15:00,826.75,826.8,825.75,826.8,98
KSB,2026-03-19 11:16:00,826.8,830.75,826.8,830.0,3804
KSB,2026-03-19 11:17:00,829.0,830.85,829.0,830.05,4967
KSB,2026-03-19 11:18:00,830.75,834.25,830.75,834.0,7439
KSB,2026-03-19 11:19:00,834.85,835.1,832.65,834.4,7154
KSB,2026-03-19 11:20:00,834.4,834.95,828.55,828.55,7818
KSB,2026-03-19 11:21:00,828.55,829.85,828.35,829.7,2218
KSB,2026-03-19 11:22:00,829.7,831.7,829.7,831.5,1234
KSB,2026-03-19 11:23:00,831.5,831.95,830.0,830.0,4812
KSB,2026-03-19 11:24:00,830.0,830.0,828.35,829.15,3800
KSB,2026-03-19 11:25:00,829.3,829.3,827.6,828.8,2640
KSB,2026-03-19 11:26:00,827.65,829.75,827.65,828.2,1553
KSB,2026-03-19 11:27:00,828.2,828.2,825.65,825.65,4014
KSB,2026-03-19 11:28:00,826.6,827.6,826.1,826.9,5349
KSB,2026-03-19 11:29:00,826.85,826.85,825.85,826.45,681
KSB,2026-03-19 11:30:00,826.45,828.65,826.35,828.5,1731
KSB,2026-03-19 11:31:00,828.5,828.5,827.4,828.0,1354
KSB,2026-03-19 11:32:00,828.0,828.4,828.0,828.4,89
KSB,2026-03-19 11:33:00,828.4,829.45,828.0,828.0,972
KSB,2026-03-19 11:34:00,828.0,828.8,827.45,828.65,291
KSB,2026-03-19 11:35:00,828.65,828.65,827.65,828.15,413
KSB,2026-03-19 11:36:00,828.15,828.85,825.05,825.2,1096
KSB,2026-03-19 11:37:00,826.1,826.1,822.75,822.75,1741
KSB,2026-03-19 11:38:00,822.8,824.0,822.8,822.8,775
KSB,2026-03-19 11:39:00,822.8,822.8,821.0,821.2,2260
KSB,2026-03-19 11:40:00,820.55,822.0,820.0,822.0,1866
KSB,2026-03-19 11:41:00,822.05,824.35,822.05,823.85,2728
KSB,2026-03-19 11:42:00,823.85,823.85,822.5,822.5,1244
KSB,2026-03-19 11:43:00,823.0,823.05,820.95,822.55,24497
KSB,2026-03-19 11:44:00,822.55,822.55,820.6,820.75,37
KSB,2026-03-19 11:45:00,820.9,820.9,818.4,818.85,2277
KSB,2026-03-19 11:46:00,818.85,820.0,818.85,819.85,772
KSB,2026-03-19 11:47:00,819.85,819.85,818.05,818.1,1002
KSB,2026-03-19 11:48:00,818.95,822.4,818.05,821.8,3463
KSB,2026-03-19 11:49:00,821.8,822.95,821.8,822.45,1725
KSB,2026-03-19 11:50:00,825.0,827.55,825.0,825.95,37050
KSB,2026-03-19 11:51:00,825.8,827.8,825.8,827.5,555
KSB,2026-03-19 11:52:00,826.7,827.35,825.55,827.35,1669
KSB,2026-03-19 11:53:00,827.35,827.35,822.4,824.35,4796
KSB,2026-03-19 11:54:00,824.35,824.35,822.6,822.6,774
KSB,2026-03-19 11:55:00,822.4,822.95,821.15,821.25,583
KSB,2026-03-19 11:56:00,821.25,822.25,818.15,818.15,1258
KSB,2026-03-19 11:57:00,818.15,819.9,818.15,819.9,899
KSB,2026-03-19 11:58:00,819.2,820.2,819.2,819.75,998
KSB,2026-03-19 11:59:00,819.75,820.35,819.25,820.2,286
KSB,2026-03-19 12:00:00,820.0,820.35,819.25,819.85,622
KSB,2026-03-19 12:01:00,819.85,820.25,818.85,818.85,1633
KSB,2026-03-19 12:02:00,818.85,820.75,818.85,820.5,188
KSB,2026-03-19 12:03:00,820.5,821.0,819.65,819.65,1830
KSB,2026-03-19 12:04:00,819.8,821.2,819.7,820.8,596
KSB,2026-03-19 12:05:00,820.8,820.8,819.8,819.8,142
KSB,2026-03-19 12:06:00,819.8,820.3,819.2,819.85,551
KSB,2026-03-19 12:07:00,819.85,819.9,819.8,819.8,456
KSB,2026-03-19 12:08:00,819.8,820.25,818.65,820.25,1861
KSB,2026-03-19 12:09:00,820.25,820.25,818.9,819.9,185
KSB,2026-03-19 12:10:00,819.9,820.2,819.15,819.15,670
KSB,2026-03-19 12:11:00,820.2,820.2,819.15,820.1,292
KSB,2026-03-19 12:12:00,820.15,820.25,820.15,820.25,36
KSB,2026-03-19 12:13:00,820.25,821.4,820.25,821.4,421
KSB,2026-03-19 12:14:00,820.45,821.15,819.55,819.95,576
KSB,2026-03-19 12:15:00,820.8,821.2,820.8,821.15,155
KSB,2026-03-19 12:16:00,821.15,821.25,820.55,820.6,94
KSB,2026-03-19 12:17:00,820.6,820.6,820.6,820.6,12
KSB,2026-03-19 12:18:00,820.6,820.6,820.55,820.55,26
KSB,2026-03-19 12:19:00,820.55,820.55,820.15,820.15,451
KSB,2026-03-19 12:20:00,820.15,820.6,819.4,820.6,535
KSB,2026-03-19 12:21:00,820.6,820.6,819.8,819.8,14
KSB,2026-03-19 12:22:00,819.8,820.15,819.6,819.6,4093
KSB,2026-03-19 12:23:00,819.65,820.75,819.45,820.75,242
KSB,2026-03-19 12:24:00,820.75,821.2,820.6,820.6,408
KSB,2026-03-19 12:25:00,820.6,820.6,820.25,820.25,300
KSB,2026-03-19 12:26:00,820.25,820.25,820.05,820.05,343
KSB,2026-03-19 12:27:00,820.05,820.2,816.0,817.6,3890
KSB,2026-03-19 12:28:00,817.65,817.75,816.85,816.9,156
KSB,2026-03-19 12:29:00,816.9,817.0,816.8,817.0,719
KSB,2026-03-19 12:30:00,817.05,817.05,816.8,817.0,3079
KSB,2026-03-19 12:31:00,817.0,817.0,815.15,815.6,5404
KSB,2026-03-19 12:32:00,815.6,815.75,814.5,815.0,2414
KSB,2026-03-19 12:33:00,815.0,816.2,815.0,816.2,1029
KSB,2026-03-19 12:34:00,816.2,816.2,815.35,815.75,531
KSB,2026-03-19 12:35:00,815.85,815.85,815.75,815.85,693
KSB,2026-03-19 12:36:00,815.85,816.0,814.85,814.85,1233
KSB,2026-03-19 12:37:00,814.85,815.0,814.85,814.85,829
KSB,2026-03-19 12:38:00,814.85,815.0,814.85,815.0,8084
KSB,2026-03-19 12:39:00,815.0,815.0,811.8,814.6,10403
KSB,2026-03-19 12:40:00,814.6,814.95,813.25,814.95,428
KSB,2026-03-19 12:41:00,814.95,815.0,813.25,814.65,627
KSB,2026-03-19 12:42:00,814.65,815.0,813.85,815.0,2642
KSB,2026-03-19 12:43:00,815.0,815.0,813.75,814.35,255
KSB,2026-03-19 12:44:00,813.8,814.4,813.8,814.35,96
KSB,2026-03-19 12:45:00,815.0,815.0,813.8,815.0,9586
KSB,2026-03-19 12:46:00,815.0,819.0,814.55,818.65,15492
KSB,2026-03-19 12:47:00,818.65,818.65,816.75,817.15,1322
KSB,2026-03-19 12:48:00,817.15,817.3,817.15,817.3,371
KSB,2026-03-19 12:49:00,817.3,817.3,816.0,816.0,932
KSB,2026-03-19 12:50:00,815.55,816.0,815.55,816.0,409
KSB,2026-03-19 12:51:00,816.0,816.0,815.45,815.8,214
KSB,2026-03-19 12:52:00,815.0,815.95,815.0,815.95,547
KSB,2026-03-19 12:53:00,815.95,815.95,815.7,815.7,27
KSB,2026-03-19 12:54:00,815.4,816.0,815.4,816.0,751
KSB,2026-03-19 12:55:00,815.9,815.9,815.35,815.35,220
KSB,2026-03-19 12:56:00,815.35,815.6,815.0,815.0,1274
KSB,2026-03-19 12:57:00,815.0,816.0,815.0,815.25,1302
KSB,2026-03-19 12:58:00,815.25,815.65,815.0,815.65,36
KSB,2026-03-19 12:59:00,815.65,816.0,815.65,816.0,949
KSB,2026-03-19 13:00:00,816.0,816.0,815.85,816.0,198
KSB,2026-03-19 13:01:00,816.0,816.0,815.95,815.95,39
KSB,2026-03-19 13:02:00,815.75,815.75,812.15,813.5,3086
KSB,2026-03-19 13:03:00,814.7,814.7,813.25,813.25,814
KSB,2026-03-19 13:04:00,813.25,814.7,813.25,813.6,101
KSB,2026-03-19 13:05:00,813.6,814.45,813.35,813.7,930
KSB,2026-03-19 13:06:00,813.0,813.1,813.0,813.1,55
KSB,2026-03-19 13:07:00,813.1,813.45,813.0,813.0,495
KSB,2026-03-19 13:08:00,813.0,813.0,811.85,811.85,7876
KSB,2026-03-19 13:09:00,811.85,812.2,811.0,811.0,6339
KSB,2026-03-19 13:10:00,811.0,812.5,811.0,812.5,19330
KSB,2026-03-19 13:11:00,812.5,812.5,808.25,808.3,16272
KSB,2026-03-19 13:12:00,807.45,808.6,805.0,808.35,3424
KSB,2026-03-19 13:13:00,808.45,811.35,808.45,809.35,7491
KSB,2026-03-19 13:14:00,809.35,811.05,809.35,809.85,1558
KSB,2026-03-19 13:15:00,809.85,810.25,809.1,809.35,535
KSB,2026-03-19 13:16:00,809.35,809.65,808.2,808.2,159
KSB,2026-03-19 13:17:00,808.2,808.2,806.3,806.3,424
KSB,2026-03-19 13:18:00,806.75,807.4,806.65,807.0,3269
KSB,2026-03-19 13:19:00,807.0,807.0,805.5,806.05,1015
KSB,2026-03-19 13:20:00,805.45,806.0,805.3,806.0,70
KSB,2026-03-19 13:21:00,806.0,806.0,805.0,805.0,446
KSB,2026-03-19 13:22:00,805.05,809.45,805.05,808.8,2095
KSB,2026-03-19 13:23:00,807.9,808.3,807.5,808.2,97
KSB,2026-03-19 13:24:00,808.2,808.2,807.25,807.25,112
KSB,2026-03-19 13:25:00,807.25,808.95,807.25,808.95,179
KSB,2026-03-19 13:26:00,807.65,808.1,807.0,808.1,99
KSB,2026-03-19 13:27:00,808.1,808.1,807.05,807.05,86
KSB,2026-03-19 13:28:00,807.05,807.85,807.05,807.85,5
KSB,2026-03-19 13:29:00,807.85,807.85,807.85,807.85,49
KSB,2026-03-19 13:30:00,807.85,808.05,807.85,808.05,351
KSB,2026-03-19 13:31:00,808.05,808.05,807.65,807.65,16
KSB,2026-03-19 13:32:00,807.65,808.3,807.65,808.3,25
KSB,2026-03-19 13:33:00,808.1,808.7,807.65,808.55,152
KSB,2026-03-19 13:34:00,808.55,808.9,807.1,807.1,232
KSB,2026-03-19 13:35:00,807.1,807.1,807.1,807.1,28
KSB,2026-03-19 13:36:00,807.1,807.15,807.0,807.15,99
KSB,2026-03-19 13:37:00,807.15,807.15,806.6,806.65,580
KSB,2026-03-19 13:38:00,806.65,807.05,806.45,807.05,126
KSB,2026-03-19 13:39:00,807.05,807.15,807.05,807.15,103
KSB,2026-03-19 13:40:00,807.15,807.2,807.15,807.2,64
KSB,2026-03-19 13:41:00,807.2,807.2,806.65,806.65,288
KSB,2026-03-19 13:42:00,806.65,807.65,806.4,806.4,2643
KSB,2026-03-19 13:43:00,805.9,806.95,805.5,806.95,256
KSB,2026-03-19 13:44:00,806.25,806.25,805.0,806.15,4862
KSB,2026-03-19 13:45:00,805.15,806.1,805.0,806.1,197
KSB,2026-03-19 13:46:00,806.1,806.1,805.2,805.2,3
KSB,2026-03-19 13:47:00,805.2,806.75,805.2,805.85,533
KSB,2026-03-19 13:48:00,805.85,805.85,805.75,805.75,1
KSB,2026-03-19 13:49:00,805.75,807.85,805.75,807.85,1381
KSB,2026-03-19 13:50:00,806.55,806.55,806.15,806.15,52
KSB,2026-03-19 13:51:00,807.45,807.45,807.25,807.25,145
KSB,2026-03-19 13:52:00,807.25,807.45,807.25,807.25,205
KSB,2026-03-19 13:53:00,807.25,807.25,806.5,806.5,26
KSB,2026-03-19 13:54:00,806.5,806.5,806.5,806.5,83
KSB,2026-03-19 13:55:00,806.25,806.25,805.4,805.4,293
KSB,2026-03-19 13:56:00,805.4,806.65,805.4,806.65,114
KSB,2026-03-19 13:57:00,806.35,806.35,805.2,805.35,178
KSB,2026-03-19 13:58:00,805.0,805.1,805.0,805.1,151
KSB,2026-03-19 13:59:00,805.1,805.6,805.1,805.5,93
KSB,2026-03-19 14:00:00,805.5,806.15,805.5,805.85,95
KSB,2026-03-19 14:01:00,805.85,806.5,805.85,806.25,74
KSB,2026-03-19 14:02:00,805.3,805.3,805.05,805.05,158
KSB,2026-03-19 14:03:00,805.0,805.25,804.75,805.25,1324
KSB,2026-03-19 14:04:00,805.25,806.05,805.05,805.1,256
KSB,2026-03-19 14:05:00,805.1,807.05,805.1,806.55,632
KSB,2026-03-19 14:06:00,806.55,806.55,805.7,805.85,132
KSB,2026-03-19 14:07:00,805.85,806.0,805.0,806.0,442
KSB,2026-03-19 14:08:00,806.0,807.2,805.0,806.8,1132
KSB,2026-03-19 14:09:00,806.8,806.8,805.6,806.65,94
KSB,2026-03-19 14:10:00,806.65,806.65,805.0,805.15,136
KSB,2026-03-19 14:11:00,805.15,805.3,805.0,805.1,43
KSB,2026-03-19 14:12:00,805.1,805.3,805.0,805.0,154
KSB,2026-03-19 14:13:00,805.65,805.85,805.65,805.65,35
KSB,2026-03-19 14:14:00,805.95,806.8,805.95,806.0,1082
KSB,2026-03-19 14:15:00,806.0,806.0,805.65,805.65,334
KSB,2026-03-19 14:16:00,805.65,806.1,804.55,805.3,1248
KSB,2026-03-19 14:17:00,805.3,806.0,805.3,805.85,28
KSB,2026-03-19 14:18:00,805.85,805.9,805.0,805.0,95
KSB,2026-03-19 14:19:00,805.0,805.6,805.0,805.6,31
KSB,2026-03-19 14:20:00,805.6,805.6,805.45,805.45,2
KSB,2026-03-19 14:21:00,805.45,805.45,802.95,802.95,1174
KSB,2026-03-19 14:22:00,801.55,802.7,801.55,801.65,1002
KSB,2026-03-19 14:23:00,801.65,804.1,801.65,804.1,2097
KSB,2026-03-19 14:24:00,804.1,804.1,804.0,804.0,274
KSB,2026-03-19 14:25:00,804.0,804.1,804.0,804.0,78
KSB,2026-03-19 14:26:00,804.0,804.1,804.0,804.1,102
KSB,2026-03-19 14:27:00,804.1,804.1,802.6,803.35,328
KSB,2026-03-19 14:28:00,803.35,803.35,802.55,803.0,403
KSB,2026-03-19 14:29:00,803.0,803.4,803.0,803.4,63
KSB,2026-03-19 14:30:00,803.4,804.4,803.15,803.6,965
KSB,2026-03-19 14:31:00,803.6,803.6,803.5,803.5,229
KSB,2026-03-19 14:32:00,803.7,803.7,803.5,803.55,1717
KSB,2026-03-19 14:33:00,803.55,803.55,802.15,802.75,1577
KSB,2026-03-19 14:34:00,802.75,802.75,802.15,802.45,14
KSB,2026-03-19 14:35:00,802.45,802.5,801.9,802.45,230
KSB,2026-03-19 14:36:00,802.5,803.4,802.5,803.0,1170
KSB,2026-03-19 14:37:00,802.65,803.0,802.65,802.65,18
KSB,2026-03-19 14:38:00,802.65,803.1,802.1,802.1,303
KSB,2026-03-19 14:39:00,802.1,802.6,802.1,802.45,176
KSB,2026-03-19 14:40:00,802.45,802.7,802.1,802.5,184
KSB,2026-03-19 14:41:00,802.7,802.7,802.6,802.6,5
KSB,2026-03-19 14:42:00,803.1,803.1,800.85,803.0,1884
KSB,2026-03-19 14:43:00,803.3,803.95,803.1,803.3,383
KSB,2026-03-19 14:44:00,803.5,805.5,803.5,805.2,3840
KSB,2026-03-19 14:45:00,805.2,805.7,804.8,805.55,48
KSB,2026-03-19 14:46:00,804.55,805.75,804.3,804.3,269
KSB,2026-03-19 14:47:00,804.3,804.3,804.0,804.0,201
KSB,2026-03-19 14:48:00,804.85,804.85,803.85,803.85,165
KSB,2026-03-19 14:49:00,803.05,803.65,803.0,803.65,326
KSB,2026-03-19 14:50:00,802.5,804.4,802.5,803.55,2124
KSB,2026-03-19 14:51:00,803.1,803.6,802.55,803.6,121
KSB,2026-03-19 14:52:00,803.6,803.6,802.9,802.9,79
KSB,2026-03-19 14:53:00,802.9,803.45,802.55,803.45,312
KSB,2026-03-19 14:54:00,803.45,803.45,803.1,803.2,117
KSB,2026-03-19 14:55:00,802.85,803.55,802.4,803.05,997
KSB,2026-03-19 14:56:00,803.05,803.45,802.5,803.45,415
KSB,2026-03-19 14:57:00,803.45,803.45,801.45,801.45,1725
KSB,2026-03-19 14:58:00,802.45,802.8,801.85,802.8,802
KSB,2026-03-19 14:59:00,802.8,803.0,802.5,803.0,75
KSB,2026-03-19 15:00:00,802.95,802.95,797.1,799.8,5326
KSB,2026-03-19 15:01:00,799.3,799.5,798.5,799.05,1274
KSB,2026-03-19 15:02:00,799.55,799.55,799.4,799.55,297
KSB,2026-03-19 15:03:00,799.4,799.5,798.35,798.35,727
KSB,2026-03-19 15:04:00,799.15,800.25,799.0,800.25,15261
KSB,2026-03-19 15:05:00,800.0,800.0,797.3,797.3,12158
KSB,2026-03-19 15:06:00,797.3,800.45,796.15,798.5,21174
KSB,2026-03-19 15:07:00,798.5,799.15,797.1,799.0,762
KSB,2026-03-19 15:08:00,799.25,800.15,799.0,800.0,15985
KSB,2026-03-19 15:09:00,800.0,800.55,799.8,799.9,3701
KSB,2026-03-19 15:10:00,800.45,800.8,800.0,800.0,881
KSB,2026-03-19 15:11:00,800.0,800.6,800.0,800.0,137
KSB,2026-03-19 15:12:00,799.4,800.1,799.4,800.05,610
KSB,2026-03-19 15:13:00,800.05,800.05,799.75,800.0,615
KSB,2026-03-19 15:14:00,800.0,800.05,800.0,800.05,1346
KSB,2026-03-19 15:15:00,800.0,800.05,800.0,800.0,1785
KSB,2026-03-19 15:16:00,800.0,800.3,799.2,800.3,1281
KSB,2026-03-19 15:17:00,803.05,803.05,800.2,801.25,2633
KSB,2026-03-19 15:18:00,800.0,801.55,800.0,801.5,2457
KSB,2026-03-19 15:19:00,801.35,801.35,800.05,800.5,334
KSB,2026-03-19 15:20:00,800.45,803.75,800.3,803.75,4405
KSB,2026-03-19 15:21:00,803.75,803.75,797.95,798.45,13117
KSB,2026-03-19 15:22:00,798.45,799.05,795.4,796.65,13208
KSB,2026-03-19 15:23:00,796.65,797.8,795.3,795.35,1345
KSB,2026-03-19 15:24:00,796.55,796.55,795.0,795.35,923
KSB,2026-03-19 15:25:00,795.65,796.5,795.45,795.45,829
KSB,2026-03-19 15:26:00,795.55,796.1,794.4,794.95,1733
KSB,2026-03-19 15:27:00,793.45,795.0,793.2,794.1,1953
KSB,2026-03-19 15:28:00,794.4,795.0,794.4,795.0,677
KSB,2026-03-19 15:29:00,794.5,795.0,793.0,793.0,1431
KSB,2026-03-20 09:15:00,809.0,809.0,799.15,801.65,2197
KSB,2026-03-20 09:16:00,802.85,815.15,802.55,815.15,3350
KSB,2026-03-20 09:17:00,814.35,814.35,807.45,807.45,3660
KSB,2026-03-20 09:18:00,808.15,809.45,806.95,807.45,1131
KSB,2026-03-20 09:19:00,807.45,810.4,807.45,810.4,977
KSB,2026-03-20 09:20:00,810.4,812.05,809.6,812.05,466
KSB,2026-03-20 09:21:00,812.05,812.05,810.0,810.85,1510
KSB,2026-03-20 09:22:00,810.55,813.0,809.7,810.15,1758
KSB,2026-03-20 09:23:00,809.9,813.6,809.9,812.0,1554
KSB,2026-03-20 09:24:00,812.0,812.0,811.1,811.95,195
KSB,2026-03-20 09:25:00,812.65,814.6,812.2,814.6,1452
KSB,2026-03-20 09:26:00,814.6,815.45,814.0,815.15,1743
KSB,2026-03-20 09:27:00,815.15,816.85,814.85,814.85,917
KSB,2026-03-20 09:28:00,813.75,817.55,813.75,817.35,1963
KSB,2026-03-20 09:29:00,817.35,819.45,816.75,818.4,840
KSB,2026-03-20 09:30:00,818.85,818.85,817.65,817.65,3782
KSB,2026-03-20 09:31:00,818.05,822.1,817.15,822.1,4661
KSB,2026-03-20 09:32:00,821.35,822.6,821.35,822.0,1159
KSB,2026-03-20 09:33:00,821.35,822.45,821.25,821.65,3280
KSB,2026-03-20 09:34:00,821.65,821.65,820.15,820.3,654
KSB,2026-03-20 09:35:00,820.3,820.3,814.95,816.75,7242
KSB,2026-03-20 09:36:00,816.8,817.1,812.35,813.4,2331
KSB,2026-03-20 09:37:00,813.1,813.1,808.45,808.45,1570
KSB,2026-03-20 09:38:00,808.45,811.0,808.45,810.0,2592
KSB,2026-03-20 09:39:00,810.75,810.8,810.0,810.6,448
KSB,2026-03-20 09:40:00,810.6,812.35,810.6,810.75,15436
KSB,2026-03-20 09:41:00,810.75,811.1,810.5,810.9,16184
KSB,2026-03-20 09:42:00,810.8,810.8,809.0,809.45,1097
KSB,2026-03-20 09:43:00,809.45,811.0,809.45,810.45,7390
KSB,2026-03-20 09:44:00,810.45,811.0,809.7,809.7,16979
KSB,2026-03-20 09:45:00,809.7,811.0,809.7,811.0,997
KSB,2026-03-20 09:46:00,811.0,817.95,811.0,817.4,1947
KSB,2026-03-20 09:47:00,818.15,819.4,813.3,813.9,2597
KSB,2026-03-20 09:48:00,813.8,814.75,812.9,813.2,675
KSB,2026-03-20 09:49:00,813.2,813.2,810.0,811.3,3643
KSB,2026-03-20 09:50:00,811.3,811.3,810.9,811.1,151
KSB,2026-03-20 09:51:00,811.1,811.95,810.15,810.15,436
KSB,2026-03-20 09:52:00,810.15,811.3,810.15,811.3,75
KSB,2026-03-20 09:53:00,810.4,810.4,809.0,809.0,593
KSB,2026-03-20 09:54:00,809.0,813.65,809.0,812.9,828
KSB,2026-03-20 09:55:00,813.0,815.85,812.3,815.85,1302
KSB,2026-03-20 09:56:00,815.85,818.0,815.85,816.0,3424
KSB,2026-03-20 09:57:00,815.7,815.95,815.0,815.45,417
KSB,2026-03-20 09:58:00,815.45,815.5,815.45,815.45,66
KSB,2026-03-20 09:59:00,815.45,815.95,814.6,815.7,152
KSB,2026-03-20 10:00:00,815.0,816.0,814.7,815.8,1840
KSB,2026-03-20 10:01:00,815.3,816.0,815.15,815.15,1828
KSB,2026-03-20 10:02:00,815.15,816.2,815.15,816.2,829
KSB,2026-03-20 10:03:00,816.2,816.2,815.75,816.0,25046
KSB,2026-03-20 10:04:00,816.0,816.0,815.25,815.3,680
KSB,2026-03-20 10:05:00,815.35,815.6,814.8,815.6,212
KSB,2026-03-20 10:06:00,815.6,816.0,815.2,816.0,561
KSB,2026-03-20 10:07:00,816.0,816.0,815.7,816.0,649
KSB,2026-03-20 10:08:00,815.2,815.95,815.15,815.15,225
KSB,2026-03-20 10:09:00,815.15,815.95,815.0,815.0,922
KSB,2026-03-20 10:10:00,815.0,815.0,810.2,810.75,2273
KSB,2026-03-20 10:11:00,808.0,810.0,806.4,806.4,3901
KSB,2026-03-20 10:12:00,806.35,809.35,806.35,807.35,1687
KSB,2026-03-20 10:13:00,807.35,807.35,806.95,806.95,155
KSB,2026-03-20 10:14:00,806.95,808.15,806.65,808.0,1491
KSB,2026-03-20 10:15:00,808.0,808.1,805.25,805.25,860
KSB,2026-03-20 10:16:00,804.0,805.4,804.0,804.0,871
KSB,2026-03-20 10:17:00,804.0,804.65,802.85,803.75,1276
KSB,2026-03-20 10:18:00,804.1,805.0,803.75,803.75,311
KSB,2026-03-20 10:19:00,803.85,803.85,800.0,800.35,1398
KSB,2026-03-20 10:20:00,800.5,800.9,799.8,799.8,642
KSB,2026-03-20 10:21:00,799.8,800.3,797.1,797.75,3082
KSB,2026-03-20 10:22:00,798.0,799.1,796.75,797.2,2514
KSB,2026-03-20 10:23:00,797.2,799.65,797.2,798.2,1172
KSB,2026-03-20 10:24:00,798.2,799.1,798.2,798.75,207
KSB,2026-03-20 10:25:00,798.75,798.75,798.4,798.5,75
KSB,2026-03-20 10:26:00,798.0,798.7,797.85,798.7,405
KSB,2026-03-20 10:27:00,798.7,798.7,798.6,798.6,29
KSB,2026-03-20 10:28:00,798.6,799.15,798.6,798.7,350
KSB,2026-03-20 10:29:00,798.7,798.7,797.8,797.8,853
KSB,2026-03-20 10:30:00,797.8,798.6,797.8,798.6,74
KSB,2026-03-20 10:31:00,798.6,798.6,795.2,795.2,2486
KSB,2026-03-20 10:32:00,795.2,797.8,793.8,796.3,1306
KSB,2026-03-20 10:33:00,796.3,797.65,796.3,797.5,76
KSB,2026-03-20 10:34:00,797.5,797.5,796.8,796.8,55
KSB,2026-03-20 10:35:00,796.8,797.9,796.8,797.9,26
KSB,2026-03-20 10:36:00,797.9,798.0,796.0,796.0,1390
KSB,2026-03-20 10:37:00,796.0,796.1,795.1,796.1,87
KSB,2026-03-20 10:38:00,796.1,796.15,796.1,796.15,175
KSB,2026-03-20 10:39:00,796.15,796.15,795.85,795.95,130
KSB,2026-03-20 10:40:00,796.0,796.0,795.35,796.0,500
KSB,2026-03-20 10:41:00,796.0,796.0,795.15,795.3,152
KSB,2026-03-20 10:42:00,795.3,795.45,793.8,793.8,571
KSB,2026-03-20 10:43:00,793.8,795.25,793.8,794.8,867
KSB,2026-03-20 10:44:00,794.8,795.0,794.8,795.0,338
KSB,2026-03-20 10:45:00,795.0,795.0,795.0,795.0,10
KSB,2026-03-20 10:46:00,795.0,799.4,795.0,799.4,1992
KSB,2026-03-20 10:47:00,799.3,800.6,799.0,799.0,2171
KSB,2026-03-20 10:48:00,799.25,799.65,798.25,798.25,242
KSB,2026-03-20 10:49:00,798.1,800.0,797.75,799.95,251
KSB,2026-03-20 10:50:00,800.0,800.0,798.05,798.05,1501
KSB,2026-03-20 10:51:00,798.05,799.6,798.05,799.6,419
KSB,2026-03-20 10:52:00,799.6,799.6,798.85,799.2,285
KSB,2026-03-20 10:53:00,799.2,799.2,798.6,798.7,540
KSB,2026-03-20 10:54:00,798.7,799.55,798.7,798.7,247
KSB,2026-03-20 10:55:00,798.7,799.9,798.7,799.9,146
KSB,2026-03-20 10:56:00,800.0,800.0,798.8,798.8,424
KSB,2026-03-20 10:57:00,798.8,799.15,798.1,799.15,174
KSB,2026-03-20 10:58:00,798.7,799.1,798.35,799.1,178
KSB,2026-03-20 10:59:00,799.1,799.1,798.6,798.6,154
KSB,2026-03-20 11:00:00,798.6,799.55,797.6,799.35,1566
KSB,2026-03-20 11:01:00,799.35,799.35,797.8,797.8,317
KSB,2026-03-20 11:02:00,798.35,798.8,797.5,797.75,2017
KSB,2026-03-20 11:03:00,797.65,799.15,797.15,797.65,288
KSB,2026-03-20 11:04:00,797.75,797.85,797.35,797.85,208
KSB,2026-03-20 11:05:00,797.1,798.3,797.1,798.3,189
KSB,2026-03-20 11:06:00,797.6,798.95,797.6,798.0,264
KSB,2026-03-20 11:07:00,798.0,798.0,797.55,798.0,440
KSB,2026-03-20 11:08:00,798.0,798.0,797.35,797.35,284
KSB,2026-03-20 11:09:00,797.35,797.35,796.0,796.0,465
KSB,2026-03-20 11:10:00,796.75,797.0,796.35,797.0,154
KSB,2026-03-20 11:11:00,797.0,797.0,796.25,796.75,566
KSB,2026-03-20 11:12:00,796.75,797.45,796.75,797.0,130
KSB,2026-03-20 11:13:00,797.0,797.0,796.5,796.5,121
KSB,2026-03-20 11:14:00,796.5,796.95,796.5,796.95,132
KSB,2026-03-20 11:15:00,796.95,797.0,796.95,797.0,29
KSB,2026-03-20 11:16:00,797.0,797.0,796.5,797.0,505
KSB,2026-03-20 11:17:00,797.0,797.0,796.5,796.5,187
KSB,2026-03-20 11:18:00,796.5,797.25,796.45,796.45,260
KSB,2026-03-20 11:19:00,796.45,796.45,796.45,796.45,0
KSB,2026-03-20 11:20:00,796.45,796.9,796.45,796.9,6
KSB,2026-03-20 11:21:00,796.9,797.0,795.8,797.0,783
KSB,2026-03-20 11:22:00,797.05,797.05,796.95,796.95,119
KSB,2026-03-20 11:23:00,796.95,797.0,796.95,797.0,32
KSB,2026-03-20 11:24:00,797.0,797.0,796.75,797.0,4
KSB,2026-03-20 11:25:00,797.0,797.0,796.75,797.0,139
KSB,2026-03-20 11:26:00,797.0,797.0,796.75,796.75,10
KSB,2026-03-20 11:27:00,796.75,797.25,796.75,797.25,17
KSB,2026-03-20 11:28:00,797.0,797.0,796.15,796.25,594
KSB,2026-03-20 11:29:00,796.25,796.8,796.25,796.65,20
KSB,2026-03-20 11:30:00,796.65,797.0,796.65,797.0,58
KSB,2026-03-20 11:31:00,797.0,797.0,796.7,796.7,23
KSB,2026-03-20 11:32:00,796.7,797.0,796.7,796.7,7
KSB,2026-03-20 11:33:00,796.7,797.45,796.7,797.45,134
KSB,2026-03-20 11:34:00,797.45,797.45,797.0,797.0,82
KSB,2026-03-20 11:35:00,797.0,797.0,797.0,797.0,9
KSB,2026-03-20 11:36:00,797.0,797.0,797.0,797.0,46
KSB,2026-03-20 11:37:00,797.0,797.0,797.0,797.0,27
KSB,2026-03-20 11:38:00,797.0,797.0,797.0,797.0,16
KSB,2026-03-20 11:39:00,797.0,797.0,797.0,797.0,45
KSB,2026-03-20 11:40:00,797.0,797.0,797.0,797.0,0
KSB,2026-03-20 11:41:00,796.85,796.85,796.65,796.65,66
KSB,2026-03-20 11:42:00,796.65,796.65,796.65,796.65,0
KSB,2026-03-20 11:43:00,796.9,796.9,796.65,796.65,11
KSB,2026-03-20 11:44:00,796.65,796.9,796.65,796.9,8
KSB,2026-03-20 11:45:00,796.9,796.9,796.9,796.9,0
KSB,2026-03-20 11:46:00,796.9,796.9,796.65,796.65,15
KSB,2026-03-20 11:47:00,796.65,796.65,795.7,795.7,404
KSB,2026-03-20 11:48:00,796.65,796.65,796.1,796.1,114
KSB,2026-03-20 11:49:00,796.1,796.1,796.1,796.1,1
KSB,2026-03-20 11:50:00,796.1,796.1,796.1,796.1,62
KSB,2026-03-20 11:51:00,796.1,796.1,796.0,796.0,6
KSB,2026-03-20 11:52:00,796.0,796.0,795.7,795.7,1
KSB,2026-03-20 11:53:00,795.7,795.7,795.7,795.7,0
KSB,2026-03-20 11:54:00,795.6,795.6,795.6,795.6,4
KSB,2026-03-20 11:55:00,795.2,795.2,795.2,795.2,100
KSB,2026-03-20 11:56:00,795.65,795.65,795.65,795.65,19
KSB,2026-03-20 11:57:00,795.25,795.25,795.2,795.2,77
KSB,2026-03-20 11:58:00,795.2,795.2,794.2,794.2,499
KSB,2026-03-20 11:59:00,794.2,795.9,794.2,795.9,181
KSB,2026-03-20 12:00:00,795.9,796.2,795.9,796.2,34
KSB,2026-03-20 12:01:00,796.2,796.2,796.2,796.2,0
KSB,2026-03-20 12:02:00,796.3,796.3,796.3,796.3,12
KSB,2026-03-20 12:03:00,795.9,796.35,795.9,796.35,24
KSB,2026-03-20 12:04:00,796.35,796.65,795.95,796.35,224
KSB,2026-03-20 12:05:00,796.35,796.35,796.0,796.0,15
KSB,2026-03-20 12:06:00,796.0,796.0,796.0,796.0,1
KSB,2026-03-20 12:07:00,796.0,797.95,796.0,797.0,2849
KSB,2026-03-20 12:08:00,797.0,797.85,797.0,797.7,71
KSB,2026-03-20 12:09:00,797.7,799.0,797.15,798.7,109
KSB,2026-03-20 12:10:00,799.8,799.8,798.85,799.2,128
KSB,2026-03-20 12:11:00,799.2,800.2,799.2,799.2,271
KSB,2026-03-20 12:12:00,798.7,799.75,798.7,799.0,108
KSB,2026-03-20 12:13:00,799.0,799.0,798.65,798.65,678
KSB,2026-03-20 12:14:00,798.65,799.0,798.65,798.75,33
KSB,2026-03-20 12:15:00,798.75,799.0,796.9,797.0,2552
KSB,2026-03-20 12:16:00,797.0,797.8,796.35,796.35,395
KSB,2026-03-20 12:17:00,796.35,796.35,796.3,796.3,78
KSB,2026-03-20 12:18:00,796.3,796.7,796.3,796.7,36
KSB,2026-03-20 12:19:00,796.7,797.0,796.3,797.0,1266
KSB,2026-03-20 12:20:00,797.5,798.0,796.85,797.0,4702
KSB,2026-03-20 12:21:00,797.0,797.65,796.05,796.85,1939
KSB,2026-03-20 12:22:00,796.85,796.85,795.95,796.7,169
KSB,2026-03-20 12:23:00,796.7,799.35,796.3,799.35,1289
KSB,2026-03-20 12:24:00,799.35,799.35,798.25,799.3,59
KSB,2026-03-20 12:25:00,797.8,800.5,797.8,799.5,870
KSB,2026-03-20 12:26:00,799.5,799.5,798.45,798.5,77
KSB,2026-03-20 12:27:00,798.3,798.8,798.2,798.8,61
KSB,2026-03-20 12:28:00,798.8,799.55,797.85,798.5,307
KSB,2026-03-20 12:29:00,798.5,799.85,798.5,799.85,142
KSB,2026-03-20 12:30:00,799.85,799.85,797.9,797.9,271
KSB,2026-03-20 12:31:00,797.65,797.85,797.65,797.85,53
KSB,2026-03-20 12:32:00,797.85,797.85,797.0,797.2,119
KSB,2026-03-20 12:33:00,797.2,799.05,797.2,798.3,998
KSB,2026-03-20 12:34:00,798.3,798.9,798.3,798.9,14
KSB,2026-03-20 12:35:00,798.9,799.55,797.95,799.05,992
KSB,2026-03-20 12:36:00,799.05,799.05,798.1,798.5,81
KSB,2026-03-20 12:37:00,799.0,799.1,798.3,798.3,118
KSB,2026-03-20 12:38:00,798.05,798.55,797.65,797.65,257
KSB,2026-03-20 12:39:00,797.65,797.65,797.65,797.65,12
KSB,2026-03-20 12:40:00,798.0,798.0,798.0,798.0,1
KSB,2026-03-20 12:41:00,797.65,797.65,797.4,797.65,50
KSB,2026-03-20 12:42:00,797.05,797.05,797.05,797.05,9
KSB,2026-03-20 12:43:00,797.05,798.35,796.55,798.0,2064
KSB,2026-03-20 12:44:00,797.25,797.25,797.0,797.0,226
KSB,2026-03-20 12:45:00,796.9,796.9,796.9,796.9,127
KSB,2026-03-20 12:46:00,796.45,796.45,796.35,796.35,254
KSB,2026-03-20 12:47:00,796.35,796.35,796.05,796.05,148
KSB,2026-03-20 12:48:00,796.05,797.75,796.05,797.75,459
KSB,2026-03-20 12:49:00,797.75,797.85,797.45,797.45,128
KSB,2026-03-20 12:50:00,797.45,797.65,797.2,797.2,127
KSB,2026-03-20 12:51:00,797.2,797.2,797.15,797.15,134
KSB,2026-03-20 12:52:00,797.15,797.15,797.15,797.15,127
KSB,2026-03-20 12:53:00,797.4,797.4,797.2,797.4,133
KSB,2026-03-20 12:54:00,797.4,797.4,796.2,796.2,353
KSB,2026-03-20 12:55:00,796.2,797.55,796.2,797.55,155
KSB,2026-03-20 12:56:00,797.55,797.75,797.15,797.25,154
KSB,2026-03-20 12:57:00,797.25,798.05,796.9,798.0,821
KSB,2026-03-20 12:58:00,798.0,798.25,797.6,797.8,322
KSB,2026-03-20 12:59:00,797.8,798.0,797.6,798.0,63
KSB,2026-03-20 13:00:00,798.0,798.0,797.15,797.95,201
KSB,2026-03-20 13:01:00,797.95,798.0,796.7,797.55,219
KSB,2026-03-20 13:02:00,797.2,798.0,797.2,798.0,214
KSB,2026-03-20 13:03:00,797.0,798.0,797.0,797.75,321
KSB,2026-03-20 13:04:00,797.75,797.95,797.25,797.95,208
KSB,2026-03-20 13:05:00,797.95,798.45,797.25,798.45,3158
KSB,2026-03-20 13:06:00,798.0,798.0,797.9,798.0,1714
KSB,2026-03-20 13:07:00,798.0,798.0,797.85,797.85,245
KSB,2026-03-20 13:08:00,798.0,798.0,797.0,798.0,400
KSB,2026-03-20 13:09:00,798.0,798.0,797.65,798.0,199
KSB,2026-03-20 13:10:00,798.0,798.0,797.2,797.2,271
KSB,2026-03-20 13:11:00,797.2,798.0,797.2,798.0,257
KSB,2026-03-20 13:12:00,798.0,798.0,797.55,798.0,234
KSB,2026-03-20 13:13:00,798.0,798.0,798.0,798.0,460
KSB,2026-03-20 13:14:00,798.0,798.2,797.7,798.0,1901
KSB,2026-03-20 13:15:00,798.0,798.4,798.0,798.0,1797
KSB,2026-03-20 13:16:00,798.0,798.0,798.0,798.0,996
KSB,2026-03-20 13:17:00,798.0,798.0,797.9,797.9,1668
KSB,2026-03-20 13:18:00,797.9,797.9,796.9,797.7,236
KSB,2026-03-20 13:19:00,797.7,798.0,797.1,798.0,194
KSB,2026-03-20 13:20:00,798.0,798.05,797.6,798.0,223
KSB,2026-03-20 13:21:00,798.0,798.1,797.6,798.0,264
KSB,2026-03-20 13:22:00,798.0,798.0,797.6,798.0,234
KSB,2026-03-20 13:23:00,797.6,798.0,797.3,798.0,335
KSB,2026-03-20 13:24:00,798.0,798.0,797.2,798.0,233
KSB,2026-03-20 13:25:00,798.0,798.15,797.4,798.0,223
KSB,2026-03-20 13:26:00,797.5,798.0,797.5,798.0,287
KSB,2026-03-20 13:27:00,798.0,798.0,797.75,797.75,209
KSB,2026-03-20 13:28:00,798.0,798.0,798.0,798.0,227
KSB,2026-03-20 13:29:00,798.0,798.0,797.65,797.65,185
KSB,2026-03-20 13:30:00,798.0,798.0,797.65,797.65,190
KSB,2026-03-20 13:31:00,798.0,798.45,798.0,798.0,244
KSB,2026-03-20 13:32:00,798.0,798.0,797.2,797.85,5372
KSB,2026-03-20 13:33:00,797.85,798.25,797.85,798.0,7387
KSB,2026-03-20 13:34:00,798.0,798.0,798.0,798.0,238
KSB,2026-03-20 13:35:00,798.0,798.0,797.75,798.0,341
KSB,2026-03-20 13:36:00,798.0,798.0,798.0,798.0,330
KSB,2026-03-20 13:37:00,798.0,798.0,797.75,797.85,361
KSB,2026-03-20 13:38:00,798.0,798.0,797.9,798.0,201
KSB,2026-03-20 13:39:00,798.0,798.0,797.85,797.9,205
KSB,2026-03-20 13:40:00,797.35,798.0,797.3,798.0,204
KSB,2026-03-20 13:41:00,798.0,798.0,797.35,798.0,216
KSB,2026-03-20 13:42:00,798.0,798.0,797.5,798.0,174
KSB,2026-03-20 13:43:00,798.0,798.45,797.15,798.0,333
KSB,2026-03-20 13:44:00,798.0,798.0,797.3,798.0,219
KSB,2026-03-20 13:45:00,798.0,798.0,797.15,797.85,273
KSB,2026-03-20 13:46:00,797.15,797.95,797.1,797.95,382
KSB,2026-03-20 13:47:00,797.95,798.0,796.9,797.5,583
KSB,2026-03-20 13:48:00,797.5,798.35,796.4,796.4,471
KSB,2026-03-20 13:49:00,796.4,797.55,796.4,797.05,127
KSB,2026-03-20 13:50:00,798.0,798.0,796.8,798.0,229
KSB,2026-03-20 13:51:00,797.35,798.0,796.6,796.6,292
KSB,2026-03-20 13:52:00,797.45,798.0,796.8,798.0,852
KSB,2026-03-20 13:53:00,798.0,798.0,797.5,798.0,201
KSB,2026-03-20 13:54:00,798.0,798.0,797.5,798.0,214
KSB,2026-03-20 13:55:00,798.0,798.0,798.0,798.0,266
KSB,2026-03-20 13:56:00,798.0,798.0,797.8,798.0,237
KSB,2026-03-20 13:57:00,798.0,798.0,797.8,797.8,165
KSB,2026-03-20 13:58:00,798.0,798.0,796.75,797.15,203
KSB,2026-03-20 13:59:00,797.15,797.6,796.75,796.85,227
KSB,2026-03-20 14:00:00,796.85,798.4,796.85,798.0,162
KSB,2026-03-20 14:01:00,798.0,798.0,796.05,797.75,288
KSB,2026-03-20 14:02:00,797.75,798.0,797.2,797.7,330
KSB,2026-03-20 14:03:00,797.7,797.8,797.25,797.8,202
KSB,2026-03-20 14:04:00,797.8,798.0,797.8,797.95,188
KSB,2026-03-20 14:05:00,797.95,797.95,796.0,796.25,567
KSB,2026-03-20 14:06:00,796.0,797.15,796.0,797.15,174
KSB,2026-03-20 14:07:00,797.15,797.7,796.7,797.55,189
KSB,2026-03-20 14:08:00,796.2,796.2,795.4,795.5,544
KSB,2026-03-20 14:09:00,795.5,796.05,795.5,795.7,133
KSB,2026-03-20 14:10:00,795.55,795.7,795.2,795.35,219
KSB,2026-03-20 14:11:00,795.75,796.1,795.4,795.45,208
KSB,2026-03-20 14:12:00,796.1,796.1,794.45,794.45,752
KSB,2026-03-20 14:13:00,794.45,795.75,794.45,795.0,127
KSB,2026-03-20 14:14:00,795.3,795.8,795.15,795.15,223
KSB,2026-03-20 14:15:00,795.15,795.15,794.2,795.0,270
KSB,2026-03-20 14:16:00,795.0,795.0,794.15,794.4,236
KSB,2026-03-20 14:17:00,794.4,794.4,793.0,794.0,1732
KSB,2026-03-20 14:18:00,794.45,794.45,793.75,794.4,242
KSB,2026-03-20 14:19:00,794.4,794.4,794.0,794.25,178
KSB,2026-03-20 14:20:00,794.25,794.5,793.9,794.5,442
KSB,2026-03-20 14:21:00,794.5,794.5,793.45,793.45,194
KSB,2026-03-20 14:22:00,793.45,793.9,793.4,793.9,199
KSB,2026-03-20 14:23:00,793.9,793.95,792.15,793.5,1305
KSB,2026-03-20 14:24:00,793.5,794.05,792.95,793.7,206
KSB,2026-03-20 14:25:00,793.7,794.05,793.45,794.05,198
KSB,2026-03-20 14:26:00,794.05,794.1,793.45,794.1,172
KSB,2026-03-20 14:27:00,793.45,793.45,791.1,792.2,1866
KSB,2026-03-20 14:28:00,792.2,793.2,792.2,792.6,266
KSB,2026-03-20 14:29:00,792.6,792.6,791.85,792.05,359
KSB,2026-03-20 14:30:00,791.4,793.0,791.4,792.85,240
KSB,2026-03-20 14:31:00,792.7,793.15,792.7,793.15,973
KSB,2026-03-20 14:32:00,793.15,794.1,793.15,793.55,4560
KSB,2026-03-20 14:33:00,793.55,793.95,793.3,793.95,263
KSB,2026-03-20 14:34:00,794.0,795.5,794.0,794.65,1207
KSB,2026-03-20 14:35:00,794.65,794.65,793.65,794.15,167
KSB,2026-03-20 14:36:00,794.15,795.25,793.95,795.25,995
KSB,2026-03-20 14:37:00,795.2,795.2,793.8,794.7,368
KSB,2026-03-20 14:38:00,794.7,794.7,793.6,794.7,297
KSB,2026-03-20 14:39:00,794.15,794.35,793.75,794.25,230
KSB,2026-03-20 14:40:00,794.25,795.3,793.9,795.3,281
KSB,2026-03-20 14:41:00,794.4,795.05,794.1,794.8,316
KSB,2026-03-20 14:42:00,794.8,794.8,794.05,794.05,238
KSB,2026-03-20 14:43:00,793.25,793.25,792.8,793.1,327
KSB,2026-03-20 14:44:00,793.3,794.0,792.5,793.9,409
KSB,2026-03-20 14:45:00,794.35,794.35,793.45,793.85,206
KSB,2026-03-20 14:46:00,793.85,795.0,793.6,793.6,294
KSB,2026-03-20 14:47:00,793.05,793.6,792.9,793.6,493
KSB,2026-03-20 14:48:00,793.6,793.8,793.1,793.7,219
KSB,2026-03-20 14:49:00,793.7,793.7,792.25,792.7,331
KSB,2026-03-20 14:50:00,792.7,793.8,792.7,793.75,174
KSB,2026-03-20 14:51:00,793.75,793.75,793.3,793.75,255
KSB,2026-03-20 14:52:00,793.75,794.9,793.75,794.25,378
KSB,2026-03-20 14:53:00,794.25,795.0,794.25,794.6,225
KSB,2026-03-20 14:54:00,794.6,794.75,794.55,794.75,248
KSB,2026-03-20 14:55:00,794.75,795.0,794.55,794.85,151
KSB,2026-03-20 14:56:00,794.85,794.85,794.0,794.5,243
KSB,2026-03-20 14:57:00,794.5,794.5,794.05,794.5,188
KSB,2026-03-20 14:58:00,794.5,794.5,794.0,794.0,579
KSB,2026-03-20 14:59:00,794.0,795.0,794.0,795.0,240
KSB,2026-03-20 15:00:00,794.5,795.0,793.5,795.0,386
KSB,2026-03-20 15:01:00,795.0,795.0,794.85,794.85,496
KSB,2026-03-20 15:02:00,794.85,794.85,794.0,794.85,347
KSB,2026-03-20 15:03:00,794.85,794.95,794.8,794.8,525
KSB,2026-03-20 15:04:00,794.8,794.8,794.75,794.8,183
KSB,2026-03-20 15:05:00,794.8,794.8,794.75,794.8,2206
KSB,2026-03-20 15:06:00,794.8,794.8,794.45,794.45,207
KSB,2026-03-20 15:07:00,794.3,794.6,794.25,794.55,598
KSB,2026-03-20 15:08:00,794.55,794.55,794.45,794.5,198
KSB,2026-03-20 15:09:00,794.5,794.5,794.2,794.5,340
KSB,2026-03-20 15:10:00,794.2,794.5,790.2,790.2,5672
KSB,2026-03-20 15:11:00,787.8,787.95,787.15,787.85,1076
KSB,2026-03-20 15:12:00,787.85,788.75,786.85,787.9,8795
KSB,2026-03-20 15:13:00,787.9,788.6,787.9,788.0,333
KSB,2026-03-20 15:14:00,787.8,788.75,786.65,786.65,449
KSB,2026-03-20 15:15:00,786.5,787.0,786.1,786.95,296
KSB,2026-03-20 15:16:00,786.95,786.95,786.1,786.1,189
KSB,2026-03-20 15:17:00,786.1,786.15,786.0,786.0,251
KSB,2026-03-20 15:18:00,785.35,785.9,784.25,784.35,700
KSB,2026-03-20 15:19:00,784.15,784.15,783.5,784.0,93
KSB,2026-03-20 15:20:00,783.55,783.55,782.8,782.95,2755
KSB,2026-03-20 15:21:00,783.0,783.45,776.5,782.8,8317
KSB,2026-03-20 15:22:00,781.3,784.0,769.9,778.95,21189
KSB,2026-03-20 15:23:00,780.35,783.45,778.9,782.0,3130
KSB,2026-03-20 15:24:00,782.0,785.65,781.8,784.8,1286
KSB,2026-03-20 15:25:00,783.7,783.95,776.55,777.05,12680
KSB,2026-03-20 15:26:00,778.65,783.05,777.1,782.7,5908
KSB,2026-03-20 15:27:00,782.15,784.15,782.0,782.45,1752
KSB,2026-03-20 15:28:00,781.0,782.3,778.85,780.0,3010
KSB,2026-03-20 15:29:00,780.0,782.85,779.6,780.0,733
KSB,2026-03-23 09:15:00,777.7,777.7,768.6,768.6,596
KSB,2026-03-23 09:16:00,768.45,768.45,765.0,766.85,982
KSB,2026-03-23 09:17:00,767.25,770.25,767.25,770.05,671
KSB,2026-03-23 09:18:00,771.0,776.15,771.0,773.85,3072
KSB,2026-03-23 09:19:00,773.85,774.25,771.2,774.25,2897
KSB,2026-03-23 09:20:00,774.2,774.2,772.0,773.2,769
KSB,2026-03-23 09:21:00,770.55,772.45,769.4,769.4,9084
KSB,2026-03-23 09:22:00,770.0,770.0,768.2,768.7,6494
KSB,2026-03-23 09:23:00,768.65,770.0,768.65,769.55,450
KSB,2026-03-23 09:24:00,769.55,769.55,767.2,768.3,1584
KSB,2026-03-23 09:25:00,767.55,769.05,766.05,766.85,1589
KSB,2026-03-23 09:26:00,766.25,766.8,765.6,765.6,1220
KSB,2026-03-23 09:27:00,764.25,766.4,764.25,766.4,1079
KSB,2026-03-23 09:28:00,766.4,766.8,763.3,764.35,968
KSB,2026-03-23 09:29:00,764.35,765.0,762.2,762.25,3166
KSB,2026-03-23 09:30:00,762.25,763.65,762.25,763.5,95
KSB,2026-03-23 09:31:00,763.5,764.0,761.85,764.0,1617
KSB,2026-03-23 09:32:00,764.0,764.8,763.8,763.8,325
KSB,2026-03-23 09:33:00,763.8,765.3,763.8,765.3,497
KSB,2026-03-23 09:34:00,765.0,767.6,764.95,764.95,15461
KSB,2026-03-23 09:35:00,764.95,767.85,764.95,765.0,5007
KSB,2026-03-23 09:36:00,765.0,766.35,765.0,766.1,271
KSB,2026-03-23 09:37:00,766.1,767.0,765.0,765.0,3480
KSB,2026-03-23 09:38:00,765.0,765.0,764.0,764.8,3771
KSB,2026-03-23 09:39:00,764.1,764.85,764.1,764.85,30
KSB,2026-03-23 09:40:00,764.85,765.0,764.85,765.0,155
KSB,2026-03-23 09:41:00,765.0,765.0,764.2,765.0,43
KSB,2026-03-23 09:42:00,765.0,765.0,763.95,764.0,1347
KSB,2026-03-23 09:43:00,764.0,765.5,764.0,764.45,396
KSB,2026-03-23 09:44:00,764.45,765.35,764.45,765.0,1329
KSB,2026-03-23 09:45:00,765.0,765.0,764.0,764.3,483
KSB,2026-03-23 09:46:00,764.3,764.55,763.65,763.65,126
KSB,2026-03-23 09:47:00,764.0,764.0,763.4,763.4,62
KSB,2026-03-23 09:48:00,763.4,763.85,762.0,762.0,416
KSB,2026-03-23 09:49:00,762.0,762.0,760.55,761.25,12312
KSB,2026-03-23 09:50:00,761.25,770.75,761.25,770.1,5857
KSB,2026-03-23 09:51:00,770.1,770.75,764.65,764.65,4998
KSB,2026-03-23 09:52:00,765.0,765.0,763.85,764.6,199
KSB,2026-03-23 09:53:00,763.6,764.6,763.6,764.6,17
KSB,2026-03-23 09:54:00,764.6,764.95,764.0,764.3,2350
KSB,2026-03-23 09:55:00,764.3,764.7,764.25,764.65,55
KSB,2026-03-23 09:56:00,764.25,765.0,764.2,764.2,422
KSB,2026-03-23 09:57:00,764.2,765.3,764.0,765.3,211
KSB,2026-03-23 09:58:00,765.3,765.4,765.0,765.0,49
KSB,2026-03-23 09:59:00,764.95,764.95,764.6,764.9,50
KSB,2026-03-23 10:00:00,764.9,764.9,764.55,764.55,82
KSB,2026-03-23 10:01:00,764.55,764.55,764.15,764.15,29
KSB,2026-03-23 10:02:00,764.15,765.0,764.15,765.0,874
KSB,2026-03-23 10:03:00,765.55,765.55,764.15,764.15,1194
KSB,2026-03-23 10:04:00,764.6,764.65,764.0,764.65,25
KSB,2026-03-23 10:05:00,764.65,765.45,764.65,765.45,279
KSB,2026-03-23 10:06:00,765.65,765.65,765.0,765.0,256
KSB,2026-03-23 10:07:00,765.0,765.15,764.6,764.6,345
KSB,2026-03-23 10:08:00,764.6,764.6,764.45,764.45,2
KSB,2026-03-23 10:09:00,764.45,764.45,764.15,764.45,26
KSB,2026-03-23 10:10:00,764.45,764.55,764.15,764.55,37
KSB,2026-03-23 10:11:00,764.55,764.55,763.75,764.4,108
KSB,2026-03-23 10:12:00,764.4,764.4,763.1,764.05,200
KSB,2026-03-23 10:13:00,764.05,764.05,762.65,762.65,318
KSB,2026-03-23 10:14:00,762.65,763.8,762.65,763.8,466
KSB,2026-03-23 10:15:00,763.85,763.9,762.75,762.85,187
KSB,2026-03-23 10:16:00,762.85,763.25,762.35,762.8,58
KSB,2026-03-23 10:17:00,762.8,763.85,762.8,763.85,351
KSB,2026-03-23 10:18:00,763.85,763.85,762.15,762.3,479
KSB,2026-03-23 10:19:00,762.85,762.85,762.85,762.85,19
KSB,2026-03-23 10:20:00,762.5,762.5,761.55,762.4,60
KSB,2026-03-23 10:21:00,762.5,762.5,761.8,762.5,97
KSB,2026-03-23 10:22:00,762.5,763.25,761.5,763.25,271
KSB,2026-03-23 10:23:00,763.25,764.6,762.15,764.0,1094
KSB,2026-03-23 10:24:00,764.7,764.7,763.45,763.45,953
KSB,2026-03-23 10:25:00,763.35,763.35,761.2,762.2,1686
KSB,2026-03-23 10:26:00,762.2,763.1,762.2,763.1,231
KSB,2026-03-23 10:27:00,763.05,763.3,761.05,762.0,776
KSB,2026-03-23 10:28:00,762.0,762.65,762.0,762.35,26
KSB,2026-03-23 10:29:00,762.5,762.65,762.35,762.35,29
KSB,2026-03-23 10:30:00,762.35,762.45,761.6,761.9,78
KSB,2026-03-23 10:31:00,761.9,762.4,761.65,762.35,15
KSB,2026-03-23 10:32:00,762.25,762.45,762.25,762.45,29
KSB,2026-03-23 10:33:00,761.8,762.4,761.8,762.2,27
KSB,2026-03-23 10:34:00,762.2,762.3,762.0,762.3,25
KSB,2026-03-23 10:35:00,762.3,762.3,761.6,762.15,201
KSB,2026-03-23 10:36:00,761.65,764.0,761.65,764.0,22
KSB,2026-03-23 10:37:00,764.0,764.0,763.55,763.7,9
KSB,2026-03-23 10:38:00,763.95,764.0,762.15,762.7,1105
KSB,2026-03-23 10:39:00,762.7,763.15,762.25,763.15,264
KSB,2026-03-23 10:40:00,763.05,763.05,763.0,763.0,29
KSB,2026-03-23 10:41:00,762.7,762.85,762.0,762.25,169
KSB,2026-03-23 10:42:00,762.25,763.25,761.85,763.05,418
KSB,2026-03-23 10:43:00,762.55,762.95,762.25,762.95,218
KSB,2026-03-23 10:44:00,763.2,763.2,762.55,763.1,5
KSB,2026-03-23 10:45:00,762.75,763.05,762.75,763.05,15
KSB,2026-03-23 10:46:00,763.05,763.05,762.5,762.5,49
KSB,2026-03-23 10:47:00,762.5,762.5,761.65,761.65,239
KSB,2026-03-23 10:48:00,762.2,762.8,762.1,762.25,90
KSB,2026-03-23 10:49:00,762.85,763.8,762.85,763.8,195
KSB,2026-03-23 10:50:00,763.8,763.85,763.0,763.0,84
KSB,2026-03-23 10:51:00,763.0,763.0,762.8,762.8,60
KSB,2026-03-23 10:52:00,762.8,762.8,762.0,762.7,77
KSB,2026-03-23 10:53:00,762.0,762.55,762.0,762.3,49
KSB,2026-03-23 10:54:00,762.3,763.0,762.2,763.0,50
KSB,2026-03-23 10:55:00,763.0,763.0,762.45,763.0,115
KSB,2026-03-23 10:56:00,763.0,765.0,763.0,765.0,7626
KSB,2026-03-23 10:57:00,765.0,765.0,763.8,764.85,3924
KSB,2026-03-23 10:58:00,764.85,764.85,763.45,764.2,218
KSB,2026-03-23 10:59:00,763.35,763.55,763.0,763.0,172
KSB,2026-03-23 11:00:00,763.0,763.3,761.2,762.7,366
KSB,2026-03-23 11:01:00,762.7,764.35,762.7,763.7,970
KSB,2026-03-23 11:02:00,763.7,763.9,763.2,763.25,22
KSB,2026-03-23 11:03:00,763.25,763.9,763.2,763.9,27
KSB,2026-03-23 11:04:00,763.8,765.0,763.8,764.05,6812
KSB,2026-03-23 11:05:00,763.3,763.3,762.3,763.25,172
KSB,2026-03-23 11:06:00,763.25,763.85,763.25,763.85,80
KSB,2026-03-23 11:07:00,763.4,763.65,763.25,763.3,642
KSB,2026-03-23 11:08:00,763.0,764.1,761.45,761.6,5059
KSB,2026-03-23 11:09:00,761.6,761.6,761.3,761.3,1
KSB,2026-03-23 11:10:00,761.3,761.3,759.3,760.2,1102
KSB,2026-03-23 11:11:00,760.25,760.3,760.15,760.15,174
KSB,2026-03-23 11:12:00,760.15,762.35,760.15,760.35,206
KSB,2026-03-23 11:13:00,760.6,761.1,760.05,761.1,176
KSB,2026-03-23 11:14:00,761.1,761.75,760.9,761.75,36
KSB,2026-03-23 11:15:00,761.75,761.75,760.45,760.45,130
KSB,2026-03-23 11:16:00,760.1,760.65,757.05,760.65,4131
KSB,2026-03-23 11:17:00,760.65,760.65,760.3,760.65,176
KSB,2026-03-23 11:18:00,760.7,761.85,760.45,761.25,339
KSB,2026-03-23 11:19:00,761.25,762.55,761.25,762.55,5
KSB,2026-03-23 11:20:00,762.55,762.6,762.15,762.6,377
KSB,2026-03-23 11:21:00,762.6,762.6,762.6,762.6,0
KSB,2026-03-23 11:22:00,763.85,763.85,762.65,762.65,113
KSB,2026-03-23 11:23:00,762.65,762.9,762.65,762.9,100
KSB,2026-03-23 11:24:00,762.9,764.0,762.65,762.65,265
KSB,2026-03-23 11:25:00,762.65,763.85,762.65,763.85,105
KSB,2026-03-23 11:26:00,763.25,764.1,762.6,764.1,338
KSB,2026-03-23 11:27:00,764.0,764.0,764.0,764.0,200
KSB,2026-03-23 11:28:00,763.15,763.15,762.1,763.0,170
KSB,2026-03-23 11:29:00,763.0,763.9,763.0,763.9,106
KSB,2026-03-23 11:30:00,763.9,764.05,763.9,764.05,600
KSB,2026-03-23 11:31:00,764.05,764.05,763.95,763.95,267
KSB,2026-03-23 11:32:00,763.95,763.95,763.95,763.95,0
KSB,2026-03-23 11:33:00,763.95,763.95,763.95,763.95,0
KSB,2026-03-23 11:34:00,763.3,763.3,763.3,763.3,21
KSB,2026-03-23 11:35:00,763.3,763.3,762.8,762.8,27
KSB,2026-03-23 11:36:00,762.8,762.8,762.8,762.8,0
KSB,2026-03-23 11:37:00,762.8,762.8,762.8,762.8,0
KSB,2026-03-23 11:38:00,762.15,762.75,762.15,762.75,26
KSB,2026-03-23 11:39:00,762.75,762.75,762.75,762.75,122
KSB,2026-03-23 11:40:00,763.0,763.0,763.0,763.0,22
KSB,2026-03-23 11:41:00,763.0,764.0,763.0,764.0,512
KSB,2026-03-23 11:42:00,764.0,765.0,763.2,764.0,20412
KSB,2026-03-23 11:43:00,764.0,771.2,764.0,768.0,14279
KSB,2026-03-23 11:44:00,768.0,768.85,768.0,768.85,50
KSB,2026-03-23 11:45:00,768.85,768.85,768.45,768.45,80
KSB,2026-03-23 11:46:00,768.45,768.45,768.45,768.45,0
KSB,2026-03-23 11:47:00,768.45,768.75,768.45,768.75,24
KSB,2026-03-23 11:48:00,769.8,769.8,767.05,768.6,4196
KSB,2026-03-23 11:49:00,768.6,769.35,768.6,769.35,1928
KSB,2026-03-23 11:50:00,769.35,770.0,769.35,769.45,310
KSB,2026-03-23 11:51:00,769.45,770.0,769.45,770.0,396
KSB,2026-03-23 11:52:00,770.0,770.0,769.75,770.0,728
KSB,2026-03-23 11:53:00,770.0,771.8,769.85,771.45,10665
KSB,2026-03-23 11:54:00,771.45,771.45,771.45,771.45,23
KSB,2026-03-23 11:55:00,771.45,771.45,770.0,770.0,349
KSB,2026-03-23 11:56:00,770.0,770.0,770.0,770.0,0
KSB,2026-03-23 11:57:00,770.0,771.75,769.85,769.85,14783
KSB,2026-03-23 11:58:00,769.85,769.85,767.95,768.0,420
KSB,2026-03-23 11:59:00,768.0,768.0,768.0,768.0,0
KSB,2026-03-23 12:00:00,768.0,768.45,768.0,768.45,67
KSB,2026-03-23 12:01:00,768.45,769.65,768.45,769.65,161
KSB,2026-03-23 12:02:00,769.65,769.65,769.5,769.5,15
KSB,2026-03-23 12:03:00,769.5,769.5,769.5,769.5,0
KSB,2026-03-23 12:04:00,769.5,769.5,769.5,769.5,0
KSB,2026-03-23 12:05:00,769.5,769.5,768.2,768.2,50
KSB,2026-03-23 12:06:00,768.2,768.2,768.0,768.0,780
KSB,2026-03-23 12:07:00,768.0,768.0,768.0,768.0,4289
KSB,2026-03-23 12:08:00,768.0,768.0,767.3,767.3,1
KSB,2026-03-23 12:09:00,767.0,767.3,767.0,767.3,409
KSB,2026-03-23 12:10:00,767.3,767.3,767.3,767.3,0
KSB,2026-03-23 12:11:00,768.2,769.45,767.0,769.2,25014
KSB,2026-03-23 12:12:00,769.2,769.3,769.2,769.3,111
KSB,2026-03-23 12:13:00,769.3,769.3,768.5,768.5,3
KSB,2026-03-23 12:14:00,768.5,769.65,768.5,769.6,153
KSB,2026-03-23 12:15:00,769.3,771.0,769.3,770.05,1814
KSB,2026-03-23 12:16:00,770.0,770.25,770.0,770.25,94
KSB,2026-03-23 12:17:00,770.4,770.55,770.4,770.55,12
KSB,2026-03-23 12:18:00,770.55,770.95,770.55,770.95,1
KSB,2026-03-23 12:19:00,770.6,770.85,770.55,770.55,63
KSB,2026-03-23 12:20:00,770.45,770.8,770.45,770.55,19
KSB,2026-03-23 12:21:00,770.45,770.45,766.15,768.0,20884
KSB,2026-03-23 12:22:00,768.8,770.45,768.8,770.0,7493
KSB,2026-03-23 12:23:00,770.0,770.25,770.0,770.0,24
KSB,2026-03-23 12:24:00,770.0,770.25,769.75,769.75,634
KSB,2026-03-23 12:25:00,769.75,769.75,768.6,768.6,12
KSB,2026-03-23 12:26:00,768.6,769.2,768.3,768.3,31
KSB,2026-03-23 12:27:00,768.3,768.95,768.3,768.3,9
KSB,2026-03-23 12:28:00,768.3,770.95,767.95,770.75,4948
KSB,2026-03-23 12:29:00,770.75,771.05,770.75,771.05,73
KSB,2026-03-23 12:30:00,771.05,771.6,771.05,771.45,26
KSB,2026-03-23 12:31:00,772.8,772.8,771.4,771.7,917
KSB,2026-03-23 12:32:00,771.7,772.3,771.7,771.85,55
KSB,2026-03-23 12:33:00,771.85,772.25,771.3,771.3,183
KSB,2026-03-23 12:34:00,770.7,771.15,770.2,771.1,304
KSB,2026-03-23 12:35:00,771.1,771.8,771.1,771.15,3
KSB,2026-03-23 12:36:00,771.15,771.25,770.65,770.65,67
KSB,2026-03-23 12:37:00,770.65,771.3,770.0,770.0,1731
KSB,2026-03-23 12:38:00,770.0,770.0,769.55,769.9,264
KSB,2026-03-23 12:39:00,769.9,770.1,768.7,768.7,3550
KSB,2026-03-23 12:40:00,768.7,772.0,768.45,772.0,1900
KSB,2026-03-23 12:41:00,772.0,772.7,770.0,770.0,2054
KSB,2026-03-23 12:42:00,769.6,770.0,769.6,770.0,694
KSB,2026-03-23 12:43:00,770.0,770.0,769.6,769.6,960
KSB,2026-03-23 12:44:00,769.6,770.0,769.6,770.0,880
KSB,2026-03-23 12:45:00,770.0,770.9,769.55,769.85,23158
KSB,2026-03-23 12:46:00,769.85,771.1,769.65,770.0,19763
KSB,2026-03-23 12:47:00,770.0,770.0,770.0,770.0,7813
KSB,2026-03-23 12:48:00,770.0,770.0,769.5,769.5,12
KSB,2026-03-23 12:49:00,769.5,769.5,767.9,767.9,52
KSB,2026-03-23 12:50:00,767.9,768.0,767.7,768.0,544
KSB,2026-03-23 12:51:00,768.0,768.0,768.0,768.0,0
KSB,2026-03-23 12:52:00,769.25,769.55,769.25,769.55,158
KSB,2026-03-23 12:53:00,769.55,769.55,768.75,768.75,20
KSB,2026-03-23 12:54:00,769.45,769.45,769.45,769.45,103
KSB,2026-03-23 12:55:00,768.4,768.4,768.4,768.4,49
KSB,2026-03-23 12:56:00,768.4,769.0,768.4,768.5,12
KSB,2026-03-23 12:57:00,768.5,768.5,768.5,768.5,1
KSB,2026-03-23 12:58:00,768.5,769.0,767.4,768.0,166
KSB,2026-03-23 12:59:00,768.0,768.0,767.6,767.6,6
KSB,2026-03-23 13:00:00,767.6,767.6,767.6,767.6,0
KSB,2026-03-23 13:01:00,767.6,767.6,767.5,767.5,16
KSB,2026-03-23 13:02:00,767.5,767.6,767.05,767.05,18
KSB,2026-03-23 13:03:00,767.6,767.6,766.2,767.0,1468
KSB,2026-03-23 13:04:00,767.5,767.9,767.5,767.9,38
KSB,2026-03-23 13:05:00,767.9,767.9,767.0,767.0,400
KSB,2026-03-23 13:06:00,767.0,767.85,767.0,767.85,53
KSB,2026-03-23 13:07:00,767.85,767.85,767.85,767.85,0
KSB,2026-03-23 13:08:00,768.0,768.0,768.0,768.0,2
KSB,2026-03-23 13:09:00,768.0,768.0,767.7,767.7,11
KSB,2026-03-23 13:10:00,767.7,767.7,767.7,767.7,0
KSB,2026-03-23 13:11:00,767.7,767.7,767.7,767.7,0
KSB,2026-03-23 13:12:00,767.0,767.0,767.0,767.0,2
KSB,2026-03-23 13:13:00,767.0,767.4,767.0,767.1,335
KSB,2026-03-23 13:14:00,767.1,767.5,767.0,767.5,23
KSB,2026-03-23 13:15:00,767.5,767.5,767.15,767.3,81
KSB,2026-03-23 13:16:00,767.3,767.3,767.3,767.3,0
KSB,2026-03-23 13:17:00,767.3,767.8,767.0,767.8,18
KSB,2026-03-23 13:18:00,767.8,767.8,767.15,767.55,3
KSB,2026-03-23 13:19:00,767.55,767.55,767.55,767.55,0
KSB,2026-03-23 13:20:00,767.45,767.85,767.45,767.75,17
KSB,2026-03-23 13:21:00,767.75,767.75,767.0,767.0,1371
KSB,2026-03-23 13:22:00,767.0,767.0,766.0,767.0,8243
KSB,2026-03-23 13:23:00,767.0,767.0,767.0,767.0,1000
KSB,2026-03-23 13:24:00,767.0,767.0,764.5,766.2,297
KSB,2026-03-23 13:25:00,766.65,766.65,765.3,765.3,4
KSB,2026-03-23 13:26:00,766.3,767.3,765.5,767.0,6071
KSB,2026-03-23 13:27:00,767.0,767.0,766.65,766.65,6891
KSB,2026-03-23 13:28:00,766.65,766.7,765.0,765.0,18031
KSB,2026-03-23 13:29:00,765.0,768.4,765.0,767.85,9452
KSB,2026-03-23 13:30:00,767.85,772.3,767.85,772.3,1155
KSB,2026-03-23 13:31:00,773.0,773.0,770.95,772.4,1034
KSB,2026-03-23 13:32:00,773.15,774.65,773.15,773.45,251
KSB,2026-03-23 13:33:00,775.05,775.05,774.4,774.75,480
KSB,2026-03-23 13:34:00,774.75,775.05,774.4,775.05,70
KSB,2026-03-23 13:35:00,775.05,775.2,770.65,770.95,1303
KSB,2026-03-23 13:36:00,770.95,771.25,769.5,769.5,266
KSB,2026-03-23 13:37:00,770.25,770.25,770.25,770.25,15
KSB,2026-03-23 13:38:00,770.6,770.6,770.6,770.6,40
KSB,2026-03-23 13:39:00,770.65,770.65,770.35,770.35,94
KSB,2026-03-23 13:40:00,770.35,770.35,770.35,770.35,0
KSB,2026-03-23 13:41:00,770.35,770.35,768.25,768.25,136
KSB,2026-03-23 13:42:00,769.0,769.0,769.0,769.0,1
KSB,2026-03-23 13:43:00,769.0,769.0,769.0,769.0,22
KSB,2026-03-23 13:44:00,769.0,769.0,769.0,769.0,427
KSB,2026-03-23 13:45:00,769.0,769.0,768.75,768.75,21
KSB,2026-03-23 13:46:00,768.6,768.95,768.6,768.75,276
KSB,2026-03-23 13:47:00,768.75,768.75,768.75,768.75,0
KSB,2026-03-23 13:48:00,768.75,768.95,768.75,768.95,5
KSB,2026-03-23 13:49:00,768.95,769.0,768.95,769.0,6
KSB,2026-03-23 13:50:00,769.0,769.0,768.7,769.0,10
KSB,2026-03-23 13:51:00,769.0,769.0,768.55,768.55,71
KSB,2026-03-23 13:52:00,768.55,768.55,768.55,768.55,0
KSB,2026-03-23 13:53:00,768.55,768.55,768.55,768.55,0
KSB,2026-03-23 13:54:00,769.0,769.0,768.6,768.6,28
KSB,2026-03-23 13:55:00,768.6,768.6,768.6,768.6,0
KSB,2026-03-23 13:56:00,768.6,768.6,768.6,768.6,0
KSB,2026-03-23 13:57:00,768.55,770.05,768.55,769.0,6638
KSB,2026-03-23 13:58:00,769.0,770.9,769.0,769.85,23502
KSB,2026-03-23 13:59:00,769.85,769.85,769.0,769.0,14301
KSB,2026-03-23 14:00:00,769.0,769.45,769.0,769.0,7212
KSB,2026-03-23 14:01:00,769.0,769.0,768.0,768.8,2228
KSB,2026-03-23 14:02:00,768.8,769.0,768.8,769.0,695
KSB,2026-03-23 14:03:00,769.0,769.0,768.9,768.9,258
KSB,2026-03-23 14:04:00,768.9,769.0,768.9,769.0,2053
KSB,2026-03-23 14:05:00,769.0,773.25,769.0,772.85,6172
KSB,2026-03-23 14:06:00,772.85,774.1,772.85,774.1,951
KSB,2026-03-23 14:07:00,774.1,774.1,773.0,773.0,305
KSB,2026-03-23 14:08:00,773.0,774.55,773.0,774.55,760
KSB,2026-03-23 14:09:00,774.55,776.75,772.2,776.75,532
KSB,2026-03-23 14:10:00,776.75,776.95,775.75,776.95,55
KSB,2026-03-23 14:11:00,777.0,778.0,776.95,778.0,58
KSB,2026-03-23 14:12:00,778.0,779.2,778.0,779.2,535
KSB,2026-03-23 14:13:00,779.2,779.2,778.6,778.6,35
KSB,2026-03-23 14:14:00,779.5,779.5,779.35,779.35,567
KSB,2026-03-23 14:15:00,779.35,779.35,778.0,778.0,1050
KSB,2026-03-23 14:16:00,778.0,778.8,778.0,778.25,142
KSB,2026-03-23 14:17:00,778.25,779.1,778.25,779.1,8
KSB,2026-03-23 14:18:00,779.25,779.25,778.85,778.85,646
KSB,2026-03-23 14:19:00,778.85,778.85,778.85,778.85,9
KSB,2026-03-23 14:20:00,779.45,782.0,778.35,782.0,187
KSB,2026-03-23 14:21:00,780.85,782.05,780.85,782.0,441
KSB,2026-03-23 14:22:00,781.1,781.1,781.1,781.1,96
KSB,2026-03-23 14:23:00,780.25,780.8,779.9,779.9,65
KSB,2026-03-23 14:24:00,779.9,780.25,779.9,780.25,16
KSB,2026-03-23 14:25:00,780.25,780.25,778.3,778.3,100
KSB,2026-03-23 14:26:00,778.3,778.3,778.2,778.3,31
KSB,2026-03-23 14:27:00,778.3,779.0,778.3,779.0,56
KSB,2026-03-23 14:28:00,779.0,780.25,779.0,780.25,17
KSB,2026-03-23 14:29:00,780.25,780.25,779.15,779.15,16
KSB,2026-03-23 14:30:00,779.15,779.15,778.55,778.55,252
KSB,2026-03-23 14:31:00,778.55,778.8,777.7,778.3,842
KSB,2026-03-23 14:32:00,778.3,778.3,777.15,777.8,375
KSB,2026-03-23 14:33:00,777.8,777.8,777.8,777.8,0
KSB,2026-03-23 14:34:00,777.8,778.0,776.55,778.0,1511
KSB,2026-03-23 14:35:00,778.0,778.55,777.55,778.55,100
KSB,2026-03-23 14:36:00,778.55,779.2,778.55,778.9,55
KSB,2026-03-23 14:37:00,779.7,779.8,779.55,779.8,110
KSB,2026-03-23 14:38:00,779.8,780.45,778.6,778.85,406
KSB,2026-03-23 14:39:00,778.85,779.0,778.45,778.9,133
KSB,2026-03-23 14:40:00,778.9,778.95,778.8,778.8,149
KSB,2026-03-23 14:41:00,780.9,781.1,780.8,781.1,1193
KSB,2026-03-23 14:42:00,780.4,780.9,780.4,780.45,6
KSB,2026-03-23 14:43:00,780.45,781.1,780.45,781.1,221
KSB,2026-03-23 14:44:00,781.5,782.25,781.5,782.25,273
KSB,2026-03-23 14:45:00,782.25,782.25,781.0,781.0,61
KSB,2026-03-23 14:46:00,781.0,783.55,781.0,781.45,2286
KSB,2026-03-23 14:47:00,781.45,782.85,781.45,782.85,1
KSB,2026-03-23 14:48:00,782.85,782.85,782.0,782.0,152
KSB,2026-03-23 14:49:00,782.9,784.6,782.2,784.35,317
KSB,2026-03-23 14:50:00,782.55,785.9,782.55,784.4,4377
KSB,2026-03-23 14:51:00,784.4,785.85,784.3,785.85,495
KSB,2026-03-23 14:52:00,784.85,784.95,783.7,783.7,330
KSB,2026-03-23 14:53:00,784.0,784.0,781.9,781.9,943
KSB,2026-03-23 14:54:00,781.9,783.05,781.9,783.05,16
KSB,2026-03-23 14:55:00,782.8,785.0,782.1,783.9,1006
KSB,2026-03-23 14:56:00,784.0,784.9,784.0,784.9,420
KSB,2026-03-23 14:57:00,784.9,785.5,783.55,785.5,468
KSB,2026-03-23 14:58:00,784.35,785.75,784.35,785.75,273
KSB,2026-03-23 14:59:00,785.75,787.55,785.75,787.55,704
KSB,2026-03-23 15:00:00,786.35,786.65,784.55,785.25,1057
KSB,2026-03-23 15:01:00,785.3,785.3,781.9,782.9,848
KSB,2026-03-23 15:02:00,782.9,783.7,782.8,782.95,363
KSB,2026-03-23 15:03:00,783.45,783.8,782.15,782.45,760
KSB,2026-03-23 15:04:00,782.45,783.65,782.45,782.45,257
KSB,2026-03-23 15:05:00,783.3,783.75,783.3,783.75,124
KSB,2026-03-23 15:06:00,783.5,783.5,781.4,781.4,1037
KSB,2026-03-23 15:07:00,781.5,781.8,780.8,780.95,733
KSB,2026-03-23 15:08:00,780.95,782.0,780.95,780.95,118
KSB,2026-03-23 15:09:00,781.6,782.65,781.05,781.05,1024
KSB,2026-03-23 15:10:00,781.05,782.65,781.05,781.95,576
KSB,2026-03-23 15:11:00,782.3,782.65,782.3,782.45,261
KSB,2026-03-23 15:12:00,782.5,782.5,780.05,780.05,342
KSB,2026-03-23 15:13:00,780.65,780.7,779.95,779.95,987
KSB,2026-03-23 15:14:00,781.2,782.95,781.2,782.3,754
KSB,2026-03-23 15:15:00,782.9,783.4,782.25,783.4,1630
KSB,2026-03-23 15:16:00,783.8,784.8,783.15,784.8,1718
KSB,2026-03-23 15:17:00,784.9,784.9,782.0,782.0,1279
KSB,2026-03-23 15:18:00,781.6,783.5,780.5,783.45,2729
KSB,2026-03-23 15:19:00,783.45,783.45,782.2,782.2,588
KSB,2026-03-23 15:20:00,782.7,782.7,782.2,782.2,2049
KSB,2026-03-23 15:21:00,782.2,782.2,780.15,781.05,1448
KSB,2026-03-23 15:22:00,781.6,781.6,780.95,780.95,765
KSB,2026-03-23 15:23:00,780.95,783.6,780.95,782.9,7830
KSB,2026-03-23 15:24:00,782.15,783.25,782.0,782.0,605
KSB,2026-03-23 15:25:00,782.0,782.95,782.0,782.5,3939
KSB,2026-03-23 15:26:00,782.3,788.8,782.3,785.05,4016
KSB,2026-03-23 15:27:00,786.2,786.2,785.0,785.0,1938
KSB,2026-03-23 15:28:00,785.0,788.8,785.0,785.95,1048
KSB,2026-03-23 15:29:00,786.05,787.9,785.05,786.25,1410
KSB,2026-03-24 09:15:00,792.0,796.0,786.0,786.65,10165
KSB,2026-03-24 09:16:00,787.15,794.65,785.95,794.65,6045
KSB,2026-03-24 09:17:00,794.9,797.0,794.7,797.0,3602
KSB,2026-03-24 09:18:00,796.1,797.15,793.1,796.4,1620
KSB,2026-03-24 09:19:00,795.05,795.4,793.7,795.15,114
KSB,2026-03-24 09:20:00,795.15,796.0,793.7,793.7,463
KSB,2026-03-24 09:21:00,793.7,793.7,790.35,790.35,373
KSB,2026-03-24 09:22:00,790.6,793.25,790.6,793.25,267
KSB,2026-03-24 09:23:00,792.55,793.5,790.0,790.0,1762
KSB,2026-03-24 09:24:00,789.0,791.0,788.4,788.75,1891
KSB,2026-03-24 09:25:00,787.3,789.8,786.3,789.8,826
KSB,2026-03-24 09:26:00,788.5,789.75,788.2,788.2,793
KSB,2026-03-24 09:27:00,788.2,788.25,786.45,786.45,453
KSB,2026-03-24 09:28:00,787.7,787.7,785.15,785.5,948
KSB,2026-03-24 09:29:00,785.5,787.3,785.0,787.3,539
KSB,2026-03-24 09:30:00,787.3,787.5,786.35,787.0,470
KSB,2026-03-24 09:31:00,787.0,787.95,787.0,787.0,500
KSB,2026-03-24 09:32:00,788.1,789.2,787.6,788.95,1281
KSB,2026-03-24 09:33:00,788.95,789.1,788.4,789.1,363
KSB,2026-03-24 09:34:00,789.35,789.7,789.0,789.7,491
KSB,2026-03-24 09:35:00,789.7,790.5,789.7,790.5,448
KSB,2026-03-24 09:36:00,791.65,792.15,790.9,792.15,596
KSB,2026-03-24 09:37:00,791.55,791.65,790.65,791.65,98
KSB,2026-03-24 09:38:00,791.65,791.65,790.1,790.1,84
KSB,2026-03-24 09:39:00,790.4,790.65,789.15,789.15,248
KSB,2026-03-24 09:40:00,790.35,791.5,789.85,791.5,372
KSB,2026-03-24 09:41:00,790.3,795.05,790.3,795.05,1067
KSB,2026-03-24 09:42:00,795.05,796.0,793.5,793.5,467
KSB,2026-03-24 09:43:00,793.5,796.0,793.0,794.95,410
KSB,2026-03-24 09:44:00,796.35,797.75,796.2,797.0,826
KSB,2026-03-24 09:45:00,795.6,796.9,793.2,793.2,972
KSB,2026-03-24 09:46:00,792.15,792.15,792.0,792.0,14
KSB,2026-03-24 09:47:00,791.3,791.3,789.3,789.5,462
KSB,2026-03-24 09:48:00,789.5,789.7,788.65,789.7,15
KSB,2026-03-24 09:49:00,788.95,789.05,788.15,788.15,87
KSB,2026-03-24 09:50:00,788.15,789.05,787.15,787.15,211
KSB,2026-03-24 09:51:00,787.15,788.55,787.15,787.25,501
KSB,2026-03-24 09:52:00,787.25,788.4,787.25,788.15,230
KSB,2026-03-24 09:53:00,788.8,791.35,788.75,790.6,599
KSB,2026-03-24 09:54:00,791.3,791.35,790.0,791.25,225
KSB,2026-03-24 09:55:00,791.45,791.45,791.3,791.3,57
KSB,2026-03-24 09:56:00,791.3,792.45,791.15,792.45,132
KSB,2026-03-24 09:57:00,792.45,792.45,791.3,791.7,107
KSB,2026-03-24 09:58:00,791.7,792.05,791.45,792.05,136
KSB,2026-03-24 09:59:00,792.05,792.6,791.1,791.1,39
KSB,2026-03-24 10:00:00,791.9,791.9,789.3,789.3,308
KSB,2026-03-24 10:01:00,790.25,790.25,789.15,789.15,126
KSB,2026-03-24 10:02:00,789.15,789.15,787.7,788.25,358
KSB,2026-03-24 10:03:00,788.0,788.0,787.65,787.65,129
KSB,2026-03-24 10:04:00,787.65,787.9,785.75,787.9,414
KSB,2026-03-24 10:05:00,787.9,787.9,787.0,787.65,82
KSB,2026-03-24 10:06:00,787.8,789.0,787.8,787.95,256
KSB,2026-03-24 10:07:00,787.95,787.95,787.8,787.8,15
KSB,2026-03-24 10:08:00,787.8,787.8,787.0,787.0,10
KSB,2026-03-24 10:09:00,787.0,787.15,787.0,787.15,5
KSB,2026-03-24 10:10:00,786.15,787.2,786.15,786.25,66
KSB,2026-03-24 10:11:00,786.25,787.3,786.25,787.3,193
KSB,2026-03-24 10:12:00,787.3,787.3,786.15,786.8,102
KSB,2026-03-24 10:13:00,786.8,787.3,786.8,787.3,9
KSB,2026-03-24 10:14:00,788.0,788.0,786.95,786.95,390
KSB,2026-03-24 10:15:00,785.9,786.9,785.4,785.6,387
KSB,2026-03-24 10:16:00,786.75,788.5,786.75,788.4,1051
KSB,2026-03-24 10:17:00,788.4,788.4,787.05,787.5,200
KSB,2026-03-24 10:18:00,787.5,787.5,787.4,787.4,29
KSB,2026-03-24 10:19:00,787.4,787.4,787.4,787.4,0
KSB,2026-03-24 10:20:00,787.8,787.8,787.05,787.05,113
KSB,2026-03-24 10:21:00,787.05,787.05,786.15,786.15,82
KSB,2026-03-24 10:22:00,786.55,786.55,784.85,785.15,424
KSB,2026-03-24 10:23:00,786.3,786.3,785.8,785.8,106
KSB,2026-03-24 10:24:00,785.8,787.1,785.8,786.65,24
KSB,2026-03-24 10:25:00,786.65,786.65,786.65,786.65,0
KSB,2026-03-24 10:26:00,786.85,786.85,786.85,786.85,3
KSB,2026-03-24 10:27:00,786.85,786.85,786.65,786.65,173
KSB,2026-03-24 10:28:00,786.65,786.65,786.65,786.65,0
KSB,2026-03-24 10:29:00,786.65,786.65,785.15,785.15,173
KSB,2026-03-24 10:30:00,785.15,785.15,784.85,784.85,3
KSB,2026-03-24 10:31:00,784.85,784.85,783.75,783.75,248
KSB,2026-03-24 10:32:00,783.75,783.75,782.8,782.9,119
KSB,2026-03-24 10:33:00,782.9,782.9,781.65,781.95,218
KSB,2026-03-24 10:34:00,781.95,784.1,781.85,784.1,150
KSB,2026-03-24 10:35:00,782.95,783.5,782.9,782.9,198
KSB,2026-03-24 10:36:00,783.2,784.2,782.2,782.2,5786
KSB,2026-03-24 10:37:00,782.2,782.5,782.2,782.5,18
KSB,2026-03-24 10:38:00,783.8,784.15,783.8,784.15,275
KSB,2026-03-24 10:39:00,784.15,784.15,782.15,782.15,502
KSB,2026-03-24 10:40:00,782.15,782.65,781.45,781.45,208
KSB,2026-03-24 10:41:00,781.45,781.85,781.45,781.85,10
KSB,2026-03-24 10:42:00,781.1,781.5,781.1,781.5,183
KSB,2026-03-24 10:43:00,781.15,782.75,781.15,782.75,98
KSB,2026-03-24 10:44:00,781.75,782.6,781.7,781.7,252
KSB,2026-03-24 10:45:00,780.7,782.3,780.15,781.8,543
KSB,2026-03-24 10:46:00,781.8,781.8,780.9,780.9,17
KSB,2026-03-24 10:47:00,780.9,781.5,780.6,781.0,735
KSB,2026-03-24 10:48:00,781.0,784.95,781.0,783.85,1189
KSB,2026-03-24 10:49:00,784.75,784.75,783.35,783.35,56
KSB,2026-03-24 10:50:00,783.35,783.5,783.0,783.1,94
KSB,2026-03-24 10:51:00,782.2,783.55,782.2,783.2,191
KSB,2026-03-24 10:52:00,783.2,783.2,781.75,781.75,57
KSB,2026-03-24 10:53:00,781.75,782.6,781.0,781.85,68
KSB,2026-03-24 10:54:00,781.85,782.05,781.3,782.05,172
KSB,2026-03-24 10:55:00,782.05,782.45,781.4,782.15,85
KSB,2026-03-24 10:56:00,782.15,782.15,782.15,782.15,0
KSB,2026-03-24 10:57:00,782.15,782.75,781.75,782.2,151
KSB,2026-03-24 10:58:00,782.2,782.2,781.5,781.5,22
KSB,2026-03-24 10:59:00,781.5,781.5,781.15,781.25,107
KSB,2026-03-24 11:00:00,781.15,782.4,781.15,781.25,192
KSB,2026-03-24 11:01:00,781.25,783.05,781.25,783.05,349
KSB,2026-03-24 11:02:00,782.65,783.4,782.65,783.2,115
KSB,2026-03-24 11:03:00,783.65,783.85,783.1,783.1,4
KSB,2026-03-24 11:04:00,783.1,783.1,783.1,783.1,0
KSB,2026-03-24 11:05:00,783.1,783.1,783.1,783.1,0
KSB,2026-03-24 11:06:00,783.1,783.85,783.1,783.85,3
KSB,2026-03-24 11:07:00,783.85,784.5,783.85,784.2,207
KSB,2026-03-24 11:08:00,784.2,784.2,784.2,784.2,0
KSB,2026-03-24 11:09:00,784.2,784.2,784.2,784.2,0
KSB,2026-03-24 11:10:00,784.2,785.0,784.2,785.0,50
KSB,2026-03-24 11:11:00,785.0,785.85,785.0,785.85,3
KSB,2026-03-24 11:12:00,785.85,785.85,785.85,785.85,100
KSB,2026-03-24 11:13:00,785.85,785.9,785.65,785.65,39
KSB,2026-03-24 11:14:00,785.65,785.65,784.9,784.9,25
KSB,2026-03-24 11:15:00,784.9,784.9,783.0,783.0,781
KSB,2026-03-24 11:16:00,783.0,783.0,783.0,783.0,0
KSB,2026-03-24 11:17:00,783.0,783.85,783.0,783.85,1
KSB,2026-03-24 11:18:00,783.85,783.9,783.7,783.9,147
KSB,2026-03-24 11:19:00,783.8,783.8,783.8,783.8,10
KSB,2026-03-24 11:20:00,784.2,784.9,784.2,784.9,755
KSB,2026-03-24 11:21:00,785.15,785.15,785.1,785.1,25
KSB,2026-03-24 11:22:00,785.1,785.1,785.1,785.1,5
KSB,2026-03-24 11:23:00,785.1,785.1,785.1,785.1,0
KSB,2026-03-24 11:24:00,785.1,785.1,784.15,784.15,12
KSB,2026-03-24 11:25:00,784.15,784.15,784.15,784.15,0
KSB,2026-03-24 11:26:00,784.15,784.15,784.15,784.15,0
KSB,2026-03-24 11:27:00,782.55,784.5,782.55,784.5,441
KSB,2026-03-24 11:28:00,784.5,784.5,784.4,784.4,12
KSB,2026-03-24 11:29:00,783.75,783.75,783.2,783.2,23
KSB,2026-03-24 11:30:00,783.2,784.3,783.2,784.3,67
KSB,2026-03-24 11:31:00,784.3,784.65,784.3,784.3,65
KSB,2026-03-24 11:32:00,784.3,784.3,784.3,784.3,0
KSB,2026-03-24 11:33:00,783.75,784.65,783.75,784.65,69
KSB,2026-03-24 11:34:00,784.85,785.8,784.85,785.8,3
KSB,2026-03-24 11:35:00,785.8,787.2,785.8,786.7,256
KSB,2026-03-24 11:36:00,787.3,787.3,785.0,785.2,75
KSB,2026-03-24 11:37:00,785.2,785.2,784.3,784.3,15
KSB,2026-03-24 11:38:00,784.3,784.4,784.1,784.15,80
KSB,2026-03-24 11:39:00,784.45,785.0,784.15,785.0,298
KSB,2026-03-24 11:40:00,783.85,783.85,783.85,783.85,15
KSB,2026-03-24 11:41:00,783.85,784.75,783.75,783.75,31
KSB,2026-03-24 11:42:00,783.75,783.85,783.2,783.85,38
KSB,2026-03-24 11:43:00,783.8,783.8,783.8,783.8,64
KSB,2026-03-24 11:44:00,783.8,784.55,783.8,784.55,43
KSB,2026-03-24 11:45:00,784.55,784.55,784.15,784.15,2
KSB,2026-03-24 11:46:00,784.35,785.3,784.35,785.3,17
KSB,2026-03-24 11:47:00,786.7,787.55,786.7,787.55,68
KSB,2026-03-24 11:48:00,787.55,788.0,787.15,788.0,518
KSB,2026-03-24 11:49:00,788.0,790.4,788.0,790.4,324
KSB,2026-03-24 11:50:00,790.4,790.95,789.75,789.75,720
KSB,2026-03-24 11:51:00,789.75,789.8,787.75,787.75,223
KSB,2026-03-24 11:52:00,787.75,787.9,787.55,787.55,185
KSB,2026-03-24 11:53:00,788.8,788.85,788.8,788.85,156
KSB,2026-03-24 11:54:00,788.85,789.6,788.0,789.6,58
KSB,2026-03-24 11:55:00,789.6,789.6,789.6,789.6,5
KSB,2026-03-24 11:56:00,789.6,791.6,789.6,790.95,171
KSB,2026-03-24 11:57:00,790.95,791.0,790.0,791.0,203
KSB,2026-03-24 11:58:00,791.0,791.0,790.95,790.95,109
KSB,2026-03-24 11:59:00,790.95,791.1,790.75,791.1,51
KSB,2026-03-24 12:00:00,791.1,791.15,791.1,791.15,30
KSB,2026-03-24 12:01:00,791.15,791.15,790.35,790.35,1
KSB,2026-03-24 12:02:00,790.35,790.5,790.35,790.5,63
KSB,2026-03-24 12:03:00,790.5,790.5,790.25,790.25,100
KSB,2026-03-24 12:04:00,790.25,792.15,790.25,792.15,342
KSB,2026-03-24 12:05:00,792.15,792.9,791.7,791.7,103
KSB,2026-03-24 12:06:00,791.7,792.55,791.7,792.55,31
KSB,2026-03-24 12:07:00,791.7,792.5,791.7,791.7,253
KSB,2026-03-24 12:08:00,791.7,792.5,791.7,792.5,35
KSB,2026-03-24 12:09:00,792.55,793.1,792.5,792.5,194
KSB,2026-03-24 12:10:00,792.5,793.95,792.5,793.95,55
KSB,2026-03-24 12:11:00,794.4,795.75,794.4,795.75,289
KSB,2026-03-24 12:12:00,795.0,795.8,791.1,792.35,745
KSB,2026-03-24 12:13:00,792.35,792.35,790.7,790.7,642
KSB,2026-03-24 12:14:00,790.7,790.7,790.65,790.65,20
KSB,2026-03-24 12:15:00,790.65,790.65,790.65,790.65,0
KSB,2026-03-24 12:16:00,790.65,790.65,789.8,789.8,24
KSB,2026-03-24 12:17:00,789.8,789.85,789.75,789.85,73
KSB,2026-03-24 12:18:00,789.85,789.85,789.35,789.35,17
KSB,2026-03-24 12:19:00,789.35,789.55,789.15,789.55,99
KSB,2026-03-24 12:20:00,789.55,789.85,789.55,789.85,1
KSB,2026-03-24 12:21:00,789.85,789.85,789.85,789.85,0
KSB,2026-03-24 12:22:00,789.85,791.75,789.85,791.75,51
KSB,2026-03-24 12:23:00,791.75,792.85,791.75,792.85,50
KSB,2026-03-24 12:24:00,792.85,792.85,792.85,792.85,0
KSB,2026-03-24 12:25:00,793.3,794.5,793.3,794.5,1669
KSB,2026-03-24 12:26:00,794.5,796.45,794.5,796.1,989
KSB,2026-03-24 12:27:00,797.0,797.0,796.1,796.1,764
KSB,2026-03-24 12:28:00,796.1,796.5,795.35,795.35,1127
KSB,2026-03-24 12:29:00,795.35,795.35,793.15,793.15,742
KSB,2026-03-24 12:30:00,793.15,794.0,793.15,794.0,161
KSB,2026-03-24 12:31:00,794.0,794.8,793.95,794.8,223
KSB,2026-03-24 12:32:00,794.8,796.3,793.75,794.95,7235
KSB,2026-03-24 12:33:00,794.95,794.95,794.95,794.95,0
KSB,2026-03-24 12:34:00,794.95,794.95,794.95,794.95,0
KSB,2026-03-24 12:35:00,794.95,795.75,794.15,795.75,397
KSB,2026-03-24 12:36:00,795.75,796.6,795.75,796.4,146
KSB,2026-03-24 12:37:00,796.0,796.8,796.0,796.8,95
KSB,2026-03-24 12:38:00,796.8,796.8,795.95,795.95,266
KSB,2026-03-24 12:39:00,795.95,797.8,795.95,797.4,395
KSB,2026-03-24 12:40:00,797.4,798.65,797.4,797.95,440
KSB,2026-03-24 12:41:00,797.95,797.95,796.2,796.2,5295
KSB,2026-03-24 12:42:00,796.2,797.4,796.2,796.65,218
KSB,2026-03-24 12:43:00,796.65,797.7,796.65,797.7,25
KSB,2026-03-24 12:44:00,797.0,797.0,796.25,796.25,31
KSB,2026-03-24 12:45:00,797.0,797.0,797.0,797.0,150
KSB,2026-03-24 12:46:00,797.8,797.8,797.1,797.1,56
KSB,2026-03-24 12:47:00,797.1,797.1,797.1,797.1,0
KSB,2026-03-24 12:48:00,797.1,797.4,797.1,797.4,32
KSB,2026-03-24 12:49:00,797.4,799.95,797.4,799.95,1118
KSB,2026-03-24 12:50:00,799.85,799.85,796.7,796.7,5222
KSB,2026-03-24 12:51:00,796.7,801.85,796.7,801.25,1428
KSB,2026-03-24 12:52:00,801.25,804.05,801.25,803.4,572
KSB,2026-03-24 12:53:00,802.85,803.3,801.65,803.05,6574
KSB,2026-03-24 12:54:00,803.05,803.35,802.7,802.7,95
KSB,2026-03-24 12:55:00,802.0,804.3,802.0,804.3,602
KSB,2026-03-24 12:56:00,804.3,808.75,803.35,808.5,7456
KSB,2026-03-24 12:57:00,808.5,809.2,806.15,806.15,4601
KSB,2026-03-24 12:58:00,806.15,806.15,804.9,804.9,198
KSB,2026-03-24 12:59:00,804.9,806.0,804.9,805.9,436
KSB,2026-03-24 13:00:00,806.0,806.6,806.0,806.5,18
KSB,2026-03-24 13:01:00,806.5,807.35,806.5,807.1,1830
KSB,2026-03-24 13:02:00,807.1,807.25,803.75,803.75,819
KSB,2026-03-24 13:03:00,803.75,803.75,801.5,801.5,1067
KSB,2026-03-24 13:04:00,801.9,802.2,801.9,802.1,34
KSB,2026-03-24 13:05:00,801.15,803.65,800.4,802.7,576
KSB,2026-03-24 13:06:00,802.7,802.7,802.2,802.2,186
KSB,2026-03-24 13:07:00,802.2,802.5,802.15,802.15,103
KSB,2026-03-24 13:08:00,802.15,802.4,802.15,802.4,76
KSB,2026-03-24 13:09:00,802.4,802.4,802.25,802.25,40
KSB,2026-03-24 13:10:00,805.3,806.85,805.3,806.0,4454
KSB,2026-03-24 13:11:00,806.85,806.85,806.0,806.0,17
KSB,2026-03-24 13:12:00,806.0,806.85,806.0,806.45,577
KSB,2026-03-24 13:13:00,806.45,806.45,805.65,806.4,101
KSB,2026-03-24 13:14:00,805.65,806.55,805.65,806.55,431
KSB,2026-03-24 13:15:00,806.9,806.9,806.25,806.9,220
KSB,2026-03-24 13:16:00,806.9,806.9,805.8,805.95,120
KSB,2026-03-24 13:17:00,807.4,807.4,806.45,806.45,331
KSB,2026-03-24 13:18:00,806.45,807.15,806.45,807.15,1028
KSB,2026-03-24 13:19:00,806.4,806.95,805.7,806.5,244
KSB,2026-03-24 13:20:00,806.5,807.2,805.6,806.4,957
KSB,2026-03-24 13:21:00,806.4,807.95,806.4,807.0,287
KSB,2026-03-24 13:22:00,807.0,807.0,806.4,806.4,10
KSB,2026-03-24 13:23:00,806.4,806.4,806.4,806.4,14
KSB,2026-03-24 13:24:00,806.4,806.4,806.4,806.4,9
KSB,2026-03-24 13:25:00,805.8,806.35,805.8,805.85,31
KSB,2026-03-24 13:26:00,807.05,807.8,806.55,806.55,334
KSB,2026-03-24 13:27:00,806.55,808.0,806.55,808.0,157
KSB,2026-03-24 13:28:00,807.1,807.1,805.5,805.5,795
KSB,2026-03-24 13:29:00,805.5,805.8,805.5,805.8,245
KSB,2026-03-24 13:30:00,805.8,806.0,805.1,806.0,1002
KSB,2026-03-24 13:31:00,806.0,806.15,804.4,804.4,330
KSB,2026-03-24 13:32:00,804.4,804.45,804.4,804.45,46
KSB,2026-03-24 13:33:00,804.45,805.9,804.45,805.9,200
KSB,2026-03-24 13:34:00,805.9,805.9,805.9,805.9,0
KSB,2026-03-24 13:35:00,805.9,807.0,805.3,807.0,312
KSB,2026-03-24 13:36:00,807.0,807.1,806.4,807.1,92
KSB,2026-03-24 13:37:00,806.4,807.4,806.4,807.25,163
KSB,2026-03-24 13:38:00,807.25,807.25,805.25,805.5,316
KSB,2026-03-24 13:39:00,806.2,806.85,805.85,806.85,350
KSB,2026-03-24 13:40:00,806.85,808.4,806.85,806.95,12702
KSB,2026-03-24 13:41:00,806.95,809.75,806.95,808.5,484
KSB,2026-03-24 13:42:00,808.5,809.55,808.5,808.65,65
KSB,2026-03-24 13:43:00,808.65,808.65,807.4,807.65,1217
KSB,2026-03-24 13:44:00,807.65,807.65,807.35,807.35,0
KSB,2026-03-24 13:45:00,807.35,807.65,806.6,807.65,146
KSB,2026-03-24 13:46:00,807.65,807.65,807.15,807.15,2
KSB,2026-03-24 13:47:00,807.0,807.8,807.0,807.7,663
KSB,2026-03-24 13:48:00,807.7,807.7,806.2,806.25,1096
KSB,2026-03-24 13:49:00,806.25,806.55,804.4,804.4,96
KSB,2026-03-24 13:50:00,804.4,804.6,804.0,804.45,382
KSB,2026-03-24 13:51:00,804.45,804.75,803.65,804.7,145
KSB,2026-03-24 13:52:00,804.0,807.3,804.0,807.3,700
KSB,2026-03-24 13:53:00,807.3,807.55,805.0,805.0,127
KSB,2026-03-24 13:54:00,805.0,805.0,805.0,805.0,25
KSB,2026-03-24 13:55:00,805.0,805.0,805.0,805.0,0
KSB,2026-03-24 13:56:00,805.0,805.55,805.0,805.55,16
KSB,2026-03-24 13:57:00,805.55,805.55,805.55,805.55,0
KSB,2026-03-24 13:58:00,805.55,805.55,804.75,804.75,32
KSB,2026-03-24 13:59:00,804.75,805.7,804.05,804.05,338
KSB,2026-03-24 14:00:00,804.05,805.0,803.9,805.0,97
KSB,2026-03-24 14:01:00,805.0,805.0,804.85,804.85,175
KSB,2026-03-24 14:02:00,804.45,805.9,804.45,804.5,53
KSB,2026-03-24 14:03:00,804.5,805.4,804.45,804.45,17
KSB,2026-03-24 14:04:00,804.55,805.6,804.55,805.6,171
KSB,2026-03-24 14:05:00,805.6,805.6,805.0,805.35,125
KSB,2026-03-24 14:06:00,805.35,805.35,805.35,805.35,0
KSB,2026-03-24 14:07:00,805.35,806.0,805.35,806.0,1
KSB,2026-03-24 14:08:00,806.0,806.0,805.25,805.25,10
KSB,2026-03-24 14:09:00,805.25,805.25,805.0,805.0,59
KSB,2026-03-24 14:10:00,805.0,805.2,805.0,805.2,1
KSB,2026-03-24 14:11:00,805.2,805.2,805.2,805.2,0
KSB,2026-03-24 14:12:00,805.0,805.0,804.75,804.75,47
KSB,2026-03-24 14:13:00,804.0,804.0,804.0,804.0,198
KSB,2026-03-24 14:14:00,804.0,804.35,804.0,804.35,13
KSB,2026-03-24 14:15:00,805.7,806.0,805.45,806.0,396
KSB,2026-03-24 14:16:00,806.0,806.55,804.9,806.55,255
KSB,2026-03-24 14:17:00,806.55,806.55,806.15,806.45,52
KSB,2026-03-24 14:18:00,806.45,806.55,806.45,806.55,260
KSB,2026-03-24 14:19:00,806.55,806.55,806.0,806.0,8
KSB,2026-03-24 14:20:00,806.15,806.75,805.5,806.1,617
KSB,2026-03-24 14:21:00,806.1,806.1,805.4,805.4,172
KSB,2026-03-24 14:22:00,805.4,805.45,805.4,805.45,99
KSB,2026-03-24 14:23:00,805.45,805.45,804.1,804.65,1115
KSB,2026-03-24 14:24:00,804.6,805.35,804.6,805.35,7
KSB,2026-03-24 14:25:00,805.35,805.35,804.0,804.0,100
KSB,2026-03-24 14:26:00,804.0,804.05,804.0,804.05,7
KSB,2026-03-24 14:27:00,804.05,804.05,803.85,803.85,123
KSB,2026-03-24 14:28:00,803.85,804.75,803.85,804.75,8
KSB,2026-03-24 14:29:00,804.75,804.85,804.05,804.05,61
KSB,2026-03-24 14:30:00,804.05,804.35,804.05,804.35,19
KSB,2026-03-24 14:31:00,804.35,806.0,804.35,806.0,181
KSB,2026-03-24 14:32:00,806.0,806.0,806.0,806.0,10
KSB,2026-03-24 14:33:00,806.0,806.25,806.0,806.0,55
KSB,2026-03-24 14:34:00,804.15,805.65,804.15,805.65,750
KSB,2026-03-24 14:35:00,800.35,801.4,799.85,800.4,15848
KSB,2026-03-24 14:36:00,800.4,801.25,800.4,801.1,491
KSB,2026-03-24 14:37:00,801.5,801.7,800.95,801.2,173
KSB,2026-03-24 14:38:00,801.2,801.2,800.0,800.0,50
KSB,2026-03-24 14:39:00,800.0,800.0,800.0,800.0,44
KSB,2026-03-24 14:40:00,799.15,799.15,797.7,799.0,767
KSB,2026-03-24 14:41:00,798.8,799.7,798.75,799.7,76
KSB,2026-03-24 14:42:00,799.7,799.8,799.0,799.45,162
KSB,2026-03-24 14:43:00,799.45,800.3,799.2,799.2,1454
KSB,2026-03-24 14:44:00,798.95,798.95,798.9,798.9,788
KSB,2026-03-24 14:45:00,798.9,798.9,798.15,798.15,3
KSB,2026-03-24 14:46:00,798.15,799.15,796.85,796.85,871
KSB,2026-03-24 14:47:00,797.15,798.3,796.45,798.1,393
KSB,2026-03-24 14:48:00,798.1,799.4,798.1,799.4,1697
KSB,2026-03-24 14:49:00,798.75,799.65,798.55,799.65,2286
KSB,2026-03-24 14:50:00,799.65,799.65,798.0,798.95,1469
KSB,2026-03-24 14:51:00,798.95,799.65,798.4,798.9,41
KSB,2026-03-24 14:52:00,798.9,799.55,798.9,799.55,0
KSB,2026-03-24 14:53:00,799.55,799.55,799.25,799.25,1184
KSB,2026-03-24 14:54:00,799.25,799.25,798.05,799.15,117
KSB,2026-03-24 14:55:00,799.15,800.7,799.15,800.7,310
KSB,2026-03-24 14:56:00,799.15,799.15,798.8,798.8,72
KSB,2026-03-24 14:57:00,799.85,799.85,799.85,799.85,155
KSB,2026-03-24 14:58:00,799.85,799.9,799.85,799.9,19
KSB,2026-03-24 14:59:00,799.9,800.1,799.3,799.3,12
KSB,2026-03-24 15:00:00,800.0,800.1,797.1,797.1,294
KSB,2026-03-24 15:01:00,797.65,797.65,797.65,797.65,158
KSB,2026-03-24 15:02:00,798.55,798.55,798.5,798.5,36
KSB,2026-03-24 15:03:00,798.5,798.5,797.85,798.3,17
KSB,2026-03-24 15:04:00,798.3,799.15,798.3,799.15,164
KSB,2026-03-24 15:05:00,798.7,798.7,798.45,798.45,7
KSB,2026-03-24 15:06:00,798.0,798.0,797.4,797.95,490
KSB,2026-03-24 15:07:00,798.7,798.7,797.7,798.45,1511
KSB,2026-03-24 15:08:00,798.45,799.95,798.4,799.5,250
KSB,2026-03-24 15:09:00,799.5,799.5,798.0,798.85,360
KSB,2026-03-24 15:10:00,798.55,799.55,798.2,799.5,877
KSB,2026-03-24 15:11:00,799.5,799.5,798.7,799.15,105
KSB,2026-03-24 15:12:00,799.3,802.15,799.2,801.25,3199
KSB,2026-03-24 15:13:00,801.25,801.25,800.0,800.95,230
KSB,2026-03-24 15:14:00,801.2,801.45,799.95,799.95,172
KSB,2026-03-24 15:15:00,800.8,800.8,798.5,800.8,864
KSB,2026-03-24 15:16:00,800.45,800.45,799.0,799.0,1611
KSB,2026-03-24 15:17:00,799.0,799.75,798.15,799.55,707
KSB,2026-03-24 15:18:00,799.55,800.9,799.05,800.9,882
KSB,2026-03-24 15:19:00,801.0,803.95,801.0,803.95,2198
KSB,2026-03-24 15:20:00,803.95,803.95,799.55,800.8,2432
KSB,2026-03-24 15:21:00,800.8,800.8,798.45,799.7,2042
KSB,2026-03-24 15:22:00,800.35,800.35,798.4,799.95,287
KSB,2026-03-24 15:23:00,799.95,799.95,799.9,799.9,121
KSB,2026-03-24 15:24:00,799.9,800.4,798.35,799.1,531
KSB,2026-03-24 15:25:00,797.2,799.15,797.2,799.1,1397
KSB,2026-03-24 15:26:00,799.1,800.0,798.05,800.0,743
KSB,2026-03-24 15:27:00,798.45,799.0,797.6,797.8,2077
KSB,2026-03-24 15:28:00,798.95,798.95,796.0,798.8,642
KSB,2026-03-24 15:29:00,798.8,798.95,795.1,795.35,427
KSB,2026-03-25 09:15:00,800.0,806.7,798.45,804.65,2242
KSB,2026-03-25 09:16:00,805.9,812.1,805.9,811.35,1850
KSB,2026-03-25 09:17:00,808.5,810.25,806.55,808.45,955
KSB,2026-03-25 09:18:00,809.15,809.15,807.6,807.6,165
KSB,2026-03-25 09:19:00,807.15,809.0,807.15,807.35,367
KSB,2026-03-25 09:20:00,807.7,810.8,807.35,809.75,555
KSB,2026-03-25 09:21:00,808.95,810.6,808.9,809.75,574
KSB,2026-03-25 09:22:00,809.75,810.95,809.2,809.2,751
KSB,2026-03-25 09:23:00,810.55,810.8,809.7,810.8,529
KSB,2026-03-25 09:24:00,810.8,811.25,809.85,809.85,1178
KSB,2026-03-25 09:25:00,809.85,812.3,809.85,812.3,851
KSB,2026-03-25 09:26:00,811.0,813.9,811.0,811.7,929
KSB,2026-03-25 09:27:00,811.7,813.7,811.7,813.0,943
KSB,2026-03-25 09:28:00,813.0,814.5,813.0,813.2,822
KSB,2026-03-25 09:29:00,814.45,814.45,813.2,814.45,466
KSB,2026-03-25 09:30:00,814.45,814.45,810.25,810.35,2672
KSB,2026-03-25 09:31:00,810.35,811.6,809.8,809.8,1006
KSB,2026-03-25 09:32:00,810.05,811.5,810.05,811.0,373
KSB,2026-03-25 09:33:00,811.0,811.0,809.0,811.0,1309
KSB,2026-03-25 09:34:00,811.45,814.05,811.45,813.6,557
KSB,2026-03-25 09:35:00,814.55,814.6,813.05,813.3,1310
KSB,2026-03-25 09:36:00,813.25,813.5,812.6,813.2,363
KSB,2026-03-25 09:37:00,813.2,813.2,810.65,810.7,601
KSB,2026-03-25 09:38:00,810.7,811.85,807.85,809.7,1154
KSB,2026-03-25 09:39:00,809.7,810.85,808.65,810.85,33
KSB,2026-03-25 09:40:00,810.85,810.85,809.0,810.35,807
KSB,2026-03-25 09:41:00,807.8,810.7,807.8,810.1,718
KSB,2026-03-25 09:42:00,810.1,811.75,810.0,811.75,384
KSB,2026-03-25 09:43:00,811.75,812.0,811.65,811.65,423
KSB,2026-03-25 09:44:00,811.65,812.8,811.65,812.8,79
KSB,2026-03-25 09:45:00,812.8,812.8,812.05,812.05,316
KSB,2026-03-25 09:46:00,812.05,812.2,811.55,811.55,873
KSB,2026-03-25 09:47:00,811.55,813.45,811.55,813.45,561
KSB,2026-03-25 09:48:00,813.45,814.0,813.15,814.0,532
KSB,2026-03-25 09:49:00,813.0,813.15,812.6,812.6,222
KSB,2026-03-25 09:50:00,812.6,812.85,811.7,812.15,377
KSB,2026-03-25 09:51:00,812.15,812.85,812.15,812.2,27
KSB,2026-03-25 09:52:00,812.85,816.95,812.5,813.2,4951
KSB,2026-03-25 09:53:00,812.5,813.05,812.05,812.05,187
KSB,2026-03-25 09:54:00,813.6,813.8,812.15,812.15,1021
KSB,2026-03-25 09:55:00,812.15,812.75,812.15,812.75,195
KSB,2026-03-25 09:56:00,812.75,812.85,812.75,812.85,1
KSB,2026-03-25 09:57:00,812.85,814.15,812.85,814.15,47
KSB,2026-03-25 09:58:00,812.6,812.85,812.25,812.85,608
KSB,2026-03-25 09:59:00,812.85,812.85,812.0,812.0,138
KSB,2026-03-25 10:00:00,812.0,813.5,812.0,813.25,272
KSB,2026-03-25 10:01:00,813.25,820.0,813.25,816.0,17123
KSB,2026-03-25 10:02:00,816.75,816.75,814.75,815.65,5799
KSB,2026-03-25 10:03:00,815.8,815.8,814.8,814.85,1634
KSB,2026-03-25 10:04:00,815.0,815.5,814.2,815.3,1253
KSB,2026-03-25 10:05:00,815.5,817.0,815.5,817.0,3398
KSB,2026-03-25 10:06:00,817.0,817.0,815.0,815.0,1457
KSB,2026-03-25 10:07:00,814.6,814.95,813.0,813.4,3115
KSB,2026-03-25 10:08:00,813.4,815.35,813.4,815.35,15
KSB,2026-03-25 10:09:00,815.35,815.35,814.1,814.5,267
KSB,2026-03-25 10:10:00,814.5,814.9,814.1,814.85,393
KSB,2026-03-25 10:11:00,814.0,814.25,814.0,814.25,1112
KSB,2026-03-25 10:12:00,814.4,814.7,814.1,814.6,198
KSB,2026-03-25 10:13:00,814.6,814.6,814.0,814.6,25
KSB,2026-03-25 10:14:00,814.0,814.9,813.7,814.2,882
KSB,2026-03-25 10:15:00,814.2,814.8,814.2,814.2,221
KSB,2026-03-25 10:16:00,813.75,814.35,813.75,814.35,95
KSB,2026-03-25 10:17:00,814.35,814.5,814.35,814.5,39
KSB,2026-03-25 10:18:00,814.5,814.9,814.5,814.5,184
KSB,2026-03-25 10:19:00,814.5,814.5,813.0,813.8,163
KSB,2026-03-25 10:20:00,813.8,813.8,813.8,813.8,0
KSB,2026-03-25 10:21:00,813.8,814.45,813.8,814.45,32
KSB,2026-03-25 10:22:00,814.45,814.45,814.0,814.4,8
KSB,2026-03-25 10:23:00,813.8,813.8,813.0,813.0,986
KSB,2026-03-25 10:24:00,812.2,812.65,812.0,812.65,659
KSB,2026-03-25 10:25:00,812.1,812.95,811.4,812.6,2773
KSB,2026-03-25 10:26:00,812.5,814.0,812.1,813.5,653
KSB,2026-03-25 10:27:00,813.6,813.75,811.05,811.05,2210
KSB,2026-03-25 10:28:00,811.05,812.15,810.9,812.15,2250
KSB,2026-03-25 10:29:00,811.4,812.15,811.35,812.15,74
KSB,2026-03-25 10:30:00,812.15,813.8,812.15,813.8,458
KSB,2026-03-25 10:31:00,813.8,815.55,813.8,815.55,907
KSB,2026-03-25 10:32:00,815.55,816.0,815.35,816.0,1472
KSB,2026-03-25 10:33:00,815.0,816.75,815.0,816.15,605
KSB,2026-03-25 10:34:00,816.15,816.75,816.0,816.0,682
KSB,2026-03-25 10:35:00,815.45,815.7,814.9,814.9,78
KSB,2026-03-25 10:36:00,814.9,814.9,811.7,812.7,5878
KSB,2026-03-25 10:37:00,812.7,812.75,812.25,812.25,244
KSB,2026-03-25 10:38:00,812.7,813.3,812.35,813.0,603
KSB,2026-03-25 10:39:00,813.55,813.6,813.25,813.6,77
KSB,2026-03-25 10:40:00,813.6,813.6,813.0,813.0,20
KSB,2026-03-25 10:41:00,812.5,812.75,812.5,812.75,278
KSB,2026-03-25 10:42:00,812.95,812.95,812.75,812.75,58
KSB,2026-03-25 10:43:00,812.9,814.0,812.9,812.95,164
KSB,2026-03-25 10:44:00,812.95,813.95,812.95,813.95,15
KSB,2026-03-25 10:45:00,813.9,814.0,813.35,814.0,51
KSB,2026-03-25 10:46:00,814.0,814.1,812.85,812.85,155
KSB,2026-03-25 10:47:00,812.85,813.0,812.85,813.0,152
KSB,2026-03-25 10:48:00,813.0,813.0,812.25,812.25,187
KSB,2026-03-25 10:49:00,813.0,813.0,812.0,812.2,1352
KSB,2026-03-25 10:50:00,812.2,812.5,811.9,811.9,284
KSB,2026-03-25 10:51:00,811.9,811.9,811.05,811.05,48
KSB,2026-03-25 10:52:00,811.05,811.05,810.55,810.75,259
KSB,2026-03-25 10:53:00,810.75,811.5,810.35,810.35,304
KSB,2026-03-25 10:54:00,810.35,811.5,810.35,810.6,51
KSB,2026-03-25 10:55:00,811.15,811.15,811.15,811.15,270
KSB,2026-03-25 10:56:00,811.15,811.15,808.45,808.45,1151
KSB,2026-03-25 10:57:00,808.45,809.2,808.45,809.0,137
KSB,2026-03-25 10:58:00,809.25,809.25,808.35,808.7,465
KSB,2026-03-25 10:59:00,808.2,808.7,808.2,808.7,63
KSB,2026-03-25 11:00:00,808.7,809.6,808.7,809.6,72
KSB,2026-03-25 11:01:00,809.55,810.8,809.5,810.8,11634
KSB,2026-03-25 11:02:00,810.8,820.4,810.2,819.4,23748
KSB,2026-03-25 11:03:00,819.1,821.3,819.1,819.95,2069
KSB,2026-03-25 11:04:00,820.0,822.8,819.4,822.8,1415
KSB,2026-03-25 11:05:00,822.15,822.45,822.15,822.45,290
KSB,2026-03-25 11:06:00,822.45,824.0,821.8,823.6,1222
KSB,2026-03-25 11:07:00,823.6,823.6,822.25,822.3,166
KSB,2026-03-25 11:08:00,822.3,822.3,822.05,822.05,71
KSB,2026-03-25 11:09:00,822.05,822.05,820.55,821.7,1010
KSB,2026-03-25 11:10:00,821.75,821.8,818.3,818.85,3855
KSB,2026-03-25 11:11:00,818.85,819.45,817.7,818.25,540
KSB,2026-03-25 11:12:00,818.25,818.45,818.25,818.45,118
KSB,2026-03-25 11:13:00,818.45,818.5,818.45,818.5,261
KSB,2026-03-25 11:14:00,818.5,818.5,818.5,818.5,10
KSB,2026-03-25 11:15:00,818.5,819.5,818.5,819.5,145
KSB,2026-03-25 11:16:00,819.5,820.15,819.5,819.5,174
KSB,2026-03-25 11:17:00,819.15,819.65,819.1,819.1,174
KSB,2026-03-25 11:18:00,819.1,819.45,818.65,819.05,138
KSB,2026-03-25 11:19:00,819.05,819.05,818.55,818.55,13
KSB,2026-03-25 11:20:00,818.55,819.4,818.55,819.25,30
KSB,2026-03-25 11:21:00,819.25,819.25,819.25,819.25,3
KSB,2026-03-25 11:22:00,819.25,819.25,817.6,817.6,151
KSB,2026-03-25 11:23:00,817.6,819.15,817.6,818.15,252
KSB,2026-03-25 11:24:00,818.15,818.35,818.15,818.35,30
KSB,2026-03-25 11:25:00,818.35,818.5,818.35,818.5,2
KSB,2026-03-25 11:26:00,818.5,819.3,818.2,819.3,116
KSB,2026-03-25 11:27:00,819.3,819.3,818.0,818.0,453
KSB,2026-03-25 11:28:00,818.0,819.3,818.0,819.3,28
KSB,2026-03-25 11:29:00,819.3,819.55,819.0,819.3,176
KSB,2026-03-25 11:30:00,818.7,819.25,818.2,818.35,113
KSB,2026-03-25 11:31:00,818.35,818.35,817.9,817.95,140
KSB,2026-03-25 11:32:00,818.15,819.2,817.85,817.85,275
KSB,2026-03-25 11:33:00,817.85,818.4,817.85,818.4,100
KSB,2026-03-25 11:34:00,818.4,819.25,818.35,818.35,67
KSB,2026-03-25 11:35:00,818.35,819.4,818.2,819.4,80
KSB,2026-03-25 11:36:00,818.75,819.45,818.65,818.65,120
KSB,2026-03-25 11:37:00,819.5,819.5,818.85,818.85,103
KSB,2026-03-25 11:38:00,818.85,818.85,816.6,816.7,586
KSB,2026-03-25 11:39:00,816.7,817.6,816.55,817.3,1200
KSB,2026-03-25 11:40:00,817.3,817.35,816.75,816.75,25
KSB,2026-03-25 11:41:00,816.75,816.75,816.75,816.75,124
KSB,2026-03-25 11:42:00,816.75,818.0,816.75,817.15,96
KSB,2026-03-25 11:43:00,817.15,819.4,817.15,817.3,1293
KSB,2026-03-25 11:44:00,817.85,818.45,817.3,818.45,646
KSB,2026-03-25 11:45:00,818.45,818.45,817.65,818.2,11
KSB,2026-03-25 11:46:00,818.2,818.2,817.75,817.8,28
KSB,2026-03-25 11:47:00,817.8,817.8,817.75,817.75,20
KSB,2026-03-25 11:48:00,817.75,817.75,817.7,817.75,48
KSB,2026-03-25 11:49:00,817.75,818.25,817.75,818.25,21
KSB,2026-03-25 11:50:00,818.65,819.2,818.65,819.2,6
KSB,2026-03-25 11:51:00,819.2,819.2,818.7,818.7,26
KSB,2026-03-25 11:52:00,818.7,819.15,818.45,819.15,127
KSB,2026-03-25 11:53:00,819.15,819.15,818.7,818.7,333
KSB,2026-03-25 11:54:00,818.7,819.05,818.2,818.5,69
KSB,2026-03-25 11:55:00,818.5,818.5,815.7,815.7,1375
KSB,2026-03-25 11:56:00,815.7,815.7,815.0,815.0,257
KSB,2026-03-25 11:57:00,814.65,815.0,813.35,813.35,405
KSB,2026-03-25 11:58:00,813.35,815.0,813.35,814.0,565
KSB,2026-03-25 11:59:00,814.0,815.15,813.25,814.55,21667
KSB,2026-03-25 12:00:00,814.2,814.2,814.2,814.2,116
KSB,2026-03-25 12:01:00,814.2,814.2,811.9,812.0,391
KSB,2026-03-25 12:02:00,811.85,812.1,811.8,812.1,125
KSB,2026-03-25 12:03:00,812.1,812.45,811.85,812.25,119
KSB,2026-03-25 12:04:00,811.1,811.1,809.6,809.65,3441
KSB,2026-03-25 12:05:00,809.65,809.9,809.55,809.9,19
KSB,2026-03-25 12:06:00,810.0,811.3,809.5,810.0,5995
KSB,2026-03-25 12:07:00,810.0,810.35,808.85,808.85,6076
KSB,2026-03-25 12:08:00,808.85,809.1,808.0,808.6,239
KSB,2026-03-25 12:09:00,808.6,809.6,808.5,808.9,116
KSB,2026-03-25 12:10:00,808.9,809.3,808.9,809.0,702
KSB,2026-03-25 12:11:00,809.0,809.6,808.8,808.8,554
KSB,2026-03-25 12:12:00,808.8,809.8,808.8,809.15,271
KSB,2026-03-25 12:13:00,809.15,809.75,809.15,809.75,252
KSB,2026-03-25 12:14:00,809.75,810.0,809.5,809.5,323
KSB,2026-03-25 12:15:00,809.5,809.95,809.5,809.95,4
KSB,2026-03-25 12:16:00,809.95,811.9,809.95,810.05,13142
KSB,2026-03-25 12:17:00,810.0,811.25,809.2,809.2,35965
KSB,2026-03-25 12:18:00,808.55,809.35,808.45,809.35,290
KSB,2026-03-25 12:19:00,808.7,809.6,808.7,809.2,201
KSB,2026-03-25 12:20:00,809.2,810.25,809.2,809.2,405
KSB,2026-03-25 12:21:00,809.2,809.2,809.2,809.2,0
KSB,2026-03-25 12:22:00,809.2,809.2,809.05,809.05,25
KSB,2026-03-25 12:23:00,809.05,809.8,809.0,809.8,134
KSB,2026-03-25 12:24:00,809.8,809.8,808.5,808.5,298
KSB,2026-03-25 12:25:00,808.5,809.2,808.5,809.2,100
KSB,2026-03-25 12:26:00,809.2,809.2,809.15,809.2,46
KSB,2026-03-25 12:27:00,809.2,809.2,809.2,809.2,219
KSB,2026-03-25 12:28:00,809.6,809.85,809.25,809.85,129
KSB,2026-03-25 12:29:00,809.95,809.95,809.65,809.95,29
KSB,2026-03-25 12:30:00,809.95,809.95,808.7,808.7,182
KSB,2026-03-25 12:31:00,808.7,809.5,808.7,808.7,2
KSB,2026-03-25 12:32:00,808.7,809.95,808.5,809.95,321
KSB,2026-03-25 12:33:00,809.95,810.0,809.95,810.0,59
KSB,2026-03-25 12:34:00,810.0,810.0,810.0,810.0,0
KSB,2026-03-25 12:35:00,810.0,810.0,809.3,809.5,15
KSB,2026-03-25 12:36:00,809.5,809.5,808.95,808.95,5
KSB,2026-03-25 12:37:00,808.95,809.45,808.75,808.75,31
KSB,2026-03-25 12:38:00,808.75,809.35,808.75,809.35,125
KSB,2026-03-25 12:39:00,809.35,814.0,809.35,809.95,9668
KSB,2026-03-25 12:40:00,809.95,810.35,809.6,810.0,14613
KSB,2026-03-25 12:41:00,810.0,810.45,810.0,810.0,316
KSB,2026-03-25 12:42:00,810.0,810.0,809.8,810.0,12
KSB,2026-03-25 12:43:00,810.0,810.0,810.0,810.0,609
KSB,2026-03-25 12:44:00,810.0,810.0,810.0,810.0,3704
KSB,2026-03-25 12:45:00,810.0,811.55,810.0,810.0,13055
KSB,2026-03-25 12:46:00,810.0,815.05,809.7,814.7,10326
KSB,2026-03-25 12:47:00,814.7,816.05,814.7,816.0,1630
KSB,2026-03-25 12:48:00,816.0,816.35,815.0,815.0,1003
KSB,2026-03-25 12:49:00,815.0,815.0,814.6,814.6,10
KSB,2026-03-25 12:50:00,814.6,815.6,814.25,815.6,499
KSB,2026-03-25 12:51:00,815.6,815.6,815.35,815.35,10
KSB,2026-03-25 12:52:00,815.35,815.35,814.35,814.35,0
KSB,2026-03-25 12:53:00,814.9,815.15,814.9,815.15,1220
KSB,2026-03-25 12:54:00,815.15,815.15,814.0,814.0,236
KSB,2026-03-25 12:55:00,814.75,814.75,814.75,814.75,9
KSB,2026-03-25 12:56:00,814.75,815.0,814.75,815.0,57
KSB,2026-03-25 12:57:00,815.0,815.5,815.0,815.4,134
KSB,2026-03-25 12:58:00,815.4,815.4,813.05,815.0,1180
KSB,2026-03-25 12:59:00,815.0,815.5,814.15,815.0,686
KSB,2026-03-25 13:00:00,815.0,815.0,815.0,815.0,0
KSB,2026-03-25 13:01:00,815.0,815.0,814.5,814.5,10
KSB,2026-03-25 13:02:00,815.6,815.6,815.6,815.6,645
KSB,2026-03-25 13:03:00,815.6,816.0,815.6,815.6,368
KSB,2026-03-25 13:04:00,815.6,816.4,815.6,816.4,44
KSB,2026-03-25 13:05:00,816.4,816.4,816.4,816.4,25
KSB,2026-03-25 13:06:00,816.4,818.0,816.3,818.0,366
KSB,2026-03-25 13:07:00,818.0,818.25,816.55,816.55,1109
KSB,2026-03-25 13:08:00,816.55,817.7,816.35,817.05,270
KSB,2026-03-25 13:09:00,817.05,817.05,817.05,817.05,5
KSB,2026-03-25 13:10:00,817.05,817.9,817.05,817.9,19
KSB,2026-03-25 13:11:00,817.9,817.9,817.9,817.9,0
KSB,2026-03-25 13:12:00,817.9,817.9,817.0,817.0,205
KSB,2026-03-25 13:13:00,817.0,817.3,817.0,817.3,15
KSB,2026-03-25 13:14:00,817.3,818.05,817.3,818.05,36
KSB,2026-03-25 13:15:00,818.05,818.05,816.75,816.9,122
KSB,2026-03-25 13:16:00,816.9,817.6,816.45,817.6,131
KSB,2026-03-25 13:17:00,817.6,818.0,817.2,817.2,198
KSB,2026-03-25 13:18:00,817.2,817.7,817.2,817.7,261
KSB,2026-03-25 13:19:00,817.7,817.95,816.85,817.7,125
KSB,2026-03-25 13:20:00,817.65,817.65,816.85,817.0,82
KSB,2026-03-25 13:21:00,817.0,818.0,816.9,817.9,642
KSB,2026-03-25 13:22:00,817.9,817.9,816.1,816.9,354
KSB,2026-03-25 13:23:00,817.2,817.3,816.1,816.2,501
KSB,2026-03-25 13:24:00,816.2,817.65,816.2,817.45,5010
KSB,2026-03-25 13:25:00,816.1,816.65,814.9,816.65,11558
KSB,2026-03-25 13:26:00,816.65,818.9,816.65,818.1,3038
KSB,2026-03-25 13:27:00,818.1,818.4,818.1,818.35,93
KSB,2026-03-25 13:28:00,818.1,819.15,818.05,818.4,212
KSB,2026-03-25 13:29:00,818.4,819.0,818.4,819.0,25
KSB,2026-03-25 13:30:00,818.6,819.35,818.6,819.35,534
KSB,2026-03-25 13:31:00,819.35,821.55,819.0,821.55,5772
KSB,2026-03-25 13:32:00,821.55,821.95,821.55,821.55,76
KSB,2026-03-25 13:33:00,821.55,821.9,821.3,821.85,240
KSB,2026-03-25 13:34:00,821.85,821.85,821.6,821.6,228
KSB,2026-03-25 13:35:00,821.6,821.6,821.25,821.25,1
KSB,2026-03-25 13:36:00,821.6,821.6,820.9,820.9,163
KSB,2026-03-25 13:37:00,821.05,821.1,820.5,821.05,413
KSB,2026-03-25 13:38:00,821.05,822.85,821.05,822.35,1582
KSB,2026-03-25 13:39:00,822.35,822.45,821.65,822.1,484
KSB,2026-03-25 13:40:00,822.1,822.1,821.35,821.35,2
KSB,2026-03-25 13:41:00,821.0,821.0,818.5,818.5,4290
KSB,2026-03-25 13:42:00,818.5,818.5,818.5,818.5,0
KSB,2026-03-25 13:43:00,818.5,819.0,818.2,818.2,105
KSB,2026-03-25 13:44:00,818.2,818.2,818.0,818.0,151
KSB,2026-03-25 13:45:00,818.0,819.0,818.0,819.0,30
KSB,2026-03-25 13:46:00,819.0,819.0,818.2,818.2,50
KSB,2026-03-25 13:47:00,818.2,818.4,817.15,817.15,250
KSB,2026-03-25 13:48:00,817.15,817.15,817.15,817.15,0
KSB,2026-03-25 13:49:00,817.15,818.25,817.15,818.25,0
KSB,2026-03-25 13:50:00,818.25,818.25,818.0,818.25,92
KSB,2026-03-25 13:51:00,818.25,819.5,818.25,819.5,250
KSB,2026-03-25 13:52:00,819.5,819.5,819.5,819.5,0
KSB,2026-03-25 13:53:00,819.5,819.5,818.4,818.4,10
KSB,2026-03-25 13:54:00,819.6,819.6,817.2,819.3,1176
KSB,2026-03-25 13:55:00,819.3,819.3,818.3,819.3,78
KSB,2026-03-25 13:56:00,818.25,819.4,818.25,819.4,43
KSB,2026-03-25 13:57:00,819.4,819.4,818.15,818.3,511
KSB,2026-03-25 13:58:00,818.3,819.2,818.3,819.2,71
KSB,2026-03-25 13:59:00,819.2,819.85,818.75,819.8,117
KSB,2026-03-25 14:00:00,819.0,819.75,819.0,819.0,98
KSB,2026-03-25 14:01:00,819.0,819.0,819.0,819.0,0
KSB,2026-03-25 14:02:00,819.0,819.15,818.95,819.15,105
KSB,2026-03-25 14:03:00,819.15,819.7,819.15,819.7,57
KSB,2026-03-25 14:04:00,819.05,819.05,818.45,818.45,35
KSB,2026-03-25 14:05:00,818.45,818.45,818.1,818.3,107
KSB,2026-03-25 14:06:00,818.3,818.5,817.35,817.35,92
KSB,2026-03-25 14:07:00,817.9,817.9,817.9,817.9,2
KSB,2026-03-25 14:08:00,816.75,817.95,816.65,816.65,304
KSB,2026-03-25 14:09:00,816.45,817.55,816.45,816.7,68
KSB,2026-03-25 14:10:00,816.7,816.9,816.7,816.9,31
KSB,2026-03-25 14:11:00,816.9,817.0,816.45,816.45,190
KSB,2026-03-25 14:12:00,816.45,817.75,816.45,817.75,41
KSB,2026-03-25 14:13:00,817.75,817.75,815.8,816.35,24
KSB,2026-03-25 14:14:00,816.35,816.35,815.1,815.1,142
KSB,2026-03-25 14:15:00,815.1,815.35,815.1,815.35,20
KSB,2026-03-25 14:16:00,815.35,815.5,815.35,815.5,8
KSB,2026-03-25 14:17:00,815.5,816.0,815.5,815.85,162
KSB,2026-03-25 14:18:00,815.85,816.0,815.55,815.55,335
KSB,2026-03-25 14:19:00,815.55,816.3,815.55,816.1,1345
KSB,2026-03-25 14:20:00,816.1,816.55,816.1,816.55,204
KSB,2026-03-25 14:21:00,816.55,816.9,816.55,816.9,25
KSB,2026-03-25 14:22:00,816.9,816.9,816.5,816.5,60
KSB,2026-03-25 14:23:00,816.5,816.5,814.95,815.6,738
KSB,2026-03-25 14:24:00,815.6,815.6,814.7,814.7,277
KSB,2026-03-25 14:25:00,814.7,815.05,813.85,814.45,852
KSB,2026-03-25 14:26:00,814.45,815.5,814.45,815.5,200
KSB,2026-03-25 14:27:00,815.5,815.5,814.9,814.9,24
KSB,2026-03-25 14:28:00,814.9,814.95,814.0,814.95,110
KSB,2026-03-25 14:29:00,814.95,816.4,814.3,815.55,288
KSB,2026-03-25 14:30:00,815.55,816.45,815.55,816.45,102
KSB,2026-03-25 14:31:00,816.45,816.45,816.0,816.0,14
KSB,2026-03-25 14:32:00,816.0,816.65,816.0,816.65,117
KSB,2026-03-25 14:33:00,816.65,816.8,816.65,816.8,1
KSB,2026-03-25 14:34:00,816.8,816.8,815.85,816.25,338
KSB,2026-03-25 14:35:00,816.25,816.25,816.25,816.25,0
KSB,2026-03-25 14:36:00,816.25,816.25,814.6,814.6,144
KSB,2026-03-25 14:37:00,814.6,815.8,814.6,815.75,139
KSB,2026-03-25 14:38:00,814.75,814.75,813.75,813.75,17
KSB,2026-03-25 14:39:00,814.55,814.9,813.85,814.9,89
KSB,2026-03-25 14:40:00,814.9,815.35,814.9,815.25,72
KSB,2026-03-25 14:41:00,815.6,815.95,815.5,815.5,258
KSB,2026-03-25 14:42:00,815.5,815.5,814.0,815.15,324
KSB,2026-03-25 14:43:00,815.15,816.15,815.15,815.55,127
KSB,2026-03-25 14:44:00,815.55,815.55,815.55,815.55,9
KSB,2026-03-25 14:45:00,815.55,816.15,815.5,816.15,98
KSB,2026-03-25 14:46:00,816.15,816.7,816.05,816.05,32
KSB,2026-03-25 14:47:00,816.05,816.85,814.9,814.9,1865
KSB,2026-03-25 14:48:00,814.9,814.9,813.75,814.35,696
KSB,2026-03-25 14:49:00,814.35,814.5,813.75,814.45,74
KSB,2026-03-25 14:50:00,814.45,814.45,813.75,814.0,44
KSB,2026-03-25 14:51:00,813.75,813.85,813.05,813.05,231
KSB,2026-03-25 14:52:00,813.3,813.8,812.6,812.6,337
KSB,2026-03-25 14:53:00,814.05,814.4,814.05,814.4,706
KSB,2026-03-25 14:54:00,814.4,814.4,810.0,811.4,10908
KSB,2026-03-25 14:55:00,811.2,813.25,811.2,813.25,236
KSB,2026-03-25 14:56:00,812.25,812.9,812.25,812.9,51
KSB,2026-03-25 14:57:00,812.9,812.95,812.9,812.95,220
KSB,2026-03-25 14:58:00,812.95,812.95,812.2,812.2,367
KSB,2026-03-25 14:59:00,812.2,812.65,812.2,812.5,36
KSB,2026-03-25 15:00:00,811.9,812.5,811.3,811.55,1087
KSB,2026-03-25 15:01:00,812.0,812.0,810.8,811.2,689
KSB,2026-03-25 15:02:00,811.2,811.45,811.2,811.45,1180
KSB,2026-03-25 15:03:00,811.75,811.75,810.75,811.25,257
KSB,2026-03-25 15:04:00,811.15,812.1,811.15,812.1,129
KSB,2026-03-25 15:05:00,812.1,812.2,811.1,812.2,726
KSB,2026-03-25 15:06:00,812.2,812.2,811.3,812.1,64
KSB,2026-03-25 15:07:00,812.1,812.75,812.1,812.7,392
KSB,2026-03-25 15:08:00,812.65,812.7,812.15,812.6,29
KSB,2026-03-25 15:09:00,812.6,812.65,811.8,811.95,562
KSB,2026-03-25 15:10:00,811.7,812.4,811.35,811.35,106
KSB,2026-03-25 15:11:00,810.65,811.3,810.15,811.3,222
KSB,2026-03-25 15:12:00,811.4,811.4,809.95,810.8,4184
KSB,2026-03-25 15:13:00,810.05,811.4,810.05,811.2,1000
KSB,2026-03-25 15:14:00,811.2,811.2,811.15,811.15,14
KSB,2026-03-25 15:15:00,810.95,810.95,808.85,810.45,1417
KSB,2026-03-25 15:16:00,810.5,810.55,809.1,810.55,1822
KSB,2026-03-25 15:17:00,810.55,811.5,810.25,811.5,248
KSB,2026-03-25 15:18:00,811.55,812.75,811.5,812.75,1083
KSB,2026-03-25 15:19:00,811.25,812.4,811.25,812.0,264
KSB,2026-03-25 15:20:00,811.25,811.45,811.1,811.45,652
KSB,2026-03-25 15:21:00,811.85,812.0,811.5,811.65,116
KSB,2026-03-25 15:22:00,812.0,812.15,812.0,812.15,845
KSB,2026-03-25 15:23:00,812.15,812.15,811.65,811.9,85
KSB,2026-03-25 15:24:00,812.7,814.3,812.0,814.0,3844
KSB,2026-03-25 15:25:00,814.2,815.5,813.1,814.0,1949
KSB,2026-03-25 15:26:00,814.3,815.85,812.9,814.5,1191
KSB,2026-03-25 15:27:00,814.2,814.2,812.6,812.9,1888
KSB,2026-03-25 15:28:00,812.9,814.0,812.8,813.95,481
KSB,2026-03-25 15:29:00,813.05,820.0,813.05,820.0,2524
KSB,2026-03-27 09:15:00,815.0,823.7,812.65,816.9,5933
KSB,2026-03-27 09:16:00,814.95,814.95,804.85,804.85,6771
KSB,2026-03-27 09:17:00,802.95,807.25,802.1,805.9,2569
KSB,2026-03-27 09:18:00,803.0,803.6,798.3,799.2,3662
KSB,2026-03-27 09:19:00,798.35,803.5,797.55,803.15,3088
KSB,2026-03-27 09:20:00,803.5,805.2,802.95,805.2,1570
KSB,2026-03-27 09:21:00,804.9,810.0,804.4,808.45,1300
KSB,2026-03-27 09:22:00,808.45,810.75,808.2,808.2,1590
KSB,2026-03-27 09:23:00,808.0,808.0,805.85,805.85,1910
KSB,2026-03-27 09:24:00,806.4,807.2,806.0,806.0,556
KSB,2026-03-27 09:25:00,805.85,806.4,805.2,805.4,348
KSB,2026-03-27 09:26:00,806.85,808.65,805.5,808.65,690
KSB,2026-03-27 09:27:00,808.65,810.35,808.65,809.85,1457
KSB,2026-03-27 09:28:00,809.85,810.05,808.15,808.4,828
KSB,2026-03-27 09:29:00,807.4,808.8,807.4,807.45,275
KSB,2026-03-27 09:30:00,807.7,812.55,807.7,810.7,1382
KSB,2026-03-27 09:31:00,810.7,810.7,810.0,810.0,26
KSB,2026-03-27 09:32:00,810.0,811.8,808.8,810.7,577
KSB,2026-03-27 09:33:00,810.7,810.7,808.75,808.95,451
KSB,2026-03-27 09:34:00,808.0,809.5,807.0,807.0,556
KSB,2026-03-27 09:35:00,806.15,806.2,804.9,804.9,2009
KSB,2026-03-27 09:36:00,804.9,805.55,802.85,802.85,1247
KSB,2026-03-27 09:37:00,802.7,805.25,802.7,805.25,1335
KSB,2026-03-27 09:38:00,805.75,805.75,803.85,804.5,112
KSB,2026-03-27 09:39:00,804.35,805.2,803.85,805.2,63
KSB,2026-03-27 09:40:00,804.6,805.9,803.05,803.05,392
KSB,2026-03-27 09:41:00,803.7,804.55,803.7,803.7,68
KSB,2026-03-27 09:42:00,803.7,803.7,802.0,802.0,137
KSB,2026-03-27 09:43:00,802.0,803.9,802.0,803.9,105
KSB,2026-03-27 09:44:00,803.9,803.9,802.0,802.0,583
KSB,2026-03-27 09:45:00,802.2,806.85,802.2,806.85,608
KSB,2026-03-27 09:46:00,806.85,808.6,805.7,806.55,1482
KSB,2026-03-27 09:47:00,807.4,807.7,806.25,806.5,401
KSB,2026-03-27 09:48:00,806.5,806.95,806.35,806.9,114
KSB,2026-03-27 09:49:00,806.9,807.6,806.4,807.4,474
KSB,2026-03-27 09:50:00,807.4,807.5,806.8,807.5,145
KSB,2026-03-27 09:51:00,807.5,807.95,807.5,807.95,78
KSB,2026-03-27 09:52:00,807.95,807.95,807.4,807.4,60
KSB,2026-03-27 09:53:00,807.4,807.4,806.05,806.05,144
KSB,2026-03-27 09:54:00,806.05,806.55,806.0,806.55,58
KSB,2026-03-27 09:55:00,806.55,806.55,806.0,806.0,79
KSB,2026-03-27 09:56:00,806.65,806.65,803.95,803.95,649
KSB,2026-03-27 09:57:00,803.95,808.5,802.9,808.4,1366
KSB,2026-03-27 09:58:00,808.55,809.8,808.25,808.65,417
KSB,2026-03-27 09:59:00,807.65,811.0,807.65,810.9,894
KSB,2026-03-27 10:00:00,810.8,811.5,810.8,811.5,535
KSB,2026-03-27 10:01:00,812.0,812.9,810.9,812.9,495
KSB,2026-03-27 10:02:00,813.25,814.0,811.25,814.0,1851
KSB,2026-03-27 10:03:00,814.15,815.35,813.85,814.8,1842
KSB,2026-03-27 10:04:00,814.15,814.5,813.45,814.5,837
KSB,2026-03-27 10:05:00,814.5,814.5,811.25,811.25,520
KSB,2026-03-27 10:06:00,811.25,812.7,811.0,811.6,939
KSB,2026-03-27 10:07:00,811.6,812.3,811.15,812.0,641
KSB,2026-03-27 10:08:00,812.0,812.0,808.0,810.55,1913
KSB,2026-03-27 10:09:00,810.85,812.0,810.45,811.4,403
KSB,2026-03-27 10:10:00,811.35,812.0,811.1,811.95,240
KSB,2026-03-27 10:11:00,811.95,811.95,810.75,811.1,445
KSB,2026-03-27 10:12:00,811.25,811.5,809.9,810.75,361
KSB,2026-03-27 10:13:00,810.75,811.5,810.75,810.75,190
KSB,2026-03-27 10:14:00,811.55,811.55,804.95,804.95,802
KSB,2026-03-27 10:15:00,804.95,805.2,802.5,803.2,1230
KSB,2026-03-27 10:16:00,803.15,803.85,801.3,801.3,836
KSB,2026-03-27 10:17:00,802.0,802.0,801.0,802.0,1139
KSB,2026-03-27 10:18:00,802.0,802.0,800.15,800.15,413
KSB,2026-03-27 10:19:00,801.2,802.45,801.15,802.45,577
KSB,2026-03-27 10:20:00,803.75,804.15,803.45,804.15,402
KSB,2026-03-27 10:21:00,803.95,804.1,803.0,803.15,345
KSB,2026-03-27 10:22:00,803.0,803.85,803.0,803.85,76
KSB,2026-03-27 10:23:00,803.85,803.85,803.2,803.5,11
KSB,2026-03-27 10:24:00,803.5,803.85,803.5,803.85,37
KSB,2026-03-27 10:25:00,803.85,805.45,803.85,805.25,202
KSB,2026-03-27 10:26:00,805.25,806.0,804.35,804.35,190
KSB,2026-03-27 10:27:00,804.35,805.25,804.0,804.85,212
KSB,2026-03-27 10:28:00,804.85,804.95,804.1,804.95,208
KSB,2026-03-27 10:29:00,804.95,804.95,804.2,804.95,141
KSB,2026-03-27 10:30:00,804.95,805.65,804.55,804.9,515
KSB,2026-03-27 10:31:00,804.9,805.9,804.9,805.9,31
KSB,2026-03-27 10:32:00,805.9,807.45,805.05,805.05,255
KSB,2026-03-27 10:33:00,805.05,805.15,803.7,803.7,240
KSB,2026-03-27 10:34:00,803.7,803.7,801.35,801.35,1040
KSB,2026-03-27 10:35:00,801.35,801.35,800.95,801.3,579
KSB,2026-03-27 10:36:00,801.3,801.35,801.0,801.35,1277
KSB,2026-03-27 10:37:00,800.5,800.5,800.0,800.0,229
KSB,2026-03-27 10:38:00,800.0,802.95,800.0,802.95,391
KSB,2026-03-27 10:39:00,802.95,803.25,802.5,803.25,124
KSB,2026-03-27 10:40:00,803.25,803.25,802.0,802.0,311
KSB,2026-03-27 10:41:00,802.0,802.05,802.0,802.0,37
KSB,2026-03-27 10:42:00,802.0,802.0,801.95,802.0,82
KSB,2026-03-27 10:43:00,802.0,802.7,802.0,802.05,67
KSB,2026-03-27 10:44:00,802.05,802.45,802.0,802.0,599
KSB,2026-03-27 10:45:00,802.0,802.0,800.9,801.2,73
KSB,2026-03-27 10:46:00,801.2,801.85,800.2,800.2,942
KSB,2026-03-27 10:47:00,800.2,800.25,799.05,799.9,1015
KSB,2026-03-27 10:48:00,799.9,800.95,799.9,800.95,393
KSB,2026-03-27 10:49:00,800.95,801.2,800.55,800.55,36
KSB,2026-03-27 10:50:00,800.55,801.3,800.5,800.5,35
KSB,2026-03-27 10:51:00,800.5,801.3,800.5,801.3,55
KSB,2026-03-27 10:52:00,801.3,801.3,801.05,801.05,6
KSB,2026-03-27 10:53:00,801.05,801.05,801.05,801.05,166
KSB,2026-03-27 10:54:00,801.05,801.45,800.4,801.45,1733
KSB,2026-03-27 10:55:00,801.45,801.45,801.15,801.35,124
KSB,2026-03-27 10:56:00,802.0,802.85,802.0,802.35,48
KSB,2026-03-27 10:57:00,803.6,805.75,803.0,803.3,1276
KSB,2026-03-27 10:58:00,803.3,804.1,803.3,804.0,536
KSB,2026-03-27 10:59:00,804.0,804.05,803.8,803.8,149
KSB,2026-03-27 11:00:00,803.8,805.2,803.8,805.2,37
KSB,2026-03-27 11:01:00,805.2,805.2,804.4,804.85,62
KSB,2026-03-27 11:02:00,804.85,805.3,804.85,805.3,32
KSB,2026-03-27 11:03:00,804.45,804.45,803.2,803.3,381
KSB,2026-03-27 11:04:00,803.15,803.15,803.0,803.0,546
KSB,2026-03-27 11:05:00,803.0,803.0,803.0,803.0,0
KSB,2026-03-27 11:06:00,803.0,803.0,802.85,802.85,80
KSB,2026-03-27 11:07:00,802.85,802.85,802.1,802.1,1
KSB,2026-03-27 11:08:00,802.1,802.15,802.1,802.15,18
KSB,2026-03-27 11:09:00,802.15,804.85,802.15,804.75,227
KSB,2026-03-27 11:10:00,804.75,805.3,804.75,805.3,10
KSB,2026-03-27 11:11:00,805.45,805.45,804.3,804.3,1102
KSB,2026-03-27 11:12:00,804.3,804.3,803.6,803.7,888
KSB,2026-03-27 11:13:00,803.15,803.6,803.05,803.6,10
KSB,2026-03-27 11:14:00,803.6,803.6,803.0,803.0,21
KSB,2026-03-27 11:15:00,803.0,803.0,802.7,802.75,34
KSB,2026-03-27 11:16:00,802.75,802.75,802.3,802.3,18
KSB,2026-03-27 11:17:00,802.3,802.3,802.3,802.3,85
KSB,2026-03-27 11:18:00,802.3,803.2,802.3,802.5,26
KSB,2026-03-27 11:19:00,802.25,802.6,802.0,802.6,260
KSB,2026-03-27 11:20:00,802.6,803.55,802.6,803.55,1
KSB,2026-03-27 11:21:00,803.55,803.55,802.75,802.75,15
KSB,2026-03-27 11:22:00,802.75,802.75,802.75,802.75,0
KSB,2026-03-27 11:23:00,802.75,802.75,802.2,802.2,14
KSB,2026-03-27 11:24:00,802.2,802.2,802.2,802.2,1
KSB,2026-03-27 11:25:00,802.0,802.2,801.7,801.7,44
KSB,2026-03-27 11:26:00,801.7,801.7,801.4,801.4,34
KSB,2026-03-27 11:27:00,801.4,802.95,801.4,802.95,69
KSB,2026-03-27 11:28:00,802.5,802.5,801.4,801.55,299
KSB,2026-03-27 11:29:00,801.55,802.35,801.55,802.35,39
KSB,2026-03-27 11:30:00,802.75,803.45,802.75,802.9,48
KSB,2026-03-27 11:31:00,802.9,803.55,802.9,803.55,4
KSB,2026-03-27 11:32:00,803.55,803.55,802.9,802.9,37
KSB,2026-03-27 11:33:00,802.9,803.95,802.8,803.95,201
KSB,2026-03-27 11:34:00,806.25,806.25,804.95,805.3,881
KSB,2026-03-27 11:35:00,804.8,805.4,804.8,805.25,15
KSB,2026-03-27 11:36:00,805.25,805.4,805.25,805.25,147
KSB,2026-03-27 11:37:00,805.25,805.55,804.8,804.8,17
KSB,2026-03-27 11:38:00,803.2,804.65,803.2,803.85,5391
KSB,2026-03-27 11:39:00,803.85,803.85,803.2,803.2,4
KSB,2026-03-27 11:40:00,803.05,803.25,802.55,803.25,9
KSB,2026-03-27 11:41:00,803.25,803.25,802.0,802.15,13
KSB,2026-03-27 11:42:00,802.15,802.6,802.0,802.0,105
KSB,2026-03-27 11:43:00,801.75,801.85,801.75,801.85,26
KSB,2026-03-27 11:44:00,801.3,801.85,801.3,801.85,16
KSB,2026-03-27 11:45:00,801.85,802.8,801.85,802.8,1
KSB,2026-03-27 11:46:00,802.8,802.8,802.1,802.1,13
KSB,2026-03-27 11:47:00,802.1,802.6,802.1,802.6,32
KSB,2026-03-27 11:48:00,802.3,802.3,802.3,802.3,15
KSB,2026-03-27 11:49:00,802.3,804.35,802.3,804.3,469
KSB,2026-03-27 11:50:00,804.25,804.6,804.25,804.25,367
KSB,2026-03-27 11:51:00,804.25,804.25,803.4,803.4,92
KSB,2026-03-27 11:52:00,803.4,804.35,803.4,803.9,519
KSB,2026-03-27 11:53:00,803.9,804.6,803.85,804.6,76
KSB,2026-03-27 11:54:00,804.6,805.95,804.6,805.0,183
KSB,2026-03-27 11:55:00,805.0,805.0,804.3,804.3,38
KSB,2026-03-27 11:56:00,804.3,804.3,804.3,804.3,0
KSB,2026-03-27 11:57:00,804.3,804.3,803.0,803.0,13
KSB,2026-03-27 11:58:00,803.15,803.25,803.15,803.25,59
KSB,2026-03-27 11:59:00,803.25,803.25,802.7,802.7,15
KSB,2026-03-27 12:00:00,802.7,802.7,802.7,802.7,13
KSB,2026-03-27 12:01:00,802.7,802.9,802.7,802.9,169
KSB,2026-03-27 12:02:00,802.9,802.9,802.15,802.15,1
KSB,2026-03-27 12:03:00,801.5,801.5,801.45,801.45,24
KSB,2026-03-27 12:04:00,801.45,802.3,801.45,802.3,101
KSB,2026-03-27 12:05:00,802.3,802.3,801.45,801.45,26
KSB,2026-03-27 12:06:00,801.55,802.05,801.35,801.35,4
KSB,2026-03-27 12:07:00,801.35,801.85,801.35,801.5,390
KSB,2026-03-27 12:08:00,801.5,801.85,801.5,801.5,23
KSB,2026-03-27 12:09:00,801.5,801.5,801.5,801.5,0
KSB,2026-03-27 12:10:00,801.35,801.95,801.35,801.95,97
KSB,2026-03-27 12:11:00,801.95,802.35,801.5,802.35,49
KSB,2026-03-27 12:12:00,802.35,802.35,801.85,801.9,150
KSB,2026-03-27 12:13:00,801.9,801.9,801.9,801.9,32
KSB,2026-03-27 12:14:00,801.9,802.1,801.25,802.1,41
KSB,2026-03-27 12:15:00,802.1,802.1,802.0,802.0,10
KSB,2026-03-27 12:16:00,801.25,801.8,801.05,801.1,111
KSB,2026-03-27 12:17:00,801.8,803.5,801.0,802.15,704
KSB,2026-03-27 12:18:00,803.0,803.0,801.65,801.65,104
KSB,2026-03-27 12:19:00,801.65,802.85,801.65,801.85,31
KSB,2026-03-27 12:20:00,801.9,801.9,801.3,801.3,318
KSB,2026-03-27 12:21:00,801.3,802.35,801.3,802.35,30
KSB,2026-03-27 12:22:00,802.35,802.35,801.85,801.85,20
KSB,2026-03-27 12:23:00,802.7,802.7,801.75,801.75,525
KSB,2026-03-27 12:24:00,801.75,801.75,801.75,801.75,0
KSB,2026-03-27 12:25:00,802.75,802.75,802.75,802.75,17
KSB,2026-03-27 12:26:00,802.75,803.45,802.7,803.45,35
KSB,2026-03-27 12:27:00,802.85,804.2,802.85,803.8,82
KSB,2026-03-27 12:28:00,803.8,803.8,803.8,803.8,63
KSB,2026-03-27 12:29:00,803.35,803.35,803.35,803.35,68
KSB,2026-03-27 12:30:00,803.35,803.35,802.8,802.8,28
KSB,2026-03-27 12:31:00,802.6,802.6,802.6,802.6,4
KSB,2026-03-27 12:32:00,802.6,802.6,802.6,802.6,20
KSB,2026-03-27 12:33:00,802.6,802.6,801.95,802.05,78
KSB,2026-03-27 12:34:00,802.05,802.9,802.05,802.9,333
KSB,2026-03-27 12:35:00,802.9,803.35,802.75,802.75,20
KSB,2026-03-27 12:36:00,802.75,803.25,802.75,803.25,4
KSB,2026-03-27 12:37:00,803.25,805.1,803.25,805.1,1046
KSB,2026-03-27 12:38:00,805.1,805.1,803.75,803.75,86
KSB,2026-03-27 12:39:00,803.75,803.75,803.75,803.75,0
KSB,2026-03-27 12:40:00,803.75,806.2,803.75,806.2,2630
KSB,2026-03-27 12:41:00,806.2,806.2,806.2,806.2,20
KSB,2026-03-27 12:42:00,806.2,806.2,804.75,804.75,75
KSB,2026-03-27 12:43:00,804.3,806.0,804.3,806.0,65
KSB,2026-03-27 12:44:00,805.05,805.05,805.05,805.05,210
KSB,2026-03-27 12:45:00,805.05,805.5,804.8,805.15,18
KSB,2026-03-27 12:46:00,805.15,805.15,805.15,805.15,0
KSB,2026-03-27 12:47:00,804.25,804.7,804.25,804.35,43
KSB,2026-03-27 12:48:00,805.7,806.0,805.35,806.0,196
KSB,2026-03-27 12:49:00,806.0,806.0,804.9,804.9,240
KSB,2026-03-27 12:50:00,804.9,804.9,804.15,804.5,24
KSB,2026-03-27 12:51:00,804.5,805.35,804.5,805.35,100
KSB,2026-03-27 12:52:00,805.35,805.35,804.1,805.0,456
KSB,2026-03-27 12:53:00,805.0,805.0,805.0,805.0,150
KSB,2026-03-27 12:54:00,805.0,805.0,803.75,803.75,14
KSB,2026-03-27 12:55:00,803.75,803.85,803.75,803.85,202
KSB,2026-03-27 12:56:00,803.85,806.6,803.65,806.6,701
KSB,2026-03-27 12:57:00,807.5,811.0,806.75,811.0,839
KSB,2026-03-27 12:58:00,812.1,812.1,811.0,811.4,2802
KSB,2026-03-27 12:59:00,812.05,814.05,811.85,811.85,1110
KSB,2026-03-27 13:00:00,811.85,813.1,811.85,812.85,351
KSB,2026-03-27 13:01:00,812.85,814.0,812.85,814.0,1059
KSB,2026-03-27 13:02:00,814.0,814.65,813.05,813.7,311
KSB,2026-03-27 13:03:00,812.6,813.85,812.55,812.55,242
KSB,2026-03-27 13:04:00,812.55,813.95,812.55,813.95,739
KSB,2026-03-27 13:05:00,813.95,814.6,813.3,814.6,531
KSB,2026-03-27 13:06:00,814.6,814.6,814.6,814.6,204
KSB,2026-03-27 13:07:00,813.4,813.85,812.65,813.0,614
KSB,2026-03-27 13:08:00,813.0,813.45,812.35,813.0,582
KSB,2026-03-27 13:09:00,813.0,813.0,812.4,812.4,294
KSB,2026-03-27 13:10:00,812.4,812.4,809.9,810.0,1458
KSB,2026-03-27 13:11:00,810.0,811.15,810.0,811.15,610
KSB,2026-03-27 13:12:00,811.15,811.4,811.15,811.4,224
KSB,2026-03-27 13:13:00,811.4,811.4,810.6,810.6,508
KSB,2026-03-27 13:14:00,810.6,811.75,810.6,811.75,211
KSB,2026-03-27 13:15:00,810.95,812.15,810.95,812.15,212
KSB,2026-03-27 13:16:00,812.15,812.65,812.15,812.65,202
KSB,2026-03-27 13:17:00,812.65,813.35,811.4,812.7,482
KSB,2026-03-27 13:18:00,811.55,813.25,811.55,813.25,241
KSB,2026-03-27 13:19:00,813.25,813.5,812.35,813.5,216
KSB,2026-03-27 13:20:00,813.5,813.85,812.75,812.75,699
KSB,2026-03-27 13:21:00,812.75,812.75,811.35,812.55,262
KSB,2026-03-27 13:22:00,812.55,812.6,811.85,811.85,202
KSB,2026-03-27 13:23:00,812.2,813.05,811.8,811.8,808
KSB,2026-03-27 13:24:00,812.35,813.15,812.35,813.15,483
KSB,2026-03-27 13:25:00,813.15,813.15,812.2,812.2,271
KSB,2026-03-27 13:26:00,812.2,813.3,811.95,813.3,457
KSB,2026-03-27 13:27:00,812.25,813.05,812.2,812.8,904
KSB,2026-03-27 13:28:00,812.8,813.2,811.8,811.8,302
KSB,2026-03-27 13:29:00,812.85,813.45,812.0,813.45,664
KSB,2026-03-27 13:30:00,813.45,813.45,812.2,813.2,257
KSB,2026-03-27 13:31:00,812.55,813.85,812.55,813.0,289
KSB,2026-03-27 13:32:00,813.0,814.0,812.8,812.8,698
KSB,2026-03-27 13:33:00,812.8,813.15,812.0,812.0,413
KSB,2026-03-27 13:34:00,812.0,812.55,811.65,811.9,6733
KSB,2026-03-27 13:35:00,811.9,813.25,811.9,813.25,713
KSB,2026-03-27 13:36:00,813.25,814.0,813.2,813.2,364
KSB,2026-03-27 13:37:00,813.2,813.3,813.2,813.3,202
KSB,2026-03-27 13:38:00,813.3,814.05,813.25,814.05,414
KSB,2026-03-27 13:39:00,814.05,814.35,812.9,813.0,588
KSB,2026-03-27 13:40:00,813.0,813.3,813.0,813.3,0
KSB,2026-03-27 13:41:00,813.3,813.4,812.6,813.4,681
KSB,2026-03-27 13:42:00,813.4,814.7,813.4,814.7,402
KSB,2026-03-27 13:43:00,813.65,814.7,813.0,813.0,399
KSB,2026-03-27 13:44:00,813.0,814.45,813.0,814.45,439
KSB,2026-03-27 13:45:00,814.4,816.0,813.6,816.0,2148
KSB,2026-03-27 13:46:00,816.0,816.0,815.45,815.45,239
KSB,2026-03-27 13:47:00,815.45,816.35,814.5,816.25,2423
KSB,2026-03-27 13:48:00,816.6,816.7,815.7,816.6,953
KSB,2026-03-27 13:49:00,816.6,817.0,815.85,815.85,365
KSB,2026-03-27 13:50:00,815.85,817.0,815.55,816.3,635
KSB,2026-03-27 13:51:00,816.3,818.0,816.3,818.0,231
KSB,2026-03-27 13:52:00,818.0,818.0,815.45,815.55,1596
KSB,2026-03-27 13:53:00,815.55,816.65,815.55,815.8,326
KSB,2026-03-27 13:54:00,816.85,817.35,816.05,816.05,601
KSB,2026-03-27 13:55:00,816.6,817.45,816.25,817.45,334
KSB,2026-03-27 13:56:00,817.35,817.5,816.7,817.5,428
KSB,2026-03-27 13:57:00,817.5,817.5,817.0,817.5,484
KSB,2026-03-27 13:58:00,817.5,818.0,817.25,817.25,1398
KSB,2026-03-27 13:59:00,817.5,817.5,817.45,817.45,25
KSB,2026-03-27 14:00:00,818.3,818.3,816.05,816.4,896
KSB,2026-03-27 14:01:00,816.4,818.15,816.4,817.3,1213
KSB,2026-03-27 14:02:00,816.6,817.5,816.6,817.5,505
KSB,2026-03-27 14:03:00,817.5,817.5,816.85,816.85,265
KSB,2026-03-27 14:04:00,816.85,816.85,815.55,815.75,434
KSB,2026-03-27 14:05:00,815.75,816.25,815.25,816.25,770
KSB,2026-03-27 14:06:00,817.25,817.25,815.45,815.45,426
KSB,2026-03-27 14:07:00,815.45,817.1,815.45,816.2,1338
KSB,2026-03-27 14:08:00,816.2,816.65,815.95,815.95,186
KSB,2026-03-27 14:09:00,815.95,816.8,815.6,815.6,662
KSB,2026-03-27 14:10:00,815.6,816.45,813.7,813.7,1442
KSB,2026-03-27 14:11:00,813.65,815.5,813.65,814.9,335
KSB,2026-03-27 14:12:00,817.25,817.25,815.3,815.3,940
KSB,2026-03-27 14:13:00,815.3,817.0,815.3,817.0,556
KSB,2026-03-27 14:14:00,817.0,817.0,816.95,817.0,280
KSB,2026-03-27 14:15:00,817.0,817.0,816.15,816.15,619
KSB,2026-03-27 14:16:00,816.15,816.75,816.0,816.1,314
KSB,2026-03-27 14:17:00,816.1,816.9,816.05,816.8,358
KSB,2026-03-27 14:18:00,815.3,816.05,815.3,815.75,718
KSB,2026-03-27 14:19:00,815.75,816.6,815.5,815.5,989
KSB,2026-03-27 14:20:00,815.0,816.9,815.0,815.8,2040
KSB,2026-03-27 14:21:00,816.85,816.9,815.85,815.95,579
KSB,2026-03-27 14:22:00,815.95,816.9,815.5,815.5,1252
KSB,2026-03-27 14:23:00,815.5,817.2,815.25,817.1,3048
KSB,2026-03-27 14:24:00,817.1,817.3,815.7,817.3,324
KSB,2026-03-27 14:25:00,817.3,817.3,816.5,816.55,333
KSB,2026-03-27 14:26:00,816.55,817.3,816.45,816.45,209
KSB,2026-03-27 14:27:00,817.4,817.95,815.9,817.95,931
KSB,2026-03-27 14:28:00,817.85,818.75,817.6,817.7,521
KSB,2026-03-27 14:29:00,817.15,817.6,816.85,816.85,389
KSB,2026-03-27 14:30:00,816.85,817.45,816.65,816.65,554
KSB,2026-03-27 14:31:00,816.65,817.45,816.45,816.7,563
KSB,2026-03-27 14:32:00,816.2,816.85,815.4,816.85,250
KSB,2026-03-27 14:33:00,816.85,816.95,815.5,815.5,731
KSB,2026-03-27 14:34:00,815.5,815.5,814.25,814.25,293
KSB,2026-03-27 14:35:00,814.3,817.7,813.0,817.2,3225
KSB,2026-03-27 14:36:00,819.15,819.15,816.35,816.5,4301
KSB,2026-03-27 14:37:00,818.0,818.0,814.45,814.45,1938
KSB,2026-03-27 14:38:00,813.9,815.85,813.25,813.25,3040
KSB,2026-03-27 14:39:00,813.5,814.7,811.5,812.8,1973
KSB,2026-03-27 14:40:00,812.0,815.5,812.0,815.5,1677
KSB,2026-03-27 14:41:00,815.5,815.5,812.05,815.4,2220
KSB,2026-03-27 14:42:00,815.1,817.3,814.95,816.7,1197
KSB,2026-03-27 14:43:00,817.25,817.8,815.8,815.8,1580
KSB,2026-03-27 14:44:00,815.8,817.2,815.0,815.0,957
KSB,2026-03-27 14:45:00,815.0,816.1,814.15,814.15,569
KSB,2026-03-27 14:46:00,814.15,814.7,814.0,814.0,873
KSB,2026-03-27 14:47:00,814.0,814.5,813.05,814.5,1540
KSB,2026-03-27 14:48:00,812.8,814.35,812.8,814.05,1609
KSB,2026-03-27 14:49:00,814.05,814.75,812.75,814.45,1579
KSB,2026-03-27 14:50:00,812.8,812.8,810.6,810.95,2398
KSB,2026-03-27 14:51:00,811.4,811.85,810.4,811.15,4180
KSB,2026-03-27 14:52:00,810.75,811.15,808.65,808.65,1894
KSB,2026-03-27 14:53:00,808.5,809.5,806.4,806.4,2131
KSB,2026-03-27 14:54:00,807.45,807.45,804.95,805.4,3584
KSB,2026-03-27 14:55:00,806.65,806.65,805.0,805.0,2628
KSB,2026-03-27 14:56:00,805.0,805.0,802.75,803.1,1653
KSB,2026-03-27 14:57:00,802.7,803.75,801.0,801.55,2451
KSB,2026-03-27 14:58:00,801.35,802.8,801.3,801.4,1613
KSB,2026-03-27 14:59:00,801.35,801.4,800.9,800.9,1894
KSB,2026-03-27 15:00:00,799.1,799.2,788.6,795.65,32921
KSB,2026-03-27 15:01:00,795.6,799.9,790.55,792.15,16050
KSB,2026-03-27 15:02:00,790.2,794.15,789.15,793.3,20175
KSB,2026-03-27 15:03:00,793.25,798.1,793.0,798.1,17090
KSB,2026-03-27 15:04:00,797.5,799.25,796.15,799.25,16820
KSB,2026-03-27 15:05:00,799.05,799.1,794.0,794.15,15714
KSB,2026-03-27 15:06:00,794.35,794.35,793.3,794.3,15053
KSB,2026-03-27 15:07:00,794.6,796.5,793.95,796.45,16891
KSB,2026-03-27 15:08:00,796.45,797.6,795.3,797.4,14337
KSB,2026-03-27 15:09:00,797.55,799.35,797.15,797.8,12260
KSB,2026-03-27 15:10:00,797.85,802.2,797.85,799.65,16031
KSB,2026-03-27 15:11:00,799.2,800.1,797.15,797.2,10759
KSB,2026-03-27 15:12:00,797.2,797.2,792.7,793.15,16009
KSB,2026-03-27 15:13:00,791.4,793.35,791.2,792.05,18094
KSB,2026-03-27 15:14:00,792.05,798.25,792.05,798.25,23312
KSB,2026-03-27 15:15:00,797.5,801.55,795.0,798.7,23738
KSB,2026-03-27 15:16:00,796.8,798.55,795.0,796.1,16157
KSB,2026-03-27 15:17:00,796.9,798.8,796.3,798.65,15304
KSB,2026-03-27 15:18:00,797.35,798.7,795.05,795.05,17432
KSB,2026-03-27 15:19:00,795.95,799.0,795.8,795.8,14920
KSB,2026-03-27 15:20:00,796.2,797.85,795.75,797.35,22423
KSB,2026-03-27 15:21:00,797.8,797.8,794.0,796.4,19921
KSB,2026-03-27 15:22:00,795.55,796.9,793.55,793.55,18484
KSB,2026-03-27 15:23:00,793.65,796.5,793.35,794.5,17111
KSB,2026-03-27 15:24:00,794.8,797.0,793.55,793.55,18317
KSB,2026-03-27 15:25:00,795.55,797.5,794.0,796.75,13930
KSB,2026-03-27 15:26:00,795.75,798.0,793.6,797.1,13668
KSB,2026-03-27 15:27:00,795.8,797.8,794.0,797.8,12974
KSB,2026-03-27 15:28:00,797.8,799.0,792.05,792.05,4864
KSB,2026-03-27 15:29:00,792.05,795.5,792.05,795.5,2103
KSB,2026-03-30 09:15:00,795.85,796.0,783.0,785.0,2368
KSB,2026-03-30 09:16:00,784.7,784.7,782.1,783.35,1247
KSB,2026-03-30 09:17:00,782.6,787.35,782.6,786.8,699
KSB,2026-03-30 09:18:00,787.15,790.9,786.4,787.95,2611
KSB,2026-03-30 09:19:00,788.0,788.0,784.95,785.5,540
KSB,2026-03-30 09:20:00,784.75,787.25,784.25,786.6,1848
KSB,2026-03-30 09:21:00,787.2,790.2,787.2,788.95,694
KSB,2026-03-30 09:22:00,786.25,788.2,785.4,786.9,4783
KSB,2026-03-30 09:23:00,787.0,788.55,787.0,787.75,901
KSB,2026-03-30 09:24:00,787.45,788.35,786.5,786.85,1941
KSB,2026-03-30 09:25:00,786.85,789.2,786.4,787.4,1984
KSB,2026-03-30 09:26:00,787.4,789.15,787.4,789.15,592
KSB,2026-03-30 09:27:00,787.5,788.2,786.05,788.2,162
KSB,2026-03-30 09:28:00,786.8,789.05,786.8,789.05,358
KSB,2026-03-30 09:29:00,789.85,790.7,789.45,789.75,1021
KSB,2026-03-30 09:30:00,789.75,792.75,789.75,791.3,974
KSB,2026-03-30 09:31:00,792.0,793.0,791.4,793.0,1680
KSB,2026-03-30 09:32:00,793.0,793.0,792.0,792.3,121
KSB,2026-03-30 09:33:00,790.35,791.5,790.35,791.5,662
KSB,2026-03-30 09:34:00,791.5,792.3,791.1,791.1,558
KSB,2026-03-30 09:35:00,791.1,791.4,791.0,791.4,383
KSB,2026-03-30 09:36:00,790.25,791.4,790.25,791.4,423
KSB,2026-03-30 09:37:00,790.55,791.6,790.55,791.6,77
KSB,2026-03-30 09:38:00,791.35,791.45,790.45,791.25,348
KSB,2026-03-30 09:39:00,791.25,791.25,789.25,790.2,236
KSB,2026-03-30 09:40:00,790.2,790.8,789.75,790.8,28
KSB,2026-03-30 09:41:00,790.8,792.1,790.8,791.35,387
KSB,2026-03-30 09:42:00,792.05,792.95,791.7,791.7,304
KSB,2026-03-30 09:43:00,791.7,792.7,791.4,791.8,841
KSB,2026-03-30 09:44:00,792.1,792.6,791.5,791.5,477
KSB,2026-03-30 09:45:00,791.85,793.25,791.85,792.4,544
KSB,2026-03-30 09:46:00,792.55,792.55,791.15,791.2,110
KSB,2026-03-30 09:47:00,792.5,793.05,791.6,791.6,235
KSB,2026-03-30 09:48:00,791.6,791.9,791.45,791.9,12
KSB,2026-03-30 09:49:00,791.3,791.3,790.05,790.85,95
KSB,2026-03-30 09:50:00,790.85,790.85,789.0,789.0,244
KSB,2026-03-30 09:51:00,789.0,791.65,788.7,790.8,607
KSB,2026-03-30 09:52:00,790.8,790.8,789.85,789.85,183
KSB,2026-03-30 09:53:00,789.25,789.55,789.0,789.55,830
KSB,2026-03-30 09:54:00,789.0,789.7,789.0,789.7,25
KSB,2026-03-30 09:55:00,788.55,788.8,787.65,787.65,1914
KSB,2026-03-30 09:56:00,787.65,788.65,787.65,788.3,852
KSB,2026-03-30 09:57:00,788.3,788.3,785.45,785.45,825
KSB,2026-03-30 09:58:00,786.4,787.15,786.4,786.75,42
KSB,2026-03-30 09:59:00,786.15,786.85,785.8,786.85,152
KSB,2026-03-30 10:00:00,786.8,786.8,785.75,785.75,58
KSB,2026-03-30 10:01:00,785.0,786.1,785.0,786.1,179
KSB,2026-03-30 10:02:00,784.85,785.05,784.05,785.05,901
KSB,2026-03-30 10:03:00,785.1,786.0,785.0,785.0,257
KSB,2026-03-30 10:04:00,785.0,785.75,785.0,785.15,497
KSB,2026-03-30 10:05:00,785.15,785.2,784.25,784.25,194
KSB,2026-03-30 10:06:00,784.25,784.8,783.95,784.65,85
KSB,2026-03-30 10:07:00,783.95,784.35,783.0,783.7,351
KSB,2026-03-30 10:08:00,783.65,783.8,783.0,783.8,429
KSB,2026-03-30 10:09:00,782.65,783.1,781.5,782.05,617
KSB,2026-03-30 10:10:00,782.05,782.05,780.95,780.95,160
KSB,2026-03-30 10:11:00,781.4,781.4,780.4,781.15,83
KSB,2026-03-30 10:12:00,781.15,781.15,780.1,781.0,245
KSB,2026-03-30 10:13:00,781.0,781.75,780.8,780.8,1277
KSB,2026-03-30 10:14:00,781.2,782.95,781.2,782.85,253
KSB,2026-03-30 10:15:00,782.85,784.55,782.85,783.2,101
KSB,2026-03-30 10:16:00,783.7,783.85,783.15,783.5,1092
KSB,2026-03-30 10:17:00,783.5,783.65,783.3,783.65,180
KSB,2026-03-30 10:18:00,783.4,783.4,782.75,783.25,216
KSB,2026-03-30 10:19:00,783.15,783.65,782.75,783.15,157
KSB,2026-03-30 10:20:00,783.05,783.9,783.05,783.75,148
KSB,2026-03-30 10:21:00,783.75,783.8,783.45,783.8,3
KSB,2026-03-30 10:22:00,783.8,783.8,782.5,782.5,43
KSB,2026-03-30 10:23:00,782.85,782.85,782.35,782.45,10
KSB,2026-03-30 10:24:00,782.15,782.65,782.0,782.45,28
KSB,2026-03-30 10:25:00,782.45,782.45,781.25,782.3,109
KSB,2026-03-30 10:26:00,782.25,782.25,782.2,782.2,3
KSB,2026-03-30 10:27:00,782.2,782.2,781.6,781.8,59
KSB,2026-03-30 10:28:00,780.8,780.8,779.5,779.65,1610
KSB,2026-03-30 10:29:00,779.15,779.9,779.15,779.9,313
KSB,2026-03-30 10:30:00,779.9,779.9,778.4,779.3,92
KSB,2026-03-30 10:31:00,779.3,779.95,778.15,779.0,260
KSB,2026-03-30 10:32:00,779.0,779.65,779.0,779.6,15
KSB,2026-03-30 10:33:00,779.6,779.7,778.9,778.95,271
KSB,2026-03-30 10:34:00,779.55,779.7,778.45,779.7,173
KSB,2026-03-30 10:35:00,779.7,779.8,779.15,779.15,12
KSB,2026-03-30 10:36:00,779.75,779.8,779.0,779.8,89
KSB,2026-03-30 10:37:00,779.8,780.5,779.15,780.5,94
KSB,2026-03-30 10:38:00,780.5,781.85,780.3,781.85,156
KSB,2026-03-30 10:39:00,782.15,782.5,780.85,781.35,98
KSB,2026-03-30 10:40:00,781.35,781.35,779.85,779.85,68
KSB,2026-03-30 10:41:00,780.0,780.0,779.1,779.6,33
KSB,2026-03-30 10:42:00,779.0,779.95,778.9,778.9,152
KSB,2026-03-30 10:43:00,778.9,778.9,777.0,777.0,305
KSB,2026-03-30 10:44:00,777.0,778.5,777.0,778.05,302
KSB,2026-03-30 10:45:00,778.05,778.15,778.05,778.1,3
KSB,2026-03-30 10:46:00,778.25,779.8,777.45,779.05,467
KSB,2026-03-30 10:47:00,779.05,780.15,778.25,780.15,258
KSB,2026-03-30 10:48:00,780.15,780.5,779.3,779.3,202
KSB,2026-03-30 10:49:00,779.55,779.55,778.1,778.95,175
KSB,2026-03-30 10:50:00,778.95,779.55,778.95,779.55,2
KSB,2026-03-30 10:51:00,779.55,779.6,778.6,778.75,196
KSB,2026-03-30 10:52:00,778.75,778.75,778.0,778.05,31
KSB,2026-03-30 10:53:00,778.05,778.6,778.05,778.6,23
KSB,2026-03-30 10:54:00,778.45,778.45,777.3,777.85,287
KSB,2026-03-30 10:55:00,777.85,778.2,776.0,778.2,1360
KSB,2026-03-30 10:56:00,778.2,778.85,777.05,778.85,188
KSB,2026-03-30 10:57:00,778.85,779.15,778.15,778.8,51
KSB,2026-03-30 10:58:00,777.8,778.65,777.0,777.0,119
KSB,2026-03-30 10:59:00,777.0,777.6,777.0,777.6,29
KSB,2026-03-30 11:00:00,777.6,777.6,777.6,777.6,2
KSB,2026-03-30 11:01:00,777.6,777.65,777.15,777.15,22
KSB,2026-03-30 11:02:00,777.7,778.1,777.5,778.1,740
KSB,2026-03-30 11:03:00,778.1,778.35,777.05,778.35,414
KSB,2026-03-30 11:04:00,778.25,778.35,777.65,778.35,42
KSB,2026-03-30 11:05:00,778.35,780.05,778.35,779.85,614
KSB,2026-03-30 11:06:00,779.85,779.85,779.15,779.15,24
KSB,2026-03-30 11:07:00,778.65,779.55,778.65,779.45,26
KSB,2026-03-30 11:08:00,779.45,779.45,778.45,778.45,346
KSB,2026-03-30 11:09:00,779.05,779.4,778.1,779.4,147
KSB,2026-03-30 11:10:00,779.4,779.4,778.85,778.85,3
KSB,2026-03-30 11:11:00,778.85,779.4,778.85,779.35,37
KSB,2026-03-30 11:12:00,779.4,779.4,778.85,779.35,56
KSB,2026-03-30 11:13:00,779.35,779.45,778.85,779.45,102
KSB,2026-03-30 11:14:00,779.45,779.45,778.9,779.4,52
KSB,2026-03-30 11:15:00,779.4,779.45,779.3,779.35,45
KSB,2026-03-30 11:16:00,779.35,780.05,778.65,780.05,551
KSB,2026-03-30 11:17:00,780.05,780.05,779.15,779.6,111
KSB,2026-03-30 11:18:00,779.8,780.05,779.4,779.8,85
KSB,2026-03-30 11:19:00,779.8,779.8,779.8,779.8,16
KSB,2026-03-30 11:20:00,779.8,779.8,777.3,777.85,1099
KSB,2026-03-30 11:21:00,777.85,780.75,777.85,780.75,315
KSB,2026-03-30 11:22:00,779.85,779.85,779.35,779.35,67
KSB,2026-03-30 11:23:00,779.3,779.3,778.1,778.2,17
KSB,2026-03-30 11:24:00,778.2,778.45,778.2,778.4,65
KSB,2026-03-30 11:25:00,778.4,778.4,777.0,778.1,389
KSB,2026-03-30 11:26:00,778.1,778.45,777.2,777.45,280
KSB,2026-03-30 11:27:00,778.3,778.35,778.3,778.35,16
KSB,2026-03-30 11:28:00,778.35,778.35,777.4,777.45,34
KSB,2026-03-30 11:29:00,777.45,778.2,777.45,778.2,11
KSB,2026-03-30 11:30:00,777.35,778.85,777.15,778.85,670
KSB,2026-03-30 11:31:00,778.85,780.1,778.35,780.1,15
KSB,2026-03-30 11:32:00,780.15,781.05,780.05,780.8,308
KSB,2026-03-30 11:33:00,780.8,780.8,779.55,780.15,18
KSB,2026-03-30 11:34:00,779.55,781.55,779.55,781.5,90
KSB,2026-03-30 11:35:00,781.75,783.2,781.75,783.1,130
KSB,2026-03-30 11:36:00,782.15,782.5,781.1,781.15,1235
KSB,2026-03-30 11:37:00,781.15,781.15,781.1,781.1,4
KSB,2026-03-30 11:38:00,780.3,780.8,779.75,780.35,95
KSB,2026-03-30 11:39:00,779.65,780.25,779.0,779.6,64
KSB,2026-03-30 11:40:00,779.55,779.55,779.0,779.4,18
KSB,2026-03-30 11:41:00,779.4,779.45,779.35,779.35,13
KSB,2026-03-30 11:42:00,779.35,779.35,779.0,779.0,12
KSB,2026-03-30 11:43:00,779.0,779.0,779.0,779.0,15
KSB,2026-03-30 11:44:00,779.0,779.15,777.45,777.45,337
KSB,2026-03-30 11:45:00,777.45,778.25,777.0,778.15,812
KSB,2026-03-30 11:46:00,778.15,778.4,777.65,777.65,143
KSB,2026-03-30 11:47:00,777.65,778.85,777.65,778.4,15
KSB,2026-03-30 11:48:00,778.4,778.75,778.2,778.75,14
KSB,2026-03-30 11:49:00,778.75,779.0,778.3,779.0,144
KSB,2026-03-30 11:50:00,779.0,779.0,779.0,779.0,3
KSB,2026-03-30 11:51:00,779.0,779.0,778.3,778.3,94
KSB,2026-03-30 11:52:00,778.3,779.0,778.3,778.85,3
KSB,2026-03-30 11:53:00,778.85,778.85,777.0,777.7,1327
KSB,2026-03-30 11:54:00,777.7,778.15,777.0,778.15,67
KSB,2026-03-30 11:55:00,778.25,778.3,778.25,778.3,5
KSB,2026-03-30 11:56:00,778.85,778.85,777.4,778.3,183
KSB,2026-03-30 11:57:00,778.3,778.3,777.65,778.2,55
KSB,2026-03-30 11:58:00,778.2,779.05,778.2,779.05,78
KSB,2026-03-30 11:59:00,779.05,779.35,778.55,778.55,50
KSB,2026-03-30 12:00:00,778.55,778.55,778.55,778.55,0
KSB,2026-03-30 12:01:00,778.0,779.15,778.0,779.15,56
KSB,2026-03-30 12:02:00,779.15,780.35,779.15,780.0,500
KSB,2026-03-30 12:03:00,780.0,782.2,780.0,782.05,408
KSB,2026-03-30 12:04:00,781.7,781.7,781.1,781.4,359
KSB,2026-03-30 12:05:00,781.4,782.8,780.8,782.8,179
KSB,2026-03-30 12:06:00,782.8,782.8,781.55,781.55,10
KSB,2026-03-30 12:07:00,781.55,781.55,780.55,780.55,48
KSB,2026-03-30 12:08:00,780.55,780.55,779.75,779.8,50
KSB,2026-03-30 12:09:00,779.8,780.25,779.8,779.8,113
KSB,2026-03-30 12:10:00,779.8,780.7,779.8,780.7,135
KSB,2026-03-30 12:11:00,780.25,781.4,780.25,781.4,509
KSB,2026-03-30 12:12:00,781.15,781.15,780.9,780.9,15
KSB,2026-03-30 12:13:00,780.9,781.3,780.9,781.2,111
KSB,2026-03-30 12:14:00,781.2,781.2,781.2,781.2,0
KSB,2026-03-30 12:15:00,781.2,781.2,780.3,780.3,270
KSB,2026-03-30 12:16:00,780.3,780.3,780.3,780.3,0
KSB,2026-03-30 12:17:00,781.35,781.35,780.8,780.8,129
KSB,2026-03-30 12:18:00,780.8,781.4,780.65,781.2,101
KSB,2026-03-30 12:19:00,781.2,782.0,781.2,781.25,36
KSB,2026-03-30 12:20:00,781.7,782.8,781.7,782.8,159
KSB,2026-03-30 12:21:00,782.8,782.85,782.55,782.55,369
KSB,2026-03-30 12:22:00,781.95,782.4,781.05,781.05,56
KSB,2026-03-30 12:23:00,781.05,781.05,778.6,778.85,3355
KSB,2026-03-30 12:24:00,778.85,778.85,778.85,778.85,0
KSB,2026-03-30 12:25:00,778.85,779.35,778.55,779.35,146
KSB,2026-03-30 12:26:00,779.35,779.35,778.55,778.55,17
KSB,2026-03-30 12:27:00,778.55,778.7,778.55,778.7,40
KSB,2026-03-30 12:28:00,778.7,779.65,778.65,779.4,262
KSB,2026-03-30 12:29:00,779.4,779.4,779.25,779.25,18
KSB,2026-03-30 12:30:00,779.25,779.4,779.25,779.4,13
KSB,2026-03-30 12:31:00,779.4,779.4,778.8,779.15,29
KSB,2026-03-30 12:32:00,779.15,779.9,779.15,779.9,30
KSB,2026-03-30 12:33:00,779.9,780.25,779.6,779.6,79
KSB,2026-03-30 12:34:00,779.6,779.6,779.05,779.05,17
KSB,2026-03-30 12:35:00,779.05,779.05,779.05,779.05,12
KSB,2026-03-30 12:36:00,779.05,779.6,779.05,779.05,5
KSB,2026-03-30 12:37:00,779.05,779.05,779.05,779.05,18
KSB,2026-03-30 12:38:00,779.05,779.3,778.9,779.3,247
KSB,2026-03-30 12:39:00,780.3,780.5,780.0,780.5,192
KSB,2026-03-30 12:40:00,780.5,781.65,780.5,781.65,65
KSB,2026-03-30 12:41:00,781.65,781.65,781.65,781.65,0
KSB,2026-03-30 12:42:00,781.65,781.65,780.4,781.2,191
KSB,2026-03-30 12:43:00,781.2,781.2,780.0,780.0,7
KSB,2026-03-30 12:44:00,780.0,780.4,780.0,780.25,28
KSB,2026-03-30 12:45:00,780.25,780.6,780.0,780.6,6
KSB,2026-03-30 12:46:00,780.6,780.6,780.0,780.0,37
KSB,2026-03-30 12:47:00,780.0,780.55,780.0,780.55,45
KSB,2026-03-30 12:48:00,780.0,788.7,780.0,787.4,4754
KSB,2026-03-30 12:49:00,788.1,789.25,786.45,788.15,3016
KSB,2026-03-30 12:50:00,788.15,789.05,787.85,789.05,128
KSB,2026-03-30 12:51:00,789.75,789.75,788.55,789.45,151
KSB,2026-03-30 12:52:00,789.3,789.8,789.0,789.0,177
KSB,2026-03-30 12:53:00,789.0,789.0,787.4,788.1,32
KSB,2026-03-30 12:54:00,788.1,789.0,787.05,788.45,258
KSB,2026-03-30 12:55:00,788.45,789.1,788.45,789.1,42
KSB,2026-03-30 12:56:00,789.1,789.1,788.9,788.9,54
KSB,2026-03-30 12:57:00,789.7,789.7,789.0,789.35,97
KSB,2026-03-30 12:58:00,789.35,789.7,788.95,789.7,43
KSB,2026-03-30 12:59:00,789.7,789.7,788.9,789.5,32
KSB,2026-03-30 13:00:00,789.5,789.5,788.85,789.5,13
KSB,2026-03-30 13:01:00,789.7,789.7,789.0,789.2,1710
KSB,2026-03-30 13:02:00,789.2,789.2,788.0,788.85,82
KSB,2026-03-30 13:03:00,788.85,788.85,788.85,788.85,237
KSB,2026-03-30 13:04:00,788.85,790.1,788.85,789.55,505
KSB,2026-03-30 13:05:00,789.55,790.7,788.85,790.7,237
KSB,2026-03-30 13:06:00,790.7,791.7,790.35,791.7,91
KSB,2026-03-30 13:07:00,791.7,791.75,790.55,790.8,111
KSB,2026-03-30 13:08:00,790.0,790.05,789.25,789.95,52
KSB,2026-03-30 13:09:00,789.95,789.95,788.75,788.75,327
KSB,2026-03-30 13:10:00,788.75,788.75,787.45,787.8,131
KSB,2026-03-30 13:11:00,788.45,788.45,787.7,788.15,27
KSB,2026-03-30 13:12:00,788.15,788.8,788.1,788.15,63
KSB,2026-03-30 13:13:00,788.15,788.15,787.55,787.55,74
KSB,2026-03-30 13:14:00,787.55,788.2,787.0,788.2,251
KSB,2026-03-30 13:15:00,788.2,788.2,788.2,788.2,0
KSB,2026-03-30 13:16:00,788.2,788.2,788.2,788.2,0
KSB,2026-03-30 13:17:00,788.2,788.2,787.75,788.05,20
KSB,2026-03-30 13:18:00,788.05,788.05,785.75,786.2,329
KSB,2026-03-30 13:19:00,786.2,786.2,785.65,785.95,39
KSB,2026-03-30 13:20:00,785.95,786.9,785.6,786.4,84
KSB,2026-03-30 13:21:00,786.4,786.7,786.4,786.7,37
KSB,2026-03-30 13:22:00,786.7,786.7,785.5,786.3,101
KSB,2026-03-30 13:23:00,786.3,786.5,786.3,786.5,7
KSB,2026-03-30 13:24:00,786.5,786.5,786.5,786.5,0
KSB,2026-03-30 13:25:00,786.1,786.65,786.0,786.6,140
KSB,2026-03-30 13:26:00,786.6,786.6,785.2,785.95,4
KSB,2026-03-30 13:27:00,785.95,785.95,785.05,785.85,113
KSB,2026-03-30 13:28:00,785.85,785.85,784.15,784.15,360
KSB,2026-03-30 13:29:00,785.35,786.4,785.35,786.4,221
KSB,2026-03-30 13:30:00,786.4,786.4,786.0,786.4,22
KSB,2026-03-30 13:31:00,786.4,786.4,786.4,786.4,0
KSB,2026-03-30 13:32:00,786.4,786.4,786.4,786.4,0
KSB,2026-03-30 13:33:00,786.4,786.4,785.35,786.4,151
KSB,2026-03-30 13:34:00,786.4,787.4,786.4,787.25,174
KSB,2026-03-30 13:35:00,787.25,787.25,786.95,787.15,126
KSB,2026-03-30 13:36:00,787.25,788.15,787.25,788.05,126
KSB,2026-03-30 13:37:00,788.05,788.05,787.5,787.65,63
KSB,2026-03-30 13:38:00,787.65,787.65,786.9,787.4,87
KSB,2026-03-30 13:39:00,787.4,788.2,787.4,788.1,245
KSB,2026-03-30 13:40:00,788.1,788.45,788.0,788.0,66
KSB,2026-03-30 13:41:00,788.0,788.0,787.25,787.25,93
KSB,2026-03-30 13:42:00,787.65,787.65,785.65,787.25,123
KSB,2026-03-30 13:43:00,787.0,787.0,785.8,786.55,26
KSB,2026-03-30 13:44:00,786.15,786.55,785.5,785.5,30
KSB,2026-03-30 13:45:00,786.4,786.4,785.5,786.2,18
KSB,2026-03-30 13:46:00,786.15,786.15,785.8,786.05,46
KSB,2026-03-30 13:47:00,786.05,786.45,785.8,786.45,18
KSB,2026-03-30 13:48:00,785.4,786.35,785.4,785.75,492
KSB,2026-03-30 13:49:00,785.75,785.75,785.75,785.75,2
KSB,2026-03-30 13:50:00,785.75,786.0,784.3,784.3,134
KSB,2026-03-30 13:51:00,785.65,785.85,784.95,785.45,225
KSB,2026-03-30 13:52:00,785.45,785.65,785.3,785.65,145
KSB,2026-03-30 13:53:00,785.65,785.65,784.4,784.95,20
KSB,2026-03-30 13:54:00,784.95,785.0,784.2,784.8,202
KSB,2026-03-30 13:55:00,784.8,784.8,783.35,784.2,216
KSB,2026-03-30 13:56:00,784.2,785.0,783.85,784.45,1046
KSB,2026-03-30 13:57:00,784.45,784.6,784.45,784.6,94
KSB,2026-03-30 13:58:00,784.6,784.6,783.85,783.85,18
KSB,2026-03-30 13:59:00,783.9,784.45,783.8,784.45,32
KSB,2026-03-30 14:00:00,784.45,784.9,783.6,784.9,72
KSB,2026-03-30 14:01:00,784.5,784.6,783.95,784.35,24
KSB,2026-03-30 14:02:00,784.35,785.35,784.35,785.35,783
KSB,2026-03-30 14:03:00,785.35,787.05,785.35,787.0,271
KSB,2026-03-30 14:04:00,787.0,787.0,785.9,786.75,54
KSB,2026-03-30 14:05:00,786.75,787.4,785.85,787.4,396
KSB,2026-03-30 14:06:00,787.85,787.95,787.8,787.8,28
KSB,2026-03-30 14:07:00,787.8,788.5,787.8,788.5,502
KSB,2026-03-30 14:08:00,788.5,788.5,787.3,787.8,375
KSB,2026-03-30 14:09:00,787.8,787.85,787.45,787.85,7
KSB,2026-03-30 14:10:00,787.85,788.0,787.55,787.85,25
KSB,2026-03-30 14:11:00,787.85,787.85,786.05,787.2,497
KSB,2026-03-30 14:12:00,787.2,787.55,786.4,787.55,60
KSB,2026-03-30 14:13:00,787.85,787.85,787.8,787.8,17
KSB,2026-03-30 14:14:00,786.8,787.35,786.45,786.9,90
KSB,2026-03-30 14:15:00,787.6,788.25,787.15,788.25,334
KSB,2026-03-30 14:16:00,788.25,788.25,787.3,788.05,14
KSB,2026-03-30 14:17:00,788.05,788.05,786.4,787.4,230
KSB,2026-03-30 14:18:00,787.4,787.9,787.15,787.15,33
KSB,2026-03-30 14:19:00,787.15,787.7,786.95,786.95,15
KSB,2026-03-30 14:20:00,786.95,788.5,786.9,788.5,521
KSB,2026-03-30 14:21:00,788.5,788.5,787.8,788.15,212
KSB,2026-03-30 14:22:00,788.15,788.15,787.55,788.05,168
KSB,2026-03-30 14:23:00,788.05,788.05,786.4,786.4,352
KSB,2026-03-30 14:24:00,787.75,788.25,787.75,788.1,169
KSB,2026-03-30 14:25:00,788.1,788.1,788.1,788.1,0
KSB,2026-03-30 14:26:00,788.1,788.25,786.45,788.25,2658
KSB,2026-03-30 14:27:00,788.25,788.25,786.1,788.1,598
KSB,2026-03-30 14:28:00,788.1,788.1,786.55,787.25,67
KSB,2026-03-30 14:29:00,787.25,788.0,787.25,787.95,820
KSB,2026-03-30 14:30:00,787.95,787.95,787.95,787.95,0
KSB,2026-03-30 14:31:00,787.95,787.95,787.95,787.95,0
KSB,2026-03-30 14:32:00,787.95,787.95,787.15,787.75,179
KSB,2026-03-30 14:33:00,787.75,787.75,787.75,787.75,0
KSB,2026-03-30 14:34:00,787.75,787.75,787.75,787.75,0
KSB,2026-03-30 14:35:00,786.25,786.9,786.15,786.8,431
KSB,2026-03-30 14:36:00,786.8,787.05,785.9,786.9,283
KSB,2026-03-30 14:37:00,786.9,786.9,785.95,786.75,155
KSB,2026-03-30 14:38:00,786.75,793.4,785.95,792.85,3585
KSB,2026-03-30 14:39:00,792.9,793.55,791.05,792.4,2209
KSB,2026-03-30 14:40:00,794.5,794.55,792.55,793.45,2840
KSB,2026-03-30 14:41:00,793.45,795.65,793.45,795.6,3019
KSB,2026-03-30 14:42:00,795.6,799.6,794.25,797.25,3244
KSB,2026-03-30 14:43:00,799.4,801.5,799.4,801.25,3849
KSB,2026-03-30 14:44:00,801.0,802.4,800.7,802.4,4086
KSB,2026-03-30 14:45:00,802.0,803.95,801.85,803.6,3667
KSB,2026-03-30 14:46:00,803.75,807.0,803.75,805.05,11799
KSB,2026-03-30 14:47:00,804.8,810.5,804.4,805.55,16768
KSB,2026-03-30 14:48:00,804.25,806.25,803.2,805.6,4270
KSB,2026-03-30 14:49:00,805.6,807.35,804.95,807.35,3703
KSB,2026-03-30 14:50:00,809.0,809.35,807.95,809.0,3166
KSB,2026-03-30 14:51:00,809.0,809.0,807.25,808.35,2045
KSB,2026-03-30 14:52:00,808.5,809.0,807.8,808.85,3182
KSB,2026-03-30 14:53:00,808.95,809.9,808.45,809.4,3280
KSB,2026-03-30 14:54:00,808.5,810.75,808.25,810.75,7090
KSB,2026-03-30 14:55:00,809.05,809.3,807.5,808.0,8936
KSB,2026-03-30 14:56:00,808.0,808.0,804.3,805.5,4062
KSB,2026-03-30 14:57:00,805.5,806.0,803.2,803.85,3820
KSB,2026-03-30 14:58:00,804.05,805.8,803.75,805.8,2607
KSB,2026-03-30 14:59:00,805.65,805.85,804.7,805.75,1893
KSB,2026-03-30 15:00:00,805.6,805.6,803.3,804.2,3160
KSB,2026-03-30 15:01:00,804.2,804.2,802.0,803.45,3439
KSB,2026-03-30 15:02:00,802.55,804.1,802.55,803.7,4708
KSB,2026-03-30 15:03:00,802.5,804.5,802.5,803.95,3745
KSB,2026-03-30 15:04:00,803.85,804.1,802.2,803.15,3125
KSB,2026-03-30 15:05:00,803.3,804.45,803.2,803.75,3420
KSB,2026-03-30 15:06:00,803.2,804.5,803.2,803.6,3360
KSB,2026-03-30 15:07:00,803.6,804.3,803.55,804.2,2555
KSB,2026-03-30 15:08:00,804.7,804.7,802.75,802.75,2862
KSB,2026-03-30 15:09:00,803.6,806.1,803.6,806.0,2925
KSB,2026-03-30 15:10:00,807.35,807.35,794.8,794.8,20657
KSB,2026-03-30 15:11:00,794.9,795.0,791.4,792.85,7375
KSB,2026-03-30 15:12:00,792.85,792.9,790.45,790.8,6501
KSB,2026-03-30 15:13:00,790.4,791.7,790.05,791.15,9038
KSB,2026-03-30 15:14:00,792.15,795.15,792.15,795.0,8037
KSB,2026-03-30 15:15:00,795.0,796.15,794.15,796.15,4283
KSB,2026-03-30 15:16:00,796.0,796.0,793.6,795.95,3366
KSB,2026-03-30 15:17:00,796.0,797.9,795.0,795.0,7033
KSB,2026-03-30 15:18:00,795.75,795.75,792.0,792.0,2790
KSB,2026-03-30 15:19:00,791.0,792.9,791.0,792.65,3004
KSB,2026-03-30 15:20:00,790.95,792.9,789.35,790.8,8740
KSB,2026-03-30 15:21:00,790.8,791.05,789.35,791.05,3555
KSB,2026-03-30 15:22:00,789.4,794.05,789.4,791.5,2404
KSB,2026-03-30 15:23:00,793.0,794.35,791.55,793.65,2349
KSB,2026-03-30 15:24:00,794.0,795.6,792.2,793.05,3156
KSB,2026-03-30 15:25:00,791.5,793.25,791.3,791.3,1100
KSB,2026-03-30 15:26:00,790.15,791.25,786.0,787.65,1386
KSB,2026-03-30 15:27:00,787.0,788.35,786.8,787.6,1561
KSB,2026-03-30 15:28:00,787.65,787.95,787.0,787.95,497
KSB,2026-03-30 15:29:00,787.65,789.0,787.55,789.0,693
KSB,2026-04-01 09:15:00,797.05,814.0,797.05,807.3,2997
KSB,2026-04-01 09:16:00,808.5,809.25,805.0,805.0,4194
KSB,2026-04-01 09:17:00,806.25,807.35,806.25,807.35,2074
KSB,2026-04-01 09:18:00,807.75,808.0,806.1,807.65,1301
KSB,2026-04-01 09:19:00,806.55,810.0,806.55,810.0,1428
KSB,2026-04-01 09:20:00,809.35,811.45,809.35,811.45,2287
KSB,2026-04-01 09:21:00,812.35,814.85,812.15,813.0,2976
KSB,2026-04-01 09:22:00,812.75,814.0,812.75,814.0,1017
KSB,2026-04-01 09:23:00,813.0,813.45,812.4,812.95,2432
KSB,2026-04-01 09:24:00,812.95,814.0,812.7,813.1,1009
KSB,2026-04-01 09:25:00,812.85,815.0,812.85,815.0,779
KSB,2026-04-01 09:26:00,816.2,818.4,816.2,816.95,3931
KSB,2026-04-01 09:27:00,817.45,819.0,817.05,818.15,3173
KSB,2026-04-01 09:28:00,817.3,818.8,817.0,818.1,691
KSB,2026-04-01 09:29:00,819.0,821.0,818.4,820.7,1731
KSB,2026-04-01 09:30:00,820.4,821.75,816.15,816.15,2661
KSB,2026-04-01 09:31:00,815.3,815.85,814.35,815.3,1926
KSB,2026-04-01 09:32:00,814.55,814.55,810.5,811.6,5721
KSB,2026-04-01 09:33:00,811.55,811.8,811.5,811.65,1099
KSB,2026-04-01 09:34:00,811.65,811.65,809.85,810.1,1223
KSB,2026-04-01 09:35:00,810.1,811.0,809.75,809.75,1065
KSB,2026-04-01 09:36:00,809.75,810.65,808.4,808.4,1619
KSB,2026-04-01 09:37:00,808.2,808.2,808.0,808.0,968
KSB,2026-04-01 09:38:00,808.0,808.55,807.85,808.0,542
KSB,2026-04-01 09:39:00,808.0,808.5,807.3,807.3,988
KSB,2026-04-01 09:40:00,807.3,808.35,807.3,808.35,310
KSB,2026-04-01 09:41:00,808.7,811.55,808.7,811.0,2454
KSB,2026-04-01 09:42:00,811.15,811.15,810.05,811.05,605
KSB,2026-04-01 09:43:00,811.4,811.5,808.75,809.1,745
KSB,2026-04-01 09:44:00,808.75,810.55,808.65,810.55,615
KSB,2026-04-01 09:45:00,810.6,819.8,810.6,819.25,2788
KSB,2026-04-01 09:46:00,819.35,823.2,819.35,821.8,6310
KSB,2026-04-01 09:47:00,822.15,824.9,822.15,824.4,1646
KSB,2026-04-01 09:48:00,824.5,827.4,824.5,826.4,3486
KSB,2026-04-01 09:49:00,826.4,828.0,825.0,827.05,2807
KSB,2026-04-01 09:50:00,826.85,827.8,826.0,826.0,1034
KSB,2026-04-01 09:51:00,826.8,828.5,826.8,828.0,2916
KSB,2026-04-01 09:52:00,827.95,827.95,826.8,826.9,5193
KSB,2026-04-01 09:53:00,827.7,827.7,826.2,827.0,327
KSB,2026-04-01 09:54:00,827.0,827.0,824.8,827.0,3387
KSB,2026-04-01 09:55:00,826.95,827.75,826.75,826.75,699
KSB,2026-04-01 09:56:00,827.6,827.6,826.75,826.75,87
KSB,2026-04-01 09:57:00,826.5,827.4,826.25,826.65,754
KSB,2026-04-01 09:58:00,827.0,827.25,826.75,826.75,223
KSB,2026-04-01 09:59:00,826.75,827.0,826.15,827.0,583
KSB,2026-04-01 10:00:00,827.0,827.0,826.35,827.0,116
KSB,2026-04-01 10:01:00,827.0,827.0,826.35,827.0,298
KSB,2026-04-01 10:02:00,827.0,827.6,826.85,827.5,1206
KSB,2026-04-01 10:03:00,826.85,828.0,826.85,828.0,950
KSB,2026-04-01 10:04:00,828.15,829.1,828.0,828.9,1147
KSB,2026-04-01 10:05:00,828.95,829.2,827.5,827.5,1731
KSB,2026-04-01 10:06:00,827.95,827.95,826.5,827.6,394
KSB,2026-04-01 10:07:00,827.5,828.5,827.05,828.0,1404
KSB,2026-04-01 10:08:00,828.0,828.0,825.65,827.1,591
KSB,2026-04-01 10:09:00,827.25,827.25,825.5,827.15,2354
KSB,2026-04-01 10:10:00,826.35,826.35,825.65,825.65,232
KSB,2026-04-01 10:11:00,826.35,827.25,826.25,826.95,448
KSB,2026-04-01 10:12:00,826.95,826.95,825.95,826.7,712
KSB,2026-04-01 10:13:00,826.7,826.9,826.0,826.25,710
KSB,2026-04-01 10:14:00,826.75,826.75,826.0,826.0,150
KSB,2026-04-01 10:15:00,826.0,826.65,826.0,826.65,52
KSB,2026-04-01 10:16:00,826.65,826.65,825.55,826.0,243
KSB,2026-04-01 10:17:00,826.0,826.3,825.3,826.3,1143
KSB,2026-04-01 10:18:00,826.3,829.5,826.0,829.5,1903
KSB,2026-04-01 10:19:00,829.8,832.8,829.8,831.2,2031
KSB,2026-04-01 10:20:00,831.2,831.2,830.05,831.0,353
KSB,2026-04-01 10:21:00,830.2,831.1,829.5,829.8,1365
KSB,2026-04-01 10:22:00,829.25,829.7,828.15,829.0,715
KSB,2026-04-01 10:23:00,828.4,828.95,827.95,828.2,161
KSB,2026-04-01 10:24:00,827.75,827.75,827.1,827.4,17
KSB,2026-04-01 10:25:00,827.0,827.0,826.05,826.05,208
KSB,2026-04-01 10:26:00,826.4,826.4,823.55,825.25,4096
KSB,2026-04-01 10:27:00,825.25,825.25,823.95,824.7,111
KSB,2026-04-01 10:28:00,824.7,824.7,823.25,824.0,739
KSB,2026-04-01 10:29:00,825.0,826.0,825.0,826.0,2826
KSB,2026-04-01 10:30:00,826.0,827.4,826.0,827.4,491
KSB,2026-04-01 10:31:00,827.75,827.75,826.95,827.75,319
KSB,2026-04-01 10:32:00,827.75,827.75,826.85,827.5,156
KSB,2026-04-01 10:33:00,827.5,827.75,826.9,827.75,127
KSB,2026-04-01 10:34:00,827.75,827.95,827.45,827.95,196
KSB,2026-04-01 10:35:00,827.95,828.2,827.1,828.15,259
KSB,2026-04-01 10:36:00,828.15,828.15,827.25,828.05,265
KSB,2026-04-01 10:37:00,828.1,829.55,827.85,829.2,2230
KSB,2026-04-01 10:38:00,829.2,829.45,828.7,829.45,213
KSB,2026-04-01 10:39:00,829.45,829.85,829.0,829.8,420
KSB,2026-04-01 10:40:00,829.0,829.0,828.05,828.55,342
KSB,2026-04-01 10:41:00,828.55,829.0,828.3,829.0,82
KSB,2026-04-01 10:42:00,829.0,829.0,828.1,828.8,307
KSB,2026-04-01 10:43:00,828.7,828.7,828.05,828.7,56
KSB,2026-04-01 10:44:00,828.7,828.85,827.2,827.2,211
KSB,2026-04-01 10:45:00,827.7,827.7,826.95,826.95,165
KSB,2026-04-01 10:46:00,827.55,827.65,824.4,824.7,1868
KSB,2026-04-01 10:47:00,825.55,826.7,825.2,826.4,1128
KSB,2026-04-01 10:48:00,826.4,827.75,826.0,827.15,477
KSB,2026-04-01 10:49:00,826.95,827.45,826.55,826.55,548
KSB,2026-04-01 10:50:00,826.55,827.45,826.0,827.45,1382
KSB,2026-04-01 10:51:00,827.45,827.45,825.65,826.3,446
KSB,2026-04-01 10:52:00,826.0,826.75,825.65,826.65,1396
KSB,2026-04-01 10:53:00,826.65,827.25,826.65,827.25,98
KSB,2026-04-01 10:54:00,827.25,827.75,826.9,827.25,488
KSB,2026-04-01 10:55:00,827.25,827.4,826.05,826.5,370
KSB,2026-04-01 10:56:00,826.5,827.05,826.5,827.05,112
KSB,2026-04-01 10:57:00,827.05,827.05,826.6,826.6,227
KSB,2026-04-01 10:58:00,826.05,826.7,825.8,826.7,387
KSB,2026-04-01 10:59:00,826.7,827.45,826.45,826.6,208
KSB,2026-04-01 11:00:00,827.6,828.0,827.35,827.6,332
KSB,2026-04-01 11:01:00,827.6,827.6,827.35,827.6,139
KSB,2026-04-01 11:02:00,827.65,827.65,826.35,827.05,355
KSB,2026-04-01 11:03:00,826.35,827.4,826.35,826.85,180
KSB,2026-04-01 11:04:00,826.85,826.85,826.7,826.7,100
KSB,2026-04-01 11:05:00,826.0,826.7,822.5,822.5,1604
KSB,2026-04-01 11:06:00,822.5,822.5,820.8,821.3,1319
KSB,2026-04-01 11:07:00,821.05,821.3,819.0,819.0,1956
KSB,2026-04-01 11:08:00,819.85,819.95,818.95,819.2,474
KSB,2026-04-01 11:09:00,819.2,820.35,818.55,818.65,4203
KSB,2026-04-01 11:10:00,818.65,819.7,818.65,819.7,446
KSB,2026-04-01 11:11:00,819.15,819.7,816.75,818.4,1902
KSB,2026-04-01 11:12:00,818.2,818.2,817.35,817.35,685
KSB,2026-04-01 11:13:00,817.35,817.6,817.25,817.6,115
KSB,2026-04-01 11:14:00,817.75,818.15,817.75,818.05,328
KSB,2026-04-01 11:15:00,818.05,818.3,817.4,817.75,403
KSB,2026-04-01 11:16:00,817.75,818.1,817.25,817.5,101
KSB,2026-04-01 11:17:00,817.5,818.35,817.5,817.75,283
KSB,2026-04-01 11:18:00,818.25,818.35,817.4,817.9,204
KSB,2026-04-01 11:19:00,817.85,818.3,817.2,817.3,337
KSB,2026-04-01 11:20:00,817.3,818.15,817.3,818.15,145
KSB,2026-04-01 11:21:00,818.15,819.15,815.8,815.8,1240
KSB,2026-04-01 11:22:00,816.05,816.6,814.6,814.95,1789
KSB,2026-04-01 11:23:00,814.7,816.85,814.7,816.05,4615
KSB,2026-04-01 11:24:00,816.05,816.5,816.0,816.05,244
KSB,2026-04-01 11:25:00,816.1,816.4,816.0,816.0,352
KSB,2026-04-01 11:26:00,816.2,816.25,812.55,816.15,19794
KSB,2026-04-01 11:27:00,816.0,816.25,816.0,816.25,653
KSB,2026-04-01 11:28:00,816.25,817.0,816.25,816.3,572
KSB,2026-04-01 11:29:00,816.3,817.0,816.05,816.05,357
KSB,2026-04-01 11:30:00,816.0,817.85,816.0,816.95,365
KSB,2026-04-01 11:31:00,816.5,817.95,816.5,817.95,152
KSB,2026-04-01 11:32:00,817.95,818.05,817.1,817.35,749
KSB,2026-04-01 11:33:00,817.6,817.95,816.0,816.0,564
KSB,2026-04-01 11:34:00,816.0,816.8,816.0,816.55,264
KSB,2026-04-01 11:35:00,816.55,817.45,816.55,817.1,153
KSB,2026-04-01 11:36:00,817.1,817.35,816.75,816.95,200
KSB,2026-04-01 11:37:00,817.2,817.2,816.65,816.75,238
KSB,2026-04-01 11:38:00,816.95,817.55,816.5,816.8,261
KSB,2026-04-01 11:39:00,817.0,818.25,816.95,817.85,1047
KSB,2026-04-01 11:40:00,818.1,818.4,817.65,818.15,313
KSB,2026-04-01 11:41:00,818.15,818.4,817.7,818.1,258
KSB,2026-04-01 11:42:00,818.1,818.35,816.7,817.2,537
KSB,2026-04-01 11:43:00,817.2,817.75,816.55,816.55,257
KSB,2026-04-01 11:44:00,816.8,817.15,816.0,816.15,558
KSB,2026-04-01 11:45:00,816.15,818.85,816.15,818.85,642
KSB,2026-04-01 11:46:00,819.1,819.7,818.55,818.55,1132
KSB,2026-04-01 11:47:00,818.55,819.8,818.55,819.8,66
KSB,2026-04-01 11:48:00,819.8,819.85,818.75,819.8,241
KSB,2026-04-01 11:49:00,819.8,820.45,819.75,819.85,1294
KSB,2026-04-01 11:50:00,819.85,819.9,818.65,818.65,322
KSB,2026-04-01 11:51:00,818.65,818.9,818.65,818.65,51
KSB,2026-04-01 11:52:00,818.65,819.0,818.35,818.35,798
KSB,2026-04-01 11:53:00,817.65,818.5,817.65,818.3,138
KSB,2026-04-01 11:54:00,818.3,818.95,817.8,818.7,1160
KSB,2026-04-01 11:55:00,818.7,818.85,818.7,818.85,79
KSB,2026-04-01 11:56:00,819.0,819.05,816.75,816.95,8191
KSB,2026-04-01 11:57:00,816.95,817.9,816.95,817.9,112
KSB,2026-04-01 11:58:00,818.85,819.1,818.35,818.75,1279
KSB,2026-04-01 11:59:00,818.8,819.45,818.8,819.1,250
KSB,2026-04-01 12:00:00,819.1,819.85,818.05,819.05,379
KSB,2026-04-01 12:01:00,819.05,819.75,818.55,819.75,55
KSB,2026-04-01 12:02:00,819.4,819.55,819.4,819.4,248
KSB,2026-04-01 12:03:00,819.35,819.85,819.3,819.85,236
KSB,2026-04-01 12:04:00,820.15,821.9,820.15,821.9,600
KSB,2026-04-01 12:05:00,822.0,822.0,820.5,821.6,689
KSB,2026-04-01 12:06:00,821.6,821.8,821.45,821.55,463
KSB,2026-04-01 12:07:00,821.6,822.35,821.0,822.15,476
KSB,2026-04-01 12:08:00,822.2,822.6,822.15,822.15,256
KSB,2026-04-01 12:09:00,822.45,822.7,821.7,822.7,275
KSB,2026-04-01 12:10:00,822.75,823.0,822.2,822.2,1220
KSB,2026-04-01 12:11:00,822.2,822.2,822.0,822.0,55
KSB,2026-04-01 12:12:00,822.0,822.0,821.0,821.0,248
KSB,2026-04-01 12:13:00,821.25,822.0,821.25,821.95,219
KSB,2026-04-01 12:14:00,821.95,821.95,821.75,821.8,118
KSB,2026-04-01 12:15:00,821.8,821.95,821.75,821.85,172
KSB,2026-04-01 12:16:00,821.85,821.85,821.05,821.05,105
KSB,2026-04-01 12:17:00,821.05,821.35,820.8,820.8,31
KSB,2026-04-01 12:18:00,820.8,821.75,820.8,821.75,1942
KSB,2026-04-01 12:19:00,821.75,821.75,821.55,821.55,31
KSB,2026-04-01 12:20:00,821.65,822.8,821.65,822.8,426
KSB,2026-04-01 12:21:00,822.8,823.15,822.0,823.05,639
KSB,2026-04-01 12:22:00,823.05,824.1,823.05,824.1,13
KSB,2026-04-01 12:23:00,824.1,824.1,824.0,824.05,176
KSB,2026-04-01 12:24:00,824.05,825.3,824.05,824.15,530
KSB,2026-04-01 12:25:00,825.15,825.15,824.1,824.1,102
KSB,2026-04-01 12:26:00,825.0,825.0,824.15,824.95,172
KSB,2026-04-01 12:27:00,824.95,825.4,824.15,824.5,1260
KSB,2026-04-01 12:28:00,824.85,824.85,824.85,824.85,51
KSB,2026-04-01 12:29:00,824.85,824.85,824.85,824.85,25
KSB,2026-04-01 12:30:00,824.85,827.15,824.85,827.15,2170
KSB,2026-04-01 12:31:00,827.15,827.8,827.15,827.8,75
KSB,2026-04-01 12:32:00,827.8,827.95,827.8,827.95,67
KSB,2026-04-01 12:33:00,827.95,828.0,827.4,827.8,97
KSB,2026-04-01 12:34:00,828.0,828.4,827.15,827.7,1313
KSB,2026-04-01 12:35:00,827.8,827.85,827.15,827.85,76
KSB,2026-04-01 12:36:00,827.8,828.4,827.4,828.4,194
KSB,2026-04-01 12:37:00,827.65,828.05,827.1,828.0,672
KSB,2026-04-01 12:38:00,828.0,828.0,827.55,827.75,46
KSB,2026-04-01 12:39:00,827.75,828.0,827.75,828.0,155
KSB,2026-04-01 12:40:00,828.0,828.45,828.0,828.4,85
KSB,2026-04-01 12:41:00,828.6,828.6,828.4,828.4,174
KSB,2026-04-01 12:42:00,828.45,828.65,828.2,828.55,327
KSB,2026-04-01 12:43:00,828.55,828.85,827.85,828.8,266
KSB,2026-04-01 12:44:00,828.8,828.85,828.0,828.85,178
KSB,2026-04-01 12:45:00,828.85,829.6,828.5,829.6,873
KSB,2026-04-01 12:46:00,829.7,830.0,829.7,829.9,356
KSB,2026-04-01 12:47:00,829.9,830.0,829.3,829.95,452
KSB,2026-04-01 12:48:00,829.95,833.2,829.95,833.2,4998
KSB,2026-04-01 12:49:00,833.2,833.3,832.45,832.7,1101
KSB,2026-04-01 12:50:00,832.5,833.1,832.1,832.95,1367
KSB,2026-04-01 12:51:00,832.95,832.95,832.25,832.5,109
KSB,2026-04-01 12:52:00,832.5,833.0,832.5,833.0,354
KSB,2026-04-01 12:53:00,833.0,833.55,832.5,833.55,721
KSB,2026-04-01 12:54:00,833.8,835.05,832.85,832.85,8892
KSB,2026-04-01 12:55:00,832.75,833.25,832.65,833.25,987
KSB,2026-04-01 12:56:00,833.25,833.25,831.6,832.35,1339
KSB,2026-04-01 12:57:00,832.35,833.25,832.35,833.25,261
KSB,2026-04-01 12:58:00,833.2,833.25,833.1,833.2,207
KSB,2026-04-01 12:59:00,833.25,833.25,832.5,833.0,217
KSB,2026-04-01 13:00:00,833.0,833.25,832.55,832.7,89
KSB,2026-04-01 13:01:00,833.25,833.25,833.25,833.25,110
KSB,2026-04-01 13:02:00,833.45,833.5,832.9,832.9,364
KSB,2026-04-01 13:03:00,832.75,833.95,832.75,833.2,787
KSB,2026-04-01 13:04:00,833.2,833.45,832.75,833.45,153
KSB,2026-04-01 13:05:00,834.0,834.0,832.8,833.8,288
KSB,2026-04-01 13:06:00,833.8,833.85,832.95,833.25,455
KSB,2026-04-01 13:07:00,833.0,834.15,833.0,833.85,271
KSB,2026-04-01 13:08:00,834.1,834.5,833.25,833.25,909
KSB,2026-04-01 13:09:00,834.0,834.35,833.4,833.4,350
KSB,2026-04-01 13:10:00,833.4,833.95,833.4,833.9,231
KSB,2026-04-01 13:11:00,834.15,834.15,832.3,832.55,829
KSB,2026-04-01 13:12:00,832.55,832.6,831.9,831.9,196
KSB,2026-04-01 13:13:00,831.9,832.55,831.9,832.5,679
KSB,2026-04-01 13:14:00,833.0,833.5,833.0,833.35,2408
KSB,2026-04-01 13:15:00,833.0,833.35,832.5,833.1,491
KSB,2026-04-01 13:16:00,833.1,833.1,832.35,833.05,62
KSB,2026-04-01 13:17:00,832.2,832.95,832.2,832.85,154
KSB,2026-04-01 13:18:00,832.75,832.8,832.05,832.5,303
KSB,2026-04-01 13:19:00,832.3,832.55,831.75,832.25,728
KSB,2026-04-01 13:20:00,832.45,832.45,831.0,831.25,262
KSB,2026-04-01 13:21:00,830.3,831.05,830.3,831.05,619
KSB,2026-04-01 13:22:00,831.2,831.3,831.2,831.3,68
KSB,2026-04-01 13:23:00,831.3,831.5,830.65,831.5,300
KSB,2026-04-01 13:24:00,831.5,832.4,830.85,831.75,828
KSB,2026-04-01 13:25:00,831.75,832.85,831.75,832.85,123
KSB,2026-04-01 13:26:00,832.85,832.85,832.05,832.85,467
KSB,2026-04-01 13:27:00,832.85,832.95,832.85,832.95,58
KSB,2026-04-01 13:28:00,832.95,833.45,832.85,833.15,896
KSB,2026-04-01 13:29:00,833.05,833.1,833.05,833.05,169
KSB,2026-04-01 13:30:00,833.1,833.1,832.8,832.85,201
KSB,2026-04-01 13:31:00,832.85,832.95,832.05,832.05,204
KSB,2026-04-01 13:32:00,832.05,832.8,832.0,832.8,216
KSB,2026-04-01 13:33:00,832.85,832.85,832.15,832.8,52
KSB,2026-04-01 13:34:00,832.8,832.8,832.15,832.65,144
KSB,2026-04-01 13:35:00,832.85,832.85,831.8,831.8,632
KSB,2026-04-01 13:36:00,831.8,831.8,831.75,831.75,170
KSB,2026-04-01 13:37:00,831.75,831.75,831.05,831.5,230
KSB,2026-04-01 13:38:00,831.5,831.5,831.05,831.5,506
KSB,2026-04-01 13:39:00,831.5,832.7,831.15,832.3,547
KSB,2026-04-01 13:40:00,832.55,832.8,829.3,829.3,2777
KSB,2026-04-01 13:41:00,827.9,827.9,827.0,827.65,1961
KSB,2026-04-01 13:42:00,826.85,827.0,825.3,826.6,915
KSB,2026-04-01 13:43:00,826.6,826.6,823.75,823.75,1851
KSB,2026-04-01 13:44:00,824.75,825.7,824.6,824.6,754
KSB,2026-04-01 13:45:00,824.6,825.9,824.6,825.9,2449
KSB,2026-04-01 13:46:00,825.9,827.7,825.9,826.8,302
KSB,2026-04-01 13:47:00,826.8,828.35,826.3,828.35,235
KSB,2026-04-01 13:48:00,828.25,828.85,827.0,827.0,252
KSB,2026-04-01 13:49:00,827.05,828.55,827.05,828.55,296
KSB,2026-04-01 13:50:00,827.7,828.75,827.7,828.75,225
KSB,2026-04-01 13:51:00,828.4,829.3,828.4,829.2,63
KSB,2026-04-01 13:52:00,829.25,829.3,828.55,829.1,128
KSB,2026-04-01 13:53:00,829.2,829.2,828.05,828.85,278
KSB,2026-04-01 13:54:00,828.85,828.85,828.0,828.45,105
KSB,2026-04-01 13:55:00,828.45,828.45,827.6,828.0,169
KSB,2026-04-01 13:56:00,828.0,829.85,827.95,829.25,1649
KSB,2026-04-01 13:57:00,828.85,832.65,828.85,830.1,1803
KSB,2026-04-01 13:58:00,830.45,831.2,830.45,831.0,123
KSB,2026-04-01 13:59:00,831.0,831.5,830.55,831.35,141
KSB,2026-04-01 14:00:00,831.35,831.55,830.7,831.25,390
KSB,2026-04-01 14:01:00,831.25,831.55,830.45,831.1,252
KSB,2026-04-01 14:02:00,831.1,831.8,831.1,831.8,74
KSB,2026-04-01 14:03:00,831.8,831.8,831.15,831.4,122
KSB,2026-04-01 14:04:00,831.1,831.65,831.1,831.6,164
KSB,2026-04-01 14:05:00,831.6,832.25,831.5,832.25,453
KSB,2026-04-01 14:06:00,831.95,832.0,830.55,830.55,385
KSB,2026-04-01 14:07:00,830.55,832.1,830.55,831.85,535
KSB,2026-04-01 14:08:00,831.85,832.25,830.6,832.0,1388
KSB,2026-04-01 14:09:00,831.85,832.0,831.05,831.4,1043
KSB,2026-04-01 14:10:00,831.4,832.15,829.75,831.9,1951
KSB,2026-04-01 14:11:00,832.15,832.15,831.15,831.7,306
KSB,2026-04-01 14:12:00,831.7,831.95,830.85,831.85,164
KSB,2026-04-01 14:13:00,831.9,831.95,830.7,830.7,450
KSB,2026-04-01 14:14:00,830.7,832.15,830.7,832.05,175
KSB,2026-04-01 14:15:00,832.05,832.05,831.95,832.0,142
KSB,2026-04-01 14:16:00,832.0,832.0,831.25,831.7,103
KSB,2026-04-01 14:17:00,831.65,831.65,831.5,831.6,96
KSB,2026-04-01 14:18:00,831.6,831.65,831.6,831.65,99
KSB,2026-04-01 14:19:00,831.65,832.0,831.65,832.0,281
KSB,2026-04-01 14:20:00,832.0,832.0,831.45,831.45,429
KSB,2026-04-01 14:21:00,831.45,832.0,831.35,831.35,127
KSB,2026-04-01 14:22:00,831.35,831.65,830.5,831.65,300
KSB,2026-04-01 14:23:00,831.75,831.9,831.75,831.9,65
KSB,2026-04-01 14:24:00,831.9,831.95,830.55,831.45,737
KSB,2026-04-01 14:25:00,831.35,831.55,831.35,831.55,96
KSB,2026-04-01 14:26:00,831.55,831.55,830.75,830.75,103
KSB,2026-04-01 14:27:00,831.0,832.0,831.0,832.0,757
KSB,2026-04-01 14:28:00,832.0,832.0,831.6,832.0,175
KSB,2026-04-01 14:29:00,832.2,832.2,831.5,832.2,128
KSB,2026-04-01 14:30:00,832.2,832.2,831.75,832.2,115
KSB,2026-04-01 14:31:00,832.2,832.2,832.0,832.1,117
KSB,2026-04-01 14:32:00,832.2,832.2,831.75,832.2,182
KSB,2026-04-01 14:33:00,832.2,832.2,832.0,832.0,96
KSB,2026-04-01 14:34:00,831.5,832.1,831.5,831.95,316
KSB,2026-04-01 14:35:00,831.7,831.8,831.2,831.6,133
KSB,2026-04-01 14:36:00,831.6,831.7,831.4,831.7,159
KSB,2026-04-01 14:37:00,831.7,831.7,830.95,831.3,130
KSB,2026-04-01 14:38:00,831.3,831.5,829.85,830.05,1188
KSB,2026-04-01 14:39:00,830.05,830.1,829.2,829.25,325
KSB,2026-04-01 14:40:00,830.0,830.0,829.8,829.8,142
KSB,2026-04-01 14:41:00,829.8,830.95,828.75,830.95,936
KSB,2026-04-01 14:42:00,831.0,831.0,830.1,830.55,386
KSB,2026-04-01 14:43:00,830.65,830.85,829.7,829.8,201
KSB,2026-04-01 14:44:00,830.0,830.15,829.95,829.95,111
KSB,2026-04-01 14:45:00,830.0,830.0,828.9,829.75,247
KSB,2026-04-01 14:46:00,829.75,829.75,827.85,828.6,289
KSB,2026-04-01 14:47:00,828.65,828.75,827.65,828.6,301
KSB,2026-04-01 14:48:00,828.55,828.65,828.45,828.45,88
KSB,2026-04-01 14:49:00,828.45,828.65,827.6,827.6,209
KSB,2026-04-01 14:50:00,828.45,828.5,827.55,827.9,286
KSB,2026-04-01 14:51:00,827.75,828.5,827.75,828.05,266
KSB,2026-04-01 14:52:00,828.5,829.75,828.5,829.1,1306
KSB,2026-04-01 14:53:00,829.35,829.7,828.7,828.8,855
KSB,2026-04-01 14:54:00,828.8,829.05,828.55,829.05,326
KSB,2026-04-01 14:55:00,828.2,828.6,827.85,828.6,604
KSB,2026-04-01 14:56:00,829.5,830.6,828.7,830.5,914
KSB,2026-04-01 14:57:00,829.75,830.8,829.75,830.55,1919
KSB,2026-04-01 14:58:00,830.7,830.85,829.9,830.85,651
KSB,2026-04-01 14:59:00,830.85,830.85,829.85,830.0,1555
KSB,2026-04-01 15:00:00,830.85,831.85,830.85,831.25,1155
KSB,2026-04-01 15:01:00,831.25,832.75,831.25,832.1,2286
KSB,2026-04-01 15:02:00,832.2,832.4,832.0,832.4,1878
KSB,2026-04-01 15:03:00,831.8,832.4,831.15,832.4,954
KSB,2026-04-01 15:04:00,832.5,834.0,832.0,833.1,1128
KSB,2026-04-01 15:05:00,833.6,833.75,832.35,832.35,691
KSB,2026-04-01 15:06:00,833.15,833.25,832.0,833.05,768
KSB,2026-04-01 15:07:00,833.05,833.4,833.0,833.15,741
KSB,2026-04-01 15:08:00,833.35,833.6,830.2,830.9,3032
KSB,2026-04-01 15:09:00,830.9,831.0,829.35,829.35,2215
KSB,2026-04-01 15:10:00,829.6,829.85,828.95,829.3,3551
KSB,2026-04-01 15:11:00,829.3,829.95,828.45,829.8,1786
KSB,2026-04-01 15:12:00,829.95,830.0,829.2,829.6,884
KSB,2026-04-01 15:13:00,829.7,830.0,829.7,829.85,1269
KSB,2026-04-01 15:14:00,829.55,829.8,828.2,828.2,1773
KSB,2026-04-01 15:15:00,829.15,829.85,827.75,829.85,5767
KSB,2026-04-01 15:16:00,829.75,829.8,826.5,826.5,1975
KSB,2026-04-01 15:17:00,827.0,827.7,826.0,827.0,4871
KSB,2026-04-01 15:18:00,827.0,827.25,827.0,827.0,4002
KSB,2026-04-01 15:19:00,827.0,827.3,826.95,827.0,6565
KSB,2026-04-01 15:20:00,827.0,827.0,826.9,827.0,1545
KSB,2026-04-01 15:21:00,826.9,827.0,826.05,826.05,1535
KSB,2026-04-01 15:22:00,826.3,827.0,825.8,826.15,1779
KSB,2026-04-01 15:23:00,826.9,827.0,826.35,827.0,2054
KSB,2026-04-01 15:24:00,826.15,827.0,826.15,827.0,1293
KSB,2026-04-01 15:25:00,827.0,827.0,826.1,827.0,1691
KSB,2026-04-01 15:26:00,827.0,827.0,826.15,826.15,838
KSB,2026-04-01 15:27:00,826.4,827.0,826.05,827.0,25260
KSB,2026-04-01 15:28:00,826.05,827.0,826.05,826.95,2049
KSB,2026-04-01 15:29:00,826.95,829.85,825.25,827.0,1283
KSB,2026-04-02 09:15:00,827.0,827.0,811.6,812.5,7583
KSB,2026-04-02 09:16:00,811.15,815.8,811.15,815.8,4532
KSB,2026-04-02 09:17:00,813.55,814.95,813.1,814.7,1652
KSB,2026-04-02 09:18:00,812.0,812.0,807.25,809.55,2142
KSB,2026-04-02 09:19:00,809.55,811.45,808.55,811.2,2479
KSB,2026-04-02 09:20:00,811.2,811.25,809.5,809.6,546
KSB,2026-04-02 09:21:00,809.6,810.3,808.75,808.75,2595
KSB,2026-04-02 09:22:00,808.0,808.5,805.9,808.5,516
KSB,2026-04-02 09:23:00,808.6,810.85,808.55,810.85,704
KSB,2026-04-02 09:24:00,810.85,812.95,810.0,812.95,185
KSB,2026-04-02 09:25:00,812.95,813.05,811.9,813.05,578
KSB,2026-04-02 09:26:00,811.2,811.8,810.55,810.55,233
KSB,2026-04-02 09:27:00,810.0,810.7,809.0,809.8,689
KSB,2026-04-02 09:28:00,809.8,809.8,808.6,808.6,136
KSB,2026-04-02 09:29:00,808.4,808.85,807.0,808.85,310
KSB,2026-04-02 09:30:00,808.85,809.15,808.0,809.15,235
KSB,2026-04-02 09:31:00,809.15,810.05,809.15,810.05,39
KSB,2026-04-02 09:32:00,810.05,810.05,807.9,807.9,503
KSB,2026-04-02 09:33:00,808.7,808.7,807.9,807.9,206
KSB,2026-04-02 09:34:00,807.2,807.4,807.0,807.4,306
KSB,2026-04-02 09:35:00,807.0,807.6,806.65,807.35,154
KSB,2026-04-02 09:36:00,807.25,807.6,807.25,807.6,60
KSB,2026-04-02 09:37:00,807.6,807.9,806.7,807.8,160
KSB,2026-04-02 09:38:00,807.05,807.8,807.05,807.8,115
KSB,2026-04-02 09:39:00,807.8,807.8,806.4,806.8,489
KSB,2026-04-02 09:40:00,806.8,807.05,806.3,806.85,68
KSB,2026-04-02 09:41:00,807.75,808.5,807.0,808.0,930
KSB,2026-04-02 09:42:00,808.0,808.2,807.85,808.05,156
KSB,2026-04-02 09:43:00,808.5,809.85,807.45,809.85,3981
KSB,2026-04-02 09:44:00,809.6,809.8,808.4,809.8,454
KSB,2026-04-02 09:45:00,809.8,809.9,809.8,809.85,126
KSB,2026-04-02 09:46:00,809.85,809.9,808.6,809.25,825
KSB,2026-04-02 09:47:00,809.25,809.6,809.25,809.6,233
KSB,2026-04-02 09:48:00,809.6,809.6,808.7,808.7,6
KSB,2026-04-02 09:49:00,808.7,808.75,807.7,808.05,92
KSB,2026-04-02 09:50:00,808.05,808.85,808.05,808.55,12
KSB,2026-04-02 09:51:00,808.55,809.35,808.25,808.25,129
KSB,2026-04-02 09:52:00,808.25,808.6,807.6,808.35,199
KSB,2026-04-02 09:53:00,808.35,808.8,807.25,807.85,354
KSB,2026-04-02 09:54:00,807.85,807.85,807.25,807.25,2
KSB,2026-04-02 09:55:00,807.25,808.35,807.25,808.25,254
KSB,2026-04-02 09:56:00,808.25,808.5,807.7,808.3,1048
KSB,2026-04-02 09:57:00,808.3,808.3,807.0,807.25,189
KSB,2026-04-02 09:58:00,807.25,807.25,807.25,807.25,4
KSB,2026-04-02 09:59:00,807.25,807.5,807.2,807.5,41
KSB,2026-04-02 10:00:00,806.5,807.25,806.0,807.25,227
KSB,2026-04-02 10:01:00,807.25,807.5,807.2,807.5,61
KSB,2026-04-02 10:02:00,807.5,807.5,806.6,806.6,33
KSB,2026-04-02 10:03:00,806.6,808.0,806.0,806.05,271
KSB,2026-04-02 10:04:00,806.0,806.85,806.0,806.0,2086
KSB,2026-04-02 10:05:00,804.0,804.85,803.05,803.95,1722
KSB,2026-04-02 10:06:00,803.95,803.95,803.15,803.75,1257
KSB,2026-04-02 10:07:00,803.75,804.0,803.75,804.0,327
KSB,2026-04-02 10:08:00,804.0,804.8,804.0,804.8,1261
KSB,2026-04-02 10:09:00,805.2,805.35,805.1,805.1,137
KSB,2026-04-02 10:10:00,805.1,805.15,805.1,805.15,11
KSB,2026-04-02 10:11:00,805.15,805.45,805.15,805.45,1705
KSB,2026-04-02 10:12:00,805.45,805.5,804.3,805.5,143
KSB,2026-04-02 10:13:00,805.5,805.5,805.2,805.2,18
KSB,2026-04-02 10:14:00,805.2,807.1,805.2,807.1,157
KSB,2026-04-02 10:15:00,807.1,807.4,807.1,807.4,101
KSB,2026-04-02 10:16:00,807.4,807.5,806.4,807.35,2113
KSB,2026-04-02 10:17:00,807.35,807.35,805.6,805.8,107
KSB,2026-04-02 10:18:00,805.8,805.8,805.2,805.65,67
KSB,2026-04-02 10:19:00,806.0,806.0,805.0,805.65,262
KSB,2026-04-02 10:20:00,805.65,805.8,805.0,805.8,23
KSB,2026-04-02 10:21:00,805.8,805.8,805.0,805.6,70
KSB,2026-04-02 10:22:00,805.6,806.05,805.0,805.8,157
KSB,2026-04-02 10:23:00,805.8,805.8,804.55,805.0,257
KSB,2026-04-02 10:24:00,805.0,805.75,804.75,804.75,55
KSB,2026-04-02 10:25:00,804.75,805.0,802.8,804.85,2082
KSB,2026-04-02 10:26:00,804.85,804.95,804.85,804.85,31
KSB,2026-04-02 10:27:00,804.85,805.4,804.85,805.4,4
KSB,2026-04-02 10:28:00,805.4,806.1,805.4,805.5,615
KSB,2026-04-02 10:29:00,805.5,806.9,805.0,806.9,315
KSB,2026-04-02 10:30:00,806.9,810.0,806.9,809.75,2221
KSB,2026-04-02 10:31:00,809.75,810.0,809.75,809.75,548
KSB,2026-04-02 10:32:00,809.85,810.0,809.0,809.8,37
KSB,2026-04-02 10:33:00,809.8,810.0,809.0,809.0,36
KSB,2026-04-02 10:34:00,809.0,809.6,809.0,809.6,18
KSB,2026-04-02 10:35:00,809.6,812.8,808.75,811.65,6132
KSB,2026-04-02 10:36:00,811.65,813.95,810.7,810.7,3601
KSB,2026-04-02 10:37:00,810.7,810.7,808.9,808.9,81
KSB,2026-04-02 10:38:00,808.9,809.15,808.9,808.9,167
KSB,2026-04-02 10:39:00,808.9,809.2,808.5,808.55,29
KSB,2026-04-02 10:40:00,808.55,809.2,808.55,809.2,1
KSB,2026-04-02 10:41:00,808.2,808.4,804.4,805.55,2097
KSB,2026-04-02 10:42:00,806.3,806.85,806.3,806.85,22
KSB,2026-04-02 10:43:00,806.95,807.3,806.95,807.3,67
KSB,2026-04-02 10:44:00,807.3,807.3,806.35,807.1,27
KSB,2026-04-02 10:45:00,805.95,806.25,805.95,806.25,2249
KSB,2026-04-02 10:46:00,806.25,806.45,805.25,806.45,34
KSB,2026-04-02 10:47:00,806.45,806.45,805.0,805.45,1444
KSB,2026-04-02 10:48:00,805.45,805.7,805.0,805.7,59
KSB,2026-04-02 10:49:00,805.95,805.95,805.45,805.7,26
KSB,2026-04-02 10:50:00,806.1,806.1,805.45,805.65,25
KSB,2026-04-02 10:51:00,805.65,805.85,805.65,805.85,120
KSB,2026-04-02 10:52:00,805.85,806.35,805.85,806.35,41
KSB,2026-04-02 10:53:00,806.35,806.85,806.35,806.85,2
KSB,2026-04-02 10:54:00,807.0,807.35,807.0,807.35,162
KSB,2026-04-02 10:55:00,807.35,807.35,807.05,807.05,1
KSB,2026-04-02 10:56:00,807.05,807.45,806.95,807.45,3
KSB,2026-04-02 10:57:00,807.45,807.7,807.45,807.7,4
KSB,2026-04-02 10:58:00,807.7,809.7,807.7,809.7,714
KSB,2026-04-02 10:59:00,809.7,809.7,809.6,809.6,36
KSB,2026-04-02 11:00:00,809.6,809.6,809.5,809.5,3
KSB,2026-04-02 11:01:00,809.5,809.6,808.8,809.6,234
KSB,2026-04-02 11:02:00,809.6,809.6,809.0,809.5,118
KSB,2026-04-02 11:03:00,809.5,809.5,809.5,809.5,2
KSB,2026-04-02 11:04:00,808.65,808.7,808.65,808.7,51
KSB,2026-04-02 11:05:00,808.7,808.9,808.7,808.9,1
KSB,2026-04-02 11:06:00,808.9,808.95,808.9,808.95,11
KSB,2026-04-02 11:07:00,808.95,808.95,808.1,808.15,6
KSB,2026-04-02 11:08:00,808.15,808.75,808.15,808.7,13
KSB,2026-04-02 11:09:00,808.05,808.35,808.05,808.35,697
KSB,2026-04-02 11:10:00,808.35,808.65,807.35,807.35,1333
KSB,2026-04-02 11:11:00,807.4,807.6,807.4,807.6,2
KSB,2026-04-02 11:12:00,807.6,808.15,807.6,808.15,62
KSB,2026-04-02 11:13:00,808.15,808.5,807.6,807.6,77
KSB,2026-04-02 11:14:00,808.35,808.35,808.25,808.25,2
KSB,2026-04-02 11:15:00,808.25,808.25,806.9,806.9,111
KSB,2026-04-02 11:16:00,806.85,809.6,806.85,809.6,1282
KSB,2026-04-02 11:17:00,809.6,810.0,809.4,809.4,2
KSB,2026-04-02 11:18:00,809.4,809.4,809.4,809.4,4
KSB,2026-04-02 11:19:00,809.4,809.4,808.35,809.4,326
KSB,2026-04-02 11:20:00,809.4,809.4,809.4,809.4,126
KSB,2026-04-02 11:21:00,809.4,809.5,809.4,809.5,2
KSB,2026-04-02 11:22:00,809.5,809.5,808.9,808.9,2
KSB,2026-04-02 11:23:00,808.9,808.9,808.55,808.9,3
KSB,2026-04-02 11:24:00,808.9,808.9,808.25,808.25,1062
KSB,2026-04-02 11:25:00,808.45,809.9,808.25,809.55,921
KSB,2026-04-02 11:26:00,809.55,809.95,809.35,809.35,57
KSB,2026-04-02 11:27:00,809.35,809.85,809.35,809.6,16
KSB,2026-04-02 11:28:00,809.6,809.85,809.0,809.05,255
KSB,2026-04-02 11:29:00,809.05,809.8,809.05,809.8,3
KSB,2026-04-02 11:30:00,809.8,809.8,808.9,809.8,113
KSB,2026-04-02 11:31:00,810.0,811.35,810.0,811.35,687
KSB,2026-04-02 11:32:00,811.7,811.7,810.0,810.0,1473
KSB,2026-04-02 11:33:00,810.0,811.15,810.0,810.25,579
KSB,2026-04-02 11:34:00,810.25,811.1,810.25,811.0,12
KSB,2026-04-02 11:35:00,811.0,811.25,810.05,811.25,202
KSB,2026-04-02 11:36:00,811.5,811.5,811.35,811.35,2
KSB,2026-04-02 11:37:00,811.35,811.35,811.0,811.35,3
KSB,2026-04-02 11:38:00,811.35,811.35,810.55,810.55,60
KSB,2026-04-02 11:39:00,811.3,811.3,811.3,811.3,14
KSB,2026-04-02 11:40:00,811.3,811.5,811.3,811.35,201
KSB,2026-04-02 11:41:00,811.35,811.35,811.3,811.3,1
KSB,2026-04-02 11:42:00,811.3,811.3,810.7,811.2,9
KSB,2026-04-02 11:43:00,811.2,811.2,811.1,811.1,106
KSB,2026-04-02 11:44:00,811.1,811.1,811.0,811.0,11
KSB,2026-04-02 11:45:00,811.0,811.0,810.95,811.0,11
KSB,2026-04-02 11:46:00,811.0,811.5,811.0,811.5,503
KSB,2026-04-02 11:47:00,811.5,811.5,811.5,811.5,53
KSB,2026-04-02 11:48:00,811.5,811.5,811.45,811.45,303
KSB,2026-04-02 11:49:00,811.45,811.45,810.85,811.45,27
KSB,2026-04-02 11:50:00,811.2,811.9,811.2,811.9,335
KSB,2026-04-02 11:51:00,811.9,811.9,811.85,811.85,100
KSB,2026-04-02 11:52:00,812.2,812.25,812.0,812.0,86
KSB,2026-04-02 11:53:00,812.0,812.35,812.0,812.35,153
KSB,2026-04-02 11:54:00,812.35,812.35,811.55,812.35,202
KSB,2026-04-02 11:55:00,812.35,813.5,812.35,813.5,782
KSB,2026-04-02 11:56:00,813.05,814.4,813.05,814.05,334
KSB,2026-04-02 11:57:00,814.05,814.3,813.85,814.1,213
KSB,2026-04-02 11:58:00,814.1,814.85,814.1,814.3,459
KSB,2026-04-02 11:59:00,814.3,814.85,812.35,812.55,519
KSB,2026-04-02 12:00:00,813.25,814.4,812.4,814.3,71
KSB,2026-04-02 12:01:00,814.3,814.3,814.15,814.15,32
KSB,2026-04-02 12:02:00,813.85,813.9,813.1,813.5,58
KSB,2026-04-02 12:03:00,813.5,813.8,813.5,813.8,51
KSB,2026-04-02 12:04:00,813.8,813.85,813.1,813.1,985
KSB,2026-04-02 12:05:00,813.1,815.05,813.1,815.05,1156
KSB,2026-04-02 12:06:00,815.05,815.05,814.45,814.45,11
KSB,2026-04-02 12:07:00,814.35,814.45,814.35,814.45,21
KSB,2026-04-02 12:08:00,813.35,814.45,813.35,814.4,173
KSB,2026-04-02 12:09:00,814.4,814.45,814.1,814.45,3
KSB,2026-04-02 12:10:00,814.45,814.45,814.3,814.3,2
KSB,2026-04-02 12:11:00,814.3,814.7,814.3,814.7,351
KSB,2026-04-02 12:12:00,814.7,814.7,814.2,814.2,25
KSB,2026-04-02 12:13:00,814.2,814.7,813.85,814.7,120
KSB,2026-04-02 12:14:00,814.7,815.5,814.7,815.5,944
KSB,2026-04-02 12:15:00,815.5,815.85,815.5,815.85,20
KSB,2026-04-02 12:16:00,815.85,815.85,815.5,815.5,188
KSB,2026-04-02 12:17:00,815.5,818.55,815.5,818.55,2410
KSB,2026-04-02 12:18:00,818.55,819.0,817.9,819.0,1609
KSB,2026-04-02 12:19:00,819.0,819.55,818.5,818.5,259
KSB,2026-04-02 12:20:00,818.5,818.95,818.5,818.5,52
KSB,2026-04-02 12:21:00,817.8,817.8,814.0,815.35,1868
KSB,2026-04-02 12:22:00,815.35,815.4,814.0,815.4,95
KSB,2026-04-02 12:23:00,815.4,816.15,815.4,816.15,4
KSB,2026-04-02 12:24:00,816.15,816.3,816.1,816.1,2
KSB,2026-04-02 12:25:00,816.1,816.1,816.1,816.1,1
KSB,2026-04-02 12:26:00,816.1,816.1,816.1,816.1,2
KSB,2026-04-02 12:27:00,816.1,816.3,815.85,815.85,15
KSB,2026-04-02 12:28:00,816.3,816.85,816.3,816.65,630
KSB,2026-04-02 12:29:00,816.65,817.5,816.65,816.8,141
KSB,2026-04-02 12:30:00,816.8,817.5,816.8,817.5,10
KSB,2026-04-02 12:31:00,817.5,817.5,817.2,817.25,6
KSB,2026-04-02 12:32:00,817.25,817.25,817.25,817.25,3
KSB,2026-04-02 12:33:00,817.5,817.8,816.85,816.85,111
KSB,2026-04-02 12:34:00,816.85,817.8,816.85,817.8,116
KSB,2026-04-02 12:35:00,817.8,817.8,817.8,817.8,1
KSB,2026-04-02 12:36:00,817.8,818.0,817.8,818.0,247
KSB,2026-04-02 12:37:00,818.0,818.4,818.0,818.4,11
KSB,2026-04-02 12:38:00,818.4,818.4,817.85,817.85,10
KSB,2026-04-02 12:39:00,818.65,820.85,818.65,819.35,1982
KSB,2026-04-02 12:40:00,819.35,819.65,819.35,819.55,206
KSB,2026-04-02 12:41:00,819.55,819.85,819.55,819.85,176
KSB,2026-04-02 12:42:00,819.85,820.85,819.85,820.8,463
KSB,2026-04-02 12:43:00,820.8,823.0,820.8,823.0,1175
KSB,2026-04-02 12:44:00,823.0,824.35,822.15,824.0,1571
KSB,2026-04-02 12:45:00,824.0,824.0,819.65,819.65,3590
KSB,2026-04-02 12:46:00,819.8,819.8,819.1,819.45,2957
KSB,2026-04-02 12:47:00,820.85,823.65,820.85,823.65,817
KSB,2026-04-02 12:48:00,823.65,824.5,823.65,824.2,161
KSB,2026-04-02 12:49:00,824.0,825.0,823.85,824.75,442
KSB,2026-04-02 12:50:00,824.5,824.5,823.2,823.2,114
KSB,2026-04-02 12:51:00,823.2,823.2,823.2,823.2,31
KSB,2026-04-02 12:52:00,823.2,823.25,823.2,823.25,247
KSB,2026-04-02 12:53:00,823.25,823.25,823.0,823.0,71
KSB,2026-04-02 12:54:00,823.0,823.0,821.5,821.5,174
KSB,2026-04-02 12:55:00,822.3,822.55,821.6,822.55,68
KSB,2026-04-02 12:56:00,822.55,822.8,822.0,822.8,139
KSB,2026-04-02 12:57:00,822.8,823.15,822.05,823.15,310
KSB,2026-04-02 12:58:00,823.15,823.55,823.15,823.55,91
KSB,2026-04-02 12:59:00,823.55,823.55,823.55,823.55,0
KSB,2026-04-02 13:00:00,823.55,823.85,823.55,823.85,7
KSB,2026-04-02 13:01:00,823.85,824.75,823.85,824.75,49
KSB,2026-04-02 13:02:00,824.75,824.75,824.75,824.75,84
KSB,2026-04-02 13:03:00,824.75,824.75,824.75,824.75,106
KSB,2026-04-02 13:04:00,824.75,824.75,823.85,824.4,513
KSB,2026-04-02 13:05:00,824.8,824.8,824.5,824.8,179
KSB,2026-04-02 13:06:00,824.8,824.8,824.05,824.1,60
KSB,2026-04-02 13:07:00,823.4,823.5,823.4,823.5,56
KSB,2026-04-02 13:08:00,823.8,824.85,823.8,824.85,17
KSB,2026-04-02 13:09:00,824.85,828.0,824.85,827.65,2643
KSB,2026-04-02 13:10:00,827.65,827.65,825.15,826.4,322
KSB,2026-04-02 13:11:00,826.4,826.45,826.4,826.45,2
KSB,2026-04-02 13:12:00,826.45,826.45,825.55,826.0,641
KSB,2026-04-02 13:13:00,826.0,826.4,825.6,826.4,269
KSB,2026-04-02 13:14:00,827.0,827.65,826.85,827.3,853
KSB,2026-04-02 13:15:00,827.3,827.3,827.3,827.3,53
KSB,2026-04-02 13:16:00,827.3,827.3,825.85,825.85,214
KSB,2026-04-02 13:17:00,825.85,826.55,825.85,826.55,111
KSB,2026-04-02 13:18:00,826.5,827.0,825.9,827.0,138
KSB,2026-04-02 13:19:00,826.45,826.95,826.45,826.95,265
KSB,2026-04-02 13:20:00,826.95,826.95,826.8,826.8,29
KSB,2026-04-02 13:21:00,826.15,826.8,826.15,826.8,297
KSB,2026-04-02 13:22:00,826.8,829.65,826.8,827.8,4249
KSB,2026-04-02 13:23:00,827.8,827.8,827.8,827.8,46
KSB,2026-04-02 13:24:00,827.8,828.45,827.8,828.4,378
KSB,2026-04-02 13:25:00,828.4,828.4,828.25,828.25,106
KSB,2026-04-02 13:26:00,828.25,828.4,827.05,828.1,463
KSB,2026-04-02 13:27:00,828.1,828.25,828.1,828.25,71
KSB,2026-04-02 13:28:00,828.25,828.25,827.1,827.95,744
KSB,2026-04-02 13:29:00,827.95,828.6,827.95,828.45,31
KSB,2026-04-02 13:30:00,828.45,828.8,827.8,828.0,44
KSB,2026-04-02 13:31:00,829.1,829.9,828.65,828.65,1492
KSB,2026-04-02 13:32:00,828.65,828.65,827.3,827.5,67
KSB,2026-04-02 13:33:00,827.85,827.95,827.5,827.95,37
KSB,2026-04-02 13:34:00,827.95,828.8,827.1,828.8,213
KSB,2026-04-02 13:35:00,828.8,828.85,828.45,828.45,178
KSB,2026-04-02 13:36:00,828.45,828.8,828.35,828.8,21
KSB,2026-04-02 13:37:00,828.8,829.45,828.8,829.45,124
KSB,2026-04-02 13:38:00,829.45,829.95,829.45,829.75,397
KSB,2026-04-02 13:39:00,829.75,829.95,829.1,829.75,117
KSB,2026-04-02 13:40:00,829.75,829.8,828.6,829.75,430
KSB,2026-04-02 13:41:00,829.6,829.65,828.65,829.65,624
KSB,2026-04-02 13:42:00,829.65,831.85,829.05,831.85,1273
KSB,2026-04-02 13:43:00,831.85,831.85,830.85,831.65,281
KSB,2026-04-02 13:44:00,831.65,831.65,830.8,831.45,93
KSB,2026-04-02 13:45:00,831.45,831.5,831.0,831.5,26
KSB,2026-04-02 13:46:00,831.5,831.85,830.95,831.85,368
KSB,2026-04-02 13:47:00,831.85,831.9,830.05,830.7,285
KSB,2026-04-02 13:48:00,830.7,830.95,830.0,830.6,197
KSB,2026-04-02 13:49:00,830.6,830.6,829.2,830.2,522
KSB,2026-04-02 13:50:00,830.2,830.2,829.2,829.95,174
KSB,2026-04-02 13:51:00,829.95,830.0,829.2,829.2,145
KSB,2026-04-02 13:52:00,829.2,829.8,829.2,829.4,104
KSB,2026-04-02 13:53:00,829.4,830.0,829.0,830.0,873
KSB,2026-04-02 13:54:00,830.0,830.0,828.9,828.9,141
KSB,2026-04-02 13:55:00,828.9,828.9,828.25,828.4,1996
KSB,2026-04-02 13:56:00,828.4,828.5,828.2,828.5,144
KSB,2026-04-02 13:57:00,828.5,829.05,827.05,828.0,815
KSB,2026-04-02 13:58:00,828.0,828.0,827.05,827.75,23
KSB,2026-04-02 13:59:00,827.75,827.75,827.7,827.7,3
KSB,2026-04-02 14:00:00,827.7,828.0,827.7,828.0,190
KSB,2026-04-02 14:01:00,828.0,828.2,827.25,827.95,267
KSB,2026-04-02 14:02:00,827.95,827.95,827.05,827.05,77
KSB,2026-04-02 14:03:00,827.05,828.3,827.05,827.5,1168
KSB,2026-04-02 14:04:00,827.5,827.5,827.05,827.05,70
KSB,2026-04-02 14:05:00,827.05,827.85,827.05,827.85,142
KSB,2026-04-02 14:06:00,828.0,828.8,828.0,828.8,215
KSB,2026-04-02 14:07:00,828.8,828.8,828.55,828.55,370
KSB,2026-04-02 14:08:00,828.55,828.8,827.4,828.8,6
KSB,2026-04-02 14:09:00,828.8,828.95,827.75,828.95,301
KSB,2026-04-02 14:10:00,828.55,829.05,828.55,829.0,56
KSB,2026-04-02 14:11:00,829.0,829.05,829.0,829.05,58
KSB,2026-04-02 14:12:00,829.05,829.05,829.05,829.05,58
KSB,2026-04-02 14:13:00,829.05,829.05,829.05,829.05,0
KSB,2026-04-02 14:14:00,829.05,829.05,828.95,828.95,42
KSB,2026-04-02 14:15:00,828.95,830.45,828.95,830.05,1118
KSB,2026-04-02 14:16:00,830.05,830.8,829.55,830.8,304
KSB,2026-04-02 14:17:00,830.8,831.0,828.8,828.8,476
KSB,2026-04-02 14:18:00,829.7,829.75,828.25,828.25,128
KSB,2026-04-02 14:19:00,828.75,829.1,828.75,829.1,70
KSB,2026-04-02 14:20:00,829.7,829.7,828.9,828.9,25
KSB,2026-04-02 14:21:00,828.9,829.7,828.9,829.7,100
KSB,2026-04-02 14:22:00,829.65,831.0,829.65,831.0,1038
KSB,2026-04-02 14:23:00,831.0,831.0,830.55,830.55,2
KSB,2026-04-02 14:24:00,829.75,831.0,829.75,831.0,367
KSB,2026-04-02 14:25:00,831.0,831.0,830.05,830.05,1
KSB,2026-04-02 14:26:00,829.8,830.55,829.65,830.55,226
KSB,2026-04-02 14:27:00,830.55,830.55,830.35,830.35,10
KSB,2026-04-02 14:28:00,830.5,830.55,830.2,830.2,251
KSB,2026-04-02 14:29:00,830.2,830.2,828.65,828.65,320
KSB,2026-04-02 14:30:00,828.65,829.1,828.65,829.0,100
KSB,2026-04-02 14:31:00,829.0,829.55,828.65,829.2,232
KSB,2026-04-02 14:32:00,828.85,829.55,828.35,828.35,359
KSB,2026-04-02 14:33:00,828.6,829.45,828.6,829.45,181
KSB,2026-04-02 14:34:00,829.45,829.8,829.2,829.75,90
KSB,2026-04-02 14:35:00,829.75,830.2,829.75,830.2,296
KSB,2026-04-02 14:36:00,830.2,830.2,829.3,829.3,29
KSB,2026-04-02 14:37:00,828.35,828.35,827.55,827.55,210
KSB,2026-04-02 14:38:00,827.55,827.55,827.55,827.55,55
KSB,2026-04-02 14:39:00,827.55,827.55,826.05,826.95,81
KSB,2026-04-02 14:40:00,826.95,827.55,826.95,827.05,49
KSB,2026-04-02 14:41:00,827.05,827.05,826.95,826.95,5
KSB,2026-04-02 14:42:00,826.95,827.35,825.25,826.2,464
KSB,2026-04-02 14:43:00,826.2,826.2,825.1,825.1,151
KSB,2026-04-02 14:44:00,825.1,826.55,825.0,826.55,852
KSB,2026-04-02 14:45:00,825.6,831.85,825.6,831.65,1507
KSB,2026-04-02 14:46:00,831.9,833.9,831.9,833.55,697
KSB,2026-04-02 14:47:00,833.6,833.7,831.85,831.85,98
KSB,2026-04-02 14:48:00,831.85,833.5,831.85,832.05,764
KSB,2026-04-02 14:49:00,833.5,833.6,831.65,833.55,995
KSB,2026-04-02 14:50:00,833.55,834.15,833.5,834.15,292
KSB,2026-04-02 14:51:00,834.05,836.95,834.05,836.0,2886
KSB,2026-04-02 14:52:00,835.05,837.0,834.4,835.9,3484
KSB,2026-04-02 14:53:00,835.9,836.0,834.9,835.95,413
KSB,2026-04-02 14:54:00,836.25,837.0,835.25,837.0,482
KSB,2026-04-02 14:55:00,837.0,837.0,836.0,837.0,1308
KSB,2026-04-02 14:56:00,837.85,838.0,836.85,836.85,747
KSB,2026-04-02 14:57:00,837.85,838.0,836.75,838.0,542
KSB,2026-04-02 14:58:00,837.95,838.8,837.15,838.8,700
KSB,2026-04-02 14:59:00,838.75,841.9,838.75,841.0,3908
KSB,2026-04-02 15:00:00,841.0,841.9,841.0,841.9,1861
KSB,2026-04-02 15:01:00,841.45,841.9,841.45,841.9,813
KSB,2026-04-02 15:02:00,841.9,842.15,841.05,841.7,2026
KSB,2026-04-02 15:03:00,841.7,841.7,840.0,840.0,997
KSB,2026-04-02 15:04:00,840.6,841.15,839.1,839.55,3455
KSB,2026-04-02 15:05:00,838.65,839.0,838.35,838.5,814
KSB,2026-04-02 15:06:00,839.65,839.95,838.6,838.9,447
KSB,2026-04-02 15:07:00,839.75,840.0,839.15,840.0,786
KSB,2026-04-02 15:08:00,839.75,839.95,838.0,838.4,1257
KSB,2026-04-02 15:09:00,839.5,839.55,838.15,838.15,430
KSB,2026-04-02 15:10:00,839.25,839.25,838.0,838.6,566
KSB,2026-04-02 15:11:00,838.6,839.0,838.05,839.0,436
KSB,2026-04-02 15:12:00,839.0,839.0,838.55,839.0,1257
KSB,2026-04-02 15:13:00,840.0,840.0,838.95,839.3,2412
KSB,2026-04-02 15:14:00,839.55,839.65,838.35,839.2,743
KSB,2026-04-02 15:15:00,838.25,839.4,838.25,838.8,3473
KSB,2026-04-02 15:16:00,838.75,839.15,838.75,839.15,790
KSB,2026-04-02 15:17:00,839.15,839.15,838.65,839.15,3703
KSB,2026-04-02 15:18:00,839.15,839.15,838.25,838.25,698
KSB,2026-04-02 15:19:00,839.15,839.15,836.75,836.95,698
KSB,2026-04-02 15:20:00,836.7,837.95,836.15,837.95,1608
KSB,2026-04-02 15:21:00,836.7,837.35,836.0,836.0,882
KSB,2026-04-02 15:22:00,837.0,837.0,836.05,836.05,735
KSB,2026-04-02 15:23:00,836.9,839.0,836.9,839.0,2515
KSB,2026-04-02 15:24:00,837.45,837.45,835.45,835.5,2304
KSB,2026-04-02 15:25:00,835.5,836.1,834.0,834.0,787
KSB,2026-04-02 15:26:00,834.0,834.8,833.95,834.8,2001
KSB,2026-04-02 15:27:00,834.35,834.75,832.55,832.55,681
KSB,2026-04-02 15:28:00,832.0,832.65,831.5,831.55,1644
KSB,2026-04-02 15:29:00,831.55,837.0,831.55,833.0,437
KSB,2026-04-06 09:15:00,849.1,849.1,836.0,836.0,12329
KSB,2026-04-06 09:16:00,836.35,837.85,832.8,834.5,3087
KSB,2026-04-06 09:17:00,834.5,834.5,829.7,829.7,1293
KSB,2026-04-06 09:18:00,830.0,830.0,827.4,828.8,1647
KSB,2026-04-06 09:19:00,832.35,832.75,828.35,829.5,1713
KSB,2026-04-06 09:20:00,830.0,833.25,829.15,831.6,1448
KSB,2026-04-06 09:21:00,831.35,831.35,828.5,828.5,1021
KSB,2026-04-06 09:22:00,829.85,833.1,829.85,833.1,2502
KSB,2026-04-06 09:23:00,833.3,835.0,831.95,835.0,3189
KSB,2026-04-06 09:24:00,833.15,835.45,831.85,835.45,1186
KSB,2026-04-06 09:25:00,836.7,836.7,833.75,833.75,1840
KSB,2026-04-06 09:26:00,833.7,835.15,833.15,835.15,1354
KSB,2026-04-06 09:27:00,836.6,838.85,836.6,837.0,680
KSB,2026-04-06 09:28:00,839.6,842.7,839.6,842.65,1083
KSB,2026-04-06 09:29:00,842.85,843.8,842.0,842.8,1316
KSB,2026-04-06 09:30:00,840.5,842.05,840.1,840.95,3586
KSB,2026-04-06 09:31:00,841.05,841.8,840.1,841.15,887
KSB,2026-04-06 09:32:00,842.5,843.65,841.2,843.15,2824
KSB,2026-04-06 09:33:00,842.0,843.75,842.0,843.75,956
KSB,2026-04-06 09:34:00,843.75,846.95,843.75,844.55,3414
KSB,2026-04-06 09:35:00,845.45,847.9,845.45,847.7,1937
KSB,2026-04-06 09:36:00,847.7,851.8,847.7,848.15,10574
KSB,2026-04-06 09:37:00,848.0,848.0,845.75,845.95,3530
KSB,2026-04-06 09:38:00,846.0,846.0,844.4,845.45,1840
KSB,2026-04-06 09:39:00,845.45,847.0,845.0,845.9,1863
KSB,2026-04-06 09:40:00,845.8,847.0,845.8,847.0,1793
KSB,2026-04-06 09:41:00,847.1,847.1,842.1,842.1,3796
KSB,2026-04-06 09:42:00,841.95,841.95,840.7,841.85,1033
KSB,2026-04-06 09:43:00,841.85,842.85,840.85,842.25,1534
KSB,2026-04-06 09:44:00,842.35,843.9,842.35,843.9,556
KSB,2026-04-06 09:45:00,843.85,845.6,843.85,844.4,833
KSB,2026-04-06 09:46:00,844.4,845.7,842.75,843.85,1039
KSB,2026-04-06 09:47:00,843.8,843.8,842.1,842.8,658
KSB,2026-04-06 09:48:00,842.8,842.95,841.0,841.0,707
KSB,2026-04-06 09:49:00,842.2,844.8,837.1,839.95,4672
KSB,2026-04-06 09:50:00,840.05,840.05,833.45,834.6,2372
KSB,2026-04-06 09:51:00,833.0,833.0,831.6,832.25,2900
KSB,2026-04-06 09:52:00,832.25,834.25,832.25,833.6,894
KSB,2026-04-06 09:53:00,832.95,833.4,832.0,833.4,1671
KSB,2026-04-06 09:54:00,833.4,833.4,832.0,833.15,787
KSB,2026-04-06 09:55:00,832.3,833.1,832.3,833.1,339
KSB,2026-04-06 09:56:00,832.1,833.75,832.1,833.15,345
KSB,2026-04-06 09:57:00,833.0,833.0,832.0,832.0,74
KSB,2026-04-06 09:58:00,832.6,832.85,832.2,832.85,135
KSB,2026-04-06 09:59:00,832.0,832.35,831.4,831.4,1599
KSB,2026-04-06 10:00:00,831.4,831.6,829.8,830.8,1550
KSB,2026-04-06 10:01:00,831.4,832.25,830.65,831.5,1237
KSB,2026-04-06 10:02:00,830.7,831.85,830.7,831.5,315
KSB,2026-04-06 10:03:00,831.5,831.5,830.65,830.65,57
KSB,2026-04-06 10:04:00,830.65,831.65,830.65,831.65,170
KSB,2026-04-06 10:05:00,833.1,833.1,831.3,831.3,375
KSB,2026-04-06 10:06:00,830.7,832.9,830.7,832.3,264
KSB,2026-04-06 10:07:00,832.3,833.0,831.9,831.9,90
KSB,2026-04-06 10:08:00,831.9,832.75,831.9,832.2,81
KSB,2026-04-06 10:09:00,832.2,832.8,831.8,831.9,331
KSB,2026-04-06 10:10:00,831.7,831.85,830.75,831.55,160
KSB,2026-04-06 10:11:00,831.55,832.0,830.9,832.0,55
KSB,2026-04-06 10:12:00,832.0,832.0,830.5,831.4,184
KSB,2026-04-06 10:13:00,831.4,832.8,831.4,832.75,164
KSB,2026-04-06 10:14:00,832.75,833.4,832.35,832.35,344
KSB,2026-04-06 10:15:00,832.35,832.35,830.5,830.5,430
KSB,2026-04-06 10:16:00,830.5,832.8,830.5,830.5,357
KSB,2026-04-06 10:17:00,830.5,831.85,830.5,831.85,165
KSB,2026-04-06 10:18:00,831.85,831.85,830.0,830.0,149
KSB,2026-04-06 10:19:00,830.05,831.4,830.05,830.85,216
KSB,2026-04-06 10:20:00,831.35,831.65,831.35,831.6,61
KSB,2026-04-06 10:21:00,831.6,833.4,831.6,833.35,653
KSB,2026-04-06 10:22:00,832.45,832.6,831.2,831.2,182
KSB,2026-04-06 10:23:00,831.2,832.85,831.2,832.65,93
KSB,2026-04-06 10:24:00,832.65,833.8,831.6,831.6,209
KSB,2026-04-06 10:25:00,831.6,832.45,831.1,831.1,212
KSB,2026-04-06 10:26:00,832.2,832.2,831.0,831.45,176
KSB,2026-04-06 10:27:00,831.45,831.45,830.45,830.9,70
KSB,2026-04-06 10:28:00,830.9,831.25,830.4,831.25,58
KSB,2026-04-06 10:29:00,831.25,831.8,830.95,831.3,68
KSB,2026-04-06 10:30:00,831.75,831.75,830.4,830.75,382
KSB,2026-04-06 10:31:00,829.85,831.6,829.85,831.25,363
KSB,2026-04-06 10:32:00,831.25,831.25,829.95,830.55,176
KSB,2026-04-06 10:33:00,830.55,831.65,830.55,830.85,102
KSB,2026-04-06 10:34:00,830.85,832.2,830.55,830.55,73
KSB,2026-04-06 10:35:00,830.55,831.75,830.55,831.75,45
KSB,2026-04-06 10:36:00,831.1,832.0,830.55,831.3,105
KSB,2026-04-06 10:37:00,831.3,832.45,831.3,832.45,415
KSB,2026-04-06 10:38:00,832.45,833.55,831.4,832.15,279
KSB,2026-04-06 10:39:00,832.15,832.15,831.2,832.15,89
KSB,2026-04-06 10:40:00,832.15,832.15,832.05,832.15,78
KSB,2026-04-06 10:41:00,832.15,833.0,832.15,832.45,384
KSB,2026-04-06 10:42:00,832.45,832.7,832.2,832.2,2
KSB,2026-04-06 10:43:00,832.85,833.15,832.85,833.0,281
KSB,2026-04-06 10:44:00,833.0,833.0,832.7,832.7,344
KSB,2026-04-06 10:45:00,832.7,832.7,832.2,832.3,128
KSB,2026-04-06 10:46:00,832.3,832.6,832.3,832.5,60
KSB,2026-04-06 10:47:00,832.5,834.1,832.5,833.8,46
KSB,2026-04-06 10:48:00,833.8,834.8,832.8,832.8,352
KSB,2026-04-06 10:49:00,833.6,834.0,833.6,834.0,99
KSB,2026-04-06 10:50:00,834.0,834.4,834.0,834.0,44
KSB,2026-04-06 10:51:00,834.0,834.15,832.85,832.85,86
KSB,2026-04-06 10:52:00,832.6,833.55,832.6,833.55,187
KSB,2026-04-06 10:53:00,832.6,833.5,832.6,833.5,132
KSB,2026-04-06 10:54:00,833.5,834.05,833.5,834.05,103
KSB,2026-04-06 10:55:00,834.05,834.05,832.25,832.25,103
KSB,2026-04-06 10:56:00,832.25,833.0,832.25,832.9,140
KSB,2026-04-06 10:57:00,832.9,833.0,832.9,833.0,30
KSB,2026-04-06 10:58:00,833.0,833.0,832.5,832.65,130
KSB,2026-04-06 10:59:00,832.65,833.8,832.65,833.65,50
KSB,2026-04-06 11:00:00,833.65,834.05,833.65,833.75,214
KSB,2026-04-06 11:01:00,833.75,833.75,833.0,833.0,493
KSB,2026-04-06 11:02:00,833.3,835.2,833.3,834.35,113
KSB,2026-04-06 11:03:00,833.2,833.2,833.2,833.2,2
KSB,2026-04-06 11:04:00,833.7,833.7,832.65,832.65,130
KSB,2026-04-06 11:05:00,832.65,832.7,832.0,832.1,89
KSB,2026-04-06 11:06:00,832.1,832.3,831.5,831.5,208
KSB,2026-04-06 11:07:00,831.5,831.5,831.5,831.5,0
KSB,2026-04-06 11:08:00,831.5,831.75,830.85,831.75,539
KSB,2026-04-06 11:09:00,831.75,831.75,831.2,831.7,10
KSB,2026-04-06 11:10:00,831.7,831.7,830.6,830.6,232
KSB,2026-04-06 11:11:00,831.25,831.25,829.9,829.95,869
KSB,2026-04-06 11:12:00,829.95,830.15,828.15,829.65,972
KSB,2026-04-06 11:13:00,829.65,830.0,829.65,830.0,79
KSB,2026-04-06 11:14:00,830.0,830.0,829.65,829.65,303
KSB,2026-04-06 11:15:00,829.65,830.6,829.65,829.65,21
KSB,2026-04-06 11:16:00,829.65,831.45,829.65,831.45,484
KSB,2026-04-06 11:17:00,831.45,831.55,831.35,831.55,53
KSB,2026-04-06 11:18:00,831.55,833.0,831.55,831.6,607
KSB,2026-04-06 11:19:00,831.6,831.6,831.6,831.6,0
KSB,2026-04-06 11:20:00,831.6,832.75,831.6,832.75,50
KSB,2026-04-06 11:21:00,833.55,834.2,833.55,834.2,32
KSB,2026-04-06 11:22:00,833.75,833.75,832.45,832.7,1202
KSB,2026-04-06 11:23:00,831.7,834.05,831.7,833.35,1442
KSB,2026-04-06 11:24:00,833.35,833.85,833.15,833.85,468
KSB,2026-04-06 11:25:00,833.85,833.95,833.45,833.95,834
KSB,2026-04-06 11:26:00,833.95,833.95,833.95,833.95,0
KSB,2026-04-06 11:27:00,833.95,834.85,833.95,834.85,21
KSB,2026-04-06 11:28:00,834.85,834.85,834.1,834.1,7
KSB,2026-04-06 11:29:00,834.1,836.1,834.1,836.1,17
KSB,2026-04-06 11:30:00,836.1,836.1,834.25,834.25,312
KSB,2026-04-06 11:31:00,834.25,835.05,834.25,835.0,8
KSB,2026-04-06 11:32:00,835.0,835.0,833.3,833.3,710
KSB,2026-04-06 11:33:00,834.45,834.85,834.2,834.85,242
KSB,2026-04-06 11:34:00,834.85,836.15,834.85,836.15,56
KSB,2026-04-06 11:35:00,836.15,836.15,836.0,836.0,252
KSB,2026-04-06 11:36:00,836.0,836.0,835.3,835.8,59
KSB,2026-04-06 11:37:00,835.8,838.85,835.8,838.0,2862
KSB,2026-04-06 11:38:00,838.0,839.15,838.0,838.0,341
KSB,2026-04-06 11:39:00,838.0,838.0,837.15,837.15,143
KSB,2026-04-06 11:40:00,837.15,837.4,837.15,837.4,101
KSB,2026-04-06 11:41:00,837.4,837.9,837.15,837.15,44
KSB,2026-04-06 11:42:00,837.15,837.15,836.6,836.6,213
KSB,2026-04-06 11:43:00,836.6,837.25,836.6,837.25,24
KSB,2026-04-06 11:44:00,837.25,837.25,835.5,835.5,602
KSB,2026-04-06 11:45:00,836.85,837.55,836.85,837.55,346
KSB,2026-04-06 11:46:00,837.55,837.55,837.5,837.5,1
KSB,2026-04-06 11:47:00,837.5,837.5,836.85,836.85,2
KSB,2026-04-06 11:48:00,836.85,837.5,836.85,837.5,20
KSB,2026-04-06 11:49:00,837.5,837.5,836.85,836.85,3
KSB,2026-04-06 11:50:00,836.85,837.8,836.85,837.8,132
KSB,2026-04-06 11:51:00,838.95,838.95,838.95,838.95,450
KSB,2026-04-06 11:52:00,838.95,839.0,838.95,839.0,77
KSB,2026-04-06 11:53:00,839.0,839.0,837.5,837.5,454
KSB,2026-04-06 11:54:00,837.5,837.5,837.5,837.5,0
KSB,2026-04-06 11:55:00,837.5,839.4,837.35,837.4,511
KSB,2026-04-06 11:56:00,837.4,838.85,837.4,838.85,3
KSB,2026-04-06 11:57:00,838.85,840.0,838.7,839.0,518
KSB,2026-04-06 11:58:00,839.0,839.7,838.35,839.7,108
KSB,2026-04-06 11:59:00,839.7,839.7,838.4,838.9,274
KSB,2026-04-06 12:00:00,839.65,839.7,838.8,839.6,109
KSB,2026-04-06 12:01:00,839.6,840.0,839.6,840.0,108
KSB,2026-04-06 12:02:00,840.0,840.0,839.75,840.0,222
KSB,2026-04-06 12:03:00,840.0,840.0,839.75,840.0,170
KSB,2026-04-06 12:04:00,840.0,840.0,839.2,839.2,290
KSB,2026-04-06 12:05:00,839.2,840.0,839.2,840.0,195
KSB,2026-04-06 12:06:00,840.0,840.65,840.0,840.65,1324
KSB,2026-04-06 12:07:00,841.5,841.5,840.15,840.75,569
KSB,2026-04-06 12:08:00,840.75,840.85,840.65,840.75,435
KSB,2026-04-06 12:09:00,840.75,842.0,840.75,841.85,3537
KSB,2026-04-06 12:10:00,841.85,842.95,839.95,839.95,4371
KSB,2026-04-06 12:11:00,839.95,839.95,837.0,837.0,800
KSB,2026-04-06 12:12:00,836.6,837.2,836.45,836.7,837
KSB,2026-04-06 12:13:00,836.7,837.0,836.2,837.0,199
KSB,2026-04-06 12:14:00,837.0,837.85,837.0,837.85,50
KSB,2026-04-06 12:15:00,837.85,837.85,837.35,837.35,53
KSB,2026-04-06 12:16:00,837.35,838.45,837.35,838.45,518
KSB,2026-04-06 12:17:00,838.45,839.8,837.6,839.8,1100
KSB,2026-04-06 12:18:00,839.8,839.8,838.25,838.25,10
KSB,2026-04-06 12:19:00,838.25,838.25,837.15,837.15,38
KSB,2026-04-06 12:20:00,837.15,837.7,837.15,837.7,51
KSB,2026-04-06 12:21:00,837.7,837.7,837.7,837.7,0
KSB,2026-04-06 12:22:00,837.7,837.7,837.7,837.7,0
KSB,2026-04-06 12:23:00,837.7,838.45,837.7,838.45,10
KSB,2026-04-06 12:24:00,837.9,838.95,837.7,838.95,424
KSB,2026-04-06 12:25:00,838.95,838.95,838.95,838.95,0
KSB,2026-04-06 12:26:00,838.95,838.95,838.45,838.45,17
KSB,2026-04-06 12:27:00,837.85,837.85,837.7,837.7,19
KSB,2026-04-06 12:28:00,837.7,838.25,837.7,838.25,104
KSB,2026-04-06 12:29:00,838.35,838.8,838.2,838.2,242
KSB,2026-04-06 12:30:00,838.8,839.6,838.6,838.7,1024
KSB,2026-04-06 12:31:00,838.7,838.7,838.3,838.7,33
KSB,2026-04-06 12:32:00,838.7,838.7,838.7,838.7,100
KSB,2026-04-06 12:33:00,838.7,838.95,836.55,836.55,1036
KSB,2026-04-06 12:34:00,836.55,836.55,836.55,836.55,0
KSB,2026-04-06 12:35:00,835.0,835.4,835.0,835.4,506
KSB,2026-04-06 12:36:00,835.4,835.4,834.45,834.45,310
KSB,2026-04-06 12:37:00,834.45,835.85,834.05,835.85,657
KSB,2026-04-06 12:38:00,835.85,835.85,834.55,834.55,31
KSB,2026-04-06 12:39:00,834.55,834.55,834.55,834.55,0
KSB,2026-04-06 12:40:00,834.55,835.15,834.5,835.15,12
KSB,2026-04-06 12:41:00,835.15,835.45,834.45,835.0,192
KSB,2026-04-06 12:42:00,834.15,834.95,834.15,834.95,70
KSB,2026-04-06 12:43:00,834.9,835.15,834.9,835.15,127
KSB,2026-04-06 12:44:00,835.15,835.15,835.15,835.15,0
KSB,2026-04-06 12:45:00,835.15,835.85,835.15,835.85,624
KSB,2026-04-06 12:46:00,835.85,835.85,835.85,835.85,0
KSB,2026-04-06 12:47:00,835.2,835.6,835.2,835.55,202
KSB,2026-04-06 12:48:00,835.55,835.85,835.55,835.85,24
KSB,2026-04-06 12:49:00,835.85,836.35,835.85,836.35,89
KSB,2026-04-06 12:50:00,836.35,837.45,836.0,837.45,213
KSB,2026-04-06 12:51:00,837.45,837.45,836.65,837.35,301
KSB,2026-04-06 12:52:00,837.35,837.35,836.15,836.15,1
KSB,2026-04-06 12:53:00,836.15,836.15,836.0,836.0,6
KSB,2026-04-06 12:54:00,836.0,836.0,835.05,835.9,210
KSB,2026-04-06 12:55:00,835.9,835.9,835.85,835.85,4
KSB,2026-04-06 12:56:00,835.85,837.9,835.55,837.85,636
KSB,2026-04-06 12:57:00,837.85,837.85,837.85,837.85,0
KSB,2026-04-06 12:58:00,837.85,837.85,837.35,837.35,68
KSB,2026-04-06 12:59:00,837.35,837.35,837.3,837.3,25
KSB,2026-04-06 13:00:00,837.3,837.3,836.2,836.5,62
KSB,2026-04-06 13:01:00,836.5,837.3,835.65,835.65,2637
KSB,2026-04-06 13:02:00,835.65,835.65,835.05,835.05,29
KSB,2026-04-06 13:03:00,835.05,835.55,834.8,834.8,51
KSB,2026-04-06 13:04:00,834.8,834.8,834.05,834.05,160
KSB,2026-04-06 13:05:00,834.05,834.15,834.05,834.15,138
KSB,2026-04-06 13:06:00,834.15,834.8,834.05,834.05,198
KSB,2026-04-06 13:07:00,834.8,834.8,834.05,834.2,95
KSB,2026-04-06 13:08:00,834.2,834.8,834.15,834.75,353
KSB,2026-04-06 13:09:00,834.75,834.75,834.2,834.2,156
KSB,2026-04-06 13:10:00,834.2,834.75,834.2,834.75,92
KSB,2026-04-06 13:11:00,834.75,834.75,834.0,834.0,1403
KSB,2026-04-06 13:12:00,833.65,833.65,832.85,833.65,295
KSB,2026-04-06 13:13:00,833.65,833.65,832.95,833.0,85
KSB,2026-04-06 13:14:00,833.0,833.7,832.9,833.7,542
KSB,2026-04-06 13:15:00,833.7,834.65,833.7,834.65,320
KSB,2026-04-06 13:16:00,834.65,834.65,833.65,834.0,160
KSB,2026-04-06 13:17:00,834.0,834.0,831.05,832.2,1449
KSB,2026-04-06 13:18:00,832.2,832.2,832.0,832.2,388
KSB,2026-04-06 13:19:00,832.2,832.95,832.0,832.45,245
KSB,2026-04-06 13:20:00,832.45,832.45,832.45,832.45,42
KSB,2026-04-06 13:21:00,832.45,832.95,832.05,832.95,560
KSB,2026-04-06 13:22:00,832.95,832.95,832.05,832.85,1166
KSB,2026-04-06 13:23:00,832.85,832.85,832.8,832.8,29
KSB,2026-04-06 13:24:00,832.8,833.75,832.8,833.75,39
KSB,2026-04-06 13:25:00,833.75,833.75,832.9,832.9,132
KSB,2026-04-06 13:26:00,832.9,833.7,830.2,831.0,1789
KSB,2026-04-06 13:27:00,831.0,831.8,830.9,831.8,189
KSB,2026-04-06 13:28:00,831.7,831.95,831.45,831.45,68
KSB,2026-04-06 13:29:00,831.45,831.45,830.45,831.0,154
KSB,2026-04-06 13:30:00,831.0,831.05,830.5,831.05,253
KSB,2026-04-06 13:31:00,831.05,831.05,830.45,830.45,155
KSB,2026-04-06 13:32:00,830.2,831.05,830.2,830.45,311
KSB,2026-04-06 13:33:00,830.45,831.05,830.45,831.05,465
KSB,2026-04-06 13:34:00,831.05,831.05,831.05,831.05,74
KSB,2026-04-06 13:35:00,831.05,831.5,831.0,831.5,147
KSB,2026-04-06 13:36:00,831.55,831.55,830.5,831.0,23
KSB,2026-04-06 13:37:00,831.0,831.0,829.5,829.9,2566
KSB,2026-04-06 13:38:00,829.9,829.9,829.0,829.35,505
KSB,2026-04-06 13:39:00,829.35,829.4,828.5,828.5,319
KSB,2026-04-06 13:40:00,828.5,828.5,827.0,827.25,2125
KSB,2026-04-06 13:41:00,827.25,827.75,827.1,827.1,400
KSB,2026-04-06 13:42:00,827.1,827.75,826.6,827.35,1087
KSB,2026-04-06 13:43:00,827.35,828.1,827.2,828.1,528
KSB,2026-04-06 13:44:00,828.1,829.05,828.1,828.2,305
KSB,2026-04-06 13:45:00,828.2,828.7,828.15,828.7,186
KSB,2026-04-06 13:46:00,828.85,829.45,828.5,829.15,2563
KSB,2026-04-06 13:47:00,829.15,829.8,828.8,829.8,40
KSB,2026-04-06 13:48:00,829.8,829.8,828.8,829.1,46
KSB,2026-04-06 13:49:00,829.1,830.0,829.1,830.0,722
KSB,2026-04-06 13:50:00,830.0,831.05,830.0,831.0,380
KSB,2026-04-06 13:51:00,831.0,831.45,830.2,831.45,270
KSB,2026-04-06 13:52:00,831.45,831.5,830.7,830.7,80
KSB,2026-04-06 13:53:00,830.7,831.65,830.55,831.2,107
KSB,2026-04-06 13:54:00,831.2,831.5,830.35,831.5,47
KSB,2026-04-06 13:55:00,831.5,831.5,831.15,831.15,28
KSB,2026-04-06 13:56:00,831.15,831.15,830.15,830.4,268
KSB,2026-04-06 13:57:00,830.4,830.75,830.2,830.75,150
KSB,2026-04-06 13:58:00,830.8,831.15,830.05,831.15,256
KSB,2026-04-06 13:59:00,831.15,831.4,830.3,831.4,60
KSB,2026-04-06 14:00:00,831.4,831.5,830.5,830.6,246
KSB,2026-04-06 14:01:00,830.6,831.55,830.6,831.0,68
KSB,2026-04-06 14:02:00,831.0,831.5,831.0,831.3,40
KSB,2026-04-06 14:03:00,832.1,832.35,831.0,831.0,1338
KSB,2026-04-06 14:04:00,831.0,831.5,830.9,831.5,100
KSB,2026-04-06 14:05:00,831.5,831.5,830.85,830.85,129
KSB,2026-04-06 14:06:00,830.85,831.25,830.85,831.2,4
KSB,2026-04-06 14:07:00,831.2,831.95,831.0,831.4,635
KSB,2026-04-06 14:08:00,831.4,831.4,830.75,830.75,71
KSB,2026-04-06 14:09:00,830.75,830.75,829.5,829.85,1002
KSB,2026-04-06 14:10:00,829.85,829.85,829.85,829.85,5
KSB,2026-04-06 14:11:00,829.85,830.25,829.45,829.85,97
KSB,2026-04-06 14:12:00,829.85,829.95,829.85,829.95,21
KSB,2026-04-06 14:13:00,830.35,831.0,830.35,831.0,175
KSB,2026-04-06 14:14:00,831.0,831.15,831.0,831.0,66
KSB,2026-04-06 14:15:00,831.0,831.0,830.55,830.85,5
KSB,2026-04-06 14:16:00,830.85,830.85,830.65,830.65,108
KSB,2026-04-06 14:17:00,830.65,831.1,829.65,829.7,403
KSB,2026-04-06 14:18:00,829.7,830.6,829.7,830.6,170
KSB,2026-04-06 14:19:00,830.6,830.8,830.0,830.0,14
KSB,2026-04-06 14:20:00,830.0,831.5,828.65,831.2,2230
KSB,2026-04-06 14:21:00,831.2,832.35,831.2,831.6,403
KSB,2026-04-06 14:22:00,831.6,831.6,830.8,830.8,2
KSB,2026-04-06 14:23:00,830.8,831.8,830.55,830.55,510
KSB,2026-04-06 14:24:00,830.55,831.8,830.55,831.8,68
KSB,2026-04-06 14:25:00,831.8,831.8,829.95,830.15,347
KSB,2026-04-06 14:26:00,830.15,830.15,830.0,830.0,26
KSB,2026-04-06 14:27:00,830.0,831.15,830.0,831.15,62
KSB,2026-04-06 14:28:00,831.15,831.15,831.15,831.15,26
KSB,2026-04-06 14:29:00,830.35,831.3,830.35,831.3,51
KSB,2026-04-06 14:30:00,831.3,831.35,831.15,831.15,74
KSB,2026-04-06 14:31:00,831.15,831.15,831.15,831.15,0
KSB,2026-04-06 14:32:00,831.15,831.15,831.15,831.15,0
KSB,2026-04-06 14:33:00,831.3,831.3,830.65,830.65,12
KSB,2026-04-06 14:34:00,830.65,830.65,830.65,830.65,3
KSB,2026-04-06 14:35:00,830.65,831.6,830.15,830.15,574
KSB,2026-04-06 14:36:00,830.15,830.7,830.15,830.7,27
KSB,2026-04-06 14:37:00,830.7,830.95,830.15,830.95,145
KSB,2026-04-06 14:38:00,830.95,830.95,830.95,830.95,450
KSB,2026-04-06 14:39:00,830.95,830.95,830.0,830.0,18
KSB,2026-04-06 14:40:00,830.0,830.4,830.0,830.0,8
KSB,2026-04-06 14:41:00,830.0,830.15,829.45,830.1,990
KSB,2026-04-06 14:42:00,831.15,831.15,831.0,831.05,99
KSB,2026-04-06 14:43:00,830.1,830.9,830.1,830.85,133
KSB,2026-04-06 14:44:00,830.85,830.85,830.1,830.1,138
KSB,2026-04-06 14:45:00,830.1,830.85,830.1,830.2,52
KSB,2026-04-06 14:46:00,830.2,831.2,830.1,830.1,220
KSB,2026-04-06 14:47:00,830.1,830.1,830.1,830.1,0
KSB,2026-04-06 14:48:00,831.2,831.2,831.2,831.2,13
KSB,2026-04-06 14:49:00,831.2,831.2,830.95,831.0,136
KSB,2026-04-06 14:50:00,831.0,832.2,831.0,831.7,536
KSB,2026-04-06 14:51:00,831.7,831.7,829.3,830.65,412
KSB,2026-04-06 14:52:00,830.65,830.65,830.65,830.65,45
KSB,2026-04-06 14:53:00,830.65,830.65,830.65,830.65,3
KSB,2026-04-06 14:54:00,830.65,830.65,830.65,830.65,20
KSB,2026-04-06 14:55:00,830.65,830.65,828.3,828.3,613
KSB,2026-04-06 14:56:00,828.3,829.05,828.3,829.05,5
KSB,2026-04-06 14:57:00,829.05,830.65,829.05,830.65,159
KSB,2026-04-06 14:58:00,830.65,830.65,830.6,830.6,30
KSB,2026-04-06 14:59:00,830.6,830.6,830.5,830.5,30
KSB,2026-04-06 15:00:00,830.0,830.5,829.85,829.85,86
KSB,2026-04-06 15:01:00,829.85,830.4,829.85,830.1,128
KSB,2026-04-06 15:02:00,830.1,831.15,830.1,830.85,631
KSB,2026-04-06 15:03:00,830.85,831.2,830.35,831.2,501
KSB,2026-04-06 15:04:00,831.2,831.2,830.2,830.35,298
KSB,2026-04-06 15:05:00,831.0,832.5,831.0,832.0,565
KSB,2026-04-06 15:06:00,832.5,833.2,832.2,833.2,448
KSB,2026-04-06 15:07:00,833.2,833.2,831.45,831.45,335
KSB,2026-04-06 15:08:00,832.75,832.75,831.5,831.5,590
KSB,2026-04-06 15:09:00,831.5,832.15,831.5,831.55,56
KSB,2026-04-06 15:10:00,833.55,833.55,832.55,833.25,826
KSB,2026-04-06 15:11:00,832.6,833.0,832.6,832.75,26
KSB,2026-04-06 15:12:00,832.7,832.7,832.7,832.7,63
KSB,2026-04-06 15:13:00,832.65,832.7,832.65,832.7,2
KSB,2026-04-06 15:14:00,833.0,833.0,832.0,832.2,777
KSB,2026-04-06 15:15:00,832.2,832.4,831.9,832.3,423
KSB,2026-04-06 15:16:00,832.15,832.4,832.15,832.4,604
KSB,2026-04-06 15:17:00,832.4,832.4,832.35,832.35,137
KSB,2026-04-06 15:18:00,832.35,832.35,831.5,831.6,471
KSB,2026-04-06 15:19:00,831.6,832.3,831.6,832.1,368
KSB,2026-04-06 15:20:00,832.1,832.3,832.1,832.15,59
KSB,2026-04-06 15:21:00,832.15,832.55,831.45,831.45,2081
KSB,2026-04-06 15:22:00,831.95,832.55,831.95,832.55,1741
KSB,2026-04-06 15:23:00,832.55,832.55,832.0,832.5,714
KSB,2026-04-06 15:24:00,832.5,832.55,832.0,832.55,3499
KSB,2026-04-06 15:25:00,832.55,832.55,831.75,832.0,365
KSB,2026-04-06 15:26:00,832.0,832.85,831.75,831.75,230
KSB,2026-04-06 15:27:00,831.75,832.55,831.6,831.6,333
KSB,2026-04-06 15:28:00,831.5,831.75,831.5,831.55,374
KSB,2026-04-06 15:29:00,831.5,832.95,831.5,832.95,3964
KSB,2026-04-07 09:15:00,834.95,835.4,825.75,829.7,1857
KSB,2026-04-07 09:16:00,829.9,832.6,828.3,828.3,1570
KSB,2026-04-07 09:17:00,828.6,828.6,822.55,824.75,1646
KSB,2026-04-07 09:18:00,824.6,824.6,822.95,824.5,138
KSB,2026-04-07 09:19:00,824.5,827.15,824.5,825.4,496
KSB,2026-04-07 09:20:00,826.25,826.25,824.7,824.7,32
KSB,2026-04-07 09:21:00,824.7,828.0,824.7,828.0,832
KSB,2026-04-07 09:22:00,828.3,829.5,828.2,829.5,626
KSB,2026-04-07 09:23:00,829.5,829.8,828.5,829.05,400
KSB,2026-04-07 09:24:00,829.05,831.4,829.05,831.4,1672
KSB,2026-04-07 09:25:00,830.15,830.45,829.35,830.45,22
KSB,2026-04-07 09:26:00,829.35,831.0,829.35,831.0,331
KSB,2026-04-07 09:27:00,830.4,832.0,830.15,832.0,397
KSB,2026-04-07 09:28:00,832.7,832.7,830.7,830.7,387
KSB,2026-04-07 09:29:00,830.0,830.7,830.0,830.7,281
KSB,2026-04-07 09:30:00,830.7,830.7,830.55,830.55,429
KSB,2026-04-07 09:31:00,830.55,831.25,830.25,830.25,2
KSB,2026-04-07 09:32:00,830.25,831.55,826.9,826.9,529
KSB,2026-04-07 09:33:00,826.9,828.05,826.15,826.15,1546
KSB,2026-04-07 09:34:00,826.15,826.9,825.15,825.15,1101
KSB,2026-04-07 09:35:00,825.15,826.05,825.05,825.85,365
KSB,2026-04-07 09:36:00,825.85,825.85,824.0,825.5,151
KSB,2026-04-07 09:37:00,824.7,825.0,824.7,825.0,142
KSB,2026-04-07 09:38:00,825.0,827.8,825.0,827.8,406
KSB,2026-04-07 09:39:00,827.8,828.0,827.8,828.0,58
KSB,2026-04-07 09:40:00,828.3,828.3,828.2,828.3,64
KSB,2026-04-07 09:41:00,828.3,828.4,827.2,827.2,34
KSB,2026-04-07 09:42:00,827.2,827.2,824.05,824.05,953
KSB,2026-04-07 09:43:00,824.05,824.05,823.0,824.05,957
KSB,2026-04-07 09:44:00,822.95,824.15,822.95,824.15,299
KSB,2026-04-07 09:45:00,823.9,824.6,823.2,824.15,383
KSB,2026-04-07 09:46:00,824.15,824.15,824.15,824.15,1
KSB,2026-04-07 09:47:00,824.75,826.95,824.75,826.5,569
KSB,2026-04-07 09:48:00,826.5,826.65,825.95,826.2,116
KSB,2026-04-07 09:49:00,826.2,826.6,826.2,826.6,47
KSB,2026-04-07 09:50:00,826.6,826.85,826.4,826.85,674
KSB,2026-04-07 09:51:00,826.85,827.8,826.85,826.85,34
KSB,2026-04-07 09:52:00,826.85,828.0,826.85,828.0,146
KSB,2026-04-07 09:53:00,828.0,828.0,826.85,827.85,37
KSB,2026-04-07 09:54:00,827.85,827.85,827.8,827.8,26
KSB,2026-04-07 09:55:00,827.8,827.85,827.8,827.85,203
KSB,2026-04-07 09:56:00,827.85,827.85,826.9,826.9,113
KSB,2026-04-07 09:57:00,826.9,826.9,826.9,826.9,0
KSB,2026-04-07 09:58:00,826.9,827.85,826.9,827.85,180
KSB,2026-04-07 09:59:00,827.85,830.0,827.85,829.15,418
KSB,2026-04-07 10:00:00,830.0,830.0,828.45,828.9,186
KSB,2026-04-07 10:01:00,828.9,830.75,828.85,830.7,99
KSB,2026-04-07 10:02:00,829.8,830.0,828.85,828.85,356
KSB,2026-04-07 10:03:00,828.85,829.35,828.85,829.35,129
KSB,2026-04-07 10:04:00,828.75,828.75,828.5,828.5,45
KSB,2026-04-07 10:05:00,828.5,831.15,828.5,830.15,141
KSB,2026-04-07 10:06:00,830.5,830.5,830.35,830.35,50
KSB,2026-04-07 10:07:00,830.35,830.5,830.0,830.5,350
KSB,2026-04-07 10:08:00,830.5,830.5,830.45,830.5,27
KSB,2026-04-07 10:09:00,830.35,833.45,830.35,832.35,1425
KSB,2026-04-07 10:10:00,832.35,832.5,832.0,832.0,130
KSB,2026-04-07 10:11:00,832.0,832.0,832.0,832.0,24
KSB,2026-04-07 10:12:00,832.0,833.8,831.45,832.1,787
KSB,2026-04-07 10:13:00,832.1,834.0,832.1,834.0,1455
KSB,2026-04-07 10:14:00,832.85,834.1,832.85,834.1,232
KSB,2026-04-07 10:15:00,834.1,834.1,832.65,834.1,33
KSB,2026-04-07 10:16:00,834.1,834.95,834.1,834.95,250
KSB,2026-04-07 10:17:00,834.95,835.0,834.35,835.0,60
KSB,2026-04-07 10:18:00,835.0,835.0,834.35,835.0,90
KSB,2026-04-07 10:19:00,835.0,835.0,834.9,835.0,504
KSB,2026-04-07 10:20:00,835.0,835.0,831.15,832.9,1458
KSB,2026-04-07 10:21:00,832.9,834.15,832.9,834.15,198
KSB,2026-04-07 10:22:00,832.65,837.85,831.75,836.2,1538
KSB,2026-04-07 10:23:00,836.65,839.0,836.35,839.0,872
KSB,2026-04-07 10:24:00,839.0,839.0,837.95,838.45,261
KSB,2026-04-07 10:25:00,838.45,839.65,838.25,839.5,626
KSB,2026-04-07 10:26:00,838.25,839.35,838.0,838.0,329
KSB,2026-04-07 10:27:00,838.0,839.3,838.0,838.3,68
KSB,2026-04-07 10:28:00,838.3,839.0,838.2,838.25,129
KSB,2026-04-07 10:29:00,838.25,839.0,838.25,838.4,21
KSB,2026-04-07 10:30:00,838.4,838.4,838.4,838.4,24
KSB,2026-04-07 10:31:00,839.0,841.4,839.0,840.6,1122
KSB,2026-04-07 10:32:00,840.75,842.15,840.5,840.5,542
KSB,2026-04-07 10:33:00,840.35,840.35,838.75,838.75,429
KSB,2026-04-07 10:34:00,838.75,839.8,838.75,839.0,433
KSB,2026-04-07 10:35:00,839.8,839.9,838.5,838.5,626
KSB,2026-04-07 10:36:00,838.2,838.3,837.0,837.0,346
KSB,2026-04-07 10:37:00,837.0,837.0,835.05,836.75,675
KSB,2026-04-07 10:38:00,836.6,836.6,835.9,835.9,17
KSB,2026-04-07 10:39:00,835.9,837.65,835.9,837.1,96
KSB,2026-04-07 10:40:00,837.1,838.5,837.1,838.5,149
KSB,2026-04-07 10:41:00,838.2,838.2,837.45,837.45,59
KSB,2026-04-07 10:42:00,837.45,838.25,837.45,837.55,74
KSB,2026-04-07 10:43:00,837.55,839.0,837.55,837.85,124
KSB,2026-04-07 10:44:00,837.85,838.85,837.85,838.85,22
KSB,2026-04-07 10:45:00,838.95,838.95,838.95,838.95,90
KSB,2026-04-07 10:46:00,838.95,839.0,838.05,839.0,991
KSB,2026-04-07 10:47:00,839.0,839.0,834.75,834.9,4567
KSB,2026-04-07 10:48:00,834.9,836.35,834.9,836.35,428
KSB,2026-04-07 10:49:00,835.95,836.15,835.0,835.0,93
KSB,2026-04-07 10:50:00,835.0,835.55,835.0,835.55,12
KSB,2026-04-07 10:51:00,835.15,835.25,835.15,835.25,24
KSB,2026-04-07 10:52:00,835.0,835.5,835.0,835.5,182
KSB,2026-04-07 10:53:00,835.5,835.5,833.65,833.65,482
KSB,2026-04-07 10:54:00,833.65,833.65,833.65,833.65,147
KSB,2026-04-07 10:55:00,833.65,833.65,833.65,833.65,0
KSB,2026-04-07 10:56:00,833.65,834.35,833.65,834.35,14
KSB,2026-04-07 10:57:00,834.35,835.15,833.85,834.8,108
KSB,2026-04-07 10:58:00,834.95,834.95,834.6,834.6,171
KSB,2026-04-07 10:59:00,834.6,834.6,834.6,834.6,0
KSB,2026-04-07 11:00:00,834.7,834.7,832.5,833.45,333
KSB,2026-04-07 11:01:00,833.4,833.45,833.4,833.45,105
KSB,2026-04-07 11:02:00,833.45,834.1,833.45,833.45,91
KSB,2026-04-07 11:03:00,833.45,834.35,833.45,834.35,70
KSB,2026-04-07 11:04:00,833.0,833.15,833.0,833.15,137
KSB,2026-04-07 11:05:00,833.15,833.6,833.15,833.6,1
KSB,2026-04-07 11:06:00,833.6,833.75,833.2,833.2,12
KSB,2026-04-07 11:07:00,833.2,833.2,833.2,833.2,1
KSB,2026-04-07 11:08:00,833.2,834.35,833.2,834.35,89
KSB,2026-04-07 11:09:00,834.0,834.45,834.0,834.45,57
KSB,2026-04-07 11:10:00,834.45,835.15,834.45,835.15,43
KSB,2026-04-07 11:11:00,834.2,834.8,834.2,834.8,45
KSB,2026-04-07 11:12:00,834.15,834.15,831.25,831.25,2257
KSB,2026-04-07 11:13:00,831.25,832.0,831.25,832.0,50
KSB,2026-04-07 11:14:00,832.0,832.0,832.0,832.0,0
KSB,2026-04-07 11:15:00,832.0,832.2,832.0,832.2,191
KSB,2026-04-07 11:16:00,832.2,832.9,832.2,832.25,255
KSB,2026-04-07 11:17:00,832.25,832.85,831.95,832.85,101
KSB,2026-04-07 11:18:00,832.85,834.65,832.85,834.65,200
KSB,2026-04-07 11:19:00,834.65,834.65,834.65,834.65,0
KSB,2026-04-07 11:20:00,834.65,834.65,834.65,834.65,0
KSB,2026-04-07 11:21:00,834.35,834.7,834.35,834.7,198
KSB,2026-04-07 11:22:00,834.7,834.7,834.5,834.5,200
KSB,2026-04-07 11:23:00,834.5,834.5,834.5,834.5,0
KSB,2026-04-07 11:24:00,834.5,834.85,833.0,833.0,5059
KSB,2026-04-07 11:25:00,833.0,833.0,831.95,831.95,452
KSB,2026-04-07 11:26:00,832.0,833.85,832.0,833.85,406
KSB,2026-04-07 11:27:00,833.85,835.4,833.85,835.4,262
KSB,2026-04-07 11:28:00,835.4,835.4,835.4,835.4,0
KSB,2026-04-07 11:29:00,836.0,836.85,836.0,836.85,579
KSB,2026-04-07 11:30:00,836.45,837.2,836.45,837.2,70
KSB,2026-04-07 11:31:00,837.2,837.2,837.2,837.2,0
KSB,2026-04-07 11:32:00,837.2,837.65,836.7,837.65,81
KSB,2026-04-07 11:33:00,837.65,837.65,837.4,837.4,24
KSB,2026-04-07 11:34:00,837.4,837.65,837.4,837.65,15
KSB,2026-04-07 11:35:00,837.65,837.65,837.2,837.2,73
KSB,2026-04-07 11:36:00,838.0,838.05,838.0,838.05,74
KSB,2026-04-07 11:37:00,838.05,838.05,838.0,838.0,436
KSB,2026-04-07 11:38:00,838.0,838.0,837.95,837.95,9
KSB,2026-04-07 11:39:00,837.95,837.95,837.9,837.9,1
KSB,2026-04-07 11:40:00,838.0,838.0,835.85,835.85,527
KSB,2026-04-07 11:41:00,835.85,837.0,835.8,837.0,96
KSB,2026-04-07 11:42:00,837.0,837.05,836.4,836.85,53
KSB,2026-04-07 11:43:00,836.85,837.15,836.85,837.15,65
KSB,2026-04-07 11:44:00,837.15,837.15,837.15,837.15,0
KSB,2026-04-07 11:45:00,837.15,837.15,836.3,836.85,228
KSB,2026-04-07 11:46:00,836.85,837.25,836.75,837.0,14
KSB,2026-04-07 11:47:00,837.0,837.1,837.0,837.1,15
KSB,2026-04-07 11:48:00,837.1,837.1,836.45,836.45,0
KSB,2026-04-07 11:49:00,836.45,837.1,836.45,837.1,16
KSB,2026-04-07 11:50:00,837.1,837.7,837.1,837.7,8
KSB,2026-04-07 11:51:00,837.7,837.7,836.55,836.55,101
KSB,2026-04-07 11:52:00,836.55,837.95,836.55,837.95,108
KSB,2026-04-07 11:53:00,837.95,837.95,837.8,837.9,122
KSB,2026-04-07 11:54:00,837.9,838.0,837.05,837.05,381
KSB,2026-04-07 11:55:00,837.05,838.4,837.05,838.05,220
KSB,2026-04-07 11:56:00,838.05,839.0,838.05,838.65,50
KSB,2026-04-07 11:57:00,838.05,838.95,838.05,838.95,110
KSB,2026-04-07 11:58:00,838.95,839.95,838.95,839.5,522
KSB,2026-04-07 11:59:00,839.5,839.75,839.5,839.75,17
KSB,2026-04-07 12:00:00,839.85,839.9,837.6,837.6,328
KSB,2026-04-07 12:01:00,837.6,837.6,837.4,837.4,60
KSB,2026-04-07 12:02:00,837.4,837.4,836.3,837.3,585
KSB,2026-04-07 12:03:00,837.3,837.95,837.3,837.95,117
KSB,2026-04-07 12:04:00,837.95,837.95,837.45,837.85,5
KSB,2026-04-07 12:05:00,837.85,837.85,837.15,837.15,81
KSB,2026-04-07 12:06:00,837.15,837.65,837.15,837.65,15
KSB,2026-04-07 12:07:00,837.65,837.65,837.0,837.0,271
KSB,2026-04-07 12:08:00,837.0,837.0,837.0,837.0,0
KSB,2026-04-07 12:09:00,837.0,837.0,837.0,837.0,0
KSB,2026-04-07 12:10:00,837.0,837.05,837.0,837.05,47
KSB,2026-04-07 12:11:00,837.05,837.05,837.05,837.05,0
KSB,2026-04-07 12:12:00,837.05,837.15,837.05,837.15,3
KSB,2026-04-07 12:13:00,837.15,837.15,836.0,836.0,36
KSB,2026-04-07 12:14:00,836.0,837.55,836.0,837.55,50
KSB,2026-04-07 12:15:00,837.55,837.8,837.55,837.8,83
KSB,2026-04-07 12:16:00,837.8,837.8,836.85,836.85,1
KSB,2026-04-07 12:17:00,836.85,836.85,836.85,836.85,0
KSB,2026-04-07 12:18:00,836.85,836.85,836.85,836.85,0
KSB,2026-04-07 12:19:00,836.85,837.8,836.85,836.95,34
KSB,2026-04-07 12:20:00,836.95,836.95,836.95,836.95,0
KSB,2026-04-07 12:21:00,836.95,836.95,836.95,836.95,0
KSB,2026-04-07 12:22:00,836.95,836.95,836.95,836.95,0
KSB,2026-04-07 12:23:00,836.95,836.95,836.05,836.1,380
KSB,2026-04-07 12:24:00,836.1,837.2,835.8,837.2,226
KSB,2026-04-07 12:25:00,837.2,837.2,833.7,833.7,1986
KSB,2026-04-07 12:26:00,833.7,834.95,832.55,834.0,10245
KSB,2026-04-07 12:27:00,834.0,834.95,834.0,834.95,2
KSB,2026-04-07 12:28:00,834.95,834.95,834.95,834.95,0
KSB,2026-04-07 12:29:00,834.95,834.95,833.8,833.8,6
KSB,2026-04-07 12:30:00,833.8,833.8,833.8,833.8,0
KSB,2026-04-07 12:31:00,835.15,835.15,835.0,835.0,82
KSB,2026-04-07 12:32:00,835.0,836.25,835.0,836.25,46
KSB,2026-04-07 12:33:00,836.25,836.85,836.25,836.7,314
KSB,2026-04-07 12:34:00,836.7,837.0,835.3,835.3,80
KSB,2026-04-07 12:35:00,835.3,835.3,835.3,835.3,41
KSB,2026-04-07 12:36:00,835.3,835.3,835.3,835.3,0
KSB,2026-04-07 12:37:00,836.35,836.35,835.0,836.15,61
KSB,2026-04-07 12:38:00,836.15,836.15,836.15,836.15,0
KSB,2026-04-07 12:39:00,836.15,836.2,835.15,836.2,67
KSB,2026-04-07 12:40:00,836.2,837.55,836.2,837.5,143
KSB,2026-04-07 12:41:00,837.5,837.5,837.35,837.45,50
KSB,2026-04-07 12:42:00,837.45,837.45,837.45,837.45,0
KSB,2026-04-07 12:43:00,837.45,837.45,836.45,836.45,11
KSB,2026-04-07 12:44:00,836.45,836.6,836.4,836.4,39
KSB,2026-04-07 12:45:00,836.4,837.8,836.4,837.55,200
KSB,2026-04-07 12:46:00,837.8,837.8,837.8,837.8,130
KSB,2026-04-07 12:47:00,837.8,838.0,837.8,837.85,155
KSB,2026-04-07 12:48:00,837.9,838.5,837.9,838.5,102
KSB,2026-04-07 12:49:00,838.5,838.75,837.6,838.75,129
KSB,2026-04-07 12:50:00,838.75,838.75,838.2,838.2,43
KSB,2026-04-07 12:51:00,838.2,839.25,838.2,839.25,68
KSB,2026-04-07 12:52:00,839.25,839.25,837.2,837.2,250
KSB,2026-04-07 12:53:00,837.2,838.4,837.2,838.4,209
KSB,2026-04-07 12:54:00,838.4,838.4,838.4,838.4,0
KSB,2026-04-07 12:55:00,838.4,838.55,838.4,838.5,91
KSB,2026-04-07 12:56:00,838.5,838.5,837.95,837.95,14
KSB,2026-04-07 12:57:00,837.95,838.1,837.95,838.1,21
KSB,2026-04-07 12:58:00,838.1,838.65,837.4,837.9,176
KSB,2026-04-07 12:59:00,837.9,837.9,836.75,836.75,186
KSB,2026-04-07 13:00:00,836.75,836.75,836.3,836.3,206
KSB,2026-04-07 13:01:00,836.3,836.3,836.05,836.05,7
KSB,2026-04-07 13:02:00,837.0,837.0,836.75,836.75,85
KSB,2026-04-07 13:03:00,836.75,836.95,836.05,836.05,181
KSB,2026-04-07 13:04:00,836.05,837.1,836.05,837.1,4
KSB,2026-04-07 13:05:00,837.5,837.5,837.1,837.1,27
KSB,2026-04-07 13:06:00,837.1,837.1,837.1,837.1,0
KSB,2026-04-07 13:07:00,837.1,837.5,836.75,837.5,661
KSB,2026-04-07 13:08:00,836.65,836.65,836.65,836.65,15
KSB,2026-04-07 13:09:00,837.0,837.0,836.65,836.65,64
KSB,2026-04-07 13:10:00,836.65,836.65,836.65,836.65,0
KSB,2026-04-07 13:11:00,836.65,836.7,836.0,836.0,1070
KSB,2026-04-07 13:12:00,836.0,836.0,835.75,835.75,24
KSB,2026-04-07 13:13:00,835.75,835.85,835.7,835.7,97
KSB,2026-04-07 13:14:00,835.7,836.0,835.7,836.0,351
KSB,2026-04-07 13:15:00,836.0,836.0,836.0,836.0,350
KSB,2026-04-07 13:16:00,836.0,836.0,836.0,836.0,61
KSB,2026-04-07 13:17:00,836.0,836.9,836.0,836.9,152
KSB,2026-04-07 13:18:00,836.9,836.9,836.0,836.0,11
KSB,2026-04-07 13:19:00,836.0,836.0,836.0,836.0,0
KSB,2026-04-07 13:20:00,836.0,836.0,836.0,836.0,0
KSB,2026-04-07 13:21:00,836.0,836.0,836.0,836.0,0
KSB,2026-04-07 13:22:00,836.0,836.0,836.0,836.0,9
KSB,2026-04-07 13:23:00,836.0,836.0,836.0,836.0,0
KSB,2026-04-07 13:24:00,836.0,836.5,836.0,836.5,7
KSB,2026-04-07 13:25:00,836.5,836.5,835.65,835.65,93
KSB,2026-04-07 13:26:00,835.65,836.4,835.65,836.4,60
KSB,2026-04-07 13:27:00,836.4,836.4,836.4,836.4,0
KSB,2026-04-07 13:28:00,836.4,836.4,835.45,836.35,3
KSB,2026-04-07 13:29:00,836.55,836.85,835.8,835.95,72
KSB,2026-04-07 13:30:00,835.95,836.9,835.95,836.9,14
KSB,2026-04-07 13:31:00,836.9,837.75,836.9,837.75,1
KSB,2026-04-07 13:32:00,837.75,838.05,836.85,838.05,169
KSB,2026-04-07 13:33:00,838.05,838.3,837.75,838.3,101
KSB,2026-04-07 13:34:00,838.3,838.3,837.75,837.75,5
KSB,2026-04-07 13:35:00,837.75,837.75,837.75,837.75,0
KSB,2026-04-07 13:36:00,837.75,838.95,837.75,838.95,83
KSB,2026-04-07 13:37:00,838.95,838.95,838.3,838.9,34
KSB,2026-04-07 13:38:00,838.9,838.9,838.2,838.75,11
KSB,2026-04-07 13:39:00,838.75,839.8,838.2,838.2,518
KSB,2026-04-07 13:40:00,838.2,838.75,837.9,837.9,68
KSB,2026-04-07 13:41:00,837.9,837.9,837.9,837.9,2
KSB,2026-04-07 13:42:00,837.9,838.75,837.9,838.75,18
KSB,2026-04-07 13:43:00,839.95,840.0,839.9,840.0,1040
KSB,2026-04-07 13:44:00,840.0,840.0,840.0,840.0,0
KSB,2026-04-07 13:45:00,840.0,840.0,840.0,840.0,0
KSB,2026-04-07 13:46:00,840.0,840.0,839.0,839.0,158
KSB,2026-04-07 13:47:00,839.0,839.9,839.0,839.9,100
KSB,2026-04-07 13:48:00,838.5,838.5,836.05,836.05,491
KSB,2026-04-07 13:49:00,836.05,837.15,836.05,837.15,74
KSB,2026-04-07 13:50:00,837.15,837.15,837.15,837.15,0
KSB,2026-04-07 13:51:00,837.25,837.25,837.15,837.15,55
KSB,2026-04-07 13:52:00,837.15,837.15,837.15,837.15,1
KSB,2026-04-07 13:53:00,837.15,837.2,837.15,837.2,95
KSB,2026-04-07 13:54:00,837.2,837.6,837.2,837.6,5
KSB,2026-04-07 13:55:00,837.6,837.6,837.6,837.6,200
KSB,2026-04-07 13:56:00,837.6,837.6,836.5,836.5,1070
KSB,2026-04-07 13:57:00,836.5,836.55,835.8,835.8,183
KSB,2026-04-07 13:58:00,835.8,836.0,834.1,835.35,460
KSB,2026-04-07 13:59:00,835.25,835.5,835.25,835.5,1385
KSB,2026-04-07 14:00:00,835.35,835.45,835.35,835.45,105
KSB,2026-04-07 14:01:00,835.45,835.45,835.1,835.45,519
KSB,2026-04-07 14:02:00,835.1,835.5,835.1,835.5,1435
KSB,2026-04-07 14:03:00,835.5,835.5,835.5,835.5,555
KSB,2026-04-07 14:04:00,835.5,835.5,835.1,835.1,53
KSB,2026-04-07 14:05:00,835.5,835.5,835.5,835.5,324
KSB,2026-04-07 14:06:00,835.5,835.5,835.5,835.5,27
KSB,2026-04-07 14:07:00,835.5,835.5,834.4,834.7,153
KSB,2026-04-07 14:08:00,834.7,834.7,834.7,834.7,75
KSB,2026-04-07 14:09:00,834.7,835.35,834.7,834.9,76
KSB,2026-04-07 14:10:00,834.9,835.4,834.85,834.85,9
KSB,2026-04-07 14:11:00,834.85,834.85,834.8,834.8,61
KSB,2026-04-07 14:12:00,834.8,834.85,834.75,834.75,7
KSB,2026-04-07 14:13:00,834.75,834.8,834.75,834.8,69
KSB,2026-04-07 14:14:00,834.6,834.65,834.6,834.65,86
KSB,2026-04-07 14:15:00,834.75,834.8,834.75,834.8,67
KSB,2026-04-07 14:16:00,834.8,835.35,834.5,835.35,106
KSB,2026-04-07 14:17:00,835.45,835.45,834.15,835.0,93
KSB,2026-04-07 14:18:00,835.0,835.0,834.05,834.05,79
KSB,2026-04-07 14:19:00,834.8,834.8,834.05,834.3,110
KSB,2026-04-07 14:20:00,834.3,834.4,834.3,834.4,8
KSB,2026-04-07 14:21:00,833.35,833.75,833.35,833.35,87
KSB,2026-04-07 14:22:00,833.35,833.35,833.35,833.35,23
KSB,2026-04-07 14:23:00,833.95,834.4,833.1,834.4,226
KSB,2026-04-07 14:24:00,834.4,834.4,834.25,834.25,12
KSB,2026-04-07 14:25:00,834.25,834.25,834.25,834.25,0
KSB,2026-04-07 14:26:00,834.75,834.75,833.5,833.5,22
KSB,2026-04-07 14:27:00,833.5,834.6,833.5,833.7,62
KSB,2026-04-07 14:28:00,833.7,834.6,833.7,834.6,27
KSB,2026-04-07 14:29:00,834.6,834.75,834.6,834.75,0
KSB,2026-04-07 14:30:00,834.75,834.85,833.15,833.15,134
KSB,2026-04-07 14:31:00,833.15,833.8,832.6,832.85,151
KSB,2026-04-07 14:32:00,832.85,833.1,832.55,832.9,110
KSB,2026-04-07 14:33:00,833.15,833.25,832.5,833.25,261
KSB,2026-04-07 14:34:00,833.25,833.25,833.05,833.05,35
KSB,2026-04-07 14:35:00,833.05,833.05,832.05,832.05,202
KSB,2026-04-07 14:36:00,832.05,832.2,832.0,832.2,36
KSB,2026-04-07 14:37:00,832.2,832.55,831.15,831.95,237
KSB,2026-04-07 14:38:00,831.95,832.1,831.45,832.1,241
KSB,2026-04-07 14:39:00,832.0,833.2,832.0,832.1,111
KSB,2026-04-07 14:40:00,832.85,833.9,832.25,832.55,522
KSB,2026-04-07 14:41:00,833.55,833.55,832.55,832.6,44
KSB,2026-04-07 14:42:00,832.6,832.65,832.55,832.55,40
KSB,2026-04-07 14:43:00,832.55,833.45,832.55,832.55,11
KSB,2026-04-07 14:44:00,832.55,832.7,832.55,832.7,11
KSB,2026-04-07 14:45:00,832.8,832.8,832.55,832.55,101
KSB,2026-04-07 14:46:00,832.55,833.2,832.55,833.2,4
KSB,2026-04-07 14:47:00,833.2,833.2,833.0,833.0,208
KSB,2026-04-07 14:48:00,833.0,833.1,833.0,833.1,2
KSB,2026-04-07 14:49:00,833.1,833.1,833.1,833.1,123
KSB,2026-04-07 14:50:00,833.1,834.65,833.1,834.65,45
KSB,2026-04-07 14:51:00,834.65,834.65,834.0,834.0,15
KSB,2026-04-07 14:52:00,834.0,834.0,834.0,834.0,0
KSB,2026-04-07 14:53:00,834.0,835.15,834.0,834.0,869
KSB,2026-04-07 14:54:00,834.0,834.0,833.75,833.75,5
KSB,2026-04-07 14:55:00,833.75,834.8,833.75,833.95,9
KSB,2026-04-07 14:56:00,833.95,833.95,833.95,833.95,26
KSB,2026-04-07 14:57:00,835.05,835.05,835.0,835.0,6
KSB,2026-04-07 14:58:00,835.5,836.5,835.0,835.0,458
KSB,2026-04-07 14:59:00,835.0,835.0,835.0,835.0,56
KSB,2026-04-07 15:00:00,835.0,835.0,833.0,833.75,438
KSB,2026-04-07 15:01:00,833.75,834.25,833.3,834.25,73
KSB,2026-04-07 15:02:00,834.25,834.75,833.7,833.7,2
KSB,2026-04-07 15:03:00,833.7,834.3,833.25,834.3,139
KSB,2026-04-07 15:04:00,834.3,835.05,833.4,834.75,872
KSB,2026-04-07 15:05:00,834.75,835.75,834.7,834.7,202
KSB,2026-04-07 15:06:00,835.45,835.55,834.1,835.55,206
KSB,2026-04-07 15:07:00,835.55,836.2,835.35,836.2,60
KSB,2026-04-07 15:08:00,836.2,836.2,834.8,834.8,100
KSB,2026-04-07 15:09:00,834.8,836.0,834.8,836.0,29
KSB,2026-04-07 15:10:00,836.0,836.0,835.5,835.5,6
KSB,2026-04-07 15:11:00,835.5,835.5,835.5,835.5,2
KSB,2026-04-07 15:12:00,836.0,836.05,835.5,836.05,68
KSB,2026-04-07 15:13:00,835.5,836.3,835.0,836.3,273
KSB,2026-04-07 15:14:00,836.3,836.3,835.05,835.05,10
KSB,2026-04-07 15:15:00,835.9,836.0,834.8,836.0,282
KSB,2026-04-07 15:16:00,835.8,835.8,834.35,834.95,629
KSB,2026-04-07 15:17:00,834.1,834.25,833.9,834.0,362
KSB,2026-04-07 15:18:00,833.9,834.85,833.0,833.45,749
KSB,2026-04-07 15:19:00,833.45,833.75,832.55,833.75,179
KSB,2026-04-07 15:20:00,832.55,833.65,832.55,833.65,211
KSB,2026-04-07 15:21:00,833.5,833.8,832.95,833.8,539
KSB,2026-04-07 15:22:00,833.8,833.8,832.95,832.95,290
KSB,2026-04-07 15:23:00,833.75,833.8,833.3,833.3,327
KSB,2026-04-07 15:24:00,833.05,833.05,832.5,833.0,1625
KSB,2026-04-07 15:25:00,832.5,833.0,831.6,832.0,325
KSB,2026-04-07 15:26:00,831.95,833.45,831.95,833.45,25
KSB,2026-04-07 15:27:00,833.5,833.5,831.0,831.0,1131
KSB,2026-04-07 15:28:00,831.9,833.65,830.95,832.3,3107
KSB,2026-04-07 15:29:00,832.0,837.0,830.95,835.0,3315
KSB,2026-04-08 09:15:00,854.9,854.9,838.65,843.25,4739
KSB,2026-04-08 09:16:00,843.95,847.0,843.95,846.5,783
KSB,2026-04-08 09:17:00,846.8,848.85,842.55,848.85,3119
KSB,2026-04-08 09:18:00,848.85,848.85,846.2,847.95,4019
KSB,2026-04-08 09:19:00,848.55,848.55,847.0,848.4,1645
KSB,2026-04-08 09:20:00,847.4,848.4,846.35,847.0,814
KSB,2026-04-08 09:21:00,846.85,848.9,846.85,847.5,1123
KSB,2026-04-08 09:22:00,847.2,847.7,845.3,845.3,1158
KSB,2026-04-08 09:23:00,845.3,846.0,844.7,845.15,1747
KSB,2026-04-08 09:24:00,846.1,846.1,844.0,844.95,972
KSB,2026-04-08 09:25:00,843.95,845.25,843.95,844.6,1252
KSB,2026-04-08 09:26:00,844.6,845.25,843.6,844.15,673
KSB,2026-04-08 09:27:00,844.95,845.0,843.35,844.25,343
KSB,2026-04-08 09:28:00,844.25,844.25,843.4,843.9,267
KSB,2026-04-08 09:29:00,843.9,844.5,842.85,844.15,256
KSB,2026-04-08 09:30:00,843.65,844.4,842.2,842.6,732
KSB,2026-04-08 09:31:00,842.6,843.8,842.3,842.5,3164
KSB,2026-04-08 09:32:00,842.15,844.5,842.15,844.0,226
KSB,2026-04-08 09:33:00,844.0,844.0,842.95,843.95,256
KSB,2026-04-08 09:34:00,843.0,844.15,842.45,844.15,464
KSB,2026-04-08 09:35:00,844.0,844.0,842.5,842.85,32
KSB,2026-04-08 09:36:00,842.0,842.0,841.3,841.3,460
KSB,2026-04-08 09:37:00,842.0,843.7,842.0,843.35,361
KSB,2026-04-08 09:38:00,843.35,843.35,842.0,842.0,436
KSB,2026-04-08 09:39:00,842.0,842.15,841.35,842.15,37
KSB,2026-04-08 09:40:00,842.0,842.35,841.35,842.35,290
KSB,2026-04-08 09:41:00,842.35,842.75,841.7,842.65,174
KSB,2026-04-08 09:42:00,842.65,843.0,841.55,841.55,785
KSB,2026-04-08 09:43:00,842.45,842.45,837.05,837.05,4108
KSB,2026-04-08 09:44:00,837.05,839.0,836.2,839.0,1075
KSB,2026-04-08 09:45:00,839.45,839.45,837.35,837.35,1476
KSB,2026-04-08 09:46:00,838.95,838.95,837.4,837.45,1904
KSB,2026-04-08 09:47:00,837.45,838.5,837.35,837.65,1295
KSB,2026-04-08 09:48:00,837.65,838.85,837.2,837.2,847
KSB,2026-04-08 09:49:00,837.1,839.3,837.1,837.15,994
KSB,2026-04-08 09:50:00,838.4,839.25,838.0,838.0,762
KSB,2026-04-08 09:51:00,838.0,838.0,835.05,835.95,4453
KSB,2026-04-08 09:52:00,835.05,836.8,835.05,836.0,964
KSB,2026-04-08 09:53:00,836.0,836.8,834.2,834.75,2253
KSB,2026-04-08 09:54:00,835.65,837.0,834.0,837.0,1156
KSB,2026-04-08 09:55:00,838.35,838.35,836.2,836.2,600
KSB,2026-04-08 09:56:00,836.15,837.85,836.15,836.25,772
KSB,2026-04-08 09:57:00,835.9,837.0,835.9,836.1,1168
KSB,2026-04-08 09:58:00,836.1,837.0,836.0,836.1,961
KSB,2026-04-08 09:59:00,836.1,836.1,833.2,834.15,1805
KSB,2026-04-08 10:00:00,834.15,834.3,833.65,833.85,813
KSB,2026-04-08 10:01:00,834.7,835.0,833.4,834.95,965
KSB,2026-04-08 10:02:00,834.8,835.0,833.7,834.35,1039
KSB,2026-04-08 10:03:00,834.35,834.95,834.0,834.65,778
KSB,2026-04-08 10:04:00,834.65,842.0,834.0,839.35,2429
KSB,2026-04-08 10:05:00,839.95,845.0,839.95,845.0,1309
KSB,2026-04-08 10:06:00,845.0,845.0,843.0,843.15,494
KSB,2026-04-08 10:07:00,843.3,844.25,843.3,844.25,776
KSB,2026-04-08 10:08:00,844.25,844.65,843.45,843.45,406
KSB,2026-04-08 10:09:00,844.0,844.2,843.45,843.45,60
KSB,2026-04-08 10:10:00,844.4,846.15,844.4,845.4,1795
KSB,2026-04-08 10:11:00,845.4,846.35,845.15,845.5,1015
KSB,2026-04-08 10:12:00,845.5,845.85,844.65,845.2,2704
KSB,2026-04-08 10:13:00,845.2,845.65,845.2,845.65,1311
KSB,2026-04-08 10:14:00,845.65,845.65,844.8,844.8,28
KSB,2026-04-08 10:15:00,844.8,845.05,843.2,843.2,579
KSB,2026-04-08 10:16:00,843.9,843.9,843.9,843.9,5
KSB,2026-04-08 10:17:00,843.9,843.9,843.0,843.0,280
KSB,2026-04-08 10:18:00,843.2,843.2,843.2,843.2,11
KSB,2026-04-08 10:19:00,843.2,843.8,843.1,843.1,163
KSB,2026-04-08 10:20:00,843.1,843.35,843.1,843.35,15
KSB,2026-04-08 10:21:00,843.35,843.35,842.35,842.35,451
KSB,2026-04-08 10:22:00,842.35,844.0,842.35,844.0,1035
KSB,2026-04-08 10:23:00,843.95,844.0,843.15,844.0,36
KSB,2026-04-08 10:24:00,843.8,843.8,843.0,843.0,246
KSB,2026-04-08 10:25:00,843.8,843.85,842.9,843.85,130
KSB,2026-04-08 10:26:00,843.85,843.85,843.85,843.85,55
KSB,2026-04-08 10:27:00,843.85,843.85,843.85,843.85,2
KSB,2026-04-08 10:28:00,843.85,844.0,843.4,844.0,521
KSB,2026-04-08 10:29:00,844.0,846.4,844.0,846.4,773
KSB,2026-04-08 10:30:00,846.4,848.0,845.6,845.6,708
KSB,2026-04-08 10:31:00,845.65,847.6,845.65,847.6,1267
KSB,2026-04-08 10:32:00,846.1,847.0,846.0,846.0,785
KSB,2026-04-08 10:33:00,846.05,846.8,845.75,845.75,364
KSB,2026-04-08 10:34:00,845.75,846.0,845.2,845.2,208
KSB,2026-04-08 10:35:00,846.0,846.0,845.2,845.85,154
KSB,2026-04-08 10:36:00,845.8,846.2,845.8,846.2,477
KSB,2026-04-08 10:37:00,846.2,846.9,846.0,846.9,185
KSB,2026-04-08 10:38:00,846.9,846.9,846.5,846.5,30
KSB,2026-04-08 10:39:00,846.5,847.25,846.5,847.0,618
KSB,2026-04-08 10:40:00,847.0,847.0,846.25,846.85,27
KSB,2026-04-08 10:41:00,846.85,847.0,846.85,847.0,11
KSB,2026-04-08 10:42:00,847.0,847.0,846.0,846.1,67
KSB,2026-04-08 10:43:00,846.1,846.1,846.1,846.1,0
KSB,2026-04-08 10:44:00,846.1,847.0,846.1,847.0,235
KSB,2026-04-08 10:45:00,847.0,847.0,846.8,846.8,10
KSB,2026-04-08 10:46:00,846.8,846.95,846.8,846.95,16
KSB,2026-04-08 10:47:00,846.95,847.0,846.8,847.0,361
KSB,2026-04-08 10:48:00,847.0,847.5,847.0,847.5,4
KSB,2026-04-08 10:49:00,848.2,848.8,847.7,847.7,1230
KSB,2026-04-08 10:50:00,848.0,848.0,847.85,847.85,163
KSB,2026-04-08 10:51:00,847.85,848.55,847.85,848.55,28
KSB,2026-04-08 10:52:00,848.55,849.5,848.55,849.5,1061
KSB,2026-04-08 10:53:00,849.5,850.8,849.2,850.8,4268
KSB,2026-04-08 10:54:00,850.8,850.85,850.8,850.85,320
KSB,2026-04-08 10:55:00,850.85,850.85,849.75,849.75,706
KSB,2026-04-08 10:56:00,850.25,850.25,849.75,849.75,166
KSB,2026-04-08 10:57:00,850.3,850.3,850.25,850.25,533
KSB,2026-04-08 10:58:00,850.25,850.25,850.25,850.25,470
KSB,2026-04-08 10:59:00,850.25,850.3,850.25,850.3,420
KSB,2026-04-08 11:00:00,850.3,850.7,849.75,850.7,634
KSB,2026-04-08 11:01:00,850.7,851.0,850.7,851.0,1140
KSB,2026-04-08 11:02:00,850.9,851.5,850.9,851.5,1048
KSB,2026-04-08 11:03:00,851.85,851.85,851.0,851.0,373
KSB,2026-04-08 11:04:00,851.0,851.1,850.5,851.1,653
KSB,2026-04-08 11:05:00,851.9,851.9,850.75,850.75,520
KSB,2026-04-08 11:06:00,850.75,850.75,850.55,850.55,303
KSB,2026-04-08 11:07:00,850.55,850.55,850.5,850.5,341
KSB,2026-04-08 11:08:00,850.5,850.5,849.55,850.3,1424
KSB,2026-04-08 11:09:00,849.55,850.0,849.4,850.0,116
KSB,2026-04-08 11:10:00,850.0,850.0,850.0,850.0,95
KSB,2026-04-08 11:11:00,849.3,849.3,849.15,849.15,168
KSB,2026-04-08 11:12:00,849.15,849.55,848.65,848.65,926
KSB,2026-04-08 11:13:00,849.0,849.0,847.25,848.8,2646
KSB,2026-04-08 11:14:00,848.8,848.8,848.2,848.2,22
KSB,2026-04-08 11:15:00,848.2,850.85,848.2,850.85,1946
KSB,2026-04-08 11:16:00,850.85,850.85,850.0,850.0,254
KSB,2026-04-08 11:17:00,850.0,850.0,849.1,849.1,7
KSB,2026-04-08 11:18:00,849.1,849.95,849.1,849.85,60
KSB,2026-04-08 11:19:00,849.85,850.0,849.8,849.8,48
KSB,2026-04-08 11:20:00,849.8,850.0,849.0,849.0,120
KSB,2026-04-08 11:21:00,849.0,849.0,848.4,848.4,1263
KSB,2026-04-08 11:22:00,848.4,848.75,848.4,848.75,50
KSB,2026-04-08 11:23:00,848.75,848.75,848.0,848.7,112
KSB,2026-04-08 11:24:00,848.7,848.7,848.7,848.7,14
KSB,2026-04-08 11:25:00,848.7,848.7,848.05,848.05,59
KSB,2026-04-08 11:26:00,848.05,848.65,848.0,848.0,25
KSB,2026-04-08 11:27:00,848.0,848.1,848.0,848.05,39
KSB,2026-04-08 11:28:00,848.05,848.25,848.05,848.25,35
KSB,2026-04-08 11:29:00,848.0,848.0,847.25,847.35,182
KSB,2026-04-08 11:30:00,847.85,848.0,847.25,848.0,420
KSB,2026-04-08 11:31:00,848.0,848.0,848.0,848.0,0
KSB,2026-04-08 11:32:00,848.0,848.0,846.55,846.55,750
KSB,2026-04-08 11:33:00,846.7,846.85,846.6,846.6,24
KSB,2026-04-08 11:34:00,846.6,847.0,846.6,847.0,170
KSB,2026-04-08 11:35:00,847.0,847.6,847.0,847.0,51
KSB,2026-04-08 11:36:00,847.7,847.75,847.7,847.75,15
KSB,2026-04-08 11:37:00,847.85,847.85,847.85,847.85,7
KSB,2026-04-08 11:38:00,847.85,847.85,847.85,847.85,0
KSB,2026-04-08 11:39:00,846.5,847.85,846.5,847.25,1026
KSB,2026-04-08 11:40:00,847.25,847.25,847.25,847.25,25
KSB,2026-04-08 11:41:00,847.25,847.25,847.25,847.25,0
KSB,2026-04-08 11:42:00,847.25,847.25,847.15,847.2,8
KSB,2026-04-08 11:43:00,847.2,847.8,846.85,847.1,240
KSB,2026-04-08 11:44:00,847.1,847.1,847.1,847.1,2
KSB,2026-04-08 11:45:00,847.1,847.75,847.1,847.75,20
KSB,2026-04-08 11:46:00,846.9,847.75,846.85,846.85,74
KSB,2026-04-08 11:47:00,847.65,847.65,846.85,846.85,41
KSB,2026-04-08 11:48:00,847.95,847.95,847.8,847.8,227
KSB,2026-04-08 11:49:00,847.8,847.8,847.8,847.8,0
KSB,2026-04-08 11:50:00,847.8,847.8,847.75,847.75,6
KSB,2026-04-08 11:51:00,847.95,847.95,847.0,847.0,46
KSB,2026-04-08 11:52:00,846.85,846.85,846.85,846.85,52
KSB,2026-04-08 11:53:00,846.85,847.5,846.85,847.5,20
KSB,2026-04-08 11:54:00,847.5,847.5,847.5,847.5,2
KSB,2026-04-08 11:55:00,847.5,847.5,847.5,847.5,53
KSB,2026-04-08 11:56:00,846.9,847.65,846.9,847.65,91
KSB,2026-04-08 11:57:00,847.65,853.0,847.65,853.0,3340
KSB,2026-04-08 11:58:00,853.85,853.85,853.15,853.8,219
KSB,2026-04-08 11:59:00,853.3,853.3,853.0,853.0,224
KSB,2026-04-08 12:00:00,853.0,853.0,852.4,852.4,193
KSB,2026-04-08 12:01:00,852.4,853.85,852.4,853.65,516
KSB,2026-04-08 12:02:00,853.6,853.6,852.65,853.55,21
KSB,2026-04-08 12:03:00,853.55,853.85,853.0,853.85,206
KSB,2026-04-08 12:04:00,853.75,853.85,853.75,853.85,56
KSB,2026-04-08 12:05:00,853.75,853.75,853.75,853.75,147
KSB,2026-04-08 12:06:00,853.85,853.85,852.95,853.6,11
KSB,2026-04-08 12:07:00,853.6,853.85,853.6,853.85,188
KSB,2026-04-08 12:08:00,853.85,856.95,853.85,856.0,6862
KSB,2026-04-08 12:09:00,856.0,856.0,854.9,855.7,162
KSB,2026-04-08 12:10:00,855.7,855.7,854.85,854.9,258
KSB,2026-04-08 12:11:00,854.9,855.0,854.85,855.0,59
KSB,2026-04-08 12:12:00,855.0,855.0,854.75,855.0,236
KSB,2026-04-08 12:13:00,855.15,855.15,854.9,854.9,168
KSB,2026-04-08 12:14:00,854.9,855.5,854.9,855.5,79
KSB,2026-04-08 12:15:00,855.5,855.6,855.1,855.6,55
KSB,2026-04-08 12:16:00,855.6,856.0,855.1,856.0,116
KSB,2026-04-08 12:17:00,856.95,858.65,856.95,857.0,1565
KSB,2026-04-08 12:18:00,857.3,858.0,856.9,856.9,389
KSB,2026-04-08 12:19:00,856.9,857.7,856.9,857.1,591
KSB,2026-04-08 12:20:00,857.1,857.7,857.1,857.7,10
KSB,2026-04-08 12:21:00,857.7,857.7,856.9,857.7,46
KSB,2026-04-08 12:22:00,857.7,857.7,856.9,856.9,136
KSB,2026-04-08 12:23:00,856.9,857.0,856.9,857.0,98
KSB,2026-04-08 12:24:00,857.0,857.0,856.9,856.9,227
KSB,2026-04-08 12:25:00,855.75,856.65,855.75,856.65,198
KSB,2026-04-08 12:26:00,856.65,857.0,856.65,857.0,550
KSB,2026-04-08 12:27:00,856.65,857.2,856.65,857.15,121
KSB,2026-04-08 12:28:00,856.3,856.65,856.3,856.65,203
KSB,2026-04-08 12:29:00,856.65,856.65,856.4,856.4,117
KSB,2026-04-08 12:30:00,856.4,856.4,856.4,856.4,13
KSB,2026-04-08 12:31:00,856.2,856.8,856.2,856.45,139
KSB,2026-04-08 12:32:00,856.45,858.0,856.45,858.0,207
KSB,2026-04-08 12:33:00,858.0,858.6,857.1,858.6,1495
KSB,2026-04-08 12:34:00,858.85,859.0,858.0,858.1,2061
KSB,2026-04-08 12:35:00,858.1,859.0,857.55,857.8,1114
KSB,2026-04-08 12:36:00,857.8,858.95,857.45,858.85,159
KSB,2026-04-08 12:37:00,858.85,859.0,858.85,858.95,208
KSB,2026-04-08 12:38:00,858.95,859.0,857.65,857.65,1029
KSB,2026-04-08 12:39:00,857.65,858.7,857.65,857.65,261
KSB,2026-04-08 12:40:00,857.65,858.9,857.65,858.9,201
KSB,2026-04-08 12:41:00,858.9,858.9,858.2,858.85,249
KSB,2026-04-08 12:42:00,858.6,858.9,858.35,858.9,237
KSB,2026-04-08 12:43:00,858.9,859.0,858.85,859.0,1566
KSB,2026-04-08 12:44:00,859.0,859.0,858.2,858.9,460
KSB,2026-04-08 12:45:00,858.9,858.9,858.35,858.8,44
KSB,2026-04-08 12:46:00,858.8,858.8,858.8,858.8,115
KSB,2026-04-08 12:47:00,858.8,858.8,858.8,858.8,128
KSB,2026-04-08 12:48:00,858.8,858.8,858.2,858.4,59
KSB,2026-04-08 12:49:00,858.8,858.8,858.4,858.4,118
KSB,2026-04-08 12:50:00,858.4,858.4,858.4,858.4,2
KSB,2026-04-08 12:51:00,858.4,858.4,858.4,858.4,1
KSB,2026-04-08 12:52:00,858.4,858.45,858.2,858.4,241
KSB,2026-04-08 12:53:00,858.4,859.0,857.5,858.85,965
KSB,2026-04-08 12:54:00,858.85,858.85,858.85,858.85,0
KSB,2026-04-08 12:55:00,858.35,859.0,858.35,859.0,44
KSB,2026-04-08 12:56:00,859.0,859.0,857.2,858.85,1173
KSB,2026-04-08 12:57:00,858.65,858.8,858.4,858.8,62
KSB,2026-04-08 12:58:00,858.8,858.8,858.8,858.8,4
KSB,2026-04-08 12:59:00,858.8,858.8,858.4,858.4,141
KSB,2026-04-08 13:00:00,858.4,858.4,857.35,857.35,87
KSB,2026-04-08 13:01:00,857.35,858.1,857.35,858.1,1
KSB,2026-04-08 13:02:00,857.35,858.0,857.35,858.0,145
KSB,2026-04-08 13:03:00,858.0,858.0,858.0,858.0,0
KSB,2026-04-08 13:04:00,858.0,858.0,856.45,857.7,627
KSB,2026-04-08 13:05:00,857.7,857.7,857.0,857.0,3
KSB,2026-04-08 13:06:00,856.8,858.85,856.8,857.9,1085
KSB,2026-04-08 13:07:00,858.35,858.85,858.35,858.85,131
KSB,2026-04-08 13:08:00,858.85,858.95,858.3,858.95,480
KSB,2026-04-08 13:09:00,858.95,859.0,858.95,859.0,322
KSB,2026-04-08 13:10:00,859.0,859.0,859.0,859.0,46
KSB,2026-04-08 13:11:00,859.0,859.0,857.9,859.0,2919
KSB,2026-04-08 13:12:00,859.0,859.5,858.8,858.8,336
KSB,2026-04-08 13:13:00,858.8,859.45,858.7,859.4,72
KSB,2026-04-08 13:14:00,859.4,859.4,859.3,859.3,60
KSB,2026-04-08 13:15:00,858.65,859.25,858.65,859.25,29
KSB,2026-04-08 13:16:00,859.25,859.45,857.95,857.95,402
KSB,2026-04-08 13:17:00,856.8,856.85,855.75,856.8,2696
KSB,2026-04-08 13:18:00,856.8,858.2,856.8,858.2,842
KSB,2026-04-08 13:19:00,857.8,857.8,856.6,856.6,501
KSB,2026-04-08 13:20:00,856.6,856.6,856.6,856.6,0
KSB,2026-04-08 13:21:00,857.4,857.5,857.4,857.5,14
KSB,2026-04-08 13:22:00,857.5,857.5,857.5,857.5,110
KSB,2026-04-08 13:23:00,857.5,857.5,856.5,856.6,481
KSB,2026-04-08 13:24:00,856.6,856.6,856.6,856.6,36
KSB,2026-04-08 13:25:00,856.5,856.5,855.85,855.85,2248
KSB,2026-04-08 13:26:00,855.85,855.85,855.6,855.6,365
KSB,2026-04-08 13:27:00,855.6,856.3,855.6,856.3,10
KSB,2026-04-08 13:28:00,856.3,856.5,855.3,855.3,185
KSB,2026-04-08 13:29:00,855.3,856.85,852.7,856.8,56876
KSB,2026-04-08 13:30:00,854.8,856.85,854.8,856.15,830
KSB,2026-04-08 13:31:00,856.85,856.9,856.85,856.9,132
KSB,2026-04-08 13:32:00,856.9,856.9,855.9,856.85,191
KSB,2026-04-08 13:33:00,857.25,857.5,856.9,857.5,78
KSB,2026-04-08 13:34:00,856.9,856.9,856.9,856.9,15
KSB,2026-04-08 13:35:00,857.45,857.45,857.0,857.0,11
KSB,2026-04-08 13:36:00,857.0,857.5,856.9,856.9,47
KSB,2026-04-08 13:37:00,856.9,856.9,856.9,856.9,0
KSB,2026-04-08 13:38:00,857.8,857.8,857.75,857.75,105
KSB,2026-04-08 13:39:00,857.75,857.75,856.95,857.55,132
KSB,2026-04-08 13:40:00,857.55,857.95,855.2,855.2,2575
KSB,2026-04-08 13:41:00,855.2,857.1,855.2,857.1,150
KSB,2026-04-08 13:42:00,857.1,857.1,856.75,856.75,1
KSB,2026-04-08 13:43:00,856.75,857.5,856.0,856.0,150
KSB,2026-04-08 13:44:00,856.0,856.0,855.05,855.05,1563
KSB,2026-04-08 13:45:00,855.05,855.05,855.05,855.05,54
KSB,2026-04-08 13:46:00,855.05,855.85,855.05,855.85,4
KSB,2026-04-08 13:47:00,855.0,855.0,855.0,855.0,150
KSB,2026-04-08 13:48:00,855.0,855.35,855.0,855.0,21
KSB,2026-04-08 13:49:00,855.0,855.2,855.0,855.2,27
KSB,2026-04-08 13:50:00,855.2,855.2,855.2,855.2,0
KSB,2026-04-08 13:51:00,855.2,855.2,855.2,855.2,4
KSB,2026-04-08 13:52:00,855.2,855.2,855.2,855.2,0
KSB,2026-04-08 13:53:00,855.2,855.5,854.75,854.75,410
KSB,2026-04-08 13:54:00,854.75,854.75,854.05,854.5,50
KSB,2026-04-08 13:55:00,854.5,854.5,853.85,853.85,5
KSB,2026-04-08 13:56:00,853.85,854.0,853.85,854.0,180
KSB,2026-04-08 13:57:00,854.0,854.0,853.8,853.8,34
KSB,2026-04-08 13:58:00,853.65,853.8,853.65,853.8,55
KSB,2026-04-08 13:59:00,853.8,853.8,853.8,853.8,0
KSB,2026-04-08 14:00:00,854.35,854.35,853.8,853.8,110
KSB,2026-04-08 14:01:00,853.8,854.4,853.8,854.4,11
KSB,2026-04-08 14:02:00,854.4,854.4,854.4,854.4,0
KSB,2026-04-08 14:03:00,854.4,854.4,854.4,854.4,0
KSB,2026-04-08 14:04:00,854.4,854.45,854.4,854.45,0
KSB,2026-04-08 14:05:00,854.45,854.45,853.65,853.7,157
KSB,2026-04-08 14:06:00,853.7,853.7,853.65,853.65,288
KSB,2026-04-08 14:07:00,853.65,853.65,852.6,853.5,78
KSB,2026-04-08 14:08:00,853.5,853.5,853.5,853.5,0
KSB,2026-04-08 14:09:00,853.5,853.5,852.8,852.8,50
KSB,2026-04-08 14:10:00,852.8,852.8,852.8,852.8,780
KSB,2026-04-08 14:11:00,852.8,853.0,852.8,852.85,33
KSB,2026-04-08 14:12:00,852.85,853.8,852.85,853.8,20
KSB,2026-04-08 14:13:00,853.8,853.9,853.8,853.9,111
KSB,2026-04-08 14:14:00,853.9,853.9,853.6,853.6,1
KSB,2026-04-08 14:15:00,853.6,853.9,853.6,853.9,60
KSB,2026-04-08 14:16:00,853.9,853.9,853.9,853.9,0
KSB,2026-04-08 14:17:00,853.9,853.9,853.9,853.9,0
KSB,2026-04-08 14:18:00,853.9,853.9,853.65,853.65,11
KSB,2026-04-08 14:19:00,853.9,853.9,853.85,853.85,62
KSB,2026-04-08 14:20:00,853.85,853.85,852.9,852.9,20
KSB,2026-04-08 14:21:00,852.9,852.9,852.8,852.8,247
KSB,2026-04-08 14:22:00,852.8,852.8,852.8,852.8,41
KSB,2026-04-08 14:23:00,852.8,852.8,852.8,852.8,0
KSB,2026-04-08 14:24:00,852.8,853.5,852.8,853.5,6
KSB,2026-04-08 14:25:00,853.0,853.0,850.65,850.65,60807
KSB,2026-04-08 14:26:00,850.65,852.15,850.65,852.1,389
KSB,2026-04-08 14:27:00,852.1,852.1,852.1,852.1,0
KSB,2026-04-08 14:28:00,852.1,852.1,851.2,851.2,151
KSB,2026-04-08 14:29:00,852.0,852.3,851.95,851.95,136
KSB,2026-04-08 14:30:00,851.95,852.3,851.15,852.1,283
KSB,2026-04-08 14:31:00,852.1,852.1,851.15,852.0,110
KSB,2026-04-08 14:32:00,852.0,852.0,851.15,851.15,450
KSB,2026-04-08 14:33:00,851.15,851.15,851.15,851.15,0
KSB,2026-04-08 14:34:00,851.15,851.65,851.0,851.0,47
KSB,2026-04-08 14:35:00,851.0,851.0,851.0,851.0,116
KSB,2026-04-08 14:36:00,851.0,851.0,851.0,851.0,1
KSB,2026-04-08 14:37:00,851.9,851.9,851.9,851.9,117
KSB,2026-04-08 14:38:00,851.9,851.9,850.4,850.4,603
KSB,2026-04-08 14:39:00,850.4,851.45,850.4,851.3,47
KSB,2026-04-08 14:40:00,851.4,851.4,850.4,850.4,726
KSB,2026-04-08 14:41:00,850.4,850.4,850.4,850.4,0
KSB,2026-04-08 14:42:00,850.4,850.4,850.4,850.4,0
KSB,2026-04-08 14:43:00,850.4,852.05,850.4,851.75,247
KSB,2026-04-08 14:44:00,851.75,852.55,851.75,851.75,239
KSB,2026-04-08 14:45:00,851.75,853.05,851.75,853.05,141
KSB,2026-04-08 14:46:00,853.05,853.05,852.65,853.05,353
KSB,2026-04-08 14:47:00,853.45,853.45,852.8,852.8,35
KSB,2026-04-08 14:48:00,852.8,852.8,852.8,852.8,0
KSB,2026-04-08 14:49:00,852.8,852.8,852.25,852.25,378
KSB,2026-04-08 14:50:00,852.25,852.25,851.45,851.45,330
KSB,2026-04-08 14:51:00,851.45,851.75,850.7,851.2,245
KSB,2026-04-08 14:52:00,850.7,851.25,850.7,851.25,103
KSB,2026-04-08 14:53:00,851.25,851.25,851.25,851.25,65
KSB,2026-04-08 14:54:00,850.85,851.85,850.85,851.85,55
KSB,2026-04-08 14:55:00,851.85,851.95,851.8,851.8,61
KSB,2026-04-08 14:56:00,851.8,852.15,851.75,851.75,404
KSB,2026-04-08 14:57:00,852.35,852.35,851.95,851.95,125
KSB,2026-04-08 14:58:00,851.95,852.3,851.75,852.3,78
KSB,2026-04-08 14:59:00,851.65,851.65,851.65,851.65,16
KSB,2026-04-08 15:00:00,851.65,851.9,850.55,850.55,368
KSB,2026-04-08 15:01:00,850.55,850.6,849.85,850.45,1673
KSB,2026-04-08 15:02:00,850.1,850.4,850.05,850.05,25
KSB,2026-04-08 15:03:00,850.25,851.3,850.25,851.0,111
KSB,2026-04-08 15:04:00,851.0,851.05,851.0,851.0,89
KSB,2026-04-08 15:05:00,851.1,851.1,850.7,850.7,24
KSB,2026-04-08 15:06:00,850.7,852.35,850.7,852.35,298
KSB,2026-04-08 15:07:00,852.35,852.95,852.25,852.95,1080
KSB,2026-04-08 15:08:00,852.95,853.05,852.3,853.05,142
KSB,2026-04-08 15:09:00,852.15,852.35,852.15,852.35,112
KSB,2026-04-08 15:10:00,852.35,852.35,852.15,852.35,29
KSB,2026-04-08 15:11:00,852.7,852.7,852.35,852.65,139
KSB,2026-04-08 15:12:00,852.65,852.65,852.15,852.3,619
KSB,2026-04-08 15:13:00,852.3,852.75,852.3,852.55,48
KSB,2026-04-08 15:14:00,852.55,852.95,852.55,852.9,450
KSB,2026-04-08 15:15:00,852.9,852.9,852.6,852.6,299
KSB,2026-04-08 15:16:00,852.6,852.75,852.6,852.65,1247
KSB,2026-04-08 15:17:00,852.65,852.8,852.65,852.65,260
KSB,2026-04-08 15:18:00,852.65,852.65,852.3,852.5,397
KSB,2026-04-08 15:19:00,852.5,852.65,852.3,852.3,284
KSB,2026-04-08 15:20:00,852.65,852.65,852.3,852.35,972
KSB,2026-04-08 15:21:00,852.35,852.65,852.0,852.0,616
KSB,2026-04-08 15:22:00,851.7,851.95,851.7,851.85,171
KSB,2026-04-08 15:23:00,852.0,852.0,851.55,851.9,498
KSB,2026-04-08 15:24:00,851.9,852.05,851.9,852.05,245
KSB,2026-04-08 15:25:00,852.05,852.1,851.5,851.65,396
KSB,2026-04-08 15:26:00,852.25,852.25,851.5,851.55,487
KSB,2026-04-08 15:27:00,851.55,852.0,851.55,852.0,245
KSB,2026-04-08 15:28:00,852.0,852.0,851.5,852.0,396
KSB,2026-04-08 15:29:00,851.7,852.5,851.45,852.5,2080
