tradingsymbol,datetime,open,high,low,close,volume
PRAJIND,2026-04-09 09:15:00,342.8,348.0,342.0,348.0,31043
PRAJIND,2026-04-09 09:16:00,348.05,348.5,345.4,345.4,52624
PRAJIND,2026-04-09 09:17:00,345.2,347.0,345.2,346.8,11730
PRAJIND,2026-04-09 09:18:00,346.5,346.95,346.0,346.85,19405
PRAJIND,2026-04-09 09:19:00,347.0,348.0,346.85,348.0,24799
PRAJIND,2026-04-09 09:20:00,348.0,349.45,347.9,347.9,35268
PRAJIND,2026-04-09 09:21:00,348.0,349.2,348.0,348.2,28882
PRAJIND,2026-04-09 09:22:00,348.0,348.3,347.7,347.7,7299
PRAJIND,2026-04-09 09:23:00,347.5,347.5,347.0,347.3,8782
PRAJIND,2026-04-09 09:24:00,347.55,348.0,347.4,347.65,14473
PRAJIND,2026-04-09 09:25:00,347.5,347.95,347.3,347.3,6196
PRAJIND,2026-04-09 09:26:00,347.7,347.7,347.3,347.5,1550
PRAJIND,2026-04-09 09:27:00,347.4,347.4,347.2,347.4,2806
PRAJIND,2026-04-09 09:28:00,348.15,348.3,347.7,347.85,16791
PRAJIND,2026-04-09 09:29:00,347.75,347.85,346.55,347.05,3345
PRAJIND,2026-04-09 09:30:00,347.05,347.1,346.3,346.45,1408
PRAJIND,2026-04-09 09:31:00,346.45,346.45,345.55,345.55,7376
PRAJIND,2026-04-09 09:32:00,345.25,345.4,344.9,345.0,10583
PRAJIND,2026-04-09 09:33:00,344.95,345.0,344.6,345.0,6659
PRAJIND,2026-04-09 09:34:00,344.95,344.95,344.5,344.7,6378
PRAJIND,2026-04-09 09:35:00,344.65,344.95,344.6,344.95,4739
PRAJIND,2026-04-09 09:36:00,345.0,345.5,345.0,345.25,3727
PRAJIND,2026-04-09 09:37:00,345.25,345.5,345.1,345.1,7523
PRAJIND,2026-04-09 09:38:00,345.3,345.3,345.05,345.15,1333
PRAJIND,2026-04-09 09:39:00,345.3,345.3,344.45,344.45,14676
PRAJIND,2026-04-09 09:40:00,344.55,344.65,344.5,344.6,3644
PRAJIND,2026-04-09 09:41:00,344.75,344.75,344.35,344.35,1459
PRAJIND,2026-04-09 09:42:00,344.55,344.55,343.55,343.55,3058
PRAJIND,2026-04-09 09:43:00,343.55,344.1,343.55,343.75,6274
PRAJIND,2026-04-09 09:44:00,343.8,343.8,343.55,343.6,2263
PRAJIND,2026-04-09 09:45:00,343.8,344.3,343.8,343.9,3064
PRAJIND,2026-04-09 09:46:00,344.25,344.4,344.05,344.4,719
PRAJIND,2026-04-09 09:47:00,344.4,344.45,344.05,344.05,1947
PRAJIND,2026-04-09 09:48:00,344.05,344.55,344.0,344.0,2937
PRAJIND,2026-04-09 09:49:00,344.05,344.3,343.8,343.8,11956
PRAJIND,2026-04-09 09:50:00,343.95,343.95,343.0,343.0,3682
PRAJIND,2026-04-09 09:51:00,342.75,343.2,342.75,343.0,7419
PRAJIND,2026-04-09 09:52:00,343.2,343.95,343.2,343.8,3672
PRAJIND,2026-04-09 09:53:00,343.5,343.9,343.5,343.8,1160
PRAJIND,2026-04-09 09:54:00,343.8,343.8,343.8,343.8,2
PRAJIND,2026-04-09 09:55:00,343.8,343.8,343.0,343.2,6777
PRAJIND,2026-04-09 09:56:00,343.2,343.4,342.6,342.6,5636
PRAJIND,2026-04-09 09:57:00,342.6,342.6,342.05,342.35,5158
PRAJIND,2026-04-09 09:58:00,342.4,342.75,342.1,342.1,1435
PRAJIND,2026-04-09 09:59:00,342.15,342.15,341.4,341.6,10923
PRAJIND,2026-04-09 10:00:00,341.6,341.6,339.3,340.35,26943
PRAJIND,2026-04-09 10:01:00,340.55,341.2,340.35,341.0,8840
PRAJIND,2026-04-09 10:02:00,341.0,341.4,341.0,341.25,6247
PRAJIND,2026-04-09 10:03:00,341.4,341.5,341.25,341.4,1552
PRAJIND,2026-04-09 10:04:00,341.4,341.5,341.0,341.2,4493
PRAJIND,2026-04-09 10:05:00,341.2,341.5,341.2,341.5,3105
PRAJIND,2026-04-09 10:06:00,341.75,341.75,341.2,341.4,2717
PRAJIND,2026-04-09 10:07:00,341.2,341.45,341.15,341.15,1882
PRAJIND,2026-04-09 10:08:00,341.15,341.25,341.15,341.15,5164
PRAJIND,2026-04-09 10:09:00,341.15,341.15,341.0,341.15,322
PRAJIND,2026-04-09 10:10:00,341.15,342.0,341.15,341.3,4742
PRAJIND,2026-04-09 10:11:00,341.3,341.4,341.15,341.15,2871
PRAJIND,2026-04-09 10:12:00,341.4,341.4,341.05,341.3,4674
PRAJIND,2026-04-09 10:13:00,341.3,341.3,341.0,341.0,1645
PRAJIND,2026-04-09 10:14:00,341.0,341.2,340.85,341.0,1135
PRAJIND,2026-04-09 10:15:00,341.0,341.0,340.4,340.55,2160
PRAJIND,2026-04-09 10:16:00,340.25,341.25,340.25,341.25,894
PRAJIND,2026-04-09 10:17:00,341.3,342.05,341.3,342.05,3421
PRAJIND,2026-04-09 10:18:00,342.1,342.75,342.1,342.25,3566
PRAJIND,2026-04-09 10:19:00,342.25,342.7,342.25,342.65,1932
PRAJIND,2026-04-09 10:20:00,342.8,343.0,342.8,342.95,2368
PRAJIND,2026-04-09 10:21:00,342.95,343.35,342.9,343.05,4778
PRAJIND,2026-04-09 10:22:00,343.15,343.15,342.65,342.65,1967
PRAJIND,2026-04-09 10:23:00,342.9,342.95,342.6,342.95,2331
PRAJIND,2026-04-09 10:24:00,342.95,343.55,342.95,343.55,2918
PRAJIND,2026-04-09 10:25:00,343.75,343.75,343.4,343.45,2676
PRAJIND,2026-04-09 10:26:00,343.45,343.75,342.75,342.75,5030
PRAJIND,2026-04-09 10:27:00,342.6,343.15,342.6,343.1,585
PRAJIND,2026-04-09 10:28:00,343.1,343.4,343.1,343.4,640
PRAJIND,2026-04-09 10:29:00,343.25,344.5,343.25,344.2,12307
PRAJIND,2026-04-09 10:30:00,343.95,344.75,343.95,344.75,2032
PRAJIND,2026-04-09 10:31:00,344.75,344.75,344.55,344.7,1112
PRAJIND,2026-04-09 10:32:00,344.7,344.9,344.55,344.7,2340
PRAJIND,2026-04-09 10:33:00,344.7,344.7,344.45,344.5,1212
PRAJIND,2026-04-09 10:34:00,344.5,344.65,344.35,344.5,145
PRAJIND,2026-04-09 10:35:00,344.5,344.9,344.5,344.9,1722
PRAJIND,2026-04-09 10:36:00,344.7,344.95,344.5,344.5,1208
PRAJIND,2026-04-09 10:37:00,344.5,344.85,344.5,344.85,1750
PRAJIND,2026-04-09 10:38:00,344.7,344.75,344.3,344.5,3271
PRAJIND,2026-04-09 10:39:00,344.5,344.6,344.2,344.6,1478
PRAJIND,2026-04-09 10:40:00,344.65,344.95,344.05,344.05,2190
PRAJIND,2026-04-09 10:41:00,344.05,344.3,344.05,344.25,6089
PRAJIND,2026-04-09 10:42:00,344.5,344.5,344.05,344.05,1485
PRAJIND,2026-04-09 10:43:00,344.05,344.35,344.05,344.3,82
PRAJIND,2026-04-09 10:44:00,344.15,344.35,343.8,344.35,2937
PRAJIND,2026-04-09 10:45:00,344.2,344.65,344.2,344.45,2166
PRAJIND,2026-04-09 10:46:00,344.45,344.9,344.45,344.65,1624
PRAJIND,2026-04-09 10:47:00,344.65,345.55,344.65,345.45,6773
PRAJIND,2026-04-09 10:48:00,345.45,345.5,345.35,345.35,2374
PRAJIND,2026-04-09 10:49:00,345.15,345.35,345.15,345.35,8412
PRAJIND,2026-04-09 10:50:00,345.45,345.5,345.15,345.2,729
PRAJIND,2026-04-09 10:51:00,345.45,345.7,345.45,345.5,1383
PRAJIND,2026-04-09 10:52:00,345.5,345.8,345.45,345.55,674
PRAJIND,2026-04-09 10:53:00,345.55,345.55,345.2,345.2,2089
PRAJIND,2026-04-09 10:54:00,345.15,345.35,345.15,345.35,219
PRAJIND,2026-04-09 10:55:00,345.35,345.35,345.15,345.15,1090
PRAJIND,2026-04-09 10:56:00,345.15,345.35,345.15,345.2,1507
PRAJIND,2026-04-09 10:57:00,345.2,345.2,344.85,345.0,2937
PRAJIND,2026-04-09 10:58:00,344.8,345.0,344.0,344.55,7963
PRAJIND,2026-04-09 10:59:00,344.55,344.8,344.4,344.4,272
PRAJIND,2026-04-09 11:00:00,344.4,345.8,344.4,345.75,7225
PRAJIND,2026-04-09 11:01:00,345.9,346.9,345.9,346.9,23209
PRAJIND,2026-04-09 11:02:00,346.4,346.75,346.05,346.25,11822
PRAJIND,2026-04-09 11:03:00,346.15,346.15,345.6,345.6,4152
PRAJIND,2026-04-09 11:04:00,345.6,345.7,345.3,345.5,884
PRAJIND,2026-04-09 11:05:00,345.5,345.6,345.3,345.5,748
PRAJIND,2026-04-09 11:06:00,345.3,345.5,345.1,345.1,1689
PRAJIND,2026-04-09 11:07:00,345.1,345.1,344.4,344.9,5338
PRAJIND,2026-04-09 11:08:00,344.9,345.35,344.9,345.35,801
PRAJIND,2026-04-09 11:09:00,345.3,345.5,345.15,345.15,182
PRAJIND,2026-04-09 11:10:00,345.15,345.4,345.05,345.05,436
PRAJIND,2026-04-09 11:11:00,345.05,345.3,345.05,345.3,191
PRAJIND,2026-04-09 11:12:00,345.3,345.35,344.95,345.3,1371
PRAJIND,2026-04-09 11:13:00,345.3,345.3,345.05,345.25,233
PRAJIND,2026-04-09 11:14:00,345.25,345.7,345.1,345.7,546
PRAJIND,2026-04-09 11:15:00,345.85,345.85,345.55,345.8,422
PRAJIND,2026-04-09 11:16:00,345.75,345.75,344.8,345.05,887
PRAJIND,2026-04-09 11:17:00,344.65,344.85,344.3,344.85,2128
PRAJIND,2026-04-09 11:18:00,344.85,345.45,344.55,345.2,1067
PRAJIND,2026-04-09 11:19:00,345.3,345.45,345.2,345.4,3540
PRAJIND,2026-04-09 11:20:00,345.4,345.7,345.4,345.6,433
PRAJIND,2026-04-09 11:21:00,345.6,345.6,345.0,345.15,2877
PRAJIND,2026-04-09 11:22:00,345.15,345.3,345.0,345.2,1639
PRAJIND,2026-04-09 11:23:00,345.2,345.2,344.6,344.6,6390
PRAJIND,2026-04-09 11:24:00,345.1,345.2,344.8,345.0,3353
PRAJIND,2026-04-09 11:25:00,345.15,345.15,345.15,345.15,69
PRAJIND,2026-04-09 11:26:00,345.15,345.3,344.9,345.3,3743
PRAJIND,2026-04-09 11:27:00,345.3,345.3,345.0,345.0,140
PRAJIND,2026-04-09 11:28:00,345.0,345.3,345.0,345.3,1510
PRAJIND,2026-04-09 11:29:00,345.3,345.3,345.0,345.2,356
PRAJIND,2026-04-09 11:30:00,345.2,345.3,345.15,345.3,463
PRAJIND,2026-04-09 11:31:00,345.45,345.5,345.2,345.45,172
PRAJIND,2026-04-09 11:32:00,345.45,345.45,344.95,345.4,1041
PRAJIND,2026-04-09 11:33:00,345.4,346.1,345.4,346.1,5689
PRAJIND,2026-04-09 11:34:00,346.0,346.15,345.85,346.05,531
PRAJIND,2026-04-09 11:35:00,346.2,346.2,346.0,346.15,4319
PRAJIND,2026-04-09 11:36:00,346.15,346.4,346.15,346.2,2713
PRAJIND,2026-04-09 11:37:00,346.2,346.25,346.0,346.2,836
PRAJIND,2026-04-09 11:38:00,346.2,346.3,346.2,346.3,926
PRAJIND,2026-04-09 11:39:00,346.3,346.3,345.8,345.8,4464
PRAJIND,2026-04-09 11:40:00,345.8,345.8,342.85,342.9,38785
PRAJIND,2026-04-09 11:41:00,343.1,343.2,342.7,343.0,3508
PRAJIND,2026-04-09 11:42:00,343.0,343.0,342.65,342.8,601
PRAJIND,2026-04-09 11:43:00,342.8,342.8,342.65,342.7,501
PRAJIND,2026-04-09 11:44:00,342.7,342.9,342.65,342.8,1290
PRAJIND,2026-04-09 11:45:00,342.8,342.9,342.7,342.85,3835
PRAJIND,2026-04-09 11:46:00,342.9,343.0,342.5,343.0,2001
PRAJIND,2026-04-09 11:47:00,343.0,343.3,343.0,343.2,2516
PRAJIND,2026-04-09 11:48:00,343.2,343.45,343.1,343.1,2883
PRAJIND,2026-04-09 11:49:00,343.2,343.2,342.65,343.05,2380
PRAJIND,2026-04-09 11:50:00,343.05,343.15,342.95,343.15,202
PRAJIND,2026-04-09 11:51:00,343.15,343.5,343.15,343.45,2265
PRAJIND,2026-04-09 11:52:00,343.35,343.35,343.2,343.2,341
PRAJIND,2026-04-09 11:53:00,343.2,343.25,343.0,343.2,393
PRAJIND,2026-04-09 11:54:00,343.2,343.2,343.0,343.2,2137
PRAJIND,2026-04-09 11:55:00,343.2,343.2,343.0,343.2,518
PRAJIND,2026-04-09 11:56:00,343.2,343.2,343.2,343.2,567
PRAJIND,2026-04-09 11:57:00,343.2,343.2,343.2,343.2,621
PRAJIND,2026-04-09 11:58:00,343.2,343.2,343.0,343.1,2718
PRAJIND,2026-04-09 11:59:00,343.1,343.15,342.95,342.95,1756
PRAJIND,2026-04-09 12:00:00,343.0,343.0,342.85,342.85,188
PRAJIND,2026-04-09 12:01:00,342.85,343.0,342.75,342.95,422
PRAJIND,2026-04-09 12:02:00,342.95,342.95,342.9,342.95,545
PRAJIND,2026-04-09 12:03:00,342.9,342.9,342.5,342.8,1770
PRAJIND,2026-04-09 12:04:00,342.8,342.85,342.35,342.5,865
PRAJIND,2026-04-09 12:05:00,342.5,343.95,342.15,343.95,14266
PRAJIND,2026-04-09 12:06:00,343.95,343.95,343.3,343.7,1134
PRAJIND,2026-04-09 12:07:00,343.7,343.7,343.55,343.7,624
PRAJIND,2026-04-09 12:08:00,343.7,344.65,343.5,344.35,4265
PRAJIND,2026-04-09 12:09:00,344.35,344.6,343.0,343.0,27163
PRAJIND,2026-04-09 12:10:00,343.0,343.4,342.65,343.25,24921
PRAJIND,2026-04-09 12:11:00,343.25,343.25,342.85,343.1,2017
PRAJIND,2026-04-09 12:12:00,343.1,343.1,342.85,343.0,564
PRAJIND,2026-04-09 12:13:00,343.0,343.0,342.85,343.0,345
PRAJIND,2026-04-09 12:14:00,342.85,343.1,342.85,343.1,414
PRAJIND,2026-04-09 12:15:00,343.0,343.1,343.0,343.1,269
PRAJIND,2026-04-09 12:16:00,343.1,343.1,342.9,343.0,8585
PRAJIND,2026-04-09 12:17:00,343.0,343.5,343.0,343.15,70301
PRAJIND,2026-04-09 12:18:00,343.0,343.15,342.9,343.0,2592
PRAJIND,2026-04-09 12:19:00,343.0,343.1,343.0,343.05,253
PRAJIND,2026-04-09 12:20:00,342.85,343.2,342.85,343.0,1357
PRAJIND,2026-04-09 12:21:00,343.05,343.2,342.85,343.0,9994
PRAJIND,2026-04-09 12:22:00,343.0,343.15,342.9,343.15,1257
PRAJIND,2026-04-09 12:23:00,343.15,343.15,342.9,343.1,229
PRAJIND,2026-04-09 12:24:00,343.1,343.1,342.75,342.95,13112
PRAJIND,2026-04-09 12:25:00,342.95,342.95,342.75,342.95,564
PRAJIND,2026-04-09 12:26:00,342.95,342.95,342.5,342.65,14098
PRAJIND,2026-04-09 12:27:00,342.65,342.85,342.65,342.85,982
PRAJIND,2026-04-09 12:28:00,342.85,343.0,342.7,342.85,1098
PRAJIND,2026-04-09 12:29:00,342.85,343.0,342.6,342.85,1182
PRAJIND,2026-04-09 12:30:00,342.85,342.85,342.6,342.85,371
PRAJIND,2026-04-09 12:31:00,342.85,342.85,342.5,342.5,2475
PRAJIND,2026-04-09 12:32:00,342.7,342.7,342.7,342.7,43
PRAJIND,2026-04-09 12:33:00,342.7,342.75,342.7,342.75,164
PRAJIND,2026-04-09 12:34:00,342.75,342.75,342.4,342.65,2556
PRAJIND,2026-04-09 12:35:00,342.65,342.85,342.45,342.85,564
PRAJIND,2026-04-09 12:36:00,342.85,342.85,342.75,342.85,362
PRAJIND,2026-04-09 12:37:00,342.85,342.85,342.4,342.8,341
PRAJIND,2026-04-09 12:38:00,342.8,342.8,342.65,342.8,155
PRAJIND,2026-04-09 12:39:00,342.8,342.9,342.75,342.8,1729
PRAJIND,2026-04-09 12:40:00,342.8,342.8,342.65,342.8,139
PRAJIND,2026-04-09 12:41:00,342.8,342.8,342.8,342.8,21
PRAJIND,2026-04-09 12:42:00,342.8,342.8,342.65,342.8,280
PRAJIND,2026-04-09 12:43:00,342.8,342.8,342.55,342.7,1059
PRAJIND,2026-04-09 12:44:00,342.7,342.7,342.55,342.6,1828
PRAJIND,2026-04-09 12:45:00,342.6,342.6,342.6,342.6,658
PRAJIND,2026-04-09 12:46:00,342.6,342.6,342.3,342.45,7603
PRAJIND,2026-04-09 12:47:00,342.45,342.45,341.65,341.65,7827
PRAJIND,2026-04-09 12:48:00,341.7,342.0,341.7,341.8,908
PRAJIND,2026-04-09 12:49:00,341.65,341.65,341.1,341.4,7013
PRAJIND,2026-04-09 12:50:00,341.4,341.4,341.2,341.35,965
PRAJIND,2026-04-09 12:51:00,341.35,341.4,341.1,341.3,6808
PRAJIND,2026-04-09 12:52:00,341.3,341.5,341.05,341.45,1900
PRAJIND,2026-04-09 12:53:00,341.45,341.8,341.35,341.7,358
PRAJIND,2026-04-09 12:54:00,341.7,341.7,341.45,341.6,182
PRAJIND,2026-04-09 12:55:00,341.6,341.6,341.45,341.6,227
PRAJIND,2026-04-09 12:56:00,341.6,341.6,341.6,341.6,217
PRAJIND,2026-04-09 12:57:00,341.6,341.6,341.35,341.5,942
PRAJIND,2026-04-09 12:58:00,341.5,341.6,341.25,341.25,794
PRAJIND,2026-04-09 12:59:00,341.25,341.5,341.2,341.4,397
PRAJIND,2026-04-09 13:00:00,341.45,341.45,341.25,341.4,550
PRAJIND,2026-04-09 13:01:00,341.4,341.4,341.4,341.4,224
PRAJIND,2026-04-09 13:02:00,341.4,341.4,339.8,339.95,21297
PRAJIND,2026-04-09 13:03:00,339.75,339.85,339.4,339.7,4954
PRAJIND,2026-04-09 13:04:00,339.7,339.9,339.5,339.9,1828
PRAJIND,2026-04-09 13:05:00,339.9,339.9,339.7,339.85,4465
PRAJIND,2026-04-09 13:06:00,339.85,339.95,339.7,339.9,1331
PRAJIND,2026-04-09 13:07:00,339.9,340.0,339.75,340.0,3204
PRAJIND,2026-04-09 13:08:00,340.0,340.0,339.7,339.7,5041
PRAJIND,2026-04-09 13:09:00,339.85,339.95,339.65,339.85,851
PRAJIND,2026-04-09 13:10:00,339.9,339.9,339.6,339.7,2453
PRAJIND,2026-04-09 13:11:00,339.7,339.75,339.55,339.7,868
PRAJIND,2026-04-09 13:12:00,338.9,339.2,338.55,339.2,18238
PRAJIND,2026-04-09 13:13:00,339.2,339.4,339.2,339.4,53
PRAJIND,2026-04-09 13:14:00,339.4,339.6,339.25,339.4,1714
PRAJIND,2026-04-09 13:15:00,339.4,339.4,339.05,339.25,604
PRAJIND,2026-04-09 13:16:00,339.0,339.55,339.0,339.2,3309
PRAJIND,2026-04-09 13:17:00,339.4,339.45,339.2,339.45,283
PRAJIND,2026-04-09 13:18:00,339.45,339.55,339.3,339.55,234
PRAJIND,2026-04-09 13:19:00,339.55,339.6,339.3,339.6,649
PRAJIND,2026-04-09 13:20:00,339.6,339.65,339.4,339.4,1156
PRAJIND,2026-04-09 13:21:00,339.45,339.45,339.2,339.2,1856
PRAJIND,2026-04-09 13:22:00,339.3,339.3,339.2,339.3,212
PRAJIND,2026-04-09 13:23:00,339.3,339.3,339.0,339.15,2403
PRAJIND,2026-04-09 13:24:00,339.15,339.35,339.0,339.0,562
PRAJIND,2026-04-09 13:25:00,339.0,339.15,338.75,339.0,919
PRAJIND,2026-04-09 13:26:00,339.0,339.0,338.7,338.95,1970
PRAJIND,2026-04-09 13:27:00,338.95,338.95,338.65,338.9,377
PRAJIND,2026-04-09 13:28:00,338.9,338.9,338.75,338.8,831
PRAJIND,2026-04-09 13:29:00,338.55,338.85,338.55,338.8,1119
PRAJIND,2026-04-09 13:30:00,338.9,338.9,336.95,337.25,18278
PRAJIND,2026-04-09 13:31:00,337.2,337.2,336.15,336.85,19378
PRAJIND,2026-04-09 13:32:00,336.8,337.0,336.7,336.85,2953
PRAJIND,2026-04-09 13:33:00,336.85,337.25,336.85,337.2,1886
PRAJIND,2026-04-09 13:34:00,336.9,337.0,336.45,336.7,7440
PRAJIND,2026-04-09 13:35:00,336.75,336.85,336.45,336.8,3773
PRAJIND,2026-04-09 13:36:00,336.9,337.2,336.8,337.2,1920
PRAJIND,2026-04-09 13:37:00,337.0,337.0,336.25,336.65,10548
PRAJIND,2026-04-09 13:38:00,336.65,336.65,336.25,336.4,933
PRAJIND,2026-04-09 13:39:00,336.05,336.55,336.05,336.55,5039
PRAJIND,2026-04-09 13:40:00,336.55,336.6,336.4,336.6,2018
PRAJIND,2026-04-09 13:41:00,336.2,336.45,336.05,336.4,6207
PRAJIND,2026-04-09 13:42:00,336.45,336.65,336.2,336.45,2172
PRAJIND,2026-04-09 13:43:00,336.5,336.5,336.4,336.45,184
PRAJIND,2026-04-09 13:44:00,336.45,336.55,336.4,336.55,1253
PRAJIND,2026-04-09 13:45:00,336.55,336.65,336.55,336.55,2731
PRAJIND,2026-04-09 13:46:00,336.55,337.0,336.55,336.8,3586
PRAJIND,2026-04-09 13:47:00,336.85,336.85,336.55,336.75,13650
PRAJIND,2026-04-09 13:48:00,336.75,336.75,336.4,336.5,17558
PRAJIND,2026-04-09 13:49:00,336.5,336.55,336.3,336.5,196
PRAJIND,2026-04-09 13:50:00,336.5,336.85,336.5,336.85,1647
PRAJIND,2026-04-09 13:51:00,336.85,336.95,336.65,336.95,614
PRAJIND,2026-04-09 13:52:00,336.95,337.0,336.85,337.0,231
PRAJIND,2026-04-09 13:53:00,337.0,337.3,337.0,337.3,1296
PRAJIND,2026-04-09 13:54:00,337.3,337.55,337.25,337.55,2898
PRAJIND,2026-04-09 13:55:00,337.55,337.6,337.3,337.3,562
PRAJIND,2026-04-09 13:56:00,337.45,337.6,337.3,337.6,1314
PRAJIND,2026-04-09 13:57:00,337.65,337.8,337.45,337.7,1139
PRAJIND,2026-04-09 13:58:00,337.7,337.8,337.45,337.8,760
PRAJIND,2026-04-09 13:59:00,337.8,337.85,337.35,337.65,3376
PRAJIND,2026-04-09 14:00:00,337.65,337.65,337.6,337.65,151
PRAJIND,2026-04-09 14:01:00,337.65,337.75,337.55,337.75,296
PRAJIND,2026-04-09 14:02:00,337.75,337.75,337.6,337.75,1643
PRAJIND,2026-04-09 14:03:00,337.75,337.75,337.3,337.65,1383
PRAJIND,2026-04-09 14:04:00,337.65,337.9,337.65,337.85,1471
PRAJIND,2026-04-09 14:05:00,337.85,338.15,337.85,338.1,830
PRAJIND,2026-04-09 14:06:00,338.1,338.15,338.0,338.1,320
PRAJIND,2026-04-09 14:07:00,338.2,338.75,338.1,338.7,5382
PRAJIND,2026-04-09 14:08:00,338.7,338.8,338.5,338.6,3454
PRAJIND,2026-04-09 14:09:00,338.6,338.75,338.6,338.65,839
PRAJIND,2026-04-09 14:10:00,338.65,338.65,338.25,338.6,2187
PRAJIND,2026-04-09 14:11:00,338.55,338.55,338.4,338.5,134
PRAJIND,2026-04-09 14:12:00,338.5,338.5,338.2,338.35,1306
PRAJIND,2026-04-09 14:13:00,338.35,338.35,338.15,338.35,326
PRAJIND,2026-04-09 14:14:00,338.35,338.35,338.1,338.3,739
PRAJIND,2026-04-09 14:15:00,338.3,338.4,337.4,337.4,7167
PRAJIND,2026-04-09 14:16:00,337.35,337.35,336.65,336.65,4098
PRAJIND,2026-04-09 14:17:00,336.9,337.0,336.6,336.85,2525
PRAJIND,2026-04-09 14:18:00,336.85,336.9,336.85,336.9,103
PRAJIND,2026-04-09 14:19:00,336.9,337.0,336.9,337.0,1514
PRAJIND,2026-04-09 14:20:00,336.9,336.95,336.65,336.85,637
PRAJIND,2026-04-09 14:21:00,336.85,336.85,336.85,336.85,31
PRAJIND,2026-04-09 14:22:00,336.85,336.85,336.25,336.4,5525
PRAJIND,2026-04-09 14:23:00,336.4,336.4,336.35,336.4,980
PRAJIND,2026-04-09 14:24:00,336.4,336.4,336.25,336.3,138
PRAJIND,2026-04-09 14:25:00,336.3,336.3,336.15,336.3,968
PRAJIND,2026-04-09 14:26:00,336.3,336.4,335.55,336.05,8877
PRAJIND,2026-04-09 14:27:00,336.05,336.2,335.9,336.1,789
PRAJIND,2026-04-09 14:28:00,336.05,336.1,335.45,335.95,3763
PRAJIND,2026-04-09 14:29:00,335.9,335.95,335.6,335.85,1434
PRAJIND,2026-04-09 14:30:00,335.85,335.85,335.6,335.6,566
PRAJIND,2026-04-09 14:31:00,335.55,335.95,335.55,335.7,1158
PRAJIND,2026-04-09 14:32:00,335.7,335.7,335.5,335.65,9130
PRAJIND,2026-04-09 14:33:00,335.65,335.85,335.3,335.65,3844
PRAJIND,2026-04-09 14:34:00,335.65,335.7,335.35,335.55,1736
PRAJIND,2026-04-09 14:35:00,335.5,335.65,335.2,335.6,288
PRAJIND,2026-04-09 14:36:00,335.6,335.9,335.6,335.85,677
PRAJIND,2026-04-09 14:37:00,335.65,335.9,335.65,335.85,177
PRAJIND,2026-04-09 14:38:00,335.6,335.95,335.6,335.95,1331
PRAJIND,2026-04-09 14:39:00,336.3,336.5,336.3,336.35,2446
PRAJIND,2026-04-09 14:40:00,336.35,336.7,336.35,336.7,2560
PRAJIND,2026-04-09 14:41:00,336.7,336.7,336.4,336.65,405
PRAJIND,2026-04-09 14:42:00,336.4,336.65,336.4,336.65,134
PRAJIND,2026-04-09 14:43:00,336.65,336.65,336.55,336.55,457
PRAJIND,2026-04-09 14:44:00,336.65,336.65,336.65,336.65,296
PRAJIND,2026-04-09 14:45:00,336.65,336.65,336.35,336.35,381
PRAJIND,2026-04-09 14:46:00,336.7,336.85,336.6,336.85,2829
PRAJIND,2026-04-09 14:47:00,336.85,337.0,336.85,337.0,2237
PRAJIND,2026-04-09 14:48:00,337.0,337.0,336.85,337.0,804
PRAJIND,2026-04-09 14:49:00,337.2,337.35,336.9,337.3,1085
PRAJIND,2026-04-09 14:50:00,337.1,337.5,337.1,337.3,692
PRAJIND,2026-04-09 14:51:00,337.3,337.3,337.15,337.2,2625
PRAJIND,2026-04-09 14:52:00,337.2,337.25,337.2,337.25,429
PRAJIND,2026-04-09 14:53:00,337.25,337.25,337.2,337.2,465
PRAJIND,2026-04-09 14:54:00,337.25,337.25,337.0,337.0,3405
PRAJIND,2026-04-09 14:55:00,337.2,337.6,337.2,337.55,1816
PRAJIND,2026-04-09 14:56:00,337.55,337.55,337.2,337.25,3535
PRAJIND,2026-04-09 14:57:00,337.45,337.5,337.2,337.45,758
PRAJIND,2026-04-09 14:58:00,337.2,337.45,337.2,337.2,731
PRAJIND,2026-04-09 14:59:00,337.45,337.85,337.45,337.6,1796
PRAJIND,2026-04-09 15:00:00,337.8,337.8,336.9,337.05,6707
PRAJIND,2026-04-09 15:01:00,336.8,337.45,336.55,337.15,12017
PRAJIND,2026-04-09 15:02:00,337.15,337.7,337.15,337.6,712
PRAJIND,2026-04-09 15:03:00,337.6,337.6,337.15,337.15,1765
PRAJIND,2026-04-09 15:04:00,337.25,337.3,336.85,336.85,1331
PRAJIND,2026-04-09 15:05:00,336.75,337.05,336.55,337.05,6679
PRAJIND,2026-04-09 15:06:00,337.25,337.3,336.95,337.25,681
PRAJIND,2026-04-09 15:07:00,337.15,337.15,336.45,337.0,7041
PRAJIND,2026-04-09 15:08:00,336.9,336.9,336.65,336.7,1085
PRAJIND,2026-04-09 15:09:00,336.8,337.15,336.7,337.05,6669
PRAJIND,2026-04-09 15:10:00,337.05,337.05,336.45,336.7,3109
PRAJIND,2026-04-09 15:11:00,336.7,336.7,336.65,336.65,2401
PRAJIND,2026-04-09 15:12:00,336.65,337.0,336.65,337.0,4446
PRAJIND,2026-04-09 15:13:00,337.0,337.0,336.8,336.9,1642
PRAJIND,2026-04-09 15:14:00,336.9,337.3,336.85,337.3,6680
PRAJIND,2026-04-09 15:15:00,337.05,337.05,336.5,336.85,14690
PRAJIND,2026-04-09 15:16:00,336.9,337.1,336.25,337.05,10804
PRAJIND,2026-04-09 15:17:00,337.1,337.15,336.8,337.05,1325
PRAJIND,2026-04-09 15:18:00,337.05,337.05,336.4,336.8,4233
PRAJIND,2026-04-09 15:19:00,336.8,336.8,336.55,336.55,1632
PRAJIND,2026-04-09 15:20:00,336.75,336.75,336.3,336.5,7422
PRAJIND,2026-04-09 15:21:00,336.45,336.45,335.6,336.05,6742
PRAJIND,2026-04-09 15:22:00,336.0,336.35,336.0,336.25,2471
PRAJIND,2026-04-09 15:23:00,336.25,336.3,336.0,336.2,2890
PRAJIND,2026-04-09 15:24:00,336.15,336.15,335.65,335.65,8305
PRAJIND,2026-04-09 15:25:00,335.9,336.25,335.1,336.15,13660
PRAJIND,2026-04-09 15:26:00,336.05,336.55,336.05,336.5,8833
PRAJIND,2026-04-09 15:27:00,336.85,337.05,336.25,337.05,13878
PRAJIND,2026-04-09 15:28:00,336.85,337.4,336.85,337.35,7958
PRAJIND,2026-04-09 15:29:00,337.05,337.35,336.85,337.3,4404
PRAJIND,2026-04-10 09:15:00,338.0,339.95,338.0,339.7,19501
PRAJIND,2026-04-10 09:16:00,339.7,340.95,339.4,339.75,15263
PRAJIND,2026-04-10 09:17:00,339.55,340.15,339.55,340.15,9557
PRAJIND,2026-04-10 09:18:00,340.15,340.35,339.7,340.1,10068
PRAJIND,2026-04-10 09:19:00,340.6,341.0,340.6,340.65,4353
PRAJIND,2026-04-10 09:20:00,340.55,340.9,340.35,340.45,5366
PRAJIND,2026-04-10 09:21:00,340.45,340.65,340.4,340.65,1761
PRAJIND,2026-04-10 09:22:00,340.7,342.4,340.7,342.4,10059
PRAJIND,2026-04-10 09:23:00,341.95,341.95,341.1,341.15,4580
PRAJIND,2026-04-10 09:24:00,340.6,340.75,340.1,340.15,8966
PRAJIND,2026-04-10 09:25:00,340.45,341.0,340.25,341.0,1537
PRAJIND,2026-04-10 09:26:00,341.0,341.1,340.9,340.95,628
PRAJIND,2026-04-10 09:27:00,340.65,340.65,339.9,339.9,5431
PRAJIND,2026-04-10 09:28:00,340.15,340.45,339.9,340.4,2852
PRAJIND,2026-04-10 09:29:00,340.5,340.7,340.3,340.6,1478
PRAJIND,2026-04-10 09:30:00,340.75,341.15,340.75,341.15,2393
PRAJIND,2026-04-10 09:31:00,341.0,341.4,341.0,341.35,1023
PRAJIND,2026-04-10 09:32:00,340.95,341.0,340.05,341.0,3835
PRAJIND,2026-04-10 09:33:00,341.0,341.0,340.3,340.75,3387
PRAJIND,2026-04-10 09:34:00,341.0,341.0,340.65,340.8,976
PRAJIND,2026-04-10 09:35:00,340.8,340.8,340.15,340.15,1514
PRAJIND,2026-04-10 09:36:00,340.3,340.4,339.95,339.95,4321
PRAJIND,2026-04-10 09:37:00,340.1,340.15,340.0,340.15,1526
PRAJIND,2026-04-10 09:38:00,340.15,341.45,340.15,340.95,17734
PRAJIND,2026-04-10 09:39:00,340.95,341.05,340.5,340.85,627
PRAJIND,2026-04-10 09:40:00,340.85,341.25,340.55,341.25,6433
PRAJIND,2026-04-10 09:41:00,341.5,341.8,340.6,340.6,7356
PRAJIND,2026-04-10 09:42:00,340.6,340.9,340.4,340.5,2928
PRAJIND,2026-04-10 09:43:00,340.5,340.95,340.5,340.8,241
PRAJIND,2026-04-10 09:44:00,340.75,340.75,340.4,340.55,685
PRAJIND,2026-04-10 09:45:00,340.55,340.55,340.2,340.5,300
PRAJIND,2026-04-10 09:46:00,340.5,340.5,340.25,340.25,2085
PRAJIND,2026-04-10 09:47:00,340.25,341.0,340.25,340.85,4901
PRAJIND,2026-04-10 09:48:00,341.0,341.2,340.85,341.2,1221
PRAJIND,2026-04-10 09:49:00,341.2,341.6,341.15,341.55,505
PRAJIND,2026-04-10 09:50:00,341.55,341.55,340.95,341.35,3151
PRAJIND,2026-04-10 09:51:00,341.35,341.35,340.9,340.9,742
PRAJIND,2026-04-10 09:52:00,341.1,341.2,340.8,341.2,955
PRAJIND,2026-04-10 09:53:00,341.1,341.3,341.05,341.3,1109
PRAJIND,2026-04-10 09:54:00,341.4,341.4,341.2,341.2,174
PRAJIND,2026-04-10 09:55:00,341.2,341.2,340.85,341.1,3640
PRAJIND,2026-04-10 09:56:00,341.1,341.2,341.0,341.15,2515
PRAJIND,2026-04-10 09:57:00,341.0,341.15,341.0,341.0,455
PRAJIND,2026-04-10 09:58:00,341.0,341.0,340.75,340.75,1333
PRAJIND,2026-04-10 09:59:00,340.8,341.0,340.2,340.45,1483
PRAJIND,2026-04-10 10:00:00,340.15,340.4,340.1,340.4,2248
PRAJIND,2026-04-10 10:01:00,340.2,340.6,340.2,340.6,474
PRAJIND,2026-04-10 10:02:00,340.6,340.65,340.5,340.5,1694
PRAJIND,2026-04-10 10:03:00,340.5,340.6,340.3,340.45,739
PRAJIND,2026-04-10 10:04:00,340.45,340.45,339.7,339.7,3108
PRAJIND,2026-04-10 10:05:00,339.7,339.7,339.2,339.25,2370
PRAJIND,2026-04-10 10:06:00,339.45,339.65,339.2,339.5,2973
PRAJIND,2026-04-10 10:07:00,339.5,339.55,339.3,339.55,1442
PRAJIND,2026-04-10 10:08:00,339.65,339.85,339.45,339.6,575
PRAJIND,2026-04-10 10:09:00,339.85,340.3,339.85,340.25,895
PRAJIND,2026-04-10 10:10:00,340.25,340.55,340.15,340.25,988
PRAJIND,2026-04-10 10:11:00,340.25,340.55,340.25,340.5,1950
PRAJIND,2026-04-10 10:12:00,340.5,340.5,340.25,340.5,317
PRAJIND,2026-04-10 10:13:00,340.5,340.85,340.5,340.85,872
PRAJIND,2026-04-10 10:14:00,340.9,340.95,340.85,340.85,248
PRAJIND,2026-04-10 10:15:00,340.85,340.85,340.5,340.5,494
PRAJIND,2026-04-10 10:16:00,340.5,340.5,340.5,340.5,613
PRAJIND,2026-04-10 10:17:00,340.5,340.7,340.5,340.5,821
PRAJIND,2026-04-10 10:18:00,340.5,340.7,340.45,340.45,1217
PRAJIND,2026-04-10 10:19:00,340.25,340.35,340.1,340.3,347
PRAJIND,2026-04-10 10:20:00,340.3,340.3,339.8,339.8,1878
PRAJIND,2026-04-10 10:21:00,339.8,340.1,339.8,340.1,2754
PRAJIND,2026-04-10 10:22:00,339.8,340.2,339.8,340.1,1709
PRAJIND,2026-04-10 10:23:00,340.1,340.1,340.0,340.0,374
PRAJIND,2026-04-10 10:24:00,340.0,340.3,339.75,340.3,1459
PRAJIND,2026-04-10 10:25:00,340.3,340.4,340.15,340.35,1441
PRAJIND,2026-04-10 10:26:00,340.35,340.65,340.05,340.15,12489
PRAJIND,2026-04-10 10:27:00,340.4,340.4,340.3,340.3,5187
PRAJIND,2026-04-10 10:28:00,340.3,340.4,340.1,340.3,1745
PRAJIND,2026-04-10 10:29:00,340.3,340.3,339.95,340.0,565
PRAJIND,2026-04-10 10:30:00,340.0,340.0,339.8,340.0,270
PRAJIND,2026-04-10 10:31:00,340.0,340.0,339.8,339.8,564
PRAJIND,2026-04-10 10:32:00,339.8,339.8,339.25,339.4,1010
PRAJIND,2026-04-10 10:33:00,339.4,339.6,339.3,339.6,470
PRAJIND,2026-04-10 10:34:00,339.6,339.75,339.4,339.75,1390
PRAJIND,2026-04-10 10:35:00,339.75,340.0,339.75,340.0,321
PRAJIND,2026-04-10 10:36:00,340.0,340.15,340.0,340.1,1730
PRAJIND,2026-04-10 10:37:00,340.1,340.1,339.8,340.1,560
PRAJIND,2026-04-10 10:38:00,340.1,340.2,340.0,340.0,205
PRAJIND,2026-04-10 10:39:00,340.0,340.2,339.75,340.05,2273
PRAJIND,2026-04-10 10:40:00,340.05,340.15,339.9,340.15,172
PRAJIND,2026-04-10 10:41:00,340.15,340.3,340.15,340.2,211
PRAJIND,2026-04-10 10:42:00,340.2,340.25,339.85,339.85,558
PRAJIND,2026-04-10 10:43:00,339.85,339.95,339.85,339.95,183
PRAJIND,2026-04-10 10:44:00,339.95,339.95,339.3,339.45,2057
PRAJIND,2026-04-10 10:45:00,339.45,339.45,339.05,339.35,3425
PRAJIND,2026-04-10 10:46:00,339.35,339.45,339.15,339.25,4164
PRAJIND,2026-04-10 10:47:00,338.9,338.95,338.75,338.8,5179
PRAJIND,2026-04-10 10:48:00,338.6,338.95,338.6,338.8,2186
PRAJIND,2026-04-10 10:49:00,338.8,338.8,338.6,338.8,274
PRAJIND,2026-04-10 10:50:00,338.8,338.8,338.55,338.8,1835
PRAJIND,2026-04-10 10:51:00,338.8,339.2,338.75,339.2,1075
PRAJIND,2026-04-10 10:52:00,339.2,339.2,339.0,339.2,410
PRAJIND,2026-04-10 10:53:00,339.2,339.4,339.0,339.4,629
PRAJIND,2026-04-10 10:54:00,339.4,339.5,339.25,339.35,551
PRAJIND,2026-04-10 10:55:00,339.35,339.5,339.05,339.35,2842
PRAJIND,2026-04-10 10:56:00,339.35,339.7,339.35,339.7,567
PRAJIND,2026-04-10 10:57:00,339.7,339.85,339.5,339.75,2321
PRAJIND,2026-04-10 10:58:00,339.75,339.75,339.45,339.75,840
PRAJIND,2026-04-10 10:59:00,339.75,339.9,339.75,339.75,777
PRAJIND,2026-04-10 11:00:00,339.9,339.9,339.65,339.75,499
PRAJIND,2026-04-10 11:01:00,339.75,339.85,339.55,339.75,1071
PRAJIND,2026-04-10 11:02:00,339.5,339.55,339.15,339.35,1152
PRAJIND,2026-04-10 11:03:00,339.25,339.35,339.15,339.3,218
PRAJIND,2026-04-10 11:04:00,339.3,339.7,339.3,339.7,110
PRAJIND,2026-04-10 11:05:00,339.7,339.8,339.55,339.8,322
PRAJIND,2026-04-10 11:06:00,339.8,339.8,339.6,339.6,340
PRAJIND,2026-04-10 11:07:00,339.55,339.55,339.3,339.4,2138
PRAJIND,2026-04-10 11:08:00,339.55,340.0,339.55,340.0,3859
PRAJIND,2026-04-10 11:09:00,339.85,340.6,339.85,340.6,7173
PRAJIND,2026-04-10 11:10:00,340.6,340.6,340.2,340.2,1969
PRAJIND,2026-04-10 11:11:00,340.2,340.2,339.8,340.0,502
PRAJIND,2026-04-10 11:12:00,340.0,340.35,340.0,340.35,445
PRAJIND,2026-04-10 11:13:00,340.2,340.4,340.0,340.1,2392
PRAJIND,2026-04-10 11:14:00,340.1,340.35,340.1,340.15,388
PRAJIND,2026-04-10 11:15:00,340.15,340.4,340.15,340.35,736
PRAJIND,2026-04-10 11:16:00,340.3,340.4,340.25,340.4,1026
PRAJIND,2026-04-10 11:17:00,340.4,340.95,340.25,340.7,7681
PRAJIND,2026-04-10 11:18:00,340.7,340.9,340.65,340.65,2864
PRAJIND,2026-04-10 11:19:00,340.65,341.0,340.4,341.0,3013
PRAJIND,2026-04-10 11:20:00,341.25,341.45,341.05,341.3,1354
PRAJIND,2026-04-10 11:21:00,341.3,341.3,340.85,341.1,615
PRAJIND,2026-04-10 11:22:00,341.2,341.2,341.0,341.2,1910
PRAJIND,2026-04-10 11:23:00,341.1,341.45,341.1,341.45,2410
PRAJIND,2026-04-10 11:24:00,341.45,341.45,341.15,341.15,979
PRAJIND,2026-04-10 11:25:00,341.15,341.25,340.95,341.2,1579
PRAJIND,2026-04-10 11:26:00,341.25,341.45,341.2,341.45,1157
PRAJIND,2026-04-10 11:27:00,341.3,341.3,341.0,341.2,913
PRAJIND,2026-04-10 11:28:00,340.95,340.95,340.55,340.55,887
PRAJIND,2026-04-10 11:29:00,340.75,340.85,340.75,340.85,611
PRAJIND,2026-04-10 11:30:00,340.85,341.0,340.8,340.9,291
PRAJIND,2026-04-10 11:31:00,341.0,341.1,340.9,341.0,208
PRAJIND,2026-04-10 11:32:00,341.0,341.0,340.6,340.95,885
PRAJIND,2026-04-10 11:33:00,340.9,340.95,340.7,340.95,168
PRAJIND,2026-04-10 11:34:00,341.0,341.15,341.0,341.15,1413
PRAJIND,2026-04-10 11:35:00,341.3,341.3,341.1,341.15,182
PRAJIND,2026-04-10 11:36:00,341.3,341.75,341.15,341.55,9565
PRAJIND,2026-04-10 11:37:00,341.55,341.55,341.3,341.4,1818
PRAJIND,2026-04-10 11:38:00,341.4,341.4,341.1,341.4,659
PRAJIND,2026-04-10 11:39:00,341.4,341.4,341.2,341.4,327
PRAJIND,2026-04-10 11:40:00,341.2,341.4,341.15,341.25,1315
PRAJIND,2026-04-10 11:41:00,341.25,341.25,340.75,340.85,358
PRAJIND,2026-04-10 11:42:00,340.85,340.9,340.45,340.45,1432
PRAJIND,2026-04-10 11:43:00,340.6,340.65,340.4,340.65,262
PRAJIND,2026-04-10 11:44:00,340.65,340.9,340.6,340.85,553
PRAJIND,2026-04-10 11:45:00,340.8,340.8,340.6,340.8,76
PRAJIND,2026-04-10 11:46:00,340.8,340.9,340.6,340.6,392
PRAJIND,2026-04-10 11:47:00,340.6,340.6,340.35,340.35,57
PRAJIND,2026-04-10 11:48:00,340.05,340.45,339.8,340.4,2209
PRAJIND,2026-04-10 11:49:00,340.4,340.4,339.9,339.9,674
PRAJIND,2026-04-10 11:50:00,340.15,340.8,340.15,340.7,824
PRAJIND,2026-04-10 11:51:00,340.7,340.75,340.5,340.7,1143
PRAJIND,2026-04-10 11:52:00,340.7,340.7,340.2,340.2,2155
PRAJIND,2026-04-10 11:53:00,340.2,340.2,339.7,339.8,746
PRAJIND,2026-04-10 11:54:00,339.75,340.0,339.6,339.6,769
PRAJIND,2026-04-10 11:55:00,339.6,339.6,339.5,339.5,256
PRAJIND,2026-04-10 11:56:00,339.6,339.6,339.4,339.4,343
PRAJIND,2026-04-10 11:57:00,339.55,339.55,339.5,339.55,1129
PRAJIND,2026-04-10 11:58:00,339.55,339.6,339.4,339.6,74
PRAJIND,2026-04-10 11:59:00,339.6,339.85,339.6,339.65,363
PRAJIND,2026-04-10 12:00:00,339.85,339.85,339.65,339.85,69
PRAJIND,2026-04-10 12:01:00,339.85,340.0,339.85,340.0,224
PRAJIND,2026-04-10 12:02:00,340.0,340.0,339.8,339.85,1242
PRAJIND,2026-04-10 12:03:00,340.0,340.0,339.8,339.8,218
PRAJIND,2026-04-10 12:04:00,340.0,340.35,340.0,340.35,3038
PRAJIND,2026-04-10 12:05:00,340.35,340.4,340.2,340.2,756
PRAJIND,2026-04-10 12:06:00,340.2,340.35,340.05,340.35,291
PRAJIND,2026-04-10 12:07:00,340.35,340.4,340.35,340.35,215
PRAJIND,2026-04-10 12:08:00,340.35,340.45,340.35,340.45,439
PRAJIND,2026-04-10 12:09:00,340.5,340.5,340.35,340.35,601
PRAJIND,2026-04-10 12:10:00,340.35,340.35,340.15,340.35,63
PRAJIND,2026-04-10 12:11:00,340.3,340.35,340.1,340.35,178
PRAJIND,2026-04-10 12:12:00,340.35,340.35,340.2,340.35,274
PRAJIND,2026-04-10 12:13:00,340.35,340.35,340.15,340.35,1193
PRAJIND,2026-04-10 12:14:00,340.35,340.35,340.35,340.35,39
PRAJIND,2026-04-10 12:15:00,340.35,340.35,340.0,340.15,811
PRAJIND,2026-04-10 12:16:00,340.15,340.15,339.7,339.75,2302
PRAJIND,2026-04-10 12:17:00,339.9,339.9,339.75,339.9,95
PRAJIND,2026-04-10 12:18:00,339.7,339.9,339.7,339.9,129
PRAJIND,2026-04-10 12:19:00,339.9,340.0,339.85,340.0,317
PRAJIND,2026-04-10 12:20:00,339.8,340.0,339.8,339.8,393
PRAJIND,2026-04-10 12:21:00,339.95,339.95,339.95,339.95,266
PRAJIND,2026-04-10 12:22:00,339.95,339.95,339.75,339.95,4564
PRAJIND,2026-04-10 12:23:00,339.95,340.35,339.95,340.35,396
PRAJIND,2026-04-10 12:24:00,340.35,340.85,340.35,340.8,1542
PRAJIND,2026-04-10 12:25:00,340.8,340.8,340.5,340.65,343
PRAJIND,2026-04-10 12:26:00,340.4,340.65,340.35,340.55,739
PRAJIND,2026-04-10 12:27:00,340.55,340.55,340.2,340.35,10419
PRAJIND,2026-04-10 12:28:00,340.35,340.35,340.0,340.2,81
PRAJIND,2026-04-10 12:29:00,340.2,340.5,340.2,340.5,490
PRAJIND,2026-04-10 12:30:00,340.5,340.55,340.35,340.55,43
PRAJIND,2026-04-10 12:31:00,340.35,340.55,340.35,340.55,332
PRAJIND,2026-04-10 12:32:00,340.55,340.6,340.4,340.6,415
PRAJIND,2026-04-10 12:33:00,340.55,340.6,340.4,340.6,1370
PRAJIND,2026-04-10 12:34:00,340.6,340.6,340.3,340.5,271
PRAJIND,2026-04-10 12:35:00,340.5,340.5,340.3,340.5,143
PRAJIND,2026-04-10 12:36:00,340.5,340.5,340.3,340.3,156
PRAJIND,2026-04-10 12:37:00,340.5,340.5,340.5,340.5,51
PRAJIND,2026-04-10 12:38:00,340.5,340.75,340.5,340.75,533
PRAJIND,2026-04-10 12:39:00,340.8,340.95,340.65,340.95,1036
PRAJIND,2026-04-10 12:40:00,340.95,341.0,340.8,340.95,357
PRAJIND,2026-04-10 12:41:00,340.95,341.1,340.8,340.95,1888
PRAJIND,2026-04-10 12:42:00,340.95,340.95,340.7,340.7,246
PRAJIND,2026-04-10 12:43:00,340.95,340.95,340.7,340.85,230
PRAJIND,2026-04-10 12:44:00,340.85,340.9,340.75,340.75,543
PRAJIND,2026-04-10 12:45:00,340.75,340.75,340.75,340.75,48
PRAJIND,2026-04-10 12:46:00,340.75,340.75,340.5,340.75,441
PRAJIND,2026-04-10 12:47:00,340.75,341.05,340.55,341.05,1164
PRAJIND,2026-04-10 12:48:00,341.15,341.15,340.75,341.0,672
PRAJIND,2026-04-10 12:49:00,341.0,341.0,340.7,340.95,492
PRAJIND,2026-04-10 12:50:00,341.0,341.0,340.5,340.65,451
PRAJIND,2026-04-10 12:51:00,340.8,340.95,340.7,340.85,646
PRAJIND,2026-04-10 12:52:00,340.85,340.95,340.75,340.8,435
PRAJIND,2026-04-10 12:53:00,340.95,340.95,340.8,340.9,106
PRAJIND,2026-04-10 12:54:00,340.9,340.95,340.7,340.9,772
PRAJIND,2026-04-10 12:55:00,340.85,340.9,340.85,340.9,273
PRAJIND,2026-04-10 12:56:00,340.9,340.9,340.7,340.7,104
PRAJIND,2026-04-10 12:57:00,340.75,341.25,340.75,340.95,1753
PRAJIND,2026-04-10 12:58:00,341.2,341.2,341.15,341.15,29
PRAJIND,2026-04-10 12:59:00,341.15,341.15,341.0,341.0,151
PRAJIND,2026-04-10 13:00:00,341.1,341.1,340.85,341.1,1554
PRAJIND,2026-04-10 13:01:00,341.1,341.1,341.1,341.1,146
PRAJIND,2026-04-10 13:02:00,341.1,341.1,340.9,341.0,695
PRAJIND,2026-04-10 13:03:00,341.0,341.05,341.0,341.0,98
PRAJIND,2026-04-10 13:04:00,341.0,341.05,341.0,341.05,247
PRAJIND,2026-04-10 13:05:00,341.05,341.05,341.05,341.05,255
PRAJIND,2026-04-10 13:06:00,341.05,341.05,340.85,341.05,55
PRAJIND,2026-04-10 13:07:00,341.0,341.0,340.75,341.0,377
PRAJIND,2026-04-10 13:08:00,341.0,341.0,340.8,341.0,241
PRAJIND,2026-04-10 13:09:00,341.0,341.0,340.7,340.9,575
PRAJIND,2026-04-10 13:10:00,340.9,340.9,340.7,340.85,152
PRAJIND,2026-04-10 13:11:00,340.85,341.05,340.7,341.05,12126
PRAJIND,2026-04-10 13:12:00,341.0,341.0,340.8,340.9,182
PRAJIND,2026-04-10 13:13:00,340.9,340.9,340.5,340.75,2206
PRAJIND,2026-04-10 13:14:00,340.7,340.75,340.7,340.75,15
PRAJIND,2026-04-10 13:15:00,340.75,341.2,340.55,340.95,7882
PRAJIND,2026-04-10 13:16:00,340.95,341.2,340.95,341.15,507
PRAJIND,2026-04-10 13:17:00,341.2,341.9,341.1,341.9,7420
PRAJIND,2026-04-10 13:18:00,341.9,341.9,341.65,341.65,718
PRAJIND,2026-04-10 13:19:00,341.65,341.85,341.5,341.85,601
PRAJIND,2026-04-10 13:20:00,341.55,341.85,341.55,341.8,487
PRAJIND,2026-04-10 13:21:00,341.8,341.85,341.55,341.6,704
PRAJIND,2026-04-10 13:22:00,341.55,341.8,341.55,341.55,190
PRAJIND,2026-04-10 13:23:00,341.8,341.95,341.5,341.5,6105
PRAJIND,2026-04-10 13:24:00,341.7,341.7,341.4,341.55,264
PRAJIND,2026-04-10 13:25:00,341.55,341.55,341.45,341.45,865
PRAJIND,2026-04-10 13:26:00,341.45,341.45,341.2,341.2,24
PRAJIND,2026-04-10 13:27:00,341.35,341.35,341.2,341.3,265
PRAJIND,2026-04-10 13:28:00,341.3,341.3,341.3,341.3,236
PRAJIND,2026-04-10 13:29:00,341.3,341.45,341.3,341.4,1083
PRAJIND,2026-04-10 13:30:00,341.4,341.45,341.2,341.45,90
PRAJIND,2026-04-10 13:31:00,341.45,341.55,341.45,341.55,2480
PRAJIND,2026-04-10 13:32:00,341.6,341.85,341.6,341.85,315
PRAJIND,2026-04-10 13:33:00,341.8,341.9,341.6,341.75,652
PRAJIND,2026-04-10 13:34:00,341.8,341.8,341.5,341.6,249
PRAJIND,2026-04-10 13:35:00,341.7,341.7,341.6,341.6,324
PRAJIND,2026-04-10 13:36:00,341.6,341.9,341.5,341.9,3168
PRAJIND,2026-04-10 13:37:00,341.85,341.9,341.65,341.8,336
PRAJIND,2026-04-10 13:38:00,341.85,342.4,341.8,342.0,5792
PRAJIND,2026-04-10 13:39:00,342.35,342.4,342.0,342.2,1400
PRAJIND,2026-04-10 13:40:00,342.25,342.3,342.0,342.3,446
PRAJIND,2026-04-10 13:41:00,342.3,342.35,339.5,339.75,34208
PRAJIND,2026-04-10 13:42:00,339.85,339.95,339.6,339.85,1917
PRAJIND,2026-04-10 13:43:00,339.55,339.9,339.55,339.9,709
PRAJIND,2026-04-10 13:44:00,339.9,339.9,339.6,339.6,814
PRAJIND,2026-04-10 13:45:00,339.8,340.0,339.65,339.9,787
PRAJIND,2026-04-10 13:46:00,339.85,339.85,339.4,339.6,4899
PRAJIND,2026-04-10 13:47:00,339.65,339.75,339.6,339.6,1492
PRAJIND,2026-04-10 13:48:00,339.65,339.8,339.45,339.5,2784
PRAJIND,2026-04-10 13:49:00,339.45,339.6,339.3,339.6,1461
PRAJIND,2026-04-10 13:50:00,339.6,339.65,339.25,339.45,539
PRAJIND,2026-04-10 13:51:00,339.45,339.75,339.2,339.75,271
PRAJIND,2026-04-10 13:52:00,339.5,339.75,339.05,339.4,7273
PRAJIND,2026-04-10 13:53:00,339.4,339.4,339.05,339.2,1107
PRAJIND,2026-04-10 13:54:00,339.4,339.9,339.25,339.65,1280
PRAJIND,2026-04-10 13:55:00,339.7,339.75,339.35,339.6,1240
PRAJIND,2026-04-10 13:56:00,339.6,339.7,339.4,339.6,415
PRAJIND,2026-04-10 13:57:00,339.65,339.95,339.65,339.75,3497
PRAJIND,2026-04-10 13:58:00,339.85,340.0,339.85,340.0,532
PRAJIND,2026-04-10 13:59:00,340.0,340.0,339.7,340.0,2462
PRAJIND,2026-04-10 14:00:00,340.0,340.0,340.0,340.0,1136
PRAJIND,2026-04-10 14:01:00,339.8,340.0,339.8,340.0,36
PRAJIND,2026-04-10 14:02:00,340.0,340.0,339.4,339.4,2278
PRAJIND,2026-04-10 14:03:00,339.4,339.4,339.15,339.15,220
PRAJIND,2026-04-10 14:04:00,339.4,339.4,339.4,339.4,73
PRAJIND,2026-04-10 14:05:00,339.4,339.5,339.4,339.5,2301
PRAJIND,2026-04-10 14:06:00,339.5,339.5,339.25,339.25,930
PRAJIND,2026-04-10 14:07:00,339.25,339.4,338.75,338.75,8735
PRAJIND,2026-04-10 14:08:00,338.95,339.15,338.95,339.15,8712
PRAJIND,2026-04-10 14:09:00,339.0,339.25,338.75,339.15,1225
PRAJIND,2026-04-10 14:10:00,339.2,339.2,338.15,338.15,3643
PRAJIND,2026-04-10 14:11:00,338.4,338.7,338.3,338.5,621
PRAJIND,2026-04-10 14:12:00,338.55,338.7,338.5,338.65,930
PRAJIND,2026-04-10 14:13:00,338.65,338.75,338.35,338.45,1583
PRAJIND,2026-04-10 14:14:00,338.55,338.7,338.3,338.45,1371
PRAJIND,2026-04-10 14:15:00,338.45,338.45,337.1,337.2,12744
PRAJIND,2026-04-10 14:16:00,337.7,338.1,337.15,337.15,3558
PRAJIND,2026-04-10 14:17:00,337.5,338.25,337.4,338.15,2386
PRAJIND,2026-04-10 14:18:00,338.1,338.15,337.9,337.9,1215
PRAJIND,2026-04-10 14:19:00,338.1,338.15,337.55,337.55,7013
PRAJIND,2026-04-10 14:20:00,337.55,338.0,337.55,337.75,14539
PRAJIND,2026-04-10 14:21:00,337.85,337.95,337.8,337.95,929
PRAJIND,2026-04-10 14:22:00,338.0,338.0,337.5,337.55,3389
PRAJIND,2026-04-10 14:23:00,337.45,337.6,337.35,337.5,606
PRAJIND,2026-04-10 14:24:00,337.45,337.55,337.05,337.15,2401
PRAJIND,2026-04-10 14:25:00,337.2,337.2,337.0,337.15,1021
PRAJIND,2026-04-10 14:26:00,337.25,337.4,337.0,337.4,2841
PRAJIND,2026-04-10 14:27:00,337.4,337.4,336.8,337.0,9999
PRAJIND,2026-04-10 14:28:00,336.95,337.0,336.8,336.8,373
PRAJIND,2026-04-10 14:29:00,336.95,337.0,336.6,336.9,992
PRAJIND,2026-04-10 14:30:00,336.9,337.0,336.65,336.95,761
PRAJIND,2026-04-10 14:31:00,336.95,337.2,336.95,337.2,676
PRAJIND,2026-04-10 14:32:00,337.2,337.35,337.0,337.35,221
PRAJIND,2026-04-10 14:33:00,337.25,337.4,337.2,337.4,1114
PRAJIND,2026-04-10 14:34:00,337.4,337.4,337.2,337.2,512
PRAJIND,2026-04-10 14:35:00,337.3,337.3,337.2,337.2,127
PRAJIND,2026-04-10 14:36:00,337.3,337.3,337.0,337.2,767
PRAJIND,2026-04-10 14:37:00,337.2,337.2,336.7,337.1,673
PRAJIND,2026-04-10 14:38:00,337.1,337.2,336.85,337.15,950
PRAJIND,2026-04-10 14:39:00,337.15,337.3,336.75,336.75,1407
PRAJIND,2026-04-10 14:40:00,336.95,337.2,336.85,337.0,734
PRAJIND,2026-04-10 14:41:00,337.15,337.3,337.0,337.25,414
PRAJIND,2026-04-10 14:42:00,337.25,337.4,337.25,337.4,182
PRAJIND,2026-04-10 14:43:00,337.4,337.4,337.05,337.3,1225
PRAJIND,2026-04-10 14:44:00,337.2,337.4,337.15,337.35,156
PRAJIND,2026-04-10 14:45:00,337.5,337.5,337.2,337.2,238
PRAJIND,2026-04-10 14:46:00,337.2,337.3,337.2,337.2,239
PRAJIND,2026-04-10 14:47:00,337.35,337.45,337.2,337.35,438
PRAJIND,2026-04-10 14:48:00,337.5,337.5,337.25,337.45,614
PRAJIND,2026-04-10 14:49:00,337.5,337.8,337.25,337.8,2905
PRAJIND,2026-04-10 14:50:00,337.75,337.75,337.5,337.75,421
PRAJIND,2026-04-10 14:51:00,337.7,337.8,337.7,337.75,1715
PRAJIND,2026-04-10 14:52:00,337.85,338.0,337.8,337.8,2152
PRAJIND,2026-04-10 14:53:00,337.8,338.25,337.8,338.25,250
PRAJIND,2026-04-10 14:54:00,338.25,338.4,338.0,338.15,1444
PRAJIND,2026-04-10 14:55:00,338.15,338.15,338.0,338.0,531
PRAJIND,2026-04-10 14:56:00,338.0,338.2,338.0,338.0,1094
PRAJIND,2026-04-10 14:57:00,338.2,338.2,337.95,337.95,1343
PRAJIND,2026-04-10 14:58:00,337.95,337.95,337.75,337.95,953
PRAJIND,2026-04-10 14:59:00,337.95,337.95,337.6,337.85,155
PRAJIND,2026-04-10 15:00:00,337.8,337.8,337.55,337.7,456
PRAJIND,2026-04-10 15:01:00,337.6,337.75,337.6,337.7,392
PRAJIND,2026-04-10 15:02:00,337.6,337.7,337.4,337.7,1805
PRAJIND,2026-04-10 15:03:00,337.45,337.75,337.45,337.75,5793
PRAJIND,2026-04-10 15:04:00,337.75,337.9,337.75,337.85,1574
PRAJIND,2026-04-10 15:05:00,337.9,338.0,337.75,337.95,1134
PRAJIND,2026-04-10 15:06:00,337.95,337.95,337.65,337.7,1628
PRAJIND,2026-04-10 15:07:00,337.55,337.7,337.5,337.5,2442
PRAJIND,2026-04-10 15:08:00,337.5,337.85,337.45,337.85,13300
PRAJIND,2026-04-10 15:09:00,337.95,338.35,337.2,337.8,7886
PRAJIND,2026-04-10 15:10:00,337.9,338.1,337.6,338.0,3905
PRAJIND,2026-04-10 15:11:00,338.0,338.1,337.9,337.95,377
PRAJIND,2026-04-10 15:12:00,337.95,337.95,337.65,337.95,2288
PRAJIND,2026-04-10 15:13:00,337.85,338.0,337.65,337.65,854
PRAJIND,2026-04-10 15:14:00,337.95,338.0,337.3,338.0,3941
PRAJIND,2026-04-10 15:15:00,338.0,338.1,337.8,338.1,5411
PRAJIND,2026-04-10 15:16:00,338.0,338.5,338.0,338.45,1985
PRAJIND,2026-04-10 15:17:00,338.45,338.5,338.45,338.45,1263
PRAJIND,2026-04-10 15:18:00,338.45,338.5,337.85,337.85,3805
PRAJIND,2026-04-10 15:19:00,338.15,338.4,337.9,338.35,3746
PRAJIND,2026-04-10 15:20:00,338.3,338.4,337.75,338.0,15811
PRAJIND,2026-04-10 15:21:00,338.4,338.65,338.2,338.65,2470
PRAJIND,2026-04-10 15:22:00,338.45,338.7,338.3,338.55,2242
PRAJIND,2026-04-10 15:23:00,338.5,338.65,338.2,338.5,4226
PRAJIND,2026-04-10 15:24:00,338.65,339.0,338.55,338.7,24160
PRAJIND,2026-04-10 15:25:00,338.75,338.9,338.3,338.3,3521
PRAJIND,2026-04-10 15:26:00,338.6,338.7,338.3,338.6,4550
PRAJIND,2026-04-10 15:27:00,338.6,338.65,338.2,338.5,8891
PRAJIND,2026-04-10 15:28:00,338.5,338.5,337.9,338.5,8804
PRAJIND,2026-04-10 15:29:00,338.5,338.8,338.0,338.8,4318
PRAJIND,2026-04-13 09:15:00,332.55,333.95,330.3,330.3,24380
PRAJIND,2026-04-13 09:16:00,330.75,330.75,328.05,329.95,27820
PRAJIND,2026-04-13 09:17:00,329.95,330.3,329.3,330.1,15333
PRAJIND,2026-04-13 09:18:00,330.05,330.9,329.8,330.7,11885
PRAJIND,2026-04-13 09:19:00,330.95,331.65,330.75,331.5,20093
PRAJIND,2026-04-13 09:20:00,332.05,332.7,332.0,332.5,7802
PRAJIND,2026-04-13 09:21:00,332.7,333.8,332.7,333.0,4510
PRAJIND,2026-04-13 09:22:00,333.5,334.0,333.4,333.65,6187
PRAJIND,2026-04-13 09:23:00,333.6,333.75,333.25,333.25,14939
PRAJIND,2026-04-13 09:24:00,333.15,333.65,332.95,333.65,4340
PRAJIND,2026-04-13 09:25:00,333.35,334.2,333.35,334.0,7370
PRAJIND,2026-04-13 09:26:00,334.2,334.75,334.1,334.3,6619
PRAJIND,2026-04-13 09:27:00,333.7,334.7,333.7,334.3,16276
PRAJIND,2026-04-13 09:28:00,334.45,335.0,334.45,334.85,10441
PRAJIND,2026-04-13 09:29:00,335.2,335.7,335.0,335.7,10673
PRAJIND,2026-04-13 09:30:00,335.2,335.7,334.85,335.5,6903
PRAJIND,2026-04-13 09:31:00,335.5,335.8,335.15,335.8,5699
PRAJIND,2026-04-13 09:32:00,335.55,336.5,335.55,336.5,17975
PRAJIND,2026-04-13 09:33:00,336.5,336.55,336.2,336.55,3974
PRAJIND,2026-04-13 09:34:00,336.35,337.0,336.35,336.65,8394
PRAJIND,2026-04-13 09:35:00,336.65,336.65,336.05,336.35,10409
PRAJIND,2026-04-13 09:36:00,335.3,335.5,334.75,335.3,4549
PRAJIND,2026-04-13 09:37:00,335.0,335.45,335.0,335.45,3248
PRAJIND,2026-04-13 09:38:00,335.05,336.15,335.0,336.15,2182
PRAJIND,2026-04-13 09:39:00,336.7,337.65,336.7,337.5,18962
PRAJIND,2026-04-13 09:40:00,337.45,337.8,337.2,337.75,4099
PRAJIND,2026-04-13 09:41:00,338.2,341.0,338.2,340.35,25437
PRAJIND,2026-04-13 09:42:00,340.65,340.65,340.05,340.05,14514
PRAJIND,2026-04-13 09:43:00,340.35,340.4,338.8,338.85,13504
PRAJIND,2026-04-13 09:44:00,339.1,339.1,338.7,339.0,7343
PRAJIND,2026-04-13 09:45:00,339.0,339.15,338.65,338.65,2388
PRAJIND,2026-04-13 09:46:00,338.65,338.95,338.5,338.7,1735
PRAJIND,2026-04-13 09:47:00,338.7,338.8,338.4,338.5,1385
PRAJIND,2026-04-13 09:48:00,338.5,338.7,338.0,338.45,2385
PRAJIND,2026-04-13 09:49:00,338.5,338.5,338.15,338.15,5232
PRAJIND,2026-04-13 09:50:00,338.25,338.5,338.25,338.5,1596
PRAJIND,2026-04-13 09:51:00,338.9,338.9,338.55,338.55,1489
PRAJIND,2026-04-13 09:52:00,338.65,339.15,338.55,339.15,1414
PRAJIND,2026-04-13 09:53:00,338.95,339.2,338.8,339.0,1896
PRAJIND,2026-04-13 09:54:00,339.0,339.0,338.35,338.35,1349
PRAJIND,2026-04-13 09:55:00,338.55,338.85,338.3,338.55,749
PRAJIND,2026-04-13 09:56:00,338.85,339.0,338.7,339.0,2503
PRAJIND,2026-04-13 09:57:00,339.0,339.4,338.65,338.85,1652
PRAJIND,2026-04-13 09:58:00,338.85,339.5,338.8,339.5,1556
PRAJIND,2026-04-13 09:59:00,339.5,339.5,339.15,339.35,722
PRAJIND,2026-04-13 10:00:00,339.35,339.35,338.6,338.6,1937
PRAJIND,2026-04-13 10:01:00,338.9,338.9,338.55,338.65,1722
PRAJIND,2026-04-13 10:02:00,338.75,339.45,338.75,339.35,2391
PRAJIND,2026-04-13 10:03:00,339.4,339.4,339.05,339.05,723
PRAJIND,2026-04-13 10:04:00,339.0,339.1,338.65,338.7,755
PRAJIND,2026-04-13 10:05:00,338.75,339.25,338.75,339.25,1867
PRAJIND,2026-04-13 10:06:00,339.2,339.2,338.6,338.85,890
PRAJIND,2026-04-13 10:07:00,338.85,339.25,338.85,339.25,2390
PRAJIND,2026-04-13 10:08:00,339.5,344.9,339.4,344.55,71488
PRAJIND,2026-04-13 10:09:00,344.5,345.35,344.1,345.0,36307
PRAJIND,2026-04-13 10:10:00,345.0,345.4,344.55,345.05,30562
PRAJIND,2026-04-13 10:11:00,345.0,345.2,344.7,345.2,7252
PRAJIND,2026-04-13 10:12:00,345.0,345.4,345.0,345.25,9373
PRAJIND,2026-04-13 10:13:00,345.4,345.4,344.55,344.55,27679
PRAJIND,2026-04-13 10:14:00,344.1,344.4,343.65,344.0,19898
PRAJIND,2026-04-13 10:15:00,344.0,344.15,344.0,344.0,5946
PRAJIND,2026-04-13 10:16:00,344.0,344.2,343.4,344.2,24765
PRAJIND,2026-04-13 10:17:00,344.2,344.5,343.95,343.95,5671
PRAJIND,2026-04-13 10:18:00,343.9,344.8,343.8,344.55,6923
PRAJIND,2026-04-13 10:19:00,344.75,344.9,344.5,344.65,12770
PRAJIND,2026-04-13 10:20:00,344.65,345.0,344.55,345.0,5548
PRAJIND,2026-04-13 10:21:00,344.8,345.25,344.75,344.9,14294
PRAJIND,2026-04-13 10:22:00,344.9,346.0,344.9,345.85,15011
PRAJIND,2026-04-13 10:23:00,345.85,345.95,345.5,345.85,4091
PRAJIND,2026-04-13 10:24:00,345.65,345.65,345.1,345.6,2818
PRAJIND,2026-04-13 10:25:00,345.6,346.5,345.5,346.0,26363
PRAJIND,2026-04-13 10:26:00,345.95,346.0,345.8,345.95,3257
PRAJIND,2026-04-13 10:27:00,346.0,346.35,345.9,346.05,4548
PRAJIND,2026-04-13 10:28:00,345.8,346.0,345.5,345.5,7223
PRAJIND,2026-04-13 10:29:00,345.5,345.85,345.1,345.1,7992
PRAJIND,2026-04-13 10:30:00,345.45,345.45,345.0,345.0,3870
PRAJIND,2026-04-13 10:31:00,345.0,345.2,344.8,344.95,3652
PRAJIND,2026-04-13 10:32:00,344.95,345.0,344.75,344.8,3254
PRAJIND,2026-04-13 10:33:00,345.0,345.0,344.5,344.65,12972
PRAJIND,2026-04-13 10:34:00,344.65,344.8,344.65,344.75,777
PRAJIND,2026-04-13 10:35:00,344.8,344.85,344.65,344.75,802
PRAJIND,2026-04-13 10:36:00,344.5,344.85,344.5,344.5,3108
PRAJIND,2026-04-13 10:37:00,344.7,344.7,344.4,344.4,12684
PRAJIND,2026-04-13 10:38:00,344.4,344.65,344.4,344.55,606
PRAJIND,2026-04-13 10:39:00,344.75,345.0,344.65,344.95,5104
PRAJIND,2026-04-13 10:40:00,345.0,345.0,344.6,344.75,2398
PRAJIND,2026-04-13 10:41:00,344.6,345.45,344.6,344.8,11361
PRAJIND,2026-04-13 10:42:00,344.9,344.9,344.5,344.7,1771
PRAJIND,2026-04-13 10:43:00,344.7,344.7,344.4,344.5,3959
PRAJIND,2026-04-13 10:44:00,344.7,344.7,344.5,344.7,1447
PRAJIND,2026-04-13 10:45:00,344.7,345.0,344.7,344.9,2823
PRAJIND,2026-04-13 10:46:00,344.8,345.2,344.8,345.0,1505
PRAJIND,2026-04-13 10:47:00,345.25,345.3,345.05,345.2,604
PRAJIND,2026-04-13 10:48:00,345.25,345.3,344.9,345.3,601
PRAJIND,2026-04-13 10:49:00,345.25,345.35,344.8,345.0,8971
PRAJIND,2026-04-13 10:50:00,345.0,345.0,344.85,345.0,918
PRAJIND,2026-04-13 10:51:00,345.0,345.0,344.75,344.9,468
PRAJIND,2026-04-13 10:52:00,344.9,344.95,344.75,344.95,954
PRAJIND,2026-04-13 10:53:00,344.95,344.95,344.75,344.9,350
PRAJIND,2026-04-13 10:54:00,344.95,345.15,344.8,345.15,2576
PRAJIND,2026-04-13 10:55:00,345.15,345.3,345.15,345.2,1243
PRAJIND,2026-04-13 10:56:00,345.2,345.8,345.2,345.8,2089
PRAJIND,2026-04-13 10:57:00,345.8,345.8,345.15,345.5,1403
PRAJIND,2026-04-13 10:58:00,345.2,345.75,345.2,345.7,3187
PRAJIND,2026-04-13 10:59:00,345.7,345.85,345.65,345.8,865
PRAJIND,2026-04-13 11:00:00,345.85,345.85,345.5,345.75,1816
PRAJIND,2026-04-13 11:01:00,345.55,345.75,345.5,345.5,1600
PRAJIND,2026-04-13 11:02:00,345.5,345.75,345.4,345.75,2440
PRAJIND,2026-04-13 11:03:00,345.8,345.8,345.5,345.7,1527
PRAJIND,2026-04-13 11:04:00,345.6,345.85,345.15,345.15,3790
PRAJIND,2026-04-13 11:05:00,345.15,345.5,345.15,345.5,290
PRAJIND,2026-04-13 11:06:00,345.5,345.5,345.0,345.0,1249
PRAJIND,2026-04-13 11:07:00,345.25,345.25,345.0,345.1,1107
PRAJIND,2026-04-13 11:08:00,345.05,345.15,345.0,345.0,3547
PRAJIND,2026-04-13 11:09:00,345.0,345.2,345.0,345.2,4342
PRAJIND,2026-04-13 11:10:00,345.2,345.2,344.75,344.95,4565
PRAJIND,2026-04-13 11:11:00,344.9,345.15,344.5,345.15,10439
PRAJIND,2026-04-13 11:12:00,345.15,345.45,344.9,345.2,2469
PRAJIND,2026-04-13 11:13:00,345.2,346.0,345.2,346.0,9893
PRAJIND,2026-04-13 11:14:00,346.0,346.0,345.35,345.35,1223
PRAJIND,2026-04-13 11:15:00,345.35,345.6,345.25,345.3,502
PRAJIND,2026-04-13 11:16:00,345.55,345.7,345.55,345.7,3142
PRAJIND,2026-04-13 11:17:00,345.7,345.85,345.5,345.85,504
PRAJIND,2026-04-13 11:18:00,345.95,346.3,345.95,346.2,7655
PRAJIND,2026-04-13 11:19:00,346.2,346.5,346.2,346.5,2599
PRAJIND,2026-04-13 11:20:00,346.3,346.85,345.8,345.95,15283
PRAJIND,2026-04-13 11:21:00,345.85,345.85,345.4,345.65,1271
PRAJIND,2026-04-13 11:22:00,345.65,346.0,345.3,346.0,3537
PRAJIND,2026-04-13 11:23:00,346.0,346.0,345.8,345.95,250
PRAJIND,2026-04-13 11:24:00,345.75,345.8,345.5,345.5,353
PRAJIND,2026-04-13 11:25:00,345.5,345.8,345.3,345.4,3226
PRAJIND,2026-04-13 11:26:00,345.35,345.95,345.35,345.75,1749
PRAJIND,2026-04-13 11:27:00,346.0,346.0,345.55,345.55,1653
PRAJIND,2026-04-13 11:28:00,345.55,345.95,345.55,345.75,486
PRAJIND,2026-04-13 11:29:00,345.75,345.75,345.35,345.4,771
PRAJIND,2026-04-13 11:30:00,345.5,345.7,345.35,345.35,3181
PRAJIND,2026-04-13 11:31:00,345.35,345.5,345.3,345.5,242
PRAJIND,2026-04-13 11:32:00,345.5,345.5,345.2,345.5,1554
PRAJIND,2026-04-13 11:33:00,345.5,345.7,345.25,345.3,1714
PRAJIND,2026-04-13 11:34:00,345.5,345.5,345.25,345.25,284
PRAJIND,2026-04-13 11:35:00,345.25,345.5,345.1,345.3,534
PRAJIND,2026-04-13 11:36:00,345.3,345.5,345.3,345.45,586
PRAJIND,2026-04-13 11:37:00,345.3,345.75,345.3,345.75,691
PRAJIND,2026-04-13 11:38:00,345.75,345.75,345.55,345.55,1839
PRAJIND,2026-04-13 11:39:00,345.7,345.7,345.15,345.35,1419
PRAJIND,2026-04-13 11:40:00,345.35,345.35,345.05,345.35,4135
PRAJIND,2026-04-13 11:41:00,345.35,345.35,345.0,345.0,1432
PRAJIND,2026-04-13 11:42:00,345.0,345.0,343.9,343.95,6203
PRAJIND,2026-04-13 11:43:00,344.5,344.85,344.5,344.85,3694
PRAJIND,2026-04-13 11:44:00,344.35,344.8,344.35,344.8,1541
PRAJIND,2026-04-13 11:45:00,344.8,344.8,344.65,344.7,183
PRAJIND,2026-04-13 11:46:00,344.7,344.7,344.45,344.45,1366
PRAJIND,2026-04-13 11:47:00,344.45,344.7,344.4,344.65,879
PRAJIND,2026-04-13 11:48:00,344.65,344.7,344.65,344.7,1033
PRAJIND,2026-04-13 11:49:00,344.7,344.95,344.65,344.95,2104
PRAJIND,2026-04-13 11:50:00,344.95,344.95,344.85,344.85,457
PRAJIND,2026-04-13 11:51:00,345.0,345.25,345.0,345.0,2240
PRAJIND,2026-04-13 11:52:00,345.0,346.6,344.9,346.35,10377
PRAJIND,2026-04-13 11:53:00,346.35,346.7,346.05,346.05,1033
PRAJIND,2026-04-13 11:54:00,346.05,347.55,346.05,347.3,42787
PRAJIND,2026-04-13 11:55:00,347.8,349.25,347.8,349.25,43760
PRAJIND,2026-04-13 11:56:00,349.25,349.8,349.05,349.5,17676
PRAJIND,2026-04-13 11:57:00,349.85,349.85,349.05,349.05,19537
PRAJIND,2026-04-13 11:58:00,349.05,349.35,348.85,349.0,4646
PRAJIND,2026-04-13 11:59:00,349.0,349.25,348.35,348.5,8774
PRAJIND,2026-04-13 12:00:00,348.35,348.5,348.05,348.2,8518
PRAJIND,2026-04-13 12:01:00,348.0,348.5,348.0,348.1,8644
PRAJIND,2026-04-13 12:02:00,348.1,348.5,348.0,348.15,6593
PRAJIND,2026-04-13 12:03:00,348.15,348.35,348.0,348.2,7583
PRAJIND,2026-04-13 12:04:00,348.25,348.45,348.15,348.2,2179
PRAJIND,2026-04-13 12:05:00,348.45,348.6,348.15,348.35,1749
PRAJIND,2026-04-13 12:06:00,348.35,348.7,348.35,348.6,1625
PRAJIND,2026-04-13 12:07:00,348.7,348.85,348.6,348.65,1495
PRAJIND,2026-04-13 12:08:00,348.65,348.65,348.1,348.2,5053
PRAJIND,2026-04-13 12:09:00,348.2,348.5,348.15,348.15,4572
PRAJIND,2026-04-13 12:10:00,348.15,348.45,348.1,348.4,3463
PRAJIND,2026-04-13 12:11:00,348.4,348.5,348.25,348.25,1884
PRAJIND,2026-04-13 12:12:00,348.7,348.7,348.2,348.2,21468
PRAJIND,2026-04-13 12:13:00,348.4,348.45,348.0,348.4,4778
PRAJIND,2026-04-13 12:14:00,348.15,348.4,348.15,348.3,586
PRAJIND,2026-04-13 12:15:00,348.3,348.5,348.1,348.1,1718
PRAJIND,2026-04-13 12:16:00,348.1,348.3,348.0,348.25,4769
PRAJIND,2026-04-13 12:17:00,348.25,348.5,348.15,348.5,2199
PRAJIND,2026-04-13 12:18:00,348.6,348.6,348.15,348.25,1555
PRAJIND,2026-04-13 12:19:00,348.25,348.45,348.15,348.45,327
PRAJIND,2026-04-13 12:20:00,348.25,348.6,348.2,348.45,1612
PRAJIND,2026-04-13 12:21:00,348.45,348.45,348.15,348.15,1339
PRAJIND,2026-04-13 12:22:00,348.15,348.3,347.8,348.0,7513
PRAJIND,2026-04-13 12:23:00,348.0,348.25,347.9,348.0,1568
PRAJIND,2026-04-13 12:24:00,348.0,348.2,348.0,348.0,2506
PRAJIND,2026-04-13 12:25:00,348.0,348.25,347.95,348.25,3232
PRAJIND,2026-04-13 12:26:00,348.0,348.05,347.85,348.05,2411
PRAJIND,2026-04-13 12:27:00,348.1,348.25,348.1,348.25,1074
PRAJIND,2026-04-13 12:28:00,348.25,348.5,348.0,348.0,6241
PRAJIND,2026-04-13 12:29:00,348.0,348.0,347.15,347.55,10365
PRAJIND,2026-04-13 12:30:00,347.5,347.5,346.85,347.25,9404
PRAJIND,2026-04-13 12:31:00,347.0,347.2,347.0,347.0,2828
PRAJIND,2026-04-13 12:32:00,347.0,347.0,346.8,347.0,14155
PRAJIND,2026-04-13 12:33:00,347.0,347.1,346.85,346.85,1099
PRAJIND,2026-04-13 12:34:00,346.8,346.85,346.65,346.65,850
PRAJIND,2026-04-13 12:35:00,346.85,347.0,346.5,347.0,2705
PRAJIND,2026-04-13 12:36:00,346.7,347.1,346.65,346.95,3231
PRAJIND,2026-04-13 12:37:00,346.95,346.95,346.75,346.95,1595
PRAJIND,2026-04-13 12:38:00,346.95,347.0,346.95,347.0,1351
PRAJIND,2026-04-13 12:39:00,347.0,347.0,346.7,346.7,512
PRAJIND,2026-04-13 12:40:00,346.7,346.8,346.65,346.8,2713
PRAJIND,2026-04-13 12:41:00,346.85,346.85,346.5,346.5,3421
PRAJIND,2026-04-13 12:42:00,346.15,346.7,346.15,346.5,6123
PRAJIND,2026-04-13 12:43:00,346.5,346.7,346.25,346.5,2217
PRAJIND,2026-04-13 12:44:00,346.5,346.5,346.1,346.1,2663
PRAJIND,2026-04-13 12:45:00,346.5,346.5,346.2,346.35,1075
PRAJIND,2026-04-13 12:46:00,346.35,346.4,346.2,346.2,319
PRAJIND,2026-04-13 12:47:00,346.2,346.2,345.7,345.9,7718
PRAJIND,2026-04-13 12:48:00,345.9,346.15,345.75,345.75,1647
PRAJIND,2026-04-13 12:49:00,346.0,346.35,345.85,346.0,31782
PRAJIND,2026-04-13 12:50:00,346.0,346.15,345.85,345.85,1958
PRAJIND,2026-04-13 12:51:00,346.0,346.2,345.85,346.2,2218
PRAJIND,2026-04-13 12:52:00,346.2,346.5,346.2,346.45,2396
PRAJIND,2026-04-13 12:53:00,346.45,346.45,346.1,346.1,503
PRAJIND,2026-04-13 12:54:00,346.1,346.4,345.85,345.85,7585
PRAJIND,2026-04-13 12:55:00,345.95,345.95,345.75,345.95,2596
PRAJIND,2026-04-13 12:56:00,345.65,345.9,345.5,345.6,980
PRAJIND,2026-04-13 12:57:00,345.6,345.6,345.0,345.4,10224
PRAJIND,2026-04-13 12:58:00,345.4,345.85,345.15,345.85,2163
PRAJIND,2026-04-13 12:59:00,345.85,345.95,345.35,345.95,1096
PRAJIND,2026-04-13 13:00:00,345.95,345.95,345.6,345.8,397
PRAJIND,2026-04-13 13:01:00,345.8,345.8,345.65,345.8,286
PRAJIND,2026-04-13 13:02:00,345.7,345.7,345.4,345.6,4910
PRAJIND,2026-04-13 13:03:00,345.5,345.5,344.8,344.85,9887
PRAJIND,2026-04-13 13:04:00,345.0,345.0,344.6,345.0,4359
PRAJIND,2026-04-13 13:05:00,345.0,345.45,344.8,345.0,5576
PRAJIND,2026-04-13 13:06:00,345.0,345.45,344.95,345.25,7270
PRAJIND,2026-04-13 13:07:00,345.25,345.5,345.2,345.45,194
PRAJIND,2026-04-13 13:08:00,345.45,345.65,345.0,345.65,12213
PRAJIND,2026-04-13 13:09:00,345.6,346.0,345.6,345.75,8132
PRAJIND,2026-04-13 13:10:00,345.75,345.9,345.65,345.9,1302
PRAJIND,2026-04-13 13:11:00,345.9,345.9,345.6,345.85,1203
PRAJIND,2026-04-13 13:12:00,345.9,346.45,345.8,346.3,3914
PRAJIND,2026-04-13 13:13:00,346.0,346.5,346.0,346.4,4996
PRAJIND,2026-04-13 13:14:00,346.25,346.35,345.3,345.8,4588
PRAJIND,2026-04-13 13:15:00,345.8,346.2,345.8,346.0,233
PRAJIND,2026-04-13 13:16:00,346.0,346.0,345.65,345.65,505
PRAJIND,2026-04-13 13:17:00,345.5,345.95,345.5,345.6,1642
PRAJIND,2026-04-13 13:18:00,345.9,345.9,345.55,345.9,225
PRAJIND,2026-04-13 13:19:00,345.9,346.0,345.65,345.95,722
PRAJIND,2026-04-13 13:20:00,345.95,346.0,345.8,345.95,572
PRAJIND,2026-04-13 13:21:00,345.95,346.0,345.75,345.75,406
PRAJIND,2026-04-13 13:22:00,345.75,345.75,345.7,345.75,320
PRAJIND,2026-04-13 13:23:00,345.75,345.75,345.55,345.7,325
PRAJIND,2026-04-13 13:24:00,345.7,345.7,345.5,345.5,95
PRAJIND,2026-04-13 13:25:00,345.5,345.85,345.5,345.6,2929
PRAJIND,2026-04-13 13:26:00,345.8,345.85,345.5,345.8,1316
PRAJIND,2026-04-13 13:27:00,345.8,345.9,345.6,345.85,2415
PRAJIND,2026-04-13 13:28:00,345.85,346.0,345.5,345.9,1718
PRAJIND,2026-04-13 13:29:00,345.85,345.95,345.6,345.95,4922
PRAJIND,2026-04-13 13:30:00,345.55,345.95,345.55,345.85,1114
PRAJIND,2026-04-13 13:31:00,346.0,346.0,345.75,345.8,1373
PRAJIND,2026-04-13 13:32:00,346.0,346.5,346.0,346.5,6070
PRAJIND,2026-04-13 13:33:00,346.5,346.85,346.4,346.85,14602
PRAJIND,2026-04-13 13:34:00,347.0,347.2,346.8,346.95,15742
PRAJIND,2026-04-13 13:35:00,346.95,347.55,346.75,347.55,2708
PRAJIND,2026-04-13 13:36:00,347.15,347.4,346.3,346.45,11861
PRAJIND,2026-04-13 13:37:00,346.45,347.0,346.45,346.75,1745
PRAJIND,2026-04-13 13:38:00,346.45,346.75,346.45,346.75,897
PRAJIND,2026-04-13 13:39:00,346.75,346.75,346.1,346.5,1697
PRAJIND,2026-04-13 13:40:00,346.5,347.0,346.5,346.9,4320
PRAJIND,2026-04-13 13:41:00,347.0,347.0,346.5,346.75,4128
PRAJIND,2026-04-13 13:42:00,346.85,347.0,346.55,346.75,2600
PRAJIND,2026-04-13 13:43:00,346.75,346.75,346.75,346.75,170
PRAJIND,2026-04-13 13:44:00,346.75,346.75,346.75,346.75,17
PRAJIND,2026-04-13 13:45:00,346.75,346.75,346.35,346.75,2420
PRAJIND,2026-04-13 13:46:00,346.75,346.9,346.65,346.65,1672
PRAJIND,2026-04-13 13:47:00,346.65,346.65,346.45,346.45,293
PRAJIND,2026-04-13 13:48:00,346.45,346.85,346.45,346.85,179
PRAJIND,2026-04-13 13:49:00,346.85,346.85,346.5,346.7,1159
PRAJIND,2026-04-13 13:50:00,346.7,347.5,346.7,347.45,7124
PRAJIND,2026-04-13 13:51:00,347.6,348.35,347.5,347.6,15276
PRAJIND,2026-04-13 13:52:00,347.7,347.7,346.55,347.25,6080
PRAJIND,2026-04-13 13:53:00,347.05,347.55,346.9,347.0,7791
PRAJIND,2026-04-13 13:54:00,346.9,347.1,346.85,347.1,1338
PRAJIND,2026-04-13 13:55:00,347.1,347.1,346.8,347.0,136
PRAJIND,2026-04-13 13:56:00,347.0,347.0,346.8,347.0,1294
PRAJIND,2026-04-13 13:57:00,347.0,347.0,346.75,346.75,275
PRAJIND,2026-04-13 13:58:00,346.75,347.0,346.45,346.45,4551
PRAJIND,2026-04-13 13:59:00,346.75,347.0,346.55,346.9,10497
PRAJIND,2026-04-13 14:00:00,347.0,348.0,346.95,347.95,12768
PRAJIND,2026-04-13 14:01:00,347.5,347.8,347.35,347.75,6716
PRAJIND,2026-04-13 14:02:00,347.5,347.5,347.05,347.5,6905
PRAJIND,2026-04-13 14:03:00,347.5,347.7,347.5,347.5,2108
PRAJIND,2026-04-13 14:04:00,347.5,347.75,347.25,347.5,5660
PRAJIND,2026-04-13 14:05:00,347.55,347.65,347.25,347.45,1307
PRAJIND,2026-04-13 14:06:00,347.4,347.4,346.95,347.3,11373
PRAJIND,2026-04-13 14:07:00,347.3,347.3,346.3,346.9,9055
PRAJIND,2026-04-13 14:08:00,346.9,346.9,346.4,346.9,1970
PRAJIND,2026-04-13 14:09:00,346.65,346.9,346.6,346.85,4529
PRAJIND,2026-04-13 14:10:00,346.6,346.9,346.55,346.65,1766
PRAJIND,2026-04-13 14:11:00,346.65,346.8,346.6,346.8,357
PRAJIND,2026-04-13 14:12:00,346.8,346.8,346.6,346.6,245
PRAJIND,2026-04-13 14:13:00,346.6,346.9,346.35,346.35,5449
PRAJIND,2026-04-13 14:14:00,346.35,346.9,346.35,346.9,3005
PRAJIND,2026-04-13 14:15:00,346.9,346.9,346.3,346.5,2192
PRAJIND,2026-04-13 14:16:00,346.5,346.85,346.2,346.5,2592
PRAJIND,2026-04-13 14:17:00,346.5,346.5,346.15,346.4,1175
PRAJIND,2026-04-13 14:18:00,346.25,346.5,346.1,346.3,2357
PRAJIND,2026-04-13 14:19:00,346.3,346.5,346.3,346.35,1418
PRAJIND,2026-04-13 14:20:00,346.5,346.5,346.35,346.35,2997
PRAJIND,2026-04-13 14:21:00,346.35,346.5,346.25,346.5,1265
PRAJIND,2026-04-13 14:22:00,346.35,346.5,346.1,346.5,2475
PRAJIND,2026-04-13 14:23:00,346.5,347.0,346.5,346.55,10957
PRAJIND,2026-04-13 14:24:00,346.55,346.75,346.45,346.75,1307
PRAJIND,2026-04-13 14:25:00,346.75,346.75,346.55,346.55,1753
PRAJIND,2026-04-13 14:26:00,346.4,346.5,346.0,346.4,3907
PRAJIND,2026-04-13 14:27:00,346.4,346.45,346.2,346.45,701
PRAJIND,2026-04-13 14:28:00,346.5,346.5,346.15,346.35,3456
PRAJIND,2026-04-13 14:29:00,346.35,346.4,346.15,346.2,513
PRAJIND,2026-04-13 14:30:00,346.2,346.45,346.0,346.3,9656
PRAJIND,2026-04-13 14:31:00,346.3,346.3,346.0,346.0,509
PRAJIND,2026-04-13 14:32:00,346.0,346.15,346.0,346.15,9798
PRAJIND,2026-04-13 14:33:00,346.0,346.35,346.0,346.3,8900
PRAJIND,2026-04-13 14:34:00,346.1,346.35,346.0,346.25,818
PRAJIND,2026-04-13 14:35:00,346.25,346.25,345.95,345.95,142
PRAJIND,2026-04-13 14:36:00,346.0,346.2,345.9,346.05,510
PRAJIND,2026-04-13 14:37:00,346.0,346.2,346.0,346.2,285
PRAJIND,2026-04-13 14:38:00,346.2,346.2,345.9,346.0,12455
PRAJIND,2026-04-13 14:39:00,346.3,346.35,346.15,346.35,505
PRAJIND,2026-04-13 14:40:00,346.35,346.4,346.0,346.0,12037
PRAJIND,2026-04-13 14:41:00,346.0,346.0,343.65,343.65,38963
PRAJIND,2026-04-13 14:42:00,343.85,344.55,343.3,343.5,13066
PRAJIND,2026-04-13 14:43:00,343.35,343.9,343.25,343.8,15692
PRAJIND,2026-04-13 14:44:00,343.35,343.95,343.35,343.95,10312
PRAJIND,2026-04-13 14:45:00,343.85,344.1,343.7,343.95,376
PRAJIND,2026-04-13 14:46:00,343.95,344.0,343.5,343.5,2260
PRAJIND,2026-04-13 14:47:00,343.7,344.0,343.7,344.0,750
PRAJIND,2026-04-13 14:48:00,344.0,344.15,343.8,344.15,2745
PRAJIND,2026-04-13 14:49:00,344.15,344.15,343.75,343.75,2835
PRAJIND,2026-04-13 14:50:00,343.75,343.8,343.7,343.8,1374
PRAJIND,2026-04-13 14:51:00,343.9,343.95,343.7,343.75,1423
PRAJIND,2026-04-13 14:52:00,343.75,344.0,343.6,343.6,760
PRAJIND,2026-04-13 14:53:00,343.6,343.9,343.6,343.9,335
PRAJIND,2026-04-13 14:54:00,344.0,344.0,343.6,343.9,1346
PRAJIND,2026-04-13 14:55:00,343.9,343.9,343.8,343.85,426
PRAJIND,2026-04-13 14:56:00,343.8,343.8,343.5,343.7,8934
PRAJIND,2026-04-13 14:57:00,343.4,343.5,343.2,343.4,4339
PRAJIND,2026-04-13 14:58:00,343.4,343.45,343.15,343.15,11205
PRAJIND,2026-04-13 14:59:00,343.35,343.7,343.0,343.7,5631
PRAJIND,2026-04-13 15:00:00,343.9,343.9,343.2,343.5,2790
PRAJIND,2026-04-13 15:01:00,343.55,343.65,343.2,343.35,1625
PRAJIND,2026-04-13 15:02:00,343.35,343.85,343.35,343.85,3828
PRAJIND,2026-04-13 15:03:00,343.85,344.1,343.8,344.0,964
PRAJIND,2026-04-13 15:04:00,344.15,344.15,343.85,343.85,602
PRAJIND,2026-04-13 15:05:00,343.75,345.25,343.75,345.0,49526
PRAJIND,2026-04-13 15:06:00,345.0,345.05,344.65,344.8,12943
PRAJIND,2026-04-13 15:07:00,344.55,344.85,344.55,344.8,3957
PRAJIND,2026-04-13 15:08:00,344.55,344.7,344.3,344.3,2032
PRAJIND,2026-04-13 15:09:00,344.1,344.1,344.0,344.0,6952
PRAJIND,2026-04-13 15:10:00,343.85,344.0,343.85,344.0,4385
PRAJIND,2026-04-13 15:11:00,344.0,344.5,343.85,344.0,8903
PRAJIND,2026-04-13 15:12:00,344.0,344.0,343.85,344.0,2925
PRAJIND,2026-04-13 15:13:00,343.85,344.0,343.85,344.0,4376
PRAJIND,2026-04-13 15:14:00,344.0,344.1,343.9,344.05,3356
PRAJIND,2026-04-13 15:15:00,343.95,344.0,343.85,343.9,13353
PRAJIND,2026-04-13 15:16:00,343.85,344.0,343.35,343.65,9280
PRAJIND,2026-04-13 15:17:00,343.9,343.9,343.35,343.65,5373
PRAJIND,2026-04-13 15:18:00,343.9,344.0,343.65,343.95,13639
PRAJIND,2026-04-13 15:19:00,343.8,343.95,343.35,343.75,3018
PRAJIND,2026-04-13 15:20:00,343.7,343.7,342.6,342.8,13026
PRAJIND,2026-04-13 15:21:00,342.8,343.6,342.6,343.05,8510
PRAJIND,2026-04-13 15:22:00,343.45,343.45,342.0,342.4,30793
PRAJIND,2026-04-13 15:23:00,341.95,342.0,341.4,341.95,20130
PRAJIND,2026-04-13 15:24:00,341.95,342.55,341.55,342.3,34377
PRAJIND,2026-04-13 15:25:00,342.15,342.3,341.55,342.0,14124
PRAJIND,2026-04-13 15:26:00,342.05,342.25,342.0,342.05,4738
PRAJIND,2026-04-13 15:27:00,342.05,342.05,341.5,341.9,8215
PRAJIND,2026-04-13 15:28:00,342.0,342.9,342.0,342.9,9105
PRAJIND,2026-04-13 15:29:00,342.65,343.5,341.3,342.0,12501
PRAJIND,2026-04-15 09:15:00,346.9,346.9,345.4,346.0,23227
PRAJIND,2026-04-15 09:16:00,345.3,346.7,344.7,346.7,14678
PRAJIND,2026-04-15 09:17:00,346.7,346.7,345.4,345.75,14949
PRAJIND,2026-04-15 09:18:00,345.2,345.7,345.2,345.7,17375
PRAJIND,2026-04-15 09:19:00,345.4,346.05,345.25,345.25,18032
PRAJIND,2026-04-15 09:20:00,345.25,345.5,344.75,345.15,9287
PRAJIND,2026-04-15 09:21:00,345.1,345.1,344.4,344.4,6313
PRAJIND,2026-04-15 09:22:00,344.5,345.4,344.15,344.45,18061
PRAJIND,2026-04-15 09:23:00,344.45,344.8,344.1,344.6,3478
PRAJIND,2026-04-15 09:24:00,344.55,344.85,344.55,344.8,4137
PRAJIND,2026-04-15 09:25:00,344.5,346.4,344.5,345.8,26975
PRAJIND,2026-04-15 09:26:00,345.65,345.65,344.5,344.5,4266
PRAJIND,2026-04-15 09:27:00,344.25,344.7,344.05,344.05,1831
PRAJIND,2026-04-15 09:28:00,343.7,343.8,343.3,343.6,5651
PRAJIND,2026-04-15 09:29:00,343.3,343.65,343.1,343.65,6272
PRAJIND,2026-04-15 09:30:00,343.85,344.45,343.85,344.45,4805
PRAJIND,2026-04-15 09:31:00,344.35,344.45,344.35,344.45,1698
PRAJIND,2026-04-15 09:32:00,344.45,344.7,344.15,344.4,2331
PRAJIND,2026-04-15 09:33:00,344.4,344.8,344.35,344.8,10554
PRAJIND,2026-04-15 09:34:00,344.8,344.8,343.9,344.0,3095
PRAJIND,2026-04-15 09:35:00,344.15,344.35,343.9,344.0,5558
PRAJIND,2026-04-15 09:36:00,344.05,344.4,344.05,344.4,3767
PRAJIND,2026-04-15 09:37:00,344.15,344.25,344.0,344.25,3340
PRAJIND,2026-04-15 09:38:00,344.6,344.85,344.5,344.75,4665
PRAJIND,2026-04-15 09:39:00,344.45,345.3,344.45,345.3,2669
PRAJIND,2026-04-15 09:40:00,345.3,345.3,345.1,345.1,1584
PRAJIND,2026-04-15 09:41:00,345.3,345.45,345.15,345.2,1509
PRAJIND,2026-04-15 09:42:00,345.2,345.2,345.0,345.0,784
PRAJIND,2026-04-15 09:43:00,345.2,345.35,344.9,345.05,3169
PRAJIND,2026-04-15 09:44:00,345.05,345.15,345.05,345.05,2234
PRAJIND,2026-04-15 09:45:00,345.2,345.2,344.9,345.1,6396
PRAJIND,2026-04-15 09:46:00,345.4,345.6,345.1,345.6,12308
PRAJIND,2026-04-15 09:47:00,345.45,345.6,345.15,345.15,1868
PRAJIND,2026-04-15 09:48:00,345.05,345.1,344.75,344.85,2781
PRAJIND,2026-04-15 09:49:00,344.5,344.95,344.5,344.6,3514
PRAJIND,2026-04-15 09:50:00,344.5,344.55,343.9,343.9,6177
PRAJIND,2026-04-15 09:51:00,344.15,344.7,344.15,344.7,1968
PRAJIND,2026-04-15 09:52:00,344.7,344.8,344.4,344.7,1697
PRAJIND,2026-04-15 09:53:00,344.4,344.75,344.3,344.55,1557
PRAJIND,2026-04-15 09:54:00,344.55,345.8,344.55,345.5,5993
PRAJIND,2026-04-15 09:55:00,345.5,345.65,345.25,345.65,2926
PRAJIND,2026-04-15 09:56:00,345.65,345.8,345.5,345.5,806
PRAJIND,2026-04-15 09:57:00,345.5,345.8,345.4,345.55,1247
PRAJIND,2026-04-15 09:58:00,345.3,345.5,344.95,345.5,1762
PRAJIND,2026-04-15 09:59:00,345.5,345.5,345.0,345.2,3220
PRAJIND,2026-04-15 10:00:00,345.15,345.15,344.55,344.55,2006
PRAJIND,2026-04-15 10:01:00,344.55,345.0,344.55,344.85,1653
PRAJIND,2026-04-15 10:02:00,344.55,344.55,344.15,344.3,3080
PRAJIND,2026-04-15 10:03:00,344.3,344.45,344.25,344.3,1752
PRAJIND,2026-04-15 10:04:00,344.3,344.45,344.2,344.3,2029
PRAJIND,2026-04-15 10:05:00,344.3,344.7,344.25,344.35,2047
PRAJIND,2026-04-15 10:06:00,344.35,344.75,344.35,344.75,1131
PRAJIND,2026-04-15 10:07:00,344.75,344.8,344.35,344.8,5591
PRAJIND,2026-04-15 10:08:00,344.95,344.95,344.4,344.65,2257
PRAJIND,2026-04-15 10:09:00,344.65,344.75,344.45,344.5,946
PRAJIND,2026-04-15 10:10:00,344.5,344.75,344.1,344.4,14965
PRAJIND,2026-04-15 10:11:00,344.4,344.4,344.05,344.3,2420
PRAJIND,2026-04-15 10:12:00,344.3,344.35,343.8,343.8,9073
PRAJIND,2026-04-15 10:13:00,343.9,344.0,343.65,343.9,5081
PRAJIND,2026-04-15 10:14:00,343.9,343.95,343.75,343.75,1701
PRAJIND,2026-04-15 10:15:00,343.8,343.8,343.5,343.5,1684
PRAJIND,2026-04-15 10:16:00,343.7,343.7,343.5,343.6,2297
PRAJIND,2026-04-15 10:17:00,343.6,343.75,343.2,343.25,11270
PRAJIND,2026-04-15 10:18:00,343.2,343.35,342.8,343.25,10481
PRAJIND,2026-04-15 10:19:00,343.25,343.65,343.25,343.6,6555
PRAJIND,2026-04-15 10:20:00,343.65,343.65,343.65,343.65,996
PRAJIND,2026-04-15 10:21:00,343.65,343.75,343.65,343.75,3169
PRAJIND,2026-04-15 10:22:00,343.75,343.75,343.65,343.7,2323
PRAJIND,2026-04-15 10:23:00,343.7,344.3,343.7,344.3,4858
PRAJIND,2026-04-15 10:24:00,344.15,344.8,344.1,344.7,5396
PRAJIND,2026-04-15 10:25:00,344.85,344.9,344.5,344.7,1640
PRAJIND,2026-04-15 10:26:00,344.7,344.7,344.5,344.5,1717
PRAJIND,2026-04-15 10:27:00,344.5,344.6,344.2,344.55,2042
PRAJIND,2026-04-15 10:28:00,344.55,344.55,344.25,344.5,1357
PRAJIND,2026-04-15 10:29:00,344.5,344.5,344.2,344.4,1178
PRAJIND,2026-04-15 10:30:00,344.3,344.5,344.25,344.4,1907
PRAJIND,2026-04-15 10:31:00,344.4,344.5,344.25,344.3,5946
PRAJIND,2026-04-15 10:32:00,344.3,344.5,344.25,344.3,119
PRAJIND,2026-04-15 10:33:00,344.3,344.5,344.3,344.3,235
PRAJIND,2026-04-15 10:34:00,344.3,344.5,344.2,344.2,2236
PRAJIND,2026-04-15 10:35:00,344.2,346.55,344.2,346.4,96983
PRAJIND,2026-04-15 10:36:00,346.5,346.75,346.1,346.4,26380
PRAJIND,2026-04-15 10:37:00,346.6,346.9,346.25,346.5,20009
PRAJIND,2026-04-15 10:38:00,346.5,346.5,346.2,346.5,13997
PRAJIND,2026-04-15 10:39:00,346.45,346.7,346.35,346.55,11879
PRAJIND,2026-04-15 10:40:00,346.7,347.9,346.7,347.7,64801
PRAJIND,2026-04-15 10:41:00,347.95,348.0,347.5,347.7,34073
PRAJIND,2026-04-15 10:42:00,347.7,348.5,347.7,348.35,37353
PRAJIND,2026-04-15 10:43:00,348.2,348.5,347.7,347.75,33430
PRAJIND,2026-04-15 10:44:00,347.75,348.0,346.7,346.7,22036
PRAJIND,2026-04-15 10:45:00,346.9,347.55,346.4,347.45,12262
PRAJIND,2026-04-15 10:46:00,347.45,347.5,347.1,347.4,5033
PRAJIND,2026-04-15 10:47:00,347.4,347.4,345.9,346.25,39309
PRAJIND,2026-04-15 10:48:00,346.0,346.3,345.85,346.0,6520
PRAJIND,2026-04-15 10:49:00,346.15,346.3,345.9,346.1,5670
PRAJIND,2026-04-15 10:50:00,346.1,346.1,345.6,345.65,10789
PRAJIND,2026-04-15 10:51:00,345.95,346.05,345.65,346.0,1778
PRAJIND,2026-04-15 10:52:00,346.0,346.1,345.8,346.1,1509
PRAJIND,2026-04-15 10:53:00,346.05,346.1,345.6,345.8,3185
PRAJIND,2026-04-15 10:54:00,345.8,346.1,345.5,346.1,2243
PRAJIND,2026-04-15 10:55:00,346.0,346.45,345.8,346.3,2176
PRAJIND,2026-04-15 10:56:00,346.25,346.6,346.25,346.3,3978
PRAJIND,2026-04-15 10:57:00,346.3,346.35,345.5,345.75,11685
PRAJIND,2026-04-15 10:58:00,345.75,345.85,345.5,345.85,3152
PRAJIND,2026-04-15 10:59:00,345.85,346.05,345.3,345.45,3847
PRAJIND,2026-04-15 11:00:00,345.45,345.45,345.1,345.4,9302
PRAJIND,2026-04-15 11:01:00,345.4,345.5,345.15,345.15,994
PRAJIND,2026-04-15 11:02:00,345.2,345.6,345.2,345.55,1059
PRAJIND,2026-04-15 11:03:00,345.6,346.0,345.55,346.0,2528
PRAJIND,2026-04-15 11:04:00,346.0,346.0,345.65,345.65,1314
PRAJIND,2026-04-15 11:05:00,345.7,345.85,345.6,345.6,3150
PRAJIND,2026-04-15 11:06:00,345.6,345.65,345.4,345.55,1752
PRAJIND,2026-04-15 11:07:00,345.55,345.7,345.35,345.65,5035
PRAJIND,2026-04-15 11:08:00,345.65,345.7,345.3,345.7,1334
PRAJIND,2026-04-15 11:09:00,345.7,345.75,345.3,345.3,3356
PRAJIND,2026-04-15 11:10:00,345.3,345.5,345.3,345.35,1424
PRAJIND,2026-04-15 11:11:00,345.3,345.3,345.0,345.2,5137
PRAJIND,2026-04-15 11:12:00,345.2,345.2,345.0,345.15,916
PRAJIND,2026-04-15 11:13:00,345.15,345.2,345.0,345.0,2204
PRAJIND,2026-04-15 11:14:00,345.2,345.3,345.0,345.3,646
PRAJIND,2026-04-15 11:15:00,345.3,345.35,345.0,345.15,1533
PRAJIND,2026-04-15 11:16:00,345.15,345.65,345.15,345.65,3213
PRAJIND,2026-04-15 11:17:00,345.65,345.75,345.5,345.7,1370
PRAJIND,2026-04-15 11:18:00,345.7,346.0,345.7,346.0,3651
PRAJIND,2026-04-15 11:19:00,346.0,346.0,345.75,345.8,1641
PRAJIND,2026-04-15 11:20:00,345.8,346.15,345.65,346.0,3027
PRAJIND,2026-04-15 11:21:00,346.1,346.3,346.1,346.3,2230
PRAJIND,2026-04-15 11:22:00,346.2,346.55,346.2,346.45,3809
PRAJIND,2026-04-15 11:23:00,346.45,346.8,346.45,346.8,5503
PRAJIND,2026-04-15 11:24:00,346.8,347.1,346.65,347.1,5691
PRAJIND,2026-04-15 11:25:00,347.1,347.1,346.85,347.0,8262
PRAJIND,2026-04-15 11:26:00,347.05,347.2,346.95,347.0,2214
PRAJIND,2026-04-15 11:27:00,347.0,347.5,346.7,347.5,7889
PRAJIND,2026-04-15 11:28:00,347.3,347.5,346.65,346.75,3987
PRAJIND,2026-04-15 11:29:00,346.65,346.95,346.5,346.65,2277
PRAJIND,2026-04-15 11:30:00,346.7,346.7,346.3,346.6,1493
PRAJIND,2026-04-15 11:31:00,346.6,346.8,346.45,346.8,1096
PRAJIND,2026-04-15 11:32:00,346.8,347.0,346.75,346.9,1971
PRAJIND,2026-04-15 11:33:00,347.2,347.3,347.0,347.2,2252
PRAJIND,2026-04-15 11:34:00,347.1,347.2,347.0,347.0,2478
PRAJIND,2026-04-15 11:35:00,347.0,347.2,347.0,347.0,2564
PRAJIND,2026-04-15 11:36:00,347.0,347.4,347.0,347.05,1516
PRAJIND,2026-04-15 11:37:00,347.05,347.4,347.05,347.3,488
PRAJIND,2026-04-15 11:38:00,347.35,347.4,347.15,347.3,785
PRAJIND,2026-04-15 11:39:00,347.3,347.35,347.15,347.15,559
PRAJIND,2026-04-15 11:40:00,347.35,347.5,347.2,347.5,1514
PRAJIND,2026-04-15 11:41:00,347.5,348.25,347.5,348.25,12533
PRAJIND,2026-04-15 11:42:00,348.1,348.25,347.55,348.2,16890
PRAJIND,2026-04-15 11:43:00,348.2,348.2,347.65,347.8,3596
PRAJIND,2026-04-15 11:44:00,348.0,348.15,347.8,348.0,3725
PRAJIND,2026-04-15 11:45:00,348.0,348.25,347.8,348.1,5056
PRAJIND,2026-04-15 11:46:00,348.1,348.1,347.95,348.1,6955
PRAJIND,2026-04-15 11:47:00,348.1,348.3,348.0,348.0,3759
PRAJIND,2026-04-15 11:48:00,348.15,348.8,348.1,348.8,11644
PRAJIND,2026-04-15 11:49:00,348.8,349.3,348.75,349.0,24280
PRAJIND,2026-04-15 11:50:00,349.0,350.4,349.0,350.2,63994
PRAJIND,2026-04-15 11:51:00,350.2,351.85,350.2,351.2,44899
PRAJIND,2026-04-15 11:52:00,351.5,351.5,350.65,350.65,13691
PRAJIND,2026-04-15 11:53:00,350.65,351.0,350.5,350.95,9729
PRAJIND,2026-04-15 11:54:00,350.95,350.95,350.5,350.85,6695
PRAJIND,2026-04-15 11:55:00,350.85,350.9,350.5,350.6,10122
PRAJIND,2026-04-15 11:56:00,350.5,351.4,350.5,351.1,21747
PRAJIND,2026-04-15 11:57:00,351.35,351.35,351.05,351.05,10358
PRAJIND,2026-04-15 11:58:00,351.35,351.35,350.1,350.65,27495
PRAJIND,2026-04-15 11:59:00,350.4,350.95,350.4,350.7,9995
PRAJIND,2026-04-15 12:00:00,350.7,350.85,350.3,350.35,11706
PRAJIND,2026-04-15 12:01:00,350.35,350.4,349.7,349.8,12807
PRAJIND,2026-04-15 12:02:00,349.8,350.3,349.6,349.9,23738
PRAJIND,2026-04-15 12:03:00,349.95,349.95,349.6,349.7,3662
PRAJIND,2026-04-15 12:04:00,349.7,349.7,349.55,349.55,2535
PRAJIND,2026-04-15 12:05:00,349.55,349.95,349.55,349.7,5623
PRAJIND,2026-04-15 12:06:00,349.7,350.0,349.55,349.6,4054
PRAJIND,2026-04-15 12:07:00,349.7,349.85,348.85,348.85,29474
PRAJIND,2026-04-15 12:08:00,348.65,348.95,348.1,348.7,11547
PRAJIND,2026-04-15 12:09:00,348.7,348.9,348.5,348.85,3653
PRAJIND,2026-04-15 12:10:00,348.85,348.85,348.55,348.55,2559
PRAJIND,2026-04-15 12:11:00,348.6,348.8,348.5,348.5,3820
PRAJIND,2026-04-15 12:12:00,348.5,348.8,348.5,348.6,3570
PRAJIND,2026-04-15 12:13:00,348.6,348.7,347.45,347.85,33129
PRAJIND,2026-04-15 12:14:00,347.55,348.3,347.55,348.15,3559
PRAJIND,2026-04-15 12:15:00,348.15,348.45,348.0,348.05,4661
PRAJIND,2026-04-15 12:16:00,348.0,348.3,347.8,347.9,10070
PRAJIND,2026-04-15 12:17:00,348.0,348.0,347.85,347.85,1837
PRAJIND,2026-04-15 12:18:00,347.85,348.25,347.85,348.25,4183
PRAJIND,2026-04-15 12:19:00,348.3,348.3,348.0,348.0,3609
PRAJIND,2026-04-15 12:20:00,348.0,349.0,348.0,349.0,5536
PRAJIND,2026-04-15 12:21:00,349.0,349.0,348.8,349.0,8308
PRAJIND,2026-04-15 12:22:00,348.8,349.0,348.65,349.0,2240
PRAJIND,2026-04-15 12:23:00,349.0,349.0,348.85,349.0,4700
PRAJIND,2026-04-15 12:24:00,348.65,349.0,348.65,349.0,5237
PRAJIND,2026-04-15 12:25:00,349.0,349.15,349.0,349.0,5867
PRAJIND,2026-04-15 12:26:00,349.1,349.15,349.0,349.15,913
PRAJIND,2026-04-15 12:27:00,349.15,349.2,348.95,349.2,1238
PRAJIND,2026-04-15 12:28:00,349.3,349.45,349.0,349.4,14775
PRAJIND,2026-04-15 12:29:00,349.4,349.4,348.5,348.95,4797
PRAJIND,2026-04-15 12:30:00,348.95,348.95,348.6,348.6,1185
PRAJIND,2026-04-15 12:31:00,348.6,348.85,348.3,348.75,9490
PRAJIND,2026-04-15 12:32:00,348.75,349.25,348.45,349.25,4988
PRAJIND,2026-04-15 12:33:00,349.25,349.25,348.9,349.1,7084
PRAJIND,2026-04-15 12:34:00,349.1,349.2,348.8,349.0,1180
PRAJIND,2026-04-15 12:35:00,349.0,349.0,348.95,349.0,301
PRAJIND,2026-04-15 12:36:00,349.0,349.0,348.5,348.95,1516
PRAJIND,2026-04-15 12:37:00,348.95,349.0,348.65,348.75,2106
PRAJIND,2026-04-15 12:38:00,348.75,348.85,348.55,348.7,697
PRAJIND,2026-04-15 12:39:00,348.7,348.7,348.5,348.5,819
PRAJIND,2026-04-15 12:40:00,348.5,348.7,348.3,348.3,2133
PRAJIND,2026-04-15 12:41:00,348.3,348.9,348.3,348.9,6002
PRAJIND,2026-04-15 12:42:00,348.9,348.95,348.6,348.85,3998
PRAJIND,2026-04-15 12:43:00,348.85,348.85,348.5,348.5,1268
PRAJIND,2026-04-15 12:44:00,348.5,348.5,348.4,348.5,479
PRAJIND,2026-04-15 12:45:00,348.5,348.5,348.4,348.5,2004
PRAJIND,2026-04-15 12:46:00,348.4,348.5,348.4,348.4,484
PRAJIND,2026-04-15 12:47:00,348.4,348.5,348.3,348.5,1069
PRAJIND,2026-04-15 12:48:00,348.5,348.5,348.3,348.3,983
PRAJIND,2026-04-15 12:49:00,348.3,348.5,348.3,348.5,518
PRAJIND,2026-04-15 12:50:00,348.5,348.5,348.3,348.5,1698
PRAJIND,2026-04-15 12:51:00,348.5,348.5,348.3,348.3,2545
PRAJIND,2026-04-15 12:52:00,348.3,348.5,348.3,348.5,2227
PRAJIND,2026-04-15 12:53:00,348.5,348.5,348.3,348.3,1435
PRAJIND,2026-04-15 12:54:00,348.45,348.6,348.3,348.45,3134
PRAJIND,2026-04-15 12:55:00,348.45,348.5,348.4,348.45,611
PRAJIND,2026-04-15 12:56:00,348.45,348.5,348.4,348.45,356
PRAJIND,2026-04-15 12:57:00,348.45,348.65,348.45,348.45,1147
PRAJIND,2026-04-15 12:58:00,348.5,348.5,348.45,348.45,2216
PRAJIND,2026-04-15 12:59:00,348.45,348.45,348.2,348.2,4506
PRAJIND,2026-04-15 13:00:00,348.3,348.35,348.05,348.35,2532
PRAJIND,2026-04-15 13:01:00,348.35,348.35,348.0,348.35,4270
PRAJIND,2026-04-15 13:02:00,348.0,348.3,348.0,348.3,14405
PRAJIND,2026-04-15 13:03:00,348.1,348.1,347.9,348.0,4451
PRAJIND,2026-04-15 13:04:00,347.95,348.05,347.95,347.95,2102
PRAJIND,2026-04-15 13:05:00,347.95,347.95,347.9,347.9,649
PRAJIND,2026-04-15 13:06:00,347.95,347.95,347.9,347.95,1755
PRAJIND,2026-04-15 13:07:00,347.95,348.1,347.95,348.0,718
PRAJIND,2026-04-15 13:08:00,348.1,348.1,347.95,348.0,891
PRAJIND,2026-04-15 13:09:00,348.0,348.4,348.0,348.4,12520
PRAJIND,2026-04-15 13:10:00,348.15,348.45,348.15,348.4,318
PRAJIND,2026-04-15 13:11:00,348.4,348.55,348.2,348.55,2170
PRAJIND,2026-04-15 13:12:00,348.55,348.55,348.55,348.55,14
PRAJIND,2026-04-15 13:13:00,348.55,348.55,348.25,348.5,2749
PRAJIND,2026-04-15 13:14:00,348.3,348.55,348.3,348.5,852
PRAJIND,2026-04-15 13:15:00,348.5,348.55,348.35,348.55,1249
PRAJIND,2026-04-15 13:16:00,348.55,348.55,348.25,348.25,981
PRAJIND,2026-04-15 13:17:00,348.25,348.35,348.2,348.25,934
PRAJIND,2026-04-15 13:18:00,348.25,348.35,348.15,348.35,1025
PRAJIND,2026-04-15 13:19:00,348.35,348.55,348.2,348.55,1425
PRAJIND,2026-04-15 13:20:00,348.55,348.7,348.4,348.7,1022
PRAJIND,2026-04-15 13:21:00,348.7,348.7,348.4,348.7,410
PRAJIND,2026-04-15 13:22:00,348.7,348.7,348.3,348.5,1148
PRAJIND,2026-04-15 13:23:00,348.5,348.5,348.3,348.35,657
PRAJIND,2026-04-15 13:24:00,348.35,348.5,348.05,348.4,2572
PRAJIND,2026-04-15 13:25:00,348.4,348.5,348.3,348.5,1486
PRAJIND,2026-04-15 13:26:00,348.5,348.5,348.25,348.25,554
PRAJIND,2026-04-15 13:27:00,348.35,348.35,348.05,348.05,735
PRAJIND,2026-04-15 13:28:00,348.3,348.3,348.1,348.15,1335
PRAJIND,2026-04-15 13:29:00,348.15,348.15,348.0,348.05,3465
PRAJIND,2026-04-15 13:30:00,348.05,348.15,348.0,348.1,1634
PRAJIND,2026-04-15 13:31:00,348.0,348.15,348.0,348.15,878
PRAJIND,2026-04-15 13:32:00,348.15,348.35,348.05,348.2,4320
PRAJIND,2026-04-15 13:33:00,348.2,348.4,348.15,348.4,863
PRAJIND,2026-04-15 13:34:00,348.4,348.4,348.2,348.2,261
PRAJIND,2026-04-15 13:35:00,348.2,348.5,348.2,348.35,632
PRAJIND,2026-04-15 13:36:00,348.5,348.5,348.3,348.3,2055
PRAJIND,2026-04-15 13:37:00,348.3,348.5,348.3,348.3,1389
PRAJIND,2026-04-15 13:38:00,348.3,348.35,348.0,348.25,5481
PRAJIND,2026-04-15 13:39:00,348.05,348.05,347.95,348.0,6275
PRAJIND,2026-04-15 13:40:00,347.95,348.1,347.95,348.0,1434
PRAJIND,2026-04-15 13:41:00,348.0,348.1,348.0,348.1,509
PRAJIND,2026-04-15 13:42:00,348.1,348.2,348.0,348.0,634
PRAJIND,2026-04-15 13:43:00,348.0,348.0,347.95,347.95,650
PRAJIND,2026-04-15 13:44:00,347.95,348.25,347.95,348.25,7894
PRAJIND,2026-04-15 13:45:00,348.25,348.25,347.95,348.2,747
PRAJIND,2026-04-15 13:46:00,348.2,348.25,348.15,348.25,1955
PRAJIND,2026-04-15 13:47:00,348.15,348.25,348.05,348.05,176
PRAJIND,2026-04-15 13:48:00,348.05,348.2,348.0,348.2,747
PRAJIND,2026-04-15 13:49:00,348.2,348.2,348.0,348.0,1542
PRAJIND,2026-04-15 13:50:00,348.0,348.2,347.5,347.5,8648
PRAJIND,2026-04-15 13:51:00,347.8,348.0,347.8,347.8,16422
PRAJIND,2026-04-15 13:52:00,347.8,349.0,347.7,348.45,31414
PRAJIND,2026-04-15 13:53:00,348.45,350.3,348.45,350.3,32549
PRAJIND,2026-04-15 13:54:00,350.4,351.5,350.4,351.5,30273
PRAJIND,2026-04-15 13:55:00,351.5,351.5,350.7,350.7,15774
PRAJIND,2026-04-15 13:56:00,350.7,350.8,349.55,350.0,17375
PRAJIND,2026-04-15 13:57:00,350.0,350.0,349.8,350.0,1420
PRAJIND,2026-04-15 13:58:00,350.0,350.0,349.8,350.0,3602
PRAJIND,2026-04-15 13:59:00,349.95,350.0,349.8,350.0,907
PRAJIND,2026-04-15 14:00:00,350.0,350.0,349.65,349.8,9336
PRAJIND,2026-04-15 14:01:00,349.5,349.7,349.25,349.7,4946
PRAJIND,2026-04-15 14:02:00,349.7,349.85,349.5,349.65,2067
PRAJIND,2026-04-15 14:03:00,349.65,349.85,349.65,349.65,2445
PRAJIND,2026-04-15 14:04:00,349.5,349.65,348.8,348.95,12273
PRAJIND,2026-04-15 14:05:00,348.7,349.0,348.6,349.0,4828
PRAJIND,2026-04-15 14:06:00,349.0,349.0,348.7,348.85,904
PRAJIND,2026-04-15 14:07:00,348.8,348.9,348.75,348.75,1741
PRAJIND,2026-04-15 14:08:00,348.75,348.8,348.7,348.8,694
PRAJIND,2026-04-15 14:09:00,348.8,349.4,348.75,349.4,9295
PRAJIND,2026-04-15 14:10:00,349.4,349.4,348.95,349.0,4034
PRAJIND,2026-04-15 14:11:00,349.0,349.0,348.8,348.95,3022
PRAJIND,2026-04-15 14:12:00,348.95,349.0,348.8,348.95,883
PRAJIND,2026-04-15 14:13:00,348.95,349.0,348.6,348.9,3059
PRAJIND,2026-04-15 14:14:00,348.9,349.0,348.9,349.0,356
PRAJIND,2026-04-15 14:15:00,349.0,349.0,348.7,348.75,613
PRAJIND,2026-04-15 14:16:00,348.75,348.85,348.6,348.85,2401
PRAJIND,2026-04-15 14:17:00,348.85,349.0,348.55,348.8,1313
PRAJIND,2026-04-15 14:18:00,348.8,348.8,348.5,348.6,699
PRAJIND,2026-04-15 14:19:00,348.6,348.8,348.6,348.75,613
PRAJIND,2026-04-15 14:20:00,348.65,349.35,348.5,348.95,17203
PRAJIND,2026-04-15 14:21:00,349.2,349.2,349.0,349.0,157
PRAJIND,2026-04-15 14:22:00,349.0,349.0,348.8,348.85,1623
PRAJIND,2026-04-15 14:23:00,349.0,349.0,348.8,349.0,2338
PRAJIND,2026-04-15 14:24:00,348.85,349.0,348.8,348.85,462
PRAJIND,2026-04-15 14:25:00,348.85,349.0,348.75,348.95,1446
PRAJIND,2026-04-15 14:26:00,348.95,349.0,348.75,348.9,115
PRAJIND,2026-04-15 14:27:00,348.9,349.0,348.55,348.55,3318
PRAJIND,2026-04-15 14:28:00,348.55,349.0,348.55,348.7,4092
PRAJIND,2026-04-15 14:29:00,348.9,348.9,348.55,348.55,4600
PRAJIND,2026-04-15 14:30:00,348.5,348.75,348.4,348.55,778
PRAJIND,2026-04-15 14:31:00,348.55,348.7,348.4,348.4,2888
PRAJIND,2026-04-15 14:32:00,348.4,349.0,348.25,348.75,10288
PRAJIND,2026-04-15 14:33:00,348.75,349.3,348.75,349.2,5046
PRAJIND,2026-04-15 14:34:00,349.2,349.2,348.75,349.0,1106
PRAJIND,2026-04-15 14:35:00,349.0,349.7,349.0,349.6,11822
PRAJIND,2026-04-15 14:36:00,350.2,350.45,349.95,350.45,19043
PRAJIND,2026-04-15 14:37:00,350.45,350.65,350.2,350.25,4243
PRAJIND,2026-04-15 14:38:00,350.5,350.6,349.8,349.8,12891
PRAJIND,2026-04-15 14:39:00,349.8,350.0,349.6,349.6,1846
PRAJIND,2026-04-15 14:40:00,349.8,350.25,349.8,350.15,9260
PRAJIND,2026-04-15 14:41:00,350.15,350.35,349.85,349.85,2629
PRAJIND,2026-04-15 14:42:00,349.85,350.0,349.7,350.0,2917
PRAJIND,2026-04-15 14:43:00,350.0,350.15,349.8,350.15,3185
PRAJIND,2026-04-15 14:44:00,349.85,351.35,349.8,351.35,22566
PRAJIND,2026-04-15 14:45:00,351.0,351.35,350.8,350.95,42044
PRAJIND,2026-04-15 14:46:00,350.95,351.3,350.65,351.2,22585
PRAJIND,2026-04-15 14:47:00,351.2,351.3,350.75,351.0,10961
PRAJIND,2026-04-15 14:48:00,350.75,352.0,350.75,352.0,51370
PRAJIND,2026-04-15 14:49:00,351.9,352.0,351.0,351.2,18479
PRAJIND,2026-04-15 14:50:00,351.2,351.35,351.0,351.25,5786
PRAJIND,2026-04-15 14:51:00,351.35,351.4,350.95,351.4,24499
PRAJIND,2026-04-15 14:52:00,351.4,351.5,351.3,351.3,6606
PRAJIND,2026-04-15 14:53:00,351.5,351.5,351.25,351.3,6250
PRAJIND,2026-04-15 14:54:00,351.3,351.8,351.3,351.8,17131
PRAJIND,2026-04-15 14:55:00,351.95,351.95,351.3,351.3,9500
PRAJIND,2026-04-15 14:56:00,351.4,351.6,351.4,351.45,5041
PRAJIND,2026-04-15 14:57:00,351.45,351.8,351.4,351.5,5561
PRAJIND,2026-04-15 14:58:00,351.55,351.75,351.25,351.25,5047
PRAJIND,2026-04-15 14:59:00,351.4,351.55,351.3,351.5,6191
PRAJIND,2026-04-15 15:00:00,351.25,351.3,350.8,350.85,15135
PRAJIND,2026-04-15 15:01:00,350.6,350.85,350.4,350.75,9537
PRAJIND,2026-04-15 15:02:00,350.75,351.6,350.75,351.55,16101
PRAJIND,2026-04-15 15:03:00,351.5,351.75,351.1,351.75,13845
PRAJIND,2026-04-15 15:04:00,352.3,352.75,352.3,352.75,42966
PRAJIND,2026-04-15 15:05:00,352.5,353.7,352.4,353.0,23001
PRAJIND,2026-04-15 15:06:00,353.0,353.0,352.7,352.75,15310
PRAJIND,2026-04-15 15:07:00,352.75,352.8,352.15,352.15,14219
PRAJIND,2026-04-15 15:08:00,352.15,353.15,352.1,353.15,30474
PRAJIND,2026-04-15 15:09:00,353.35,353.45,353.0,353.0,17799
PRAJIND,2026-04-15 15:10:00,353.3,353.85,353.3,353.65,29786
PRAJIND,2026-04-15 15:11:00,353.5,353.7,353.0,353.15,10854
PRAJIND,2026-04-15 15:12:00,353.5,353.5,353.0,353.3,8065
PRAJIND,2026-04-15 15:13:00,353.1,353.45,353.0,353.4,15732
PRAJIND,2026-04-15 15:14:00,353.2,353.4,353.0,353.2,13848
PRAJIND,2026-04-15 15:15:00,353.0,353.15,352.95,353.0,23519
PRAJIND,2026-04-15 15:16:00,353.0,353.15,352.5,352.75,11202
PRAJIND,2026-04-15 15:17:00,352.8,353.0,352.4,352.5,4161
PRAJIND,2026-04-15 15:18:00,352.3,352.5,352.05,352.2,15546
PRAJIND,2026-04-15 15:19:00,352.15,352.95,352.0,352.6,10628
PRAJIND,2026-04-15 15:20:00,353.15,353.15,352.4,352.5,16574
PRAJIND,2026-04-15 15:21:00,352.4,352.55,352.25,352.4,5041
PRAJIND,2026-04-15 15:22:00,352.2,352.45,352.0,352.0,6224
PRAJIND,2026-04-15 15:23:00,352.1,352.2,351.3,351.3,12754
PRAJIND,2026-04-15 15:24:00,351.5,352.8,351.0,352.4,43009
PRAJIND,2026-04-15 15:25:00,352.2,352.75,352.05,352.1,7871
PRAJIND,2026-04-15 15:26:00,352.05,352.35,352.0,352.0,4375
PRAJIND,2026-04-15 15:27:00,352.0,352.4,352.0,352.4,13860
PRAJIND,2026-04-15 15:28:00,352.4,352.4,351.55,351.55,15206
PRAJIND,2026-04-15 15:29:00,351.5,352.4,351.05,352.4,22484
PRAJIND,2026-04-16 09:15:00,355.0,357.0,354.45,354.95,43826
PRAJIND,2026-04-16 09:16:00,355.1,356.0,355.1,355.85,20887
PRAJIND,2026-04-16 09:17:00,355.65,355.75,354.05,354.05,26243
PRAJIND,2026-04-16 09:18:00,353.75,353.95,353.25,353.55,10659
PRAJIND,2026-04-16 09:19:00,353.5,354.9,353.5,354.85,21635
PRAJIND,2026-04-16 09:20:00,355.0,355.3,354.65,355.3,15495
PRAJIND,2026-04-16 09:21:00,354.55,355.0,353.6,353.6,20110
PRAJIND,2026-04-16 09:22:00,353.8,354.0,353.55,353.6,14174
PRAJIND,2026-04-16 09:23:00,353.45,353.45,352.55,353.15,25084
PRAJIND,2026-04-16 09:24:00,352.85,352.85,352.15,352.35,22418
PRAJIND,2026-04-16 09:25:00,352.5,352.5,351.5,351.5,13935
PRAJIND,2026-04-16 09:26:00,351.6,351.65,350.85,351.25,18531
PRAJIND,2026-04-16 09:27:00,351.25,351.25,350.7,351.15,27085
PRAJIND,2026-04-16 09:28:00,351.45,351.45,350.6,351.05,10594
PRAJIND,2026-04-16 09:29:00,350.8,350.9,350.2,350.2,9109
PRAJIND,2026-04-16 09:30:00,350.2,351.0,350.1,351.0,12181
PRAJIND,2026-04-16 09:31:00,350.85,351.0,350.25,350.4,7263
PRAJIND,2026-04-16 09:32:00,350.4,350.5,350.2,350.3,8275
PRAJIND,2026-04-16 09:33:00,350.2,351.0,349.9,350.7,20979
PRAJIND,2026-04-16 09:34:00,351.0,351.0,350.3,350.3,8582
PRAJIND,2026-04-16 09:35:00,350.3,350.6,350.15,350.15,8324
PRAJIND,2026-04-16 09:36:00,349.55,349.75,349.3,349.5,46455
PRAJIND,2026-04-16 09:37:00,349.6,350.0,349.6,349.9,42102
PRAJIND,2026-04-16 09:38:00,349.9,349.9,348.8,348.8,12858
PRAJIND,2026-04-16 09:39:00,348.8,348.85,348.1,348.65,13193
PRAJIND,2026-04-16 09:40:00,348.65,348.95,348.5,348.55,6993
PRAJIND,2026-04-16 09:41:00,348.55,348.9,348.55,348.55,10100
PRAJIND,2026-04-16 09:42:00,348.55,348.85,348.55,348.6,5049
PRAJIND,2026-04-16 09:43:00,348.6,348.9,348.5,348.7,2290
PRAJIND,2026-04-16 09:44:00,348.65,348.7,347.25,347.25,31586
PRAJIND,2026-04-16 09:45:00,347.5,347.5,346.25,346.6,18295
PRAJIND,2026-04-16 09:46:00,346.85,347.85,346.6,347.85,10654
PRAJIND,2026-04-16 09:47:00,347.55,348.0,347.55,347.9,13182
PRAJIND,2026-04-16 09:48:00,347.95,348.2,347.55,348.2,2559
PRAJIND,2026-04-16 09:49:00,348.2,348.4,348.2,348.2,2315
PRAJIND,2026-04-16 09:50:00,348.2,348.5,348.1,348.4,2581
PRAJIND,2026-04-16 09:51:00,348.4,348.5,348.05,348.1,3663
PRAJIND,2026-04-16 09:52:00,348.0,348.15,347.9,348.05,1361
PRAJIND,2026-04-16 09:53:00,348.05,348.6,348.05,348.05,9855
PRAJIND,2026-04-16 09:54:00,348.05,348.3,347.9,347.9,2076
PRAJIND,2026-04-16 09:55:00,347.9,347.9,347.5,347.7,4531
PRAJIND,2026-04-16 09:56:00,347.6,347.9,347.45,347.7,4563
PRAJIND,2026-04-16 09:57:00,347.7,347.7,347.15,347.4,3559
PRAJIND,2026-04-16 09:58:00,347.55,347.65,347.35,347.6,7535
PRAJIND,2026-04-16 09:59:00,347.35,347.6,346.9,346.9,6818
PRAJIND,2026-04-16 10:00:00,347.0,347.0,346.8,346.9,14220
PRAJIND,2026-04-16 10:01:00,346.9,347.0,346.8,346.85,3242
PRAJIND,2026-04-16 10:02:00,346.8,347.0,346.8,346.85,3381
PRAJIND,2026-04-16 10:03:00,346.85,347.0,346.55,346.9,3129
PRAJIND,2026-04-16 10:04:00,347.0,347.1,346.7,347.1,2635
PRAJIND,2026-04-16 10:05:00,347.1,347.2,347.05,347.15,2306
PRAJIND,2026-04-16 10:06:00,347.0,347.2,346.85,347.1,3913
PRAJIND,2026-04-16 10:07:00,347.05,347.7,346.75,347.3,13506
PRAJIND,2026-04-16 10:08:00,347.4,348.25,347.4,348.25,14964
PRAJIND,2026-04-16 10:09:00,348.25,348.3,347.85,347.85,3209
PRAJIND,2026-04-16 10:10:00,348.1,348.2,347.7,348.2,4530
PRAJIND,2026-04-16 10:11:00,348.2,348.4,348.15,348.2,3235
PRAJIND,2026-04-16 10:12:00,348.2,348.3,348.1,348.1,2447
PRAJIND,2026-04-16 10:13:00,348.1,348.5,348.1,348.45,888
PRAJIND,2026-04-16 10:14:00,348.45,348.5,348.1,348.4,3318
PRAJIND,2026-04-16 10:15:00,348.35,348.35,347.85,348.15,6070
PRAJIND,2026-04-16 10:16:00,348.1,348.1,347.7,347.7,2214
PRAJIND,2026-04-16 10:17:00,348.0,348.0,348.0,348.0,311
PRAJIND,2026-04-16 10:18:00,348.0,348.15,348.0,348.15,856
PRAJIND,2026-04-16 10:19:00,348.15,348.3,348.0,348.0,1935
PRAJIND,2026-04-16 10:20:00,348.0,348.35,347.7,348.35,5441
PRAJIND,2026-04-16 10:21:00,348.35,348.35,348.0,348.0,3225
PRAJIND,2026-04-16 10:22:00,348.0,348.05,347.7,348.05,2147
PRAJIND,2026-04-16 10:23:00,347.85,348.3,347.85,348.3,1526
PRAJIND,2026-04-16 10:24:00,348.3,348.3,348.05,348.3,356
PRAJIND,2026-04-16 10:25:00,348.3,348.45,348.15,348.15,907
PRAJIND,2026-04-16 10:26:00,348.15,348.5,348.15,348.5,2764
PRAJIND,2026-04-16 10:27:00,348.5,348.7,348.4,348.4,3585
PRAJIND,2026-04-16 10:28:00,348.6,348.7,348.45,348.5,2252
PRAJIND,2026-04-16 10:29:00,348.45,348.8,348.4,348.6,1353
PRAJIND,2026-04-16 10:30:00,348.6,348.9,348.6,348.8,1414
PRAJIND,2026-04-16 10:31:00,348.8,348.8,348.6,348.8,1618
PRAJIND,2026-04-16 10:32:00,348.8,348.8,348.5,348.8,1793
PRAJIND,2026-04-16 10:33:00,348.8,348.8,348.6,348.8,691
PRAJIND,2026-04-16 10:34:00,348.8,349.2,348.75,348.95,8092
PRAJIND,2026-04-16 10:35:00,348.95,349.15,348.95,349.1,861
PRAJIND,2026-04-16 10:36:00,349.1,349.3,349.0,349.0,6574
PRAJIND,2026-04-16 10:37:00,349.0,349.0,349.0,349.0,2400
PRAJIND,2026-04-16 10:38:00,349.0,349.0,348.9,349.0,327
PRAJIND,2026-04-16 10:39:00,349.0,349.0,348.6,348.7,5198
PRAJIND,2026-04-16 10:40:00,348.75,348.85,348.3,348.55,2091
PRAJIND,2026-04-16 10:41:00,348.55,348.55,348.1,348.3,941
PRAJIND,2026-04-16 10:42:00,348.25,348.3,347.8,348.3,4151
PRAJIND,2026-04-16 10:43:00,348.3,348.45,348.25,348.3,4326
PRAJIND,2026-04-16 10:44:00,348.3,348.5,348.2,348.2,2552
PRAJIND,2026-04-16 10:45:00,348.2,348.5,348.2,348.5,278
PRAJIND,2026-04-16 10:46:00,348.5,348.5,348.1,348.1,1166
PRAJIND,2026-04-16 10:47:00,348.1,348.3,348.0,348.2,2086
PRAJIND,2026-04-16 10:48:00,348.05,348.2,348.0,348.0,844
PRAJIND,2026-04-16 10:49:00,348.0,348.3,347.85,348.3,2216
PRAJIND,2026-04-16 10:50:00,348.3,348.35,348.2,348.35,838
PRAJIND,2026-04-16 10:51:00,348.4,348.6,348.35,348.6,813
PRAJIND,2026-04-16 10:52:00,348.6,348.6,348.2,348.2,581
PRAJIND,2026-04-16 10:53:00,348.2,348.25,348.0,348.0,5767
PRAJIND,2026-04-16 10:54:00,348.0,348.25,348.0,348.25,859
PRAJIND,2026-04-16 10:55:00,348.25,348.25,347.95,348.0,915
PRAJIND,2026-04-16 10:56:00,348.0,348.0,347.75,347.9,2766
PRAJIND,2026-04-16 10:57:00,347.75,348.2,347.75,348.2,608
PRAJIND,2026-04-16 10:58:00,348.1,348.35,348.1,348.3,1235
PRAJIND,2026-04-16 10:59:00,348.3,348.45,348.15,348.45,356
PRAJIND,2026-04-16 11:00:00,348.45,348.65,348.25,348.65,1105
PRAJIND,2026-04-16 11:01:00,348.6,348.9,348.6,348.9,1826
PRAJIND,2026-04-16 11:02:00,348.75,348.8,348.65,348.8,1199
PRAJIND,2026-04-16 11:03:00,348.8,349.4,348.8,349.4,7527
PRAJIND,2026-04-16 11:04:00,349.3,349.85,349.3,349.65,16217
PRAJIND,2026-04-16 11:05:00,349.8,349.85,349.5,349.75,8464
PRAJIND,2026-04-16 11:06:00,349.25,349.55,349.25,349.55,5958
PRAJIND,2026-04-16 11:07:00,349.55,349.55,349.25,349.5,2339
PRAJIND,2026-04-16 11:08:00,349.4,349.55,348.5,348.6,14949
PRAJIND,2026-04-16 11:09:00,348.35,348.9,348.35,348.65,7398
PRAJIND,2026-04-16 11:10:00,348.85,349.1,348.55,349.1,3720
PRAJIND,2026-04-16 11:11:00,349.15,349.4,349.05,349.2,2699
PRAJIND,2026-04-16 11:12:00,349.3,349.3,349.1,349.25,3662
PRAJIND,2026-04-16 11:13:00,349.25,349.25,349.0,349.15,3552
PRAJIND,2026-04-16 11:14:00,349.15,349.25,348.85,349.0,1689
PRAJIND,2026-04-16 11:15:00,349.0,349.25,348.95,349.0,1071
PRAJIND,2026-04-16 11:16:00,349.0,349.25,349.0,349.0,660
PRAJIND,2026-04-16 11:17:00,349.0,349.2,349.0,349.2,631
PRAJIND,2026-04-16 11:18:00,349.0,349.2,348.95,348.95,1296
PRAJIND,2026-04-16 11:19:00,349.2,349.2,349.0,349.2,472
PRAJIND,2026-04-16 11:20:00,349.2,349.2,349.2,349.2,390
PRAJIND,2026-04-16 11:21:00,349.2,349.2,349.1,349.1,236
PRAJIND,2026-04-16 11:22:00,349.2,349.2,348.6,348.9,10591
PRAJIND,2026-04-16 11:23:00,348.9,348.9,348.3,348.65,5653
PRAJIND,2026-04-16 11:24:00,348.65,348.8,348.5,348.8,1321
PRAJIND,2026-04-16 11:25:00,348.8,348.8,348.5,348.7,3211
PRAJIND,2026-04-16 11:26:00,348.45,348.6,348.4,348.4,2742
PRAJIND,2026-04-16 11:27:00,348.4,348.4,348.0,348.05,3292
PRAJIND,2026-04-16 11:28:00,348.05,348.35,348.05,348.35,3313
PRAJIND,2026-04-16 11:29:00,348.5,348.5,348.05,348.15,3081
PRAJIND,2026-04-16 11:30:00,348.4,348.4,348.1,348.2,1346
PRAJIND,2026-04-16 11:31:00,348.2,348.45,348.15,348.45,1003
PRAJIND,2026-04-16 11:32:00,348.45,348.45,348.05,348.4,4420
PRAJIND,2026-04-16 11:33:00,348.4,348.4,348.0,348.4,1988
PRAJIND,2026-04-16 11:34:00,348.35,348.35,347.8,347.85,5635
PRAJIND,2026-04-16 11:35:00,348.0,348.0,347.7,347.8,7989
PRAJIND,2026-04-16 11:36:00,347.75,348.45,347.75,348.25,5264
PRAJIND,2026-04-16 11:37:00,348.3,348.8,348.3,348.8,3062
PRAJIND,2026-04-16 11:38:00,348.65,348.65,348.0,348.5,6360
PRAJIND,2026-04-16 11:39:00,348.5,349.6,348.5,349.0,20864
PRAJIND,2026-04-16 11:40:00,349.05,349.3,349.0,349.0,2497
PRAJIND,2026-04-16 11:41:00,349.0,349.0,348.35,348.35,1510
PRAJIND,2026-04-16 11:42:00,348.35,348.7,348.35,348.45,2454
PRAJIND,2026-04-16 11:43:00,348.45,348.65,348.45,348.45,245
PRAJIND,2026-04-16 11:44:00,348.45,348.6,348.15,348.35,531
PRAJIND,2026-04-16 11:45:00,348.35,348.5,348.0,348.15,7044
PRAJIND,2026-04-16 11:46:00,348.15,348.45,348.0,348.0,777
PRAJIND,2026-04-16 11:47:00,348.0,348.45,347.95,347.95,3851
PRAJIND,2026-04-16 11:48:00,348.15,348.2,347.75,348.2,8216
PRAJIND,2026-04-16 11:49:00,348.5,349.95,348.35,349.6,33733
PRAJIND,2026-04-16 11:50:00,349.6,349.6,349.05,349.2,1588
PRAJIND,2026-04-16 11:51:00,349.2,349.2,348.7,348.7,1656
PRAJIND,2026-04-16 11:52:00,348.7,349.0,348.7,348.8,517
PRAJIND,2026-04-16 11:53:00,348.8,349.0,348.75,348.75,458
PRAJIND,2026-04-16 11:54:00,348.75,348.8,348.4,348.7,2730
PRAJIND,2026-04-16 11:55:00,348.7,348.75,348.5,348.5,3953
PRAJIND,2026-04-16 11:56:00,348.6,348.7,348.6,348.6,928
PRAJIND,2026-04-16 11:57:00,348.6,348.6,348.0,348.0,1867
PRAJIND,2026-04-16 11:58:00,348.0,348.3,347.75,348.2,3178
PRAJIND,2026-04-16 11:59:00,348.2,348.5,348.0,348.0,3786
PRAJIND,2026-04-16 12:00:00,348.0,348.0,347.7,347.85,1633
PRAJIND,2026-04-16 12:01:00,347.85,348.0,347.7,347.7,3428
PRAJIND,2026-04-16 12:02:00,347.7,347.7,347.5,347.7,1918
PRAJIND,2026-04-16 12:03:00,347.7,347.7,347.5,347.7,5244
PRAJIND,2026-04-16 12:04:00,347.7,347.7,347.5,347.5,894
PRAJIND,2026-04-16 12:05:00,347.45,347.95,347.2,347.9,14830
PRAJIND,2026-04-16 12:06:00,347.9,347.9,347.65,347.85,461
PRAJIND,2026-04-16 12:07:00,347.85,347.85,347.7,347.7,187
PRAJIND,2026-04-16 12:08:00,347.7,348.35,347.7,348.35,3702
PRAJIND,2026-04-16 12:09:00,348.35,348.35,348.0,348.3,882
PRAJIND,2026-04-16 12:10:00,348.05,348.65,348.05,348.5,2293
PRAJIND,2026-04-16 12:11:00,348.5,348.75,348.5,348.75,638
PRAJIND,2026-04-16 12:12:00,348.5,348.7,348.5,348.65,689
PRAJIND,2026-04-16 12:13:00,348.65,348.65,348.25,348.25,3220
PRAJIND,2026-04-16 12:14:00,348.2,348.25,348.2,348.2,791
PRAJIND,2026-04-16 12:15:00,348.2,348.25,348.2,348.2,1496
PRAJIND,2026-04-16 12:16:00,348.2,348.35,348.2,348.35,595
PRAJIND,2026-04-16 12:17:00,348.35,348.4,348.1,348.1,4214
PRAJIND,2026-04-16 12:18:00,348.1,348.25,348.1,348.1,503
PRAJIND,2026-04-16 12:19:00,348.1,348.3,348.1,348.1,623
PRAJIND,2026-04-16 12:20:00,348.25,348.4,348.1,348.25,709
PRAJIND,2026-04-16 12:21:00,348.1,348.1,347.95,348.1,467
PRAJIND,2026-04-16 12:22:00,348.1,348.1,347.7,347.75,6749
PRAJIND,2026-04-16 12:23:00,347.85,347.85,347.7,347.7,485
PRAJIND,2026-04-16 12:24:00,347.7,348.0,347.3,348.0,3009
PRAJIND,2026-04-16 12:25:00,348.0,348.0,347.45,347.55,563
PRAJIND,2026-04-16 12:26:00,347.55,347.55,347.35,347.4,662
PRAJIND,2026-04-16 12:27:00,347.4,347.8,347.2,347.4,3852
PRAJIND,2026-04-16 12:28:00,347.4,347.85,347.35,347.6,656
PRAJIND,2026-04-16 12:29:00,347.6,348.6,347.6,348.6,6900
PRAJIND,2026-04-16 12:30:00,348.6,348.75,348.45,348.45,3190
PRAJIND,2026-04-16 12:31:00,348.45,348.5,348.3,348.3,2454
PRAJIND,2026-04-16 12:32:00,348.3,348.6,348.0,348.0,5046
PRAJIND,2026-04-16 12:33:00,348.0,348.25,348.0,348.25,3147
PRAJIND,2026-04-16 12:34:00,348.25,348.25,347.75,347.75,1576
PRAJIND,2026-04-16 12:35:00,347.75,347.95,347.75,347.75,694
PRAJIND,2026-04-16 12:36:00,347.65,347.75,347.3,347.3,843
PRAJIND,2026-04-16 12:37:00,347.3,347.45,347.25,347.4,431
PRAJIND,2026-04-16 12:38:00,347.4,347.55,347.2,347.55,2788
PRAJIND,2026-04-16 12:39:00,347.55,347.95,347.45,347.6,1635
PRAJIND,2026-04-16 12:40:00,347.6,347.75,347.45,347.45,733
PRAJIND,2026-04-16 12:41:00,347.4,347.6,347.25,347.6,1493
PRAJIND,2026-04-16 12:42:00,347.6,347.9,347.6,347.6,1786
PRAJIND,2026-04-16 12:43:00,347.6,347.85,347.6,347.65,411
PRAJIND,2026-04-16 12:44:00,347.65,347.9,347.6,347.6,450
PRAJIND,2026-04-16 12:45:00,347.6,347.85,347.6,347.7,424
PRAJIND,2026-04-16 12:46:00,347.7,347.7,347.35,347.4,4873
PRAJIND,2026-04-16 12:47:00,347.6,347.6,347.2,347.2,825
PRAJIND,2026-04-16 12:48:00,347.2,347.4,347.15,347.25,804
PRAJIND,2026-04-16 12:49:00,347.5,347.5,347.25,347.25,624
PRAJIND,2026-04-16 12:50:00,347.25,347.35,347.15,347.15,594
PRAJIND,2026-04-16 12:51:00,347.1,347.25,346.05,347.1,19098
PRAJIND,2026-04-16 12:52:00,347.1,347.3,347.0,347.1,4163
PRAJIND,2026-04-16 12:53:00,347.1,347.65,347.0,347.6,3893
PRAJIND,2026-04-16 12:54:00,347.8,347.8,347.25,347.25,331
PRAJIND,2026-04-16 12:55:00,347.25,347.5,347.15,347.4,1487
PRAJIND,2026-04-16 12:56:00,347.4,347.4,347.05,347.05,305
PRAJIND,2026-04-16 12:57:00,347.05,347.3,347.0,347.05,659
PRAJIND,2026-04-16 12:58:00,347.05,347.05,347.0,347.0,434
PRAJIND,2026-04-16 12:59:00,347.0,347.15,346.9,347.15,3308
PRAJIND,2026-04-16 13:00:00,347.15,347.2,347.15,347.2,817
PRAJIND,2026-04-16 13:01:00,347.2,347.4,347.2,347.2,685
PRAJIND,2026-04-16 13:02:00,347.2,347.55,347.2,347.55,639
PRAJIND,2026-04-16 13:03:00,347.55,347.85,347.5,347.6,2429
PRAJIND,2026-04-16 13:04:00,347.6,348.15,347.6,348.15,1581
PRAJIND,2026-04-16 13:05:00,348.15,348.35,348.0,348.0,1102
PRAJIND,2026-04-16 13:06:00,348.0,348.2,347.7,347.85,971
PRAJIND,2026-04-16 13:07:00,347.65,347.95,347.55,347.6,537
PRAJIND,2026-04-16 13:08:00,347.6,347.8,347.6,347.6,745
PRAJIND,2026-04-16 13:09:00,347.6,347.8,347.6,347.6,205
PRAJIND,2026-04-16 13:10:00,347.55,347.7,347.55,347.55,883
PRAJIND,2026-04-16 13:11:00,347.5,347.5,347.3,347.45,1131
PRAJIND,2026-04-16 13:12:00,347.3,347.75,347.3,347.75,182
PRAJIND,2026-04-16 13:13:00,347.4,347.8,347.4,347.5,1028
PRAJIND,2026-04-16 13:14:00,347.35,347.4,347.3,347.4,513
PRAJIND,2026-04-16 13:15:00,347.25,347.45,347.2,347.3,932
PRAJIND,2026-04-16 13:16:00,347.3,347.7,347.25,347.7,676
PRAJIND,2026-04-16 13:17:00,347.7,347.7,347.2,347.3,848
PRAJIND,2026-04-16 13:18:00,347.3,347.5,347.3,347.5,2027
PRAJIND,2026-04-16 13:19:00,347.7,347.7,347.45,347.5,262
PRAJIND,2026-04-16 13:20:00,347.5,347.65,347.5,347.65,504
PRAJIND,2026-04-16 13:21:00,347.4,347.45,347.4,347.45,1789
PRAJIND,2026-04-16 13:22:00,347.45,347.7,347.35,347.7,1252
PRAJIND,2026-04-16 13:23:00,347.4,347.45,347.35,347.45,496
PRAJIND,2026-04-16 13:24:00,347.35,347.45,347.3,347.35,249
PRAJIND,2026-04-16 13:25:00,347.3,347.3,347.2,347.2,730
PRAJIND,2026-04-16 13:26:00,347.2,347.6,347.2,347.3,1104
PRAJIND,2026-04-16 13:27:00,347.25,347.35,347.2,347.2,799
PRAJIND,2026-04-16 13:28:00,347.2,347.35,347.2,347.35,1611
PRAJIND,2026-04-16 13:29:00,347.25,347.5,347.25,347.3,294
PRAJIND,2026-04-16 13:30:00,347.5,347.55,347.25,347.3,523
PRAJIND,2026-04-16 13:31:00,347.3,347.75,347.3,347.75,1128
PRAJIND,2026-04-16 13:32:00,347.55,347.8,347.55,347.55,951
PRAJIND,2026-04-16 13:33:00,347.55,347.9,347.55,347.9,2181
PRAJIND,2026-04-16 13:34:00,347.9,347.9,347.55,347.7,888
PRAJIND,2026-04-16 13:35:00,347.7,347.7,347.4,347.5,422
PRAJIND,2026-04-16 13:36:00,347.7,347.85,347.6,347.85,1177
PRAJIND,2026-04-16 13:37:00,347.65,347.9,347.55,347.8,511
PRAJIND,2026-04-16 13:38:00,347.8,347.8,347.5,347.5,601
PRAJIND,2026-04-16 13:39:00,347.5,347.8,347.5,347.75,758
PRAJIND,2026-04-16 13:40:00,347.8,347.95,347.75,347.75,1102
PRAJIND,2026-04-16 13:41:00,347.65,348.05,347.65,348.05,834
PRAJIND,2026-04-16 13:42:00,347.8,348.05,347.75,347.8,644
PRAJIND,2026-04-16 13:43:00,347.85,348.25,347.75,348.15,661
PRAJIND,2026-04-16 13:44:00,348.1,348.1,348.0,348.1,467
PRAJIND,2026-04-16 13:45:00,348.0,348.25,348.0,348.1,2539
PRAJIND,2026-04-16 13:46:00,348.1,348.4,348.1,348.25,466
PRAJIND,2026-04-16 13:47:00,348.45,348.45,348.05,348.3,162
PRAJIND,2026-04-16 13:48:00,348.15,348.3,348.05,348.1,1336
PRAJIND,2026-04-16 13:49:00,348.0,348.3,348.0,348.0,975
PRAJIND,2026-04-16 13:50:00,348.0,348.3,348.0,348.2,261
PRAJIND,2026-04-16 13:51:00,348.2,348.25,348.1,348.25,422
PRAJIND,2026-04-16 13:52:00,348.1,348.4,348.0,348.2,1203
PRAJIND,2026-04-16 13:53:00,348.0,348.35,348.0,348.35,1751
PRAJIND,2026-04-16 13:54:00,347.95,348.05,347.8,347.85,1435
PRAJIND,2026-04-16 13:55:00,347.85,347.9,347.8,347.85,656
PRAJIND,2026-04-16 13:56:00,347.7,348.0,347.5,348.0,5823
PRAJIND,2026-04-16 13:57:00,348.0,348.0,347.65,347.85,250
PRAJIND,2026-04-16 13:58:00,347.7,347.9,347.5,347.85,6286
PRAJIND,2026-04-16 13:59:00,347.85,347.95,347.75,347.95,404
PRAJIND,2026-04-16 14:00:00,347.95,347.95,347.75,347.95,570
PRAJIND,2026-04-16 14:01:00,347.95,348.4,347.75,348.4,2958
PRAJIND,2026-04-16 14:02:00,348.1,348.5,348.1,348.5,1860
PRAJIND,2026-04-16 14:03:00,348.4,348.4,347.8,347.8,1833
PRAJIND,2026-04-16 14:04:00,347.8,347.9,347.6,347.9,466
PRAJIND,2026-04-16 14:05:00,347.9,347.9,347.5,347.8,1057
PRAJIND,2026-04-16 14:06:00,347.8,348.0,347.8,348.0,2652
PRAJIND,2026-04-16 14:07:00,347.8,348.45,347.8,348.45,4332
PRAJIND,2026-04-16 14:08:00,348.0,348.45,347.8,347.8,3223
PRAJIND,2026-04-16 14:09:00,347.85,347.85,347.75,347.85,785
PRAJIND,2026-04-16 14:10:00,348.05,348.05,347.85,348.0,152
PRAJIND,2026-04-16 14:11:00,348.0,348.1,347.9,348.1,548
PRAJIND,2026-04-16 14:12:00,347.85,348.3,347.85,348.3,1133
PRAJIND,2026-04-16 14:13:00,348.3,348.75,348.25,348.75,2766
PRAJIND,2026-04-16 14:14:00,348.5,348.5,348.3,348.3,846
PRAJIND,2026-04-16 14:15:00,348.3,348.85,348.3,348.85,1514
PRAJIND,2026-04-16 14:16:00,348.85,348.85,348.5,348.65,287
PRAJIND,2026-04-16 14:17:00,348.5,348.65,348.5,348.55,1288
PRAJIND,2026-04-16 14:18:00,348.65,348.85,348.55,348.85,2644
PRAJIND,2026-04-16 14:19:00,348.85,349.0,348.8,349.0,1492
PRAJIND,2026-04-16 14:20:00,349.0,349.0,348.9,348.9,1025
PRAJIND,2026-04-16 14:21:00,348.9,348.9,348.7,348.7,272
PRAJIND,2026-04-16 14:22:00,348.7,348.9,348.7,348.9,203
PRAJIND,2026-04-16 14:23:00,348.65,348.9,348.65,348.85,441
PRAJIND,2026-04-16 14:24:00,348.65,348.7,348.65,348.65,309
PRAJIND,2026-04-16 14:25:00,348.85,348.85,348.65,348.65,1135
PRAJIND,2026-04-16 14:26:00,348.85,348.85,348.65,348.7,786
PRAJIND,2026-04-16 14:27:00,348.7,348.9,348.7,348.9,1997
PRAJIND,2026-04-16 14:28:00,348.7,348.9,348.65,348.85,1015
PRAJIND,2026-04-16 14:29:00,348.65,348.7,348.55,348.7,1883
PRAJIND,2026-04-16 14:30:00,348.7,348.9,348.7,348.85,14
PRAJIND,2026-04-16 14:31:00,348.85,348.85,348.65,348.65,256
PRAJIND,2026-04-16 14:32:00,349.2,349.2,349.0,349.2,4412
PRAJIND,2026-04-16 14:33:00,349.05,349.25,349.0,349.25,1338
PRAJIND,2026-04-16 14:34:00,349.25,349.25,349.05,349.2,531
PRAJIND,2026-04-16 14:35:00,349.15,349.6,349.15,349.45,4766
PRAJIND,2026-04-16 14:36:00,349.55,349.55,349.15,349.5,1997
PRAJIND,2026-04-16 14:37:00,349.5,349.5,349.3,349.3,1194
PRAJIND,2026-04-16 14:38:00,349.3,349.3,349.3,349.3,340
PRAJIND,2026-04-16 14:39:00,349.3,349.3,348.9,349.1,2141
PRAJIND,2026-04-16 14:40:00,349.1,349.3,349.0,349.05,1094
PRAJIND,2026-04-16 14:41:00,349.05,349.3,348.65,349.0,3016
PRAJIND,2026-04-16 14:42:00,348.8,349.1,348.8,348.95,5698
PRAJIND,2026-04-16 14:43:00,348.9,349.0,348.65,348.65,420
PRAJIND,2026-04-16 14:44:00,348.65,348.85,348.6,348.8,1113
PRAJIND,2026-04-16 14:45:00,348.65,348.9,348.65,348.7,499
PRAJIND,2026-04-16 14:46:00,348.7,348.95,348.65,348.65,471
PRAJIND,2026-04-16 14:47:00,348.65,348.8,348.55,348.8,1674
PRAJIND,2026-04-16 14:48:00,348.65,349.5,348.65,349.5,17708
PRAJIND,2026-04-16 14:49:00,349.5,349.5,349.3,349.3,6119
PRAJIND,2026-04-16 14:50:00,349.1,349.3,349.1,349.15,222
PRAJIND,2026-04-16 14:51:00,349.3,349.45,349.15,349.45,1183
PRAJIND,2026-04-16 14:52:00,349.2,349.65,349.2,349.5,4771
PRAJIND,2026-04-16 14:53:00,349.45,349.75,349.35,349.7,5904
PRAJIND,2026-04-16 14:54:00,349.75,349.8,349.5,349.5,6202
PRAJIND,2026-04-16 14:55:00,349.6,350.0,349.55,349.7,17705
PRAJIND,2026-04-16 14:56:00,349.7,349.7,349.5,349.7,2078
PRAJIND,2026-04-16 14:57:00,349.7,349.7,349.25,349.7,2883
PRAJIND,2026-04-16 14:58:00,349.75,350.0,349.55,349.55,52146
PRAJIND,2026-04-16 14:59:00,349.6,349.85,349.4,349.4,1814
PRAJIND,2026-04-16 15:00:00,349.4,349.7,349.0,349.0,13220
PRAJIND,2026-04-16 15:01:00,349.25,349.7,349.15,349.7,7645
PRAJIND,2026-04-16 15:02:00,349.5,349.7,349.4,349.55,2681
PRAJIND,2026-04-16 15:03:00,349.5,349.5,349.1,349.25,5090
PRAJIND,2026-04-16 15:04:00,349.1,349.4,349.0,349.1,4041
PRAJIND,2026-04-16 15:05:00,349.1,349.25,349.0,349.25,1155
PRAJIND,2026-04-16 15:06:00,349.25,349.4,349.05,349.4,2880
PRAJIND,2026-04-16 15:07:00,349.2,349.4,349.15,349.25,1773
PRAJIND,2026-04-16 15:08:00,349.35,349.35,349.1,349.25,634
PRAJIND,2026-04-16 15:09:00,349.25,349.4,349.15,349.25,2527
PRAJIND,2026-04-16 15:10:00,349.25,349.25,349.25,349.25,1027
PRAJIND,2026-04-16 15:11:00,349.25,349.25,349.05,349.2,2789
PRAJIND,2026-04-16 15:12:00,349.2,349.2,348.7,348.85,6886
PRAJIND,2026-04-16 15:13:00,349.0,349.2,349.0,349.2,4974
PRAJIND,2026-04-16 15:14:00,349.2,349.2,349.0,349.05,2878
PRAJIND,2026-04-16 15:15:00,349.1,349.2,349.05,349.2,6639
PRAJIND,2026-04-16 15:16:00,349.15,349.2,349.05,349.05,7858
PRAJIND,2026-04-16 15:17:00,349.2,349.25,349.05,349.25,5161
PRAJIND,2026-04-16 15:18:00,349.25,349.25,348.2,348.45,20233
PRAJIND,2026-04-16 15:19:00,348.1,349.1,348.1,349.1,24139
PRAJIND,2026-04-16 15:20:00,349.25,349.95,348.85,348.85,25585
PRAJIND,2026-04-16 15:21:00,349.3,349.3,348.3,348.55,8521
PRAJIND,2026-04-16 15:22:00,348.9,349.2,348.9,349.2,4322
PRAJIND,2026-04-16 15:23:00,349.2,349.75,349.1,349.75,6861
PRAJIND,2026-04-16 15:24:00,349.5,349.7,349.4,349.4,24021
PRAJIND,2026-04-16 15:25:00,349.65,350.0,349.0,349.0,32243
PRAJIND,2026-04-16 15:26:00,349.0,349.7,349.0,349.5,2970
PRAJIND,2026-04-16 15:27:00,349.35,349.35,348.9,348.9,4222
PRAJIND,2026-04-16 15:28:00,348.95,349.35,348.9,349.05,10484
PRAJIND,2026-04-16 15:29:00,349.35,350.0,349.05,349.9,13085
PRAJIND,2026-04-17 09:15:00,350.05,354.6,350.05,353.6,38719
PRAJIND,2026-04-17 09:16:00,353.1,354.7,353.1,353.45,24364
PRAJIND,2026-04-17 09:17:00,353.45,353.55,352.55,352.95,6562
PRAJIND,2026-04-17 09:18:00,353.4,353.5,352.85,353.2,6060
PRAJIND,2026-04-17 09:19:00,353.5,353.5,352.9,353.3,5937
PRAJIND,2026-04-17 09:20:00,352.95,353.2,352.8,353.1,14345
PRAJIND,2026-04-17 09:21:00,352.85,353.1,352.85,353.0,10031
PRAJIND,2026-04-17 09:22:00,353.2,354.1,353.0,354.1,10620
PRAJIND,2026-04-17 09:23:00,354.1,354.6,354.0,354.2,9438
PRAJIND,2026-04-17 09:24:00,354.1,354.1,353.7,353.9,4311
PRAJIND,2026-04-17 09:25:00,353.85,353.85,353.45,353.45,5691
PRAJIND,2026-04-17 09:26:00,353.75,353.75,353.05,353.3,4367
PRAJIND,2026-04-17 09:27:00,353.3,353.3,353.0,353.0,3564
PRAJIND,2026-04-17 09:28:00,353.1,353.1,352.45,352.5,3852
PRAJIND,2026-04-17 09:29:00,352.75,352.75,352.05,352.05,3939
PRAJIND,2026-04-17 09:30:00,352.45,352.45,352.05,352.25,3977
PRAJIND,2026-04-17 09:31:00,352.2,352.25,351.8,352.1,3674
PRAJIND,2026-04-17 09:32:00,352.25,352.85,352.1,352.85,5355
PRAJIND,2026-04-17 09:33:00,352.85,352.85,352.55,352.8,2827
PRAJIND,2026-04-17 09:34:00,352.8,352.9,352.3,352.3,9045
PRAJIND,2026-04-17 09:35:00,352.1,352.6,352.1,352.4,5659
PRAJIND,2026-04-17 09:36:00,352.4,352.5,352.05,352.25,2900
PRAJIND,2026-04-17 09:37:00,352.25,352.5,351.6,351.6,6423
PRAJIND,2026-04-17 09:38:00,351.85,352.2,351.5,352.2,13404
PRAJIND,2026-04-17 09:39:00,352.2,352.2,351.6,351.6,8232
PRAJIND,2026-04-17 09:40:00,351.8,352.75,351.75,352.75,5247
PRAJIND,2026-04-17 09:41:00,352.7,352.7,352.35,352.35,254
PRAJIND,2026-04-17 09:42:00,352.25,352.25,351.6,351.6,6255
PRAJIND,2026-04-17 09:43:00,351.6,351.75,351.25,351.25,7561
PRAJIND,2026-04-17 09:44:00,351.9,351.9,351.65,351.65,3361
PRAJIND,2026-04-17 09:45:00,351.65,352.5,351.65,352.5,4154
PRAJIND,2026-04-17 09:46:00,352.0,352.3,351.9,352.3,3469
PRAJIND,2026-04-17 09:47:00,352.35,352.7,352.35,352.7,3302
PRAJIND,2026-04-17 09:48:00,353.5,354.45,353.25,354.15,22362
PRAJIND,2026-04-17 09:49:00,354.0,354.0,353.85,353.9,6176
PRAJIND,2026-04-17 09:50:00,353.7,353.85,353.5,353.65,2654
PRAJIND,2026-04-17 09:51:00,353.65,353.65,353.3,353.3,809
PRAJIND,2026-04-17 09:52:00,353.3,353.85,353.3,353.85,3077
PRAJIND,2026-04-17 09:53:00,353.85,353.85,353.5,353.5,7435
PRAJIND,2026-04-17 09:54:00,353.85,353.85,353.5,353.65,2320
PRAJIND,2026-04-17 09:55:00,353.7,353.7,353.15,353.4,3050
PRAJIND,2026-04-17 09:56:00,353.4,353.45,353.0,353.45,728
PRAJIND,2026-04-17 09:57:00,353.45,353.5,353.15,353.5,3526
PRAJIND,2026-04-17 09:58:00,353.4,353.5,353.1,353.4,902
PRAJIND,2026-04-17 09:59:00,353.4,353.75,353.1,353.3,5645
PRAJIND,2026-04-17 10:00:00,353.3,353.65,353.25,353.5,487
PRAJIND,2026-04-17 10:01:00,353.5,353.5,352.55,352.75,1804
PRAJIND,2026-04-17 10:02:00,353.15,353.9,353.15,353.7,6204
PRAJIND,2026-04-17 10:03:00,353.7,354.7,353.7,354.7,25376
PRAJIND,2026-04-17 10:04:00,354.7,355.2,354.35,354.35,44122
PRAJIND,2026-04-17 10:05:00,354.35,354.35,353.55,353.55,4199
PRAJIND,2026-04-17 10:06:00,353.5,353.6,353.5,353.6,535
PRAJIND,2026-04-17 10:07:00,353.5,353.8,353.3,353.4,4007
PRAJIND,2026-04-17 10:08:00,353.4,353.5,353.15,353.15,1766
PRAJIND,2026-04-17 10:09:00,353.15,353.3,353.0,353.15,2469
PRAJIND,2026-04-17 10:10:00,353.15,353.25,353.0,353.25,1664
PRAJIND,2026-04-17 10:11:00,353.05,353.65,353.05,353.65,7726
PRAJIND,2026-04-17 10:12:00,353.65,353.65,353.0,353.0,3339
PRAJIND,2026-04-17 10:13:00,353.0,353.35,352.95,353.15,833
PRAJIND,2026-04-17 10:14:00,353.7,354.3,353.6,354.3,10716
PRAJIND,2026-04-17 10:15:00,354.3,354.3,353.9,354.0,1378
PRAJIND,2026-04-17 10:16:00,353.9,354.7,353.85,354.7,6590
PRAJIND,2026-04-17 10:17:00,354.7,354.75,354.5,354.5,2125
PRAJIND,2026-04-17 10:18:00,354.5,354.5,354.2,354.45,984
PRAJIND,2026-04-17 10:19:00,354.45,354.45,354.15,354.3,2135
PRAJIND,2026-04-17 10:20:00,354.3,354.3,354.15,354.3,541
PRAJIND,2026-04-17 10:21:00,354.3,354.3,354.1,354.1,1244
PRAJIND,2026-04-17 10:22:00,354.3,354.3,354.1,354.25,1659
PRAJIND,2026-04-17 10:23:00,354.25,354.3,354.05,354.3,1655
PRAJIND,2026-04-17 10:24:00,354.0,354.05,353.65,353.8,5685
PRAJIND,2026-04-17 10:25:00,353.9,353.9,353.7,353.9,1300
PRAJIND,2026-04-17 10:26:00,353.8,354.3,353.8,354.15,1450
PRAJIND,2026-04-17 10:27:00,354.15,354.4,353.9,354.4,5848
PRAJIND,2026-04-17 10:28:00,353.9,354.2,353.65,353.65,1517
PRAJIND,2026-04-17 10:29:00,353.75,353.95,353.65,353.75,814
PRAJIND,2026-04-17 10:30:00,353.75,353.75,353.5,353.65,443
PRAJIND,2026-04-17 10:31:00,353.2,353.45,353.15,353.35,3499
PRAJIND,2026-04-17 10:32:00,353.35,353.35,353.0,353.2,4475
PRAJIND,2026-04-17 10:33:00,353.0,353.65,353.0,353.4,6477
PRAJIND,2026-04-17 10:34:00,353.1,353.1,352.05,352.9,6513
PRAJIND,2026-04-17 10:35:00,352.55,352.55,352.15,352.25,1372
PRAJIND,2026-04-17 10:36:00,352.25,352.45,352.15,352.2,1118
PRAJIND,2026-04-17 10:37:00,352.2,352.2,352.0,352.2,1240
PRAJIND,2026-04-17 10:38:00,352.2,352.45,352.0,352.0,5655
PRAJIND,2026-04-17 10:39:00,352.0,352.35,352.0,352.2,2628
PRAJIND,2026-04-17 10:40:00,352.1,352.15,351.35,351.5,13671
PRAJIND,2026-04-17 10:41:00,352.0,352.2,351.7,351.95,2870
PRAJIND,2026-04-17 10:42:00,351.85,351.85,351.5,351.8,2313
PRAJIND,2026-04-17 10:43:00,351.8,352.0,351.8,352.0,794
PRAJIND,2026-04-17 10:44:00,352.0,352.0,351.7,351.95,404
PRAJIND,2026-04-17 10:45:00,351.95,352.0,351.65,352.0,978
PRAJIND,2026-04-17 10:46:00,351.7,352.0,351.7,352.0,336
PRAJIND,2026-04-17 10:47:00,352.0,352.2,352.0,352.15,522
PRAJIND,2026-04-17 10:48:00,352.15,352.4,352.15,352.3,329
PRAJIND,2026-04-17 10:49:00,352.3,352.65,352.05,352.45,3253
PRAJIND,2026-04-17 10:50:00,352.4,352.55,352.1,352.2,1366
PRAJIND,2026-04-17 10:51:00,352.2,352.25,352.1,352.25,975
PRAJIND,2026-04-17 10:52:00,352.35,352.6,352.35,352.6,562
PRAJIND,2026-04-17 10:53:00,352.6,352.6,352.35,352.35,794
PRAJIND,2026-04-17 10:54:00,352.55,352.65,352.3,352.5,501
PRAJIND,2026-04-17 10:55:00,352.5,352.6,352.3,352.5,365
PRAJIND,2026-04-17 10:56:00,352.5,352.6,352.3,352.6,800
PRAJIND,2026-04-17 10:57:00,352.5,352.6,352.1,352.35,3661
PRAJIND,2026-04-17 10:58:00,352.35,352.35,352.1,352.3,290
PRAJIND,2026-04-17 10:59:00,352.3,352.3,352.0,352.2,1297
PRAJIND,2026-04-17 11:00:00,352.25,352.25,352.05,352.2,2033
PRAJIND,2026-04-17 11:01:00,352.15,352.15,351.95,352.05,424
PRAJIND,2026-04-17 11:02:00,352.05,352.1,352.0,352.0,464
PRAJIND,2026-04-17 11:03:00,351.8,352.0,351.5,351.7,3584
PRAJIND,2026-04-17 11:04:00,351.4,351.85,351.4,351.85,1255
PRAJIND,2026-04-17 11:05:00,351.75,352.0,351.65,352.0,2530
PRAJIND,2026-04-17 11:06:00,352.0,352.0,351.85,352.0,1092
PRAJIND,2026-04-17 11:07:00,352.0,352.3,352.0,352.25,6796
PRAJIND,2026-04-17 11:08:00,351.85,352.05,351.85,352.0,272
PRAJIND,2026-04-17 11:09:00,352.0,352.35,352.0,352.35,293
PRAJIND,2026-04-17 11:10:00,352.35,352.45,352.15,352.4,1402
PRAJIND,2026-04-17 11:11:00,352.15,352.45,352.15,352.45,1786
PRAJIND,2026-04-17 11:12:00,352.45,352.9,352.45,352.65,3813
PRAJIND,2026-04-17 11:13:00,352.65,352.65,352.45,352.65,245
PRAJIND,2026-04-17 11:14:00,352.45,352.6,352.25,352.3,2391
PRAJIND,2026-04-17 11:15:00,352.3,352.65,352.3,352.4,393
PRAJIND,2026-04-17 11:16:00,352.45,352.45,352.35,352.4,162
PRAJIND,2026-04-17 11:17:00,352.4,352.4,352.25,352.25,797
PRAJIND,2026-04-17 11:18:00,352.25,352.35,352.25,352.25,92
PRAJIND,2026-04-17 11:19:00,352.25,352.35,352.25,352.35,474
PRAJIND,2026-04-17 11:20:00,352.35,352.35,352.1,352.35,5906
PRAJIND,2026-04-17 11:21:00,352.35,352.35,352.05,352.3,112
PRAJIND,2026-04-17 11:22:00,352.3,352.35,352.3,352.3,1506
PRAJIND,2026-04-17 11:23:00,352.15,352.3,352.15,352.15,284
PRAJIND,2026-04-17 11:24:00,352.15,352.3,352.15,352.3,404
PRAJIND,2026-04-17 11:25:00,352.3,352.3,352.15,352.3,788
PRAJIND,2026-04-17 11:26:00,352.3,352.3,352.15,352.3,389
PRAJIND,2026-04-17 11:27:00,352.3,352.3,352.3,352.3,869
PRAJIND,2026-04-17 11:28:00,352.3,352.4,352.3,352.3,390
PRAJIND,2026-04-17 11:29:00,352.3,352.5,352.2,352.5,708
PRAJIND,2026-04-17 11:30:00,352.5,352.5,352.15,352.45,976
PRAJIND,2026-04-17 11:31:00,352.0,352.3,352.0,352.1,3059
PRAJIND,2026-04-17 11:32:00,352.1,352.25,351.85,352.2,2202
PRAJIND,2026-04-17 11:33:00,352.2,352.4,352.2,352.4,55
PRAJIND,2026-04-17 11:34:00,352.4,352.4,352.25,352.4,768
PRAJIND,2026-04-17 11:35:00,352.5,352.75,352.45,352.45,923
PRAJIND,2026-04-17 11:36:00,352.45,352.95,352.4,352.65,3179
PRAJIND,2026-04-17 11:37:00,352.65,353.0,352.65,352.85,699
PRAJIND,2026-04-17 11:38:00,352.85,353.0,352.7,352.7,739
PRAJIND,2026-04-17 11:39:00,352.7,352.9,352.7,352.9,2898
PRAJIND,2026-04-17 11:40:00,352.9,352.9,352.55,352.55,327
PRAJIND,2026-04-17 11:41:00,352.55,352.85,352.55,352.85,69
PRAJIND,2026-04-17 11:42:00,352.75,352.8,352.5,352.65,458
PRAJIND,2026-04-17 11:43:00,352.65,352.65,352.65,352.65,300
PRAJIND,2026-04-17 11:44:00,352.65,352.8,352.55,352.55,296
PRAJIND,2026-04-17 11:45:00,352.8,352.8,352.55,352.75,139
PRAJIND,2026-04-17 11:46:00,352.75,352.75,352.6,352.6,98
PRAJIND,2026-04-17 11:47:00,352.6,352.75,352.5,352.5,300
PRAJIND,2026-04-17 11:48:00,352.6,352.6,352.4,352.5,569
PRAJIND,2026-04-17 11:49:00,352.5,352.5,352.4,352.4,539
PRAJIND,2026-04-17 11:50:00,352.4,352.4,352.25,352.35,665
PRAJIND,2026-04-17 11:51:00,352.35,352.35,352.2,352.2,2301
PRAJIND,2026-04-17 11:52:00,352.2,352.35,352.2,352.3,509
PRAJIND,2026-04-17 11:53:00,352.3,352.3,352.2,352.3,410
PRAJIND,2026-04-17 11:54:00,352.3,352.75,352.3,352.45,2517
PRAJIND,2026-04-17 11:55:00,352.45,352.8,352.45,352.8,460
PRAJIND,2026-04-17 11:56:00,352.8,352.8,352.35,352.35,2045
PRAJIND,2026-04-17 11:57:00,352.4,352.6,352.3,352.6,478
PRAJIND,2026-04-17 11:58:00,352.1,352.5,352.1,352.5,2063
PRAJIND,2026-04-17 11:59:00,352.5,352.5,352.05,352.3,180
PRAJIND,2026-04-17 12:00:00,352.3,352.3,352.05,352.05,664
PRAJIND,2026-04-17 12:01:00,352.05,352.25,352.05,352.2,1679
PRAJIND,2026-04-17 12:02:00,352.2,352.45,352.2,352.4,471
PRAJIND,2026-04-17 12:03:00,352.2,352.4,352.2,352.4,1075
PRAJIND,2026-04-17 12:04:00,352.4,352.45,352.25,352.45,113
PRAJIND,2026-04-17 12:05:00,352.3,352.75,352.3,352.5,2147
PRAJIND,2026-04-17 12:06:00,352.5,352.75,352.25,352.75,2369
PRAJIND,2026-04-17 12:07:00,352.75,352.8,352.6,352.8,435
PRAJIND,2026-04-17 12:08:00,352.8,353.5,352.8,353.1,6698
PRAJIND,2026-04-17 12:09:00,353.1,353.15,352.85,353.15,98
PRAJIND,2026-04-17 12:10:00,353.15,353.15,352.6,352.8,421
PRAJIND,2026-04-17 12:11:00,352.8,352.8,352.7,352.75,310
PRAJIND,2026-04-17 12:12:00,352.7,352.7,352.55,352.55,655
PRAJIND,2026-04-17 12:13:00,352.55,352.75,352.55,352.75,136
PRAJIND,2026-04-17 12:14:00,352.75,352.75,352.5,352.7,670
PRAJIND,2026-04-17 12:15:00,352.7,352.7,352.5,352.55,725
PRAJIND,2026-04-17 12:16:00,352.5,352.7,352.5,352.55,699
PRAJIND,2026-04-17 12:17:00,352.5,352.55,352.4,352.45,407
PRAJIND,2026-04-17 12:18:00,352.1,352.4,352.1,352.2,1967
PRAJIND,2026-04-17 12:19:00,352.2,352.4,352.15,352.2,170
PRAJIND,2026-04-17 12:20:00,352.4,352.4,352.2,352.25,478
PRAJIND,2026-04-17 12:21:00,352.35,352.45,352.25,352.45,2898
PRAJIND,2026-04-17 12:22:00,352.45,352.45,352.25,352.45,50
PRAJIND,2026-04-17 12:23:00,352.45,352.45,352.25,352.45,77
PRAJIND,2026-04-17 12:24:00,352.45,352.5,352.2,352.35,423
PRAJIND,2026-04-17 12:25:00,352.35,352.35,352.35,352.35,339
PRAJIND,2026-04-17 12:26:00,352.35,352.35,352.15,352.2,633
PRAJIND,2026-04-17 12:27:00,352.2,352.5,351.75,351.75,18996
PRAJIND,2026-04-17 12:28:00,351.75,352.1,351.75,351.95,342
PRAJIND,2026-04-17 12:29:00,352.0,352.0,351.7,352.0,1275
PRAJIND,2026-04-17 12:30:00,352.05,352.05,351.7,351.85,2524
PRAJIND,2026-04-17 12:31:00,351.85,351.85,351.35,351.35,3283
PRAJIND,2026-04-17 12:32:00,351.35,351.35,350.9,351.05,27778
PRAJIND,2026-04-17 12:33:00,351.4,351.55,351.15,351.4,6504
PRAJIND,2026-04-17 12:34:00,351.4,351.6,351.4,351.4,671
PRAJIND,2026-04-17 12:35:00,351.6,351.65,351.3,351.3,775
PRAJIND,2026-04-17 12:36:00,351.3,351.5,351.2,351.2,445
PRAJIND,2026-04-17 12:37:00,351.2,351.2,351.05,351.2,965
PRAJIND,2026-04-17 12:38:00,351.0,351.2,351.0,351.0,676
PRAJIND,2026-04-17 12:39:00,351.0,351.2,350.8,351.0,1082
PRAJIND,2026-04-17 12:40:00,351.0,351.0,350.8,350.8,461
PRAJIND,2026-04-17 12:41:00,350.7,350.8,350.45,350.7,778
PRAJIND,2026-04-17 12:42:00,350.7,350.75,350.5,350.75,1852
PRAJIND,2026-04-17 12:43:00,350.75,350.75,350.6,350.6,705
PRAJIND,2026-04-17 12:44:00,350.6,350.8,350.55,350.8,472
PRAJIND,2026-04-17 12:45:00,350.8,350.8,350.55,350.75,663
PRAJIND,2026-04-17 12:46:00,350.75,350.75,350.45,350.55,2661
PRAJIND,2026-04-17 12:47:00,350.7,351.0,350.55,351.0,1281
PRAJIND,2026-04-17 12:48:00,351.0,351.3,351.0,351.2,975
PRAJIND,2026-04-17 12:49:00,351.2,351.2,350.95,350.95,1188
PRAJIND,2026-04-17 12:50:00,350.95,351.1,350.95,351.1,419
PRAJIND,2026-04-17 12:51:00,351.1,351.1,350.85,350.85,522
PRAJIND,2026-04-17 12:52:00,350.85,350.85,350.55,350.75,197
PRAJIND,2026-04-17 12:53:00,350.75,350.85,350.5,350.85,1684
PRAJIND,2026-04-17 12:54:00,350.5,350.85,350.5,350.8,1379
PRAJIND,2026-04-17 12:55:00,350.8,350.8,350.75,350.75,10
PRAJIND,2026-04-17 12:56:00,350.75,350.9,350.65,350.9,1955
PRAJIND,2026-04-17 12:57:00,350.9,351.1,350.9,351.1,193
PRAJIND,2026-04-17 12:58:00,351.1,351.1,350.9,351.05,1344
PRAJIND,2026-04-17 12:59:00,351.1,351.1,351.05,351.05,2510
PRAJIND,2026-04-17 13:00:00,351.0,351.0,351.0,351.0,328
PRAJIND,2026-04-17 13:01:00,351.0,351.0,351.0,351.0,356
PRAJIND,2026-04-17 13:02:00,351.0,351.3,351.0,351.2,3279
PRAJIND,2026-04-17 13:03:00,351.2,351.35,351.1,351.35,1338
PRAJIND,2026-04-17 13:04:00,351.35,351.4,351.15,351.15,518
PRAJIND,2026-04-17 13:05:00,351.2,351.4,351.2,351.4,91
PRAJIND,2026-04-17 13:06:00,351.4,351.45,351.4,351.45,665
PRAJIND,2026-04-17 13:07:00,351.45,351.5,351.3,351.5,116
PRAJIND,2026-04-17 13:08:00,351.5,351.55,351.3,351.55,1502
PRAJIND,2026-04-17 13:09:00,351.55,351.6,351.3,351.5,623
PRAJIND,2026-04-17 13:10:00,351.35,351.5,351.3,351.45,998
PRAJIND,2026-04-17 13:11:00,351.45,351.45,351.15,351.4,347
PRAJIND,2026-04-17 13:12:00,351.4,351.4,351.15,351.4,750
PRAJIND,2026-04-17 13:13:00,351.4,351.4,351.15,351.15,691
PRAJIND,2026-04-17 13:14:00,351.15,351.4,351.15,351.4,449
PRAJIND,2026-04-17 13:15:00,351.4,351.5,351.25,351.25,140
PRAJIND,2026-04-17 13:16:00,351.25,351.5,351.25,351.5,473
PRAJIND,2026-04-17 13:17:00,351.5,351.5,351.25,351.5,305
PRAJIND,2026-04-17 13:18:00,351.5,351.5,351.5,351.5,144
PRAJIND,2026-04-17 13:19:00,351.3,351.3,351.25,351.25,585
PRAJIND,2026-04-17 13:20:00,351.25,351.5,351.25,351.5,50
PRAJIND,2026-04-17 13:21:00,351.5,351.9,351.35,351.75,6061
PRAJIND,2026-04-17 13:22:00,351.75,351.75,351.35,351.55,164
PRAJIND,2026-04-17 13:23:00,351.55,351.55,351.25,351.5,1538
PRAJIND,2026-04-17 13:24:00,351.5,351.5,351.25,351.5,348
PRAJIND,2026-04-17 13:25:00,351.5,351.7,351.5,351.6,1013
PRAJIND,2026-04-17 13:26:00,351.6,351.6,351.6,351.6,126
PRAJIND,2026-04-17 13:27:00,351.6,351.6,351.5,351.6,131
PRAJIND,2026-04-17 13:28:00,351.6,351.85,351.6,351.85,1417
PRAJIND,2026-04-17 13:29:00,351.85,351.85,351.65,351.65,63
PRAJIND,2026-04-17 13:30:00,351.85,351.85,351.65,351.85,811
PRAJIND,2026-04-17 13:31:00,351.85,351.85,351.6,351.6,272
PRAJIND,2026-04-17 13:32:00,351.85,351.85,351.75,351.75,811
PRAJIND,2026-04-17 13:33:00,351.75,351.8,351.6,351.6,301
PRAJIND,2026-04-17 13:34:00,351.6,351.6,351.5,351.6,146
PRAJIND,2026-04-17 13:35:00,351.6,351.65,351.35,351.35,378
PRAJIND,2026-04-17 13:36:00,351.35,351.65,351.3,351.3,526
PRAJIND,2026-04-17 13:37:00,351.3,351.85,351.3,351.8,1078
PRAJIND,2026-04-17 13:38:00,351.8,351.8,351.5,351.8,72
PRAJIND,2026-04-17 13:39:00,351.8,351.8,351.6,351.6,193
PRAJIND,2026-04-17 13:40:00,351.6,351.85,351.55,351.55,174
PRAJIND,2026-04-17 13:41:00,351.55,351.85,351.55,351.85,570
PRAJIND,2026-04-17 13:42:00,351.85,351.85,351.6,351.7,148
PRAJIND,2026-04-17 13:43:00,351.7,351.9,351.7,351.9,54
PRAJIND,2026-04-17 13:44:00,351.9,352.0,351.7,352.0,2120
PRAJIND,2026-04-17 13:45:00,352.0,352.0,351.7,351.9,186
PRAJIND,2026-04-17 13:46:00,351.9,352.0,351.9,351.9,185
PRAJIND,2026-04-17 13:47:00,351.9,351.9,351.9,351.9,30
PRAJIND,2026-04-17 13:48:00,351.9,351.95,351.7,351.7,1312
PRAJIND,2026-04-17 13:49:00,351.7,351.9,351.6,351.6,200
PRAJIND,2026-04-17 13:50:00,351.6,351.95,351.6,351.7,493
PRAJIND,2026-04-17 13:51:00,351.9,351.9,351.7,351.7,148
PRAJIND,2026-04-17 13:52:00,351.7,351.7,351.7,351.7,18
PRAJIND,2026-04-17 13:53:00,351.7,351.9,351.5,351.5,1941
PRAJIND,2026-04-17 13:54:00,351.8,351.8,351.75,351.75,3130
PRAJIND,2026-04-17 13:55:00,351.75,351.75,351.5,351.55,354
PRAJIND,2026-04-17 13:56:00,351.55,351.75,351.2,351.6,3705
PRAJIND,2026-04-17 13:57:00,351.6,351.6,351.2,351.2,1185
PRAJIND,2026-04-17 13:58:00,351.2,351.7,351.2,351.7,460
PRAJIND,2026-04-17 13:59:00,351.7,351.7,351.7,351.7,201
PRAJIND,2026-04-17 14:00:00,351.7,351.7,351.4,351.4,342
PRAJIND,2026-04-17 14:01:00,351.4,351.65,351.4,351.6,757
PRAJIND,2026-04-17 14:02:00,351.6,351.6,351.5,351.5,180
PRAJIND,2026-04-17 14:03:00,351.5,351.6,351.5,351.6,21
PRAJIND,2026-04-17 14:04:00,351.6,351.6,351.5,351.6,364
PRAJIND,2026-04-17 14:05:00,351.4,351.6,351.35,351.6,346
PRAJIND,2026-04-17 14:06:00,351.3,351.6,351.3,351.35,124
PRAJIND,2026-04-17 14:07:00,351.35,351.55,351.2,351.5,2913
PRAJIND,2026-04-17 14:08:00,351.5,351.6,351.4,351.6,467
PRAJIND,2026-04-17 14:09:00,351.6,351.6,351.6,351.6,568
PRAJIND,2026-04-17 14:10:00,351.6,351.6,351.45,351.6,125
PRAJIND,2026-04-17 14:11:00,351.6,351.8,351.6,351.6,62
PRAJIND,2026-04-17 14:12:00,351.6,351.8,351.6,351.6,430
PRAJIND,2026-04-17 14:13:00,351.6,351.8,351.6,351.8,167
PRAJIND,2026-04-17 14:14:00,351.8,351.95,351.8,351.9,1497
PRAJIND,2026-04-17 14:15:00,351.75,351.95,351.75,351.95,99
PRAJIND,2026-04-17 14:16:00,351.95,351.95,351.6,351.85,2312
PRAJIND,2026-04-17 14:17:00,352.0,352.0,351.6,351.8,1246
PRAJIND,2026-04-17 14:18:00,351.8,351.9,351.65,351.85,728
PRAJIND,2026-04-17 14:19:00,351.85,351.9,351.6,351.9,571
PRAJIND,2026-04-17 14:20:00,351.9,351.9,351.7,351.7,485
PRAJIND,2026-04-17 14:21:00,351.7,351.7,351.6,351.6,194
PRAJIND,2026-04-17 14:22:00,351.7,351.7,351.6,351.6,175
PRAJIND,2026-04-17 14:23:00,351.6,351.7,351.6,351.7,1227
PRAJIND,2026-04-17 14:24:00,351.7,351.9,351.7,351.9,316
PRAJIND,2026-04-17 14:25:00,351.9,352.0,351.9,352.0,1390
PRAJIND,2026-04-17 14:26:00,352.0,352.0,351.9,351.9,1367
PRAJIND,2026-04-17 14:27:00,351.8,351.9,351.6,351.65,879
PRAJIND,2026-04-17 14:28:00,351.95,351.95,351.6,351.8,352
PRAJIND,2026-04-17 14:29:00,351.6,351.95,351.6,351.95,1111
PRAJIND,2026-04-17 14:30:00,351.8,351.8,351.6,351.6,718
PRAJIND,2026-04-17 14:31:00,351.6,352.0,351.6,351.95,2848
PRAJIND,2026-04-17 14:32:00,351.95,351.95,351.7,351.7,129
PRAJIND,2026-04-17 14:33:00,351.7,351.95,351.7,351.95,362
PRAJIND,2026-04-17 14:34:00,351.95,351.95,351.7,351.8,372
PRAJIND,2026-04-17 14:35:00,351.8,351.95,351.65,351.7,419
PRAJIND,2026-04-17 14:36:00,351.7,351.9,351.7,351.9,122
PRAJIND,2026-04-17 14:37:00,351.9,352.0,351.75,352.0,794
PRAJIND,2026-04-17 14:38:00,352.0,352.0,351.95,351.95,78
PRAJIND,2026-04-17 14:39:00,351.95,351.95,351.6,351.65,885
PRAJIND,2026-04-17 14:40:00,351.65,351.75,351.65,351.65,1191
PRAJIND,2026-04-17 14:41:00,351.65,352.0,351.65,352.0,4331
PRAJIND,2026-04-17 14:42:00,351.75,351.75,351.7,351.7,597
PRAJIND,2026-04-17 14:43:00,352.0,352.05,351.75,352.0,1785
PRAJIND,2026-04-17 14:44:00,352.0,352.25,352.0,352.0,394
PRAJIND,2026-04-17 14:45:00,352.0,352.25,352.0,352.0,1976
PRAJIND,2026-04-17 14:46:00,352.2,352.4,352.2,352.4,4675
PRAJIND,2026-04-17 14:47:00,352.4,352.4,351.6,351.6,6522
PRAJIND,2026-04-17 14:48:00,351.7,352.0,351.7,352.0,213
PRAJIND,2026-04-17 14:49:00,352.0,352.05,351.75,351.75,740
PRAJIND,2026-04-17 14:50:00,351.75,352.0,351.75,352.0,324
PRAJIND,2026-04-17 14:51:00,352.0,352.05,351.75,352.0,1485
PRAJIND,2026-04-17 14:52:00,352.05,352.05,351.75,351.8,300
PRAJIND,2026-04-17 14:53:00,351.8,351.9,351.75,351.9,213
PRAJIND,2026-04-17 14:54:00,351.85,352.0,351.75,352.0,1616
PRAJIND,2026-04-17 14:55:00,352.0,352.25,352.0,352.25,313
PRAJIND,2026-04-17 14:56:00,352.2,352.2,352.0,352.15,262
PRAJIND,2026-04-17 14:57:00,352.15,352.2,352.0,352.0,554
PRAJIND,2026-04-17 14:58:00,352.0,352.15,352.0,352.15,577
PRAJIND,2026-04-17 14:59:00,352.05,352.05,351.75,351.75,3106
PRAJIND,2026-04-17 15:00:00,351.85,351.85,351.0,351.0,4801
PRAJIND,2026-04-17 15:01:00,351.1,351.35,351.1,351.2,9431
PRAJIND,2026-04-17 15:02:00,351.05,351.35,351.0,351.3,5420
PRAJIND,2026-04-17 15:03:00,351.3,351.3,350.6,350.6,15591
PRAJIND,2026-04-17 15:04:00,350.75,350.95,350.75,350.95,1732
PRAJIND,2026-04-17 15:05:00,351.15,351.5,351.05,351.4,1920
PRAJIND,2026-04-17 15:06:00,351.4,351.5,351.15,351.15,5221
PRAJIND,2026-04-17 15:07:00,351.35,351.35,351.15,351.15,1464
PRAJIND,2026-04-17 15:08:00,351.15,351.35,351.15,351.3,1936
PRAJIND,2026-04-17 15:09:00,351.05,351.25,351.05,351.15,625
PRAJIND,2026-04-17 15:10:00,351.25,351.35,351.05,351.15,2023
PRAJIND,2026-04-17 15:11:00,351.3,351.3,351.0,351.0,832
PRAJIND,2026-04-17 15:12:00,351.0,351.3,351.0,351.0,1898
PRAJIND,2026-04-17 15:13:00,351.3,351.3,351.15,351.15,1925
PRAJIND,2026-04-17 15:14:00,351.2,351.3,351.05,351.1,1932
PRAJIND,2026-04-17 15:15:00,351.3,351.6,351.1,351.6,9199
PRAJIND,2026-04-17 15:16:00,351.6,351.6,351.3,351.5,1632
PRAJIND,2026-04-17 15:17:00,351.45,351.85,351.45,351.45,4306
PRAJIND,2026-04-17 15:18:00,351.45,351.7,351.35,351.55,2854
PRAJIND,2026-04-17 15:19:00,351.65,351.7,351.35,351.5,21220
PRAJIND,2026-04-17 15:20:00,351.5,351.6,351.35,351.6,6524
PRAJIND,2026-04-17 15:21:00,351.6,351.6,350.55,350.55,25929
PRAJIND,2026-04-17 15:22:00,350.55,350.75,350.35,350.6,4504
PRAJIND,2026-04-17 15:23:00,350.6,350.9,350.45,350.9,4064
PRAJIND,2026-04-17 15:24:00,350.9,350.9,350.5,350.6,4825
PRAJIND,2026-04-17 15:25:00,350.6,350.6,350.15,350.3,5081
PRAJIND,2026-04-17 15:26:00,350.2,350.5,350.1,350.25,4085
PRAJIND,2026-04-17 15:27:00,350.35,350.9,350.15,350.5,36941
PRAJIND,2026-04-17 15:28:00,350.5,351.5,350.3,351.5,7332
PRAJIND,2026-04-17 15:29:00,351.1,351.7,351.05,351.6,8604
PRAJIND,2026-04-20 09:15:00,352.2,352.2,345.9,347.9,26323
PRAJIND,2026-04-20 09:16:00,346.25,346.25,345.25,345.85,20874
PRAJIND,2026-04-20 09:17:00,345.85,347.8,345.7,347.8,20102
PRAJIND,2026-04-20 09:18:00,347.8,349.45,347.8,347.8,14585
PRAJIND,2026-04-20 09:19:00,348.3,349.5,348.3,349.5,7565
PRAJIND,2026-04-20 09:20:00,349.45,350.2,349.45,350.1,8037
PRAJIND,2026-04-20 09:21:00,350.15,350.95,350.05,350.75,7425
PRAJIND,2026-04-20 09:22:00,350.7,351.9,350.7,351.25,4959
PRAJIND,2026-04-20 09:23:00,351.05,351.15,350.05,350.15,10327
PRAJIND,2026-04-20 09:24:00,350.1,350.5,349.8,349.8,4325
PRAJIND,2026-04-20 09:25:00,349.8,350.3,349.45,349.7,4208
PRAJIND,2026-04-20 09:26:00,349.65,349.65,347.9,347.9,7910
PRAJIND,2026-04-20 09:27:00,348.0,348.0,347.4,347.7,5666
PRAJIND,2026-04-20 09:28:00,347.8,348.25,347.65,348.25,6678
PRAJIND,2026-04-20 09:29:00,348.4,348.4,347.2,347.2,22147
PRAJIND,2026-04-20 09:30:00,347.15,347.2,346.95,347.0,2982
PRAJIND,2026-04-20 09:31:00,346.25,346.5,346.1,346.2,9439
PRAJIND,2026-04-20 09:32:00,345.9,346.2,345.45,345.45,9564
PRAJIND,2026-04-20 09:33:00,345.9,346.2,345.55,345.85,4349
PRAJIND,2026-04-20 09:34:00,345.85,345.9,345.45,345.9,2923
PRAJIND,2026-04-20 09:35:00,345.55,345.85,345.1,345.6,8036
PRAJIND,2026-04-20 09:36:00,345.6,345.8,344.55,345.05,11904
PRAJIND,2026-04-20 09:37:00,344.9,344.95,344.05,344.7,15639
PRAJIND,2026-04-20 09:38:00,344.7,345.05,343.65,343.65,7384
PRAJIND,2026-04-20 09:39:00,343.65,344.1,343.2,343.2,10910
PRAJIND,2026-04-20 09:40:00,343.4,343.95,343.15,343.5,4813
PRAJIND,2026-04-20 09:41:00,343.6,344.1,343.55,343.95,5731
PRAJIND,2026-04-20 09:42:00,343.95,344.05,343.65,344.05,4667
PRAJIND,2026-04-20 09:43:00,344.05,344.1,343.5,343.5,2199
PRAJIND,2026-04-20 09:44:00,343.75,343.75,343.25,343.45,4281
PRAJIND,2026-04-20 09:45:00,343.45,343.8,343.4,343.7,4184
PRAJIND,2026-04-20 09:46:00,343.7,344.0,343.55,343.55,3185
PRAJIND,2026-04-20 09:47:00,343.95,343.95,343.1,343.25,2381
PRAJIND,2026-04-20 09:48:00,343.25,343.6,343.1,343.1,2036
PRAJIND,2026-04-20 09:49:00,343.5,343.75,343.2,343.7,898
PRAJIND,2026-04-20 09:50:00,343.55,344.0,343.55,343.95,1271
PRAJIND,2026-04-20 09:51:00,344.0,344.0,343.75,343.75,3413
PRAJIND,2026-04-20 09:52:00,343.75,344.4,343.75,344.25,6598
PRAJIND,2026-04-20 09:53:00,344.5,344.7,344.25,344.5,2298
PRAJIND,2026-04-20 09:54:00,344.55,345.4,344.5,345.35,4575
PRAJIND,2026-04-20 09:55:00,345.4,345.75,345.2,345.75,3211
PRAJIND,2026-04-20 09:56:00,345.5,345.6,345.25,345.55,3545
PRAJIND,2026-04-20 09:57:00,345.55,345.55,345.1,345.25,1697
PRAJIND,2026-04-20 09:58:00,345.35,345.5,345.0,345.25,5932
PRAJIND,2026-04-20 09:59:00,345.25,345.5,345.2,345.4,1142
PRAJIND,2026-04-20 10:00:00,345.4,345.4,345.2,345.4,402
PRAJIND,2026-04-20 10:01:00,345.25,345.6,345.2,345.6,870
PRAJIND,2026-04-20 10:02:00,345.6,345.7,345.35,345.7,857
PRAJIND,2026-04-20 10:03:00,345.5,346.0,345.5,346.0,2804
PRAJIND,2026-04-20 10:04:00,345.75,346.0,345.5,346.0,1392
PRAJIND,2026-04-20 10:05:00,346.0,346.5,345.8,346.5,1546
PRAJIND,2026-04-20 10:06:00,346.25,346.5,346.25,346.5,2065
PRAJIND,2026-04-20 10:07:00,346.5,346.9,346.5,346.9,1605
PRAJIND,2026-04-20 10:08:00,347.0,347.2,346.75,346.75,4144
PRAJIND,2026-04-20 10:09:00,346.75,347.05,346.25,346.7,1113
PRAJIND,2026-04-20 10:10:00,346.65,346.65,346.15,346.3,1849
PRAJIND,2026-04-20 10:11:00,346.5,346.65,346.3,346.5,468
PRAJIND,2026-04-20 10:12:00,346.65,346.9,346.5,346.9,1637
PRAJIND,2026-04-20 10:13:00,346.5,346.6,346.45,346.45,5403
PRAJIND,2026-04-20 10:14:00,346.45,346.8,346.4,346.8,5964
PRAJIND,2026-04-20 10:15:00,346.8,347.0,346.65,346.65,3237
PRAJIND,2026-04-20 10:16:00,346.65,347.0,346.5,347.0,618
PRAJIND,2026-04-20 10:17:00,347.0,347.0,346.7,346.95,680
PRAJIND,2026-04-20 10:18:00,346.95,346.95,346.5,346.5,402
PRAJIND,2026-04-20 10:19:00,346.5,346.85,346.5,346.85,619
PRAJIND,2026-04-20 10:20:00,346.85,346.85,346.55,346.8,614
PRAJIND,2026-04-20 10:21:00,346.8,346.8,346.7,346.7,8
PRAJIND,2026-04-20 10:22:00,346.7,346.7,346.5,346.55,1217
PRAJIND,2026-04-20 10:23:00,346.55,346.95,346.55,346.95,115
PRAJIND,2026-04-20 10:24:00,346.95,347.0,346.7,346.7,1768
PRAJIND,2026-04-20 10:25:00,346.7,346.85,346.55,346.85,667
PRAJIND,2026-04-20 10:26:00,346.85,347.0,346.8,346.8,661
PRAJIND,2026-04-20 10:27:00,346.8,347.25,346.8,347.25,10069
PRAJIND,2026-04-20 10:28:00,347.25,347.65,347.15,347.65,7615
PRAJIND,2026-04-20 10:29:00,347.8,348.05,347.6,347.75,2856
PRAJIND,2026-04-20 10:30:00,347.8,347.9,347.6,347.6,1032
PRAJIND,2026-04-20 10:31:00,347.7,347.85,347.7,347.85,2101
PRAJIND,2026-04-20 10:32:00,347.85,348.25,347.85,348.25,1118
PRAJIND,2026-04-20 10:33:00,348.25,348.4,348.1,348.15,3349
PRAJIND,2026-04-20 10:34:00,348.15,348.4,348.1,348.25,206
PRAJIND,2026-04-20 10:35:00,348.25,348.4,348.05,348.4,1965
PRAJIND,2026-04-20 10:36:00,348.4,348.4,348.05,348.05,394
PRAJIND,2026-04-20 10:37:00,348.3,348.35,348.05,348.2,996
PRAJIND,2026-04-20 10:38:00,348.2,348.35,348.2,348.25,181
PRAJIND,2026-04-20 10:39:00,348.0,348.2,347.8,347.8,1518
PRAJIND,2026-04-20 10:40:00,347.8,348.8,347.8,348.5,9996
PRAJIND,2026-04-20 10:41:00,348.5,348.65,348.4,348.4,212
PRAJIND,2026-04-20 10:42:00,348.55,348.9,348.45,348.9,2113
PRAJIND,2026-04-20 10:43:00,348.9,348.95,348.6,348.85,2575
PRAJIND,2026-04-20 10:44:00,348.9,348.9,348.65,348.9,759
PRAJIND,2026-04-20 10:45:00,348.8,348.95,348.5,348.85,2973
PRAJIND,2026-04-20 10:46:00,348.85,348.9,348.25,348.25,1091
PRAJIND,2026-04-20 10:47:00,348.25,348.3,348.0,348.1,925
PRAJIND,2026-04-20 10:48:00,348.0,348.1,348.0,348.1,831
PRAJIND,2026-04-20 10:49:00,348.1,348.3,348.0,348.1,779
PRAJIND,2026-04-20 10:50:00,348.3,348.3,348.0,348.2,1424
PRAJIND,2026-04-20 10:51:00,347.95,348.0,347.8,347.8,10237
PRAJIND,2026-04-20 10:52:00,347.8,347.85,347.3,347.8,5226
PRAJIND,2026-04-20 10:53:00,347.8,347.8,347.55,347.8,40
PRAJIND,2026-04-20 10:54:00,347.55,347.8,347.55,347.65,714
PRAJIND,2026-04-20 10:55:00,347.65,347.85,347.6,347.85,2456
PRAJIND,2026-04-20 10:56:00,347.85,347.85,347.6,347.6,117
PRAJIND,2026-04-20 10:57:00,347.6,347.8,347.6,347.8,116
PRAJIND,2026-04-20 10:58:00,347.85,347.85,347.75,347.75,200
PRAJIND,2026-04-20 10:59:00,347.75,347.8,347.25,347.75,4550
PRAJIND,2026-04-20 11:00:00,347.75,347.75,347.3,347.3,964
PRAJIND,2026-04-20 11:01:00,347.3,347.5,347.25,347.5,235
PRAJIND,2026-04-20 11:02:00,347.5,347.5,347.3,347.3,617
PRAJIND,2026-04-20 11:03:00,347.3,347.3,347.1,347.1,704
PRAJIND,2026-04-20 11:04:00,347.1,347.55,347.1,347.55,476
PRAJIND,2026-04-20 11:05:00,347.6,347.7,347.3,347.7,998
PRAJIND,2026-04-20 11:06:00,347.5,347.7,347.5,347.7,125
PRAJIND,2026-04-20 11:07:00,347.7,347.7,347.5,347.5,168
PRAJIND,2026-04-20 11:08:00,347.5,347.7,347.5,347.5,143
PRAJIND,2026-04-20 11:09:00,347.3,347.35,347.0,347.35,1125
PRAJIND,2026-04-20 11:10:00,347.35,347.4,347.0,347.25,395
PRAJIND,2026-04-20 11:11:00,347.25,347.25,347.0,347.0,938
PRAJIND,2026-04-20 11:12:00,347.0,347.2,347.0,347.2,3
PRAJIND,2026-04-20 11:13:00,347.15,347.15,347.05,347.15,253
PRAJIND,2026-04-20 11:14:00,347.15,347.15,346.85,347.1,2295
PRAJIND,2026-04-20 11:15:00,347.1,347.25,347.0,347.25,765
PRAJIND,2026-04-20 11:16:00,347.25,347.45,347.2,347.45,2294
PRAJIND,2026-04-20 11:17:00,347.45,347.45,347.45,347.45,107
PRAJIND,2026-04-20 11:18:00,347.45,347.45,347.3,347.3,610
PRAJIND,2026-04-20 11:19:00,347.45,347.45,347.4,347.45,156
PRAJIND,2026-04-20 11:20:00,347.45,347.65,347.35,347.65,2081
PRAJIND,2026-04-20 11:21:00,347.7,347.7,347.65,347.65,1267
PRAJIND,2026-04-20 11:22:00,347.5,347.6,347.3,347.3,89
PRAJIND,2026-04-20 11:23:00,347.3,347.35,347.3,347.3,11
PRAJIND,2026-04-20 11:24:00,347.25,347.55,347.2,347.35,812
PRAJIND,2026-04-20 11:25:00,347.35,348.3,347.35,348.3,3390
PRAJIND,2026-04-20 11:26:00,348.3,348.3,348.0,348.0,115
PRAJIND,2026-04-20 11:27:00,348.0,348.0,347.8,347.8,318
PRAJIND,2026-04-20 11:28:00,347.8,347.95,347.6,347.6,529
PRAJIND,2026-04-20 11:29:00,347.95,348.15,347.95,348.15,2711
PRAJIND,2026-04-20 11:30:00,348.15,348.3,348.1,348.15,278
PRAJIND,2026-04-20 11:31:00,348.15,348.35,347.7,348.0,1880
PRAJIND,2026-04-20 11:32:00,348.0,348.2,347.95,347.95,229
PRAJIND,2026-04-20 11:33:00,347.95,348.0,347.65,347.85,1214
PRAJIND,2026-04-20 11:34:00,347.85,347.95,347.6,347.7,254
PRAJIND,2026-04-20 11:35:00,347.7,347.85,347.7,347.85,32
PRAJIND,2026-04-20 11:36:00,347.85,347.95,347.75,347.75,307
PRAJIND,2026-04-20 11:37:00,347.6,347.85,347.6,347.6,1516
PRAJIND,2026-04-20 11:38:00,347.6,347.85,347.45,347.85,2739
PRAJIND,2026-04-20 11:39:00,347.85,347.95,347.75,347.95,307
PRAJIND,2026-04-20 11:40:00,347.95,348.3,347.75,348.05,1968
PRAJIND,2026-04-20 11:41:00,348.05,348.3,348.05,348.3,1600
PRAJIND,2026-04-20 11:42:00,348.3,348.5,348.3,348.35,715
PRAJIND,2026-04-20 11:43:00,348.35,349.2,348.35,349.2,6280
PRAJIND,2026-04-20 11:44:00,349.2,349.55,348.8,349.55,3804
PRAJIND,2026-04-20 11:45:00,349.5,349.7,349.3,349.7,2105
PRAJIND,2026-04-20 11:46:00,349.7,350.8,349.7,350.8,13579
PRAJIND,2026-04-20 11:47:00,350.9,350.9,349.9,350.0,6649
PRAJIND,2026-04-20 11:48:00,350.0,350.6,350.0,350.55,8714
PRAJIND,2026-04-20 11:49:00,350.6,351.1,350.35,350.7,8273
PRAJIND,2026-04-20 11:50:00,350.5,351.1,350.35,351.1,20729
PRAJIND,2026-04-20 11:51:00,350.65,351.15,350.65,351.0,5521
PRAJIND,2026-04-20 11:52:00,350.8,351.3,350.4,350.6,4552
PRAJIND,2026-04-20 11:53:00,350.35,351.7,350.25,351.7,14036
PRAJIND,2026-04-20 11:54:00,351.7,351.9,351.3,351.9,14679
PRAJIND,2026-04-20 11:55:00,351.95,352.0,351.25,351.25,12085
PRAJIND,2026-04-20 11:56:00,351.2,353.6,351.15,353.6,24751
PRAJIND,2026-04-20 11:57:00,353.55,354.9,353.55,354.2,26967
PRAJIND,2026-04-20 11:58:00,354.2,354.5,353.85,354.0,13867
PRAJIND,2026-04-20 11:59:00,354.0,354.0,353.3,353.3,2474
PRAJIND,2026-04-20 12:00:00,353.3,353.5,352.5,353.0,6815
PRAJIND,2026-04-20 12:01:00,352.85,353.5,352.85,352.95,7843
PRAJIND,2026-04-20 12:02:00,352.95,352.95,352.0,352.65,9962
PRAJIND,2026-04-20 12:03:00,352.4,353.5,352.4,353.2,3802
PRAJIND,2026-04-20 12:04:00,353.4,353.45,353.05,353.25,3824
PRAJIND,2026-04-20 12:05:00,353.25,353.25,352.55,352.7,1912
PRAJIND,2026-04-20 12:06:00,352.4,352.8,352.15,352.8,9701
PRAJIND,2026-04-20 12:07:00,352.5,357.0,352.2,357.0,44535
PRAJIND,2026-04-20 12:08:00,356.8,357.95,356.1,356.7,54051
PRAJIND,2026-04-20 12:09:00,356.7,357.9,355.65,357.0,40839
PRAJIND,2026-04-20 12:10:00,357.0,358.5,356.6,357.8,49113
PRAJIND,2026-04-20 12:11:00,357.8,361.7,357.5,361.3,157041
PRAJIND,2026-04-20 12:12:00,361.2,361.2,360.1,361.15,80816
PRAJIND,2026-04-20 12:13:00,360.9,360.9,358.1,359.1,49032
PRAJIND,2026-04-20 12:14:00,359.1,359.1,358.0,358.65,17233
PRAJIND,2026-04-20 12:15:00,358.65,359.0,358.55,359.0,11816
PRAJIND,2026-04-20 12:16:00,359.0,359.35,357.65,358.2,23889
PRAJIND,2026-04-20 12:17:00,358.3,358.8,357.75,358.0,14586
PRAJIND,2026-04-20 12:18:00,357.8,357.85,356.0,356.45,21901
PRAJIND,2026-04-20 12:19:00,356.45,356.75,355.9,356.5,7444
PRAJIND,2026-04-20 12:20:00,356.5,356.9,356.2,356.25,10995
PRAJIND,2026-04-20 12:21:00,356.25,356.25,355.3,355.75,13584
PRAJIND,2026-04-20 12:22:00,355.75,356.15,355.5,356.1,11186
PRAJIND,2026-04-20 12:23:00,356.1,356.15,355.6,356.15,3255
PRAJIND,2026-04-20 12:24:00,356.15,356.25,355.95,356.0,4311
PRAJIND,2026-04-20 12:25:00,356.0,356.35,356.0,356.25,4369
PRAJIND,2026-04-20 12:26:00,356.25,356.45,356.1,356.4,3292
PRAJIND,2026-04-20 12:27:00,356.4,359.35,356.4,358.8,29426
PRAJIND,2026-04-20 12:28:00,359.05,359.2,358.55,358.55,25379
PRAJIND,2026-04-20 12:29:00,358.55,358.95,358.45,358.8,7263
PRAJIND,2026-04-20 12:30:00,358.85,358.85,358.25,358.25,3887
PRAJIND,2026-04-20 12:31:00,358.25,359.2,358.15,359.05,10110
PRAJIND,2026-04-20 12:32:00,359.05,359.05,357.6,358.5,15796
PRAJIND,2026-04-20 12:33:00,358.5,358.5,357.7,357.7,4551
PRAJIND,2026-04-20 12:34:00,357.7,358.0,357.7,357.95,4301
PRAJIND,2026-04-20 12:35:00,358.0,358.2,357.45,358.0,6540
PRAJIND,2026-04-20 12:36:00,358.0,358.25,358.0,358.05,3576
PRAJIND,2026-04-20 12:37:00,358.25,358.25,358.05,358.1,2484
PRAJIND,2026-04-20 12:38:00,358.05,358.85,358.05,358.4,16863
PRAJIND,2026-04-20 12:39:00,358.35,358.5,358.25,358.5,3388
PRAJIND,2026-04-20 12:40:00,358.5,358.5,358.15,358.2,4360
PRAJIND,2026-04-20 12:41:00,358.2,358.5,358.05,358.05,1111
PRAJIND,2026-04-20 12:42:00,358.05,358.05,357.6,357.75,8240
PRAJIND,2026-04-20 12:43:00,357.8,358.0,357.8,358.0,1586
PRAJIND,2026-04-20 12:44:00,357.8,357.8,357.3,357.4,2366
PRAJIND,2026-04-20 12:45:00,357.4,358.0,357.4,358.0,4401
PRAJIND,2026-04-20 12:46:00,358.05,359.5,358.05,359.2,20352
PRAJIND,2026-04-20 12:47:00,359.3,360.4,359.2,360.4,16338
PRAJIND,2026-04-20 12:48:00,360.5,360.75,360.25,360.75,19877
PRAJIND,2026-04-20 12:49:00,360.75,361.5,359.85,361.5,45301
PRAJIND,2026-04-20 12:50:00,361.5,361.5,360.85,360.85,14850
PRAJIND,2026-04-20 12:51:00,360.7,360.7,360.0,360.0,11193
PRAJIND,2026-04-20 12:52:00,360.0,360.25,359.7,359.95,6898
PRAJIND,2026-04-20 12:53:00,359.85,360.15,359.1,359.15,8989
PRAJIND,2026-04-20 12:54:00,359.15,359.15,358.4,358.4,8349
PRAJIND,2026-04-20 12:55:00,358.4,358.65,358.15,358.15,3109
PRAJIND,2026-04-20 12:56:00,358.15,359.0,358.15,358.95,16313
PRAJIND,2026-04-20 12:57:00,359.15,359.15,358.7,358.95,2587
PRAJIND,2026-04-20 12:58:00,358.95,358.95,358.7,358.8,1918
PRAJIND,2026-04-20 12:59:00,358.8,358.8,358.5,358.7,309
PRAJIND,2026-04-20 13:00:00,358.7,358.7,357.9,358.15,26625
PRAJIND,2026-04-20 13:01:00,358.1,358.6,358.05,358.6,4669
PRAJIND,2026-04-20 13:02:00,358.35,358.55,358.35,358.35,586
PRAJIND,2026-04-20 13:03:00,358.35,358.55,358.35,358.35,2008
PRAJIND,2026-04-20 13:04:00,358.35,358.35,358.35,358.35,230
PRAJIND,2026-04-20 13:05:00,358.5,358.5,358.0,358.0,1424
PRAJIND,2026-04-20 13:06:00,358.0,358.0,357.5,357.5,4864
PRAJIND,2026-04-20 13:07:00,357.5,357.9,357.5,357.85,1130
PRAJIND,2026-04-20 13:08:00,357.85,357.85,357.05,357.4,8838
PRAJIND,2026-04-20 13:09:00,357.4,357.8,357.4,357.8,1122
PRAJIND,2026-04-20 13:10:00,357.5,357.5,357.3,357.3,3837
PRAJIND,2026-04-20 13:11:00,357.3,357.35,356.85,357.35,7055
PRAJIND,2026-04-20 13:12:00,357.35,357.45,357.0,357.0,1964
PRAJIND,2026-04-20 13:13:00,357.0,357.2,356.95,357.0,2574
PRAJIND,2026-04-20 13:14:00,357.0,357.2,356.95,357.15,2061
PRAJIND,2026-04-20 13:15:00,357.2,357.2,356.65,357.0,8180
PRAJIND,2026-04-20 13:16:00,357.2,357.35,357.2,357.2,663
PRAJIND,2026-04-20 13:17:00,357.2,357.45,357.0,357.2,1734
PRAJIND,2026-04-20 13:18:00,357.2,357.2,356.9,356.9,1433
PRAJIND,2026-04-20 13:19:00,356.65,356.9,356.5,356.5,5319
PRAJIND,2026-04-20 13:20:00,356.5,356.5,356.2,356.4,5537
PRAJIND,2026-04-20 13:21:00,356.4,356.4,355.0,355.2,42723
PRAJIND,2026-04-20 13:22:00,355.05,355.2,354.95,355.1,9494
PRAJIND,2026-04-20 13:23:00,355.0,355.0,354.5,354.55,15829
PRAJIND,2026-04-20 13:24:00,354.3,354.5,354.3,354.45,3202
PRAJIND,2026-04-20 13:25:00,354.45,354.55,354.45,354.5,731
PRAJIND,2026-04-20 13:26:00,354.5,354.5,353.25,353.5,9864
PRAJIND,2026-04-20 13:27:00,353.55,353.55,353.05,353.55,11274
PRAJIND,2026-04-20 13:28:00,353.5,353.8,353.45,353.8,2821
PRAJIND,2026-04-20 13:29:00,353.65,354.2,353.65,354.0,1422
PRAJIND,2026-04-20 13:30:00,354.0,354.45,354.0,354.4,711
PRAJIND,2026-04-20 13:31:00,354.25,354.45,354.1,354.2,13983
PRAJIND,2026-04-20 13:32:00,354.2,354.4,354.2,354.2,885
PRAJIND,2026-04-20 13:33:00,354.2,354.45,354.2,354.2,705
PRAJIND,2026-04-20 13:34:00,354.6,354.7,354.3,354.65,2750
PRAJIND,2026-04-20 13:35:00,354.45,354.7,354.45,354.7,1586
PRAJIND,2026-04-20 13:36:00,354.5,354.65,354.25,354.25,1294
PRAJIND,2026-04-20 13:37:00,354.25,354.55,354.2,354.35,3904
PRAJIND,2026-04-20 13:38:00,354.35,354.35,354.2,354.2,1116
PRAJIND,2026-04-20 13:39:00,354.2,354.4,354.0,354.0,3315
PRAJIND,2026-04-20 13:40:00,354.0,354.0,353.7,353.95,1450
PRAJIND,2026-04-20 13:41:00,353.65,353.8,353.5,353.55,2465
PRAJIND,2026-04-20 13:42:00,353.55,353.95,353.5,353.7,2374
PRAJIND,2026-04-20 13:43:00,353.9,355.6,353.65,355.2,19272
PRAJIND,2026-04-20 13:44:00,355.0,356.15,354.75,355.85,14050
PRAJIND,2026-04-20 13:45:00,355.85,356.0,355.5,355.5,1833
PRAJIND,2026-04-20 13:46:00,355.5,356.2,355.35,356.2,21956
PRAJIND,2026-04-20 13:47:00,355.9,356.2,355.55,355.85,9321
PRAJIND,2026-04-20 13:48:00,355.45,355.6,355.35,355.55,286
PRAJIND,2026-04-20 13:49:00,355.4,356.0,355.35,356.0,11321
PRAJIND,2026-04-20 13:50:00,356.0,356.4,355.9,355.9,5525
PRAJIND,2026-04-20 13:51:00,355.9,356.1,355.85,356.0,6977
PRAJIND,2026-04-20 13:52:00,356.0,356.25,355.65,356.25,4133
PRAJIND,2026-04-20 13:53:00,356.05,356.75,355.95,356.35,7026
PRAJIND,2026-04-20 13:54:00,356.4,356.6,356.25,356.4,382
PRAJIND,2026-04-20 13:55:00,356.25,356.65,356.25,356.25,1960
PRAJIND,2026-04-20 13:56:00,356.25,356.35,356.0,356.0,595
PRAJIND,2026-04-20 13:57:00,356.0,356.0,355.8,355.8,653
PRAJIND,2026-04-20 13:58:00,356.0,356.0,355.8,356.0,657
PRAJIND,2026-04-20 13:59:00,355.9,356.3,355.9,356.1,6508
PRAJIND,2026-04-20 14:00:00,356.3,356.3,355.95,356.0,202
PRAJIND,2026-04-20 14:01:00,356.0,356.15,356.0,356.0,253
PRAJIND,2026-04-20 14:02:00,356.0,356.0,355.8,355.95,384
PRAJIND,2026-04-20 14:03:00,355.95,356.3,355.95,356.3,2379
PRAJIND,2026-04-20 14:04:00,356.3,356.45,356.1,356.2,582
PRAJIND,2026-04-20 14:05:00,356.2,356.4,356.05,356.05,640
PRAJIND,2026-04-20 14:06:00,355.9,355.9,355.2,355.2,1374
PRAJIND,2026-04-20 14:07:00,355.2,355.45,355.0,355.0,10097
PRAJIND,2026-04-20 14:08:00,355.2,355.45,355.0,355.2,1166
PRAJIND,2026-04-20 14:09:00,355.2,356.85,355.2,356.75,16069
PRAJIND,2026-04-20 14:10:00,356.75,357.0,356.45,357.0,8187
PRAJIND,2026-04-20 14:11:00,357.0,357.2,356.75,356.75,2307
PRAJIND,2026-04-20 14:12:00,356.75,357.0,356.65,356.65,582
PRAJIND,2026-04-20 14:13:00,356.65,356.9,356.6,356.8,807
PRAJIND,2026-04-20 14:14:00,356.85,356.85,356.3,356.4,2379
PRAJIND,2026-04-20 14:15:00,356.4,356.5,355.85,355.9,7667
PRAJIND,2026-04-20 14:16:00,355.9,356.3,355.9,356.0,1904
PRAJIND,2026-04-20 14:17:00,356.5,357.25,356.5,357.1,15938
PRAJIND,2026-04-20 14:18:00,357.0,357.5,357.0,357.5,2506
PRAJIND,2026-04-20 14:19:00,357.3,357.5,357.05,357.5,1775
PRAJIND,2026-04-20 14:20:00,357.5,357.5,357.25,357.35,1271
PRAJIND,2026-04-20 14:21:00,357.35,357.8,357.1,357.65,8587
PRAJIND,2026-04-20 14:22:00,357.65,357.65,357.3,357.45,2136
PRAJIND,2026-04-20 14:23:00,357.5,357.8,357.5,357.7,656
PRAJIND,2026-04-20 14:24:00,357.7,358.2,357.7,358.0,11408
PRAJIND,2026-04-20 14:25:00,358.0,358.0,357.9,358.0,1173
PRAJIND,2026-04-20 14:26:00,358.0,358.5,357.9,358.05,8810
PRAJIND,2026-04-20 14:27:00,358.0,358.1,357.6,357.7,1888
PRAJIND,2026-04-20 14:28:00,357.7,357.85,357.55,357.6,2885
PRAJIND,2026-04-20 14:29:00,357.6,357.6,357.4,357.45,3324
PRAJIND,2026-04-20 14:30:00,357.45,357.7,357.35,357.35,351
PRAJIND,2026-04-20 14:31:00,357.35,357.4,357.3,357.3,1725
PRAJIND,2026-04-20 14:32:00,357.3,357.35,357.25,357.3,1191
PRAJIND,2026-04-20 14:33:00,357.3,357.6,357.25,357.6,5488
PRAJIND,2026-04-20 14:34:00,357.6,357.6,357.3,357.5,3513
PRAJIND,2026-04-20 14:35:00,357.5,357.75,357.5,357.7,4250
PRAJIND,2026-04-20 14:36:00,357.7,358.0,357.6,358.0,1193
PRAJIND,2026-04-20 14:37:00,358.0,358.0,357.9,357.9,166
PRAJIND,2026-04-20 14:38:00,357.7,358.0,357.65,358.0,2677
PRAJIND,2026-04-20 14:39:00,358.0,358.0,357.8,358.0,3433
PRAJIND,2026-04-20 14:40:00,358.0,358.0,357.8,357.8,2293
PRAJIND,2026-04-20 14:41:00,357.75,358.0,357.75,357.75,1954
PRAJIND,2026-04-20 14:42:00,357.7,357.75,357.55,357.55,1603
PRAJIND,2026-04-20 14:43:00,357.55,357.55,357.3,357.3,1550
PRAJIND,2026-04-20 14:44:00,357.5,357.5,357.3,357.3,4066
PRAJIND,2026-04-20 14:45:00,357.3,357.65,357.3,357.5,3776
PRAJIND,2026-04-20 14:46:00,357.35,357.45,357.0,357.2,10072
PRAJIND,2026-04-20 14:47:00,357.1,357.1,356.65,356.65,3356
PRAJIND,2026-04-20 14:48:00,356.65,357.0,356.6,356.6,1585
PRAJIND,2026-04-20 14:49:00,356.6,357.25,356.6,357.25,4487
PRAJIND,2026-04-20 14:50:00,357.05,357.4,356.95,357.15,1227
PRAJIND,2026-04-20 14:51:00,357.15,357.4,357.1,357.15,2884
PRAJIND,2026-04-20 14:52:00,357.1,357.35,357.05,357.3,2338
PRAJIND,2026-04-20 14:53:00,357.5,357.5,357.3,357.45,2479
PRAJIND,2026-04-20 14:54:00,357.35,357.55,357.15,357.45,4014
PRAJIND,2026-04-20 14:55:00,357.45,357.55,357.2,357.3,1066
PRAJIND,2026-04-20 14:56:00,357.3,357.3,357.0,357.0,3576
PRAJIND,2026-04-20 14:57:00,357.0,357.25,356.8,357.0,1117
PRAJIND,2026-04-20 14:58:00,357.0,357.25,356.95,357.15,767
PRAJIND,2026-04-20 14:59:00,357.15,357.35,357.05,357.05,1224
PRAJIND,2026-04-20 15:00:00,357.2,357.2,356.2,356.2,6887
PRAJIND,2026-04-20 15:01:00,356.2,356.75,356.2,356.5,3474
PRAJIND,2026-04-20 15:02:00,356.45,357.5,356.45,357.2,27630
PRAJIND,2026-04-20 15:03:00,357.15,357.15,356.6,356.6,4023
PRAJIND,2026-04-20 15:04:00,357.2,357.45,357.2,357.25,23306
PRAJIND,2026-04-20 15:05:00,357.2,358.2,357.0,358.2,23546
PRAJIND,2026-04-20 15:06:00,358.15,358.2,357.9,358.2,11325
PRAJIND,2026-04-20 15:07:00,358.0,358.0,357.5,357.65,3029
PRAJIND,2026-04-20 15:08:00,357.7,357.85,357.4,357.65,5491
PRAJIND,2026-04-20 15:09:00,357.55,357.8,357.4,357.8,4649
PRAJIND,2026-04-20 15:10:00,357.65,357.75,357.6,357.6,4590
PRAJIND,2026-04-20 15:11:00,357.55,357.8,357.35,357.35,5788
PRAJIND,2026-04-20 15:12:00,357.45,357.45,356.85,357.0,6252
PRAJIND,2026-04-20 15:13:00,357.2,358.0,357.1,357.9,12276
PRAJIND,2026-04-20 15:14:00,357.7,357.7,356.95,356.95,14349
PRAJIND,2026-04-20 15:15:00,356.9,356.9,356.05,356.5,15185
PRAJIND,2026-04-20 15:16:00,356.5,356.55,355.65,355.9,20612
PRAJIND,2026-04-20 15:17:00,356.4,356.4,355.75,356.2,21276
PRAJIND,2026-04-20 15:18:00,355.45,355.9,355.0,355.8,15305
PRAJIND,2026-04-20 15:19:00,355.65,355.7,354.1,354.35,37865
PRAJIND,2026-04-20 15:20:00,354.45,355.25,354.45,355.2,10485
PRAJIND,2026-04-20 15:21:00,355.3,355.65,355.25,355.3,8149
PRAJIND,2026-04-20 15:22:00,355.0,355.25,354.95,355.2,7973
PRAJIND,2026-04-20 15:23:00,355.85,355.85,355.0,355.45,9640
PRAJIND,2026-04-20 15:24:00,355.4,356.3,355.4,355.9,11862
PRAJIND,2026-04-20 15:25:00,355.9,356.65,355.5,356.6,24459
PRAJIND,2026-04-20 15:26:00,356.35,356.65,356.2,356.65,9585
PRAJIND,2026-04-20 15:27:00,357.1,357.3,356.95,357.3,18856
PRAJIND,2026-04-20 15:28:00,357.25,357.3,357.0,357.3,11067
PRAJIND,2026-04-20 15:29:00,357.25,357.25,356.0,356.1,12268
PRAJIND,2026-04-21 09:15:00,357.2,359.15,357.1,358.75,15125
PRAJIND,2026-04-21 09:16:00,359.2,359.95,359.05,359.6,12889
PRAJIND,2026-04-21 09:17:00,359.1,359.35,358.4,358.4,13127
PRAJIND,2026-04-21 09:18:00,359.25,359.3,358.8,358.85,10225
PRAJIND,2026-04-21 09:19:00,358.5,359.75,358.1,359.55,16650
PRAJIND,2026-04-21 09:20:00,359.35,359.6,359.0,359.6,10671
PRAJIND,2026-04-21 09:21:00,359.3,360.0,359.3,359.75,12314
PRAJIND,2026-04-21 09:22:00,359.75,359.75,359.3,359.35,9421
PRAJIND,2026-04-21 09:23:00,359.25,359.35,359.0,359.0,13465
PRAJIND,2026-04-21 09:24:00,359.0,359.05,357.9,357.9,9201
PRAJIND,2026-04-21 09:25:00,357.9,358.0,356.55,358.0,37879
PRAJIND,2026-04-21 09:26:00,358.0,358.45,357.75,358.25,7785
PRAJIND,2026-04-21 09:27:00,358.35,358.35,357.65,357.75,5520
PRAJIND,2026-04-21 09:28:00,357.5,358.0,357.25,357.35,3463
PRAJIND,2026-04-21 09:29:00,357.3,357.9,357.3,357.9,3682
PRAJIND,2026-04-21 09:30:00,357.65,357.85,357.45,357.55,6175
PRAJIND,2026-04-21 09:31:00,357.55,357.95,357.55,357.95,831
PRAJIND,2026-04-21 09:32:00,359.2,359.65,359.2,359.25,39915
PRAJIND,2026-04-21 09:33:00,359.35,359.6,359.15,359.6,2792
PRAJIND,2026-04-21 09:34:00,359.6,359.6,359.15,359.3,1171
PRAJIND,2026-04-21 09:35:00,359.15,359.5,359.0,359.5,5754
PRAJIND,2026-04-21 09:36:00,359.5,359.5,359.0,359.3,2153
PRAJIND,2026-04-21 09:37:00,359.3,359.5,359.1,359.45,2378
PRAJIND,2026-04-21 09:38:00,359.45,359.45,359.2,359.2,1770
PRAJIND,2026-04-21 09:39:00,359.2,359.45,359.0,359.05,4299
PRAJIND,2026-04-21 09:40:00,359.05,359.45,359.05,359.1,1780
PRAJIND,2026-04-21 09:41:00,359.1,359.45,359.1,359.45,1963
PRAJIND,2026-04-21 09:42:00,359.45,359.45,359.05,359.05,3259
PRAJIND,2026-04-21 09:43:00,359.35,359.35,358.85,358.85,1879
PRAJIND,2026-04-21 09:44:00,358.85,359.45,358.85,359.15,3605
PRAJIND,2026-04-21 09:45:00,359.45,359.95,359.4,359.9,5697
PRAJIND,2026-04-21 09:46:00,359.9,359.95,359.7,359.8,1526
PRAJIND,2026-04-21 09:47:00,359.8,359.8,359.1,359.1,3537
PRAJIND,2026-04-21 09:48:00,359.5,359.6,359.2,359.55,3952
PRAJIND,2026-04-21 09:49:00,359.3,359.9,359.3,359.9,1563
PRAJIND,2026-04-21 09:50:00,359.95,359.95,359.55,359.85,2924
PRAJIND,2026-04-21 09:51:00,359.75,361.0,359.75,360.3,19634
PRAJIND,2026-04-21 09:52:00,360.05,360.2,359.3,359.75,8186
PRAJIND,2026-04-21 09:53:00,359.7,359.7,359.15,359.45,3673
PRAJIND,2026-04-21 09:54:00,359.45,359.7,359.4,359.4,1648
PRAJIND,2026-04-21 09:55:00,359.65,360.45,359.05,360.25,10639
PRAJIND,2026-04-21 09:56:00,360.25,360.9,360.15,360.9,3610
PRAJIND,2026-04-21 09:57:00,360.55,362.45,360.55,361.6,50219
PRAJIND,2026-04-21 09:58:00,361.5,362.65,361.5,362.5,25158
PRAJIND,2026-04-21 09:59:00,362.05,362.45,361.75,362.45,14984
PRAJIND,2026-04-21 10:00:00,362.45,363.4,362.45,363.15,30133
PRAJIND,2026-04-21 10:01:00,363.4,363.4,363.1,363.15,6398
PRAJIND,2026-04-21 10:02:00,363.15,363.2,362.9,363.1,2942
PRAJIND,2026-04-21 10:03:00,363.1,365.95,362.65,365.95,134214
PRAJIND,2026-04-21 10:04:00,365.75,366.8,365.05,366.4,79006
PRAJIND,2026-04-21 10:05:00,366.4,366.4,364.8,365.85,67667
PRAJIND,2026-04-21 10:06:00,365.85,366.2,364.3,364.4,10817
PRAJIND,2026-04-21 10:07:00,364.4,365.4,364.15,365.0,14366
PRAJIND,2026-04-21 10:08:00,365.0,365.2,364.55,364.6,5974
PRAJIND,2026-04-21 10:09:00,364.6,364.85,364.4,364.5,3436
PRAJIND,2026-04-21 10:10:00,364.55,364.55,363.65,364.4,9269
PRAJIND,2026-04-21 10:11:00,364.3,364.55,364.0,364.0,6093
PRAJIND,2026-04-21 10:12:00,364.05,364.3,363.8,364.25,3833
PRAJIND,2026-04-21 10:13:00,364.2,364.7,364.15,364.7,4624
PRAJIND,2026-04-21 10:14:00,364.55,364.8,364.45,364.45,2602
PRAJIND,2026-04-21 10:15:00,364.25,364.8,364.25,364.8,3533
PRAJIND,2026-04-21 10:16:00,364.8,364.8,364.2,364.75,3964
PRAJIND,2026-04-21 10:17:00,364.45,365.15,364.45,364.8,6857
PRAJIND,2026-04-21 10:18:00,365.0,365.1,364.7,364.7,2741
PRAJIND,2026-04-21 10:19:00,364.7,365.0,364.35,364.7,4553
PRAJIND,2026-04-21 10:20:00,364.7,365.0,364.25,364.5,4270
PRAJIND,2026-04-21 10:21:00,364.35,364.35,363.85,363.85,4878
PRAJIND,2026-04-21 10:22:00,363.85,363.85,363.4,363.4,2773
PRAJIND,2026-04-21 10:23:00,363.5,363.5,363.15,363.15,2920
PRAJIND,2026-04-21 10:24:00,363.2,364.2,363.1,364.0,9399
PRAJIND,2026-04-21 10:25:00,364.0,364.25,363.35,363.5,1601
PRAJIND,2026-04-21 10:26:00,363.75,363.8,363.35,363.7,3654
PRAJIND,2026-04-21 10:27:00,363.5,363.8,363.3,363.65,2284
PRAJIND,2026-04-21 10:28:00,363.65,364.0,363.65,363.65,2642
PRAJIND,2026-04-21 10:29:00,363.65,364.2,363.55,364.2,10617
PRAJIND,2026-04-21 10:30:00,364.05,364.3,363.7,363.95,1719
PRAJIND,2026-04-21 10:31:00,363.75,364.5,363.75,364.45,4105
PRAJIND,2026-04-21 10:32:00,364.4,364.45,364.05,364.45,4070
PRAJIND,2026-04-21 10:33:00,364.2,364.6,364.2,364.25,8236
PRAJIND,2026-04-21 10:34:00,364.15,364.35,364.0,364.0,1888
PRAJIND,2026-04-21 10:35:00,364.0,364.45,363.8,363.8,2859
PRAJIND,2026-04-21 10:36:00,363.8,364.05,363.45,363.9,4002
PRAJIND,2026-04-21 10:37:00,363.9,364.2,363.7,364.0,3171
PRAJIND,2026-04-21 10:38:00,364.25,364.5,363.95,364.05,2169
PRAJIND,2026-04-21 10:39:00,364.05,364.25,363.8,364.05,3126
PRAJIND,2026-04-21 10:40:00,364.05,364.25,363.85,363.95,4402
PRAJIND,2026-04-21 10:41:00,364.2,364.2,363.8,363.8,14136
PRAJIND,2026-04-21 10:42:00,363.8,364.1,363.8,363.85,2099
PRAJIND,2026-04-21 10:43:00,363.8,364.3,363.8,364.0,4718
PRAJIND,2026-04-21 10:44:00,364.0,365.3,364.0,365.05,14879
PRAJIND,2026-04-21 10:45:00,364.95,365.1,364.65,364.9,5062
PRAJIND,2026-04-21 10:46:00,364.9,365.85,364.9,365.8,15747
PRAJIND,2026-04-21 10:47:00,365.9,366.35,365.85,366.35,11458
PRAJIND,2026-04-21 10:48:00,366.15,366.35,365.8,365.8,5582
PRAJIND,2026-04-21 10:49:00,365.8,366.45,365.8,365.85,10018
PRAJIND,2026-04-21 10:50:00,365.85,366.75,365.8,366.65,12890
PRAJIND,2026-04-21 10:51:00,366.65,366.8,366.65,366.65,5812
PRAJIND,2026-04-21 10:52:00,366.65,366.75,366.05,366.05,6111
PRAJIND,2026-04-21 10:53:00,366.35,366.35,365.9,366.0,1949
PRAJIND,2026-04-21 10:54:00,365.85,366.3,365.55,366.3,7139
PRAJIND,2026-04-21 10:55:00,366.0,366.35,365.85,366.0,3881
PRAJIND,2026-04-21 10:56:00,366.0,366.0,365.8,365.9,1166
PRAJIND,2026-04-21 10:57:00,365.8,366.0,365.6,365.6,2837
PRAJIND,2026-04-21 10:58:00,365.7,365.9,365.55,365.6,2894
PRAJIND,2026-04-21 10:59:00,365.6,365.95,365.6,365.75,2320
PRAJIND,2026-04-21 11:00:00,365.7,365.85,365.6,365.85,1175
PRAJIND,2026-04-21 11:01:00,365.7,365.7,365.35,365.5,1374
PRAJIND,2026-04-21 11:02:00,365.5,365.65,365.4,365.45,2848
PRAJIND,2026-04-21 11:03:00,365.45,365.5,365.3,365.5,925
PRAJIND,2026-04-21 11:04:00,365.4,365.7,365.2,365.7,8006
PRAJIND,2026-04-21 11:05:00,365.5,365.75,365.35,365.35,2414
PRAJIND,2026-04-21 11:06:00,365.4,366.6,365.05,366.2,19797
PRAJIND,2026-04-21 11:07:00,366.2,367.45,366.2,367.4,37739
PRAJIND,2026-04-21 11:08:00,367.4,368.0,367.15,367.75,35802
PRAJIND,2026-04-21 11:09:00,367.6,367.95,367.0,367.4,12489
PRAJIND,2026-04-21 11:10:00,367.4,367.45,366.7,367.0,8396
PRAJIND,2026-04-21 11:11:00,366.65,366.75,366.35,366.65,23435
PRAJIND,2026-04-21 11:12:00,366.65,366.65,366.0,366.2,4954
PRAJIND,2026-04-21 11:13:00,366.0,366.15,365.8,366.0,6505
PRAJIND,2026-04-21 11:14:00,365.8,366.0,365.55,365.65,4218
PRAJIND,2026-04-21 11:15:00,365.9,366.0,365.65,365.95,2667
PRAJIND,2026-04-21 11:16:00,365.95,365.95,365.7,365.85,2272
PRAJIND,2026-04-21 11:17:00,365.9,366.0,365.6,365.9,3135
PRAJIND,2026-04-21 11:18:00,365.9,366.0,365.7,365.7,2148
PRAJIND,2026-04-21 11:19:00,365.7,365.85,364.5,364.75,17562
PRAJIND,2026-04-21 11:20:00,364.6,364.8,364.45,364.8,3322
PRAJIND,2026-04-21 11:21:00,364.8,364.8,364.3,364.45,2158
PRAJIND,2026-04-21 11:22:00,364.45,365.4,364.45,365.4,4966
PRAJIND,2026-04-21 11:23:00,365.4,365.4,365.1,365.2,880
PRAJIND,2026-04-21 11:24:00,365.2,365.2,364.75,364.75,1153
PRAJIND,2026-04-21 11:25:00,364.7,364.75,364.6,364.75,1745
PRAJIND,2026-04-21 11:26:00,364.75,364.75,364.5,364.7,1572
PRAJIND,2026-04-21 11:27:00,364.45,364.65,364.2,364.45,1314
PRAJIND,2026-04-21 11:28:00,364.2,364.3,363.5,363.75,16517
PRAJIND,2026-04-21 11:29:00,363.7,364.35,363.55,364.15,21312
PRAJIND,2026-04-21 11:30:00,364.15,364.2,364.0,364.0,3575
PRAJIND,2026-04-21 11:31:00,364.0,364.2,364.0,364.2,3000
PRAJIND,2026-04-21 11:32:00,364.0,364.2,363.8,364.15,2299
PRAJIND,2026-04-21 11:33:00,364.2,364.2,364.0,364.05,1543
PRAJIND,2026-04-21 11:34:00,364.05,365.2,364.05,365.2,4311
PRAJIND,2026-04-21 11:35:00,365.2,365.2,364.45,364.45,2113
PRAJIND,2026-04-21 11:36:00,364.7,365.1,364.65,364.85,893
PRAJIND,2026-04-21 11:37:00,364.85,365.0,364.85,364.95,313
PRAJIND,2026-04-21 11:38:00,364.95,365.0,364.85,365.0,526
PRAJIND,2026-04-21 11:39:00,365.0,365.2,364.95,365.2,2072
PRAJIND,2026-04-21 11:40:00,364.9,365.1,364.8,364.85,4456
PRAJIND,2026-04-21 11:41:00,364.8,365.6,364.75,365.35,11867
PRAJIND,2026-04-21 11:42:00,365.35,365.6,365.25,365.25,1067
PRAJIND,2026-04-21 11:43:00,365.35,365.35,365.05,365.1,254
PRAJIND,2026-04-21 11:44:00,364.95,365.25,364.95,364.95,1937
PRAJIND,2026-04-21 11:45:00,364.95,365.7,364.95,365.7,7600
PRAJIND,2026-04-21 11:46:00,365.35,365.4,365.3,365.4,1127
PRAJIND,2026-04-21 11:47:00,365.4,365.4,364.75,364.75,6139
PRAJIND,2026-04-21 11:48:00,364.75,364.85,364.2,364.2,7528
PRAJIND,2026-04-21 11:49:00,364.2,364.45,364.2,364.25,291
PRAJIND,2026-04-21 11:50:00,364.2,364.5,363.8,364.5,5612
PRAJIND,2026-04-21 11:51:00,364.4,364.55,364.35,364.35,353
PRAJIND,2026-04-21 11:52:00,364.35,364.4,364.35,364.35,322
PRAJIND,2026-04-21 11:53:00,364.0,364.45,364.0,364.45,1887
PRAJIND,2026-04-21 11:54:00,364.15,364.4,364.05,364.15,1584
PRAJIND,2026-04-21 11:55:00,364.15,364.15,363.85,363.95,2299
PRAJIND,2026-04-21 11:56:00,363.95,364.2,363.95,364.2,1076
PRAJIND,2026-04-21 11:57:00,364.05,364.45,364.05,364.15,1846
PRAJIND,2026-04-21 11:58:00,364.15,364.35,364.15,364.15,1207
PRAJIND,2026-04-21 11:59:00,364.15,364.2,363.95,363.95,4285
PRAJIND,2026-04-21 12:00:00,363.95,364.0,363.95,364.0,495
PRAJIND,2026-04-21 12:01:00,364.0,364.4,363.8,364.4,21932
PRAJIND,2026-04-21 12:02:00,364.4,364.4,363.8,363.9,711
PRAJIND,2026-04-21 12:03:00,363.95,364.0,363.75,363.9,1833
PRAJIND,2026-04-21 12:04:00,363.9,363.9,363.65,363.9,1214
PRAJIND,2026-04-21 12:05:00,363.65,363.85,363.5,363.85,4907
PRAJIND,2026-04-21 12:06:00,363.9,364.1,363.65,364.1,962
PRAJIND,2026-04-21 12:07:00,364.1,364.2,363.8,364.0,4788
PRAJIND,2026-04-21 12:08:00,364.0,364.3,364.0,364.2,149
PRAJIND,2026-04-21 12:09:00,364.2,364.25,364.2,364.2,601
PRAJIND,2026-04-21 12:10:00,364.2,364.3,364.2,364.3,57
PRAJIND,2026-04-21 12:11:00,364.3,364.55,364.3,364.55,790
PRAJIND,2026-04-21 12:12:00,364.15,364.2,364.05,364.05,1975
PRAJIND,2026-04-21 12:13:00,364.25,364.25,364.0,364.05,429
PRAJIND,2026-04-21 12:14:00,364.05,364.15,363.75,364.1,5585
PRAJIND,2026-04-21 12:15:00,364.1,364.4,363.9,364.4,1376
PRAJIND,2026-04-21 12:16:00,364.4,364.4,363.95,364.2,2363
PRAJIND,2026-04-21 12:17:00,364.2,364.3,364.0,364.25,1132
PRAJIND,2026-04-21 12:18:00,364.25,364.55,364.0,364.55,1830
PRAJIND,2026-04-21 12:19:00,364.6,365.6,364.6,365.3,6704
PRAJIND,2026-04-21 12:20:00,365.4,365.45,365.1,365.1,756
PRAJIND,2026-04-21 12:21:00,364.95,364.95,364.65,364.7,764
PRAJIND,2026-04-21 12:22:00,364.7,364.9,364.7,364.8,751
PRAJIND,2026-04-21 12:23:00,364.75,364.75,364.45,364.6,2170
PRAJIND,2026-04-21 12:24:00,364.6,364.6,364.45,364.45,336
PRAJIND,2026-04-21 12:25:00,364.45,364.6,364.45,364.5,588
PRAJIND,2026-04-21 12:26:00,364.6,364.6,364.45,364.6,1782
PRAJIND,2026-04-21 12:27:00,364.6,364.6,364.5,364.6,515
PRAJIND,2026-04-21 12:28:00,364.6,365.3,364.6,365.05,7462
PRAJIND,2026-04-21 12:29:00,365.05,365.25,364.85,364.9,2475
PRAJIND,2026-04-21 12:30:00,364.9,365.3,364.9,365.3,842
PRAJIND,2026-04-21 12:31:00,365.3,365.35,365.1,365.1,276
PRAJIND,2026-04-21 12:32:00,365.05,365.3,365.05,365.3,1626
PRAJIND,2026-04-21 12:33:00,365.4,365.65,365.15,365.55,2589
PRAJIND,2026-04-21 12:34:00,365.55,365.55,364.75,364.75,7120
PRAJIND,2026-04-21 12:35:00,364.75,364.9,364.55,364.55,2265
PRAJIND,2026-04-21 12:36:00,364.55,364.9,364.5,364.85,2603
PRAJIND,2026-04-21 12:37:00,364.95,364.95,364.65,364.65,733
PRAJIND,2026-04-21 12:38:00,364.65,364.9,364.55,364.55,939
PRAJIND,2026-04-21 12:39:00,364.7,364.8,364.5,364.5,1485
PRAJIND,2026-04-21 12:40:00,364.5,364.5,364.5,364.5,209
PRAJIND,2026-04-21 12:41:00,364.5,364.7,364.5,364.7,640
PRAJIND,2026-04-21 12:42:00,364.7,364.85,364.3,364.85,847
PRAJIND,2026-04-21 12:43:00,364.85,365.35,364.65,365.0,12544
PRAJIND,2026-04-21 12:44:00,365.1,365.15,364.8,364.8,759
PRAJIND,2026-04-21 12:45:00,364.8,365.0,364.75,364.95,930
PRAJIND,2026-04-21 12:46:00,364.95,364.95,364.55,364.85,1264
PRAJIND,2026-04-21 12:47:00,364.85,365.4,364.65,365.35,18069
PRAJIND,2026-04-21 12:48:00,365.2,365.25,364.95,364.95,3609
PRAJIND,2026-04-21 12:49:00,364.95,364.95,364.9,364.95,174
PRAJIND,2026-04-21 12:50:00,364.95,364.95,364.6,364.8,1082
PRAJIND,2026-04-21 12:51:00,364.8,364.8,364.6,364.75,729
PRAJIND,2026-04-21 12:52:00,364.6,365.7,364.6,365.45,18086
PRAJIND,2026-04-21 12:53:00,365.45,365.6,365.35,365.35,3206
PRAJIND,2026-04-21 12:54:00,365.35,365.6,365.35,365.35,463
PRAJIND,2026-04-21 12:55:00,365.35,365.4,365.0,365.0,1049
PRAJIND,2026-04-21 12:56:00,365.0,365.35,364.85,365.1,1529
PRAJIND,2026-04-21 12:57:00,365.1,365.25,365.1,365.15,822
PRAJIND,2026-04-21 12:58:00,364.9,365.25,364.9,365.0,305
PRAJIND,2026-04-21 12:59:00,365.0,365.2,364.6,364.6,1278
PRAJIND,2026-04-21 13:00:00,364.6,364.8,364.3,364.65,7101
PRAJIND,2026-04-21 13:01:00,364.65,364.8,364.45,364.55,885
PRAJIND,2026-04-21 13:02:00,364.55,365.2,364.55,364.85,6770
PRAJIND,2026-04-21 13:03:00,364.85,365.0,364.85,364.95,1444
PRAJIND,2026-04-21 13:04:00,364.9,365.2,364.85,365.15,238
PRAJIND,2026-04-21 13:05:00,365.15,365.25,364.85,365.25,1052
PRAJIND,2026-04-21 13:06:00,365.0,365.15,364.9,364.9,6976
PRAJIND,2026-04-21 13:07:00,364.9,365.25,364.85,365.0,1991
PRAJIND,2026-04-21 13:08:00,365.0,365.25,365.0,365.25,229
PRAJIND,2026-04-21 13:09:00,365.25,365.25,364.95,365.25,545
PRAJIND,2026-04-21 13:10:00,365.25,365.4,365.15,365.35,1381
PRAJIND,2026-04-21 13:11:00,365.25,365.6,365.1,365.55,2988
PRAJIND,2026-04-21 13:12:00,365.55,366.0,365.55,366.0,5539
PRAJIND,2026-04-21 13:13:00,366.0,366.4,366.0,366.3,8731
PRAJIND,2026-04-21 13:14:00,366.25,366.5,365.95,366.2,5649
PRAJIND,2026-04-21 13:15:00,366.2,366.4,365.8,365.85,5192
PRAJIND,2026-04-21 13:16:00,365.8,365.8,364.85,365.55,11015
PRAJIND,2026-04-21 13:17:00,365.55,365.8,365.35,365.8,2614
PRAJIND,2026-04-21 13:18:00,365.8,365.8,365.25,365.5,961
PRAJIND,2026-04-21 13:19:00,365.55,365.55,365.1,365.4,1894
PRAJIND,2026-04-21 13:20:00,365.2,365.4,365.05,365.15,996
PRAJIND,2026-04-21 13:21:00,365.1,365.4,365.1,365.3,866
PRAJIND,2026-04-21 13:22:00,365.3,365.3,365.05,365.25,1196
PRAJIND,2026-04-21 13:23:00,365.25,365.25,365.0,365.0,689
PRAJIND,2026-04-21 13:24:00,365.0,365.2,365.0,365.0,584
PRAJIND,2026-04-21 13:25:00,365.0,365.0,364.85,365.0,330
PRAJIND,2026-04-21 13:26:00,364.85,365.1,364.7,365.0,1994
PRAJIND,2026-04-21 13:27:00,365.0,365.0,364.8,365.0,1346
PRAJIND,2026-04-21 13:28:00,365.0,365.0,364.8,365.0,634
PRAJIND,2026-04-21 13:29:00,365.0,365.0,364.6,364.6,701
PRAJIND,2026-04-21 13:30:00,364.6,364.95,364.55,364.6,1886
PRAJIND,2026-04-21 13:31:00,364.6,364.8,364.1,364.55,29180
PRAJIND,2026-04-21 13:32:00,364.35,364.75,364.35,364.75,1075
PRAJIND,2026-04-21 13:33:00,364.75,364.8,364.5,364.8,802
PRAJIND,2026-04-21 13:34:00,364.8,364.8,364.05,364.5,5720
PRAJIND,2026-04-21 13:35:00,364.5,364.7,364.25,364.5,3138
PRAJIND,2026-04-21 13:36:00,364.5,364.75,364.4,364.5,1468
PRAJIND,2026-04-21 13:37:00,364.5,364.7,364.4,364.6,2252
PRAJIND,2026-04-21 13:38:00,364.5,364.7,364.4,364.5,2451
PRAJIND,2026-04-21 13:39:00,364.7,364.75,364.3,364.65,3176
PRAJIND,2026-04-21 13:40:00,364.65,364.75,364.3,364.75,2177
PRAJIND,2026-04-21 13:41:00,364.75,364.75,364.5,364.7,2962
PRAJIND,2026-04-21 13:42:00,364.7,364.7,364.1,364.5,12933
PRAJIND,2026-04-21 13:43:00,364.5,364.65,364.25,364.25,3029
PRAJIND,2026-04-21 13:44:00,364.25,364.55,364.2,364.3,2370
PRAJIND,2026-04-21 13:45:00,364.3,364.7,364.25,364.55,2933
PRAJIND,2026-04-21 13:46:00,364.1,364.7,364.1,364.55,3979
PRAJIND,2026-04-21 13:47:00,364.6,364.6,364.4,364.55,1745
PRAJIND,2026-04-21 13:48:00,364.55,364.55,364.3,364.55,1252
PRAJIND,2026-04-21 13:49:00,364.3,364.6,364.2,364.2,3300
PRAJIND,2026-04-21 13:50:00,364.6,365.2,364.6,364.95,4971
PRAJIND,2026-04-21 13:51:00,364.95,365.2,364.8,364.85,1205
PRAJIND,2026-04-21 13:52:00,364.9,365.2,364.9,364.95,2381
PRAJIND,2026-04-21 13:53:00,365.15,365.2,364.95,365.1,360
PRAJIND,2026-04-21 13:54:00,365.1,365.1,364.95,365.0,795
PRAJIND,2026-04-21 13:55:00,365.0,365.2,364.9,365.0,1669
PRAJIND,2026-04-21 13:56:00,365.1,365.1,365.0,365.0,353
PRAJIND,2026-04-21 13:57:00,365.0,365.0,364.6,364.6,2475
PRAJIND,2026-04-21 13:58:00,364.6,364.85,364.6,364.6,121
PRAJIND,2026-04-21 13:59:00,364.6,364.85,364.6,364.75,1426
PRAJIND,2026-04-21 14:00:00,364.75,364.75,364.35,364.5,806
PRAJIND,2026-04-21 14:01:00,364.3,364.6,364.3,364.6,1380
PRAJIND,2026-04-21 14:02:00,364.3,364.7,364.3,364.7,1935
PRAJIND,2026-04-21 14:03:00,364.7,364.7,364.35,364.35,211
PRAJIND,2026-04-21 14:04:00,364.35,364.5,364.3,364.35,1047
PRAJIND,2026-04-21 14:05:00,364.35,364.6,364.3,364.6,587
PRAJIND,2026-04-21 14:06:00,364.6,364.7,364.5,364.7,303
PRAJIND,2026-04-21 14:07:00,364.7,364.7,364.5,364.7,494
PRAJIND,2026-04-21 14:08:00,364.7,364.7,364.5,364.7,385
PRAJIND,2026-04-21 14:09:00,364.7,364.7,364.5,364.65,776
PRAJIND,2026-04-21 14:10:00,364.5,364.7,364.5,364.5,635
PRAJIND,2026-04-21 14:11:00,364.5,364.7,364.5,364.5,2654
PRAJIND,2026-04-21 14:12:00,364.5,364.85,364.5,364.85,3090
PRAJIND,2026-04-21 14:13:00,364.85,364.85,364.65,364.85,1419
PRAJIND,2026-04-21 14:14:00,364.7,365.2,364.65,365.2,6754
PRAJIND,2026-04-21 14:15:00,365.2,365.2,364.95,365.2,682
PRAJIND,2026-04-21 14:16:00,365.2,365.2,365.0,365.2,2373
PRAJIND,2026-04-21 14:17:00,365.2,365.3,365.05,365.05,1974
PRAJIND,2026-04-21 14:18:00,365.05,365.25,365.0,365.25,994
PRAJIND,2026-04-21 14:19:00,365.25,365.5,365.0,365.5,801
PRAJIND,2026-04-21 14:20:00,365.5,365.65,365.05,365.45,9203
PRAJIND,2026-04-21 14:21:00,365.45,365.5,365.15,365.2,1119
PRAJIND,2026-04-21 14:22:00,365.45,365.7,365.05,365.45,7319
PRAJIND,2026-04-21 14:23:00,365.45,365.45,365.1,365.4,1449
PRAJIND,2026-04-21 14:24:00,365.4,365.5,365.05,365.05,293
PRAJIND,2026-04-21 14:25:00,365.05,365.3,364.8,365.05,3446
PRAJIND,2026-04-21 14:26:00,365.05,365.05,364.65,364.65,854
PRAJIND,2026-04-21 14:27:00,364.65,364.9,364.55,364.6,1244
PRAJIND,2026-04-21 14:28:00,364.85,364.85,364.3,364.35,3151
PRAJIND,2026-04-21 14:29:00,364.3,364.85,364.15,364.85,4451
PRAJIND,2026-04-21 14:30:00,364.6,364.95,364.55,364.7,1165
PRAJIND,2026-04-21 14:31:00,364.7,364.8,364.3,364.7,3568
PRAJIND,2026-04-21 14:32:00,364.7,364.7,364.3,364.7,1890
PRAJIND,2026-04-21 14:33:00,364.7,364.7,364.3,364.3,1021
PRAJIND,2026-04-21 14:34:00,364.5,364.6,364.15,364.6,1035
PRAJIND,2026-04-21 14:35:00,364.55,364.7,364.35,364.55,6895
PRAJIND,2026-04-21 14:36:00,364.55,364.7,364.5,364.7,591
PRAJIND,2026-04-21 14:37:00,364.7,364.95,364.6,364.95,607
PRAJIND,2026-04-21 14:38:00,364.85,364.95,364.5,364.85,1663
PRAJIND,2026-04-21 14:39:00,364.85,364.85,364.3,364.4,1461
PRAJIND,2026-04-21 14:40:00,364.75,364.95,364.5,364.85,2299
PRAJIND,2026-04-21 14:41:00,364.9,365.0,364.7,365.0,2739
PRAJIND,2026-04-21 14:42:00,365.0,365.2,364.75,364.75,6219
PRAJIND,2026-04-21 14:43:00,364.8,365.2,364.75,364.75,2363
PRAJIND,2026-04-21 14:44:00,364.95,365.0,364.35,364.5,3320
PRAJIND,2026-04-21 14:45:00,364.7,364.8,364.5,364.55,842
PRAJIND,2026-04-21 14:46:00,364.55,364.95,364.3,364.55,6332
PRAJIND,2026-04-21 14:47:00,364.55,364.7,364.35,364.65,1366
PRAJIND,2026-04-21 14:48:00,364.65,364.8,364.45,364.7,2297
PRAJIND,2026-04-21 14:49:00,364.7,365.0,364.7,365.0,6858
PRAJIND,2026-04-21 14:50:00,365.0,365.0,364.85,364.85,1335
PRAJIND,2026-04-21 14:51:00,364.8,364.85,364.2,364.2,4913
PRAJIND,2026-04-21 14:52:00,364.45,364.75,364.4,364.7,2172
PRAJIND,2026-04-21 14:53:00,364.5,364.7,364.35,364.6,835
PRAJIND,2026-04-21 14:54:00,364.35,364.7,364.35,364.7,1193
PRAJIND,2026-04-21 14:55:00,364.7,364.75,364.25,364.7,4518
PRAJIND,2026-04-21 14:56:00,364.7,364.85,364.55,364.85,1184
PRAJIND,2026-04-21 14:57:00,364.85,364.85,364.5,364.75,1068
PRAJIND,2026-04-21 14:58:00,364.8,364.8,364.45,364.8,6437
PRAJIND,2026-04-21 14:59:00,364.6,364.8,364.4,364.8,4246
PRAJIND,2026-04-21 15:00:00,364.6,364.8,364.6,364.8,3595
PRAJIND,2026-04-21 15:01:00,364.8,365.3,364.65,365.05,14000
PRAJIND,2026-04-21 15:02:00,364.65,365.1,364.65,365.0,9150
PRAJIND,2026-04-21 15:03:00,364.75,364.85,364.5,364.7,3171
PRAJIND,2026-04-21 15:04:00,364.5,364.75,364.4,364.55,2703
PRAJIND,2026-04-21 15:05:00,364.55,364.75,364.4,364.4,9286
PRAJIND,2026-04-21 15:06:00,364.4,364.4,363.85,363.9,22915
PRAJIND,2026-04-21 15:07:00,363.9,364.6,363.9,364.4,27909
PRAJIND,2026-04-21 15:08:00,364.45,364.8,364.4,364.8,2056
PRAJIND,2026-04-21 15:09:00,364.8,364.8,364.7,364.75,797
PRAJIND,2026-04-21 15:10:00,364.8,364.8,363.95,364.4,5093
PRAJIND,2026-04-21 15:11:00,364.3,364.3,364.2,364.25,2208
PRAJIND,2026-04-21 15:12:00,364.25,364.3,364.2,364.2,4060
PRAJIND,2026-04-21 15:13:00,364.25,364.5,364.2,364.45,4349
PRAJIND,2026-04-21 15:14:00,364.45,364.5,364.25,364.5,6388
PRAJIND,2026-04-21 15:15:00,364.45,364.5,364.35,364.5,7640
PRAJIND,2026-04-21 15:16:00,364.5,364.5,364.15,364.15,13801
PRAJIND,2026-04-21 15:17:00,364.15,364.3,364.0,364.3,11254
PRAJIND,2026-04-21 15:18:00,364.25,364.45,364.2,364.3,9380
PRAJIND,2026-04-21 15:19:00,364.2,364.5,364.2,364.45,6348
PRAJIND,2026-04-21 15:20:00,364.35,364.45,364.35,364.45,6725
PRAJIND,2026-04-21 15:21:00,364.45,364.5,364.45,364.5,21436
PRAJIND,2026-04-21 15:22:00,364.5,364.5,364.45,364.5,5102
PRAJIND,2026-04-21 15:23:00,364.5,364.5,364.45,364.5,6816
PRAJIND,2026-04-21 15:24:00,364.5,364.5,364.3,364.35,8088
PRAJIND,2026-04-21 15:25:00,364.35,364.45,363.9,364.25,12469
PRAJIND,2026-04-21 15:26:00,364.0,364.15,363.55,364.05,13654
PRAJIND,2026-04-21 15:27:00,363.7,363.8,363.2,363.3,19322
PRAJIND,2026-04-21 15:28:00,363.7,364.1,363.0,363.2,9732
PRAJIND,2026-04-21 15:29:00,363.2,364.15,363.0,363.0,19466
PRAJIND,2026-04-22 09:15:00,368.95,369.9,366.5,366.5,0
PRAJIND,2026-04-22 09:16:00,368.85,370.65,368.85,369.3,0
PRAJIND,2026-04-22 09:17:00,368.95,370.0,368.95,370.0,3586
PRAJIND,2026-04-22 09:18:00,370.1,371.0,370.1,371.0,10235
PRAJIND,2026-04-22 09:19:00,370.5,370.5,369.25,369.45,22404
PRAJIND,2026-04-22 09:20:00,371.65,372.35,371.6,371.75,4759
PRAJIND,2026-04-22 09:21:00,371.5,373.8,371.2,373.55,15484
PRAJIND,2026-04-22 09:22:00,373.75,374.0,373.6,374.0,5183
PRAJIND,2026-04-22 09:23:00,373.0,373.0,372.55,372.6,28468
PRAJIND,2026-04-22 09:24:00,373.0,373.0,372.1,372.5,14252
PRAJIND,2026-04-22 09:25:00,372.2,372.4,371.45,371.7,10535
PRAJIND,2026-04-22 09:26:00,371.95,372.35,371.65,371.95,8120
PRAJIND,2026-04-22 09:27:00,371.8,372.3,371.7,372.1,25014
PRAJIND,2026-04-22 09:28:00,372.1,372.15,371.7,372.1,17046
PRAJIND,2026-04-22 09:29:00,372.05,372.05,371.1,371.4,35146
PRAJIND,2026-04-22 09:30:00,371.55,374.3,371.55,374.3,75664
PRAJIND,2026-04-22 09:31:00,374.5,374.8,374.0,374.3,50366
PRAJIND,2026-04-22 09:32:00,374.25,375.2,373.95,374.15,59536
PRAJIND,2026-04-22 09:33:00,374.3,375.0,374.15,374.35,23989
PRAJIND,2026-04-22 09:34:00,374.4,374.9,374.25,374.4,14342
PRAJIND,2026-04-22 09:35:00,374.4,376.3,374.25,375.75,68331
PRAJIND,2026-04-22 09:36:00,375.5,376.05,375.15,376.05,13638
PRAJIND,2026-04-22 09:37:00,376.5,377.0,376.2,376.75,39972
PRAJIND,2026-04-22 09:38:00,376.75,377.35,376.75,377.05,34777
PRAJIND,2026-04-22 09:39:00,377.0,377.35,376.5,376.85,33972
PRAJIND,2026-04-22 09:40:00,376.5,377.5,376.5,377.5,31514
PRAJIND,2026-04-22 09:41:00,377.25,377.75,376.8,377.75,27235
PRAJIND,2026-04-22 09:42:00,378.15,383.25,378.15,381.45,221086
PRAJIND,2026-04-22 09:43:00,380.85,383.15,379.8,382.35,87375
PRAJIND,2026-04-22 09:44:00,382.35,384.1,380.6,381.15,128318
PRAJIND,2026-04-22 09:45:00,381.15,381.2,379.4,380.6,67841
PRAJIND,2026-04-22 09:46:00,380.55,380.8,379.4,380.0,59270
PRAJIND,2026-04-22 09:47:00,379.55,382.65,379.55,381.4,53885
PRAJIND,2026-04-22 09:48:00,381.6,381.95,380.1,381.35,34473
PRAJIND,2026-04-22 09:49:00,381.35,382.0,380.3,381.9,44080
PRAJIND,2026-04-22 09:50:00,381.65,384.25,381.4,383.6,57663
PRAJIND,2026-04-22 09:51:00,383.6,384.5,383.05,384.2,69703
PRAJIND,2026-04-22 09:52:00,384.2,384.8,383.9,384.2,48737
PRAJIND,2026-04-22 09:53:00,384.2,386.8,384.0,385.15,171933
PRAJIND,2026-04-22 09:54:00,384.85,387.2,384.85,386.4,121004
PRAJIND,2026-04-22 09:55:00,386.7,387.3,385.8,387.3,85145
PRAJIND,2026-04-22 09:56:00,387.4,387.7,386.6,387.15,89005
PRAJIND,2026-04-22 09:57:00,387.15,388.25,386.85,387.5,119829
PRAJIND,2026-04-22 09:58:00,387.4,389.5,387.2,388.5,163760
PRAJIND,2026-04-22 09:59:00,388.5,389.8,387.65,388.55,144644
PRAJIND,2026-04-22 10:00:00,388.6,388.6,384.4,384.75,220048
PRAJIND,2026-04-22 10:01:00,384.9,385.45,382.9,384.0,128406
PRAJIND,2026-04-22 10:02:00,383.9,384.8,383.8,384.2,37132
PRAJIND,2026-04-22 10:03:00,384.5,384.5,382.4,382.95,95642
PRAJIND,2026-04-22 10:04:00,382.95,383.85,382.95,383.2,25202
PRAJIND,2026-04-22 10:05:00,383.2,383.4,382.5,382.65,36795
PRAJIND,2026-04-22 10:06:00,382.7,383.0,382.55,382.75,28571
PRAJIND,2026-04-22 10:07:00,382.95,383.55,381.95,382.15,62653
PRAJIND,2026-04-22 10:08:00,382.05,382.5,381.8,381.9,23337
PRAJIND,2026-04-22 10:09:00,382.0,382.65,380.9,381.15,78251
PRAJIND,2026-04-22 10:10:00,381.15,382.45,381.15,382.2,25580
PRAJIND,2026-04-22 10:11:00,382.25,382.4,381.5,381.85,17764
PRAJIND,2026-04-22 10:12:00,381.85,382.0,381.35,381.75,20881
PRAJIND,2026-04-22 10:13:00,381.75,381.8,381.5,381.75,19055
PRAJIND,2026-04-22 10:14:00,381.75,381.9,381.1,381.9,35075
PRAJIND,2026-04-22 10:15:00,382.0,382.2,381.5,381.85,13759
PRAJIND,2026-04-22 10:16:00,382.1,382.1,381.7,381.7,16049
PRAJIND,2026-04-22 10:17:00,381.8,382.0,381.7,381.9,7781
PRAJIND,2026-04-22 10:18:00,381.75,382.0,381.5,381.8,11470
PRAJIND,2026-04-22 10:19:00,381.75,381.8,381.55,381.6,7255
PRAJIND,2026-04-22 10:20:00,381.7,381.8,381.3,381.3,9049
PRAJIND,2026-04-22 10:21:00,381.3,381.3,380.2,380.7,41586
PRAJIND,2026-04-22 10:22:00,380.7,381.0,380.35,380.95,16502
PRAJIND,2026-04-22 10:23:00,380.95,381.0,380.5,380.75,8544
PRAJIND,2026-04-22 10:24:00,380.75,381.0,380.7,380.7,5257
PRAJIND,2026-04-22 10:25:00,380.7,380.85,380.25,380.35,7132
PRAJIND,2026-04-22 10:26:00,380.6,381.45,380.35,381.15,17185
PRAJIND,2026-04-22 10:27:00,381.45,381.45,380.4,380.4,21044
PRAJIND,2026-04-22 10:28:00,380.4,380.55,379.65,380.0,43678
PRAJIND,2026-04-22 10:29:00,380.0,380.25,379.6,380.15,11393
PRAJIND,2026-04-22 10:30:00,380.25,380.3,379.8,379.8,12307
PRAJIND,2026-04-22 10:31:00,379.8,379.9,379.1,379.35,28118
PRAJIND,2026-04-22 10:32:00,379.45,379.45,379.2,379.3,28487
PRAJIND,2026-04-22 10:33:00,379.3,379.3,378.9,379.1,12638
PRAJIND,2026-04-22 10:34:00,378.95,379.0,378.8,378.95,15765
PRAJIND,2026-04-22 10:35:00,379.0,379.45,379.0,379.4,8165
PRAJIND,2026-04-22 10:36:00,379.45,380.0,379.45,379.95,20515
PRAJIND,2026-04-22 10:37:00,379.95,380.1,379.5,379.65,10089
PRAJIND,2026-04-22 10:38:00,379.65,380.0,379.45,380.0,3891
PRAJIND,2026-04-22 10:39:00,380.0,380.1,379.55,379.85,4807
PRAJIND,2026-04-22 10:40:00,379.85,380.4,379.75,380.15,22805
PRAJIND,2026-04-22 10:41:00,380.1,380.1,379.15,379.45,18499
PRAJIND,2026-04-22 10:42:00,379.5,379.65,379.05,379.6,3458
PRAJIND,2026-04-22 10:43:00,379.35,379.6,379.2,379.5,1962
PRAJIND,2026-04-22 10:44:00,379.35,379.5,379.2,379.4,11892
PRAJIND,2026-04-22 10:45:00,379.15,379.5,379.15,379.45,2295
PRAJIND,2026-04-22 10:46:00,379.2,382.5,379.2,381.8,100396
PRAJIND,2026-04-22 10:47:00,381.5,381.8,380.2,381.2,33413
PRAJIND,2026-04-22 10:48:00,381.2,381.75,380.75,380.85,22074
PRAJIND,2026-04-22 10:49:00,380.9,381.0,380.7,381.0,10110
PRAJIND,2026-04-22 10:50:00,381.0,381.0,380.55,380.55,6389
PRAJIND,2026-04-22 10:51:00,380.45,380.6,380.25,380.4,9540
PRAJIND,2026-04-22 10:52:00,380.4,380.75,380.15,380.3,38964
PRAJIND,2026-04-22 10:53:00,380.3,380.8,380.3,380.65,6555
PRAJIND,2026-04-22 10:54:00,380.65,380.8,380.5,380.6,3638
PRAJIND,2026-04-22 10:55:00,380.65,380.7,380.4,380.7,5145
PRAJIND,2026-04-22 10:56:00,380.75,380.75,380.1,380.1,5410
PRAJIND,2026-04-22 10:57:00,380.1,380.2,379.45,379.85,13896
PRAJIND,2026-04-22 10:58:00,379.85,380.0,379.5,379.65,5063
PRAJIND,2026-04-22 10:59:00,379.7,379.85,379.5,379.6,3887
PRAJIND,2026-04-22 11:00:00,379.6,380.0,379.6,380.0,2804
PRAJIND,2026-04-22 11:01:00,379.75,379.9,379.55,379.6,4840
PRAJIND,2026-04-22 11:02:00,379.6,379.7,379.55,379.6,1008
PRAJIND,2026-04-22 11:03:00,379.6,379.75,379.6,379.7,3098
PRAJIND,2026-04-22 11:04:00,380.0,380.5,379.95,380.4,5992
PRAJIND,2026-04-22 11:05:00,380.5,380.8,380.4,380.7,9197
PRAJIND,2026-04-22 11:06:00,381.0,381.0,380.55,380.55,23866
PRAJIND,2026-04-22 11:07:00,380.55,380.8,380.55,380.6,3224
PRAJIND,2026-04-22 11:08:00,380.55,380.8,380.5,380.6,5288
PRAJIND,2026-04-22 11:09:00,380.6,380.8,380.6,380.6,4307
PRAJIND,2026-04-22 11:10:00,380.6,380.8,380.15,380.55,3852
PRAJIND,2026-04-22 11:11:00,380.2,380.45,380.05,380.1,2341
PRAJIND,2026-04-22 11:12:00,380.4,380.45,380.05,380.25,1830
PRAJIND,2026-04-22 11:13:00,380.15,380.35,380.15,380.35,1052
PRAJIND,2026-04-22 11:14:00,380.25,380.25,380.0,380.0,6380
PRAJIND,2026-04-22 11:15:00,380.0,380.45,380.0,380.05,11426
PRAJIND,2026-04-22 11:16:00,380.05,380.3,378.75,378.75,42290
PRAJIND,2026-04-22 11:17:00,379.0,379.45,378.65,379.3,13629
PRAJIND,2026-04-22 11:18:00,379.3,379.4,378.85,378.9,7731
PRAJIND,2026-04-22 11:19:00,378.9,379.1,378.7,379.1,14174
PRAJIND,2026-04-22 11:20:00,379.1,379.15,378.6,378.7,12417
PRAJIND,2026-04-22 11:21:00,378.8,378.95,378.5,378.55,13858
PRAJIND,2026-04-22 11:22:00,378.75,379.0,378.55,379.0,3145
PRAJIND,2026-04-22 11:23:00,379.0,379.7,378.65,379.05,16856
PRAJIND,2026-04-22 11:24:00,379.15,379.2,378.8,379.0,1537
PRAJIND,2026-04-22 11:25:00,379.0,379.0,378.75,378.75,1370
PRAJIND,2026-04-22 11:26:00,378.75,379.55,378.6,379.25,7129
PRAJIND,2026-04-22 11:27:00,379.5,379.65,379.2,379.55,8862
PRAJIND,2026-04-22 11:28:00,379.55,379.55,379.0,379.05,2362
PRAJIND,2026-04-22 11:29:00,379.05,379.05,378.8,378.8,3091
PRAJIND,2026-04-22 11:30:00,378.8,379.05,378.8,378.9,1830
PRAJIND,2026-04-22 11:31:00,379.0,379.1,378.65,378.8,4493
PRAJIND,2026-04-22 11:32:00,378.8,379.35,378.8,379.15,5026
PRAJIND,2026-04-22 11:33:00,379.15,379.15,379.0,379.05,1757
PRAJIND,2026-04-22 11:34:00,379.15,379.5,379.0,379.5,3480
PRAJIND,2026-04-22 11:35:00,379.45,379.55,379.2,379.55,2564
PRAJIND,2026-04-22 11:36:00,379.55,380.7,379.5,380.45,47772
PRAJIND,2026-04-22 11:37:00,380.45,381.4,380.2,381.2,22455
PRAJIND,2026-04-22 11:38:00,381.55,381.55,381.0,381.0,15237
PRAJIND,2026-04-22 11:39:00,381.0,381.1,380.55,380.8,4719
PRAJIND,2026-04-22 11:40:00,380.8,381.25,380.5,381.05,6252
PRAJIND,2026-04-22 11:41:00,381.05,381.3,381.05,381.25,2378
PRAJIND,2026-04-22 11:42:00,381.25,381.35,381.25,381.25,2032
PRAJIND,2026-04-22 11:43:00,381.25,381.5,381.25,381.3,4857
PRAJIND,2026-04-22 11:44:00,381.3,381.55,381.25,381.25,3831
PRAJIND,2026-04-22 11:45:00,381.25,381.35,381.1,381.3,6463
PRAJIND,2026-04-22 11:46:00,381.3,381.3,380.65,380.7,3692
PRAJIND,2026-04-22 11:47:00,380.65,381.0,380.5,380.8,6327
PRAJIND,2026-04-22 11:48:00,380.45,380.85,380.45,380.55,5422
PRAJIND,2026-04-22 11:49:00,380.55,380.6,380.5,380.6,2184
PRAJIND,2026-04-22 11:50:00,380.6,380.6,380.3,380.3,976
PRAJIND,2026-04-22 11:51:00,380.3,380.5,380.2,380.5,1036
PRAJIND,2026-04-22 11:52:00,380.5,380.5,380.3,380.45,738
PRAJIND,2026-04-22 11:53:00,380.45,380.45,380.3,380.45,616
PRAJIND,2026-04-22 11:54:00,380.45,380.45,380.05,380.35,6701
PRAJIND,2026-04-22 11:55:00,380.45,380.9,380.25,380.5,11880
PRAJIND,2026-04-22 11:56:00,380.5,380.5,380.25,380.45,537
PRAJIND,2026-04-22 11:57:00,380.25,380.45,380.1,380.45,1421
PRAJIND,2026-04-22 11:58:00,380.45,380.5,380.0,380.45,6183
PRAJIND,2026-04-22 11:59:00,380.45,380.45,380.1,380.4,1037
PRAJIND,2026-04-22 12:00:00,380.4,380.4,380.1,380.35,969
PRAJIND,2026-04-22 12:01:00,380.35,380.5,380.35,380.35,793
PRAJIND,2026-04-22 12:02:00,380.5,380.65,380.15,380.2,3278
PRAJIND,2026-04-22 12:03:00,380.2,380.55,380.15,380.55,360
PRAJIND,2026-04-22 12:04:00,380.55,380.6,380.25,380.25,1059
PRAJIND,2026-04-22 12:05:00,380.25,380.55,380.2,380.25,772
PRAJIND,2026-04-22 12:06:00,380.3,380.9,380.3,380.85,2182
PRAJIND,2026-04-22 12:07:00,380.8,380.8,380.7,380.8,339
PRAJIND,2026-04-22 12:08:00,380.8,380.95,380.6,380.6,1905
PRAJIND,2026-04-22 12:09:00,380.35,380.4,380.2,380.4,996
PRAJIND,2026-04-22 12:10:00,380.4,380.55,380.2,380.35,3093
PRAJIND,2026-04-22 12:11:00,380.35,380.75,380.2,380.55,5689
PRAJIND,2026-04-22 12:12:00,380.8,381.0,380.55,380.7,4434
PRAJIND,2026-04-22 12:13:00,380.7,380.85,380.45,380.55,1748
PRAJIND,2026-04-22 12:14:00,380.5,380.8,380.5,380.8,1570
PRAJIND,2026-04-22 12:15:00,380.8,381.0,380.6,380.65,3997
PRAJIND,2026-04-22 12:16:00,380.65,380.9,380.5,380.85,5256
PRAJIND,2026-04-22 12:17:00,380.85,380.85,380.5,380.5,1789
PRAJIND,2026-04-22 12:18:00,380.5,381.2,380.5,381.2,6129
PRAJIND,2026-04-22 12:19:00,381.2,381.5,381.0,381.25,5860
PRAJIND,2026-04-22 12:20:00,381.5,381.8,381.25,381.5,9802
PRAJIND,2026-04-22 12:21:00,381.5,382.0,381.45,381.75,9624
PRAJIND,2026-04-22 12:22:00,381.75,382.05,381.05,381.2,38991
PRAJIND,2026-04-22 12:23:00,381.4,381.6,381.15,381.15,3619
PRAJIND,2026-04-22 12:24:00,381.15,381.5,381.1,381.5,1139
PRAJIND,2026-04-22 12:25:00,381.3,381.45,381.2,381.25,2560
PRAJIND,2026-04-22 12:26:00,381.25,381.45,381.25,381.3,1917
PRAJIND,2026-04-22 12:27:00,381.35,381.8,381.35,381.5,1903
PRAJIND,2026-04-22 12:28:00,381.55,381.7,381.0,381.0,11164
PRAJIND,2026-04-22 12:29:00,381.25,381.25,381.0,381.05,2164
PRAJIND,2026-04-22 12:30:00,381.2,381.25,381.0,381.0,1552
PRAJIND,2026-04-22 12:31:00,381.0,381.2,380.7,380.9,7422
PRAJIND,2026-04-22 12:32:00,380.9,380.9,380.65,380.7,3202
PRAJIND,2026-04-22 12:33:00,380.7,380.9,380.7,380.9,1081
PRAJIND,2026-04-22 12:34:00,380.9,380.9,380.7,380.7,160
PRAJIND,2026-04-22 12:35:00,380.85,380.95,380.65,380.9,2860
PRAJIND,2026-04-22 12:36:00,380.9,381.15,380.65,380.95,2848
PRAJIND,2026-04-22 12:37:00,380.95,381.15,380.95,381.0,1144
PRAJIND,2026-04-22 12:38:00,380.65,380.95,380.6,380.9,1297
PRAJIND,2026-04-22 12:39:00,380.85,381.0,380.75,380.75,1506
PRAJIND,2026-04-22 12:40:00,381.0,381.05,380.6,380.75,4798
PRAJIND,2026-04-22 12:41:00,380.75,381.0,380.75,380.9,869
PRAJIND,2026-04-22 12:42:00,380.9,381.0,380.75,381.0,1012
PRAJIND,2026-04-22 12:43:00,381.0,381.0,380.75,380.75,307
PRAJIND,2026-04-22 12:44:00,380.8,381.0,380.7,380.7,3230
PRAJIND,2026-04-22 12:45:00,380.7,381.0,380.7,380.75,604
PRAJIND,2026-04-22 12:46:00,380.65,380.75,380.6,380.6,441
PRAJIND,2026-04-22 12:47:00,380.65,380.75,380.6,380.6,961
PRAJIND,2026-04-22 12:48:00,380.6,380.65,380.1,380.1,11975
PRAJIND,2026-04-22 12:49:00,380.1,380.2,380.0,380.0,5948
PRAJIND,2026-04-22 12:50:00,380.0,380.35,380.0,380.0,1882
PRAJIND,2026-04-22 12:51:00,380.05,380.45,380.05,380.45,2672
PRAJIND,2026-04-22 12:52:00,380.45,380.6,380.05,380.05,8258
PRAJIND,2026-04-22 12:53:00,380.45,380.5,380.05,380.2,2147
PRAJIND,2026-04-22 12:54:00,380.2,380.4,380.05,380.2,729
PRAJIND,2026-04-22 12:55:00,380.2,380.2,380.1,380.1,192
PRAJIND,2026-04-22 12:56:00,380.1,380.45,380.1,380.1,2396
PRAJIND,2026-04-22 12:57:00,380.35,380.45,380.1,380.1,779
PRAJIND,2026-04-22 12:58:00,380.35,380.35,379.9,379.9,27978
PRAJIND,2026-04-22 12:59:00,379.9,380.15,379.6,380.0,14821
PRAJIND,2026-04-22 13:00:00,380.0,380.3,380.0,380.3,2360
PRAJIND,2026-04-22 13:01:00,380.3,380.3,379.6,379.6,4717
PRAJIND,2026-04-22 13:02:00,379.95,379.95,379.6,379.7,2747
PRAJIND,2026-04-22 13:03:00,379.7,380.0,379.7,379.75,2290
PRAJIND,2026-04-22 13:04:00,379.75,380.0,379.75,379.95,1940
PRAJIND,2026-04-22 13:05:00,379.95,380.2,379.8,380.2,1474
PRAJIND,2026-04-22 13:06:00,380.2,380.35,380.0,380.25,678
PRAJIND,2026-04-22 13:07:00,380.25,380.3,379.6,379.6,6078
PRAJIND,2026-04-22 13:08:00,379.6,379.8,379.6,379.6,1894
PRAJIND,2026-04-22 13:09:00,379.6,379.8,379.2,379.55,10426
PRAJIND,2026-04-22 13:10:00,379.3,379.55,379.3,379.5,9119
PRAJIND,2026-04-22 13:11:00,379.5,379.5,379.2,379.5,1825
PRAJIND,2026-04-22 13:12:00,379.5,379.5,379.05,379.05,1576
PRAJIND,2026-04-22 13:13:00,379.05,379.2,379.05,379.05,1249
PRAJIND,2026-04-22 13:14:00,379.2,380.5,379.05,379.3,30017
PRAJIND,2026-04-22 13:15:00,379.3,379.75,379.3,379.55,4245
PRAJIND,2026-04-22 13:16:00,379.55,379.55,379.2,379.45,2417
PRAJIND,2026-04-22 13:17:00,379.2,379.5,379.2,379.25,285
PRAJIND,2026-04-22 13:18:00,379.25,379.4,379.1,379.1,4013
PRAJIND,2026-04-22 13:19:00,379.15,379.3,379.1,379.15,2751
PRAJIND,2026-04-22 13:20:00,379.15,379.35,379.1,379.3,1218
PRAJIND,2026-04-22 13:21:00,379.3,379.35,379.1,379.35,136
PRAJIND,2026-04-22 13:22:00,379.3,379.4,379.05,379.15,4063
PRAJIND,2026-04-22 13:23:00,379.15,379.4,379.15,379.4,442
PRAJIND,2026-04-22 13:24:00,379.45,379.45,379.15,379.4,602
PRAJIND,2026-04-22 13:25:00,379.45,379.5,379.1,379.3,4059
PRAJIND,2026-04-22 13:26:00,379.3,379.4,379.15,379.2,1839
PRAJIND,2026-04-22 13:27:00,379.2,379.3,379.1,379.3,446
PRAJIND,2026-04-22 13:28:00,379.3,379.7,379.3,379.35,4458
PRAJIND,2026-04-22 13:29:00,379.35,379.6,379.35,379.35,1044
PRAJIND,2026-04-22 13:30:00,379.5,379.6,379.35,379.6,410
PRAJIND,2026-04-22 13:31:00,379.6,379.6,379.4,379.4,933
PRAJIND,2026-04-22 13:32:00,379.6,379.95,379.4,379.75,3332
PRAJIND,2026-04-22 13:33:00,379.4,379.85,379.4,379.75,2380
PRAJIND,2026-04-22 13:34:00,379.7,379.75,379.35,379.65,508
PRAJIND,2026-04-22 13:35:00,379.35,379.7,379.35,379.5,2398
PRAJIND,2026-04-22 13:36:00,379.5,379.85,379.5,379.85,2069
PRAJIND,2026-04-22 13:37:00,379.65,379.85,379.45,379.8,4034
PRAJIND,2026-04-22 13:38:00,379.8,379.8,379.05,379.05,7610
PRAJIND,2026-04-22 13:39:00,379.2,379.45,379.1,379.45,2017
PRAJIND,2026-04-22 13:40:00,379.45,379.45,379.1,379.4,1897
PRAJIND,2026-04-22 13:41:00,379.2,379.4,379.05,379.05,1934
PRAJIND,2026-04-22 13:42:00,379.05,379.5,379.05,379.5,2210
PRAJIND,2026-04-22 13:43:00,379.35,379.6,379.3,379.3,891
PRAJIND,2026-04-22 13:44:00,379.5,379.5,379.1,379.1,631
PRAJIND,2026-04-22 13:45:00,379.1,379.35,379.1,379.2,382
PRAJIND,2026-04-22 13:46:00,379.2,379.35,379.15,379.15,904
PRAJIND,2026-04-22 13:47:00,379.15,379.4,379.15,379.4,877
PRAJIND,2026-04-22 13:48:00,379.4,379.5,379.15,379.15,3932
PRAJIND,2026-04-22 13:49:00,379.2,379.5,379.05,379.15,6314
PRAJIND,2026-04-22 13:50:00,379.15,379.4,379.1,379.2,225
PRAJIND,2026-04-22 13:51:00,379.4,380.5,379.4,380.2,18340
PRAJIND,2026-04-22 13:52:00,380.25,380.55,379.45,379.8,10815
PRAJIND,2026-04-22 13:53:00,379.6,379.8,379.25,379.4,1442
PRAJIND,2026-04-22 13:54:00,379.4,379.65,379.15,379.4,4130
PRAJIND,2026-04-22 13:55:00,379.25,379.4,379.2,379.25,2877
PRAJIND,2026-04-22 13:56:00,379.25,379.4,379.25,379.25,524
PRAJIND,2026-04-22 13:57:00,379.25,379.3,378.8,378.8,19311
PRAJIND,2026-04-22 13:58:00,378.8,379.0,378.65,378.65,7246
PRAJIND,2026-04-22 13:59:00,378.85,378.95,378.65,378.7,2703
PRAJIND,2026-04-22 14:00:00,378.7,378.95,378.7,378.95,1314
PRAJIND,2026-04-22 14:01:00,378.9,378.95,378.7,378.75,1098
PRAJIND,2026-04-22 14:02:00,378.75,378.95,378.75,378.8,327
PRAJIND,2026-04-22 14:03:00,378.8,378.95,378.8,378.95,684
PRAJIND,2026-04-22 14:04:00,378.9,379.1,378.9,378.9,870
PRAJIND,2026-04-22 14:05:00,378.9,379.0,378.9,378.9,1386
PRAJIND,2026-04-22 14:06:00,378.95,379.2,378.9,379.0,3122
PRAJIND,2026-04-22 14:07:00,379.0,379.2,379.0,379.05,744
PRAJIND,2026-04-22 14:08:00,379.25,379.25,379.05,379.2,832
PRAJIND,2026-04-22 14:09:00,379.25,379.25,378.8,379.0,3117
PRAJIND,2026-04-22 14:10:00,379.0,379.05,378.9,379.0,1784
PRAJIND,2026-04-22 14:11:00,378.85,378.95,378.8,378.8,2987
PRAJIND,2026-04-22 14:12:00,378.8,378.95,378.65,378.65,6305
PRAJIND,2026-04-22 14:13:00,378.65,378.95,378.65,378.8,3910
PRAJIND,2026-04-22 14:14:00,378.8,379.05,378.6,379.0,2853
PRAJIND,2026-04-22 14:15:00,379.0,379.2,379.0,379.2,1103
PRAJIND,2026-04-22 14:16:00,379.2,379.25,379.0,379.05,646
PRAJIND,2026-04-22 14:17:00,379.05,379.4,379.05,379.3,1351
PRAJIND,2026-04-22 14:18:00,379.15,379.4,379.1,379.25,1384
PRAJIND,2026-04-22 14:19:00,379.15,379.35,379.05,379.05,2141
PRAJIND,2026-04-22 14:20:00,379.05,379.3,379.05,379.1,438
PRAJIND,2026-04-22 14:21:00,379.25,379.35,379.05,379.05,531
PRAJIND,2026-04-22 14:22:00,379.1,379.35,379.1,379.35,2086
PRAJIND,2026-04-22 14:23:00,379.15,379.35,379.1,379.3,338
PRAJIND,2026-04-22 14:24:00,379.3,379.35,379.1,379.1,2140
PRAJIND,2026-04-22 14:25:00,379.1,379.85,379.1,379.7,14240
PRAJIND,2026-04-22 14:26:00,379.7,379.8,379.5,379.7,1327
PRAJIND,2026-04-22 14:27:00,379.2,379.65,379.2,379.4,3060
PRAJIND,2026-04-22 14:28:00,379.35,379.55,379.35,379.55,784
PRAJIND,2026-04-22 14:29:00,379.5,379.7,379.25,379.6,2100
PRAJIND,2026-04-22 14:30:00,379.4,379.55,379.2,379.55,4283
PRAJIND,2026-04-22 14:31:00,379.55,379.65,379.3,379.6,3889
PRAJIND,2026-04-22 14:32:00,379.65,379.7,379.35,379.65,983
PRAJIND,2026-04-22 14:33:00,379.65,379.7,379.5,379.7,1836
PRAJIND,2026-04-22 14:34:00,379.65,379.7,379.6,379.7,576
PRAJIND,2026-04-22 14:35:00,379.7,379.75,379.6,379.6,1599
PRAJIND,2026-04-22 14:36:00,379.6,380.6,379.6,380.25,16085
PRAJIND,2026-04-22 14:37:00,380.05,380.85,380.05,380.2,12637
PRAJIND,2026-04-22 14:38:00,380.6,381.2,380.25,381.0,22589
PRAJIND,2026-04-22 14:39:00,381.0,384.9,380.55,382.8,210273
PRAJIND,2026-04-22 14:40:00,382.8,383.25,381.75,383.1,58206
PRAJIND,2026-04-22 14:41:00,382.95,384.8,382.95,384.8,80366
PRAJIND,2026-04-22 14:42:00,384.85,385.0,383.5,383.5,44159
PRAJIND,2026-04-22 14:43:00,383.45,383.9,382.5,383.2,33485
PRAJIND,2026-04-22 14:44:00,383.4,383.7,382.9,383.35,23715
PRAJIND,2026-04-22 14:45:00,383.5,383.5,382.3,382.8,52304
PRAJIND,2026-04-22 14:46:00,382.8,382.8,382.25,382.5,4758
PRAJIND,2026-04-22 14:47:00,382.5,382.5,381.45,381.65,9086
PRAJIND,2026-04-22 14:48:00,381.45,381.95,381.4,381.4,18685
PRAJIND,2026-04-22 14:49:00,381.4,381.7,381.25,381.25,6633
PRAJIND,2026-04-22 14:50:00,381.3,381.75,381.2,381.65,14061
PRAJIND,2026-04-22 14:51:00,381.75,381.75,381.35,381.65,2562
PRAJIND,2026-04-22 14:52:00,381.65,383.1,381.45,383.1,34117
PRAJIND,2026-04-22 14:53:00,383.45,384.0,382.85,384.0,29663
PRAJIND,2026-04-22 14:54:00,383.95,384.0,383.35,383.35,13268
PRAJIND,2026-04-22 14:55:00,383.5,383.5,383.0,383.3,10414
PRAJIND,2026-04-22 14:56:00,383.3,383.5,382.95,383.15,7654
PRAJIND,2026-04-22 14:57:00,383.15,383.55,383.05,383.05,8861
PRAJIND,2026-04-22 14:58:00,383.45,384.25,383.3,384.0,47012
PRAJIND,2026-04-22 14:59:00,383.9,384.0,383.5,383.65,12455
PRAJIND,2026-04-22 15:00:00,383.45,383.55,382.65,382.8,30985
PRAJIND,2026-04-22 15:01:00,382.9,383.05,382.4,382.4,14971
PRAJIND,2026-04-22 15:02:00,382.4,382.4,382.15,382.15,4296
PRAJIND,2026-04-22 15:03:00,382.15,382.5,381.7,381.8,16263
PRAJIND,2026-04-22 15:04:00,381.65,381.9,381.5,381.85,15347
PRAJIND,2026-04-22 15:05:00,381.9,382.55,381.85,382.55,31161
PRAJIND,2026-04-22 15:06:00,382.7,383.25,382.7,382.9,14804
PRAJIND,2026-04-22 15:07:00,382.9,383.0,382.55,382.55,5999
PRAJIND,2026-04-22 15:08:00,382.55,382.7,382.55,382.55,7545
PRAJIND,2026-04-22 15:09:00,382.55,382.8,382.55,382.75,7691
PRAJIND,2026-04-22 15:10:00,383.2,383.2,383.0,383.1,27404
PRAJIND,2026-04-22 15:11:00,382.85,383.0,382.7,382.7,13427
PRAJIND,2026-04-22 15:12:00,382.9,382.9,382.5,382.7,15240
PRAJIND,2026-04-22 15:13:00,382.65,382.7,382.15,382.15,17338
PRAJIND,2026-04-22 15:14:00,382.1,382.65,382.1,382.5,8393
PRAJIND,2026-04-22 15:15:00,382.4,382.4,381.5,381.5,31055
PRAJIND,2026-04-22 15:16:00,381.85,382.15,381.85,382.0,21579
PRAJIND,2026-04-22 15:17:00,382.0,382.9,381.95,382.8,13172
PRAJIND,2026-04-22 15:18:00,382.85,382.85,382.0,382.5,31379
PRAJIND,2026-04-22 15:19:00,382.5,383.0,382.2,382.9,24351
PRAJIND,2026-04-22 15:20:00,383.0,383.25,382.95,383.0,38875
PRAJIND,2026-04-22 15:21:00,383.0,383.3,382.45,382.9,117367
PRAJIND,2026-04-22 15:22:00,383.1,383.15,382.5,382.95,6566
PRAJIND,2026-04-22 15:23:00,382.95,382.95,382.05,382.5,16583
PRAJIND,2026-04-22 15:24:00,382.5,382.95,382.4,382.45,31016
PRAJIND,2026-04-22 15:25:00,382.4,382.5,382.1,382.35,66785
PRAJIND,2026-04-22 15:26:00,382.35,382.85,382.35,382.85,10020
PRAJIND,2026-04-22 15:27:00,382.95,383.9,382.8,383.55,58538
PRAJIND,2026-04-22 15:28:00,383.95,384.0,383.5,383.9,21336
PRAJIND,2026-04-22 15:29:00,383.55,383.95,383.1,383.1,39141
PRAJIND,2026-04-23 09:15:00,386.1,398.0,386.1,395.6,253397
PRAJIND,2026-04-23 09:16:00,395.6,399.7,394.65,396.4,249105
PRAJIND,2026-04-23 09:17:00,396.35,397.9,395.0,397.6,153702
PRAJIND,2026-04-23 09:18:00,397.35,397.95,394.8,396.25,116651
PRAJIND,2026-04-23 09:19:00,396.0,396.75,395.25,395.5,64748
PRAJIND,2026-04-23 09:20:00,395.4,397.55,395.3,397.55,93261
PRAJIND,2026-04-23 09:21:00,397.55,399.2,397.25,398.5,154786
PRAJIND,2026-04-23 09:22:00,398.75,398.9,397.15,398.3,128399
PRAJIND,2026-04-23 09:23:00,398.2,399.15,398.1,398.2,84620
PRAJIND,2026-04-23 09:24:00,398.45,398.85,397.65,398.6,95221
PRAJIND,2026-04-23 09:25:00,398.6,398.9,397.15,397.6,38848
PRAJIND,2026-04-23 09:26:00,397.2,397.6,395.75,396.3,188232
PRAJIND,2026-04-23 09:27:00,396.3,398.15,396.1,397.5,44041
PRAJIND,2026-04-23 09:28:00,397.5,397.8,396.5,396.85,27302
PRAJIND,2026-04-23 09:29:00,396.5,401.8,396.3,401.8,281074
PRAJIND,2026-04-23 09:30:00,401.55,402.0,399.25,399.65,150632
PRAJIND,2026-04-23 09:31:00,399.65,401.0,398.2,398.55,93969
PRAJIND,2026-04-23 09:32:00,398.5,399.3,398.25,399.1,57294
PRAJIND,2026-04-23 09:33:00,399.2,399.25,397.15,397.15,74970
PRAJIND,2026-04-23 09:34:00,397.2,398.55,397.2,397.95,39511
PRAJIND,2026-04-23 09:35:00,397.75,398.55,397.0,397.45,53397
PRAJIND,2026-04-23 09:36:00,397.4,397.4,395.8,396.6,79183
PRAJIND,2026-04-23 09:37:00,396.6,397.4,396.0,397.4,25276
PRAJIND,2026-04-23 09:38:00,397.4,397.4,396.1,396.8,40868
PRAJIND,2026-04-23 09:39:00,396.8,397.1,395.6,396.65,39755
PRAJIND,2026-04-23 09:40:00,396.2,396.85,395.8,396.45,23292
PRAJIND,2026-04-23 09:41:00,396.6,397.3,396.5,396.9,19167
PRAJIND,2026-04-23 09:42:00,397.1,397.1,396.2,396.2,24078
PRAJIND,2026-04-23 09:43:00,396.25,397.8,396.2,397.3,58484
PRAJIND,2026-04-23 09:44:00,397.25,397.55,397.0,397.35,10744
PRAJIND,2026-04-23 09:45:00,397.5,397.5,397.0,397.25,13016
PRAJIND,2026-04-23 09:46:00,397.45,397.55,395.85,395.85,38437
PRAJIND,2026-04-23 09:47:00,395.75,397.7,394.5,397.7,117878
PRAJIND,2026-04-23 09:48:00,397.5,398.9,397.3,397.4,49099
PRAJIND,2026-04-23 09:49:00,397.4,399.5,397.1,399.0,64285
PRAJIND,2026-04-23 09:50:00,398.85,399.3,398.5,398.85,23783
PRAJIND,2026-04-23 09:51:00,398.6,398.7,398.0,398.4,15292
PRAJIND,2026-04-23 09:52:00,398.15,398.65,398.1,398.15,10556
PRAJIND,2026-04-23 09:53:00,398.0,399.0,398.0,399.0,30066
PRAJIND,2026-04-23 09:54:00,399.0,399.0,398.25,398.4,16372
PRAJIND,2026-04-23 09:55:00,398.4,398.4,398.1,398.4,4870
PRAJIND,2026-04-23 09:56:00,398.4,398.8,398.2,398.4,12626
PRAJIND,2026-04-23 09:57:00,398.35,398.5,398.0,398.0,10814
PRAJIND,2026-04-23 09:58:00,398.0,398.7,398.0,398.4,9986
PRAJIND,2026-04-23 09:59:00,398.45,398.8,398.4,398.7,9182
PRAJIND,2026-04-23 10:00:00,398.75,398.85,398.3,398.4,12838
PRAJIND,2026-04-23 10:01:00,398.55,398.55,397.75,397.95,13487
PRAJIND,2026-04-23 10:02:00,398.3,399.4,398.3,399.0,24425
PRAJIND,2026-04-23 10:03:00,399.0,399.3,398.55,398.7,20668
PRAJIND,2026-04-23 10:04:00,398.15,399.0,398.05,399.0,10070
PRAJIND,2026-04-23 10:05:00,398.9,399.2,398.9,399.05,21608
PRAJIND,2026-04-23 10:06:00,399.4,399.4,399.0,399.25,7966
PRAJIND,2026-04-23 10:07:00,399.45,400.2,398.85,399.35,118001
PRAJIND,2026-04-23 10:08:00,399.2,399.2,396.75,397.0,60575
PRAJIND,2026-04-23 10:09:00,397.0,398.05,396.3,398.05,56080
PRAJIND,2026-04-23 10:10:00,398.05,398.05,397.25,397.7,9796
PRAJIND,2026-04-23 10:11:00,397.7,397.75,397.15,397.75,6362
PRAJIND,2026-04-23 10:12:00,397.6,397.6,397.1,397.55,13427
PRAJIND,2026-04-23 10:13:00,397.95,397.95,397.5,397.65,5998
PRAJIND,2026-04-23 10:14:00,397.5,397.8,397.5,397.7,6176
PRAJIND,2026-04-23 10:15:00,397.9,397.9,397.1,397.65,26918
PRAJIND,2026-04-23 10:16:00,397.4,397.5,397.05,397.35,5271
PRAJIND,2026-04-23 10:17:00,397.45,397.9,397.2,397.85,152820
PRAJIND,2026-04-23 10:18:00,397.65,397.65,396.6,396.65,24405
PRAJIND,2026-04-23 10:19:00,396.65,397.05,396.5,396.85,6201
PRAJIND,2026-04-23 10:20:00,396.7,396.8,396.4,396.5,10652
PRAJIND,2026-04-23 10:21:00,396.7,397.1,396.5,396.95,23903
PRAJIND,2026-04-23 10:22:00,396.95,396.95,396.7,396.95,8850
PRAJIND,2026-04-23 10:23:00,396.8,396.95,396.05,396.4,7805
PRAJIND,2026-04-23 10:24:00,396.1,396.3,395.8,396.05,16207
PRAJIND,2026-04-23 10:25:00,396.05,396.25,395.5,395.65,12836
PRAJIND,2026-04-23 10:26:00,395.5,395.9,395.5,395.55,7949
PRAJIND,2026-04-23 10:27:00,395.55,395.9,395.55,395.55,7985
PRAJIND,2026-04-23 10:28:00,395.15,395.45,395.15,395.2,7379
PRAJIND,2026-04-23 10:29:00,395.3,395.5,395.0,395.45,9823
PRAJIND,2026-04-23 10:30:00,395.15,396.95,395.0,396.95,21981
PRAJIND,2026-04-23 10:31:00,396.95,400.4,396.95,400.2,152515
PRAJIND,2026-04-23 10:32:00,400.2,401.55,399.55,400.75,93101
PRAJIND,2026-04-23 10:33:00,400.25,401.95,398.4,400.6,161815
PRAJIND,2026-04-23 10:34:00,400.65,401.65,400.4,401.3,50804
PRAJIND,2026-04-23 10:35:00,401.4,401.9,401.0,401.75,39765
PRAJIND,2026-04-23 10:36:00,401.9,401.9,401.05,401.6,48800
PRAJIND,2026-04-23 10:37:00,401.6,401.8,401.15,401.5,27878
PRAJIND,2026-04-23 10:38:00,401.7,401.7,401.0,401.0,20664
PRAJIND,2026-04-23 10:39:00,401.0,401.25,399.65,400.4,61709
PRAJIND,2026-04-23 10:40:00,400.4,401.9,400.15,401.8,43305
PRAJIND,2026-04-23 10:41:00,401.75,402.4,401.45,402.25,112052
PRAJIND,2026-04-23 10:42:00,402.25,402.25,401.4,401.9,22102
PRAJIND,2026-04-23 10:43:00,401.9,401.9,400.2,401.0,29128
PRAJIND,2026-04-23 10:44:00,401.0,401.0,400.5,400.95,13100
PRAJIND,2026-04-23 10:45:00,400.95,401.0,400.35,400.35,5104
PRAJIND,2026-04-23 10:46:00,400.35,400.45,400.0,400.1,29801
PRAJIND,2026-04-23 10:47:00,400.05,400.55,399.9,400.35,30093
PRAJIND,2026-04-23 10:48:00,400.5,400.6,400.15,400.45,7696
PRAJIND,2026-04-23 10:49:00,400.5,400.6,400.3,400.5,11534
PRAJIND,2026-04-23 10:50:00,400.5,400.95,400.15,400.55,33590
PRAJIND,2026-04-23 10:51:00,400.5,400.55,400.1,400.5,6680
PRAJIND,2026-04-23 10:52:00,400.5,400.65,400.25,400.4,9022
PRAJIND,2026-04-23 10:53:00,400.45,401.65,400.45,401.5,14081
PRAJIND,2026-04-23 10:54:00,401.7,403.5,400.75,400.95,124504
PRAJIND,2026-04-23 10:55:00,401.0,401.9,400.35,401.45,36170
PRAJIND,2026-04-23 10:56:00,401.45,401.45,400.45,400.5,11946
PRAJIND,2026-04-23 10:57:00,400.5,401.3,400.5,401.2,15614
PRAJIND,2026-04-23 10:58:00,401.2,401.25,400.9,400.95,7293
PRAJIND,2026-04-23 10:59:00,400.95,401.0,400.65,400.95,3101
PRAJIND,2026-04-23 11:00:00,401.0,401.15,400.9,400.9,6106
PRAJIND,2026-04-23 11:01:00,400.9,400.95,400.6,400.8,8157
PRAJIND,2026-04-23 11:02:00,400.95,401.0,400.65,401.0,6396
PRAJIND,2026-04-23 11:03:00,401.05,401.2,400.6,400.85,11501
PRAJIND,2026-04-23 11:04:00,400.85,401.3,400.75,401.3,9718
PRAJIND,2026-04-23 11:05:00,401.3,401.5,401.1,401.1,3294
PRAJIND,2026-04-23 11:06:00,401.45,401.45,400.65,400.75,10847
PRAJIND,2026-04-23 11:07:00,400.8,401.25,400.8,401.1,4350
PRAJIND,2026-04-23 11:08:00,401.15,401.2,401.0,401.15,2906
PRAJIND,2026-04-23 11:09:00,401.2,401.2,400.8,401.0,9820
PRAJIND,2026-04-23 11:10:00,400.85,401.0,400.1,400.6,9509
PRAJIND,2026-04-23 11:11:00,400.6,400.8,400.2,400.55,4001
PRAJIND,2026-04-23 11:12:00,400.6,401.0,400.25,400.8,10299
PRAJIND,2026-04-23 11:13:00,400.8,401.0,400.5,400.5,5621
PRAJIND,2026-04-23 11:14:00,400.5,400.8,400.4,400.5,6868
PRAJIND,2026-04-23 11:15:00,400.3,400.5,400.25,400.25,6283
PRAJIND,2026-04-23 11:16:00,399.95,400.3,399.6,400.0,72367
PRAJIND,2026-04-23 11:17:00,399.7,400.3,399.7,400.05,6021
PRAJIND,2026-04-23 11:18:00,400.05,400.2,399.95,400.0,2798
PRAJIND,2026-04-23 11:19:00,400.0,400.0,399.65,399.7,10497
PRAJIND,2026-04-23 11:20:00,399.95,400.0,399.7,400.0,20579
PRAJIND,2026-04-23 11:21:00,399.8,400.2,399.0,400.0,74815
PRAJIND,2026-04-23 11:22:00,400.2,400.5,399.95,400.35,4056
PRAJIND,2026-04-23 11:23:00,400.35,400.4,400.0,400.2,3906
PRAJIND,2026-04-23 11:24:00,400.0,400.2,399.85,400.0,6360
PRAJIND,2026-04-23 11:25:00,400.0,400.25,399.9,400.1,6276
PRAJIND,2026-04-23 11:26:00,400.2,400.5,400.0,400.5,6398
PRAJIND,2026-04-23 11:27:00,400.6,400.6,400.3,400.6,9859
PRAJIND,2026-04-23 11:28:00,400.6,400.6,400.35,400.6,1755
PRAJIND,2026-04-23 11:29:00,400.6,400.6,400.35,400.4,4860
PRAJIND,2026-04-23 11:30:00,400.35,400.35,400.05,400.2,1646
PRAJIND,2026-04-23 11:31:00,400.05,400.55,400.05,400.5,5877
PRAJIND,2026-04-23 11:32:00,400.55,400.55,400.0,400.45,4571
PRAJIND,2026-04-23 11:33:00,400.5,400.5,400.1,400.15,2422
PRAJIND,2026-04-23 11:34:00,400.15,400.55,400.05,400.05,4208
PRAJIND,2026-04-23 11:35:00,400.05,400.5,400.05,400.45,4237
PRAJIND,2026-04-23 11:36:00,400.15,400.55,400.15,400.35,8565
PRAJIND,2026-04-23 11:37:00,400.4,401.15,400.4,401.15,13462
PRAJIND,2026-04-23 11:38:00,401.15,401.45,401.0,401.4,9192
PRAJIND,2026-04-23 11:39:00,401.4,401.5,401.15,401.4,11333
PRAJIND,2026-04-23 11:40:00,401.5,402.1,401.3,402.0,16729
PRAJIND,2026-04-23 11:41:00,402.0,402.2,400.55,400.85,22504
PRAJIND,2026-04-23 11:42:00,400.85,401.25,400.5,401.1,4626
PRAJIND,2026-04-23 11:43:00,401.1,401.25,400.85,401.25,4974
PRAJIND,2026-04-23 11:44:00,401.25,401.3,401.0,401.3,2845
PRAJIND,2026-04-23 11:45:00,401.3,401.5,401.15,401.4,6736
PRAJIND,2026-04-23 11:46:00,401.2,401.2,400.75,401.2,7052
PRAJIND,2026-04-23 11:47:00,401.2,401.2,400.75,400.95,2196
PRAJIND,2026-04-23 11:48:00,400.95,401.1,400.85,401.0,1680
PRAJIND,2026-04-23 11:49:00,401.0,401.0,400.75,401.0,7054
PRAJIND,2026-04-23 11:50:00,401.0,401.15,400.85,400.95,4404
PRAJIND,2026-04-23 11:51:00,401.15,401.15,400.85,401.0,2214
PRAJIND,2026-04-23 11:52:00,401.0,401.5,400.95,401.5,13944
PRAJIND,2026-04-23 11:53:00,401.55,401.9,401.55,401.75,5622
PRAJIND,2026-04-23 11:54:00,401.9,402.9,401.75,402.9,35616
PRAJIND,2026-04-23 11:55:00,402.85,404.7,402.75,404.5,173523
PRAJIND,2026-04-23 11:56:00,404.45,407.5,404.45,405.9,320300
PRAJIND,2026-04-23 11:57:00,405.85,409.0,405.85,408.65,148314
PRAJIND,2026-04-23 11:58:00,408.55,413.6,408.55,412.75,406275
PRAJIND,2026-04-23 11:59:00,412.5,412.9,410.25,412.9,244992
PRAJIND,2026-04-23 12:00:00,413.0,413.25,412.05,412.3,134272
PRAJIND,2026-04-23 12:01:00,412.3,414.35,410.95,414.0,174336
PRAJIND,2026-04-23 12:02:00,414.25,415.8,413.6,414.15,208276
PRAJIND,2026-04-23 12:03:00,414.15,414.85,412.5,414.7,90709
PRAJIND,2026-04-23 12:04:00,414.7,415.9,414.0,414.1,97283
PRAJIND,2026-04-23 12:05:00,414.35,416.9,413.7,416.5,203609
PRAJIND,2026-04-23 12:06:00,416.35,418.7,416.1,418.6,237510
PRAJIND,2026-04-23 12:07:00,418.65,421.55,418.4,419.8,360058
PRAJIND,2026-04-23 12:08:00,419.75,422.85,419.55,422.3,276440
PRAJIND,2026-04-23 12:09:00,422.0,422.95,421.3,422.25,201057
PRAJIND,2026-04-23 12:10:00,422.0,424.0,421.2,423.0,264788
PRAJIND,2026-04-23 12:11:00,423.05,423.3,422.15,422.85,115612
PRAJIND,2026-04-23 12:12:00,422.75,424.8,422.0,424.3,213384
PRAJIND,2026-04-23 12:13:00,424.7,426.0,421.6,423.3,457160
PRAJIND,2026-04-23 12:14:00,423.35,423.65,420.75,420.75,184641
PRAJIND,2026-04-23 12:15:00,420.5,422.95,420.5,422.35,159129
PRAJIND,2026-04-23 12:16:00,422.35,423.7,421.7,423.7,132653
PRAJIND,2026-04-23 12:17:00,423.6,423.75,422.6,423.6,96315
PRAJIND,2026-04-23 12:18:00,423.65,425.75,423.65,425.05,314368
PRAJIND,2026-04-23 12:19:00,425.2,427.65,425.0,426.5,288598
PRAJIND,2026-04-23 12:20:00,426.7,427.4,426.35,427.25,218464
PRAJIND,2026-04-23 12:21:00,427.1,427.45,426.5,426.7,150437
PRAJIND,2026-04-23 12:22:00,426.75,427.2,426.2,426.5,116831
PRAJIND,2026-04-23 12:23:00,426.25,426.45,425.0,425.8,182298
PRAJIND,2026-04-23 12:24:00,425.8,426.7,425.45,426.4,78704
PRAJIND,2026-04-23 12:25:00,426.7,426.7,422.25,422.8,265949
PRAJIND,2026-04-23 12:26:00,423.0,423.0,419.05,419.85,423026
PRAJIND,2026-04-23 12:27:00,419.4,419.75,418.3,418.5,249942
PRAJIND,2026-04-23 12:28:00,418.75,419.8,418.05,419.2,231490
PRAJIND,2026-04-23 12:29:00,419.25,419.8,418.75,418.75,88191
PRAJIND,2026-04-23 12:30:00,418.75,419.0,418.2,418.2,92539
PRAJIND,2026-04-23 12:31:00,418.25,418.25,416.15,416.7,306542
PRAJIND,2026-04-23 12:32:00,416.6,416.9,415.4,416.35,163681
PRAJIND,2026-04-23 12:33:00,416.35,416.45,415.25,415.45,129676
PRAJIND,2026-04-23 12:34:00,415.5,417.75,415.2,416.7,138135
PRAJIND,2026-04-23 12:35:00,416.7,417.1,416.3,416.6,80083
PRAJIND,2026-04-23 12:36:00,416.65,417.25,416.55,417.05,97753
PRAJIND,2026-04-23 12:37:00,417.3,417.35,416.3,416.4,74520
PRAJIND,2026-04-23 12:38:00,416.5,416.7,415.4,416.35,106518
PRAJIND,2026-04-23 12:39:00,416.35,417.4,416.1,417.15,53622
PRAJIND,2026-04-23 12:40:00,417.0,417.0,415.15,415.65,115555
PRAJIND,2026-04-23 12:41:00,415.8,416.3,415.3,415.8,61436
PRAJIND,2026-04-23 12:42:00,415.7,416.1,412.45,412.45,197612
PRAJIND,2026-04-23 12:43:00,412.75,414.0,412.3,413.6,164503
PRAJIND,2026-04-23 12:44:00,413.8,415.25,413.5,414.85,90451
PRAJIND,2026-04-23 12:45:00,415.0,415.1,414.5,414.6,47816
PRAJIND,2026-04-23 12:46:00,414.5,415.05,414.5,415.05,42214
PRAJIND,2026-04-23 12:47:00,415.05,415.15,413.9,414.35,59128
PRAJIND,2026-04-23 12:48:00,414.35,414.4,413.55,413.55,36013
PRAJIND,2026-04-23 12:49:00,413.85,414.3,413.5,414.05,38266
PRAJIND,2026-04-23 12:50:00,414.3,414.3,413.4,413.8,36844
PRAJIND,2026-04-23 12:51:00,413.8,414.95,413.5,414.5,68097
PRAJIND,2026-04-23 12:52:00,414.2,414.75,414.2,414.75,27502
PRAJIND,2026-04-23 12:53:00,414.75,414.75,413.4,413.65,74365
PRAJIND,2026-04-23 12:54:00,413.65,414.5,413.4,414.2,33935
PRAJIND,2026-04-23 12:55:00,414.2,414.5,413.95,414.2,29412
PRAJIND,2026-04-23 12:56:00,414.2,414.45,412.9,413.8,65012
PRAJIND,2026-04-23 12:57:00,413.45,414.15,413.35,413.85,31515
PRAJIND,2026-04-23 12:58:00,413.8,413.95,413.5,413.75,15416
PRAJIND,2026-04-23 12:59:00,413.75,414.45,413.6,414.0,46821
PRAJIND,2026-04-23 13:00:00,414.0,414.05,412.7,413.2,54444
PRAJIND,2026-04-23 13:01:00,413.45,413.5,411.95,412.25,152472
PRAJIND,2026-04-23 13:02:00,412.25,412.45,411.65,411.9,71101
PRAJIND,2026-04-23 13:03:00,412.0,412.3,411.5,411.8,34454
PRAJIND,2026-04-23 13:04:00,411.6,412.85,411.6,412.55,56943
PRAJIND,2026-04-23 13:05:00,412.7,413.0,412.7,413.0,27138
PRAJIND,2026-04-23 13:06:00,413.0,413.35,412.5,413.3,37684
PRAJIND,2026-04-23 13:07:00,413.3,413.3,412.0,412.3,50524
PRAJIND,2026-04-23 13:08:00,412.3,412.5,411.15,411.5,55437
PRAJIND,2026-04-23 13:09:00,411.5,412.25,411.2,412.15,42177
PRAJIND,2026-04-23 13:10:00,412.15,412.35,412.0,412.1,11756
PRAJIND,2026-04-23 13:11:00,412.1,412.4,412.05,412.35,11716
PRAJIND,2026-04-23 13:12:00,412.35,412.65,411.2,411.4,48835
PRAJIND,2026-04-23 13:13:00,411.4,411.6,411.15,411.35,20801
PRAJIND,2026-04-23 13:14:00,411.15,411.9,411.1,411.75,37637
PRAJIND,2026-04-23 13:15:00,411.75,411.85,409.55,410.15,137986
PRAJIND,2026-04-23 13:16:00,410.0,411.3,409.8,410.65,58641
PRAJIND,2026-04-23 13:17:00,410.5,411.0,410.35,410.9,37253
PRAJIND,2026-04-23 13:18:00,410.7,410.7,409.7,410.2,71117
PRAJIND,2026-04-23 13:19:00,410.0,410.35,409.9,410.1,38844
PRAJIND,2026-04-23 13:20:00,410.1,410.65,410.0,410.25,15838
PRAJIND,2026-04-23 13:21:00,410.25,410.5,410.0,410.5,20816
PRAJIND,2026-04-23 13:22:00,410.5,411.15,410.4,410.95,34436
PRAJIND,2026-04-23 13:23:00,411.5,412.5,411.45,412.35,74592
PRAJIND,2026-04-23 13:24:00,412.35,412.7,412.1,412.35,54902
PRAJIND,2026-04-23 13:25:00,412.0,414.0,412.0,413.7,72502
PRAJIND,2026-04-23 13:26:00,413.7,413.9,412.3,412.3,78595
PRAJIND,2026-04-23 13:27:00,412.5,412.95,412.2,412.8,34364
PRAJIND,2026-04-23 13:28:00,412.8,412.95,412.4,412.6,42553
PRAJIND,2026-04-23 13:29:00,412.6,412.9,412.55,412.8,12062
PRAJIND,2026-04-23 13:30:00,412.8,413.5,412.4,412.75,40725
PRAJIND,2026-04-23 13:31:00,412.75,413.25,412.15,413.25,24144
PRAJIND,2026-04-23 13:32:00,413.1,413.1,412.5,412.8,12977
PRAJIND,2026-04-23 13:33:00,412.8,412.85,412.2,412.6,12258
PRAJIND,2026-04-23 13:34:00,412.45,412.6,412.2,412.45,10440
PRAJIND,2026-04-23 13:35:00,412.45,412.55,412.25,412.25,6170
PRAJIND,2026-04-23 13:36:00,412.5,412.5,411.8,412.45,46678
PRAJIND,2026-04-23 13:37:00,412.3,412.75,412.0,412.75,27985
PRAJIND,2026-04-23 13:38:00,412.75,412.75,412.0,412.45,9274
PRAJIND,2026-04-23 13:39:00,412.45,412.5,412.05,412.45,7082
PRAJIND,2026-04-23 13:40:00,412.4,412.55,412.0,412.15,18809
PRAJIND,2026-04-23 13:41:00,412.15,412.5,412.0,412.25,17225
PRAJIND,2026-04-23 13:42:00,412.25,412.9,412.2,412.65,10210
PRAJIND,2026-04-23 13:43:00,412.8,413.1,412.5,412.65,29392
PRAJIND,2026-04-23 13:44:00,412.8,413.6,412.55,413.05,50045
PRAJIND,2026-04-23 13:45:00,413.2,413.8,412.35,412.7,77063
PRAJIND,2026-04-23 13:46:00,412.95,413.1,412.5,412.8,14209
PRAJIND,2026-04-23 13:47:00,412.8,413.1,412.6,413.0,10020
PRAJIND,2026-04-23 13:48:00,413.0,413.0,412.05,412.2,27691
PRAJIND,2026-04-23 13:49:00,412.1,412.6,412.05,412.55,16464
PRAJIND,2026-04-23 13:50:00,413.0,413.35,412.8,413.3,32766
PRAJIND,2026-04-23 13:51:00,413.3,413.9,413.3,413.8,49233
PRAJIND,2026-04-23 13:52:00,413.85,413.85,413.4,413.6,25347
PRAJIND,2026-04-23 13:53:00,413.6,414.7,413.6,414.3,101696
PRAJIND,2026-04-23 13:54:00,414.3,414.7,414.0,414.35,33279
PRAJIND,2026-04-23 13:55:00,414.35,414.35,413.8,414.0,16350
PRAJIND,2026-04-23 13:56:00,414.0,414.15,413.7,413.9,14047
PRAJIND,2026-04-23 13:57:00,413.85,414.1,413.75,414.0,16502
PRAJIND,2026-04-23 13:58:00,413.65,414.0,413.05,413.4,25219
PRAJIND,2026-04-23 13:59:00,413.45,414.0,413.4,413.7,20317
PRAJIND,2026-04-23 14:00:00,414.0,414.0,413.7,413.9,6690
PRAJIND,2026-04-23 14:01:00,413.5,413.9,413.15,413.45,14987
PRAJIND,2026-04-23 14:02:00,413.4,413.4,412.55,412.8,27698
PRAJIND,2026-04-23 14:03:00,412.8,412.9,412.15,412.6,19734
PRAJIND,2026-04-23 14:04:00,412.6,412.95,412.4,412.9,15902
PRAJIND,2026-04-23 14:05:00,412.75,412.8,412.25,412.65,20030
PRAJIND,2026-04-23 14:06:00,412.6,412.6,412.25,412.3,9431
PRAJIND,2026-04-23 14:07:00,412.3,412.65,412.3,412.5,9074
PRAJIND,2026-04-23 14:08:00,412.4,412.75,412.25,412.75,13343
PRAJIND,2026-04-23 14:09:00,412.35,412.6,412.15,412.2,6841
PRAJIND,2026-04-23 14:10:00,412.2,412.3,412.0,412.0,31920
PRAJIND,2026-04-23 14:11:00,412.0,412.8,411.6,412.55,33599
PRAJIND,2026-04-23 14:12:00,412.55,412.9,412.5,412.55,8268
PRAJIND,2026-04-23 14:13:00,412.75,412.85,412.5,412.5,10543
PRAJIND,2026-04-23 14:14:00,412.5,412.95,412.5,412.6,9937
PRAJIND,2026-04-23 14:15:00,412.55,412.75,412.5,412.5,4823
PRAJIND,2026-04-23 14:16:00,412.3,412.5,412.15,412.5,8082
PRAJIND,2026-04-23 14:17:00,412.5,412.7,412.1,412.25,6604
PRAJIND,2026-04-23 14:18:00,412.1,412.25,412.0,412.0,8371
PRAJIND,2026-04-23 14:19:00,411.35,412.0,411.0,411.7,63769
PRAJIND,2026-04-23 14:20:00,411.7,412.75,411.5,412.75,39340
PRAJIND,2026-04-23 14:21:00,412.9,412.95,412.5,412.7,13454
PRAJIND,2026-04-23 14:22:00,412.55,412.8,412.1,412.1,13420
PRAJIND,2026-04-23 14:23:00,412.3,412.7,412.0,412.5,9349
PRAJIND,2026-04-23 14:24:00,412.5,412.9,412.15,412.15,8706
PRAJIND,2026-04-23 14:25:00,412.15,412.45,412.15,412.15,6326
PRAJIND,2026-04-23 14:26:00,412.0,412.1,411.6,412.05,18572
PRAJIND,2026-04-23 14:27:00,412.0,412.1,411.85,412.0,7077
PRAJIND,2026-04-23 14:28:00,412.0,412.15,411.75,411.95,13267
PRAJIND,2026-04-23 14:29:00,411.85,412.0,411.55,411.75,10487
PRAJIND,2026-04-23 14:30:00,412.0,412.45,411.75,412.15,14132
PRAJIND,2026-04-23 14:31:00,412.15,412.15,411.95,412.1,8086
PRAJIND,2026-04-23 14:32:00,412.0,412.1,412.0,412.05,6307
PRAJIND,2026-04-23 14:33:00,412.05,412.05,411.0,411.0,38191
PRAJIND,2026-04-23 14:34:00,410.85,411.0,410.1,410.1,41077
PRAJIND,2026-04-23 14:35:00,410.35,411.0,409.7,411.0,75451
PRAJIND,2026-04-23 14:36:00,411.1,411.45,410.65,410.65,23374
PRAJIND,2026-04-23 14:37:00,410.65,411.2,410.55,411.0,13618
PRAJIND,2026-04-23 14:38:00,410.9,410.95,410.55,410.75,15836
PRAJIND,2026-04-23 14:39:00,410.75,411.7,410.55,411.05,26231
PRAJIND,2026-04-23 14:40:00,411.25,411.75,411.0,411.5,22876
PRAJIND,2026-04-23 14:41:00,411.5,411.6,411.25,411.6,9701
PRAJIND,2026-04-23 14:42:00,411.55,412.15,411.0,412.15,21394
PRAJIND,2026-04-23 14:43:00,412.0,412.25,412.0,412.1,18560
PRAJIND,2026-04-23 14:44:00,412.25,412.25,411.65,411.65,23691
PRAJIND,2026-04-23 14:45:00,411.65,412.0,410.5,410.95,39699
PRAJIND,2026-04-23 14:46:00,411.0,411.05,409.6,410.0,95972
PRAJIND,2026-04-23 14:47:00,410.0,410.7,409.8,410.15,22947
PRAJIND,2026-04-23 14:48:00,410.4,410.5,410.0,410.25,17998
PRAJIND,2026-04-23 14:49:00,410.45,410.5,410.1,410.1,13838
PRAJIND,2026-04-23 14:50:00,410.3,410.65,410.1,410.65,12893
PRAJIND,2026-04-23 14:51:00,410.8,410.9,410.1,410.1,22963
PRAJIND,2026-04-23 14:52:00,410.2,410.2,407.25,407.55,139297
PRAJIND,2026-04-23 14:53:00,407.55,408.45,407.1,408.1,69774
PRAJIND,2026-04-23 14:54:00,408.1,408.15,407.65,407.95,31118
PRAJIND,2026-04-23 14:55:00,407.95,408.7,407.9,408.4,42127
PRAJIND,2026-04-23 14:56:00,408.4,408.55,408.0,408.0,18269
PRAJIND,2026-04-23 14:57:00,408.0,408.3,406.6,406.9,81696
PRAJIND,2026-04-23 14:58:00,406.9,407.95,406.4,407.35,60188
PRAJIND,2026-04-23 14:59:00,407.4,408.4,407.25,407.35,31958
PRAJIND,2026-04-23 15:00:00,407.35,408.4,407.35,407.9,49849
PRAJIND,2026-04-23 15:01:00,408.0,409.45,407.9,409.0,62428
PRAJIND,2026-04-23 15:02:00,408.95,409.3,408.55,409.25,44297
PRAJIND,2026-04-23 15:03:00,409.25,409.25,408.85,409.2,20961
PRAJIND,2026-04-23 15:04:00,409.2,409.45,408.7,408.9,27082
PRAJIND,2026-04-23 15:05:00,408.8,409.55,408.75,409.55,17461
PRAJIND,2026-04-23 15:06:00,409.25,410.8,409.05,410.7,80485
PRAJIND,2026-04-23 15:07:00,410.65,410.65,410.2,410.55,30269
PRAJIND,2026-04-23 15:08:00,410.5,411.0,410.15,410.55,52026
PRAJIND,2026-04-23 15:09:00,410.5,410.85,410.2,410.45,19291
PRAJIND,2026-04-23 15:10:00,410.45,410.5,409.8,410.35,31934
PRAJIND,2026-04-23 15:11:00,410.4,411.85,410.2,411.6,63194
PRAJIND,2026-04-23 15:12:00,411.6,411.6,410.15,410.25,21571
PRAJIND,2026-04-23 15:13:00,410.05,410.35,409.8,410.1,27505
PRAJIND,2026-04-23 15:14:00,410.2,410.3,409.9,410.0,20210
PRAJIND,2026-04-23 15:15:00,410.55,411.4,410.55,411.4,51183
PRAJIND,2026-04-23 15:16:00,411.2,411.4,410.5,410.95,77874
PRAJIND,2026-04-23 15:17:00,410.95,411.3,410.7,411.0,21728
PRAJIND,2026-04-23 15:18:00,411.0,411.25,410.0,410.6,95970
PRAJIND,2026-04-23 15:19:00,410.6,411.0,410.25,410.5,48539
PRAJIND,2026-04-23 15:20:00,410.25,410.45,409.9,410.25,57402
PRAJIND,2026-04-23 15:21:00,410.2,410.5,409.75,410.3,62172
PRAJIND,2026-04-23 15:22:00,410.0,410.35,409.75,410.15,56575
PRAJIND,2026-04-23 15:23:00,410.05,410.5,410.0,410.3,34122
PRAJIND,2026-04-23 15:24:00,410.3,410.5,409.5,410.4,136531
PRAJIND,2026-04-23 15:25:00,410.4,410.55,409.15,410.15,120951
PRAJIND,2026-04-23 15:26:00,410.15,410.7,410.0,410.25,15541
PRAJIND,2026-04-23 15:27:00,410.5,410.5,410.0,410.0,27476
PRAJIND,2026-04-23 15:28:00,410.1,410.3,410.0,410.3,17327
PRAJIND,2026-04-23 15:29:00,410.0,410.5,409.55,410.0,40526
PRAJIND,2026-04-24 09:15:00,415.0,416.4,412.0,415.95,151121
PRAJIND,2026-04-24 09:16:00,415.6,416.6,408.6,408.6,130581
PRAJIND,2026-04-24 09:17:00,409.25,409.25,404.15,408.45,127696
PRAJIND,2026-04-24 09:18:00,408.85,409.8,408.1,408.1,43972
PRAJIND,2026-04-24 09:19:00,408.05,409.1,406.8,406.8,34127
PRAJIND,2026-04-24 09:20:00,406.9,406.9,406.05,406.5,22989
PRAJIND,2026-04-24 09:21:00,406.1,406.5,405.65,406.1,33030
PRAJIND,2026-04-24 09:22:00,405.95,407.6,405.95,407.15,18464
PRAJIND,2026-04-24 09:23:00,407.2,408.1,405.7,405.95,78540
PRAJIND,2026-04-24 09:24:00,405.45,405.75,403.95,403.95,49653
PRAJIND,2026-04-24 09:25:00,404.15,404.45,403.0,403.4,36624
PRAJIND,2026-04-24 09:26:00,403.4,403.5,402.0,402.3,27789
PRAJIND,2026-04-24 09:27:00,402.55,403.0,401.8,402.45,42892
PRAJIND,2026-04-24 09:28:00,402.15,403.2,401.85,402.0,28665
PRAJIND,2026-04-24 09:29:00,402.15,402.55,401.6,402.25,25544
PRAJIND,2026-04-24 09:30:00,402.25,404.8,401.05,402.45,56389
PRAJIND,2026-04-24 09:31:00,402.2,402.9,401.5,401.5,20283
PRAJIND,2026-04-24 09:32:00,401.5,402.0,400.0,400.1,34924
PRAJIND,2026-04-24 09:33:00,400.4,401.75,400.0,401.45,22322
PRAJIND,2026-04-24 09:34:00,401.55,402.0,400.35,400.45,11211
PRAJIND,2026-04-24 09:35:00,400.4,401.8,400.35,401.8,13501
PRAJIND,2026-04-24 09:36:00,401.45,401.8,400.4,400.4,12019
PRAJIND,2026-04-24 09:37:00,400.5,401.95,400.5,401.75,10743
PRAJIND,2026-04-24 09:38:00,401.2,401.45,400.05,400.3,11436
PRAJIND,2026-04-24 09:39:00,400.55,400.7,399.05,399.05,34745
PRAJIND,2026-04-24 09:40:00,399.8,400.15,397.85,399.8,63064
PRAJIND,2026-04-24 09:41:00,400.15,400.15,399.05,399.5,19871
PRAJIND,2026-04-24 09:42:00,399.5,400.1,399.05,400.1,24448
PRAJIND,2026-04-24 09:43:00,400.0,400.3,398.6,399.0,18018
PRAJIND,2026-04-24 09:44:00,399.2,400.45,398.85,399.2,16514
PRAJIND,2026-04-24 09:45:00,399.5,399.5,399.0,399.0,5331
PRAJIND,2026-04-24 09:46:00,399.15,399.3,398.15,398.9,20793
PRAJIND,2026-04-24 09:47:00,398.85,399.05,398.55,398.75,6124
PRAJIND,2026-04-24 09:48:00,398.55,399.0,398.15,398.55,17527
PRAJIND,2026-04-24 09:49:00,398.3,398.8,398.0,398.7,6281
PRAJIND,2026-04-24 09:50:00,398.6,398.6,396.7,397.05,24136
PRAJIND,2026-04-24 09:51:00,397.6,398.6,397.25,398.6,11578
PRAJIND,2026-04-24 09:52:00,398.75,399.0,398.4,398.85,9039
PRAJIND,2026-04-24 09:53:00,398.45,398.85,398.3,398.5,17057
PRAJIND,2026-04-24 09:54:00,398.5,398.5,398.0,398.25,3371
PRAJIND,2026-04-24 09:55:00,397.95,398.65,397.7,398.65,10004
PRAJIND,2026-04-24 09:56:00,398.45,398.85,398.1,398.3,7021
PRAJIND,2026-04-24 09:57:00,398.15,398.85,396.4,398.55,18934
PRAJIND,2026-04-24 09:58:00,398.55,399.0,398.5,398.75,4680
PRAJIND,2026-04-24 09:59:00,398.75,399.3,398.75,398.95,7731
PRAJIND,2026-04-24 10:00:00,398.65,399.5,398.4,399.45,10441
PRAJIND,2026-04-24 10:01:00,399.35,400.0,399.35,400.0,10729
PRAJIND,2026-04-24 10:02:00,399.95,401.25,399.95,401.25,11886
PRAJIND,2026-04-24 10:03:00,401.45,402.15,401.4,401.7,18475
PRAJIND,2026-04-24 10:04:00,401.85,402.25,401.85,402.2,19530
PRAJIND,2026-04-24 10:05:00,401.9,402.45,401.8,402.4,10203
PRAJIND,2026-04-24 10:06:00,402.0,403.3,402.0,403.25,52989
PRAJIND,2026-04-24 10:07:00,403.25,403.75,402.95,403.2,15016
PRAJIND,2026-04-24 10:08:00,403.6,403.7,403.2,403.45,7524
PRAJIND,2026-04-24 10:09:00,403.45,403.65,403.2,403.25,19369
PRAJIND,2026-04-24 10:10:00,403.2,403.9,403.15,403.6,12806
PRAJIND,2026-04-24 10:11:00,403.6,404.35,403.6,404.0,14345
PRAJIND,2026-04-24 10:12:00,404.0,404.2,403.85,403.95,4220
PRAJIND,2026-04-24 10:13:00,403.95,404.3,403.6,404.0,10936
PRAJIND,2026-04-24 10:14:00,404.0,404.05,403.5,403.5,4954
PRAJIND,2026-04-24 10:15:00,403.5,403.7,403.05,403.45,12024
PRAJIND,2026-04-24 10:16:00,403.4,403.8,403.3,403.35,4894
PRAJIND,2026-04-24 10:17:00,403.35,403.75,403.1,403.75,4743
PRAJIND,2026-04-24 10:18:00,403.55,403.8,403.3,403.45,2439
PRAJIND,2026-04-24 10:19:00,403.6,403.6,403.05,403.35,2906
PRAJIND,2026-04-24 10:20:00,403.1,403.25,402.35,402.35,7994
PRAJIND,2026-04-24 10:21:00,402.35,402.65,401.65,401.95,4776
PRAJIND,2026-04-24 10:22:00,402.0,402.0,401.65,401.7,11902
PRAJIND,2026-04-24 10:23:00,401.85,402.5,401.6,402.2,19089
PRAJIND,2026-04-24 10:24:00,402.25,402.45,401.8,401.8,3188
PRAJIND,2026-04-24 10:25:00,401.6,402.5,401.4,402.25,5665
PRAJIND,2026-04-24 10:26:00,402.25,403.0,402.25,402.8,7689
PRAJIND,2026-04-24 10:27:00,402.8,402.8,399.55,399.9,34397
PRAJIND,2026-04-24 10:28:00,399.9,400.05,399.25,400.0,5874
PRAJIND,2026-04-24 10:29:00,400.0,400.1,399.55,399.85,10033
PRAJIND,2026-04-24 10:30:00,399.65,399.95,399.05,399.45,7596
PRAJIND,2026-04-24 10:31:00,399.45,399.8,399.35,399.5,5645
PRAJIND,2026-04-24 10:32:00,399.6,399.8,399.55,399.6,1509
PRAJIND,2026-04-24 10:33:00,399.85,399.9,399.55,399.85,1608
PRAJIND,2026-04-24 10:34:00,399.7,399.9,399.5,399.85,3250
PRAJIND,2026-04-24 10:35:00,399.9,400.0,399.85,399.9,1395
PRAJIND,2026-04-24 10:36:00,399.9,399.95,399.5,399.7,2757
PRAJIND,2026-04-24 10:37:00,399.7,399.7,399.15,399.4,7889
PRAJIND,2026-04-24 10:38:00,399.4,399.5,399.0,399.25,3283
PRAJIND,2026-04-24 10:39:00,399.25,399.25,399.0,399.2,3781
PRAJIND,2026-04-24 10:40:00,399.2,399.2,399.0,399.15,2815
PRAJIND,2026-04-24 10:41:00,399.2,399.4,399.2,399.25,3750
PRAJIND,2026-04-24 10:42:00,399.45,399.45,398.6,398.6,10379
PRAJIND,2026-04-24 10:43:00,398.9,399.25,398.6,398.9,14394
PRAJIND,2026-04-24 10:44:00,398.85,399.2,398.85,398.85,2105
PRAJIND,2026-04-24 10:45:00,398.0,399.05,398.0,399.05,13774
PRAJIND,2026-04-24 10:46:00,399.05,399.2,398.4,398.95,3930
PRAJIND,2026-04-24 10:47:00,398.95,399.05,398.55,398.55,2119
PRAJIND,2026-04-24 10:48:00,398.4,398.5,398.0,398.1,4624
PRAJIND,2026-04-24 10:49:00,398.2,398.5,398.15,398.5,1212
PRAJIND,2026-04-24 10:50:00,398.5,398.5,398.1,398.45,2435
PRAJIND,2026-04-24 10:51:00,398.5,398.8,398.4,398.4,2182
PRAJIND,2026-04-24 10:52:00,398.55,398.55,398.35,398.35,972
PRAJIND,2026-04-24 10:53:00,398.5,398.75,398.45,398.5,2400
PRAJIND,2026-04-24 10:54:00,398.7,398.7,398.2,398.25,1778
PRAJIND,2026-04-24 10:55:00,398.5,398.6,398.2,398.2,4408
PRAJIND,2026-04-24 10:56:00,398.45,398.65,398.2,398.6,3622
PRAJIND,2026-04-24 10:57:00,398.6,398.65,398.2,398.2,8366
PRAJIND,2026-04-24 10:58:00,398.5,398.5,398.05,398.2,3616
PRAJIND,2026-04-24 10:59:00,398.2,398.4,397.75,398.15,5094
PRAJIND,2026-04-24 11:00:00,398.15,398.15,397.7,398.0,5369
PRAJIND,2026-04-24 11:01:00,397.95,397.95,397.4,397.4,4012
PRAJIND,2026-04-24 11:02:00,397.65,397.65,396.2,397.45,36396
PRAJIND,2026-04-24 11:03:00,397.2,397.7,397.2,397.55,2575
PRAJIND,2026-04-24 11:04:00,397.7,397.7,397.0,397.15,2887
PRAJIND,2026-04-24 11:05:00,397.15,397.7,397.0,397.6,11978
PRAJIND,2026-04-24 11:06:00,397.65,397.75,397.35,397.35,3786
PRAJIND,2026-04-24 11:07:00,397.35,397.7,397.35,397.6,4094
PRAJIND,2026-04-24 11:08:00,397.6,397.6,397.5,397.6,1184
PRAJIND,2026-04-24 11:09:00,397.6,397.6,397.0,397.0,3088
PRAJIND,2026-04-24 11:10:00,397.25,397.4,397.05,397.1,1272
PRAJIND,2026-04-24 11:11:00,397.4,397.65,397.2,397.65,2098
PRAJIND,2026-04-24 11:12:00,397.75,397.75,397.2,397.2,6614
PRAJIND,2026-04-24 11:13:00,397.4,397.5,397.1,397.1,6237
PRAJIND,2026-04-24 11:14:00,397.35,397.45,397.1,397.4,849
PRAJIND,2026-04-24 11:15:00,397.3,397.35,397.0,397.0,3279
PRAJIND,2026-04-24 11:16:00,397.2,397.35,396.8,397.0,4916
PRAJIND,2026-04-24 11:17:00,396.8,397.0,396.8,397.0,1860
PRAJIND,2026-04-24 11:18:00,397.0,397.3,396.8,397.2,2570
PRAJIND,2026-04-24 11:19:00,397.25,397.35,397.25,397.3,1340
PRAJIND,2026-04-24 11:20:00,397.2,397.35,397.2,397.2,1840
PRAJIND,2026-04-24 11:21:00,397.2,397.35,397.2,397.3,1969
PRAJIND,2026-04-24 11:22:00,397.3,397.3,397.0,397.3,3299
PRAJIND,2026-04-24 11:23:00,397.3,397.6,397.25,397.6,1678
PRAJIND,2026-04-24 11:24:00,397.6,398.1,397.6,397.8,15527
PRAJIND,2026-04-24 11:25:00,397.6,397.65,397.5,397.5,1601
PRAJIND,2026-04-24 11:26:00,397.65,397.75,397.1,397.7,8714
PRAJIND,2026-04-24 11:27:00,397.7,397.85,397.35,397.85,2554
PRAJIND,2026-04-24 11:28:00,397.75,397.75,397.2,397.2,2167
PRAJIND,2026-04-24 11:29:00,397.5,397.6,397.0,397.6,6866
PRAJIND,2026-04-24 11:30:00,397.6,398.45,397.6,398.45,5150
PRAJIND,2026-04-24 11:31:00,398.5,398.5,397.9,398.15,22013
PRAJIND,2026-04-24 11:32:00,398.15,398.15,397.5,397.75,17584
PRAJIND,2026-04-24 11:33:00,397.75,397.95,397.75,397.85,1389
PRAJIND,2026-04-24 11:34:00,397.85,398.1,397.6,397.65,3727
PRAJIND,2026-04-24 11:35:00,397.6,398.05,397.6,398.0,2706
PRAJIND,2026-04-24 11:36:00,398.0,398.05,397.7,397.75,2112
PRAJIND,2026-04-24 11:37:00,397.9,397.9,397.25,397.55,4301
PRAJIND,2026-04-24 11:38:00,397.55,397.7,396.9,397.7,6244
PRAJIND,2026-04-24 11:39:00,397.7,397.95,397.55,397.9,1389
PRAJIND,2026-04-24 11:40:00,397.9,397.9,397.65,397.7,480
PRAJIND,2026-04-24 11:41:00,397.7,397.7,397.45,397.6,1458
PRAJIND,2026-04-24 11:42:00,397.6,397.6,397.3,397.55,1381
PRAJIND,2026-04-24 11:43:00,397.55,397.75,397.4,397.4,1962
PRAJIND,2026-04-24 11:44:00,397.3,397.6,397.3,397.4,1907
PRAJIND,2026-04-24 11:45:00,397.6,397.6,397.1,397.45,2130
PRAJIND,2026-04-24 11:46:00,397.4,397.6,397.4,397.55,2213
PRAJIND,2026-04-24 11:47:00,397.55,397.55,394.05,394.25,46504
PRAJIND,2026-04-24 11:48:00,394.3,394.4,393.3,393.6,15109
PRAJIND,2026-04-24 11:49:00,393.8,394.5,393.75,394.0,8155
PRAJIND,2026-04-24 11:50:00,394.0,394.15,393.5,393.5,6065
PRAJIND,2026-04-24 11:51:00,393.5,394.2,393.5,394.0,9685
PRAJIND,2026-04-24 11:52:00,394.0,394.0,393.2,394.0,8871
PRAJIND,2026-04-24 11:53:00,394.0,394.45,393.85,394.4,3236
PRAJIND,2026-04-24 11:54:00,394.4,394.5,394.1,394.25,10537
PRAJIND,2026-04-24 11:55:00,394.0,394.4,394.0,394.3,1467
PRAJIND,2026-04-24 11:56:00,394.3,394.5,394.1,394.45,2175
PRAJIND,2026-04-24 11:57:00,394.5,394.65,394.3,394.4,4652
PRAJIND,2026-04-24 11:58:00,394.4,394.4,393.3,393.8,11026
PRAJIND,2026-04-24 11:59:00,393.75,393.8,393.45,393.5,3733
PRAJIND,2026-04-24 12:00:00,393.75,393.8,393.35,393.6,4024
PRAJIND,2026-04-24 12:01:00,393.65,393.75,393.3,393.7,2013
PRAJIND,2026-04-24 12:02:00,393.7,393.9,393.65,393.9,7515
PRAJIND,2026-04-24 12:03:00,394.0,394.0,393.65,393.65,2901
PRAJIND,2026-04-24 12:04:00,393.75,393.75,393.5,393.6,2832
PRAJIND,2026-04-24 12:05:00,393.75,393.9,393.5,393.9,1331
PRAJIND,2026-04-24 12:06:00,393.9,393.9,393.6,393.75,1744
PRAJIND,2026-04-24 12:07:00,393.85,393.9,393.65,393.8,6082
PRAJIND,2026-04-24 12:08:00,393.8,393.9,393.5,393.8,2964
PRAJIND,2026-04-24 12:09:00,393.8,394.3,393.8,394.25,4228
PRAJIND,2026-04-24 12:10:00,394.25,394.4,392.55,392.65,18075
PRAJIND,2026-04-24 12:11:00,392.7,392.7,391.55,391.8,15295
PRAJIND,2026-04-24 12:12:00,392.0,392.2,391.4,391.8,9869
PRAJIND,2026-04-24 12:13:00,391.8,392.5,391.8,392.35,3314
PRAJIND,2026-04-24 12:14:00,392.65,393.4,392.35,393.25,6757
PRAJIND,2026-04-24 12:15:00,393.25,393.8,393.05,393.3,14879
PRAJIND,2026-04-24 12:16:00,393.3,393.85,393.2,393.55,6945
PRAJIND,2026-04-24 12:17:00,393.6,393.95,393.3,393.55,2673
PRAJIND,2026-04-24 12:18:00,393.55,393.75,393.1,393.6,7303
PRAJIND,2026-04-24 12:19:00,393.6,394.15,393.35,393.95,17712
PRAJIND,2026-04-24 12:20:00,393.95,394.1,393.45,393.45,7225
PRAJIND,2026-04-24 12:21:00,393.65,393.65,393.15,393.55,14532
PRAJIND,2026-04-24 12:22:00,393.45,393.45,393.0,393.3,6202
PRAJIND,2026-04-24 12:23:00,393.3,393.45,393.05,393.1,2772
PRAJIND,2026-04-24 12:24:00,393.3,393.3,392.8,392.8,3176
PRAJIND,2026-04-24 12:25:00,392.8,392.95,392.25,392.25,4364
PRAJIND,2026-04-24 12:26:00,392.45,392.45,392.25,392.3,3018
PRAJIND,2026-04-24 12:27:00,392.3,392.55,391.85,392.0,6477
PRAJIND,2026-04-24 12:28:00,392.0,392.0,391.7,391.8,4220
PRAJIND,2026-04-24 12:29:00,391.75,392.0,391.7,391.75,2731
PRAJIND,2026-04-24 12:30:00,391.75,391.95,391.7,391.7,5207
PRAJIND,2026-04-24 12:31:00,391.85,392.6,391.75,392.4,25394
PRAJIND,2026-04-24 12:32:00,392.3,392.55,392.15,392.2,4259
PRAJIND,2026-04-24 12:33:00,392.2,392.6,392.0,392.6,2252
PRAJIND,2026-04-24 12:34:00,392.6,392.7,392.3,392.7,2637
PRAJIND,2026-04-24 12:35:00,392.5,393.35,392.5,392.55,5423
PRAJIND,2026-04-24 12:36:00,392.85,392.85,392.4,392.55,4830
PRAJIND,2026-04-24 12:37:00,392.65,392.9,392.2,392.55,7819
PRAJIND,2026-04-24 12:38:00,392.7,392.95,392.3,392.65,4338
PRAJIND,2026-04-24 12:39:00,392.65,393.0,392.5,392.55,4976
PRAJIND,2026-04-24 12:40:00,392.1,392.65,392.05,392.35,11269
PRAJIND,2026-04-24 12:41:00,392.35,392.8,392.15,392.8,1768
PRAJIND,2026-04-24 12:42:00,392.8,392.8,392.15,392.55,4398
PRAJIND,2026-04-24 12:43:00,392.5,392.8,392.0,392.3,2206
PRAJIND,2026-04-24 12:44:00,392.0,392.35,391.75,391.95,6573
PRAJIND,2026-04-24 12:45:00,391.8,392.0,391.3,391.75,8052
PRAJIND,2026-04-24 12:46:00,392.0,392.0,391.7,391.7,4053
PRAJIND,2026-04-24 12:47:00,391.7,392.0,391.05,391.3,22248
PRAJIND,2026-04-24 12:48:00,391.3,391.3,391.0,391.15,6091
PRAJIND,2026-04-24 12:49:00,391.15,391.6,391.15,391.4,3737
PRAJIND,2026-04-24 12:50:00,391.4,391.7,391.0,391.55,7907
PRAJIND,2026-04-24 12:51:00,391.1,391.3,390.7,390.75,3455
PRAJIND,2026-04-24 12:52:00,390.9,390.9,390.55,390.65,7279
PRAJIND,2026-04-24 12:53:00,390.8,391.6,390.5,391.5,11337
PRAJIND,2026-04-24 12:54:00,391.35,391.55,391.05,391.05,3080
PRAJIND,2026-04-24 12:55:00,391.5,391.5,391.05,391.4,4403
PRAJIND,2026-04-24 12:56:00,391.4,391.8,391.25,391.5,13963
PRAJIND,2026-04-24 12:57:00,391.5,391.7,391.3,391.4,2707
PRAJIND,2026-04-24 12:58:00,391.55,391.7,391.0,391.0,2497
PRAJIND,2026-04-24 12:59:00,391.2,391.5,391.0,391.05,1553
PRAJIND,2026-04-24 13:00:00,391.15,391.4,391.05,391.15,2654
PRAJIND,2026-04-24 13:01:00,391.05,391.3,390.7,390.7,10022
PRAJIND,2026-04-24 13:02:00,390.7,391.1,390.6,390.75,7358
PRAJIND,2026-04-24 13:03:00,390.85,390.9,390.2,390.2,11552
PRAJIND,2026-04-24 13:04:00,390.2,390.4,390.05,390.2,6669
PRAJIND,2026-04-24 13:05:00,390.2,390.3,389.45,389.45,28755
PRAJIND,2026-04-24 13:06:00,389.75,390.0,389.0,389.5,13529
PRAJIND,2026-04-24 13:07:00,389.6,390.3,389.35,389.8,13374
PRAJIND,2026-04-24 13:08:00,389.95,390.65,389.75,390.0,10853
PRAJIND,2026-04-24 13:09:00,390.4,390.8,390.2,390.5,5309
PRAJIND,2026-04-24 13:10:00,390.5,390.6,390.35,390.4,2576
PRAJIND,2026-04-24 13:11:00,390.5,391.05,390.4,390.4,4115
PRAJIND,2026-04-24 13:12:00,390.35,390.4,390.2,390.35,2349
PRAJIND,2026-04-24 13:13:00,390.2,390.4,389.45,389.45,11380
PRAJIND,2026-04-24 13:14:00,389.6,389.9,389.3,389.9,5351
PRAJIND,2026-04-24 13:15:00,389.75,389.9,389.3,389.3,5043
PRAJIND,2026-04-24 13:16:00,389.55,389.6,389.25,389.35,1664
PRAJIND,2026-04-24 13:17:00,389.35,389.35,389.0,389.0,3032
PRAJIND,2026-04-24 13:18:00,389.15,389.25,389.0,389.25,4767
PRAJIND,2026-04-24 13:19:00,389.25,389.5,389.0,389.45,26884
PRAJIND,2026-04-24 13:20:00,389.35,389.65,389.35,389.4,3658
PRAJIND,2026-04-24 13:21:00,389.55,389.7,389.5,389.6,2041
PRAJIND,2026-04-24 13:22:00,389.6,389.85,389.35,389.85,1996
PRAJIND,2026-04-24 13:23:00,389.85,389.85,389.55,389.7,2537
PRAJIND,2026-04-24 13:24:00,389.7,389.7,389.4,389.7,2143
PRAJIND,2026-04-24 13:25:00,389.7,389.75,389.5,389.5,2702
PRAJIND,2026-04-24 13:26:00,389.8,389.85,389.55,389.85,1934
PRAJIND,2026-04-24 13:27:00,389.85,389.9,389.55,389.55,3114
PRAJIND,2026-04-24 13:28:00,389.55,389.95,389.5,389.95,1498
PRAJIND,2026-04-24 13:29:00,389.85,390.0,389.5,390.0,1918
PRAJIND,2026-04-24 13:30:00,390.0,390.0,389.8,390.0,2483
PRAJIND,2026-04-24 13:31:00,390.0,390.0,389.9,389.95,3428
PRAJIND,2026-04-24 13:32:00,390.2,390.2,389.65,389.8,5238
PRAJIND,2026-04-24 13:33:00,389.5,389.8,389.5,389.8,2905
PRAJIND,2026-04-24 13:34:00,389.8,389.85,389.4,389.85,5809
PRAJIND,2026-04-24 13:35:00,389.75,389.75,389.45,389.7,1165
PRAJIND,2026-04-24 13:36:00,389.7,389.7,388.6,388.6,9832
PRAJIND,2026-04-24 13:37:00,388.9,389.15,388.6,389.0,2840
PRAJIND,2026-04-24 13:38:00,389.2,389.2,388.65,388.8,2026
PRAJIND,2026-04-24 13:39:00,388.9,388.9,388.4,388.4,3967
PRAJIND,2026-04-24 13:40:00,388.6,388.65,388.15,388.4,4211
PRAJIND,2026-04-24 13:41:00,388.4,388.45,388.2,388.4,4898
PRAJIND,2026-04-24 13:42:00,388.4,388.4,388.3,388.4,5979
PRAJIND,2026-04-24 13:43:00,388.5,388.5,388.2,388.45,1996
PRAJIND,2026-04-24 13:44:00,388.5,388.7,388.3,388.7,2026
PRAJIND,2026-04-24 13:45:00,388.7,389.2,388.45,389.2,2836
PRAJIND,2026-04-24 13:46:00,389.2,389.75,389.05,389.6,2216
PRAJIND,2026-04-24 13:47:00,389.4,389.4,389.2,389.4,4664
PRAJIND,2026-04-24 13:48:00,389.2,389.55,389.2,389.45,2434
PRAJIND,2026-04-24 13:49:00,389.2,389.6,389.2,389.55,2077
PRAJIND,2026-04-24 13:50:00,389.55,389.6,389.05,389.6,1807
PRAJIND,2026-04-24 13:51:00,389.75,389.75,389.3,389.7,2013
PRAJIND,2026-04-24 13:52:00,389.7,389.7,389.3,389.4,3291
PRAJIND,2026-04-24 13:53:00,389.4,389.5,389.05,389.4,1575
PRAJIND,2026-04-24 13:54:00,389.45,389.8,389.4,389.5,3108
PRAJIND,2026-04-24 13:55:00,389.7,389.8,389.35,389.45,5432
PRAJIND,2026-04-24 13:56:00,389.6,389.7,389.45,389.65,2125
PRAJIND,2026-04-24 13:57:00,389.45,389.7,389.45,389.45,2896
PRAJIND,2026-04-24 13:58:00,389.45,389.45,389.15,389.45,998
PRAJIND,2026-04-24 13:59:00,389.5,389.75,389.4,389.5,1483
PRAJIND,2026-04-24 14:00:00,389.5,389.8,389.5,389.75,2079
PRAJIND,2026-04-24 14:01:00,389.7,389.8,389.55,389.7,4279
PRAJIND,2026-04-24 14:02:00,389.7,389.75,389.35,389.75,1480
PRAJIND,2026-04-24 14:03:00,389.7,389.8,389.45,389.65,2623
PRAJIND,2026-04-24 14:04:00,389.6,389.65,389.35,389.35,1264
PRAJIND,2026-04-24 14:05:00,389.6,389.6,389.05,389.05,1329
PRAJIND,2026-04-24 14:06:00,389.4,389.4,389.0,389.15,2568
PRAJIND,2026-04-24 14:07:00,389.0,389.4,389.0,389.3,1867
PRAJIND,2026-04-24 14:08:00,389.4,389.4,389.3,389.4,679
PRAJIND,2026-04-24 14:09:00,389.4,389.75,389.4,389.6,1970
PRAJIND,2026-04-24 14:10:00,389.5,389.95,389.5,389.95,8763
PRAJIND,2026-04-24 14:11:00,389.95,389.95,389.55,389.85,4286
PRAJIND,2026-04-24 14:12:00,389.85,389.95,389.6,389.65,2236
PRAJIND,2026-04-24 14:13:00,389.9,390.0,389.9,390.0,3251
PRAJIND,2026-04-24 14:14:00,389.9,390.0,389.9,390.0,1486
PRAJIND,2026-04-24 14:15:00,390.0,390.0,389.9,389.9,1819
PRAJIND,2026-04-24 14:16:00,390.0,390.0,389.85,390.0,2774
PRAJIND,2026-04-24 14:17:00,390.1,390.1,389.8,390.0,26126
PRAJIND,2026-04-24 14:18:00,389.95,390.0,389.7,389.95,1660
PRAJIND,2026-04-24 14:19:00,389.95,390.1,389.95,390.0,2401
PRAJIND,2026-04-24 14:20:00,390.0,390.0,390.0,390.0,1039
PRAJIND,2026-04-24 14:21:00,390.0,390.0,389.95,390.0,2166
PRAJIND,2026-04-24 14:22:00,390.0,390.6,390.0,390.4,7513
PRAJIND,2026-04-24 14:23:00,390.35,390.4,390.0,390.3,4381
PRAJIND,2026-04-24 14:24:00,390.3,390.3,390.0,390.0,1198
PRAJIND,2026-04-24 14:25:00,390.0,390.0,390.0,390.0,1953
PRAJIND,2026-04-24 14:26:00,390.0,390.0,390.0,390.0,2571
PRAJIND,2026-04-24 14:27:00,390.0,390.0,389.75,390.0,4349
PRAJIND,2026-04-24 14:28:00,389.8,390.0,389.8,390.0,1338
PRAJIND,2026-04-24 14:29:00,390.0,390.0,389.95,389.95,1278
PRAJIND,2026-04-24 14:30:00,389.95,390.6,389.95,390.6,6857
PRAJIND,2026-04-24 14:31:00,390.6,390.65,390.2,390.6,4103
PRAJIND,2026-04-24 14:32:00,390.7,391.5,390.45,390.45,16785
PRAJIND,2026-04-24 14:33:00,390.15,390.55,390.15,390.55,4627
PRAJIND,2026-04-24 14:34:00,390.55,392.25,390.2,392.0,24624
PRAJIND,2026-04-24 14:35:00,392.1,392.8,392.1,392.6,12084
PRAJIND,2026-04-24 14:36:00,392.4,392.5,392.05,392.15,9570
PRAJIND,2026-04-24 14:37:00,392.15,392.35,391.65,391.65,9023
PRAJIND,2026-04-24 14:38:00,391.75,391.75,391.35,391.4,4528
PRAJIND,2026-04-24 14:39:00,392.25,392.65,392.25,392.25,12807
PRAJIND,2026-04-24 14:40:00,392.55,392.8,392.15,392.15,15053
PRAJIND,2026-04-24 14:41:00,392.15,395.2,392.15,394.95,104132
PRAJIND,2026-04-24 14:42:00,395.3,395.4,394.65,394.65,25885
PRAJIND,2026-04-24 14:43:00,394.65,395.0,393.75,394.15,13502
PRAJIND,2026-04-24 14:44:00,394.15,394.45,393.85,394.0,7222
PRAJIND,2026-04-24 14:45:00,394.3,394.3,393.65,393.7,5376
PRAJIND,2026-04-24 14:46:00,393.7,393.85,393.45,393.5,6411
PRAJIND,2026-04-24 14:47:00,393.3,393.5,392.9,393.0,6139
PRAJIND,2026-04-24 14:48:00,393.0,393.45,393.0,393.2,5094
PRAJIND,2026-04-24 14:49:00,393.2,395.8,393.2,395.1,52132
PRAJIND,2026-04-24 14:50:00,395.0,395.35,394.6,395.15,14771
PRAJIND,2026-04-24 14:51:00,395.15,395.15,394.6,395.0,8801
PRAJIND,2026-04-24 14:52:00,395.1,395.15,395.0,395.1,10969
PRAJIND,2026-04-24 14:53:00,395.1,395.35,395.0,395.35,7258
PRAJIND,2026-04-24 14:54:00,395.2,395.5,395.0,395.25,5909
PRAJIND,2026-04-24 14:55:00,395.25,395.35,394.9,395.0,3259
PRAJIND,2026-04-24 14:56:00,395.0,395.25,394.8,394.9,23436
PRAJIND,2026-04-24 14:57:00,394.95,395.15,394.85,395.15,4079
PRAJIND,2026-04-24 14:58:00,394.95,395.2,394.8,394.9,3736
PRAJIND,2026-04-24 14:59:00,395.2,395.2,394.7,395.0,6381
PRAJIND,2026-04-24 15:00:00,395.05,395.1,394.8,394.85,16981
PRAJIND,2026-04-24 15:01:00,395.1,395.1,394.75,394.85,12844
PRAJIND,2026-04-24 15:02:00,394.9,395.85,394.9,395.4,28867
PRAJIND,2026-04-24 15:03:00,395.35,395.65,395.0,395.0,7783
PRAJIND,2026-04-24 15:04:00,395.1,395.3,394.85,394.9,7540
PRAJIND,2026-04-24 15:05:00,395.05,395.15,394.85,395.0,16560
PRAJIND,2026-04-24 15:06:00,394.95,395.15,394.8,394.9,11090
PRAJIND,2026-04-24 15:07:00,395.1,395.3,394.85,395.0,6251
PRAJIND,2026-04-24 15:08:00,395.2,395.2,395.0,395.0,4155
PRAJIND,2026-04-24 15:09:00,395.05,395.3,394.95,395.1,8800
PRAJIND,2026-04-24 15:10:00,395.15,396.55,394.85,396.2,33860
PRAJIND,2026-04-24 15:11:00,396.35,396.35,395.5,396.1,21695
PRAJIND,2026-04-24 15:12:00,395.85,397.5,395.7,397.15,53962
PRAJIND,2026-04-24 15:13:00,396.9,397.5,396.3,397.5,39660
PRAJIND,2026-04-24 15:14:00,397.6,398.4,397.45,397.55,20666
PRAJIND,2026-04-24 15:15:00,397.6,397.8,397.2,397.5,13482
PRAJIND,2026-04-24 15:16:00,397.75,398.45,397.55,398.45,13598
PRAJIND,2026-04-24 15:17:00,398.2,398.5,398.2,398.45,9767
PRAJIND,2026-04-24 15:18:00,398.2,398.2,397.1,397.1,20863
PRAJIND,2026-04-24 15:19:00,397.45,398.45,397.45,398.45,19610
PRAJIND,2026-04-24 15:20:00,398.4,400.9,398.4,400.3,67699
PRAJIND,2026-04-24 15:21:00,400.3,400.85,399.65,400.1,25144
PRAJIND,2026-04-24 15:22:00,399.45,400.1,399.45,400.0,26441
PRAJIND,2026-04-24 15:23:00,399.95,400.3,399.75,399.9,15986
PRAJIND,2026-04-24 15:24:00,400.0,400.15,399.8,400.0,43744
PRAJIND,2026-04-24 15:25:00,401.9,402.35,401.4,402.35,82684
PRAJIND,2026-04-24 15:26:00,402.35,402.4,401.6,402.05,14694
PRAJIND,2026-04-24 15:27:00,402.1,403.0,402.0,403.0,13581
PRAJIND,2026-04-24 15:28:00,403.0,403.0,401.95,402.0,25216
PRAJIND,2026-04-24 15:29:00,401.5,403.0,401.5,403.0,15693
PRAJIND,2026-04-27 09:15:00,402.0,407.0,401.0,404.0,35608
PRAJIND,2026-04-27 09:16:00,403.5,403.5,401.95,402.45,34066
PRAJIND,2026-04-27 09:17:00,401.4,404.7,399.4,404.05,62169
PRAJIND,2026-04-27 09:18:00,404.0,406.9,404.0,406.7,39118
PRAJIND,2026-04-27 09:19:00,407.65,407.8,403.0,403.05,29075
PRAJIND,2026-04-27 09:20:00,403.35,404.75,402.85,404.45,16717
PRAJIND,2026-04-27 09:21:00,404.3,404.4,403.9,404.15,11151
PRAJIND,2026-04-27 09:22:00,404.15,405.5,404.15,405.4,6758
PRAJIND,2026-04-27 09:23:00,405.3,405.3,403.9,404.15,6037
PRAJIND,2026-04-27 09:24:00,404.15,404.4,403.7,404.0,8016
PRAJIND,2026-04-27 09:25:00,403.85,403.95,402.55,403.35,17322
PRAJIND,2026-04-27 09:26:00,403.35,403.7,402.25,402.25,6119
PRAJIND,2026-04-27 09:27:00,402.25,404.4,402.25,404.15,7872
PRAJIND,2026-04-27 09:28:00,403.95,404.55,403.9,404.4,8695
PRAJIND,2026-04-27 09:29:00,404.55,405.9,404.2,405.55,19977
PRAJIND,2026-04-27 09:30:00,405.75,406.2,404.55,406.15,22765
PRAJIND,2026-04-27 09:31:00,406.15,406.8,406.05,406.55,8391
PRAJIND,2026-04-27 09:32:00,406.65,406.8,405.35,405.35,10448
PRAJIND,2026-04-27 09:33:00,405.3,407.15,405.0,407.0,11390
PRAJIND,2026-04-27 09:34:00,406.75,407.5,406.2,406.2,11164
PRAJIND,2026-04-27 09:35:00,406.4,409.0,406.4,408.7,19096
PRAJIND,2026-04-27 09:36:00,407.7,408.25,407.35,407.6,10609
PRAJIND,2026-04-27 09:37:00,407.35,408.75,407.0,408.55,16050
PRAJIND,2026-04-27 09:38:00,407.95,407.95,406.9,407.05,6341
PRAJIND,2026-04-27 09:39:00,407.4,407.45,405.9,406.55,17203
PRAJIND,2026-04-27 09:40:00,406.6,407.0,406.5,406.8,7639
PRAJIND,2026-04-27 09:41:00,406.3,407.0,406.3,406.55,8511
PRAJIND,2026-04-27 09:42:00,406.55,406.75,405.95,406.5,3823
PRAJIND,2026-04-27 09:43:00,407.0,408.45,407.0,408.3,9649
PRAJIND,2026-04-27 09:44:00,408.2,408.65,407.8,408.35,10139
PRAJIND,2026-04-27 09:45:00,408.3,408.5,408.0,408.05,2757
PRAJIND,2026-04-27 09:46:00,408.25,408.3,408.0,408.1,2583
PRAJIND,2026-04-27 09:47:00,408.25,408.35,407.6,408.35,6332
PRAJIND,2026-04-27 09:48:00,408.35,408.95,408.15,408.8,22701
PRAJIND,2026-04-27 09:49:00,408.95,409.0,408.7,408.8,5312
PRAJIND,2026-04-27 09:50:00,408.5,408.7,408.35,408.45,4881
PRAJIND,2026-04-27 09:51:00,408.5,408.85,408.4,408.85,5776
PRAJIND,2026-04-27 09:52:00,408.85,408.9,408.6,408.75,2056
PRAJIND,2026-04-27 09:53:00,408.85,409.4,408.3,409.4,15049
PRAJIND,2026-04-27 09:54:00,409.9,409.9,409.4,409.7,16951
PRAJIND,2026-04-27 09:55:00,409.6,410.4,409.5,410.1,26024
PRAJIND,2026-04-27 09:56:00,410.0,410.5,409.85,410.05,10235
PRAJIND,2026-04-27 09:57:00,410.3,410.3,409.75,409.75,4119
PRAJIND,2026-04-27 09:58:00,409.6,409.6,408.9,409.2,11719
PRAJIND,2026-04-27 09:59:00,409.2,409.2,408.0,408.45,8104
PRAJIND,2026-04-27 10:00:00,408.45,408.45,407.2,407.45,5172
PRAJIND,2026-04-27 10:01:00,407.35,407.55,406.55,406.85,6154
PRAJIND,2026-04-27 10:02:00,406.85,407.0,406.0,406.25,11423
PRAJIND,2026-04-27 10:03:00,406.0,406.4,406.0,406.35,4459
PRAJIND,2026-04-27 10:04:00,406.1,406.35,405.4,405.7,7385
PRAJIND,2026-04-27 10:05:00,405.7,405.75,405.15,405.4,5358
PRAJIND,2026-04-27 10:06:00,405.4,405.4,405.1,405.25,1807
PRAJIND,2026-04-27 10:07:00,405.5,405.65,405.15,405.65,2883
PRAJIND,2026-04-27 10:08:00,405.65,406.05,405.15,405.15,5156
PRAJIND,2026-04-27 10:09:00,405.2,405.5,403.95,404.45,20772
PRAJIND,2026-04-27 10:10:00,404.5,404.5,403.75,404.15,5461
PRAJIND,2026-04-27 10:11:00,404.0,404.2,404.0,404.2,3314
PRAJIND,2026-04-27 10:12:00,404.2,404.25,403.55,404.05,5068
PRAJIND,2026-04-27 10:13:00,404.05,404.25,403.95,403.95,5958
PRAJIND,2026-04-27 10:14:00,403.95,403.95,403.6,403.7,3749
PRAJIND,2026-04-27 10:15:00,403.75,404.25,403.65,403.9,4341
PRAJIND,2026-04-27 10:16:00,403.9,404.15,403.4,403.75,6787
PRAJIND,2026-04-27 10:17:00,403.7,404.0,403.6,403.9,803
PRAJIND,2026-04-27 10:18:00,403.8,403.95,403.1,403.7,8438
PRAJIND,2026-04-27 10:19:00,403.95,404.0,403.95,404.0,550
PRAJIND,2026-04-27 10:20:00,404.0,404.1,403.7,404.0,3957
PRAJIND,2026-04-27 10:21:00,403.6,403.85,403.5,403.85,1639
PRAJIND,2026-04-27 10:22:00,403.85,403.85,403.5,403.7,3427
PRAJIND,2026-04-27 10:23:00,403.5,403.5,403.25,403.25,3485
PRAJIND,2026-04-27 10:24:00,403.2,404.1,403.2,404.1,927
PRAJIND,2026-04-27 10:25:00,403.55,403.55,402.1,402.1,18508
PRAJIND,2026-04-27 10:26:00,402.05,402.55,402.05,402.45,1723
PRAJIND,2026-04-27 10:27:00,402.5,403.05,402.5,402.6,1949
PRAJIND,2026-04-27 10:28:00,402.6,403.0,402.6,402.95,1062
PRAJIND,2026-04-27 10:29:00,402.8,402.8,401.6,402.0,14091
PRAJIND,2026-04-27 10:30:00,401.1,401.55,401.1,401.45,4740
PRAJIND,2026-04-27 10:31:00,401.45,401.7,401.1,401.45,4710
PRAJIND,2026-04-27 10:32:00,401.35,401.5,401.15,401.35,1235
PRAJIND,2026-04-27 10:33:00,401.15,401.5,401.15,401.3,2583
PRAJIND,2026-04-27 10:34:00,401.45,401.5,401.15,401.15,2552
PRAJIND,2026-04-27 10:35:00,401.1,401.3,401.1,401.25,3381
PRAJIND,2026-04-27 10:36:00,401.15,401.5,401.15,401.5,1015
PRAJIND,2026-04-27 10:37:00,401.5,401.65,401.3,401.35,2505
PRAJIND,2026-04-27 10:38:00,401.3,401.4,401.1,401.1,2183
PRAJIND,2026-04-27 10:39:00,401.1,401.35,401.1,401.3,2170
PRAJIND,2026-04-27 10:40:00,401.4,401.5,401.15,401.2,5138
PRAJIND,2026-04-27 10:41:00,401.2,401.55,401.2,401.45,1846
PRAJIND,2026-04-27 10:42:00,401.45,401.45,401.1,401.4,5850
PRAJIND,2026-04-27 10:43:00,401.65,401.65,401.15,401.15,6028
PRAJIND,2026-04-27 10:44:00,401.35,401.5,401.25,401.25,521
PRAJIND,2026-04-27 10:45:00,401.45,401.45,401.15,401.15,2434
PRAJIND,2026-04-27 10:46:00,401.2,401.4,401.2,401.4,750
PRAJIND,2026-04-27 10:47:00,401.4,401.9,401.2,401.8,4065
PRAJIND,2026-04-27 10:48:00,401.8,402.15,401.8,402.0,8745
PRAJIND,2026-04-27 10:49:00,402.0,402.3,401.85,402.3,2470
PRAJIND,2026-04-27 10:50:00,402.2,402.45,402.05,402.2,6019
PRAJIND,2026-04-27 10:51:00,402.15,402.15,401.8,401.95,6185
PRAJIND,2026-04-27 10:52:00,401.95,402.75,401.75,402.75,3739
PRAJIND,2026-04-27 10:53:00,403.25,403.6,403.25,403.55,4332
PRAJIND,2026-04-27 10:54:00,403.55,403.55,403.0,403.5,1630
PRAJIND,2026-04-27 10:55:00,403.5,403.5,403.15,403.35,1244
PRAJIND,2026-04-27 10:56:00,403.45,403.45,403.1,403.2,690
PRAJIND,2026-04-27 10:57:00,403.0,403.0,402.4,402.55,4664
PRAJIND,2026-04-27 10:58:00,402.55,402.9,402.4,402.4,1839
PRAJIND,2026-04-27 10:59:00,402.4,402.65,402.05,402.2,1099
PRAJIND,2026-04-27 11:00:00,402.35,402.35,401.4,402.15,12576
PRAJIND,2026-04-27 11:01:00,402.4,402.4,401.7,401.7,1799
PRAJIND,2026-04-27 11:02:00,401.95,402.15,401.75,401.95,1817
PRAJIND,2026-04-27 11:03:00,401.95,402.45,401.95,402.25,1016
PRAJIND,2026-04-27 11:04:00,402.2,402.25,401.8,401.8,2686
PRAJIND,2026-04-27 11:05:00,401.8,402.0,401.5,402.0,749
PRAJIND,2026-04-27 11:06:00,402.0,402.0,401.8,401.8,891
PRAJIND,2026-04-27 11:07:00,401.8,401.8,401.5,401.75,348
PRAJIND,2026-04-27 11:08:00,401.75,401.75,401.15,401.2,7929
PRAJIND,2026-04-27 11:09:00,401.2,401.2,400.8,400.95,2231
PRAJIND,2026-04-27 11:10:00,400.95,401.4,400.95,401.4,1903
PRAJIND,2026-04-27 11:11:00,401.4,401.75,401.2,401.7,1879
PRAJIND,2026-04-27 11:12:00,401.45,401.45,400.85,400.85,1750
PRAJIND,2026-04-27 11:13:00,400.6,401.0,400.25,400.4,3295
PRAJIND,2026-04-27 11:14:00,400.4,400.65,400.2,400.2,2322
PRAJIND,2026-04-27 11:15:00,400.15,400.5,400.15,400.2,2582
PRAJIND,2026-04-27 11:16:00,400.2,400.5,400.2,400.3,887
PRAJIND,2026-04-27 11:17:00,400.3,400.55,400.2,400.55,681
PRAJIND,2026-04-27 11:18:00,400.35,400.7,400.35,400.45,1868
PRAJIND,2026-04-27 11:19:00,400.45,400.6,399.0,399.35,19690
PRAJIND,2026-04-27 11:20:00,399.3,399.4,399.0,399.1,2225
PRAJIND,2026-04-27 11:21:00,399.25,399.35,399.1,399.15,1787
PRAJIND,2026-04-27 11:22:00,399.15,399.3,399.1,399.3,316
PRAJIND,2026-04-27 11:23:00,399.45,399.45,399.15,399.35,4168
PRAJIND,2026-04-27 11:24:00,399.35,399.55,399.2,399.45,1191
PRAJIND,2026-04-27 11:25:00,399.45,399.6,399.2,399.6,3808
PRAJIND,2026-04-27 11:26:00,399.6,399.6,397.75,398.25,9333
PRAJIND,2026-04-27 11:27:00,398.3,398.5,398.0,398.35,2327
PRAJIND,2026-04-27 11:28:00,398.35,398.35,397.7,398.2,7300
PRAJIND,2026-04-27 11:29:00,398.1,398.2,397.9,397.95,1296
PRAJIND,2026-04-27 11:30:00,397.95,398.15,397.65,398.15,3394
PRAJIND,2026-04-27 11:31:00,398.15,398.2,398.0,398.15,850
PRAJIND,2026-04-27 11:32:00,398.2,398.65,398.2,398.45,4405
PRAJIND,2026-04-27 11:33:00,398.45,398.75,397.95,397.95,5055
PRAJIND,2026-04-27 11:34:00,397.95,398.0,397.6,397.75,4284
PRAJIND,2026-04-27 11:35:00,397.75,397.8,397.6,397.6,1096
PRAJIND,2026-04-27 11:36:00,397.6,398.0,397.25,398.0,4506
PRAJIND,2026-04-27 11:37:00,398.0,398.0,397.7,397.95,938
PRAJIND,2026-04-27 11:38:00,397.95,398.0,397.6,397.7,1106
PRAJIND,2026-04-27 11:39:00,397.7,397.85,397.5,397.5,1345
PRAJIND,2026-04-27 11:40:00,397.8,397.8,397.5,397.55,561
PRAJIND,2026-04-27 11:41:00,397.8,397.8,397.1,397.35,7678
PRAJIND,2026-04-27 11:42:00,397.35,397.35,397.0,397.1,1167
PRAJIND,2026-04-27 11:43:00,397.15,397.5,397.0,397.3,865
PRAJIND,2026-04-27 11:44:00,397.3,397.45,397.05,397.2,2848
PRAJIND,2026-04-27 11:45:00,397.2,397.9,397.2,397.5,4793
PRAJIND,2026-04-27 11:46:00,397.65,397.65,395.9,396.2,22872
PRAJIND,2026-04-27 11:47:00,396.5,396.85,396.2,396.5,2818
PRAJIND,2026-04-27 11:48:00,396.5,396.95,396.5,396.9,856
PRAJIND,2026-04-27 11:49:00,396.9,397.1,396.65,397.0,1765
PRAJIND,2026-04-27 11:50:00,396.95,397.2,396.9,397.0,3224
PRAJIND,2026-04-27 11:51:00,397.0,397.1,396.7,396.7,4726
PRAJIND,2026-04-27 11:52:00,396.85,396.95,396.6,396.95,957
PRAJIND,2026-04-27 11:53:00,396.95,397.0,396.7,397.0,1039
PRAJIND,2026-04-27 11:54:00,397.0,397.0,396.95,397.0,3695
PRAJIND,2026-04-27 11:55:00,397.0,397.1,396.8,397.0,160
PRAJIND,2026-04-27 11:56:00,396.8,397.5,396.8,397.2,3274
PRAJIND,2026-04-27 11:57:00,397.2,397.5,397.2,397.5,890
PRAJIND,2026-04-27 11:58:00,397.5,397.7,397.5,397.65,1387
PRAJIND,2026-04-27 11:59:00,397.5,397.85,397.5,397.6,2115
PRAJIND,2026-04-27 12:00:00,397.6,397.8,397.55,397.75,1761
PRAJIND,2026-04-27 12:01:00,397.6,397.75,397.35,397.35,2398
PRAJIND,2026-04-27 12:02:00,397.35,397.35,397.0,397.0,958
PRAJIND,2026-04-27 12:03:00,397.05,399.25,397.05,399.25,4704
PRAJIND,2026-04-27 12:04:00,399.35,399.5,398.95,398.95,1690
PRAJIND,2026-04-27 12:05:00,398.95,400.8,398.95,400.75,10164
PRAJIND,2026-04-27 12:06:00,400.75,401.0,400.75,400.8,2844
PRAJIND,2026-04-27 12:07:00,400.8,400.9,400.65,400.65,1354
PRAJIND,2026-04-27 12:08:00,400.65,400.75,400.5,400.5,289
PRAJIND,2026-04-27 12:09:00,400.5,402.0,400.5,401.95,5103
PRAJIND,2026-04-27 12:10:00,401.85,402.3,401.85,402.3,3814
PRAJIND,2026-04-27 12:11:00,402.3,402.45,402.15,402.45,7263
PRAJIND,2026-04-27 12:12:00,402.45,402.45,401.75,401.95,3382
PRAJIND,2026-04-27 12:13:00,401.75,402.15,401.4,401.8,1971
PRAJIND,2026-04-27 12:14:00,401.8,402.25,401.8,402.25,885
PRAJIND,2026-04-27 12:15:00,401.95,402.35,401.95,402.05,1168
PRAJIND,2026-04-27 12:16:00,402.0,402.05,402.0,402.0,450
PRAJIND,2026-04-27 12:17:00,402.05,402.85,402.05,402.4,12449
PRAJIND,2026-04-27 12:18:00,402.65,402.85,402.4,402.8,1482
PRAJIND,2026-04-27 12:19:00,402.55,402.75,402.55,402.55,1279
PRAJIND,2026-04-27 12:20:00,402.5,402.55,402.4,402.5,606
PRAJIND,2026-04-27 12:21:00,402.4,402.4,401.0,401.0,6817
PRAJIND,2026-04-27 12:22:00,401.3,401.75,400.5,400.75,10420
PRAJIND,2026-04-27 12:23:00,400.8,401.35,400.75,401.2,1726
PRAJIND,2026-04-27 12:24:00,401.2,401.25,400.65,401.0,2924
PRAJIND,2026-04-27 12:25:00,401.05,401.25,400.9,401.0,1654
PRAJIND,2026-04-27 12:26:00,401.0,401.1,400.8,401.0,1045
PRAJIND,2026-04-27 12:27:00,401.0,401.2,401.0,401.0,850
PRAJIND,2026-04-27 12:28:00,401.0,401.1,400.85,400.85,1014
PRAJIND,2026-04-27 12:29:00,400.85,401.1,400.85,401.1,842
PRAJIND,2026-04-27 12:30:00,401.2,401.6,400.8,401.15,2679
PRAJIND,2026-04-27 12:31:00,401.15,401.2,401.0,401.2,546
PRAJIND,2026-04-27 12:32:00,401.2,401.2,400.9,401.15,1963
PRAJIND,2026-04-27 12:33:00,401.1,401.5,401.1,401.35,1262
PRAJIND,2026-04-27 12:34:00,401.35,401.5,401.35,401.35,822
PRAJIND,2026-04-27 12:35:00,401.35,401.6,401.35,401.6,854
PRAJIND,2026-04-27 12:36:00,401.5,401.6,401.2,401.2,1449
PRAJIND,2026-04-27 12:37:00,401.3,401.5,401.0,401.0,1779
PRAJIND,2026-04-27 12:38:00,401.0,401.25,401.0,401.2,721
PRAJIND,2026-04-27 12:39:00,400.8,401.7,400.8,401.5,12534
PRAJIND,2026-04-27 12:40:00,401.5,401.5,401.15,401.15,604
PRAJIND,2026-04-27 12:41:00,401.45,401.5,401.1,401.5,1614
PRAJIND,2026-04-27 12:42:00,401.5,401.5,401.1,401.35,1230
PRAJIND,2026-04-27 12:43:00,401.35,401.5,401.35,401.5,992
PRAJIND,2026-04-27 12:44:00,401.5,401.5,401.15,401.15,1040
PRAJIND,2026-04-27 12:45:00,401.15,401.5,401.15,401.4,1810
PRAJIND,2026-04-27 12:46:00,401.65,401.85,401.45,401.75,1600
PRAJIND,2026-04-27 12:47:00,401.75,401.75,401.5,401.5,628
PRAJIND,2026-04-27 12:48:00,401.5,401.8,401.5,401.65,755
PRAJIND,2026-04-27 12:49:00,401.5,401.7,401.5,401.7,424
PRAJIND,2026-04-27 12:50:00,401.7,401.7,401.5,401.5,722
PRAJIND,2026-04-27 12:51:00,401.65,401.65,401.3,401.5,1401
PRAJIND,2026-04-27 12:52:00,401.5,401.65,401.5,401.5,106
PRAJIND,2026-04-27 12:53:00,401.5,401.65,401.25,401.5,1824
PRAJIND,2026-04-27 12:54:00,401.5,401.5,401.25,401.5,949
PRAJIND,2026-04-27 12:55:00,401.5,401.5,401.05,401.05,1843
PRAJIND,2026-04-27 12:56:00,401.05,401.5,401.05,401.1,1191
PRAJIND,2026-04-27 12:57:00,401.1,401.3,401.0,401.25,891
PRAJIND,2026-04-27 12:58:00,401.25,401.5,401.25,401.3,735
PRAJIND,2026-04-27 12:59:00,401.3,401.5,401.15,401.4,1877
PRAJIND,2026-04-27 13:00:00,401.4,401.5,401.2,401.5,1678
PRAJIND,2026-04-27 13:01:00,401.5,401.5,401.4,401.5,1276
PRAJIND,2026-04-27 13:02:00,401.5,401.5,401.25,401.5,1360
PRAJIND,2026-04-27 13:03:00,401.5,401.5,401.2,401.4,1414
PRAJIND,2026-04-27 13:04:00,401.4,401.5,401.3,401.5,1035
PRAJIND,2026-04-27 13:05:00,401.5,401.5,401.3,401.5,1725
PRAJIND,2026-04-27 13:06:00,401.5,401.5,401.1,401.3,1274
PRAJIND,2026-04-27 13:07:00,401.2,401.5,401.2,401.5,635
PRAJIND,2026-04-27 13:08:00,401.5,401.5,401.35,401.5,2059
PRAJIND,2026-04-27 13:09:00,401.5,401.5,401.3,401.5,552
PRAJIND,2026-04-27 13:10:00,401.5,401.5,401.3,401.45,596
PRAJIND,2026-04-27 13:11:00,401.45,401.5,401.45,401.45,699
PRAJIND,2026-04-27 13:12:00,401.1,401.55,401.1,401.5,4713
PRAJIND,2026-04-27 13:13:00,401.75,403.0,401.75,403.0,11729
PRAJIND,2026-04-27 13:14:00,403.0,403.0,402.55,402.55,1434
PRAJIND,2026-04-27 13:15:00,402.55,402.95,402.2,402.2,4176
PRAJIND,2026-04-27 13:16:00,402.15,402.5,401.8,401.8,1094
PRAJIND,2026-04-27 13:17:00,401.9,402.0,401.65,401.75,427
PRAJIND,2026-04-27 13:18:00,401.7,401.95,401.7,401.9,778
PRAJIND,2026-04-27 13:19:00,401.9,401.9,401.55,401.55,1362
PRAJIND,2026-04-27 13:20:00,401.55,401.8,401.3,401.7,6598
PRAJIND,2026-04-27 13:21:00,401.7,401.7,401.55,401.55,742
PRAJIND,2026-04-27 13:22:00,401.55,401.65,401.5,401.55,1710
PRAJIND,2026-04-27 13:23:00,401.5,401.55,401.5,401.5,329
PRAJIND,2026-04-27 13:24:00,401.65,401.65,401.5,401.5,1480
PRAJIND,2026-04-27 13:25:00,401.5,401.7,401.5,401.65,374
PRAJIND,2026-04-27 13:26:00,401.7,401.7,401.5,401.7,414
PRAJIND,2026-04-27 13:27:00,401.7,401.7,401.3,401.5,4316
PRAJIND,2026-04-27 13:28:00,401.45,401.65,401.3,401.5,1775
PRAJIND,2026-04-27 13:29:00,401.5,401.5,401.2,401.25,713
PRAJIND,2026-04-27 13:30:00,401.25,401.6,401.25,401.5,784
PRAJIND,2026-04-27 13:31:00,401.5,401.65,401.25,401.25,1452
PRAJIND,2026-04-27 13:32:00,401.25,401.5,401.25,401.5,1538
PRAJIND,2026-04-27 13:33:00,401.5,401.5,401.4,401.5,452
PRAJIND,2026-04-27 13:34:00,401.5,401.5,401.4,401.5,536
PRAJIND,2026-04-27 13:35:00,401.5,401.5,401.25,401.25,1989
PRAJIND,2026-04-27 13:36:00,401.25,401.4,401.0,401.0,952
PRAJIND,2026-04-27 13:37:00,401.0,401.4,401.0,401.4,627
PRAJIND,2026-04-27 13:38:00,401.4,401.4,401.1,401.1,548
PRAJIND,2026-04-27 13:39:00,401.4,401.45,401.2,401.2,1568
PRAJIND,2026-04-27 13:40:00,401.2,401.4,401.05,401.4,605
PRAJIND,2026-04-27 13:41:00,401.4,401.4,401.2,401.4,601
PRAJIND,2026-04-27 13:42:00,401.4,401.45,401.1,401.4,950
PRAJIND,2026-04-27 13:43:00,401.4,401.5,401.4,401.5,1046
PRAJIND,2026-04-27 13:44:00,401.45,401.45,401.1,401.35,845
PRAJIND,2026-04-27 13:45:00,401.35,401.5,401.0,401.2,882
PRAJIND,2026-04-27 13:46:00,401.2,401.5,401.2,401.5,1015
PRAJIND,2026-04-27 13:47:00,401.5,401.5,401.3,401.3,644
PRAJIND,2026-04-27 13:48:00,401.3,401.3,401.2,401.3,704
PRAJIND,2026-04-27 13:49:00,401.3,401.3,401.0,401.1,2407
PRAJIND,2026-04-27 13:50:00,401.1,401.1,400.9,400.9,700
PRAJIND,2026-04-27 13:51:00,400.9,401.35,400.9,401.35,3328
PRAJIND,2026-04-27 13:52:00,401.35,401.4,401.05,401.1,1383
PRAJIND,2026-04-27 13:53:00,401.1,401.35,401.0,401.0,1242
PRAJIND,2026-04-27 13:54:00,400.9,401.15,400.85,400.9,891
PRAJIND,2026-04-27 13:55:00,400.9,401.15,400.85,401.15,701
PRAJIND,2026-04-27 13:56:00,401.25,401.35,401.15,401.15,729
PRAJIND,2026-04-27 13:57:00,401.05,401.4,401.05,401.15,864
PRAJIND,2026-04-27 13:58:00,401.15,401.35,401.05,401.35,729
PRAJIND,2026-04-27 13:59:00,401.35,401.35,400.7,401.15,5234
PRAJIND,2026-04-27 14:00:00,401.15,401.3,401.0,401.1,1130
PRAJIND,2026-04-27 14:01:00,401.1,401.1,400.75,400.9,1255
PRAJIND,2026-04-27 14:02:00,400.75,401.0,400.75,400.95,1522
PRAJIND,2026-04-27 14:03:00,401.1,401.2,400.8,401.15,1904
PRAJIND,2026-04-27 14:04:00,401.15,401.2,400.95,401.15,1114
PRAJIND,2026-04-27 14:05:00,401.15,401.2,401.0,401.2,2059
PRAJIND,2026-04-27 14:06:00,401.15,401.2,400.75,401.15,1716
PRAJIND,2026-04-27 14:07:00,401.15,401.45,400.95,401.45,3956
PRAJIND,2026-04-27 14:08:00,401.45,401.5,401.2,401.5,1419
PRAJIND,2026-04-27 14:09:00,401.5,402.8,401.2,402.5,15039
PRAJIND,2026-04-27 14:10:00,402.5,402.8,402.2,402.5,6696
PRAJIND,2026-04-27 14:11:00,402.5,402.95,402.5,402.65,3551
PRAJIND,2026-04-27 14:12:00,402.5,402.75,402.45,402.5,2175
PRAJIND,2026-04-27 14:13:00,402.5,402.8,402.4,402.55,2863
PRAJIND,2026-04-27 14:14:00,402.8,402.8,402.55,402.8,1467
PRAJIND,2026-04-27 14:15:00,402.55,402.8,402.5,402.5,1146
PRAJIND,2026-04-27 14:16:00,402.5,402.7,402.5,402.5,4274
PRAJIND,2026-04-27 14:17:00,402.5,402.5,402.2,402.5,1736
PRAJIND,2026-04-27 14:18:00,402.7,402.7,402.5,402.5,636
PRAJIND,2026-04-27 14:19:00,402.5,402.5,402.5,402.5,279
PRAJIND,2026-04-27 14:20:00,402.5,402.5,402.1,402.4,1534
PRAJIND,2026-04-27 14:21:00,402.4,402.4,402.05,402.4,2235
PRAJIND,2026-04-27 14:22:00,402.4,402.4,402.1,402.1,507
PRAJIND,2026-04-27 14:23:00,402.1,402.2,402.1,402.2,687
PRAJIND,2026-04-27 14:24:00,402.2,402.25,402.15,402.2,1073
PRAJIND,2026-04-27 14:25:00,402.2,402.35,402.1,402.35,822
PRAJIND,2026-04-27 14:26:00,402.35,402.5,402.1,402.5,1090
PRAJIND,2026-04-27 14:27:00,402.2,403.7,402.2,403.2,39015
PRAJIND,2026-04-27 14:28:00,403.2,403.65,403.2,403.6,399
PRAJIND,2026-04-27 14:29:00,403.5,403.7,403.5,403.7,2005
PRAJIND,2026-04-27 14:30:00,403.5,403.8,403.5,403.55,1333
PRAJIND,2026-04-27 14:31:00,403.55,403.65,402.8,403.2,4321
PRAJIND,2026-04-27 14:32:00,403.2,403.2,403.0,403.2,511
PRAJIND,2026-04-27 14:33:00,403.2,403.2,402.8,402.8,1605
PRAJIND,2026-04-27 14:34:00,402.65,403.0,402.65,403.0,6240
PRAJIND,2026-04-27 14:35:00,403.0,403.0,402.8,402.8,1821
PRAJIND,2026-04-27 14:36:00,402.8,403.0,402.55,402.7,2505
PRAJIND,2026-04-27 14:37:00,403.0,403.0,402.75,402.85,1324
PRAJIND,2026-04-27 14:38:00,403.0,403.05,403.0,403.05,207
PRAJIND,2026-04-27 14:39:00,403.05,403.05,403.0,403.05,285
PRAJIND,2026-04-27 14:40:00,403.05,403.15,402.75,403.0,3087
PRAJIND,2026-04-27 14:41:00,403.0,403.05,402.75,403.0,1422
PRAJIND,2026-04-27 14:42:00,403.0,403.7,403.0,403.7,5381
PRAJIND,2026-04-27 14:43:00,403.25,403.35,403.0,403.3,3173
PRAJIND,2026-04-27 14:44:00,403.3,403.35,403.05,403.1,252
PRAJIND,2026-04-27 14:45:00,403.1,403.4,403.05,403.1,264
PRAJIND,2026-04-27 14:46:00,403.1,403.4,403.1,403.4,1146
PRAJIND,2026-04-27 14:47:00,403.5,403.95,403.4,403.95,13756
PRAJIND,2026-04-27 14:48:00,404.25,404.25,403.45,403.95,769
PRAJIND,2026-04-27 14:49:00,404.2,404.4,403.9,404.05,3670
PRAJIND,2026-04-27 14:50:00,404.05,404.25,404.0,404.0,1028
PRAJIND,2026-04-27 14:51:00,404.0,404.5,404.0,404.2,5694
PRAJIND,2026-04-27 14:52:00,404.55,404.55,404.15,404.45,2174
PRAJIND,2026-04-27 14:53:00,404.15,404.45,404.1,404.15,345
PRAJIND,2026-04-27 14:54:00,404.15,404.2,404.0,404.2,1524
PRAJIND,2026-04-27 14:55:00,404.35,404.35,404.0,404.0,2376
PRAJIND,2026-04-27 14:56:00,404.0,405.6,404.0,405.5,12444
PRAJIND,2026-04-27 14:57:00,405.35,405.4,405.0,405.3,1695
PRAJIND,2026-04-27 14:58:00,405.3,405.3,405.0,405.15,2006
PRAJIND,2026-04-27 14:59:00,405.15,405.2,405.0,405.1,1800
PRAJIND,2026-04-27 15:00:00,405.4,405.45,405.05,405.35,8466
PRAJIND,2026-04-27 15:01:00,405.25,405.75,405.05,405.55,9802
PRAJIND,2026-04-27 15:02:00,405.6,405.7,405.25,405.65,2417
PRAJIND,2026-04-27 15:03:00,405.25,405.55,405.2,405.2,3046
PRAJIND,2026-04-27 15:04:00,405.5,405.5,404.4,404.85,7569
PRAJIND,2026-04-27 15:05:00,404.95,404.95,404.4,404.8,7165
PRAJIND,2026-04-27 15:06:00,404.85,404.85,404.4,404.5,6210
PRAJIND,2026-04-27 15:07:00,404.75,404.75,404.3,404.3,4812
PRAJIND,2026-04-27 15:08:00,404.7,404.9,404.1,404.9,10004
PRAJIND,2026-04-27 15:09:00,404.6,404.8,404.25,404.5,5150
PRAJIND,2026-04-27 15:10:00,404.25,404.25,403.4,403.75,17533
PRAJIND,2026-04-27 15:11:00,403.95,403.95,403.1,403.1,10531
PRAJIND,2026-04-27 15:12:00,403.35,403.35,402.7,402.7,10532
PRAJIND,2026-04-27 15:13:00,402.9,403.0,402.5,402.5,3506
PRAJIND,2026-04-27 15:14:00,402.7,402.9,402.65,402.9,9918
PRAJIND,2026-04-27 15:15:00,402.9,403.0,402.5,403.0,5532
PRAJIND,2026-04-27 15:16:00,402.6,403.0,402.6,402.9,4602
PRAJIND,2026-04-27 15:17:00,402.85,402.95,402.5,402.55,4902
PRAJIND,2026-04-27 15:18:00,402.9,402.9,402.5,402.7,9992
PRAJIND,2026-04-27 15:19:00,402.55,402.75,402.5,402.5,8912
PRAJIND,2026-04-27 15:20:00,402.75,402.8,402.5,402.5,8454
PRAJIND,2026-04-27 15:21:00,402.7,402.7,402.0,402.2,9338
PRAJIND,2026-04-27 15:22:00,402.6,402.6,402.0,402.0,9090
PRAJIND,2026-04-27 15:23:00,402.0,402.45,401.5,402.45,8826
PRAJIND,2026-04-27 15:24:00,402.45,402.6,401.8,402.2,19871
PRAJIND,2026-04-27 15:25:00,402.2,402.9,402.15,402.6,32900
PRAJIND,2026-04-27 15:26:00,402.9,402.95,402.35,402.55,6009
PRAJIND,2026-04-27 15:27:00,402.7,404.8,402.7,404.7,22314
PRAJIND,2026-04-27 15:28:00,404.7,404.7,403.15,403.15,4761
PRAJIND,2026-04-27 15:29:00,403.15,403.95,401.2,401.2,6483
PRAJIND,2026-04-28 09:15:00,403.35,403.4,402.1,402.4,7266
PRAJIND,2026-04-28 09:16:00,402.35,403.15,402.35,402.4,7709
PRAJIND,2026-04-28 09:17:00,402.7,402.7,401.0,401.2,7370
PRAJIND,2026-04-28 09:18:00,401.4,401.55,400.0,400.4,14030
PRAJIND,2026-04-28 09:19:00,400.65,401.15,400.4,401.15,7888
PRAJIND,2026-04-28 09:20:00,401.15,402.7,401.15,402.0,9191
PRAJIND,2026-04-28 09:21:00,402.0,402.0,400.55,401.9,7992
PRAJIND,2026-04-28 09:22:00,401.65,401.65,401.2,401.2,2741
PRAJIND,2026-04-28 09:23:00,401.5,401.5,400.9,400.9,3586
PRAJIND,2026-04-28 09:24:00,400.9,400.9,399.3,399.55,9210
PRAJIND,2026-04-28 09:25:00,399.35,400.0,399.25,399.85,6458
PRAJIND,2026-04-28 09:26:00,400.25,400.8,399.9,400.5,4116
PRAJIND,2026-04-28 09:27:00,400.85,400.85,399.85,400.2,10608
PRAJIND,2026-04-28 09:28:00,400.1,400.1,399.35,399.6,8184
PRAJIND,2026-04-28 09:29:00,399.7,400.25,399.6,399.8,6230
PRAJIND,2026-04-28 09:30:00,399.8,399.85,398.45,398.45,7708
PRAJIND,2026-04-28 09:31:00,398.55,398.7,398.25,398.5,5299
PRAJIND,2026-04-28 09:32:00,398.5,398.55,397.9,398.0,5431
PRAJIND,2026-04-28 09:33:00,398.05,398.05,397.35,397.95,3779
PRAJIND,2026-04-28 09:34:00,397.9,398.0,397.4,397.4,4487
PRAJIND,2026-04-28 09:35:00,397.6,397.65,396.8,397.25,13022
PRAJIND,2026-04-28 09:36:00,397.5,398.0,397.25,398.0,17963
PRAJIND,2026-04-28 09:37:00,398.0,398.6,398.0,398.25,25606
PRAJIND,2026-04-28 09:38:00,398.1,398.1,397.05,397.2,8318
PRAJIND,2026-04-28 09:39:00,397.35,397.65,397.05,397.65,5550
PRAJIND,2026-04-28 09:40:00,397.65,397.85,397.4,397.7,8436
PRAJIND,2026-04-28 09:41:00,397.65,398.0,397.5,397.5,5145
PRAJIND,2026-04-28 09:42:00,397.5,397.75,397.5,397.75,2174
PRAJIND,2026-04-28 09:43:00,397.75,398.0,397.5,398.0,6223
PRAJIND,2026-04-28 09:44:00,397.95,397.95,397.35,397.75,5225
PRAJIND,2026-04-28 09:45:00,397.3,397.95,397.3,397.95,2036
PRAJIND,2026-04-28 09:46:00,397.95,398.0,396.55,396.55,64123
PRAJIND,2026-04-28 09:47:00,396.65,397.0,396.5,396.6,5715
PRAJIND,2026-04-28 09:48:00,396.7,396.7,395.35,395.9,16726
PRAJIND,2026-04-28 09:49:00,395.9,395.95,395.5,395.8,4508
PRAJIND,2026-04-28 09:50:00,395.6,395.75,395.25,395.4,3727
PRAJIND,2026-04-28 09:51:00,395.4,395.85,395.05,395.85,15246
PRAJIND,2026-04-28 09:52:00,395.7,396.65,395.6,396.65,6028
PRAJIND,2026-04-28 09:53:00,396.5,396.85,396.5,396.6,5824
PRAJIND,2026-04-28 09:54:00,396.65,396.95,396.65,396.85,2195
PRAJIND,2026-04-28 09:55:00,397.0,397.0,396.5,396.85,3749
PRAJIND,2026-04-28 09:56:00,396.65,397.1,396.65,396.85,2617
PRAJIND,2026-04-28 09:57:00,396.75,396.85,396.4,396.65,3930
PRAJIND,2026-04-28 09:58:00,396.65,396.65,396.1,396.4,2200
PRAJIND,2026-04-28 09:59:00,396.35,396.45,396.0,396.45,538
PRAJIND,2026-04-28 10:00:00,396.45,396.65,396.35,396.35,2334
PRAJIND,2026-04-28 10:01:00,396.35,396.5,396.1,396.5,2100
PRAJIND,2026-04-28 10:02:00,396.45,396.65,396.2,396.5,1992
PRAJIND,2026-04-28 10:03:00,396.8,396.8,395.95,396.45,6822
PRAJIND,2026-04-28 10:04:00,396.3,396.4,396.25,396.25,2785
PRAJIND,2026-04-28 10:05:00,396.25,396.25,396.0,396.2,522
PRAJIND,2026-04-28 10:06:00,396.2,396.2,396.05,396.2,1049
PRAJIND,2026-04-28 10:07:00,396.2,396.55,396.1,396.3,3244
PRAJIND,2026-04-28 10:08:00,396.5,396.5,396.3,396.3,890
PRAJIND,2026-04-28 10:09:00,396.4,396.6,396.3,396.55,1772
PRAJIND,2026-04-28 10:10:00,396.65,396.65,396.0,396.35,3744
PRAJIND,2026-04-28 10:11:00,396.35,396.4,396.05,396.3,986
PRAJIND,2026-04-28 10:12:00,396.3,396.35,396.1,396.3,1380
PRAJIND,2026-04-28 10:13:00,396.4,396.4,396.05,396.05,1057
PRAJIND,2026-04-28 10:14:00,396.2,396.2,395.95,396.15,8285
PRAJIND,2026-04-28 10:15:00,395.95,396.25,395.95,396.0,3184
PRAJIND,2026-04-28 10:16:00,396.0,396.3,396.0,396.3,306
PRAJIND,2026-04-28 10:17:00,396.3,396.3,396.0,396.0,1963
PRAJIND,2026-04-28 10:18:00,396.0,396.2,395.85,396.2,1467
PRAJIND,2026-04-28 10:19:00,396.2,396.2,395.6,395.6,1113
PRAJIND,2026-04-28 10:20:00,395.6,395.75,395.55,395.6,6378
PRAJIND,2026-04-28 10:21:00,395.6,395.7,395.6,395.65,1073
PRAJIND,2026-04-28 10:22:00,395.65,396.8,395.65,396.55,3445
PRAJIND,2026-04-28 10:23:00,396.55,397.25,396.45,396.9,4509
PRAJIND,2026-04-28 10:24:00,397.2,397.5,397.1,397.5,1572
PRAJIND,2026-04-28 10:25:00,397.3,397.3,396.95,397.3,2135
PRAJIND,2026-04-28 10:26:00,397.3,397.45,397.0,397.0,7523
PRAJIND,2026-04-28 10:27:00,397.0,397.1,396.8,396.85,1298
PRAJIND,2026-04-28 10:28:00,396.85,396.85,396.4,396.4,7088
PRAJIND,2026-04-28 10:29:00,396.4,396.75,396.4,396.65,671
PRAJIND,2026-04-28 10:30:00,396.6,396.6,396.2,396.5,3537
PRAJIND,2026-04-28 10:31:00,396.5,396.6,396.35,396.55,529
PRAJIND,2026-04-28 10:32:00,396.55,396.6,396.25,396.4,1314
PRAJIND,2026-04-28 10:33:00,396.6,396.6,396.3,396.55,1811
PRAJIND,2026-04-28 10:34:00,396.3,396.8,396.3,396.75,2034
PRAJIND,2026-04-28 10:35:00,396.9,396.9,396.55,396.7,987
PRAJIND,2026-04-28 10:36:00,396.7,396.85,396.5,396.7,1152
PRAJIND,2026-04-28 10:37:00,396.7,396.85,396.7,396.7,350
PRAJIND,2026-04-28 10:38:00,396.7,396.7,396.7,396.7,273
PRAJIND,2026-04-28 10:39:00,396.6,396.8,396.5,396.65,1685
PRAJIND,2026-04-28 10:40:00,396.65,396.7,396.4,396.65,684
PRAJIND,2026-04-28 10:41:00,396.65,396.65,396.15,396.15,1273
PRAJIND,2026-04-28 10:42:00,396.5,396.5,395.75,395.75,4860
PRAJIND,2026-04-28 10:43:00,395.75,396.0,395.7,395.7,1010
PRAJIND,2026-04-28 10:44:00,395.75,397.4,395.75,397.4,44188
PRAJIND,2026-04-28 10:45:00,397.35,397.5,397.15,397.35,1455
PRAJIND,2026-04-28 10:46:00,397.35,397.5,397.35,397.5,601
PRAJIND,2026-04-28 10:47:00,397.5,397.55,397.35,397.35,2367
PRAJIND,2026-04-28 10:48:00,397.35,397.6,397.15,397.6,1442
PRAJIND,2026-04-28 10:49:00,397.6,397.6,397.0,397.15,7783
PRAJIND,2026-04-28 10:50:00,397.15,397.45,397.15,397.4,409
PRAJIND,2026-04-28 10:51:00,397.4,397.4,397.0,397.0,1387
PRAJIND,2026-04-28 10:52:00,397.4,397.5,397.2,397.45,522
PRAJIND,2026-04-28 10:53:00,397.45,397.5,397.2,397.45,481
PRAJIND,2026-04-28 10:54:00,397.4,397.4,397.05,397.05,905
PRAJIND,2026-04-28 10:55:00,397.05,397.35,397.05,397.35,1755
PRAJIND,2026-04-28 10:56:00,397.35,397.35,397.1,397.35,779
PRAJIND,2026-04-28 10:57:00,397.35,397.35,397.2,397.2,396
PRAJIND,2026-04-28 10:58:00,397.2,397.5,397.2,397.5,483
PRAJIND,2026-04-28 10:59:00,397.5,397.55,397.1,397.55,1488
PRAJIND,2026-04-28 11:00:00,397.55,397.55,397.35,397.5,542
PRAJIND,2026-04-28 11:01:00,397.15,397.5,397.15,397.25,2281
PRAJIND,2026-04-28 11:02:00,397.25,397.5,397.15,397.15,441
PRAJIND,2026-04-28 11:03:00,397.15,397.5,397.15,397.5,1238
PRAJIND,2026-04-28 11:04:00,397.5,397.5,397.25,397.5,694
PRAJIND,2026-04-28 11:05:00,397.5,397.5,397.2,397.25,1702
PRAJIND,2026-04-28 11:06:00,397.25,397.5,397.25,397.5,913
PRAJIND,2026-04-28 11:07:00,397.5,397.5,397.2,397.4,432
PRAJIND,2026-04-28 11:08:00,397.4,397.4,397.2,397.4,721
PRAJIND,2026-04-28 11:09:00,397.4,397.4,397.05,397.3,1869
PRAJIND,2026-04-28 11:10:00,397.35,397.35,397.0,397.0,1016
PRAJIND,2026-04-28 11:11:00,397.05,397.25,396.6,396.8,2020
PRAJIND,2026-04-28 11:12:00,396.7,396.7,396.2,396.45,778
PRAJIND,2026-04-28 11:13:00,396.6,396.75,396.55,396.7,906
PRAJIND,2026-04-28 11:14:00,396.7,396.95,396.55,396.95,1991
PRAJIND,2026-04-28 11:15:00,396.75,396.9,396.6,396.85,800
PRAJIND,2026-04-28 11:16:00,396.85,396.9,396.45,396.8,8489
PRAJIND,2026-04-28 11:17:00,396.8,396.8,396.55,396.75,282
PRAJIND,2026-04-28 11:18:00,396.75,397.0,396.75,397.0,2456
PRAJIND,2026-04-28 11:19:00,397.0,397.0,396.85,396.85,425
PRAJIND,2026-04-28 11:20:00,396.85,396.85,396.6,396.8,7167
PRAJIND,2026-04-28 11:21:00,396.8,396.8,396.3,396.65,978
PRAJIND,2026-04-28 11:22:00,396.35,396.65,396.35,396.65,423
PRAJIND,2026-04-28 11:23:00,396.65,396.65,396.2,396.4,1376
PRAJIND,2026-04-28 11:24:00,396.4,396.4,396.05,396.05,1392
PRAJIND,2026-04-28 11:25:00,396.15,396.25,396.0,396.2,2520
PRAJIND,2026-04-28 11:26:00,396.2,396.35,396.0,396.0,2743
PRAJIND,2026-04-28 11:27:00,396.0,396.0,395.8,395.8,298
PRAJIND,2026-04-28 11:28:00,395.8,396.05,395.75,395.85,2276
PRAJIND,2026-04-28 11:29:00,395.7,395.85,394.7,394.95,29731
PRAJIND,2026-04-28 11:30:00,394.95,394.95,393.55,394.2,25029
PRAJIND,2026-04-28 11:31:00,394.0,394.85,393.75,393.75,18903
PRAJIND,2026-04-28 11:32:00,393.8,393.8,393.55,393.7,2457
PRAJIND,2026-04-28 11:33:00,393.7,393.75,393.6,393.75,3025
PRAJIND,2026-04-28 11:34:00,393.8,393.9,393.55,393.8,2453
PRAJIND,2026-04-28 11:35:00,393.8,394.0,393.8,394.0,1337
PRAJIND,2026-04-28 11:36:00,394.0,394.0,393.9,394.0,1977
PRAJIND,2026-04-28 11:37:00,394.0,394.0,393.95,394.0,1568
PRAJIND,2026-04-28 11:38:00,394.0,394.0,393.95,394.0,2518
PRAJIND,2026-04-28 11:39:00,394.0,394.0,393.95,394.0,2552
PRAJIND,2026-04-28 11:40:00,393.8,394.55,393.8,394.5,7941
PRAJIND,2026-04-28 11:41:00,394.35,394.7,394.35,394.7,2285
PRAJIND,2026-04-28 11:42:00,394.75,394.75,394.5,394.5,955
PRAJIND,2026-04-28 11:43:00,394.7,395.05,394.7,395.05,681
PRAJIND,2026-04-28 11:44:00,395.0,395.3,394.8,395.25,1037
PRAJIND,2026-04-28 11:45:00,395.25,395.4,395.25,395.25,649
PRAJIND,2026-04-28 11:46:00,395.25,395.4,395.25,395.25,1291
PRAJIND,2026-04-28 11:47:00,395.25,395.3,395.1,395.3,2836
PRAJIND,2026-04-28 11:48:00,395.3,395.4,395.05,395.4,1053
PRAJIND,2026-04-28 11:49:00,395.4,395.4,395.15,395.4,983
PRAJIND,2026-04-28 11:50:00,395.4,395.45,395.2,395.45,1026
PRAJIND,2026-04-28 11:51:00,395.4,395.4,394.6,394.6,22441
PRAJIND,2026-04-28 11:52:00,394.6,394.85,394.45,394.85,726
PRAJIND,2026-04-28 11:53:00,394.85,395.0,394.65,395.0,486
PRAJIND,2026-04-28 11:54:00,395.0,395.3,394.85,395.3,265
PRAJIND,2026-04-28 11:55:00,395.3,395.45,395.3,395.45,466
PRAJIND,2026-04-28 11:56:00,395.45,395.5,395.05,395.2,763
PRAJIND,2026-04-28 11:57:00,395.2,395.4,395.05,395.15,1048
PRAJIND,2026-04-28 11:58:00,395.15,395.4,395.1,395.35,636
PRAJIND,2026-04-28 11:59:00,395.35,395.35,395.0,395.2,967
PRAJIND,2026-04-28 12:00:00,395.2,395.2,395.0,395.0,421
PRAJIND,2026-04-28 12:01:00,395.0,395.05,394.75,394.75,897
PRAJIND,2026-04-28 12:02:00,394.9,395.15,394.7,395.15,2431
PRAJIND,2026-04-28 12:03:00,395.15,395.35,395.05,395.05,645
PRAJIND,2026-04-28 12:04:00,395.05,395.5,395.0,395.0,1085
PRAJIND,2026-04-28 12:05:00,395.0,395.15,394.75,394.8,2303
PRAJIND,2026-04-28 12:06:00,394.8,395.1,394.6,394.6,1626
PRAJIND,2026-04-28 12:07:00,394.6,395.0,394.6,395.0,751
PRAJIND,2026-04-28 12:08:00,395.0,395.05,394.8,395.05,235
PRAJIND,2026-04-28 12:09:00,395.05,395.1,395.05,395.1,278
PRAJIND,2026-04-28 12:10:00,395.1,395.3,395.05,395.3,835
PRAJIND,2026-04-28 12:11:00,395.3,395.3,395.05,395.05,1019
PRAJIND,2026-04-28 12:12:00,395.05,395.1,395.0,395.0,895
PRAJIND,2026-04-28 12:13:00,395.0,395.1,395.0,395.0,593
PRAJIND,2026-04-28 12:14:00,395.0,395.3,395.0,395.3,438
PRAJIND,2026-04-28 12:15:00,395.1,395.4,395.1,395.4,374
PRAJIND,2026-04-28 12:16:00,395.4,395.85,395.4,395.65,6139
PRAJIND,2026-04-28 12:17:00,395.65,395.65,395.25,395.5,614
PRAJIND,2026-04-28 12:18:00,395.5,395.5,395.2,395.3,1701
PRAJIND,2026-04-28 12:19:00,395.3,395.3,395.05,395.05,776
PRAJIND,2026-04-28 12:20:00,395.05,395.55,395.0,395.55,1598
PRAJIND,2026-04-28 12:21:00,395.3,395.55,395.25,395.45,403
PRAJIND,2026-04-28 12:22:00,395.25,395.25,394.65,394.85,1455
PRAJIND,2026-04-28 12:23:00,394.85,395.0,394.55,394.55,1070
PRAJIND,2026-04-28 12:24:00,394.55,395.0,394.5,395.0,2244
PRAJIND,2026-04-28 12:25:00,395.0,395.0,395.0,395.0,258
PRAJIND,2026-04-28 12:26:00,395.0,395.2,394.65,394.65,3198
PRAJIND,2026-04-28 12:27:00,394.65,395.15,394.65,394.8,277
PRAJIND,2026-04-28 12:28:00,394.8,395.25,394.8,395.15,225
PRAJIND,2026-04-28 12:29:00,395.4,395.4,395.15,395.2,1400
PRAJIND,2026-04-28 12:30:00,395.2,395.35,395.15,395.25,486
PRAJIND,2026-04-28 12:31:00,395.25,395.25,394.9,394.95,1428
PRAJIND,2026-04-28 12:32:00,394.95,394.95,394.6,394.9,790
PRAJIND,2026-04-28 12:33:00,394.9,395.25,394.9,395.15,1126
PRAJIND,2026-04-28 12:34:00,395.2,395.2,394.9,395.15,407
PRAJIND,2026-04-28 12:35:00,395.15,395.4,394.9,395.4,566
PRAJIND,2026-04-28 12:36:00,395.4,395.5,395.25,395.5,493
PRAJIND,2026-04-28 12:37:00,395.5,395.5,395.3,395.5,1271
PRAJIND,2026-04-28 12:38:00,395.5,395.55,395.05,395.55,1940
PRAJIND,2026-04-28 12:39:00,395.55,395.65,395.3,395.6,1074
PRAJIND,2026-04-28 12:40:00,395.6,395.65,395.3,395.65,1059
PRAJIND,2026-04-28 12:41:00,395.65,395.65,395.35,395.35,427
PRAJIND,2026-04-28 12:42:00,395.7,395.85,395.55,395.85,569
PRAJIND,2026-04-28 12:43:00,395.6,395.85,395.45,395.7,830
PRAJIND,2026-04-28 12:44:00,395.45,395.85,395.45,395.85,333
PRAJIND,2026-04-28 12:45:00,395.85,396.0,395.85,396.0,2940
PRAJIND,2026-04-28 12:46:00,396.0,396.0,395.55,395.55,927
PRAJIND,2026-04-28 12:47:00,395.45,395.6,395.25,395.35,739
PRAJIND,2026-04-28 12:48:00,395.35,395.8,395.35,395.7,905
PRAJIND,2026-04-28 12:49:00,395.8,395.85,395.45,395.8,711
PRAJIND,2026-04-28 12:50:00,395.8,395.95,395.65,395.95,495
PRAJIND,2026-04-28 12:51:00,395.95,396.05,395.65,395.65,2575
PRAJIND,2026-04-28 12:52:00,395.65,396.1,395.65,396.1,632
PRAJIND,2026-04-28 12:53:00,396.1,396.1,395.95,396.05,286
PRAJIND,2026-04-28 12:54:00,396.05,396.05,395.5,395.75,1444
PRAJIND,2026-04-28 12:55:00,395.75,395.75,395.5,395.5,343
PRAJIND,2026-04-28 12:56:00,395.5,395.75,395.5,395.75,436
PRAJIND,2026-04-28 12:57:00,395.75,396.2,395.75,396.2,1396
PRAJIND,2026-04-28 12:58:00,396.2,396.2,395.95,396.05,555
PRAJIND,2026-04-28 12:59:00,396.05,396.05,395.65,396.0,499
PRAJIND,2026-04-28 13:00:00,395.9,396.1,395.75,395.95,1172
PRAJIND,2026-04-28 13:01:00,395.95,396.05,395.65,395.65,1743
PRAJIND,2026-04-28 13:02:00,395.65,396.05,395.65,396.05,305
PRAJIND,2026-04-28 13:03:00,396.05,396.2,395.95,396.2,2400
PRAJIND,2026-04-28 13:04:00,396.2,396.45,396.15,396.35,998
PRAJIND,2026-04-28 13:05:00,396.35,396.5,396.25,396.4,1097
PRAJIND,2026-04-28 13:06:00,396.4,396.5,396.05,396.25,2923
PRAJIND,2026-04-28 13:07:00,396.25,396.4,396.25,396.35,426
PRAJIND,2026-04-28 13:08:00,396.35,396.5,396.15,396.5,498
PRAJIND,2026-04-28 13:09:00,396.5,396.6,396.1,396.1,3765
PRAJIND,2026-04-28 13:10:00,396.1,396.5,396.1,396.5,1401
PRAJIND,2026-04-28 13:11:00,396.5,396.55,396.4,396.5,1257
PRAJIND,2026-04-28 13:12:00,396.5,396.6,396.5,396.5,434
PRAJIND,2026-04-28 13:13:00,396.5,396.6,396.35,396.4,338
PRAJIND,2026-04-28 13:14:00,396.4,396.6,396.4,396.4,989
PRAJIND,2026-04-28 13:15:00,396.15,396.5,396.15,396.4,788
PRAJIND,2026-04-28 13:16:00,396.4,396.55,396.25,396.25,1163
PRAJIND,2026-04-28 13:17:00,396.25,396.65,396.25,396.55,620
PRAJIND,2026-04-28 13:18:00,396.55,396.6,396.1,396.4,2260
PRAJIND,2026-04-28 13:19:00,396.5,396.6,396.4,396.4,792
PRAJIND,2026-04-28 13:20:00,396.4,396.5,395.95,395.95,531
PRAJIND,2026-04-28 13:21:00,395.95,396.5,395.95,396.45,3515
PRAJIND,2026-04-28 13:22:00,396.45,396.6,396.25,396.5,687
PRAJIND,2026-04-28 13:23:00,396.6,396.6,396.25,396.55,454
PRAJIND,2026-04-28 13:24:00,396.5,396.55,396.25,396.25,877
PRAJIND,2026-04-28 13:25:00,396.25,396.6,396.15,396.5,2781
PRAJIND,2026-04-28 13:26:00,396.5,396.6,396.25,396.5,516
PRAJIND,2026-04-28 13:27:00,396.5,396.6,396.15,396.45,1521
PRAJIND,2026-04-28 13:28:00,396.45,396.5,396.25,396.45,1993
PRAJIND,2026-04-28 13:29:00,396.2,396.4,396.2,396.2,638
PRAJIND,2026-04-28 13:30:00,396.2,396.45,396.2,396.4,605
PRAJIND,2026-04-28 13:31:00,396.4,396.4,396.0,396.0,1754
PRAJIND,2026-04-28 13:32:00,396.0,396.15,395.9,395.9,1660
PRAJIND,2026-04-28 13:33:00,395.9,395.9,395.4,395.65,2681
PRAJIND,2026-04-28 13:34:00,395.65,395.9,395.6,395.65,649
PRAJIND,2026-04-28 13:35:00,395.65,395.9,395.4,395.4,1122
PRAJIND,2026-04-28 13:36:00,395.7,395.75,395.35,395.35,1277
PRAJIND,2026-04-28 13:37:00,395.55,395.95,395.55,395.65,1507
PRAJIND,2026-04-28 13:38:00,395.65,395.8,395.45,395.55,785
PRAJIND,2026-04-28 13:39:00,395.7,395.8,395.35,395.8,684
PRAJIND,2026-04-28 13:40:00,395.8,395.85,395.35,395.7,3910
PRAJIND,2026-04-28 13:41:00,395.6,396.0,395.6,395.95,738
PRAJIND,2026-04-28 13:42:00,395.95,396.0,395.7,395.8,637
PRAJIND,2026-04-28 13:43:00,395.8,396.0,395.6,395.6,639
PRAJIND,2026-04-28 13:44:00,395.6,395.8,395.4,395.75,1003
PRAJIND,2026-04-28 13:45:00,395.45,395.7,395.4,395.55,776
PRAJIND,2026-04-28 13:46:00,395.65,395.85,395.55,395.65,1126
PRAJIND,2026-04-28 13:47:00,395.65,395.75,395.4,395.65,539
PRAJIND,2026-04-28 13:48:00,395.7,395.8,395.5,395.5,499
PRAJIND,2026-04-28 13:49:00,395.5,395.6,395.3,395.3,1779
PRAJIND,2026-04-28 13:50:00,395.3,395.4,395.25,395.35,1371
PRAJIND,2026-04-28 13:51:00,395.35,395.65,395.35,395.45,527
PRAJIND,2026-04-28 13:52:00,395.45,395.5,395.3,395.4,479
PRAJIND,2026-04-28 13:53:00,395.4,395.7,395.3,395.65,655
PRAJIND,2026-04-28 13:54:00,395.3,395.6,395.05,395.4,3713
PRAJIND,2026-04-28 13:55:00,395.4,395.55,395.2,395.5,1009
PRAJIND,2026-04-28 13:56:00,395.55,395.9,395.25,395.9,6257
PRAJIND,2026-04-28 13:57:00,395.9,396.0,395.55,395.55,1126
PRAJIND,2026-04-28 13:58:00,395.55,396.0,395.55,395.95,579
PRAJIND,2026-04-28 13:59:00,395.75,395.95,395.05,395.1,5869
PRAJIND,2026-04-28 14:00:00,395.05,395.05,394.5,395.05,6230
PRAJIND,2026-04-28 14:01:00,394.75,394.95,394.75,394.95,882
PRAJIND,2026-04-28 14:02:00,394.95,395.0,394.6,394.7,1036
PRAJIND,2026-04-28 14:03:00,394.7,395.0,394.7,394.9,912
PRAJIND,2026-04-28 14:04:00,394.7,395.0,394.7,394.7,917
PRAJIND,2026-04-28 14:05:00,394.7,394.85,394.7,394.75,1642
PRAJIND,2026-04-28 14:06:00,394.75,394.85,394.7,394.7,1006
PRAJIND,2026-04-28 14:07:00,394.7,394.85,394.6,394.8,1173
PRAJIND,2026-04-28 14:08:00,394.8,394.85,394.7,394.8,1208
PRAJIND,2026-04-28 14:09:00,394.8,395.0,394.7,394.9,2798
PRAJIND,2026-04-28 14:10:00,394.9,395.15,394.7,394.7,1141
PRAJIND,2026-04-28 14:11:00,394.85,394.85,394.6,394.75,892
PRAJIND,2026-04-28 14:12:00,394.6,394.9,394.6,394.9,544
PRAJIND,2026-04-28 14:13:00,394.8,394.8,394.4,394.55,4161
PRAJIND,2026-04-28 14:14:00,394.5,394.55,394.05,394.15,3193
PRAJIND,2026-04-28 14:15:00,394.15,394.4,394.05,394.3,844
PRAJIND,2026-04-28 14:16:00,394.3,394.45,394.3,394.35,568
PRAJIND,2026-04-28 14:17:00,394.2,394.35,394.05,394.3,806
PRAJIND,2026-04-28 14:18:00,394.3,394.85,394.05,394.65,20824
PRAJIND,2026-04-28 14:19:00,394.65,395.2,394.65,395.05,570
PRAJIND,2026-04-28 14:20:00,394.8,395.1,394.75,395.1,3953
PRAJIND,2026-04-28 14:21:00,395.1,395.15,394.8,395.0,965
PRAJIND,2026-04-28 14:22:00,395.15,395.4,395.0,395.4,821
PRAJIND,2026-04-28 14:23:00,395.6,395.7,395.45,395.6,1239
PRAJIND,2026-04-28 14:24:00,395.75,395.8,395.5,395.75,1094
PRAJIND,2026-04-28 14:25:00,395.6,395.9,395.6,395.65,1546
PRAJIND,2026-04-28 14:26:00,395.65,396.0,395.45,395.85,2146
PRAJIND,2026-04-28 14:27:00,395.85,396.0,395.55,395.55,607
PRAJIND,2026-04-28 14:28:00,395.55,396.0,395.55,395.95,3768
PRAJIND,2026-04-28 14:29:00,395.95,396.1,395.9,396.0,725
PRAJIND,2026-04-28 14:30:00,396.1,396.3,396.1,396.2,1923
PRAJIND,2026-04-28 14:31:00,396.2,396.5,396.15,396.5,2008
PRAJIND,2026-04-28 14:32:00,396.5,396.7,396.4,396.6,550
PRAJIND,2026-04-28 14:33:00,396.6,396.65,396.55,396.55,2540
PRAJIND,2026-04-28 14:34:00,396.65,396.65,396.5,396.6,2242
PRAJIND,2026-04-28 14:35:00,396.6,396.6,396.4,396.5,653
PRAJIND,2026-04-28 14:36:00,396.45,396.45,396.15,396.25,1132
PRAJIND,2026-04-28 14:37:00,396.35,396.45,396.35,396.4,2358
PRAJIND,2026-04-28 14:38:00,396.4,396.4,396.2,396.2,613
PRAJIND,2026-04-28 14:39:00,396.15,396.4,396.15,396.35,740
PRAJIND,2026-04-28 14:40:00,396.4,396.65,396.3,396.45,14229
PRAJIND,2026-04-28 14:41:00,396.45,396.6,396.35,396.4,417
PRAJIND,2026-04-28 14:42:00,396.65,396.65,396.15,396.15,1104
PRAJIND,2026-04-28 14:43:00,396.15,396.45,396.15,396.4,961
PRAJIND,2026-04-28 14:44:00,396.4,396.8,396.35,396.55,2121
PRAJIND,2026-04-28 14:45:00,396.8,396.8,396.3,396.55,940
PRAJIND,2026-04-28 14:46:00,396.55,396.95,396.45,396.6,4104
PRAJIND,2026-04-28 14:47:00,396.6,396.95,396.6,396.6,8320
PRAJIND,2026-04-28 14:48:00,396.8,396.95,396.6,396.95,4160
PRAJIND,2026-04-28 14:49:00,396.9,396.95,396.7,396.7,995
PRAJIND,2026-04-28 14:50:00,396.7,396.85,396.65,396.85,1192
PRAJIND,2026-04-28 14:51:00,396.85,396.9,396.7,396.7,1115
PRAJIND,2026-04-28 14:52:00,396.7,396.85,396.35,396.55,2946
PRAJIND,2026-04-28 14:53:00,396.8,396.8,396.4,396.5,1179
PRAJIND,2026-04-28 14:54:00,396.5,396.7,396.5,396.6,518
PRAJIND,2026-04-28 14:55:00,396.95,396.95,396.7,396.7,12599
PRAJIND,2026-04-28 14:56:00,396.9,396.95,396.7,396.7,3924
PRAJIND,2026-04-28 14:57:00,396.7,396.75,396.45,396.6,1386
PRAJIND,2026-04-28 14:58:00,396.6,396.9,396.6,396.85,1828
PRAJIND,2026-04-28 14:59:00,396.85,396.85,396.5,396.75,1368
PRAJIND,2026-04-28 15:00:00,396.75,396.85,396.5,396.55,1491
PRAJIND,2026-04-28 15:01:00,396.45,396.85,396.45,396.85,3637
PRAJIND,2026-04-28 15:02:00,396.85,396.9,396.55,396.55,3103
PRAJIND,2026-04-28 15:03:00,396.55,396.55,396.25,396.5,1454
PRAJIND,2026-04-28 15:04:00,396.25,396.5,396.2,396.2,1946
PRAJIND,2026-04-28 15:05:00,396.25,396.5,395.8,396.5,6498
PRAJIND,2026-04-28 15:06:00,396.5,396.5,396.3,396.5,1045
PRAJIND,2026-04-28 15:07:00,396.5,396.7,396.2,396.7,2310
PRAJIND,2026-04-28 15:08:00,396.55,396.7,396.2,396.7,3535
PRAJIND,2026-04-28 15:09:00,396.75,396.75,396.35,396.7,7393
PRAJIND,2026-04-28 15:10:00,396.7,396.95,395.85,395.85,2043
PRAJIND,2026-04-28 15:11:00,395.85,395.85,395.5,395.65,24042
PRAJIND,2026-04-28 15:12:00,395.45,395.95,395.45,395.9,2379
PRAJIND,2026-04-28 15:13:00,395.9,396.0,395.9,395.95,1483
PRAJIND,2026-04-28 15:14:00,395.95,395.95,395.25,395.6,7564
PRAJIND,2026-04-28 15:15:00,395.25,395.25,394.4,394.8,8138
PRAJIND,2026-04-28 15:16:00,394.8,394.8,394.05,394.5,10448
PRAJIND,2026-04-28 15:17:00,394.55,394.85,394.55,394.85,2536
PRAJIND,2026-04-28 15:18:00,394.8,394.9,394.35,394.9,4403
PRAJIND,2026-04-28 15:19:00,394.9,394.9,394.0,394.0,7227
PRAJIND,2026-04-28 15:20:00,394.0,394.1,394.0,394.0,4179
PRAJIND,2026-04-28 15:21:00,394.05,394.05,393.6,393.6,10803
PRAJIND,2026-04-28 15:22:00,393.55,394.1,393.55,394.1,2028
PRAJIND,2026-04-28 15:23:00,394.0,394.3,394.0,394.3,2495
PRAJIND,2026-04-28 15:24:00,394.25,394.5,394.0,394.5,3516
PRAJIND,2026-04-28 15:25:00,394.5,394.6,394.1,394.6,4907
PRAJIND,2026-04-28 15:26:00,394.65,394.65,394.35,394.35,2070
PRAJIND,2026-04-28 15:27:00,394.3,394.3,394.05,394.25,9688
PRAJIND,2026-04-28 15:28:00,394.0,394.2,394.0,394.2,7212
PRAJIND,2026-04-28 15:29:00,394.2,394.2,393.9,394.2,7074
PRAJIND,2026-04-29 09:15:00,401.05,402.85,399.8,402.1,57174
PRAJIND,2026-04-29 09:16:00,402.25,404.3,401.55,403.65,48307
PRAJIND,2026-04-29 09:17:00,403.85,408.95,403.85,407.25,148352
PRAJIND,2026-04-29 09:18:00,407.9,408.0,404.15,404.35,26007
PRAJIND,2026-04-29 09:19:00,404.45,406.0,402.3,403.0,33251
PRAJIND,2026-04-29 09:20:00,403.0,404.0,402.7,403.4,19016
PRAJIND,2026-04-29 09:21:00,403.4,403.8,402.7,403.15,11184
PRAJIND,2026-04-29 09:22:00,403.15,403.35,402.9,402.9,7048
PRAJIND,2026-04-29 09:23:00,402.6,402.6,401.6,401.7,16313
PRAJIND,2026-04-29 09:24:00,401.8,403.8,401.8,403.8,12451
PRAJIND,2026-04-29 09:25:00,403.85,403.9,402.75,402.75,11672
PRAJIND,2026-04-29 09:26:00,402.85,405.3,402.85,404.4,31631
PRAJIND,2026-04-29 09:27:00,404.4,405.4,404.25,405.0,14604
PRAJIND,2026-04-29 09:28:00,405.5,407.5,405.5,406.45,34290
PRAJIND,2026-04-29 09:29:00,406.1,408.45,405.7,408.25,36332
PRAJIND,2026-04-29 09:30:00,408.25,408.55,407.2,407.5,16628
PRAJIND,2026-04-29 09:31:00,407.5,408.0,406.2,407.1,17556
PRAJIND,2026-04-29 09:32:00,407.0,407.0,405.5,405.5,14372
PRAJIND,2026-04-29 09:33:00,405.5,405.95,404.6,404.85,12807
PRAJIND,2026-04-29 09:34:00,404.65,404.8,403.45,403.65,11671
PRAJIND,2026-04-29 09:35:00,403.9,404.05,403.4,403.4,10972
PRAJIND,2026-04-29 09:36:00,403.25,404.35,403.25,403.95,5000
PRAJIND,2026-04-29 09:37:00,403.9,406.5,403.45,405.8,13633
PRAJIND,2026-04-29 09:38:00,405.9,405.9,405.45,405.7,2464
PRAJIND,2026-04-29 09:39:00,405.6,406.9,404.8,406.7,15635
PRAJIND,2026-04-29 09:40:00,406.65,406.9,406.25,406.25,7654
PRAJIND,2026-04-29 09:41:00,406.4,406.65,406.1,406.35,4662
PRAJIND,2026-04-29 09:42:00,406.35,406.35,405.35,405.35,7112
PRAJIND,2026-04-29 09:43:00,404.85,405.5,404.65,404.65,7058
PRAJIND,2026-04-29 09:44:00,404.5,404.6,403.95,404.0,8769
PRAJIND,2026-04-29 09:45:00,404.15,404.5,404.1,404.4,3208
PRAJIND,2026-04-29 09:46:00,404.25,404.45,404.05,404.15,3644
PRAJIND,2026-04-29 09:47:00,404.15,404.2,403.75,403.85,8559
PRAJIND,2026-04-29 09:48:00,403.8,404.0,403.75,403.8,19932
PRAJIND,2026-04-29 09:49:00,403.75,403.75,403.35,403.7,5619
PRAJIND,2026-04-29 09:50:00,403.5,403.7,403.45,403.7,855
PRAJIND,2026-04-29 09:51:00,403.45,403.5,403.3,403.5,4830
PRAJIND,2026-04-29 09:52:00,403.5,403.5,402.3,402.3,3242
PRAJIND,2026-04-29 09:53:00,402.3,402.8,402.2,402.7,3256
PRAJIND,2026-04-29 09:54:00,402.7,403.0,402.35,402.65,3681
PRAJIND,2026-04-29 09:55:00,402.75,402.8,402.4,402.45,3139
PRAJIND,2026-04-29 09:56:00,402.45,402.5,402.0,402.1,5053
PRAJIND,2026-04-29 09:57:00,402.1,402.1,401.55,402.0,7159
PRAJIND,2026-04-29 09:58:00,402.0,402.35,402.0,402.35,2798
PRAJIND,2026-04-29 09:59:00,402.35,402.35,402.05,402.35,1007
PRAJIND,2026-04-29 10:00:00,402.1,402.1,401.55,401.85,2712
PRAJIND,2026-04-29 10:01:00,401.85,402.45,401.85,402.0,3529
PRAJIND,2026-04-29 10:02:00,402.0,402.25,401.1,401.5,8939
PRAJIND,2026-04-29 10:03:00,401.5,402.05,401.5,401.9,3576
PRAJIND,2026-04-29 10:04:00,401.8,402.35,401.55,402.2,7673
PRAJIND,2026-04-29 10:05:00,402.3,402.95,402.05,402.85,12586
PRAJIND,2026-04-29 10:06:00,402.6,403.1,402.5,402.9,4789
PRAJIND,2026-04-29 10:07:00,402.9,402.9,402.05,402.7,8195
PRAJIND,2026-04-29 10:08:00,402.4,402.4,402.0,402.05,3674
PRAJIND,2026-04-29 10:09:00,401.75,402.1,401.6,402.1,7849
PRAJIND,2026-04-29 10:10:00,401.85,401.95,401.45,401.7,5823
PRAJIND,2026-04-29 10:11:00,401.55,401.8,401.4,401.4,915
PRAJIND,2026-04-29 10:12:00,401.4,401.4,401.0,401.1,1545
PRAJIND,2026-04-29 10:13:00,401.15,401.4,401.1,401.4,928
PRAJIND,2026-04-29 10:14:00,401.25,401.65,401.25,401.6,1597
PRAJIND,2026-04-29 10:15:00,401.55,401.65,401.3,401.65,523
PRAJIND,2026-04-29 10:16:00,401.65,401.8,401.5,401.8,1043
PRAJIND,2026-04-29 10:17:00,401.55,402.0,401.55,401.7,1345
PRAJIND,2026-04-29 10:18:00,401.7,401.7,401.35,401.45,3337
PRAJIND,2026-04-29 10:19:00,401.45,401.45,401.3,401.45,503
PRAJIND,2026-04-29 10:20:00,401.45,401.95,401.35,401.9,1110
PRAJIND,2026-04-29 10:21:00,401.9,402.4,401.9,402.4,3501
PRAJIND,2026-04-29 10:22:00,402.4,402.5,401.9,402.25,2744
PRAJIND,2026-04-29 10:23:00,402.25,402.3,401.9,402.2,1580
PRAJIND,2026-04-29 10:24:00,402.2,402.3,402.0,402.25,1802
PRAJIND,2026-04-29 10:25:00,402.25,402.25,402.15,402.15,362
PRAJIND,2026-04-29 10:26:00,402.15,402.15,401.95,402.0,354
PRAJIND,2026-04-29 10:27:00,402.0,402.0,401.45,401.45,2339
PRAJIND,2026-04-29 10:28:00,401.45,401.6,401.3,401.55,5942
PRAJIND,2026-04-29 10:29:00,401.55,401.75,400.5,400.8,12459
PRAJIND,2026-04-29 10:30:00,400.5,400.9,400.45,400.9,2529
PRAJIND,2026-04-29 10:31:00,400.9,400.95,400.55,400.75,2288
PRAJIND,2026-04-29 10:32:00,400.75,400.75,400.4,400.5,1176
PRAJIND,2026-04-29 10:33:00,400.35,400.45,400.3,400.45,908
PRAJIND,2026-04-29 10:34:00,400.45,400.5,400.3,400.4,1308
PRAJIND,2026-04-29 10:35:00,400.4,400.4,400.2,400.4,4459
PRAJIND,2026-04-29 10:36:00,400.2,400.3,400.2,400.3,444
PRAJIND,2026-04-29 10:37:00,400.2,400.4,400.0,400.25,3742
PRAJIND,2026-04-29 10:38:00,400.45,400.8,400.45,400.45,2750
PRAJIND,2026-04-29 10:39:00,400.45,400.6,400.3,400.6,657
PRAJIND,2026-04-29 10:40:00,400.5,400.5,400.05,400.05,4250
PRAJIND,2026-04-29 10:41:00,400.05,400.3,400.05,400.05,294
PRAJIND,2026-04-29 10:42:00,400.05,400.25,400.05,400.1,717
PRAJIND,2026-04-29 10:43:00,400.1,400.95,400.0,400.45,7230
PRAJIND,2026-04-29 10:44:00,400.3,400.3,399.9,399.9,5513
PRAJIND,2026-04-29 10:45:00,399.85,399.9,398.2,399.05,38668
PRAJIND,2026-04-29 10:46:00,399.05,399.05,398.5,398.7,2261
PRAJIND,2026-04-29 10:47:00,398.8,399.05,398.7,399.0,1081
PRAJIND,2026-04-29 10:48:00,399.0,399.2,398.5,399.0,1591
PRAJIND,2026-04-29 10:49:00,399.2,399.2,399.05,399.05,1738
PRAJIND,2026-04-29 10:50:00,399.25,399.4,399.1,399.35,1493
PRAJIND,2026-04-29 10:51:00,399.35,399.4,399.35,399.4,1190
PRAJIND,2026-04-29 10:52:00,399.4,399.55,399.2,399.2,400
PRAJIND,2026-04-29 10:53:00,399.2,399.55,399.2,399.45,450
PRAJIND,2026-04-29 10:54:00,399.45,399.45,399.2,399.2,328
PRAJIND,2026-04-29 10:55:00,399.1,399.3,399.0,399.25,499
PRAJIND,2026-04-29 10:56:00,399.25,399.25,399.15,399.2,423
PRAJIND,2026-04-29 10:57:00,399.15,399.2,399.0,399.1,355
PRAJIND,2026-04-29 10:58:00,399.05,399.45,399.05,399.45,337
PRAJIND,2026-04-29 10:59:00,399.45,399.45,399.15,399.4,396
PRAJIND,2026-04-29 11:00:00,399.4,399.55,399.15,399.55,1283
PRAJIND,2026-04-29 11:01:00,399.55,399.95,399.35,399.6,1930
PRAJIND,2026-04-29 11:02:00,399.85,399.85,399.55,399.8,495
PRAJIND,2026-04-29 11:03:00,399.9,399.95,399.8,399.9,414
PRAJIND,2026-04-29 11:04:00,399.7,399.95,399.2,399.4,1525
PRAJIND,2026-04-29 11:05:00,399.4,399.4,399.0,399.15,2128
PRAJIND,2026-04-29 11:06:00,399.15,399.3,399.0,399.15,225
PRAJIND,2026-04-29 11:07:00,399.15,399.4,399.15,399.15,639
PRAJIND,2026-04-29 11:08:00,399.15,399.65,399.15,399.65,619
PRAJIND,2026-04-29 11:09:00,399.75,399.75,399.3,399.5,1088
PRAJIND,2026-04-29 11:10:00,399.5,399.9,399.5,399.7,2325
PRAJIND,2026-04-29 11:11:00,399.7,399.7,399.4,399.65,241
PRAJIND,2026-04-29 11:12:00,399.5,399.5,399.15,399.15,1113
PRAJIND,2026-04-29 11:13:00,399.15,399.6,399.05,399.4,2052
PRAJIND,2026-04-29 11:14:00,399.35,399.35,399.1,399.35,626
PRAJIND,2026-04-29 11:15:00,399.35,399.35,399.15,399.3,325
PRAJIND,2026-04-29 11:16:00,399.35,399.65,399.35,399.5,1083
PRAJIND,2026-04-29 11:17:00,399.65,399.7,399.4,399.45,1745
PRAJIND,2026-04-29 11:18:00,399.45,400.85,399.35,400.85,9292
PRAJIND,2026-04-29 11:19:00,400.4,401.65,400.4,401.65,2223
PRAJIND,2026-04-29 11:20:00,401.6,401.7,401.35,401.5,2945
PRAJIND,2026-04-29 11:21:00,401.5,401.5,401.3,401.3,817
PRAJIND,2026-04-29 11:22:00,401.3,401.65,401.3,401.65,152
PRAJIND,2026-04-29 11:23:00,401.5,401.65,401.25,401.45,861
PRAJIND,2026-04-29 11:24:00,401.5,401.5,401.35,401.5,335
PRAJIND,2026-04-29 11:25:00,401.5,401.5,401.1,401.1,1748
PRAJIND,2026-04-29 11:26:00,401.1,401.35,401.0,401.0,777
PRAJIND,2026-04-29 11:27:00,401.0,401.0,400.35,401.0,16672
PRAJIND,2026-04-29 11:28:00,401.0,401.0,400.05,400.05,211
PRAJIND,2026-04-29 11:29:00,400.05,400.65,400.05,400.65,3389
PRAJIND,2026-04-29 11:30:00,400.65,401.5,400.65,401.5,5551
PRAJIND,2026-04-29 11:31:00,401.5,403.0,401.35,402.9,7741
PRAJIND,2026-04-29 11:32:00,403.2,403.2,402.25,402.5,2955
PRAJIND,2026-04-29 11:33:00,402.5,402.7,402.25,402.5,682
PRAJIND,2026-04-29 11:34:00,402.65,402.85,402.45,402.5,332
PRAJIND,2026-04-29 11:35:00,402.5,403.9,402.5,403.7,15536
PRAJIND,2026-04-29 11:36:00,404.7,407.0,404.7,405.6,54300
PRAJIND,2026-04-29 11:37:00,405.6,405.6,403.65,403.65,12063
PRAJIND,2026-04-29 11:38:00,403.65,403.95,403.3,403.4,4602
PRAJIND,2026-04-29 11:39:00,403.4,403.55,403.2,403.5,1906
PRAJIND,2026-04-29 11:40:00,403.3,403.5,403.1,403.25,3249
PRAJIND,2026-04-29 11:41:00,403.3,403.3,402.55,402.6,2688
PRAJIND,2026-04-29 11:42:00,402.6,402.95,402.4,402.95,2792
PRAJIND,2026-04-29 11:43:00,402.6,402.95,402.5,402.95,1534
PRAJIND,2026-04-29 11:44:00,402.95,403.1,402.8,403.05,3565
PRAJIND,2026-04-29 11:45:00,403.15,403.25,402.75,402.8,2169
PRAJIND,2026-04-29 11:46:00,402.8,402.9,402.4,402.85,988
PRAJIND,2026-04-29 11:47:00,403.15,403.4,402.85,403.4,3908
PRAJIND,2026-04-29 11:48:00,403.4,404.5,403.25,404.5,6247
PRAJIND,2026-04-29 11:49:00,404.5,404.55,403.55,403.95,2620
PRAJIND,2026-04-29 11:50:00,403.9,404.45,403.9,404.4,6375
PRAJIND,2026-04-29 11:51:00,404.4,405.0,403.9,403.9,9985
PRAJIND,2026-04-29 11:52:00,403.9,404.25,403.75,404.15,4181
PRAJIND,2026-04-29 11:53:00,404.15,404.35,403.9,404.0,2229
PRAJIND,2026-04-29 11:54:00,404.0,404.1,403.35,403.35,1986
PRAJIND,2026-04-29 11:55:00,403.35,403.5,403.15,403.2,1531
PRAJIND,2026-04-29 11:56:00,403.2,403.4,403.05,403.15,2842
PRAJIND,2026-04-29 11:57:00,403.15,403.4,403.15,403.35,327
PRAJIND,2026-04-29 11:58:00,403.15,403.35,403.05,403.05,395
PRAJIND,2026-04-29 11:59:00,403.15,403.15,403.0,403.1,4178
PRAJIND,2026-04-29 12:00:00,403.1,403.35,403.0,403.0,3508
PRAJIND,2026-04-29 12:01:00,403.0,403.15,402.7,402.85,2267
PRAJIND,2026-04-29 12:02:00,402.85,402.85,402.5,402.7,708
PRAJIND,2026-04-29 12:03:00,402.7,402.7,402.0,402.1,8898
PRAJIND,2026-04-29 12:04:00,402.35,402.35,402.1,402.2,295
PRAJIND,2026-04-29 12:05:00,402.2,402.2,402.2,402.2,64
PRAJIND,2026-04-29 12:06:00,402.5,402.6,402.45,402.55,2239
PRAJIND,2026-04-29 12:07:00,402.55,402.55,402.45,402.45,55
PRAJIND,2026-04-29 12:08:00,402.45,402.75,402.15,402.6,2289
PRAJIND,2026-04-29 12:09:00,402.75,402.95,402.75,402.75,691
PRAJIND,2026-04-29 12:10:00,402.75,403.0,402.65,402.8,2122
PRAJIND,2026-04-29 12:11:00,402.8,403.0,402.8,403.0,453
PRAJIND,2026-04-29 12:12:00,403.15,403.35,403.0,403.15,1659
PRAJIND,2026-04-29 12:13:00,403.15,403.55,403.15,403.55,3708
PRAJIND,2026-04-29 12:14:00,403.55,403.55,403.15,403.35,613
PRAJIND,2026-04-29 12:15:00,403.35,403.35,403.15,403.15,542
PRAJIND,2026-04-29 12:16:00,403.15,403.2,403.15,403.15,320
PRAJIND,2026-04-29 12:17:00,403.2,403.2,402.8,402.8,921
PRAJIND,2026-04-29 12:18:00,403.1,403.1,402.65,402.85,3813
PRAJIND,2026-04-29 12:19:00,402.85,402.85,402.35,402.5,1477
PRAJIND,2026-04-29 12:20:00,402.5,402.6,402.1,402.1,546
PRAJIND,2026-04-29 12:21:00,402.1,402.4,402.05,402.4,182
PRAJIND,2026-04-29 12:22:00,402.4,402.55,402.1,402.4,2336
PRAJIND,2026-04-29 12:23:00,402.4,402.9,402.4,402.8,506
PRAJIND,2026-04-29 12:24:00,402.8,402.9,402.6,402.8,551
PRAJIND,2026-04-29 12:25:00,402.8,402.85,402.55,402.55,902
PRAJIND,2026-04-29 12:26:00,402.55,402.6,402.5,402.5,652
PRAJIND,2026-04-29 12:27:00,402.75,402.75,402.4,402.4,1439
PRAJIND,2026-04-29 12:28:00,402.4,402.55,402.15,402.55,514
PRAJIND,2026-04-29 12:29:00,402.55,403.55,402.4,403.55,8808
PRAJIND,2026-04-29 12:30:00,403.55,405.5,403.2,404.35,17220
PRAJIND,2026-04-29 12:31:00,404.35,404.9,404.35,404.9,1894
PRAJIND,2026-04-29 12:32:00,404.75,404.75,403.85,404.0,7205
PRAJIND,2026-04-29 12:33:00,404.2,404.3,403.95,404.0,1596
PRAJIND,2026-04-29 12:34:00,404.2,404.35,403.95,404.35,3041
PRAJIND,2026-04-29 12:35:00,404.35,404.4,404.2,404.35,241
PRAJIND,2026-04-29 12:36:00,404.15,404.35,404.15,404.15,552
PRAJIND,2026-04-29 12:37:00,404.15,404.35,404.0,404.25,1895
PRAJIND,2026-04-29 12:38:00,404.35,404.35,403.9,404.0,1730
PRAJIND,2026-04-29 12:39:00,403.85,404.1,403.85,404.1,340
PRAJIND,2026-04-29 12:40:00,404.1,404.5,404.0,404.5,5430
PRAJIND,2026-04-29 12:41:00,404.5,404.5,404.3,404.3,258
PRAJIND,2026-04-29 12:42:00,404.45,404.85,404.3,404.8,4471
PRAJIND,2026-04-29 12:43:00,404.8,404.85,404.8,404.8,307
PRAJIND,2026-04-29 12:44:00,404.8,404.8,404.5,404.75,2124
PRAJIND,2026-04-29 12:45:00,404.5,404.75,404.5,404.55,251
PRAJIND,2026-04-29 12:46:00,404.55,404.55,404.3,404.3,321
PRAJIND,2026-04-29 12:47:00,404.3,404.3,404.05,404.1,1691
PRAJIND,2026-04-29 12:48:00,404.1,404.35,404.0,404.35,3195
PRAJIND,2026-04-29 12:49:00,404.2,404.55,404.15,404.15,625
PRAJIND,2026-04-29 12:50:00,404.4,404.4,403.95,404.3,3239
PRAJIND,2026-04-29 12:51:00,404.3,404.3,404.0,404.0,4091
PRAJIND,2026-04-29 12:52:00,404.0,404.0,404.0,404.0,286
PRAJIND,2026-04-29 12:53:00,404.0,404.4,404.0,404.4,3230
PRAJIND,2026-04-29 12:54:00,404.4,404.4,404.1,404.35,112
PRAJIND,2026-04-29 12:55:00,404.35,404.55,404.15,404.45,442
PRAJIND,2026-04-29 12:56:00,404.45,404.45,404.1,404.4,1246
PRAJIND,2026-04-29 12:57:00,404.4,404.7,404.25,404.25,918
PRAJIND,2026-04-29 12:58:00,404.5,404.6,404.2,404.2,684
PRAJIND,2026-04-29 12:59:00,404.1,404.55,404.1,404.25,419
PRAJIND,2026-04-29 13:00:00,404.25,404.55,404.2,404.2,892
PRAJIND,2026-04-29 13:01:00,404.05,404.2,404.0,404.2,1435
PRAJIND,2026-04-29 13:02:00,404.0,404.25,404.0,404.25,772
PRAJIND,2026-04-29 13:03:00,404.25,404.45,404.25,404.45,231
PRAJIND,2026-04-29 13:04:00,404.4,404.4,404.0,404.0,687
PRAJIND,2026-04-29 13:05:00,404.0,404.4,404.0,404.0,1232
PRAJIND,2026-04-29 13:06:00,404.0,404.35,404.0,404.15,294
PRAJIND,2026-04-29 13:07:00,404.15,404.3,404.0,404.3,1324
PRAJIND,2026-04-29 13:08:00,404.3,404.45,404.3,404.3,1344
PRAJIND,2026-04-29 13:09:00,404.3,404.4,404.3,404.3,378
PRAJIND,2026-04-29 13:10:00,404.3,404.4,404.05,404.4,339
PRAJIND,2026-04-29 13:11:00,404.4,404.45,404.25,404.25,249
PRAJIND,2026-04-29 13:12:00,404.1,404.3,404.1,404.1,1569
PRAJIND,2026-04-29 13:13:00,404.1,404.1,404.0,404.0,339
PRAJIND,2026-04-29 13:14:00,404.0,404.1,403.85,403.85,372
PRAJIND,2026-04-29 13:15:00,403.85,404.0,403.7,403.95,785
PRAJIND,2026-04-29 13:16:00,403.95,403.95,403.45,403.45,578
PRAJIND,2026-04-29 13:17:00,403.45,403.65,403.25,403.65,1886
PRAJIND,2026-04-29 13:18:00,403.65,403.9,403.65,403.9,366
PRAJIND,2026-04-29 13:19:00,403.85,403.95,403.7,403.85,258
PRAJIND,2026-04-29 13:20:00,403.85,404.0,403.55,404.0,1897
PRAJIND,2026-04-29 13:21:00,403.7,404.0,403.7,403.8,618
PRAJIND,2026-04-29 13:22:00,403.8,403.95,403.7,403.7,424
PRAJIND,2026-04-29 13:23:00,403.7,403.9,403.6,403.9,559
PRAJIND,2026-04-29 13:24:00,403.65,404.0,403.6,403.6,1458
PRAJIND,2026-04-29 13:25:00,403.6,403.95,403.6,403.85,966
PRAJIND,2026-04-29 13:26:00,403.85,403.95,403.65,403.9,888
PRAJIND,2026-04-29 13:27:00,403.9,403.9,403.6,403.9,406
PRAJIND,2026-04-29 13:28:00,403.6,403.85,403.25,403.45,4703
PRAJIND,2026-04-29 13:29:00,403.45,403.85,403.1,403.1,2387
PRAJIND,2026-04-29 13:30:00,403.1,403.45,403.1,403.45,737
PRAJIND,2026-04-29 13:31:00,403.45,403.5,403.05,403.25,1186
PRAJIND,2026-04-29 13:32:00,403.25,403.45,402.8,403.1,2196
PRAJIND,2026-04-29 13:33:00,403.1,403.45,402.8,403.15,4077
PRAJIND,2026-04-29 13:34:00,403.15,403.45,403.0,403.45,906
PRAJIND,2026-04-29 13:35:00,403.45,403.6,403.25,403.55,653
PRAJIND,2026-04-29 13:36:00,403.55,403.55,402.8,402.8,1293
PRAJIND,2026-04-29 13:37:00,402.8,403.35,402.8,403.15,642
PRAJIND,2026-04-29 13:38:00,403.15,403.2,402.55,402.8,576
PRAJIND,2026-04-29 13:39:00,402.8,402.85,402.25,402.6,3100
PRAJIND,2026-04-29 13:40:00,402.4,402.55,401.75,401.8,4482
PRAJIND,2026-04-29 13:41:00,401.8,401.8,401.45,401.45,836
PRAJIND,2026-04-29 13:42:00,401.45,401.8,401.45,401.6,4771
PRAJIND,2026-04-29 13:43:00,401.6,401.6,401.25,401.55,3460
PRAJIND,2026-04-29 13:44:00,401.55,401.55,401.3,401.55,1194
PRAJIND,2026-04-29 13:45:00,401.4,401.75,401.4,401.75,656
PRAJIND,2026-04-29 13:46:00,401.45,401.85,401.45,401.75,872
PRAJIND,2026-04-29 13:47:00,401.75,401.75,401.5,401.5,1083
PRAJIND,2026-04-29 13:48:00,401.5,401.7,399.35,399.45,16582
PRAJIND,2026-04-29 13:49:00,399.4,399.8,399.05,399.65,18644
PRAJIND,2026-04-29 13:50:00,399.65,401.65,399.2,401.5,36654
PRAJIND,2026-04-29 13:51:00,401.45,401.6,401.2,401.25,1422
PRAJIND,2026-04-29 13:52:00,401.25,402.0,401.25,402.0,3540
PRAJIND,2026-04-29 13:53:00,402.0,402.5,401.8,402.2,5584
PRAJIND,2026-04-29 13:54:00,402.4,402.65,401.8,402.35,6489
PRAJIND,2026-04-29 13:55:00,402.25,402.95,402.0,402.35,6046
PRAJIND,2026-04-29 13:56:00,402.35,402.65,402.35,402.6,1248
PRAJIND,2026-04-29 13:57:00,402.6,402.6,402.0,402.1,1868
PRAJIND,2026-04-29 13:58:00,402.1,402.5,402.0,402.0,3582
PRAJIND,2026-04-29 13:59:00,402.15,402.4,401.9,402.05,669
PRAJIND,2026-04-29 14:00:00,402.0,402.05,401.6,401.95,1726
PRAJIND,2026-04-29 14:01:00,401.95,401.95,401.6,401.6,2278
PRAJIND,2026-04-29 14:02:00,401.6,401.65,401.45,401.65,1844
PRAJIND,2026-04-29 14:03:00,401.8,401.8,401.3,401.3,3015
PRAJIND,2026-04-29 14:04:00,401.3,401.5,401.0,401.0,2076
PRAJIND,2026-04-29 14:05:00,401.0,401.85,401.0,401.25,3801
PRAJIND,2026-04-29 14:06:00,401.65,401.8,401.2,401.8,1411
PRAJIND,2026-04-29 14:07:00,401.95,402.0,401.8,401.8,1054
PRAJIND,2026-04-29 14:08:00,401.8,402.0,401.6,401.9,1052
PRAJIND,2026-04-29 14:09:00,401.55,401.9,401.4,401.55,1779
PRAJIND,2026-04-29 14:10:00,401.55,401.85,401.55,401.85,944
PRAJIND,2026-04-29 14:11:00,401.9,402.25,401.9,402.25,2739
PRAJIND,2026-04-29 14:12:00,402.1,402.6,402.1,402.4,1952
PRAJIND,2026-04-29 14:13:00,401.8,401.8,401.2,401.2,3696
PRAJIND,2026-04-29 14:14:00,401.2,402.0,401.2,401.8,5250
PRAJIND,2026-04-29 14:15:00,401.8,402.0,401.55,401.75,3575
PRAJIND,2026-04-29 14:16:00,401.85,402.05,401.65,402.0,8020
PRAJIND,2026-04-29 14:17:00,402.0,402.4,401.9,401.95,1040
PRAJIND,2026-04-29 14:18:00,401.9,402.0,401.55,401.6,1287
PRAJIND,2026-04-29 14:19:00,401.6,401.95,401.25,401.8,6359
PRAJIND,2026-04-29 14:20:00,401.8,401.9,401.3,401.85,2189
PRAJIND,2026-04-29 14:21:00,401.8,401.9,401.5,401.5,1264
PRAJIND,2026-04-29 14:22:00,402.0,402.25,401.7,402.25,2038
PRAJIND,2026-04-29 14:23:00,402.25,402.5,402.15,402.5,2340
PRAJIND,2026-04-29 14:24:00,402.5,402.5,402.3,402.45,790
PRAJIND,2026-04-29 14:25:00,402.5,402.55,402.1,402.3,2411
PRAJIND,2026-04-29 14:26:00,402.4,402.85,402.4,402.6,1868
PRAJIND,2026-04-29 14:27:00,402.6,402.75,402.3,402.5,1317
PRAJIND,2026-04-29 14:28:00,402.5,402.8,402.3,402.65,1039
PRAJIND,2026-04-29 14:29:00,402.65,402.95,402.5,402.8,3499
PRAJIND,2026-04-29 14:30:00,402.8,402.85,402.5,402.75,3150
PRAJIND,2026-04-29 14:31:00,402.9,403.0,402.65,403.0,1193
PRAJIND,2026-04-29 14:32:00,403.0,403.25,402.65,402.7,3508
PRAJIND,2026-04-29 14:33:00,402.55,402.75,402.4,402.6,1296
PRAJIND,2026-04-29 14:34:00,402.7,402.7,402.45,402.45,961
PRAJIND,2026-04-29 14:35:00,402.45,402.8,402.25,402.25,1364
PRAJIND,2026-04-29 14:36:00,402.6,402.65,402.1,402.6,1302
PRAJIND,2026-04-29 14:37:00,402.45,402.65,402.15,402.65,2428
PRAJIND,2026-04-29 14:38:00,402.25,402.65,402.2,402.4,1123
PRAJIND,2026-04-29 14:39:00,402.4,402.5,402.0,402.0,1255
PRAJIND,2026-04-29 14:40:00,402.5,402.5,402.15,402.3,2428
PRAJIND,2026-04-29 14:41:00,402.3,402.9,402.3,402.75,1725
PRAJIND,2026-04-29 14:42:00,402.9,403.0,402.3,402.95,7840
PRAJIND,2026-04-29 14:43:00,403.0,403.0,402.65,402.9,1086
PRAJIND,2026-04-29 14:44:00,402.9,403.0,402.75,403.0,867
PRAJIND,2026-04-29 14:45:00,403.0,403.0,402.5,402.95,2234
PRAJIND,2026-04-29 14:46:00,402.75,403.0,402.5,402.8,1945
PRAJIND,2026-04-29 14:47:00,402.8,403.0,402.5,402.8,1350
PRAJIND,2026-04-29 14:48:00,402.8,402.95,402.5,402.9,876
PRAJIND,2026-04-29 14:49:00,402.85,402.85,402.3,402.5,2508
PRAJIND,2026-04-29 14:50:00,402.5,402.7,402.25,402.7,1132
PRAJIND,2026-04-29 14:51:00,402.45,402.55,402.25,402.25,708
PRAJIND,2026-04-29 14:52:00,402.25,402.55,401.5,402.2,8040
PRAJIND,2026-04-29 14:53:00,402.0,402.55,402.0,402.2,1440
PRAJIND,2026-04-29 14:54:00,402.2,402.45,402.0,402.45,3475
PRAJIND,2026-04-29 14:55:00,402.45,402.5,401.95,402.3,3864
PRAJIND,2026-04-29 14:56:00,402.0,402.5,401.8,402.1,7583
PRAJIND,2026-04-29 14:57:00,402.1,402.1,401.45,401.45,1866
PRAJIND,2026-04-29 14:58:00,401.5,401.5,401.05,401.2,1766
PRAJIND,2026-04-29 14:59:00,401.25,401.5,401.1,401.5,1122
PRAJIND,2026-04-29 15:00:00,401.5,402.0,401.5,401.85,7736
PRAJIND,2026-04-29 15:01:00,401.85,402.45,401.75,402.45,1909
PRAJIND,2026-04-29 15:02:00,402.25,402.6,402.2,402.3,3578
PRAJIND,2026-04-29 15:03:00,402.5,402.6,402.0,402.25,1400
PRAJIND,2026-04-29 15:04:00,401.8,402.15,401.6,401.6,1454
PRAJIND,2026-04-29 15:05:00,402.1,402.25,401.7,401.8,3601
PRAJIND,2026-04-29 15:06:00,401.85,402.15,401.7,402.1,3391
PRAJIND,2026-04-29 15:07:00,402.0,402.1,401.65,401.95,2248
PRAJIND,2026-04-29 15:08:00,401.7,402.15,401.7,402.0,1438
PRAJIND,2026-04-29 15:09:00,402.0,402.3,401.8,401.95,21272
PRAJIND,2026-04-29 15:10:00,402.3,402.5,402.05,402.25,14662
PRAJIND,2026-04-29 15:11:00,401.85,402.25,401.75,402.05,1797
PRAJIND,2026-04-29 15:12:00,402.1,402.1,401.35,402.0,4955
PRAJIND,2026-04-29 15:13:00,401.75,401.8,401.25,401.4,6067
PRAJIND,2026-04-29 15:14:00,401.4,401.85,401.05,401.35,10258
PRAJIND,2026-04-29 15:15:00,401.3,401.55,400.9,401.2,4471
PRAJIND,2026-04-29 15:16:00,401.2,401.4,400.2,400.55,9107
PRAJIND,2026-04-29 15:17:00,400.55,400.55,400.0,400.25,5276
PRAJIND,2026-04-29 15:18:00,400.25,400.25,399.35,399.75,11632
PRAJIND,2026-04-29 15:19:00,399.9,400.25,399.65,399.75,3818
PRAJIND,2026-04-29 15:20:00,400.0,400.0,399.2,399.45,10308
PRAJIND,2026-04-29 15:21:00,399.8,400.0,399.3,399.3,13143
PRAJIND,2026-04-29 15:22:00,399.65,399.7,399.0,399.55,4549
PRAJIND,2026-04-29 15:23:00,399.1,399.85,399.1,399.5,7784
PRAJIND,2026-04-29 15:24:00,399.6,400.0,399.5,399.5,16647
PRAJIND,2026-04-29 15:25:00,399.5,400.0,399.5,399.9,4206
PRAJIND,2026-04-29 15:26:00,399.9,399.95,399.6,399.65,2787
PRAJIND,2026-04-29 15:27:00,399.9,400.0,399.55,399.55,20290
PRAJIND,2026-04-29 15:28:00,399.95,400.95,399.95,400.5,7802
PRAJIND,2026-04-29 15:29:00,399.6,400.5,398.35,398.35,5789
PRAJIND,2026-04-30 09:15:00,401.0,404.15,400.25,404.15,32737
PRAJIND,2026-04-30 09:16:00,402.2,406.4,402.2,403.15,76395
PRAJIND,2026-04-30 09:17:00,402.95,405.8,402.25,405.5,25790
PRAJIND,2026-04-30 09:18:00,405.5,405.85,404.3,405.55,33919
PRAJIND,2026-04-30 09:19:00,405.7,406.1,402.15,402.45,22555
PRAJIND,2026-04-30 09:20:00,403.0,403.0,400.9,400.95,14924
PRAJIND,2026-04-30 09:21:00,400.9,400.9,399.05,399.2,15111
PRAJIND,2026-04-30 09:22:00,398.85,399.2,398.3,399.2,9830
PRAJIND,2026-04-30 09:23:00,398.95,399.2,397.8,399.1,29653
PRAJIND,2026-04-30 09:24:00,398.35,398.85,398.0,398.45,24478
PRAJIND,2026-04-30 09:25:00,398.35,399.3,398.1,398.95,21498
PRAJIND,2026-04-30 09:26:00,399.0,399.0,397.5,397.9,10702
PRAJIND,2026-04-30 09:27:00,398.0,399.1,398.0,398.45,14908
PRAJIND,2026-04-30 09:28:00,398.8,402.15,398.75,402.15,12723
PRAJIND,2026-04-30 09:29:00,402.4,406.5,401.4,406.5,41371
PRAJIND,2026-04-30 09:30:00,406.15,407.65,404.55,407.65,48301
PRAJIND,2026-04-30 09:31:00,407.65,408.55,406.05,406.3,55239
PRAJIND,2026-04-30 09:32:00,406.3,408.0,405.4,407.95,31664
PRAJIND,2026-04-30 09:33:00,407.95,408.7,405.5,406.3,29589
PRAJIND,2026-04-30 09:34:00,406.3,408.0,405.5,407.55,27986
PRAJIND,2026-04-30 09:35:00,407.55,407.7,406.3,407.1,18604
PRAJIND,2026-04-30 09:36:00,406.6,408.85,406.3,407.35,36901
PRAJIND,2026-04-30 09:37:00,407.55,408.6,406.25,406.65,26025
PRAJIND,2026-04-30 09:38:00,406.65,406.75,404.2,404.2,26077
PRAJIND,2026-04-30 09:39:00,404.45,405.0,403.65,404.35,10607
PRAJIND,2026-04-30 09:40:00,404.5,404.5,403.6,403.6,11874
PRAJIND,2026-04-30 09:41:00,404.0,404.85,403.5,404.55,4886
PRAJIND,2026-04-30 09:42:00,404.55,405.0,404.35,405.0,5877
PRAJIND,2026-04-30 09:43:00,404.7,405.0,404.6,404.6,3634
PRAJIND,2026-04-30 09:44:00,404.85,405.0,404.65,404.75,4404
PRAJIND,2026-04-30 09:45:00,404.6,404.6,403.75,403.9,7366
PRAJIND,2026-04-30 09:46:00,404.25,404.25,403.15,403.85,7489
PRAJIND,2026-04-30 09:47:00,404.2,404.2,403.45,403.45,4350
PRAJIND,2026-04-30 09:48:00,403.7,403.9,403.4,403.65,5013
PRAJIND,2026-04-30 09:49:00,403.65,403.65,403.1,403.5,4304
PRAJIND,2026-04-30 09:50:00,403.5,403.5,402.3,402.8,11891
PRAJIND,2026-04-30 09:51:00,402.8,402.8,401.95,402.05,8925
PRAJIND,2026-04-30 09:52:00,402.45,402.5,402.05,402.35,2464
PRAJIND,2026-04-30 09:53:00,402.35,402.35,402.1,402.3,2437
PRAJIND,2026-04-30 09:54:00,402.3,402.3,401.6,401.85,5477
PRAJIND,2026-04-30 09:55:00,401.85,402.0,401.45,402.0,2457
PRAJIND,2026-04-30 09:56:00,401.7,402.15,401.7,402.0,3937
PRAJIND,2026-04-30 09:57:00,402.15,402.15,401.6,401.65,6469
PRAJIND,2026-04-30 09:58:00,401.7,401.7,400.45,401.0,18614
PRAJIND,2026-04-30 09:59:00,401.0,401.45,400.8,401.45,4363
PRAJIND,2026-04-30 10:00:00,401.55,401.55,401.05,401.3,1084
PRAJIND,2026-04-30 10:01:00,401.05,401.05,400.6,401.0,3321
PRAJIND,2026-04-30 10:02:00,401.2,401.65,401.0,401.0,2249
PRAJIND,2026-04-30 10:03:00,401.2,401.2,400.85,400.9,3013
PRAJIND,2026-04-30 10:04:00,401.0,401.0,400.65,401.0,5274
PRAJIND,2026-04-30 10:05:00,401.0,401.0,400.45,400.5,5658
PRAJIND,2026-04-30 10:06:00,400.45,400.65,400.3,400.4,3728
PRAJIND,2026-04-30 10:07:00,400.4,401.8,400.1,400.75,8885
PRAJIND,2026-04-30 10:08:00,400.75,400.9,400.75,400.8,1058
PRAJIND,2026-04-30 10:09:00,400.85,400.85,400.0,400.75,4404
PRAJIND,2026-04-30 10:10:00,400.75,400.75,400.0,400.1,3937
PRAJIND,2026-04-30 10:11:00,399.85,399.85,399.65,399.65,3951
PRAJIND,2026-04-30 10:12:00,399.65,399.65,398.8,399.0,6490
PRAJIND,2026-04-30 10:13:00,399.0,399.0,398.65,398.85,823
PRAJIND,2026-04-30 10:14:00,399.0,399.0,398.4,398.5,4058
PRAJIND,2026-04-30 10:15:00,398.5,398.5,398.05,398.05,5734
PRAJIND,2026-04-30 10:16:00,398.05,398.5,398.05,398.45,2635
PRAJIND,2026-04-30 10:17:00,398.5,398.5,398.0,398.2,2990
PRAJIND,2026-04-30 10:18:00,398.3,398.55,398.0,398.55,9686
PRAJIND,2026-04-30 10:19:00,398.55,399.15,398.5,398.95,7616
PRAJIND,2026-04-30 10:20:00,398.9,399.2,398.85,398.85,3880
PRAJIND,2026-04-30 10:21:00,398.85,402.0,398.85,401.25,48684
PRAJIND,2026-04-30 10:22:00,400.95,402.0,400.8,401.0,9016
PRAJIND,2026-04-30 10:23:00,401.05,404.55,400.85,404.55,6133
PRAJIND,2026-04-30 10:24:00,405.0,406.65,404.0,405.95,73656
PRAJIND,2026-04-30 10:25:00,405.6,408.25,405.45,407.95,46522
PRAJIND,2026-04-30 10:26:00,407.95,408.35,407.2,407.2,27710
PRAJIND,2026-04-30 10:27:00,407.0,409.65,406.55,409.65,96082
PRAJIND,2026-04-30 10:28:00,409.35,410.35,408.55,408.75,52720
PRAJIND,2026-04-30 10:29:00,408.9,408.9,407.1,407.2,24980
PRAJIND,2026-04-30 10:30:00,407.15,409.75,407.15,408.9,36203
PRAJIND,2026-04-30 10:31:00,408.9,409.2,408.45,408.65,16566
PRAJIND,2026-04-30 10:32:00,408.9,409.9,408.7,409.45,28584
PRAJIND,2026-04-30 10:33:00,409.5,412.5,409.4,411.85,94395
PRAJIND,2026-04-30 10:34:00,411.75,411.85,409.5,409.75,31639
PRAJIND,2026-04-30 10:35:00,409.8,411.6,409.4,410.8,62422
PRAJIND,2026-04-30 10:36:00,411.05,412.9,410.8,411.75,64171
PRAJIND,2026-04-30 10:37:00,411.65,412.7,411.5,412.4,25404
PRAJIND,2026-04-30 10:38:00,412.4,412.5,411.6,411.6,23284
PRAJIND,2026-04-30 10:39:00,411.55,411.8,410.8,410.8,28733
PRAJIND,2026-04-30 10:40:00,411.2,412.0,410.8,410.8,25132
PRAJIND,2026-04-30 10:41:00,411.0,411.0,409.35,410.9,53128
PRAJIND,2026-04-30 10:42:00,410.8,410.85,409.0,409.3,23781
PRAJIND,2026-04-30 10:43:00,409.4,409.55,408.3,408.7,36993
PRAJIND,2026-04-30 10:44:00,408.7,408.95,407.4,407.6,46597
PRAJIND,2026-04-30 10:45:00,407.6,408.3,407.35,408.0,27572
PRAJIND,2026-04-30 10:46:00,408.35,409.35,408.15,408.35,11201
PRAJIND,2026-04-30 10:47:00,408.8,409.8,408.4,409.6,13560
PRAJIND,2026-04-30 10:48:00,409.6,409.8,408.9,409.2,8770
PRAJIND,2026-04-30 10:49:00,409.2,410.4,409.05,410.4,13889
PRAJIND,2026-04-30 10:50:00,410.45,414.0,410.1,413.95,95433
PRAJIND,2026-04-30 10:51:00,413.95,415.85,413.95,415.05,128008
PRAJIND,2026-04-30 10:52:00,415.3,416.15,414.35,415.55,70397
PRAJIND,2026-04-30 10:53:00,415.35,415.6,414.0,414.0,31844
PRAJIND,2026-04-30 10:54:00,414.0,414.0,411.45,412.55,30231
PRAJIND,2026-04-30 10:55:00,412.25,413.15,412.05,412.35,17986
PRAJIND,2026-04-30 10:56:00,412.35,413.05,412.25,412.5,14843
PRAJIND,2026-04-30 10:57:00,412.6,414.15,412.1,413.8,27244
PRAJIND,2026-04-30 10:58:00,413.95,414.75,413.45,414.5,47251
PRAJIND,2026-04-30 10:59:00,414.9,415.0,414.0,414.1,13952
PRAJIND,2026-04-30 11:00:00,414.1,415.45,413.95,415.45,35245
PRAJIND,2026-04-30 11:01:00,415.4,416.5,415.3,416.05,69333
PRAJIND,2026-04-30 11:02:00,416.05,417.45,416.0,417.2,40453
PRAJIND,2026-04-30 11:03:00,417.1,417.5,415.4,415.6,40751
PRAJIND,2026-04-30 11:04:00,415.8,416.0,415.35,415.8,14044
PRAJIND,2026-04-30 11:05:00,415.6,415.8,415.1,415.2,17313
PRAJIND,2026-04-30 11:06:00,415.5,416.5,415.25,416.5,24550
PRAJIND,2026-04-30 11:07:00,416.5,417.8,416.1,416.65,46646
PRAJIND,2026-04-30 11:08:00,416.7,416.8,415.95,416.3,16175
PRAJIND,2026-04-30 11:09:00,416.3,417.2,416.3,416.85,27766
PRAJIND,2026-04-30 11:10:00,416.85,417.8,416.85,417.8,31390
PRAJIND,2026-04-30 11:11:00,417.6,417.75,416.4,416.55,20242
PRAJIND,2026-04-30 11:12:00,416.6,418.2,416.3,417.95,46650
PRAJIND,2026-04-30 11:13:00,417.85,417.85,416.35,416.5,20130
PRAJIND,2026-04-30 11:14:00,416.55,416.9,416.05,416.4,21110
PRAJIND,2026-04-30 11:15:00,416.1,416.5,415.8,416.2,12725
PRAJIND,2026-04-30 11:16:00,416.2,416.95,415.35,416.95,21762
PRAJIND,2026-04-30 11:17:00,417.2,417.6,417.05,417.4,28086
PRAJIND,2026-04-30 11:18:00,417.4,417.7,416.8,417.05,16187
PRAJIND,2026-04-30 11:19:00,417.05,417.5,416.45,416.75,14512
PRAJIND,2026-04-30 11:20:00,416.75,417.0,416.45,416.95,11478
PRAJIND,2026-04-30 11:21:00,416.95,419.2,416.65,418.55,89752
PRAJIND,2026-04-30 11:22:00,418.55,419.7,418.3,418.8,44491
PRAJIND,2026-04-30 11:23:00,419.0,419.05,418.1,418.65,38657
PRAJIND,2026-04-30 11:24:00,418.45,418.65,417.45,418.15,17352
PRAJIND,2026-04-30 11:25:00,418.4,418.5,417.9,418.45,9679
PRAJIND,2026-04-30 11:26:00,418.2,419.2,418.0,419.1,32681
PRAJIND,2026-04-30 11:27:00,419.25,419.8,419.15,419.8,23070
PRAJIND,2026-04-30 11:28:00,419.6,419.95,419.35,419.75,34130
PRAJIND,2026-04-30 11:29:00,419.75,421.8,419.5,421.45,93346
PRAJIND,2026-04-30 11:30:00,421.6,423.0,420.85,420.9,119471
PRAJIND,2026-04-30 11:31:00,421.2,421.3,418.6,418.9,80692
PRAJIND,2026-04-30 11:32:00,418.9,419.9,418.7,418.7,35018
PRAJIND,2026-04-30 11:33:00,419.0,419.55,418.65,419.3,13288
PRAJIND,2026-04-30 11:34:00,419.2,419.5,418.15,419.5,29544
PRAJIND,2026-04-30 11:35:00,419.2,419.2,418.25,418.45,17990
PRAJIND,2026-04-30 11:36:00,418.6,419.0,417.5,417.5,27653
PRAJIND,2026-04-30 11:37:00,417.55,418.0,417.15,417.2,35360
PRAJIND,2026-04-30 11:38:00,417.2,417.5,416.55,416.85,32833
PRAJIND,2026-04-30 11:39:00,416.85,416.85,416.3,416.7,15070
PRAJIND,2026-04-30 11:40:00,416.7,417.5,416.2,416.4,19450
PRAJIND,2026-04-30 11:41:00,416.4,417.5,416.2,417.3,28641
PRAJIND,2026-04-30 11:42:00,417.3,417.5,416.95,417.5,13033
PRAJIND,2026-04-30 11:43:00,417.5,418.15,416.15,416.15,26382
PRAJIND,2026-04-30 11:44:00,416.4,417.05,413.25,414.1,86632
PRAJIND,2026-04-30 11:45:00,414.1,414.4,413.3,413.5,33170
PRAJIND,2026-04-30 11:46:00,413.5,414.0,413.5,413.5,17293
PRAJIND,2026-04-30 11:47:00,413.7,414.0,413.15,413.55,18987
PRAJIND,2026-04-30 11:48:00,413.4,413.6,413.25,413.4,5744
PRAJIND,2026-04-30 11:49:00,413.4,413.6,413.1,413.15,10483
PRAJIND,2026-04-30 11:50:00,413.65,414.0,413.15,413.7,26393
PRAJIND,2026-04-30 11:51:00,413.8,413.9,413.45,413.5,9807
PRAJIND,2026-04-30 11:52:00,413.5,413.65,413.0,413.05,12113
PRAJIND,2026-04-30 11:53:00,413.25,413.25,412.4,412.9,17921
PRAJIND,2026-04-30 11:54:00,412.5,413.0,412.5,412.8,19587
PRAJIND,2026-04-30 11:55:00,412.8,412.8,412.0,412.6,19457
PRAJIND,2026-04-30 11:56:00,412.15,412.3,411.75,411.75,17047
PRAJIND,2026-04-30 11:57:00,411.75,411.95,411.75,411.9,6164
PRAJIND,2026-04-30 11:58:00,411.9,411.9,411.5,411.7,12618
PRAJIND,2026-04-30 11:59:00,411.7,411.8,411.25,411.3,6874
PRAJIND,2026-04-30 12:00:00,412.1,412.95,411.65,412.9,29326
PRAJIND,2026-04-30 12:01:00,412.9,414.95,412.5,414.9,30282
PRAJIND,2026-04-30 12:02:00,414.9,415.1,412.35,413.05,26410
PRAJIND,2026-04-30 12:03:00,413.05,413.4,412.2,412.55,9616
PRAJIND,2026-04-30 12:04:00,412.55,413.8,412.2,413.65,19705
PRAJIND,2026-04-30 12:05:00,413.65,413.9,413.05,413.4,4252
PRAJIND,2026-04-30 12:06:00,413.4,415.8,413.3,415.8,39060
PRAJIND,2026-04-30 12:07:00,415.5,415.85,415.05,415.5,9461
PRAJIND,2026-04-30 12:08:00,415.35,415.75,415.2,415.65,11661
PRAJIND,2026-04-30 12:09:00,415.5,415.85,415.45,415.65,6547
PRAJIND,2026-04-30 12:10:00,415.65,415.8,415.35,415.7,5348
PRAJIND,2026-04-30 12:11:00,415.7,415.7,415.0,415.15,6027
PRAJIND,2026-04-30 12:12:00,415.35,415.75,415.35,415.7,6630
PRAJIND,2026-04-30 12:13:00,415.7,415.7,415.5,415.5,2187
PRAJIND,2026-04-30 12:14:00,415.7,415.95,415.5,415.9,7003
PRAJIND,2026-04-30 12:15:00,415.95,415.95,415.65,415.8,6558
PRAJIND,2026-04-30 12:16:00,415.95,415.95,415.85,415.9,1904
PRAJIND,2026-04-30 12:17:00,415.85,415.9,415.25,415.25,7879
PRAJIND,2026-04-30 12:18:00,415.25,415.5,415.2,415.3,5449
PRAJIND,2026-04-30 12:19:00,415.2,415.2,413.5,413.5,32302
PRAJIND,2026-04-30 12:20:00,413.5,414.8,413.25,414.65,15146
PRAJIND,2026-04-30 12:21:00,414.4,414.45,413.7,414.3,5698
PRAJIND,2026-04-30 12:22:00,414.3,414.8,413.95,414.8,1336
PRAJIND,2026-04-30 12:23:00,414.5,414.8,414.3,414.55,2482
PRAJIND,2026-04-30 12:24:00,414.55,414.9,414.3,414.6,5832
PRAJIND,2026-04-30 12:25:00,414.5,415.0,414.5,415.0,3808
PRAJIND,2026-04-30 12:26:00,414.95,415.05,414.65,414.65,1998
PRAJIND,2026-04-30 12:27:00,414.85,415.0,414.75,415.0,1795
PRAJIND,2026-04-30 12:28:00,414.95,415.2,414.65,414.8,4043
PRAJIND,2026-04-30 12:29:00,414.95,414.95,414.35,414.6,3382
PRAJIND,2026-04-30 12:30:00,414.55,414.8,414.5,414.5,3274
PRAJIND,2026-04-30 12:31:00,414.5,414.7,414.0,414.4,3790
PRAJIND,2026-04-30 12:32:00,414.4,414.4,413.5,413.65,6657
PRAJIND,2026-04-30 12:33:00,413.65,413.85,413.2,413.2,2991
PRAJIND,2026-04-30 12:34:00,413.2,415.15,413.2,415.0,18623
PRAJIND,2026-04-30 12:35:00,415.1,415.4,415.0,415.3,4756
PRAJIND,2026-04-30 12:36:00,415.3,415.5,415.3,415.4,3821
PRAJIND,2026-04-30 12:37:00,415.3,415.5,415.3,415.5,5902
PRAJIND,2026-04-30 12:38:00,415.5,415.6,415.3,415.5,3976
PRAJIND,2026-04-30 12:39:00,415.5,416.3,415.3,416.25,15956
PRAJIND,2026-04-30 12:40:00,416.25,416.4,416.05,416.3,8279
PRAJIND,2026-04-30 12:41:00,416.3,416.3,415.25,415.55,3996
PRAJIND,2026-04-30 12:42:00,415.35,415.7,415.1,415.3,2650
PRAJIND,2026-04-30 12:43:00,415.15,415.35,415.0,415.25,3549
PRAJIND,2026-04-30 12:44:00,415.25,415.45,415.0,415.15,4711
PRAJIND,2026-04-30 12:45:00,415.15,415.15,415.0,415.0,1371
PRAJIND,2026-04-30 12:46:00,415.0,415.15,414.6,414.6,3296
PRAJIND,2026-04-30 12:47:00,414.6,415.4,414.6,415.25,6038
PRAJIND,2026-04-30 12:48:00,415.25,415.8,415.25,415.5,2573
PRAJIND,2026-04-30 12:49:00,415.5,416.0,415.25,415.5,5677
PRAJIND,2026-04-30 12:50:00,415.5,416.15,415.5,415.9,5246
PRAJIND,2026-04-30 12:51:00,415.85,415.85,415.5,415.6,2245
PRAJIND,2026-04-30 12:52:00,415.5,415.75,415.5,415.6,1459
PRAJIND,2026-04-30 12:53:00,415.5,415.75,415.5,415.75,2224
PRAJIND,2026-04-30 12:54:00,415.8,415.8,415.6,415.8,3696
PRAJIND,2026-04-30 12:55:00,415.8,415.95,415.6,415.95,4362
PRAJIND,2026-04-30 12:56:00,415.95,415.95,415.5,415.7,2702
PRAJIND,2026-04-30 12:57:00,415.7,415.75,415.5,415.7,2116
PRAJIND,2026-04-30 12:58:00,415.7,415.7,415.5,415.7,783
PRAJIND,2026-04-30 12:59:00,415.7,415.7,415.5,415.5,1012
PRAJIND,2026-04-30 13:00:00,415.5,415.6,415.05,415.05,2502
PRAJIND,2026-04-30 13:01:00,415.05,415.7,415.05,415.7,2258
PRAJIND,2026-04-30 13:02:00,415.5,415.75,415.4,415.75,864
PRAJIND,2026-04-30 13:03:00,415.6,415.6,415.2,415.45,1203
PRAJIND,2026-04-30 13:04:00,415.45,415.5,415.05,415.5,3437
PRAJIND,2026-04-30 13:05:00,415.5,415.5,414.8,415.05,2969
PRAJIND,2026-04-30 13:06:00,415.1,415.1,414.55,414.95,2208
PRAJIND,2026-04-30 13:07:00,414.85,414.85,414.35,414.85,4619
PRAJIND,2026-04-30 13:08:00,414.65,414.95,414.6,414.95,747
PRAJIND,2026-04-30 13:09:00,414.95,414.95,414.5,414.7,1929
PRAJIND,2026-04-30 13:10:00,414.55,414.75,414.0,414.3,3909
PRAJIND,2026-04-30 13:11:00,414.3,414.3,413.7,413.7,2869
PRAJIND,2026-04-30 13:12:00,413.7,414.5,413.65,414.45,7749
PRAJIND,2026-04-30 13:13:00,414.45,414.45,413.6,413.6,2009
PRAJIND,2026-04-30 13:14:00,413.6,414.0,413.6,414.0,1323
PRAJIND,2026-04-30 13:15:00,414.0,414.0,413.7,413.75,2194
PRAJIND,2026-04-30 13:16:00,413.75,414.0,412.85,412.85,15722
PRAJIND,2026-04-30 13:17:00,412.85,413.25,412.85,413.15,1958
PRAJIND,2026-04-30 13:18:00,412.9,413.25,412.8,413.25,3484
PRAJIND,2026-04-30 13:19:00,413.7,413.7,413.05,413.5,2260
PRAJIND,2026-04-30 13:20:00,413.4,413.4,413.05,413.4,1649
PRAJIND,2026-04-30 13:21:00,413.35,413.4,413.0,413.25,1506
PRAJIND,2026-04-30 13:22:00,413.25,413.65,413.15,413.65,1642
PRAJIND,2026-04-30 13:23:00,413.65,413.65,413.5,413.5,1193
PRAJIND,2026-04-30 13:24:00,413.5,413.95,413.5,413.75,2586
PRAJIND,2026-04-30 13:25:00,413.75,414.1,413.75,414.05,2663
PRAJIND,2026-04-30 13:26:00,413.9,414.05,413.45,413.45,3947
PRAJIND,2026-04-30 13:27:00,413.75,413.85,413.55,413.7,763
PRAJIND,2026-04-30 13:28:00,413.7,413.75,413.4,413.7,1665
PRAJIND,2026-04-30 13:29:00,413.7,413.7,413.3,413.3,1145
PRAJIND,2026-04-30 13:30:00,413.3,413.8,413.15,413.75,4227
PRAJIND,2026-04-30 13:31:00,413.75,413.95,413.2,413.45,3163
PRAJIND,2026-04-30 13:32:00,413.2,413.5,413.15,413.5,3322
PRAJIND,2026-04-30 13:33:00,413.45,413.8,413.45,413.8,1306
PRAJIND,2026-04-30 13:34:00,413.8,413.85,413.7,413.85,604
PRAJIND,2026-04-30 13:35:00,413.85,413.9,413.5,413.85,2421
PRAJIND,2026-04-30 13:36:00,413.6,413.8,413.6,413.8,1699
PRAJIND,2026-04-30 13:37:00,413.8,413.8,413.6,413.65,1063
PRAJIND,2026-04-30 13:38:00,413.65,413.75,413.3,413.75,1541
PRAJIND,2026-04-30 13:39:00,413.75,413.75,411.5,411.6,48070
PRAJIND,2026-04-30 13:40:00,411.6,412.2,411.5,411.85,3082
PRAJIND,2026-04-30 13:41:00,411.85,412.35,411.8,412.35,2879
PRAJIND,2026-04-30 13:42:00,412.0,412.8,412.0,412.7,9587
PRAJIND,2026-04-30 13:43:00,412.7,413.0,412.65,412.85,4118
PRAJIND,2026-04-30 13:44:00,412.6,413.25,412.6,413.0,5689
PRAJIND,2026-04-30 13:45:00,413.0,413.8,413.0,413.3,5539
PRAJIND,2026-04-30 13:46:00,413.7,413.8,413.45,413.8,1871
PRAJIND,2026-04-30 13:47:00,413.8,414.25,413.5,414.0,8891
PRAJIND,2026-04-30 13:48:00,413.75,414.0,413.6,413.95,1150
PRAJIND,2026-04-30 13:49:00,413.65,414.0,413.65,414.0,2973
PRAJIND,2026-04-30 13:50:00,414.0,414.15,413.75,414.15,1934
PRAJIND,2026-04-30 13:51:00,414.15,414.85,414.15,414.8,6842
PRAJIND,2026-04-30 13:52:00,414.5,414.8,414.35,414.35,6928
PRAJIND,2026-04-30 13:53:00,414.4,415.25,414.4,414.9,6115
PRAJIND,2026-04-30 13:54:00,414.9,415.1,414.55,414.85,4697
PRAJIND,2026-04-30 13:55:00,414.85,415.45,414.8,415.0,4618
PRAJIND,2026-04-30 13:56:00,415.0,415.6,415.0,415.6,7074
PRAJIND,2026-04-30 13:57:00,415.5,415.8,414.65,414.65,7770
PRAJIND,2026-04-30 13:58:00,415.0,415.0,414.2,414.5,7160
PRAJIND,2026-04-30 13:59:00,414.5,414.5,414.1,414.35,1247
PRAJIND,2026-04-30 14:00:00,414.35,414.35,413.5,413.65,3322
PRAJIND,2026-04-30 14:01:00,413.65,413.7,412.55,412.55,4269
PRAJIND,2026-04-30 14:02:00,412.5,412.8,412.5,412.75,4103
PRAJIND,2026-04-30 14:03:00,412.7,412.85,412.5,412.65,2883
PRAJIND,2026-04-30 14:04:00,412.65,413.0,412.5,412.65,3958
PRAJIND,2026-04-30 14:05:00,412.65,412.75,412.0,412.0,9108
PRAJIND,2026-04-30 14:06:00,412.05,412.15,411.4,411.95,5203
PRAJIND,2026-04-30 14:07:00,411.75,412.4,411.7,411.85,4954
PRAJIND,2026-04-30 14:08:00,411.85,411.95,411.5,411.95,2188
PRAJIND,2026-04-30 14:09:00,411.95,412.55,411.95,412.55,2965
PRAJIND,2026-04-30 14:10:00,412.55,412.7,412.15,412.7,3453
PRAJIND,2026-04-30 14:11:00,412.65,412.65,412.15,412.55,1562
PRAJIND,2026-04-30 14:12:00,412.55,413.5,412.5,412.95,9856
PRAJIND,2026-04-30 14:13:00,413.25,413.3,413.0,413.2,1819
PRAJIND,2026-04-30 14:14:00,413.2,413.2,412.7,413.0,847
PRAJIND,2026-04-30 14:15:00,413.2,413.3,412.85,413.25,1348
PRAJIND,2026-04-30 14:16:00,413.2,413.35,412.95,413.05,3673
PRAJIND,2026-04-30 14:17:00,413.05,413.15,413.0,413.1,736
PRAJIND,2026-04-30 14:18:00,413.1,413.1,412.25,412.5,1565
PRAJIND,2026-04-30 14:19:00,412.5,412.85,412.0,412.2,6820
PRAJIND,2026-04-30 14:20:00,412.25,412.25,411.4,411.75,7688
PRAJIND,2026-04-30 14:21:00,411.45,411.7,411.45,411.65,1588
PRAJIND,2026-04-30 14:22:00,411.8,411.85,411.6,411.85,3763
PRAJIND,2026-04-30 14:23:00,411.85,411.85,411.5,411.8,6077
PRAJIND,2026-04-30 14:24:00,411.8,412.45,411.75,412.45,5156
PRAJIND,2026-04-30 14:25:00,412.45,412.45,412.0,412.25,4254
PRAJIND,2026-04-30 14:26:00,412.35,412.35,411.95,412.3,2236
PRAJIND,2026-04-30 14:27:00,412.3,412.3,411.5,411.8,4177
PRAJIND,2026-04-30 14:28:00,411.8,411.85,411.55,411.85,720
PRAJIND,2026-04-30 14:29:00,411.85,412.3,411.8,412.3,815
PRAJIND,2026-04-30 14:30:00,412.2,412.6,412.2,412.25,5224
PRAJIND,2026-04-30 14:31:00,412.25,412.8,412.25,412.65,1539
PRAJIND,2026-04-30 14:32:00,412.9,412.9,412.65,412.85,4826
PRAJIND,2026-04-30 14:33:00,412.8,413.2,412.7,412.95,3507
PRAJIND,2026-04-30 14:34:00,412.95,412.95,412.7,412.95,821
PRAJIND,2026-04-30 14:35:00,412.95,413.1,412.85,412.9,3909
PRAJIND,2026-04-30 14:36:00,412.85,413.2,412.7,413.1,1701
PRAJIND,2026-04-30 14:37:00,413.1,413.35,412.95,413.35,2313
PRAJIND,2026-04-30 14:38:00,413.35,413.55,413.15,413.55,2143
PRAJIND,2026-04-30 14:39:00,413.35,413.4,413.2,413.3,1494
PRAJIND,2026-04-30 14:40:00,413.1,413.35,412.7,413.0,2816
PRAJIND,2026-04-30 14:41:00,413.0,413.0,412.75,412.95,639
PRAJIND,2026-04-30 14:42:00,412.95,413.0,412.35,412.65,7883
PRAJIND,2026-04-30 14:43:00,412.65,412.9,412.5,412.8,1203
PRAJIND,2026-04-30 14:44:00,412.95,412.95,412.2,412.2,2100
PRAJIND,2026-04-30 14:45:00,412.2,412.65,412.2,412.5,1382
PRAJIND,2026-04-30 14:46:00,412.5,412.7,412.1,412.1,2786
PRAJIND,2026-04-30 14:47:00,412.15,412.55,411.75,411.9,6671
PRAJIND,2026-04-30 14:48:00,411.65,412.0,411.05,411.05,26580
PRAJIND,2026-04-30 14:49:00,411.05,411.05,410.3,410.3,12347
PRAJIND,2026-04-30 14:50:00,410.15,410.15,409.0,409.2,53751
PRAJIND,2026-04-30 14:51:00,409.1,409.9,409.0,409.9,8848
PRAJIND,2026-04-30 14:52:00,409.8,410.05,408.95,409.95,13628
PRAJIND,2026-04-30 14:53:00,409.95,410.0,409.65,409.7,2251
PRAJIND,2026-04-30 14:54:00,409.55,409.75,409.0,409.35,5015
PRAJIND,2026-04-30 14:55:00,409.4,409.95,409.4,409.65,2284
PRAJIND,2026-04-30 14:56:00,409.8,409.85,409.5,409.7,3654
PRAJIND,2026-04-30 14:57:00,409.7,409.75,409.15,409.35,14283
PRAJIND,2026-04-30 14:58:00,409.35,409.4,408.8,409.3,5001
PRAJIND,2026-04-30 14:59:00,409.4,409.9,409.25,409.6,9008
PRAJIND,2026-04-30 15:00:00,409.6,409.6,408.7,409.1,5071
PRAJIND,2026-04-30 15:01:00,409.0,409.0,408.25,408.8,5780
PRAJIND,2026-04-30 15:02:00,408.5,408.7,408.1,408.5,4380
PRAJIND,2026-04-30 15:03:00,408.35,408.8,408.3,408.55,5914
PRAJIND,2026-04-30 15:04:00,408.55,409.05,408.3,409.05,5807
PRAJIND,2026-04-30 15:05:00,409.05,409.05,408.55,408.6,9647
PRAJIND,2026-04-30 15:06:00,408.6,408.6,408.5,408.5,12219
PRAJIND,2026-04-30 15:07:00,408.6,408.65,408.0,408.45,4758
PRAJIND,2026-04-30 15:08:00,408.5,408.7,408.3,408.55,5407
PRAJIND,2026-04-30 15:09:00,408.7,408.8,408.55,408.75,2698
PRAJIND,2026-04-30 15:10:00,408.45,408.5,408.0,408.0,10705
PRAJIND,2026-04-30 15:11:00,408.05,408.4,408.0,408.4,7673
PRAJIND,2026-04-30 15:12:00,408.05,408.2,407.85,407.85,4647
PRAJIND,2026-04-30 15:13:00,408.1,408.1,407.65,407.95,10017
PRAJIND,2026-04-30 15:14:00,408.0,408.4,408.0,408.4,2910
PRAJIND,2026-04-30 15:15:00,408.4,408.55,407.7,408.05,15964
PRAJIND,2026-04-30 15:16:00,408.65,408.7,408.1,408.4,14002
PRAJIND,2026-04-30 15:17:00,408.55,408.8,408.45,408.8,4463
PRAJIND,2026-04-30 15:18:00,408.75,409.6,408.55,409.6,17863
PRAJIND,2026-04-30 15:19:00,409.55,409.55,409.1,409.15,7962
PRAJIND,2026-04-30 15:20:00,408.65,408.9,407.65,408.0,25890
PRAJIND,2026-04-30 15:21:00,407.9,408.25,407.85,408.15,7821
PRAJIND,2026-04-30 15:22:00,408.0,408.0,407.7,407.7,6544
PRAJIND,2026-04-30 15:23:00,407.65,407.65,406.35,407.1,53178
PRAJIND,2026-04-30 15:24:00,406.65,407.8,406.65,407.45,17645
PRAJIND,2026-04-30 15:25:00,407.75,408.35,407.25,408.35,15865
PRAJIND,2026-04-30 15:26:00,408.2,408.45,408.0,408.2,11272
PRAJIND,2026-04-30 15:27:00,408.35,409.05,408.0,408.8,25614
PRAJIND,2026-04-30 15:28:00,409.65,410.75,409.05,410.55,18045
PRAJIND,2026-04-30 15:29:00,411.0,411.5,409.05,410.0,18782
PRAJIND,2026-05-04 09:15:00,412.4,415.05,411.5,414.2,35011
PRAJIND,2026-05-04 09:16:00,413.2,414.75,413.2,413.35,36089
PRAJIND,2026-05-04 09:17:00,414.0,417.0,414.0,416.4,27501
PRAJIND,2026-05-04 09:18:00,416.75,416.75,415.45,415.85,22691
PRAJIND,2026-05-04 09:19:00,416.15,417.0,415.3,417.0,24263
PRAJIND,2026-05-04 09:20:00,416.75,419.0,416.7,419.0,33215
PRAJIND,2026-05-04 09:21:00,418.4,418.85,418.15,418.5,32618
PRAJIND,2026-05-04 09:22:00,418.0,418.9,418.0,418.9,24253
PRAJIND,2026-05-04 09:23:00,418.65,418.65,417.9,417.9,7819
PRAJIND,2026-05-04 09:24:00,417.65,418.1,417.25,418.05,17676
PRAJIND,2026-05-04 09:25:00,418.05,418.3,417.25,417.25,7437
PRAJIND,2026-05-04 09:26:00,417.2,417.5,417.05,417.4,19880
PRAJIND,2026-05-04 09:27:00,417.4,418.5,417.4,417.95,7428
PRAJIND,2026-05-04 09:28:00,417.7,418.5,417.7,418.3,4920
PRAJIND,2026-05-04 09:29:00,418.35,420.0,418.35,420.0,22129
PRAJIND,2026-05-04 09:30:00,419.6,420.0,417.85,418.6,35639
PRAJIND,2026-05-04 09:31:00,418.6,419.3,418.35,418.95,12253
PRAJIND,2026-05-04 09:32:00,419.15,419.4,418.8,418.8,14015
PRAJIND,2026-05-04 09:33:00,418.45,419.0,418.25,418.3,5872
PRAJIND,2026-05-04 09:34:00,418.1,418.55,417.9,418.0,15543
PRAJIND,2026-05-04 09:35:00,418.3,418.65,418.0,418.35,5767
PRAJIND,2026-05-04 09:36:00,418.6,418.85,418.55,418.7,2290
PRAJIND,2026-05-04 09:37:00,418.85,419.1,418.55,419.1,12137
PRAJIND,2026-05-04 09:38:00,419.1,419.25,418.55,418.55,6015
PRAJIND,2026-05-04 09:39:00,418.25,418.9,417.9,418.15,13896
PRAJIND,2026-05-04 09:40:00,418.2,418.9,418.1,418.1,8372
PRAJIND,2026-05-04 09:41:00,418.1,419.0,418.0,418.7,5776
PRAJIND,2026-05-04 09:42:00,418.55,418.9,418.5,418.8,5024
PRAJIND,2026-05-04 09:43:00,418.6,419.15,418.6,418.7,6532
PRAJIND,2026-05-04 09:44:00,418.55,419.25,418.4,419.0,11582
PRAJIND,2026-05-04 09:45:00,419.25,419.25,418.1,418.1,3117
PRAJIND,2026-05-04 09:46:00,418.2,418.2,417.5,417.55,11162
PRAJIND,2026-05-04 09:47:00,417.85,417.9,417.2,417.2,8206
PRAJIND,2026-05-04 09:48:00,417.4,417.4,416.95,417.2,4950
PRAJIND,2026-05-04 09:49:00,417.2,417.2,416.8,416.8,2657
PRAJIND,2026-05-04 09:50:00,417.05,417.15,416.7,416.7,7801
PRAJIND,2026-05-04 09:51:00,416.8,416.85,416.35,416.55,11364
PRAJIND,2026-05-04 09:52:00,416.55,416.9,416.45,416.85,4204
PRAJIND,2026-05-04 09:53:00,416.7,417.0,416.2,416.2,3771
PRAJIND,2026-05-04 09:54:00,417.25,417.85,417.2,417.85,24100
PRAJIND,2026-05-04 09:55:00,417.2,417.6,417.2,417.3,4575
PRAJIND,2026-05-04 09:56:00,417.3,417.85,417.2,417.35,8462
PRAJIND,2026-05-04 09:57:00,417.1,418.25,417.05,418.2,20876
PRAJIND,2026-05-04 09:58:00,418.5,419.0,417.9,418.65,6084
PRAJIND,2026-05-04 09:59:00,418.95,418.95,418.0,418.15,6226
PRAJIND,2026-05-04 10:00:00,418.5,418.7,418.35,418.7,2980
PRAJIND,2026-05-04 10:01:00,418.7,418.7,418.15,418.7,9026
PRAJIND,2026-05-04 10:02:00,418.5,418.5,417.35,417.35,4904
PRAJIND,2026-05-04 10:03:00,417.45,417.45,416.85,416.9,5793
PRAJIND,2026-05-04 10:04:00,417.0,417.15,416.65,416.95,2969
PRAJIND,2026-05-04 10:05:00,417.0,417.2,416.5,416.9,4779
PRAJIND,2026-05-04 10:06:00,416.9,416.9,416.2,416.55,4974
PRAJIND,2026-05-04 10:07:00,416.7,416.75,416.05,416.5,6413
PRAJIND,2026-05-04 10:08:00,416.15,416.6,416.1,416.45,4902
PRAJIND,2026-05-04 10:09:00,416.45,416.75,416.3,416.75,1134
PRAJIND,2026-05-04 10:10:00,416.75,417.7,416.7,417.3,10888
PRAJIND,2026-05-04 10:11:00,417.15,417.4,416.5,416.55,12161
PRAJIND,2026-05-04 10:12:00,416.25,416.6,416.25,416.55,1839
PRAJIND,2026-05-04 10:13:00,416.4,416.5,416.0,416.0,6989
PRAJIND,2026-05-04 10:14:00,416.0,416.0,415.55,415.6,5972
PRAJIND,2026-05-04 10:15:00,415.6,415.95,415.35,415.35,4225
PRAJIND,2026-05-04 10:16:00,415.35,415.55,415.0,415.0,17187
PRAJIND,2026-05-04 10:17:00,415.0,415.5,415.0,415.4,2412
PRAJIND,2026-05-04 10:18:00,415.4,415.5,415.15,415.35,6632
PRAJIND,2026-05-04 10:19:00,415.2,415.35,415.15,415.35,1558
PRAJIND,2026-05-04 10:20:00,415.3,415.35,415.15,415.35,2381
PRAJIND,2026-05-04 10:21:00,415.35,416.9,415.35,416.5,9935
PRAJIND,2026-05-04 10:22:00,416.5,416.5,415.6,415.6,1578
PRAJIND,2026-05-04 10:23:00,415.85,416.25,415.8,415.8,1274
PRAJIND,2026-05-04 10:24:00,415.8,416.0,415.55,415.65,10773
PRAJIND,2026-05-04 10:25:00,415.65,415.85,415.5,415.85,1388
PRAJIND,2026-05-04 10:26:00,415.85,415.95,415.55,415.7,1625
PRAJIND,2026-05-04 10:27:00,416.0,416.15,415.7,416.05,983
PRAJIND,2026-05-04 10:28:00,416.05,416.8,416.0,416.8,2721
PRAJIND,2026-05-04 10:29:00,416.8,417.4,416.5,417.4,4223
PRAJIND,2026-05-04 10:30:00,417.3,417.5,416.9,417.2,8283
PRAJIND,2026-05-04 10:31:00,417.55,417.65,417.0,417.0,3668
PRAJIND,2026-05-04 10:32:00,417.0,417.4,417.0,417.2,1861
PRAJIND,2026-05-04 10:33:00,417.2,417.2,416.3,416.45,2428
PRAJIND,2026-05-04 10:34:00,416.8,416.8,416.1,416.35,2920
PRAJIND,2026-05-04 10:35:00,416.35,416.45,416.15,416.15,1361
PRAJIND,2026-05-04 10:36:00,416.15,416.45,416.0,416.45,941
PRAJIND,2026-05-04 10:37:00,416.45,416.45,416.0,416.0,1339
PRAJIND,2026-05-04 10:38:00,416.0,416.4,416.0,416.3,2123
PRAJIND,2026-05-04 10:39:00,416.3,416.6,416.2,416.3,1835
PRAJIND,2026-05-04 10:40:00,416.3,416.35,416.05,416.15,897
PRAJIND,2026-05-04 10:41:00,416.15,416.5,416.05,416.05,2416
PRAJIND,2026-05-04 10:42:00,416.35,416.35,415.9,416.0,3702
PRAJIND,2026-05-04 10:43:00,416.0,416.5,415.8,416.0,9317
PRAJIND,2026-05-04 10:44:00,415.7,416.2,415.7,415.95,793
PRAJIND,2026-05-04 10:45:00,415.8,416.1,415.5,415.8,3133
PRAJIND,2026-05-04 10:46:00,416.0,416.0,415.35,415.9,1398
PRAJIND,2026-05-04 10:47:00,416.0,416.0,415.7,415.7,1569
PRAJIND,2026-05-04 10:48:00,415.7,416.05,415.5,415.7,6710
PRAJIND,2026-05-04 10:49:00,415.9,416.2,415.7,415.95,3267
PRAJIND,2026-05-04 10:50:00,415.95,415.95,415.3,415.35,5037
PRAJIND,2026-05-04 10:51:00,415.4,415.75,415.4,415.7,1500
PRAJIND,2026-05-04 10:52:00,415.7,415.8,415.5,415.7,1033
PRAJIND,2026-05-04 10:53:00,415.7,415.75,415.35,415.75,3801
PRAJIND,2026-05-04 10:54:00,416.0,416.4,415.8,416.0,6016
PRAJIND,2026-05-04 10:55:00,416.0,416.05,415.4,415.4,2164
PRAJIND,2026-05-04 10:56:00,415.75,415.85,415.35,415.85,1344
PRAJIND,2026-05-04 10:57:00,415.85,416.4,415.65,416.2,1973
PRAJIND,2026-05-04 10:58:00,416.2,416.35,415.5,415.5,1037
PRAJIND,2026-05-04 10:59:00,415.6,415.95,415.5,415.8,1261
PRAJIND,2026-05-04 11:00:00,415.85,416.0,415.8,416.0,688
PRAJIND,2026-05-04 11:01:00,416.3,416.75,416.3,416.75,2183
PRAJIND,2026-05-04 11:02:00,416.9,417.0,416.8,417.0,1786
PRAJIND,2026-05-04 11:03:00,417.0,417.5,417.0,417.25,3905
PRAJIND,2026-05-04 11:04:00,417.25,417.7,416.95,417.6,7410
PRAJIND,2026-05-04 11:05:00,417.6,417.6,417.45,417.5,2277
PRAJIND,2026-05-04 11:06:00,417.6,417.6,416.75,417.2,7860
PRAJIND,2026-05-04 11:07:00,417.25,417.25,416.8,416.8,2645
PRAJIND,2026-05-04 11:08:00,416.8,417.55,416.8,417.55,795
PRAJIND,2026-05-04 11:09:00,417.55,417.6,417.15,417.15,2259
PRAJIND,2026-05-04 11:10:00,417.4,417.55,417.05,417.25,1220
PRAJIND,2026-05-04 11:11:00,417.25,417.4,416.8,417.25,1765
PRAJIND,2026-05-04 11:12:00,417.25,417.25,416.85,417.0,1860
PRAJIND,2026-05-04 11:13:00,417.0,417.0,416.5,416.9,3030
PRAJIND,2026-05-04 11:14:00,416.5,417.0,416.5,417.0,831
PRAJIND,2026-05-04 11:15:00,416.15,416.45,416.15,416.35,2703
PRAJIND,2026-05-04 11:16:00,416.35,416.35,415.75,416.15,3246
PRAJIND,2026-05-04 11:17:00,416.15,416.15,415.4,415.7,1661
PRAJIND,2026-05-04 11:18:00,415.7,415.7,415.2,415.45,1267
PRAJIND,2026-05-04 11:19:00,415.45,415.45,415.0,415.25,3087
PRAJIND,2026-05-04 11:20:00,415.25,415.5,415.25,415.4,793
PRAJIND,2026-05-04 11:21:00,415.4,415.4,415.05,415.4,3181
PRAJIND,2026-05-04 11:22:00,415.1,415.25,415.0,415.2,4678
PRAJIND,2026-05-04 11:23:00,415.2,415.6,415.2,415.6,1066
PRAJIND,2026-05-04 11:24:00,415.65,415.8,415.4,415.65,864
PRAJIND,2026-05-04 11:25:00,415.65,415.8,415.4,415.65,564
PRAJIND,2026-05-04 11:26:00,415.35,415.4,415.05,415.05,5856
PRAJIND,2026-05-04 11:27:00,415.0,415.3,415.0,415.15,1547
PRAJIND,2026-05-04 11:28:00,415.15,415.65,415.05,415.5,1914
PRAJIND,2026-05-04 11:29:00,415.5,416.15,415.45,416.15,2116
PRAJIND,2026-05-04 11:30:00,416.05,416.3,416.05,416.2,815
PRAJIND,2026-05-04 11:31:00,416.2,416.2,415.7,416.0,1912
PRAJIND,2026-05-04 11:32:00,416.0,416.6,415.5,416.2,4019
PRAJIND,2026-05-04 11:33:00,416.2,416.35,416.1,416.35,847
PRAJIND,2026-05-04 11:34:00,416.35,416.35,415.6,415.9,1082
PRAJIND,2026-05-04 11:35:00,415.75,416.0,415.45,415.45,2032
PRAJIND,2026-05-04 11:36:00,415.7,415.7,415.2,415.3,3998
PRAJIND,2026-05-04 11:37:00,415.3,415.35,415.15,415.15,1546
PRAJIND,2026-05-04 11:38:00,415.15,415.5,415.15,415.4,826
PRAJIND,2026-05-04 11:39:00,415.4,415.95,415.4,415.6,1207
PRAJIND,2026-05-04 11:40:00,415.6,415.8,414.9,414.9,16798
PRAJIND,2026-05-04 11:41:00,414.6,414.95,414.5,414.5,3605
PRAJIND,2026-05-04 11:42:00,414.1,415.4,414.1,415.4,7049
PRAJIND,2026-05-04 11:43:00,415.4,416.0,415.3,416.0,816
PRAJIND,2026-05-04 11:44:00,415.8,415.85,415.55,415.8,550
PRAJIND,2026-05-04 11:45:00,415.8,415.85,415.6,415.6,1579
PRAJIND,2026-05-04 11:46:00,415.6,415.8,415.55,415.6,73
PRAJIND,2026-05-04 11:47:00,415.6,415.6,415.55,415.55,208
PRAJIND,2026-05-04 11:48:00,415.55,415.6,415.25,415.6,500
PRAJIND,2026-05-04 11:49:00,415.6,415.6,415.55,415.55,305
PRAJIND,2026-05-04 11:50:00,415.55,415.55,415.15,415.15,1746
PRAJIND,2026-05-04 11:51:00,415.0,415.25,415.0,415.25,808
PRAJIND,2026-05-04 11:52:00,415.25,415.3,415.0,415.0,2761
PRAJIND,2026-05-04 11:53:00,415.0,420.2,415.0,420.2,66405
PRAJIND,2026-05-04 11:54:00,420.1,422.8,420.1,422.05,124317
PRAJIND,2026-05-04 11:55:00,422.05,422.85,420.55,420.65,30374
PRAJIND,2026-05-04 11:56:00,420.9,421.2,420.35,420.4,10740
PRAJIND,2026-05-04 11:57:00,420.4,421.1,420.35,420.75,12214
PRAJIND,2026-05-04 11:58:00,420.75,420.85,420.2,420.2,2184
PRAJIND,2026-05-04 11:59:00,420.1,420.35,419.6,420.0,6185
PRAJIND,2026-05-04 12:00:00,420.0,420.0,419.3,419.35,5795
PRAJIND,2026-05-04 12:01:00,419.1,419.5,419.1,419.25,3191
PRAJIND,2026-05-04 12:02:00,419.25,419.4,419.1,419.35,1741
PRAJIND,2026-05-04 12:03:00,419.35,419.4,418.95,419.3,8001
PRAJIND,2026-05-04 12:04:00,419.35,420.55,419.35,420.55,9963
PRAJIND,2026-05-04 12:05:00,420.55,421.0,420.0,420.4,17319
PRAJIND,2026-05-04 12:06:00,420.45,420.75,420.15,420.5,6338
PRAJIND,2026-05-04 12:07:00,420.15,420.35,419.7,420.1,10785
PRAJIND,2026-05-04 12:08:00,419.5,419.65,419.35,419.5,2143
PRAJIND,2026-05-04 12:09:00,419.35,419.8,419.3,419.4,8701
PRAJIND,2026-05-04 12:10:00,419.4,419.4,419.05,419.15,1254
PRAJIND,2026-05-04 12:11:00,419.0,419.3,418.85,418.85,4545
PRAJIND,2026-05-04 12:12:00,418.75,418.9,417.8,417.8,25531
PRAJIND,2026-05-04 12:13:00,417.8,417.8,415.3,415.75,19119
PRAJIND,2026-05-04 12:14:00,415.75,416.1,415.5,415.6,21156
PRAJIND,2026-05-04 12:15:00,415.6,416.2,415.5,415.8,16380
PRAJIND,2026-05-04 12:16:00,415.6,416.45,415.6,416.2,4071
PRAJIND,2026-05-04 12:17:00,416.3,416.3,415.25,415.25,1974
PRAJIND,2026-05-04 12:18:00,415.25,415.5,415.15,415.4,4258
PRAJIND,2026-05-04 12:19:00,415.4,415.85,415.35,415.6,3679
PRAJIND,2026-05-04 12:20:00,415.6,416.0,415.5,415.5,2949
PRAJIND,2026-05-04 12:21:00,415.5,415.7,415.5,415.5,1548
PRAJIND,2026-05-04 12:22:00,415.7,415.75,415.5,415.5,1264
PRAJIND,2026-05-04 12:23:00,415.5,415.65,415.35,415.4,3719
PRAJIND,2026-05-04 12:24:00,415.4,415.65,415.4,415.65,103
PRAJIND,2026-05-04 12:25:00,415.6,415.75,415.6,415.75,624
PRAJIND,2026-05-04 12:26:00,415.75,415.85,415.65,415.85,159
PRAJIND,2026-05-04 12:27:00,415.85,415.85,415.65,415.65,586
PRAJIND,2026-05-04 12:28:00,415.85,415.85,415.6,415.8,1489
PRAJIND,2026-05-04 12:29:00,415.8,415.8,415.7,415.7,293
PRAJIND,2026-05-04 12:30:00,415.7,415.7,415.05,415.05,2496
PRAJIND,2026-05-04 12:31:00,415.3,415.6,415.0,415.0,4895
PRAJIND,2026-05-04 12:32:00,415.0,415.55,415.0,415.2,1479
PRAJIND,2026-05-04 12:33:00,415.2,415.55,415.2,415.55,302
PRAJIND,2026-05-04 12:34:00,415.55,415.55,415.0,415.25,1006
PRAJIND,2026-05-04 12:35:00,415.0,415.15,414.1,414.1,27643
PRAJIND,2026-05-04 12:36:00,414.3,414.95,414.3,414.95,3164
PRAJIND,2026-05-04 12:37:00,414.55,414.6,414.25,414.25,1364
PRAJIND,2026-05-04 12:38:00,414.1,414.4,414.1,414.35,610
PRAJIND,2026-05-04 12:39:00,414.35,414.5,414.3,414.5,639
PRAJIND,2026-05-04 12:40:00,414.5,414.7,414.3,414.65,1083
PRAJIND,2026-05-04 12:41:00,414.65,414.75,414.5,414.75,238
PRAJIND,2026-05-04 12:42:00,414.75,414.75,414.5,414.5,1654
PRAJIND,2026-05-04 12:43:00,414.5,414.7,414.15,414.15,1533
PRAJIND,2026-05-04 12:44:00,414.15,414.15,414.1,414.1,1683
PRAJIND,2026-05-04 12:45:00,414.1,414.35,414.1,414.1,7603
PRAJIND,2026-05-04 12:46:00,414.1,414.35,414.1,414.1,481
PRAJIND,2026-05-04 12:47:00,414.15,414.35,414.1,414.35,522
PRAJIND,2026-05-04 12:48:00,414.35,414.35,413.15,413.55,16797
PRAJIND,2026-05-04 12:49:00,413.45,413.7,413.4,413.7,1291
PRAJIND,2026-05-04 12:50:00,413.55,413.9,413.55,413.9,6724
PRAJIND,2026-05-04 12:51:00,413.9,414.1,413.5,413.8,3507
PRAJIND,2026-05-04 12:52:00,413.8,414.15,413.75,414.05,1442
PRAJIND,2026-05-04 12:53:00,413.75,414.0,413.75,413.8,875
PRAJIND,2026-05-04 12:54:00,413.8,414.1,413.8,414.1,612
PRAJIND,2026-05-04 12:55:00,414.0,414.2,413.8,414.0,1696
PRAJIND,2026-05-04 12:56:00,414.0,414.25,414.0,414.25,2160
PRAJIND,2026-05-04 12:57:00,414.25,414.35,414.05,414.05,1266
PRAJIND,2026-05-04 12:58:00,414.05,414.05,413.65,413.8,1483
PRAJIND,2026-05-04 12:59:00,413.9,414.1,413.65,413.65,438
PRAJIND,2026-05-04 13:00:00,413.9,413.95,413.65,413.65,3775
PRAJIND,2026-05-04 13:01:00,413.65,414.0,413.65,413.9,338
PRAJIND,2026-05-04 13:02:00,413.9,414.05,413.8,414.05,801
PRAJIND,2026-05-04 13:03:00,414.05,414.05,413.65,413.65,1459
PRAJIND,2026-05-04 13:04:00,413.65,413.9,413.65,413.85,932
PRAJIND,2026-05-04 13:05:00,413.85,413.85,413.5,413.5,1358
PRAJIND,2026-05-04 13:06:00,413.5,413.85,413.1,413.3,3015
PRAJIND,2026-05-04 13:07:00,413.6,413.6,413.5,413.5,351
PRAJIND,2026-05-04 13:08:00,413.5,413.75,413.5,413.5,1026
PRAJIND,2026-05-04 13:09:00,413.5,413.8,413.15,413.75,4893
PRAJIND,2026-05-04 13:10:00,413.75,413.8,413.45,413.5,1547
PRAJIND,2026-05-04 13:11:00,413.5,413.6,413.5,413.6,147
PRAJIND,2026-05-04 13:12:00,413.55,413.85,413.55,413.85,541
PRAJIND,2026-05-04 13:13:00,413.85,414.0,413.5,414.0,785
PRAJIND,2026-05-04 13:14:00,414.0,414.1,414.0,414.0,385
PRAJIND,2026-05-04 13:15:00,414.15,414.5,414.0,414.3,690
PRAJIND,2026-05-04 13:16:00,414.1,414.2,413.65,413.65,1121
PRAJIND,2026-05-04 13:17:00,413.95,413.95,413.55,413.7,916
PRAJIND,2026-05-04 13:18:00,413.7,413.8,413.15,413.8,5054
PRAJIND,2026-05-04 13:19:00,413.6,413.6,413.3,413.4,381
PRAJIND,2026-05-04 13:20:00,413.4,413.5,412.9,412.9,13953
PRAJIND,2026-05-04 13:21:00,412.9,413.0,412.85,412.85,327
PRAJIND,2026-05-04 13:22:00,412.85,413.05,412.55,412.55,680
PRAJIND,2026-05-04 13:23:00,412.75,412.8,412.15,412.45,2289
PRAJIND,2026-05-04 13:24:00,412.35,412.7,412.3,412.6,1245
PRAJIND,2026-05-04 13:25:00,412.5,412.65,412.5,412.5,274
PRAJIND,2026-05-04 13:26:00,412.65,412.75,412.5,412.65,996
PRAJIND,2026-05-04 13:27:00,412.75,412.75,412.65,412.65,548
PRAJIND,2026-05-04 13:28:00,412.65,412.75,412.5,412.5,774
PRAJIND,2026-05-04 13:29:00,412.25,412.25,411.75,411.95,16294
PRAJIND,2026-05-04 13:30:00,411.95,411.95,411.6,411.75,1347
PRAJIND,2026-05-04 13:31:00,411.85,412.75,411.8,412.55,3080
PRAJIND,2026-05-04 13:32:00,412.55,412.9,412.45,412.55,973
PRAJIND,2026-05-04 13:33:00,412.55,412.8,412.5,412.65,631
PRAJIND,2026-05-04 13:34:00,412.65,412.65,412.5,412.5,741
PRAJIND,2026-05-04 13:35:00,412.3,412.3,412.0,412.0,492
PRAJIND,2026-05-04 13:36:00,412.0,412.25,411.8,412.1,1493
PRAJIND,2026-05-04 13:37:00,412.0,412.7,412.0,412.7,2008
PRAJIND,2026-05-04 13:38:00,412.7,412.8,412.3,412.65,636
PRAJIND,2026-05-04 13:39:00,412.35,412.9,412.35,412.9,1673
PRAJIND,2026-05-04 13:40:00,412.9,413.25,412.7,413.1,3462
PRAJIND,2026-05-04 13:41:00,413.1,413.1,412.7,413.1,1113
PRAJIND,2026-05-04 13:42:00,413.1,414.0,413.1,414.0,6236
PRAJIND,2026-05-04 13:43:00,414.3,414.85,413.9,414.5,14663
PRAJIND,2026-05-04 13:44:00,414.3,414.5,414.2,414.5,1098
PRAJIND,2026-05-04 13:45:00,414.15,414.45,414.1,414.1,797
PRAJIND,2026-05-04 13:46:00,414.1,414.1,414.0,414.0,201
PRAJIND,2026-05-04 13:47:00,414.0,414.2,414.0,414.2,338
PRAJIND,2026-05-04 13:48:00,414.2,414.25,414.0,414.25,133
PRAJIND,2026-05-04 13:49:00,414.15,414.5,414.05,414.45,1206
PRAJIND,2026-05-04 13:50:00,414.45,414.45,414.2,414.2,1552
PRAJIND,2026-05-04 13:51:00,414.3,414.9,414.3,414.55,2575
PRAJIND,2026-05-04 13:52:00,414.5,414.5,414.35,414.35,81
PRAJIND,2026-05-04 13:53:00,414.35,414.35,414.0,414.1,1105
PRAJIND,2026-05-04 13:54:00,414.1,414.1,414.0,414.05,958
PRAJIND,2026-05-04 13:55:00,414.1,414.2,414.0,414.2,459
PRAJIND,2026-05-04 13:56:00,414.2,414.25,413.55,413.8,2042
PRAJIND,2026-05-04 13:57:00,413.8,413.8,413.15,413.15,499
PRAJIND,2026-05-04 13:58:00,413.15,413.5,412.65,413.5,2780
PRAJIND,2026-05-04 13:59:00,413.3,414.0,413.3,413.7,1847
PRAJIND,2026-05-04 14:00:00,413.7,413.85,413.7,413.85,17
PRAJIND,2026-05-04 14:01:00,413.85,413.9,413.8,413.9,109
PRAJIND,2026-05-04 14:02:00,413.9,414.0,413.9,413.9,322
PRAJIND,2026-05-04 14:03:00,413.9,413.9,413.8,413.8,9
PRAJIND,2026-05-04 14:04:00,413.8,413.9,413.4,413.4,162
PRAJIND,2026-05-04 14:05:00,413.7,413.7,413.2,413.45,1212
PRAJIND,2026-05-04 14:06:00,413.45,413.7,413.2,413.55,2058
PRAJIND,2026-05-04 14:07:00,413.4,414.35,413.4,414.2,6857
PRAJIND,2026-05-04 14:08:00,414.2,414.4,414.0,414.1,471
PRAJIND,2026-05-04 14:09:00,414.1,414.5,414.05,414.5,565
PRAJIND,2026-05-04 14:10:00,414.5,414.5,414.15,414.5,1018
PRAJIND,2026-05-04 14:11:00,414.5,415.0,414.35,415.0,3914
PRAJIND,2026-05-04 14:12:00,415.0,415.0,414.8,414.9,804
PRAJIND,2026-05-04 14:13:00,414.9,415.0,414.9,414.9,653
PRAJIND,2026-05-04 14:14:00,414.9,414.9,414.9,414.9,150
PRAJIND,2026-05-04 14:15:00,414.9,414.9,414.55,414.55,1047
PRAJIND,2026-05-04 14:16:00,414.55,414.85,414.4,414.8,1169
PRAJIND,2026-05-04 14:17:00,414.8,414.8,414.4,414.4,218
PRAJIND,2026-05-04 14:18:00,414.4,414.65,414.4,414.55,119
PRAJIND,2026-05-04 14:19:00,414.55,414.7,414.4,414.7,1469
PRAJIND,2026-05-04 14:20:00,414.7,414.8,414.4,414.8,656
PRAJIND,2026-05-04 14:21:00,414.8,414.8,414.5,414.8,185
PRAJIND,2026-05-04 14:22:00,414.8,414.8,414.25,414.35,1066
PRAJIND,2026-05-04 14:23:00,414.35,414.35,414.05,414.2,143
PRAJIND,2026-05-04 14:24:00,414.5,414.5,414.25,414.25,1424
PRAJIND,2026-05-04 14:25:00,414.25,414.25,413.6,413.6,758
PRAJIND,2026-05-04 14:26:00,413.6,413.6,413.3,413.3,1536
PRAJIND,2026-05-04 14:27:00,413.25,413.35,413.25,413.35,253
PRAJIND,2026-05-04 14:28:00,413.35,413.5,413.0,413.35,772
PRAJIND,2026-05-04 14:29:00,413.35,413.6,413.35,413.35,535
PRAJIND,2026-05-04 14:30:00,413.55,413.55,413.15,413.15,2999
PRAJIND,2026-05-04 14:31:00,413.15,413.15,412.65,412.65,1001
PRAJIND,2026-05-04 14:32:00,412.65,413.2,412.4,412.75,3730
PRAJIND,2026-05-04 14:33:00,412.75,412.9,412.5,412.8,526
PRAJIND,2026-05-04 14:34:00,412.55,412.75,412.25,412.25,713
PRAJIND,2026-05-04 14:35:00,412.25,412.45,412.1,412.2,7722
PRAJIND,2026-05-04 14:36:00,412.2,412.3,411.85,412.3,1996
PRAJIND,2026-05-04 14:37:00,412.15,412.3,411.9,412.1,1452
PRAJIND,2026-05-04 14:38:00,412.1,412.25,411.9,412.25,1778
PRAJIND,2026-05-04 14:39:00,412.05,412.15,411.85,412.15,683
PRAJIND,2026-05-04 14:40:00,412.15,412.35,412.05,412.1,1097
PRAJIND,2026-05-04 14:41:00,412.25,412.25,411.0,411.0,6808
PRAJIND,2026-05-04 14:42:00,411.0,412.25,410.65,412.25,10274
PRAJIND,2026-05-04 14:43:00,412.25,412.35,412.05,412.15,380
PRAJIND,2026-05-04 14:44:00,412.35,412.5,412.2,412.45,2471
PRAJIND,2026-05-04 14:45:00,412.35,412.55,411.9,411.95,1999
PRAJIND,2026-05-04 14:46:00,411.9,411.9,411.55,411.55,2420
PRAJIND,2026-05-04 14:47:00,411.6,412.0,411.6,412.0,730
PRAJIND,2026-05-04 14:48:00,412.2,412.3,411.95,412.2,1158
PRAJIND,2026-05-04 14:49:00,412.2,412.2,411.85,412.2,446
PRAJIND,2026-05-04 14:50:00,412.2,412.2,411.8,411.8,468
PRAJIND,2026-05-04 14:51:00,411.8,412.05,411.55,411.95,1048
PRAJIND,2026-05-04 14:52:00,411.95,411.95,411.55,411.95,580
PRAJIND,2026-05-04 14:53:00,411.95,411.95,411.65,411.95,208
PRAJIND,2026-05-04 14:54:00,411.95,412.0,411.9,412.0,496
PRAJIND,2026-05-04 14:55:00,411.8,412.35,411.8,412.05,1702
PRAJIND,2026-05-04 14:56:00,412.05,412.4,412.05,412.3,804
PRAJIND,2026-05-04 14:57:00,412.3,412.45,412.15,412.45,244
PRAJIND,2026-05-04 14:58:00,412.45,412.6,412.2,412.6,1033
PRAJIND,2026-05-04 14:59:00,412.6,412.75,412.15,412.15,1823
PRAJIND,2026-05-04 15:00:00,412.45,412.7,412.25,412.7,12402
PRAJIND,2026-05-04 15:01:00,412.75,412.8,412.2,412.25,767
PRAJIND,2026-05-04 15:02:00,412.5,412.85,412.35,412.85,807
PRAJIND,2026-05-04 15:03:00,412.9,412.9,412.3,412.5,1589
PRAJIND,2026-05-04 15:04:00,412.55,412.8,412.4,412.8,777
PRAJIND,2026-05-04 15:05:00,412.55,412.8,412.5,412.65,1946
PRAJIND,2026-05-04 15:06:00,412.85,413.35,412.75,413.15,5350
PRAJIND,2026-05-04 15:07:00,413.2,413.2,412.7,412.95,2564
PRAJIND,2026-05-04 15:08:00,412.95,412.95,412.65,412.75,3570
PRAJIND,2026-05-04 15:09:00,413.0,413.0,412.25,412.85,8282
PRAJIND,2026-05-04 15:10:00,412.6,412.85,412.15,412.15,8788
PRAJIND,2026-05-04 15:11:00,412.55,412.6,412.3,412.6,505
PRAJIND,2026-05-04 15:12:00,412.35,413.0,412.35,413.0,3534
PRAJIND,2026-05-04 15:13:00,412.8,412.85,412.25,412.65,1638
PRAJIND,2026-05-04 15:14:00,412.35,412.35,412.2,412.3,4545
PRAJIND,2026-05-04 15:15:00,412.35,412.75,412.25,412.4,8941
PRAJIND,2026-05-04 15:16:00,412.5,412.5,412.1,412.25,4823
PRAJIND,2026-05-04 15:17:00,412.5,412.75,412.25,412.25,3395
PRAJIND,2026-05-04 15:18:00,412.7,412.75,412.05,412.45,4773
PRAJIND,2026-05-04 15:19:00,412.45,412.5,412.15,412.15,2911
PRAJIND,2026-05-04 15:20:00,411.65,411.9,411.2,411.25,46186
PRAJIND,2026-05-04 15:21:00,411.3,411.9,411.1,411.75,7149
PRAJIND,2026-05-04 15:22:00,411.6,411.7,411.5,411.65,3144
PRAJIND,2026-05-04 15:23:00,411.65,411.95,411.3,411.95,7741
PRAJIND,2026-05-04 15:24:00,412.2,412.8,412.0,412.7,6961
PRAJIND,2026-05-04 15:25:00,413.0,413.45,411.95,413.0,22998
PRAJIND,2026-05-04 15:26:00,412.75,412.75,412.5,412.5,16537
PRAJIND,2026-05-04 15:27:00,412.5,413.0,412.35,413.0,16980
PRAJIND,2026-05-04 15:28:00,413.15,413.5,412.05,412.1,7324
PRAJIND,2026-05-04 15:29:00,412.45,412.8,411.65,411.65,15566
PRAJIND,2026-05-05 09:15:00,411.95,415.05,410.45,415.05,19075
PRAJIND,2026-05-05 09:16:00,415.25,415.9,412.7,413.4,22963
PRAJIND,2026-05-05 09:17:00,413.65,414.7,413.2,414.7,16961
PRAJIND,2026-05-05 09:18:00,414.5,414.7,412.6,412.7,13973
PRAJIND,2026-05-05 09:19:00,413.6,414.0,412.9,413.0,7450
PRAJIND,2026-05-05 09:20:00,413.0,413.0,412.05,412.2,11959
PRAJIND,2026-05-05 09:21:00,412.25,412.95,412.0,412.0,6338
PRAJIND,2026-05-05 09:22:00,412.05,412.05,410.0,410.55,19886
PRAJIND,2026-05-05 09:23:00,410.8,411.0,410.5,411.0,7821
PRAJIND,2026-05-05 09:24:00,411.0,411.9,411.0,411.65,3828
PRAJIND,2026-05-05 09:25:00,411.7,412.4,411.7,412.1,2018
PRAJIND,2026-05-05 09:26:00,412.5,413.0,411.65,411.85,5387
PRAJIND,2026-05-05 09:27:00,411.85,411.85,410.9,411.0,5454
PRAJIND,2026-05-05 09:28:00,411.05,411.4,410.5,410.5,5862
PRAJIND,2026-05-05 09:29:00,410.9,410.9,409.0,409.6,20893
PRAJIND,2026-05-05 09:30:00,409.8,411.5,409.8,411.5,4633
PRAJIND,2026-05-05 09:31:00,411.6,412.8,411.6,411.95,8528
PRAJIND,2026-05-05 09:32:00,412.5,412.6,411.6,412.0,2717
PRAJIND,2026-05-05 09:33:00,412.2,412.6,412.0,412.25,2105
PRAJIND,2026-05-05 09:34:00,412.45,412.7,412.25,412.7,2415
PRAJIND,2026-05-05 09:35:00,412.7,413.0,412.4,412.8,3270
PRAJIND,2026-05-05 09:36:00,413.55,413.9,413.4,413.4,3949
PRAJIND,2026-05-05 09:37:00,413.25,413.5,412.75,412.75,3800
PRAJIND,2026-05-05 09:38:00,412.75,412.9,411.9,412.15,6518
PRAJIND,2026-05-05 09:39:00,412.15,412.5,411.65,412.5,2456
PRAJIND,2026-05-05 09:40:00,412.25,412.25,411.95,412.0,2339
PRAJIND,2026-05-05 09:41:00,412.0,412.3,411.2,411.55,2553
PRAJIND,2026-05-05 09:42:00,411.55,411.55,411.3,411.4,1019
PRAJIND,2026-05-05 09:43:00,411.4,411.55,411.0,411.0,4892
PRAJIND,2026-05-05 09:44:00,412.05,412.6,411.75,412.0,4542
PRAJIND,2026-05-05 09:45:00,412.0,412.1,411.5,411.75,3212
PRAJIND,2026-05-05 09:46:00,411.9,411.9,411.4,411.45,3101
PRAJIND,2026-05-05 09:47:00,411.45,411.7,411.05,411.3,1209
PRAJIND,2026-05-05 09:48:00,411.15,412.1,410.9,411.8,1378
PRAJIND,2026-05-05 09:49:00,411.75,412.4,411.75,412.4,2654
PRAJIND,2026-05-05 09:50:00,412.4,412.7,412.15,412.35,4885
PRAJIND,2026-05-05 09:51:00,412.35,413.35,412.35,413.35,3771
PRAJIND,2026-05-05 09:52:00,413.35,413.35,412.6,413.0,1794
PRAJIND,2026-05-05 09:53:00,412.8,413.0,412.6,412.6,774
PRAJIND,2026-05-05 09:54:00,412.6,412.8,412.35,412.8,4385
PRAJIND,2026-05-05 09:55:00,412.8,413.0,412.65,412.9,870
PRAJIND,2026-05-05 09:56:00,412.9,412.9,412.35,412.7,1314
PRAJIND,2026-05-05 09:57:00,412.7,412.8,412.4,412.45,967
PRAJIND,2026-05-05 09:58:00,412.3,412.8,412.3,412.3,1598
PRAJIND,2026-05-05 09:59:00,412.5,412.5,412.1,412.25,1546
PRAJIND,2026-05-05 10:00:00,412.25,412.5,411.55,411.55,949
PRAJIND,2026-05-05 10:01:00,411.55,411.8,411.3,411.4,1608
PRAJIND,2026-05-05 10:02:00,411.4,411.75,410.9,410.9,3318
PRAJIND,2026-05-05 10:03:00,411.1,411.6,411.0,411.2,1374
PRAJIND,2026-05-05 10:04:00,411.2,411.75,411.2,411.45,916
PRAJIND,2026-05-05 10:05:00,411.45,411.55,411.05,411.2,678
PRAJIND,2026-05-05 10:06:00,411.2,411.35,410.6,410.85,2265
PRAJIND,2026-05-05 10:07:00,410.7,410.75,410.3,410.55,5167
PRAJIND,2026-05-05 10:08:00,410.55,411.45,410.55,411.35,2356
PRAJIND,2026-05-05 10:09:00,411.35,411.4,411.05,411.3,597
PRAJIND,2026-05-05 10:10:00,411.0,411.3,410.45,410.65,756
PRAJIND,2026-05-05 10:11:00,410.6,410.6,410.0,410.0,8255
PRAJIND,2026-05-05 10:12:00,410.15,410.2,409.9,410.1,1287
PRAJIND,2026-05-05 10:13:00,410.1,410.1,409.8,409.95,1241
PRAJIND,2026-05-05 10:14:00,409.95,410.05,409.5,409.9,1753
PRAJIND,2026-05-05 10:15:00,409.55,409.8,409.55,409.8,703
PRAJIND,2026-05-05 10:16:00,409.65,409.8,409.65,409.8,444
PRAJIND,2026-05-05 10:17:00,409.8,409.8,409.55,409.75,1232
PRAJIND,2026-05-05 10:18:00,409.75,409.75,409.0,409.1,3881
PRAJIND,2026-05-05 10:19:00,409.05,409.45,409.05,409.4,1098
PRAJIND,2026-05-05 10:20:00,409.15,409.45,409.15,409.2,715
PRAJIND,2026-05-05 10:21:00,409.2,409.45,409.1,409.45,2102
PRAJIND,2026-05-05 10:22:00,409.4,409.4,409.0,409.2,3756
PRAJIND,2026-05-05 10:23:00,409.2,409.2,408.45,409.15,8567
PRAJIND,2026-05-05 10:24:00,409.15,409.15,408.6,408.8,2891
PRAJIND,2026-05-05 10:25:00,408.75,409.0,408.4,408.75,2849
PRAJIND,2026-05-05 10:26:00,408.45,408.85,408.3,408.7,8594
PRAJIND,2026-05-05 10:27:00,408.85,409.1,408.65,409.0,2285
PRAJIND,2026-05-05 10:28:00,409.0,409.35,408.85,408.9,4478
PRAJIND,2026-05-05 10:29:00,408.9,409.45,408.9,409.3,2202
PRAJIND,2026-05-05 10:30:00,409.05,410.0,409.05,409.9,2568
PRAJIND,2026-05-05 10:31:00,410.2,411.0,409.95,410.8,5146
PRAJIND,2026-05-05 10:32:00,410.6,411.0,410.4,410.85,8931
PRAJIND,2026-05-05 10:33:00,410.85,411.0,410.5,411.0,1112
PRAJIND,2026-05-05 10:34:00,410.8,411.35,410.6,410.6,6619
PRAJIND,2026-05-05 10:35:00,410.6,410.75,410.35,410.35,3817
PRAJIND,2026-05-05 10:36:00,410.35,410.75,410.2,410.6,4076
PRAJIND,2026-05-05 10:37:00,410.8,411.5,410.8,411.05,4721
PRAJIND,2026-05-05 10:38:00,411.35,411.5,411.05,411.05,903
PRAJIND,2026-05-05 10:39:00,411.05,411.35,411.0,411.0,721
PRAJIND,2026-05-05 10:40:00,411.05,411.4,411.05,411.4,4100
PRAJIND,2026-05-05 10:41:00,411.0,411.35,410.3,410.75,3771
PRAJIND,2026-05-05 10:42:00,410.55,411.05,410.5,410.5,2088
PRAJIND,2026-05-05 10:43:00,410.5,410.5,409.9,409.9,2354
PRAJIND,2026-05-05 10:44:00,409.7,409.7,409.0,409.25,4119
PRAJIND,2026-05-05 10:45:00,409.25,409.35,408.75,408.9,2026
PRAJIND,2026-05-05 10:46:00,409.15,409.15,408.35,408.85,5895
PRAJIND,2026-05-05 10:47:00,408.85,409.0,408.45,409.0,804
PRAJIND,2026-05-05 10:48:00,409.0,409.7,409.0,409.55,947
PRAJIND,2026-05-05 10:49:00,409.65,411.15,409.6,410.9,5888
PRAJIND,2026-05-05 10:50:00,411.05,411.05,410.65,410.65,965
PRAJIND,2026-05-05 10:51:00,410.6,410.95,410.6,410.8,2217
PRAJIND,2026-05-05 10:52:00,410.8,412.3,410.6,412.3,13085
PRAJIND,2026-05-05 10:53:00,412.4,413.25,411.0,411.0,12091
PRAJIND,2026-05-05 10:54:00,411.3,411.75,411.0,411.75,2550
PRAJIND,2026-05-05 10:55:00,412.55,413.75,412.55,413.1,31068
PRAJIND,2026-05-05 10:56:00,413.1,413.15,412.5,412.95,9220
PRAJIND,2026-05-05 10:57:00,413.0,413.4,412.7,412.7,8113
PRAJIND,2026-05-05 10:58:00,412.7,412.95,412.55,412.9,8111
PRAJIND,2026-05-05 10:59:00,412.75,413.4,412.75,413.4,4510
PRAJIND,2026-05-05 11:00:00,413.45,413.9,412.95,413.9,9163
PRAJIND,2026-05-05 11:01:00,413.9,414.8,413.8,414.7,16740
PRAJIND,2026-05-05 11:02:00,414.7,414.9,414.0,414.9,6101
PRAJIND,2026-05-05 11:03:00,414.9,416.85,414.9,416.1,20790
PRAJIND,2026-05-05 11:04:00,416.1,416.35,415.5,416.1,10085
PRAJIND,2026-05-05 11:05:00,416.1,416.1,415.35,415.45,3961
PRAJIND,2026-05-05 11:06:00,415.45,415.85,415.25,415.55,3569
PRAJIND,2026-05-05 11:07:00,415.35,415.85,415.3,415.3,2591
PRAJIND,2026-05-05 11:08:00,415.3,415.45,414.55,415.2,7197
PRAJIND,2026-05-05 11:09:00,415.2,415.2,414.65,414.65,1013
PRAJIND,2026-05-05 11:10:00,414.7,415.0,414.55,415.0,1659
PRAJIND,2026-05-05 11:11:00,415.0,415.25,414.6,415.05,11422
PRAJIND,2026-05-05 11:12:00,414.8,417.9,414.8,417.55,35924
PRAJIND,2026-05-05 11:13:00,417.35,417.5,416.0,416.35,12374
PRAJIND,2026-05-05 11:14:00,416.35,416.35,414.7,415.0,8399
PRAJIND,2026-05-05 11:15:00,415.0,415.2,414.55,414.8,3924
PRAJIND,2026-05-05 11:16:00,414.8,415.4,414.65,415.4,3694
PRAJIND,2026-05-05 11:17:00,415.35,416.35,415.0,415.4,13971
PRAJIND,2026-05-05 11:18:00,415.4,415.75,415.1,415.75,3164
PRAJIND,2026-05-05 11:19:00,415.85,415.85,414.7,415.0,1985
PRAJIND,2026-05-05 11:20:00,415.0,415.0,414.35,414.65,2015
PRAJIND,2026-05-05 11:21:00,414.25,414.35,413.65,414.0,3840
PRAJIND,2026-05-05 11:22:00,414.0,414.0,413.8,413.8,433
PRAJIND,2026-05-05 11:23:00,413.8,415.0,413.8,414.35,8279
PRAJIND,2026-05-05 11:24:00,414.0,414.5,414.0,414.5,2473
PRAJIND,2026-05-05 11:25:00,414.5,414.5,414.35,414.35,4110
PRAJIND,2026-05-05 11:26:00,414.35,414.35,413.7,414.0,1836
PRAJIND,2026-05-05 11:27:00,414.0,414.0,413.45,413.5,1236
PRAJIND,2026-05-05 11:28:00,413.5,413.75,413.45,413.75,1204
PRAJIND,2026-05-05 11:29:00,413.75,413.75,413.5,413.75,1289
PRAJIND,2026-05-05 11:30:00,413.75,413.85,413.5,413.85,626
PRAJIND,2026-05-05 11:31:00,413.85,414.0,413.85,414.0,483
PRAJIND,2026-05-05 11:32:00,414.0,414.35,413.9,414.2,969
PRAJIND,2026-05-05 11:33:00,414.3,414.45,414.0,414.3,1313
PRAJIND,2026-05-05 11:34:00,414.3,414.3,413.9,414.2,195
PRAJIND,2026-05-05 11:35:00,414.2,414.2,414.0,414.0,447
PRAJIND,2026-05-05 11:36:00,413.85,414.2,413.85,414.1,1132
PRAJIND,2026-05-05 11:37:00,414.1,414.2,414.1,414.2,1078
PRAJIND,2026-05-05 11:38:00,414.2,414.2,413.6,413.6,1757
PRAJIND,2026-05-05 11:39:00,413.6,413.7,413.35,413.65,766
PRAJIND,2026-05-05 11:40:00,413.65,413.65,413.4,413.4,614
PRAJIND,2026-05-05 11:41:00,413.4,413.4,413.0,413.0,6331
PRAJIND,2026-05-05 11:42:00,413.0,413.05,412.9,412.95,1632
PRAJIND,2026-05-05 11:43:00,412.95,413.0,412.95,413.0,69
PRAJIND,2026-05-05 11:44:00,412.95,412.95,412.55,412.9,1680
PRAJIND,2026-05-05 11:45:00,412.9,412.95,412.55,412.6,1184
PRAJIND,2026-05-05 11:46:00,412.65,412.95,412.6,412.7,1309
PRAJIND,2026-05-05 11:47:00,412.7,412.7,412.5,412.65,6381
PRAJIND,2026-05-05 11:48:00,412.65,412.65,412.0,412.4,4606
PRAJIND,2026-05-05 11:49:00,412.15,412.45,412.0,412.45,2370
PRAJIND,2026-05-05 11:50:00,412.3,412.75,411.9,412.6,6173
PRAJIND,2026-05-05 11:51:00,412.6,412.7,412.25,412.3,3550
PRAJIND,2026-05-05 11:52:00,412.3,415.05,412.3,414.75,15660
PRAJIND,2026-05-05 11:53:00,414.75,414.75,413.7,413.9,1016
PRAJIND,2026-05-05 11:54:00,413.9,413.9,413.3,413.3,346
PRAJIND,2026-05-05 11:55:00,413.65,413.65,413.3,413.3,170
PRAJIND,2026-05-05 11:56:00,413.3,413.5,413.0,413.0,428
PRAJIND,2026-05-05 11:57:00,413.25,413.25,412.75,412.85,970
PRAJIND,2026-05-05 11:58:00,413.15,413.2,412.75,413.2,606
PRAJIND,2026-05-05 11:59:00,413.2,413.3,413.2,413.2,41
PRAJIND,2026-05-05 12:00:00,413.2,413.3,413.1,413.1,1071
PRAJIND,2026-05-05 12:01:00,413.1,413.3,413.1,413.15,12
PRAJIND,2026-05-05 12:02:00,413.15,413.6,413.1,413.6,2781
PRAJIND,2026-05-05 12:03:00,413.6,413.8,413.6,413.8,613
PRAJIND,2026-05-05 12:04:00,414.0,414.1,413.55,413.55,1066
PRAJIND,2026-05-05 12:05:00,413.55,413.95,413.55,413.65,494
PRAJIND,2026-05-05 12:06:00,413.65,414.0,413.65,414.0,190
PRAJIND,2026-05-05 12:07:00,414.0,414.25,414.0,414.25,350
PRAJIND,2026-05-05 12:08:00,414.25,414.25,413.85,413.85,773
PRAJIND,2026-05-05 12:09:00,413.85,414.1,413.6,413.6,3062
PRAJIND,2026-05-05 12:10:00,413.6,413.95,413.6,413.8,296
PRAJIND,2026-05-05 12:11:00,413.8,414.0,413.5,413.6,2221
PRAJIND,2026-05-05 12:12:00,413.6,413.6,413.2,413.25,1004
PRAJIND,2026-05-05 12:13:00,413.25,413.8,413.25,413.8,697
PRAJIND,2026-05-05 12:14:00,413.8,414.0,413.8,413.95,269
PRAJIND,2026-05-05 12:15:00,413.95,413.95,413.0,413.4,5173
PRAJIND,2026-05-05 12:16:00,413.4,413.5,413.15,413.15,916
PRAJIND,2026-05-05 12:17:00,413.15,413.5,413.15,413.5,91
PRAJIND,2026-05-05 12:18:00,413.5,413.5,413.25,413.25,204
PRAJIND,2026-05-05 12:19:00,413.5,413.5,413.2,413.2,83
PRAJIND,2026-05-05 12:20:00,413.2,413.35,413.05,413.35,275
PRAJIND,2026-05-05 12:21:00,413.35,413.7,413.2,413.7,209
PRAJIND,2026-05-05 12:22:00,413.7,413.7,413.5,413.7,1049
PRAJIND,2026-05-05 12:23:00,413.7,413.7,413.7,413.7,316
PRAJIND,2026-05-05 12:24:00,413.7,413.7,412.85,412.95,4470
PRAJIND,2026-05-05 12:25:00,412.65,413.0,412.65,413.0,1253
PRAJIND,2026-05-05 12:26:00,413.0,413.0,412.6,412.7,356
PRAJIND,2026-05-05 12:27:00,412.7,412.9,412.45,412.8,2281
PRAJIND,2026-05-05 12:28:00,413.0,413.05,412.45,412.7,1219
PRAJIND,2026-05-05 12:29:00,412.7,412.7,412.45,412.45,132
PRAJIND,2026-05-05 12:30:00,412.45,412.6,412.45,412.45,119
PRAJIND,2026-05-05 12:31:00,412.45,412.45,411.9,411.9,6944
PRAJIND,2026-05-05 12:32:00,411.7,412.1,411.3,411.8,4370
PRAJIND,2026-05-05 12:33:00,411.8,412.1,411.5,412.0,5555
PRAJIND,2026-05-05 12:34:00,412.0,412.25,411.6,411.95,1175
PRAJIND,2026-05-05 12:35:00,411.95,412.2,411.95,412.2,13
PRAJIND,2026-05-05 12:36:00,412.2,412.7,412.0,412.45,680
PRAJIND,2026-05-05 12:37:00,412.45,412.7,412.4,412.4,40
PRAJIND,2026-05-05 12:38:00,412.15,412.25,411.95,412.15,3506
PRAJIND,2026-05-05 12:39:00,412.15,412.15,411.5,411.5,705
PRAJIND,2026-05-05 12:40:00,411.5,412.1,411.45,412.1,2284
PRAJIND,2026-05-05 12:41:00,412.15,412.15,411.55,412.0,5654
PRAJIND,2026-05-05 12:42:00,412.0,412.15,411.95,412.0,155
PRAJIND,2026-05-05 12:43:00,412.0,412.05,411.85,411.95,516
PRAJIND,2026-05-05 12:44:00,412.0,412.2,411.7,411.7,1661
PRAJIND,2026-05-05 12:45:00,411.7,412.15,411.7,411.8,282
PRAJIND,2026-05-05 12:46:00,411.8,412.0,411.3,411.5,6885
PRAJIND,2026-05-05 12:47:00,411.25,411.5,411.25,411.3,163
PRAJIND,2026-05-05 12:48:00,411.8,411.8,411.15,411.15,1151
PRAJIND,2026-05-05 12:49:00,411.15,411.5,411.15,411.3,649
PRAJIND,2026-05-05 12:50:00,411.3,411.4,411.15,411.4,121
PRAJIND,2026-05-05 12:51:00,411.4,411.5,411.25,411.35,328
PRAJIND,2026-05-05 12:52:00,411.35,412.55,411.35,412.5,7003
PRAJIND,2026-05-05 12:53:00,412.5,412.5,412.5,412.5,211
PRAJIND,2026-05-05 12:54:00,412.5,412.7,412.5,412.55,701
PRAJIND,2026-05-05 12:55:00,412.55,412.55,412.15,412.15,269
PRAJIND,2026-05-05 12:56:00,412.15,412.55,412.1,412.15,810
PRAJIND,2026-05-05 12:57:00,412.15,412.6,412.15,412.25,1196
PRAJIND,2026-05-05 12:58:00,412.5,412.5,412.25,412.5,586
PRAJIND,2026-05-05 12:59:00,412.5,412.7,412.5,412.7,279
PRAJIND,2026-05-05 13:00:00,412.7,412.75,412.7,412.75,230
PRAJIND,2026-05-05 13:01:00,412.75,412.8,412.5,412.55,2857
PRAJIND,2026-05-05 13:02:00,412.95,412.95,412.8,412.8,588
PRAJIND,2026-05-05 13:03:00,412.8,413.0,412.8,412.95,491
PRAJIND,2026-05-05 13:04:00,412.95,413.0,412.5,412.5,663
PRAJIND,2026-05-05 13:05:00,412.5,412.8,412.5,412.5,1424
PRAJIND,2026-05-05 13:06:00,412.5,412.85,412.5,412.65,717
PRAJIND,2026-05-05 13:07:00,412.8,413.2,412.8,412.9,1705
PRAJIND,2026-05-05 13:08:00,413.15,413.15,412.85,412.85,179
PRAJIND,2026-05-05 13:09:00,413.0,413.0,412.85,413.0,707
PRAJIND,2026-05-05 13:10:00,412.5,412.8,412.5,412.8,1396
PRAJIND,2026-05-05 13:11:00,412.75,413.0,411.65,412.85,16011
PRAJIND,2026-05-05 13:12:00,413.1,413.1,412.8,412.8,1572
PRAJIND,2026-05-05 13:13:00,412.8,412.8,411.7,412.05,1036
PRAJIND,2026-05-05 13:14:00,412.05,412.35,412.05,412.05,591
PRAJIND,2026-05-05 13:15:00,412.35,412.75,412.0,412.5,2393
PRAJIND,2026-05-05 13:16:00,412.5,412.5,411.65,411.65,755
PRAJIND,2026-05-05 13:17:00,411.5,411.65,411.3,411.55,1405
PRAJIND,2026-05-05 13:18:00,411.3,411.5,411.3,411.45,1092
PRAJIND,2026-05-05 13:19:00,411.45,411.45,411.1,411.4,1864
PRAJIND,2026-05-05 13:20:00,411.3,411.3,410.7,410.7,5986
PRAJIND,2026-05-05 13:21:00,410.7,410.7,410.7,410.7,346
PRAJIND,2026-05-05 13:22:00,410.7,410.9,410.7,410.9,296
PRAJIND,2026-05-05 13:23:00,411.1,411.1,410.55,410.8,3977
PRAJIND,2026-05-05 13:24:00,410.75,410.8,410.45,410.5,4517
PRAJIND,2026-05-05 13:25:00,410.5,410.5,410.0,410.0,4507
PRAJIND,2026-05-05 13:26:00,410.0,410.25,410.0,410.0,2180
PRAJIND,2026-05-05 13:27:00,410.0,410.3,410.0,410.15,537
PRAJIND,2026-05-05 13:28:00,410.15,410.25,410.0,410.25,779
PRAJIND,2026-05-05 13:29:00,410.25,410.25,410.1,410.1,609
PRAJIND,2026-05-05 13:30:00,410.1,410.6,410.0,410.0,8103
PRAJIND,2026-05-05 13:31:00,410.1,410.35,410.1,410.1,2137
PRAJIND,2026-05-05 13:32:00,410.1,410.1,409.8,410.1,6368
PRAJIND,2026-05-05 13:33:00,410.1,410.1,409.6,409.6,729
PRAJIND,2026-05-05 13:34:00,409.6,409.85,409.6,409.75,1435
PRAJIND,2026-05-05 13:35:00,409.75,410.25,409.75,410.0,307
PRAJIND,2026-05-05 13:36:00,410.0,410.25,409.0,409.35,15443
PRAJIND,2026-05-05 13:37:00,409.35,409.75,409.35,409.6,1859
PRAJIND,2026-05-05 13:38:00,409.75,409.75,409.35,409.7,1339
PRAJIND,2026-05-05 13:39:00,409.7,409.7,409.4,409.4,1982
PRAJIND,2026-05-05 13:40:00,409.65,410.1,409.45,410.1,881
PRAJIND,2026-05-05 13:41:00,410.1,410.25,410.0,410.0,1431
PRAJIND,2026-05-05 13:42:00,410.0,410.5,410.0,410.2,342
PRAJIND,2026-05-05 13:43:00,410.5,410.5,410.1,410.5,856
PRAJIND,2026-05-05 13:44:00,410.5,410.5,409.45,409.45,18814
PRAJIND,2026-05-05 13:45:00,409.45,410.5,409.45,409.9,1057
PRAJIND,2026-05-05 13:46:00,409.8,410.1,409.65,409.85,792
PRAJIND,2026-05-05 13:47:00,409.85,410.2,409.65,409.95,1427
PRAJIND,2026-05-05 13:48:00,409.95,410.25,409.3,409.8,4215
PRAJIND,2026-05-05 13:49:00,409.8,410.05,409.6,409.8,1737
PRAJIND,2026-05-05 13:50:00,410.0,410.05,409.7,409.7,1719
PRAJIND,2026-05-05 13:51:00,409.7,409.95,409.7,409.9,690
PRAJIND,2026-05-05 13:52:00,409.9,409.95,409.7,409.9,115
PRAJIND,2026-05-05 13:53:00,409.9,409.9,409.35,409.35,1042
PRAJIND,2026-05-05 13:54:00,409.35,409.45,409.35,409.4,61
PRAJIND,2026-05-05 13:55:00,409.4,409.65,409.4,409.55,266
PRAJIND,2026-05-05 13:56:00,409.4,409.95,409.4,409.7,859
PRAJIND,2026-05-05 13:57:00,409.65,409.9,409.65,409.85,226
PRAJIND,2026-05-05 13:58:00,409.85,409.85,409.6,409.85,375
PRAJIND,2026-05-05 13:59:00,409.85,409.95,409.5,409.8,1420
PRAJIND,2026-05-05 14:00:00,409.8,412.3,409.0,412.3,26724
PRAJIND,2026-05-05 14:01:00,412.3,412.8,412.2,412.5,7545
PRAJIND,2026-05-05 14:02:00,412.5,412.5,412.05,412.05,335
PRAJIND,2026-05-05 14:03:00,412.3,412.8,412.0,412.65,4894
PRAJIND,2026-05-05 14:04:00,412.65,412.65,412.1,412.1,1861
PRAJIND,2026-05-05 14:05:00,412.1,412.3,412.0,412.15,1292
PRAJIND,2026-05-05 14:06:00,412.15,412.55,412.15,412.55,272
PRAJIND,2026-05-05 14:07:00,412.15,412.6,412.0,412.6,3912
PRAJIND,2026-05-05 14:08:00,412.6,412.6,412.0,412.0,616
PRAJIND,2026-05-05 14:09:00,412.0,412.2,412.0,412.15,1461
PRAJIND,2026-05-05 14:10:00,412.35,412.65,412.15,412.65,1480
PRAJIND,2026-05-05 14:11:00,412.3,412.65,412.3,412.3,75
PRAJIND,2026-05-05 14:12:00,412.3,412.6,412.3,412.3,210
PRAJIND,2026-05-05 14:13:00,412.75,412.75,412.1,412.2,1991
PRAJIND,2026-05-05 14:14:00,412.2,412.2,412.0,412.0,90
PRAJIND,2026-05-05 14:15:00,412.05,412.2,412.0,412.0,1105
PRAJIND,2026-05-05 14:16:00,412.0,415.25,412.0,415.0,26691
PRAJIND,2026-05-05 14:17:00,415.0,415.25,415.0,415.0,12002
PRAJIND,2026-05-05 14:18:00,415.0,415.2,415.0,415.1,18570
PRAJIND,2026-05-05 14:19:00,415.1,415.2,415.0,415.0,2018
PRAJIND,2026-05-05 14:20:00,415.0,415.15,415.0,415.1,1942
PRAJIND,2026-05-05 14:21:00,415.1,415.1,415.0,415.0,4240
PRAJIND,2026-05-05 14:22:00,414.95,415.1,414.95,414.95,223
PRAJIND,2026-05-05 14:23:00,414.95,415.1,414.85,415.1,8831
PRAJIND,2026-05-05 14:24:00,415.0,415.0,412.45,413.1,24997
PRAJIND,2026-05-05 14:25:00,413.1,413.1,412.6,412.75,1148
PRAJIND,2026-05-05 14:26:00,412.75,412.95,412.6,412.85,1635
PRAJIND,2026-05-05 14:27:00,412.65,414.05,412.45,413.0,10783
PRAJIND,2026-05-05 14:28:00,413.0,413.0,412.5,412.5,1392
PRAJIND,2026-05-05 14:29:00,412.55,412.75,412.4,412.5,985
PRAJIND,2026-05-05 14:30:00,412.7,412.75,412.55,412.55,2646
PRAJIND,2026-05-05 14:31:00,414.7,415.8,414.7,415.0,27054
PRAJIND,2026-05-05 14:32:00,415.4,415.4,414.7,415.0,4260
PRAJIND,2026-05-05 14:33:00,415.0,415.25,414.9,415.0,3699
PRAJIND,2026-05-05 14:34:00,415.0,415.0,414.9,415.0,12347
PRAJIND,2026-05-05 14:35:00,415.2,415.2,415.0,415.0,1030
PRAJIND,2026-05-05 14:36:00,415.0,415.2,414.9,415.2,16205
PRAJIND,2026-05-05 14:37:00,415.05,415.4,415.05,415.4,256
PRAJIND,2026-05-05 14:38:00,415.0,415.2,415.0,415.0,820
PRAJIND,2026-05-05 14:39:00,415.0,415.2,414.95,415.2,2663
PRAJIND,2026-05-05 14:40:00,415.2,415.2,415.0,415.2,2912
PRAJIND,2026-05-05 14:41:00,415.2,415.2,415.0,415.0,1793
PRAJIND,2026-05-05 14:42:00,415.0,415.25,414.4,415.2,5223
PRAJIND,2026-05-05 14:43:00,415.25,415.5,415.15,415.15,309
PRAJIND,2026-05-05 14:44:00,415.05,415.25,415.0,415.0,2819
PRAJIND,2026-05-05 14:45:00,415.0,415.5,415.0,415.5,2766
PRAJIND,2026-05-05 14:46:00,415.5,415.55,415.0,415.45,8298
PRAJIND,2026-05-05 14:47:00,415.15,415.4,415.15,415.15,307
PRAJIND,2026-05-05 14:48:00,415.35,415.35,415.0,415.3,385
PRAJIND,2026-05-05 14:49:00,415.3,415.3,415.0,415.0,3026
PRAJIND,2026-05-05 14:50:00,414.95,415.2,414.95,415.0,1439
PRAJIND,2026-05-05 14:51:00,415.0,415.2,415.0,415.0,916
PRAJIND,2026-05-05 14:52:00,415.0,415.2,415.0,415.1,1422
PRAJIND,2026-05-05 14:53:00,415.0,415.15,415.0,415.0,1215
PRAJIND,2026-05-05 14:54:00,415.0,415.15,415.0,415.0,1332
PRAJIND,2026-05-05 14:55:00,415.0,415.1,415.0,415.0,420
PRAJIND,2026-05-05 14:56:00,415.1,415.15,415.0,415.0,1630
PRAJIND,2026-05-05 14:57:00,415.0,415.05,415.0,415.0,684
PRAJIND,2026-05-05 14:58:00,415.0,415.15,414.95,415.1,4047
PRAJIND,2026-05-05 14:59:00,415.0,415.1,415.0,415.1,710
PRAJIND,2026-05-05 15:00:00,415.0,415.5,415.0,415.4,5507
PRAJIND,2026-05-05 15:01:00,415.15,415.35,415.05,415.1,7811
PRAJIND,2026-05-05 15:02:00,415.1,415.1,414.5,415.0,4610
PRAJIND,2026-05-05 15:03:00,415.05,415.05,414.75,415.0,3816
PRAJIND,2026-05-05 15:04:00,414.9,415.05,414.9,415.0,1023
PRAJIND,2026-05-05 15:05:00,415.05,415.2,414.95,415.1,4187
PRAJIND,2026-05-05 15:06:00,414.95,415.1,414.95,415.1,558
PRAJIND,2026-05-05 15:07:00,415.0,415.2,415.0,415.2,1170
PRAJIND,2026-05-05 15:08:00,415.2,415.65,415.2,415.5,14660
PRAJIND,2026-05-05 15:09:00,415.6,415.8,415.5,415.7,1676
PRAJIND,2026-05-05 15:10:00,415.6,415.65,415.5,415.6,3738
PRAJIND,2026-05-05 15:11:00,415.55,415.7,415.5,415.5,454
PRAJIND,2026-05-05 15:12:00,415.5,415.65,415.4,415.4,1785
PRAJIND,2026-05-05 15:13:00,415.4,415.65,415.3,415.5,7070
PRAJIND,2026-05-05 15:14:00,415.55,415.6,415.25,415.3,2566
PRAJIND,2026-05-05 15:15:00,415.3,415.75,415.25,415.5,6669
PRAJIND,2026-05-05 15:16:00,415.45,416.0,415.45,415.9,3613
PRAJIND,2026-05-05 15:17:00,415.6,416.0,415.6,416.0,4662
PRAJIND,2026-05-05 15:18:00,415.7,416.0,415.4,415.9,3650
PRAJIND,2026-05-05 15:19:00,415.95,416.0,415.6,415.85,5208
PRAJIND,2026-05-05 15:20:00,415.7,415.9,415.15,415.4,9366
PRAJIND,2026-05-05 15:21:00,415.45,415.9,415.15,415.9,5272
PRAJIND,2026-05-05 15:22:00,415.85,416.0,415.5,415.5,5253
PRAJIND,2026-05-05 15:23:00,415.85,416.2,415.55,416.2,8430
PRAJIND,2026-05-05 15:24:00,416.25,416.4,415.7,416.0,11480
PRAJIND,2026-05-05 15:25:00,415.9,415.9,415.25,415.8,7827
PRAJIND,2026-05-05 15:26:00,415.8,416.2,415.45,415.95,6869
PRAJIND,2026-05-05 15:27:00,416.15,416.15,415.55,415.65,13042
PRAJIND,2026-05-05 15:28:00,415.6,416.15,415.35,415.55,13418
PRAJIND,2026-05-05 15:29:00,415.6,415.9,415.0,415.1,15905
PRAJIND,2026-05-06 09:15:00,421.0,422.5,417.6,417.6,23218
PRAJIND,2026-05-06 09:16:00,418.0,418.7,416.0,418.25,23708
PRAJIND,2026-05-06 09:17:00,418.0,418.45,417.5,417.5,7077
PRAJIND,2026-05-06 09:18:00,417.5,418.05,417.5,417.5,8913
PRAJIND,2026-05-06 09:19:00,416.7,418.5,416.7,418.5,4380
PRAJIND,2026-05-06 09:20:00,418.8,418.8,417.6,417.6,8277
PRAJIND,2026-05-06 09:21:00,417.7,417.7,416.4,416.4,6089
PRAJIND,2026-05-06 09:22:00,416.1,416.65,415.8,416.3,10521
PRAJIND,2026-05-06 09:23:00,416.95,416.95,416.0,416.0,4721
PRAJIND,2026-05-06 09:24:00,416.4,416.4,415.0,415.3,12213
PRAJIND,2026-05-06 09:25:00,415.1,415.5,415.1,415.25,3481
PRAJIND,2026-05-06 09:26:00,415.0,415.25,414.5,414.5,5796
PRAJIND,2026-05-06 09:27:00,414.95,414.95,414.15,414.25,2882
PRAJIND,2026-05-06 09:28:00,414.3,414.9,413.9,414.05,14468
PRAJIND,2026-05-06 09:29:00,413.8,414.15,413.6,414.15,3846
PRAJIND,2026-05-06 09:30:00,413.65,414.5,413.65,414.3,1898
PRAJIND,2026-05-06 09:31:00,414.5,415.0,414.5,414.6,2516
PRAJIND,2026-05-06 09:32:00,414.65,415.0,414.4,414.75,13203
PRAJIND,2026-05-06 09:33:00,415.25,415.5,414.85,415.4,6489
PRAJIND,2026-05-06 09:34:00,415.1,415.5,414.65,415.1,12822
PRAJIND,2026-05-06 09:35:00,415.2,415.2,414.0,414.4,6803
PRAJIND,2026-05-06 09:36:00,414.2,414.45,413.85,414.45,6956
PRAJIND,2026-05-06 09:37:00,414.1,414.9,414.1,414.9,1772
PRAJIND,2026-05-06 09:38:00,414.8,415.0,414.45,414.9,1525
PRAJIND,2026-05-06 09:39:00,415.0,415.0,414.2,414.2,4598
PRAJIND,2026-05-06 09:40:00,414.2,414.2,413.6,413.85,9624
PRAJIND,2026-05-06 09:41:00,413.6,414.0,413.2,413.9,5323
PRAJIND,2026-05-06 09:42:00,413.95,413.95,413.5,413.8,6322
PRAJIND,2026-05-06 09:43:00,414.0,414.0,413.6,413.6,2602
PRAJIND,2026-05-06 09:44:00,413.65,413.65,413.4,413.65,2790
PRAJIND,2026-05-06 09:45:00,413.6,413.65,413.15,413.4,4699
PRAJIND,2026-05-06 09:46:00,413.4,413.8,413.2,413.6,2344
PRAJIND,2026-05-06 09:47:00,413.65,413.65,413.25,413.3,1280
PRAJIND,2026-05-06 09:48:00,413.3,413.65,413.3,413.65,991
PRAJIND,2026-05-06 09:49:00,413.6,413.85,413.2,413.8,1063
PRAJIND,2026-05-06 09:50:00,413.6,413.6,413.0,413.25,4079
PRAJIND,2026-05-06 09:51:00,413.3,414.35,413.2,414.0,1660
PRAJIND,2026-05-06 09:52:00,414.0,414.15,413.75,413.75,1828
PRAJIND,2026-05-06 09:53:00,413.75,413.75,413.4,413.5,1873
PRAJIND,2026-05-06 09:54:00,413.5,413.65,413.4,413.65,409
PRAJIND,2026-05-06 09:55:00,413.6,414.05,413.6,414.05,2617
PRAJIND,2026-05-06 09:56:00,414.05,414.25,413.9,414.15,730
PRAJIND,2026-05-06 09:57:00,413.8,414.75,413.8,414.3,2010
PRAJIND,2026-05-06 09:58:00,414.3,414.3,413.7,413.9,3645
PRAJIND,2026-05-06 09:59:00,413.8,414.05,413.7,413.7,2072
PRAJIND,2026-05-06 10:00:00,413.95,414.2,413.85,414.2,237
PRAJIND,2026-05-06 10:01:00,414.2,414.2,413.5,413.5,1170
PRAJIND,2026-05-06 10:02:00,413.5,413.5,413.0,413.35,3998
PRAJIND,2026-05-06 10:03:00,413.4,413.7,413.05,413.1,1308
PRAJIND,2026-05-06 10:04:00,413.55,413.95,412.75,412.75,15370
PRAJIND,2026-05-06 10:05:00,412.75,412.95,412.75,412.9,2812
PRAJIND,2026-05-06 10:06:00,412.9,413.0,412.75,412.95,2484
PRAJIND,2026-05-06 10:07:00,412.75,413.0,412.75,412.85,1341
PRAJIND,2026-05-06 10:08:00,412.75,413.0,412.75,413.0,631
PRAJIND,2026-05-06 10:09:00,413.0,413.0,412.6,412.8,9603
PRAJIND,2026-05-06 10:10:00,412.8,413.1,412.7,413.1,2034
PRAJIND,2026-05-06 10:11:00,413.05,413.8,413.05,413.6,320
PRAJIND,2026-05-06 10:12:00,413.6,414.0,413.5,414.0,486
PRAJIND,2026-05-06 10:13:00,414.0,414.0,413.7,413.7,709
PRAJIND,2026-05-06 10:14:00,413.85,414.0,413.85,413.85,1499
PRAJIND,2026-05-06 10:15:00,413.85,413.95,413.4,413.85,3765
PRAJIND,2026-05-06 10:16:00,413.95,413.95,413.3,413.55,1432
PRAJIND,2026-05-06 10:17:00,413.55,413.8,413.2,413.7,2082
PRAJIND,2026-05-06 10:18:00,413.2,413.65,413.1,413.55,6893
PRAJIND,2026-05-06 10:19:00,413.4,413.5,413.05,413.1,1823
PRAJIND,2026-05-06 10:20:00,413.1,413.1,412.7,412.9,5167
PRAJIND,2026-05-06 10:21:00,412.75,412.9,412.65,412.8,190
PRAJIND,2026-05-06 10:22:00,413.15,413.15,412.7,413.0,1927
PRAJIND,2026-05-06 10:23:00,413.0,413.3,413.0,413.0,414
PRAJIND,2026-05-06 10:24:00,413.0,413.05,412.55,412.9,2818
PRAJIND,2026-05-06 10:25:00,412.9,412.9,412.15,412.5,3888
PRAJIND,2026-05-06 10:26:00,412.5,412.6,412.5,412.5,1030
PRAJIND,2026-05-06 10:27:00,412.25,412.5,412.15,412.15,913
PRAJIND,2026-05-06 10:28:00,412.15,412.45,412.05,412.05,1672
PRAJIND,2026-05-06 10:29:00,412.35,412.35,412.05,412.05,955
PRAJIND,2026-05-06 10:30:00,411.85,412.0,411.65,411.7,5686
PRAJIND,2026-05-06 10:31:00,411.7,412.15,411.6,411.8,5872
PRAJIND,2026-05-06 10:32:00,412.15,412.3,411.6,412.25,4793
PRAJIND,2026-05-06 10:33:00,412.3,412.3,411.65,411.65,1554
PRAJIND,2026-05-06 10:34:00,411.65,412.25,411.65,412.0,847
PRAJIND,2026-05-06 10:35:00,412.0,413.2,411.75,412.75,26431
PRAJIND,2026-05-06 10:36:00,412.75,412.85,412.2,412.2,1298
PRAJIND,2026-05-06 10:37:00,412.2,412.6,412.15,412.15,1483
PRAJIND,2026-05-06 10:38:00,412.45,412.45,412.0,412.15,1566
PRAJIND,2026-05-06 10:39:00,412.15,412.35,412.1,412.35,711
PRAJIND,2026-05-06 10:40:00,412.35,412.45,412.25,412.35,533
PRAJIND,2026-05-06 10:41:00,412.35,412.6,412.2,412.6,1007
PRAJIND,2026-05-06 10:42:00,412.6,412.85,412.5,412.75,539
PRAJIND,2026-05-06 10:43:00,412.75,413.1,412.7,412.9,1793
PRAJIND,2026-05-06 10:44:00,412.6,412.95,412.5,412.75,872
PRAJIND,2026-05-06 10:45:00,412.75,412.75,412.2,412.4,975
PRAJIND,2026-05-06 10:46:00,412.35,412.55,411.95,412.05,3363
PRAJIND,2026-05-06 10:47:00,412.05,412.35,411.8,412.15,2962
PRAJIND,2026-05-06 10:48:00,412.35,412.35,412.1,412.3,253
PRAJIND,2026-05-06 10:49:00,412.2,412.3,411.9,411.9,1206
PRAJIND,2026-05-06 10:50:00,412.0,412.35,412.0,412.25,644
PRAJIND,2026-05-06 10:51:00,412.0,412.0,411.8,411.8,1425
PRAJIND,2026-05-06 10:52:00,411.8,411.95,411.5,411.5,2561
PRAJIND,2026-05-06 10:53:00,411.5,411.75,411.5,411.75,1197
PRAJIND,2026-05-06 10:54:00,411.75,411.8,411.5,411.55,566
PRAJIND,2026-05-06 10:55:00,411.55,411.95,411.5,411.55,252
PRAJIND,2026-05-06 10:56:00,411.55,411.85,411.55,411.85,366
PRAJIND,2026-05-06 10:57:00,411.95,411.95,411.7,411.7,1234
PRAJIND,2026-05-06 10:58:00,411.85,411.85,411.5,411.75,3188
PRAJIND,2026-05-06 10:59:00,411.75,412.0,411.5,411.85,2350
PRAJIND,2026-05-06 11:00:00,411.85,411.95,411.7,411.75,556
PRAJIND,2026-05-06 11:01:00,411.75,412.0,411.75,412.0,107
PRAJIND,2026-05-06 11:02:00,412.0,412.0,411.5,411.9,825
PRAJIND,2026-05-06 11:03:00,411.5,411.8,411.5,411.75,184
PRAJIND,2026-05-06 11:04:00,411.7,411.7,411.2,411.45,9060
PRAJIND,2026-05-06 11:05:00,411.45,411.55,411.1,411.1,1948
PRAJIND,2026-05-06 11:06:00,411.1,411.4,411.05,411.2,1014
PRAJIND,2026-05-06 11:07:00,411.2,411.5,411.2,411.5,270
PRAJIND,2026-05-06 11:08:00,411.5,411.8,411.5,411.8,182
PRAJIND,2026-05-06 11:09:00,411.8,412.0,411.75,411.75,753
PRAJIND,2026-05-06 11:10:00,412.0,412.1,410.65,411.15,26550
PRAJIND,2026-05-06 11:11:00,411.4,411.7,411.15,411.7,2352
PRAJIND,2026-05-06 11:12:00,411.35,411.55,410.85,411.0,4031
PRAJIND,2026-05-06 11:13:00,411.0,411.55,410.9,411.55,382
PRAJIND,2026-05-06 11:14:00,411.55,411.65,411.05,411.05,1606
PRAJIND,2026-05-06 11:15:00,411.1,411.3,411.05,411.05,215
PRAJIND,2026-05-06 11:16:00,411.0,411.1,410.8,411.1,1549
PRAJIND,2026-05-06 11:17:00,411.0,411.45,411.0,411.45,510
PRAJIND,2026-05-06 11:18:00,411.65,411.8,411.4,411.7,986
PRAJIND,2026-05-06 11:19:00,411.7,411.7,411.25,411.5,850
PRAJIND,2026-05-06 11:20:00,411.5,411.5,411.25,411.25,188
PRAJIND,2026-05-06 11:21:00,411.25,411.4,411.0,411.4,1656
PRAJIND,2026-05-06 11:22:00,411.4,412.0,411.2,411.5,2295
PRAJIND,2026-05-06 11:23:00,411.5,411.75,411.4,411.45,345
PRAJIND,2026-05-06 11:24:00,411.45,411.65,411.4,411.5,683
PRAJIND,2026-05-06 11:25:00,411.5,411.5,411.15,411.15,192
PRAJIND,2026-05-06 11:26:00,411.15,411.55,411.15,411.4,468
PRAJIND,2026-05-06 11:27:00,411.4,411.45,411.15,411.25,1101
PRAJIND,2026-05-06 11:28:00,411.25,411.3,411.0,411.0,1287
PRAJIND,2026-05-06 11:29:00,411.0,411.5,411.0,411.5,597
PRAJIND,2026-05-06 11:30:00,411.5,411.55,411.15,411.5,822
PRAJIND,2026-05-06 11:31:00,411.25,411.5,411.25,411.45,24
PRAJIND,2026-05-06 11:32:00,411.45,411.5,411.25,411.5,172
PRAJIND,2026-05-06 11:33:00,411.5,411.5,411.2,411.5,601
PRAJIND,2026-05-06 11:34:00,411.5,411.55,411.45,411.5,390
PRAJIND,2026-05-06 11:35:00,411.5,411.6,411.2,411.4,756
PRAJIND,2026-05-06 11:36:00,411.4,411.4,411.2,411.2,166
PRAJIND,2026-05-06 11:37:00,411.25,411.25,410.8,410.85,7631
PRAJIND,2026-05-06 11:38:00,410.85,411.0,410.8,410.9,340
PRAJIND,2026-05-06 11:39:00,410.9,411.0,410.5,410.6,4412
PRAJIND,2026-05-06 11:40:00,410.5,410.6,410.5,410.6,1033
PRAJIND,2026-05-06 11:41:00,410.6,410.95,410.6,410.85,376
PRAJIND,2026-05-06 11:42:00,410.85,410.85,410.6,410.6,526
PRAJIND,2026-05-06 11:43:00,410.6,410.85,410.6,410.65,57
PRAJIND,2026-05-06 11:44:00,410.65,410.85,410.6,410.6,297
PRAJIND,2026-05-06 11:45:00,410.8,410.8,410.65,410.65,724
PRAJIND,2026-05-06 11:46:00,410.65,410.75,410.65,410.75,373
PRAJIND,2026-05-06 11:47:00,410.75,410.95,410.5,410.95,2376
PRAJIND,2026-05-06 11:48:00,411.0,411.0,410.95,411.0,172
PRAJIND,2026-05-06 11:49:00,411.0,411.2,411.0,411.2,110
PRAJIND,2026-05-06 11:50:00,411.2,411.2,411.0,411.0,692
PRAJIND,2026-05-06 11:51:00,411.0,411.0,410.7,410.75,546
PRAJIND,2026-05-06 11:52:00,410.9,411.0,410.8,410.9,726
PRAJIND,2026-05-06 11:53:00,410.9,410.95,410.0,410.5,16750
PRAJIND,2026-05-06 11:54:00,410.5,410.5,410.25,410.5,279
PRAJIND,2026-05-06 11:55:00,410.5,410.7,410.35,410.5,749
PRAJIND,2026-05-06 11:56:00,410.5,410.7,410.4,410.5,1374
PRAJIND,2026-05-06 11:57:00,410.5,410.7,410.45,410.45,354
PRAJIND,2026-05-06 11:58:00,410.55,410.65,410.3,410.45,658
PRAJIND,2026-05-06 11:59:00,410.45,410.45,410.2,410.2,143
PRAJIND,2026-05-06 12:00:00,410.2,410.35,410.2,410.35,371
PRAJIND,2026-05-06 12:01:00,410.2,410.55,410.2,410.4,1248
PRAJIND,2026-05-06 12:02:00,410.4,410.5,410.2,410.2,419
PRAJIND,2026-05-06 12:03:00,410.2,410.55,410.2,410.45,1414
PRAJIND,2026-05-06 12:04:00,410.45,410.75,410.25,410.75,586
PRAJIND,2026-05-06 12:05:00,410.75,410.75,410.3,410.3,257
PRAJIND,2026-05-06 12:06:00,410.55,410.6,410.2,410.5,295
PRAJIND,2026-05-06 12:07:00,410.2,410.5,410.2,410.2,805
PRAJIND,2026-05-06 12:08:00,410.2,410.4,410.15,410.4,170
PRAJIND,2026-05-06 12:09:00,410.4,410.45,410.15,410.35,103
PRAJIND,2026-05-06 12:10:00,410.35,410.35,410.15,410.35,613
PRAJIND,2026-05-06 12:11:00,410.35,410.4,410.1,410.15,1412
PRAJIND,2026-05-06 12:12:00,410.15,410.3,410.1,410.3,657
PRAJIND,2026-05-06 12:13:00,410.15,410.35,410.0,410.0,689
PRAJIND,2026-05-06 12:14:00,410.05,410.3,410.0,410.05,3327
PRAJIND,2026-05-06 12:15:00,410.2,410.2,410.0,410.2,3195
PRAJIND,2026-05-06 12:16:00,410.2,410.2,410.1,410.2,3327
PRAJIND,2026-05-06 12:17:00,410.15,410.2,409.5,410.0,7692
PRAJIND,2026-05-06 12:18:00,410.0,410.15,409.8,410.15,1694
PRAJIND,2026-05-06 12:19:00,410.15,410.2,409.95,410.1,1144
PRAJIND,2026-05-06 12:20:00,410.1,410.1,409.05,409.5,6441
PRAJIND,2026-05-06 12:21:00,409.5,409.55,409.1,409.15,1270
PRAJIND,2026-05-06 12:22:00,409.15,409.45,409.15,409.45,128
PRAJIND,2026-05-06 12:23:00,409.4,409.4,408.35,408.9,8775
PRAJIND,2026-05-06 12:24:00,408.9,409.45,408.85,409.15,5086
PRAJIND,2026-05-06 12:25:00,409.15,409.15,408.9,409.15,478
PRAJIND,2026-05-06 12:26:00,409.15,409.2,408.95,409.2,1000
PRAJIND,2026-05-06 12:27:00,409.2,409.2,409.05,409.2,78
PRAJIND,2026-05-06 12:28:00,409.05,409.2,409.05,409.05,38
PRAJIND,2026-05-06 12:29:00,409.2,409.25,409.1,409.2,460
PRAJIND,2026-05-06 12:30:00,409.45,409.6,409.25,409.45,341
PRAJIND,2026-05-06 12:31:00,409.45,409.6,409.45,409.6,428
PRAJIND,2026-05-06 12:32:00,409.6,409.6,409.5,409.5,625
PRAJIND,2026-05-06 12:33:00,409.7,409.95,409.6,409.75,2830
PRAJIND,2026-05-06 12:34:00,409.4,409.65,409.4,409.6,498
PRAJIND,2026-05-06 12:35:00,409.4,409.65,409.35,409.4,616
PRAJIND,2026-05-06 12:36:00,409.4,409.65,409.4,409.55,774
PRAJIND,2026-05-06 12:37:00,409.55,409.65,409.5,409.65,261
PRAJIND,2026-05-06 12:38:00,409.65,409.65,409.4,409.6,283
PRAJIND,2026-05-06 12:39:00,409.5,409.6,409.4,409.5,425
PRAJIND,2026-05-06 12:40:00,409.5,409.5,409.4,409.5,331
PRAJIND,2026-05-06 12:41:00,409.5,409.5,409.2,409.5,744
PRAJIND,2026-05-06 12:42:00,409.5,409.5,409.3,409.5,66
PRAJIND,2026-05-06 12:43:00,409.3,409.45,408.75,408.95,5201
PRAJIND,2026-05-06 12:44:00,408.95,408.95,408.55,408.55,376
PRAJIND,2026-05-06 12:45:00,408.55,408.8,408.2,408.55,2333
PRAJIND,2026-05-06 12:46:00,408.7,408.7,408.2,408.55,2277
PRAJIND,2026-05-06 12:47:00,408.55,408.55,408.0,408.05,3395
PRAJIND,2026-05-06 12:48:00,408.05,408.25,408.0,408.1,2035
PRAJIND,2026-05-06 12:49:00,408.1,408.25,408.1,408.1,323
PRAJIND,2026-05-06 12:50:00,408.1,408.45,408.05,408.05,1376
PRAJIND,2026-05-06 12:51:00,408.05,408.5,408.05,408.15,1025
PRAJIND,2026-05-06 12:52:00,408.15,408.5,408.15,408.15,337
PRAJIND,2026-05-06 12:53:00,408.15,408.45,408.0,408.0,1090
PRAJIND,2026-05-06 12:54:00,408.0,408.45,408.0,408.3,2121
PRAJIND,2026-05-06 12:55:00,408.3,408.4,408.0,408.25,2404
PRAJIND,2026-05-06 12:56:00,408.25,408.25,408.0,408.0,441
PRAJIND,2026-05-06 12:57:00,408.0,408.2,408.0,408.0,507
PRAJIND,2026-05-06 12:58:00,408.0,408.25,408.0,408.0,375
PRAJIND,2026-05-06 12:59:00,408.0,408.2,407.85,407.85,419
PRAJIND,2026-05-06 13:00:00,407.85,408.1,407.55,407.8,3315
PRAJIND,2026-05-06 13:01:00,407.75,407.8,407.55,407.6,289
PRAJIND,2026-05-06 13:02:00,407.6,407.8,407.6,407.6,299
PRAJIND,2026-05-06 13:03:00,407.6,407.6,407.35,407.5,2656
PRAJIND,2026-05-06 13:04:00,407.5,407.5,407.3,407.35,922
PRAJIND,2026-05-06 13:05:00,407.35,407.5,407.2,407.45,1316
PRAJIND,2026-05-06 13:06:00,407.45,407.8,407.45,407.8,936
PRAJIND,2026-05-06 13:07:00,407.8,408.35,407.8,408.15,958
PRAJIND,2026-05-06 13:08:00,408.15,408.25,408.0,408.05,253
PRAJIND,2026-05-06 13:09:00,408.05,408.55,408.05,408.55,599
PRAJIND,2026-05-06 13:10:00,408.55,409.2,408.55,409.2,2931
PRAJIND,2026-05-06 13:11:00,409.1,409.1,408.65,408.65,496
PRAJIND,2026-05-06 13:12:00,408.65,408.85,408.65,408.85,456
PRAJIND,2026-05-06 13:13:00,408.85,408.85,408.65,408.85,701
PRAJIND,2026-05-06 13:14:00,408.7,408.95,408.65,408.8,853
PRAJIND,2026-05-06 13:15:00,408.8,408.8,408.4,408.6,703
PRAJIND,2026-05-06 13:16:00,408.6,408.8,408.6,408.6,246
PRAJIND,2026-05-06 13:17:00,408.8,408.9,408.4,408.65,3613
PRAJIND,2026-05-06 13:18:00,408.65,409.0,408.65,409.0,487
PRAJIND,2026-05-06 13:19:00,408.65,409.1,408.65,408.85,587
PRAJIND,2026-05-06 13:20:00,408.85,409.0,408.7,408.7,1313
PRAJIND,2026-05-06 13:21:00,408.7,409.1,408.7,409.1,201
PRAJIND,2026-05-06 13:22:00,409.1,409.25,409.0,409.0,224
PRAJIND,2026-05-06 13:23:00,409.0,409.0,408.85,408.85,713
PRAJIND,2026-05-06 13:24:00,408.85,409.0,408.85,408.95,232
PRAJIND,2026-05-06 13:25:00,408.95,408.95,408.45,408.9,1161
PRAJIND,2026-05-06 13:26:00,408.9,408.95,408.9,408.9,652
PRAJIND,2026-05-06 13:27:00,408.9,408.9,408.2,408.5,548
PRAJIND,2026-05-06 13:28:00,408.25,408.3,408.2,408.2,853
PRAJIND,2026-05-06 13:29:00,408.2,408.45,408.2,408.4,301
PRAJIND,2026-05-06 13:30:00,408.45,408.6,408.15,408.35,782
PRAJIND,2026-05-06 13:31:00,408.35,408.35,408.2,408.25,206
PRAJIND,2026-05-06 13:32:00,408.25,408.65,408.2,408.4,755
PRAJIND,2026-05-06 13:33:00,408.4,408.75,408.3,408.65,904
PRAJIND,2026-05-06 13:34:00,408.6,408.65,408.4,408.5,679
PRAJIND,2026-05-06 13:35:00,408.5,408.75,408.5,408.75,217
PRAJIND,2026-05-06 13:36:00,408.75,408.75,408.5,408.55,230
PRAJIND,2026-05-06 13:37:00,408.55,408.8,408.55,408.55,658
PRAJIND,2026-05-06 13:38:00,408.75,408.8,408.55,408.75,209
PRAJIND,2026-05-06 13:39:00,408.75,408.8,408.55,408.8,1411
PRAJIND,2026-05-06 13:40:00,408.75,408.75,408.5,408.5,437
PRAJIND,2026-05-06 13:41:00,408.5,408.55,408.1,408.3,1427
PRAJIND,2026-05-06 13:42:00,408.3,408.3,408.1,408.25,1242
PRAJIND,2026-05-06 13:43:00,408.15,408.15,407.7,407.7,2695
PRAJIND,2026-05-06 13:44:00,408.0,408.2,407.65,408.2,1787
PRAJIND,2026-05-06 13:45:00,408.3,408.5,408.05,408.3,9346
PRAJIND,2026-05-06 13:46:00,408.3,408.3,408.0,408.15,513
PRAJIND,2026-05-06 13:47:00,408.15,408.15,408.0,408.0,10
PRAJIND,2026-05-06 13:48:00,408.1,408.1,407.95,407.95,355
PRAJIND,2026-05-06 13:49:00,407.95,408.0,407.7,407.9,1970
PRAJIND,2026-05-06 13:50:00,407.9,407.95,407.65,407.7,1608
PRAJIND,2026-05-06 13:51:00,407.7,408.05,407.7,408.0,516
PRAJIND,2026-05-06 13:52:00,408.0,408.0,407.65,408.0,906
PRAJIND,2026-05-06 13:53:00,408.0,408.2,408.0,408.2,381
PRAJIND,2026-05-06 13:54:00,408.2,408.2,407.95,408.1,237
PRAJIND,2026-05-06 13:55:00,407.95,408.5,407.95,408.5,1185
PRAJIND,2026-05-06 13:56:00,408.5,408.5,408.3,408.3,71
PRAJIND,2026-05-06 13:57:00,408.3,408.65,408.0,408.65,2126
PRAJIND,2026-05-06 13:58:00,408.65,408.65,408.0,408.3,1590
PRAJIND,2026-05-06 13:59:00,408.25,408.25,408.0,408.0,631
PRAJIND,2026-05-06 14:00:00,408.0,408.25,407.85,408.0,1919
PRAJIND,2026-05-06 14:01:00,408.0,408.15,407.8,408.1,305
PRAJIND,2026-05-06 14:02:00,408.1,408.3,408.1,408.3,145
PRAJIND,2026-05-06 14:03:00,408.3,408.3,408.1,408.25,281
PRAJIND,2026-05-06 14:04:00,408.25,408.3,408.1,408.3,201
PRAJIND,2026-05-06 14:05:00,408.3,408.35,408.05,408.05,611
PRAJIND,2026-05-06 14:06:00,408.05,408.1,407.7,407.85,2622
PRAJIND,2026-05-06 14:07:00,407.85,407.85,407.3,407.7,3173
PRAJIND,2026-05-06 14:08:00,407.8,407.85,407.6,407.6,227
PRAJIND,2026-05-06 14:09:00,407.6,407.85,407.55,407.55,360
PRAJIND,2026-05-06 14:10:00,407.55,407.6,407.5,407.5,594
PRAJIND,2026-05-06 14:11:00,407.5,407.85,407.5,407.85,249
PRAJIND,2026-05-06 14:12:00,407.8,407.8,407.8,407.8,57
PRAJIND,2026-05-06 14:13:00,407.8,407.95,407.6,407.65,1058
PRAJIND,2026-05-06 14:14:00,407.65,407.85,407.55,407.8,1474
PRAJIND,2026-05-06 14:15:00,407.55,408.0,407.55,408.0,892
PRAJIND,2026-05-06 14:16:00,408.0,408.25,408.0,408.25,2088
PRAJIND,2026-05-06 14:17:00,408.25,408.5,408.05,408.3,727
PRAJIND,2026-05-06 14:18:00,408.3,408.3,408.1,408.2,1116
PRAJIND,2026-05-06 14:19:00,408.15,408.3,407.9,408.15,988
PRAJIND,2026-05-06 14:20:00,408.15,408.8,408.15,408.65,2668
PRAJIND,2026-05-06 14:21:00,408.65,409.0,408.3,408.9,3693
PRAJIND,2026-05-06 14:22:00,408.8,409.2,408.8,409.0,3642
PRAJIND,2026-05-06 14:23:00,409.0,409.05,408.55,408.6,2048
PRAJIND,2026-05-06 14:24:00,408.35,408.75,408.35,408.35,823
PRAJIND,2026-05-06 14:25:00,408.35,408.75,408.35,408.35,954
PRAJIND,2026-05-06 14:26:00,408.35,408.6,408.25,408.25,1023
PRAJIND,2026-05-06 14:27:00,408.25,408.4,408.15,408.25,1608
PRAJIND,2026-05-06 14:28:00,408.25,408.6,408.2,408.6,861
PRAJIND,2026-05-06 14:29:00,408.6,408.6,408.25,408.3,765
PRAJIND,2026-05-06 14:30:00,408.3,408.3,408.0,408.25,3702
PRAJIND,2026-05-06 14:31:00,408.05,408.25,407.9,407.9,633
PRAJIND,2026-05-06 14:32:00,407.9,408.3,407.9,408.05,1272
PRAJIND,2026-05-06 14:33:00,408.2,408.3,407.55,407.6,2603
PRAJIND,2026-05-06 14:34:00,407.55,407.85,407.55,407.8,1613
PRAJIND,2026-05-06 14:35:00,407.8,407.8,407.0,407.3,3618
PRAJIND,2026-05-06 14:36:00,407.3,407.35,407.0,407.25,904
PRAJIND,2026-05-06 14:37:00,407.05,407.3,407.05,407.2,3545
PRAJIND,2026-05-06 14:38:00,407.3,407.6,407.0,407.1,8150
PRAJIND,2026-05-06 14:39:00,407.1,407.3,407.1,407.1,583
PRAJIND,2026-05-06 14:40:00,407.3,407.5,407.0,407.0,6537
PRAJIND,2026-05-06 14:41:00,407.0,407.2,406.7,407.15,4044
PRAJIND,2026-05-06 14:42:00,407.15,408.0,407.1,408.0,4256
PRAJIND,2026-05-06 14:43:00,408.0,408.0,407.7,407.85,1317
PRAJIND,2026-05-06 14:44:00,407.8,407.8,407.5,407.7,3433
PRAJIND,2026-05-06 14:45:00,407.7,407.7,407.0,407.45,4878
PRAJIND,2026-05-06 14:46:00,407.4,407.4,407.0,407.0,692
PRAJIND,2026-05-06 14:47:00,407.2,407.2,406.5,406.7,11810
PRAJIND,2026-05-06 14:48:00,407.0,407.0,406.7,406.9,761
PRAJIND,2026-05-06 14:49:00,406.8,407.3,406.8,407.15,4276
PRAJIND,2026-05-06 14:50:00,407.15,407.35,407.05,407.25,1590
PRAJIND,2026-05-06 14:51:00,407.0,407.05,405.0,405.95,30678
PRAJIND,2026-05-06 14:52:00,405.65,405.75,404.5,405.45,10548
PRAJIND,2026-05-06 14:53:00,405.5,405.5,405.0,405.15,4417
PRAJIND,2026-05-06 14:54:00,405.15,405.2,404.6,404.8,4784
PRAJIND,2026-05-06 14:55:00,404.8,404.9,404.65,404.65,5202
PRAJIND,2026-05-06 14:56:00,404.65,405.0,404.55,405.0,6083
PRAJIND,2026-05-06 14:57:00,404.95,404.95,404.5,404.55,3182
PRAJIND,2026-05-06 14:58:00,404.6,404.95,404.1,404.3,12568
PRAJIND,2026-05-06 14:59:00,404.25,404.55,403.2,404.55,10787
PRAJIND,2026-05-06 15:00:00,404.55,404.55,403.85,404.1,3008
PRAJIND,2026-05-06 15:01:00,404.1,404.5,404.0,404.5,2393
PRAJIND,2026-05-06 15:02:00,404.5,404.9,404.5,404.85,3729
PRAJIND,2026-05-06 15:03:00,404.85,404.85,404.65,404.8,1310
PRAJIND,2026-05-06 15:04:00,404.8,404.95,404.65,404.7,2449
PRAJIND,2026-05-06 15:05:00,404.7,405.0,404.6,404.6,1745
PRAJIND,2026-05-06 15:06:00,404.6,405.0,404.5,405.0,4737
PRAJIND,2026-05-06 15:07:00,404.95,404.95,404.55,404.75,1284
PRAJIND,2026-05-06 15:08:00,404.75,404.75,404.5,404.5,2286
PRAJIND,2026-05-06 15:09:00,404.5,404.5,401.6,401.6,56815
PRAJIND,2026-05-06 15:10:00,401.8,402.0,400.8,401.5,28804
PRAJIND,2026-05-06 15:11:00,401.5,401.5,399.1,399.1,28085
PRAJIND,2026-05-06 15:12:00,399.05,399.65,398.25,398.9,24122
PRAJIND,2026-05-06 15:13:00,398.9,401.0,398.55,401.0,40823
PRAJIND,2026-05-06 15:14:00,401.2,401.8,401.2,401.5,13251
PRAJIND,2026-05-06 15:15:00,401.7,401.9,401.4,401.45,8021
PRAJIND,2026-05-06 15:16:00,401.45,402.35,401.45,402.35,9461
PRAJIND,2026-05-06 15:17:00,402.35,403.0,402.0,402.0,25359
PRAJIND,2026-05-06 15:18:00,402.6,402.65,402.05,402.1,8286
PRAJIND,2026-05-06 15:19:00,402.45,402.85,402.0,402.8,12001
PRAJIND,2026-05-06 15:20:00,402.8,402.8,402.05,402.45,5116
PRAJIND,2026-05-06 15:21:00,402.45,402.9,402.1,402.55,42862
PRAJIND,2026-05-06 15:22:00,402.85,402.85,401.85,402.0,37452
PRAJIND,2026-05-06 15:23:00,401.85,402.0,401.1,401.7,7855
PRAJIND,2026-05-06 15:24:00,401.6,402.0,401.35,401.9,37015
PRAJIND,2026-05-06 15:25:00,402.05,402.5,401.85,402.5,9814
PRAJIND,2026-05-06 15:26:00,402.25,402.95,402.25,402.75,9131
PRAJIND,2026-05-06 15:27:00,402.75,403.8,402.7,403.5,11759
PRAJIND,2026-05-06 15:28:00,403.45,403.8,403.45,403.7,7377
PRAJIND,2026-05-06 15:29:00,403.7,404.5,403.25,404.2,10108
PRAJIND,2026-05-07 09:15:00,403.05,407.15,403.0,406.1,19103
PRAJIND,2026-05-07 09:16:00,406.0,408.0,405.7,406.15,20894
PRAJIND,2026-05-07 09:17:00,406.55,408.0,406.55,407.3,6495
PRAJIND,2026-05-07 09:18:00,406.65,406.65,406.0,406.4,6691
PRAJIND,2026-05-07 09:19:00,406.4,406.4,405.0,405.25,10468
PRAJIND,2026-05-07 09:20:00,405.2,405.25,404.65,404.65,7979
PRAJIND,2026-05-07 09:21:00,404.65,405.45,404.35,405.05,5080
PRAJIND,2026-05-07 09:22:00,405.3,405.3,404.45,404.9,5663
PRAJIND,2026-05-07 09:23:00,404.9,407.0,404.9,407.0,8746
PRAJIND,2026-05-07 09:24:00,406.75,407.0,406.35,407.0,2116
PRAJIND,2026-05-07 09:25:00,406.7,406.95,405.7,406.1,3249
PRAJIND,2026-05-07 09:26:00,406.05,406.3,405.8,405.95,2206
PRAJIND,2026-05-07 09:27:00,405.95,407.0,405.95,406.9,9061
PRAJIND,2026-05-07 09:28:00,406.95,407.05,406.55,406.75,1444
PRAJIND,2026-05-07 09:29:00,406.75,406.8,406.4,406.7,1562
PRAJIND,2026-05-07 09:30:00,406.6,406.75,406.35,406.4,1255
PRAJIND,2026-05-07 09:31:00,406.1,406.35,405.15,405.15,9635
PRAJIND,2026-05-07 09:32:00,405.45,406.0,405.2,406.0,2542
PRAJIND,2026-05-07 09:33:00,406.0,406.0,405.25,405.35,3666
PRAJIND,2026-05-07 09:34:00,405.6,405.8,405.45,405.55,1195
PRAJIND,2026-05-07 09:35:00,405.9,405.9,404.95,405.3,8780
PRAJIND,2026-05-07 09:36:00,405.2,405.6,405.05,405.1,1173
PRAJIND,2026-05-07 09:37:00,405.45,405.45,404.65,404.65,6817
PRAJIND,2026-05-07 09:38:00,404.25,405.1,404.0,405.1,4168
PRAJIND,2026-05-07 09:39:00,405.1,405.1,404.25,404.3,1578
PRAJIND,2026-05-07 09:40:00,404.3,405.0,404.3,404.6,4456
PRAJIND,2026-05-07 09:41:00,404.6,404.95,404.5,404.95,1778
PRAJIND,2026-05-07 09:42:00,405.0,405.2,404.9,405.2,892
PRAJIND,2026-05-07 09:43:00,405.5,405.6,405.1,405.25,1295
PRAJIND,2026-05-07 09:44:00,405.15,406.2,405.15,406.0,3335
PRAJIND,2026-05-07 09:45:00,405.8,406.4,405.55,406.15,7497
PRAJIND,2026-05-07 09:46:00,406.25,406.8,406.0,406.35,3947
PRAJIND,2026-05-07 09:47:00,406.35,406.75,406.0,406.3,1424
PRAJIND,2026-05-07 09:48:00,405.8,406.65,405.8,406.4,3487
PRAJIND,2026-05-07 09:49:00,406.05,406.3,405.65,405.65,6030
PRAJIND,2026-05-07 09:50:00,405.35,407.5,405.25,407.1,36066
PRAJIND,2026-05-07 09:51:00,407.2,407.55,406.5,406.5,11418
PRAJIND,2026-05-07 09:52:00,406.5,406.5,406.05,406.05,1423
PRAJIND,2026-05-07 09:53:00,406.05,406.25,405.7,405.7,1870
PRAJIND,2026-05-07 09:54:00,405.85,406.15,405.6,405.9,5074
PRAJIND,2026-05-07 09:55:00,405.9,405.9,405.65,405.65,2662
PRAJIND,2026-05-07 09:56:00,405.65,405.95,405.3,405.45,2694
PRAJIND,2026-05-07 09:57:00,405.7,405.7,405.2,405.45,3301
PRAJIND,2026-05-07 09:58:00,405.45,405.45,405.35,405.35,916
PRAJIND,2026-05-07 09:59:00,405.95,406.1,405.25,405.25,1814
PRAJIND,2026-05-07 10:00:00,405.75,405.75,405.45,405.75,2072
PRAJIND,2026-05-07 10:01:00,406.05,406.75,405.95,406.75,718
PRAJIND,2026-05-07 10:02:00,406.75,406.95,406.2,406.3,3810
PRAJIND,2026-05-07 10:03:00,406.25,406.6,406.15,406.15,685
PRAJIND,2026-05-07 10:04:00,406.15,406.65,406.15,406.5,485
PRAJIND,2026-05-07 10:05:00,406.5,406.5,405.65,406.0,2277
PRAJIND,2026-05-07 10:06:00,406.0,406.1,406.0,406.0,178
PRAJIND,2026-05-07 10:07:00,405.8,406.0,405.8,406.0,435
PRAJIND,2026-05-07 10:08:00,406.0,406.0,405.4,405.75,1270
PRAJIND,2026-05-07 10:09:00,405.7,405.75,405.4,405.7,1382
PRAJIND,2026-05-07 10:10:00,405.85,405.95,405.85,405.9,1094
PRAJIND,2026-05-07 10:11:00,405.95,406.5,405.95,406.1,1137
PRAJIND,2026-05-07 10:12:00,406.25,406.25,405.35,405.5,2559
PRAJIND,2026-05-07 10:13:00,405.45,405.45,405.1,405.1,996
PRAJIND,2026-05-07 10:14:00,405.1,405.1,404.6,404.75,3118
PRAJIND,2026-05-07 10:15:00,404.75,404.85,404.55,404.85,1222
PRAJIND,2026-05-07 10:16:00,404.85,405.15,404.7,405.15,680
PRAJIND,2026-05-07 10:17:00,405.15,405.3,405.0,405.3,351
PRAJIND,2026-05-07 10:18:00,405.3,406.5,405.3,406.5,7973
PRAJIND,2026-05-07 10:19:00,406.65,406.7,406.4,406.5,5924
PRAJIND,2026-05-07 10:20:00,406.7,406.7,406.3,406.5,2416
PRAJIND,2026-05-07 10:21:00,406.45,406.45,406.1,406.1,749
PRAJIND,2026-05-07 10:22:00,406.1,406.2,405.7,405.7,300
PRAJIND,2026-05-07 10:23:00,405.7,406.0,404.55,404.65,5387
PRAJIND,2026-05-07 10:24:00,404.95,405.4,404.75,404.85,1581
PRAJIND,2026-05-07 10:25:00,404.75,405.0,404.5,405.0,1481
PRAJIND,2026-05-07 10:26:00,405.3,405.9,405.3,405.9,873
PRAJIND,2026-05-07 10:27:00,405.9,406.1,405.65,405.85,688
PRAJIND,2026-05-07 10:28:00,406.1,406.4,406.0,406.4,1354
PRAJIND,2026-05-07 10:29:00,406.4,406.4,406.05,406.4,697
PRAJIND,2026-05-07 10:30:00,406.25,406.4,406.0,406.4,1722
PRAJIND,2026-05-07 10:31:00,406.4,406.4,406.2,406.2,56
PRAJIND,2026-05-07 10:32:00,406.2,406.6,406.05,406.5,2185
PRAJIND,2026-05-07 10:33:00,406.5,406.65,406.35,406.45,951
PRAJIND,2026-05-07 10:34:00,406.45,407.25,406.4,407.25,3303
PRAJIND,2026-05-07 10:35:00,407.1,407.2,406.8,406.8,403
PRAJIND,2026-05-07 10:36:00,407.0,407.0,406.55,406.9,3021
PRAJIND,2026-05-07 10:37:00,406.9,406.9,406.35,406.85,789
PRAJIND,2026-05-07 10:38:00,406.85,406.85,406.4,406.85,607
PRAJIND,2026-05-07 10:39:00,406.6,408.8,406.6,408.5,18531
PRAJIND,2026-05-07 10:40:00,408.15,408.35,407.2,407.35,3839
PRAJIND,2026-05-07 10:41:00,407.15,407.15,406.6,407.15,1108
PRAJIND,2026-05-07 10:42:00,407.15,407.15,406.8,406.85,801
PRAJIND,2026-05-07 10:43:00,406.85,407.0,406.7,406.75,317
PRAJIND,2026-05-07 10:44:00,406.7,406.8,406.25,406.25,521
PRAJIND,2026-05-07 10:45:00,406.25,406.7,406.25,406.25,1510
PRAJIND,2026-05-07 10:46:00,406.25,406.55,405.5,405.75,1809
PRAJIND,2026-05-07 10:47:00,405.6,405.6,405.05,405.05,340
PRAJIND,2026-05-07 10:48:00,405.1,405.2,405.0,405.1,1106
PRAJIND,2026-05-07 10:49:00,405.05,405.05,405.0,405.0,568
PRAJIND,2026-05-07 10:50:00,405.0,405.2,405.0,405.2,2211
PRAJIND,2026-05-07 10:51:00,405.2,405.2,404.85,405.0,2013
PRAJIND,2026-05-07 10:52:00,405.0,405.1,404.8,404.9,691
PRAJIND,2026-05-07 10:53:00,404.8,405.3,404.8,405.1,10369
PRAJIND,2026-05-07 10:54:00,405.1,405.35,405.05,405.05,1673
PRAJIND,2026-05-07 10:55:00,405.05,405.05,404.8,405.0,205
PRAJIND,2026-05-07 10:56:00,405.0,405.0,404.7,404.85,792
PRAJIND,2026-05-07 10:57:00,404.85,405.0,404.7,405.0,571
PRAJIND,2026-05-07 10:58:00,405.0,405.55,405.0,405.55,5606
PRAJIND,2026-05-07 10:59:00,405.3,405.8,405.2,405.8,797
PRAJIND,2026-05-07 11:00:00,405.8,405.8,405.55,405.65,441
PRAJIND,2026-05-07 11:01:00,405.75,406.0,405.55,405.55,519
PRAJIND,2026-05-07 11:02:00,405.85,405.9,405.5,405.85,619
PRAJIND,2026-05-07 11:03:00,405.7,405.8,405.55,405.8,697
PRAJIND,2026-05-07 11:04:00,405.8,405.9,405.55,405.55,811
PRAJIND,2026-05-07 11:05:00,405.55,405.9,405.55,405.6,483
PRAJIND,2026-05-07 11:06:00,405.6,405.9,405.6,405.8,1105
PRAJIND,2026-05-07 11:07:00,405.8,405.8,405.6,405.6,1003
PRAJIND,2026-05-07 11:08:00,405.6,405.6,405.3,405.3,346
PRAJIND,2026-05-07 11:09:00,405.3,405.3,405.0,405.2,1981
PRAJIND,2026-05-07 11:10:00,405.0,405.2,404.9,405.05,1147
PRAJIND,2026-05-07 11:11:00,405.05,405.2,405.0,405.15,995
PRAJIND,2026-05-07 11:12:00,405.45,405.6,405.25,405.55,221
PRAJIND,2026-05-07 11:13:00,405.55,405.55,405.3,405.35,242
PRAJIND,2026-05-07 11:14:00,405.55,405.85,405.55,405.75,309
PRAJIND,2026-05-07 11:15:00,405.75,406.2,405.75,406.05,536
PRAJIND,2026-05-07 11:16:00,406.05,406.3,406.05,406.3,662
PRAJIND,2026-05-07 11:17:00,406.3,406.55,406.25,406.5,745
PRAJIND,2026-05-07 11:18:00,406.5,406.6,406.45,406.5,507
PRAJIND,2026-05-07 11:19:00,406.5,406.5,406.5,406.5,93
PRAJIND,2026-05-07 11:20:00,406.3,406.75,406.2,406.6,2870
PRAJIND,2026-05-07 11:21:00,406.6,406.6,406.35,406.35,262
PRAJIND,2026-05-07 11:22:00,406.35,406.65,406.3,406.65,410
PRAJIND,2026-05-07 11:23:00,406.65,406.8,406.5,406.6,84
PRAJIND,2026-05-07 11:24:00,406.6,406.95,406.6,406.8,1184
PRAJIND,2026-05-07 11:25:00,407.0,407.0,406.8,407.0,514
PRAJIND,2026-05-07 11:26:00,407.0,407.0,406.95,406.95,98
PRAJIND,2026-05-07 11:27:00,406.95,406.95,406.3,406.3,757
PRAJIND,2026-05-07 11:28:00,406.3,406.55,406.3,406.55,463
PRAJIND,2026-05-07 11:29:00,406.55,407.2,406.35,407.2,10515
PRAJIND,2026-05-07 11:30:00,407.2,407.5,407.2,407.5,1121
PRAJIND,2026-05-07 11:31:00,407.4,407.8,407.4,407.8,1477
PRAJIND,2026-05-07 11:32:00,407.6,407.95,407.6,407.8,1239
PRAJIND,2026-05-07 11:33:00,407.8,407.9,407.55,407.55,278
PRAJIND,2026-05-07 11:34:00,407.55,407.55,407.05,407.05,669
PRAJIND,2026-05-07 11:35:00,407.05,407.25,406.6,406.6,494
PRAJIND,2026-05-07 11:36:00,406.6,406.85,406.4,406.85,1085
PRAJIND,2026-05-07 11:37:00,406.85,406.9,406.6,406.8,82
PRAJIND,2026-05-07 11:38:00,406.8,407.0,406.55,407.0,1241
PRAJIND,2026-05-07 11:39:00,406.7,406.9,406.6,406.8,619
PRAJIND,2026-05-07 11:40:00,406.8,406.9,406.55,406.9,478
PRAJIND,2026-05-07 11:41:00,406.9,406.9,406.3,406.7,934
PRAJIND,2026-05-07 11:42:00,406.7,406.7,406.15,406.15,11292
PRAJIND,2026-05-07 11:43:00,405.9,406.3,405.9,406.05,3854
PRAJIND,2026-05-07 11:44:00,406.05,406.2,406.0,406.0,1004
PRAJIND,2026-05-07 11:45:00,406.0,406.0,405.85,405.85,170
PRAJIND,2026-05-07 11:46:00,405.85,406.0,405.8,405.9,333
PRAJIND,2026-05-07 11:47:00,405.9,406.3,405.65,406.3,3675
PRAJIND,2026-05-07 11:48:00,406.3,406.4,406.1,406.1,667
PRAJIND,2026-05-07 11:49:00,406.1,406.2,405.75,405.75,544
PRAJIND,2026-05-07 11:50:00,405.75,406.2,405.75,406.2,267
PRAJIND,2026-05-07 11:51:00,406.2,406.2,406.0,406.0,239
PRAJIND,2026-05-07 11:52:00,406.0,406.4,406.0,406.4,364
PRAJIND,2026-05-07 11:53:00,406.4,406.7,406.4,406.7,110
PRAJIND,2026-05-07 11:54:00,406.7,407.0,406.65,407.0,544
PRAJIND,2026-05-07 11:55:00,407.0,407.3,406.95,407.3,473
PRAJIND,2026-05-07 11:56:00,407.25,407.4,407.15,407.4,415
PRAJIND,2026-05-07 11:57:00,407.4,407.4,407.0,407.0,2644
PRAJIND,2026-05-07 11:58:00,407.05,407.4,407.0,407.0,1106
PRAJIND,2026-05-07 11:59:00,407.0,407.1,406.9,407.05,461
PRAJIND,2026-05-07 12:00:00,407.05,407.1,406.8,407.0,237
PRAJIND,2026-05-07 12:01:00,407.0,407.0,406.6,406.6,861
PRAJIND,2026-05-07 12:02:00,406.75,407.0,406.65,406.95,114
PRAJIND,2026-05-07 12:03:00,406.95,407.15,406.95,407.05,583
PRAJIND,2026-05-07 12:04:00,407.05,407.1,406.85,406.85,79
PRAJIND,2026-05-07 12:05:00,406.85,406.85,406.7,406.7,110
PRAJIND,2026-05-07 12:06:00,406.6,406.7,406.6,406.6,599
PRAJIND,2026-05-07 12:07:00,406.6,406.85,406.6,406.85,123
PRAJIND,2026-05-07 12:08:00,406.5,406.8,406.5,406.8,710
PRAJIND,2026-05-07 12:09:00,406.8,406.8,406.45,406.75,633
PRAJIND,2026-05-07 12:10:00,406.75,406.75,406.45,406.5,481
PRAJIND,2026-05-07 12:11:00,406.5,406.7,406.5,406.55,519
PRAJIND,2026-05-07 12:12:00,407.55,408.0,407.4,407.6,13871
PRAJIND,2026-05-07 12:13:00,407.6,407.6,406.5,406.55,2846
PRAJIND,2026-05-07 12:14:00,407.0,407.0,406.5,406.75,831
PRAJIND,2026-05-07 12:15:00,406.75,407.2,406.75,406.95,369
PRAJIND,2026-05-07 12:16:00,406.95,407.2,406.7,407.2,314
PRAJIND,2026-05-07 12:17:00,407.2,407.2,407.0,407.0,363
PRAJIND,2026-05-07 12:18:00,407.0,407.0,406.7,406.95,508
PRAJIND,2026-05-07 12:19:00,406.95,406.95,406.55,406.65,330
PRAJIND,2026-05-07 12:20:00,406.65,406.85,406.5,406.55,1120
PRAJIND,2026-05-07 12:21:00,406.55,406.7,406.45,406.45,324
PRAJIND,2026-05-07 12:22:00,406.45,406.9,406.3,406.35,1885
PRAJIND,2026-05-07 12:23:00,406.35,406.7,406.35,406.45,295
PRAJIND,2026-05-07 12:24:00,406.45,406.5,406.25,406.25,1020
PRAJIND,2026-05-07 12:25:00,406.25,406.65,406.25,406.5,845
PRAJIND,2026-05-07 12:26:00,406.5,406.5,406.35,406.5,249
PRAJIND,2026-05-07 12:27:00,406.5,406.95,406.25,406.95,1733
PRAJIND,2026-05-07 12:28:00,406.95,406.95,406.65,406.65,1086
PRAJIND,2026-05-07 12:29:00,406.65,406.95,406.6,406.95,156
PRAJIND,2026-05-07 12:30:00,406.95,406.95,406.65,406.85,376
PRAJIND,2026-05-07 12:31:00,406.6,406.9,406.6,406.9,167
PRAJIND,2026-05-07 12:32:00,406.9,406.9,406.85,406.85,301
PRAJIND,2026-05-07 12:33:00,406.85,406.85,406.4,406.55,2463
PRAJIND,2026-05-07 12:34:00,406.55,406.75,406.55,406.75,189
PRAJIND,2026-05-07 12:35:00,406.75,406.75,406.75,406.75,76
PRAJIND,2026-05-07 12:36:00,406.75,407.5,406.75,407.5,4811
PRAJIND,2026-05-07 12:37:00,407.5,407.55,407.25,407.55,497
PRAJIND,2026-05-07 12:38:00,407.65,407.7,407.35,407.7,634
PRAJIND,2026-05-07 12:39:00,407.5,407.5,407.2,407.25,1008
PRAJIND,2026-05-07 12:40:00,407.2,407.2,407.05,407.05,227
PRAJIND,2026-05-07 12:41:00,407.05,407.25,407.0,407.0,1119
PRAJIND,2026-05-07 12:42:00,407.0,407.0,406.65,406.8,4077
PRAJIND,2026-05-07 12:43:00,406.8,406.8,406.0,406.25,8640
PRAJIND,2026-05-07 12:44:00,406.25,406.45,406.25,406.45,25
PRAJIND,2026-05-07 12:45:00,406.45,406.45,406.1,406.45,302
PRAJIND,2026-05-07 12:46:00,406.45,406.45,405.9,405.9,952
PRAJIND,2026-05-07 12:47:00,405.9,405.9,405.65,405.75,1692
PRAJIND,2026-05-07 12:48:00,405.75,405.75,405.1,405.1,8449
PRAJIND,2026-05-07 12:49:00,405.1,405.35,405.0,405.0,1143
PRAJIND,2026-05-07 12:50:00,405.25,405.3,405.0,405.0,2908
PRAJIND,2026-05-07 12:51:00,405.35,405.45,405.05,405.05,1215
PRAJIND,2026-05-07 12:52:00,405.05,405.25,404.85,405.0,2197
PRAJIND,2026-05-07 12:53:00,405.0,405.0,404.9,404.9,5635
PRAJIND,2026-05-07 12:54:00,405.0,405.0,404.9,405.0,121
PRAJIND,2026-05-07 12:55:00,405.0,405.45,405.0,405.3,1447
PRAJIND,2026-05-07 12:56:00,405.3,405.6,404.85,405.6,81
PRAJIND,2026-05-07 12:57:00,405.6,405.6,405.25,405.25,455
PRAJIND,2026-05-07 12:58:00,405.0,405.25,405.0,405.2,396
PRAJIND,2026-05-07 12:59:00,405.05,405.2,404.9,405.05,658
PRAJIND,2026-05-07 13:00:00,405.05,405.3,405.0,405.2,1127
PRAJIND,2026-05-07 13:01:00,405.2,405.3,405.05,405.3,312
PRAJIND,2026-05-07 13:02:00,405.3,405.4,405.05,405.3,82
PRAJIND,2026-05-07 13:03:00,405.3,405.3,405.15,405.15,7
PRAJIND,2026-05-07 13:04:00,405.15,405.4,405.15,405.2,94
PRAJIND,2026-05-07 13:05:00,405.4,405.4,405.0,405.25,5403
PRAJIND,2026-05-07 13:06:00,405.25,405.3,405.05,405.3,575
PRAJIND,2026-05-07 13:07:00,405.3,405.35,405.1,405.3,107
PRAJIND,2026-05-07 13:08:00,405.3,405.4,405.3,405.4,408
PRAJIND,2026-05-07 13:09:00,405.4,405.4,405.2,405.3,235
PRAJIND,2026-05-07 13:10:00,405.3,405.3,404.95,405.2,480
PRAJIND,2026-05-07 13:11:00,405.2,405.4,405.2,405.4,218
PRAJIND,2026-05-07 13:12:00,405.35,405.35,405.0,405.0,116
PRAJIND,2026-05-07 13:13:00,405.2,405.45,405.1,405.45,686
PRAJIND,2026-05-07 13:14:00,405.2,405.6,405.2,405.6,306
PRAJIND,2026-05-07 13:15:00,405.6,405.6,405.2,405.2,299
PRAJIND,2026-05-07 13:16:00,405.4,405.55,405.15,405.15,477
PRAJIND,2026-05-07 13:17:00,405.15,405.45,405.15,405.4,231
PRAJIND,2026-05-07 13:18:00,405.1,405.1,404.1,404.25,7151
PRAJIND,2026-05-07 13:19:00,404.3,404.6,404.05,404.35,4146
PRAJIND,2026-05-07 13:20:00,404.35,404.65,404.3,404.65,114
PRAJIND,2026-05-07 13:21:00,404.65,404.95,404.5,404.5,3640
PRAJIND,2026-05-07 13:22:00,404.7,404.8,404.5,404.7,876
PRAJIND,2026-05-07 13:23:00,404.7,405.0,404.55,405.0,1231
PRAJIND,2026-05-07 13:24:00,404.7,404.85,404.65,404.8,975
PRAJIND,2026-05-07 13:25:00,404.8,404.8,404.8,404.8,163
PRAJIND,2026-05-07 13:26:00,405.0,405.0,404.85,404.85,1176
PRAJIND,2026-05-07 13:27:00,404.85,404.95,404.7,404.8,150
PRAJIND,2026-05-07 13:28:00,404.8,405.0,404.8,404.9,105
PRAJIND,2026-05-07 13:29:00,404.9,405.2,404.9,405.0,360
PRAJIND,2026-05-07 13:30:00,404.75,404.95,404.65,404.95,2996
PRAJIND,2026-05-07 13:31:00,404.95,405.15,404.95,405.0,455
PRAJIND,2026-05-07 13:32:00,405.0,405.4,405.0,405.4,2175
PRAJIND,2026-05-07 13:33:00,405.4,405.45,405.25,405.45,442
PRAJIND,2026-05-07 13:34:00,405.45,405.45,405.2,405.2,125
PRAJIND,2026-05-07 13:35:00,405.2,405.45,405.2,405.25,374
PRAJIND,2026-05-07 13:36:00,405.25,405.4,405.25,405.25,42
PRAJIND,2026-05-07 13:37:00,405.1,405.3,405.05,405.05,599
PRAJIND,2026-05-07 13:38:00,405.1,405.15,405.0,405.15,495
PRAJIND,2026-05-07 13:39:00,405.15,405.25,405.15,405.25,124
PRAJIND,2026-05-07 13:40:00,405.25,405.25,405.0,405.2,211
PRAJIND,2026-05-07 13:41:00,405.2,405.35,405.0,405.35,599
PRAJIND,2026-05-07 13:42:00,405.35,405.45,405.1,405.45,330
PRAJIND,2026-05-07 13:43:00,405.3,406.5,405.3,406.25,4425
PRAJIND,2026-05-07 13:44:00,406.25,406.6,406.1,406.1,1339
PRAJIND,2026-05-07 13:45:00,406.1,406.45,405.9,406.2,1193
PRAJIND,2026-05-07 13:46:00,406.2,406.3,406.1,406.2,177
PRAJIND,2026-05-07 13:47:00,406.2,406.2,406.05,406.1,251
PRAJIND,2026-05-07 13:48:00,406.1,406.1,405.8,406.1,263
PRAJIND,2026-05-07 13:49:00,406.1,406.1,405.65,405.95,204
PRAJIND,2026-05-07 13:50:00,405.95,405.95,405.65,405.8,398
PRAJIND,2026-05-07 13:51:00,405.8,406.0,405.8,406.0,423
PRAJIND,2026-05-07 13:52:00,406.0,406.15,406.0,406.15,9448
PRAJIND,2026-05-07 13:53:00,406.35,406.35,406.05,406.05,893
PRAJIND,2026-05-07 13:54:00,406.05,406.45,406.05,406.4,2403
PRAJIND,2026-05-07 13:55:00,406.4,406.75,405.6,405.6,4498
PRAJIND,2026-05-07 13:56:00,405.6,405.8,405.6,405.8,293
PRAJIND,2026-05-07 13:57:00,405.8,405.95,405.8,405.95,233
PRAJIND,2026-05-07 13:58:00,405.8,406.0,405.8,406.0,319
PRAJIND,2026-05-07 13:59:00,405.7,405.7,405.45,405.45,1524
PRAJIND,2026-05-07 14:00:00,405.5,405.5,405.1,405.1,136
PRAJIND,2026-05-07 14:01:00,405.1,405.5,405.1,405.3,60
PRAJIND,2026-05-07 14:02:00,405.3,405.3,405.2,405.2,630
PRAJIND,2026-05-07 14:03:00,405.2,405.2,404.25,404.65,3789
PRAJIND,2026-05-07 14:04:00,404.85,404.9,404.7,404.9,119
PRAJIND,2026-05-07 14:05:00,404.9,404.9,404.8,404.85,3932
PRAJIND,2026-05-07 14:06:00,404.9,404.9,404.9,404.9,39
PRAJIND,2026-05-07 14:07:00,404.9,404.9,404.65,404.65,610
PRAJIND,2026-05-07 14:08:00,404.65,404.65,404.65,404.65,291
PRAJIND,2026-05-07 14:09:00,404.65,404.75,404.65,404.75,112
PRAJIND,2026-05-07 14:10:00,404.75,405.1,404.75,405.1,978
PRAJIND,2026-05-07 14:11:00,405.1,405.1,404.8,404.8,29
PRAJIND,2026-05-07 14:12:00,404.8,405.0,404.8,404.8,203
PRAJIND,2026-05-07 14:13:00,404.8,405.15,404.8,405.15,252
PRAJIND,2026-05-07 14:14:00,404.85,405.05,404.85,405.05,375
PRAJIND,2026-05-07 14:15:00,405.05,405.05,404.85,404.85,183
PRAJIND,2026-05-07 14:16:00,404.85,404.9,404.8,404.85,2003
PRAJIND,2026-05-07 14:17:00,404.85,404.85,404.7,404.7,477
PRAJIND,2026-05-07 14:18:00,404.7,404.75,404.7,404.7,512
PRAJIND,2026-05-07 14:19:00,404.7,404.7,404.5,404.5,863
PRAJIND,2026-05-07 14:20:00,404.5,404.9,404.5,404.85,407
PRAJIND,2026-05-07 14:21:00,404.85,404.85,404.5,404.65,243
PRAJIND,2026-05-07 14:22:00,404.5,404.65,404.15,404.65,2963
PRAJIND,2026-05-07 14:23:00,404.65,404.7,404.15,404.7,3217
PRAJIND,2026-05-07 14:24:00,404.7,405.0,404.7,405.0,856
PRAJIND,2026-05-07 14:25:00,405.0,405.0,404.9,404.9,927
PRAJIND,2026-05-07 14:26:00,404.9,405.2,404.9,405.2,245
PRAJIND,2026-05-07 14:27:00,405.2,405.2,405.0,405.15,304
PRAJIND,2026-05-07 14:28:00,405.15,405.3,405.0,405.0,249
PRAJIND,2026-05-07 14:29:00,405.0,405.3,405.0,405.3,283
PRAJIND,2026-05-07 14:30:00,405.3,405.3,404.95,405.0,403
PRAJIND,2026-05-07 14:31:00,405.0,405.0,404.85,405.0,787
PRAJIND,2026-05-07 14:32:00,405.0,405.1,404.75,404.8,257
PRAJIND,2026-05-07 14:33:00,404.8,405.0,404.35,404.35,437
PRAJIND,2026-05-07 14:34:00,404.35,404.7,404.35,404.55,4592
PRAJIND,2026-05-07 14:35:00,404.55,404.55,404.3,404.3,32
PRAJIND,2026-05-07 14:36:00,404.3,404.75,404.3,404.5,709
PRAJIND,2026-05-07 14:37:00,404.5,404.8,404.5,404.55,982
PRAJIND,2026-05-07 14:38:00,404.55,404.75,404.45,404.75,476
PRAJIND,2026-05-07 14:39:00,404.75,404.8,404.5,404.75,603
PRAJIND,2026-05-07 14:40:00,404.75,404.75,404.05,404.3,5361
PRAJIND,2026-05-07 14:41:00,404.5,404.5,404.3,404.5,260
PRAJIND,2026-05-07 14:42:00,404.5,404.55,404.45,404.55,469
PRAJIND,2026-05-07 14:43:00,404.55,404.55,404.3,404.45,148
PRAJIND,2026-05-07 14:44:00,404.45,404.45,404.1,404.1,223
PRAJIND,2026-05-07 14:45:00,404.25,404.25,404.1,404.1,484
PRAJIND,2026-05-07 14:46:00,404.05,404.45,404.05,404.45,350
PRAJIND,2026-05-07 14:47:00,404.45,404.5,404.15,404.2,795
PRAJIND,2026-05-07 14:48:00,404.2,404.35,403.5,403.85,6550
PRAJIND,2026-05-07 14:49:00,403.85,403.85,403.5,403.6,1114
PRAJIND,2026-05-07 14:50:00,403.6,403.85,403.5,403.6,466
PRAJIND,2026-05-07 14:51:00,403.6,403.75,403.6,403.6,593
PRAJIND,2026-05-07 14:52:00,403.6,403.75,403.4,403.6,423
PRAJIND,2026-05-07 14:53:00,403.6,403.65,403.6,403.65,5731
PRAJIND,2026-05-07 14:54:00,403.9,404.0,403.75,404.0,595
PRAJIND,2026-05-07 14:55:00,404.0,404.0,403.6,403.75,1120
PRAJIND,2026-05-07 14:56:00,403.8,404.0,403.7,403.9,338
PRAJIND,2026-05-07 14:57:00,403.7,404.0,403.5,403.6,722
PRAJIND,2026-05-07 14:58:00,403.6,403.6,403.2,403.25,5153
PRAJIND,2026-05-07 14:59:00,403.25,403.6,403.25,403.6,237
PRAJIND,2026-05-07 15:00:00,403.6,403.6,403.35,403.4,3350
PRAJIND,2026-05-07 15:01:00,403.35,403.55,403.3,403.35,3488
PRAJIND,2026-05-07 15:02:00,403.35,403.35,403.2,403.2,1928
PRAJIND,2026-05-07 15:03:00,403.2,403.45,403.2,403.45,2228
PRAJIND,2026-05-07 15:04:00,403.45,403.45,403.2,403.3,1422
PRAJIND,2026-05-07 15:05:00,403.35,403.45,403.1,403.25,1323
PRAJIND,2026-05-07 15:06:00,403.25,403.45,403.1,403.3,490
PRAJIND,2026-05-07 15:07:00,403.4,403.6,403.4,403.4,2118
PRAJIND,2026-05-07 15:08:00,403.35,403.35,403.1,403.2,1923
PRAJIND,2026-05-07 15:09:00,403.2,403.7,403.2,403.2,2600
PRAJIND,2026-05-07 15:10:00,403.2,403.2,402.3,402.55,7004
PRAJIND,2026-05-07 15:11:00,402.7,403.0,402.25,402.95,7232
PRAJIND,2026-05-07 15:12:00,402.95,403.0,402.8,402.85,2781
PRAJIND,2026-05-07 15:13:00,402.55,402.85,402.35,402.45,5790
PRAJIND,2026-05-07 15:14:00,402.45,402.95,402.45,402.9,2396
PRAJIND,2026-05-07 15:15:00,402.85,403.85,402.85,403.85,7019
PRAJIND,2026-05-07 15:16:00,403.7,403.9,403.5,403.7,7801
PRAJIND,2026-05-07 15:17:00,403.6,403.85,403.1,403.7,3099
PRAJIND,2026-05-07 15:18:00,403.65,403.7,403.3,403.5,9919
PRAJIND,2026-05-07 15:19:00,403.5,404.1,403.5,404.05,3283
PRAJIND,2026-05-07 15:20:00,404.05,404.05,403.85,403.85,4612
PRAJIND,2026-05-07 15:21:00,404.2,404.2,403.05,403.35,5821
PRAJIND,2026-05-07 15:22:00,403.3,403.95,403.3,403.85,1398
PRAJIND,2026-05-07 15:23:00,403.65,403.8,403.0,403.5,9592
PRAJIND,2026-05-07 15:24:00,403.55,404.55,403.55,404.15,5265
PRAJIND,2026-05-07 15:25:00,404.1,404.3,403.45,404.1,7923
PRAJIND,2026-05-07 15:26:00,403.65,405.3,403.65,405.3,10522
PRAJIND,2026-05-07 15:27:00,405.3,405.3,404.5,405.0,6155
PRAJIND,2026-05-07 15:28:00,404.5,404.85,403.5,403.65,7646
PRAJIND,2026-05-07 15:29:00,403.65,403.8,403.0,403.0,14588
PRAJIND,2026-05-08 09:15:00,405.9,406.2,404.4,404.9,11090
PRAJIND,2026-05-08 09:16:00,405.7,406.45,404.6,405.2,9210
PRAJIND,2026-05-08 09:17:00,405.0,406.7,405.0,405.2,9576
PRAJIND,2026-05-08 09:18:00,405.2,405.2,403.6,403.65,3126
PRAJIND,2026-05-08 09:19:00,403.95,404.55,403.9,404.55,3617
PRAJIND,2026-05-08 09:20:00,404.45,404.45,403.4,404.0,5077
PRAJIND,2026-05-08 09:21:00,403.6,404.0,403.4,404.0,1852
PRAJIND,2026-05-08 09:22:00,404.0,404.0,403.05,403.05,7157
PRAJIND,2026-05-08 09:23:00,403.05,404.3,403.05,404.15,4051
PRAJIND,2026-05-08 09:24:00,404.1,404.55,404.1,404.3,2824
PRAJIND,2026-05-08 09:25:00,404.35,405.3,403.8,405.3,3195
PRAJIND,2026-05-08 09:26:00,405.05,405.75,404.9,405.5,6589
PRAJIND,2026-05-08 09:27:00,405.2,405.4,405.0,405.15,1056
PRAJIND,2026-05-08 09:28:00,405.25,405.75,404.9,405.5,3298
PRAJIND,2026-05-08 09:29:00,405.7,405.7,405.0,405.45,1525
PRAJIND,2026-05-08 09:30:00,405.0,405.0,404.35,404.65,1938
PRAJIND,2026-05-08 09:31:00,404.3,404.3,403.35,403.35,3666
PRAJIND,2026-05-08 09:32:00,403.85,404.0,403.05,403.05,5177
PRAJIND,2026-05-08 09:33:00,403.05,403.5,402.85,402.85,6555
PRAJIND,2026-05-08 09:34:00,402.85,403.0,402.35,402.9,2364
PRAJIND,2026-05-08 09:35:00,402.8,402.8,402.35,402.5,3604
PRAJIND,2026-05-08 09:36:00,402.5,403.0,402.2,402.4,2928
PRAJIND,2026-05-08 09:37:00,402.25,402.9,402.25,402.65,2145
PRAJIND,2026-05-08 09:38:00,402.5,402.5,402.1,402.25,1269
PRAJIND,2026-05-08 09:39:00,402.25,402.25,401.5,401.9,17744
PRAJIND,2026-05-08 09:40:00,401.9,402.0,401.75,401.85,6461
PRAJIND,2026-05-08 09:41:00,402.0,402.4,401.9,402.2,2680
PRAJIND,2026-05-08 09:42:00,402.0,402.2,401.7,402.2,4212
PRAJIND,2026-05-08 09:43:00,402.2,402.3,401.85,401.85,1066
PRAJIND,2026-05-08 09:44:00,402.1,402.15,401.8,401.9,1533
PRAJIND,2026-05-08 09:45:00,402.0,402.0,401.1,401.5,11631
PRAJIND,2026-05-08 09:46:00,401.5,402.05,401.5,402.05,7505
PRAJIND,2026-05-08 09:47:00,402.35,402.35,401.8,401.9,5846
PRAJIND,2026-05-08 09:48:00,401.9,402.15,401.0,401.0,2218
PRAJIND,2026-05-08 09:49:00,401.0,401.65,401.0,401.65,774
PRAJIND,2026-05-08 09:50:00,401.95,402.35,401.7,401.9,5251
PRAJIND,2026-05-08 09:51:00,401.9,402.2,401.9,402.05,3104
PRAJIND,2026-05-08 09:52:00,402.15,402.25,401.65,401.9,3065
PRAJIND,2026-05-08 09:53:00,402.0,403.1,401.85,402.4,4817
PRAJIND,2026-05-08 09:54:00,402.4,403.15,402.4,403.0,1799
PRAJIND,2026-05-08 09:55:00,403.0,403.15,402.5,402.5,1654
PRAJIND,2026-05-08 09:56:00,402.5,402.5,401.85,402.15,866
PRAJIND,2026-05-08 09:57:00,402.1,402.1,401.6,401.6,543
PRAJIND,2026-05-08 09:58:00,401.6,402.1,401.6,402.1,473
PRAJIND,2026-05-08 09:59:00,401.75,401.9,401.45,401.9,2104
PRAJIND,2026-05-08 10:00:00,401.6,401.6,401.35,401.6,2569
PRAJIND,2026-05-08 10:01:00,401.35,401.65,401.35,401.5,413
PRAJIND,2026-05-08 10:02:00,401.2,401.3,401.0,401.3,1293
PRAJIND,2026-05-08 10:03:00,401.25,401.6,401.1,401.6,699
PRAJIND,2026-05-08 10:04:00,401.6,401.6,401.1,401.1,5760
PRAJIND,2026-05-08 10:05:00,401.1,401.1,399.45,400.1,16459
PRAJIND,2026-05-08 10:06:00,400.05,400.7,399.9,400.1,3693
PRAJIND,2026-05-08 10:07:00,400.0,400.3,399.4,399.4,4355
PRAJIND,2026-05-08 10:08:00,399.4,399.9,399.2,399.8,2749
PRAJIND,2026-05-08 10:09:00,399.8,399.9,399.45,399.9,3345
PRAJIND,2026-05-08 10:10:00,399.9,399.9,399.45,399.6,397
PRAJIND,2026-05-08 10:11:00,399.95,399.95,399.55,399.85,2238
PRAJIND,2026-05-08 10:12:00,399.85,400.05,399.85,400.05,667
PRAJIND,2026-05-08 10:13:00,400.2,400.55,400.0,400.55,2768
PRAJIND,2026-05-08 10:14:00,400.55,401.0,400.35,400.85,1087
PRAJIND,2026-05-08 10:15:00,401.0,401.0,400.6,400.65,1719
PRAJIND,2026-05-08 10:16:00,400.65,400.65,400.3,400.3,2205
PRAJIND,2026-05-08 10:17:00,400.05,400.35,400.05,400.25,653
PRAJIND,2026-05-08 10:18:00,400.05,400.35,400.05,400.25,521
PRAJIND,2026-05-08 10:19:00,400.5,402.5,400.35,402.5,25686
PRAJIND,2026-05-08 10:20:00,402.5,402.6,402.0,402.25,6212
PRAJIND,2026-05-08 10:21:00,402.25,402.5,401.85,401.85,1333
PRAJIND,2026-05-08 10:22:00,402.0,402.15,401.65,401.8,2936
PRAJIND,2026-05-08 10:23:00,401.8,402.0,401.6,402.0,104
PRAJIND,2026-05-08 10:24:00,402.0,402.0,401.6,401.9,517
PRAJIND,2026-05-08 10:25:00,401.85,401.85,401.4,401.65,1961
PRAJIND,2026-05-08 10:26:00,401.65,401.65,401.2,401.5,314
PRAJIND,2026-05-08 10:27:00,401.05,401.95,401.05,401.95,8849
PRAJIND,2026-05-08 10:28:00,402.0,402.55,401.9,402.25,12201
PRAJIND,2026-05-08 10:29:00,402.25,402.45,401.8,401.8,1324
PRAJIND,2026-05-08 10:30:00,401.8,402.5,401.8,402.5,3722
PRAJIND,2026-05-08 10:31:00,402.55,402.6,402.15,402.4,1213
PRAJIND,2026-05-08 10:32:00,402.4,402.5,402.1,402.5,900
PRAJIND,2026-05-08 10:33:00,402.5,402.5,402.25,402.5,309
PRAJIND,2026-05-08 10:34:00,402.3,402.3,402.0,402.0,1057
PRAJIND,2026-05-08 10:35:00,402.25,402.3,401.85,401.85,137
PRAJIND,2026-05-08 10:36:00,401.85,401.85,401.55,401.55,1
PRAJIND,2026-05-08 10:37:00,401.55,401.8,401.5,401.5,395
PRAJIND,2026-05-08 10:38:00,401.5,401.6,401.5,401.6,75
PRAJIND,2026-05-08 10:39:00,401.6,401.9,401.6,401.9,956
PRAJIND,2026-05-08 10:40:00,401.9,401.95,401.6,401.95,546
PRAJIND,2026-05-08 10:41:00,402.0,402.0,401.6,401.65,373
PRAJIND,2026-05-08 10:42:00,401.65,402.0,401.6,402.0,1199
PRAJIND,2026-05-08 10:43:00,402.0,402.0,401.7,402.0,220
PRAJIND,2026-05-08 10:44:00,402.0,402.0,401.65,401.65,71
PRAJIND,2026-05-08 10:45:00,401.65,401.75,401.65,401.65,86
PRAJIND,2026-05-08 10:46:00,401.6,401.6,401.25,401.45,2070
PRAJIND,2026-05-08 10:47:00,401.25,401.75,401.25,401.75,145
PRAJIND,2026-05-08 10:48:00,401.55,401.55,401.45,401.55,385
PRAJIND,2026-05-08 10:49:00,401.45,401.55,401.4,401.4,256
PRAJIND,2026-05-08 10:50:00,401.4,401.4,400.9,401.15,612
PRAJIND,2026-05-08 10:51:00,401.15,401.2,401.0,401.0,1907
PRAJIND,2026-05-08 10:52:00,401.0,401.55,400.75,400.8,17560
PRAJIND,2026-05-08 10:53:00,400.8,400.8,400.4,400.4,421
PRAJIND,2026-05-08 10:54:00,401.8,402.0,401.65,401.8,11514
PRAJIND,2026-05-08 10:55:00,402.0,402.55,402.0,402.5,1385
PRAJIND,2026-05-08 10:56:00,402.3,402.8,402.3,402.75,1395
PRAJIND,2026-05-08 10:57:00,402.75,402.8,402.5,402.5,3657
PRAJIND,2026-05-08 10:58:00,402.5,402.65,402.5,402.65,586
PRAJIND,2026-05-08 10:59:00,402.65,402.65,402.0,402.0,12161
PRAJIND,2026-05-08 11:00:00,402.0,402.15,401.9,401.9,285
PRAJIND,2026-05-08 11:01:00,401.9,402.2,401.75,402.0,1261
PRAJIND,2026-05-08 11:02:00,402.0,402.35,402.0,402.35,585
PRAJIND,2026-05-08 11:03:00,402.35,402.35,402.15,402.15,157
PRAJIND,2026-05-08 11:04:00,402.15,402.35,402.15,402.35,883
PRAJIND,2026-05-08 11:05:00,402.0,402.35,402.0,402.2,1679
PRAJIND,2026-05-08 11:06:00,401.8,402.3,401.6,402.3,21780
PRAJIND,2026-05-08 11:07:00,402.3,402.45,401.75,401.9,17255
PRAJIND,2026-05-08 11:08:00,401.9,402.2,401.5,401.55,11150
PRAJIND,2026-05-08 11:09:00,401.75,401.75,401.15,401.15,310
PRAJIND,2026-05-08 11:10:00,401.1,401.1,400.65,401.0,12949
PRAJIND,2026-05-08 11:11:00,400.9,401.1,400.7,400.9,6257
PRAJIND,2026-05-08 11:12:00,400.9,400.95,400.5,400.7,1611
PRAJIND,2026-05-08 11:13:00,400.95,400.95,400.6,400.75,456
PRAJIND,2026-05-08 11:14:00,400.75,400.9,400.65,400.75,222
PRAJIND,2026-05-08 11:15:00,400.75,401.0,400.75,401.0,126
PRAJIND,2026-05-08 11:16:00,401.0,401.15,401.0,401.15,1318
PRAJIND,2026-05-08 11:17:00,401.15,401.15,400.7,401.0,990
PRAJIND,2026-05-08 11:18:00,401.0,401.0,400.4,400.7,8331
PRAJIND,2026-05-08 11:19:00,400.7,400.7,400.25,400.5,1153
PRAJIND,2026-05-08 11:20:00,400.5,400.65,400.25,400.25,1654
PRAJIND,2026-05-08 11:21:00,400.25,400.3,400.25,400.3,603
PRAJIND,2026-05-08 11:22:00,400.3,400.3,400.25,400.25,1479
PRAJIND,2026-05-08 11:23:00,400.25,400.25,400.1,400.2,243
PRAJIND,2026-05-08 11:24:00,400.2,400.2,400.1,400.2,1770
PRAJIND,2026-05-08 11:25:00,400.1,400.1,400.0,400.0,505
PRAJIND,2026-05-08 11:26:00,400.0,400.2,400.0,400.1,1150
PRAJIND,2026-05-08 11:27:00,400.1,400.2,400.0,400.0,465
PRAJIND,2026-05-08 11:28:00,400.0,400.3,400.0,400.2,3263
PRAJIND,2026-05-08 11:29:00,400.2,400.3,400.0,400.3,1848
PRAJIND,2026-05-08 11:30:00,400.3,400.3,399.85,399.85,4603
PRAJIND,2026-05-08 11:31:00,399.85,399.95,399.85,399.9,236
PRAJIND,2026-05-08 11:32:00,399.9,400.3,399.85,400.3,1600
PRAJIND,2026-05-08 11:33:00,400.0,400.65,400.0,400.3,931
PRAJIND,2026-05-08 11:34:00,400.3,400.6,400.3,400.6,107
PRAJIND,2026-05-08 11:35:00,400.85,400.95,400.65,400.65,469
PRAJIND,2026-05-08 11:36:00,400.65,400.7,400.4,400.4,1406
PRAJIND,2026-05-08 11:37:00,400.25,400.5,400.25,400.5,1388
PRAJIND,2026-05-08 11:38:00,400.5,400.5,400.5,400.5,101
PRAJIND,2026-05-08 11:39:00,400.5,400.7,400.5,400.5,1633
PRAJIND,2026-05-08 11:40:00,400.5,400.55,400.1,400.2,797
PRAJIND,2026-05-08 11:41:00,400.2,400.7,400.2,400.3,62
PRAJIND,2026-05-08 11:42:00,400.3,400.8,400.3,400.8,721
PRAJIND,2026-05-08 11:43:00,400.8,400.95,400.65,400.85,183
PRAJIND,2026-05-08 11:44:00,400.85,401.0,400.2,400.2,10299
PRAJIND,2026-05-08 11:45:00,400.2,400.2,399.9,399.9,382
PRAJIND,2026-05-08 11:46:00,399.9,400.15,399.9,400.15,35
PRAJIND,2026-05-08 11:47:00,400.15,400.15,400.0,400.0,1726
PRAJIND,2026-05-08 11:48:00,400.25,400.25,399.9,400.0,4131
PRAJIND,2026-05-08 11:49:00,399.9,400.25,399.9,399.95,1551
PRAJIND,2026-05-08 11:50:00,399.9,400.05,399.85,399.95,3416
PRAJIND,2026-05-08 11:51:00,399.95,399.95,399.7,399.9,154
PRAJIND,2026-05-08 11:52:00,399.7,399.95,399.7,399.95,453
PRAJIND,2026-05-08 11:53:00,399.95,400.0,399.7,399.7,1042
PRAJIND,2026-05-08 11:54:00,400.0,400.0,399.75,400.0,156
PRAJIND,2026-05-08 11:55:00,399.75,400.0,399.7,400.0,1185
PRAJIND,2026-05-08 11:56:00,400.0,400.0,399.7,399.7,1013
PRAJIND,2026-05-08 11:57:00,399.7,399.7,399.4,399.55,4219
PRAJIND,2026-05-08 11:58:00,399.55,399.6,399.55,399.6,131
PRAJIND,2026-05-08 11:59:00,399.6,399.75,399.6,399.65,169
PRAJIND,2026-05-08 12:00:00,399.65,400.0,399.65,400.0,313
PRAJIND,2026-05-08 12:01:00,400.0,400.2,399.95,399.95,855
PRAJIND,2026-05-08 12:02:00,400.0,400.0,399.85,399.9,631
PRAJIND,2026-05-08 12:03:00,399.9,399.9,399.75,399.75,362
PRAJIND,2026-05-08 12:04:00,399.75,400.45,399.65,400.45,859
PRAJIND,2026-05-08 12:05:00,400.45,400.45,400.0,400.25,731
PRAJIND,2026-05-08 12:06:00,400.25,400.35,400.0,400.35,838
PRAJIND,2026-05-08 12:07:00,400.35,400.35,400.0,400.0,54
PRAJIND,2026-05-08 12:08:00,400.0,400.3,399.95,400.15,1299
PRAJIND,2026-05-08 12:09:00,400.15,400.15,399.85,400.1,210
PRAJIND,2026-05-08 12:10:00,400.05,400.05,400.05,400.05,41
PRAJIND,2026-05-08 12:11:00,400.05,400.2,400.0,400.0,254
PRAJIND,2026-05-08 12:12:00,400.0,400.05,400.0,400.05,63
PRAJIND,2026-05-08 12:13:00,400.0,400.2,399.85,400.15,279
PRAJIND,2026-05-08 12:14:00,400.15,400.15,399.85,400.1,320
PRAJIND,2026-05-08 12:15:00,400.1,400.1,399.85,400.1,458
PRAJIND,2026-05-08 12:16:00,400.1,400.1,400.1,400.1,108
PRAJIND,2026-05-08 12:17:00,400.1,400.1,399.75,400.0,250
PRAJIND,2026-05-08 12:18:00,400.0,400.0,399.65,399.7,108
PRAJIND,2026-05-08 12:19:00,399.7,399.75,399.7,399.75,306
PRAJIND,2026-05-08 12:20:00,399.75,400.2,399.75,400.05,825
PRAJIND,2026-05-08 12:21:00,400.05,400.15,399.95,399.95,375
PRAJIND,2026-05-08 12:22:00,399.95,400.25,399.95,400.0,234
PRAJIND,2026-05-08 12:23:00,400.0,400.15,400.0,400.15,59
PRAJIND,2026-05-08 12:24:00,400.15,400.15,399.9,399.9,613
PRAJIND,2026-05-08 12:25:00,399.9,400.15,399.9,400.1,130
PRAJIND,2026-05-08 12:26:00,400.1,400.1,399.8,399.8,541
PRAJIND,2026-05-08 12:27:00,399.8,400.45,399.8,400.45,1835
PRAJIND,2026-05-08 12:28:00,400.45,400.45,400.2,400.2,156
PRAJIND,2026-05-08 12:29:00,400.2,400.25,400.2,400.25,138
PRAJIND,2026-05-08 12:30:00,400.25,400.3,400.05,400.3,376
PRAJIND,2026-05-08 12:31:00,400.3,400.3,400.25,400.3,522
PRAJIND,2026-05-08 12:32:00,400.3,400.3,400.0,400.0,1595
PRAJIND,2026-05-08 12:33:00,400.0,400.0,399.8,399.8,63
PRAJIND,2026-05-08 12:34:00,399.8,400.0,399.7,399.7,1670
PRAJIND,2026-05-08 12:35:00,399.95,400.0,399.85,400.0,434
PRAJIND,2026-05-08 12:36:00,400.0,400.0,399.6,399.6,779
PRAJIND,2026-05-08 12:37:00,399.6,399.6,399.6,399.6,70
PRAJIND,2026-05-08 12:38:00,399.6,399.8,399.6,399.65,174
PRAJIND,2026-05-08 12:39:00,399.65,399.7,399.6,399.7,234
PRAJIND,2026-05-08 12:40:00,399.7,399.8,399.55,399.55,297
PRAJIND,2026-05-08 12:41:00,399.55,399.95,399.55,399.85,379
PRAJIND,2026-05-08 12:42:00,399.85,399.85,399.55,399.55,71
PRAJIND,2026-05-08 12:43:00,399.55,399.8,399.5,399.5,106
PRAJIND,2026-05-08 12:44:00,399.5,399.8,399.5,399.75,605
PRAJIND,2026-05-08 12:45:00,399.35,399.55,399.2,399.2,1690
PRAJIND,2026-05-08 12:46:00,399.2,399.6,399.2,399.6,517
PRAJIND,2026-05-08 12:47:00,399.6,399.6,399.0,399.05,3321
PRAJIND,2026-05-08 12:48:00,399.2,399.35,399.05,399.05,608
PRAJIND,2026-05-08 12:49:00,399.3,399.65,399.05,399.65,729
PRAJIND,2026-05-08 12:50:00,399.65,399.95,399.55,399.9,1215
PRAJIND,2026-05-08 12:51:00,399.85,401.15,399.85,401.1,4810
PRAJIND,2026-05-08 12:52:00,401.1,401.35,400.7,400.75,1744
PRAJIND,2026-05-08 12:53:00,400.5,401.0,400.5,401.0,1681
PRAJIND,2026-05-08 12:54:00,401.0,401.25,401.0,401.25,175
PRAJIND,2026-05-08 12:55:00,401.25,401.25,401.0,401.25,65
PRAJIND,2026-05-08 12:56:00,400.85,401.1,400.75,400.75,990
PRAJIND,2026-05-08 12:57:00,400.75,400.9,400.75,400.9,169
PRAJIND,2026-05-08 12:58:00,400.9,400.9,400.6,400.9,152
PRAJIND,2026-05-08 12:59:00,400.85,400.85,400.85,400.85,1
PRAJIND,2026-05-08 13:00:00,400.5,400.75,400.5,400.5,79
PRAJIND,2026-05-08 13:01:00,400.5,400.8,400.5,400.8,175
PRAJIND,2026-05-08 13:02:00,400.8,400.85,400.5,400.5,522
PRAJIND,2026-05-08 13:03:00,400.5,401.0,400.5,400.6,512
PRAJIND,2026-05-08 13:04:00,400.6,400.6,400.6,400.6,150
PRAJIND,2026-05-08 13:05:00,400.6,401.0,400.6,401.0,760
PRAJIND,2026-05-08 13:06:00,401.2,401.2,400.9,401.05,202
PRAJIND,2026-05-08 13:07:00,401.05,401.2,401.05,401.2,108
PRAJIND,2026-05-08 13:08:00,401.2,401.2,401.05,401.2,720
PRAJIND,2026-05-08 13:09:00,401.2,401.25,401.15,401.15,6093
PRAJIND,2026-05-08 13:10:00,401.15,401.25,401.15,401.15,150
PRAJIND,2026-05-08 13:11:00,401.15,401.25,401.15,401.25,642
PRAJIND,2026-05-08 13:12:00,401.25,401.25,401.15,401.25,354
PRAJIND,2026-05-08 13:13:00,401.25,401.45,401.15,401.2,1223
PRAJIND,2026-05-08 13:14:00,401.4,401.45,401.15,401.15,28
PRAJIND,2026-05-08 13:15:00,401.15,401.4,401.15,401.15,756
PRAJIND,2026-05-08 13:16:00,401.15,401.35,401.15,401.15,21
PRAJIND,2026-05-08 13:17:00,401.15,401.35,401.15,401.35,635
PRAJIND,2026-05-08 13:18:00,401.15,401.35,401.15,401.15,206
PRAJIND,2026-05-08 13:19:00,401.15,401.45,401.15,401.45,344
PRAJIND,2026-05-08 13:20:00,401.5,401.7,401.45,401.65,1168
PRAJIND,2026-05-08 13:21:00,401.65,401.7,401.35,401.35,354
PRAJIND,2026-05-08 13:22:00,401.35,401.45,401.35,401.45,387
PRAJIND,2026-05-08 13:23:00,401.45,401.45,401.15,401.15,331
PRAJIND,2026-05-08 13:24:00,401.15,401.35,401.0,401.0,1271
PRAJIND,2026-05-08 13:25:00,401.0,401.2,400.9,401.0,122
PRAJIND,2026-05-08 13:26:00,400.9,400.9,400.8,400.8,415
PRAJIND,2026-05-08 13:27:00,400.8,400.9,400.65,400.8,360
PRAJIND,2026-05-08 13:28:00,401.0,401.2,401.0,401.2,298
PRAJIND,2026-05-08 13:29:00,401.2,401.45,401.2,401.45,962
PRAJIND,2026-05-08 13:30:00,401.45,401.7,401.15,401.2,693
PRAJIND,2026-05-08 13:31:00,401.2,401.2,400.7,401.0,389
PRAJIND,2026-05-08 13:32:00,401.0,401.0,400.9,400.9,20
PRAJIND,2026-05-08 13:33:00,400.9,401.0,400.9,400.9,580
PRAJIND,2026-05-08 13:34:00,400.9,400.95,400.5,400.95,2259
PRAJIND,2026-05-08 13:35:00,400.95,400.95,400.8,400.8,252
PRAJIND,2026-05-08 13:36:00,400.8,400.8,400.8,400.8,389
PRAJIND,2026-05-08 13:37:00,400.8,401.35,400.8,401.3,704
PRAJIND,2026-05-08 13:38:00,401.0,402.5,401.0,402.1,5145
PRAJIND,2026-05-08 13:39:00,402.1,402.7,402.1,402.7,9103
PRAJIND,2026-05-08 13:40:00,402.7,402.9,402.55,402.9,1266
PRAJIND,2026-05-08 13:41:00,402.9,403.05,402.9,403.0,2699
PRAJIND,2026-05-08 13:42:00,402.95,403.95,402.8,403.55,7263
PRAJIND,2026-05-08 13:43:00,403.9,404.25,403.45,403.75,6373
PRAJIND,2026-05-08 13:44:00,403.5,403.85,403.35,403.65,2966
PRAJIND,2026-05-08 13:45:00,403.65,403.65,403.3,403.5,1620
PRAJIND,2026-05-08 13:46:00,403.5,403.5,403.05,403.15,3851
PRAJIND,2026-05-08 13:47:00,403.15,403.5,403.15,403.15,1754
PRAJIND,2026-05-08 13:48:00,403.15,403.15,402.65,403.0,2256
PRAJIND,2026-05-08 13:49:00,402.95,402.95,402.5,402.8,326
PRAJIND,2026-05-08 13:50:00,402.8,403.0,402.5,402.5,264
PRAJIND,2026-05-08 13:51:00,402.5,402.7,402.25,402.4,571
PRAJIND,2026-05-08 13:52:00,402.7,402.8,402.4,402.65,699
PRAJIND,2026-05-08 13:53:00,402.4,402.6,402.25,402.6,441
PRAJIND,2026-05-08 13:54:00,402.6,402.7,402.6,402.65,182
PRAJIND,2026-05-08 13:55:00,402.65,402.7,402.55,402.55,258
PRAJIND,2026-05-08 13:56:00,402.55,402.7,402.45,402.5,485
PRAJIND,2026-05-08 13:57:00,402.7,402.7,402.35,402.6,300
PRAJIND,2026-05-08 13:58:00,402.5,402.55,402.1,402.3,601
PRAJIND,2026-05-08 13:59:00,402.45,402.75,402.45,402.65,17491
PRAJIND,2026-05-08 14:00:00,402.65,402.8,402.35,402.8,1775
PRAJIND,2026-05-08 14:01:00,402.7,402.7,402.35,402.4,1247
PRAJIND,2026-05-08 14:02:00,402.4,402.85,402.4,402.85,471
PRAJIND,2026-05-08 14:03:00,402.85,402.95,402.7,402.85,1142
PRAJIND,2026-05-08 14:04:00,402.85,402.95,402.85,402.85,681
PRAJIND,2026-05-08 14:05:00,402.85,403.35,402.85,403.35,4832
PRAJIND,2026-05-08 14:06:00,403.15,403.45,403.15,403.15,477
PRAJIND,2026-05-08 14:07:00,403.15,403.5,403.15,403.3,743
PRAJIND,2026-05-08 14:08:00,403.3,403.3,403.15,403.15,9
PRAJIND,2026-05-08 14:09:00,403.45,403.45,403.3,403.35,319
PRAJIND,2026-05-08 14:10:00,403.35,403.35,403.15,403.15,1278
PRAJIND,2026-05-08 14:11:00,403.4,403.4,402.95,402.95,1154
PRAJIND,2026-05-08 14:12:00,402.95,403.0,402.5,402.5,579
PRAJIND,2026-05-08 14:13:00,402.6,403.1,402.3,403.1,993
PRAJIND,2026-05-08 14:14:00,403.0,403.3,402.85,403.0,4548
PRAJIND,2026-05-08 14:15:00,403.0,403.0,402.85,403.0,1496
PRAJIND,2026-05-08 14:16:00,403.0,403.2,402.8,403.2,1467
PRAJIND,2026-05-08 14:17:00,403.0,403.3,403.0,403.15,355
PRAJIND,2026-05-08 14:18:00,403.15,403.25,403.0,403.25,159
PRAJIND,2026-05-08 14:19:00,403.15,403.2,403.15,403.2,238
PRAJIND,2026-05-08 14:20:00,403.2,403.35,403.15,403.2,545
PRAJIND,2026-05-08 14:21:00,403.2,403.2,403.15,403.15,310
PRAJIND,2026-05-08 14:22:00,403.15,403.2,403.15,403.2,1309
PRAJIND,2026-05-08 14:23:00,403.35,403.4,403.25,403.25,263
PRAJIND,2026-05-08 14:24:00,403.3,403.3,403.25,403.3,226
PRAJIND,2026-05-08 14:25:00,403.3,403.35,403.3,403.3,214
PRAJIND,2026-05-08 14:26:00,403.3,403.45,403.15,403.15,5412
PRAJIND,2026-05-08 14:27:00,403.15,403.15,403.15,403.15,20
PRAJIND,2026-05-08 14:28:00,403.15,403.45,403.15,403.35,332
PRAJIND,2026-05-08 14:29:00,403.35,403.4,403.15,403.15,1671
PRAJIND,2026-05-08 14:30:00,403.4,403.4,403.4,403.4,809
PRAJIND,2026-05-08 14:31:00,403.4,403.4,403.15,403.35,2182
PRAJIND,2026-05-08 14:32:00,403.35,403.4,403.15,403.35,1247
PRAJIND,2026-05-08 14:33:00,403.15,403.45,403.15,403.35,498
PRAJIND,2026-05-08 14:34:00,403.6,403.8,403.6,403.75,2219
PRAJIND,2026-05-08 14:35:00,403.75,403.75,403.35,403.35,1283
PRAJIND,2026-05-08 14:36:00,403.35,404.1,403.35,404.1,5305
PRAJIND,2026-05-08 14:37:00,404.0,404.25,404.0,404.25,5813
PRAJIND,2026-05-08 14:38:00,404.0,404.25,403.9,403.9,1042
PRAJIND,2026-05-08 14:39:00,403.9,404.25,403.85,404.0,374
PRAJIND,2026-05-08 14:40:00,404.0,404.15,403.55,403.7,2241
PRAJIND,2026-05-08 14:41:00,403.7,403.8,403.55,403.8,53
PRAJIND,2026-05-08 14:42:00,403.8,404.1,403.65,403.65,2361
PRAJIND,2026-05-08 14:43:00,403.6,403.85,403.55,403.85,1008
PRAJIND,2026-05-08 14:44:00,403.85,403.9,403.55,403.55,223
PRAJIND,2026-05-08 14:45:00,403.55,403.75,403.55,403.65,726
PRAJIND,2026-05-08 14:46:00,403.65,403.65,403.35,403.55,2138
PRAJIND,2026-05-08 14:47:00,403.55,403.8,403.55,403.6,283
PRAJIND,2026-05-08 14:48:00,403.65,403.8,403.6,403.6,196
PRAJIND,2026-05-08 14:49:00,403.6,403.85,403.6,403.85,618
PRAJIND,2026-05-08 14:50:00,403.85,403.85,403.85,403.85,210
PRAJIND,2026-05-08 14:51:00,403.85,403.85,403.65,403.65,131
PRAJIND,2026-05-08 14:52:00,403.85,403.85,403.8,403.8,209
PRAJIND,2026-05-08 14:53:00,403.8,403.8,403.65,403.65,154
PRAJIND,2026-05-08 14:54:00,403.65,403.65,403.35,403.35,685
PRAJIND,2026-05-08 14:55:00,403.35,403.5,403.35,403.4,1834
PRAJIND,2026-05-08 14:56:00,403.4,403.6,403.35,403.35,259
PRAJIND,2026-05-08 14:57:00,403.55,403.7,403.35,403.6,450
PRAJIND,2026-05-08 14:58:00,403.6,403.65,403.4,403.6,452
PRAJIND,2026-05-08 14:59:00,403.6,403.6,403.4,403.5,205
PRAJIND,2026-05-08 15:00:00,403.5,403.5,403.15,403.15,17704
PRAJIND,2026-05-08 15:01:00,403.0,403.1,402.3,402.6,2975
PRAJIND,2026-05-08 15:02:00,402.9,402.9,402.35,402.9,8505
PRAJIND,2026-05-08 15:03:00,402.95,403.55,402.95,403.4,4484
PRAJIND,2026-05-08 15:04:00,403.55,403.55,403.4,403.4,1629
PRAJIND,2026-05-08 15:05:00,403.5,403.75,403.4,403.55,2898
PRAJIND,2026-05-08 15:06:00,403.7,403.8,403.55,403.8,744
PRAJIND,2026-05-08 15:07:00,403.8,403.9,403.6,403.85,10094
PRAJIND,2026-05-08 15:08:00,403.75,403.75,403.5,403.5,6305
PRAJIND,2026-05-08 15:09:00,403.6,403.75,403.5,403.75,561
PRAJIND,2026-05-08 15:10:00,403.9,403.9,403.6,403.6,4558
PRAJIND,2026-05-08 15:11:00,403.8,403.85,403.2,403.55,2808
PRAJIND,2026-05-08 15:12:00,403.65,403.65,403.0,403.05,2435
PRAJIND,2026-05-08 15:13:00,403.1,403.55,403.0,403.25,4424
PRAJIND,2026-05-08 15:14:00,403.25,403.5,403.05,403.45,1979
PRAJIND,2026-05-08 15:15:00,403.3,403.5,403.15,403.5,1839
PRAJIND,2026-05-08 15:16:00,403.5,403.5,403.4,403.4,2699
PRAJIND,2026-05-08 15:17:00,403.45,403.95,403.4,403.75,2760
PRAJIND,2026-05-08 15:18:00,403.4,403.7,403.35,403.4,2615
PRAJIND,2026-05-08 15:19:00,403.7,403.7,403.2,403.25,1445
PRAJIND,2026-05-08 15:20:00,403.55,403.55,403.25,403.25,1877
PRAJIND,2026-05-08 15:21:00,403.45,403.45,403.2,403.25,2228
PRAJIND,2026-05-08 15:22:00,403.4,403.4,403.2,403.4,624
PRAJIND,2026-05-08 15:23:00,403.4,403.75,403.25,403.55,4404
PRAJIND,2026-05-08 15:24:00,403.6,403.6,403.25,403.3,1825
PRAJIND,2026-05-08 15:25:00,403.3,404.0,403.3,403.5,6821
PRAJIND,2026-05-08 15:26:00,404.0,404.0,403.7,403.75,1672
PRAJIND,2026-05-08 15:27:00,403.8,404.1,403.6,404.1,8200
PRAJIND,2026-05-08 15:28:00,403.9,404.0,403.5,404.0,11127
PRAJIND,2026-05-08 15:29:00,403.35,403.95,403.0,403.0,11908
PRAJIND,2026-05-11 09:15:00,402.45,402.45,397.75,400.85,24035
PRAJIND,2026-05-11 09:16:00,400.0,401.5,400.0,401.0,9755
PRAJIND,2026-05-11 09:17:00,401.7,404.3,401.7,403.7,12695
PRAJIND,2026-05-11 09:18:00,403.7,404.0,402.45,403.05,8710
PRAJIND,2026-05-11 09:19:00,403.8,403.8,402.7,402.85,9254
PRAJIND,2026-05-11 09:20:00,402.8,402.8,400.75,400.75,3810
PRAJIND,2026-05-11 09:21:00,400.75,401.4,399.9,399.9,8254
PRAJIND,2026-05-11 09:22:00,400.25,401.15,400.25,400.75,4596
PRAJIND,2026-05-11 09:23:00,400.85,403.0,400.7,403.0,4177
PRAJIND,2026-05-11 09:24:00,402.85,402.95,402.1,402.1,4280
PRAJIND,2026-05-11 09:25:00,402.4,402.7,400.65,400.65,2513
PRAJIND,2026-05-11 09:26:00,400.5,400.75,400.05,400.55,3085
PRAJIND,2026-05-11 09:27:00,400.55,400.65,399.65,399.7,5929
PRAJIND,2026-05-11 09:28:00,399.55,399.75,399.0,399.2,8700
PRAJIND,2026-05-11 09:29:00,399.2,400.4,399.2,400.4,2555
PRAJIND,2026-05-11 09:30:00,400.0,401.05,400.0,400.75,9676
PRAJIND,2026-05-11 09:31:00,400.75,400.75,400.35,400.7,2081
PRAJIND,2026-05-11 09:32:00,400.4,400.6,399.8,399.8,1969
PRAJIND,2026-05-11 09:33:00,399.55,399.55,398.15,398.15,6699
PRAJIND,2026-05-11 09:34:00,398.85,399.0,398.55,398.55,6845
PRAJIND,2026-05-11 09:35:00,398.45,398.5,397.6,397.95,11152
PRAJIND,2026-05-11 09:36:00,397.7,397.85,397.15,397.35,2303
PRAJIND,2026-05-11 09:37:00,397.35,397.75,397.35,397.6,2342
PRAJIND,2026-05-11 09:38:00,397.6,397.6,396.05,396.05,8594
PRAJIND,2026-05-11 09:39:00,396.3,397.25,395.95,396.85,15958
PRAJIND,2026-05-11 09:40:00,397.15,397.55,396.7,396.7,5671
PRAJIND,2026-05-11 09:41:00,396.7,397.55,396.7,396.7,4703
PRAJIND,2026-05-11 09:42:00,397.2,397.4,396.55,396.55,2095
PRAJIND,2026-05-11 09:43:00,396.8,396.8,396.5,396.75,2063
PRAJIND,2026-05-11 09:44:00,396.75,396.8,396.5,396.5,3557
PRAJIND,2026-05-11 09:45:00,396.1,396.5,393.6,393.6,27254
PRAJIND,2026-05-11 09:46:00,394.8,395.0,394.55,395.0,6410
PRAJIND,2026-05-11 09:47:00,395.3,397.65,394.65,397.5,20805
PRAJIND,2026-05-11 09:48:00,398.85,401.2,398.85,401.2,24497
PRAJIND,2026-05-11 09:49:00,400.9,402.1,400.55,401.9,19103
PRAJIND,2026-05-11 09:50:00,401.75,402.85,401.5,402.35,36581
PRAJIND,2026-05-11 09:51:00,401.4,402.45,401.25,402.45,27996
PRAJIND,2026-05-11 09:52:00,402.25,402.25,400.0,400.0,13040
PRAJIND,2026-05-11 09:53:00,400.0,400.0,399.0,399.85,8819
PRAJIND,2026-05-11 09:54:00,399.85,400.35,399.75,400.25,3062
PRAJIND,2026-05-11 09:55:00,400.2,401.65,400.2,400.5,3742
PRAJIND,2026-05-11 09:56:00,400.7,400.75,399.05,399.05,4742
PRAJIND,2026-05-11 09:57:00,399.35,399.9,399.35,399.9,1421
PRAJIND,2026-05-11 09:58:00,399.9,400.2,399.55,399.65,492
PRAJIND,2026-05-11 09:59:00,399.45,399.5,398.6,398.6,1756
PRAJIND,2026-05-11 10:00:00,398.65,398.65,398.1,398.1,3825
PRAJIND,2026-05-11 10:01:00,398.4,399.6,398.4,399.6,1934
PRAJIND,2026-05-11 10:02:00,399.35,399.5,399.15,399.15,3086
PRAJIND,2026-05-11 10:03:00,399.85,401.0,399.85,401.0,2126
PRAJIND,2026-05-11 10:04:00,401.0,401.0,400.5,400.75,6473
PRAJIND,2026-05-11 10:05:00,400.75,401.0,400.5,400.8,3485
PRAJIND,2026-05-11 10:06:00,400.65,400.8,400.35,400.6,673
PRAJIND,2026-05-11 10:07:00,400.6,400.6,400.3,400.6,1881
PRAJIND,2026-05-11 10:08:00,400.3,400.8,400.3,400.6,847
PRAJIND,2026-05-11 10:09:00,400.6,401.6,400.6,401.5,5243
PRAJIND,2026-05-11 10:10:00,401.5,402.1,401.5,401.7,4195
PRAJIND,2026-05-11 10:11:00,401.55,401.55,400.7,400.85,1915
PRAJIND,2026-05-11 10:12:00,400.1,401.5,400.1,401.5,3430
PRAJIND,2026-05-11 10:13:00,401.5,401.6,401.2,401.2,855
PRAJIND,2026-05-11 10:14:00,401.15,401.2,400.95,400.95,3218
PRAJIND,2026-05-11 10:15:00,401.0,401.0,400.05,400.5,927
PRAJIND,2026-05-11 10:16:00,400.3,400.65,400.25,400.4,1559
PRAJIND,2026-05-11 10:17:00,400.4,400.45,400.0,400.25,496
PRAJIND,2026-05-11 10:18:00,400.1,400.1,399.1,399.3,2460
PRAJIND,2026-05-11 10:19:00,399.25,399.7,399.05,399.6,3405
PRAJIND,2026-05-11 10:20:00,399.6,400.25,399.6,399.75,2598
PRAJIND,2026-05-11 10:21:00,399.55,399.9,399.4,399.9,337
PRAJIND,2026-05-11 10:22:00,400.25,400.4,399.9,400.4,764
PRAJIND,2026-05-11 10:23:00,400.4,400.9,400.15,400.45,1273
PRAJIND,2026-05-11 10:24:00,400.3,401.95,400.3,401.6,9343
PRAJIND,2026-05-11 10:25:00,401.6,401.65,400.3,400.55,1630
PRAJIND,2026-05-11 10:26:00,400.2,400.95,400.2,400.9,1756
PRAJIND,2026-05-11 10:27:00,400.65,401.05,400.65,400.95,250
PRAJIND,2026-05-11 10:28:00,400.95,400.95,400.65,400.85,274
PRAJIND,2026-05-11 10:29:00,400.85,401.35,400.85,401.1,1023
PRAJIND,2026-05-11 10:30:00,401.25,401.8,401.15,401.65,2847
PRAJIND,2026-05-11 10:31:00,401.65,402.2,401.4,401.4,4761
PRAJIND,2026-05-11 10:32:00,401.75,403.0,401.75,402.35,4403
PRAJIND,2026-05-11 10:33:00,402.35,403.4,402.35,403.05,5687
PRAJIND,2026-05-11 10:34:00,403.2,403.3,402.75,403.3,3990
PRAJIND,2026-05-11 10:35:00,403.3,403.5,403.0,403.25,5006
PRAJIND,2026-05-11 10:36:00,403.25,403.85,403.1,403.4,8006
PRAJIND,2026-05-11 10:37:00,403.45,403.5,402.95,403.15,5548
PRAJIND,2026-05-11 10:38:00,403.2,403.2,402.35,402.35,1382
PRAJIND,2026-05-11 10:39:00,402.35,402.55,401.6,402.1,2203
PRAJIND,2026-05-11 10:40:00,402.35,402.35,401.85,402.0,431
PRAJIND,2026-05-11 10:41:00,402.05,402.65,401.55,402.65,5640
PRAJIND,2026-05-11 10:42:00,402.1,402.1,401.95,402.0,3656
PRAJIND,2026-05-11 10:43:00,401.75,402.25,401.75,402.25,586
PRAJIND,2026-05-11 10:44:00,402.5,403.0,402.3,403.0,9389
PRAJIND,2026-05-11 10:45:00,403.0,403.0,402.3,402.3,1141
PRAJIND,2026-05-11 10:46:00,402.3,403.1,402.3,403.1,6093
PRAJIND,2026-05-11 10:47:00,403.1,403.5,402.3,402.3,3396
PRAJIND,2026-05-11 10:48:00,402.65,402.65,401.85,402.0,823
PRAJIND,2026-05-11 10:49:00,402.0,402.4,401.75,401.75,1161
PRAJIND,2026-05-11 10:50:00,401.75,402.35,401.75,402.35,1387
PRAJIND,2026-05-11 10:51:00,402.45,402.65,402.0,402.0,1657
PRAJIND,2026-05-11 10:52:00,402.0,403.0,402.0,402.7,2867
PRAJIND,2026-05-11 10:53:00,402.7,402.7,402.55,402.55,420
PRAJIND,2026-05-11 10:54:00,402.55,402.6,402.0,402.45,5823
PRAJIND,2026-05-11 10:55:00,402.45,403.0,402.0,402.0,657
PRAJIND,2026-05-11 10:56:00,402.2,402.2,402.05,402.2,2714
PRAJIND,2026-05-11 10:57:00,402.2,402.35,401.85,402.3,984
PRAJIND,2026-05-11 10:58:00,402.3,402.95,402.1,402.65,573
PRAJIND,2026-05-11 10:59:00,402.65,402.95,402.65,402.85,1337
PRAJIND,2026-05-11 11:00:00,402.55,403.2,402.55,403.0,559
PRAJIND,2026-05-11 11:01:00,403.0,403.15,403.0,403.15,664
PRAJIND,2026-05-11 11:02:00,403.15,403.15,402.55,402.55,794
PRAJIND,2026-05-11 11:03:00,402.55,402.95,402.55,402.95,695
PRAJIND,2026-05-11 11:04:00,402.95,402.95,402.45,402.6,865
PRAJIND,2026-05-11 11:05:00,402.6,402.6,402.2,402.2,254
PRAJIND,2026-05-11 11:06:00,402.2,402.6,402.2,402.6,549
PRAJIND,2026-05-11 11:07:00,402.8,402.95,402.6,402.8,1021
PRAJIND,2026-05-11 11:08:00,402.8,402.8,402.1,402.45,1152
PRAJIND,2026-05-11 11:09:00,402.1,402.4,402.0,402.1,139
PRAJIND,2026-05-11 11:10:00,402.25,402.4,402.15,402.15,1788
PRAJIND,2026-05-11 11:11:00,402.15,402.85,402.05,402.5,1736
PRAJIND,2026-05-11 11:12:00,402.65,402.85,402.5,402.6,43
PRAJIND,2026-05-11 11:13:00,402.35,402.6,402.2,402.3,145
PRAJIND,2026-05-11 11:14:00,402.3,402.3,401.65,401.65,1336
PRAJIND,2026-05-11 11:15:00,402.2,402.2,401.6,401.6,775
PRAJIND,2026-05-11 11:16:00,401.6,402.0,401.6,401.6,779
PRAJIND,2026-05-11 11:17:00,401.6,401.85,401.6,401.6,1354
PRAJIND,2026-05-11 11:18:00,401.6,401.9,401.6,401.9,13
PRAJIND,2026-05-11 11:19:00,401.65,401.85,401.65,401.85,60
PRAJIND,2026-05-11 11:20:00,401.4,401.45,401.3,401.45,2494
PRAJIND,2026-05-11 11:21:00,401.35,401.45,401.35,401.35,713
PRAJIND,2026-05-11 11:22:00,401.35,401.35,401.0,401.1,1113
PRAJIND,2026-05-11 11:23:00,401.1,401.1,401.0,401.0,551
PRAJIND,2026-05-11 11:24:00,401.0,403.15,401.0,402.95,5770
PRAJIND,2026-05-11 11:25:00,402.95,402.95,402.8,402.8,115
PRAJIND,2026-05-11 11:26:00,402.7,402.7,402.45,402.45,6
PRAJIND,2026-05-11 11:27:00,402.45,402.45,401.85,401.85,440
PRAJIND,2026-05-11 11:28:00,401.85,402.2,401.85,402.2,144
PRAJIND,2026-05-11 11:29:00,402.2,402.4,402.2,402.4,97
PRAJIND,2026-05-11 11:30:00,402.45,402.45,402.2,402.35,250
PRAJIND,2026-05-11 11:31:00,402.55,402.55,401.85,402.05,734
PRAJIND,2026-05-11 11:32:00,402.05,402.3,402.05,402.3,155
PRAJIND,2026-05-11 11:33:00,402.3,402.3,402.2,402.3,75
PRAJIND,2026-05-11 11:34:00,402.3,402.3,402.05,402.05,49
PRAJIND,2026-05-11 11:35:00,402.05,402.65,402.05,402.5,716
PRAJIND,2026-05-11 11:36:00,402.5,402.85,402.45,402.45,753
PRAJIND,2026-05-11 11:37:00,402.45,402.8,402.4,402.5,117
PRAJIND,2026-05-11 11:38:00,402.5,402.7,402.3,402.7,138
PRAJIND,2026-05-11 11:39:00,402.7,402.7,402.4,402.4,966
PRAJIND,2026-05-11 11:40:00,402.4,402.65,402.35,402.65,379
PRAJIND,2026-05-11 11:41:00,402.65,403.0,402.65,402.65,721
PRAJIND,2026-05-11 11:42:00,402.65,403.3,402.65,403.3,3150
PRAJIND,2026-05-11 11:43:00,403.3,403.3,402.8,403.0,820
PRAJIND,2026-05-11 11:44:00,402.8,403.0,402.8,403.0,139
PRAJIND,2026-05-11 11:45:00,403.0,403.25,402.8,403.25,565
PRAJIND,2026-05-11 11:46:00,403.25,403.4,403.15,403.2,419
PRAJIND,2026-05-11 11:47:00,403.2,403.25,403.0,403.2,277
PRAJIND,2026-05-11 11:48:00,403.2,403.4,403.2,403.2,390
PRAJIND,2026-05-11 11:49:00,403.2,403.3,402.95,403.3,843
PRAJIND,2026-05-11 11:50:00,403.4,403.45,403.1,403.35,710
PRAJIND,2026-05-11 11:51:00,403.35,403.4,402.95,403.4,505
PRAJIND,2026-05-11 11:52:00,403.4,403.65,403.0,403.55,3405
PRAJIND,2026-05-11 11:53:00,403.55,404.3,403.3,403.95,5930
PRAJIND,2026-05-11 11:54:00,404.1,404.2,403.85,403.85,880
PRAJIND,2026-05-11 11:55:00,403.85,403.85,402.8,403.15,1710
PRAJIND,2026-05-11 11:56:00,403.15,403.2,403.0,403.0,826
PRAJIND,2026-05-11 11:57:00,402.75,403.05,402.7,402.8,359
PRAJIND,2026-05-11 11:58:00,402.8,402.8,402.65,402.7,115
PRAJIND,2026-05-11 11:59:00,402.7,402.7,402.35,402.6,446
PRAJIND,2026-05-11 12:00:00,402.6,402.6,402.4,402.4,365
PRAJIND,2026-05-11 12:01:00,402.4,402.7,402.3,402.3,3626
PRAJIND,2026-05-11 12:02:00,402.3,402.55,402.2,402.55,349
PRAJIND,2026-05-11 12:03:00,402.55,402.55,402.25,402.55,1216
PRAJIND,2026-05-11 12:04:00,402.25,402.55,401.25,401.95,5168
PRAJIND,2026-05-11 12:05:00,401.75,402.7,401.75,402.65,3577
PRAJIND,2026-05-11 12:06:00,402.65,402.65,402.2,402.45,2764
PRAJIND,2026-05-11 12:07:00,402.45,402.55,402.35,402.35,668
PRAJIND,2026-05-11 12:08:00,402.6,402.6,402.05,402.1,1283
PRAJIND,2026-05-11 12:09:00,402.35,402.65,402.25,402.6,252
PRAJIND,2026-05-11 12:10:00,402.3,402.7,402.2,402.55,298
PRAJIND,2026-05-11 12:11:00,402.55,402.95,402.35,402.35,1872
PRAJIND,2026-05-11 12:12:00,402.35,402.8,402.3,402.45,427
PRAJIND,2026-05-11 12:13:00,402.7,402.75,402.2,402.2,1553
PRAJIND,2026-05-11 12:14:00,402.2,402.6,402.0,402.1,1385
PRAJIND,2026-05-11 12:15:00,402.05,402.5,402.05,402.25,1673
PRAJIND,2026-05-11 12:16:00,402.6,402.6,402.25,402.25,469
PRAJIND,2026-05-11 12:17:00,402.25,402.6,402.2,402.3,573
PRAJIND,2026-05-11 12:18:00,403.6,405.6,403.6,405.6,31855
PRAJIND,2026-05-11 12:19:00,405.8,407.8,405.5,407.55,32926
PRAJIND,2026-05-11 12:20:00,407.55,407.55,406.2,407.2,13415
PRAJIND,2026-05-11 12:21:00,407.05,407.55,407.0,407.3,6354
PRAJIND,2026-05-11 12:22:00,407.0,407.6,407.0,407.6,11209
PRAJIND,2026-05-11 12:23:00,407.6,407.95,407.25,407.6,11082
PRAJIND,2026-05-11 12:24:00,407.5,407.5,406.45,406.45,5664
PRAJIND,2026-05-11 12:25:00,406.45,406.8,406.4,406.55,5873
PRAJIND,2026-05-11 12:26:00,406.6,406.7,406.15,406.4,6790
PRAJIND,2026-05-11 12:27:00,406.4,406.5,406.1,406.5,1850
PRAJIND,2026-05-11 12:28:00,406.5,407.6,406.1,407.6,10516
PRAJIND,2026-05-11 12:29:00,407.6,409.65,407.55,409.65,25979
PRAJIND,2026-05-11 12:30:00,409.4,409.6,408.95,409.0,7589
PRAJIND,2026-05-11 12:31:00,409.2,409.2,407.6,407.65,9381
PRAJIND,2026-05-11 12:32:00,407.45,407.5,406.65,406.85,4410
PRAJIND,2026-05-11 12:33:00,406.95,407.0,406.65,406.7,1101
PRAJIND,2026-05-11 12:34:00,406.95,407.4,406.8,407.1,1123
PRAJIND,2026-05-11 12:35:00,407.1,407.2,406.75,407.2,888
PRAJIND,2026-05-11 12:36:00,407.2,407.25,406.55,406.55,1218
PRAJIND,2026-05-11 12:37:00,406.55,406.85,406.55,406.65,637
PRAJIND,2026-05-11 12:38:00,406.55,406.75,405.65,405.65,6336
PRAJIND,2026-05-11 12:39:00,405.8,405.8,405.35,405.55,1396
PRAJIND,2026-05-11 12:40:00,405.7,405.7,405.3,405.55,1766
PRAJIND,2026-05-11 12:41:00,405.35,405.7,405.35,405.45,4197
PRAJIND,2026-05-11 12:42:00,405.4,405.7,405.4,405.7,633
PRAJIND,2026-05-11 12:43:00,405.55,405.7,405.4,405.5,896
PRAJIND,2026-05-11 12:44:00,405.5,406.2,405.5,405.95,1957
PRAJIND,2026-05-11 12:45:00,405.95,406.1,405.6,405.8,1436
PRAJIND,2026-05-11 12:46:00,405.8,406.05,405.55,406.0,786
PRAJIND,2026-05-11 12:47:00,405.8,406.0,405.6,405.8,435
PRAJIND,2026-05-11 12:48:00,405.6,405.8,405.55,405.55,856
PRAJIND,2026-05-11 12:49:00,405.55,405.8,405.5,405.55,588
PRAJIND,2026-05-11 12:50:00,406.0,406.0,405.5,405.75,1230
PRAJIND,2026-05-11 12:51:00,405.75,405.85,405.2,405.2,2432
PRAJIND,2026-05-11 12:52:00,405.35,405.4,405.05,405.15,1029
PRAJIND,2026-05-11 12:53:00,405.15,405.3,405.05,405.05,510
PRAJIND,2026-05-11 12:54:00,405.05,405.3,405.0,405.3,695
PRAJIND,2026-05-11 12:55:00,405.3,405.3,405.05,405.05,459
PRAJIND,2026-05-11 12:56:00,405.65,406.0,405.6,406.0,1582
PRAJIND,2026-05-11 12:57:00,406.0,406.2,405.65,405.85,3761
PRAJIND,2026-05-11 12:58:00,405.85,405.85,405.65,405.85,224
PRAJIND,2026-05-11 12:59:00,405.85,405.85,405.75,405.75,602
PRAJIND,2026-05-11 13:00:00,405.75,405.85,405.15,405.35,5473
PRAJIND,2026-05-11 13:01:00,405.1,405.5,405.05,405.2,676
PRAJIND,2026-05-11 13:02:00,405.2,405.4,405.05,405.15,1361
PRAJIND,2026-05-11 13:03:00,405.15,405.4,405.0,405.0,529
PRAJIND,2026-05-11 13:04:00,405.15,405.25,404.3,404.3,4571
PRAJIND,2026-05-11 13:05:00,404.0,404.5,403.9,403.9,2181
PRAJIND,2026-05-11 13:06:00,403.7,403.95,403.6,403.95,812
PRAJIND,2026-05-11 13:07:00,403.95,404.45,403.75,404.1,911
PRAJIND,2026-05-11 13:08:00,404.4,404.45,403.8,404.05,2023
PRAJIND,2026-05-11 13:09:00,404.05,404.5,404.0,404.2,517
PRAJIND,2026-05-11 13:10:00,404.2,404.55,404.0,404.35,5493
PRAJIND,2026-05-11 13:11:00,404.35,404.55,404.1,404.45,700
PRAJIND,2026-05-11 13:12:00,404.4,404.4,404.05,404.3,623
PRAJIND,2026-05-11 13:13:00,404.3,404.3,404.0,404.0,528
PRAJIND,2026-05-11 13:14:00,404.0,404.55,403.85,404.3,2834
PRAJIND,2026-05-11 13:15:00,404.2,404.55,404.1,404.25,318
PRAJIND,2026-05-11 13:16:00,404.25,404.55,404.1,404.2,943
PRAJIND,2026-05-11 13:17:00,404.1,404.4,404.05,404.05,342
PRAJIND,2026-05-11 13:18:00,404.05,404.5,404.05,404.25,1955
PRAJIND,2026-05-11 13:19:00,404.2,404.35,404.05,404.35,876
PRAJIND,2026-05-11 13:20:00,404.35,404.7,404.2,404.6,1221
PRAJIND,2026-05-11 13:21:00,404.6,404.7,404.5,404.65,505
PRAJIND,2026-05-11 13:22:00,404.65,404.7,404.45,404.45,636
PRAJIND,2026-05-11 13:23:00,404.45,404.8,403.6,403.95,2730
PRAJIND,2026-05-11 13:24:00,403.7,404.0,403.65,403.95,1147
PRAJIND,2026-05-11 13:25:00,404.1,404.25,403.8,403.9,1216
PRAJIND,2026-05-11 13:26:00,404.0,404.25,403.8,404.0,486
PRAJIND,2026-05-11 13:27:00,404.6,404.8,403.95,404.25,20319
PRAJIND,2026-05-11 13:28:00,404.4,404.8,404.3,404.5,3013
PRAJIND,2026-05-11 13:29:00,404.5,405.0,404.5,405.0,960
PRAJIND,2026-05-11 13:30:00,405.9,405.9,405.4,405.4,1110
PRAJIND,2026-05-11 13:31:00,405.4,405.75,405.35,405.55,726
PRAJIND,2026-05-11 13:32:00,405.55,405.75,405.4,405.4,1786
PRAJIND,2026-05-11 13:33:00,405.4,405.6,405.0,405.0,822
PRAJIND,2026-05-11 13:34:00,405.0,405.55,404.8,405.25,1845
PRAJIND,2026-05-11 13:35:00,405.55,405.95,405.45,405.95,1475
PRAJIND,2026-05-11 13:36:00,405.95,405.95,405.55,405.55,882
PRAJIND,2026-05-11 13:37:00,405.5,405.85,405.5,405.5,437
PRAJIND,2026-05-11 13:38:00,405.45,405.6,405.0,405.0,789
PRAJIND,2026-05-11 13:39:00,405.0,405.25,405.0,405.1,1545
PRAJIND,2026-05-11 13:40:00,405.1,405.5,404.95,405.3,601
PRAJIND,2026-05-11 13:41:00,405.25,405.7,405.25,405.7,600
PRAJIND,2026-05-11 13:42:00,405.7,405.7,405.25,405.4,642
PRAJIND,2026-05-11 13:43:00,405.4,405.7,405.2,405.2,569
PRAJIND,2026-05-11 13:44:00,405.2,405.55,405.2,405.45,531
PRAJIND,2026-05-11 13:45:00,405.4,405.55,405.2,405.5,508
PRAJIND,2026-05-11 13:46:00,405.5,405.5,405.3,405.4,236
PRAJIND,2026-05-11 13:47:00,405.3,405.45,405.1,405.15,991
PRAJIND,2026-05-11 13:48:00,405.15,405.3,405.05,405.3,299
PRAJIND,2026-05-11 13:49:00,405.3,405.3,404.85,404.9,345
PRAJIND,2026-05-11 13:50:00,404.8,404.95,404.4,404.4,825
PRAJIND,2026-05-11 13:51:00,404.5,404.85,404.4,404.5,739
PRAJIND,2026-05-11 13:52:00,404.5,404.75,404.45,404.7,326
PRAJIND,2026-05-11 13:53:00,404.7,405.0,404.45,404.95,5468
PRAJIND,2026-05-11 13:54:00,405.0,405.05,404.7,405.05,242
PRAJIND,2026-05-11 13:55:00,405.05,405.05,404.7,404.7,1093
PRAJIND,2026-05-11 13:56:00,404.7,405.25,404.65,404.95,6964
PRAJIND,2026-05-11 13:57:00,405.0,405.25,404.8,405.05,639
PRAJIND,2026-05-11 13:58:00,405.05,405.05,404.7,404.7,1373
PRAJIND,2026-05-11 13:59:00,405.0,405.1,404.85,405.0,465
PRAJIND,2026-05-11 14:00:00,404.95,405.05,404.75,404.95,2223
PRAJIND,2026-05-11 14:01:00,404.95,405.05,404.85,404.85,499
PRAJIND,2026-05-11 14:02:00,404.8,405.1,404.7,404.8,5581
PRAJIND,2026-05-11 14:03:00,404.85,405.1,404.75,404.85,808
PRAJIND,2026-05-11 14:04:00,404.85,405.0,404.75,405.0,2848
PRAJIND,2026-05-11 14:05:00,404.8,405.1,404.75,405.05,2212
PRAJIND,2026-05-11 14:06:00,405.0,405.3,404.85,404.9,865
PRAJIND,2026-05-11 14:07:00,404.85,405.2,404.85,404.95,807
PRAJIND,2026-05-11 14:08:00,404.95,405.15,404.8,404.85,6421
PRAJIND,2026-05-11 14:09:00,404.85,405.2,404.85,404.9,1355
PRAJIND,2026-05-11 14:10:00,404.9,405.25,404.9,405.25,2483
PRAJIND,2026-05-11 14:11:00,405.0,405.15,404.85,404.9,1598
PRAJIND,2026-05-11 14:12:00,404.9,405.2,404.75,404.9,2355
PRAJIND,2026-05-11 14:13:00,404.9,405.2,404.0,404.5,5459
PRAJIND,2026-05-11 14:14:00,402.4,402.8,401.5,402.8,17469
PRAJIND,2026-05-11 14:15:00,402.8,403.5,402.8,403.3,1995
PRAJIND,2026-05-11 14:16:00,403.05,403.05,402.0,402.1,1960
PRAJIND,2026-05-11 14:17:00,402.05,402.7,401.75,402.7,1984
PRAJIND,2026-05-11 14:18:00,402.7,402.75,402.45,402.45,1122
PRAJIND,2026-05-11 14:19:00,402.35,402.5,402.1,402.2,1162
PRAJIND,2026-05-11 14:20:00,402.15,402.5,402.15,402.5,1240
PRAJIND,2026-05-11 14:21:00,402.5,402.5,402.25,402.35,511
PRAJIND,2026-05-11 14:22:00,402.25,402.35,402.0,402.3,775
PRAJIND,2026-05-11 14:23:00,402.05,402.3,402.0,402.1,1447
PRAJIND,2026-05-11 14:24:00,402.15,402.5,402.0,402.0,2723
PRAJIND,2026-05-11 14:25:00,402.0,403.1,401.85,403.1,6060
PRAJIND,2026-05-11 14:26:00,402.4,403.15,402.4,402.85,3175
PRAJIND,2026-05-11 14:27:00,402.85,403.1,402.7,403.05,785
PRAJIND,2026-05-11 14:28:00,402.85,403.0,402.2,402.3,1410
PRAJIND,2026-05-11 14:29:00,402.65,402.85,402.4,402.4,2891
PRAJIND,2026-05-11 14:30:00,402.45,402.45,402.1,402.2,1098
PRAJIND,2026-05-11 14:31:00,402.2,402.55,402.15,402.35,668
PRAJIND,2026-05-11 14:32:00,402.15,402.45,402.15,402.4,546
PRAJIND,2026-05-11 14:33:00,402.25,402.95,402.25,402.5,2859
PRAJIND,2026-05-11 14:34:00,402.5,403.0,402.5,402.75,954
PRAJIND,2026-05-11 14:35:00,402.75,403.2,402.75,402.75,608
PRAJIND,2026-05-11 14:36:00,402.75,402.95,402.5,402.7,755
PRAJIND,2026-05-11 14:37:00,402.5,402.7,402.35,402.35,540
PRAJIND,2026-05-11 14:38:00,402.35,402.6,401.8,402.05,2949
PRAJIND,2026-05-11 14:39:00,401.95,402.35,401.8,402.0,4768
PRAJIND,2026-05-11 14:40:00,402.0,402.2,401.85,402.05,971
PRAJIND,2026-05-11 14:41:00,402.0,402.55,402.0,402.15,1166
PRAJIND,2026-05-11 14:42:00,402.25,402.3,401.9,402.25,1109
PRAJIND,2026-05-11 14:43:00,402.45,402.45,401.8,401.8,1909
PRAJIND,2026-05-11 14:44:00,401.8,402.15,401.8,401.8,732
PRAJIND,2026-05-11 14:45:00,401.8,402.15,401.5,401.7,4366
PRAJIND,2026-05-11 14:46:00,401.5,401.75,401.3,401.4,1204
PRAJIND,2026-05-11 14:47:00,401.65,401.75,401.25,401.5,1455
PRAJIND,2026-05-11 14:48:00,401.5,401.6,401.25,401.45,1383
PRAJIND,2026-05-11 14:49:00,401.3,401.75,400.95,401.75,8155
PRAJIND,2026-05-11 14:50:00,401.75,401.75,400.55,401.1,17232
PRAJIND,2026-05-11 14:51:00,401.1,401.15,400.5,400.5,6401
PRAJIND,2026-05-11 14:52:00,400.45,400.6,400.0,400.2,6821
PRAJIND,2026-05-11 14:53:00,400.2,400.35,399.6,399.65,7433
PRAJIND,2026-05-11 14:54:00,399.65,399.8,399.1,399.4,2968
PRAJIND,2026-05-11 14:55:00,399.4,399.6,399.0,399.2,2022
PRAJIND,2026-05-11 14:56:00,399.5,399.6,399.2,399.6,1775
PRAJIND,2026-05-11 14:57:00,399.45,399.7,399.45,399.45,2657
PRAJIND,2026-05-11 14:58:00,399.45,399.65,399.0,399.35,3343
PRAJIND,2026-05-11 14:59:00,399.05,399.5,399.0,399.5,2808
PRAJIND,2026-05-11 15:00:00,399.5,399.7,399.5,399.5,5398
PRAJIND,2026-05-11 15:01:00,399.25,399.5,399.15,399.3,3680
PRAJIND,2026-05-11 15:02:00,399.3,399.3,399.0,399.25,2169
PRAJIND,2026-05-11 15:03:00,399.25,399.25,398.85,399.05,1926
PRAJIND,2026-05-11 15:04:00,399.25,399.35,398.9,399.1,1254
PRAJIND,2026-05-11 15:05:00,399.35,399.5,399.05,399.1,4993
PRAJIND,2026-05-11 15:06:00,399.1,399.35,397.3,397.3,20528
PRAJIND,2026-05-11 15:07:00,397.3,397.85,397.3,397.85,4449
PRAJIND,2026-05-11 15:08:00,397.75,397.85,397.4,397.4,3667
PRAJIND,2026-05-11 15:09:00,397.55,398.1,397.55,397.85,3461
PRAJIND,2026-05-11 15:10:00,398.4,398.4,397.8,397.8,5320
PRAJIND,2026-05-11 15:11:00,397.85,397.85,397.55,397.8,8034
PRAJIND,2026-05-11 15:12:00,398.15,398.25,397.8,397.8,5441
PRAJIND,2026-05-11 15:13:00,397.8,398.0,396.6,396.6,22026
PRAJIND,2026-05-11 15:14:00,396.6,397.2,396.5,397.0,8514
PRAJIND,2026-05-11 15:15:00,396.95,396.95,396.9,396.95,3639
PRAJIND,2026-05-11 15:16:00,396.95,397.2,396.85,397.2,7382
PRAJIND,2026-05-11 15:17:00,397.25,397.35,396.6,396.65,5194
PRAJIND,2026-05-11 15:18:00,396.9,397.55,396.6,397.55,12755
PRAJIND,2026-05-11 15:19:00,397.6,397.65,397.25,397.65,10164
PRAJIND,2026-05-11 15:20:00,397.6,397.9,397.6,397.9,6762
PRAJIND,2026-05-11 15:21:00,397.9,398.05,397.6,397.65,3343
PRAJIND,2026-05-11 15:22:00,398.0,398.25,397.9,398.25,3621
PRAJIND,2026-05-11 15:23:00,398.0,398.55,398.0,398.15,4482
PRAJIND,2026-05-11 15:24:00,398.5,398.5,398.25,398.5,17937
PRAJIND,2026-05-11 15:25:00,398.75,399.1,398.6,399.05,14170
PRAJIND,2026-05-11 15:26:00,399.4,399.8,399.4,399.7,5720
PRAJIND,2026-05-11 15:27:00,399.5,400.45,399.5,400.2,16297
PRAJIND,2026-05-11 15:28:00,399.9,400.0,398.65,398.65,11205
PRAJIND,2026-05-11 15:29:00,399.95,400.0,397.85,399.85,11564
PRAJIND,2026-05-12 09:15:00,399.0,402.0,399.0,400.0,13276
PRAJIND,2026-05-12 09:16:00,400.4,401.1,399.15,399.15,9577
PRAJIND,2026-05-12 09:17:00,399.7,401.85,398.95,401.4,23482
PRAJIND,2026-05-12 09:18:00,401.45,401.45,400.2,400.65,12727
PRAJIND,2026-05-12 09:19:00,400.45,403.3,400.45,403.1,9020
PRAJIND,2026-05-12 09:20:00,403.3,404.0,401.7,403.0,22985
PRAJIND,2026-05-12 09:21:00,403.8,403.8,402.85,403.5,14499
PRAJIND,2026-05-12 09:22:00,403.45,403.45,401.4,401.5,18119
PRAJIND,2026-05-12 09:23:00,401.15,401.4,400.2,400.2,10964
PRAJIND,2026-05-12 09:24:00,400.2,400.2,399.1,399.7,7223
PRAJIND,2026-05-12 09:25:00,399.1,399.1,398.2,398.35,7738
PRAJIND,2026-05-12 09:26:00,398.15,399.3,398.1,398.9,5540
PRAJIND,2026-05-12 09:27:00,398.8,398.8,398.05,398.5,3846
PRAJIND,2026-05-12 09:28:00,398.65,399.3,398.4,398.7,2682
PRAJIND,2026-05-12 09:29:00,398.5,398.75,397.65,397.65,11596
PRAJIND,2026-05-12 09:30:00,397.05,398.15,397.05,397.55,8660
PRAJIND,2026-05-12 09:31:00,397.55,398.45,397.55,397.65,7206
PRAJIND,2026-05-12 09:32:00,397.65,397.65,396.4,396.4,7900
PRAJIND,2026-05-12 09:33:00,396.2,396.6,395.55,395.9,6863
PRAJIND,2026-05-12 09:34:00,396.1,396.15,395.3,395.9,5588
PRAJIND,2026-05-12 09:35:00,395.25,395.75,394.7,395.65,16274
PRAJIND,2026-05-12 09:36:00,395.45,397.7,395.45,396.0,30207
PRAJIND,2026-05-12 09:37:00,396.2,396.55,395.25,395.25,7937
PRAJIND,2026-05-12 09:38:00,395.25,395.95,394.65,395.35,7189
PRAJIND,2026-05-12 09:39:00,395.7,399.5,395.4,399.5,8890
PRAJIND,2026-05-12 09:40:00,398.5,399.7,398.5,398.6,22050
PRAJIND,2026-05-12 09:41:00,398.6,400.4,398.15,400.4,6910
PRAJIND,2026-05-12 09:42:00,400.35,400.7,400.0,400.65,3645
PRAJIND,2026-05-12 09:43:00,400.2,401.4,400.2,401.2,6718
PRAJIND,2026-05-12 09:44:00,401.3,401.3,400.6,400.85,9011
PRAJIND,2026-05-12 09:45:00,400.75,400.85,400.4,400.7,10763
PRAJIND,2026-05-12 09:46:00,400.75,400.95,400.6,400.7,1670
PRAJIND,2026-05-12 09:47:00,400.7,401.1,400.6,400.85,768
PRAJIND,2026-05-12 09:48:00,400.4,400.9,400.25,400.7,4713
PRAJIND,2026-05-12 09:49:00,400.7,400.7,400.25,400.25,2915
PRAJIND,2026-05-12 09:50:00,400.5,400.8,400.25,400.25,1397
PRAJIND,2026-05-12 09:51:00,400.4,400.5,399.6,399.6,6454
PRAJIND,2026-05-12 09:52:00,399.65,400.45,399.5,399.95,7219
PRAJIND,2026-05-12 09:53:00,399.95,400.3,399.6,400.2,2513
PRAJIND,2026-05-12 09:54:00,400.2,400.2,399.8,399.8,695
PRAJIND,2026-05-12 09:55:00,399.8,399.95,399.6,399.9,1486
PRAJIND,2026-05-12 09:56:00,399.9,399.9,399.5,399.75,858
PRAJIND,2026-05-12 09:57:00,399.75,399.75,399.15,399.2,4216
PRAJIND,2026-05-12 09:58:00,399.15,399.25,398.8,398.85,2191
PRAJIND,2026-05-12 09:59:00,398.9,398.95,398.9,398.95,347
PRAJIND,2026-05-12 10:00:00,398.7,398.7,398.1,398.5,3084
PRAJIND,2026-05-12 10:01:00,398.5,398.5,398.45,398.5,371
PRAJIND,2026-05-12 10:02:00,398.45,398.5,397.85,398.0,3208
PRAJIND,2026-05-12 10:03:00,397.4,398.3,397.35,398.2,1599
PRAJIND,2026-05-12 10:04:00,398.3,398.45,397.8,397.8,1544
PRAJIND,2026-05-12 10:05:00,397.6,397.6,396.35,396.8,7463
PRAJIND,2026-05-12 10:06:00,397.2,398.15,397.2,398.15,4298
PRAJIND,2026-05-12 10:07:00,398.15,398.45,397.8,398.45,2633
PRAJIND,2026-05-12 10:08:00,398.45,398.45,397.9,398.35,1772
PRAJIND,2026-05-12 10:09:00,398.2,398.25,397.15,397.8,4788
PRAJIND,2026-05-12 10:10:00,397.65,397.8,397.5,397.5,1541
PRAJIND,2026-05-12 10:11:00,397.5,397.9,397.3,397.9,804
PRAJIND,2026-05-12 10:12:00,398.0,398.25,398.0,398.1,61
PRAJIND,2026-05-12 10:13:00,398.1,399.85,398.1,399.85,2908
PRAJIND,2026-05-12 10:14:00,399.65,399.65,398.85,399.2,1655
PRAJIND,2026-05-12 10:15:00,399.2,399.35,399.2,399.35,314
PRAJIND,2026-05-12 10:16:00,399.35,399.35,399.25,399.25,450
PRAJIND,2026-05-12 10:17:00,399.25,399.85,399.25,399.65,1197
PRAJIND,2026-05-12 10:18:00,400.0,400.0,399.65,400.0,2736
PRAJIND,2026-05-12 10:19:00,400.45,400.6,400.45,400.5,2752
PRAJIND,2026-05-12 10:20:00,400.5,400.6,400.4,400.4,1322
PRAJIND,2026-05-12 10:21:00,400.4,400.7,400.4,400.55,1169
PRAJIND,2026-05-12 10:22:00,400.55,400.55,399.7,400.05,2156
PRAJIND,2026-05-12 10:23:00,400.05,400.05,399.75,399.9,120
PRAJIND,2026-05-12 10:24:00,399.9,399.9,399.05,399.05,3026
PRAJIND,2026-05-12 10:25:00,399.25,399.25,399.0,399.0,108
PRAJIND,2026-05-12 10:26:00,399.2,399.2,399.0,399.1,561
PRAJIND,2026-05-12 10:27:00,399.1,399.2,398.95,398.95,475
PRAJIND,2026-05-12 10:28:00,398.95,399.05,398.2,398.25,492
PRAJIND,2026-05-12 10:29:00,398.25,398.5,398.1,398.45,827
PRAJIND,2026-05-12 10:30:00,398.45,398.45,398.0,398.4,1368
PRAJIND,2026-05-12 10:31:00,398.2,398.2,398.0,398.15,1340
PRAJIND,2026-05-12 10:32:00,398.5,398.5,398.05,398.3,1116
PRAJIND,2026-05-12 10:33:00,398.3,398.3,397.55,397.85,2115
PRAJIND,2026-05-12 10:34:00,397.85,398.05,397.75,398.05,691
PRAJIND,2026-05-12 10:35:00,398.05,398.05,397.55,397.7,654
PRAJIND,2026-05-12 10:36:00,397.7,398.0,397.6,397.85,497
PRAJIND,2026-05-12 10:37:00,397.65,397.85,397.6,397.6,1426
PRAJIND,2026-05-12 10:38:00,397.45,397.45,397.0,397.0,4442
PRAJIND,2026-05-12 10:39:00,397.05,397.35,396.9,396.9,6875
PRAJIND,2026-05-12 10:40:00,396.9,397.25,396.9,397.25,11760
PRAJIND,2026-05-12 10:41:00,397.35,397.45,397.05,397.05,3326
PRAJIND,2026-05-12 10:42:00,397.0,397.4,397.0,397.4,728
PRAJIND,2026-05-12 10:43:00,397.35,397.65,397.35,397.6,1422
PRAJIND,2026-05-12 10:44:00,397.75,397.9,397.4,397.45,1460
PRAJIND,2026-05-12 10:45:00,397.25,397.7,397.25,397.7,1694
PRAJIND,2026-05-12 10:46:00,397.7,398.85,397.7,398.4,2369
PRAJIND,2026-05-12 10:47:00,398.4,398.4,397.9,398.4,1804
PRAJIND,2026-05-12 10:48:00,398.4,398.5,398.25,398.5,741
PRAJIND,2026-05-12 10:49:00,398.5,398.5,398.0,398.0,180
PRAJIND,2026-05-12 10:50:00,398.0,398.1,397.45,398.05,2940
PRAJIND,2026-05-12 10:51:00,397.9,399.0,397.9,398.05,6738
PRAJIND,2026-05-12 10:52:00,398.05,398.4,397.7,397.7,2493
PRAJIND,2026-05-12 10:53:00,397.7,397.95,397.45,397.55,951
PRAJIND,2026-05-12 10:54:00,397.55,398.0,397.55,397.65,3296
PRAJIND,2026-05-12 10:55:00,397.9,397.95,397.75,397.85,115
PRAJIND,2026-05-12 10:56:00,397.85,398.9,397.8,397.8,3577
PRAJIND,2026-05-12 10:57:00,397.8,398.0,397.55,397.85,1978
PRAJIND,2026-05-12 10:58:00,397.6,397.85,397.5,397.7,2528
PRAJIND,2026-05-12 10:59:00,397.5,397.5,397.4,397.45,809
PRAJIND,2026-05-12 11:00:00,397.5,397.75,397.2,397.45,3355
PRAJIND,2026-05-12 11:01:00,397.45,398.0,397.45,398.0,523
PRAJIND,2026-05-12 11:02:00,398.0,398.0,397.8,397.8,364
PRAJIND,2026-05-12 11:03:00,397.8,398.0,397.8,397.85,1806
PRAJIND,2026-05-12 11:04:00,398.0,398.0,397.5,397.6,1298
PRAJIND,2026-05-12 11:05:00,397.6,397.8,397.45,397.7,466
PRAJIND,2026-05-12 11:06:00,397.7,397.85,397.4,397.4,635
PRAJIND,2026-05-12 11:07:00,397.45,397.45,397.4,397.4,839
PRAJIND,2026-05-12 11:08:00,397.4,397.55,397.1,397.3,1298
PRAJIND,2026-05-12 11:09:00,397.25,397.25,397.0,397.0,677
PRAJIND,2026-05-12 11:10:00,397.1,397.2,397.0,397.2,1418
PRAJIND,2026-05-12 11:11:00,397.05,397.2,397.05,397.2,408
PRAJIND,2026-05-12 11:12:00,397.15,397.15,396.95,396.95,1688
PRAJIND,2026-05-12 11:13:00,396.95,397.1,396.95,397.1,390
PRAJIND,2026-05-12 11:14:00,397.1,397.1,396.6,396.8,537
PRAJIND,2026-05-12 11:15:00,396.8,396.8,396.5,396.5,373
PRAJIND,2026-05-12 11:16:00,396.5,396.9,396.5,396.85,983
PRAJIND,2026-05-12 11:17:00,396.85,397.05,396.7,397.05,881
PRAJIND,2026-05-12 11:18:00,397.05,397.2,397.05,397.15,166
PRAJIND,2026-05-12 11:19:00,397.15,397.25,397.0,397.25,1230
PRAJIND,2026-05-12 11:20:00,397.25,397.25,397.05,397.05,63
PRAJIND,2026-05-12 11:21:00,397.05,397.05,396.5,396.6,2991
PRAJIND,2026-05-12 11:22:00,396.6,396.8,396.5,396.65,328
PRAJIND,2026-05-12 11:23:00,396.65,396.9,396.65,396.9,208
PRAJIND,2026-05-12 11:24:00,396.8,397.05,396.8,396.85,1028
PRAJIND,2026-05-12 11:25:00,396.85,396.85,396.35,396.4,4646
PRAJIND,2026-05-12 11:26:00,396.4,396.75,396.2,396.6,2371
PRAJIND,2026-05-12 11:27:00,396.6,396.65,396.1,396.65,4483
PRAJIND,2026-05-12 11:28:00,396.65,396.65,396.4,396.45,1232
PRAJIND,2026-05-12 11:29:00,396.45,396.65,396.45,396.65,476
PRAJIND,2026-05-12 11:30:00,396.65,396.65,396.5,396.6,1501
PRAJIND,2026-05-12 11:31:00,396.6,396.65,396.5,396.5,221
PRAJIND,2026-05-12 11:32:00,396.1,396.45,396.0,396.0,8287
PRAJIND,2026-05-12 11:33:00,396.15,396.45,396.0,396.45,1006
PRAJIND,2026-05-12 11:34:00,396.45,396.5,396.35,396.35,201
PRAJIND,2026-05-12 11:35:00,396.3,396.55,396.1,396.45,1143
PRAJIND,2026-05-12 11:36:00,396.45,396.45,396.0,396.4,601
PRAJIND,2026-05-12 11:37:00,396.2,396.5,396.2,396.5,1149
PRAJIND,2026-05-12 11:38:00,396.4,396.55,396.2,396.55,924
PRAJIND,2026-05-12 11:39:00,396.55,396.9,396.5,396.5,948
PRAJIND,2026-05-12 11:40:00,396.5,396.9,396.5,396.9,192
PRAJIND,2026-05-12 11:41:00,396.9,397.3,396.9,397.3,175
PRAJIND,2026-05-12 11:42:00,397.3,397.3,397.1,397.3,241
PRAJIND,2026-05-12 11:43:00,397.3,397.3,396.9,397.3,7509
PRAJIND,2026-05-12 11:44:00,397.3,397.3,396.85,397.25,286
PRAJIND,2026-05-12 11:45:00,397.25,397.3,397.05,397.05,1271
PRAJIND,2026-05-12 11:46:00,397.05,397.2,396.85,396.85,1402
PRAJIND,2026-05-12 11:47:00,396.85,397.05,396.85,396.85,167
PRAJIND,2026-05-12 11:48:00,397.0,397.1,396.9,396.9,156
PRAJIND,2026-05-12 11:49:00,397.0,397.0,396.85,396.9,711
PRAJIND,2026-05-12 11:50:00,396.9,397.2,396.8,397.2,1540
PRAJIND,2026-05-12 11:51:00,397.2,397.2,397.0,397.1,201
PRAJIND,2026-05-12 11:52:00,397.1,397.4,397.05,397.25,783
PRAJIND,2026-05-12 11:53:00,397.45,398.05,397.45,398.05,1474
PRAJIND,2026-05-12 11:54:00,398.2,398.2,398.0,398.2,1252
PRAJIND,2026-05-12 11:55:00,398.1,398.2,397.6,397.6,698
PRAJIND,2026-05-12 11:56:00,397.6,397.9,397.6,397.65,134
PRAJIND,2026-05-12 11:57:00,397.8,397.85,397.35,397.6,1581
PRAJIND,2026-05-12 11:58:00,397.45,397.95,397.45,397.85,896
PRAJIND,2026-05-12 11:59:00,397.85,397.9,397.65,397.9,136
PRAJIND,2026-05-12 12:00:00,397.65,397.9,397.65,397.85,86
PRAJIND,2026-05-12 12:01:00,397.85,397.85,397.25,397.5,163
PRAJIND,2026-05-12 12:02:00,397.5,397.5,396.95,397.4,1446
PRAJIND,2026-05-12 12:03:00,397.4,397.4,397.05,397.25,165
PRAJIND,2026-05-12 12:04:00,397.25,397.65,397.2,397.55,2035
PRAJIND,2026-05-12 12:05:00,397.55,397.55,397.3,397.4,118
PRAJIND,2026-05-12 12:06:00,397.4,397.45,396.95,397.1,184
PRAJIND,2026-05-12 12:07:00,396.95,397.4,396.95,397.1,839
PRAJIND,2026-05-12 12:08:00,397.25,397.25,396.95,397.2,423
PRAJIND,2026-05-12 12:09:00,397.2,397.45,397.0,397.35,555
PRAJIND,2026-05-12 12:10:00,397.35,397.65,397.3,397.5,279
PRAJIND,2026-05-12 12:11:00,397.65,397.65,397.5,397.5,274
PRAJIND,2026-05-12 12:12:00,397.65,397.65,397.45,397.45,126
PRAJIND,2026-05-12 12:13:00,397.6,397.6,397.45,397.6,530
PRAJIND,2026-05-12 12:14:00,397.6,397.6,397.45,397.45,571
PRAJIND,2026-05-12 12:15:00,397.6,397.6,397.3,397.4,2453
PRAJIND,2026-05-12 12:16:00,397.3,398.0,397.3,398.0,6227
PRAJIND,2026-05-12 12:17:00,398.0,398.15,398.0,398.15,211
PRAJIND,2026-05-12 12:18:00,398.15,398.15,398.1,398.15,596
PRAJIND,2026-05-12 12:19:00,398.3,398.55,398.15,398.55,1383
PRAJIND,2026-05-12 12:20:00,398.5,398.6,398.0,398.0,2618
PRAJIND,2026-05-12 12:21:00,397.85,398.25,397.85,398.0,271
PRAJIND,2026-05-12 12:22:00,398.0,398.0,397.8,397.8,270
PRAJIND,2026-05-12 12:23:00,397.8,398.0,397.6,397.8,632
PRAJIND,2026-05-12 12:24:00,397.85,398.05,397.65,398.0,588
PRAJIND,2026-05-12 12:25:00,398.0,398.0,397.65,397.85,184
PRAJIND,2026-05-12 12:26:00,397.55,397.7,397.45,397.5,551
PRAJIND,2026-05-12 12:27:00,397.5,397.5,397.3,397.45,351
PRAJIND,2026-05-12 12:28:00,397.45,397.45,397.0,397.0,2402
PRAJIND,2026-05-12 12:29:00,397.1,397.1,396.95,396.95,1038
PRAJIND,2026-05-12 12:30:00,396.95,396.95,395.4,395.7,4943
PRAJIND,2026-05-12 12:31:00,395.7,395.85,395.35,395.6,1100
PRAJIND,2026-05-12 12:32:00,395.6,395.65,395.0,395.4,3761
PRAJIND,2026-05-12 12:33:00,395.4,395.4,394.7,394.95,5503
PRAJIND,2026-05-12 12:34:00,394.75,394.85,394.2,394.5,2266
PRAJIND,2026-05-12 12:35:00,394.5,394.5,394.05,394.1,903
PRAJIND,2026-05-12 12:36:00,394.4,394.4,394.1,394.35,1681
PRAJIND,2026-05-12 12:37:00,394.35,394.35,393.5,393.65,5578
PRAJIND,2026-05-12 12:38:00,393.7,393.8,393.25,393.7,2932
PRAJIND,2026-05-12 12:39:00,393.95,394.0,393.5,393.8,1057
PRAJIND,2026-05-12 12:40:00,393.8,393.8,393.2,393.5,2114
PRAJIND,2026-05-12 12:41:00,393.8,394.4,393.65,394.35,1265
PRAJIND,2026-05-12 12:42:00,394.1,394.3,393.9,394.1,2194
PRAJIND,2026-05-12 12:43:00,394.1,394.35,393.7,394.35,1138
PRAJIND,2026-05-12 12:44:00,394.45,394.9,394.35,394.65,2704
PRAJIND,2026-05-12 12:45:00,394.65,395.0,394.35,395.0,2724
PRAJIND,2026-05-12 12:46:00,395.4,395.6,395.1,395.1,2256
PRAJIND,2026-05-12 12:47:00,395.1,395.1,394.45,394.7,313
PRAJIND,2026-05-12 12:48:00,394.7,394.7,394.2,394.3,723
PRAJIND,2026-05-12 12:49:00,394.3,394.4,394.15,394.4,228
PRAJIND,2026-05-12 12:50:00,394.4,394.4,394.15,394.4,597
PRAJIND,2026-05-12 12:51:00,394.4,394.85,394.15,394.75,1490
PRAJIND,2026-05-12 12:52:00,394.6,395.0,394.6,394.65,1932
PRAJIND,2026-05-12 12:53:00,394.9,394.9,394.65,394.8,759
PRAJIND,2026-05-12 12:54:00,394.8,394.8,394.3,394.6,364
PRAJIND,2026-05-12 12:55:00,394.6,394.85,394.45,394.85,746
PRAJIND,2026-05-12 12:56:00,394.85,395.0,394.6,394.6,1387
PRAJIND,2026-05-12 12:57:00,394.6,394.7,394.5,394.7,350
PRAJIND,2026-05-12 12:58:00,394.7,395.0,394.4,394.6,716
PRAJIND,2026-05-12 12:59:00,394.6,394.8,394.3,394.6,1376
PRAJIND,2026-05-12 13:00:00,394.6,394.6,394.3,394.6,132
PRAJIND,2026-05-12 13:01:00,394.6,394.6,394.25,394.55,283
PRAJIND,2026-05-12 13:02:00,394.55,394.9,394.35,394.9,3469
PRAJIND,2026-05-12 13:03:00,394.9,395.7,394.9,395.7,882
PRAJIND,2026-05-12 13:04:00,395.7,395.9,395.05,395.05,576
PRAJIND,2026-05-12 13:05:00,395.25,395.4,395.25,395.3,227
PRAJIND,2026-05-12 13:06:00,394.75,395.1,394.65,394.8,2209
PRAJIND,2026-05-12 13:07:00,394.85,395.1,394.85,395.1,237
PRAJIND,2026-05-12 13:08:00,394.85,394.85,394.3,394.3,963
PRAJIND,2026-05-12 13:09:00,394.5,394.5,394.0,394.0,5673
PRAJIND,2026-05-12 13:10:00,394.0,394.3,393.75,393.85,669
PRAJIND,2026-05-12 13:11:00,393.85,393.9,393.75,393.85,293
PRAJIND,2026-05-12 13:12:00,393.85,393.9,393.6,393.75,443
PRAJIND,2026-05-12 13:13:00,393.9,394.25,393.7,393.7,2754
PRAJIND,2026-05-12 13:14:00,393.55,394.4,393.5,394.4,912
PRAJIND,2026-05-12 13:15:00,394.4,394.95,394.4,394.95,527
PRAJIND,2026-05-12 13:16:00,394.8,395.0,394.6,394.8,881
PRAJIND,2026-05-12 13:17:00,394.8,394.8,394.3,394.55,852
PRAJIND,2026-05-12 13:18:00,394.55,395.1,394.3,395.1,717
PRAJIND,2026-05-12 13:19:00,395.05,395.05,394.3,394.7,902
PRAJIND,2026-05-12 13:20:00,394.6,394.6,393.9,394.25,442
PRAJIND,2026-05-12 13:21:00,394.25,394.5,394.25,394.25,74
PRAJIND,2026-05-12 13:22:00,394.25,394.45,394.05,394.05,125
PRAJIND,2026-05-12 13:23:00,394.05,394.05,393.8,394.05,114
PRAJIND,2026-05-12 13:24:00,393.8,394.0,393.8,393.95,1035
PRAJIND,2026-05-12 13:25:00,393.85,394.1,393.85,394.05,62
PRAJIND,2026-05-12 13:26:00,393.9,393.9,391.2,392.35,14522
PRAJIND,2026-05-12 13:27:00,392.35,392.5,392.0,392.25,1809
PRAJIND,2026-05-12 13:28:00,392.25,392.8,392.05,392.05,3853
PRAJIND,2026-05-12 13:29:00,392.05,392.35,391.75,392.2,1492
PRAJIND,2026-05-12 13:30:00,392.2,392.3,392.05,392.1,1039
PRAJIND,2026-05-12 13:31:00,392.1,392.2,391.9,392.0,445
PRAJIND,2026-05-12 13:32:00,392.0,392.2,391.9,392.2,443
PRAJIND,2026-05-12 13:33:00,392.2,392.3,392.0,392.3,2501
PRAJIND,2026-05-12 13:34:00,392.3,392.3,392.0,392.0,347
PRAJIND,2026-05-12 13:35:00,392.0,393.2,390.8,393.2,6537
PRAJIND,2026-05-12 13:36:00,392.95,393.4,392.6,392.8,5722
PRAJIND,2026-05-12 13:37:00,392.8,393.0,392.7,392.8,250
PRAJIND,2026-05-12 13:38:00,392.75,393.0,392.3,392.3,1896
PRAJIND,2026-05-12 13:39:00,392.5,392.95,392.5,392.7,228
PRAJIND,2026-05-12 13:40:00,392.85,392.85,392.55,392.7,542
PRAJIND,2026-05-12 13:41:00,392.7,392.7,392.2,392.3,1301
PRAJIND,2026-05-12 13:42:00,392.3,392.3,391.1,391.1,1803
PRAJIND,2026-05-12 13:43:00,391.0,392.2,391.0,392.2,5444
PRAJIND,2026-05-12 13:44:00,392.2,393.0,392.2,392.7,827
PRAJIND,2026-05-12 13:45:00,392.7,392.7,392.6,392.6,86
PRAJIND,2026-05-12 13:46:00,392.6,392.6,392.2,392.45,1285
PRAJIND,2026-05-12 13:47:00,392.2,393.75,392.2,393.75,4919
PRAJIND,2026-05-12 13:48:00,393.6,393.6,393.0,393.4,1990
PRAJIND,2026-05-12 13:49:00,393.4,393.45,393.1,393.15,382
PRAJIND,2026-05-12 13:50:00,393.3,393.6,393.1,393.1,1366
PRAJIND,2026-05-12 13:51:00,393.45,393.8,393.45,393.7,508
PRAJIND,2026-05-12 13:52:00,393.7,393.9,393.25,393.5,1925
PRAJIND,2026-05-12 13:53:00,393.55,393.55,393.0,393.35,1671
PRAJIND,2026-05-12 13:54:00,393.35,393.35,392.4,392.4,594
PRAJIND,2026-05-12 13:55:00,392.0,392.25,391.7,391.7,975
PRAJIND,2026-05-12 13:56:00,392.0,392.25,392.0,392.15,8339
PRAJIND,2026-05-12 13:57:00,392.1,392.25,392.1,392.25,947
PRAJIND,2026-05-12 13:58:00,392.25,392.75,392.2,392.3,3189
PRAJIND,2026-05-12 13:59:00,392.3,392.6,392.0,392.3,1009
PRAJIND,2026-05-12 14:00:00,392.3,392.3,392.05,392.15,191
PRAJIND,2026-05-12 14:01:00,392.15,392.3,391.85,391.85,5759
PRAJIND,2026-05-12 14:02:00,391.85,392.45,391.5,392.4,2468
PRAJIND,2026-05-12 14:03:00,392.3,392.6,392.0,392.0,855
PRAJIND,2026-05-12 14:04:00,392.0,392.25,392.0,392.25,224
PRAJIND,2026-05-12 14:05:00,391.95,392.2,391.75,392.2,6952
PRAJIND,2026-05-12 14:06:00,392.0,392.15,391.65,391.95,4480
PRAJIND,2026-05-12 14:07:00,391.95,391.95,391.5,391.65,1182
PRAJIND,2026-05-12 14:08:00,391.65,391.85,391.5,391.85,777
PRAJIND,2026-05-12 14:09:00,391.6,391.7,391.55,391.7,425
PRAJIND,2026-05-12 14:10:00,391.7,391.7,391.25,391.4,17125
PRAJIND,2026-05-12 14:11:00,391.4,392.15,391.4,392.15,11120
PRAJIND,2026-05-12 14:12:00,391.75,391.75,391.5,391.7,5327
PRAJIND,2026-05-12 14:13:00,391.7,391.85,391.2,391.65,1925
PRAJIND,2026-05-12 14:14:00,391.8,392.05,391.5,391.8,896
PRAJIND,2026-05-12 14:15:00,391.65,392.2,391.65,392.2,371
PRAJIND,2026-05-12 14:16:00,392.2,392.4,392.2,392.35,2669
PRAJIND,2026-05-12 14:17:00,392.25,392.8,392.25,392.8,745
PRAJIND,2026-05-12 14:18:00,392.8,392.8,392.6,392.8,426
PRAJIND,2026-05-12 14:19:00,392.8,392.8,392.7,392.8,423
PRAJIND,2026-05-12 14:20:00,392.8,393.25,392.7,393.05,1420
PRAJIND,2026-05-12 14:21:00,393.05,393.05,392.3,392.4,11155
PRAJIND,2026-05-12 14:22:00,392.4,392.4,391.45,391.65,2139
PRAJIND,2026-05-12 14:23:00,391.65,392.5,391.55,392.5,660
PRAJIND,2026-05-12 14:24:00,392.4,393.5,392.4,393.1,2386
PRAJIND,2026-05-12 14:25:00,393.1,393.5,392.5,392.5,4089
PRAJIND,2026-05-12 14:26:00,392.6,392.75,392.4,392.75,7447
PRAJIND,2026-05-12 14:27:00,392.75,393.25,392.4,393.25,927
PRAJIND,2026-05-12 14:28:00,393.15,393.15,392.35,392.55,486
PRAJIND,2026-05-12 14:29:00,392.35,392.7,392.15,392.55,1175
PRAJIND,2026-05-12 14:30:00,392.55,392.55,392.1,392.2,1302
PRAJIND,2026-05-12 14:31:00,392.4,392.4,392.1,392.3,215
PRAJIND,2026-05-12 14:32:00,392.3,392.3,392.15,392.3,47
PRAJIND,2026-05-12 14:33:00,392.15,393.65,392.15,392.85,26735
PRAJIND,2026-05-12 14:34:00,392.85,393.6,392.85,393.35,4239
PRAJIND,2026-05-12 14:35:00,393.2,393.2,392.55,392.85,1504
PRAJIND,2026-05-12 14:36:00,392.6,392.8,392.2,392.3,4005
PRAJIND,2026-05-12 14:37:00,392.15,392.5,392.05,392.3,393
PRAJIND,2026-05-12 14:38:00,392.3,392.35,392.1,392.15,422
PRAJIND,2026-05-12 14:39:00,392.15,392.5,392.15,392.45,3060
PRAJIND,2026-05-12 14:40:00,392.45,392.45,392.1,392.1,565
PRAJIND,2026-05-12 14:41:00,392.3,392.65,392.1,392.5,757
PRAJIND,2026-05-12 14:42:00,392.85,394.55,392.85,394.35,10985
PRAJIND,2026-05-12 14:43:00,394.55,396.0,394.55,395.7,20596
PRAJIND,2026-05-12 14:44:00,395.5,396.0,395.2,395.2,1262
PRAJIND,2026-05-12 14:45:00,395.45,395.5,395.15,395.3,13595
PRAJIND,2026-05-12 14:46:00,395.3,395.3,394.4,394.4,6945
PRAJIND,2026-05-12 14:47:00,394.35,394.35,393.45,393.45,1146
PRAJIND,2026-05-12 14:48:00,393.7,394.0,393.5,393.6,5532
PRAJIND,2026-05-12 14:49:00,393.65,393.8,393.35,393.35,809
PRAJIND,2026-05-12 14:50:00,393.35,393.35,392.6,392.6,1689
PRAJIND,2026-05-12 14:51:00,392.5,392.9,392.5,392.5,1513
PRAJIND,2026-05-12 14:52:00,392.75,392.75,392.5,392.5,264
PRAJIND,2026-05-12 14:53:00,392.4,392.65,392.2,392.2,3100
PRAJIND,2026-05-12 14:54:00,392.25,392.25,392.0,392.05,1115
PRAJIND,2026-05-12 14:55:00,392.05,392.4,392.0,392.0,2808
PRAJIND,2026-05-12 14:56:00,392.15,392.2,391.85,392.2,1999
PRAJIND,2026-05-12 14:57:00,392.0,392.2,392.0,392.05,4985
PRAJIND,2026-05-12 14:58:00,392.05,392.1,392.0,392.1,5913
PRAJIND,2026-05-12 14:59:00,392.0,392.1,392.0,392.1,3271
PRAJIND,2026-05-12 15:00:00,392.1,392.1,392.0,392.0,17795
PRAJIND,2026-05-12 15:01:00,392.0,392.1,392.0,392.0,13534
PRAJIND,2026-05-12 15:02:00,392.0,392.05,392.0,392.05,12864
PRAJIND,2026-05-12 15:03:00,392.05,392.15,392.0,392.05,10600
PRAJIND,2026-05-12 15:04:00,392.05,392.35,391.9,392.3,5187
PRAJIND,2026-05-12 15:05:00,392.2,392.3,391.65,392.15,2878
PRAJIND,2026-05-12 15:06:00,392.15,392.15,391.15,391.15,1255
PRAJIND,2026-05-12 15:07:00,391.0,391.2,388.7,388.7,16329
PRAJIND,2026-05-12 15:08:00,388.9,392.35,388.55,391.7,20269
PRAJIND,2026-05-12 15:09:00,391.7,391.85,391.3,391.65,1870
PRAJIND,2026-05-12 15:10:00,391.4,391.5,391.0,391.1,4497
PRAJIND,2026-05-12 15:11:00,391.2,391.45,391.1,391.2,2737
PRAJIND,2026-05-12 15:12:00,391.2,391.4,391.0,391.15,4035
PRAJIND,2026-05-12 15:13:00,391.05,391.15,391.0,391.0,3854
PRAJIND,2026-05-12 15:14:00,391.0,391.25,390.8,391.0,3678
PRAJIND,2026-05-12 15:15:00,391.3,391.8,391.3,391.65,5407
PRAJIND,2026-05-12 15:16:00,391.75,391.75,391.05,391.25,3148
PRAJIND,2026-05-12 15:17:00,391.6,391.6,390.9,390.95,6165
PRAJIND,2026-05-12 15:18:00,391.35,391.45,390.9,391.1,6168
PRAJIND,2026-05-12 15:19:00,391.0,391.85,390.9,391.2,15077
PRAJIND,2026-05-12 15:20:00,391.4,392.2,391.4,391.65,11480
PRAJIND,2026-05-12 15:21:00,391.35,392.4,391.0,392.4,5712
PRAJIND,2026-05-12 15:22:00,392.0,392.15,391.85,392.1,5827
PRAJIND,2026-05-12 15:23:00,392.0,392.35,392.0,392.0,5390
PRAJIND,2026-05-12 15:24:00,392.05,392.05,392.0,392.05,12798
PRAJIND,2026-05-12 15:25:00,392.0,392.1,392.0,392.0,12269
PRAJIND,2026-05-12 15:26:00,392.0,392.05,392.0,392.0,3501
PRAJIND,2026-05-12 15:27:00,392.0,393.05,392.0,393.05,3339
PRAJIND,2026-05-12 15:28:00,392.85,394.0,392.6,393.0,8343
PRAJIND,2026-05-12 15:29:00,393.0,395.9,393.0,394.5,13282
PRAJIND,2026-05-13 09:15:00,392.0,394.75,391.2,393.15,11682
PRAJIND,2026-05-13 09:16:00,393.3,397.45,393.3,395.55,24680
PRAJIND,2026-05-13 09:17:00,396.55,396.7,395.25,395.7,3615
PRAJIND,2026-05-13 09:18:00,395.1,397.9,395.1,397.3,11748
PRAJIND,2026-05-13 09:19:00,397.05,398.85,395.9,398.45,8645
PRAJIND,2026-05-13 09:20:00,400.45,402.0,400.35,400.55,26661
PRAJIND,2026-05-13 09:21:00,400.55,400.55,398.15,398.15,12785
PRAJIND,2026-05-13 09:22:00,398.2,398.2,396.75,396.75,5334
PRAJIND,2026-05-13 09:23:00,397.7,397.85,397.15,397.85,5301
PRAJIND,2026-05-13 09:24:00,397.45,398.65,397.45,398.15,4876
PRAJIND,2026-05-13 09:25:00,398.3,398.3,397.0,397.15,1710
PRAJIND,2026-05-13 09:26:00,397.2,397.45,396.45,396.85,4834
PRAJIND,2026-05-13 09:27:00,397.25,400.4,397.25,400.4,5965
PRAJIND,2026-05-13 09:28:00,399.9,399.9,399.25,399.6,5901
PRAJIND,2026-05-13 09:29:00,399.6,400.3,398.85,399.9,3054
PRAJIND,2026-05-13 09:30:00,399.65,399.75,399.0,399.45,4663
PRAJIND,2026-05-13 09:31:00,398.9,399.2,398.4,398.4,3800
PRAJIND,2026-05-13 09:32:00,398.4,398.6,397.1,397.1,2724
PRAJIND,2026-05-13 09:33:00,397.5,398.35,397.45,397.45,4473
PRAJIND,2026-05-13 09:34:00,398.0,398.2,397.55,397.55,2344
PRAJIND,2026-05-13 09:35:00,397.8,398.3,397.3,397.3,5696
PRAJIND,2026-05-13 09:36:00,397.3,397.45,396.5,396.75,7284
PRAJIND,2026-05-13 09:37:00,396.2,396.2,395.0,395.0,3158
PRAJIND,2026-05-13 09:38:00,395.3,396.15,395.1,396.0,9163
PRAJIND,2026-05-13 09:39:00,395.6,395.75,394.55,395.1,12261
PRAJIND,2026-05-13 09:40:00,394.85,395.6,394.65,395.15,7072
PRAJIND,2026-05-13 09:41:00,395.65,395.65,394.65,394.8,9100
PRAJIND,2026-05-13 09:42:00,394.9,398.2,394.9,398.0,10718
PRAJIND,2026-05-13 09:43:00,398.4,398.4,397.2,397.2,2462
PRAJIND,2026-05-13 09:44:00,397.65,398.5,396.05,396.3,5506
PRAJIND,2026-05-13 09:45:00,396.3,397.45,395.95,396.95,7649
PRAJIND,2026-05-13 09:46:00,396.65,396.85,395.85,396.15,1951
PRAJIND,2026-05-13 09:47:00,396.15,396.45,395.6,395.6,8110
PRAJIND,2026-05-13 09:48:00,395.55,396.15,395.0,395.25,3227
PRAJIND,2026-05-13 09:49:00,395.25,395.6,394.8,395.05,8018
PRAJIND,2026-05-13 09:50:00,395.05,395.3,394.95,395.3,1006
PRAJIND,2026-05-13 09:51:00,395.35,396.3,395.35,396.1,9201
PRAJIND,2026-05-13 09:52:00,396.5,397.25,396.5,397.0,8414
PRAJIND,2026-05-13 09:53:00,397.0,397.65,397.0,397.15,456
PRAJIND,2026-05-13 09:54:00,397.3,397.7,396.75,397.7,8620
PRAJIND,2026-05-13 09:55:00,397.7,397.85,397.15,397.15,603
PRAJIND,2026-05-13 09:56:00,397.15,397.5,396.9,397.4,5684
PRAJIND,2026-05-13 09:57:00,397.4,397.4,396.55,396.85,667
PRAJIND,2026-05-13 09:58:00,396.6,397.7,396.6,397.7,6841
PRAJIND,2026-05-13 09:59:00,397.6,398.15,397.6,397.7,3882
PRAJIND,2026-05-13 10:00:00,397.75,397.95,397.7,397.85,31
PRAJIND,2026-05-13 10:01:00,397.85,398.7,397.75,398.45,6691
PRAJIND,2026-05-13 10:02:00,398.45,399.5,398.45,399.3,7321
PRAJIND,2026-05-13 10:03:00,399.1,399.1,398.15,398.15,3575
PRAJIND,2026-05-13 10:04:00,398.15,398.6,398.0,398.3,562
PRAJIND,2026-05-13 10:05:00,398.3,398.45,396.35,397.4,53412
PRAJIND,2026-05-13 10:06:00,397.4,397.85,397.35,397.35,1018
PRAJIND,2026-05-13 10:07:00,396.9,397.3,394.7,394.8,29309
PRAJIND,2026-05-13 10:08:00,394.75,395.0,394.35,394.35,2756
PRAJIND,2026-05-13 10:09:00,394.4,394.85,394.0,394.2,48974
PRAJIND,2026-05-13 10:10:00,394.4,395.0,393.85,394.1,50327
PRAJIND,2026-05-13 10:11:00,394.1,395.2,393.75,393.75,53606
PRAJIND,2026-05-13 10:12:00,394.05,396.1,394.05,395.5,41675
PRAJIND,2026-05-13 10:13:00,395.4,396.05,395.0,395.0,23800
PRAJIND,2026-05-13 10:14:00,395.55,395.85,394.8,395.4,35516
PRAJIND,2026-05-13 10:15:00,395.15,395.4,394.9,395.4,1044
PRAJIND,2026-05-13 10:16:00,395.4,395.9,395.4,395.9,600
PRAJIND,2026-05-13 10:17:00,395.9,396.2,395.85,396.2,1233
PRAJIND,2026-05-13 10:18:00,396.2,396.2,395.7,396.05,2507
PRAJIND,2026-05-13 10:19:00,396.15,396.25,391.0,392.25,31076
PRAJIND,2026-05-13 10:20:00,392.25,393.45,391.9,393.45,6213
PRAJIND,2026-05-13 10:21:00,393.5,395.65,393.15,395.15,11117
PRAJIND,2026-05-13 10:22:00,395.1,395.75,395.1,395.3,7603
PRAJIND,2026-05-13 10:23:00,395.55,395.7,394.9,395.45,2574
PRAJIND,2026-05-13 10:24:00,395.4,395.5,395.15,395.2,2596
PRAJIND,2026-05-13 10:25:00,395.2,395.4,395.15,395.15,413
PRAJIND,2026-05-13 10:26:00,395.25,395.25,394.4,394.65,2361
PRAJIND,2026-05-13 10:27:00,394.65,395.0,394.65,394.85,3827
PRAJIND,2026-05-13 10:28:00,394.85,394.85,394.6,394.7,577
PRAJIND,2026-05-13 10:29:00,394.7,394.7,394.1,394.45,827
PRAJIND,2026-05-13 10:30:00,394.5,394.75,394.5,394.65,786
PRAJIND,2026-05-13 10:31:00,394.7,394.75,394.5,394.65,371
PRAJIND,2026-05-13 10:32:00,394.75,394.75,394.45,394.55,1298
PRAJIND,2026-05-13 10:33:00,394.55,394.55,394.25,394.25,265
PRAJIND,2026-05-13 10:34:00,394.35,394.35,394.15,394.2,1482
PRAJIND,2026-05-13 10:35:00,394.2,394.25,393.75,393.75,1297
PRAJIND,2026-05-13 10:36:00,393.75,393.95,393.3,393.75,2278
PRAJIND,2026-05-13 10:37:00,393.7,394.45,393.7,394.1,2934
PRAJIND,2026-05-13 10:38:00,394.2,394.3,393.9,393.95,785
PRAJIND,2026-05-13 10:39:00,393.95,393.95,393.45,393.6,2209
PRAJIND,2026-05-13 10:40:00,393.35,394.05,393.15,393.9,2931
PRAJIND,2026-05-13 10:41:00,393.8,394.05,393.45,394.05,9949
PRAJIND,2026-05-13 10:42:00,393.6,393.6,392.9,393.0,1990
PRAJIND,2026-05-13 10:43:00,393.0,393.0,392.85,393.0,1855
PRAJIND,2026-05-13 10:44:00,392.95,393.5,392.95,393.3,1682
PRAJIND,2026-05-13 10:45:00,393.25,393.25,393.1,393.1,204
PRAJIND,2026-05-13 10:46:00,393.1,393.1,392.45,392.85,5471
PRAJIND,2026-05-13 10:47:00,393.0,393.1,392.55,392.95,2228
PRAJIND,2026-05-13 10:48:00,392.85,393.0,392.7,393.0,2076
PRAJIND,2026-05-13 10:49:00,393.0,393.55,392.75,393.55,4300
PRAJIND,2026-05-13 10:50:00,393.55,393.7,393.15,393.25,884
PRAJIND,2026-05-13 10:51:00,393.25,393.35,393.05,393.35,507
PRAJIND,2026-05-13 10:52:00,393.35,393.35,393.3,393.35,215
PRAJIND,2026-05-13 10:53:00,393.45,393.7,392.8,392.85,3813
PRAJIND,2026-05-13 10:54:00,392.85,393.0,392.7,392.95,1130
PRAJIND,2026-05-13 10:55:00,393.0,393.0,392.1,392.2,3496
PRAJIND,2026-05-13 10:56:00,392.35,392.35,391.9,392.1,3512
PRAJIND,2026-05-13 10:57:00,391.85,391.9,391.5,391.85,2857
PRAJIND,2026-05-13 10:58:00,391.85,391.85,391.4,391.4,2141
PRAJIND,2026-05-13 10:59:00,391.45,391.45,390.55,391.25,4916
PRAJIND,2026-05-13 11:00:00,391.2,391.2,390.85,390.95,918
PRAJIND,2026-05-13 11:01:00,391.3,391.7,391.1,391.7,7140
PRAJIND,2026-05-13 11:02:00,391.8,391.9,391.55,391.85,505
PRAJIND,2026-05-13 11:03:00,391.85,392.1,391.85,392.1,932
PRAJIND,2026-05-13 11:04:00,392.05,392.1,391.4,391.4,2545
PRAJIND,2026-05-13 11:05:00,391.95,392.0,391.9,392.0,1014
PRAJIND,2026-05-13 11:06:00,392.1,392.15,391.7,391.85,1981
PRAJIND,2026-05-13 11:07:00,391.55,391.95,391.55,391.85,1207
PRAJIND,2026-05-13 11:08:00,391.6,391.85,391.6,391.85,697
PRAJIND,2026-05-13 11:09:00,391.85,392.0,391.85,392.0,480
PRAJIND,2026-05-13 11:10:00,392.0,392.05,391.95,392.05,337
PRAJIND,2026-05-13 11:11:00,392.05,392.05,391.85,391.95,576
PRAJIND,2026-05-13 11:12:00,391.95,392.0,391.9,391.9,407
PRAJIND,2026-05-13 11:13:00,391.85,391.9,391.8,391.9,187
PRAJIND,2026-05-13 11:14:00,391.9,392.25,391.65,392.2,1835
PRAJIND,2026-05-13 11:15:00,392.15,392.25,391.8,392.25,1284
PRAJIND,2026-05-13 11:16:00,393.5,393.9,393.4,393.7,8367
PRAJIND,2026-05-13 11:17:00,393.55,393.7,393.3,393.7,1514
PRAJIND,2026-05-13 11:18:00,393.65,393.7,393.4,393.7,621
PRAJIND,2026-05-13 11:19:00,393.7,394.0,393.7,393.75,1892
PRAJIND,2026-05-13 11:20:00,393.8,393.8,393.05,393.15,1625
PRAJIND,2026-05-13 11:21:00,393.15,393.45,392.85,393.45,1355
PRAJIND,2026-05-13 11:22:00,393.65,393.75,393.6,393.6,881
PRAJIND,2026-05-13 11:23:00,393.6,393.7,393.45,393.65,344
PRAJIND,2026-05-13 11:24:00,393.65,394.0,393.65,394.0,1887
PRAJIND,2026-05-13 11:25:00,394.0,394.05,393.75,394.0,2881
PRAJIND,2026-05-13 11:26:00,394.1,394.1,393.5,393.75,550
PRAJIND,2026-05-13 11:27:00,393.75,393.8,393.25,393.75,1909
PRAJIND,2026-05-13 11:28:00,393.65,394.9,393.65,394.05,2464
PRAJIND,2026-05-13 11:29:00,394.05,394.45,394.05,394.4,289
PRAJIND,2026-05-13 11:30:00,394.4,394.4,394.35,394.4,166
PRAJIND,2026-05-13 11:31:00,394.4,394.7,394.4,394.7,3444
PRAJIND,2026-05-13 11:32:00,394.6,394.75,394.55,394.55,436
PRAJIND,2026-05-13 11:33:00,394.5,394.65,394.0,394.45,836
PRAJIND,2026-05-13 11:34:00,394.45,394.45,394.1,394.1,1142
PRAJIND,2026-05-13 11:35:00,394.45,394.45,394.1,394.45,568
PRAJIND,2026-05-13 11:36:00,394.45,394.8,394.4,394.8,3100
PRAJIND,2026-05-13 11:37:00,394.8,394.9,394.55,394.55,3289
PRAJIND,2026-05-13 11:38:00,394.55,394.9,394.55,394.6,317
PRAJIND,2026-05-13 11:39:00,394.3,394.9,394.3,394.9,316
PRAJIND,2026-05-13 11:40:00,394.9,395.0,394.65,395.0,6337
PRAJIND,2026-05-13 11:41:00,395.0,395.2,394.95,395.2,883
PRAJIND,2026-05-13 11:42:00,395.2,395.2,395.05,395.2,543
PRAJIND,2026-05-13 11:43:00,395.15,395.15,394.85,395.15,646
PRAJIND,2026-05-13 11:44:00,395.15,395.6,395.15,395.35,3158
PRAJIND,2026-05-13 11:45:00,395.35,395.65,395.0,395.35,4608
PRAJIND,2026-05-13 11:46:00,395.35,395.35,395.1,395.25,258
PRAJIND,2026-05-13 11:47:00,395.35,395.75,395.35,395.7,1661
PRAJIND,2026-05-13 11:48:00,395.75,395.75,395.5,395.6,2333
PRAJIND,2026-05-13 11:49:00,395.6,395.8,395.4,395.5,4532
PRAJIND,2026-05-13 11:50:00,395.75,395.75,395.5,395.5,572
PRAJIND,2026-05-13 11:51:00,395.5,395.95,395.4,395.75,1724
PRAJIND,2026-05-13 11:52:00,395.75,396.45,395.75,396.45,3326
PRAJIND,2026-05-13 11:53:00,396.65,396.65,395.5,395.85,2588
PRAJIND,2026-05-13 11:54:00,395.5,396.0,395.5,395.65,1838
PRAJIND,2026-05-13 11:55:00,395.5,395.65,395.15,395.15,762
PRAJIND,2026-05-13 11:56:00,395.3,395.45,394.0,394.1,8251
PRAJIND,2026-05-13 11:57:00,394.0,394.55,393.9,393.9,22124
PRAJIND,2026-05-13 11:58:00,393.65,394.6,393.55,394.6,5042
PRAJIND,2026-05-13 11:59:00,394.7,395.0,394.45,394.55,2248
PRAJIND,2026-05-13 12:00:00,394.55,395.5,394.55,395.4,2439
PRAJIND,2026-05-13 12:01:00,395.25,395.5,393.1,393.1,5227
PRAJIND,2026-05-13 12:02:00,393.35,393.35,392.75,393.3,3383
PRAJIND,2026-05-13 12:03:00,392.95,393.35,392.95,393.35,538
PRAJIND,2026-05-13 12:04:00,393.35,393.35,393.0,393.25,2631
PRAJIND,2026-05-13 12:05:00,393.35,393.35,393.3,393.3,418
PRAJIND,2026-05-13 12:06:00,393.3,393.4,393.25,393.4,265
PRAJIND,2026-05-13 12:07:00,393.2,393.6,393.2,393.6,3452
PRAJIND,2026-05-13 12:08:00,393.5,393.6,393.15,393.4,6237
PRAJIND,2026-05-13 12:09:00,393.4,393.6,393.4,393.6,727
PRAJIND,2026-05-13 12:10:00,393.6,393.6,393.45,393.55,2504
PRAJIND,2026-05-13 12:11:00,393.55,393.6,393.55,393.6,642
PRAJIND,2026-05-13 12:12:00,393.6,393.75,393.55,393.75,1720
PRAJIND,2026-05-13 12:13:00,394.0,394.75,394.0,394.75,6859
PRAJIND,2026-05-13 12:14:00,394.75,395.0,394.65,394.95,1171
PRAJIND,2026-05-13 12:15:00,394.95,395.0,394.55,394.75,874
PRAJIND,2026-05-13 12:16:00,394.55,394.65,394.4,394.45,505
PRAJIND,2026-05-13 12:17:00,394.45,394.45,394.0,394.1,1485
PRAJIND,2026-05-13 12:18:00,394.1,394.2,392.8,392.8,33683
PRAJIND,2026-05-13 12:19:00,392.8,393.35,392.8,393.35,1800
PRAJIND,2026-05-13 12:20:00,393.4,394.1,393.0,394.1,35773
PRAJIND,2026-05-13 12:21:00,394.1,394.2,393.9,394.1,225
PRAJIND,2026-05-13 12:22:00,394.0,394.3,394.0,394.3,1971
PRAJIND,2026-05-13 12:23:00,394.3,394.55,393.75,394.05,5558
PRAJIND,2026-05-13 12:24:00,394.35,394.5,394.0,394.2,309
PRAJIND,2026-05-13 12:25:00,394.2,394.45,394.2,394.45,217
PRAJIND,2026-05-13 12:26:00,394.35,394.45,394.3,394.45,200
PRAJIND,2026-05-13 12:27:00,394.45,394.45,394.0,394.4,964
PRAJIND,2026-05-13 12:28:00,394.4,394.45,394.1,394.25,1340
PRAJIND,2026-05-13 12:29:00,394.25,394.4,393.85,394.05,910
PRAJIND,2026-05-13 12:30:00,394.0,394.15,394.0,394.15,106
PRAJIND,2026-05-13 12:31:00,394.15,394.3,393.7,394.25,3199
PRAJIND,2026-05-13 12:32:00,394.15,394.15,393.95,394.15,664
PRAJIND,2026-05-13 12:33:00,394.15,394.15,393.75,393.95,883
PRAJIND,2026-05-13 12:34:00,393.9,394.0,393.3,393.35,3496
PRAJIND,2026-05-13 12:35:00,393.35,393.5,393.0,393.2,1733
PRAJIND,2026-05-13 12:36:00,393.0,393.0,391.0,391.45,30056
PRAJIND,2026-05-13 12:37:00,391.4,392.0,391.1,391.9,5070
PRAJIND,2026-05-13 12:38:00,391.8,391.95,391.5,391.75,2617
PRAJIND,2026-05-13 12:39:00,391.9,391.9,391.3,391.3,6484
PRAJIND,2026-05-13 12:40:00,391.5,391.5,391.05,391.2,1419
PRAJIND,2026-05-13 12:41:00,391.5,391.5,391.15,391.5,9482
PRAJIND,2026-05-13 12:42:00,391.5,392.0,391.5,391.9,1791
PRAJIND,2026-05-13 12:43:00,391.9,392.2,391.9,392.2,9224
PRAJIND,2026-05-13 12:44:00,392.2,392.2,391.9,392.0,2107
PRAJIND,2026-05-13 12:45:00,392.0,392.0,391.7,392.0,459
PRAJIND,2026-05-13 12:46:00,392.0,392.0,391.7,392.0,435
PRAJIND,2026-05-13 12:47:00,391.9,392.1,391.8,392.0,1144
PRAJIND,2026-05-13 12:48:00,391.85,392.05,391.7,392.0,991
PRAJIND,2026-05-13 12:49:00,392.0,392.05,392.0,392.0,408
PRAJIND,2026-05-13 12:50:00,392.0,392.0,391.5,392.0,1676
PRAJIND,2026-05-13 12:51:00,392.0,392.0,391.85,392.0,477
PRAJIND,2026-05-13 12:52:00,392.0,392.0,392.0,392.0,1631
PRAJIND,2026-05-13 12:53:00,392.1,392.2,392.05,392.2,368
PRAJIND,2026-05-13 12:54:00,392.2,393.0,392.2,393.0,8605
PRAJIND,2026-05-13 12:55:00,393.1,393.2,393.1,393.15,453
PRAJIND,2026-05-13 12:56:00,393.2,393.9,393.2,393.9,1252
PRAJIND,2026-05-13 12:57:00,393.9,394.0,393.5,393.8,2832
PRAJIND,2026-05-13 12:58:00,393.8,393.9,393.7,393.8,619
PRAJIND,2026-05-13 12:59:00,393.8,393.9,393.35,393.35,1529
PRAJIND,2026-05-13 13:00:00,393.65,393.75,393.0,393.05,454
PRAJIND,2026-05-13 13:01:00,393.05,393.3,393.05,393.2,182
PRAJIND,2026-05-13 13:02:00,393.2,393.25,392.45,392.45,716
PRAJIND,2026-05-13 13:03:00,392.4,392.5,392.25,392.3,845
PRAJIND,2026-05-13 13:04:00,392.3,392.45,392.1,392.25,771
PRAJIND,2026-05-13 13:05:00,392.15,392.3,391.75,392.3,3931
PRAJIND,2026-05-13 13:06:00,392.3,392.45,392.15,392.4,270
PRAJIND,2026-05-13 13:07:00,392.25,392.4,391.65,391.85,1158
PRAJIND,2026-05-13 13:08:00,391.85,392.2,391.85,392.05,842
PRAJIND,2026-05-13 13:09:00,392.05,392.15,392.0,392.0,268
PRAJIND,2026-05-13 13:10:00,392.0,392.35,391.95,392.35,704
PRAJIND,2026-05-13 13:11:00,392.15,392.35,391.95,392.0,1200
PRAJIND,2026-05-13 13:12:00,391.7,392.3,391.7,392.3,493
PRAJIND,2026-05-13 13:13:00,392.15,392.45,392.1,392.4,2427
PRAJIND,2026-05-13 13:14:00,392.05,392.45,392.05,392.35,2256
PRAJIND,2026-05-13 13:15:00,392.35,392.35,392.0,392.0,639
PRAJIND,2026-05-13 13:16:00,392.15,392.15,391.65,391.7,359
PRAJIND,2026-05-13 13:17:00,391.7,392.0,391.6,391.8,2187
PRAJIND,2026-05-13 13:18:00,391.65,391.7,390.85,391.0,44127
PRAJIND,2026-05-13 13:19:00,391.0,391.5,390.85,391.35,4166
PRAJIND,2026-05-13 13:20:00,391.35,391.35,390.7,391.0,4111
PRAJIND,2026-05-13 13:21:00,391.0,391.1,391.0,391.1,2641
PRAJIND,2026-05-13 13:22:00,391.1,391.1,390.8,391.0,757
PRAJIND,2026-05-13 13:23:00,391.0,391.0,391.0,391.0,2581
PRAJIND,2026-05-13 13:24:00,391.0,391.2,390.85,391.2,980
PRAJIND,2026-05-13 13:25:00,391.2,391.2,390.55,390.55,2657
PRAJIND,2026-05-13 13:26:00,390.7,390.7,389.8,390.3,72879
PRAJIND,2026-05-13 13:27:00,390.3,390.3,389.1,389.55,5846
PRAJIND,2026-05-13 13:28:00,389.55,389.85,389.25,389.55,6774
PRAJIND,2026-05-13 13:29:00,389.55,389.55,389.1,389.25,1396
PRAJIND,2026-05-13 13:30:00,389.35,389.5,389.05,389.5,1345
PRAJIND,2026-05-13 13:31:00,389.35,389.55,389.15,389.55,463
PRAJIND,2026-05-13 13:32:00,389.4,389.8,389.4,389.7,3105
PRAJIND,2026-05-13 13:33:00,389.65,389.65,389.4,389.65,963
PRAJIND,2026-05-13 13:34:00,389.65,389.7,389.25,389.4,8441
PRAJIND,2026-05-13 13:35:00,389.4,389.7,389.3,389.7,651
PRAJIND,2026-05-13 13:36:00,389.7,389.7,389.2,389.2,1260
PRAJIND,2026-05-13 13:37:00,389.35,389.4,388.75,388.75,3385
PRAJIND,2026-05-13 13:38:00,388.75,388.95,388.7,388.9,789
PRAJIND,2026-05-13 13:39:00,389.1,389.25,389.0,389.25,464
PRAJIND,2026-05-13 13:40:00,389.25,389.4,389.15,389.25,720
PRAJIND,2026-05-13 13:41:00,389.25,389.35,389.1,389.15,448
PRAJIND,2026-05-13 13:42:00,389.15,389.25,388.5,388.9,1990
PRAJIND,2026-05-13 13:43:00,388.9,388.9,388.3,388.6,2676
PRAJIND,2026-05-13 13:44:00,388.6,388.6,388.3,388.3,842
PRAJIND,2026-05-13 13:45:00,388.55,388.65,388.3,388.65,1997
PRAJIND,2026-05-13 13:46:00,388.65,388.8,388.35,388.55,3504
PRAJIND,2026-05-13 13:47:00,388.55,388.75,388.5,388.7,1455
PRAJIND,2026-05-13 13:48:00,388.9,388.9,387.3,387.8,10636
PRAJIND,2026-05-13 13:49:00,387.45,387.45,385.5,385.7,22682
PRAJIND,2026-05-13 13:50:00,385.5,386.15,385.2,386.0,7802
PRAJIND,2026-05-13 13:51:00,386.0,386.65,386.0,386.65,5580
PRAJIND,2026-05-13 13:52:00,386.3,386.85,386.2,386.2,3247
PRAJIND,2026-05-13 13:53:00,386.1,386.4,386.1,386.3,690
PRAJIND,2026-05-13 13:54:00,386.25,386.4,385.9,386.3,3533
PRAJIND,2026-05-13 13:55:00,386.3,386.3,385.8,386.0,2467
PRAJIND,2026-05-13 13:56:00,386.0,386.3,386.0,386.3,1602
PRAJIND,2026-05-13 13:57:00,386.3,386.4,384.2,385.0,15726
PRAJIND,2026-05-13 13:58:00,385.0,385.9,383.75,383.75,9318
PRAJIND,2026-05-13 13:59:00,384.0,384.5,383.5,384.0,7759
PRAJIND,2026-05-13 14:00:00,384.0,384.4,384.0,384.4,4178
PRAJIND,2026-05-13 14:01:00,384.4,384.4,383.25,383.25,9008
PRAJIND,2026-05-13 14:02:00,383.85,384.0,383.5,383.5,2307
PRAJIND,2026-05-13 14:03:00,383.5,384.0,383.5,384.0,1610
PRAJIND,2026-05-13 14:04:00,383.4,383.75,382.1,383.75,34306
PRAJIND,2026-05-13 14:05:00,383.75,385.15,383.55,384.0,15411
PRAJIND,2026-05-13 14:06:00,384.0,384.2,383.8,384.15,2073
PRAJIND,2026-05-13 14:07:00,384.15,384.3,383.8,383.95,3422
PRAJIND,2026-05-13 14:08:00,383.95,384.95,383.95,384.75,3398
PRAJIND,2026-05-13 14:09:00,385.0,385.0,384.0,384.0,3792
PRAJIND,2026-05-13 14:10:00,384.0,384.8,384.0,384.5,7025
PRAJIND,2026-05-13 14:11:00,384.5,384.5,383.8,383.8,9018
PRAJIND,2026-05-13 14:12:00,383.8,384.3,383.75,383.8,7912
PRAJIND,2026-05-13 14:13:00,383.8,383.9,383.4,383.4,5962
PRAJIND,2026-05-13 14:14:00,383.4,383.8,382.4,383.4,17642
PRAJIND,2026-05-13 14:15:00,383.4,383.75,382.5,382.5,10416
PRAJIND,2026-05-13 14:16:00,382.45,383.15,381.85,382.5,12825
PRAJIND,2026-05-13 14:17:00,382.7,383.45,382.2,383.0,10551
PRAJIND,2026-05-13 14:18:00,383.0,383.5,382.85,383.4,7552
PRAJIND,2026-05-13 14:19:00,383.4,383.5,382.5,382.7,12659
PRAJIND,2026-05-13 14:20:00,382.5,382.6,381.9,382.0,5795
PRAJIND,2026-05-13 14:21:00,382.0,382.6,381.8,381.8,7669
PRAJIND,2026-05-13 14:22:00,381.85,382.35,381.5,382.05,23839
PRAJIND,2026-05-13 14:23:00,382.05,382.15,381.95,382.05,7246
PRAJIND,2026-05-13 14:24:00,382.05,382.5,381.85,382.05,11380
PRAJIND,2026-05-13 14:25:00,381.75,382.7,381.75,382.5,4202
PRAJIND,2026-05-13 14:26:00,382.55,382.55,381.35,381.55,4833
PRAJIND,2026-05-13 14:27:00,381.6,381.6,379.7,379.9,52331
PRAJIND,2026-05-13 14:28:00,380.0,380.9,380.0,380.4,7879
PRAJIND,2026-05-13 14:29:00,380.45,380.85,380.0,380.7,11334
PRAJIND,2026-05-13 14:30:00,380.9,381.9,380.25,381.0,13718
PRAJIND,2026-05-13 14:31:00,381.0,381.25,379.95,380.0,25800
PRAJIND,2026-05-13 14:32:00,380.0,380.45,380.0,380.0,8922
PRAJIND,2026-05-13 14:33:00,380.0,380.5,379.85,380.5,5038
PRAJIND,2026-05-13 14:34:00,380.5,381.2,380.45,381.2,5117
PRAJIND,2026-05-13 14:35:00,381.2,383.0,381.2,382.95,16750
PRAJIND,2026-05-13 14:36:00,383.3,383.7,381.5,381.75,9068
PRAJIND,2026-05-13 14:37:00,381.75,382.15,381.05,382.0,6123
PRAJIND,2026-05-13 14:38:00,382.0,382.2,381.0,382.2,15792
PRAJIND,2026-05-13 14:39:00,382.2,382.55,381.85,382.55,2879
PRAJIND,2026-05-13 14:40:00,382.55,382.55,381.3,381.3,5197
PRAJIND,2026-05-13 14:41:00,381.3,382.0,381.1,382.0,5753
PRAJIND,2026-05-13 14:42:00,382.25,382.75,381.5,381.75,9178
PRAJIND,2026-05-13 14:43:00,381.75,382.0,381.7,382.0,1659
PRAJIND,2026-05-13 14:44:00,382.0,382.0,381.05,381.35,11422
PRAJIND,2026-05-13 14:45:00,381.35,381.4,381.0,381.05,5557
PRAJIND,2026-05-13 14:46:00,381.0,381.55,381.0,381.55,2057
PRAJIND,2026-05-13 14:47:00,381.6,381.75,381.4,381.6,1294
PRAJIND,2026-05-13 14:48:00,381.6,381.75,381.3,381.45,1478
PRAJIND,2026-05-13 14:49:00,381.4,381.55,381.0,381.15,6510
PRAJIND,2026-05-13 14:50:00,381.55,381.8,381.3,381.8,4353
PRAJIND,2026-05-13 14:51:00,381.65,381.9,381.1,381.5,3791
PRAJIND,2026-05-13 14:52:00,381.4,381.65,378.85,379.7,46281
PRAJIND,2026-05-13 14:53:00,379.65,379.95,379.15,379.9,3118
PRAJIND,2026-05-13 14:54:00,379.75,379.85,379.1,379.1,49176
PRAJIND,2026-05-13 14:55:00,379.0,379.75,379.0,379.75,23306
PRAJIND,2026-05-13 14:56:00,379.75,380.45,379.55,380.3,8458
PRAJIND,2026-05-13 14:57:00,380.3,380.6,379.95,380.3,1203
PRAJIND,2026-05-13 14:58:00,380.3,380.5,379.8,380.2,4323
PRAJIND,2026-05-13 14:59:00,380.3,380.5,378.8,379.85,11905
PRAJIND,2026-05-13 15:00:00,379.7,379.95,379.0,379.15,4166
PRAJIND,2026-05-13 15:01:00,379.15,379.2,379.05,379.15,1465
PRAJIND,2026-05-13 15:02:00,379.15,379.35,379.0,379.0,3222
PRAJIND,2026-05-13 15:03:00,379.0,379.2,378.6,378.8,13733
PRAJIND,2026-05-13 15:04:00,378.8,380.0,378.35,379.35,12578
PRAJIND,2026-05-13 15:05:00,379.2,379.2,378.8,379.15,5464
PRAJIND,2026-05-13 15:06:00,379.15,379.35,379.0,379.1,4554
PRAJIND,2026-05-13 15:07:00,379.1,379.35,378.9,378.9,4916
PRAJIND,2026-05-13 15:08:00,378.85,379.4,378.85,379.4,3262
PRAJIND,2026-05-13 15:09:00,379.45,379.45,379.0,379.4,7251
PRAJIND,2026-05-13 15:10:00,378.7,379.1,378.55,378.55,26304
PRAJIND,2026-05-13 15:11:00,378.55,378.9,378.4,378.65,6166
PRAJIND,2026-05-13 15:12:00,378.5,378.8,378.0,378.0,11751
PRAJIND,2026-05-13 15:13:00,378.25,378.75,378.15,378.75,3816
PRAJIND,2026-05-13 15:14:00,379.0,379.5,379.0,379.45,10608
PRAJIND,2026-05-13 15:15:00,379.5,379.5,378.8,379.0,12878
PRAJIND,2026-05-13 15:16:00,379.0,379.8,379.0,379.5,3441
PRAJIND,2026-05-13 15:17:00,379.65,379.7,379.35,379.55,1556
PRAJIND,2026-05-13 15:18:00,379.55,379.8,379.2,379.3,14188
PRAJIND,2026-05-13 15:19:00,379.3,379.5,379.2,379.4,3271
PRAJIND,2026-05-13 15:20:00,379.2,379.4,379.0,379.15,14514
PRAJIND,2026-05-13 15:21:00,379.5,379.5,379.0,379.15,10988
PRAJIND,2026-05-13 15:22:00,379.05,380.0,379.05,379.95,7702
PRAJIND,2026-05-13 15:23:00,379.6,379.65,379.55,379.65,4194
PRAJIND,2026-05-13 15:24:00,379.65,379.85,379.0,379.6,25976
PRAJIND,2026-05-13 15:25:00,379.55,379.9,379.2,379.2,11360
PRAJIND,2026-05-13 15:26:00,379.25,380.5,379.25,380.5,6693
PRAJIND,2026-05-13 15:27:00,380.65,380.65,379.8,380.6,18604
PRAJIND,2026-05-13 15:28:00,380.95,380.95,380.05,380.5,7026
PRAJIND,2026-05-13 15:29:00,380.5,380.8,379.25,380.7,15193
PRAJIND,2026-05-14 09:15:00,379.5,383.3,379.5,381.6,22095
PRAJIND,2026-05-14 09:16:00,380.8,382.5,380.5,380.5,18862
PRAJIND,2026-05-14 09:17:00,379.9,381.6,379.65,380.85,11451
PRAJIND,2026-05-14 09:18:00,381.35,381.6,379.4,379.75,39927
PRAJIND,2026-05-14 09:19:00,379.3,379.3,377.8,378.55,20572
PRAJIND,2026-05-14 09:20:00,378.65,380.0,378.65,379.15,7600
PRAJIND,2026-05-14 09:21:00,379.3,379.55,378.8,379.05,10956
PRAJIND,2026-05-14 09:22:00,379.25,379.3,378.75,379.3,15612
PRAJIND,2026-05-14 09:23:00,378.95,379.55,378.4,378.75,6270
PRAJIND,2026-05-14 09:24:00,378.3,378.45,376.6,376.95,17534
PRAJIND,2026-05-14 09:25:00,377.0,377.8,377.0,377.8,6005
PRAJIND,2026-05-14 09:26:00,377.55,377.55,375.15,376.55,26442
PRAJIND,2026-05-14 09:27:00,376.35,376.35,375.45,375.75,7116
PRAJIND,2026-05-14 09:28:00,375.7,376.05,375.6,375.6,9149
PRAJIND,2026-05-14 09:29:00,375.6,375.7,374.4,375.45,11908
PRAJIND,2026-05-14 09:30:00,375.1,375.3,373.55,374.2,11164
PRAJIND,2026-05-14 09:31:00,374.35,374.6,374.1,374.1,5354
PRAJIND,2026-05-14 09:32:00,374.1,374.3,373.85,373.85,5965
PRAJIND,2026-05-14 09:33:00,373.85,374.2,373.3,373.6,18147
PRAJIND,2026-05-14 09:34:00,373.8,373.9,372.55,372.55,5968
PRAJIND,2026-05-14 09:35:00,372.85,373.2,372.0,372.35,8378
PRAJIND,2026-05-14 09:36:00,372.15,372.7,372.15,372.2,9077
PRAJIND,2026-05-14 09:37:00,372.2,372.55,372.2,372.2,5907
PRAJIND,2026-05-14 09:38:00,372.2,372.2,371.5,371.85,7681
PRAJIND,2026-05-14 09:39:00,371.8,371.85,370.55,371.35,13055
PRAJIND,2026-05-14 09:40:00,371.25,371.5,371.0,371.35,6935
PRAJIND,2026-05-14 09:41:00,371.1,371.45,370.6,370.6,3627
PRAJIND,2026-05-14 09:42:00,370.85,370.85,370.0,370.0,8403
PRAJIND,2026-05-14 09:43:00,370.8,371.75,370.8,371.7,7866
PRAJIND,2026-05-14 09:44:00,371.55,371.6,370.9,371.25,8759
PRAJIND,2026-05-14 09:45:00,370.8,372.6,370.8,372.6,7979
PRAJIND,2026-05-14 09:46:00,372.35,373.1,372.35,372.75,19306
PRAJIND,2026-05-14 09:47:00,372.75,372.9,372.5,372.7,3708
PRAJIND,2026-05-14 09:48:00,372.4,372.65,371.65,371.85,1910
PRAJIND,2026-05-14 09:49:00,371.45,371.7,371.3,371.45,2247
PRAJIND,2026-05-14 09:50:00,371.45,371.5,371.1,371.1,903
PRAJIND,2026-05-14 09:51:00,371.15,371.45,371.0,371.4,3485
PRAJIND,2026-05-14 09:52:00,371.15,371.5,370.6,370.6,4212
PRAJIND,2026-05-14 09:53:00,370.6,370.6,370.1,370.1,2226
PRAJIND,2026-05-14 09:54:00,370.4,370.8,370.1,370.3,8847
PRAJIND,2026-05-14 09:55:00,370.0,370.35,369.5,369.85,9485
PRAJIND,2026-05-14 09:56:00,369.6,369.8,369.0,369.0,5739
PRAJIND,2026-05-14 09:57:00,369.25,369.75,369.15,369.45,3856
PRAJIND,2026-05-14 09:58:00,369.75,369.75,368.0,368.0,13798
PRAJIND,2026-05-14 09:59:00,368.05,368.65,367.8,368.5,7052
PRAJIND,2026-05-14 10:00:00,368.5,368.5,367.8,367.95,3483
PRAJIND,2026-05-14 10:01:00,367.8,369.45,367.5,369.45,9790
PRAJIND,2026-05-14 10:02:00,369.25,370.4,369.25,370.4,6431
PRAJIND,2026-05-14 10:03:00,370.4,370.4,369.6,369.9,2836
PRAJIND,2026-05-14 10:04:00,370.0,370.0,369.65,369.9,1017
PRAJIND,2026-05-14 10:05:00,369.8,370.8,369.8,370.4,2590
PRAJIND,2026-05-14 10:06:00,370.25,370.25,369.15,369.15,1257
PRAJIND,2026-05-14 10:07:00,369.15,369.15,368.8,368.95,8732
PRAJIND,2026-05-14 10:08:00,368.8,368.85,368.25,368.8,4169
PRAJIND,2026-05-14 10:09:00,368.45,369.5,368.45,369.15,1209
PRAJIND,2026-05-14 10:10:00,368.95,369.9,368.95,369.2,2318
PRAJIND,2026-05-14 10:11:00,369.2,369.2,367.8,368.35,10137
PRAJIND,2026-05-14 10:12:00,368.35,368.45,368.0,368.45,4147
PRAJIND,2026-05-14 10:13:00,368.45,369.25,368.45,368.9,1980
PRAJIND,2026-05-14 10:14:00,368.9,369.0,368.5,368.6,2281
PRAJIND,2026-05-14 10:15:00,368.6,368.6,368.15,368.25,844
PRAJIND,2026-05-14 10:16:00,368.05,368.2,367.75,367.9,6129
PRAJIND,2026-05-14 10:17:00,367.9,368.3,367.1,367.8,14310
PRAJIND,2026-05-14 10:18:00,367.9,368.45,367.9,368.2,2094
PRAJIND,2026-05-14 10:19:00,368.2,368.95,368.0,368.95,2703
PRAJIND,2026-05-14 10:20:00,368.95,368.95,368.0,368.1,872
PRAJIND,2026-05-14 10:21:00,368.1,368.4,367.75,368.05,1641
PRAJIND,2026-05-14 10:22:00,368.05,368.65,367.95,368.65,3729
PRAJIND,2026-05-14 10:23:00,368.4,369.4,368.3,369.2,2932
PRAJIND,2026-05-14 10:24:00,368.8,369.8,368.45,369.7,6168
PRAJIND,2026-05-14 10:25:00,369.35,369.5,368.4,368.4,2573
PRAJIND,2026-05-14 10:26:00,368.7,369.15,368.35,369.1,4940
PRAJIND,2026-05-14 10:27:00,369.1,369.4,369.0,369.0,1981
PRAJIND,2026-05-14 10:28:00,369.3,369.8,369.25,369.25,2094
PRAJIND,2026-05-14 10:29:00,369.25,369.25,368.8,369.0,3444
PRAJIND,2026-05-14 10:30:00,369.0,369.25,368.85,369.15,1043
PRAJIND,2026-05-14 10:31:00,369.15,369.15,368.65,368.85,1303
PRAJIND,2026-05-14 10:32:00,368.85,369.15,368.8,368.8,2636
PRAJIND,2026-05-14 10:33:00,368.85,368.85,368.5,368.65,761
PRAJIND,2026-05-14 10:34:00,368.5,368.5,367.75,368.0,3909
PRAJIND,2026-05-14 10:35:00,368.0,368.15,367.0,367.0,8791
PRAJIND,2026-05-14 10:36:00,367.0,367.7,367.0,367.7,1729
PRAJIND,2026-05-14 10:37:00,367.7,367.7,366.7,367.0,8507
PRAJIND,2026-05-14 10:38:00,366.85,367.0,366.05,367.0,6426
PRAJIND,2026-05-14 10:39:00,367.0,367.05,366.2,366.2,3599
PRAJIND,2026-05-14 10:40:00,366.35,366.35,365.5,366.0,6606
PRAJIND,2026-05-14 10:41:00,366.0,366.4,365.4,366.35,5846
PRAJIND,2026-05-14 10:42:00,366.35,366.45,366.1,366.35,1794
PRAJIND,2026-05-14 10:43:00,366.45,366.5,366.0,366.0,936
PRAJIND,2026-05-14 10:44:00,366.0,366.3,365.9,365.9,2321
PRAJIND,2026-05-14 10:45:00,366.0,366.15,365.75,365.9,4299
PRAJIND,2026-05-14 10:46:00,366.15,366.3,365.5,365.8,7044
PRAJIND,2026-05-14 10:47:00,365.7,365.7,365.2,365.25,4441
PRAJIND,2026-05-14 10:48:00,365.25,365.3,364.55,365.25,11384
PRAJIND,2026-05-14 10:49:00,365.25,365.4,365.0,365.4,6393
PRAJIND,2026-05-14 10:50:00,365.15,365.85,365.05,365.85,2880
PRAJIND,2026-05-14 10:51:00,365.85,366.1,365.4,365.85,5357
PRAJIND,2026-05-14 10:52:00,366.15,366.35,365.6,365.65,10424
PRAJIND,2026-05-14 10:53:00,365.75,366.0,365.15,365.2,3245
PRAJIND,2026-05-14 10:54:00,365.2,365.8,365.2,365.4,2831
PRAJIND,2026-05-14 10:55:00,365.45,365.7,365.05,365.55,2092
PRAJIND,2026-05-14 10:56:00,365.7,365.7,365.2,365.5,3745
PRAJIND,2026-05-14 10:57:00,365.1,365.3,364.9,364.9,4570
PRAJIND,2026-05-14 10:58:00,364.9,364.9,364.35,364.35,2314
PRAJIND,2026-05-14 10:59:00,364.15,364.5,363.8,364.0,15726
PRAJIND,2026-05-14 11:00:00,364.0,364.65,363.75,364.2,5328
PRAJIND,2026-05-14 11:01:00,364.2,364.35,363.8,364.25,2881
PRAJIND,2026-05-14 11:02:00,364.0,364.25,363.25,364.0,9336
PRAJIND,2026-05-14 11:03:00,364.05,364.1,363.75,364.1,1545
PRAJIND,2026-05-14 11:04:00,364.2,364.4,363.9,363.9,2770
PRAJIND,2026-05-14 11:05:00,364.0,364.2,363.55,364.15,6865
PRAJIND,2026-05-14 11:06:00,364.2,364.2,363.9,363.9,4664
PRAJIND,2026-05-14 11:07:00,363.9,364.1,363.55,363.55,2888
PRAJIND,2026-05-14 11:08:00,363.55,363.7,363.35,363.35,3341
PRAJIND,2026-05-14 11:09:00,363.35,363.45,363.1,363.1,3258
PRAJIND,2026-05-14 11:10:00,363.1,364.2,363.1,363.85,3761
PRAJIND,2026-05-14 11:11:00,363.85,364.5,363.55,364.5,2136
PRAJIND,2026-05-14 11:12:00,364.5,364.95,364.5,364.9,3219
PRAJIND,2026-05-14 11:13:00,364.9,364.9,364.0,364.2,1928
PRAJIND,2026-05-14 11:14:00,364.35,364.6,364.05,364.6,753
PRAJIND,2026-05-14 11:15:00,364.6,365.15,364.6,364.9,1479
PRAJIND,2026-05-14 11:16:00,365.0,365.0,364.0,364.6,3573
PRAJIND,2026-05-14 11:17:00,364.5,364.5,364.2,364.25,775
PRAJIND,2026-05-14 11:18:00,364.25,364.8,364.25,364.6,293
PRAJIND,2026-05-14 11:19:00,364.3,364.55,364.1,364.1,1522
PRAJIND,2026-05-14 11:20:00,364.45,364.45,364.1,364.2,1815
PRAJIND,2026-05-14 11:21:00,364.2,364.85,364.0,364.85,671
PRAJIND,2026-05-14 11:22:00,365.15,365.15,364.35,364.55,1881
PRAJIND,2026-05-14 11:23:00,364.55,364.95,364.55,364.95,939
PRAJIND,2026-05-14 11:24:00,364.95,365.05,364.6,364.75,5578
PRAJIND,2026-05-14 11:25:00,364.6,364.7,364.2,364.35,2200
PRAJIND,2026-05-14 11:26:00,364.15,364.2,363.25,363.25,7455
PRAJIND,2026-05-14 11:27:00,363.25,364.4,363.25,364.4,1031
PRAJIND,2026-05-14 11:28:00,364.4,365.25,364.4,365.25,1065
PRAJIND,2026-05-14 11:29:00,365.25,365.25,364.2,364.35,719
PRAJIND,2026-05-14 11:30:00,364.4,364.55,364.2,364.25,1195
PRAJIND,2026-05-14 11:31:00,364.25,364.25,363.75,364.05,2791
PRAJIND,2026-05-14 11:32:00,364.05,364.3,364.0,364.3,303
PRAJIND,2026-05-14 11:33:00,364.55,364.95,364.25,364.95,1304
PRAJIND,2026-05-14 11:34:00,364.95,365.25,364.9,365.0,1388
PRAJIND,2026-05-14 11:35:00,364.9,365.2,364.75,364.75,1169
PRAJIND,2026-05-14 11:36:00,364.75,365.1,364.75,364.9,1605
PRAJIND,2026-05-14 11:37:00,364.9,365.0,364.65,364.65,807
PRAJIND,2026-05-14 11:38:00,364.65,364.85,364.55,364.85,1588
PRAJIND,2026-05-14 11:39:00,365.0,365.45,365.0,365.45,1884
PRAJIND,2026-05-14 11:40:00,365.2,365.35,364.85,364.95,1228
PRAJIND,2026-05-14 11:41:00,365.15,365.45,364.9,365.4,1597
PRAJIND,2026-05-14 11:42:00,365.7,365.7,365.45,365.5,5709
PRAJIND,2026-05-14 11:43:00,365.5,365.85,365.1,365.5,1877
PRAJIND,2026-05-14 11:44:00,365.5,365.95,365.3,365.85,2100
PRAJIND,2026-05-14 11:45:00,365.9,366.1,365.85,365.9,4341
PRAJIND,2026-05-14 11:46:00,365.9,365.9,365.2,365.2,1371
PRAJIND,2026-05-14 11:47:00,365.2,365.65,364.8,365.2,8305
PRAJIND,2026-05-14 11:48:00,365.1,365.55,365.1,365.45,3337
PRAJIND,2026-05-14 11:49:00,365.45,365.7,365.3,365.7,848
PRAJIND,2026-05-14 11:50:00,365.7,365.8,365.7,365.8,172
PRAJIND,2026-05-14 11:51:00,366.15,366.75,366.15,366.5,10718
PRAJIND,2026-05-14 11:52:00,366.6,367.15,366.5,366.5,5676
PRAJIND,2026-05-14 11:53:00,366.5,366.9,366.45,366.65,2943
PRAJIND,2026-05-14 11:54:00,366.65,367.2,366.25,367.2,9334
PRAJIND,2026-05-14 11:55:00,367.0,367.45,367.0,367.0,3611
PRAJIND,2026-05-14 11:56:00,367.05,367.45,366.9,367.4,2654
PRAJIND,2026-05-14 11:57:00,367.4,367.45,367.15,367.45,680
PRAJIND,2026-05-14 11:58:00,367.35,367.35,367.05,367.3,2619
PRAJIND,2026-05-14 11:59:00,367.35,367.5,367.3,367.5,1300
PRAJIND,2026-05-14 12:00:00,367.3,367.6,367.2,367.6,2861
PRAJIND,2026-05-14 12:01:00,367.6,367.6,367.2,367.2,2571
PRAJIND,2026-05-14 12:02:00,367.2,367.45,367.2,367.45,1988
PRAJIND,2026-05-14 12:03:00,367.45,367.5,367.05,367.15,1896
PRAJIND,2026-05-14 12:04:00,367.15,367.35,366.9,367.2,3202
PRAJIND,2026-05-14 12:05:00,367.2,367.45,367.2,367.25,165
PRAJIND,2026-05-14 12:06:00,367.25,367.45,367.15,367.4,569
PRAJIND,2026-05-14 12:07:00,367.4,368.75,367.4,368.75,3135
PRAJIND,2026-05-14 12:08:00,368.5,368.5,367.85,367.95,2919
PRAJIND,2026-05-14 12:09:00,367.95,368.3,367.45,367.45,1315
PRAJIND,2026-05-14 12:10:00,367.45,367.75,367.3,367.5,5445
PRAJIND,2026-05-14 12:11:00,367.5,368.35,367.5,368.2,2927
PRAJIND,2026-05-14 12:12:00,368.2,368.5,368.05,368.25,3185
PRAJIND,2026-05-14 12:13:00,368.25,368.6,368.25,368.6,1581
PRAJIND,2026-05-14 12:14:00,368.6,369.5,368.6,369.5,10260
PRAJIND,2026-05-14 12:15:00,369.5,371.15,369.15,371.1,16996
PRAJIND,2026-05-14 12:16:00,371.15,371.3,370.3,371.1,8584
PRAJIND,2026-05-14 12:17:00,371.1,371.5,370.6,371.5,9267
PRAJIND,2026-05-14 12:18:00,371.35,371.35,370.8,371.2,5843
PRAJIND,2026-05-14 12:19:00,371.0,371.0,369.65,369.8,4026
PRAJIND,2026-05-14 12:20:00,369.8,370.4,369.8,370.05,1691
PRAJIND,2026-05-14 12:21:00,370.0,370.15,369.8,369.8,248
PRAJIND,2026-05-14 12:22:00,369.8,370.4,369.7,370.4,3144
PRAJIND,2026-05-14 12:23:00,370.4,370.5,370.1,370.45,2097
PRAJIND,2026-05-14 12:24:00,370.45,370.45,370.1,370.15,450
PRAJIND,2026-05-14 12:25:00,370.15,370.2,369.8,370.2,3235
PRAJIND,2026-05-14 12:26:00,370.2,370.3,369.9,370.2,1028
PRAJIND,2026-05-14 12:27:00,370.15,370.2,370.05,370.2,539
PRAJIND,2026-05-14 12:28:00,370.2,370.5,370.2,370.35,1088
PRAJIND,2026-05-14 12:29:00,370.35,370.5,370.15,370.15,43
PRAJIND,2026-05-14 12:30:00,370.2,370.4,370.0,370.4,2111
PRAJIND,2026-05-14 12:31:00,370.65,370.65,369.75,370.0,1170
PRAJIND,2026-05-14 12:32:00,370.0,370.0,369.65,369.8,2309
PRAJIND,2026-05-14 12:33:00,369.8,370.0,369.8,370.0,1168
PRAJIND,2026-05-14 12:34:00,370.0,370.1,369.95,370.1,720
PRAJIND,2026-05-14 12:35:00,370.1,370.7,370.05,370.25,4251
PRAJIND,2026-05-14 12:36:00,370.25,370.45,370.15,370.4,186
PRAJIND,2026-05-14 12:37:00,370.4,370.4,370.05,370.05,938
PRAJIND,2026-05-14 12:38:00,370.05,370.25,370.05,370.2,108
PRAJIND,2026-05-14 12:39:00,370.2,370.45,370.05,370.15,6684
PRAJIND,2026-05-14 12:40:00,370.8,370.8,370.7,370.8,1659
PRAJIND,2026-05-14 12:41:00,370.8,370.8,370.65,370.75,876
PRAJIND,2026-05-14 12:42:00,370.75,371.6,370.7,371.6,3757
PRAJIND,2026-05-14 12:43:00,371.6,371.85,371.15,371.75,6900
PRAJIND,2026-05-14 12:44:00,371.75,372.3,371.75,372.0,5210
PRAJIND,2026-05-14 12:45:00,372.25,372.3,372.0,372.05,852
PRAJIND,2026-05-14 12:46:00,372.05,372.05,370.9,370.9,2519
PRAJIND,2026-05-14 12:47:00,370.9,371.25,370.8,371.0,1116
PRAJIND,2026-05-14 12:48:00,371.0,371.65,371.0,371.65,2831
PRAJIND,2026-05-14 12:49:00,371.6,371.75,371.3,371.4,384
PRAJIND,2026-05-14 12:50:00,371.2,371.2,370.85,370.85,3077
PRAJIND,2026-05-14 12:51:00,370.85,371.0,370.7,370.75,2831
PRAJIND,2026-05-14 12:52:00,370.75,370.85,370.3,370.75,1188
PRAJIND,2026-05-14 12:53:00,370.75,370.85,370.7,370.7,174
PRAJIND,2026-05-14 12:54:00,370.7,371.4,370.55,371.15,1370
PRAJIND,2026-05-14 12:55:00,371.15,371.15,370.95,371.05,661
PRAJIND,2026-05-14 12:56:00,371.05,371.15,370.65,371.15,1502
PRAJIND,2026-05-14 12:57:00,371.15,371.25,371.0,371.0,512
PRAJIND,2026-05-14 12:58:00,371.0,371.0,370.1,370.5,15332
PRAJIND,2026-05-14 12:59:00,370.5,370.6,370.4,370.4,359
PRAJIND,2026-05-14 13:00:00,370.4,370.7,370.3,370.7,3833
PRAJIND,2026-05-14 13:01:00,370.7,371.15,370.5,371.15,834
PRAJIND,2026-05-14 13:02:00,371.15,371.4,371.1,371.4,1917
PRAJIND,2026-05-14 13:03:00,371.4,371.4,371.1,371.1,425
PRAJIND,2026-05-14 13:04:00,371.1,371.7,371.05,371.05,3150
PRAJIND,2026-05-14 13:05:00,371.05,371.35,371.05,371.25,863
PRAJIND,2026-05-14 13:06:00,371.25,371.25,370.9,371.0,892
PRAJIND,2026-05-14 13:07:00,371.0,371.15,370.9,370.9,355
PRAJIND,2026-05-14 13:08:00,370.9,371.4,370.9,371.4,585
PRAJIND,2026-05-14 13:09:00,371.4,371.7,371.25,371.7,614
PRAJIND,2026-05-14 13:10:00,371.65,371.75,370.7,370.7,2037
PRAJIND,2026-05-14 13:11:00,370.8,371.25,370.65,371.05,3275
PRAJIND,2026-05-14 13:12:00,371.05,372.15,370.7,372.15,2431
PRAJIND,2026-05-14 13:13:00,372.2,372.25,372.0,372.25,1967
PRAJIND,2026-05-14 13:14:00,372.3,373.7,372.3,373.35,12072
PRAJIND,2026-05-14 13:15:00,373.2,373.5,372.7,373.5,3196
PRAJIND,2026-05-14 13:16:00,373.5,373.7,373.45,373.5,759
PRAJIND,2026-05-14 13:17:00,373.35,373.6,373.35,373.6,2487
PRAJIND,2026-05-14 13:18:00,373.6,373.65,372.7,372.85,2716
PRAJIND,2026-05-14 13:19:00,372.85,373.45,372.85,373.2,2259
PRAJIND,2026-05-14 13:20:00,373.3,373.45,373.2,373.2,100
PRAJIND,2026-05-14 13:21:00,373.05,373.45,372.95,372.95,2400
PRAJIND,2026-05-14 13:22:00,372.95,373.0,372.5,372.7,254
PRAJIND,2026-05-14 13:23:00,372.45,372.85,372.45,372.85,428
PRAJIND,2026-05-14 13:24:00,372.85,372.85,372.0,372.2,1771
PRAJIND,2026-05-14 13:25:00,371.85,372.55,371.8,372.45,1628
PRAJIND,2026-05-14 13:26:00,372.4,372.55,372.1,372.5,678
PRAJIND,2026-05-14 13:27:00,372.5,372.8,372.5,372.7,649
PRAJIND,2026-05-14 13:28:00,372.75,372.8,372.55,372.8,3724
PRAJIND,2026-05-14 13:29:00,372.8,372.8,372.7,372.75,2281
PRAJIND,2026-05-14 13:30:00,372.75,372.9,372.5,372.8,4854
PRAJIND,2026-05-14 13:31:00,372.8,373.5,372.8,373.5,3206
PRAJIND,2026-05-14 13:32:00,373.5,373.5,373.0,373.0,1645
PRAJIND,2026-05-14 13:33:00,372.8,373.0,372.75,372.85,538
PRAJIND,2026-05-14 13:34:00,372.85,373.05,372.75,372.9,411
PRAJIND,2026-05-14 13:35:00,373.05,373.45,372.8,373.0,1860
PRAJIND,2026-05-14 13:36:00,373.3,373.3,373.05,373.15,513
PRAJIND,2026-05-14 13:37:00,373.15,373.95,373.15,373.95,3557
PRAJIND,2026-05-14 13:38:00,373.95,373.95,373.65,373.7,966
PRAJIND,2026-05-14 13:39:00,373.85,373.95,372.85,372.85,1866
PRAJIND,2026-05-14 13:40:00,372.85,373.15,372.85,373.1,23
PRAJIND,2026-05-14 13:41:00,373.1,373.5,373.05,373.15,376
PRAJIND,2026-05-14 13:42:00,373.0,373.25,372.55,372.55,3024
PRAJIND,2026-05-14 13:43:00,372.65,373.4,372.65,373.2,208
PRAJIND,2026-05-14 13:44:00,373.2,373.4,373.2,373.2,542
PRAJIND,2026-05-14 13:45:00,373.2,373.5,373.2,373.5,118
PRAJIND,2026-05-14 13:46:00,373.5,373.5,373.1,373.1,1140
PRAJIND,2026-05-14 13:47:00,372.95,372.95,372.55,372.95,2270
PRAJIND,2026-05-14 13:48:00,372.95,372.95,372.55,372.65,239
PRAJIND,2026-05-14 13:49:00,372.65,372.95,372.3,372.8,1516
PRAJIND,2026-05-14 13:50:00,372.75,373.0,372.75,373.0,314
PRAJIND,2026-05-14 13:51:00,373.0,373.3,372.9,373.2,642
PRAJIND,2026-05-14 13:52:00,373.2,373.2,372.55,372.9,678
PRAJIND,2026-05-14 13:53:00,372.75,372.8,372.4,372.6,3412
PRAJIND,2026-05-14 13:54:00,372.6,373.15,372.6,373.15,1942
PRAJIND,2026-05-14 13:55:00,373.25,373.5,373.05,373.15,1261
PRAJIND,2026-05-14 13:56:00,373.15,373.3,372.85,373.15,424
PRAJIND,2026-05-14 13:57:00,373.15,373.35,373.15,373.35,515
PRAJIND,2026-05-14 13:58:00,373.35,373.35,372.9,372.9,906
PRAJIND,2026-05-14 13:59:00,373.3,373.3,372.9,373.2,194
PRAJIND,2026-05-14 14:00:00,373.2,373.2,372.7,372.7,464
PRAJIND,2026-05-14 14:01:00,372.7,372.7,371.8,372.4,3572
PRAJIND,2026-05-14 14:02:00,372.4,372.75,372.4,372.65,1103
PRAJIND,2026-05-14 14:03:00,372.65,372.8,372.5,372.75,2139
PRAJIND,2026-05-14 14:04:00,372.75,372.9,372.5,372.85,263
PRAJIND,2026-05-14 14:05:00,372.55,372.8,372.55,372.6,53
PRAJIND,2026-05-14 14:06:00,372.6,372.8,372.6,372.65,60
PRAJIND,2026-05-14 14:07:00,372.65,373.2,372.55,373.2,1611
PRAJIND,2026-05-14 14:08:00,373.2,373.2,372.75,373.0,1370
PRAJIND,2026-05-14 14:09:00,373.0,373.15,372.65,373.15,668
PRAJIND,2026-05-14 14:10:00,373.1,373.2,372.95,373.0,242
PRAJIND,2026-05-14 14:11:00,372.9,372.95,372.55,372.95,1345
PRAJIND,2026-05-14 14:12:00,372.95,372.95,372.65,372.8,394
PRAJIND,2026-05-14 14:13:00,372.8,372.8,372.65,372.8,305
PRAJIND,2026-05-14 14:14:00,372.8,372.8,372.55,372.55,233
PRAJIND,2026-05-14 14:15:00,372.55,374.6,372.55,374.2,10028
PRAJIND,2026-05-14 14:16:00,374.2,374.2,373.3,373.6,1635
PRAJIND,2026-05-14 14:17:00,373.7,374.0,373.4,373.4,1118
PRAJIND,2026-05-14 14:18:00,373.45,373.55,372.55,372.55,3039
PRAJIND,2026-05-14 14:19:00,372.55,372.8,372.25,372.25,736
PRAJIND,2026-05-14 14:20:00,372.4,372.85,372.3,372.8,660
PRAJIND,2026-05-14 14:21:00,372.8,373.35,372.55,373.35,1986
PRAJIND,2026-05-14 14:22:00,373.35,373.35,372.65,372.95,386
PRAJIND,2026-05-14 14:23:00,372.95,373.3,372.8,372.8,2145
PRAJIND,2026-05-14 14:24:00,372.8,373.05,372.8,372.95,305
PRAJIND,2026-05-14 14:25:00,372.95,373.15,372.95,373.15,114
PRAJIND,2026-05-14 14:26:00,373.3,373.45,373.3,373.3,540
PRAJIND,2026-05-14 14:27:00,373.45,373.45,373.2,373.2,219
PRAJIND,2026-05-14 14:28:00,373.2,373.25,373.0,373.25,341
PRAJIND,2026-05-14 14:29:00,373.25,373.8,373.15,373.75,4632
PRAJIND,2026-05-14 14:30:00,373.9,373.9,373.5,373.5,492
PRAJIND,2026-05-14 14:31:00,373.55,373.7,373.45,373.7,754
PRAJIND,2026-05-14 14:32:00,373.65,374.2,373.65,373.9,3953
PRAJIND,2026-05-14 14:33:00,373.9,374.45,373.9,374.45,2637
PRAJIND,2026-05-14 14:34:00,374.4,374.55,374.25,374.3,3645
PRAJIND,2026-05-14 14:35:00,374.4,374.4,373.8,373.8,1097
PRAJIND,2026-05-14 14:36:00,373.8,374.15,373.8,373.95,339
PRAJIND,2026-05-14 14:37:00,373.95,374.2,373.85,374.2,361
PRAJIND,2026-05-14 14:38:00,374.2,374.25,373.65,374.25,1910
PRAJIND,2026-05-14 14:39:00,374.2,374.2,373.8,374.0,201
PRAJIND,2026-05-14 14:40:00,373.95,373.95,373.65,373.85,675
PRAJIND,2026-05-14 14:41:00,373.85,373.85,373.45,373.6,1057
PRAJIND,2026-05-14 14:42:00,373.6,373.9,373.55,373.9,2538
PRAJIND,2026-05-14 14:43:00,373.8,373.9,373.35,373.55,604
PRAJIND,2026-05-14 14:44:00,373.55,373.55,373.35,373.4,899
PRAJIND,2026-05-14 14:45:00,373.4,373.55,373.05,373.2,1637
PRAJIND,2026-05-14 14:46:00,373.0,373.2,372.6,372.65,7418
PRAJIND,2026-05-14 14:47:00,372.4,372.8,372.4,372.8,6016
PRAJIND,2026-05-14 14:48:00,372.55,372.8,371.85,371.95,6163
PRAJIND,2026-05-14 14:49:00,371.65,371.95,371.65,371.65,1413
PRAJIND,2026-05-14 14:50:00,371.85,372.05,371.85,371.85,540
PRAJIND,2026-05-14 14:51:00,371.85,372.2,371.75,372.2,689
PRAJIND,2026-05-14 14:52:00,372.2,372.25,371.65,371.65,1257
PRAJIND,2026-05-14 14:53:00,371.65,371.85,371.65,371.7,502
PRAJIND,2026-05-14 14:54:00,371.7,371.85,371.65,371.7,1061
PRAJIND,2026-05-14 14:55:00,371.75,371.85,371.65,371.65,343
PRAJIND,2026-05-14 14:56:00,371.65,371.85,371.55,371.55,1201
PRAJIND,2026-05-14 14:57:00,371.8,372.0,371.65,372.0,3422
PRAJIND,2026-05-14 14:58:00,372.0,372.0,371.55,371.6,971
PRAJIND,2026-05-14 14:59:00,372.05,372.7,371.7,372.15,3080
PRAJIND,2026-05-14 15:00:00,372.2,372.45,371.8,372.15,3505
PRAJIND,2026-05-14 15:01:00,372.25,372.25,371.6,371.6,2123
PRAJIND,2026-05-14 15:02:00,371.7,372.05,371.7,372.05,2643
PRAJIND,2026-05-14 15:03:00,372.0,372.15,371.5,372.15,2345
PRAJIND,2026-05-14 15:04:00,371.95,372.4,371.95,372.3,2026
PRAJIND,2026-05-14 15:05:00,372.3,372.5,372.05,372.2,1030
PRAJIND,2026-05-14 15:06:00,371.95,372.0,371.55,371.55,2227
PRAJIND,2026-05-14 15:07:00,371.75,372.0,371.55,372.0,1173
PRAJIND,2026-05-14 15:08:00,372.0,372.3,371.8,372.1,833
PRAJIND,2026-05-14 15:09:00,372.1,372.3,371.95,371.95,1586
PRAJIND,2026-05-14 15:10:00,371.7,372.1,371.7,371.85,5660
PRAJIND,2026-05-14 15:11:00,372.0,372.2,371.85,371.85,9047
PRAJIND,2026-05-14 15:12:00,371.8,371.8,371.0,371.3,5339
PRAJIND,2026-05-14 15:13:00,371.6,371.95,371.4,371.95,620
PRAJIND,2026-05-14 15:14:00,371.85,372.3,371.85,372.3,3718
PRAJIND,2026-05-14 15:15:00,371.2,371.95,371.2,371.95,27340
PRAJIND,2026-05-14 15:16:00,372.0,372.7,371.9,372.7,5118
PRAJIND,2026-05-14 15:17:00,372.35,372.85,372.35,372.65,2737
PRAJIND,2026-05-14 15:18:00,372.65,373.0,371.8,373.0,7255
PRAJIND,2026-05-14 15:19:00,372.5,373.4,372.5,373.1,7458
PRAJIND,2026-05-14 15:20:00,372.9,373.0,372.75,372.9,8790
PRAJIND,2026-05-14 15:21:00,372.9,373.25,372.55,372.85,23410
PRAJIND,2026-05-14 15:22:00,372.5,373.2,372.5,372.75,2242
PRAJIND,2026-05-14 15:23:00,372.9,372.95,372.3,372.95,11490
PRAJIND,2026-05-14 15:24:00,372.05,373.0,372.05,373.0,2481
PRAJIND,2026-05-14 15:25:00,372.75,373.2,372.4,373.2,6600
PRAJIND,2026-05-14 15:26:00,373.2,373.3,372.85,373.0,4342
PRAJIND,2026-05-14 15:27:00,373.3,373.3,372.45,372.9,18702
PRAJIND,2026-05-14 15:28:00,372.6,373.3,372.25,372.45,3070
PRAJIND,2026-05-14 15:29:00,372.95,373.0,371.25,371.3,9276
PRAJIND,2026-05-15 09:15:00,374.95,375.95,372.2,373.55,11840
PRAJIND,2026-05-15 09:16:00,373.65,373.65,371.2,372.8,8697
PRAJIND,2026-05-15 09:17:00,372.05,372.05,369.7,371.0,13594
PRAJIND,2026-05-15 09:18:00,371.15,372.0,370.7,371.05,3805
PRAJIND,2026-05-15 09:19:00,371.1,371.65,370.9,371.5,2433
PRAJIND,2026-05-15 09:20:00,370.9,370.9,370.1,370.1,4476
PRAJIND,2026-05-15 09:21:00,370.1,370.6,369.25,369.3,1620
PRAJIND,2026-05-15 09:22:00,369.05,369.95,368.7,369.9,4243
PRAJIND,2026-05-15 09:23:00,369.3,369.85,369.3,369.35,2491
PRAJIND,2026-05-15 09:24:00,369.55,370.2,368.8,370.2,15448
PRAJIND,2026-05-15 09:25:00,369.8,370.1,369.35,369.35,4099
PRAJIND,2026-05-15 09:26:00,369.35,369.4,368.45,369.1,5688
PRAJIND,2026-05-15 09:27:00,369.1,371.0,369.0,370.75,7040
PRAJIND,2026-05-15 09:28:00,370.5,370.8,370.15,370.15,1958
PRAJIND,2026-05-15 09:29:00,369.8,369.8,368.7,369.25,7119
PRAJIND,2026-05-15 09:30:00,369.6,369.7,369.15,369.7,3898
PRAJIND,2026-05-15 09:31:00,369.75,370.8,369.55,370.8,1544
PRAJIND,2026-05-15 09:32:00,371.0,371.2,370.35,371.2,5559
PRAJIND,2026-05-15 09:33:00,371.2,373.0,371.2,371.75,3929
PRAJIND,2026-05-15 09:34:00,371.55,371.8,371.2,371.2,1106
PRAJIND,2026-05-15 09:35:00,371.0,371.2,370.65,370.65,1361
PRAJIND,2026-05-15 09:36:00,371.5,371.9,370.95,371.65,4342
PRAJIND,2026-05-15 09:37:00,371.45,373.3,371.3,373.3,4908
PRAJIND,2026-05-15 09:38:00,373.35,373.35,372.65,372.85,2962
PRAJIND,2026-05-15 09:39:00,373.3,373.3,372.75,372.9,2707
PRAJIND,2026-05-15 09:40:00,373.0,373.25,372.65,373.25,4977
PRAJIND,2026-05-15 09:41:00,373.5,373.95,373.25,373.95,5610
PRAJIND,2026-05-15 09:42:00,374.35,374.5,374.3,374.35,4313
PRAJIND,2026-05-15 09:43:00,374.15,375.0,374.15,375.0,6494
PRAJIND,2026-05-15 09:44:00,374.65,375.0,374.65,374.75,5156
PRAJIND,2026-05-15 09:45:00,374.45,374.8,373.6,374.2,8348
PRAJIND,2026-05-15 09:46:00,374.5,375.6,374.5,375.55,1570
PRAJIND,2026-05-15 09:47:00,375.4,375.4,374.75,375.2,6407
PRAJIND,2026-05-15 09:48:00,375.0,375.0,374.6,374.6,1497
PRAJIND,2026-05-15 09:49:00,374.6,374.95,374.6,374.6,2460
PRAJIND,2026-05-15 09:50:00,374.6,374.6,374.4,374.6,767
PRAJIND,2026-05-15 09:51:00,374.6,375.45,374.6,375.4,4419
PRAJIND,2026-05-15 09:52:00,375.15,375.5,375.05,375.2,1984
PRAJIND,2026-05-15 09:53:00,375.1,375.5,375.1,375.5,2697
PRAJIND,2026-05-15 09:54:00,375.5,375.75,375.3,375.7,940
PRAJIND,2026-05-15 09:55:00,375.7,375.75,375.5,375.7,1697
PRAJIND,2026-05-15 09:56:00,375.75,375.75,375.45,375.45,1647
PRAJIND,2026-05-15 09:57:00,375.5,375.5,374.7,375.1,5706
PRAJIND,2026-05-15 09:58:00,375.15,375.4,374.95,375.35,8050
PRAJIND,2026-05-15 09:59:00,375.2,375.7,375.2,375.35,1323
PRAJIND,2026-05-15 10:00:00,375.35,375.35,374.5,374.9,1946
PRAJIND,2026-05-15 10:01:00,374.7,375.0,374.0,374.45,1737
PRAJIND,2026-05-15 10:02:00,374.35,374.6,374.0,374.45,1229
PRAJIND,2026-05-15 10:03:00,374.45,374.7,374.15,374.55,1223
PRAJIND,2026-05-15 10:04:00,374.55,374.9,374.45,374.55,681
PRAJIND,2026-05-15 10:05:00,374.65,374.65,373.9,374.3,3411
PRAJIND,2026-05-15 10:06:00,374.4,374.4,373.6,373.6,1670
PRAJIND,2026-05-15 10:07:00,374.05,374.2,373.95,373.95,351
PRAJIND,2026-05-15 10:08:00,373.95,373.95,373.4,373.45,1680
PRAJIND,2026-05-15 10:09:00,373.15,373.8,373.0,373.8,2182
PRAJIND,2026-05-15 10:10:00,373.8,374.3,373.3,373.85,1602
PRAJIND,2026-05-15 10:11:00,373.85,374.45,373.85,373.9,2409
PRAJIND,2026-05-15 10:12:00,373.85,374.4,373.65,374.3,395
PRAJIND,2026-05-15 10:13:00,374.3,374.4,374.15,374.3,577
PRAJIND,2026-05-15 10:14:00,374.15,374.5,374.15,374.5,1606
PRAJIND,2026-05-15 10:15:00,374.5,374.5,374.2,374.5,638
PRAJIND,2026-05-15 10:16:00,374.4,374.85,374.4,374.75,1403
PRAJIND,2026-05-15 10:17:00,374.4,374.55,373.9,374.05,782
PRAJIND,2026-05-15 10:18:00,374.0,374.0,373.5,373.7,343
PRAJIND,2026-05-15 10:19:00,373.7,373.9,373.5,373.5,1005
PRAJIND,2026-05-15 10:20:00,373.8,373.8,373.25,373.5,1182
PRAJIND,2026-05-15 10:21:00,373.75,374.0,373.45,374.0,635
PRAJIND,2026-05-15 10:22:00,374.0,374.25,373.8,374.25,1544
PRAJIND,2026-05-15 10:23:00,374.5,374.5,373.5,374.0,1488
PRAJIND,2026-05-15 10:24:00,373.8,374.65,373.8,374.45,543
PRAJIND,2026-05-15 10:25:00,374.7,375.05,374.7,375.0,961
PRAJIND,2026-05-15 10:26:00,375.0,375.15,374.55,375.1,3009
PRAJIND,2026-05-15 10:27:00,375.0,375.3,374.85,375.05,985
PRAJIND,2026-05-15 10:28:00,375.05,375.05,374.5,374.8,347
PRAJIND,2026-05-15 10:29:00,374.8,374.8,374.05,374.4,3778
PRAJIND,2026-05-15 10:30:00,374.0,374.15,374.0,374.0,586
PRAJIND,2026-05-15 10:31:00,374.2,374.35,373.75,374.15,1597
PRAJIND,2026-05-15 10:32:00,374.4,374.8,374.35,374.35,449
PRAJIND,2026-05-15 10:33:00,374.35,374.45,374.15,374.4,1523
PRAJIND,2026-05-15 10:34:00,374.15,374.75,374.05,374.75,671
PRAJIND,2026-05-15 10:35:00,374.75,375.0,374.75,374.85,1399
PRAJIND,2026-05-15 10:36:00,374.85,375.0,374.5,374.75,1252
PRAJIND,2026-05-15 10:37:00,374.8,374.85,374.45,374.7,505
PRAJIND,2026-05-15 10:38:00,374.7,374.7,374.15,374.45,462
PRAJIND,2026-05-15 10:39:00,374.35,375.4,374.35,374.95,11923
PRAJIND,2026-05-15 10:40:00,374.95,375.5,374.95,375.5,675
PRAJIND,2026-05-15 10:41:00,375.75,376.45,375.7,376.45,8637
PRAJIND,2026-05-15 10:42:00,376.3,376.3,375.7,375.9,1664
PRAJIND,2026-05-15 10:43:00,375.65,375.75,375.5,375.5,1146
PRAJIND,2026-05-15 10:44:00,375.65,376.1,375.5,375.8,1323
PRAJIND,2026-05-15 10:45:00,375.8,375.95,375.8,375.8,197
PRAJIND,2026-05-15 10:46:00,375.65,375.95,375.65,375.85,507
PRAJIND,2026-05-15 10:47:00,375.95,375.95,375.5,375.6,2076
PRAJIND,2026-05-15 10:48:00,375.6,375.95,375.6,375.95,504
PRAJIND,2026-05-15 10:49:00,375.95,376.0,375.85,376.0,1405
PRAJIND,2026-05-15 10:50:00,376.0,376.75,376.0,376.6,3351
PRAJIND,2026-05-15 10:51:00,376.6,376.8,376.25,376.6,825
PRAJIND,2026-05-15 10:52:00,376.6,376.6,376.0,376.0,876
PRAJIND,2026-05-15 10:53:00,376.0,376.35,375.7,375.7,2552
PRAJIND,2026-05-15 10:54:00,375.7,376.15,375.65,376.15,272
PRAJIND,2026-05-15 10:55:00,376.15,377.3,376.15,377.3,3688
PRAJIND,2026-05-15 10:56:00,377.05,377.9,377.05,377.9,6662
PRAJIND,2026-05-15 10:57:00,378.0,378.0,377.65,377.8,536
PRAJIND,2026-05-15 10:58:00,377.4,377.55,377.0,377.0,1577
PRAJIND,2026-05-15 10:59:00,377.0,377.4,376.95,377.2,1279
PRAJIND,2026-05-15 11:00:00,377.05,377.15,377.05,377.15,99
PRAJIND,2026-05-15 11:01:00,377.15,377.2,376.8,377.05,1939
PRAJIND,2026-05-15 11:02:00,377.05,378.4,376.8,377.3,7505
PRAJIND,2026-05-15 11:03:00,377.3,377.3,377.0,377.3,1043
PRAJIND,2026-05-15 11:04:00,377.15,377.25,376.2,376.2,3839
PRAJIND,2026-05-15 11:05:00,376.35,376.35,375.9,376.0,1255
PRAJIND,2026-05-15 11:06:00,375.95,375.95,375.35,375.75,1423
PRAJIND,2026-05-15 11:07:00,375.75,375.85,375.35,375.8,1291
PRAJIND,2026-05-15 11:08:00,375.85,376.0,375.2,375.2,2647
PRAJIND,2026-05-15 11:09:00,375.0,375.3,374.75,374.85,2555
PRAJIND,2026-05-15 11:10:00,374.85,374.85,374.4,374.5,1270
PRAJIND,2026-05-15 11:11:00,374.5,375.15,374.5,374.5,3449
PRAJIND,2026-05-15 11:12:00,374.5,374.5,373.85,374.0,1999
PRAJIND,2026-05-15 11:13:00,374.0,374.25,373.4,373.5,2545
PRAJIND,2026-05-15 11:14:00,373.55,374.0,373.55,373.85,1882
PRAJIND,2026-05-15 11:15:00,373.8,373.8,373.4,373.45,637
PRAJIND,2026-05-15 11:16:00,373.45,373.6,373.45,373.6,447
PRAJIND,2026-05-15 11:17:00,373.6,373.6,372.75,372.9,3819
PRAJIND,2026-05-15 11:18:00,372.95,373.85,372.95,373.85,5792
PRAJIND,2026-05-15 11:19:00,373.85,374.35,373.85,373.85,837
PRAJIND,2026-05-15 11:20:00,374.05,374.05,373.75,374.0,497
PRAJIND,2026-05-15 11:21:00,374.0,374.0,373.85,374.0,285
PRAJIND,2026-05-15 11:22:00,374.0,374.05,373.75,374.05,808
PRAJIND,2026-05-15 11:23:00,374.05,374.15,373.7,373.8,1114
PRAJIND,2026-05-15 11:24:00,373.8,373.85,373.7,373.85,633
PRAJIND,2026-05-15 11:25:00,373.85,374.15,373.85,374.1,403
PRAJIND,2026-05-15 11:26:00,374.1,374.2,373.85,374.0,419
PRAJIND,2026-05-15 11:27:00,373.9,373.9,373.55,373.55,1590
PRAJIND,2026-05-15 11:28:00,373.55,374.0,373.5,373.9,1156
PRAJIND,2026-05-15 11:29:00,373.9,373.9,373.0,373.45,2823
PRAJIND,2026-05-15 11:30:00,373.45,373.45,373.15,373.25,3786
PRAJIND,2026-05-15 11:31:00,373.3,373.5,372.65,373.15,380
PRAJIND,2026-05-15 11:32:00,373.0,373.25,372.8,372.85,375
PRAJIND,2026-05-15 11:33:00,372.65,373.15,372.65,372.75,844
PRAJIND,2026-05-15 11:34:00,372.95,373.0,372.8,372.8,1045
PRAJIND,2026-05-15 11:35:00,372.8,373.0,372.35,372.35,6715
PRAJIND,2026-05-15 11:36:00,372.35,372.35,371.75,372.0,6029
PRAJIND,2026-05-15 11:37:00,372.0,372.2,371.8,372.2,775
PRAJIND,2026-05-15 11:38:00,372.0,372.0,372.0,372.0,455
PRAJIND,2026-05-15 11:39:00,372.0,372.45,371.85,372.4,1128
PRAJIND,2026-05-15 11:40:00,372.4,372.4,372.3,372.4,1399
PRAJIND,2026-05-15 11:41:00,372.4,372.5,372.35,372.35,407
PRAJIND,2026-05-15 11:42:00,372.35,372.4,372.25,372.25,323
PRAJIND,2026-05-15 11:43:00,372.25,372.65,372.15,372.65,1352
PRAJIND,2026-05-15 11:44:00,372.65,372.8,372.35,372.55,1698
PRAJIND,2026-05-15 11:45:00,372.55,372.55,372.3,372.55,312
PRAJIND,2026-05-15 11:46:00,372.55,372.55,372.55,372.55,396
PRAJIND,2026-05-15 11:47:00,372.55,372.55,372.55,372.55,432
PRAJIND,2026-05-15 11:48:00,372.55,372.85,372.55,372.85,676
PRAJIND,2026-05-15 11:49:00,372.85,372.9,372.4,372.7,1127
PRAJIND,2026-05-15 11:50:00,372.7,372.75,372.3,372.3,699
PRAJIND,2026-05-15 11:51:00,372.3,372.85,372.0,372.85,1666
PRAJIND,2026-05-15 11:52:00,372.85,372.9,372.8,372.85,411
PRAJIND,2026-05-15 11:53:00,372.85,373.0,372.85,373.0,541
PRAJIND,2026-05-15 11:54:00,373.0,373.0,372.6,372.7,545
PRAJIND,2026-05-15 11:55:00,372.55,372.75,372.3,372.55,1199
PRAJIND,2026-05-15 11:56:00,372.55,373.9,372.45,373.8,7570
PRAJIND,2026-05-15 11:57:00,373.8,374.0,373.05,373.25,1480
PRAJIND,2026-05-15 11:58:00,373.0,373.6,373.0,373.5,841
PRAJIND,2026-05-15 11:59:00,373.5,373.75,373.05,373.2,1790
PRAJIND,2026-05-15 12:00:00,373.2,373.7,373.15,373.45,1072
PRAJIND,2026-05-15 12:01:00,373.65,373.85,373.55,373.6,464
PRAJIND,2026-05-15 12:02:00,373.6,373.75,373.5,373.6,757
PRAJIND,2026-05-15 12:03:00,373.05,374.0,373.05,374.0,2128
PRAJIND,2026-05-15 12:04:00,374.0,374.45,374.0,374.45,548
PRAJIND,2026-05-15 12:05:00,374.4,374.85,374.35,374.75,432
PRAJIND,2026-05-15 12:06:00,374.75,374.8,374.5,374.8,555
PRAJIND,2026-05-15 12:07:00,374.75,374.85,374.45,374.85,500
PRAJIND,2026-05-15 12:08:00,374.85,374.85,374.45,374.7,1052
PRAJIND,2026-05-15 12:09:00,374.7,374.7,374.2,374.55,478
PRAJIND,2026-05-15 12:10:00,374.55,374.6,374.3,374.6,434
PRAJIND,2026-05-15 12:11:00,374.6,374.7,374.4,374.7,567
PRAJIND,2026-05-15 12:12:00,374.7,374.7,374.15,374.4,640
PRAJIND,2026-05-15 12:13:00,374.4,374.4,374.25,374.3,982
PRAJIND,2026-05-15 12:14:00,374.3,374.35,374.2,374.25,582
PRAJIND,2026-05-15 12:15:00,374.25,374.5,374.2,374.5,246
PRAJIND,2026-05-15 12:16:00,374.6,374.7,374.35,374.5,588
PRAJIND,2026-05-15 12:17:00,374.5,374.6,374.3,374.55,1118
PRAJIND,2026-05-15 12:18:00,374.55,374.6,374.15,374.4,396
PRAJIND,2026-05-15 12:19:00,374.4,374.8,374.25,374.8,2133
PRAJIND,2026-05-15 12:20:00,374.8,374.8,374.25,374.25,1107
PRAJIND,2026-05-15 12:21:00,374.3,374.65,374.15,374.5,478
PRAJIND,2026-05-15 12:22:00,374.5,374.65,374.2,374.65,1337
PRAJIND,2026-05-15 12:23:00,374.1,374.6,374.0,374.5,2280
PRAJIND,2026-05-15 12:24:00,374.5,374.5,374.3,374.4,329
PRAJIND,2026-05-15 12:25:00,374.4,374.5,374.0,374.05,956
PRAJIND,2026-05-15 12:26:00,374.0,374.65,374.0,374.65,452
PRAJIND,2026-05-15 12:27:00,374.65,374.8,374.55,374.8,330
PRAJIND,2026-05-15 12:28:00,374.8,374.8,374.4,374.65,1371
PRAJIND,2026-05-15 12:29:00,374.6,374.7,374.25,374.65,530
PRAJIND,2026-05-15 12:30:00,374.65,374.75,374.3,374.45,1570
PRAJIND,2026-05-15 12:31:00,374.45,374.7,374.35,374.45,339
PRAJIND,2026-05-15 12:32:00,374.45,374.65,374.35,374.35,483
PRAJIND,2026-05-15 12:33:00,374.45,374.65,374.45,374.65,568
PRAJIND,2026-05-15 12:34:00,374.65,374.9,374.65,374.9,1307
PRAJIND,2026-05-15 12:35:00,374.9,375.65,374.9,375.65,1053
PRAJIND,2026-05-15 12:36:00,375.65,375.65,375.45,375.65,317
PRAJIND,2026-05-15 12:37:00,375.45,375.85,375.45,375.8,1079
PRAJIND,2026-05-15 12:38:00,375.8,375.85,375.5,375.75,838
PRAJIND,2026-05-15 12:39:00,375.8,375.8,375.5,375.6,1240
PRAJIND,2026-05-15 12:40:00,375.6,375.6,375.55,375.55,647
PRAJIND,2026-05-15 12:41:00,375.6,376.4,375.6,376.4,1079
PRAJIND,2026-05-15 12:42:00,376.4,376.45,375.8,376.1,1515
PRAJIND,2026-05-15 12:43:00,376.1,376.35,376.1,376.25,382
PRAJIND,2026-05-15 12:44:00,376.25,376.75,376.25,376.5,2807
PRAJIND,2026-05-15 12:45:00,376.5,376.85,376.5,376.5,3250
PRAJIND,2026-05-15 12:46:00,376.5,376.85,376.35,376.65,995
PRAJIND,2026-05-15 12:47:00,376.65,376.75,376.35,376.75,952
PRAJIND,2026-05-15 12:48:00,376.75,376.8,376.55,376.8,356
PRAJIND,2026-05-15 12:49:00,376.8,376.8,376.5,376.6,706
PRAJIND,2026-05-15 12:50:00,376.6,376.8,376.5,376.8,320
PRAJIND,2026-05-15 12:51:00,376.9,377.0,376.65,376.8,592
PRAJIND,2026-05-15 12:52:00,376.8,376.85,376.5,376.7,603
PRAJIND,2026-05-15 12:53:00,376.7,376.75,376.3,376.7,1861
PRAJIND,2026-05-15 12:54:00,376.7,376.85,376.7,376.85,351
PRAJIND,2026-05-15 12:55:00,376.85,376.85,376.45,376.7,853
PRAJIND,2026-05-15 12:56:00,376.45,376.8,376.45,376.7,408
PRAJIND,2026-05-15 12:57:00,376.7,376.75,376.4,376.4,739
PRAJIND,2026-05-15 12:58:00,376.5,376.65,376.1,376.55,1562
PRAJIND,2026-05-15 12:59:00,376.55,376.75,376.3,376.75,429
PRAJIND,2026-05-15 13:00:00,376.75,376.75,376.55,376.75,549
PRAJIND,2026-05-15 13:01:00,376.75,376.75,376.6,376.75,301
PRAJIND,2026-05-15 13:02:00,376.75,376.75,376.6,376.6,629
PRAJIND,2026-05-15 13:03:00,376.75,376.75,376.55,376.65,423
PRAJIND,2026-05-15 13:04:00,376.65,376.65,376.45,376.45,376
PRAJIND,2026-05-15 13:05:00,376.45,376.65,376.4,376.65,881
PRAJIND,2026-05-15 13:06:00,376.65,376.75,376.4,376.45,1026
PRAJIND,2026-05-15 13:07:00,376.7,376.75,376.5,376.5,3710
PRAJIND,2026-05-15 13:08:00,376.5,376.75,376.25,376.4,676
PRAJIND,2026-05-15 13:09:00,376.4,376.7,376.4,376.45,928
PRAJIND,2026-05-15 13:10:00,376.6,376.75,376.5,376.75,404
PRAJIND,2026-05-15 13:11:00,376.75,376.75,376.6,376.75,596
PRAJIND,2026-05-15 13:12:00,376.75,376.9,376.45,376.5,465
PRAJIND,2026-05-15 13:13:00,376.5,376.7,376.0,376.35,6225
PRAJIND,2026-05-15 13:14:00,376.35,376.75,376.25,376.25,411
PRAJIND,2026-05-15 13:15:00,376.25,376.6,376.2,376.2,373
PRAJIND,2026-05-15 13:16:00,376.2,376.4,376.15,376.35,335
PRAJIND,2026-05-15 13:17:00,376.35,376.4,376.05,376.25,507
PRAJIND,2026-05-15 13:18:00,375.9,376.4,375.9,376.4,757
PRAJIND,2026-05-15 13:19:00,376.4,376.55,376.4,376.55,291
PRAJIND,2026-05-15 13:20:00,376.55,376.55,376.45,376.5,558
PRAJIND,2026-05-15 13:21:00,376.55,376.75,376.55,376.75,337
PRAJIND,2026-05-15 13:22:00,376.75,377.0,376.75,377.0,1161
PRAJIND,2026-05-15 13:23:00,377.0,377.0,376.75,377.0,338
PRAJIND,2026-05-15 13:24:00,377.0,377.0,376.9,377.0,412
PRAJIND,2026-05-15 13:25:00,377.0,377.0,376.5,376.9,1554
PRAJIND,2026-05-15 13:26:00,376.9,376.9,376.5,376.8,664
PRAJIND,2026-05-15 13:27:00,376.8,376.8,376.6,376.65,866
PRAJIND,2026-05-15 13:28:00,376.65,376.8,376.5,376.8,300
PRAJIND,2026-05-15 13:29:00,376.55,376.7,376.45,376.7,444
PRAJIND,2026-05-15 13:30:00,376.7,376.8,376.25,376.25,997
PRAJIND,2026-05-15 13:31:00,376.25,376.8,376.25,376.8,407
PRAJIND,2026-05-15 13:32:00,376.8,376.95,376.7,376.9,418
PRAJIND,2026-05-15 13:33:00,376.9,376.95,376.4,376.95,2081
PRAJIND,2026-05-15 13:34:00,376.95,376.95,376.65,376.95,393
PRAJIND,2026-05-15 13:35:00,376.95,377.5,376.75,377.5,1988
PRAJIND,2026-05-15 13:36:00,377.5,377.5,376.75,376.9,1516
PRAJIND,2026-05-15 13:37:00,376.9,376.9,376.2,376.3,896
PRAJIND,2026-05-15 13:38:00,376.3,376.5,376.2,376.25,1181
PRAJIND,2026-05-15 13:39:00,376.25,376.5,376.2,376.5,351
PRAJIND,2026-05-15 13:40:00,376.4,376.7,376.4,376.7,569
PRAJIND,2026-05-15 13:41:00,376.7,376.7,376.4,376.4,136
PRAJIND,2026-05-15 13:42:00,376.4,376.4,376.15,376.15,57
PRAJIND,2026-05-15 13:43:00,376.15,376.15,375.75,376.1,784
PRAJIND,2026-05-15 13:44:00,376.1,376.4,376.1,376.3,688
PRAJIND,2026-05-15 13:45:00,376.55,377.05,376.55,376.85,2552
PRAJIND,2026-05-15 13:46:00,377.05,377.05,376.75,376.75,312
PRAJIND,2026-05-15 13:47:00,376.75,376.75,376.15,376.35,308
PRAJIND,2026-05-15 13:48:00,376.15,376.15,375.9,375.95,192
PRAJIND,2026-05-15 13:49:00,375.95,375.95,375.35,375.5,2707
PRAJIND,2026-05-15 13:50:00,375.75,375.85,375.45,375.75,734
PRAJIND,2026-05-15 13:51:00,375.75,375.75,374.85,375.25,5437
PRAJIND,2026-05-15 13:52:00,375.65,375.95,375.45,375.95,1936
PRAJIND,2026-05-15 13:53:00,376.0,376.5,375.95,376.3,1360
PRAJIND,2026-05-15 13:54:00,376.3,376.4,376.15,376.3,598
PRAJIND,2026-05-15 13:55:00,375.8,376.45,375.8,376.3,1913
PRAJIND,2026-05-15 13:56:00,376.4,376.4,375.85,376.0,265
PRAJIND,2026-05-15 13:57:00,375.95,376.0,375.25,375.3,418
PRAJIND,2026-05-15 13:58:00,375.3,375.6,375.0,375.15,1920
PRAJIND,2026-05-15 13:59:00,375.2,375.25,374.75,374.85,1744
PRAJIND,2026-05-15 14:00:00,374.85,374.85,374.5,374.6,104
PRAJIND,2026-05-15 14:01:00,374.6,375.1,374.6,374.8,1421
PRAJIND,2026-05-15 14:02:00,374.9,375.0,374.6,374.9,501
PRAJIND,2026-05-15 14:03:00,374.9,374.9,374.3,374.5,806
PRAJIND,2026-05-15 14:04:00,374.25,374.5,374.15,374.4,221
PRAJIND,2026-05-15 14:05:00,374.4,374.4,373.4,373.95,3030
PRAJIND,2026-05-15 14:06:00,374.15,374.15,373.95,374.15,254
PRAJIND,2026-05-15 14:07:00,373.95,374.4,373.75,374.3,789
PRAJIND,2026-05-15 14:08:00,374.3,374.3,374.05,374.1,639
PRAJIND,2026-05-15 14:09:00,374.1,374.6,374.1,374.5,358
PRAJIND,2026-05-15 14:10:00,374.6,375.1,374.35,374.8,7307
PRAJIND,2026-05-15 14:11:00,374.25,374.8,374.25,374.8,2341
PRAJIND,2026-05-15 14:12:00,374.35,374.8,374.3,374.4,1409
PRAJIND,2026-05-15 14:13:00,374.4,374.6,374.05,374.25,307
PRAJIND,2026-05-15 14:14:00,374.25,374.7,374.2,374.6,1170
PRAJIND,2026-05-15 14:15:00,374.6,374.75,374.35,374.7,270
PRAJIND,2026-05-15 14:16:00,374.7,374.7,374.3,374.3,281
PRAJIND,2026-05-15 14:17:00,374.2,374.3,373.6,373.95,1583
PRAJIND,2026-05-15 14:18:00,373.9,374.5,373.9,374.4,698
PRAJIND,2026-05-15 14:19:00,374.4,374.4,374.4,374.4,34
PRAJIND,2026-05-15 14:20:00,374.4,374.4,374.0,374.3,1320
PRAJIND,2026-05-15 14:21:00,374.3,374.3,373.8,374.1,539
PRAJIND,2026-05-15 14:22:00,374.1,374.25,374.0,374.0,3005
PRAJIND,2026-05-15 14:23:00,374.3,374.55,374.2,374.55,1573
PRAJIND,2026-05-15 14:24:00,374.65,374.85,374.45,374.6,789
PRAJIND,2026-05-15 14:25:00,374.6,374.65,374.45,374.65,189
PRAJIND,2026-05-15 14:26:00,374.65,374.65,374.5,374.6,47
PRAJIND,2026-05-15 14:27:00,374.4,374.4,374.2,374.25,96
PRAJIND,2026-05-15 14:28:00,374.25,374.25,373.8,373.85,1923
PRAJIND,2026-05-15 14:29:00,373.85,374.0,373.45,374.0,1199
PRAJIND,2026-05-15 14:30:00,374.15,374.15,373.75,373.75,624
PRAJIND,2026-05-15 14:31:00,373.75,374.05,373.55,374.0,652
PRAJIND,2026-05-15 14:32:00,374.0,374.0,373.75,373.95,142
PRAJIND,2026-05-15 14:33:00,373.95,373.95,373.6,373.8,572
PRAJIND,2026-05-15 14:34:00,373.8,374.15,373.8,374.1,220
PRAJIND,2026-05-15 14:35:00,374.15,374.2,373.8,374.05,687
PRAJIND,2026-05-15 14:36:00,374.05,374.25,373.65,374.25,558
PRAJIND,2026-05-15 14:37:00,374.25,374.25,373.75,373.95,1996
PRAJIND,2026-05-15 14:38:00,373.95,374.25,373.7,374.0,1607
PRAJIND,2026-05-15 14:39:00,374.1,374.3,374.1,374.3,472
PRAJIND,2026-05-15 14:40:00,374.25,374.35,373.85,374.3,1523
PRAJIND,2026-05-15 14:41:00,374.3,374.85,374.25,374.85,635
PRAJIND,2026-05-15 14:42:00,374.7,374.7,374.35,374.55,546
PRAJIND,2026-05-15 14:43:00,374.55,374.55,374.15,374.35,878
PRAJIND,2026-05-15 14:44:00,374.35,374.35,374.05,374.2,627
PRAJIND,2026-05-15 14:45:00,374.15,374.15,373.55,373.8,1092
PRAJIND,2026-05-15 14:46:00,373.75,373.75,373.0,373.0,1209
PRAJIND,2026-05-15 14:47:00,373.3,373.5,373.0,373.35,218
PRAJIND,2026-05-15 14:48:00,373.35,373.35,372.3,372.85,1169
PRAJIND,2026-05-15 14:49:00,372.85,372.85,371.3,371.95,9344
PRAJIND,2026-05-15 14:50:00,371.7,372.3,371.7,372.25,4994
PRAJIND,2026-05-15 14:51:00,372.1,372.55,371.6,371.95,1281
PRAJIND,2026-05-15 14:52:00,371.95,372.55,371.8,372.5,12778
PRAJIND,2026-05-15 14:53:00,372.5,372.5,371.65,371.65,2430
PRAJIND,2026-05-15 14:54:00,371.65,371.7,371.2,371.55,4435
PRAJIND,2026-05-15 14:55:00,371.5,371.5,371.15,371.4,401
PRAJIND,2026-05-15 14:56:00,371.4,371.4,370.75,370.75,2308
PRAJIND,2026-05-15 14:57:00,370.7,371.05,370.7,370.75,1009
PRAJIND,2026-05-15 14:58:00,370.75,370.75,370.5,370.75,287
PRAJIND,2026-05-15 14:59:00,370.75,371.6,370.75,371.2,3663
PRAJIND,2026-05-15 15:00:00,370.8,371.0,370.75,370.85,3102
PRAJIND,2026-05-15 15:01:00,371.05,371.8,371.05,371.75,4261
PRAJIND,2026-05-15 15:02:00,371.8,372.4,371.7,372.4,2445
PRAJIND,2026-05-15 15:03:00,372.15,372.65,372.05,372.65,3541
PRAJIND,2026-05-15 15:04:00,372.55,372.55,372.45,372.45,134
PRAJIND,2026-05-15 15:05:00,372.45,372.95,372.45,372.6,3290
PRAJIND,2026-05-15 15:06:00,372.0,372.35,371.55,371.85,13771
PRAJIND,2026-05-15 15:07:00,371.85,371.95,371.5,371.6,633
PRAJIND,2026-05-15 15:08:00,371.75,371.75,370.2,370.6,25764
PRAJIND,2026-05-15 15:09:00,370.6,370.8,370.4,370.5,2120
PRAJIND,2026-05-15 15:10:00,370.75,371.25,370.75,371.25,5519
PRAJIND,2026-05-15 15:11:00,371.25,371.25,370.9,370.9,3273
PRAJIND,2026-05-15 15:12:00,369.95,370.75,369.95,370.4,28196
PRAJIND,2026-05-15 15:13:00,370.4,370.55,370.3,370.35,938
PRAJIND,2026-05-15 15:14:00,370.4,370.7,370.3,370.3,1996
PRAJIND,2026-05-15 15:15:00,370.45,370.6,370.3,370.35,3187
PRAJIND,2026-05-15 15:16:00,370.35,370.35,369.55,370.2,6081
PRAJIND,2026-05-15 15:17:00,370.15,370.35,370.1,370.15,1716
PRAJIND,2026-05-15 15:18:00,370.15,370.4,370.1,370.35,1734
PRAJIND,2026-05-15 15:19:00,370.15,370.55,370.1,370.55,2292
PRAJIND,2026-05-15 15:20:00,370.2,370.45,370.2,370.3,2233
PRAJIND,2026-05-15 15:21:00,370.35,370.45,369.8,370.4,11437
PRAJIND,2026-05-15 15:22:00,370.25,370.75,370.0,370.5,2813
PRAJIND,2026-05-15 15:23:00,370.5,370.5,370.1,370.15,1476
PRAJIND,2026-05-15 15:24:00,370.45,370.45,370.0,370.1,16445
PRAJIND,2026-05-15 15:25:00,370.25,370.35,369.65,370.0,4994
PRAJIND,2026-05-15 15:26:00,370.15,370.35,369.65,370.0,3652
PRAJIND,2026-05-15 15:27:00,370.0,370.65,369.85,370.35,6362
PRAJIND,2026-05-15 15:28:00,370.4,370.4,369.2,369.95,4879
PRAJIND,2026-05-15 15:29:00,369.55,370.5,368.15,368.15,6418
PRAJIND,2026-05-18 09:15:00,367.0,367.35,364.5,364.8,11646
PRAJIND,2026-05-18 09:16:00,364.05,364.05,362.4,363.1,10348
PRAJIND,2026-05-18 09:17:00,363.85,363.85,362.8,363.7,8025
PRAJIND,2026-05-18 09:18:00,363.8,363.8,362.5,362.5,6310
PRAJIND,2026-05-18 09:19:00,362.55,364.5,362.55,364.5,6493
PRAJIND,2026-05-18 09:20:00,364.7,364.7,363.5,363.75,6297
PRAJIND,2026-05-18 09:21:00,363.35,363.7,363.3,363.4,2163
PRAJIND,2026-05-18 09:22:00,363.3,363.3,362.05,362.3,11467
PRAJIND,2026-05-18 09:23:00,362.2,363.25,361.85,363.25,2834
PRAJIND,2026-05-18 09:24:00,363.55,363.55,362.5,362.5,5013
PRAJIND,2026-05-18 09:25:00,362.55,362.75,362.1,362.1,2874
PRAJIND,2026-05-18 09:26:00,361.8,361.8,361.1,361.6,5710
PRAJIND,2026-05-18 09:27:00,362.1,362.1,361.15,361.15,4915
PRAJIND,2026-05-18 09:28:00,361.1,361.3,360.6,360.6,5268
PRAJIND,2026-05-18 09:29:00,360.65,360.85,360.15,360.55,6535
PRAJIND,2026-05-18 09:30:00,360.55,361.5,360.55,361.45,6383
PRAJIND,2026-05-18 09:31:00,361.05,361.1,360.15,360.65,5194
PRAJIND,2026-05-18 09:32:00,360.75,360.75,360.25,360.75,1527
PRAJIND,2026-05-18 09:33:00,360.85,362.5,360.85,361.95,4494
PRAJIND,2026-05-18 09:34:00,361.85,361.85,361.4,361.5,6813
PRAJIND,2026-05-18 09:35:00,361.4,361.4,360.5,360.65,6917
PRAJIND,2026-05-18 09:36:00,360.8,361.35,360.4,361.35,5134
PRAJIND,2026-05-18 09:37:00,361.0,361.0,360.3,360.3,5705
PRAJIND,2026-05-18 09:38:00,359.85,360.0,359.65,359.75,11379
PRAJIND,2026-05-18 09:39:00,359.55,359.95,359.15,359.45,4989
PRAJIND,2026-05-18 09:40:00,359.8,359.8,359.45,359.6,3027
PRAJIND,2026-05-18 09:41:00,359.6,360.3,359.35,359.35,2878
PRAJIND,2026-05-18 09:42:00,359.35,360.45,359.35,360.45,3699
PRAJIND,2026-05-18 09:43:00,360.6,360.85,360.1,360.85,3102
PRAJIND,2026-05-18 09:44:00,360.7,361.1,359.85,359.85,2997
PRAJIND,2026-05-18 09:45:00,359.75,359.85,359.65,359.8,3117
PRAJIND,2026-05-18 09:46:00,360.0,360.3,359.7,359.7,9338
PRAJIND,2026-05-18 09:47:00,359.75,359.9,359.0,359.05,10554
PRAJIND,2026-05-18 09:48:00,358.9,359.1,358.35,358.55,6837
PRAJIND,2026-05-18 09:49:00,358.7,358.7,358.0,358.35,5843
PRAJIND,2026-05-18 09:50:00,358.05,358.35,357.65,357.65,5591
PRAJIND,2026-05-18 09:51:00,357.9,358.25,357.7,358.05,10426
PRAJIND,2026-05-18 09:52:00,357.85,358.15,357.6,357.7,4233
PRAJIND,2026-05-18 09:53:00,357.7,357.7,356.6,356.6,5671
PRAJIND,2026-05-18 09:54:00,356.7,357.15,356.7,357.15,5519
PRAJIND,2026-05-18 09:55:00,357.15,357.3,356.55,357.25,7733
PRAJIND,2026-05-18 09:56:00,357.3,357.5,356.9,357.5,3454
PRAJIND,2026-05-18 09:57:00,357.15,357.4,357.0,357.2,2501
PRAJIND,2026-05-18 09:58:00,356.9,357.15,356.5,356.65,2526
PRAJIND,2026-05-18 09:59:00,356.8,357.6,356.7,357.6,9909
PRAJIND,2026-05-18 10:00:00,357.45,358.25,357.35,357.85,4383
PRAJIND,2026-05-18 10:01:00,358.2,358.3,358.15,358.25,2143
PRAJIND,2026-05-18 10:02:00,358.45,358.45,358.05,358.45,2436
PRAJIND,2026-05-18 10:03:00,358.45,358.45,358.15,358.15,812
PRAJIND,2026-05-18 10:04:00,358.15,358.25,357.65,357.85,2963
PRAJIND,2026-05-18 10:05:00,358.05,358.7,357.9,358.2,3205
PRAJIND,2026-05-18 10:06:00,358.2,358.3,357.95,357.95,1609
PRAJIND,2026-05-18 10:07:00,357.5,357.55,357.0,357.35,2931
PRAJIND,2026-05-18 10:08:00,358.85,358.9,358.55,358.55,19821
PRAJIND,2026-05-18 10:09:00,358.9,359.15,358.45,358.45,1695
PRAJIND,2026-05-18 10:10:00,358.85,359.45,358.85,358.9,2752
PRAJIND,2026-05-18 10:11:00,358.6,359.0,358.25,358.7,1515
PRAJIND,2026-05-18 10:12:00,358.7,358.7,358.35,358.4,423
PRAJIND,2026-05-18 10:13:00,358.4,358.65,358.35,358.4,910
PRAJIND,2026-05-18 10:14:00,358.4,359.25,358.35,359.25,2205
PRAJIND,2026-05-18 10:15:00,359.25,359.4,358.85,358.85,1961
PRAJIND,2026-05-18 10:16:00,358.85,359.2,358.85,359.2,579
PRAJIND,2026-05-18 10:17:00,359.4,359.65,359.1,359.55,2343
PRAJIND,2026-05-18 10:18:00,359.75,359.75,359.2,359.3,2184
PRAJIND,2026-05-18 10:19:00,359.3,360.7,359.3,360.7,16157
PRAJIND,2026-05-18 10:20:00,360.7,360.8,360.3,360.3,1457
PRAJIND,2026-05-18 10:21:00,360.3,360.8,360.1,360.35,9153
PRAJIND,2026-05-18 10:22:00,360.0,360.25,359.9,360.0,17342
PRAJIND,2026-05-18 10:23:00,360.15,360.15,359.5,360.15,1141
PRAJIND,2026-05-18 10:24:00,360.2,360.2,359.4,359.5,1777
PRAJIND,2026-05-18 10:25:00,359.9,359.95,359.75,359.85,7370
PRAJIND,2026-05-18 10:26:00,359.85,359.85,359.55,359.85,907
PRAJIND,2026-05-18 10:27:00,359.65,359.85,359.1,359.25,954
PRAJIND,2026-05-18 10:28:00,359.0,359.15,359.0,359.0,364
PRAJIND,2026-05-18 10:29:00,359.25,359.55,359.25,359.4,1891
PRAJIND,2026-05-18 10:30:00,359.3,359.45,359.1,359.1,544
PRAJIND,2026-05-18 10:31:00,359.0,359.0,358.6,358.8,303
PRAJIND,2026-05-18 10:32:00,358.8,359.25,358.65,359.25,4032
PRAJIND,2026-05-18 10:33:00,359.25,360.0,359.2,360.0,793
PRAJIND,2026-05-18 10:34:00,359.85,361.6,359.85,361.6,2020
PRAJIND,2026-05-18 10:35:00,362.0,362.0,360.85,361.0,5357
PRAJIND,2026-05-18 10:36:00,361.0,361.35,360.9,361.35,2880
PRAJIND,2026-05-18 10:37:00,361.35,362.7,361.35,362.45,4426
PRAJIND,2026-05-18 10:38:00,362.7,363.0,362.55,362.85,2764
PRAJIND,2026-05-18 10:39:00,362.85,362.85,362.2,362.3,1957
PRAJIND,2026-05-18 10:40:00,362.4,362.55,362.2,362.4,3161
PRAJIND,2026-05-18 10:41:00,362.4,362.4,362.2,362.3,1196
PRAJIND,2026-05-18 10:42:00,362.3,362.3,361.5,362.15,6122
PRAJIND,2026-05-18 10:43:00,362.3,362.4,361.8,361.85,4630
PRAJIND,2026-05-18 10:44:00,361.95,362.4,361.8,362.0,20442
PRAJIND,2026-05-18 10:45:00,361.95,362.65,361.85,362.65,1123
PRAJIND,2026-05-18 10:46:00,362.65,362.65,362.15,362.35,90
PRAJIND,2026-05-18 10:47:00,362.35,362.35,361.95,362.2,496
PRAJIND,2026-05-18 10:48:00,362.0,362.25,362.0,362.1,763
PRAJIND,2026-05-18 10:49:00,362.1,363.0,362.1,362.45,2629
PRAJIND,2026-05-18 10:50:00,362.45,362.55,362.45,362.55,103
PRAJIND,2026-05-18 10:51:00,362.65,363.4,362.65,363.4,3209
PRAJIND,2026-05-18 10:52:00,363.15,363.15,362.9,363.05,1027
PRAJIND,2026-05-18 10:53:00,362.95,363.3,362.95,363.15,1704
PRAJIND,2026-05-18 10:54:00,363.2,363.45,363.2,363.25,454
PRAJIND,2026-05-18 10:55:00,363.15,363.5,363.15,363.5,755
PRAJIND,2026-05-18 10:56:00,363.3,363.5,363.1,363.2,791
PRAJIND,2026-05-18 10:57:00,363.2,363.2,362.65,362.65,739
PRAJIND,2026-05-18 10:58:00,362.55,362.85,362.55,362.6,179
PRAJIND,2026-05-18 10:59:00,362.85,362.95,362.5,362.85,1237
PRAJIND,2026-05-18 11:00:00,362.6,362.95,362.2,362.4,1454
PRAJIND,2026-05-18 11:01:00,362.4,363.4,362.4,363.3,961
PRAJIND,2026-05-18 11:02:00,363.2,364.2,363.2,364.05,3074
PRAJIND,2026-05-18 11:03:00,364.05,364.05,363.65,363.9,2143
PRAJIND,2026-05-18 11:04:00,363.9,364.0,363.15,363.65,4749
PRAJIND,2026-05-18 11:05:00,363.75,363.75,363.5,363.7,117
PRAJIND,2026-05-18 11:06:00,363.7,363.9,363.65,363.65,140
PRAJIND,2026-05-18 11:07:00,363.65,363.95,363.6,363.7,267
PRAJIND,2026-05-18 11:08:00,363.7,363.7,363.45,363.45,573
PRAJIND,2026-05-18 11:09:00,363.7,363.85,363.5,363.85,73
PRAJIND,2026-05-18 11:10:00,363.85,363.85,363.6,363.8,387
PRAJIND,2026-05-18 11:11:00,363.8,363.8,363.0,363.15,225
PRAJIND,2026-05-18 11:12:00,363.15,363.4,363.15,363.15,424
PRAJIND,2026-05-18 11:13:00,363.0,363.0,362.8,362.9,915
PRAJIND,2026-05-18 11:14:00,362.9,362.9,362.7,362.7,5
PRAJIND,2026-05-18 11:15:00,362.7,362.7,362.5,362.65,129
PRAJIND,2026-05-18 11:16:00,362.65,363.15,362.65,363.15,418
PRAJIND,2026-05-18 11:17:00,363.15,363.4,362.95,363.05,393
PRAJIND,2026-05-18 11:18:00,363.05,363.3,363.05,363.05,105
PRAJIND,2026-05-18 11:19:00,363.25,363.4,363.05,363.05,675
PRAJIND,2026-05-18 11:20:00,363.05,363.1,362.5,362.9,3542
PRAJIND,2026-05-18 11:21:00,362.7,362.7,362.1,362.3,122
PRAJIND,2026-05-18 11:22:00,362.3,363.0,362.3,363.0,1550
PRAJIND,2026-05-18 11:23:00,363.15,363.15,363.15,363.15,134
PRAJIND,2026-05-18 11:24:00,363.15,363.3,363.15,363.3,11
PRAJIND,2026-05-18 11:25:00,363.15,363.3,363.15,363.2,319
PRAJIND,2026-05-18 11:26:00,363.2,363.3,363.15,363.3,152
PRAJIND,2026-05-18 11:27:00,363.3,363.4,363.15,363.4,836
PRAJIND,2026-05-18 11:28:00,363.4,363.7,363.2,363.7,555
PRAJIND,2026-05-18 11:29:00,363.7,363.7,363.35,363.35,2074
PRAJIND,2026-05-18 11:30:00,363.35,363.4,363.2,363.4,97
PRAJIND,2026-05-18 11:31:00,363.45,363.6,363.45,363.6,650
PRAJIND,2026-05-18 11:32:00,363.6,364.75,363.6,364.55,9274
PRAJIND,2026-05-18 11:33:00,364.55,365.8,364.3,365.35,10179
PRAJIND,2026-05-18 11:34:00,365.35,365.5,365.15,365.3,672
PRAJIND,2026-05-18 11:35:00,365.3,365.35,365.0,365.0,1736
PRAJIND,2026-05-18 11:36:00,365.0,365.0,364.5,364.85,3021
PRAJIND,2026-05-18 11:37:00,364.85,365.15,364.85,365.15,3
PRAJIND,2026-05-18 11:38:00,365.15,365.25,364.75,364.85,1569
PRAJIND,2026-05-18 11:39:00,364.85,365.0,364.65,365.0,657
PRAJIND,2026-05-18 11:40:00,365.0,365.0,364.65,364.8,336
PRAJIND,2026-05-18 11:41:00,364.6,364.6,364.0,364.0,1072
PRAJIND,2026-05-18 11:42:00,364.05,364.05,363.8,363.85,567
PRAJIND,2026-05-18 11:43:00,363.85,364.45,363.85,364.0,3350
PRAJIND,2026-05-18 11:44:00,364.0,364.0,363.7,364.0,613
PRAJIND,2026-05-18 11:45:00,364.0,364.0,363.9,364.0,533
PRAJIND,2026-05-18 11:46:00,364.0,364.0,363.9,363.9,477
PRAJIND,2026-05-18 11:47:00,363.9,363.9,362.9,362.9,1787
PRAJIND,2026-05-18 11:48:00,363.15,363.45,362.95,363.2,1488
PRAJIND,2026-05-18 11:49:00,363.2,363.2,363.0,363.0,724
PRAJIND,2026-05-18 11:50:00,363.25,363.7,363.25,363.55,901
PRAJIND,2026-05-18 11:51:00,363.55,363.6,363.1,363.3,778
PRAJIND,2026-05-18 11:52:00,363.3,363.35,363.0,363.0,749
PRAJIND,2026-05-18 11:53:00,363.0,363.05,362.8,362.85,458
PRAJIND,2026-05-18 11:54:00,362.85,362.85,362.65,362.65,283
PRAJIND,2026-05-18 11:55:00,362.65,362.85,362.65,362.85,1623
PRAJIND,2026-05-18 11:56:00,362.85,362.95,362.45,362.5,971
PRAJIND,2026-05-18 11:57:00,362.5,362.85,362.45,362.7,286
PRAJIND,2026-05-18 11:58:00,362.7,362.75,362.35,362.7,610
PRAJIND,2026-05-18 11:59:00,362.7,362.7,362.45,362.5,215
PRAJIND,2026-05-18 12:00:00,362.5,362.5,362.1,362.5,763
PRAJIND,2026-05-18 12:01:00,362.5,362.85,362.5,362.85,776
PRAJIND,2026-05-18 12:02:00,363.0,363.0,362.5,362.8,861
PRAJIND,2026-05-18 12:03:00,362.85,362.85,362.55,362.85,240
PRAJIND,2026-05-18 12:04:00,362.85,362.85,362.6,362.8,284
PRAJIND,2026-05-18 12:05:00,362.8,362.8,362.65,362.8,298
PRAJIND,2026-05-18 12:06:00,362.8,362.8,362.75,362.8,124
PRAJIND,2026-05-18 12:07:00,362.8,362.8,362.7,362.8,389
PRAJIND,2026-05-18 12:08:00,362.8,363.0,362.55,363.0,844
PRAJIND,2026-05-18 12:09:00,363.0,363.0,362.65,362.65,870
PRAJIND,2026-05-18 12:10:00,362.65,362.85,362.45,362.85,1142
PRAJIND,2026-05-18 12:11:00,363.0,363.0,360.75,361.7,7204
PRAJIND,2026-05-18 12:12:00,361.65,361.7,361.15,361.45,1181
PRAJIND,2026-05-18 12:13:00,361.25,361.6,361.05,361.05,3453
PRAJIND,2026-05-18 12:14:00,361.05,361.5,360.95,361.2,2155
PRAJIND,2026-05-18 12:15:00,361.05,361.6,361.05,361.45,2821
PRAJIND,2026-05-18 12:16:00,361.45,361.55,361.25,361.5,191
PRAJIND,2026-05-18 12:17:00,361.5,361.5,361.2,361.4,377
PRAJIND,2026-05-18 12:18:00,361.45,361.45,361.05,361.35,705
PRAJIND,2026-05-18 12:19:00,361.5,361.5,361.2,361.2,197
PRAJIND,2026-05-18 12:20:00,361.35,361.45,361.35,361.4,344
PRAJIND,2026-05-18 12:21:00,361.4,361.45,360.5,360.85,5439
PRAJIND,2026-05-18 12:22:00,360.85,360.85,359.5,359.75,8347
PRAJIND,2026-05-18 12:23:00,359.95,360.0,359.75,359.95,653
PRAJIND,2026-05-18 12:24:00,359.95,360.0,359.8,360.0,338
PRAJIND,2026-05-18 12:25:00,360.0,360.0,360.0,360.0,286
PRAJIND,2026-05-18 12:26:00,360.0,360.25,359.85,360.0,981
PRAJIND,2026-05-18 12:27:00,360.0,360.0,359.75,359.75,877
PRAJIND,2026-05-18 12:28:00,359.75,359.85,359.5,359.5,322
PRAJIND,2026-05-18 12:29:00,359.5,359.8,359.15,359.8,1056
PRAJIND,2026-05-18 12:30:00,359.85,359.85,359.5,359.5,929
PRAJIND,2026-05-18 12:31:00,359.25,359.75,359.25,359.75,291
PRAJIND,2026-05-18 12:32:00,359.75,360.0,359.75,360.0,2608
PRAJIND,2026-05-18 12:33:00,360.0,360.0,359.65,359.85,2678
PRAJIND,2026-05-18 12:34:00,359.95,360.0,359.8,359.8,676
PRAJIND,2026-05-18 12:35:00,360.0,360.0,360.0,360.0,504
PRAJIND,2026-05-18 12:36:00,359.85,360.0,359.85,360.0,1045
PRAJIND,2026-05-18 12:37:00,360.0,360.0,360.0,360.0,758
PRAJIND,2026-05-18 12:38:00,360.15,360.15,359.8,359.8,1799
PRAJIND,2026-05-18 12:39:00,359.8,360.0,359.8,360.0,689
PRAJIND,2026-05-18 12:40:00,359.95,360.0,359.9,359.9,327
PRAJIND,2026-05-18 12:41:00,360.0,360.0,359.9,360.0,493
PRAJIND,2026-05-18 12:42:00,360.0,360.05,359.95,360.0,1044
PRAJIND,2026-05-18 12:43:00,360.0,360.0,360.0,360.0,393
PRAJIND,2026-05-18 12:44:00,360.0,360.0,359.65,359.65,737
PRAJIND,2026-05-18 12:45:00,359.65,359.95,359.65,359.9,466
PRAJIND,2026-05-18 12:46:00,359.65,359.85,359.5,359.85,950
PRAJIND,2026-05-18 12:47:00,359.85,359.85,359.6,359.85,919
PRAJIND,2026-05-18 12:48:00,359.85,359.85,359.8,359.85,1602
PRAJIND,2026-05-18 12:49:00,359.85,359.95,359.55,359.85,891
PRAJIND,2026-05-18 12:50:00,359.9,360.0,359.9,360.0,842
PRAJIND,2026-05-18 12:51:00,360.0,360.0,359.55,360.0,764
PRAJIND,2026-05-18 12:52:00,360.0,360.0,359.8,359.95,410
PRAJIND,2026-05-18 12:53:00,359.85,359.85,359.5,359.85,1021
PRAJIND,2026-05-18 12:54:00,359.85,360.0,359.7,360.0,708
PRAJIND,2026-05-18 12:55:00,360.0,360.1,360.0,360.0,7278
PRAJIND,2026-05-18 12:56:00,360.0,360.0,359.8,359.95,1735
PRAJIND,2026-05-18 12:57:00,360.0,360.0,359.8,360.0,354
PRAJIND,2026-05-18 12:58:00,360.0,360.1,359.9,360.0,1812
PRAJIND,2026-05-18 12:59:00,359.95,360.0,359.95,360.0,615
PRAJIND,2026-05-18 13:00:00,360.0,360.0,360.0,360.0,1708
PRAJIND,2026-05-18 13:01:00,360.0,360.0,359.8,359.85,1117
PRAJIND,2026-05-18 13:02:00,360.0,360.0,360.0,360.0,384
PRAJIND,2026-05-18 13:03:00,360.0,360.0,360.0,360.0,4809
PRAJIND,2026-05-18 13:04:00,360.0,360.0,359.85,359.85,1647
PRAJIND,2026-05-18 13:05:00,360.0,360.0,359.7,359.85,1767
PRAJIND,2026-05-18 13:06:00,359.85,360.0,359.85,360.0,373
PRAJIND,2026-05-18 13:07:00,360.0,360.0,359.65,359.8,1847
PRAJIND,2026-05-18 13:08:00,359.85,359.85,359.7,359.8,395
PRAJIND,2026-05-18 13:09:00,359.85,360.0,359.65,360.0,358
PRAJIND,2026-05-18 13:10:00,360.0,360.0,359.65,359.7,897
PRAJIND,2026-05-18 13:11:00,359.75,359.85,359.75,359.85,207
PRAJIND,2026-05-18 13:12:00,359.85,359.85,359.65,359.85,368
PRAJIND,2026-05-18 13:13:00,359.85,359.85,359.65,359.85,1744
PRAJIND,2026-05-18 13:14:00,359.85,360.0,359.75,360.0,556
PRAJIND,2026-05-18 13:15:00,360.0,360.0,359.85,360.0,333
PRAJIND,2026-05-18 13:16:00,360.0,361.25,360.0,361.25,19925
PRAJIND,2026-05-18 13:17:00,361.3,361.85,361.3,361.8,925
PRAJIND,2026-05-18 13:18:00,361.8,361.85,359.95,360.0,5008
PRAJIND,2026-05-18 13:19:00,360.0,360.0,359.35,359.45,1512
PRAJIND,2026-05-18 13:20:00,359.45,359.75,359.05,359.05,3725
PRAJIND,2026-05-18 13:21:00,359.55,359.85,359.55,359.65,775
PRAJIND,2026-05-18 13:22:00,359.8,359.8,359.2,359.2,5950
PRAJIND,2026-05-18 13:23:00,359.35,359.85,359.35,359.85,358
PRAJIND,2026-05-18 13:24:00,359.85,360.25,359.7,359.95,6687
PRAJIND,2026-05-18 13:25:00,359.95,360.0,359.95,359.95,1282
PRAJIND,2026-05-18 13:26:00,360.0,360.0,359.45,359.85,2362
PRAJIND,2026-05-18 13:27:00,359.85,360.0,359.75,359.75,3196
PRAJIND,2026-05-18 13:28:00,359.7,359.85,359.6,359.85,558
PRAJIND,2026-05-18 13:29:00,359.85,360.0,359.6,359.85,1211
PRAJIND,2026-05-18 13:30:00,359.85,360.5,359.85,360.0,16679
PRAJIND,2026-05-18 13:31:00,360.0,360.25,359.6,359.6,2439
PRAJIND,2026-05-18 13:32:00,359.85,360.0,359.75,359.85,1107
PRAJIND,2026-05-18 13:33:00,359.7,360.0,359.7,359.85,1530
PRAJIND,2026-05-18 13:34:00,359.85,359.85,359.7,359.85,320
PRAJIND,2026-05-18 13:35:00,359.85,360.0,359.7,360.0,502
PRAJIND,2026-05-18 13:36:00,360.0,360.0,359.9,359.9,2495
PRAJIND,2026-05-18 13:37:00,359.9,359.9,359.75,359.8,423
PRAJIND,2026-05-18 13:38:00,359.85,360.0,359.75,360.0,243
PRAJIND,2026-05-18 13:39:00,360.0,360.0,359.9,359.95,249
PRAJIND,2026-05-18 13:40:00,360.0,360.0,359.7,360.0,1500
PRAJIND,2026-05-18 13:41:00,360.0,360.0,359.85,360.0,2260
PRAJIND,2026-05-18 13:42:00,360.0,360.0,359.85,360.0,496
PRAJIND,2026-05-18 13:43:00,360.0,360.0,359.9,360.0,1052
PRAJIND,2026-05-18 13:44:00,360.0,360.4,359.9,360.1,5652
PRAJIND,2026-05-18 13:45:00,360.1,360.75,360.1,360.45,14522
PRAJIND,2026-05-18 13:46:00,360.3,361.7,360.2,361.7,4327
PRAJIND,2026-05-18 13:47:00,361.85,362.15,361.85,362.0,2211
PRAJIND,2026-05-18 13:48:00,361.8,362.25,361.75,362.25,3371
PRAJIND,2026-05-18 13:49:00,362.25,362.5,362.0,362.45,996
PRAJIND,2026-05-18 13:50:00,362.45,362.65,362.25,362.4,1042
PRAJIND,2026-05-18 13:51:00,362.4,363.0,362.4,362.95,1338
PRAJIND,2026-05-18 13:52:00,363.05,363.15,362.85,362.9,775
PRAJIND,2026-05-18 13:53:00,363.1,363.1,360.8,360.85,9081
PRAJIND,2026-05-18 13:54:00,361.3,361.3,360.5,360.9,1930
PRAJIND,2026-05-18 13:55:00,360.9,361.0,360.75,360.75,984
PRAJIND,2026-05-18 13:56:00,360.75,360.85,360.75,360.85,467
PRAJIND,2026-05-18 13:57:00,360.85,360.85,359.8,359.8,23557
PRAJIND,2026-05-18 13:58:00,359.7,359.85,359.6,359.85,364
PRAJIND,2026-05-18 13:59:00,359.85,360.0,359.65,360.0,1039
PRAJIND,2026-05-18 14:00:00,360.0,360.0,359.8,359.85,326
PRAJIND,2026-05-18 14:01:00,359.85,359.85,359.6,359.7,463
PRAJIND,2026-05-18 14:02:00,359.7,359.85,359.7,359.75,302
PRAJIND,2026-05-18 14:03:00,359.8,359.85,359.65,359.85,616
PRAJIND,2026-05-18 14:04:00,359.85,359.85,359.7,359.7,451
PRAJIND,2026-05-18 14:05:00,359.8,359.8,359.55,359.55,519
PRAJIND,2026-05-18 14:06:00,359.5,359.5,359.1,359.4,9522
PRAJIND,2026-05-18 14:07:00,359.4,359.6,359.05,359.5,2183
PRAJIND,2026-05-18 14:08:00,359.55,359.85,359.55,359.7,285
PRAJIND,2026-05-18 14:09:00,359.7,359.7,359.2,359.55,1726
PRAJIND,2026-05-18 14:10:00,359.55,359.95,359.55,359.85,1282
PRAJIND,2026-05-18 14:11:00,359.85,359.85,359.3,359.65,636
PRAJIND,2026-05-18 14:12:00,359.75,359.9,359.65,359.9,1013
PRAJIND,2026-05-18 14:13:00,359.9,360.0,359.85,359.9,541
PRAJIND,2026-05-18 14:14:00,359.85,359.85,359.5,359.5,561
PRAJIND,2026-05-18 14:15:00,359.5,359.65,359.0,359.4,4908
PRAJIND,2026-05-18 14:16:00,359.4,359.85,359.4,359.55,760
PRAJIND,2026-05-18 14:17:00,359.55,359.65,359.4,359.6,457
PRAJIND,2026-05-18 14:18:00,359.6,359.75,359.35,359.6,2065
PRAJIND,2026-05-18 14:19:00,359.6,359.85,359.35,359.85,307
PRAJIND,2026-05-18 14:20:00,359.85,360.0,359.6,360.0,3089
PRAJIND,2026-05-18 14:21:00,360.0,360.0,359.6,359.75,291
PRAJIND,2026-05-18 14:22:00,359.75,359.85,359.35,359.5,1018
PRAJIND,2026-05-18 14:23:00,359.5,359.75,359.5,359.5,241
PRAJIND,2026-05-18 14:24:00,359.8,359.85,359.05,359.4,2750
PRAJIND,2026-05-18 14:25:00,359.4,359.45,359.3,359.35,690
PRAJIND,2026-05-18 14:26:00,359.35,359.85,359.35,359.85,362
PRAJIND,2026-05-18 14:27:00,359.85,359.85,359.8,359.8,682
PRAJIND,2026-05-18 14:28:00,359.8,359.85,359.5,359.85,769
PRAJIND,2026-05-18 14:29:00,359.85,359.85,359.65,359.85,238
PRAJIND,2026-05-18 14:30:00,359.85,359.85,359.45,359.45,1592
PRAJIND,2026-05-18 14:31:00,359.45,360.0,359.45,360.0,3652
PRAJIND,2026-05-18 14:32:00,360.0,360.0,359.65,359.65,7828
PRAJIND,2026-05-18 14:33:00,359.75,359.8,359.45,359.75,549
PRAJIND,2026-05-18 14:34:00,359.75,359.85,359.6,359.85,1035
PRAJIND,2026-05-18 14:35:00,359.85,359.85,359.4,359.55,964
PRAJIND,2026-05-18 14:36:00,359.55,359.8,359.55,359.55,292
PRAJIND,2026-05-18 14:37:00,359.55,359.8,359.55,359.8,559
PRAJIND,2026-05-18 14:38:00,359.8,359.8,359.55,359.6,1188
PRAJIND,2026-05-18 14:39:00,359.6,359.6,359.25,359.55,1020
PRAJIND,2026-05-18 14:40:00,359.55,359.55,359.05,359.4,1472
PRAJIND,2026-05-18 14:41:00,359.45,359.6,359.3,359.55,547
PRAJIND,2026-05-18 14:42:00,359.55,359.8,359.35,359.6,625
PRAJIND,2026-05-18 14:43:00,359.6,359.8,359.35,359.8,1210
PRAJIND,2026-05-18 14:44:00,359.8,360.0,359.8,359.8,416
PRAJIND,2026-05-18 14:45:00,359.8,359.8,359.45,359.8,670
PRAJIND,2026-05-18 14:46:00,359.8,359.8,359.8,359.8,427
PRAJIND,2026-05-18 14:47:00,359.85,359.9,359.5,359.65,909
PRAJIND,2026-05-18 14:48:00,359.6,359.7,359.5,359.7,255
PRAJIND,2026-05-18 14:49:00,359.75,362.4,359.75,361.6,55488
PRAJIND,2026-05-18 14:50:00,361.6,362.55,361.4,362.55,5975
PRAJIND,2026-05-18 14:51:00,362.4,362.4,360.85,360.85,18312
PRAJIND,2026-05-18 14:52:00,360.85,361.0,360.8,360.85,1889
PRAJIND,2026-05-18 14:53:00,360.85,360.85,360.75,360.85,257
PRAJIND,2026-05-18 14:54:00,360.85,361.0,360.85,361.0,1567
PRAJIND,2026-05-18 14:55:00,361.0,361.3,360.75,361.05,3257
PRAJIND,2026-05-18 14:56:00,361.05,361.15,360.7,360.85,3170
PRAJIND,2026-05-18 14:57:00,360.85,360.85,360.85,360.85,381
PRAJIND,2026-05-18 14:58:00,360.7,361.5,360.7,361.3,28242
PRAJIND,2026-05-18 14:59:00,361.0,361.65,361.0,361.0,18860
PRAJIND,2026-05-18 15:00:00,361.3,362.3,361.3,362.3,31857
PRAJIND,2026-05-18 15:01:00,362.5,364.2,362.5,364.05,39159
PRAJIND,2026-05-18 15:02:00,364.25,365.3,364.25,364.8,15918
PRAJIND,2026-05-18 15:03:00,364.65,365.85,364.65,365.55,9369
PRAJIND,2026-05-18 15:04:00,365.6,365.85,365.35,365.85,4047
PRAJIND,2026-05-18 15:05:00,365.65,365.85,365.25,365.25,7639
PRAJIND,2026-05-18 15:06:00,365.25,365.6,365.05,365.2,3085
PRAJIND,2026-05-18 15:07:00,365.7,365.75,365.45,365.45,1571
PRAJIND,2026-05-18 15:08:00,365.3,365.55,365.25,365.45,1439
PRAJIND,2026-05-18 15:09:00,365.3,365.45,364.75,365.0,3092
PRAJIND,2026-05-18 15:10:00,365.25,365.35,365.1,365.25,1684
PRAJIND,2026-05-18 15:11:00,365.45,365.65,365.45,365.55,1428
PRAJIND,2026-05-18 15:12:00,365.5,365.5,365.0,365.35,1012
PRAJIND,2026-05-18 15:13:00,365.2,365.45,365.15,365.15,1038
PRAJIND,2026-05-18 15:14:00,365.2,365.9,365.2,365.5,4492
PRAJIND,2026-05-18 15:15:00,365.6,365.7,364.85,365.5,12792
PRAJIND,2026-05-18 15:16:00,365.7,366.75,365.65,366.75,2556
PRAJIND,2026-05-18 15:17:00,366.75,366.75,365.7,365.75,3592
PRAJIND,2026-05-18 15:18:00,365.9,366.4,365.4,366.1,6173
PRAJIND,2026-05-18 15:19:00,366.15,366.4,366.05,366.3,2408
PRAJIND,2026-05-18 15:20:00,365.8,366.45,365.8,366.3,10401
PRAJIND,2026-05-18 15:21:00,366.8,366.85,366.3,366.85,6481
PRAJIND,2026-05-18 15:22:00,366.8,367.25,366.65,367.0,4587
PRAJIND,2026-05-18 15:23:00,366.75,367.65,366.75,367.05,3633
PRAJIND,2026-05-18 15:24:00,366.85,367.15,366.75,367.0,3868
PRAJIND,2026-05-18 15:25:00,367.0,367.0,365.8,366.15,11009
PRAJIND,2026-05-18 15:26:00,366.15,366.25,366.05,366.15,1501
PRAJIND,2026-05-18 15:27:00,366.15,366.4,365.95,365.95,3420
PRAJIND,2026-05-18 15:28:00,366.05,366.35,364.75,366.0,6096
PRAJIND,2026-05-18 15:29:00,365.5,366.0,364.85,365.1,3057
PRAJIND,2026-05-19 09:15:00,364.1,366.75,363.95,365.3,8453
PRAJIND,2026-05-19 09:16:00,365.35,366.4,365.35,365.35,8812
PRAJIND,2026-05-19 09:17:00,365.4,365.5,364.0,365.5,2768
PRAJIND,2026-05-19 09:18:00,365.7,366.8,365.4,366.8,3966
PRAJIND,2026-05-19 09:19:00,366.65,367.15,366.0,366.15,4619
PRAJIND,2026-05-19 09:20:00,366.55,367.8,366.5,367.5,4758
PRAJIND,2026-05-19 09:21:00,367.05,367.4,366.7,366.95,4427
PRAJIND,2026-05-19 09:22:00,366.8,367.85,366.8,367.45,2994
PRAJIND,2026-05-19 09:23:00,367.65,367.65,366.5,366.75,2165
PRAJIND,2026-05-19 09:24:00,366.45,367.7,366.4,367.25,1915
PRAJIND,2026-05-19 09:25:00,367.25,367.45,367.05,367.25,2128
PRAJIND,2026-05-19 09:26:00,367.25,367.9,367.25,367.6,5625
PRAJIND,2026-05-19 09:27:00,367.75,367.75,366.7,366.85,1619
PRAJIND,2026-05-19 09:28:00,366.8,367.1,366.8,367.0,507
PRAJIND,2026-05-19 09:29:00,366.9,366.95,366.35,366.85,2274
PRAJIND,2026-05-19 09:30:00,366.8,367.15,366.75,367.15,2251
PRAJIND,2026-05-19 09:31:00,366.45,367.5,366.3,367.5,5919
PRAJIND,2026-05-19 09:32:00,367.5,367.5,366.4,366.4,757
PRAJIND,2026-05-19 09:33:00,366.05,366.95,365.95,365.95,4552
PRAJIND,2026-05-19 09:34:00,365.6,366.05,365.1,365.1,4489
PRAJIND,2026-05-19 09:35:00,365.05,365.3,364.5,365.3,5745
PRAJIND,2026-05-19 09:36:00,365.15,365.35,364.8,364.8,1763
PRAJIND,2026-05-19 09:37:00,364.8,365.65,364.6,365.2,2580
PRAJIND,2026-05-19 09:38:00,365.2,365.45,364.7,364.7,2666
PRAJIND,2026-05-19 09:39:00,364.55,365.05,364.55,365.0,2602
PRAJIND,2026-05-19 09:40:00,365.0,366.3,365.0,366.3,632
PRAJIND,2026-05-19 09:41:00,366.4,366.8,366.25,366.5,1323
PRAJIND,2026-05-19 09:42:00,366.5,367.55,366.5,367.55,3641
PRAJIND,2026-05-19 09:43:00,367.75,369.0,367.65,367.85,3205
PRAJIND,2026-05-19 09:44:00,368.0,368.25,367.7,367.95,2364
PRAJIND,2026-05-19 09:45:00,367.95,368.0,367.25,367.3,3141
PRAJIND,2026-05-19 09:46:00,367.35,367.35,367.0,367.0,1622
PRAJIND,2026-05-19 09:47:00,367.0,367.5,366.95,367.2,743
PRAJIND,2026-05-19 09:48:00,367.2,367.5,367.2,367.25,21
PRAJIND,2026-05-19 09:49:00,367.25,367.5,367.2,367.5,78
PRAJIND,2026-05-19 09:50:00,367.5,367.85,367.05,367.55,1263
PRAJIND,2026-05-19 09:51:00,367.55,367.55,367.05,367.05,1390
PRAJIND,2026-05-19 09:52:00,367.05,367.3,366.85,366.85,1145
PRAJIND,2026-05-19 09:53:00,366.85,367.2,366.75,367.15,5149
PRAJIND,2026-05-19 09:54:00,367.15,367.85,367.15,367.8,497
PRAJIND,2026-05-19 09:55:00,367.8,368.15,367.8,368.15,6377
PRAJIND,2026-05-19 09:56:00,368.85,368.85,368.5,368.55,1040
PRAJIND,2026-05-19 09:57:00,368.75,369.0,368.5,368.55,872
PRAJIND,2026-05-19 09:58:00,368.55,368.55,368.25,368.45,662
PRAJIND,2026-05-19 09:59:00,368.45,368.45,367.2,367.2,5356
PRAJIND,2026-05-19 10:00:00,367.2,367.2,367.0,367.0,251
PRAJIND,2026-05-19 10:01:00,367.15,367.65,367.15,367.6,3488
PRAJIND,2026-05-19 10:02:00,367.55,367.9,367.5,367.9,518
PRAJIND,2026-05-19 10:03:00,367.9,368.05,367.85,367.9,246
PRAJIND,2026-05-19 10:04:00,367.9,368.4,367.75,368.0,1382
PRAJIND,2026-05-19 10:05:00,367.95,367.95,367.8,367.8,861
PRAJIND,2026-05-19 10:06:00,367.95,368.6,367.95,368.0,1532
PRAJIND,2026-05-19 10:07:00,368.3,369.5,368.0,369.2,8213
PRAJIND,2026-05-19 10:08:00,368.95,369.2,368.4,368.4,3752
PRAJIND,2026-05-19 10:09:00,368.4,369.15,368.4,368.75,2207
PRAJIND,2026-05-19 10:10:00,368.75,369.3,368.75,369.3,1595
PRAJIND,2026-05-19 10:11:00,369.3,369.9,369.3,369.85,1919
PRAJIND,2026-05-19 10:12:00,369.7,369.7,369.4,369.7,595
PRAJIND,2026-05-19 10:13:00,369.3,369.55,369.15,369.2,3115
PRAJIND,2026-05-19 10:14:00,369.2,370.25,369.2,370.2,2805
PRAJIND,2026-05-19 10:15:00,370.25,370.6,369.95,370.25,1485
PRAJIND,2026-05-19 10:16:00,370.2,371.3,370.2,371.2,8115
PRAJIND,2026-05-19 10:17:00,371.2,371.9,370.65,371.25,12259
PRAJIND,2026-05-19 10:18:00,371.2,371.2,370.35,370.35,5915
PRAJIND,2026-05-19 10:19:00,370.65,370.65,370.2,370.45,4851
PRAJIND,2026-05-19 10:20:00,370.45,370.75,370.2,370.4,2374
PRAJIND,2026-05-19 10:21:00,370.4,371.0,370.35,370.35,2029
PRAJIND,2026-05-19 10:22:00,370.35,370.65,370.25,370.35,1415
PRAJIND,2026-05-19 10:23:00,370.45,370.8,370.2,370.6,2075
PRAJIND,2026-05-19 10:24:00,370.6,370.8,370.6,370.8,162
PRAJIND,2026-05-19 10:25:00,370.8,370.8,370.55,370.55,818
PRAJIND,2026-05-19 10:26:00,370.55,371.0,370.55,370.8,810
PRAJIND,2026-05-19 10:27:00,371.0,371.2,370.75,371.05,1507
PRAJIND,2026-05-19 10:28:00,371.05,371.25,370.95,371.15,674
PRAJIND,2026-05-19 10:29:00,371.15,371.35,371.05,371.35,415
PRAJIND,2026-05-19 10:30:00,371.35,371.4,371.05,371.05,510
PRAJIND,2026-05-19 10:31:00,370.95,371.15,370.9,371.15,1142
PRAJIND,2026-05-19 10:32:00,371.25,371.25,370.4,370.4,2498
PRAJIND,2026-05-19 10:33:00,370.15,370.2,369.8,369.85,2050
PRAJIND,2026-05-19 10:34:00,369.85,369.95,369.15,369.15,1240
PRAJIND,2026-05-19 10:35:00,369.15,369.7,369.15,369.7,3441
PRAJIND,2026-05-19 10:36:00,369.7,369.85,369.45,369.55,1196
PRAJIND,2026-05-19 10:37:00,369.55,369.85,369.55,369.85,72
PRAJIND,2026-05-19 10:38:00,369.85,369.85,369.7,369.85,456
PRAJIND,2026-05-19 10:39:00,369.85,369.9,369.6,369.6,452
PRAJIND,2026-05-19 10:40:00,369.6,369.95,369.6,369.95,142
PRAJIND,2026-05-19 10:41:00,369.95,370.4,369.6,370.25,3157
PRAJIND,2026-05-19 10:42:00,370.2,370.65,370.1,370.65,876
PRAJIND,2026-05-19 10:43:00,370.65,370.7,370.55,370.55,430
PRAJIND,2026-05-19 10:44:00,370.55,370.75,370.4,370.4,1875
PRAJIND,2026-05-19 10:45:00,370.4,371.4,370.4,371.25,9421
PRAJIND,2026-05-19 10:46:00,371.25,371.25,371.1,371.25,1014
PRAJIND,2026-05-19 10:47:00,371.25,371.4,371.25,371.25,362
PRAJIND,2026-05-19 10:48:00,371.15,371.2,371.15,371.2,128
PRAJIND,2026-05-19 10:49:00,371.2,371.2,370.9,371.0,193
PRAJIND,2026-05-19 10:50:00,370.55,370.8,370.45,370.8,2710
PRAJIND,2026-05-19 10:51:00,370.8,371.2,370.8,371.2,2714
PRAJIND,2026-05-19 10:52:00,371.2,371.2,371.1,371.1,383
PRAJIND,2026-05-19 10:53:00,371.1,371.3,370.8,370.8,6782
PRAJIND,2026-05-19 10:54:00,370.8,371.5,370.8,371.45,1124
PRAJIND,2026-05-19 10:55:00,371.45,371.5,371.45,371.5,573
PRAJIND,2026-05-19 10:56:00,371.5,371.5,371.0,371.05,4474
PRAJIND,2026-05-19 10:57:00,371.05,371.35,370.95,371.35,148
PRAJIND,2026-05-19 10:58:00,371.2,371.35,371.2,371.35,162
PRAJIND,2026-05-19 10:59:00,371.35,371.65,371.35,371.5,170
PRAJIND,2026-05-19 11:00:00,371.6,371.6,371.4,371.6,853
PRAJIND,2026-05-19 11:01:00,371.6,371.95,371.6,371.95,452
PRAJIND,2026-05-19 11:02:00,371.85,371.95,371.8,371.95,1798
PRAJIND,2026-05-19 11:03:00,371.9,372.2,371.55,372.15,4911
PRAJIND,2026-05-19 11:04:00,372.15,372.4,372.1,372.2,1883
PRAJIND,2026-05-19 11:05:00,372.2,372.4,372.2,372.25,136
PRAJIND,2026-05-19 11:06:00,372.25,372.25,372.0,372.0,428
PRAJIND,2026-05-19 11:07:00,372.2,372.6,372.1,372.6,2726
PRAJIND,2026-05-19 11:08:00,372.7,372.8,372.35,372.7,3368
PRAJIND,2026-05-19 11:09:00,372.8,372.95,372.6,372.95,1592
PRAJIND,2026-05-19 11:10:00,372.75,374.05,372.75,374.0,6383
PRAJIND,2026-05-19 11:11:00,374.0,374.2,373.6,373.6,1406
PRAJIND,2026-05-19 11:12:00,373.6,373.6,373.2,373.25,1185
PRAJIND,2026-05-19 11:13:00,373.25,373.45,373.15,373.2,365
PRAJIND,2026-05-19 11:14:00,373.2,373.2,372.15,372.15,1415
PRAJIND,2026-05-19 11:15:00,372.15,372.45,372.0,372.35,1189
PRAJIND,2026-05-19 11:16:00,372.35,372.75,372.1,372.75,640
PRAJIND,2026-05-19 11:17:00,372.4,372.5,372.05,372.05,1299
PRAJIND,2026-05-19 11:18:00,372.3,372.3,372.0,372.1,1506
PRAJIND,2026-05-19 11:19:00,372.1,372.25,372.1,372.1,520
PRAJIND,2026-05-19 11:20:00,372.1,372.4,372.1,372.15,479
PRAJIND,2026-05-19 11:21:00,372.4,372.4,372.1,372.1,734
PRAJIND,2026-05-19 11:22:00,372.1,372.4,372.1,372.4,1768
PRAJIND,2026-05-19 11:23:00,372.4,372.4,372.3,372.4,167
PRAJIND,2026-05-19 11:24:00,372.4,372.6,372.2,372.2,2274
PRAJIND,2026-05-19 11:25:00,372.2,372.25,372.05,372.25,167
PRAJIND,2026-05-19 11:26:00,372.25,372.25,371.35,371.75,2822
PRAJIND,2026-05-19 11:27:00,371.75,371.75,371.15,371.35,1539
PRAJIND,2026-05-19 11:28:00,371.35,371.7,371.35,371.65,95
PRAJIND,2026-05-19 11:29:00,371.65,371.65,371.4,371.6,76
PRAJIND,2026-05-19 11:30:00,371.6,371.8,371.4,371.8,1543
PRAJIND,2026-05-19 11:31:00,371.8,372.15,371.6,371.9,2257
PRAJIND,2026-05-19 11:32:00,371.85,371.85,371.35,371.35,1540
PRAJIND,2026-05-19 11:33:00,371.35,372.0,371.35,372.0,453
PRAJIND,2026-05-19 11:34:00,372.0,372.45,372.0,372.45,1508
PRAJIND,2026-05-19 11:35:00,372.0,372.45,372.0,372.45,2811
PRAJIND,2026-05-19 11:36:00,372.45,373.0,372.3,372.75,613
PRAJIND,2026-05-19 11:37:00,372.95,372.95,372.7,372.8,391
PRAJIND,2026-05-19 11:38:00,372.8,373.3,372.8,373.0,628
PRAJIND,2026-05-19 11:39:00,373.0,373.4,372.85,373.2,2394
PRAJIND,2026-05-19 11:40:00,373.2,373.2,372.95,373.1,239
PRAJIND,2026-05-19 11:41:00,373.1,373.1,372.95,373.0,409
PRAJIND,2026-05-19 11:42:00,373.0,373.7,373.0,373.5,348
PRAJIND,2026-05-19 11:43:00,373.7,373.7,373.1,373.1,2830
PRAJIND,2026-05-19 11:44:00,373.15,373.15,372.75,372.85,2199
PRAJIND,2026-05-19 11:45:00,372.9,373.0,372.55,373.0,1649
PRAJIND,2026-05-19 11:46:00,373.0,373.2,372.65,373.1,1033
PRAJIND,2026-05-19 11:47:00,373.1,373.4,373.0,373.2,1023
PRAJIND,2026-05-19 11:48:00,373.2,373.45,373.0,373.25,764
PRAJIND,2026-05-19 11:49:00,373.25,373.25,373.05,373.2,729
PRAJIND,2026-05-19 11:50:00,373.2,373.2,373.0,373.0,713
PRAJIND,2026-05-19 11:51:00,373.0,373.5,373.0,373.45,581
PRAJIND,2026-05-19 11:52:00,373.45,373.6,373.45,373.6,102
PRAJIND,2026-05-19 11:53:00,373.6,373.7,373.45,373.7,320
PRAJIND,2026-05-19 11:54:00,373.7,373.7,373.35,373.35,971
PRAJIND,2026-05-19 11:55:00,373.35,374.6,373.35,374.6,6425
PRAJIND,2026-05-19 11:56:00,374.6,374.7,374.45,374.7,1968
PRAJIND,2026-05-19 11:57:00,374.7,374.7,374.2,374.3,1538
PRAJIND,2026-05-19 11:58:00,374.3,375.25,374.3,375.25,9607
PRAJIND,2026-05-19 11:59:00,375.4,375.5,375.05,375.45,2204
PRAJIND,2026-05-19 12:00:00,375.6,375.6,375.0,375.2,1026
PRAJIND,2026-05-19 12:01:00,375.2,375.4,375.0,375.2,1347
PRAJIND,2026-05-19 12:02:00,375.2,375.6,375.2,375.45,4018
PRAJIND,2026-05-19 12:03:00,375.45,376.0,375.4,375.4,3681
PRAJIND,2026-05-19 12:04:00,375.4,375.65,375.0,375.1,3017
PRAJIND,2026-05-19 12:05:00,375.1,375.45,375.1,375.2,230
PRAJIND,2026-05-19 12:06:00,375.2,375.2,375.2,375.2,37
PRAJIND,2026-05-19 12:07:00,375.2,375.3,375.0,375.0,5044
PRAJIND,2026-05-19 12:08:00,375.0,375.15,375.0,375.15,270
PRAJIND,2026-05-19 12:09:00,375.15,375.7,375.15,375.6,599
PRAJIND,2026-05-19 12:10:00,375.6,375.95,375.6,375.8,1487
PRAJIND,2026-05-19 12:11:00,375.8,375.95,375.7,375.85,282
PRAJIND,2026-05-19 12:12:00,375.75,375.85,375.7,375.7,769
PRAJIND,2026-05-19 12:13:00,375.7,376.2,375.7,376.1,2964
PRAJIND,2026-05-19 12:14:00,376.15,376.4,376.1,376.4,1101
PRAJIND,2026-05-19 12:15:00,376.4,376.4,376.0,376.25,330
PRAJIND,2026-05-19 12:16:00,376.25,380.65,376.0,380.3,41043
PRAJIND,2026-05-19 12:17:00,380.0,380.6,380.0,380.2,15955
PRAJIND,2026-05-19 12:18:00,380.15,380.8,380.0,380.6,4295
PRAJIND,2026-05-19 12:19:00,380.6,381.0,380.0,380.0,9267
PRAJIND,2026-05-19 12:20:00,380.25,381.5,380.25,381.2,18095
PRAJIND,2026-05-19 12:21:00,381.35,381.6,380.4,380.4,5589
PRAJIND,2026-05-19 12:22:00,380.4,380.6,380.2,380.2,2260
PRAJIND,2026-05-19 12:23:00,380.2,380.45,380.05,380.1,2417
PRAJIND,2026-05-19 12:24:00,380.1,380.5,380.1,380.3,1838
PRAJIND,2026-05-19 12:25:00,380.5,380.5,379.95,380.0,5967
PRAJIND,2026-05-19 12:26:00,380.0,380.05,380.0,380.0,4904
PRAJIND,2026-05-19 12:27:00,380.0,380.3,380.0,380.0,1008
PRAJIND,2026-05-19 12:28:00,380.0,380.1,380.0,380.1,842
PRAJIND,2026-05-19 12:29:00,380.1,380.1,379.8,380.0,4456
PRAJIND,2026-05-19 12:30:00,380.2,380.2,380.0,380.0,849
PRAJIND,2026-05-19 12:31:00,380.0,380.2,380.0,380.0,2011
PRAJIND,2026-05-19 12:32:00,380.0,380.1,380.0,380.0,4448
PRAJIND,2026-05-19 12:33:00,380.0,380.5,380.0,380.5,3065
PRAJIND,2026-05-19 12:34:00,380.5,381.0,380.3,380.35,5073
PRAJIND,2026-05-19 12:35:00,380.35,380.35,380.0,380.3,2212
PRAJIND,2026-05-19 12:36:00,380.3,380.3,380.0,380.05,2094
PRAJIND,2026-05-19 12:37:00,380.05,380.55,379.95,380.55,5803
PRAJIND,2026-05-19 12:38:00,380.55,380.55,380.25,380.4,830
PRAJIND,2026-05-19 12:39:00,380.4,380.4,380.25,380.25,82
PRAJIND,2026-05-19 12:40:00,380.0,380.35,380.0,380.15,1710
PRAJIND,2026-05-19 12:41:00,380.15,380.15,380.0,380.05,1228
PRAJIND,2026-05-19 12:42:00,380.05,380.2,380.0,380.15,2072
PRAJIND,2026-05-19 12:43:00,380.2,380.2,380.0,380.0,796
PRAJIND,2026-05-19 12:44:00,380.0,380.2,380.0,380.0,2523
PRAJIND,2026-05-19 12:45:00,380.0,380.0,380.0,380.0,522
PRAJIND,2026-05-19 12:46:00,380.0,380.15,380.0,380.0,2554
PRAJIND,2026-05-19 12:47:00,380.0,380.2,380.0,380.05,540
PRAJIND,2026-05-19 12:48:00,380.05,380.2,380.0,380.0,22624
PRAJIND,2026-05-19 12:49:00,380.0,380.1,380.0,380.05,678
PRAJIND,2026-05-19 12:50:00,380.0,380.25,380.0,380.25,1182
PRAJIND,2026-05-19 12:51:00,380.1,381.2,380.05,380.75,4746
PRAJIND,2026-05-19 12:52:00,380.85,383.4,380.85,383.4,17259
PRAJIND,2026-05-19 12:53:00,383.25,384.5,382.6,383.75,29721
PRAJIND,2026-05-19 12:54:00,384.15,384.25,383.15,383.6,20333
PRAJIND,2026-05-19 12:55:00,383.6,383.6,383.05,383.2,10207
PRAJIND,2026-05-19 12:56:00,383.2,386.7,383.2,386.5,35482
PRAJIND,2026-05-19 12:57:00,385.95,386.5,385.15,385.65,20427
PRAJIND,2026-05-19 12:58:00,385.65,387.65,385.25,387.45,26346
PRAJIND,2026-05-19 12:59:00,387.05,387.7,386.25,386.65,46362
PRAJIND,2026-05-19 13:00:00,386.65,387.8,386.35,387.6,22438
PRAJIND,2026-05-19 13:01:00,387.6,387.6,386.3,386.95,16678
PRAJIND,2026-05-19 13:02:00,386.95,387.15,385.6,385.85,13922
PRAJIND,2026-05-19 13:03:00,385.85,385.85,385.0,385.25,6620
PRAJIND,2026-05-19 13:04:00,385.2,386.95,385.0,385.75,16172
PRAJIND,2026-05-19 13:05:00,385.75,386.3,385.45,386.3,9023
PRAJIND,2026-05-19 13:06:00,386.2,386.25,385.25,385.3,2896
PRAJIND,2026-05-19 13:07:00,385.3,385.85,384.8,385.6,17455
PRAJIND,2026-05-19 13:08:00,385.5,385.7,385.35,385.6,3276
PRAJIND,2026-05-19 13:09:00,385.6,385.6,385.25,385.45,2544
PRAJIND,2026-05-19 13:10:00,385.45,385.45,384.45,384.85,4976
PRAJIND,2026-05-19 13:11:00,384.85,385.75,384.55,385.7,20214
PRAJIND,2026-05-19 13:12:00,385.7,385.7,384.9,385.15,1454
PRAJIND,2026-05-19 13:13:00,384.95,385.2,384.7,384.7,2371
PRAJIND,2026-05-19 13:14:00,384.7,385.2,383.9,384.65,17007
PRAJIND,2026-05-19 13:15:00,384.6,385.35,384.55,385.3,18837
PRAJIND,2026-05-19 13:16:00,385.3,385.65,384.8,385.15,2173
PRAJIND,2026-05-19 13:17:00,385.15,385.3,384.65,384.9,1381
PRAJIND,2026-05-19 13:18:00,384.9,384.9,384.2,384.45,4919
PRAJIND,2026-05-19 13:19:00,384.45,384.8,384.1,384.35,3380
PRAJIND,2026-05-19 13:20:00,384.5,384.8,384.1,384.25,2046
PRAJIND,2026-05-19 13:21:00,384.25,384.4,384.1,384.3,1524
PRAJIND,2026-05-19 13:22:00,384.3,384.9,384.1,384.9,3013
PRAJIND,2026-05-19 13:23:00,384.75,384.9,384.7,384.85,152
PRAJIND,2026-05-19 13:24:00,384.85,384.9,384.75,384.85,414
PRAJIND,2026-05-19 13:25:00,385.1,385.5,385.1,385.4,5787
PRAJIND,2026-05-19 13:26:00,385.5,385.5,385.15,385.35,707
PRAJIND,2026-05-19 13:27:00,385.3,385.45,385.0,385.1,348
PRAJIND,2026-05-19 13:28:00,385.0,385.0,384.8,384.8,559
PRAJIND,2026-05-19 13:29:00,384.95,384.95,384.65,384.65,816
PRAJIND,2026-05-19 13:30:00,384.65,385.7,384.65,385.6,3652
PRAJIND,2026-05-19 13:31:00,385.7,386.25,385.6,386.25,6239
PRAJIND,2026-05-19 13:32:00,385.95,385.95,385.25,385.5,1637
PRAJIND,2026-05-19 13:33:00,385.5,385.5,385.1,385.4,1755
PRAJIND,2026-05-19 13:34:00,385.4,385.4,385.15,385.4,489
PRAJIND,2026-05-19 13:35:00,385.4,385.4,385.1,385.1,594
PRAJIND,2026-05-19 13:36:00,385.1,385.3,384.5,384.85,3381
PRAJIND,2026-05-19 13:37:00,384.9,384.95,384.55,384.65,500
PRAJIND,2026-05-19 13:38:00,384.5,384.7,384.5,384.5,1579
PRAJIND,2026-05-19 13:39:00,384.5,384.85,384.4,384.4,3145
PRAJIND,2026-05-19 13:40:00,384.75,384.75,384.4,384.65,399
PRAJIND,2026-05-19 13:41:00,384.65,384.65,384.4,384.4,658
PRAJIND,2026-05-19 13:42:00,384.4,384.55,384.1,384.1,2453
PRAJIND,2026-05-19 13:43:00,384.2,384.3,384.0,384.0,3473
PRAJIND,2026-05-19 13:44:00,384.15,384.45,384.0,384.05,1669
PRAJIND,2026-05-19 13:45:00,384.25,384.65,384.05,384.4,3514
PRAJIND,2026-05-19 13:46:00,384.4,384.4,384.25,384.35,515
PRAJIND,2026-05-19 13:47:00,384.25,384.3,384.0,384.3,2553
PRAJIND,2026-05-19 13:48:00,384.05,384.85,384.05,384.85,2380
PRAJIND,2026-05-19 13:49:00,384.85,384.85,383.8,384.0,1039
PRAJIND,2026-05-19 13:50:00,384.0,384.1,383.9,384.1,2308
PRAJIND,2026-05-19 13:51:00,384.1,385.5,384.1,385.15,9013
PRAJIND,2026-05-19 13:52:00,385.15,385.45,384.95,385.05,3482
PRAJIND,2026-05-19 13:53:00,385.05,385.7,385.05,385.05,2785
PRAJIND,2026-05-19 13:54:00,385.2,385.2,384.6,385.0,1485
PRAJIND,2026-05-19 13:55:00,384.85,385.0,384.75,385.0,443
PRAJIND,2026-05-19 13:56:00,385.0,385.25,384.85,385.2,1803
PRAJIND,2026-05-19 13:57:00,385.25,385.35,384.9,384.9,247
PRAJIND,2026-05-19 13:58:00,385.05,385.2,384.75,384.9,2865
PRAJIND,2026-05-19 13:59:00,384.9,385.2,384.65,384.75,1017
PRAJIND,2026-05-19 14:00:00,384.75,384.85,384.5,384.75,353
PRAJIND,2026-05-19 14:01:00,384.75,384.95,384.45,384.65,624
PRAJIND,2026-05-19 14:02:00,384.85,384.95,384.5,384.65,125
PRAJIND,2026-05-19 14:03:00,384.65,384.65,384.3,384.6,732
PRAJIND,2026-05-19 14:04:00,384.65,385.0,384.65,384.9,2237
PRAJIND,2026-05-19 14:05:00,384.9,384.9,384.3,384.75,1771
PRAJIND,2026-05-19 14:06:00,384.7,384.8,384.55,384.75,255
PRAJIND,2026-05-19 14:07:00,384.75,385.05,384.6,384.6,1727
PRAJIND,2026-05-19 14:08:00,384.6,384.75,384.55,384.6,1108
PRAJIND,2026-05-19 14:09:00,384.6,384.7,384.55,384.65,46
PRAJIND,2026-05-19 14:10:00,384.6,384.6,384.55,384.55,120
PRAJIND,2026-05-19 14:11:00,384.55,384.75,384.55,384.75,188
PRAJIND,2026-05-19 14:12:00,384.75,384.75,384.55,384.6,283
PRAJIND,2026-05-19 14:13:00,384.7,384.7,384.3,384.3,693
PRAJIND,2026-05-19 14:14:00,384.3,384.4,384.15,384.15,638
PRAJIND,2026-05-19 14:15:00,384.15,384.4,384.1,384.15,1011
PRAJIND,2026-05-19 14:16:00,384.4,384.55,384.3,384.55,1092
PRAJIND,2026-05-19 14:17:00,384.55,385.1,384.25,384.65,19786
PRAJIND,2026-05-19 14:18:00,384.9,385.0,384.15,384.5,1992
PRAJIND,2026-05-19 14:19:00,384.5,384.5,384.1,384.35,1128
PRAJIND,2026-05-19 14:20:00,384.35,384.55,384.1,384.35,1833
PRAJIND,2026-05-19 14:21:00,384.5,384.85,384.45,384.8,1695
PRAJIND,2026-05-19 14:22:00,384.8,384.8,384.3,384.45,1334
PRAJIND,2026-05-19 14:23:00,384.45,384.8,384.45,384.6,2021
PRAJIND,2026-05-19 14:24:00,384.6,384.8,384.5,384.65,542
PRAJIND,2026-05-19 14:25:00,384.65,384.65,384.5,384.65,100
PRAJIND,2026-05-19 14:26:00,384.5,384.55,384.1,384.35,1940
PRAJIND,2026-05-19 14:27:00,384.5,384.5,384.3,384.45,494
PRAJIND,2026-05-19 14:28:00,384.45,384.7,384.4,384.7,1778
PRAJIND,2026-05-19 14:29:00,384.4,384.9,384.4,384.85,3677
PRAJIND,2026-05-19 14:30:00,384.85,384.9,384.5,384.9,1099
PRAJIND,2026-05-19 14:31:00,384.9,385.2,384.9,385.2,1414
PRAJIND,2026-05-19 14:32:00,385.2,385.2,384.5,384.75,3808
PRAJIND,2026-05-19 14:33:00,384.75,384.75,384.25,384.5,3501
PRAJIND,2026-05-19 14:34:00,384.5,384.55,384.25,384.25,588
PRAJIND,2026-05-19 14:35:00,384.55,384.55,383.8,383.95,5581
PRAJIND,2026-05-19 14:36:00,383.9,384.5,383.9,384.2,2041
PRAJIND,2026-05-19 14:37:00,384.2,384.4,384.1,384.3,1457
PRAJIND,2026-05-19 14:38:00,384.2,384.3,384.15,384.2,168
PRAJIND,2026-05-19 14:39:00,384.15,384.2,384.05,384.2,329
PRAJIND,2026-05-19 14:40:00,384.2,384.2,384.1,384.15,543
PRAJIND,2026-05-19 14:41:00,384.15,384.3,384.1,384.3,1996
PRAJIND,2026-05-19 14:42:00,384.2,384.45,384.05,384.05,7307
PRAJIND,2026-05-19 14:43:00,384.15,384.3,384.0,384.3,6363
PRAJIND,2026-05-19 14:44:00,384.35,384.35,384.05,384.05,1923
PRAJIND,2026-05-19 14:45:00,384.25,384.25,384.05,384.05,277
PRAJIND,2026-05-19 14:46:00,384.1,384.2,384.05,384.2,980
PRAJIND,2026-05-19 14:47:00,384.05,384.2,384.05,384.05,3809
PRAJIND,2026-05-19 14:48:00,384.15,384.4,384.1,384.35,1904
PRAJIND,2026-05-19 14:49:00,384.35,384.4,384.1,384.35,993
PRAJIND,2026-05-19 14:50:00,384.25,384.85,384.25,384.75,3523
PRAJIND,2026-05-19 14:51:00,384.7,384.75,384.7,384.7,1974
PRAJIND,2026-05-19 14:52:00,384.75,384.9,384.55,384.85,5245
PRAJIND,2026-05-19 14:53:00,384.6,385.4,384.6,385.4,12717
PRAJIND,2026-05-19 14:54:00,385.4,387.1,384.9,387.1,32079
PRAJIND,2026-05-19 14:55:00,387.1,388.85,387.0,388.15,61895
PRAJIND,2026-05-19 14:56:00,388.15,388.4,387.2,387.5,22530
PRAJIND,2026-05-19 14:57:00,387.5,387.5,385.6,385.6,12081
PRAJIND,2026-05-19 14:58:00,385.6,386.9,385.6,386.65,26549
PRAJIND,2026-05-19 14:59:00,386.65,387.0,386.5,386.85,6841
PRAJIND,2026-05-19 15:00:00,386.65,386.85,386.25,386.6,8588
PRAJIND,2026-05-19 15:01:00,386.6,386.9,386.6,386.6,4446
PRAJIND,2026-05-19 15:02:00,386.8,388.6,386.8,387.15,19428
PRAJIND,2026-05-19 15:03:00,387.25,387.25,386.3,386.35,12542
PRAJIND,2026-05-19 15:04:00,386.35,386.7,386.3,386.45,13656
PRAJIND,2026-05-19 15:05:00,386.45,386.45,385.85,386.2,8654
PRAJIND,2026-05-19 15:06:00,385.85,385.85,385.55,385.85,8734
PRAJIND,2026-05-19 15:07:00,385.75,386.0,385.35,385.7,3193
PRAJIND,2026-05-19 15:08:00,385.7,385.7,385.3,385.4,5554
PRAJIND,2026-05-19 15:09:00,385.3,385.4,385.25,385.4,1542
PRAJIND,2026-05-19 15:10:00,385.4,385.85,385.4,385.5,12313
PRAJIND,2026-05-19 15:11:00,385.35,385.75,385.35,385.4,6634
PRAJIND,2026-05-19 15:12:00,385.45,385.7,385.4,385.7,2183
PRAJIND,2026-05-19 15:13:00,385.7,385.85,385.25,385.6,7793
PRAJIND,2026-05-19 15:14:00,385.8,386.0,385.6,386.0,4797
PRAJIND,2026-05-19 15:15:00,386.0,386.1,385.8,386.1,8247
PRAJIND,2026-05-19 15:16:00,386.75,386.85,386.35,386.55,9329
PRAJIND,2026-05-19 15:17:00,386.0,386.5,386.0,386.1,3151
PRAJIND,2026-05-19 15:18:00,386.1,386.1,385.0,385.35,16214
PRAJIND,2026-05-19 15:19:00,385.35,385.45,385.2,385.45,3982
PRAJIND,2026-05-19 15:20:00,385.45,386.2,385.35,386.0,16100
PRAJIND,2026-05-19 15:21:00,386.1,386.6,386.05,386.05,5203
PRAJIND,2026-05-19 15:22:00,386.45,386.45,385.2,386.0,6876
PRAJIND,2026-05-19 15:23:00,385.8,386.0,385.2,385.2,27034
PRAJIND,2026-05-19 15:24:00,385.55,386.45,385.55,386.4,24073
PRAJIND,2026-05-19 15:25:00,386.45,386.6,385.8,386.2,15099
PRAJIND,2026-05-19 15:26:00,386.3,386.5,385.75,386.0,4643
PRAJIND,2026-05-19 15:27:00,386.0,386.0,385.55,385.95,9064
PRAJIND,2026-05-19 15:28:00,385.9,385.9,385.5,385.6,10801
PRAJIND,2026-05-19 15:29:00,385.5,385.85,385.1,385.6,9747
PRAJIND,2026-05-20 09:15:00,386.0,389.85,382.45,389.0,24537
PRAJIND,2026-05-20 09:16:00,389.3,392.45,388.65,388.65,53855
PRAJIND,2026-05-20 09:17:00,389.1,389.2,386.65,388.85,18236
PRAJIND,2026-05-20 09:18:00,388.85,394.05,388.4,393.05,49651
PRAJIND,2026-05-20 09:19:00,392.7,393.65,391.25,391.7,47940
PRAJIND,2026-05-20 09:20:00,391.25,392.8,390.1,390.3,24647
PRAJIND,2026-05-20 09:21:00,389.55,390.25,388.9,389.05,28850
PRAJIND,2026-05-20 09:22:00,389.05,391.85,388.65,391.85,17428
PRAJIND,2026-05-20 09:23:00,391.6,392.75,391.35,392.25,27611
PRAJIND,2026-05-20 09:24:00,391.2,391.7,390.7,391.0,14290
PRAJIND,2026-05-20 09:25:00,390.75,391.5,390.25,391.5,10666
PRAJIND,2026-05-20 09:26:00,391.25,391.65,390.45,390.65,9076
PRAJIND,2026-05-20 09:27:00,390.45,391.5,390.45,391.1,3779
PRAJIND,2026-05-20 09:28:00,391.0,391.75,390.35,391.0,18324
PRAJIND,2026-05-20 09:29:00,390.85,391.1,390.4,390.5,8528
PRAJIND,2026-05-20 09:30:00,390.3,390.4,389.25,390.4,16578
PRAJIND,2026-05-20 09:31:00,390.25,394.0,390.0,393.45,30368
PRAJIND,2026-05-20 09:32:00,393.8,393.8,392.3,392.5,9773
PRAJIND,2026-05-20 09:33:00,392.55,392.85,392.25,392.25,7963
PRAJIND,2026-05-20 09:34:00,391.95,391.95,390.7,390.9,6026
PRAJIND,2026-05-20 09:35:00,390.5,390.8,390.4,390.55,7244
PRAJIND,2026-05-20 09:36:00,390.1,390.85,390.05,390.85,7832
PRAJIND,2026-05-20 09:37:00,390.85,391.0,390.1,390.35,10305
PRAJIND,2026-05-20 09:38:00,390.35,390.35,389.5,389.65,2867
PRAJIND,2026-05-20 09:39:00,389.65,390.15,388.75,389.65,8103
PRAJIND,2026-05-20 09:40:00,389.65,390.45,389.6,389.8,5089
PRAJIND,2026-05-20 09:41:00,389.8,389.8,389.0,389.4,8930
PRAJIND,2026-05-20 09:42:00,389.4,389.8,389.2,389.35,1579
PRAJIND,2026-05-20 09:43:00,389.05,389.8,388.95,389.8,4425
PRAJIND,2026-05-20 09:44:00,390.25,390.25,389.6,389.6,4282
PRAJIND,2026-05-20 09:45:00,389.4,389.45,388.55,389.1,12080
PRAJIND,2026-05-20 09:46:00,389.05,389.6,389.0,389.0,2091
PRAJIND,2026-05-20 09:47:00,389.0,389.2,389.0,389.0,1962
PRAJIND,2026-05-20 09:48:00,389.0,389.6,389.0,389.6,1757
PRAJIND,2026-05-20 09:49:00,389.6,389.95,389.35,389.95,2817
PRAJIND,2026-05-20 09:50:00,389.6,389.85,389.15,389.2,1820
PRAJIND,2026-05-20 09:51:00,389.2,389.55,389.1,389.4,1779
PRAJIND,2026-05-20 09:52:00,389.45,389.45,389.05,389.15,1549
PRAJIND,2026-05-20 09:53:00,389.0,389.4,389.0,389.05,4047
PRAJIND,2026-05-20 09:54:00,389.0,389.35,389.0,389.15,867
PRAJIND,2026-05-20 09:55:00,389.15,389.35,389.0,389.1,1379
PRAJIND,2026-05-20 09:56:00,389.35,389.35,389.1,389.35,779
PRAJIND,2026-05-20 09:57:00,389.35,391.4,389.35,391.1,10079
PRAJIND,2026-05-20 09:58:00,391.0,391.0,390.4,390.4,3468
PRAJIND,2026-05-20 09:59:00,390.4,390.6,390.0,390.1,2796
PRAJIND,2026-05-20 10:00:00,390.3,390.3,389.5,389.75,4136
PRAJIND,2026-05-20 10:01:00,389.6,390.0,389.6,389.8,1051
PRAJIND,2026-05-20 10:02:00,389.95,389.95,389.1,389.1,4716
PRAJIND,2026-05-20 10:03:00,389.2,389.3,389.0,389.0,2250
PRAJIND,2026-05-20 10:04:00,388.6,388.8,388.3,388.45,3716
PRAJIND,2026-05-20 10:05:00,388.55,388.55,387.65,387.65,9686
PRAJIND,2026-05-20 10:06:00,387.65,388.1,387.65,388.05,3529
PRAJIND,2026-05-20 10:07:00,388.05,388.05,387.05,387.45,6713
PRAJIND,2026-05-20 10:08:00,387.8,387.9,387.55,387.9,8508
PRAJIND,2026-05-20 10:09:00,387.7,389.2,387.7,388.6,4594
PRAJIND,2026-05-20 10:10:00,388.55,388.55,388.0,388.35,1924
PRAJIND,2026-05-20 10:11:00,388.35,388.55,388.1,388.55,435
PRAJIND,2026-05-20 10:12:00,388.7,388.85,388.45,388.6,3565
PRAJIND,2026-05-20 10:13:00,388.6,389.3,388.6,388.9,1457
PRAJIND,2026-05-20 10:14:00,388.8,388.95,388.5,388.5,2162
PRAJIND,2026-05-20 10:15:00,388.45,388.75,388.2,388.2,1048
PRAJIND,2026-05-20 10:16:00,388.2,388.25,388.15,388.15,813
PRAJIND,2026-05-20 10:17:00,388.25,388.3,387.9,388.05,3780
PRAJIND,2026-05-20 10:18:00,388.05,388.1,387.7,387.75,1999
PRAJIND,2026-05-20 10:19:00,387.75,388.3,387.75,388.15,1108
PRAJIND,2026-05-20 10:20:00,387.8,387.85,387.6,387.6,1610
PRAJIND,2026-05-20 10:21:00,387.6,387.6,387.1,387.6,8384
PRAJIND,2026-05-20 10:22:00,387.6,387.9,387.6,387.9,209
PRAJIND,2026-05-20 10:23:00,387.9,387.9,387.4,387.65,2046
PRAJIND,2026-05-20 10:24:00,387.65,387.65,386.3,386.5,6071
PRAJIND,2026-05-20 10:25:00,386.5,386.8,386.5,386.6,2913
PRAJIND,2026-05-20 10:26:00,386.6,386.95,386.6,386.6,3520
PRAJIND,2026-05-20 10:27:00,386.85,386.85,386.6,386.85,2458
PRAJIND,2026-05-20 10:28:00,387.0,387.15,386.85,387.15,3456
PRAJIND,2026-05-20 10:29:00,387.15,387.35,387.15,387.2,2332
PRAJIND,2026-05-20 10:30:00,387.2,387.65,387.05,387.65,1218
PRAJIND,2026-05-20 10:31:00,387.65,387.95,387.6,387.95,319
PRAJIND,2026-05-20 10:32:00,387.95,387.95,387.7,387.7,125
PRAJIND,2026-05-20 10:33:00,387.65,388.0,387.05,387.25,5860
PRAJIND,2026-05-20 10:34:00,387.4,387.6,387.4,387.45,675
PRAJIND,2026-05-20 10:35:00,387.45,387.95,387.45,387.95,1078
PRAJIND,2026-05-20 10:36:00,387.65,388.15,387.65,388.15,1011
PRAJIND,2026-05-20 10:37:00,388.15,388.9,388.15,388.45,4730
PRAJIND,2026-05-20 10:38:00,388.8,388.8,388.2,388.65,1242
PRAJIND,2026-05-20 10:39:00,388.4,388.55,387.85,387.85,1514
PRAJIND,2026-05-20 10:40:00,387.85,388.7,387.85,388.45,1337
PRAJIND,2026-05-20 10:41:00,388.7,389.9,388.45,389.7,8152
PRAJIND,2026-05-20 10:42:00,389.7,389.7,388.6,388.65,3267
PRAJIND,2026-05-20 10:43:00,388.65,389.05,388.5,388.5,864
PRAJIND,2026-05-20 10:44:00,388.5,389.1,388.5,389.1,1615
PRAJIND,2026-05-20 10:45:00,389.1,389.15,388.65,388.9,3785
PRAJIND,2026-05-20 10:46:00,388.95,389.05,388.65,389.05,1178
PRAJIND,2026-05-20 10:47:00,389.05,389.05,388.45,388.65,916
PRAJIND,2026-05-20 10:48:00,388.65,388.65,388.0,388.0,1552
PRAJIND,2026-05-20 10:49:00,388.0,388.0,387.6,387.85,1184
PRAJIND,2026-05-20 10:50:00,387.85,388.2,387.7,388.2,1281
PRAJIND,2026-05-20 10:51:00,388.2,388.4,388.2,388.4,490
PRAJIND,2026-05-20 10:52:00,388.4,388.95,388.25,388.25,1993
PRAJIND,2026-05-20 10:53:00,388.25,389.0,388.25,388.85,1288
PRAJIND,2026-05-20 10:54:00,388.85,388.85,388.45,388.85,1675
PRAJIND,2026-05-20 10:55:00,388.85,388.85,388.25,388.25,488
PRAJIND,2026-05-20 10:56:00,388.25,388.6,388.15,388.6,1988
PRAJIND,2026-05-20 10:57:00,388.6,388.8,388.6,388.8,20
PRAJIND,2026-05-20 10:58:00,388.75,388.75,388.2,388.4,800
PRAJIND,2026-05-20 10:59:00,388.4,389.0,388.25,389.0,1787
PRAJIND,2026-05-20 11:00:00,389.0,389.2,388.8,389.0,1608
PRAJIND,2026-05-20 11:01:00,388.95,389.0,388.5,388.5,1453
PRAJIND,2026-05-20 11:02:00,388.5,388.65,388.3,388.35,456
PRAJIND,2026-05-20 11:03:00,388.35,388.4,388.25,388.4,798
PRAJIND,2026-05-20 11:04:00,388.4,389.0,388.3,388.8,4002
PRAJIND,2026-05-20 11:05:00,388.8,388.8,388.8,388.8,118
PRAJIND,2026-05-20 11:06:00,388.6,388.75,388.6,388.75,519
PRAJIND,2026-05-20 11:07:00,388.75,389.4,388.35,388.35,4115
PRAJIND,2026-05-20 11:08:00,388.55,389.15,388.5,389.15,3073
PRAJIND,2026-05-20 11:09:00,389.15,389.15,388.5,388.5,753
PRAJIND,2026-05-20 11:10:00,388.5,388.8,388.5,388.6,101
PRAJIND,2026-05-20 11:11:00,388.6,388.7,388.1,388.25,5423
PRAJIND,2026-05-20 11:12:00,388.25,388.3,388.0,388.2,835
PRAJIND,2026-05-20 11:13:00,388.0,388.2,387.7,388.15,1729
PRAJIND,2026-05-20 11:14:00,388.15,388.25,388.0,388.25,924
PRAJIND,2026-05-20 11:15:00,388.25,388.45,388.0,388.35,2065
PRAJIND,2026-05-20 11:16:00,388.45,388.5,388.2,388.3,246
PRAJIND,2026-05-20 11:17:00,388.3,388.45,388.15,388.15,356
PRAJIND,2026-05-20 11:18:00,388.15,388.7,388.0,388.7,1646
PRAJIND,2026-05-20 11:19:00,388.7,388.7,388.45,388.45,508
PRAJIND,2026-05-20 11:20:00,388.6,388.6,388.15,388.15,1125
PRAJIND,2026-05-20 11:21:00,388.15,388.6,388.0,388.6,2624
PRAJIND,2026-05-20 11:22:00,388.35,388.6,388.35,388.4,664
PRAJIND,2026-05-20 11:23:00,388.4,388.6,388.2,388.2,745
PRAJIND,2026-05-20 11:24:00,388.2,388.2,388.0,388.2,383
PRAJIND,2026-05-20 11:25:00,388.2,388.2,388.0,388.15,767
PRAJIND,2026-05-20 11:26:00,388.3,388.3,388.15,388.15,253
PRAJIND,2026-05-20 11:27:00,388.15,388.3,388.15,388.3,256
PRAJIND,2026-05-20 11:28:00,388.3,388.3,388.05,388.05,146
PRAJIND,2026-05-20 11:29:00,388.05,388.25,388.05,388.25,413
PRAJIND,2026-05-20 11:30:00,388.0,388.2,388.0,388.2,2247
PRAJIND,2026-05-20 11:31:00,388.2,388.2,388.0,388.0,385
PRAJIND,2026-05-20 11:32:00,388.0,388.0,387.65,388.0,1144
PRAJIND,2026-05-20 11:33:00,387.85,388.0,387.85,388.0,128
PRAJIND,2026-05-20 11:34:00,388.0,388.0,387.75,388.0,226
PRAJIND,2026-05-20 11:35:00,388.0,388.0,387.75,387.95,100
PRAJIND,2026-05-20 11:36:00,387.95,388.0,387.95,388.0,494
PRAJIND,2026-05-20 11:37:00,388.0,388.25,388.0,388.25,315
PRAJIND,2026-05-20 11:38:00,388.25,388.3,388.05,388.05,205
PRAJIND,2026-05-20 11:39:00,388.05,388.05,388.05,388.05,0
PRAJIND,2026-05-20 11:40:00,388.25,388.3,387.8,387.95,2564
PRAJIND,2026-05-20 11:41:00,387.95,387.95,387.8,387.8,255
PRAJIND,2026-05-20 11:42:00,387.8,388.05,387.55,387.7,1531
PRAJIND,2026-05-20 11:43:00,387.65,387.8,387.4,387.4,663
PRAJIND,2026-05-20 11:44:00,387.3,387.3,387.0,387.25,1705
PRAJIND,2026-05-20 11:45:00,387.25,387.6,386.9,387.4,3251
PRAJIND,2026-05-20 11:46:00,387.4,387.5,387.4,387.45,83
PRAJIND,2026-05-20 11:47:00,387.45,388.0,387.45,388.0,2552
PRAJIND,2026-05-20 11:48:00,387.7,387.75,387.55,387.55,1247
PRAJIND,2026-05-20 11:49:00,387.75,387.75,387.55,387.6,8
PRAJIND,2026-05-20 11:50:00,387.6,387.7,387.35,387.7,3044
PRAJIND,2026-05-20 11:51:00,387.8,387.8,387.15,387.15,291
PRAJIND,2026-05-20 11:52:00,387.15,387.35,387.0,387.2,589
PRAJIND,2026-05-20 11:53:00,387.2,387.2,387.0,387.05,275
PRAJIND,2026-05-20 11:54:00,387.05,387.4,387.0,387.15,202
PRAJIND,2026-05-20 11:55:00,387.15,387.4,387.1,387.4,90
PRAJIND,2026-05-20 11:56:00,387.4,387.6,387.35,387.35,185
PRAJIND,2026-05-20 11:57:00,387.35,387.35,387.35,387.35,277
PRAJIND,2026-05-20 11:58:00,387.35,387.7,387.35,387.7,162
PRAJIND,2026-05-20 11:59:00,387.7,387.85,387.4,387.7,815
PRAJIND,2026-05-20 12:00:00,387.7,388.25,387.7,388.25,2883
PRAJIND,2026-05-20 12:01:00,388.25,388.4,388.05,388.05,3079
PRAJIND,2026-05-20 12:02:00,388.05,388.05,387.55,387.55,60
PRAJIND,2026-05-20 12:03:00,387.5,387.65,387.5,387.5,819
PRAJIND,2026-05-20 12:04:00,387.5,387.65,387.35,387.35,243
PRAJIND,2026-05-20 12:05:00,387.35,387.45,387.35,387.45,272
PRAJIND,2026-05-20 12:06:00,387.25,387.55,387.25,387.55,289
PRAJIND,2026-05-20 12:07:00,387.55,387.55,387.2,387.2,415
PRAJIND,2026-05-20 12:08:00,387.2,387.4,387.2,387.2,128
PRAJIND,2026-05-20 12:09:00,387.2,387.4,387.15,387.4,307
PRAJIND,2026-05-20 12:10:00,387.4,387.4,387.15,387.4,120
PRAJIND,2026-05-20 12:11:00,387.4,387.55,387.2,387.4,193
PRAJIND,2026-05-20 12:12:00,387.4,387.4,386.9,387.0,2864
PRAJIND,2026-05-20 12:13:00,386.85,387.1,386.85,387.1,311
PRAJIND,2026-05-20 12:14:00,387.1,387.1,386.55,386.85,4378
PRAJIND,2026-05-20 12:15:00,386.85,386.9,386.85,386.85,458
PRAJIND,2026-05-20 12:16:00,386.85,387.1,386.7,387.1,1718
PRAJIND,2026-05-20 12:17:00,387.25,387.25,387.1,387.1,732
PRAJIND,2026-05-20 12:18:00,387.1,387.1,387.0,387.0,444
PRAJIND,2026-05-20 12:19:00,387.0,387.2,386.7,387.2,1045
PRAJIND,2026-05-20 12:20:00,387.2,387.35,387.15,387.15,241
PRAJIND,2026-05-20 12:21:00,387.15,387.15,387.0,387.0,315
PRAJIND,2026-05-20 12:22:00,387.0,387.15,387.0,387.15,216
PRAJIND,2026-05-20 12:23:00,387.15,387.3,387.15,387.3,88
PRAJIND,2026-05-20 12:24:00,387.3,387.45,387.3,387.45,300
PRAJIND,2026-05-20 12:25:00,387.45,387.55,387.2,387.55,1066
PRAJIND,2026-05-20 12:26:00,387.55,387.7,387.45,387.45,173
PRAJIND,2026-05-20 12:27:00,387.45,387.5,387.45,387.5,91
PRAJIND,2026-05-20 12:28:00,387.45,387.45,386.9,386.9,2164
PRAJIND,2026-05-20 12:29:00,386.9,387.3,386.9,387.3,2998
PRAJIND,2026-05-20 12:30:00,387.3,387.4,387.15,387.15,302
PRAJIND,2026-05-20 12:31:00,387.15,387.3,386.95,387.0,220
PRAJIND,2026-05-20 12:32:00,387.0,387.0,387.0,387.0,54
PRAJIND,2026-05-20 12:33:00,387.0,387.25,386.8,386.85,866
PRAJIND,2026-05-20 12:34:00,386.85,386.9,386.45,386.45,1280
PRAJIND,2026-05-20 12:35:00,386.45,386.75,386.45,386.75,201
PRAJIND,2026-05-20 12:36:00,386.75,387.2,386.75,387.2,3696
PRAJIND,2026-05-20 12:37:00,387.2,387.4,386.95,387.3,1124
PRAJIND,2026-05-20 12:38:00,387.05,387.1,386.9,387.1,2700
PRAJIND,2026-05-20 12:39:00,387.1,387.1,386.75,386.75,226
PRAJIND,2026-05-20 12:40:00,386.75,386.85,386.75,386.85,161
PRAJIND,2026-05-20 12:41:00,386.85,387.0,386.85,387.0,282
PRAJIND,2026-05-20 12:42:00,387.0,387.3,386.8,387.3,578
PRAJIND,2026-05-20 12:43:00,387.0,387.05,387.0,387.0,253
PRAJIND,2026-05-20 12:44:00,387.05,387.45,386.95,387.1,902
PRAJIND,2026-05-20 12:45:00,387.45,387.8,387.15,387.55,1561
PRAJIND,2026-05-20 12:46:00,387.55,387.8,387.55,387.55,247
PRAJIND,2026-05-20 12:47:00,387.55,387.7,387.55,387.7,79
PRAJIND,2026-05-20 12:48:00,387.7,388.5,387.55,388.5,3267
PRAJIND,2026-05-20 12:49:00,388.65,388.75,388.35,388.5,837
PRAJIND,2026-05-20 12:50:00,388.5,388.75,388.5,388.75,233
PRAJIND,2026-05-20 12:51:00,388.75,388.75,388.4,388.45,1585
PRAJIND,2026-05-20 12:52:00,388.45,388.9,388.45,388.85,620
PRAJIND,2026-05-20 12:53:00,388.8,389.15,388.8,389.0,2338
PRAJIND,2026-05-20 12:54:00,389.0,389.0,388.8,389.0,1192
PRAJIND,2026-05-20 12:55:00,388.8,388.95,388.8,388.8,155
PRAJIND,2026-05-20 12:56:00,388.8,389.0,388.5,388.5,371
PRAJIND,2026-05-20 12:57:00,388.5,389.0,388.5,388.6,6546
PRAJIND,2026-05-20 12:58:00,388.6,388.6,388.25,388.25,125
PRAJIND,2026-05-20 12:59:00,388.6,388.9,388.35,388.9,1033
PRAJIND,2026-05-20 13:00:00,388.85,388.85,388.6,388.6,157
PRAJIND,2026-05-20 13:01:00,388.6,388.85,388.6,388.85,15
PRAJIND,2026-05-20 13:02:00,388.85,388.85,388.6,388.6,210
PRAJIND,2026-05-20 13:03:00,388.6,388.6,388.1,388.15,199
PRAJIND,2026-05-20 13:04:00,388.15,388.35,388.15,388.15,54
PRAJIND,2026-05-20 13:05:00,388.05,388.4,388.0,388.0,566
PRAJIND,2026-05-20 13:06:00,387.75,388.15,387.6,387.6,1747
PRAJIND,2026-05-20 13:07:00,387.6,387.8,387.5,387.8,409
PRAJIND,2026-05-20 13:08:00,387.8,388.0,387.65,388.0,1214
PRAJIND,2026-05-20 13:09:00,388.0,388.05,387.85,388.05,501
PRAJIND,2026-05-20 13:10:00,388.05,388.05,387.75,387.75,230
PRAJIND,2026-05-20 13:11:00,387.8,388.0,387.7,387.85,580
PRAJIND,2026-05-20 13:12:00,387.85,388.0,387.85,387.95,74
PRAJIND,2026-05-20 13:13:00,388.0,388.0,388.0,388.0,100
PRAJIND,2026-05-20 13:14:00,388.0,388.0,387.75,387.85,187
PRAJIND,2026-05-20 13:15:00,387.85,387.85,387.6,387.6,469
PRAJIND,2026-05-20 13:16:00,387.6,387.85,387.35,387.35,223
PRAJIND,2026-05-20 13:17:00,387.35,387.35,387.0,387.0,319
PRAJIND,2026-05-20 13:18:00,387.0,387.1,386.85,387.1,657
PRAJIND,2026-05-20 13:19:00,387.1,387.1,386.9,387.05,937
PRAJIND,2026-05-20 13:20:00,387.2,387.4,387.2,387.4,265
PRAJIND,2026-05-20 13:21:00,387.4,387.75,387.4,387.5,301
PRAJIND,2026-05-20 13:22:00,387.5,387.5,387.35,387.35,491
PRAJIND,2026-05-20 13:23:00,387.15,387.15,387.1,387.1,36
PRAJIND,2026-05-20 13:24:00,387.35,387.35,387.35,387.35,25
PRAJIND,2026-05-20 13:25:00,387.15,387.4,387.15,387.4,280
PRAJIND,2026-05-20 13:26:00,387.4,387.8,387.4,387.8,25
PRAJIND,2026-05-20 13:27:00,387.8,387.8,387.1,387.1,442
PRAJIND,2026-05-20 13:28:00,387.1,387.3,386.8,387.15,1675
PRAJIND,2026-05-20 13:29:00,387.0,387.0,386.3,386.5,2890
PRAJIND,2026-05-20 13:30:00,386.5,386.7,386.1,386.7,926
PRAJIND,2026-05-20 13:31:00,386.7,386.75,386.7,386.7,306
PRAJIND,2026-05-20 13:32:00,386.7,386.9,386.5,386.5,1047
PRAJIND,2026-05-20 13:33:00,386.5,387.0,386.5,386.7,159
PRAJIND,2026-05-20 13:34:00,386.7,387.15,386.7,386.9,266
PRAJIND,2026-05-20 13:35:00,386.9,386.9,386.2,386.5,3405
PRAJIND,2026-05-20 13:36:00,386.5,386.5,386.2,386.3,662
PRAJIND,2026-05-20 13:37:00,386.3,386.55,386.2,386.4,357
PRAJIND,2026-05-20 13:38:00,386.4,386.55,386.4,386.5,134
PRAJIND,2026-05-20 13:39:00,386.5,386.55,386.0,386.35,5223
PRAJIND,2026-05-20 13:40:00,386.35,386.35,386.05,386.25,738
PRAJIND,2026-05-20 13:41:00,386.25,386.25,386.05,386.05,289
PRAJIND,2026-05-20 13:42:00,386.05,386.05,386.0,386.0,672
PRAJIND,2026-05-20 13:43:00,386.0,386.2,386.0,386.2,810
PRAJIND,2026-05-20 13:44:00,386.45,386.65,386.2,386.65,778
PRAJIND,2026-05-20 13:45:00,386.9,387.55,386.9,387.5,1323
PRAJIND,2026-05-20 13:46:00,387.5,387.5,387.05,387.45,1433
PRAJIND,2026-05-20 13:47:00,387.35,387.45,387.35,387.35,780
PRAJIND,2026-05-20 13:48:00,387.35,387.35,387.0,387.3,1229
PRAJIND,2026-05-20 13:49:00,387.3,387.3,387.25,387.25,439
PRAJIND,2026-05-20 13:50:00,387.25,387.75,387.25,387.4,99
PRAJIND,2026-05-20 13:51:00,387.4,387.5,387.1,387.15,553
PRAJIND,2026-05-20 13:52:00,387.15,387.55,387.15,387.35,3229
PRAJIND,2026-05-20 13:53:00,387.35,387.75,387.3,387.3,418
PRAJIND,2026-05-20 13:54:00,387.3,387.4,387.05,387.15,324
PRAJIND,2026-05-20 13:55:00,387.15,387.4,387.1,387.3,609
PRAJIND,2026-05-20 13:56:00,387.3,387.3,387.3,387.3,473
PRAJIND,2026-05-20 13:57:00,387.3,387.8,387.3,387.8,86
PRAJIND,2026-05-20 13:58:00,387.8,387.8,387.55,387.8,352
PRAJIND,2026-05-20 13:59:00,387.8,388.05,387.6,388.05,511
PRAJIND,2026-05-20 14:00:00,388.1,388.1,387.9,388.1,357
PRAJIND,2026-05-20 14:01:00,388.1,388.1,387.8,387.85,266
PRAJIND,2026-05-20 14:02:00,387.85,388.0,387.85,387.85,453
PRAJIND,2026-05-20 14:03:00,387.85,387.85,387.7,387.7,741
PRAJIND,2026-05-20 14:04:00,387.7,387.7,387.4,387.4,212
PRAJIND,2026-05-20 14:05:00,387.4,387.65,387.4,387.5,742
PRAJIND,2026-05-20 14:06:00,387.5,387.5,387.5,387.5,2
PRAJIND,2026-05-20 14:07:00,387.5,387.7,387.5,387.7,33
PRAJIND,2026-05-20 14:08:00,387.7,388.2,387.5,388.2,1065
PRAJIND,2026-05-20 14:09:00,388.2,388.2,387.75,387.75,776
PRAJIND,2026-05-20 14:10:00,387.75,387.95,387.5,387.5,199
PRAJIND,2026-05-20 14:11:00,387.5,387.65,387.5,387.55,76
PRAJIND,2026-05-20 14:12:00,387.55,387.55,387.55,387.55,92
PRAJIND,2026-05-20 14:13:00,387.55,387.65,387.45,387.45,1357
PRAJIND,2026-05-20 14:14:00,387.45,387.6,387.05,387.05,2075
PRAJIND,2026-05-20 14:15:00,387.05,387.3,387.05,387.3,562
PRAJIND,2026-05-20 14:16:00,387.3,387.3,387.0,387.05,752
PRAJIND,2026-05-20 14:17:00,387.05,387.25,387.0,387.05,598
PRAJIND,2026-05-20 14:18:00,387.05,387.2,386.9,387.0,634
PRAJIND,2026-05-20 14:19:00,387.0,387.25,387.0,387.0,2182
PRAJIND,2026-05-20 14:20:00,387.0,387.1,386.85,387.1,880
PRAJIND,2026-05-20 14:21:00,387.1,387.2,387.1,387.2,473
PRAJIND,2026-05-20 14:22:00,387.5,387.5,387.3,387.45,274
PRAJIND,2026-05-20 14:23:00,387.45,387.7,387.45,387.45,496
PRAJIND,2026-05-20 14:24:00,387.45,387.65,387.45,387.5,706
PRAJIND,2026-05-20 14:25:00,387.5,387.5,387.2,387.2,419
PRAJIND,2026-05-20 14:26:00,387.2,387.2,387.1,387.1,350
PRAJIND,2026-05-20 14:27:00,387.1,387.5,387.1,387.15,128
PRAJIND,2026-05-20 14:28:00,387.15,387.15,387.05,387.15,320
PRAJIND,2026-05-20 14:29:00,387.15,387.15,387.05,387.05,10
PRAJIND,2026-05-20 14:30:00,387.05,387.2,387.05,387.2,150
PRAJIND,2026-05-20 14:31:00,387.2,387.45,387.05,387.4,4675
PRAJIND,2026-05-20 14:32:00,387.4,387.4,387.3,387.35,356
PRAJIND,2026-05-20 14:33:00,387.35,387.35,386.85,387.0,1169
PRAJIND,2026-05-20 14:34:00,387.0,387.0,386.5,386.8,1514
PRAJIND,2026-05-20 14:35:00,386.55,387.0,386.5,386.8,1508
PRAJIND,2026-05-20 14:36:00,386.8,386.8,386.8,386.8,40
PRAJIND,2026-05-20 14:37:00,386.85,386.85,386.6,386.6,215
PRAJIND,2026-05-20 14:38:00,386.8,386.8,386.4,386.45,309
PRAJIND,2026-05-20 14:39:00,386.45,386.45,386.2,386.25,564
PRAJIND,2026-05-20 14:40:00,386.25,387.2,386.15,387.2,1927
PRAJIND,2026-05-20 14:41:00,387.1,387.4,387.05,387.4,235
PRAJIND,2026-05-20 14:42:00,387.4,387.4,387.2,387.2,438
PRAJIND,2026-05-20 14:43:00,387.2,387.45,387.2,387.35,866
PRAJIND,2026-05-20 14:44:00,387.05,387.15,387.05,387.15,607
PRAJIND,2026-05-20 14:45:00,386.85,387.15,386.85,386.9,606
PRAJIND,2026-05-20 14:46:00,386.9,387.1,386.9,387.05,373
PRAJIND,2026-05-20 14:47:00,387.05,387.05,386.7,387.0,639
PRAJIND,2026-05-20 14:48:00,387.0,387.0,386.6,386.6,3911
PRAJIND,2026-05-20 14:49:00,386.6,386.9,386.6,386.9,185
PRAJIND,2026-05-20 14:50:00,386.9,387.0,386.6,386.85,895
PRAJIND,2026-05-20 14:51:00,386.65,386.85,386.65,386.65,313
PRAJIND,2026-05-20 14:52:00,386.65,387.1,386.65,387.1,1647
PRAJIND,2026-05-20 14:53:00,387.1,387.1,386.5,386.5,4169
PRAJIND,2026-05-20 14:54:00,386.5,386.5,386.5,386.5,162
PRAJIND,2026-05-20 14:55:00,386.5,386.65,386.5,386.55,419
PRAJIND,2026-05-20 14:56:00,386.5,386.5,386.2,386.2,2642
PRAJIND,2026-05-20 14:57:00,386.2,386.35,386.1,386.3,894
PRAJIND,2026-05-20 14:58:00,386.1,386.45,386.1,386.15,679
PRAJIND,2026-05-20 14:59:00,386.15,388.35,386.15,388.2,9675
PRAJIND,2026-05-20 15:00:00,388.25,388.5,388.0,388.25,7280
PRAJIND,2026-05-20 15:01:00,388.45,389.35,388.4,389.0,19329
PRAJIND,2026-05-20 15:02:00,389.15,389.25,389.0,389.0,8450
PRAJIND,2026-05-20 15:03:00,389.2,389.2,386.2,386.35,13997
PRAJIND,2026-05-20 15:04:00,386.4,386.45,386.1,386.1,2903
PRAJIND,2026-05-20 15:05:00,386.3,387.0,386.15,386.8,3020
PRAJIND,2026-05-20 15:06:00,386.5,386.8,386.35,386.6,642
PRAJIND,2026-05-20 15:07:00,386.8,386.9,386.45,386.65,1583
PRAJIND,2026-05-20 15:08:00,386.4,387.15,386.4,386.7,2210
PRAJIND,2026-05-20 15:09:00,386.75,387.15,386.6,386.65,1016
PRAJIND,2026-05-20 15:10:00,386.8,386.95,386.6,386.75,1473
PRAJIND,2026-05-20 15:11:00,386.65,386.7,386.6,386.6,1048
PRAJIND,2026-05-20 15:12:00,386.65,387.0,386.65,386.7,1264
PRAJIND,2026-05-20 15:13:00,386.8,386.95,386.7,386.7,1880
PRAJIND,2026-05-20 15:14:00,386.8,387.05,386.8,386.95,3591
PRAJIND,2026-05-20 15:15:00,386.95,387.05,386.75,386.85,11137
PRAJIND,2026-05-20 15:16:00,387.1,387.1,386.5,386.9,3178
PRAJIND,2026-05-20 15:17:00,386.9,386.95,386.55,386.7,3481
PRAJIND,2026-05-20 15:18:00,386.8,386.85,386.35,386.35,4936
PRAJIND,2026-05-20 15:19:00,386.6,386.6,386.1,386.4,6669
PRAJIND,2026-05-20 15:20:00,386.5,386.85,386.35,386.85,6639
PRAJIND,2026-05-20 15:21:00,386.95,387.25,386.0,386.05,10614
PRAJIND,2026-05-20 15:22:00,385.3,385.5,384.85,385.1,25432
PRAJIND,2026-05-20 15:23:00,385.0,385.0,384.45,384.75,2620
PRAJIND,2026-05-20 15:24:00,384.75,384.85,384.35,384.65,4498
PRAJIND,2026-05-20 15:25:00,384.75,384.95,384.45,384.8,3625
PRAJIND,2026-05-20 15:26:00,384.8,384.85,384.8,384.85,935
PRAJIND,2026-05-20 15:27:00,384.85,384.9,384.15,384.8,4847
PRAJIND,2026-05-20 15:28:00,384.9,384.9,384.45,384.45,6375
PRAJIND,2026-05-20 15:29:00,384.55,385.2,384.3,385.2,3023
PRAJIND,2026-05-21 09:15:00,389.05,396.4,387.6,396.4,26574
PRAJIND,2026-05-21 09:16:00,396.05,396.55,392.15,392.15,17818
PRAJIND,2026-05-21 09:17:00,392.75,392.95,391.4,392.8,13676
PRAJIND,2026-05-21 09:18:00,392.05,393.25,391.4,391.8,10937
PRAJIND,2026-05-21 09:19:00,391.9,391.9,390.25,390.25,2593
PRAJIND,2026-05-21 09:20:00,390.25,390.75,390.25,390.45,5051
PRAJIND,2026-05-21 09:21:00,391.05,391.45,390.4,391.2,2115
PRAJIND,2026-05-21 09:22:00,391.05,391.2,390.85,391.0,2612
PRAJIND,2026-05-21 09:23:00,392.35,395.05,392.1,394.1,31892
PRAJIND,2026-05-21 09:24:00,394.0,394.0,393.15,394.0,4576
PRAJIND,2026-05-21 09:25:00,393.55,395.2,393.15,393.85,15039
PRAJIND,2026-05-21 09:26:00,393.65,393.8,392.95,393.25,5479
PRAJIND,2026-05-21 09:27:00,393.1,393.25,392.55,393.15,2337
PRAJIND,2026-05-21 09:28:00,392.95,392.95,392.45,392.45,2462
PRAJIND,2026-05-21 09:29:00,392.45,392.45,391.75,391.75,2711
PRAJIND,2026-05-21 09:30:00,391.85,392.25,391.5,392.25,2186
PRAJIND,2026-05-21 09:31:00,392.0,392.0,391.5,391.9,2373
PRAJIND,2026-05-21 09:32:00,391.9,391.95,391.5,391.8,796
PRAJIND,2026-05-21 09:33:00,391.3,391.85,391.15,391.65,2057
PRAJIND,2026-05-21 09:34:00,391.15,392.5,391.1,392.5,2672
PRAJIND,2026-05-21 09:35:00,393.05,393.5,392.65,393.0,10863
PRAJIND,2026-05-21 09:36:00,393.0,395.2,393.0,395.05,10363
PRAJIND,2026-05-21 09:37:00,395.05,395.65,395.0,395.2,7044
PRAJIND,2026-05-21 09:38:00,395.2,396.5,395.2,395.55,7073
PRAJIND,2026-05-21 09:39:00,396.05,396.05,395.6,395.9,5485
PRAJIND,2026-05-21 09:40:00,395.9,395.9,395.2,395.3,4923
PRAJIND,2026-05-21 09:41:00,395.3,396.15,395.3,395.35,4494
PRAJIND,2026-05-21 09:42:00,395.35,395.4,394.1,394.45,7131
PRAJIND,2026-05-21 09:43:00,394.75,394.75,394.55,394.65,1773
PRAJIND,2026-05-21 09:44:00,394.9,395.0,394.6,394.6,1742
PRAJIND,2026-05-21 09:45:00,394.6,395.5,394.6,395.4,11210
PRAJIND,2026-05-21 09:46:00,395.4,395.45,395.0,395.45,1094
PRAJIND,2026-05-21 09:47:00,395.45,396.25,395.4,395.9,5633
PRAJIND,2026-05-21 09:48:00,395.65,396.0,395.3,395.3,3267
PRAJIND,2026-05-21 09:49:00,395.5,396.4,395.0,396.4,7004
PRAJIND,2026-05-21 09:50:00,396.2,396.25,395.1,395.1,3128
PRAJIND,2026-05-21 09:51:00,395.1,395.25,395.1,395.25,1058
PRAJIND,2026-05-21 09:52:00,395.25,395.6,395.25,395.55,1676
PRAJIND,2026-05-21 09:53:00,395.55,395.75,395.4,395.45,698
PRAJIND,2026-05-21 09:54:00,395.45,395.45,395.1,395.45,998
PRAJIND,2026-05-21 09:55:00,395.5,395.5,394.85,395.1,627
PRAJIND,2026-05-21 09:56:00,395.1,395.3,395.0,395.3,480
PRAJIND,2026-05-21 09:57:00,395.3,395.5,394.8,394.8,671
PRAJIND,2026-05-21 09:58:00,395.0,395.3,394.85,394.9,7001
PRAJIND,2026-05-21 09:59:00,394.9,395.0,394.5,394.85,2699
PRAJIND,2026-05-21 10:00:00,395.0,395.0,394.7,394.7,689
PRAJIND,2026-05-21 10:01:00,394.7,395.6,394.7,395.4,4498
PRAJIND,2026-05-21 10:02:00,395.4,395.4,394.95,395.15,1614
PRAJIND,2026-05-21 10:03:00,395.15,395.35,395.1,395.2,3420
PRAJIND,2026-05-21 10:04:00,395.2,396.4,395.2,396.0,5687
PRAJIND,2026-05-21 10:05:00,395.8,396.0,393.8,394.25,8344
PRAJIND,2026-05-21 10:06:00,394.25,394.75,394.25,394.6,1697
PRAJIND,2026-05-21 10:07:00,394.6,394.6,394.25,394.3,527
PRAJIND,2026-05-21 10:08:00,394.3,394.35,394.0,394.2,1825
PRAJIND,2026-05-21 10:09:00,394.2,394.5,394.0,394.2,1286
PRAJIND,2026-05-21 10:10:00,394.2,394.2,393.95,394.1,262
PRAJIND,2026-05-21 10:11:00,394.2,394.35,394.0,394.2,483
PRAJIND,2026-05-21 10:12:00,394.2,394.5,393.85,393.85,1887
PRAJIND,2026-05-21 10:13:00,393.85,394.0,393.4,393.8,3290
PRAJIND,2026-05-21 10:14:00,393.6,393.85,393.2,393.6,1331
PRAJIND,2026-05-21 10:15:00,393.3,394.0,393.3,393.75,3171
PRAJIND,2026-05-21 10:16:00,393.75,393.95,393.5,393.75,399
PRAJIND,2026-05-21 10:17:00,393.75,393.95,393.05,393.75,4700
PRAJIND,2026-05-21 10:18:00,393.75,393.75,393.5,393.6,635
PRAJIND,2026-05-21 10:19:00,393.6,393.9,393.55,393.9,136
PRAJIND,2026-05-21 10:20:00,393.9,393.9,393.6,393.6,250
PRAJIND,2026-05-21 10:21:00,393.6,393.6,393.35,393.6,354
PRAJIND,2026-05-21 10:22:00,393.6,393.6,393.3,393.4,2727
PRAJIND,2026-05-21 10:23:00,393.4,393.6,393.3,393.55,6448
PRAJIND,2026-05-21 10:24:00,393.35,393.6,393.3,393.3,417
PRAJIND,2026-05-21 10:25:00,393.3,393.4,393.3,393.4,127
PRAJIND,2026-05-21 10:26:00,393.3,393.55,393.2,393.4,2293
PRAJIND,2026-05-21 10:27:00,393.4,393.4,393.05,393.35,221
PRAJIND,2026-05-21 10:28:00,393.35,393.4,393.1,393.35,1088
PRAJIND,2026-05-21 10:29:00,393.35,393.35,393.35,393.35,572
PRAJIND,2026-05-21 10:30:00,393.35,393.35,393.15,393.15,176
PRAJIND,2026-05-21 10:31:00,393.15,393.35,392.65,392.75,4410
PRAJIND,2026-05-21 10:32:00,393.0,393.1,392.6,392.6,430
PRAJIND,2026-05-21 10:33:00,392.6,392.85,392.6,392.85,215
PRAJIND,2026-05-21 10:34:00,392.85,392.95,392.75,392.9,462
PRAJIND,2026-05-21 10:35:00,392.6,392.9,392.6,392.8,164
PRAJIND,2026-05-21 10:36:00,392.8,393.0,392.8,393.0,632
PRAJIND,2026-05-21 10:37:00,393.05,393.05,392.3,392.75,10503
PRAJIND,2026-05-21 10:38:00,392.55,392.75,392.4,392.75,548
PRAJIND,2026-05-21 10:39:00,392.35,392.45,392.05,392.25,856
PRAJIND,2026-05-21 10:40:00,392.15,392.5,392.1,392.4,1365
PRAJIND,2026-05-21 10:41:00,392.4,392.5,392.4,392.5,78
PRAJIND,2026-05-21 10:42:00,392.5,392.65,392.5,392.65,1271
PRAJIND,2026-05-21 10:43:00,392.65,392.9,392.65,392.7,796
PRAJIND,2026-05-21 10:44:00,392.7,392.9,392.7,392.75,165
PRAJIND,2026-05-21 10:45:00,392.75,392.9,392.7,392.7,489
PRAJIND,2026-05-21 10:46:00,392.7,392.75,392.55,392.55,1709
PRAJIND,2026-05-21 10:47:00,392.55,392.55,392.2,392.4,956
PRAJIND,2026-05-21 10:48:00,392.25,392.4,392.0,392.0,1075
PRAJIND,2026-05-21 10:49:00,392.0,392.3,392.0,392.25,1064
PRAJIND,2026-05-21 10:50:00,392.25,392.3,392.0,392.3,4888
PRAJIND,2026-05-21 10:51:00,392.4,392.4,391.9,391.9,579
PRAJIND,2026-05-21 10:52:00,391.9,392.4,391.9,392.25,1381
PRAJIND,2026-05-21 10:53:00,392.25,392.25,391.8,392.0,484
PRAJIND,2026-05-21 10:54:00,391.8,392.0,391.75,391.8,755
PRAJIND,2026-05-21 10:55:00,391.8,392.5,391.8,392.2,404
PRAJIND,2026-05-21 10:56:00,392.15,392.25,392.0,392.1,1378
PRAJIND,2026-05-21 10:57:00,392.1,392.2,392.05,392.05,346
PRAJIND,2026-05-21 10:58:00,392.05,392.05,391.9,392.0,694
PRAJIND,2026-05-21 10:59:00,392.0,392.0,391.6,391.6,743
PRAJIND,2026-05-21 11:00:00,391.6,391.6,391.5,391.55,2129
PRAJIND,2026-05-21 11:01:00,391.5,391.55,391.25,391.55,688
PRAJIND,2026-05-21 11:02:00,391.55,391.7,391.4,391.55,2553
PRAJIND,2026-05-21 11:03:00,391.55,391.85,391.4,391.85,284
PRAJIND,2026-05-21 11:04:00,391.85,391.9,391.65,391.9,499
PRAJIND,2026-05-21 11:05:00,391.9,391.95,391.8,391.9,299
PRAJIND,2026-05-21 11:06:00,391.9,392.0,391.75,391.75,819
PRAJIND,2026-05-21 11:07:00,391.75,391.8,391.7,391.7,108
PRAJIND,2026-05-21 11:08:00,391.7,391.7,391.4,391.5,1900
PRAJIND,2026-05-21 11:09:00,391.5,392.05,391.5,392.05,1683
PRAJIND,2026-05-21 11:10:00,392.05,392.05,392.0,392.0,125
PRAJIND,2026-05-21 11:11:00,392.0,392.0,391.3,391.3,6836
PRAJIND,2026-05-21 11:12:00,391.3,391.5,391.2,391.5,659
PRAJIND,2026-05-21 11:13:00,391.3,391.3,390.85,390.85,1109
PRAJIND,2026-05-21 11:14:00,390.85,390.85,390.6,390.6,1185
PRAJIND,2026-05-21 11:15:00,390.6,390.6,390.25,390.5,877
PRAJIND,2026-05-21 11:16:00,390.5,390.5,390.25,390.25,745
PRAJIND,2026-05-21 11:17:00,390.25,390.35,389.95,390.25,9079
PRAJIND,2026-05-21 11:18:00,390.25,390.25,389.8,390.2,1707
PRAJIND,2026-05-21 11:19:00,390.2,391.0,390.05,391.0,4512
PRAJIND,2026-05-21 11:20:00,391.0,391.2,390.85,391.15,2568
PRAJIND,2026-05-21 11:21:00,391.05,391.4,390.85,391.05,2527
PRAJIND,2026-05-21 11:22:00,391.05,391.45,391.05,391.45,192
PRAJIND,2026-05-21 11:23:00,391.45,391.45,391.05,391.05,1014
PRAJIND,2026-05-21 11:24:00,391.05,391.05,391.05,391.05,11
PRAJIND,2026-05-21 11:25:00,390.85,390.85,390.55,390.55,1703
PRAJIND,2026-05-21 11:26:00,390.6,390.6,390.0,390.25,5274
PRAJIND,2026-05-21 11:27:00,390.3,390.75,390.3,390.75,669
PRAJIND,2026-05-21 11:28:00,390.75,390.9,390.65,390.65,1402
PRAJIND,2026-05-21 11:29:00,390.7,390.9,388.6,388.6,8585
PRAJIND,2026-05-21 11:30:00,388.6,389.1,388.6,389.05,1569
PRAJIND,2026-05-21 11:31:00,389.05,389.3,388.7,388.7,1619
PRAJIND,2026-05-21 11:32:00,388.7,389.05,388.65,389.05,961
PRAJIND,2026-05-21 11:33:00,389.05,389.15,388.6,389.15,1791
PRAJIND,2026-05-21 11:34:00,389.15,389.2,389.0,389.0,1533
PRAJIND,2026-05-21 11:35:00,389.0,389.3,389.0,389.25,2816
PRAJIND,2026-05-21 11:36:00,389.2,389.3,389.0,389.0,747
PRAJIND,2026-05-21 11:37:00,389.0,389.0,387.35,387.55,5241
PRAJIND,2026-05-21 11:38:00,387.35,387.5,387.0,387.2,2839
PRAJIND,2026-05-21 11:39:00,387.2,387.3,387.0,387.0,2967
PRAJIND,2026-05-21 11:40:00,387.15,387.15,386.95,386.95,989
PRAJIND,2026-05-21 11:41:00,386.9,387.45,386.85,387.4,1412
PRAJIND,2026-05-21 11:42:00,387.5,387.7,386.95,386.95,4580
PRAJIND,2026-05-21 11:43:00,386.95,387.1,386.85,386.95,32
PRAJIND,2026-05-21 11:44:00,386.95,387.45,386.95,387.1,1206
PRAJIND,2026-05-21 11:45:00,387.1,387.4,387.1,387.3,1596
PRAJIND,2026-05-21 11:46:00,387.3,387.45,387.0,387.25,1519
PRAJIND,2026-05-21 11:47:00,387.25,387.25,387.0,387.0,215
PRAJIND,2026-05-21 11:48:00,387.0,387.0,386.75,386.75,993
PRAJIND,2026-05-21 11:49:00,386.75,386.95,386.65,386.95,676
PRAJIND,2026-05-21 11:50:00,386.95,387.2,386.95,387.1,208
PRAJIND,2026-05-21 11:51:00,387.1,387.35,387.1,387.3,44
PRAJIND,2026-05-21 11:52:00,387.3,387.35,386.95,386.95,2648
PRAJIND,2026-05-21 11:53:00,387.05,387.05,386.7,386.85,195
PRAJIND,2026-05-21 11:54:00,386.85,387.05,386.7,387.05,811
PRAJIND,2026-05-21 11:55:00,387.1,387.1,386.9,386.9,192
PRAJIND,2026-05-21 11:56:00,386.9,387.1,386.4,386.5,1263
PRAJIND,2026-05-21 11:57:00,386.35,386.5,386.05,386.25,1681
PRAJIND,2026-05-21 11:58:00,386.4,386.9,386.3,386.7,3176
PRAJIND,2026-05-21 11:59:00,386.7,386.7,386.5,386.7,183
PRAJIND,2026-05-21 12:00:00,386.7,386.75,386.4,386.4,1211
PRAJIND,2026-05-21 12:01:00,386.4,386.8,386.4,386.8,357
PRAJIND,2026-05-21 12:02:00,386.55,387.0,386.55,386.9,1820
PRAJIND,2026-05-21 12:03:00,386.9,387.0,386.7,386.85,973
PRAJIND,2026-05-21 12:04:00,386.85,387.0,386.5,386.75,1201
PRAJIND,2026-05-21 12:05:00,386.75,386.85,386.45,386.7,791
PRAJIND,2026-05-21 12:06:00,386.7,387.0,386.65,386.65,1052
PRAJIND,2026-05-21 12:07:00,386.45,386.8,386.35,386.75,2527
PRAJIND,2026-05-21 12:08:00,386.75,386.75,386.5,386.75,405
PRAJIND,2026-05-21 12:09:00,386.75,386.75,386.35,386.35,2156
PRAJIND,2026-05-21 12:10:00,386.4,386.6,386.25,386.25,400
PRAJIND,2026-05-21 12:11:00,386.25,386.55,386.25,386.55,285
PRAJIND,2026-05-21 12:12:00,386.5,386.55,386.45,386.5,387
PRAJIND,2026-05-21 12:13:00,386.5,386.6,386.25,386.25,1329
PRAJIND,2026-05-21 12:14:00,386.25,386.45,386.25,386.3,2969
PRAJIND,2026-05-21 12:15:00,386.3,386.55,386.3,386.4,414
PRAJIND,2026-05-21 12:16:00,386.4,386.55,386.2,386.2,740
PRAJIND,2026-05-21 12:17:00,386.2,386.55,386.2,386.55,212
PRAJIND,2026-05-21 12:18:00,386.55,386.55,386.2,386.25,292
PRAJIND,2026-05-21 12:19:00,386.25,386.5,386.2,386.3,366
PRAJIND,2026-05-21 12:20:00,386.3,386.4,386.25,386.4,46
PRAJIND,2026-05-21 12:21:00,386.4,386.75,385.85,386.7,8269
PRAJIND,2026-05-21 12:22:00,386.7,387.0,386.6,386.9,1365
PRAJIND,2026-05-21 12:23:00,386.8,387.0,386.8,386.85,1964
PRAJIND,2026-05-21 12:24:00,386.85,386.85,386.35,386.35,1229
PRAJIND,2026-05-21 12:25:00,386.3,386.7,386.3,386.7,2129
PRAJIND,2026-05-21 12:26:00,386.7,386.7,386.15,386.15,392
PRAJIND,2026-05-21 12:27:00,386.15,386.45,386.0,386.45,3738
PRAJIND,2026-05-21 12:28:00,386.4,386.7,386.3,386.5,3041
PRAJIND,2026-05-21 12:29:00,386.5,386.7,386.25,386.25,655
PRAJIND,2026-05-21 12:30:00,386.25,386.4,386.25,386.4,206
PRAJIND,2026-05-21 12:31:00,386.4,386.8,386.4,386.8,2561
PRAJIND,2026-05-21 12:32:00,386.75,386.75,386.4,386.4,518
PRAJIND,2026-05-21 12:33:00,386.4,386.65,386.4,386.4,411
PRAJIND,2026-05-21 12:34:00,386.4,386.9,386.4,386.85,907
PRAJIND,2026-05-21 12:35:00,386.85,386.85,386.5,386.55,443
PRAJIND,2026-05-21 12:36:00,386.5,386.55,386.4,386.4,554
PRAJIND,2026-05-21 12:37:00,386.4,386.55,386.35,386.35,1742
PRAJIND,2026-05-21 12:38:00,386.35,386.6,386.3,386.6,418
PRAJIND,2026-05-21 12:39:00,386.6,386.6,386.3,386.4,1400
PRAJIND,2026-05-21 12:40:00,386.3,386.5,386.25,386.25,441
PRAJIND,2026-05-21 12:41:00,386.25,386.6,386.25,386.6,1648
PRAJIND,2026-05-21 12:42:00,386.6,386.6,386.4,386.4,1349
PRAJIND,2026-05-21 12:43:00,386.4,386.4,386.25,386.3,225
PRAJIND,2026-05-21 12:44:00,386.5,386.5,386.35,386.4,940
PRAJIND,2026-05-21 12:45:00,386.25,386.55,386.25,386.35,1057
PRAJIND,2026-05-21 12:46:00,386.35,386.55,386.2,386.2,156
PRAJIND,2026-05-21 12:47:00,386.2,386.5,386.2,386.5,314
PRAJIND,2026-05-21 12:48:00,386.5,386.7,386.35,386.4,785
PRAJIND,2026-05-21 12:49:00,386.6,386.6,386.4,386.4,313
PRAJIND,2026-05-21 12:50:00,386.4,386.65,386.4,386.55,685
PRAJIND,2026-05-21 12:51:00,386.55,386.95,386.55,386.7,229
PRAJIND,2026-05-21 12:52:00,386.7,387.0,386.7,386.75,790
PRAJIND,2026-05-21 12:53:00,386.75,387.0,386.7,386.9,610
PRAJIND,2026-05-21 12:54:00,386.9,387.15,386.85,387.0,2315
PRAJIND,2026-05-21 12:55:00,387.0,387.45,387.0,387.4,1318
PRAJIND,2026-05-21 12:56:00,387.4,387.7,386.8,387.5,9016
PRAJIND,2026-05-21 12:57:00,387.25,387.25,387.0,387.0,1515
PRAJIND,2026-05-21 12:58:00,387.0,387.3,387.0,387.15,1830
PRAJIND,2026-05-21 12:59:00,387.05,387.2,387.0,387.2,770
PRAJIND,2026-05-21 13:00:00,387.2,387.25,387.2,387.25,34
PRAJIND,2026-05-21 13:01:00,387.0,387.3,387.0,387.3,3541
PRAJIND,2026-05-21 13:02:00,387.1,387.4,387.1,387.2,1292
PRAJIND,2026-05-21 13:03:00,387.2,387.2,387.05,387.05,378
PRAJIND,2026-05-21 13:04:00,387.05,387.95,387.05,387.95,1048
PRAJIND,2026-05-21 13:05:00,388.0,388.5,388.0,388.4,2289
PRAJIND,2026-05-21 13:06:00,388.4,388.4,387.9,387.9,990
PRAJIND,2026-05-21 13:07:00,387.9,388.15,387.9,388.15,1238
PRAJIND,2026-05-21 13:08:00,388.15,388.3,388.0,388.3,824
PRAJIND,2026-05-21 13:09:00,388.3,388.5,388.0,388.45,4646
PRAJIND,2026-05-21 13:10:00,388.45,388.5,388.35,388.35,145
PRAJIND,2026-05-21 13:11:00,388.35,388.35,388.2,388.2,1302
PRAJIND,2026-05-21 13:12:00,388.2,388.35,388.2,388.2,159
PRAJIND,2026-05-21 13:13:00,388.2,388.5,388.2,388.4,1625
PRAJIND,2026-05-21 13:14:00,388.55,388.6,388.3,388.5,1116
PRAJIND,2026-05-21 13:15:00,388.5,388.5,388.15,388.2,416
PRAJIND,2026-05-21 13:16:00,388.4,388.4,388.05,388.05,2781
PRAJIND,2026-05-21 13:17:00,388.05,388.05,387.75,387.75,2703
PRAJIND,2026-05-21 13:18:00,387.75,388.25,387.45,388.0,5100
PRAJIND,2026-05-21 13:19:00,388.0,388.2,388.0,388.05,107
PRAJIND,2026-05-21 13:20:00,388.05,388.25,388.05,388.05,397
PRAJIND,2026-05-21 13:21:00,388.05,388.4,388.05,388.05,221
PRAJIND,2026-05-21 13:22:00,388.35,388.35,387.9,388.0,846
PRAJIND,2026-05-21 13:23:00,388.0,388.3,387.95,388.0,934
PRAJIND,2026-05-21 13:24:00,388.0,388.0,388.0,388.0,336
PRAJIND,2026-05-21 13:25:00,388.0,388.0,387.85,388.0,185
PRAJIND,2026-05-21 13:26:00,388.1,388.1,387.85,388.05,45
PRAJIND,2026-05-21 13:27:00,388.05,388.2,387.75,388.2,284
PRAJIND,2026-05-21 13:28:00,388.2,388.2,388.0,388.0,115
PRAJIND,2026-05-21 13:29:00,388.2,388.2,388.2,388.2,447
PRAJIND,2026-05-21 13:30:00,388.2,388.35,388.0,388.25,1753
PRAJIND,2026-05-21 13:31:00,388.25,389.0,388.25,388.85,4298
PRAJIND,2026-05-21 13:32:00,388.85,389.0,388.75,388.85,576
PRAJIND,2026-05-21 13:33:00,388.85,389.25,388.85,389.15,3487
PRAJIND,2026-05-21 13:34:00,389.15,389.35,389.15,389.15,254
PRAJIND,2026-05-21 13:35:00,389.15,389.65,389.15,389.3,1084
PRAJIND,2026-05-21 13:36:00,389.3,389.65,389.25,389.6,271
PRAJIND,2026-05-21 13:37:00,389.6,389.6,389.2,389.3,320
PRAJIND,2026-05-21 13:38:00,389.15,389.15,389.0,389.0,50
PRAJIND,2026-05-21 13:39:00,389.0,389.15,389.0,389.0,94
PRAJIND,2026-05-21 13:40:00,389.15,389.15,389.0,389.0,185
PRAJIND,2026-05-21 13:41:00,389.0,389.15,389.0,389.15,104
PRAJIND,2026-05-21 13:42:00,389.15,389.4,389.1,389.35,186
PRAJIND,2026-05-21 13:43:00,389.35,389.35,389.0,389.0,553
PRAJIND,2026-05-21 13:44:00,389.0,389.15,389.0,389.1,173
PRAJIND,2026-05-21 13:45:00,389.0,389.0,388.75,388.8,1022
PRAJIND,2026-05-21 13:46:00,388.8,389.05,388.8,388.85,96
PRAJIND,2026-05-21 13:47:00,388.85,389.4,388.85,389.4,1613
PRAJIND,2026-05-21 13:48:00,389.4,390.5,389.4,390.25,8908
PRAJIND,2026-05-21 13:49:00,390.0,390.15,389.45,389.45,38
PRAJIND,2026-05-21 13:50:00,389.45,389.95,389.45,389.6,1142
PRAJIND,2026-05-21 13:51:00,389.6,389.8,389.3,389.6,887
PRAJIND,2026-05-21 13:52:00,389.6,389.7,389.5,389.5,111
PRAJIND,2026-05-21 13:53:00,389.5,389.7,389.45,389.5,204
PRAJIND,2026-05-21 13:54:00,389.5,389.85,389.3,389.85,1234
PRAJIND,2026-05-21 13:55:00,389.85,389.85,389.4,389.4,616
PRAJIND,2026-05-21 13:56:00,389.4,389.6,389.4,389.6,125
PRAJIND,2026-05-21 13:57:00,389.6,389.75,389.5,389.7,156
PRAJIND,2026-05-21 13:58:00,389.7,390.05,389.7,390.05,23
PRAJIND,2026-05-21 13:59:00,390.25,390.5,390.1,390.15,3212
PRAJIND,2026-05-21 14:00:00,390.15,390.2,389.7,390.2,1419
PRAJIND,2026-05-21 14:01:00,390.2,390.2,389.8,389.8,204
PRAJIND,2026-05-21 14:02:00,389.8,390.05,389.8,390.0,93
PRAJIND,2026-05-21 14:03:00,390.0,390.0,389.4,389.55,2513
PRAJIND,2026-05-21 14:04:00,389.7,389.7,389.3,389.6,888
PRAJIND,2026-05-21 14:05:00,389.55,389.8,389.55,389.7,64
PRAJIND,2026-05-21 14:06:00,389.8,389.95,389.3,389.3,376
PRAJIND,2026-05-21 14:07:00,389.3,389.75,389.3,389.65,478
PRAJIND,2026-05-21 14:08:00,389.65,390.0,389.55,389.75,1619
PRAJIND,2026-05-21 14:09:00,389.75,389.75,389.55,389.55,79
PRAJIND,2026-05-21 14:10:00,389.55,389.55,389.45,389.45,812
PRAJIND,2026-05-21 14:11:00,389.45,389.65,389.3,389.45,559
PRAJIND,2026-05-21 14:12:00,389.45,389.75,389.35,389.75,735
PRAJIND,2026-05-21 14:13:00,389.75,390.1,389.55,389.95,1401
PRAJIND,2026-05-21 14:14:00,389.95,390.0,389.8,389.8,451
PRAJIND,2026-05-21 14:15:00,389.8,390.0,389.6,390.0,1476
PRAJIND,2026-05-21 14:16:00,390.0,390.35,389.65,390.35,555
PRAJIND,2026-05-21 14:17:00,390.35,390.35,389.9,390.0,1129
PRAJIND,2026-05-21 14:18:00,390.0,390.45,390.0,390.25,1760
PRAJIND,2026-05-21 14:19:00,390.25,390.45,390.2,390.4,75
PRAJIND,2026-05-21 14:20:00,390.4,390.4,390.1,390.2,863
PRAJIND,2026-05-21 14:21:00,390.2,390.3,390.0,390.2,391
PRAJIND,2026-05-21 14:22:00,390.2,390.2,389.75,389.75,1271
PRAJIND,2026-05-21 14:23:00,390.0,390.2,389.9,390.0,1356
PRAJIND,2026-05-21 14:24:00,390.0,390.2,390.0,390.15,1190
PRAJIND,2026-05-21 14:25:00,390.15,390.15,390.0,390.0,1110
PRAJIND,2026-05-21 14:26:00,390.0,390.15,390.0,390.15,100
PRAJIND,2026-05-21 14:27:00,390.5,390.75,390.15,390.2,7199
PRAJIND,2026-05-21 14:28:00,390.2,390.5,389.8,389.85,498
PRAJIND,2026-05-21 14:29:00,389.85,390.15,389.85,390.15,12
PRAJIND,2026-05-21 14:30:00,390.15,390.15,389.9,389.9,154
PRAJIND,2026-05-21 14:31:00,389.9,390.35,389.85,389.85,3439
PRAJIND,2026-05-21 14:32:00,389.85,390.25,389.85,390.05,648
PRAJIND,2026-05-21 14:33:00,390.05,390.15,389.85,389.9,1161
PRAJIND,2026-05-21 14:34:00,389.9,390.4,389.9,390.4,758
PRAJIND,2026-05-21 14:35:00,390.2,390.45,390.1,390.25,874
PRAJIND,2026-05-21 14:36:00,390.4,390.4,390.4,390.4,25
PRAJIND,2026-05-21 14:37:00,390.4,390.5,390.15,390.5,5832
PRAJIND,2026-05-21 14:38:00,390.5,390.5,389.95,389.95,3087
PRAJIND,2026-05-21 14:39:00,389.95,390.3,389.95,390.1,941
PRAJIND,2026-05-21 14:40:00,390.1,390.1,389.95,390.1,557
PRAJIND,2026-05-21 14:41:00,390.05,390.25,390.0,390.0,608
PRAJIND,2026-05-21 14:42:00,390.0,390.3,390.0,390.3,527
PRAJIND,2026-05-21 14:43:00,390.3,390.35,390.1,390.35,7507
PRAJIND,2026-05-21 14:44:00,390.35,390.35,390.1,390.1,1079
PRAJIND,2026-05-21 14:45:00,390.1,390.25,390.05,390.25,595
PRAJIND,2026-05-21 14:46:00,390.25,390.25,390.1,390.25,721
PRAJIND,2026-05-21 14:47:00,390.25,390.25,390.0,390.0,116
PRAJIND,2026-05-21 14:48:00,390.35,390.35,389.85,389.85,10206
PRAJIND,2026-05-21 14:49:00,389.85,390.0,389.5,389.5,1616
PRAJIND,2026-05-21 14:50:00,389.5,389.85,389.35,389.6,522
PRAJIND,2026-05-21 14:51:00,389.6,389.75,389.4,389.75,289
PRAJIND,2026-05-21 14:52:00,389.75,389.9,389.75,389.9,290
PRAJIND,2026-05-21 14:53:00,389.9,389.9,389.6,389.6,311
PRAJIND,2026-05-21 14:54:00,389.6,390.25,389.6,389.6,3032
PRAJIND,2026-05-21 14:55:00,389.6,390.2,389.6,389.9,394
PRAJIND,2026-05-21 14:56:00,389.85,389.9,389.65,389.85,382
PRAJIND,2026-05-21 14:57:00,389.85,389.85,389.25,389.4,3299
PRAJIND,2026-05-21 14:58:00,389.55,389.6,389.3,389.4,247
PRAJIND,2026-05-21 14:59:00,389.4,389.7,389.25,389.6,807
PRAJIND,2026-05-21 15:00:00,389.6,389.85,389.5,389.5,948
PRAJIND,2026-05-21 15:01:00,389.75,390.3,389.5,389.75,10941
PRAJIND,2026-05-21 15:02:00,389.75,389.85,389.4,389.5,596
PRAJIND,2026-05-21 15:03:00,389.6,389.6,389.2,389.45,1491
PRAJIND,2026-05-21 15:04:00,389.15,389.8,389.15,389.65,2666
PRAJIND,2026-05-21 15:05:00,389.65,389.8,389.5,389.75,1478
PRAJIND,2026-05-21 15:06:00,389.5,389.95,389.5,389.85,244
PRAJIND,2026-05-21 15:07:00,389.65,389.9,389.55,389.7,857
PRAJIND,2026-05-21 15:08:00,389.75,389.75,389.45,389.45,237
PRAJIND,2026-05-21 15:09:00,389.45,389.6,389.4,389.4,399
PRAJIND,2026-05-21 15:10:00,389.4,389.6,389.35,389.6,5522
PRAJIND,2026-05-21 15:11:00,389.6,389.7,389.0,389.0,7189
PRAJIND,2026-05-21 15:12:00,388.6,389.15,388.6,389.15,6199
PRAJIND,2026-05-21 15:13:00,389.0,389.1,388.75,388.75,11314
PRAJIND,2026-05-21 15:14:00,388.75,389.05,388.75,388.8,1166
PRAJIND,2026-05-21 15:15:00,389.25,389.3,388.85,389.2,2346
PRAJIND,2026-05-21 15:16:00,389.65,390.0,389.2,389.85,11392
PRAJIND,2026-05-21 15:17:00,390.0,390.0,389.5,389.5,978
PRAJIND,2026-05-21 15:18:00,389.5,389.5,388.95,388.95,4599
PRAJIND,2026-05-21 15:19:00,388.95,389.0,388.55,389.0,1732
PRAJIND,2026-05-21 15:20:00,388.65,388.85,388.0,388.1,5336
PRAJIND,2026-05-21 15:21:00,388.2,388.4,387.9,388.05,6149
PRAJIND,2026-05-21 15:22:00,388.1,388.4,388.1,388.15,306
PRAJIND,2026-05-21 15:23:00,388.15,390.0,388.1,389.95,14008
PRAJIND,2026-05-21 15:24:00,390.05,390.2,389.05,389.05,4583
PRAJIND,2026-05-21 15:25:00,388.8,390.3,388.8,390.15,27511
PRAJIND,2026-05-21 15:26:00,389.7,389.8,389.0,389.3,1971
PRAJIND,2026-05-21 15:27:00,389.05,389.5,389.05,389.1,3067
PRAJIND,2026-05-21 15:28:00,389.3,391.45,389.3,391.45,224318
PRAJIND,2026-05-21 15:29:00,390.9,391.25,389.0,389.0,108029
PRAJIND,2026-05-22 09:15:00,390.0,390.0,387.45,388.25,6642
PRAJIND,2026-05-22 09:16:00,387.25,388.35,387.0,388.1,5635
PRAJIND,2026-05-22 09:17:00,388.6,388.6,387.9,387.9,3590
PRAJIND,2026-05-22 09:18:00,388.0,388.15,387.7,388.15,2032
PRAJIND,2026-05-22 09:19:00,388.15,388.35,387.9,388.0,3297
PRAJIND,2026-05-22 09:20:00,388.0,388.0,386.8,387.75,6028
PRAJIND,2026-05-22 09:21:00,387.15,387.55,387.0,387.45,2602
PRAJIND,2026-05-22 09:22:00,387.0,387.35,386.8,386.8,2888
PRAJIND,2026-05-22 09:23:00,386.6,386.95,386.35,386.6,2368
PRAJIND,2026-05-22 09:24:00,386.4,386.7,386.4,386.7,984
PRAJIND,2026-05-22 09:25:00,386.7,386.7,385.45,385.8,10425
PRAJIND,2026-05-22 09:26:00,385.6,386.2,385.45,385.9,2554
PRAJIND,2026-05-22 09:27:00,385.8,386.35,385.6,386.1,1118
PRAJIND,2026-05-22 09:28:00,386.0,386.0,385.7,385.85,2167
PRAJIND,2026-05-22 09:29:00,385.8,386.0,385.3,385.9,2394
PRAJIND,2026-05-22 09:30:00,385.85,386.0,384.05,384.8,18539
PRAJIND,2026-05-22 09:31:00,384.8,385.1,384.55,384.85,3080
PRAJIND,2026-05-22 09:32:00,384.9,384.9,383.8,383.8,3469
PRAJIND,2026-05-22 09:33:00,384.15,384.75,383.75,384.75,5876
PRAJIND,2026-05-22 09:34:00,385.0,385.9,384.95,385.9,6574
PRAJIND,2026-05-22 09:35:00,385.9,386.3,385.45,386.3,3403
PRAJIND,2026-05-22 09:36:00,386.3,386.7,386.15,386.3,2853
PRAJIND,2026-05-22 09:37:00,386.5,386.6,385.75,385.85,2138
PRAJIND,2026-05-22 09:38:00,385.85,386.1,385.85,386.05,580
PRAJIND,2026-05-22 09:39:00,385.85,386.15,385.85,385.85,1297
PRAJIND,2026-05-22 09:40:00,385.85,386.0,385.45,385.45,2138
PRAJIND,2026-05-22 09:41:00,385.45,385.6,385.15,385.3,1277
PRAJIND,2026-05-22 09:42:00,385.3,385.8,385.25,385.5,1490
PRAJIND,2026-05-22 09:43:00,385.65,385.95,385.4,385.75,348
PRAJIND,2026-05-22 09:44:00,386.35,386.55,386.0,386.2,5943
PRAJIND,2026-05-22 09:45:00,385.95,386.0,385.3,385.6,2652
PRAJIND,2026-05-22 09:46:00,385.65,385.65,385.55,385.65,315
PRAJIND,2026-05-22 09:47:00,385.65,386.05,385.65,385.85,652
PRAJIND,2026-05-22 09:48:00,386.05,386.5,385.95,386.2,4559
PRAJIND,2026-05-22 09:49:00,386.15,386.65,386.15,386.4,1535
PRAJIND,2026-05-22 09:50:00,386.4,386.5,386.15,386.35,2128
PRAJIND,2026-05-22 09:51:00,386.35,386.9,386.3,386.9,3485
PRAJIND,2026-05-22 09:52:00,386.75,386.9,386.75,386.8,432
PRAJIND,2026-05-22 09:53:00,386.8,387.35,386.8,387.1,2011
PRAJIND,2026-05-22 09:54:00,387.15,387.55,387.1,387.1,2741
PRAJIND,2026-05-22 09:55:00,387.1,387.8,387.1,387.8,2502
PRAJIND,2026-05-22 09:56:00,387.8,387.8,387.35,387.7,3257
PRAJIND,2026-05-22 09:57:00,387.7,387.7,387.35,387.35,1518
PRAJIND,2026-05-22 09:58:00,387.35,387.5,387.2,387.5,2697
PRAJIND,2026-05-22 09:59:00,387.2,387.2,387.0,387.2,2079
PRAJIND,2026-05-22 10:00:00,387.2,387.2,386.55,386.6,2324
PRAJIND,2026-05-22 10:01:00,386.6,386.85,386.55,386.8,369
PRAJIND,2026-05-22 10:02:00,386.85,386.85,386.65,386.7,100
PRAJIND,2026-05-22 10:03:00,386.7,386.7,386.35,386.5,463
PRAJIND,2026-05-22 10:04:00,386.5,386.85,386.5,386.55,1014
PRAJIND,2026-05-22 10:05:00,386.55,386.7,386.4,386.7,180
PRAJIND,2026-05-22 10:06:00,386.7,386.7,386.5,386.5,109
PRAJIND,2026-05-22 10:07:00,386.5,386.9,386.5,386.55,1412
PRAJIND,2026-05-22 10:08:00,386.55,386.9,386.55,386.9,3521
PRAJIND,2026-05-22 10:09:00,386.5,386.5,386.1,386.1,4089
PRAJIND,2026-05-22 10:10:00,386.0,386.3,386.0,386.2,1061
PRAJIND,2026-05-22 10:11:00,386.2,386.7,386.15,386.3,297
PRAJIND,2026-05-22 10:12:00,386.3,386.6,386.05,386.3,2987
PRAJIND,2026-05-22 10:13:00,386.45,386.55,386.3,386.5,278
PRAJIND,2026-05-22 10:14:00,386.3,386.45,386.1,386.1,221
PRAJIND,2026-05-22 10:15:00,386.4,386.4,386.3,386.35,440
PRAJIND,2026-05-22 10:16:00,386.35,386.5,386.15,386.15,478
PRAJIND,2026-05-22 10:17:00,386.15,386.4,386.15,386.15,552
PRAJIND,2026-05-22 10:18:00,386.15,386.35,386.15,386.15,132
PRAJIND,2026-05-22 10:19:00,386.15,386.15,385.4,385.4,3721
PRAJIND,2026-05-22 10:20:00,386.1,386.3,385.8,386.3,2020
PRAJIND,2026-05-22 10:21:00,386.1,386.3,386.05,386.05,134
PRAJIND,2026-05-22 10:22:00,386.05,386.05,386.05,386.05,304
PRAJIND,2026-05-22 10:23:00,386.05,386.2,386.05,386.2,2320
PRAJIND,2026-05-22 10:24:00,386.2,386.4,386.2,386.35,99
PRAJIND,2026-05-22 10:25:00,385.85,386.15,385.85,385.95,249
PRAJIND,2026-05-22 10:26:00,385.95,386.2,385.9,386.2,356
PRAJIND,2026-05-22 10:27:00,386.2,386.2,386.0,386.0,166
PRAJIND,2026-05-22 10:28:00,386.0,386.25,386.0,386.25,422
PRAJIND,2026-05-22 10:29:00,386.25,386.25,385.9,385.9,234
PRAJIND,2026-05-22 10:30:00,385.9,386.0,385.9,385.95,275
PRAJIND,2026-05-22 10:31:00,385.95,386.3,385.95,386.3,121
PRAJIND,2026-05-22 10:32:00,386.3,386.3,386.05,386.25,398
PRAJIND,2026-05-22 10:33:00,386.25,386.25,386.05,386.1,210
PRAJIND,2026-05-22 10:34:00,386.1,386.3,386.1,386.1,17
PRAJIND,2026-05-22 10:35:00,386.3,386.35,386.1,386.2,147
PRAJIND,2026-05-22 10:36:00,386.2,386.5,386.2,386.5,242
PRAJIND,2026-05-22 10:37:00,386.5,388.2,386.5,388.1,13576
PRAJIND,2026-05-22 10:38:00,388.1,388.1,387.5,387.65,632
PRAJIND,2026-05-22 10:39:00,388.35,388.55,387.95,387.95,8536
PRAJIND,2026-05-22 10:40:00,387.95,388.1,387.65,387.65,247
PRAJIND,2026-05-22 10:41:00,387.65,388.15,387.5,388.05,840
PRAJIND,2026-05-22 10:42:00,388.05,388.05,387.85,387.85,41
PRAJIND,2026-05-22 10:43:00,388.0,388.0,387.8,388.0,633
PRAJIND,2026-05-22 10:44:00,388.0,388.0,387.65,387.8,257
PRAJIND,2026-05-22 10:45:00,387.8,387.85,387.6,387.6,679
PRAJIND,2026-05-22 10:46:00,387.5,387.75,387.5,387.5,357
PRAJIND,2026-05-22 10:47:00,387.75,387.85,387.7,387.85,1334
PRAJIND,2026-05-22 10:48:00,387.85,387.85,387.3,387.4,1062
PRAJIND,2026-05-22 10:49:00,387.4,387.55,387.4,387.4,991
PRAJIND,2026-05-22 10:50:00,387.5,387.5,387.4,387.5,81
PRAJIND,2026-05-22 10:51:00,387.5,387.85,387.4,387.8,414
PRAJIND,2026-05-22 10:52:00,387.8,387.8,387.6,387.6,193
PRAJIND,2026-05-22 10:53:00,387.65,387.8,387.45,387.8,383
PRAJIND,2026-05-22 10:54:00,387.8,388.0,387.7,387.9,390
PRAJIND,2026-05-22 10:55:00,387.9,388.15,387.9,388.15,1186
PRAJIND,2026-05-22 10:56:00,388.15,388.15,387.9,387.9,2847
PRAJIND,2026-05-22 10:57:00,387.9,387.9,387.5,387.5,2102
PRAJIND,2026-05-22 10:58:00,387.5,387.5,387.45,387.45,32
PRAJIND,2026-05-22 10:59:00,387.5,387.5,387.45,387.45,131
PRAJIND,2026-05-22 11:00:00,387.45,387.65,387.2,387.2,1591
PRAJIND,2026-05-22 11:01:00,387.2,388.5,387.2,388.25,2946
PRAJIND,2026-05-22 11:02:00,388.3,388.75,388.3,388.5,773
PRAJIND,2026-05-22 11:03:00,388.5,388.65,388.15,388.15,290
PRAJIND,2026-05-22 11:04:00,388.15,388.35,388.15,388.25,269
PRAJIND,2026-05-22 11:05:00,388.25,388.35,388.25,388.35,185
PRAJIND,2026-05-22 11:06:00,388.35,388.5,388.3,388.4,538
PRAJIND,2026-05-22 11:07:00,388.4,388.4,388.0,388.1,1879
PRAJIND,2026-05-22 11:08:00,388.1,388.25,388.1,388.2,53
PRAJIND,2026-05-22 11:09:00,388.2,388.35,388.2,388.2,998
PRAJIND,2026-05-22 11:10:00,388.2,388.35,388.0,388.15,681
PRAJIND,2026-05-22 11:11:00,388.2,388.5,388.2,388.2,1019
PRAJIND,2026-05-22 11:12:00,388.2,388.55,388.15,388.55,1547
PRAJIND,2026-05-22 11:13:00,388.55,388.55,388.3,388.4,307
PRAJIND,2026-05-22 11:14:00,388.4,388.6,388.35,388.6,689
PRAJIND,2026-05-22 11:15:00,388.6,388.6,388.2,388.2,698
PRAJIND,2026-05-22 11:16:00,388.2,388.55,388.2,388.45,63
PRAJIND,2026-05-22 11:17:00,388.45,388.45,388.2,388.2,285
PRAJIND,2026-05-22 11:18:00,388.35,388.35,388.15,388.25,85
PRAJIND,2026-05-22 11:19:00,388.25,388.35,388.1,388.35,876
PRAJIND,2026-05-22 11:20:00,388.15,388.3,388.15,388.2,339
PRAJIND,2026-05-22 11:21:00,388.2,388.6,388.2,388.6,1356
PRAJIND,2026-05-22 11:22:00,388.6,388.9,388.5,388.5,6872
PRAJIND,2026-05-22 11:23:00,388.5,388.5,388.25,388.25,1831
PRAJIND,2026-05-22 11:24:00,388.1,388.15,387.65,387.65,4141
PRAJIND,2026-05-22 11:25:00,387.55,387.75,387.25,387.25,3785
PRAJIND,2026-05-22 11:26:00,387.25,387.25,386.75,387.0,10085
PRAJIND,2026-05-22 11:27:00,387.0,387.2,387.0,387.1,102
PRAJIND,2026-05-22 11:28:00,387.1,387.3,386.9,387.0,965
PRAJIND,2026-05-22 11:29:00,387.0,387.7,387.0,387.6,669
PRAJIND,2026-05-22 11:30:00,387.6,387.85,387.05,387.25,3622
PRAJIND,2026-05-22 11:31:00,387.25,387.35,387.0,387.2,957
PRAJIND,2026-05-22 11:32:00,387.4,387.7,387.4,387.7,772
PRAJIND,2026-05-22 11:33:00,387.7,387.85,387.7,387.7,783
PRAJIND,2026-05-22 11:34:00,387.7,387.7,387.4,387.65,189
PRAJIND,2026-05-22 11:35:00,387.65,388.25,387.65,388.05,570
PRAJIND,2026-05-22 11:36:00,388.05,388.15,388.05,388.05,200
PRAJIND,2026-05-22 11:37:00,388.05,388.1,388.0,388.05,405
PRAJIND,2026-05-22 11:38:00,388.05,388.05,387.7,387.7,641
PRAJIND,2026-05-22 11:39:00,387.65,387.7,387.45,387.45,549
PRAJIND,2026-05-22 11:40:00,387.45,387.65,387.45,387.65,1099
PRAJIND,2026-05-22 11:41:00,387.65,387.8,387.65,387.8,565
PRAJIND,2026-05-22 11:42:00,387.8,387.95,387.8,387.8,494
PRAJIND,2026-05-22 11:43:00,387.8,387.9,387.8,387.9,17
PRAJIND,2026-05-22 11:44:00,387.9,387.95,387.8,387.8,484
PRAJIND,2026-05-22 11:45:00,387.8,388.0,387.8,388.0,240
PRAJIND,2026-05-22 11:46:00,388.0,388.1,388.0,388.1,449
PRAJIND,2026-05-22 11:47:00,388.0,388.0,388.0,388.0,160
PRAJIND,2026-05-22 11:48:00,388.0,388.0,387.45,387.45,1445
PRAJIND,2026-05-22 11:49:00,387.35,387.45,387.35,387.45,741
PRAJIND,2026-05-22 11:50:00,387.45,387.5,387.35,387.35,298
PRAJIND,2026-05-22 11:51:00,387.35,387.65,387.35,387.65,545
PRAJIND,2026-05-22 11:52:00,387.5,387.85,387.5,387.85,562
PRAJIND,2026-05-22 11:53:00,387.6,387.85,387.6,387.85,535
PRAJIND,2026-05-22 11:54:00,387.85,387.9,387.7,387.7,536
PRAJIND,2026-05-22 11:55:00,387.7,387.7,387.3,387.35,623
PRAJIND,2026-05-22 11:56:00,387.35,387.6,387.35,387.6,821
PRAJIND,2026-05-22 11:57:00,387.65,387.8,387.65,387.8,398
PRAJIND,2026-05-22 11:58:00,387.8,388.0,387.8,387.8,140
PRAJIND,2026-05-22 11:59:00,387.8,388.0,387.8,387.8,577
PRAJIND,2026-05-22 12:00:00,387.8,388.0,387.8,387.85,66
PRAJIND,2026-05-22 12:01:00,387.85,388.0,387.8,387.85,545
PRAJIND,2026-05-22 12:02:00,387.85,388.05,387.85,388.05,582
PRAJIND,2026-05-22 12:03:00,388.05,388.1,388.0,388.1,522
PRAJIND,2026-05-22 12:04:00,388.1,388.1,388.05,388.05,285
PRAJIND,2026-05-22 12:05:00,388.05,388.05,387.55,387.6,837
PRAJIND,2026-05-22 12:06:00,387.6,387.85,387.6,387.85,210
PRAJIND,2026-05-22 12:07:00,387.8,387.95,387.8,387.8,488
PRAJIND,2026-05-22 12:08:00,387.8,387.95,387.6,387.85,951
PRAJIND,2026-05-22 12:09:00,387.85,387.85,387.35,387.55,666
PRAJIND,2026-05-22 12:10:00,387.55,387.85,387.55,387.7,350
PRAJIND,2026-05-22 12:11:00,387.65,387.85,387.65,387.85,534
PRAJIND,2026-05-22 12:12:00,387.65,388.0,387.65,387.85,362
PRAJIND,2026-05-22 12:13:00,387.85,388.0,387.6,388.0,367
PRAJIND,2026-05-22 12:14:00,387.85,388.0,387.55,387.55,745
PRAJIND,2026-05-22 12:15:00,387.55,387.75,387.35,387.35,1041
PRAJIND,2026-05-22 12:16:00,387.35,387.5,387.35,387.35,155
PRAJIND,2026-05-22 12:17:00,387.35,387.65,387.35,387.65,558
PRAJIND,2026-05-22 12:18:00,387.65,387.65,387.4,387.65,171
PRAJIND,2026-05-22 12:19:00,387.65,387.7,387.45,387.7,690
PRAJIND,2026-05-22 12:20:00,387.7,387.9,387.65,387.75,2257
PRAJIND,2026-05-22 12:21:00,387.75,389.2,387.75,389.2,3474
PRAJIND,2026-05-22 12:22:00,389.5,389.8,389.3,389.8,2436
PRAJIND,2026-05-22 12:23:00,389.8,389.8,389.05,389.05,2135
PRAJIND,2026-05-22 12:24:00,389.15,389.35,389.0,389.1,983
PRAJIND,2026-05-22 12:25:00,388.95,388.95,388.35,388.7,1527
PRAJIND,2026-05-22 12:26:00,388.7,388.7,388.4,388.65,221
PRAJIND,2026-05-22 12:27:00,388.65,388.9,388.4,388.85,1667
PRAJIND,2026-05-22 12:28:00,388.85,389.1,388.75,389.1,2307
PRAJIND,2026-05-22 12:29:00,389.1,389.25,389.1,389.25,1468
PRAJIND,2026-05-22 12:30:00,389.5,389.8,389.05,389.45,4127
PRAJIND,2026-05-22 12:31:00,389.55,390.25,389.45,390.1,5583
PRAJIND,2026-05-22 12:32:00,390.1,390.2,389.7,390.2,1642
PRAJIND,2026-05-22 12:33:00,390.0,390.0,389.9,390.0,868
PRAJIND,2026-05-22 12:34:00,390.15,390.15,390.1,390.1,254
PRAJIND,2026-05-22 12:35:00,390.1,390.15,390.1,390.1,1713
PRAJIND,2026-05-22 12:36:00,390.1,390.1,390.0,390.0,423
PRAJIND,2026-05-22 12:37:00,390.0,390.1,390.0,390.0,40
PRAJIND,2026-05-22 12:38:00,390.1,390.1,389.4,389.4,2240
PRAJIND,2026-05-22 12:39:00,389.4,389.85,389.4,389.8,348
PRAJIND,2026-05-22 12:40:00,389.8,390.0,389.8,389.8,694
PRAJIND,2026-05-22 12:41:00,389.8,390.0,389.8,389.9,432
PRAJIND,2026-05-22 12:42:00,389.9,390.05,389.9,390.0,3358
PRAJIND,2026-05-22 12:43:00,390.0,390.1,389.95,389.95,881
PRAJIND,2026-05-22 12:44:00,389.95,390.0,389.65,389.9,1078
PRAJIND,2026-05-22 12:45:00,389.9,389.9,389.8,389.8,827
PRAJIND,2026-05-22 12:46:00,389.8,390.0,389.8,389.95,1073
PRAJIND,2026-05-22 12:47:00,389.95,390.0,389.8,389.95,374
PRAJIND,2026-05-22 12:48:00,389.95,390.15,389.95,390.15,504
PRAJIND,2026-05-22 12:49:00,390.15,390.2,390.05,390.2,341
PRAJIND,2026-05-22 12:50:00,390.05,390.2,390.05,390.2,249
PRAJIND,2026-05-22 12:51:00,390.2,390.25,390.05,390.25,420
PRAJIND,2026-05-22 12:52:00,390.25,390.3,390.05,390.05,291
PRAJIND,2026-05-22 12:53:00,390.05,390.25,390.05,390.25,370
PRAJIND,2026-05-22 12:54:00,390.05,390.05,390.0,390.05,148
PRAJIND,2026-05-22 12:55:00,390.05,390.3,390.0,390.05,1354
PRAJIND,2026-05-22 12:56:00,390.05,390.4,390.0,390.3,749
PRAJIND,2026-05-22 12:57:00,390.3,390.3,390.0,390.0,373
PRAJIND,2026-05-22 12:58:00,390.0,390.2,390.0,390.0,139
PRAJIND,2026-05-22 12:59:00,390.0,390.05,390.0,390.05,191
PRAJIND,2026-05-22 13:00:00,390.05,390.05,390.05,390.05,7
PRAJIND,2026-05-22 13:01:00,390.05,390.15,390.05,390.15,227
PRAJIND,2026-05-22 13:02:00,390.15,390.6,390.15,390.6,3064
PRAJIND,2026-05-22 13:03:00,390.6,390.95,390.5,390.8,4810
PRAJIND,2026-05-22 13:04:00,390.8,390.8,390.55,390.65,1136
PRAJIND,2026-05-22 13:05:00,390.85,390.9,390.3,390.3,944
PRAJIND,2026-05-22 13:06:00,390.3,390.45,390.3,390.45,216
PRAJIND,2026-05-22 13:07:00,390.45,390.65,390.45,390.65,803
PRAJIND,2026-05-22 13:08:00,390.65,390.8,390.45,390.8,381
PRAJIND,2026-05-22 13:09:00,390.65,390.95,390.6,390.8,324
PRAJIND,2026-05-22 13:10:00,390.8,390.8,390.6,390.7,396
PRAJIND,2026-05-22 13:11:00,390.7,390.8,390.7,390.7,969
PRAJIND,2026-05-22 13:12:00,390.7,390.7,390.65,390.65,483
PRAJIND,2026-05-22 13:13:00,390.65,390.75,390.65,390.75,404
PRAJIND,2026-05-22 13:14:00,390.75,390.8,390.5,390.5,251
PRAJIND,2026-05-22 13:15:00,390.5,390.5,390.15,390.5,1808
PRAJIND,2026-05-22 13:16:00,390.4,390.5,390.4,390.5,205
PRAJIND,2026-05-22 13:17:00,390.5,390.65,390.45,390.65,328
PRAJIND,2026-05-22 13:18:00,390.65,390.7,390.45,390.7,211
PRAJIND,2026-05-22 13:19:00,390.7,390.7,390.5,390.5,594
PRAJIND,2026-05-22 13:20:00,390.5,390.7,390.35,390.55,1246
PRAJIND,2026-05-22 13:21:00,390.55,390.55,390.25,390.45,4024
PRAJIND,2026-05-22 13:22:00,390.45,390.6,390.35,390.5,43
PRAJIND,2026-05-22 13:23:00,390.5,390.5,390.1,390.1,633
PRAJIND,2026-05-22 13:24:00,390.1,390.25,390.1,390.25,78
PRAJIND,2026-05-22 13:25:00,390.25,390.55,390.25,390.3,499
PRAJIND,2026-05-22 13:26:00,390.3,390.5,390.3,390.5,186
PRAJIND,2026-05-22 13:27:00,390.5,390.7,390.45,390.6,743
PRAJIND,2026-05-22 13:28:00,390.6,390.65,390.45,390.45,708
PRAJIND,2026-05-22 13:29:00,390.45,390.7,390.45,390.7,276
PRAJIND,2026-05-22 13:30:00,390.7,390.75,390.55,390.75,563
PRAJIND,2026-05-22 13:31:00,390.75,390.85,390.75,390.85,375
PRAJIND,2026-05-22 13:32:00,390.85,390.95,390.8,390.8,1099
PRAJIND,2026-05-22 13:33:00,390.95,391.1,390.8,390.8,3828
PRAJIND,2026-05-22 13:34:00,390.8,390.95,390.8,390.9,605
PRAJIND,2026-05-22 13:35:00,390.9,390.9,390.8,390.8,687
PRAJIND,2026-05-22 13:36:00,390.8,391.0,390.8,391.0,1484
PRAJIND,2026-05-22 13:37:00,390.8,391.0,390.8,391.0,1077
PRAJIND,2026-05-22 13:38:00,390.8,391.0,390.8,391.0,1619
PRAJIND,2026-05-22 13:39:00,390.8,391.05,390.8,390.85,390
PRAJIND,2026-05-22 13:40:00,390.85,391.1,390.8,391.0,501
PRAJIND,2026-05-22 13:41:00,390.8,390.9,390.8,390.9,1277
PRAJIND,2026-05-22 13:42:00,390.9,390.95,390.9,390.95,330
PRAJIND,2026-05-22 13:43:00,390.95,391.0,390.55,390.55,1067
PRAJIND,2026-05-22 13:44:00,390.55,390.8,390.4,390.55,2733
PRAJIND,2026-05-22 13:45:00,390.55,390.8,390.55,390.8,224
PRAJIND,2026-05-22 13:46:00,390.7,390.95,390.6,390.6,619
PRAJIND,2026-05-22 13:47:00,390.6,390.9,390.6,390.6,515
PRAJIND,2026-05-22 13:48:00,390.6,390.9,390.6,390.8,170
PRAJIND,2026-05-22 13:49:00,390.8,391.0,390.8,390.8,498
PRAJIND,2026-05-22 13:50:00,390.8,391.0,390.8,391.0,1174
PRAJIND,2026-05-22 13:51:00,391.0,391.0,390.7,390.7,728
PRAJIND,2026-05-22 13:52:00,390.7,390.75,390.5,390.5,553
PRAJIND,2026-05-22 13:53:00,390.5,390.7,390.5,390.55,106
PRAJIND,2026-05-22 13:54:00,390.55,390.8,390.5,390.5,655
PRAJIND,2026-05-22 13:55:00,390.5,390.65,390.5,390.6,204
PRAJIND,2026-05-22 13:56:00,390.6,390.8,390.5,390.5,414
PRAJIND,2026-05-22 13:57:00,390.5,390.6,390.5,390.5,794
PRAJIND,2026-05-22 13:58:00,390.5,390.65,390.25,390.25,1509
PRAJIND,2026-05-22 13:59:00,390.25,390.45,390.25,390.4,282
PRAJIND,2026-05-22 14:00:00,390.3,390.6,390.3,390.6,735
PRAJIND,2026-05-22 14:01:00,390.6,390.65,390.6,390.65,723
PRAJIND,2026-05-22 14:02:00,390.65,390.8,390.65,390.7,648
PRAJIND,2026-05-22 14:03:00,390.75,390.75,390.7,390.75,645
PRAJIND,2026-05-22 14:04:00,390.75,390.75,390.15,390.15,815
PRAJIND,2026-05-22 14:05:00,390.15,390.4,390.15,390.3,1583
PRAJIND,2026-05-22 14:06:00,390.3,390.5,390.3,390.5,515
PRAJIND,2026-05-22 14:07:00,390.15,390.6,390.15,390.6,3485
PRAJIND,2026-05-22 14:08:00,390.6,390.7,390.4,390.4,572
PRAJIND,2026-05-22 14:09:00,390.4,390.6,390.4,390.55,105
PRAJIND,2026-05-22 14:10:00,390.55,390.6,390.3,390.3,1193
PRAJIND,2026-05-22 14:11:00,390.15,390.6,390.15,390.15,2504
PRAJIND,2026-05-22 14:12:00,390.15,390.15,390.05,390.15,2246
PRAJIND,2026-05-22 14:13:00,390.15,390.25,390.15,390.25,490
PRAJIND,2026-05-22 14:14:00,390.25,390.4,390.0,390.3,1604
PRAJIND,2026-05-22 14:15:00,390.3,390.3,390.05,390.15,1865
PRAJIND,2026-05-22 14:16:00,390.1,390.15,390.0,390.0,597
PRAJIND,2026-05-22 14:17:00,390.0,390.25,390.0,390.05,1234
PRAJIND,2026-05-22 14:18:00,390.05,390.25,390.05,390.15,248
PRAJIND,2026-05-22 14:19:00,390.15,390.15,390.0,390.15,978
PRAJIND,2026-05-22 14:20:00,390.15,390.15,390.05,390.15,106
PRAJIND,2026-05-22 14:21:00,390.15,390.25,390.05,390.15,538
PRAJIND,2026-05-22 14:22:00,390.15,390.15,390.1,390.15,144
PRAJIND,2026-05-22 14:23:00,390.15,390.25,390.15,390.15,986
PRAJIND,2026-05-22 14:24:00,390.1,390.35,390.05,390.15,811
PRAJIND,2026-05-22 14:25:00,390.15,390.35,390.15,390.15,281
PRAJIND,2026-05-22 14:26:00,390.2,390.35,390.1,390.15,698
PRAJIND,2026-05-22 14:27:00,390.15,390.3,390.15,390.3,1025
PRAJIND,2026-05-22 14:28:00,390.3,390.3,390.1,390.3,321
PRAJIND,2026-05-22 14:29:00,390.2,390.2,389.1,389.1,21035
PRAJIND,2026-05-22 14:30:00,389.25,389.5,389.0,389.5,2359
PRAJIND,2026-05-22 14:31:00,389.5,389.95,389.5,389.9,1711
PRAJIND,2026-05-22 14:32:00,389.9,390.0,389.65,389.8,1269
PRAJIND,2026-05-22 14:33:00,389.8,390.0,389.4,389.5,1214
PRAJIND,2026-05-22 14:34:00,389.5,389.8,389.5,389.75,1363
PRAJIND,2026-05-22 14:35:00,389.7,389.95,389.6,389.8,1113
PRAJIND,2026-05-22 14:36:00,389.85,390.0,389.8,390.0,1030
PRAJIND,2026-05-22 14:37:00,389.9,389.95,389.5,389.6,1645
PRAJIND,2026-05-22 14:38:00,389.8,389.95,389.6,389.75,1279
PRAJIND,2026-05-22 14:39:00,389.75,390.0,389.75,389.9,925
PRAJIND,2026-05-22 14:40:00,389.9,390.2,389.9,390.0,937
PRAJIND,2026-05-22 14:41:00,390.0,390.15,390.0,390.15,98
PRAJIND,2026-05-22 14:42:00,390.15,390.15,389.6,389.75,1856
PRAJIND,2026-05-22 14:43:00,389.75,389.85,389.25,389.25,2593
PRAJIND,2026-05-22 14:44:00,389.25,390.0,389.1,389.65,4941
PRAJIND,2026-05-22 14:45:00,389.65,390.0,389.65,389.85,3618
PRAJIND,2026-05-22 14:46:00,389.85,390.0,389.7,390.0,820
PRAJIND,2026-05-22 14:47:00,389.9,390.25,389.9,390.25,961
PRAJIND,2026-05-22 14:48:00,390.05,390.1,390.0,390.0,1424
PRAJIND,2026-05-22 14:49:00,390.2,390.2,390.0,390.05,620
PRAJIND,2026-05-22 14:50:00,390.2,390.35,390.0,390.0,1489
PRAJIND,2026-05-22 14:51:00,389.8,390.0,389.65,390.0,2222
PRAJIND,2026-05-22 14:52:00,390.0,390.1,390.0,390.0,971
PRAJIND,2026-05-22 14:53:00,390.0,390.15,390.0,390.0,874
PRAJIND,2026-05-22 14:54:00,390.0,390.35,390.0,390.05,1381
PRAJIND,2026-05-22 14:55:00,390.05,390.3,390.0,390.25,738
PRAJIND,2026-05-22 14:56:00,390.25,390.25,390.0,390.1,62
PRAJIND,2026-05-22 14:57:00,390.1,390.3,390.0,390.0,1021
PRAJIND,2026-05-22 14:58:00,390.0,390.25,390.0,390.05,167
PRAJIND,2026-05-22 14:59:00,390.05,390.5,390.05,390.5,2690
PRAJIND,2026-05-22 15:00:00,390.45,390.5,390.1,390.5,4987
PRAJIND,2026-05-22 15:01:00,390.5,390.5,390.2,390.5,5634
PRAJIND,2026-05-22 15:02:00,390.2,390.4,390.2,390.25,1064
PRAJIND,2026-05-22 15:03:00,390.2,390.35,390.2,390.3,575
PRAJIND,2026-05-22 15:04:00,390.3,390.4,390.2,390.35,864
PRAJIND,2026-05-22 15:05:00,390.35,390.35,390.2,390.3,627
PRAJIND,2026-05-22 15:06:00,390.35,390.4,390.35,390.4,521
PRAJIND,2026-05-22 15:07:00,390.4,390.4,390.2,390.35,1552
PRAJIND,2026-05-22 15:08:00,390.35,390.5,390.35,390.5,1600
PRAJIND,2026-05-22 15:09:00,390.4,390.45,390.2,390.4,2742
PRAJIND,2026-05-22 15:10:00,390.4,390.45,390.2,390.2,4006
PRAJIND,2026-05-22 15:11:00,390.2,390.4,390.2,390.35,556
PRAJIND,2026-05-22 15:12:00,390.4,390.4,390.2,390.25,3822
PRAJIND,2026-05-22 15:13:00,390.25,390.3,390.2,390.2,3012
PRAJIND,2026-05-22 15:14:00,390.25,390.4,390.25,390.25,2665
PRAJIND,2026-05-22 15:15:00,390.25,390.4,390.25,390.3,4242
PRAJIND,2026-05-22 15:16:00,390.35,390.45,390.2,390.2,4262
PRAJIND,2026-05-22 15:17:00,390.2,390.35,390.2,390.25,2359
PRAJIND,2026-05-22 15:18:00,390.2,390.25,390.2,390.25,4949
PRAJIND,2026-05-22 15:19:00,390.25,390.4,390.2,390.4,3084
PRAJIND,2026-05-22 15:20:00,390.35,390.35,390.2,390.25,2846
PRAJIND,2026-05-22 15:21:00,390.35,390.35,390.2,390.2,3849
PRAJIND,2026-05-22 15:22:00,390.25,390.25,390.2,390.2,1900
PRAJIND,2026-05-22 15:23:00,390.25,390.25,390.2,390.25,1956
PRAJIND,2026-05-22 15:24:00,390.25,390.3,390.2,390.2,2759
PRAJIND,2026-05-22 15:25:00,390.3,390.3,390.25,390.25,4836
PRAJIND,2026-05-22 15:26:00,390.3,390.55,390.25,390.25,4637
PRAJIND,2026-05-22 15:27:00,390.25,390.6,390.2,390.4,6632
PRAJIND,2026-05-22 15:28:00,390.4,390.5,390.0,390.0,4737
PRAJIND,2026-05-22 15:29:00,390.0,390.3,390.0,390.2,1859
PRAJIND,2026-05-25 09:15:00,392.4,392.4,388.0,389.0,15241
PRAJIND,2026-05-25 09:16:00,390.1,390.25,389.15,390.25,8742
PRAJIND,2026-05-25 09:17:00,390.25,390.25,387.05,387.05,10007
PRAJIND,2026-05-25 09:18:00,387.3,387.5,386.55,387.05,8590
PRAJIND,2026-05-25 09:19:00,387.05,387.05,386.1,386.6,4227
PRAJIND,2026-05-25 09:20:00,386.6,386.6,386.0,386.4,10881
PRAJIND,2026-05-25 09:21:00,386.15,386.4,385.7,386.0,5926
PRAJIND,2026-05-25 09:22:00,385.75,386.25,385.5,386.25,4772
PRAJIND,2026-05-25 09:23:00,386.25,386.65,385.9,386.65,2640
PRAJIND,2026-05-25 09:24:00,386.75,386.75,385.85,386.25,7975
PRAJIND,2026-05-25 09:25:00,386.25,386.7,386.05,386.6,3791
PRAJIND,2026-05-25 09:26:00,386.4,386.85,386.4,386.4,3766
PRAJIND,2026-05-25 09:27:00,386.4,386.5,386.1,386.3,2890
PRAJIND,2026-05-25 09:28:00,386.3,386.3,385.8,385.8,4981
PRAJIND,2026-05-25 09:29:00,385.8,385.85,385.55,385.75,1614
PRAJIND,2026-05-25 09:30:00,385.75,385.9,385.5,385.85,1368
PRAJIND,2026-05-25 09:31:00,385.85,385.85,384.45,384.45,8932
PRAJIND,2026-05-25 09:32:00,384.65,385.3,384.6,385.0,2162
PRAJIND,2026-05-25 09:33:00,385.0,385.4,384.75,385.4,1432
PRAJIND,2026-05-25 09:34:00,385.35,385.35,384.7,384.7,2658
PRAJIND,2026-05-25 09:35:00,384.75,385.0,384.1,385.0,8228
PRAJIND,2026-05-25 09:36:00,385.0,385.25,384.8,385.0,1344
PRAJIND,2026-05-25 09:37:00,385.2,385.35,385.0,385.35,1084
PRAJIND,2026-05-25 09:38:00,385.35,385.65,385.25,385.25,3977
PRAJIND,2026-05-25 09:39:00,385.25,385.5,385.25,385.35,581
PRAJIND,2026-05-25 09:40:00,385.2,385.2,384.75,384.9,4275
PRAJIND,2026-05-25 09:41:00,385.2,385.7,385.2,385.4,2426
PRAJIND,2026-05-25 09:42:00,385.4,385.4,385.0,385.2,827
PRAJIND,2026-05-25 09:43:00,385.0,385.55,384.8,385.35,3935
PRAJIND,2026-05-25 09:44:00,385.35,385.4,385.1,385.2,1355
PRAJIND,2026-05-25 09:45:00,385.2,385.65,385.1,385.6,1233
PRAJIND,2026-05-25 09:46:00,385.8,385.85,385.3,385.3,882
PRAJIND,2026-05-25 09:47:00,385.5,385.9,385.3,385.6,10952
PRAJIND,2026-05-25 09:48:00,385.6,386.4,385.6,386.15,3173
PRAJIND,2026-05-25 09:49:00,386.15,386.5,386.1,386.45,807
PRAJIND,2026-05-25 09:50:00,386.35,386.65,386.35,386.4,644
PRAJIND,2026-05-25 09:51:00,386.35,386.65,386.3,386.35,1119
PRAJIND,2026-05-25 09:52:00,386.35,386.45,386.25,386.25,198
PRAJIND,2026-05-25 09:53:00,386.45,386.55,386.05,386.5,1577
PRAJIND,2026-05-25 09:54:00,386.5,386.5,386.05,386.05,1423
PRAJIND,2026-05-25 09:55:00,386.1,386.4,386.1,386.1,457
PRAJIND,2026-05-25 09:56:00,386.05,386.1,386.0,386.0,529
PRAJIND,2026-05-25 09:57:00,386.0,386.1,386.0,386.0,1565
PRAJIND,2026-05-25 09:58:00,386.0,386.1,386.0,386.1,373
PRAJIND,2026-05-25 09:59:00,386.1,386.1,385.75,385.75,2031
PRAJIND,2026-05-25 10:00:00,385.85,385.9,385.65,385.85,1172
PRAJIND,2026-05-25 10:01:00,385.85,385.95,385.65,385.7,614
PRAJIND,2026-05-25 10:02:00,385.7,385.85,385.55,385.8,106
PRAJIND,2026-05-25 10:03:00,385.85,385.95,385.55,385.8,452
PRAJIND,2026-05-25 10:04:00,385.8,386.05,385.8,386.0,904
PRAJIND,2026-05-25 10:05:00,386.0,386.35,386.0,386.15,32
PRAJIND,2026-05-25 10:06:00,386.0,386.3,386.0,386.1,1866
PRAJIND,2026-05-25 10:07:00,386.1,386.25,386.0,386.2,1429
PRAJIND,2026-05-25 10:08:00,386.2,386.25,385.9,385.9,261
PRAJIND,2026-05-25 10:09:00,385.85,386.1,385.85,385.95,348
PRAJIND,2026-05-25 10:10:00,385.9,386.0,385.8,385.85,973
PRAJIND,2026-05-25 10:11:00,385.85,386.15,385.8,385.8,370
PRAJIND,2026-05-25 10:12:00,386.1,386.15,385.85,386.15,271
PRAJIND,2026-05-25 10:13:00,386.15,386.2,385.9,385.9,1189
PRAJIND,2026-05-25 10:14:00,386.1,386.1,385.5,385.5,240
PRAJIND,2026-05-25 10:15:00,385.65,385.65,385.5,385.5,894
PRAJIND,2026-05-25 10:16:00,385.5,385.65,385.5,385.5,124
PRAJIND,2026-05-25 10:17:00,385.75,385.85,385.5,385.85,764
PRAJIND,2026-05-25 10:18:00,385.55,385.85,385.5,385.5,1079
PRAJIND,2026-05-25 10:19:00,385.5,385.7,385.3,385.5,3487
PRAJIND,2026-05-25 10:20:00,385.5,385.8,385.5,385.55,172
PRAJIND,2026-05-25 10:21:00,385.5,385.7,385.35,385.4,1874
PRAJIND,2026-05-25 10:22:00,385.8,385.8,385.6,385.7,638
PRAJIND,2026-05-25 10:23:00,385.7,385.7,385.5,385.7,673
PRAJIND,2026-05-25 10:24:00,385.7,385.8,385.4,385.75,1542
PRAJIND,2026-05-25 10:25:00,385.75,386.0,385.55,385.6,1027
PRAJIND,2026-05-25 10:26:00,385.6,385.85,385.45,385.7,396
PRAJIND,2026-05-25 10:27:00,385.7,385.7,385.0,385.05,7261
PRAJIND,2026-05-25 10:28:00,385.35,385.35,384.5,384.5,9018
PRAJIND,2026-05-25 10:29:00,384.5,384.65,384.3,384.45,1522
PRAJIND,2026-05-25 10:30:00,384.45,384.8,384.45,384.55,1727
PRAJIND,2026-05-25 10:31:00,384.55,384.95,384.5,384.5,2430
PRAJIND,2026-05-25 10:32:00,384.5,384.65,384.4,384.6,3144
PRAJIND,2026-05-25 10:33:00,384.4,384.6,384.4,384.6,1135
PRAJIND,2026-05-25 10:34:00,384.6,384.6,384.2,384.2,1833
PRAJIND,2026-05-25 10:35:00,384.05,387.25,384.05,386.6,10590
PRAJIND,2026-05-25 10:36:00,386.6,386.6,385.75,386.1,1960
PRAJIND,2026-05-25 10:37:00,386.1,386.4,386.0,386.35,1151
PRAJIND,2026-05-25 10:38:00,385.95,386.25,385.95,386.25,339
PRAJIND,2026-05-25 10:39:00,386.25,386.3,385.95,386.25,204
PRAJIND,2026-05-25 10:40:00,386.25,386.25,385.95,386.2,204
PRAJIND,2026-05-25 10:41:00,386.2,386.25,385.8,385.8,340
PRAJIND,2026-05-25 10:42:00,385.85,386.8,385.85,386.7,2705
PRAJIND,2026-05-25 10:43:00,386.7,386.8,386.5,386.8,1067
PRAJIND,2026-05-25 10:44:00,386.6,386.95,386.6,386.95,165
PRAJIND,2026-05-25 10:45:00,386.95,386.95,386.75,386.95,3354
PRAJIND,2026-05-25 10:46:00,387.0,387.0,386.85,387.0,327
PRAJIND,2026-05-25 10:47:00,387.0,387.0,386.85,386.95,615
PRAJIND,2026-05-25 10:48:00,387.0,387.0,386.8,386.8,550
PRAJIND,2026-05-25 10:49:00,386.45,386.75,386.45,386.45,52
PRAJIND,2026-05-25 10:50:00,386.75,386.85,386.45,386.75,787
PRAJIND,2026-05-25 10:51:00,386.8,387.15,386.75,386.95,2996
PRAJIND,2026-05-25 10:52:00,387.1,387.1,386.95,387.1,271
PRAJIND,2026-05-25 10:53:00,387.1,387.1,386.85,387.05,223
PRAJIND,2026-05-25 10:54:00,387.1,387.2,386.85,387.2,618
PRAJIND,2026-05-25 10:55:00,387.25,387.25,387.0,387.1,186
PRAJIND,2026-05-25 10:56:00,387.1,388.1,387.1,387.85,2358
PRAJIND,2026-05-25 10:57:00,387.65,388.15,387.5,388.0,5500
PRAJIND,2026-05-25 10:58:00,388.25,388.25,387.85,388.15,456
PRAJIND,2026-05-25 10:59:00,388.15,388.6,387.9,388.05,2277
PRAJIND,2026-05-25 11:00:00,388.1,388.2,388.0,388.0,624
PRAJIND,2026-05-25 11:01:00,388.0,388.0,387.65,387.85,1370
PRAJIND,2026-05-25 11:02:00,387.85,387.85,387.5,387.5,235
PRAJIND,2026-05-25 11:03:00,387.6,387.75,387.5,387.75,192
PRAJIND,2026-05-25 11:04:00,387.75,388.2,387.75,388.2,1409
PRAJIND,2026-05-25 11:05:00,388.2,388.2,388.0,388.15,492
PRAJIND,2026-05-25 11:06:00,388.15,389.5,388.0,389.3,12700
PRAJIND,2026-05-25 11:07:00,389.3,389.3,388.6,388.6,544
PRAJIND,2026-05-25 11:08:00,388.7,388.9,388.6,388.85,494
PRAJIND,2026-05-25 11:09:00,388.85,390.5,388.85,390.15,13554
PRAJIND,2026-05-25 11:10:00,390.0,390.8,390.0,390.8,8374
PRAJIND,2026-05-25 11:11:00,390.75,391.0,390.0,390.05,8734
PRAJIND,2026-05-25 11:12:00,390.1,390.55,390.1,390.35,1186
PRAJIND,2026-05-25 11:13:00,390.25,390.35,390.0,390.35,1839
PRAJIND,2026-05-25 11:14:00,390.2,390.5,390.1,390.1,4209
PRAJIND,2026-05-25 11:15:00,390.25,390.3,390.05,390.3,795
PRAJIND,2026-05-25 11:16:00,390.2,390.3,390.1,390.3,219
PRAJIND,2026-05-25 11:17:00,390.15,390.15,389.6,389.8,1887
PRAJIND,2026-05-25 11:18:00,389.8,389.8,389.2,389.5,1555
PRAJIND,2026-05-25 11:19:00,389.65,390.15,389.65,390.0,3744
PRAJIND,2026-05-25 11:20:00,390.1,390.1,389.6,390.0,2249
PRAJIND,2026-05-25 11:21:00,390.0,390.4,389.75,390.4,3866
PRAJIND,2026-05-25 11:22:00,390.4,390.4,390.05,390.35,894
PRAJIND,2026-05-25 11:23:00,390.35,390.4,390.0,390.25,830
PRAJIND,2026-05-25 11:24:00,390.25,390.85,390.0,390.6,835
PRAJIND,2026-05-25 11:25:00,390.4,392.7,390.4,392.4,19019
PRAJIND,2026-05-25 11:26:00,392.25,393.0,391.8,392.0,10832
PRAJIND,2026-05-25 11:27:00,392.0,392.0,391.15,391.4,5580
PRAJIND,2026-05-25 11:28:00,391.4,391.6,391.15,391.5,3018
PRAJIND,2026-05-25 11:29:00,391.45,392.15,391.05,392.15,3639
PRAJIND,2026-05-25 11:30:00,392.3,392.4,392.0,392.25,5347
PRAJIND,2026-05-25 11:31:00,391.9,391.95,390.8,390.85,2417
PRAJIND,2026-05-25 11:32:00,390.85,391.0,390.15,390.7,3492
PRAJIND,2026-05-25 11:33:00,390.7,390.8,390.4,390.55,408
PRAJIND,2026-05-25 11:34:00,390.2,391.8,390.2,391.4,9565
PRAJIND,2026-05-25 11:35:00,392.3,395.55,392.3,394.1,24147
PRAJIND,2026-05-25 11:36:00,393.8,394.1,393.65,393.9,2575
PRAJIND,2026-05-25 11:37:00,393.9,394.5,393.5,394.4,3482
PRAJIND,2026-05-25 11:38:00,394.4,394.6,393.75,394.0,2457
PRAJIND,2026-05-25 11:39:00,394.0,394.2,393.6,393.85,1455
PRAJIND,2026-05-25 11:40:00,393.85,393.85,393.45,393.7,666
PRAJIND,2026-05-25 11:41:00,394.0,394.1,393.75,393.85,7117
PRAJIND,2026-05-25 11:42:00,394.0,394.15,393.65,393.85,540
PRAJIND,2026-05-25 11:43:00,393.95,394.35,393.75,394.0,3160
PRAJIND,2026-05-25 11:44:00,394.0,394.0,393.6,393.65,300
PRAJIND,2026-05-25 11:45:00,393.65,394.0,393.4,393.95,1689
PRAJIND,2026-05-25 11:46:00,393.95,393.95,393.55,393.8,1083
PRAJIND,2026-05-25 11:47:00,393.8,393.8,393.15,393.3,2741
PRAJIND,2026-05-25 11:48:00,393.45,393.5,393.2,393.2,505
PRAJIND,2026-05-25 11:49:00,393.35,393.35,393.0,393.15,3248
PRAJIND,2026-05-25 11:50:00,392.95,393.25,392.85,393.1,688
PRAJIND,2026-05-25 11:51:00,393.05,393.7,392.85,393.55,2845
PRAJIND,2026-05-25 11:52:00,393.7,393.75,393.55,393.75,434
PRAJIND,2026-05-25 11:53:00,393.75,394.3,393.7,394.3,2073
PRAJIND,2026-05-25 11:54:00,394.15,394.2,394.0,394.2,170
PRAJIND,2026-05-25 11:55:00,394.2,394.2,393.8,394.1,2224
PRAJIND,2026-05-25 11:56:00,394.1,394.2,394.0,394.0,227
PRAJIND,2026-05-25 11:57:00,394.2,394.2,393.9,394.0,743
PRAJIND,2026-05-25 11:58:00,394.2,394.2,393.9,394.0,1453
PRAJIND,2026-05-25 11:59:00,394.0,394.0,393.6,393.6,1675
PRAJIND,2026-05-25 12:00:00,393.9,394.0,393.7,394.0,549
PRAJIND,2026-05-25 12:01:00,394.0,394.0,393.55,393.95,1072
PRAJIND,2026-05-25 12:02:00,394.0,394.0,393.8,393.8,1157
PRAJIND,2026-05-25 12:03:00,393.9,394.05,393.75,394.0,210
PRAJIND,2026-05-25 12:04:00,394.0,394.0,393.9,394.0,1277
PRAJIND,2026-05-25 12:05:00,393.75,394.0,393.6,393.9,755
PRAJIND,2026-05-25 12:06:00,393.65,393.9,393.6,393.9,1044
PRAJIND,2026-05-25 12:07:00,393.85,394.25,393.65,394.2,5183
PRAJIND,2026-05-25 12:08:00,394.2,394.25,394.0,394.0,727
PRAJIND,2026-05-25 12:09:00,394.2,394.55,394.0,394.55,7676
PRAJIND,2026-05-25 12:10:00,394.5,394.55,394.25,394.45,986
PRAJIND,2026-05-25 12:11:00,394.3,394.35,394.0,394.3,1246
PRAJIND,2026-05-25 12:12:00,394.0,394.3,394.0,394.3,632
PRAJIND,2026-05-25 12:13:00,394.3,394.3,394.0,394.05,389
PRAJIND,2026-05-25 12:14:00,394.05,394.05,394.0,394.05,282
PRAJIND,2026-05-25 12:15:00,394.05,394.05,394.0,394.0,4535
PRAJIND,2026-05-25 12:16:00,394.05,394.05,394.0,394.0,313
PRAJIND,2026-05-25 12:17:00,394.05,394.05,394.0,394.0,498
PRAJIND,2026-05-25 12:18:00,394.05,394.05,394.0,394.05,2649
PRAJIND,2026-05-25 12:19:00,394.05,394.45,394.0,394.45,1385
PRAJIND,2026-05-25 12:20:00,394.35,394.5,394.3,394.45,1152
PRAJIND,2026-05-25 12:21:00,394.45,394.45,394.1,394.35,356
PRAJIND,2026-05-25 12:22:00,394.35,394.45,394.15,394.2,196
PRAJIND,2026-05-25 12:23:00,394.1,394.4,394.05,394.25,1322
PRAJIND,2026-05-25 12:24:00,394.05,394.25,394.0,394.25,965
PRAJIND,2026-05-25 12:25:00,394.25,394.25,394.0,394.2,204
PRAJIND,2026-05-25 12:26:00,394.0,394.45,394.0,394.15,987
PRAJIND,2026-05-25 12:27:00,394.15,394.35,394.0,394.25,1237
PRAJIND,2026-05-25 12:28:00,394.0,394.25,394.0,394.2,676
PRAJIND,2026-05-25 12:29:00,394.2,394.2,394.0,394.0,724
PRAJIND,2026-05-25 12:30:00,394.15,394.15,394.0,394.1,1042
PRAJIND,2026-05-25 12:31:00,394.0,394.55,394.0,394.5,1793
PRAJIND,2026-05-25 12:32:00,394.45,394.45,394.1,394.1,537
PRAJIND,2026-05-25 12:33:00,394.4,394.4,394.15,394.4,97
PRAJIND,2026-05-25 12:34:00,394.35,394.55,394.05,394.4,2281
PRAJIND,2026-05-25 12:35:00,394.4,394.4,394.15,394.4,160
PRAJIND,2026-05-25 12:36:00,394.4,394.4,394.05,394.2,880
PRAJIND,2026-05-25 12:37:00,394.2,394.25,394.0,394.15,2212
PRAJIND,2026-05-25 12:38:00,394.0,394.2,394.0,394.2,809
PRAJIND,2026-05-25 12:39:00,394.2,394.25,394.0,394.2,519
PRAJIND,2026-05-25 12:40:00,394.0,394.2,394.0,394.2,240
PRAJIND,2026-05-25 12:41:00,394.2,394.2,394.0,394.0,109
PRAJIND,2026-05-25 12:42:00,394.2,394.2,394.0,394.0,3908
PRAJIND,2026-05-25 12:43:00,394.2,394.2,394.0,394.15,1957
PRAJIND,2026-05-25 12:44:00,394.15,394.2,394.0,394.2,1167
PRAJIND,2026-05-25 12:45:00,394.2,394.2,394.0,394.0,2703
PRAJIND,2026-05-25 12:46:00,394.15,394.2,394.0,394.2,625
PRAJIND,2026-05-25 12:47:00,394.0,394.2,394.0,394.0,957
PRAJIND,2026-05-25 12:48:00,394.15,394.15,394.0,394.1,1408
PRAJIND,2026-05-25 12:49:00,394.1,394.1,394.0,394.1,9025
PRAJIND,2026-05-25 12:50:00,394.1,394.2,394.0,394.2,1843
PRAJIND,2026-05-25 12:51:00,394.2,394.2,392.9,393.2,17426
PRAJIND,2026-05-25 12:52:00,393.15,393.15,392.5,392.85,7375
PRAJIND,2026-05-25 12:53:00,392.85,393.0,392.6,392.85,2151
PRAJIND,2026-05-25 12:54:00,393.8,394.05,393.65,393.75,5930
PRAJIND,2026-05-25 12:55:00,393.7,394.1,393.4,394.1,2530
PRAJIND,2026-05-25 12:56:00,394.05,394.3,394.0,394.2,466
PRAJIND,2026-05-25 12:57:00,394.4,394.75,394.15,394.65,31728
PRAJIND,2026-05-25 12:58:00,394.5,394.65,394.5,394.5,48
PRAJIND,2026-05-25 12:59:00,394.65,394.65,394.1,394.2,2577
PRAJIND,2026-05-25 13:00:00,394.25,394.5,394.15,394.45,356
PRAJIND,2026-05-25 13:01:00,394.45,394.45,394.0,394.4,332
PRAJIND,2026-05-25 13:02:00,394.45,394.45,394.15,394.4,300
PRAJIND,2026-05-25 13:03:00,394.4,394.4,394.0,394.2,807
PRAJIND,2026-05-25 13:04:00,394.0,394.2,394.0,394.0,413
PRAJIND,2026-05-25 13:05:00,394.2,394.2,394.0,394.2,1874
PRAJIND,2026-05-25 13:06:00,394.0,394.2,394.0,394.2,1621
PRAJIND,2026-05-25 13:07:00,394.0,394.3,394.0,394.3,1972
PRAJIND,2026-05-25 13:08:00,394.3,394.4,394.2,394.4,1077
PRAJIND,2026-05-25 13:09:00,394.4,394.4,394.2,394.35,157
PRAJIND,2026-05-25 13:10:00,394.35,394.35,394.2,394.3,287
PRAJIND,2026-05-25 13:11:00,394.3,394.3,394.0,394.25,1072
PRAJIND,2026-05-25 13:12:00,394.3,394.35,394.1,394.3,611
PRAJIND,2026-05-25 13:13:00,394.3,394.3,394.1,394.3,258
PRAJIND,2026-05-25 13:14:00,394.1,394.3,394.0,394.25,3035
PRAJIND,2026-05-25 13:15:00,394.25,394.3,394.0,394.25,414
PRAJIND,2026-05-25 13:16:00,394.25,394.25,394.0,394.15,923
PRAJIND,2026-05-25 13:17:00,394.15,394.45,394.0,394.45,2940
PRAJIND,2026-05-25 13:18:00,394.45,394.45,394.1,394.4,5223
PRAJIND,2026-05-25 13:19:00,394.4,394.4,394.15,394.35,14
PRAJIND,2026-05-25 13:20:00,394.35,394.35,394.0,394.2,1488
PRAJIND,2026-05-25 13:21:00,394.0,394.3,394.0,394.05,1555
PRAJIND,2026-05-25 13:22:00,394.0,394.4,394.0,394.15,7424
PRAJIND,2026-05-25 13:23:00,394.4,394.4,394.15,394.3,66
PRAJIND,2026-05-25 13:24:00,394.15,394.4,394.0,394.15,3400
PRAJIND,2026-05-25 13:25:00,394.15,394.15,394.0,394.15,98
PRAJIND,2026-05-25 13:26:00,394.15,394.4,394.0,394.15,404
PRAJIND,2026-05-25 13:27:00,394.3,394.35,394.0,394.35,963
PRAJIND,2026-05-25 13:28:00,394.35,394.35,394.05,394.35,263
PRAJIND,2026-05-25 13:29:00,394.35,394.35,394.25,394.35,220
PRAJIND,2026-05-25 13:30:00,394.35,394.35,394.25,394.25,163
PRAJIND,2026-05-25 13:31:00,394.3,394.35,394.25,394.35,259
PRAJIND,2026-05-25 13:32:00,394.4,394.4,394.25,394.4,109
PRAJIND,2026-05-25 13:33:00,394.4,394.4,394.35,394.35,120
PRAJIND,2026-05-25 13:34:00,394.35,394.4,394.35,394.4,748
PRAJIND,2026-05-25 13:35:00,394.4,394.4,394.35,394.4,161
PRAJIND,2026-05-25 13:36:00,394.25,394.35,394.25,394.25,204
PRAJIND,2026-05-25 13:37:00,394.25,394.4,394.25,394.4,233
PRAJIND,2026-05-25 13:38:00,394.3,394.4,394.25,394.4,272
PRAJIND,2026-05-25 13:39:00,394.4,394.4,394.25,394.25,502
PRAJIND,2026-05-25 13:40:00,394.35,394.35,394.25,394.35,226
PRAJIND,2026-05-25 13:41:00,394.35,394.35,394.25,394.35,268
PRAJIND,2026-05-25 13:42:00,394.25,394.35,394.0,394.2,2452
PRAJIND,2026-05-25 13:43:00,394.2,394.35,394.05,394.05,645
PRAJIND,2026-05-25 13:44:00,394.35,394.7,394.0,394.4,10407
PRAJIND,2026-05-25 13:45:00,394.4,394.4,394.15,394.3,613
PRAJIND,2026-05-25 13:46:00,394.4,394.4,394.15,394.4,183
PRAJIND,2026-05-25 13:47:00,394.4,394.4,394.15,394.4,57
PRAJIND,2026-05-25 13:48:00,394.4,394.4,394.2,394.3,46
PRAJIND,2026-05-25 13:49:00,394.3,394.3,394.15,394.3,78
PRAJIND,2026-05-25 13:50:00,394.15,394.3,394.15,394.3,98
PRAJIND,2026-05-25 13:51:00,394.3,394.65,394.3,394.6,1029
PRAJIND,2026-05-25 13:52:00,394.6,395.25,394.5,395.25,16095
PRAJIND,2026-05-25 13:53:00,395.05,395.05,394.75,395.05,1272
PRAJIND,2026-05-25 13:54:00,395.0,395.05,395.0,395.05,250
PRAJIND,2026-05-25 13:55:00,395.05,395.05,394.55,394.85,1484
PRAJIND,2026-05-25 13:56:00,394.85,394.85,394.45,394.45,738
PRAJIND,2026-05-25 13:57:00,394.7,394.7,394.4,394.65,494
PRAJIND,2026-05-25 13:58:00,394.4,394.6,394.2,394.2,2477
PRAJIND,2026-05-25 13:59:00,394.45,394.65,394.1,394.35,1428
PRAJIND,2026-05-25 14:00:00,394.65,394.85,394.35,394.65,1699
PRAJIND,2026-05-25 14:01:00,394.85,395.0,394.85,395.0,1056
PRAJIND,2026-05-25 14:02:00,395.0,395.0,394.9,395.0,1024
PRAJIND,2026-05-25 14:03:00,395.0,395.0,394.85,395.0,1246
PRAJIND,2026-05-25 14:04:00,395.0,395.0,394.8,394.85,3522
PRAJIND,2026-05-25 14:05:00,395.0,395.0,394.2,394.2,1314
PRAJIND,2026-05-25 14:06:00,394.4,394.65,394.2,394.55,775
PRAJIND,2026-05-25 14:07:00,394.7,394.7,394.2,394.2,1104
PRAJIND,2026-05-25 14:08:00,394.5,394.5,394.0,394.1,1909
PRAJIND,2026-05-25 14:09:00,394.35,394.45,394.05,394.45,1164
PRAJIND,2026-05-25 14:10:00,394.45,394.6,394.35,394.6,1486
PRAJIND,2026-05-25 14:11:00,394.6,394.6,394.1,394.5,712
PRAJIND,2026-05-25 14:12:00,394.5,394.55,394.15,394.3,787
PRAJIND,2026-05-25 14:13:00,394.3,394.35,394.15,394.35,621
PRAJIND,2026-05-25 14:14:00,394.35,394.35,394.2,394.25,670
PRAJIND,2026-05-25 14:15:00,394.25,394.25,394.0,394.0,17714
PRAJIND,2026-05-25 14:16:00,394.0,394.05,394.0,394.05,2488
PRAJIND,2026-05-25 14:17:00,394.05,394.05,394.0,394.05,2525
PRAJIND,2026-05-25 14:18:00,394.05,394.1,392.45,392.45,15432
PRAJIND,2026-05-25 14:19:00,392.6,394.25,391.8,394.05,34137
PRAJIND,2026-05-25 14:20:00,394.05,394.05,393.65,394.05,11760
PRAJIND,2026-05-25 14:21:00,394.05,394.05,393.7,394.05,5678
PRAJIND,2026-05-25 14:22:00,394.05,394.15,393.8,394.05,5150
PRAJIND,2026-05-25 14:23:00,394.05,394.2,393.65,394.05,2473
PRAJIND,2026-05-25 14:24:00,394.05,394.05,393.75,394.0,2028
PRAJIND,2026-05-25 14:25:00,393.9,394.85,393.9,394.75,6533
PRAJIND,2026-05-25 14:26:00,394.6,395.4,394.45,395.0,7691
PRAJIND,2026-05-25 14:27:00,395.1,395.1,395.0,395.05,3882
PRAJIND,2026-05-25 14:28:00,395.05,395.1,395.0,395.1,2642
PRAJIND,2026-05-25 14:29:00,395.0,395.05,395.0,395.05,3514
PRAJIND,2026-05-25 14:30:00,395.05,395.05,394.9,395.05,5068
PRAJIND,2026-05-25 14:31:00,395.05,395.05,395.0,395.05,11048
PRAJIND,2026-05-25 14:32:00,395.05,395.05,395.0,395.05,1247
PRAJIND,2026-05-25 14:33:00,395.05,395.05,395.0,395.05,1314
PRAJIND,2026-05-25 14:34:00,395.0,395.05,394.8,395.0,3414
PRAJIND,2026-05-25 14:35:00,395.05,395.05,395.0,395.05,1242
PRAJIND,2026-05-25 14:36:00,395.05,395.05,395.0,395.0,4220
PRAJIND,2026-05-25 14:37:00,395.0,395.05,395.0,395.0,3964
PRAJIND,2026-05-25 14:38:00,395.05,395.05,395.0,395.0,2985
PRAJIND,2026-05-25 14:39:00,395.0,395.2,395.0,395.0,2570
PRAJIND,2026-05-25 14:40:00,395.1,395.1,395.0,395.0,3024
PRAJIND,2026-05-25 14:41:00,395.15,395.15,394.85,395.0,2867
PRAJIND,2026-05-25 14:42:00,395.15,395.15,395.0,395.15,2169
PRAJIND,2026-05-25 14:43:00,395.15,395.15,395.0,395.1,1293
PRAJIND,2026-05-25 14:44:00,395.3,395.3,394.85,395.1,5782
PRAJIND,2026-05-25 14:45:00,395.0,395.25,395.0,395.05,2834
PRAJIND,2026-05-25 14:46:00,395.1,395.1,395.0,395.1,2156
PRAJIND,2026-05-25 14:47:00,395.0,395.1,394.75,394.75,2812
PRAJIND,2026-05-25 14:48:00,394.75,394.75,394.1,394.1,1933
PRAJIND,2026-05-25 14:49:00,394.3,394.8,394.3,394.75,2064
PRAJIND,2026-05-25 14:50:00,394.8,394.8,394.05,394.05,4876
PRAJIND,2026-05-25 14:51:00,394.0,394.1,393.5,393.65,3560
PRAJIND,2026-05-25 14:52:00,393.65,393.65,392.85,393.2,6269
PRAJIND,2026-05-25 14:53:00,393.3,393.9,393.2,393.9,1973
PRAJIND,2026-05-25 14:54:00,393.5,393.5,393.1,393.3,2042
PRAJIND,2026-05-25 14:55:00,393.4,393.95,393.2,393.95,7783
PRAJIND,2026-05-25 14:56:00,393.85,393.85,393.25,393.5,2541
PRAJIND,2026-05-25 14:57:00,393.7,393.75,393.3,393.3,2128
PRAJIND,2026-05-25 14:58:00,393.25,393.3,393.2,393.2,2161
PRAJIND,2026-05-25 14:59:00,393.2,393.25,393.0,393.25,3337
PRAJIND,2026-05-25 15:00:00,393.2,393.5,393.0,393.2,1959
PRAJIND,2026-05-25 15:01:00,393.15,393.3,392.65,393.15,2782
PRAJIND,2026-05-25 15:02:00,393.3,393.65,393.0,393.65,2873
PRAJIND,2026-05-25 15:03:00,393.8,393.8,393.45,393.45,4372
PRAJIND,2026-05-25 15:04:00,393.5,393.65,393.3,393.6,2061
PRAJIND,2026-05-25 15:05:00,393.3,393.6,393.2,393.6,2455
PRAJIND,2026-05-25 15:06:00,393.6,393.7,392.9,392.9,6717
PRAJIND,2026-05-25 15:07:00,393.2,393.7,393.2,393.7,2956
PRAJIND,2026-05-25 15:08:00,393.85,394.0,393.55,393.9,3055
PRAJIND,2026-05-25 15:09:00,393.85,394.0,393.35,393.9,5360
PRAJIND,2026-05-25 15:10:00,393.7,394.0,393.6,393.95,4097
PRAJIND,2026-05-25 15:11:00,394.0,394.0,393.6,394.0,3293
PRAJIND,2026-05-25 15:12:00,393.9,394.15,393.65,394.0,4505
PRAJIND,2026-05-25 15:13:00,394.0,394.2,393.7,393.8,4202
PRAJIND,2026-05-25 15:14:00,393.95,394.3,393.85,394.15,5231
PRAJIND,2026-05-25 15:15:00,394.0,394.6,393.7,393.7,8389
PRAJIND,2026-05-25 15:16:00,393.9,394.1,393.8,394.1,5544
PRAJIND,2026-05-25 15:17:00,393.9,394.8,393.9,394.3,3362
PRAJIND,2026-05-25 15:18:00,394.4,394.4,393.5,394.3,4922
PRAJIND,2026-05-25 15:19:00,394.25,394.3,393.8,393.8,4368
PRAJIND,2026-05-25 15:20:00,393.55,394.2,393.3,393.3,7980
PRAJIND,2026-05-25 15:21:00,393.45,394.0,393.1,393.95,5120
PRAJIND,2026-05-25 15:22:00,393.25,393.9,393.25,393.3,3194
PRAJIND,2026-05-25 15:23:00,393.8,394.0,393.35,393.35,5771
PRAJIND,2026-05-25 15:24:00,393.6,394.0,393.15,393.15,9080
PRAJIND,2026-05-25 15:25:00,393.75,394.0,392.7,392.7,9047
PRAJIND,2026-05-25 15:26:00,393.7,393.7,392.85,393.35,4318
PRAJIND,2026-05-25 15:27:00,393.4,393.7,392.95,393.6,4685
PRAJIND,2026-05-25 15:28:00,393.6,393.85,393.2,393.8,7187
PRAJIND,2026-05-25 15:29:00,393.6,393.6,392.7,392.7,8939
PRAJIND,2026-05-26 09:15:00,395.0,395.0,393.45,393.7,7372
PRAJIND,2026-05-26 09:16:00,393.8,393.8,391.15,392.2,9285
PRAJIND,2026-05-26 09:17:00,392.45,392.45,390.95,392.1,6771
PRAJIND,2026-05-26 09:18:00,392.2,393.15,392.1,392.85,6240
PRAJIND,2026-05-26 09:19:00,392.85,393.95,392.45,393.2,2773
PRAJIND,2026-05-26 09:20:00,393.1,393.95,393.1,393.75,3022
PRAJIND,2026-05-26 09:21:00,393.85,394.65,393.15,394.65,11619
PRAJIND,2026-05-26 09:22:00,393.95,394.0,393.45,393.6,1710
PRAJIND,2026-05-26 09:23:00,393.25,393.4,392.75,393.0,3769
PRAJIND,2026-05-26 09:24:00,393.0,393.3,392.9,393.2,2136
PRAJIND,2026-05-26 09:25:00,393.35,394.5,393.0,394.4,6303
PRAJIND,2026-05-26 09:26:00,394.4,395.7,394.15,395.7,4530
PRAJIND,2026-05-26 09:27:00,395.75,397.5,395.75,397.2,10393
PRAJIND,2026-05-26 09:28:00,397.3,397.5,396.55,396.6,12196
PRAJIND,2026-05-26 09:29:00,397.1,397.7,396.7,397.2,14302
PRAJIND,2026-05-26 09:30:00,397.2,397.2,396.0,396.1,4817
PRAJIND,2026-05-26 09:31:00,396.1,396.1,395.3,396.0,2717
PRAJIND,2026-05-26 09:32:00,396.3,396.65,396.3,396.65,5829
PRAJIND,2026-05-26 09:33:00,396.65,397.5,396.35,397.5,3458
PRAJIND,2026-05-26 09:34:00,397.35,397.95,397.2,397.7,4618
PRAJIND,2026-05-26 09:35:00,397.7,397.7,396.5,396.5,3216
PRAJIND,2026-05-26 09:36:00,396.8,397.15,396.3,397.1,2132
PRAJIND,2026-05-26 09:37:00,397.1,397.25,396.85,397.25,2281
PRAJIND,2026-05-26 09:38:00,397.2,397.6,397.2,397.35,1560
PRAJIND,2026-05-26 09:39:00,397.35,397.55,397.05,397.15,2200
PRAJIND,2026-05-26 09:40:00,397.55,397.55,397.15,397.25,1067
PRAJIND,2026-05-26 09:41:00,397.25,397.25,396.8,396.8,3959
PRAJIND,2026-05-26 09:42:00,396.9,396.9,396.35,396.55,2234
PRAJIND,2026-05-26 09:43:00,396.55,396.6,396.35,396.4,994
PRAJIND,2026-05-26 09:44:00,396.45,396.6,396.0,396.0,2456
PRAJIND,2026-05-26 09:45:00,395.75,396.2,395.65,396.2,742
PRAJIND,2026-05-26 09:46:00,396.0,396.3,396.0,396.3,868
PRAJIND,2026-05-26 09:47:00,396.3,396.6,396.0,396.0,3380
PRAJIND,2026-05-26 09:48:00,396.3,396.5,396.25,396.5,355
PRAJIND,2026-05-26 09:49:00,396.3,396.5,396.25,396.5,304
PRAJIND,2026-05-26 09:50:00,398.15,398.85,398.1,398.55,16541
PRAJIND,2026-05-26 09:51:00,398.3,398.5,398.1,398.45,2720
PRAJIND,2026-05-26 09:52:00,398.45,399.2,398.45,399.2,16888
PRAJIND,2026-05-26 09:53:00,399.2,399.35,399.0,399.05,5052
PRAJIND,2026-05-26 09:54:00,399.4,399.4,398.4,398.4,4537
PRAJIND,2026-05-26 09:55:00,398.65,398.85,398.1,398.75,1241
PRAJIND,2026-05-26 09:56:00,398.75,398.75,398.05,398.05,4230
PRAJIND,2026-05-26 09:57:00,398.35,398.35,398.0,398.25,635
PRAJIND,2026-05-26 09:58:00,398.1,398.1,397.8,397.85,4179
PRAJIND,2026-05-26 09:59:00,397.85,398.25,397.8,397.95,1942
PRAJIND,2026-05-26 10:00:00,397.95,398.25,397.9,398.0,1309
PRAJIND,2026-05-26 10:01:00,398.0,398.25,398.0,398.0,403
PRAJIND,2026-05-26 10:02:00,398.0,398.3,398.0,398.05,473
PRAJIND,2026-05-26 10:03:00,398.3,398.9,398.05,398.7,3613
PRAJIND,2026-05-26 10:04:00,398.8,399.5,398.8,399.5,5143
PRAJIND,2026-05-26 10:05:00,399.15,399.25,399.0,399.0,2355
PRAJIND,2026-05-26 10:06:00,399.1,399.1,398.55,398.55,1194
PRAJIND,2026-05-26 10:07:00,398.75,398.85,398.65,398.8,911
PRAJIND,2026-05-26 10:08:00,398.8,398.95,398.65,398.65,607
PRAJIND,2026-05-26 10:09:00,398.65,398.9,398.5,398.5,1094
PRAJIND,2026-05-26 10:10:00,398.75,398.85,398.5,398.5,2087
PRAJIND,2026-05-26 10:11:00,398.5,398.55,398.45,398.5,1846
PRAJIND,2026-05-26 10:12:00,398.5,398.85,398.45,398.85,3283
PRAJIND,2026-05-26 10:13:00,398.85,398.85,398.55,398.8,444
PRAJIND,2026-05-26 10:14:00,398.55,399.2,398.55,398.95,6237
PRAJIND,2026-05-26 10:15:00,398.6,398.95,398.5,398.5,1731
PRAJIND,2026-05-26 10:16:00,398.8,398.8,398.45,398.6,948
PRAJIND,2026-05-26 10:17:00,398.6,398.6,398.25,398.25,616
PRAJIND,2026-05-26 10:18:00,398.7,399.1,398.5,399.1,3748
PRAJIND,2026-05-26 10:19:00,399.1,399.1,398.75,398.75,673
PRAJIND,2026-05-26 10:20:00,398.75,398.95,398.6,398.95,428
PRAJIND,2026-05-26 10:21:00,398.95,398.95,398.35,398.35,1356
PRAJIND,2026-05-26 10:22:00,398.7,398.7,398.25,398.4,1799
PRAJIND,2026-05-26 10:23:00,398.7,399.0,398.3,398.8,2004
PRAJIND,2026-05-26 10:24:00,398.8,399.3,398.8,399.3,6221
PRAJIND,2026-05-26 10:25:00,399.3,399.8,399.3,399.8,9673
PRAJIND,2026-05-26 10:26:00,399.6,400.2,399.3,399.3,24887
PRAJIND,2026-05-26 10:27:00,399.5,399.8,398.9,399.8,3813
PRAJIND,2026-05-26 10:28:00,399.7,399.85,399.25,399.5,2467
PRAJIND,2026-05-26 10:29:00,399.5,399.75,399.5,399.55,595
PRAJIND,2026-05-26 10:30:00,399.55,399.6,399.25,399.25,740
PRAJIND,2026-05-26 10:31:00,399.25,399.6,399.25,399.6,738
PRAJIND,2026-05-26 10:32:00,399.3,399.3,398.8,399.05,1534
PRAJIND,2026-05-26 10:33:00,399.0,399.25,398.9,398.9,540
PRAJIND,2026-05-26 10:34:00,398.9,399.15,398.8,398.8,325
PRAJIND,2026-05-26 10:35:00,398.8,399.25,398.8,399.25,890
PRAJIND,2026-05-26 10:36:00,399.25,399.45,399.0,399.0,2919
PRAJIND,2026-05-26 10:37:00,399.0,399.0,398.7,398.75,1368
PRAJIND,2026-05-26 10:38:00,398.75,398.9,398.6,398.6,445
PRAJIND,2026-05-26 10:39:00,398.6,399.05,398.6,398.85,160
PRAJIND,2026-05-26 10:40:00,398.9,399.05,398.85,398.85,1308
PRAJIND,2026-05-26 10:41:00,398.85,398.9,398.6,398.85,419
PRAJIND,2026-05-26 10:42:00,398.6,398.9,398.55,398.55,109
PRAJIND,2026-05-26 10:43:00,398.55,398.75,398.5,398.5,623
PRAJIND,2026-05-26 10:44:00,398.5,398.8,398.05,398.05,3103
PRAJIND,2026-05-26 10:45:00,398.15,398.5,398.15,398.5,852
PRAJIND,2026-05-26 10:46:00,398.5,398.5,398.15,398.2,1379
PRAJIND,2026-05-26 10:47:00,398.2,398.5,398.2,398.2,174
PRAJIND,2026-05-26 10:48:00,398.2,398.5,398.15,398.5,887
PRAJIND,2026-05-26 10:49:00,398.5,398.65,398.5,398.5,540
PRAJIND,2026-05-26 10:50:00,398.5,398.55,398.2,398.55,329
PRAJIND,2026-05-26 10:51:00,398.5,398.5,397.95,398.45,2712
PRAJIND,2026-05-26 10:52:00,398.7,398.7,398.3,398.55,885
PRAJIND,2026-05-26 10:53:00,398.55,398.55,398.3,398.55,264
PRAJIND,2026-05-26 10:54:00,398.55,398.55,398.2,398.45,844
PRAJIND,2026-05-26 10:55:00,398.45,398.45,398.05,398.1,567
PRAJIND,2026-05-26 10:56:00,398.1,398.55,397.85,398.5,3105
PRAJIND,2026-05-26 10:57:00,398.5,398.6,398.4,398.6,78
PRAJIND,2026-05-26 10:58:00,398.6,398.7,398.35,398.45,771
PRAJIND,2026-05-26 10:59:00,398.45,398.65,398.45,398.65,7
PRAJIND,2026-05-26 11:00:00,398.65,398.65,398.5,398.65,69
PRAJIND,2026-05-26 11:01:00,398.65,398.65,398.5,398.6,69
PRAJIND,2026-05-26 11:02:00,398.6,398.65,398.35,398.35,789
PRAJIND,2026-05-26 11:03:00,398.25,398.35,398.1,398.15,471
PRAJIND,2026-05-26 11:04:00,398.15,398.6,398.15,398.25,2892
PRAJIND,2026-05-26 11:05:00,398.25,398.25,398.05,398.05,116
PRAJIND,2026-05-26 11:06:00,398.05,398.2,398.05,398.05,90
PRAJIND,2026-05-26 11:07:00,398.05,398.35,398.05,398.35,229
PRAJIND,2026-05-26 11:08:00,398.35,398.5,398.15,398.2,658
PRAJIND,2026-05-26 11:09:00,398.2,398.45,398.2,398.2,168
PRAJIND,2026-05-26 11:10:00,398.2,398.6,398.2,398.6,1774
PRAJIND,2026-05-26 11:11:00,398.6,398.6,398.5,398.6,106
PRAJIND,2026-05-26 11:12:00,398.6,398.6,398.25,398.25,680
PRAJIND,2026-05-26 11:13:00,398.25,398.3,398.2,398.3,1361
PRAJIND,2026-05-26 11:14:00,398.3,398.55,398.25,398.55,1495
PRAJIND,2026-05-26 11:15:00,398.55,398.55,398.25,398.3,340
PRAJIND,2026-05-26 11:16:00,398.3,398.5,398.0,398.05,2001
PRAJIND,2026-05-26 11:17:00,398.05,398.2,398.0,398.05,254
PRAJIND,2026-05-26 11:18:00,398.05,398.05,398.0,398.0,418
PRAJIND,2026-05-26 11:19:00,398.0,398.35,397.5,398.0,9496
PRAJIND,2026-05-26 11:20:00,398.15,398.15,398.0,398.0,361
PRAJIND,2026-05-26 11:21:00,398.0,398.2,398.0,398.2,757
PRAJIND,2026-05-26 11:22:00,398.2,398.2,398.0,398.0,14
PRAJIND,2026-05-26 11:23:00,398.0,398.25,397.95,398.0,357
PRAJIND,2026-05-26 11:24:00,398.0,398.15,397.85,398.15,705
PRAJIND,2026-05-26 11:25:00,398.15,398.15,398.0,398.0,188
PRAJIND,2026-05-26 11:26:00,398.0,398.0,398.0,398.0,195
PRAJIND,2026-05-26 11:27:00,398.0,398.15,398.0,398.0,58
PRAJIND,2026-05-26 11:28:00,398.0,398.0,397.9,398.0,412
PRAJIND,2026-05-26 11:29:00,398.1,398.1,398.0,398.0,584
PRAJIND,2026-05-26 11:30:00,398.0,398.3,398.0,398.0,5901
PRAJIND,2026-05-26 11:31:00,398.25,398.25,398.25,398.25,50
PRAJIND,2026-05-26 11:32:00,398.25,398.25,398.05,398.2,532
PRAJIND,2026-05-26 11:33:00,398.2,398.3,398.0,398.2,529
PRAJIND,2026-05-26 11:34:00,398.2,398.45,398.2,398.2,393
PRAJIND,2026-05-26 11:35:00,398.2,398.5,398.2,398.5,2484
PRAJIND,2026-05-26 11:36:00,398.5,398.6,398.15,398.6,734
PRAJIND,2026-05-26 11:37:00,398.35,398.6,398.35,398.6,193
PRAJIND,2026-05-26 11:38:00,398.6,398.6,398.35,398.4,478
PRAJIND,2026-05-26 11:39:00,398.3,398.55,398.3,398.55,273
PRAJIND,2026-05-26 11:40:00,398.55,398.55,398.4,398.4,122
PRAJIND,2026-05-26 11:41:00,398.4,398.4,398.05,398.05,91
PRAJIND,2026-05-26 11:42:00,398.05,398.05,398.05,398.05,235
PRAJIND,2026-05-26 11:43:00,398.05,398.4,398.0,398.4,272
PRAJIND,2026-05-26 11:44:00,398.4,398.4,398.0,398.25,928
PRAJIND,2026-05-26 11:45:00,398.25,398.35,398.0,398.0,414
PRAJIND,2026-05-26 11:46:00,398.0,398.0,397.9,397.9,779
PRAJIND,2026-05-26 11:47:00,397.9,398.2,397.9,398.1,200
PRAJIND,2026-05-26 11:48:00,398.1,398.35,398.1,398.1,356
PRAJIND,2026-05-26 11:49:00,398.1,398.35,398.1,398.35,43
PRAJIND,2026-05-26 11:50:00,398.15,398.35,398.1,398.15,111
PRAJIND,2026-05-26 11:51:00,398.0,398.15,397.95,398.15,1787
PRAJIND,2026-05-26 11:52:00,398.15,398.3,398.15,398.3,183
PRAJIND,2026-05-26 11:53:00,398.15,398.3,397.9,397.9,274
PRAJIND,2026-05-26 11:54:00,397.9,397.95,397.9,397.9,340
PRAJIND,2026-05-26 11:55:00,398.0,398.0,397.9,397.95,332
PRAJIND,2026-05-26 11:56:00,397.9,398.1,397.9,397.95,357
PRAJIND,2026-05-26 11:57:00,398.0,398.0,397.9,398.0,377
PRAJIND,2026-05-26 11:58:00,398.0,398.1,398.0,398.1,175
PRAJIND,2026-05-26 11:59:00,397.5,397.75,397.4,397.6,3339
PRAJIND,2026-05-26 12:00:00,397.6,397.8,397.5,397.6,555
PRAJIND,2026-05-26 12:01:00,397.6,397.95,397.4,397.95,1158
PRAJIND,2026-05-26 12:02:00,397.95,397.95,397.65,397.95,328
PRAJIND,2026-05-26 12:03:00,398.0,398.0,397.65,397.8,3704
PRAJIND,2026-05-26 12:04:00,397.65,398.25,397.65,398.0,1778
PRAJIND,2026-05-26 12:05:00,398.0,398.25,398.0,398.0,2649
PRAJIND,2026-05-26 12:06:00,398.0,398.05,398.0,398.0,53
PRAJIND,2026-05-26 12:07:00,398.0,398.0,398.0,398.0,919
PRAJIND,2026-05-26 12:08:00,398.0,398.1,398.0,398.1,1092
PRAJIND,2026-05-26 12:09:00,398.1,398.1,398.0,398.0,421
PRAJIND,2026-05-26 12:10:00,398.1,398.1,398.0,398.0,361
PRAJIND,2026-05-26 12:11:00,398.0,398.1,397.85,397.85,130
PRAJIND,2026-05-26 12:12:00,397.85,398.1,397.85,398.0,658
PRAJIND,2026-05-26 12:13:00,398.0,398.05,398.0,398.0,681
PRAJIND,2026-05-26 12:14:00,398.0,398.3,398.0,398.05,307
PRAJIND,2026-05-26 12:15:00,398.05,398.2,397.9,398.0,4107
PRAJIND,2026-05-26 12:16:00,398.0,398.1,398.0,398.0,2646
PRAJIND,2026-05-26 12:17:00,398.0,398.1,397.75,397.75,524
PRAJIND,2026-05-26 12:18:00,397.85,398.0,397.85,398.0,14485
PRAJIND,2026-05-26 12:19:00,398.0,398.05,397.7,397.7,372
PRAJIND,2026-05-26 12:20:00,398.05,398.05,397.9,398.0,462
PRAJIND,2026-05-26 12:21:00,398.05,398.05,397.9,398.0,737
PRAJIND,2026-05-26 12:22:00,398.0,398.0,396.3,397.45,19634
PRAJIND,2026-05-26 12:23:00,397.45,397.45,397.25,397.25,279
PRAJIND,2026-05-26 12:24:00,397.25,397.25,396.95,397.15,764
PRAJIND,2026-05-26 12:25:00,397.15,397.15,396.9,396.95,390
PRAJIND,2026-05-26 12:26:00,396.95,397.1,396.6,396.75,914
PRAJIND,2026-05-26 12:27:00,396.55,396.95,396.45,396.45,474
PRAJIND,2026-05-26 12:28:00,396.55,396.65,396.25,396.55,1545
PRAJIND,2026-05-26 12:29:00,396.3,396.6,396.1,396.45,2058
PRAJIND,2026-05-26 12:30:00,396.25,397.35,396.25,396.25,11441
PRAJIND,2026-05-26 12:31:00,396.25,396.55,396.2,396.4,922
PRAJIND,2026-05-26 12:32:00,396.2,396.25,396.0,396.15,3529
PRAJIND,2026-05-26 12:33:00,396.15,396.25,396.15,396.25,963
PRAJIND,2026-05-26 12:34:00,396.25,396.3,395.95,395.95,864
PRAJIND,2026-05-26 12:35:00,395.95,396.35,395.95,396.3,883
PRAJIND,2026-05-26 12:36:00,396.3,396.8,396.15,396.8,600
PRAJIND,2026-05-26 12:37:00,396.6,396.6,396.35,396.4,746
PRAJIND,2026-05-26 12:38:00,396.75,396.8,396.35,396.6,6070
PRAJIND,2026-05-26 12:39:00,396.4,396.8,396.0,396.55,3729
PRAJIND,2026-05-26 12:40:00,396.55,397.0,396.55,397.0,820
PRAJIND,2026-05-26 12:41:00,397.0,398.1,397.0,398.1,13255
PRAJIND,2026-05-26 12:42:00,398.1,398.1,398.0,398.1,384
PRAJIND,2026-05-26 12:43:00,398.2,398.2,398.0,398.15,2434
PRAJIND,2026-05-26 12:44:00,398.05,398.55,398.0,398.55,2755
PRAJIND,2026-05-26 12:45:00,398.55,398.65,398.2,398.2,346
PRAJIND,2026-05-26 12:46:00,398.2,398.2,397.9,398.2,664
PRAJIND,2026-05-26 12:47:00,398.0,398.25,398.0,398.25,233
PRAJIND,2026-05-26 12:48:00,398.2,398.3,398.0,398.0,2308
PRAJIND,2026-05-26 12:49:00,398.3,398.3,398.2,398.25,686
PRAJIND,2026-05-26 12:50:00,398.25,398.25,398.0,398.0,816
PRAJIND,2026-05-26 12:51:00,398.0,398.25,397.25,397.25,5006
PRAJIND,2026-05-26 12:52:00,397.15,397.45,397.0,397.0,948
PRAJIND,2026-05-26 12:53:00,396.85,397.6,396.85,397.4,1700
PRAJIND,2026-05-26 12:54:00,397.4,397.65,397.35,397.65,684
PRAJIND,2026-05-26 12:55:00,397.7,397.8,397.45,397.8,1423
PRAJIND,2026-05-26 12:56:00,397.8,397.9,397.55,397.85,415
PRAJIND,2026-05-26 12:57:00,397.85,398.0,397.5,397.5,2434
PRAJIND,2026-05-26 12:58:00,397.5,397.7,397.35,397.35,422
PRAJIND,2026-05-26 12:59:00,397.35,397.55,397.35,397.4,465
PRAJIND,2026-05-26 13:00:00,397.4,397.45,397.0,397.15,986
PRAJIND,2026-05-26 13:01:00,397.15,397.15,396.8,397.15,710
PRAJIND,2026-05-26 13:02:00,397.15,397.15,397.0,397.05,469
PRAJIND,2026-05-26 13:03:00,397.05,397.1,396.8,397.0,681
PRAJIND,2026-05-26 13:04:00,396.95,397.1,396.95,397.1,3282
PRAJIND,2026-05-26 13:05:00,397.1,397.25,397.0,397.15,489
PRAJIND,2026-05-26 13:06:00,397.0,397.45,396.6,396.6,2617
PRAJIND,2026-05-26 13:07:00,396.5,396.6,396.5,396.6,462
PRAJIND,2026-05-26 13:08:00,396.6,396.65,396.35,396.35,490
PRAJIND,2026-05-26 13:09:00,396.3,396.65,396.3,396.6,995
PRAJIND,2026-05-26 13:10:00,396.6,396.7,396.3,396.7,519
PRAJIND,2026-05-26 13:11:00,396.65,396.85,396.55,396.85,484
PRAJIND,2026-05-26 13:12:00,396.85,396.9,396.3,396.75,905
PRAJIND,2026-05-26 13:13:00,396.7,396.7,396.5,396.5,759
PRAJIND,2026-05-26 13:14:00,396.5,396.5,396.3,396.4,1533
PRAJIND,2026-05-26 13:15:00,396.4,396.4,395.6,395.75,3275
PRAJIND,2026-05-26 13:16:00,395.75,396.4,395.6,396.4,1048
PRAJIND,2026-05-26 13:17:00,396.4,396.45,396.15,396.45,553
PRAJIND,2026-05-26 13:18:00,396.45,396.45,396.0,396.1,1176
PRAJIND,2026-05-26 13:19:00,396.1,396.6,396.05,396.45,546
PRAJIND,2026-05-26 13:20:00,396.45,396.6,396.2,396.35,527
PRAJIND,2026-05-26 13:21:00,396.45,396.6,396.45,396.6,455
PRAJIND,2026-05-26 13:22:00,396.55,396.6,396.2,396.55,479
PRAJIND,2026-05-26 13:23:00,396.55,396.55,396.05,396.15,2740
PRAJIND,2026-05-26 13:24:00,396.1,396.3,396.05,396.3,1098
PRAJIND,2026-05-26 13:25:00,396.3,396.5,396.1,396.45,585
PRAJIND,2026-05-26 13:26:00,396.0,396.05,395.65,395.85,2270
PRAJIND,2026-05-26 13:27:00,395.85,396.35,395.85,396.15,1385
PRAJIND,2026-05-26 13:28:00,396.15,396.25,395.75,396.0,574
PRAJIND,2026-05-26 13:29:00,396.0,396.3,396.0,396.3,1708
PRAJIND,2026-05-26 13:30:00,396.3,396.5,396.3,396.45,609
PRAJIND,2026-05-26 13:31:00,396.05,396.4,396.0,396.0,639
PRAJIND,2026-05-26 13:32:00,396.0,396.35,395.8,396.35,1278
PRAJIND,2026-05-26 13:33:00,396.35,396.35,396.1,396.3,449
PRAJIND,2026-05-26 13:34:00,396.3,396.35,396.0,396.15,771
PRAJIND,2026-05-26 13:35:00,396.15,396.5,396.15,396.5,626
PRAJIND,2026-05-26 13:36:00,396.3,396.5,396.15,396.4,471
PRAJIND,2026-05-26 13:37:00,396.55,396.55,396.25,396.25,1209
PRAJIND,2026-05-26 13:38:00,396.35,396.5,396.35,396.45,356
PRAJIND,2026-05-26 13:39:00,396.25,396.4,396.0,396.4,590
PRAJIND,2026-05-26 13:40:00,396.4,396.4,396.0,396.2,867
PRAJIND,2026-05-26 13:41:00,396.1,396.45,396.0,396.45,848
PRAJIND,2026-05-26 13:42:00,396.2,396.45,396.2,396.2,734
PRAJIND,2026-05-26 13:43:00,396.25,396.4,396.1,396.15,1325
PRAJIND,2026-05-26 13:44:00,396.1,396.15,395.6,395.85,1138
PRAJIND,2026-05-26 13:45:00,395.85,396.15,395.75,396.15,512
PRAJIND,2026-05-26 13:46:00,396.15,396.2,395.95,396.05,1155
PRAJIND,2026-05-26 13:47:00,396.1,396.35,396.0,396.1,659
PRAJIND,2026-05-26 13:48:00,396.1,396.4,396.1,396.25,907
PRAJIND,2026-05-26 13:49:00,396.15,396.4,396.0,396.25,591
PRAJIND,2026-05-26 13:50:00,396.25,396.3,395.9,395.9,404
PRAJIND,2026-05-26 13:51:00,395.9,395.95,395.6,395.85,888
PRAJIND,2026-05-26 13:52:00,395.75,395.8,395.5,395.75,540
PRAJIND,2026-05-26 13:53:00,395.75,396.0,395.55,396.0,747
PRAJIND,2026-05-26 13:54:00,396.0,396.65,396.0,396.65,2500
PRAJIND,2026-05-26 13:55:00,396.65,396.65,395.9,396.35,1102
PRAJIND,2026-05-26 13:56:00,396.35,396.45,396.2,396.25,786
PRAJIND,2026-05-26 13:57:00,396.25,396.45,396.0,396.35,1091
PRAJIND,2026-05-26 13:58:00,396.35,396.35,395.75,396.1,1660
PRAJIND,2026-05-26 13:59:00,395.85,396.0,395.7,396.0,352
PRAJIND,2026-05-26 14:00:00,395.85,395.95,395.7,395.85,791
PRAJIND,2026-05-26 14:01:00,395.7,395.7,395.35,395.35,736
PRAJIND,2026-05-26 14:02:00,395.35,395.35,395.05,395.05,689
PRAJIND,2026-05-26 14:03:00,395.05,395.55,394.55,394.65,7826
PRAJIND,2026-05-26 14:04:00,394.5,395.0,394.5,394.85,2176
PRAJIND,2026-05-26 14:05:00,394.9,394.9,394.5,394.9,979
PRAJIND,2026-05-26 14:06:00,394.9,395.4,394.9,395.3,3142
PRAJIND,2026-05-26 14:07:00,395.3,395.4,394.85,395.0,1732
PRAJIND,2026-05-26 14:08:00,395.45,395.45,394.95,395.35,3444
PRAJIND,2026-05-26 14:09:00,395.35,395.55,394.9,395.2,925
PRAJIND,2026-05-26 14:10:00,395.25,395.25,394.75,394.95,811
PRAJIND,2026-05-26 14:11:00,394.95,395.0,394.65,394.95,473
PRAJIND,2026-05-26 14:12:00,394.8,394.85,394.55,394.85,925
PRAJIND,2026-05-26 14:13:00,394.85,395.0,394.55,395.0,904
PRAJIND,2026-05-26 14:14:00,395.15,395.2,394.7,394.85,1047
PRAJIND,2026-05-26 14:15:00,394.9,395.0,394.7,394.95,776
PRAJIND,2026-05-26 14:16:00,394.95,395.0,394.7,394.8,521
PRAJIND,2026-05-26 14:17:00,394.85,394.85,394.35,394.35,1912
PRAJIND,2026-05-26 14:18:00,394.5,394.5,394.25,394.5,622
PRAJIND,2026-05-26 14:19:00,394.5,394.65,394.45,394.65,510
PRAJIND,2026-05-26 14:20:00,394.6,394.9,394.5,394.9,6550
PRAJIND,2026-05-26 14:21:00,394.9,394.95,394.75,394.85,457
PRAJIND,2026-05-26 14:22:00,394.85,395.6,394.85,395.55,890
PRAJIND,2026-05-26 14:23:00,395.55,395.65,395.3,395.3,787
PRAJIND,2026-05-26 14:24:00,395.3,395.45,395.15,395.35,399
PRAJIND,2026-05-26 14:25:00,395.5,395.8,395.15,395.4,3768
PRAJIND,2026-05-26 14:26:00,395.45,395.5,395.3,395.5,416
PRAJIND,2026-05-26 14:27:00,395.5,395.5,394.85,394.85,1123
PRAJIND,2026-05-26 14:28:00,394.85,395.05,394.55,395.05,1357
PRAJIND,2026-05-26 14:29:00,395.05,395.3,395.0,395.0,736
PRAJIND,2026-05-26 14:30:00,395.25,395.25,394.55,394.7,986
PRAJIND,2026-05-26 14:31:00,394.75,394.85,394.6,394.75,385
PRAJIND,2026-05-26 14:32:00,394.75,394.8,394.6,394.6,543
PRAJIND,2026-05-26 14:33:00,394.6,395.0,394.6,394.75,620
PRAJIND,2026-05-26 14:34:00,394.8,394.8,394.7,394.7,418
PRAJIND,2026-05-26 14:35:00,394.7,394.95,394.7,394.8,443
PRAJIND,2026-05-26 14:36:00,394.85,394.85,394.4,394.4,899
PRAJIND,2026-05-26 14:37:00,394.4,394.55,393.65,393.95,736
PRAJIND,2026-05-26 14:38:00,393.9,394.25,393.85,394.25,406
PRAJIND,2026-05-26 14:39:00,394.25,394.3,393.8,394.05,930
PRAJIND,2026-05-26 14:40:00,393.9,394.35,393.85,394.35,1414
PRAJIND,2026-05-26 14:41:00,394.15,394.15,393.65,393.65,1373
PRAJIND,2026-05-26 14:42:00,393.5,393.55,393.0,393.3,2774
PRAJIND,2026-05-26 14:43:00,393.3,393.5,393.25,393.45,1181
PRAJIND,2026-05-26 14:44:00,393.45,393.5,393.05,393.05,426
PRAJIND,2026-05-26 14:45:00,393.35,393.35,393.1,393.25,958
PRAJIND,2026-05-26 14:46:00,393.25,393.4,393.0,393.0,2032
PRAJIND,2026-05-26 14:47:00,393.0,393.5,393.0,393.45,639
PRAJIND,2026-05-26 14:48:00,393.45,393.85,393.4,393.85,877
PRAJIND,2026-05-26 14:49:00,393.55,393.55,392.75,392.75,2190
PRAJIND,2026-05-26 14:50:00,392.75,392.9,392.05,392.05,2848
PRAJIND,2026-05-26 14:51:00,392.05,392.2,391.8,392.0,7285
PRAJIND,2026-05-26 14:52:00,391.8,391.85,391.35,391.65,2938
PRAJIND,2026-05-26 14:53:00,391.65,391.7,391.3,391.6,1203
PRAJIND,2026-05-26 14:54:00,391.6,391.75,391.3,391.75,374
PRAJIND,2026-05-26 14:55:00,391.85,392.1,391.6,392.05,617
PRAJIND,2026-05-26 14:56:00,392.05,392.25,392.05,392.25,2983
PRAJIND,2026-05-26 14:57:00,392.25,392.85,392.25,392.85,920
PRAJIND,2026-05-26 14:58:00,392.8,393.0,392.7,393.0,806
PRAJIND,2026-05-26 14:59:00,393.0,393.05,392.55,392.55,3293
PRAJIND,2026-05-26 15:00:00,392.55,392.55,392.0,392.55,4118
PRAJIND,2026-05-26 15:01:00,392.55,392.8,392.45,392.65,2038
PRAJIND,2026-05-26 15:02:00,392.5,393.2,392.45,393.05,2809
PRAJIND,2026-05-26 15:03:00,393.05,393.6,393.05,393.25,1875
PRAJIND,2026-05-26 15:04:00,393.25,393.75,393.25,393.75,836
PRAJIND,2026-05-26 15:05:00,393.8,394.0,393.8,394.0,579
PRAJIND,2026-05-26 15:06:00,393.85,394.1,393.85,394.1,1567
PRAJIND,2026-05-26 15:07:00,394.0,394.2,393.9,394.15,2067
PRAJIND,2026-05-26 15:08:00,394.15,394.2,394.0,394.15,2127
PRAJIND,2026-05-26 15:09:00,394.0,394.4,394.0,394.4,2963
PRAJIND,2026-05-26 15:10:00,394.7,394.8,394.5,394.5,691
PRAJIND,2026-05-26 15:11:00,394.65,394.65,394.15,394.15,787
PRAJIND,2026-05-26 15:12:00,394.25,394.25,394.0,394.15,582
PRAJIND,2026-05-26 15:13:00,394.0,394.15,393.9,394.0,4330
PRAJIND,2026-05-26 15:14:00,394.1,394.1,394.0,394.0,1089
PRAJIND,2026-05-26 15:15:00,394.1,394.1,394.0,394.0,2759
PRAJIND,2026-05-26 15:16:00,394.05,394.05,393.85,394.0,2254
PRAJIND,2026-05-26 15:17:00,394.0,394.05,394.0,394.0,743
PRAJIND,2026-05-26 15:18:00,394.0,394.3,394.0,394.3,4128
PRAJIND,2026-05-26 15:19:00,394.3,394.35,394.25,394.3,1411
PRAJIND,2026-05-26 15:20:00,394.3,394.5,394.1,394.2,3126
PRAJIND,2026-05-26 15:21:00,394.1,394.4,393.95,394.3,1360
PRAJIND,2026-05-26 15:22:00,394.2,394.25,394.0,394.0,4417
PRAJIND,2026-05-26 15:23:00,394.0,394.15,393.65,394.05,1806
PRAJIND,2026-05-26 15:24:00,394.05,394.15,393.8,394.05,5752
PRAJIND,2026-05-26 15:25:00,394.0,394.05,394.0,394.0,1484
PRAJIND,2026-05-26 15:26:00,394.05,394.1,394.0,394.05,2108
PRAJIND,2026-05-26 15:27:00,394.05,394.25,394.05,394.25,4273
PRAJIND,2026-05-26 15:28:00,394.2,394.25,394.05,394.1,1744
PRAJIND,2026-05-26 15:29:00,394.1,394.5,393.15,393.15,2642
PRAJIND,2026-05-27 09:15:00,395.0,395.5,392.15,392.6,5366
PRAJIND,2026-05-27 09:16:00,392.75,392.75,392.05,392.3,2534
PRAJIND,2026-05-27 09:17:00,392.65,394.1,392.5,393.25,6549
PRAJIND,2026-05-27 09:18:00,393.2,393.25,392.2,392.2,3860
PRAJIND,2026-05-27 09:19:00,392.55,392.95,392.25,392.7,2653
PRAJIND,2026-05-27 09:20:00,392.7,392.8,392.65,392.8,4225
PRAJIND,2026-05-27 09:21:00,392.5,393.05,392.35,393.05,4833
PRAJIND,2026-05-27 09:22:00,393.0,393.0,391.5,391.5,6155
PRAJIND,2026-05-27 09:23:00,391.75,392.4,391.5,392.4,1652
PRAJIND,2026-05-27 09:24:00,392.7,392.7,391.9,392.2,13066
PRAJIND,2026-05-27 09:25:00,392.0,392.0,391.05,391.55,1932
PRAJIND,2026-05-27 09:26:00,391.2,391.55,391.1,391.35,2573
PRAJIND,2026-05-27 09:27:00,391.25,391.6,391.25,391.5,3288
PRAJIND,2026-05-27 09:28:00,391.5,391.9,391.5,391.8,500
PRAJIND,2026-05-27 09:29:00,391.5,391.8,391.2,391.55,1569
PRAJIND,2026-05-27 09:30:00,391.8,392.0,390.05,390.1,8705
PRAJIND,2026-05-27 09:31:00,390.15,390.25,389.8,390.15,3535
PRAJIND,2026-05-27 09:32:00,390.5,391.0,390.5,390.95,1154
PRAJIND,2026-05-27 09:33:00,391.0,391.55,390.55,390.8,2612
PRAJIND,2026-05-27 09:34:00,391.05,391.4,390.75,391.0,6001
PRAJIND,2026-05-27 09:35:00,390.75,391.05,390.55,390.85,1847
PRAJIND,2026-05-27 09:36:00,390.85,391.45,390.85,391.45,890
PRAJIND,2026-05-27 09:37:00,391.45,391.45,390.6,391.15,2310
PRAJIND,2026-05-27 09:38:00,391.15,392.25,391.05,392.25,5712
PRAJIND,2026-05-27 09:39:00,391.6,391.95,391.55,391.85,2452
PRAJIND,2026-05-27 09:40:00,392.05,392.2,391.95,391.95,488
PRAJIND,2026-05-27 09:41:00,391.95,392.2,391.9,392.05,892
PRAJIND,2026-05-27 09:42:00,392.05,392.2,391.65,392.2,1247
PRAJIND,2026-05-27 09:43:00,392.45,392.45,391.9,392.1,514
PRAJIND,2026-05-27 09:44:00,392.1,392.2,391.75,392.1,2130
PRAJIND,2026-05-27 09:45:00,391.9,392.2,391.8,391.9,176
PRAJIND,2026-05-27 09:46:00,391.9,391.9,391.7,391.8,437
PRAJIND,2026-05-27 09:47:00,391.8,391.8,391.5,391.6,2323
PRAJIND,2026-05-27 09:48:00,391.6,391.8,391.6,391.7,56
PRAJIND,2026-05-27 09:49:00,391.8,391.8,391.05,391.15,3807
PRAJIND,2026-05-27 09:50:00,391.2,391.5,391.15,391.35,2159
PRAJIND,2026-05-27 09:51:00,391.5,391.5,391.1,391.15,436
PRAJIND,2026-05-27 09:52:00,391.05,391.45,391.05,391.45,722
PRAJIND,2026-05-27 09:53:00,391.3,391.45,391.05,391.25,743
PRAJIND,2026-05-27 09:54:00,391.25,391.25,391.05,391.05,268
PRAJIND,2026-05-27 09:55:00,391.05,391.05,390.55,390.85,783
PRAJIND,2026-05-27 09:56:00,390.85,390.9,390.55,390.6,2352
PRAJIND,2026-05-27 09:57:00,390.6,390.6,390.4,390.4,572
PRAJIND,2026-05-27 09:58:00,390.4,390.6,390.4,390.6,226
PRAJIND,2026-05-27 09:59:00,390.6,391.0,390.55,390.55,1642
PRAJIND,2026-05-27 10:00:00,390.55,390.55,390.3,390.35,1097
PRAJIND,2026-05-27 10:01:00,390.35,390.65,390.35,390.4,1036
PRAJIND,2026-05-27 10:02:00,390.4,390.55,390.0,390.55,1494
PRAJIND,2026-05-27 10:03:00,390.55,390.95,390.2,390.2,5589
PRAJIND,2026-05-27 10:04:00,390.45,390.85,390.35,390.7,827
PRAJIND,2026-05-27 10:05:00,390.7,390.95,390.7,390.95,217
PRAJIND,2026-05-27 10:06:00,390.75,390.95,390.35,390.35,1224
PRAJIND,2026-05-27 10:07:00,390.35,390.85,390.35,390.75,2685
PRAJIND,2026-05-27 10:08:00,390.75,391.3,390.75,391.3,1346
PRAJIND,2026-05-27 10:09:00,391.3,391.3,391.0,391.05,92
PRAJIND,2026-05-27 10:10:00,391.1,391.3,391.1,391.1,477
PRAJIND,2026-05-27 10:11:00,391.1,391.5,391.1,391.4,984
PRAJIND,2026-05-27 10:12:00,391.4,391.6,391.4,391.5,75
PRAJIND,2026-05-27 10:13:00,391.15,391.35,391.15,391.35,153
PRAJIND,2026-05-27 10:14:00,391.35,391.35,391.0,391.0,1089
PRAJIND,2026-05-27 10:15:00,391.0,391.1,391.0,391.1,260
PRAJIND,2026-05-27 10:16:00,391.1,391.4,391.1,391.4,190
PRAJIND,2026-05-27 10:17:00,391.5,391.75,391.5,391.5,391
PRAJIND,2026-05-27 10:18:00,391.5,391.85,391.5,391.55,184
PRAJIND,2026-05-27 10:19:00,391.55,391.6,391.55,391.6,255
PRAJIND,2026-05-27 10:20:00,391.65,391.9,391.5,391.5,280
PRAJIND,2026-05-27 10:21:00,391.5,392.35,391.5,392.1,1705
PRAJIND,2026-05-27 10:22:00,392.1,392.3,391.65,391.75,878
PRAJIND,2026-05-27 10:23:00,391.5,391.75,391.4,391.55,325
PRAJIND,2026-05-27 10:24:00,391.55,391.6,391.15,391.6,959
PRAJIND,2026-05-27 10:25:00,391.6,391.6,391.55,391.55,190
PRAJIND,2026-05-27 10:26:00,391.25,391.55,391.25,391.3,218
PRAJIND,2026-05-27 10:27:00,391.3,391.55,391.3,391.5,302
PRAJIND,2026-05-27 10:28:00,391.5,391.55,391.25,391.5,74
PRAJIND,2026-05-27 10:29:00,391.5,391.5,391.25,391.4,46
PRAJIND,2026-05-27 10:30:00,391.45,391.5,391.25,391.5,205
PRAJIND,2026-05-27 10:31:00,391.5,391.55,391.25,391.25,881
PRAJIND,2026-05-27 10:32:00,391.5,391.5,391.2,391.45,885
PRAJIND,2026-05-27 10:33:00,391.45,391.45,391.2,391.45,159
PRAJIND,2026-05-27 10:34:00,391.45,391.45,391.2,391.45,215
PRAJIND,2026-05-27 10:35:00,391.45,391.45,391.2,391.45,56
PRAJIND,2026-05-27 10:36:00,391.45,391.45,391.4,391.4,95
PRAJIND,2026-05-27 10:37:00,391.15,391.4,391.15,391.4,96
PRAJIND,2026-05-27 10:38:00,391.4,391.4,391.1,391.25,404
PRAJIND,2026-05-27 10:39:00,391.25,391.25,390.65,390.85,1497
PRAJIND,2026-05-27 10:40:00,390.85,390.85,390.6,390.6,528
PRAJIND,2026-05-27 10:41:00,390.85,391.35,390.5,391.35,1037
PRAJIND,2026-05-27 10:42:00,391.35,391.35,391.35,391.35,3
PRAJIND,2026-05-27 10:43:00,391.35,391.35,390.4,390.4,315
PRAJIND,2026-05-27 10:44:00,390.4,391.15,390.4,391.15,916
PRAJIND,2026-05-27 10:45:00,391.15,391.15,390.65,391.1,530
PRAJIND,2026-05-27 10:46:00,391.1,391.15,390.85,390.85,412
PRAJIND,2026-05-27 10:47:00,390.85,390.85,390.7,390.7,62
PRAJIND,2026-05-27 10:48:00,390.7,391.05,390.65,390.8,228
PRAJIND,2026-05-27 10:49:00,390.8,391.15,390.8,391.15,123
PRAJIND,2026-05-27 10:50:00,391.3,391.3,390.65,390.9,1145
PRAJIND,2026-05-27 10:51:00,390.9,391.3,390.9,391.0,214
PRAJIND,2026-05-27 10:52:00,391.35,391.35,391.05,391.05,164
PRAJIND,2026-05-27 10:53:00,391.05,391.35,390.85,390.9,262
PRAJIND,2026-05-27 10:54:00,390.9,390.9,390.7,390.7,539
PRAJIND,2026-05-27 10:55:00,390.7,391.15,390.7,391.15,160
PRAJIND,2026-05-27 10:56:00,391.15,391.35,391.1,391.1,210
PRAJIND,2026-05-27 10:57:00,391.1,391.35,391.1,391.35,17
PRAJIND,2026-05-27 10:58:00,391.35,391.35,391.1,391.1,13
PRAJIND,2026-05-27 10:59:00,391.1,391.35,391.1,391.35,1
PRAJIND,2026-05-27 11:00:00,391.35,391.35,391.15,391.15,15
PRAJIND,2026-05-27 11:01:00,391.15,391.35,391.0,391.0,102
PRAJIND,2026-05-27 11:02:00,391.0,391.15,390.65,390.65,1213
PRAJIND,2026-05-27 11:03:00,390.65,390.65,390.2,390.4,602
PRAJIND,2026-05-27 11:04:00,390.15,390.3,390.15,390.2,366
PRAJIND,2026-05-27 11:05:00,390.35,390.4,390.2,390.2,250
PRAJIND,2026-05-27 11:06:00,390.2,390.9,390.2,390.9,708
PRAJIND,2026-05-27 11:07:00,390.9,390.9,390.35,390.55,25
PRAJIND,2026-05-27 11:08:00,390.55,390.55,390.3,390.5,97
PRAJIND,2026-05-27 11:09:00,390.5,390.7,390.5,390.5,205
PRAJIND,2026-05-27 11:10:00,390.5,390.8,390.5,390.8,209
PRAJIND,2026-05-27 11:11:00,390.8,390.8,390.5,390.55,160
PRAJIND,2026-05-27 11:12:00,390.55,390.55,390.15,390.15,886
PRAJIND,2026-05-27 11:13:00,390.15,390.35,390.1,390.3,710
PRAJIND,2026-05-27 11:14:00,390.3,390.35,390.1,390.1,571
PRAJIND,2026-05-27 11:15:00,390.15,390.35,390.1,390.25,1186
PRAJIND,2026-05-27 11:16:00,390.25,390.25,389.95,390.05,2160
PRAJIND,2026-05-27 11:17:00,390.05,390.05,389.8,389.8,384
PRAJIND,2026-05-27 11:18:00,389.8,390.15,389.8,390.15,586
PRAJIND,2026-05-27 11:19:00,390.0,390.0,389.8,389.8,39
PRAJIND,2026-05-27 11:20:00,390.0,390.0,389.85,390.0,335
PRAJIND,2026-05-27 11:21:00,390.0,390.15,389.9,390.15,162
PRAJIND,2026-05-27 11:22:00,390.15,390.15,389.8,389.8,473
PRAJIND,2026-05-27 11:23:00,389.8,389.95,389.8,389.95,12
PRAJIND,2026-05-27 11:24:00,389.95,390.15,389.8,390.0,720
PRAJIND,2026-05-27 11:25:00,390.0,390.1,389.7,389.9,2533
PRAJIND,2026-05-27 11:26:00,389.9,389.9,389.1,389.15,2133
PRAJIND,2026-05-27 11:27:00,389.15,389.35,389.1,389.1,500
PRAJIND,2026-05-27 11:28:00,389.1,389.15,389.0,389.0,1000
PRAJIND,2026-05-27 11:29:00,389.0,389.05,388.55,389.0,1171
PRAJIND,2026-05-27 11:30:00,388.8,389.0,388.8,389.0,27
PRAJIND,2026-05-27 11:31:00,389.0,389.0,389.0,389.0,418
PRAJIND,2026-05-27 11:32:00,389.0,389.0,388.8,389.0,309
PRAJIND,2026-05-27 11:33:00,389.0,389.0,388.8,389.0,885
PRAJIND,2026-05-27 11:34:00,389.0,389.0,388.8,389.0,184
PRAJIND,2026-05-27 11:35:00,389.0,389.0,388.8,388.95,44
PRAJIND,2026-05-27 11:36:00,388.95,389.0,388.8,388.8,688
PRAJIND,2026-05-27 11:37:00,388.8,388.9,388.8,388.9,1568
PRAJIND,2026-05-27 11:38:00,388.9,388.9,388.8,388.9,368
PRAJIND,2026-05-27 11:39:00,388.9,388.9,388.3,388.65,1119
PRAJIND,2026-05-27 11:40:00,388.65,388.7,388.45,388.7,183
PRAJIND,2026-05-27 11:41:00,388.9,388.9,388.5,388.75,679
PRAJIND,2026-05-27 11:42:00,388.75,389.0,388.55,388.55,1519
PRAJIND,2026-05-27 11:43:00,388.55,388.95,388.55,388.6,379
PRAJIND,2026-05-27 11:44:00,388.6,388.85,388.55,388.8,2518
PRAJIND,2026-05-27 11:45:00,388.8,388.9,388.65,388.7,301
PRAJIND,2026-05-27 11:46:00,388.7,388.7,388.4,388.65,1332
PRAJIND,2026-05-27 11:47:00,388.65,388.65,388.5,388.5,28
PRAJIND,2026-05-27 11:48:00,388.5,388.65,388.5,388.65,56
PRAJIND,2026-05-27 11:49:00,388.65,388.8,388.65,388.8,37
PRAJIND,2026-05-27 11:50:00,388.55,388.7,388.5,388.65,737
PRAJIND,2026-05-27 11:51:00,388.65,388.7,388.2,388.2,269
PRAJIND,2026-05-27 11:52:00,388.2,388.45,388.2,388.2,172
PRAJIND,2026-05-27 11:53:00,388.2,388.2,387.4,387.4,3578
PRAJIND,2026-05-27 11:54:00,387.75,387.8,387.3,387.45,2959
PRAJIND,2026-05-27 11:55:00,387.45,387.5,387.45,387.5,180
PRAJIND,2026-05-27 11:56:00,387.5,387.85,387.5,387.5,1210
PRAJIND,2026-05-27 11:57:00,387.5,387.95,387.5,387.7,1285
PRAJIND,2026-05-27 11:58:00,387.7,387.7,387.0,387.0,12204
PRAJIND,2026-05-27 11:59:00,387.0,387.0,386.5,386.55,1079
PRAJIND,2026-05-27 12:00:00,386.55,387.05,386.55,386.75,1086
PRAJIND,2026-05-27 12:01:00,386.75,387.0,386.7,386.85,168
PRAJIND,2026-05-27 12:02:00,386.85,387.0,386.75,386.85,158
PRAJIND,2026-05-27 12:03:00,386.85,387.1,386.75,386.85,248
PRAJIND,2026-05-27 12:04:00,386.85,386.85,386.55,386.55,898
PRAJIND,2026-05-27 12:05:00,386.55,386.55,385.3,385.4,4516
PRAJIND,2026-05-27 12:06:00,385.4,386.0,385.4,385.8,832
PRAJIND,2026-05-27 12:07:00,385.8,386.2,385.8,386.05,226
PRAJIND,2026-05-27 12:08:00,386.05,386.35,386.0,386.05,702
PRAJIND,2026-05-27 12:09:00,386.2,386.5,386.0,386.2,580
PRAJIND,2026-05-27 12:10:00,386.2,386.6,386.2,386.2,873
PRAJIND,2026-05-27 12:11:00,386.2,386.5,386.2,386.35,153
PRAJIND,2026-05-27 12:12:00,386.35,386.4,386.1,386.1,1124
PRAJIND,2026-05-27 12:13:00,386.1,386.35,386.05,386.2,169
PRAJIND,2026-05-27 12:14:00,386.2,386.4,386.1,386.4,513
PRAJIND,2026-05-27 12:15:00,386.4,386.4,386.1,386.4,301
PRAJIND,2026-05-27 12:16:00,386.4,386.6,386.4,386.6,94
PRAJIND,2026-05-27 12:17:00,386.55,386.6,386.15,386.15,716
PRAJIND,2026-05-27 12:18:00,386.15,386.45,386.15,386.2,43
PRAJIND,2026-05-27 12:19:00,386.6,386.6,386.5,386.5,197
PRAJIND,2026-05-27 12:20:00,386.5,386.55,386.25,386.25,621
PRAJIND,2026-05-27 12:21:00,386.5,386.5,386.25,386.25,97
PRAJIND,2026-05-27 12:22:00,386.25,386.8,386.25,386.8,195
PRAJIND,2026-05-27 12:23:00,386.8,386.95,386.65,386.9,802
PRAJIND,2026-05-27 12:24:00,387.0,387.0,386.65,386.65,3208
PRAJIND,2026-05-27 12:25:00,386.65,387.0,386.65,386.65,477
PRAJIND,2026-05-27 12:26:00,386.65,386.95,386.65,386.7,442
PRAJIND,2026-05-27 12:27:00,386.85,387.0,386.65,386.65,1220
PRAJIND,2026-05-27 12:28:00,386.65,386.9,386.65,386.65,77
PRAJIND,2026-05-27 12:29:00,386.65,386.65,386.05,386.15,2906
PRAJIND,2026-05-27 12:30:00,386.35,386.35,386.0,386.0,2000
PRAJIND,2026-05-27 12:31:00,386.25,386.4,386.0,386.05,540
PRAJIND,2026-05-27 12:32:00,386.3,386.35,386.3,386.35,164
PRAJIND,2026-05-27 12:33:00,386.35,386.45,386.2,386.45,66
PRAJIND,2026-05-27 12:34:00,386.45,386.5,386.15,386.15,267
PRAJIND,2026-05-27 12:35:00,386.4,386.5,386.2,386.2,47
PRAJIND,2026-05-27 12:36:00,386.2,386.45,386.15,386.15,804
PRAJIND,2026-05-27 12:37:00,386.15,386.65,386.15,386.45,296
PRAJIND,2026-05-27 12:38:00,386.45,386.65,386.45,386.65,102
PRAJIND,2026-05-27 12:39:00,386.5,386.8,386.5,386.75,194
PRAJIND,2026-05-27 12:40:00,386.75,386.75,386.15,386.15,1283
PRAJIND,2026-05-27 12:41:00,386.15,386.7,386.15,386.25,932
PRAJIND,2026-05-27 12:42:00,386.25,386.25,383.75,384.25,14065
PRAJIND,2026-05-27 12:43:00,384.25,384.55,384.2,384.45,1039
PRAJIND,2026-05-27 12:44:00,384.3,384.55,384.3,384.35,1591
PRAJIND,2026-05-27 12:45:00,384.35,384.55,384.35,384.55,584
PRAJIND,2026-05-27 12:46:00,384.55,384.65,384.5,384.6,612
PRAJIND,2026-05-27 12:47:00,384.6,384.6,384.4,384.55,170
PRAJIND,2026-05-27 12:48:00,384.55,384.55,384.2,384.2,363
PRAJIND,2026-05-27 12:49:00,384.2,384.35,384.05,384.35,789
PRAJIND,2026-05-27 12:50:00,384.45,384.5,384.3,384.5,133
PRAJIND,2026-05-27 12:51:00,384.45,384.55,384.45,384.5,982
PRAJIND,2026-05-27 12:52:00,385.1,385.1,384.5,384.7,5002
PRAJIND,2026-05-27 12:53:00,384.55,384.85,384.5,384.75,1774
PRAJIND,2026-05-27 12:54:00,384.5,385.0,384.5,384.65,1180
PRAJIND,2026-05-27 12:55:00,384.65,385.0,384.65,384.85,939
PRAJIND,2026-05-27 12:56:00,384.85,384.85,384.5,384.65,6199
PRAJIND,2026-05-27 12:57:00,384.65,385.0,384.65,385.0,295
PRAJIND,2026-05-27 12:58:00,385.0,385.0,384.55,384.8,955
PRAJIND,2026-05-27 12:59:00,384.8,384.85,384.5,384.6,567
PRAJIND,2026-05-27 13:00:00,384.8,384.8,384.5,384.5,343
PRAJIND,2026-05-27 13:01:00,384.5,384.55,384.35,384.55,738
PRAJIND,2026-05-27 13:02:00,384.55,384.8,384.4,384.6,1009
PRAJIND,2026-05-27 13:03:00,384.6,384.8,384.6,384.6,109
PRAJIND,2026-05-27 13:04:00,384.6,384.8,384.6,384.6,204
PRAJIND,2026-05-27 13:05:00,384.6,385.0,384.55,384.85,2149
PRAJIND,2026-05-27 13:06:00,384.85,384.85,384.55,384.8,129
PRAJIND,2026-05-27 13:07:00,384.8,384.8,384.2,384.2,1995
PRAJIND,2026-05-27 13:08:00,384.2,384.5,384.2,384.2,321
PRAJIND,2026-05-27 13:09:00,384.5,384.5,384.2,384.45,169
PRAJIND,2026-05-27 13:10:00,384.25,384.35,384.05,384.35,3314
PRAJIND,2026-05-27 13:11:00,384.55,384.75,384.3,384.75,3945
PRAJIND,2026-05-27 13:12:00,384.75,384.75,384.55,384.55,176
PRAJIND,2026-05-27 13:13:00,384.55,384.75,384.55,384.75,175
PRAJIND,2026-05-27 13:14:00,384.75,384.75,384.4,384.4,1373
PRAJIND,2026-05-27 13:15:00,384.4,384.6,384.3,384.3,1180
PRAJIND,2026-05-27 13:16:00,384.3,384.3,384.1,384.1,527
PRAJIND,2026-05-27 13:17:00,384.1,384.45,384.1,384.15,118
PRAJIND,2026-05-27 13:18:00,384.15,384.45,384.15,384.45,298
PRAJIND,2026-05-27 13:19:00,384.45,384.55,384.2,384.2,254
PRAJIND,2026-05-27 13:20:00,384.2,384.6,384.2,384.6,358
PRAJIND,2026-05-27 13:21:00,384.6,384.7,384.35,384.35,445
PRAJIND,2026-05-27 13:22:00,384.3,384.55,384.25,384.55,494
PRAJIND,2026-05-27 13:23:00,384.55,384.55,384.4,384.4,329
PRAJIND,2026-05-27 13:24:00,384.4,384.6,384.35,384.35,125
PRAJIND,2026-05-27 13:25:00,384.35,384.6,384.35,384.6,29
PRAJIND,2026-05-27 13:26:00,384.35,384.65,384.35,384.35,544
PRAJIND,2026-05-27 13:27:00,384.35,384.65,384.35,384.6,590
PRAJIND,2026-05-27 13:28:00,384.6,384.6,383.3,383.85,6204
PRAJIND,2026-05-27 13:29:00,383.85,384.25,382.3,382.85,14262
PRAJIND,2026-05-27 13:30:00,382.85,382.85,380.9,381.2,20479
PRAJIND,2026-05-27 13:31:00,381.2,381.95,381.0,381.5,8857
PRAJIND,2026-05-27 13:32:00,381.7,381.85,381.55,381.7,1460
PRAJIND,2026-05-27 13:33:00,381.6,382.95,380.55,382.95,10580
PRAJIND,2026-05-27 13:34:00,382.65,383.45,381.0,381.2,10947
PRAJIND,2026-05-27 13:35:00,381.2,381.7,381.2,381.2,986
PRAJIND,2026-05-27 13:36:00,381.2,381.95,381.2,381.65,2654
PRAJIND,2026-05-27 13:37:00,381.65,381.75,381.2,381.55,7836
PRAJIND,2026-05-27 13:38:00,381.55,382.5,381.55,382.5,2532
PRAJIND,2026-05-27 13:39:00,382.5,382.55,382.0,382.55,3635
PRAJIND,2026-05-27 13:40:00,382.25,382.65,382.25,382.5,1348
PRAJIND,2026-05-27 13:41:00,382.5,383.2,382.5,383.2,2384
PRAJIND,2026-05-27 13:42:00,383.2,383.2,382.95,383.0,1462
PRAJIND,2026-05-27 13:43:00,383.0,383.3,383.0,383.3,683
PRAJIND,2026-05-27 13:44:00,383.3,383.45,383.3,383.45,122
PRAJIND,2026-05-27 13:45:00,383.7,383.7,383.25,383.25,979
PRAJIND,2026-05-27 13:46:00,383.25,383.55,383.25,383.5,288
PRAJIND,2026-05-27 13:47:00,383.5,383.5,383.25,383.25,436
PRAJIND,2026-05-27 13:48:00,383.25,383.55,383.25,383.4,639
PRAJIND,2026-05-27 13:49:00,383.55,383.7,383.25,383.7,801
PRAJIND,2026-05-27 13:50:00,383.7,383.7,383.35,383.35,465
PRAJIND,2026-05-27 13:51:00,383.35,383.4,383.1,383.15,891
PRAJIND,2026-05-27 13:52:00,383.1,383.45,383.05,383.35,3488
PRAJIND,2026-05-27 13:53:00,383.35,383.4,383.35,383.35,86
PRAJIND,2026-05-27 13:54:00,383.4,383.65,383.4,383.4,594
PRAJIND,2026-05-27 13:55:00,383.4,383.8,383.4,383.4,1329
PRAJIND,2026-05-27 13:56:00,383.4,383.8,383.3,383.65,1291
PRAJIND,2026-05-27 13:57:00,383.65,383.7,383.4,383.7,132
PRAJIND,2026-05-27 13:58:00,383.7,383.7,383.3,383.4,932
PRAJIND,2026-05-27 13:59:00,383.4,383.65,383.4,383.6,70
PRAJIND,2026-05-27 14:00:00,383.6,383.7,383.35,383.35,510
PRAJIND,2026-05-27 14:01:00,383.6,383.8,383.6,383.8,69
PRAJIND,2026-05-27 14:02:00,383.7,383.75,383.4,383.7,751
PRAJIND,2026-05-27 14:03:00,383.7,383.9,383.6,383.8,2849
PRAJIND,2026-05-27 14:04:00,383.8,383.8,383.55,383.55,813
PRAJIND,2026-05-27 14:05:00,383.75,383.9,383.6,383.7,762
PRAJIND,2026-05-27 14:06:00,383.6,383.7,383.4,383.45,511
PRAJIND,2026-05-27 14:07:00,383.45,383.85,383.45,383.85,346
PRAJIND,2026-05-27 14:08:00,383.85,383.95,383.85,383.95,79
PRAJIND,2026-05-27 14:09:00,383.95,384.15,383.7,383.7,311
PRAJIND,2026-05-27 14:10:00,383.7,383.85,383.65,383.65,463
PRAJIND,2026-05-27 14:11:00,383.65,383.65,383.4,383.55,348
PRAJIND,2026-05-27 14:12:00,383.55,383.55,383.35,383.35,92
PRAJIND,2026-05-27 14:13:00,383.35,383.55,383.35,383.55,24
PRAJIND,2026-05-27 14:14:00,383.55,383.6,383.3,383.55,1358
PRAJIND,2026-05-27 14:15:00,383.55,383.65,383.55,383.55,226
PRAJIND,2026-05-27 14:16:00,383.55,383.55,383.4,383.55,524
PRAJIND,2026-05-27 14:17:00,383.55,383.75,383.5,383.75,300
PRAJIND,2026-05-27 14:18:00,383.75,383.85,383.45,383.85,664
PRAJIND,2026-05-27 14:19:00,383.85,383.85,383.65,383.85,203
PRAJIND,2026-05-27 14:20:00,383.85,383.85,383.55,383.75,593
PRAJIND,2026-05-27 14:21:00,383.75,383.8,383.75,383.75,131
PRAJIND,2026-05-27 14:22:00,383.75,383.8,383.6,383.75,713
PRAJIND,2026-05-27 14:23:00,383.7,384.0,383.7,384.0,446
PRAJIND,2026-05-27 14:24:00,384.0,384.0,383.75,383.75,616
PRAJIND,2026-05-27 14:25:00,383.75,384.25,383.75,384.25,1166
PRAJIND,2026-05-27 14:26:00,384.25,384.25,383.85,384.2,582
PRAJIND,2026-05-27 14:27:00,383.6,384.2,383.6,384.2,1878
PRAJIND,2026-05-27 14:28:00,384.2,384.25,384.0,384.25,355
PRAJIND,2026-05-27 14:29:00,384.25,384.25,384.15,384.2,304
PRAJIND,2026-05-27 14:30:00,384.2,384.2,383.2,383.75,2494
PRAJIND,2026-05-27 14:31:00,383.75,383.75,383.75,383.75,205
PRAJIND,2026-05-27 14:32:00,383.75,383.9,383.75,383.75,109
PRAJIND,2026-05-27 14:33:00,383.85,383.85,383.7,383.7,1173
PRAJIND,2026-05-27 14:34:00,383.7,383.7,383.35,383.35,1248
PRAJIND,2026-05-27 14:35:00,383.15,383.35,383.15,383.25,412
PRAJIND,2026-05-27 14:36:00,383.25,383.3,383.05,383.1,396
PRAJIND,2026-05-27 14:37:00,383.1,383.5,383.0,383.25,5444
PRAJIND,2026-05-27 14:38:00,383.25,383.45,383.05,383.4,2111
PRAJIND,2026-05-27 14:39:00,383.35,383.45,383.2,383.45,818
PRAJIND,2026-05-27 14:40:00,383.1,383.45,383.1,383.45,478
PRAJIND,2026-05-27 14:41:00,382.95,383.7,382.95,383.55,4723
PRAJIND,2026-05-27 14:42:00,383.55,383.75,383.55,383.75,154
PRAJIND,2026-05-27 14:43:00,383.75,383.85,383.55,383.85,607
PRAJIND,2026-05-27 14:44:00,383.85,384.15,383.65,384.15,621
PRAJIND,2026-05-27 14:45:00,384.15,384.25,384.1,384.25,181
PRAJIND,2026-05-27 14:46:00,384.25,384.3,384.05,384.05,699
PRAJIND,2026-05-27 14:47:00,384.05,384.2,383.7,383.85,1241
PRAJIND,2026-05-27 14:48:00,383.85,384.15,383.8,383.8,207
PRAJIND,2026-05-27 14:49:00,383.85,384.1,383.8,384.05,575
PRAJIND,2026-05-27 14:50:00,384.05,384.15,384.05,384.1,53
PRAJIND,2026-05-27 14:51:00,384.1,384.1,384.1,384.1,26
PRAJIND,2026-05-27 14:52:00,384.1,384.1,383.85,383.9,855
PRAJIND,2026-05-27 14:53:00,383.8,383.95,383.7,383.7,1140
PRAJIND,2026-05-27 14:54:00,383.7,383.9,383.55,383.9,1552
PRAJIND,2026-05-27 14:55:00,383.65,383.9,383.6,383.7,1153
PRAJIND,2026-05-27 14:56:00,383.7,383.85,383.45,383.8,1228
PRAJIND,2026-05-27 14:57:00,383.8,383.8,383.5,383.7,355
PRAJIND,2026-05-27 14:58:00,383.7,383.85,383.7,383.7,1318
PRAJIND,2026-05-27 14:59:00,383.7,383.95,383.7,383.7,702
PRAJIND,2026-05-27 15:00:00,383.7,383.95,383.65,383.7,3250
PRAJIND,2026-05-27 15:01:00,383.7,384.0,383.65,383.85,1260
PRAJIND,2026-05-27 15:02:00,383.85,383.85,383.65,383.7,376
PRAJIND,2026-05-27 15:03:00,383.65,383.7,383.55,383.65,371
PRAJIND,2026-05-27 15:04:00,383.65,383.7,383.65,383.7,441
PRAJIND,2026-05-27 15:05:00,383.7,384.4,383.7,384.4,6502
PRAJIND,2026-05-27 15:06:00,383.7,384.15,383.65,383.65,1520
PRAJIND,2026-05-27 15:07:00,384.75,384.75,384.2,384.2,8240
PRAJIND,2026-05-27 15:08:00,384.25,384.45,384.25,384.45,953
PRAJIND,2026-05-27 15:09:00,384.45,384.6,384.4,384.6,64
PRAJIND,2026-05-27 15:10:00,384.6,384.6,384.25,384.3,1955
PRAJIND,2026-05-27 15:11:00,384.25,384.25,383.5,383.5,3089
PRAJIND,2026-05-27 15:12:00,383.7,383.95,383.55,383.8,3918
PRAJIND,2026-05-27 15:13:00,383.8,384.0,383.8,384.0,3614
PRAJIND,2026-05-27 15:14:00,384.0,384.0,383.8,384.0,1636
PRAJIND,2026-05-27 15:15:00,383.95,384.7,383.9,384.7,7882
PRAJIND,2026-05-27 15:16:00,384.45,384.5,384.1,384.1,4957
PRAJIND,2026-05-27 15:17:00,384.25,384.25,384.15,384.2,1017
PRAJIND,2026-05-27 15:18:00,384.2,384.75,384.15,384.65,2001
PRAJIND,2026-05-27 15:19:00,384.25,384.5,383.95,384.5,8077
PRAJIND,2026-05-27 15:20:00,383.95,384.15,383.55,383.7,10046
PRAJIND,2026-05-27 15:21:00,383.8,384.1,383.3,384.05,10510
PRAJIND,2026-05-27 15:22:00,383.9,384.2,383.65,384.0,2968
PRAJIND,2026-05-27 15:23:00,384.0,384.0,383.35,383.9,2423
PRAJIND,2026-05-27 15:24:00,383.9,383.9,383.3,383.5,5700
PRAJIND,2026-05-27 15:25:00,383.3,383.9,383.05,383.75,3472
PRAJIND,2026-05-27 15:26:00,383.85,383.9,383.85,383.9,2990
PRAJIND,2026-05-27 15:27:00,383.85,383.9,383.3,383.3,2058
PRAJIND,2026-05-27 15:28:00,383.4,383.85,383.0,383.75,3849
PRAJIND,2026-05-27 15:29:00,383.4,384.0,383.1,384.0,12343
PRAJIND,2026-05-29 09:15:00,359.0,370.0,352.0,368.4,121131
PRAJIND,2026-05-29 09:16:00,368.95,371.8,367.75,370.7,66254
PRAJIND,2026-05-29 09:17:00,370.35,371.4,368.95,368.95,24433
PRAJIND,2026-05-29 09:18:00,368.55,368.55,367.1,367.9,44618
PRAJIND,2026-05-29 09:19:00,367.85,369.45,367.85,369.15,16499
PRAJIND,2026-05-29 09:20:00,369.1,369.85,368.2,368.2,27148
PRAJIND,2026-05-29 09:21:00,368.6,369.95,368.55,369.75,11330
PRAJIND,2026-05-29 09:22:00,369.55,369.55,367.15,367.25,21055
PRAJIND,2026-05-29 09:23:00,367.15,371.45,366.45,370.7,51690
PRAJIND,2026-05-29 09:24:00,370.7,372.75,370.35,372.5,15308
PRAJIND,2026-05-29 09:25:00,372.5,374.85,372.1,373.75,29983
PRAJIND,2026-05-29 09:26:00,373.55,374.5,373.5,374.0,15092
PRAJIND,2026-05-29 09:27:00,374.15,374.15,373.15,373.15,11843
PRAJIND,2026-05-29 09:28:00,373.1,373.75,371.0,371.0,18805
PRAJIND,2026-05-29 09:29:00,370.75,371.25,369.1,369.1,30086
PRAJIND,2026-05-29 09:30:00,369.05,369.05,367.45,367.5,12563
PRAJIND,2026-05-29 09:31:00,367.95,367.95,365.75,366.0,34838
PRAJIND,2026-05-29 09:32:00,366.0,366.1,365.1,366.0,13725
PRAJIND,2026-05-29 09:33:00,366.5,368.05,366.5,367.65,37194
PRAJIND,2026-05-29 09:34:00,367.7,368.1,367.2,367.45,9444
PRAJIND,2026-05-29 09:35:00,367.55,368.2,367.55,368.0,6576
PRAJIND,2026-05-29 09:36:00,368.0,368.4,367.0,367.0,8343
PRAJIND,2026-05-29 09:37:00,366.75,368.6,366.75,368.4,8367
PRAJIND,2026-05-29 09:38:00,368.25,369.45,368.25,369.0,9984
PRAJIND,2026-05-29 09:39:00,368.9,369.1,368.7,369.1,5348
PRAJIND,2026-05-29 09:40:00,369.1,369.1,368.15,368.25,13946
PRAJIND,2026-05-29 09:41:00,368.25,368.95,368.1,368.45,4994
PRAJIND,2026-05-29 09:42:00,368.1,368.1,367.2,367.2,7401
PRAJIND,2026-05-29 09:43:00,367.6,367.95,367.4,367.6,1083
PRAJIND,2026-05-29 09:44:00,367.6,367.65,367.0,367.0,10338
PRAJIND,2026-05-29 09:45:00,366.85,368.1,366.7,367.8,3183
PRAJIND,2026-05-29 09:46:00,367.95,367.95,367.25,367.65,23309
PRAJIND,2026-05-29 09:47:00,367.7,367.9,366.9,367.3,30356
PRAJIND,2026-05-29 09:48:00,367.3,367.8,366.75,367.8,2807
PRAJIND,2026-05-29 09:49:00,367.25,367.25,367.0,367.0,2264
PRAJIND,2026-05-29 09:50:00,366.95,367.0,366.7,367.0,1905
PRAJIND,2026-05-29 09:51:00,367.15,368.0,367.05,368.0,3634
PRAJIND,2026-05-29 09:52:00,367.95,367.95,367.4,367.4,1280
PRAJIND,2026-05-29 09:53:00,367.4,368.05,367.4,368.05,3112
PRAJIND,2026-05-29 09:54:00,368.0,368.05,366.3,366.55,10807
PRAJIND,2026-05-29 09:55:00,366.55,366.55,366.05,366.25,3314
PRAJIND,2026-05-29 09:56:00,366.15,366.55,366.1,366.15,3359
PRAJIND,2026-05-29 09:57:00,366.15,366.4,365.95,365.95,5210
PRAJIND,2026-05-29 09:58:00,366.1,366.6,365.95,366.6,4702
PRAJIND,2026-05-29 09:59:00,366.85,366.9,366.55,366.8,3054
PRAJIND,2026-05-29 10:00:00,366.75,367.2,366.6,366.85,5829
PRAJIND,2026-05-29 10:01:00,366.8,366.95,366.35,366.35,2228
PRAJIND,2026-05-29 10:02:00,366.35,366.55,366.2,366.25,2006
PRAJIND,2026-05-29 10:03:00,366.2,366.8,366.2,366.8,2118
PRAJIND,2026-05-29 10:04:00,366.75,367.4,366.5,367.25,4310
PRAJIND,2026-05-29 10:05:00,367.25,367.6,367.1,367.25,1757
PRAJIND,2026-05-29 10:06:00,367.05,367.65,367.05,367.45,3277
PRAJIND,2026-05-29 10:07:00,367.45,367.65,367.2,367.5,7496
PRAJIND,2026-05-29 10:08:00,367.2,367.45,367.15,367.35,7853
PRAJIND,2026-05-29 10:09:00,367.15,367.2,366.8,366.95,3669
PRAJIND,2026-05-29 10:10:00,367.1,367.15,366.85,367.05,1768
PRAJIND,2026-05-29 10:11:00,367.05,367.35,366.8,367.05,7141
PRAJIND,2026-05-29 10:12:00,367.05,367.35,367.05,367.2,1499
PRAJIND,2026-05-29 10:13:00,367.4,367.4,365.5,365.65,34166
PRAJIND,2026-05-29 10:14:00,365.5,365.55,364.85,365.0,20784
PRAJIND,2026-05-29 10:15:00,365.05,365.05,363.6,364.3,20985
PRAJIND,2026-05-29 10:16:00,364.15,364.3,363.35,363.35,13895
PRAJIND,2026-05-29 10:17:00,363.65,364.1,363.3,363.65,4626
PRAJIND,2026-05-29 10:18:00,363.85,363.9,363.55,363.8,5279
PRAJIND,2026-05-29 10:19:00,364.0,364.0,363.5,364.0,6513
PRAJIND,2026-05-29 10:20:00,363.9,365.0,363.9,364.7,8440
PRAJIND,2026-05-29 10:21:00,364.85,365.2,364.7,365.1,3873
PRAJIND,2026-05-29 10:22:00,365.1,365.1,364.15,364.2,24283
PRAJIND,2026-05-29 10:23:00,364.2,364.6,364.15,364.6,2031
PRAJIND,2026-05-29 10:24:00,364.65,364.75,362.4,362.4,34329
PRAJIND,2026-05-29 10:25:00,362.4,362.8,361.7,362.5,36337
PRAJIND,2026-05-29 10:26:00,362.5,363.7,362.5,363.15,9448
PRAJIND,2026-05-29 10:27:00,363.15,363.5,362.9,362.95,5213
PRAJIND,2026-05-29 10:28:00,362.9,363.2,362.7,363.2,2365
PRAJIND,2026-05-29 10:29:00,363.2,363.2,362.9,363.0,4307
PRAJIND,2026-05-29 10:30:00,363.0,363.2,362.8,363.0,3123
PRAJIND,2026-05-29 10:31:00,363.0,363.25,362.9,363.0,1133
PRAJIND,2026-05-29 10:32:00,363.0,363.15,362.05,362.35,2627
PRAJIND,2026-05-29 10:33:00,362.45,362.45,362.15,362.35,1192
PRAJIND,2026-05-29 10:34:00,362.3,362.95,362.3,362.55,4522
PRAJIND,2026-05-29 10:35:00,362.75,362.95,362.6,362.75,2099
PRAJIND,2026-05-29 10:36:00,362.9,363.15,362.7,362.95,4799
PRAJIND,2026-05-29 10:37:00,362.95,363.35,362.8,363.35,2136
PRAJIND,2026-05-29 10:38:00,363.35,363.45,363.2,363.45,2466
PRAJIND,2026-05-29 10:39:00,363.5,363.5,363.15,363.35,1455
PRAJIND,2026-05-29 10:40:00,363.35,363.35,362.7,362.9,4423
PRAJIND,2026-05-29 10:41:00,362.95,362.95,362.6,362.85,3918
PRAJIND,2026-05-29 10:42:00,362.6,363.15,362.6,363.0,1604
PRAJIND,2026-05-29 10:43:00,363.1,363.45,362.85,362.85,5537
PRAJIND,2026-05-29 10:44:00,362.55,363.0,362.55,362.85,1697
PRAJIND,2026-05-29 10:45:00,362.7,363.1,362.5,363.1,3916
PRAJIND,2026-05-29 10:46:00,363.1,363.1,362.35,362.35,1838
PRAJIND,2026-05-29 10:47:00,362.35,362.65,362.1,362.1,1522
PRAJIND,2026-05-29 10:48:00,362.15,362.5,362.15,362.5,1533
PRAJIND,2026-05-29 10:49:00,362.5,363.15,362.2,363.0,3280
PRAJIND,2026-05-29 10:50:00,363.0,363.0,362.65,362.85,2201
PRAJIND,2026-05-29 10:51:00,362.9,363.0,362.6,362.95,1502
PRAJIND,2026-05-29 10:52:00,362.85,362.9,362.6,362.8,1878
PRAJIND,2026-05-29 10:53:00,362.6,362.85,362.6,362.6,1377
PRAJIND,2026-05-29 10:54:00,362.45,362.45,361.85,362.15,19492
PRAJIND,2026-05-29 10:55:00,362.15,362.5,362.15,362.45,1634
PRAJIND,2026-05-29 10:56:00,362.45,362.8,362.25,362.75,1423
PRAJIND,2026-05-29 10:57:00,362.8,363.0,362.8,363.0,382
PRAJIND,2026-05-29 10:58:00,363.0,363.3,362.85,363.3,5095
PRAJIND,2026-05-29 10:59:00,363.3,363.3,363.0,363.15,1402
PRAJIND,2026-05-29 11:00:00,363.15,363.4,363.05,363.15,2240
PRAJIND,2026-05-29 11:01:00,363.15,363.35,362.65,363.35,8775
PRAJIND,2026-05-29 11:02:00,363.35,363.45,363.2,363.45,1760
PRAJIND,2026-05-29 11:03:00,363.15,363.45,363.05,363.45,3506
PRAJIND,2026-05-29 11:04:00,363.45,363.6,363.1,363.6,2399
PRAJIND,2026-05-29 11:05:00,363.6,363.6,363.2,363.45,5379
PRAJIND,2026-05-29 11:06:00,363.45,363.6,363.25,363.55,3038
PRAJIND,2026-05-29 11:07:00,363.55,363.75,363.3,363.6,1212
PRAJIND,2026-05-29 11:08:00,363.5,363.75,363.3,363.65,1315
PRAJIND,2026-05-29 11:09:00,363.6,363.6,363.3,363.3,1018
PRAJIND,2026-05-29 11:10:00,363.2,363.5,363.2,363.4,2324
PRAJIND,2026-05-29 11:11:00,363.2,363.85,363.1,363.85,12489
PRAJIND,2026-05-29 11:12:00,363.85,363.85,363.35,363.45,1100
PRAJIND,2026-05-29 11:13:00,363.45,363.6,363.15,363.35,765
PRAJIND,2026-05-29 11:14:00,363.35,363.4,363.2,363.4,903
PRAJIND,2026-05-29 11:15:00,363.4,363.75,363.2,363.5,1521
PRAJIND,2026-05-29 11:16:00,363.5,363.75,363.5,363.75,1399
PRAJIND,2026-05-29 11:17:00,363.75,364.2,363.55,364.2,5072
PRAJIND,2026-05-29 11:18:00,364.05,364.2,363.95,364.0,4847
PRAJIND,2026-05-29 11:19:00,364.0,364.05,363.75,363.9,1048
PRAJIND,2026-05-29 11:20:00,363.75,364.0,363.75,363.95,3030
PRAJIND,2026-05-29 11:21:00,363.95,363.95,363.6,363.75,1074
PRAJIND,2026-05-29 11:22:00,363.8,364.45,363.75,364.35,6141
PRAJIND,2026-05-29 11:23:00,364.65,365.3,364.65,365.15,5665
PRAJIND,2026-05-29 11:24:00,365.15,365.25,364.95,365.15,3864
PRAJIND,2026-05-29 11:25:00,364.85,365.1,364.65,364.75,2740
PRAJIND,2026-05-29 11:26:00,364.75,364.9,364.2,364.2,2820
PRAJIND,2026-05-29 11:27:00,364.2,364.7,364.05,364.25,2774
PRAJIND,2026-05-29 11:28:00,364.25,364.25,364.05,364.25,957
PRAJIND,2026-05-29 11:29:00,364.05,364.25,363.85,363.9,2563
PRAJIND,2026-05-29 11:30:00,363.9,363.95,363.7,363.7,671
PRAJIND,2026-05-29 11:31:00,363.7,363.85,363.45,363.65,3955
PRAJIND,2026-05-29 11:32:00,363.5,363.9,363.5,363.9,982
PRAJIND,2026-05-29 11:33:00,363.65,363.95,363.65,363.85,949
PRAJIND,2026-05-29 11:34:00,363.65,363.85,363.25,363.7,3699
PRAJIND,2026-05-29 11:35:00,363.7,363.7,363.35,363.45,1160
PRAJIND,2026-05-29 11:36:00,363.45,363.55,363.25,363.5,2226
PRAJIND,2026-05-29 11:37:00,363.3,363.5,363.15,363.5,1407
PRAJIND,2026-05-29 11:38:00,363.5,363.5,363.2,363.5,487
PRAJIND,2026-05-29 11:39:00,363.5,363.5,363.15,363.45,338
PRAJIND,2026-05-29 11:40:00,363.5,363.85,363.45,363.85,1184
PRAJIND,2026-05-29 11:41:00,363.65,363.85,363.6,363.75,1139
PRAJIND,2026-05-29 11:42:00,363.75,363.75,363.3,363.3,379
PRAJIND,2026-05-29 11:43:00,363.3,363.55,363.1,363.3,1306
PRAJIND,2026-05-29 11:44:00,363.15,363.45,363.1,363.35,527
PRAJIND,2026-05-29 11:45:00,363.2,363.5,363.2,363.5,403
PRAJIND,2026-05-29 11:46:00,363.35,363.5,362.85,362.85,7601
PRAJIND,2026-05-29 11:47:00,362.85,363.3,362.85,363.25,1016
PRAJIND,2026-05-29 11:48:00,363.25,363.3,363.0,363.2,1870
PRAJIND,2026-05-29 11:49:00,363.0,363.3,363.0,363.3,1711
PRAJIND,2026-05-29 11:50:00,363.15,363.45,363.15,363.45,1663
PRAJIND,2026-05-29 11:51:00,363.4,363.8,363.4,363.8,985
PRAJIND,2026-05-29 11:52:00,363.8,363.8,363.5,363.7,657
PRAJIND,2026-05-29 11:53:00,363.5,364.0,363.5,363.85,5289
PRAJIND,2026-05-29 11:54:00,363.85,363.9,363.5,363.5,629
PRAJIND,2026-05-29 11:55:00,363.5,363.85,363.5,363.75,5021
PRAJIND,2026-05-29 11:56:00,363.6,363.85,363.6,363.8,623
PRAJIND,2026-05-29 11:57:00,363.6,363.8,363.55,363.8,426
PRAJIND,2026-05-29 11:58:00,363.85,363.95,363.8,363.95,2374
PRAJIND,2026-05-29 11:59:00,363.85,363.95,363.85,363.95,1623
PRAJIND,2026-05-29 12:00:00,363.85,363.95,363.2,363.4,9650
PRAJIND,2026-05-29 12:01:00,363.2,363.55,362.8,362.8,2859
PRAJIND,2026-05-29 12:02:00,362.8,363.05,362.1,362.25,5198
PRAJIND,2026-05-29 12:03:00,362.25,362.45,362.1,362.45,1449
PRAJIND,2026-05-29 12:04:00,362.45,362.7,362.15,362.7,1139
PRAJIND,2026-05-29 12:05:00,362.7,362.8,361.3,361.3,15992
PRAJIND,2026-05-29 12:06:00,361.65,362.5,361.15,362.1,10752
PRAJIND,2026-05-29 12:07:00,362.1,362.15,361.5,361.8,1072
PRAJIND,2026-05-29 12:08:00,361.65,361.85,361.5,361.55,2161
PRAJIND,2026-05-29 12:09:00,361.55,361.75,361.15,361.5,3210
PRAJIND,2026-05-29 12:10:00,361.15,361.4,360.55,360.85,17376
PRAJIND,2026-05-29 12:11:00,360.85,360.85,360.2,360.2,2359
PRAJIND,2026-05-29 12:12:00,360.6,360.6,360.15,360.25,2284
PRAJIND,2026-05-29 12:13:00,360.4,360.5,360.2,360.35,3690
PRAJIND,2026-05-29 12:14:00,360.35,360.75,360.35,360.75,2950
PRAJIND,2026-05-29 12:15:00,360.55,360.6,359.8,360.1,42400
PRAJIND,2026-05-29 12:16:00,360.1,360.25,359.8,360.0,5344
PRAJIND,2026-05-29 12:17:00,360.1,360.15,359.7,360.0,2873
PRAJIND,2026-05-29 12:18:00,360.0,360.0,359.35,359.4,7378
PRAJIND,2026-05-29 12:19:00,359.4,359.4,358.7,358.9,10162
PRAJIND,2026-05-29 12:20:00,358.7,359.05,358.35,358.35,10379
PRAJIND,2026-05-29 12:21:00,358.5,358.8,358.2,358.25,11486
PRAJIND,2026-05-29 12:22:00,358.25,358.5,358.1,358.3,10188
PRAJIND,2026-05-29 12:23:00,358.1,358.4,358.1,358.3,4534
PRAJIND,2026-05-29 12:24:00,358.15,358.35,357.8,357.8,11874
PRAJIND,2026-05-29 12:25:00,357.8,358.4,357.8,358.3,3613
PRAJIND,2026-05-29 12:26:00,358.3,358.65,358.1,358.35,6000
PRAJIND,2026-05-29 12:27:00,358.4,358.8,358.4,358.7,5840
PRAJIND,2026-05-29 12:28:00,358.7,358.8,358.45,358.75,1503
PRAJIND,2026-05-29 12:29:00,358.75,358.8,358.4,358.7,3372
PRAJIND,2026-05-29 12:30:00,358.7,358.75,358.3,358.55,2409
PRAJIND,2026-05-29 12:31:00,358.55,358.55,358.2,358.3,2195
PRAJIND,2026-05-29 12:32:00,358.3,360.1,358.05,359.75,24429
PRAJIND,2026-05-29 12:33:00,359.75,360.55,359.35,360.3,16072
PRAJIND,2026-05-29 12:34:00,360.5,360.5,359.75,359.85,23996
PRAJIND,2026-05-29 12:35:00,360.0,360.25,359.9,360.15,5224
PRAJIND,2026-05-29 12:36:00,360.2,360.25,359.85,360.1,3802
PRAJIND,2026-05-29 12:37:00,360.1,360.1,358.45,359.2,25017
PRAJIND,2026-05-29 12:38:00,359.2,359.2,358.5,358.8,2268
PRAJIND,2026-05-29 12:39:00,358.55,359.0,358.5,359.0,3529
PRAJIND,2026-05-29 12:40:00,359.0,359.2,358.8,359.15,2385
PRAJIND,2026-05-29 12:41:00,359.05,359.15,358.5,358.8,1958
PRAJIND,2026-05-29 12:42:00,358.8,358.95,358.5,358.8,3091
PRAJIND,2026-05-29 12:43:00,358.8,359.0,358.5,359.0,2997
PRAJIND,2026-05-29 12:44:00,358.75,359.4,358.75,359.1,5239
PRAJIND,2026-05-29 12:45:00,359.1,359.3,358.75,359.15,1586
PRAJIND,2026-05-29 12:46:00,359.15,359.15,358.6,358.8,1848
PRAJIND,2026-05-29 12:47:00,358.8,358.8,358.5,358.8,2806
PRAJIND,2026-05-29 12:48:00,358.8,358.9,358.5,358.85,1519
PRAJIND,2026-05-29 12:49:00,358.55,358.75,358.5,358.75,1199
PRAJIND,2026-05-29 12:50:00,358.75,358.75,358.3,358.3,5348
PRAJIND,2026-05-29 12:51:00,358.25,358.25,358.0,358.0,2180
PRAJIND,2026-05-29 12:52:00,358.25,358.4,358.0,358.4,3009
PRAJIND,2026-05-29 12:53:00,358.4,358.6,358.1,358.4,1356
PRAJIND,2026-05-29 12:54:00,358.35,358.45,358.3,358.4,2722
PRAJIND,2026-05-29 12:55:00,358.35,358.45,358.1,358.4,2221
PRAJIND,2026-05-29 12:56:00,358.4,358.4,358.0,358.2,3452
PRAJIND,2026-05-29 12:57:00,358.2,358.2,357.85,357.85,6157
PRAJIND,2026-05-29 12:58:00,357.95,358.05,357.65,357.7,1440
PRAJIND,2026-05-29 12:59:00,357.85,357.9,357.55,357.85,2257
PRAJIND,2026-05-29 13:00:00,357.7,357.85,357.5,357.85,2523
PRAJIND,2026-05-29 13:01:00,357.85,357.85,357.55,357.85,1916
PRAJIND,2026-05-29 13:02:00,357.85,357.85,357.5,357.75,1455
PRAJIND,2026-05-29 13:03:00,357.75,357.75,357.5,357.75,2292
PRAJIND,2026-05-29 13:04:00,357.75,357.75,357.3,357.4,3333
PRAJIND,2026-05-29 13:05:00,357.4,357.4,357.05,357.3,2219
PRAJIND,2026-05-29 13:06:00,357.3,357.4,357.0,357.05,5041
PRAJIND,2026-05-29 13:07:00,357.2,357.25,356.3,356.3,12006
PRAJIND,2026-05-29 13:08:00,356.3,356.55,356.05,356.15,9520
PRAJIND,2026-05-29 13:09:00,356.1,356.1,355.8,355.95,11682
PRAJIND,2026-05-29 13:10:00,355.85,355.85,355.35,355.75,12144
PRAJIND,2026-05-29 13:11:00,355.85,355.85,355.5,355.7,3630
PRAJIND,2026-05-29 13:12:00,355.5,355.75,355.5,355.7,14534
PRAJIND,2026-05-29 13:13:00,355.65,356.3,355.35,355.95,18756
PRAJIND,2026-05-29 13:14:00,356.0,356.15,355.7,355.8,3082
PRAJIND,2026-05-29 13:15:00,355.8,355.8,355.05,355.45,6095
PRAJIND,2026-05-29 13:16:00,355.2,356.1,355.2,356.1,4118
PRAJIND,2026-05-29 13:17:00,356.05,356.55,356.0,356.45,4035
PRAJIND,2026-05-29 13:18:00,356.45,356.6,356.3,356.6,1846
PRAJIND,2026-05-29 13:19:00,356.35,356.5,356.05,356.3,3837
PRAJIND,2026-05-29 13:20:00,356.05,356.45,356.05,356.3,2139
PRAJIND,2026-05-29 13:21:00,356.3,356.55,355.6,355.85,8134
PRAJIND,2026-05-29 13:22:00,355.85,356.0,355.7,355.95,2425
PRAJIND,2026-05-29 13:23:00,355.85,356.0,355.2,355.4,7976
PRAJIND,2026-05-29 13:24:00,355.5,355.8,355.2,355.8,2945
PRAJIND,2026-05-29 13:25:00,355.6,355.8,355.5,355.55,2378
PRAJIND,2026-05-29 13:26:00,355.5,355.8,355.4,355.4,2293
PRAJIND,2026-05-29 13:27:00,355.6,355.6,355.35,355.35,1850
PRAJIND,2026-05-29 13:28:00,355.5,355.7,355.5,355.7,1743
PRAJIND,2026-05-29 13:29:00,355.7,355.75,355.3,355.6,2848
PRAJIND,2026-05-29 13:30:00,355.7,355.95,355.3,355.95,4105
PRAJIND,2026-05-29 13:31:00,355.85,355.85,355.6,355.6,3977
PRAJIND,2026-05-29 13:32:00,355.6,355.8,355.6,355.7,3060
PRAJIND,2026-05-29 13:33:00,355.7,355.7,355.6,355.7,1998
PRAJIND,2026-05-29 13:34:00,355.7,355.7,355.6,355.7,3354
PRAJIND,2026-05-29 13:35:00,355.6,355.8,355.6,355.6,2326
PRAJIND,2026-05-29 13:36:00,355.8,355.85,355.3,355.55,3122
PRAJIND,2026-05-29 13:37:00,355.5,355.75,355.3,355.75,2320
PRAJIND,2026-05-29 13:38:00,355.8,355.8,355.5,355.65,3067
PRAJIND,2026-05-29 13:39:00,355.65,355.65,355.3,355.55,1356
PRAJIND,2026-05-29 13:40:00,355.7,356.3,355.6,356.3,2488
PRAJIND,2026-05-29 13:41:00,356.3,356.4,356.0,356.2,2890
PRAJIND,2026-05-29 13:42:00,356.2,356.2,355.8,356.0,2736
PRAJIND,2026-05-29 13:43:00,356.0,356.0,355.8,355.8,3423
PRAJIND,2026-05-29 13:44:00,355.9,355.9,355.8,355.85,2120
PRAJIND,2026-05-29 13:45:00,356.0,356.1,355.9,355.9,3912
PRAJIND,2026-05-29 13:46:00,355.9,356.5,355.9,356.1,3998
PRAJIND,2026-05-29 13:47:00,356.4,356.4,356.0,356.4,2328
PRAJIND,2026-05-29 13:48:00,356.4,356.4,356.05,356.4,1589
PRAJIND,2026-05-29 13:49:00,356.35,356.55,356.0,356.35,6586
PRAJIND,2026-05-29 13:50:00,356.3,356.35,356.0,356.15,2013
PRAJIND,2026-05-29 13:51:00,356.15,356.15,355.8,355.8,3046
PRAJIND,2026-05-29 13:52:00,355.95,355.95,355.25,355.55,5192
PRAJIND,2026-05-29 13:53:00,355.55,355.55,355.25,355.25,1995
PRAJIND,2026-05-29 13:54:00,355.5,355.5,355.25,355.35,5174
PRAJIND,2026-05-29 13:55:00,355.35,355.35,355.0,355.2,8337
PRAJIND,2026-05-29 13:56:00,355.2,355.7,355.0,355.65,5568
PRAJIND,2026-05-29 13:57:00,355.3,355.65,355.3,355.65,2791
PRAJIND,2026-05-29 13:58:00,355.65,356.55,355.65,356.2,3509
PRAJIND,2026-05-29 13:59:00,356.2,356.5,356.2,356.45,2286
PRAJIND,2026-05-29 14:00:00,356.5,356.5,356.2,356.35,4413
PRAJIND,2026-05-29 14:01:00,356.3,356.3,355.85,356.05,2651
PRAJIND,2026-05-29 14:02:00,355.85,356.0,355.7,356.0,4867
PRAJIND,2026-05-29 14:03:00,355.9,355.9,355.65,355.8,1896
PRAJIND,2026-05-29 14:04:00,355.8,355.8,355.55,355.6,3052
PRAJIND,2026-05-29 14:05:00,355.6,355.6,355.15,355.35,4684
PRAJIND,2026-05-29 14:06:00,355.55,355.55,355.2,355.55,2676
PRAJIND,2026-05-29 14:07:00,355.55,355.6,355.35,355.55,3232
PRAJIND,2026-05-29 14:08:00,355.6,355.6,355.2,355.6,1679
PRAJIND,2026-05-29 14:09:00,355.6,355.6,355.1,355.35,3698
PRAJIND,2026-05-29 14:10:00,355.35,355.35,355.05,355.3,1570
PRAJIND,2026-05-29 14:11:00,355.3,355.5,355.05,355.5,14400
PRAJIND,2026-05-29 14:12:00,355.5,355.5,355.2,355.2,1506
PRAJIND,2026-05-29 14:13:00,355.45,355.45,355.05,355.05,2213
PRAJIND,2026-05-29 14:14:00,355.35,355.5,355.15,355.15,4976
PRAJIND,2026-05-29 14:15:00,355.4,355.4,355.1,355.3,2032
PRAJIND,2026-05-29 14:16:00,355.3,355.35,355.05,355.15,1739
PRAJIND,2026-05-29 14:17:00,355.35,355.4,355.05,355.15,2415
PRAJIND,2026-05-29 14:18:00,355.35,355.45,355.05,355.4,2553
PRAJIND,2026-05-29 14:19:00,355.4,355.4,355.0,355.3,2482
PRAJIND,2026-05-29 14:20:00,355.3,355.3,354.85,355.0,23157
PRAJIND,2026-05-29 14:21:00,355.0,355.3,354.65,355.3,15068
PRAJIND,2026-05-29 14:22:00,355.3,356.0,355.3,355.8,3412
PRAJIND,2026-05-29 14:23:00,356.05,356.15,355.7,356.15,2553
PRAJIND,2026-05-29 14:24:00,356.15,356.8,356.05,356.75,4610
PRAJIND,2026-05-29 14:25:00,356.75,356.75,356.0,356.35,3904
PRAJIND,2026-05-29 14:26:00,356.45,356.5,356.2,356.3,1586
PRAJIND,2026-05-29 14:27:00,356.35,356.4,356.05,356.2,1759
PRAJIND,2026-05-29 14:28:00,356.2,356.4,356.15,356.35,4384
PRAJIND,2026-05-29 14:29:00,356.35,356.5,356.3,356.4,604
PRAJIND,2026-05-29 14:30:00,356.4,356.8,356.4,356.5,2592
PRAJIND,2026-05-29 14:31:00,356.7,356.75,356.35,356.75,2201
PRAJIND,2026-05-29 14:32:00,356.75,356.75,356.55,356.6,1664
PRAJIND,2026-05-29 14:33:00,356.75,356.75,356.2,356.35,4675
PRAJIND,2026-05-29 14:34:00,356.35,356.35,356.15,356.2,2533
PRAJIND,2026-05-29 14:35:00,356.2,356.25,356.0,356.1,1478
PRAJIND,2026-05-29 14:36:00,356.2,356.2,355.95,356.0,3199
PRAJIND,2026-05-29 14:37:00,355.9,356.0,355.15,355.15,2994
PRAJIND,2026-05-29 14:38:00,355.3,355.85,355.25,355.85,2274
PRAJIND,2026-05-29 14:39:00,355.8,355.85,355.6,355.8,483
PRAJIND,2026-05-29 14:40:00,355.8,355.95,355.75,355.8,2675
PRAJIND,2026-05-29 14:41:00,355.8,356.25,355.8,356.25,1692
PRAJIND,2026-05-29 14:42:00,356.25,356.8,356.25,356.75,6564
PRAJIND,2026-05-29 14:43:00,356.75,356.75,356.5,356.65,1743
PRAJIND,2026-05-29 14:44:00,356.5,356.9,356.5,356.85,1786
PRAJIND,2026-05-29 14:45:00,356.85,357.5,356.85,357.25,18557
PRAJIND,2026-05-29 14:46:00,357.25,357.9,357.25,357.9,5585
PRAJIND,2026-05-29 14:47:00,357.75,357.95,357.15,357.15,1374
PRAJIND,2026-05-29 14:48:00,357.1,357.5,356.65,357.3,9249
PRAJIND,2026-05-29 14:49:00,357.3,357.3,356.9,356.9,1511
PRAJIND,2026-05-29 14:50:00,356.85,356.85,356.45,356.45,891
PRAJIND,2026-05-29 14:51:00,356.65,356.65,356.35,356.35,1554
PRAJIND,2026-05-29 14:52:00,356.6,356.65,356.3,356.4,3362
PRAJIND,2026-05-29 14:53:00,356.55,356.6,356.4,356.6,378
PRAJIND,2026-05-29 14:54:00,356.6,356.6,356.5,356.55,684
PRAJIND,2026-05-29 14:55:00,356.55,356.55,356.5,356.55,4930
PRAJIND,2026-05-29 14:56:00,356.4,356.75,356.4,356.65,6431
PRAJIND,2026-05-29 14:57:00,356.65,356.65,356.35,356.35,2119
PRAJIND,2026-05-29 14:58:00,356.4,356.4,356.35,356.4,1079
PRAJIND,2026-05-29 14:59:00,356.4,356.4,356.15,356.15,1792
PRAJIND,2026-05-29 15:00:00,356.2,357.25,356.0,356.5,8754
PRAJIND,2026-05-29 15:01:00,356.2,356.2,355.0,355.0,13680
PRAJIND,2026-05-29 15:02:00,354.75,354.75,354.2,354.35,11714
PRAJIND,2026-05-29 15:03:00,354.35,354.4,354.0,354.15,8623
PRAJIND,2026-05-29 15:04:00,354.0,354.15,353.65,353.65,5048
PRAJIND,2026-05-29 15:05:00,353.5,353.5,352.55,352.7,24842
PRAJIND,2026-05-29 15:06:00,352.6,352.7,352.1,352.15,9498
PRAJIND,2026-05-29 15:07:00,352.25,352.3,352.1,352.25,4127
PRAJIND,2026-05-29 15:08:00,352.25,352.4,352.05,352.4,6722
PRAJIND,2026-05-29 15:09:00,352.45,352.5,352.4,352.45,5127
PRAJIND,2026-05-29 15:10:00,352.45,353.05,352.45,352.7,9084
PRAJIND,2026-05-29 15:11:00,352.7,353.05,352.65,352.75,6917
PRAJIND,2026-05-29 15:12:00,352.85,352.85,352.8,352.8,4074
PRAJIND,2026-05-29 15:13:00,352.8,352.8,352.3,352.5,9061
PRAJIND,2026-05-29 15:14:00,352.35,352.35,352.0,352.05,24599
PRAJIND,2026-05-29 15:15:00,352.0,352.0,351.0,351.65,22564
PRAJIND,2026-05-29 15:16:00,351.75,351.95,351.5,351.75,8857
PRAJIND,2026-05-29 15:17:00,351.7,351.9,351.0,351.75,8595
PRAJIND,2026-05-29 15:18:00,351.45,351.85,351.0,351.7,27103
PRAJIND,2026-05-29 15:19:00,351.65,352.45,351.3,352.45,16978
PRAJIND,2026-05-29 15:20:00,352.35,352.35,351.2,351.6,16090
PRAJIND,2026-05-29 15:21:00,351.6,351.7,351.25,351.25,14476
PRAJIND,2026-05-29 15:22:00,351.45,351.65,351.1,351.65,6612
PRAJIND,2026-05-29 15:23:00,351.6,351.75,351.25,351.65,3498
PRAJIND,2026-05-29 15:24:00,351.5,351.5,350.6,351.0,16879
PRAJIND,2026-05-29 15:25:00,351.05,351.45,350.1,351.05,16395
PRAJIND,2026-05-29 15:26:00,351.0,352.0,351.0,351.55,11297
PRAJIND,2026-05-29 15:27:00,351.7,351.95,351.1,351.95,5637
PRAJIND,2026-05-29 15:28:00,351.95,353.3,351.5,352.0,17641
PRAJIND,2026-05-29 15:29:00,352.55,355.0,351.05,355.0,18120
PRAJIND,2026-06-01 09:15:00,354.45,357.9,354.45,355.3,31718
PRAJIND,2026-06-01 09:16:00,356.5,358.9,356.1,356.1,18901
PRAJIND,2026-06-01 09:17:00,356.1,356.6,353.3,353.3,16445
PRAJIND,2026-06-01 09:18:00,352.85,352.9,351.0,352.15,19546
PRAJIND,2026-06-01 09:19:00,352.75,352.75,351.6,351.75,10722
PRAJIND,2026-06-01 09:20:00,351.85,352.15,350.1,350.3,14311
PRAJIND,2026-06-01 09:21:00,350.3,351.0,349.05,349.25,20947
PRAJIND,2026-06-01 09:22:00,349.35,349.9,348.0,348.0,20090
PRAJIND,2026-06-01 09:23:00,348.45,348.85,346.9,346.9,27979
PRAJIND,2026-06-01 09:24:00,347.1,347.8,347.1,347.45,11395
PRAJIND,2026-06-01 09:25:00,347.0,348.05,347.0,347.5,9497
PRAJIND,2026-06-01 09:26:00,347.5,348.1,347.5,347.6,25411
PRAJIND,2026-06-01 09:27:00,347.65,348.5,347.65,348.3,7180
PRAJIND,2026-06-01 09:28:00,348.3,348.65,348.0,348.2,5517
PRAJIND,2026-06-01 09:29:00,348.2,348.2,346.4,347.2,17384
PRAJIND,2026-06-01 09:30:00,347.25,347.4,346.05,347.4,11192
PRAJIND,2026-06-01 09:31:00,347.6,347.6,346.0,346.4,7295
PRAJIND,2026-06-01 09:32:00,346.6,347.15,346.4,347.15,3650
PRAJIND,2026-06-01 09:33:00,347.5,347.55,347.0,347.0,2309
PRAJIND,2026-06-01 09:34:00,347.25,347.25,346.5,346.5,7886
PRAJIND,2026-06-01 09:35:00,346.45,346.45,345.3,345.4,5115
PRAJIND,2026-06-01 09:36:00,345.35,345.35,344.25,344.25,20337
PRAJIND,2026-06-01 09:37:00,344.5,345.2,344.2,345.15,8683
PRAJIND,2026-06-01 09:38:00,345.1,345.7,345.1,345.1,7452
PRAJIND,2026-06-01 09:39:00,345.1,345.15,344.7,345.05,8943
PRAJIND,2026-06-01 09:40:00,345.25,345.45,344.95,345.2,8875
PRAJIND,2026-06-01 09:41:00,345.4,345.4,344.6,344.6,3594
PRAJIND,2026-06-01 09:42:00,344.5,344.65,344.1,344.1,7550
PRAJIND,2026-06-01 09:43:00,344.4,344.75,344.15,344.55,4311
PRAJIND,2026-06-01 09:44:00,344.5,344.5,343.4,344.5,8212
PRAJIND,2026-06-01 09:45:00,344.7,345.75,344.7,345.45,6945
PRAJIND,2026-06-01 09:46:00,346.0,346.0,345.1,345.15,9376
PRAJIND,2026-06-01 09:47:00,345.15,345.5,344.8,345.1,2951
PRAJIND,2026-06-01 09:48:00,344.8,345.15,344.05,344.15,8234
PRAJIND,2026-06-01 09:49:00,344.0,344.25,343.3,343.6,8567
PRAJIND,2026-06-01 09:50:00,344.1,344.85,343.8,343.8,2454
PRAJIND,2026-06-01 09:51:00,343.75,343.85,342.7,342.7,3987
PRAJIND,2026-06-01 09:52:00,343.2,343.3,342.3,343.25,13942
PRAJIND,2026-06-01 09:53:00,343.25,343.95,343.15,343.5,2666
PRAJIND,2026-06-01 09:54:00,343.35,344.2,343.15,343.5,2234
PRAJIND,2026-06-01 09:55:00,343.3,343.4,342.8,342.85,2772
PRAJIND,2026-06-01 09:56:00,343.55,343.75,341.85,342.2,16453
PRAJIND,2026-06-01 09:57:00,342.2,342.75,342.0,342.75,2346
PRAJIND,2026-06-01 09:58:00,342.75,342.95,342.3,342.95,1264
PRAJIND,2026-06-01 09:59:00,342.95,342.95,342.0,342.0,3679
PRAJIND,2026-06-01 10:00:00,342.1,342.85,342.1,342.6,5543
PRAJIND,2026-06-01 10:01:00,342.5,342.5,341.8,342.0,4180
PRAJIND,2026-06-01 10:02:00,341.75,341.75,341.15,341.2,5864
PRAJIND,2026-06-01 10:03:00,341.4,341.4,340.25,340.3,8326
PRAJIND,2026-06-01 10:04:00,340.85,340.85,340.5,340.85,4423
PRAJIND,2026-06-01 10:05:00,340.85,341.0,340.5,340.75,4710
PRAJIND,2026-06-01 10:06:00,340.75,341.4,340.75,341.0,3309
PRAJIND,2026-06-01 10:07:00,341.0,341.3,341.0,341.3,695
PRAJIND,2026-06-01 10:08:00,341.3,341.7,341.05,341.05,5255
PRAJIND,2026-06-01 10:09:00,341.0,341.2,341.0,341.15,1672
PRAJIND,2026-06-01 10:10:00,341.15,341.35,341.0,341.3,1105
PRAJIND,2026-06-01 10:11:00,341.2,341.5,341.15,341.3,1412
PRAJIND,2026-06-01 10:12:00,341.15,341.35,341.15,341.3,765
PRAJIND,2026-06-01 10:13:00,341.4,341.4,340.5,340.5,5472
PRAJIND,2026-06-01 10:14:00,340.7,340.8,340.5,340.55,2968
PRAJIND,2026-06-01 10:15:00,338.8,339.15,337.5,337.85,36417
PRAJIND,2026-06-01 10:16:00,337.8,338.95,337.8,338.75,16862
PRAJIND,2026-06-01 10:17:00,338.45,338.9,338.45,338.8,2637
PRAJIND,2026-06-01 10:18:00,338.8,338.8,337.9,338.25,12193
PRAJIND,2026-06-01 10:19:00,338.25,338.45,337.75,338.05,1757
PRAJIND,2026-06-01 10:20:00,338.05,338.25,337.5,337.75,4077
PRAJIND,2026-06-01 10:21:00,337.5,337.75,337.2,337.35,9870
PRAJIND,2026-06-01 10:22:00,337.35,337.5,336.2,336.2,10021
PRAJIND,2026-06-01 10:23:00,336.3,337.2,336.15,337.2,21517
PRAJIND,2026-06-01 10:24:00,337.2,337.2,336.35,336.45,3023
PRAJIND,2026-06-01 10:25:00,336.45,337.45,336.45,336.7,19034
PRAJIND,2026-06-01 10:26:00,336.7,337.0,336.35,336.6,2193
PRAJIND,2026-06-01 10:27:00,336.6,336.6,335.2,335.65,16625
PRAJIND,2026-06-01 10:28:00,335.65,336.0,335.65,336.0,4752
PRAJIND,2026-06-01 10:29:00,335.9,336.35,335.9,336.3,2820
PRAJIND,2026-06-01 10:30:00,336.3,336.9,336.0,336.45,9063
PRAJIND,2026-06-01 10:31:00,336.4,337.4,336.1,337.4,12604
PRAJIND,2026-06-01 10:32:00,337.4,337.5,337.15,337.35,4313
PRAJIND,2026-06-01 10:33:00,337.35,337.35,336.5,336.6,2202
PRAJIND,2026-06-01 10:34:00,336.6,337.25,336.55,336.9,2927
PRAJIND,2026-06-01 10:35:00,336.9,336.9,336.6,336.8,2269
PRAJIND,2026-06-01 10:36:00,336.9,336.9,336.3,336.85,6068
PRAJIND,2026-06-01 10:37:00,336.85,337.0,336.65,337.0,3121
PRAJIND,2026-06-01 10:38:00,337.1,338.0,337.1,337.65,15385
PRAJIND,2026-06-01 10:39:00,337.95,338.0,337.5,337.65,2730
PRAJIND,2026-06-01 10:40:00,337.65,337.65,337.0,337.4,8192
PRAJIND,2026-06-01 10:41:00,337.4,337.75,337.25,337.75,4595
PRAJIND,2026-06-01 10:42:00,337.8,337.95,337.5,337.85,2029
PRAJIND,2026-06-01 10:43:00,337.85,337.85,337.35,337.55,2267
PRAJIND,2026-06-01 10:44:00,337.55,338.0,337.5,338.0,3881
PRAJIND,2026-06-01 10:45:00,338.0,339.45,338.0,338.85,5336
PRAJIND,2026-06-01 10:46:00,338.85,339.4,338.85,339.0,4711
PRAJIND,2026-06-01 10:47:00,339.0,339.35,338.75,338.9,5131
PRAJIND,2026-06-01 10:48:00,338.9,339.4,338.85,339.4,3024
PRAJIND,2026-06-01 10:49:00,339.4,339.85,339.4,339.85,8324
PRAJIND,2026-06-01 10:50:00,339.8,340.5,339.8,340.45,5279
PRAJIND,2026-06-01 10:51:00,340.3,340.7,340.3,340.55,9517
PRAJIND,2026-06-01 10:52:00,340.4,340.65,340.3,340.35,1926
PRAJIND,2026-06-01 10:53:00,340.35,340.55,340.0,340.05,3846
PRAJIND,2026-06-01 10:54:00,340.25,340.5,340.0,340.35,1465
PRAJIND,2026-06-01 10:55:00,340.35,340.5,340.2,340.3,1472
PRAJIND,2026-06-01 10:56:00,340.3,340.5,340.2,340.2,1587
PRAJIND,2026-06-01 10:57:00,340.4,340.85,340.35,340.8,2577
PRAJIND,2026-06-01 10:58:00,340.8,340.9,340.2,340.2,3854
PRAJIND,2026-06-01 10:59:00,340.2,340.55,340.2,340.3,1007
PRAJIND,2026-06-01 11:00:00,340.5,341.05,340.45,340.85,8441
PRAJIND,2026-06-01 11:01:00,340.95,341.3,340.85,341.0,3392
PRAJIND,2026-06-01 11:02:00,341.25,341.3,340.85,341.25,2065
PRAJIND,2026-06-01 11:03:00,341.25,342.75,341.0,342.45,22825
PRAJIND,2026-06-01 11:04:00,342.45,342.75,342.45,342.5,4986
PRAJIND,2026-06-01 11:05:00,342.5,343.0,342.45,342.7,2554
PRAJIND,2026-06-01 11:06:00,342.6,342.7,342.4,342.4,2675
PRAJIND,2026-06-01 11:07:00,342.6,343.25,342.6,342.6,4229
PRAJIND,2026-06-01 11:08:00,342.6,342.85,342.6,342.85,1094
PRAJIND,2026-06-01 11:09:00,342.45,343.1,342.45,343.1,4143
PRAJIND,2026-06-01 11:10:00,343.1,343.2,342.8,343.2,2990
PRAJIND,2026-06-01 11:11:00,343.8,344.1,343.2,343.2,6553
PRAJIND,2026-06-01 11:12:00,343.2,343.45,343.0,343.0,1152
PRAJIND,2026-06-01 11:13:00,343.0,343.25,343.0,343.15,602
PRAJIND,2026-06-01 11:14:00,343.15,343.5,343.0,343.45,4852
PRAJIND,2026-06-01 11:15:00,343.25,343.5,343.1,343.5,1060
PRAJIND,2026-06-01 11:16:00,343.5,343.5,343.45,343.45,440
PRAJIND,2026-06-01 11:17:00,343.45,343.45,343.4,343.45,638
PRAJIND,2026-06-01 11:18:00,343.4,343.6,343.4,343.45,1735
PRAJIND,2026-06-01 11:19:00,343.35,343.35,343.0,343.0,959
PRAJIND,2026-06-01 11:20:00,343.0,343.1,342.35,342.55,10429
PRAJIND,2026-06-01 11:21:00,342.5,342.85,342.5,342.65,1243
PRAJIND,2026-06-01 11:22:00,342.65,342.65,342.15,342.2,637
PRAJIND,2026-06-01 11:23:00,342.15,342.3,341.65,341.65,6089
PRAJIND,2026-06-01 11:24:00,341.65,341.8,341.25,341.25,2206
PRAJIND,2026-06-01 11:25:00,341.35,341.45,341.15,341.45,3253
PRAJIND,2026-06-01 11:26:00,341.45,341.45,341.2,341.2,281
PRAJIND,2026-06-01 11:27:00,341.2,341.75,341.2,341.45,2645
PRAJIND,2026-06-01 11:28:00,341.45,341.6,341.25,341.5,41
PRAJIND,2026-06-01 11:29:00,341.5,341.5,341.3,341.3,832
PRAJIND,2026-06-01 11:30:00,341.3,343.55,341.25,343.55,4789
PRAJIND,2026-06-01 11:31:00,343.55,343.55,342.9,343.55,1815
PRAJIND,2026-06-01 11:32:00,343.55,343.55,343.0,343.15,601
PRAJIND,2026-06-01 11:33:00,343.0,343.0,342.15,342.6,1187
PRAJIND,2026-06-01 11:34:00,342.6,343.4,342.2,343.3,3125
PRAJIND,2026-06-01 11:35:00,342.95,343.1,342.8,343.1,2704
PRAJIND,2026-06-01 11:36:00,343.15,343.3,342.9,342.9,3720
PRAJIND,2026-06-01 11:37:00,343.1,343.1,342.5,342.7,662
PRAJIND,2026-06-01 11:38:00,342.7,342.7,342.15,342.2,412
PRAJIND,2026-06-01 11:39:00,342.2,342.25,342.0,342.1,1129
PRAJIND,2026-06-01 11:40:00,342.1,342.45,342.05,342.05,3861
PRAJIND,2026-06-01 11:41:00,342.0,343.45,342.0,343.0,9515
PRAJIND,2026-06-01 11:42:00,343.05,343.45,343.05,343.3,1639
PRAJIND,2026-06-01 11:43:00,343.45,343.6,342.5,342.5,156035
PRAJIND,2026-06-01 11:44:00,342.5,343.0,342.5,343.0,499
PRAJIND,2026-06-01 11:45:00,343.4,343.4,342.7,342.8,1721
PRAJIND,2026-06-01 11:46:00,343.05,343.05,342.85,342.85,1345
PRAJIND,2026-06-01 11:47:00,342.85,342.95,342.85,342.95,63
PRAJIND,2026-06-01 11:48:00,342.95,342.95,342.65,342.65,933
PRAJIND,2026-06-01 11:49:00,342.65,342.85,342.65,342.7,99
PRAJIND,2026-06-01 11:50:00,342.7,342.8,342.6,342.8,1118
PRAJIND,2026-06-01 11:51:00,342.8,342.8,342.65,342.8,812
PRAJIND,2026-06-01 11:52:00,342.5,342.65,342.2,342.5,4892
PRAJIND,2026-06-01 11:53:00,342.5,342.65,342.5,342.5,1025
PRAJIND,2026-06-01 11:54:00,342.5,342.5,342.4,342.5,450
PRAJIND,2026-06-01 11:55:00,342.5,342.5,342.5,342.5,621
PRAJIND,2026-06-01 11:56:00,342.6,342.6,342.15,342.25,1274
PRAJIND,2026-06-01 11:57:00,342.15,342.5,342.05,342.45,474
PRAJIND,2026-06-01 11:58:00,342.25,342.45,342.15,342.25,3941
PRAJIND,2026-06-01 11:59:00,342.25,342.25,340.65,340.8,3818
PRAJIND,2026-06-01 12:00:00,340.6,340.6,340.3,340.55,2473
PRAJIND,2026-06-01 12:01:00,340.55,340.8,340.25,340.55,3338
PRAJIND,2026-06-01 12:02:00,340.45,340.45,339.3,339.6,7233
PRAJIND,2026-06-01 12:03:00,339.6,339.6,339.2,339.6,1762
PRAJIND,2026-06-01 12:04:00,339.5,339.7,339.3,339.7,1920
PRAJIND,2026-06-01 12:05:00,339.6,339.8,339.6,339.8,669
PRAJIND,2026-06-01 12:06:00,339.65,340.0,339.65,339.9,2210
PRAJIND,2026-06-01 12:07:00,339.9,339.9,339.7,339.9,504
PRAJIND,2026-06-01 12:08:00,339.9,339.9,339.9,339.9,666
PRAJIND,2026-06-01 12:09:00,339.75,339.95,339.75,339.9,684
PRAJIND,2026-06-01 12:10:00,339.95,339.95,339.6,339.6,893
PRAJIND,2026-06-01 12:11:00,339.6,339.8,339.35,339.35,870
PRAJIND,2026-06-01 12:12:00,339.35,339.8,339.35,339.8,413
PRAJIND,2026-06-01 12:13:00,339.4,339.8,339.4,339.8,1849
PRAJIND,2026-06-01 12:14:00,339.8,339.9,339.7,339.9,387
PRAJIND,2026-06-01 12:15:00,340.0,340.15,339.25,339.45,11908
PRAJIND,2026-06-01 12:16:00,339.45,339.55,339.35,339.5,1372
PRAJIND,2026-06-01 12:17:00,339.5,339.55,339.2,339.2,1154
PRAJIND,2026-06-01 12:18:00,339.2,339.6,339.2,339.4,2074
PRAJIND,2026-06-01 12:19:00,339.4,339.7,339.1,339.1,2939
PRAJIND,2026-06-01 12:20:00,339.1,339.25,338.35,338.4,4078
PRAJIND,2026-06-01 12:21:00,338.4,339.0,338.35,339.0,1542
PRAJIND,2026-06-01 12:22:00,339.0,339.1,339.0,339.1,192
PRAJIND,2026-06-01 12:23:00,339.1,339.1,338.85,339.0,559
PRAJIND,2026-06-01 12:24:00,339.0,339.1,338.85,339.0,1489
PRAJIND,2026-06-01 12:25:00,339.0,339.45,338.85,339.45,542
PRAJIND,2026-06-01 12:26:00,339.25,339.35,339.15,339.35,633
PRAJIND,2026-06-01 12:27:00,339.35,339.9,339.35,339.85,1954
PRAJIND,2026-06-01 12:28:00,339.65,339.65,339.35,339.4,454
PRAJIND,2026-06-01 12:29:00,339.4,339.5,339.2,339.45,599
PRAJIND,2026-06-01 12:30:00,339.45,339.7,339.35,339.7,673
PRAJIND,2026-06-01 12:31:00,339.45,339.5,339.1,339.5,3866
PRAJIND,2026-06-01 12:32:00,339.5,339.5,339.15,339.35,1002
PRAJIND,2026-06-01 12:33:00,339.2,339.4,339.1,339.35,414
PRAJIND,2026-06-01 12:34:00,339.35,339.35,339.05,339.25,668
PRAJIND,2026-06-01 12:35:00,339.05,339.4,339.05,339.2,1091
PRAJIND,2026-06-01 12:36:00,339.2,339.55,339.2,339.55,731
PRAJIND,2026-06-01 12:37:00,339.55,339.55,339.25,339.55,1214
PRAJIND,2026-06-01 12:38:00,339.55,339.75,339.25,339.25,1118
PRAJIND,2026-06-01 12:39:00,339.25,339.45,339.2,339.35,375
PRAJIND,2026-06-01 12:40:00,339.1,339.3,339.05,339.25,465
PRAJIND,2026-06-01 12:41:00,339.25,339.3,338.6,338.75,4360
PRAJIND,2026-06-01 12:42:00,338.05,338.95,338.05,338.95,16281
PRAJIND,2026-06-01 12:43:00,338.95,339.1,338.8,339.1,1769
PRAJIND,2026-06-01 12:44:00,339.1,339.3,339.0,339.25,2008
PRAJIND,2026-06-01 12:45:00,339.25,339.25,338.9,339.15,1014
PRAJIND,2026-06-01 12:46:00,339.15,339.15,338.55,339.0,3022
PRAJIND,2026-06-01 12:47:00,339.0,339.5,338.95,339.5,1842
PRAJIND,2026-06-01 12:48:00,340.15,340.15,339.35,339.55,16140
PRAJIND,2026-06-01 12:49:00,339.45,339.85,339.35,339.85,548
PRAJIND,2026-06-01 12:50:00,339.85,339.9,339.6,339.85,1372
PRAJIND,2026-06-01 12:51:00,339.85,340.1,339.65,340.1,743
PRAJIND,2026-06-01 12:52:00,340.1,340.1,339.9,340.1,1005
PRAJIND,2026-06-01 12:53:00,340.1,340.35,340.05,340.35,1310
PRAJIND,2026-06-01 12:54:00,340.35,340.55,340.2,340.55,3028
PRAJIND,2026-06-01 12:55:00,340.55,340.65,340.3,340.45,1394
PRAJIND,2026-06-01 12:56:00,340.4,340.5,340.4,340.5,604
PRAJIND,2026-06-01 12:57:00,340.35,340.55,340.05,340.25,3577
PRAJIND,2026-06-01 12:58:00,340.25,340.65,340.25,340.65,2731
PRAJIND,2026-06-01 12:59:00,340.65,341.05,340.45,340.85,13616
PRAJIND,2026-06-01 13:00:00,340.85,340.85,340.5,340.8,1408
PRAJIND,2026-06-01 13:01:00,340.65,341.0,340.65,341.0,1748
PRAJIND,2026-06-01 13:02:00,341.0,341.3,340.8,341.3,822
PRAJIND,2026-06-01 13:03:00,341.3,341.5,341.15,341.4,1305
PRAJIND,2026-06-01 13:04:00,341.4,341.4,341.1,341.35,405
PRAJIND,2026-06-01 13:05:00,341.35,341.4,341.1,341.2,1185
PRAJIND,2026-06-01 13:06:00,341.2,341.25,340.9,341.05,923
PRAJIND,2026-06-01 13:07:00,341.15,341.15,340.9,341.05,386
PRAJIND,2026-06-01 13:08:00,341.05,341.1,340.35,340.45,4156
PRAJIND,2026-06-01 13:09:00,340.45,340.5,340.3,340.5,254
PRAJIND,2026-06-01 13:10:00,340.5,340.5,340.1,340.25,1390
PRAJIND,2026-06-01 13:11:00,340.1,340.25,340.0,340.25,775
PRAJIND,2026-06-01 13:12:00,340.25,340.7,340.2,340.55,616
PRAJIND,2026-06-01 13:13:00,340.55,340.55,340.3,340.5,639
PRAJIND,2026-06-01 13:14:00,340.2,340.5,340.05,340.4,988
PRAJIND,2026-06-01 13:15:00,340.4,340.4,340.05,340.1,13603
PRAJIND,2026-06-01 13:16:00,339.9,340.2,339.55,340.2,3508
PRAJIND,2026-06-01 13:17:00,340.05,340.3,340.0,340.25,450
PRAJIND,2026-06-01 13:18:00,340.25,340.45,339.95,340.45,736
PRAJIND,2026-06-01 13:19:00,340.45,340.45,340.2,340.4,481
PRAJIND,2026-06-01 13:20:00,340.4,340.5,340.2,340.45,543
PRAJIND,2026-06-01 13:21:00,340.45,340.5,340.35,340.5,607
PRAJIND,2026-06-01 13:22:00,340.5,340.65,340.35,340.35,817
PRAJIND,2026-06-01 13:23:00,340.35,340.65,340.3,340.4,571
PRAJIND,2026-06-01 13:24:00,340.4,340.45,340.4,340.45,908
PRAJIND,2026-06-01 13:25:00,340.45,340.65,340.4,340.45,592
PRAJIND,2026-06-01 13:26:00,340.45,340.5,340.15,340.35,764
PRAJIND,2026-06-01 13:27:00,340.35,340.55,340.2,340.55,255
PRAJIND,2026-06-01 13:28:00,340.55,340.7,340.35,340.7,2101
PRAJIND,2026-06-01 13:29:00,340.7,340.7,340.5,340.7,2214
PRAJIND,2026-06-01 13:30:00,340.7,340.7,340.5,340.7,390
PRAJIND,2026-06-01 13:31:00,340.5,340.7,340.5,340.7,567
PRAJIND,2026-06-01 13:32:00,340.65,340.7,339.1,339.3,10562
PRAJIND,2026-06-01 13:33:00,339.3,339.6,339.3,339.6,1996
PRAJIND,2026-06-01 13:34:00,339.6,339.7,339.25,339.35,2004
PRAJIND,2026-06-01 13:35:00,339.35,339.5,339.35,339.5,296
PRAJIND,2026-06-01 13:36:00,339.5,339.5,339.25,339.45,670
PRAJIND,2026-06-01 13:37:00,339.45,339.45,339.0,339.3,22984
PRAJIND,2026-06-01 13:38:00,339.35,339.35,339.1,339.35,310
PRAJIND,2026-06-01 13:39:00,339.35,339.35,339.15,339.35,619
PRAJIND,2026-06-01 13:40:00,339.0,339.25,339.0,339.25,1986
PRAJIND,2026-06-01 13:41:00,339.25,339.25,339.0,339.25,686
PRAJIND,2026-06-01 13:42:00,339.25,339.6,339.25,339.6,1525
PRAJIND,2026-06-01 13:43:00,339.6,339.8,339.6,339.75,436
PRAJIND,2026-06-01 13:44:00,339.75,339.75,339.45,339.65,1263
PRAJIND,2026-06-01 13:45:00,339.45,339.45,339.15,339.35,1760
PRAJIND,2026-06-01 13:46:00,339.35,339.5,339.35,339.5,249
PRAJIND,2026-06-01 13:47:00,339.5,339.65,339.25,339.5,2294
PRAJIND,2026-06-01 13:48:00,339.5,339.5,339.15,339.35,667
PRAJIND,2026-06-01 13:49:00,339.15,339.45,339.05,339.35,1282
PRAJIND,2026-06-01 13:50:00,339.35,339.35,338.75,338.95,1019
PRAJIND,2026-06-01 13:51:00,338.95,339.0,338.55,338.7,2605
PRAJIND,2026-06-01 13:52:00,338.7,339.0,338.7,339.0,556
PRAJIND,2026-06-01 13:53:00,339.0,339.0,338.85,339.0,420
PRAJIND,2026-06-01 13:54:00,339.0,339.1,338.95,339.0,752
PRAJIND,2026-06-01 13:55:00,339.0,339.25,338.95,339.0,244
PRAJIND,2026-06-01 13:56:00,339.0,339.0,338.55,338.85,4612
PRAJIND,2026-06-01 13:57:00,338.85,338.85,338.4,338.55,621
PRAJIND,2026-06-01 13:58:00,338.55,338.55,338.25,338.35,1130
PRAJIND,2026-06-01 13:59:00,338.35,338.65,338.35,338.65,673
PRAJIND,2026-06-01 14:00:00,338.65,338.65,338.25,338.5,1836
PRAJIND,2026-06-01 14:01:00,338.5,338.65,338.25,338.55,1149
PRAJIND,2026-06-01 14:02:00,338.35,338.6,338.35,338.35,437
PRAJIND,2026-06-01 14:03:00,338.5,338.65,338.1,338.65,1025
PRAJIND,2026-06-01 14:04:00,338.6,339.0,338.6,339.0,5320
PRAJIND,2026-06-01 14:05:00,339.0,339.15,338.9,339.0,2817
PRAJIND,2026-06-01 14:06:00,339.0,339.15,339.0,339.15,1161
PRAJIND,2026-06-01 14:07:00,339.15,339.15,338.6,338.6,1084
PRAJIND,2026-06-01 14:08:00,338.6,338.8,338.55,338.8,301
PRAJIND,2026-06-01 14:09:00,338.9,339.0,338.7,338.85,740
PRAJIND,2026-06-01 14:10:00,338.65,338.65,338.35,338.5,1114
PRAJIND,2026-06-01 14:11:00,338.5,338.5,337.5,337.85,16896
PRAJIND,2026-06-01 14:12:00,337.85,338.25,337.85,338.2,2212
PRAJIND,2026-06-01 14:13:00,338.1,338.25,337.95,338.2,659
PRAJIND,2026-06-01 14:14:00,338.2,338.2,337.8,337.85,917
PRAJIND,2026-06-01 14:15:00,337.85,337.85,337.5,337.5,306
PRAJIND,2026-06-01 14:16:00,337.5,337.75,337.4,337.4,3252
PRAJIND,2026-06-01 14:17:00,337.6,337.6,337.1,337.35,2244
PRAJIND,2026-06-01 14:18:00,337.15,337.5,337.1,337.45,610
PRAJIND,2026-06-01 14:19:00,337.45,338.55,337.45,338.55,1934
PRAJIND,2026-06-01 14:20:00,338.55,338.55,337.5,337.95,4699
PRAJIND,2026-06-01 14:21:00,337.9,337.95,337.55,337.95,629
PRAJIND,2026-06-01 14:22:00,337.95,338.0,337.7,337.95,681
PRAJIND,2026-06-01 14:23:00,337.95,337.95,337.65,337.9,1042
PRAJIND,2026-06-01 14:24:00,337.8,338.05,337.8,338.05,1613
PRAJIND,2026-06-01 14:25:00,338.05,338.2,337.9,338.0,571
PRAJIND,2026-06-01 14:26:00,338.0,338.25,338.0,338.25,477
PRAJIND,2026-06-01 14:27:00,338.25,338.3,338.05,338.25,1123
PRAJIND,2026-06-01 14:28:00,338.25,338.25,338.0,338.05,849
PRAJIND,2026-06-01 14:29:00,338.05,338.2,338.05,338.2,1094
PRAJIND,2026-06-01 14:30:00,338.3,338.5,338.05,338.5,742
PRAJIND,2026-06-01 14:31:00,338.55,338.6,338.15,338.15,2741
PRAJIND,2026-06-01 14:32:00,338.05,338.1,337.95,338.05,841
PRAJIND,2026-06-01 14:33:00,338.05,338.6,337.8,338.6,1778
PRAJIND,2026-06-01 14:34:00,338.6,338.6,338.15,338.4,1068
PRAJIND,2026-06-01 14:35:00,338.15,338.55,338.15,338.55,301
PRAJIND,2026-06-01 14:36:00,338.55,338.8,337.9,337.9,6407
PRAJIND,2026-06-01 14:37:00,337.95,337.95,337.7,337.95,1000
PRAJIND,2026-06-01 14:38:00,337.95,338.5,337.95,338.15,1772
PRAJIND,2026-06-01 14:39:00,338.15,338.65,338.15,338.65,331
PRAJIND,2026-06-01 14:40:00,338.45,338.95,338.45,338.95,1418
PRAJIND,2026-06-01 14:41:00,338.8,338.85,338.4,338.4,942
PRAJIND,2026-06-01 14:42:00,338.65,338.85,338.5,338.7,1956
PRAJIND,2026-06-01 14:43:00,338.7,338.75,338.5,338.55,607
PRAJIND,2026-06-01 14:44:00,338.55,339.0,338.55,339.0,3263
PRAJIND,2026-06-01 14:45:00,339.0,339.4,339.0,339.35,4462
PRAJIND,2026-06-01 14:46:00,339.35,339.95,339.15,339.6,6430
PRAJIND,2026-06-01 14:47:00,339.35,339.85,339.35,339.85,2832
PRAJIND,2026-06-01 14:48:00,339.7,339.95,339.7,339.9,781
PRAJIND,2026-06-01 14:49:00,339.5,339.95,339.1,339.55,5611
PRAJIND,2026-06-01 14:50:00,339.55,339.85,339.55,339.55,875
PRAJIND,2026-06-01 14:51:00,339.55,339.8,339.55,339.75,358
PRAJIND,2026-06-01 14:52:00,339.6,339.75,339.15,339.35,893
PRAJIND,2026-06-01 14:53:00,339.35,339.35,339.0,339.0,1997
PRAJIND,2026-06-01 14:54:00,339.15,339.15,338.65,339.0,6411
PRAJIND,2026-06-01 14:55:00,338.9,339.0,338.75,338.8,236
PRAJIND,2026-06-01 14:56:00,338.95,338.95,338.75,338.85,449
PRAJIND,2026-06-01 14:57:00,338.9,338.9,338.55,338.75,963
PRAJIND,2026-06-01 14:58:00,338.6,338.6,338.5,338.5,525
PRAJIND,2026-06-01 14:59:00,338.7,339.1,338.5,338.6,5173
PRAJIND,2026-06-01 15:00:00,338.65,338.65,338.35,338.45,4208
PRAJIND,2026-06-01 15:01:00,338.55,338.8,338.35,338.5,3285
PRAJIND,2026-06-01 15:02:00,338.5,338.5,338.25,338.3,2345
PRAJIND,2026-06-01 15:03:00,338.3,338.3,338.1,338.25,2196
PRAJIND,2026-06-01 15:04:00,338.2,338.6,338.2,338.6,4073
PRAJIND,2026-06-01 15:05:00,338.75,338.85,338.7,338.85,1481
PRAJIND,2026-06-01 15:06:00,338.8,338.95,338.7,338.75,2158
PRAJIND,2026-06-01 15:07:00,338.75,338.8,338.7,338.7,4116
PRAJIND,2026-06-01 15:08:00,338.75,339.85,338.7,339.25,4530
PRAJIND,2026-06-01 15:09:00,339.3,339.65,339.15,339.2,9635
PRAJIND,2026-06-01 15:10:00,339.0,339.55,339.0,339.3,3295
PRAJIND,2026-06-01 15:11:00,339.4,339.7,339.15,339.2,2437
PRAJIND,2026-06-01 15:12:00,339.1,339.1,338.9,339.0,3558
PRAJIND,2026-06-01 15:13:00,339.0,339.0,338.8,338.85,3047
PRAJIND,2026-06-01 15:14:00,338.95,339.0,338.85,338.9,5385
PRAJIND,2026-06-01 15:15:00,338.9,338.9,338.35,338.6,9288
PRAJIND,2026-06-01 15:16:00,338.75,338.75,338.15,338.4,9309
PRAJIND,2026-06-01 15:17:00,338.5,338.9,338.5,338.9,3001
PRAJIND,2026-06-01 15:18:00,338.85,339.0,338.5,338.9,7544
PRAJIND,2026-06-01 15:19:00,338.85,338.9,338.55,338.7,13955
PRAJIND,2026-06-01 15:20:00,338.7,338.9,338.4,338.5,7604
PRAJIND,2026-06-01 15:21:00,338.4,338.6,338.0,338.25,4736
PRAJIND,2026-06-01 15:22:00,338.2,338.2,337.8,338.0,1592
PRAJIND,2026-06-01 15:23:00,337.95,338.0,337.65,338.0,3856
PRAJIND,2026-06-01 15:24:00,338.0,338.0,337.25,337.55,17031
PRAJIND,2026-06-01 15:25:00,337.55,337.55,336.55,336.9,9366
PRAJIND,2026-06-01 15:26:00,336.9,336.9,336.8,336.9,2191
PRAJIND,2026-06-01 15:27:00,336.85,336.9,336.3,336.45,7099
PRAJIND,2026-06-01 15:28:00,336.5,336.55,336.15,336.2,5156
PRAJIND,2026-06-01 15:29:00,336.4,336.8,336.15,336.8,6059
PRAJIND,2026-06-02 09:15:00,335.0,335.0,333.0,333.6,29988
PRAJIND,2026-06-02 09:16:00,333.5,333.5,332.15,332.5,5669
PRAJIND,2026-06-02 09:17:00,332.65,332.95,332.1,332.9,9124
PRAJIND,2026-06-02 09:18:00,333.0,334.5,333.0,334.5,9436
PRAJIND,2026-06-02 09:19:00,334.5,336.7,334.5,336.65,40639
PRAJIND,2026-06-02 09:20:00,336.55,337.85,336.5,337.15,21549
PRAJIND,2026-06-02 09:21:00,337.5,338.25,336.8,336.8,6810
PRAJIND,2026-06-02 09:22:00,337.0,338.6,337.0,337.8,11329
PRAJIND,2026-06-02 09:23:00,338.0,340.0,338.0,339.35,13685
PRAJIND,2026-06-02 09:24:00,339.35,339.65,338.95,339.45,6826
PRAJIND,2026-06-02 09:25:00,339.55,339.75,339.15,339.15,4535
PRAJIND,2026-06-02 09:26:00,338.8,340.05,338.8,340.0,10144
PRAJIND,2026-06-02 09:27:00,340.0,340.95,338.8,339.0,11869
PRAJIND,2026-06-02 09:28:00,338.75,338.95,338.15,338.15,13981
PRAJIND,2026-06-02 09:29:00,338.15,338.7,338.15,338.5,2002
PRAJIND,2026-06-02 09:30:00,338.6,338.6,338.15,338.15,2486
PRAJIND,2026-06-02 09:31:00,338.0,338.05,337.05,338.05,9413
PRAJIND,2026-06-02 09:32:00,338.6,338.75,338.1,338.4,4558
PRAJIND,2026-06-02 09:33:00,338.4,338.6,338.15,338.2,1774
PRAJIND,2026-06-02 09:34:00,338.5,339.15,338.15,339.15,5218
PRAJIND,2026-06-02 09:35:00,339.05,340.2,338.6,340.2,3168
PRAJIND,2026-06-02 09:36:00,339.85,341.25,339.8,340.3,9526
PRAJIND,2026-06-02 09:37:00,340.4,342.0,340.25,342.0,15535
PRAJIND,2026-06-02 09:38:00,340.5,340.5,340.05,340.15,6786
PRAJIND,2026-06-02 09:39:00,340.35,340.8,340.15,340.3,5126
PRAJIND,2026-06-02 09:40:00,340.3,341.0,340.2,340.25,3914
PRAJIND,2026-06-02 09:41:00,340.55,340.7,340.2,340.45,3724
PRAJIND,2026-06-02 09:42:00,340.25,340.25,338.4,338.4,5563
PRAJIND,2026-06-02 09:43:00,338.85,339.45,338.35,339.45,3212
PRAJIND,2026-06-02 09:44:00,339.3,339.3,338.85,338.85,2213
PRAJIND,2026-06-02 09:45:00,339.05,339.25,338.6,339.25,2259
PRAJIND,2026-06-02 09:46:00,339.4,339.75,339.15,339.5,1341
PRAJIND,2026-06-02 09:47:00,339.4,339.5,338.85,339.15,4655
PRAJIND,2026-06-02 09:48:00,339.25,339.25,338.5,338.6,3167
PRAJIND,2026-06-02 09:49:00,338.85,339.7,338.5,339.35,3833
PRAJIND,2026-06-02 09:50:00,339.15,339.8,339.15,339.55,2242
PRAJIND,2026-06-02 09:51:00,339.55,339.7,339.3,339.7,858
PRAJIND,2026-06-02 09:52:00,339.7,339.7,339.45,339.5,2500
PRAJIND,2026-06-02 09:53:00,339.5,340.1,339.35,340.1,3122
PRAJIND,2026-06-02 09:54:00,340.15,340.3,339.65,340.15,2318
PRAJIND,2026-06-02 09:55:00,340.15,340.55,340.0,340.55,652
PRAJIND,2026-06-02 09:56:00,340.55,340.55,340.0,340.0,2804
PRAJIND,2026-06-02 09:57:00,340.0,340.65,340.0,340.55,1055
PRAJIND,2026-06-02 09:58:00,340.55,340.55,340.4,340.4,653
PRAJIND,2026-06-02 09:59:00,340.5,340.75,340.2,340.65,1103
PRAJIND,2026-06-02 10:00:00,340.65,340.65,340.15,340.5,693
PRAJIND,2026-06-02 10:01:00,340.5,340.65,340.4,340.4,742
PRAJIND,2026-06-02 10:02:00,340.1,340.5,340.1,340.45,308
PRAJIND,2026-06-02 10:03:00,340.45,340.6,340.15,340.2,2698
PRAJIND,2026-06-02 10:04:00,340.2,340.45,340.2,340.4,573
PRAJIND,2026-06-02 10:05:00,340.4,340.85,340.4,340.85,7268
PRAJIND,2026-06-02 10:06:00,340.85,340.85,340.2,340.2,2015
PRAJIND,2026-06-02 10:07:00,340.05,340.2,339.55,339.85,3364
PRAJIND,2026-06-02 10:08:00,339.85,342.3,339.85,341.0,32845
PRAJIND,2026-06-02 10:09:00,341.45,341.95,341.2,341.45,4720
PRAJIND,2026-06-02 10:10:00,340.9,341.0,340.4,340.85,1994
PRAJIND,2026-06-02 10:11:00,340.85,341.45,340.85,340.85,1472
PRAJIND,2026-06-02 10:12:00,340.9,340.9,340.75,340.85,472
PRAJIND,2026-06-02 10:13:00,340.85,340.85,340.35,340.8,109
PRAJIND,2026-06-02 10:14:00,340.8,340.8,339.9,339.9,327
PRAJIND,2026-06-02 10:15:00,339.7,339.85,339.2,339.5,2929
PRAJIND,2026-06-02 10:16:00,339.5,339.5,338.75,338.95,3340
PRAJIND,2026-06-02 10:17:00,338.95,339.25,338.55,339.25,3549
PRAJIND,2026-06-02 10:18:00,339.25,339.55,339.1,339.4,574
PRAJIND,2026-06-02 10:19:00,339.4,339.85,339.4,339.85,406
PRAJIND,2026-06-02 10:20:00,339.75,340.25,339.65,340.25,2228
PRAJIND,2026-06-02 10:21:00,340.25,340.65,340.0,340.25,3420
PRAJIND,2026-06-02 10:22:00,340.25,340.7,340.25,340.4,769
PRAJIND,2026-06-02 10:23:00,340.4,341.4,340.4,341.15,2143
PRAJIND,2026-06-02 10:24:00,341.15,341.45,341.0,341.0,1097
PRAJIND,2026-06-02 10:25:00,341.0,341.25,341.0,341.25,101
PRAJIND,2026-06-02 10:26:00,341.25,341.85,341.25,341.85,1204
PRAJIND,2026-06-02 10:27:00,341.85,342.0,341.4,341.4,2396
PRAJIND,2026-06-02 10:28:00,341.4,341.7,341.4,341.7,958
PRAJIND,2026-06-02 10:29:00,341.7,341.8,341.5,341.8,574
PRAJIND,2026-06-02 10:30:00,341.8,341.8,341.6,341.6,258
PRAJIND,2026-06-02 10:31:00,341.6,341.6,340.85,341.1,1368
PRAJIND,2026-06-02 10:32:00,341.1,341.25,340.85,341.25,681
PRAJIND,2026-06-02 10:33:00,341.2,341.2,340.9,341.15,863
PRAJIND,2026-06-02 10:34:00,340.9,341.2,340.9,341.15,449
PRAJIND,2026-06-02 10:35:00,341.15,341.15,340.6,340.85,1123
PRAJIND,2026-06-02 10:36:00,340.85,341.65,340.85,340.85,1335
PRAJIND,2026-06-02 10:37:00,340.85,341.4,340.85,341.2,174
PRAJIND,2026-06-02 10:38:00,341.2,341.6,341.2,341.3,1827
PRAJIND,2026-06-02 10:39:00,341.55,342.2,341.45,342.2,4081
PRAJIND,2026-06-02 10:40:00,342.2,342.4,342.0,342.2,2880
PRAJIND,2026-06-02 10:41:00,342.2,342.6,342.2,342.6,6688
PRAJIND,2026-06-02 10:42:00,341.85,342.0,341.7,341.95,1733
PRAJIND,2026-06-02 10:43:00,341.95,342.25,341.95,342.1,7967
PRAJIND,2026-06-02 10:44:00,342.1,342.1,341.3,341.3,2040
PRAJIND,2026-06-02 10:45:00,341.3,341.45,341.2,341.4,3108
PRAJIND,2026-06-02 10:46:00,341.3,341.3,340.85,341.15,2212
PRAJIND,2026-06-02 10:47:00,341.3,341.35,341.2,341.3,2333
PRAJIND,2026-06-02 10:48:00,341.4,341.4,341.3,341.4,116
PRAJIND,2026-06-02 10:49:00,341.15,341.4,340.55,340.65,1909
PRAJIND,2026-06-02 10:50:00,340.65,340.8,340.6,340.6,2176
PRAJIND,2026-06-02 10:51:00,340.6,340.75,340.6,340.75,407
PRAJIND,2026-06-02 10:52:00,340.75,340.8,340.3,340.45,1778
PRAJIND,2026-06-02 10:53:00,340.45,340.45,339.6,339.75,9087
PRAJIND,2026-06-02 10:54:00,339.75,339.75,339.0,339.35,2526
PRAJIND,2026-06-02 10:55:00,339.15,339.35,338.95,339.0,2915
PRAJIND,2026-06-02 10:56:00,339.15,339.35,339.15,339.15,1661
PRAJIND,2026-06-02 10:57:00,339.15,339.8,339.15,339.55,1321
PRAJIND,2026-06-02 10:58:00,339.55,339.75,339.5,339.5,410
PRAJIND,2026-06-02 10:59:00,339.5,340.15,339.5,339.6,1260
PRAJIND,2026-06-02 11:00:00,339.9,340.1,339.75,339.85,545
PRAJIND,2026-06-02 11:01:00,340.15,340.3,339.9,340.1,596
PRAJIND,2026-06-02 11:02:00,340.3,340.3,339.5,339.7,251
PRAJIND,2026-06-02 11:03:00,339.7,339.7,339.45,339.65,465
PRAJIND,2026-06-02 11:04:00,339.65,339.65,339.2,339.35,1205
PRAJIND,2026-06-02 11:05:00,339.35,339.5,339.25,339.3,942
PRAJIND,2026-06-02 11:06:00,339.2,339.5,339.2,339.45,46
PRAJIND,2026-06-02 11:07:00,339.45,339.45,339.1,339.3,868
PRAJIND,2026-06-02 11:08:00,339.3,339.3,338.8,338.9,737
PRAJIND,2026-06-02 11:09:00,338.9,338.9,338.8,338.8,179
PRAJIND,2026-06-02 11:10:00,338.8,338.9,338.8,338.9,97
PRAJIND,2026-06-02 11:11:00,338.9,339.1,338.85,338.85,501
PRAJIND,2026-06-02 11:12:00,338.85,339.0,338.85,339.0,20
PRAJIND,2026-06-02 11:13:00,339.0,339.85,339.0,339.65,2613
PRAJIND,2026-06-02 11:14:00,339.65,341.35,339.65,340.95,2203
PRAJIND,2026-06-02 11:15:00,340.95,343.8,340.95,343.8,21353
PRAJIND,2026-06-02 11:16:00,343.7,343.9,342.95,343.45,6388
PRAJIND,2026-06-02 11:17:00,343.45,343.75,343.25,343.6,4667
PRAJIND,2026-06-02 11:18:00,344.0,344.65,343.6,344.55,7436
PRAJIND,2026-06-02 11:19:00,344.7,345.0,344.6,344.85,7574
PRAJIND,2026-06-02 11:20:00,344.9,348.65,344.9,348.05,36715
PRAJIND,2026-06-02 11:21:00,348.2,349.0,347.6,348.8,49018
PRAJIND,2026-06-02 11:22:00,348.8,350.75,348.6,349.75,63465
PRAJIND,2026-06-02 11:23:00,349.75,350.15,349.15,350.0,28008
PRAJIND,2026-06-02 11:24:00,350.0,351.6,349.55,349.85,53858
PRAJIND,2026-06-02 11:25:00,349.85,350.0,349.15,349.2,11556
PRAJIND,2026-06-02 11:26:00,349.1,349.95,348.55,349.85,19968
PRAJIND,2026-06-02 11:27:00,349.85,349.85,348.55,349.55,26742
PRAJIND,2026-06-02 11:28:00,349.55,349.7,348.6,348.6,9731
PRAJIND,2026-06-02 11:29:00,348.6,349.0,348.15,348.55,19805
PRAJIND,2026-06-02 11:30:00,348.55,348.7,348.15,348.15,1656
PRAJIND,2026-06-02 11:31:00,348.0,348.45,348.0,348.3,16061
PRAJIND,2026-06-02 11:32:00,348.15,348.4,347.6,348.25,10604
PRAJIND,2026-06-02 11:33:00,347.8,348.2,347.65,348.0,6241
PRAJIND,2026-06-02 11:34:00,348.0,348.55,348.0,348.35,6565
PRAJIND,2026-06-02 11:35:00,348.35,348.9,348.0,348.85,5246
PRAJIND,2026-06-02 11:36:00,348.95,348.95,348.55,348.75,7003
PRAJIND,2026-06-02 11:37:00,348.55,348.55,347.8,348.0,3075
PRAJIND,2026-06-02 11:38:00,348.0,348.0,347.5,347.5,5907
PRAJIND,2026-06-02 11:39:00,347.55,347.75,347.5,347.65,2213
PRAJIND,2026-06-02 11:40:00,347.65,348.85,347.5,348.8,5212
PRAJIND,2026-06-02 11:41:00,348.35,348.35,347.0,347.0,8484
PRAJIND,2026-06-02 11:42:00,347.0,347.5,346.95,347.5,15030
PRAJIND,2026-06-02 11:43:00,346.95,347.4,346.95,347.15,7439
PRAJIND,2026-06-02 11:44:00,347.35,347.4,347.0,347.25,3880
PRAJIND,2026-06-02 11:45:00,347.25,348.15,347.25,348.05,2999
PRAJIND,2026-06-02 11:46:00,348.05,348.15,347.5,347.75,3044
PRAJIND,2026-06-02 11:47:00,347.75,347.75,347.2,347.3,957
PRAJIND,2026-06-02 11:48:00,347.45,347.45,347.1,347.4,572
PRAJIND,2026-06-02 11:49:00,347.4,347.4,347.1,347.3,2676
PRAJIND,2026-06-02 11:50:00,347.3,347.35,347.1,347.3,2305
PRAJIND,2026-06-02 11:51:00,347.45,347.65,347.3,347.45,1721
PRAJIND,2026-06-02 11:52:00,347.45,347.45,347.25,347.3,1248
PRAJIND,2026-06-02 11:53:00,347.3,347.55,347.3,347.5,119
PRAJIND,2026-06-02 11:54:00,347.3,347.4,347.15,347.4,321
PRAJIND,2026-06-02 11:55:00,347.4,347.4,347.15,347.25,1647
PRAJIND,2026-06-02 11:56:00,347.25,348.6,347.25,348.45,3294
PRAJIND,2026-06-02 11:57:00,348.45,348.45,347.1,347.25,5712
PRAJIND,2026-06-02 11:58:00,347.25,347.3,347.05,347.25,2076
PRAJIND,2026-06-02 11:59:00,347.25,347.25,347.0,347.2,1487
PRAJIND,2026-06-02 12:00:00,347.2,347.25,347.05,347.05,1297
PRAJIND,2026-06-02 12:01:00,347.05,347.05,346.9,347.05,3547
PRAJIND,2026-06-02 12:02:00,347.05,347.05,347.05,347.05,52
PRAJIND,2026-06-02 12:03:00,347.05,347.15,346.5,346.5,6439
PRAJIND,2026-06-02 12:04:00,346.5,346.65,346.5,346.6,603
PRAJIND,2026-06-02 12:05:00,346.6,346.7,346.5,346.5,1210
PRAJIND,2026-06-02 12:06:00,346.5,346.6,346.5,346.6,508
PRAJIND,2026-06-02 12:07:00,346.6,346.9,346.5,346.85,4803
PRAJIND,2026-06-02 12:08:00,346.85,347.5,346.55,347.15,10228
PRAJIND,2026-06-02 12:09:00,347.15,347.15,347.0,347.0,2046
PRAJIND,2026-06-02 12:10:00,347.0,347.0,346.8,346.8,173
PRAJIND,2026-06-02 12:11:00,346.8,347.0,346.6,346.6,1814
PRAJIND,2026-06-02 12:12:00,346.6,346.8,346.3,346.3,4016
PRAJIND,2026-06-02 12:13:00,346.3,346.55,346.3,346.3,5215
PRAJIND,2026-06-02 12:14:00,346.3,346.3,346.2,346.3,1835
PRAJIND,2026-06-02 12:15:00,346.3,346.35,346.25,346.35,619
PRAJIND,2026-06-02 12:16:00,346.35,347.25,346.35,347.05,4046
PRAJIND,2026-06-02 12:17:00,346.75,347.0,346.75,346.8,2860
PRAJIND,2026-06-02 12:18:00,347.0,347.1,346.85,347.0,766
PRAJIND,2026-06-02 12:19:00,347.0,347.0,346.85,346.85,37
PRAJIND,2026-06-02 12:20:00,346.8,346.85,346.8,346.85,708
PRAJIND,2026-06-02 12:21:00,346.8,346.8,346.6,346.7,898
PRAJIND,2026-06-02 12:22:00,346.7,346.7,346.0,346.45,4522
PRAJIND,2026-06-02 12:23:00,346.45,346.45,346.05,346.05,3409
PRAJIND,2026-06-02 12:24:00,346.05,346.05,345.9,345.9,1304
PRAJIND,2026-06-02 12:25:00,346.0,346.7,346.0,346.7,5322
PRAJIND,2026-06-02 12:26:00,346.7,346.85,346.65,346.85,1138
PRAJIND,2026-06-02 12:27:00,346.85,346.85,346.7,346.8,138
PRAJIND,2026-06-02 12:28:00,346.8,346.85,346.55,346.55,3375
PRAJIND,2026-06-02 12:29:00,346.55,346.55,346.15,346.15,355
PRAJIND,2026-06-02 12:30:00,346.15,346.5,346.15,346.5,1717
PRAJIND,2026-06-02 12:31:00,346.5,346.65,345.85,345.85,2175
PRAJIND,2026-06-02 12:32:00,345.85,346.25,345.85,346.1,7133
PRAJIND,2026-06-02 12:33:00,346.1,346.35,346.1,346.2,1366
PRAJIND,2026-06-02 12:34:00,346.25,346.45,346.0,346.0,9313
PRAJIND,2026-06-02 12:35:00,346.0,346.0,345.45,345.9,9188
PRAJIND,2026-06-02 12:36:00,345.9,345.95,345.4,345.8,1202
PRAJIND,2026-06-02 12:37:00,345.8,345.85,345.6,345.85,4383
PRAJIND,2026-06-02 12:38:00,345.85,345.85,345.6,345.6,3025
PRAJIND,2026-06-02 12:39:00,345.6,345.6,345.35,345.35,3034
PRAJIND,2026-06-02 12:40:00,345.35,345.6,345.15,345.6,15164
PRAJIND,2026-06-02 12:41:00,345.6,345.6,345.5,345.6,1289
PRAJIND,2026-06-02 12:42:00,345.35,345.5,345.35,345.5,604
PRAJIND,2026-06-02 12:43:00,345.35,345.6,345.35,345.55,5968
PRAJIND,2026-06-02 12:44:00,345.55,345.55,345.4,345.4,21
PRAJIND,2026-06-02 12:45:00,345.4,345.4,345.0,345.2,9707
PRAJIND,2026-06-02 12:46:00,345.25,345.45,345.05,345.05,3373
PRAJIND,2026-06-02 12:47:00,345.25,346.4,345.25,346.4,5440
PRAJIND,2026-06-02 12:48:00,346.4,346.4,346.15,346.3,417
PRAJIND,2026-06-02 12:49:00,346.3,346.3,345.85,345.85,456
PRAJIND,2026-06-02 12:50:00,345.85,346.15,345.8,346.1,1558
PRAJIND,2026-06-02 12:51:00,346.1,346.1,345.95,346.1,122
PRAJIND,2026-06-02 12:52:00,346.1,346.4,346.0,346.4,705
PRAJIND,2026-06-02 12:53:00,346.4,346.45,346.15,346.4,1252
PRAJIND,2026-06-02 12:54:00,346.4,346.4,345.8,345.8,750
PRAJIND,2026-06-02 12:55:00,345.7,345.8,345.25,345.25,18872
PRAJIND,2026-06-02 12:56:00,345.25,345.5,345.15,345.45,1796
PRAJIND,2026-06-02 12:57:00,345.1,345.65,345.1,345.65,4410
PRAJIND,2026-06-02 12:58:00,345.65,345.85,345.65,345.85,813
PRAJIND,2026-06-02 12:59:00,345.85,345.9,345.75,345.75,2294
PRAJIND,2026-06-02 13:00:00,345.65,345.65,345.4,345.4,1296
PRAJIND,2026-06-02 13:01:00,345.6,345.85,345.55,345.6,1214
PRAJIND,2026-06-02 13:02:00,345.6,345.6,345.6,345.6,26
PRAJIND,2026-06-02 13:03:00,345.2,345.6,345.2,345.45,4313
PRAJIND,2026-06-02 13:04:00,345.45,345.5,345.2,345.5,718
PRAJIND,2026-06-02 13:05:00,345.6,345.8,345.6,345.65,687
PRAJIND,2026-06-02 13:06:00,345.65,345.65,345.6,345.6,3
PRAJIND,2026-06-02 13:07:00,345.6,346.0,345.05,345.95,7279
PRAJIND,2026-06-02 13:08:00,345.95,346.3,345.95,346.3,1783
PRAJIND,2026-06-02 13:09:00,346.3,347.55,346.3,346.7,5692
PRAJIND,2026-06-02 13:10:00,346.7,346.8,346.7,346.8,1619
PRAJIND,2026-06-02 13:11:00,346.8,346.8,346.2,346.45,1130
PRAJIND,2026-06-02 13:12:00,346.45,346.75,346.45,346.6,454
PRAJIND,2026-06-02 13:13:00,346.6,346.75,346.55,346.55,381
PRAJIND,2026-06-02 13:14:00,346.55,346.55,346.25,346.25,153
PRAJIND,2026-06-02 13:15:00,346.25,346.5,346.25,346.45,734
PRAJIND,2026-06-02 13:16:00,346.45,346.45,346.25,346.45,255
PRAJIND,2026-06-02 13:17:00,346.0,346.4,346.0,346.4,1304
PRAJIND,2026-06-02 13:18:00,346.4,346.8,346.15,346.8,1275
PRAJIND,2026-06-02 13:19:00,346.8,346.95,346.6,346.75,2009
PRAJIND,2026-06-02 13:20:00,346.75,346.75,346.4,346.4,330
PRAJIND,2026-06-02 13:21:00,346.4,346.65,346.4,346.45,304
PRAJIND,2026-06-02 13:22:00,346.45,346.65,346.45,346.65,384
PRAJIND,2026-06-02 13:23:00,346.5,346.5,346.4,346.4,284
PRAJIND,2026-06-02 13:24:00,346.4,346.4,346.35,346.35,460
PRAJIND,2026-06-02 13:25:00,346.6,346.65,346.55,346.65,69
PRAJIND,2026-06-02 13:26:00,346.65,346.75,346.65,346.75,93
PRAJIND,2026-06-02 13:27:00,346.75,346.75,346.7,346.7,534
PRAJIND,2026-06-02 13:28:00,346.7,346.7,346.4,346.4,792
PRAJIND,2026-06-02 13:29:00,346.4,346.4,346.35,346.35,34
PRAJIND,2026-06-02 13:30:00,346.35,348.0,346.35,347.5,12077
PRAJIND,2026-06-02 13:31:00,347.3,347.5,347.3,347.35,875
PRAJIND,2026-06-02 13:32:00,347.35,347.35,347.0,347.1,618
PRAJIND,2026-06-02 13:33:00,347.1,347.6,347.1,347.35,2174
PRAJIND,2026-06-02 13:34:00,347.4,347.55,347.25,347.25,329
PRAJIND,2026-06-02 13:35:00,347.4,347.65,347.1,347.1,910
PRAJIND,2026-06-02 13:36:00,347.05,347.1,347.0,347.1,1065
PRAJIND,2026-06-02 13:37:00,347.1,347.3,347.0,347.0,1101
PRAJIND,2026-06-02 13:38:00,347.0,347.2,347.0,347.0,414
PRAJIND,2026-06-02 13:39:00,347.0,347.2,346.7,346.9,685
PRAJIND,2026-06-02 13:40:00,346.85,347.0,346.85,346.85,77
PRAJIND,2026-06-02 13:41:00,347.1,347.1,346.55,347.05,2474
PRAJIND,2026-06-02 13:42:00,347.05,347.1,346.95,347.1,152
PRAJIND,2026-06-02 13:43:00,346.95,347.2,346.95,347.2,3274
PRAJIND,2026-06-02 13:44:00,347.2,347.2,347.05,347.05,309
PRAJIND,2026-06-02 13:45:00,347.05,347.3,347.05,347.3,1022
PRAJIND,2026-06-02 13:46:00,347.3,347.8,347.3,347.65,2410
PRAJIND,2026-06-02 13:47:00,347.75,347.9,347.55,347.55,3930
PRAJIND,2026-06-02 13:48:00,347.5,347.8,347.5,347.8,651
PRAJIND,2026-06-02 13:49:00,347.8,347.85,347.6,347.85,1988
PRAJIND,2026-06-02 13:50:00,347.75,348.25,347.75,348.25,2429
PRAJIND,2026-06-02 13:51:00,348.3,350.1,347.2,347.2,23625
PRAJIND,2026-06-02 13:52:00,347.2,347.75,347.15,347.75,945
PRAJIND,2026-06-02 13:53:00,347.75,347.75,347.25,347.25,25
PRAJIND,2026-06-02 13:54:00,347.25,347.8,347.25,347.8,886
PRAJIND,2026-06-02 13:55:00,347.8,347.85,347.7,347.85,53
PRAJIND,2026-06-02 13:56:00,347.85,348.0,347.85,348.0,710
PRAJIND,2026-06-02 13:57:00,348.15,348.15,347.9,348.0,1224
PRAJIND,2026-06-02 13:58:00,348.1,348.1,347.35,347.8,1873
PRAJIND,2026-06-02 13:59:00,347.8,347.95,347.65,347.8,377
PRAJIND,2026-06-02 14:00:00,347.8,347.8,347.65,347.8,158
PRAJIND,2026-06-02 14:01:00,347.8,348.45,347.8,348.45,2219
PRAJIND,2026-06-02 14:02:00,348.5,348.5,348.3,348.3,266
PRAJIND,2026-06-02 14:03:00,348.3,348.3,348.1,348.3,400
PRAJIND,2026-06-02 14:04:00,348.5,348.85,348.45,348.8,859
PRAJIND,2026-06-02 14:05:00,348.85,349.15,348.75,349.15,438
PRAJIND,2026-06-02 14:06:00,349.15,349.15,348.5,348.7,2746
PRAJIND,2026-06-02 14:07:00,348.7,348.7,348.4,348.4,200
PRAJIND,2026-06-02 14:08:00,348.6,348.6,348.1,348.1,1869
PRAJIND,2026-06-02 14:09:00,348.1,348.6,348.1,348.4,986
PRAJIND,2026-06-02 14:10:00,348.4,348.55,348.25,348.55,527
PRAJIND,2026-06-02 14:11:00,348.55,348.55,348.55,348.55,21
PRAJIND,2026-06-02 14:12:00,348.55,348.55,348.3,348.55,274
PRAJIND,2026-06-02 14:13:00,348.55,348.55,348.3,348.3,752
PRAJIND,2026-06-02 14:14:00,348.25,348.3,348.1,348.1,654
PRAJIND,2026-06-02 14:15:00,348.55,348.95,348.55,348.75,3500
PRAJIND,2026-06-02 14:16:00,348.75,348.75,348.35,348.5,977
PRAJIND,2026-06-02 14:17:00,348.15,348.35,348.1,348.1,587
PRAJIND,2026-06-02 14:18:00,348.1,348.6,348.1,348.6,1376
PRAJIND,2026-06-02 14:19:00,348.6,348.6,348.1,348.1,909
PRAJIND,2026-06-02 14:20:00,348.1,348.3,348.1,348.15,792
PRAJIND,2026-06-02 14:21:00,348.3,348.3,348.15,348.3,703
PRAJIND,2026-06-02 14:22:00,348.3,348.7,348.25,348.3,2882
PRAJIND,2026-06-02 14:23:00,348.3,348.5,348.3,348.5,669
PRAJIND,2026-06-02 14:24:00,348.5,348.5,348.35,348.5,303
PRAJIND,2026-06-02 14:25:00,348.5,348.5,348.0,348.15,728
PRAJIND,2026-06-02 14:26:00,348.15,348.15,348.0,348.0,851
PRAJIND,2026-06-02 14:27:00,348.0,348.15,348.0,348.0,3278
PRAJIND,2026-06-02 14:28:00,348.0,348.5,348.0,348.45,3422
PRAJIND,2026-06-02 14:29:00,348.3,348.45,348.05,348.05,520
PRAJIND,2026-06-02 14:30:00,348.05,348.25,348.05,348.05,322
PRAJIND,2026-06-02 14:31:00,348.05,348.55,348.05,348.15,1011
PRAJIND,2026-06-02 14:32:00,348.0,348.0,347.85,347.85,1348
PRAJIND,2026-06-02 14:33:00,347.85,348.05,347.8,347.8,230
PRAJIND,2026-06-02 14:34:00,347.8,348.15,347.8,348.15,741
PRAJIND,2026-06-02 14:35:00,348.15,348.3,347.85,348.2,1997
PRAJIND,2026-06-02 14:36:00,348.2,348.2,347.95,348.1,11
PRAJIND,2026-06-02 14:37:00,347.5,347.5,347.35,347.4,11203
PRAJIND,2026-06-02 14:38:00,347.35,347.4,347.35,347.4,152
PRAJIND,2026-06-02 14:39:00,347.4,347.4,347.1,347.1,3318
PRAJIND,2026-06-02 14:40:00,347.1,347.1,346.85,347.0,4400
PRAJIND,2026-06-02 14:41:00,347.0,347.05,346.85,346.85,832
PRAJIND,2026-06-02 14:42:00,346.85,347.2,346.85,346.95,2115
PRAJIND,2026-06-02 14:43:00,346.95,346.95,346.2,346.2,2341
PRAJIND,2026-06-02 14:44:00,346.2,346.75,346.2,346.75,77
PRAJIND,2026-06-02 14:45:00,346.75,346.85,346.55,346.65,846
PRAJIND,2026-06-02 14:46:00,346.65,347.4,346.65,347.4,3146
PRAJIND,2026-06-02 14:47:00,347.4,347.4,347.1,347.1,427
PRAJIND,2026-06-02 14:48:00,347.1,347.4,347.1,347.4,1265
PRAJIND,2026-06-02 14:49:00,347.4,347.4,347.05,347.3,621
PRAJIND,2026-06-02 14:50:00,347.6,347.75,347.55,347.75,294
PRAJIND,2026-06-02 14:51:00,347.6,347.7,347.5,347.7,888
PRAJIND,2026-06-02 14:52:00,347.7,347.7,347.35,347.35,916
PRAJIND,2026-06-02 14:53:00,347.55,347.7,347.35,347.7,398
PRAJIND,2026-06-02 14:54:00,347.45,347.6,347.45,347.6,630
PRAJIND,2026-06-02 14:55:00,347.4,347.4,347.4,347.4,462
PRAJIND,2026-06-02 14:56:00,347.2,347.7,347.2,347.2,3832
PRAJIND,2026-06-02 14:57:00,347.2,347.55,347.2,347.55,1232
PRAJIND,2026-06-02 14:58:00,347.55,347.55,347.45,347.45,1915
PRAJIND,2026-06-02 14:59:00,347.5,347.5,347.4,347.4,436
PRAJIND,2026-06-02 15:00:00,347.15,347.2,346.65,346.65,3997
PRAJIND,2026-06-02 15:01:00,346.8,347.05,346.7,347.0,1896
PRAJIND,2026-06-02 15:02:00,347.05,347.5,347.05,347.5,2041
PRAJIND,2026-06-02 15:03:00,347.5,347.7,347.35,347.7,1708
PRAJIND,2026-06-02 15:04:00,347.75,348.25,347.5,347.5,7573
PRAJIND,2026-06-02 15:05:00,347.7,348.0,347.65,347.8,1364
PRAJIND,2026-06-02 15:06:00,347.8,347.95,347.65,347.65,481
PRAJIND,2026-06-02 15:07:00,347.65,348.0,347.65,347.75,1140
PRAJIND,2026-06-02 15:08:00,347.7,348.0,347.7,347.75,1095
PRAJIND,2026-06-02 15:09:00,347.75,348.0,347.75,347.85,664
PRAJIND,2026-06-02 15:10:00,348.1,348.1,347.8,347.8,9061
PRAJIND,2026-06-02 15:11:00,347.9,347.95,347.75,347.95,1387
PRAJIND,2026-06-02 15:12:00,347.95,347.95,347.5,347.85,1778
PRAJIND,2026-06-02 15:13:00,347.85,348.35,347.7,348.35,5309
PRAJIND,2026-06-02 15:14:00,348.35,348.4,348.3,348.4,1042
PRAJIND,2026-06-02 15:15:00,348.45,348.8,348.45,348.65,2763
PRAJIND,2026-06-02 15:16:00,348.75,348.8,348.3,348.7,3946
PRAJIND,2026-06-02 15:17:00,348.6,348.7,348.3,348.4,4281
PRAJIND,2026-06-02 15:18:00,348.3,348.6,348.3,348.6,4021
PRAJIND,2026-06-02 15:19:00,348.6,348.8,348.5,348.6,756
PRAJIND,2026-06-02 15:20:00,348.65,349.0,348.5,348.5,6937
PRAJIND,2026-06-02 15:21:00,348.75,348.8,348.25,348.4,12538
PRAJIND,2026-06-02 15:22:00,348.45,348.45,348.35,348.4,603
PRAJIND,2026-06-02 15:23:00,348.4,348.4,348.3,348.4,1656
PRAJIND,2026-06-02 15:24:00,348.25,348.75,348.1,348.45,4941
PRAJIND,2026-06-02 15:25:00,350.85,350.85,349.35,349.35,15407
PRAJIND,2026-06-02 15:26:00,348.55,348.8,348.3,348.7,4235
PRAJIND,2026-06-02 15:27:00,348.7,349.45,348.65,349.1,5103
PRAJIND,2026-06-02 15:28:00,349.2,349.75,349.0,349.5,4217
PRAJIND,2026-06-02 15:29:00,349.75,349.75,349.55,349.75,4284
PRAJIND,2026-06-03 09:15:00,349.5,350.75,346.1,346.1,14064
PRAJIND,2026-06-03 09:16:00,346.05,346.5,345.4,346.5,4516
PRAJIND,2026-06-03 09:17:00,346.5,346.85,345.5,345.5,2936
PRAJIND,2026-06-03 09:18:00,346.0,346.0,345.5,345.5,3872
PRAJIND,2026-06-03 09:19:00,344.8,345.3,344.45,344.7,11689
PRAJIND,2026-06-03 09:20:00,344.75,345.3,344.35,345.3,5602
PRAJIND,2026-06-03 09:21:00,345.5,345.5,344.45,344.8,2743
PRAJIND,2026-06-03 09:22:00,344.8,345.65,344.45,345.3,2674
PRAJIND,2026-06-03 09:23:00,345.15,345.25,344.5,345.1,6063
PRAJIND,2026-06-03 09:24:00,345.25,345.35,344.8,345.15,1403
PRAJIND,2026-06-03 09:25:00,344.3,345.1,343.9,345.0,7178
PRAJIND,2026-06-03 09:26:00,344.1,344.9,344.1,344.6,3056
PRAJIND,2026-06-03 09:27:00,344.55,344.75,344.35,344.45,1133
PRAJIND,2026-06-03 09:28:00,344.45,344.45,343.25,343.65,4810
PRAJIND,2026-06-03 09:29:00,343.5,344.0,343.5,344.0,5044
PRAJIND,2026-06-03 09:30:00,343.5,343.75,343.15,343.55,4194
PRAJIND,2026-06-03 09:31:00,343.55,344.4,343.1,344.4,4635
PRAJIND,2026-06-03 09:32:00,344.4,344.7,343.9,344.2,2345
PRAJIND,2026-06-03 09:33:00,344.25,344.25,343.5,343.8,1704
PRAJIND,2026-06-03 09:34:00,343.8,343.85,343.45,343.5,807
PRAJIND,2026-06-03 09:35:00,343.2,343.5,342.8,343.2,4354
PRAJIND,2026-06-03 09:36:00,343.4,344.0,343.4,343.5,1082
PRAJIND,2026-06-03 09:37:00,343.55,344.25,343.55,344.0,671
PRAJIND,2026-06-03 09:38:00,344.05,344.35,344.0,344.05,2050
PRAJIND,2026-06-03 09:39:00,344.05,345.0,344.0,345.0,2245
PRAJIND,2026-06-03 09:40:00,345.0,345.0,343.6,343.85,1140
PRAJIND,2026-06-03 09:41:00,343.85,344.1,343.75,343.85,551
PRAJIND,2026-06-03 09:42:00,343.9,344.2,343.9,344.0,88
PRAJIND,2026-06-03 09:43:00,344.35,344.45,343.85,343.95,571
PRAJIND,2026-06-03 09:44:00,343.95,343.95,343.65,343.95,294
PRAJIND,2026-06-03 09:45:00,343.95,343.95,343.85,343.85,1605
PRAJIND,2026-06-03 09:46:00,343.85,344.0,343.55,344.0,3242
PRAJIND,2026-06-03 09:47:00,343.65,344.0,343.25,343.45,2007
PRAJIND,2026-06-03 09:48:00,343.65,344.05,343.5,343.7,1760
PRAJIND,2026-06-03 09:49:00,343.7,343.8,343.4,343.4,2634
PRAJIND,2026-06-03 09:50:00,343.35,343.7,343.25,343.55,2013
PRAJIND,2026-06-03 09:51:00,343.55,343.55,343.3,343.5,634
PRAJIND,2026-06-03 09:52:00,343.5,343.8,343.5,343.5,680
PRAJIND,2026-06-03 09:53:00,343.5,343.5,343.0,343.0,1493
PRAJIND,2026-06-03 09:54:00,343.0,343.35,342.5,342.6,755
PRAJIND,2026-06-03 09:55:00,342.6,342.9,342.1,342.4,4089
PRAJIND,2026-06-03 09:56:00,342.5,342.5,342.0,342.0,1648
PRAJIND,2026-06-03 09:57:00,342.0,342.35,342.0,342.35,4987
PRAJIND,2026-06-03 09:58:00,342.35,342.5,342.25,342.5,1925
PRAJIND,2026-06-03 09:59:00,342.5,342.6,342.25,342.3,737
PRAJIND,2026-06-03 10:00:00,342.25,342.25,342.0,342.25,1247
PRAJIND,2026-06-03 10:01:00,342.25,342.25,342.0,342.0,345
PRAJIND,2026-06-03 10:02:00,342.0,342.25,342.0,342.25,377
PRAJIND,2026-06-03 10:03:00,342.25,342.6,342.25,342.4,227
PRAJIND,2026-06-03 10:04:00,342.25,342.5,342.25,342.5,163
PRAJIND,2026-06-03 10:05:00,342.4,342.65,342.3,342.35,428
PRAJIND,2026-06-03 10:06:00,342.35,342.6,342.35,342.55,307
PRAJIND,2026-06-03 10:07:00,342.55,342.65,342.3,342.3,312
PRAJIND,2026-06-03 10:08:00,342.3,342.65,342.3,342.65,580
PRAJIND,2026-06-03 10:09:00,342.65,342.65,342.25,342.3,922
PRAJIND,2026-06-03 10:10:00,342.25,342.25,341.55,341.7,7330
PRAJIND,2026-06-03 10:11:00,341.7,342.05,341.55,342.05,1887
PRAJIND,2026-06-03 10:12:00,341.85,342.05,341.1,341.7,10130
PRAJIND,2026-06-03 10:13:00,341.7,341.7,341.5,341.5,1392
PRAJIND,2026-06-03 10:14:00,341.5,341.5,340.7,340.9,3133
PRAJIND,2026-06-03 10:15:00,341.15,341.15,340.6,341.0,4088
PRAJIND,2026-06-03 10:16:00,341.0,341.35,340.95,341.15,3854
PRAJIND,2026-06-03 10:17:00,341.1,341.1,341.0,341.0,63
PRAJIND,2026-06-03 10:18:00,341.0,341.6,341.0,341.6,1271
PRAJIND,2026-06-03 10:19:00,341.6,342.25,341.6,342.25,2311
PRAJIND,2026-06-03 10:20:00,342.0,342.0,341.55,341.85,1181
PRAJIND,2026-06-03 10:21:00,341.85,342.0,341.8,341.95,1646
PRAJIND,2026-06-03 10:22:00,341.85,342.0,341.8,341.9,1883
PRAJIND,2026-06-03 10:23:00,342.2,342.3,342.0,342.0,1109
PRAJIND,2026-06-03 10:24:00,341.9,342.15,341.55,342.15,1305
PRAJIND,2026-06-03 10:25:00,342.15,342.15,342.1,342.1,790
PRAJIND,2026-06-03 10:26:00,342.1,342.75,342.0,342.4,1229
PRAJIND,2026-06-03 10:27:00,342.4,342.5,342.3,342.4,1082
PRAJIND,2026-06-03 10:28:00,342.4,342.6,342.4,342.6,364
PRAJIND,2026-06-03 10:29:00,342.6,342.75,342.6,342.65,121
PRAJIND,2026-06-03 10:30:00,342.65,342.75,342.6,342.75,661
PRAJIND,2026-06-03 10:31:00,342.75,342.95,342.4,342.4,9502
PRAJIND,2026-06-03 10:32:00,342.4,342.55,342.1,342.1,1021
PRAJIND,2026-06-03 10:33:00,341.8,341.8,341.1,341.1,2112
PRAJIND,2026-06-03 10:34:00,341.1,341.2,340.45,341.0,7670
PRAJIND,2026-06-03 10:35:00,341.0,341.65,341.0,341.65,533
PRAJIND,2026-06-03 10:36:00,341.65,341.65,341.35,341.6,745
PRAJIND,2026-06-03 10:37:00,341.6,342.15,341.4,342.15,689
PRAJIND,2026-06-03 10:38:00,342.15,342.4,341.6,342.25,3243
PRAJIND,2026-06-03 10:39:00,342.25,342.55,342.25,342.35,1127
PRAJIND,2026-06-03 10:40:00,342.35,342.95,342.35,342.7,3052
PRAJIND,2026-06-03 10:41:00,342.85,342.95,342.6,342.95,1752
PRAJIND,2026-06-03 10:42:00,342.95,342.95,342.65,342.65,324
PRAJIND,2026-06-03 10:43:00,342.75,343.15,342.5,342.85,1428
PRAJIND,2026-06-03 10:44:00,342.9,343.2,342.9,342.95,398
PRAJIND,2026-06-03 10:45:00,342.95,343.2,342.75,343.2,56
PRAJIND,2026-06-03 10:46:00,343.2,343.2,342.6,342.6,695
PRAJIND,2026-06-03 10:47:00,342.85,342.85,342.85,342.85,8
PRAJIND,2026-06-03 10:48:00,342.85,342.85,342.4,342.65,381
PRAJIND,2026-06-03 10:49:00,342.65,342.9,342.65,342.7,106
PRAJIND,2026-06-03 10:50:00,342.7,342.9,342.65,342.85,235
PRAJIND,2026-06-03 10:51:00,342.8,342.85,342.55,342.55,60
PRAJIND,2026-06-03 10:52:00,342.45,342.45,342.0,342.2,2550
PRAJIND,2026-06-03 10:53:00,342.45,342.45,342.15,342.15,540
PRAJIND,2026-06-03 10:54:00,342.4,342.65,342.25,342.55,219
PRAJIND,2026-06-03 10:55:00,342.5,342.55,342.2,342.4,79
PRAJIND,2026-06-03 10:56:00,342.4,342.55,342.15,342.55,241
PRAJIND,2026-06-03 10:57:00,342.5,342.5,341.65,341.9,576
PRAJIND,2026-06-03 10:58:00,341.8,341.85,341.4,341.85,711
PRAJIND,2026-06-03 10:59:00,342.2,342.2,341.75,341.85,50
PRAJIND,2026-06-03 11:00:00,341.85,342.0,341.6,341.6,401
PRAJIND,2026-06-03 11:01:00,341.6,341.8,341.6,341.8,17
PRAJIND,2026-06-03 11:02:00,341.8,341.8,341.65,341.75,43
PRAJIND,2026-06-03 11:03:00,341.85,341.85,341.5,341.55,231
PRAJIND,2026-06-03 11:04:00,341.55,341.55,341.45,341.55,365
PRAJIND,2026-06-03 11:05:00,341.55,341.55,341.35,341.35,2
PRAJIND,2026-06-03 11:06:00,341.35,341.75,341.3,341.3,3186
PRAJIND,2026-06-03 11:07:00,341.5,341.5,341.3,341.3,24
PRAJIND,2026-06-03 11:08:00,341.3,341.3,341.3,341.3,2
PRAJIND,2026-06-03 11:09:00,341.3,341.6,341.3,341.55,77
PRAJIND,2026-06-03 11:10:00,341.55,341.6,341.3,341.4,733
PRAJIND,2026-06-03 11:11:00,341.4,341.65,341.3,341.55,273
PRAJIND,2026-06-03 11:12:00,341.6,341.65,341.3,341.65,215
PRAJIND,2026-06-03 11:13:00,341.65,341.65,341.3,341.65,1197
PRAJIND,2026-06-03 11:14:00,341.65,341.7,341.4,341.4,89
PRAJIND,2026-06-03 11:15:00,341.45,341.7,341.45,341.55,98
PRAJIND,2026-06-03 11:16:00,341.55,341.65,341.3,341.55,618
PRAJIND,2026-06-03 11:17:00,341.35,341.55,341.35,341.55,44
PRAJIND,2026-06-03 11:18:00,341.55,341.55,341.55,341.55,205
PRAJIND,2026-06-03 11:19:00,341.55,341.55,341.25,341.55,550
PRAJIND,2026-06-03 11:20:00,341.55,341.55,341.55,341.55,30
PRAJIND,2026-06-03 11:21:00,341.55,341.55,341.3,341.55,89
PRAJIND,2026-06-03 11:22:00,341.55,341.55,341.55,341.55,161
PRAJIND,2026-06-03 11:23:00,341.55,341.8,341.5,341.8,188
PRAJIND,2026-06-03 11:24:00,341.8,341.8,341.7,341.7,289
PRAJIND,2026-06-03 11:25:00,341.7,341.8,341.55,341.75,296
PRAJIND,2026-06-03 11:26:00,341.75,341.75,341.55,341.55,74
PRAJIND,2026-06-03 11:27:00,341.55,341.8,341.55,341.8,284
PRAJIND,2026-06-03 11:28:00,341.8,341.8,341.75,341.75,111
PRAJIND,2026-06-03 11:29:00,341.75,341.75,341.55,341.55,244
PRAJIND,2026-06-03 11:30:00,341.7,341.8,341.5,341.75,304
PRAJIND,2026-06-03 11:31:00,341.75,341.75,341.45,341.75,163
PRAJIND,2026-06-03 11:32:00,341.75,341.75,341.5,341.7,671
PRAJIND,2026-06-03 11:33:00,341.7,341.7,341.7,341.7,69
PRAJIND,2026-06-03 11:34:00,341.7,341.7,341.3,341.3,300
PRAJIND,2026-06-03 11:35:00,341.3,341.55,341.3,341.55,275
PRAJIND,2026-06-03 11:36:00,341.55,341.55,341.25,341.3,942
PRAJIND,2026-06-03 11:37:00,341.4,341.4,341.3,341.3,31
PRAJIND,2026-06-03 11:38:00,341.3,341.3,340.85,341.1,3069
PRAJIND,2026-06-03 11:39:00,341.1,341.35,341.1,341.35,505
PRAJIND,2026-06-03 11:40:00,341.3,341.3,340.85,341.15,1434
PRAJIND,2026-06-03 11:41:00,341.15,341.15,341.15,341.15,12
PRAJIND,2026-06-03 11:42:00,341.15,341.25,341.0,341.0,68
PRAJIND,2026-06-03 11:43:00,341.0,341.3,341.0,341.3,13
PRAJIND,2026-06-03 11:44:00,341.3,341.3,341.15,341.15,250
PRAJIND,2026-06-03 11:45:00,341.15,341.35,341.15,341.3,594
PRAJIND,2026-06-03 11:46:00,341.3,341.35,341.2,341.2,105
PRAJIND,2026-06-03 11:47:00,341.2,341.35,341.15,341.35,124
PRAJIND,2026-06-03 11:48:00,341.35,341.35,341.15,341.35,117
PRAJIND,2026-06-03 11:49:00,341.35,341.35,341.2,341.2,929
PRAJIND,2026-06-03 11:50:00,341.2,341.35,341.15,341.35,513
PRAJIND,2026-06-03 11:51:00,341.35,341.35,341.35,341.35,38
PRAJIND,2026-06-03 11:52:00,341.35,341.35,341.0,341.2,360
PRAJIND,2026-06-03 11:53:00,341.2,341.2,340.85,340.85,748
PRAJIND,2026-06-03 11:54:00,340.85,341.0,340.85,340.95,69
PRAJIND,2026-06-03 11:55:00,340.95,341.1,340.95,341.1,80
PRAJIND,2026-06-03 11:56:00,341.1,341.2,341.1,341.2,1024
PRAJIND,2026-06-03 11:57:00,341.2,341.35,341.15,341.35,757
PRAJIND,2026-06-03 11:58:00,341.3,341.35,341.3,341.35,180
PRAJIND,2026-06-03 11:59:00,341.35,341.35,341.0,341.0,628
PRAJIND,2026-06-03 12:00:00,341.0,341.1,340.85,341.1,124
PRAJIND,2026-06-03 12:01:00,341.1,341.2,340.8,341.0,902
PRAJIND,2026-06-03 12:02:00,341.0,341.0,340.85,340.85,8
PRAJIND,2026-06-03 12:03:00,341.05,341.05,340.7,340.7,917
PRAJIND,2026-06-03 12:04:00,340.7,340.7,340.35,340.4,1258
PRAJIND,2026-06-03 12:05:00,340.4,340.4,340.3,340.3,104
PRAJIND,2026-06-03 12:06:00,340.3,340.8,340.3,340.75,528
PRAJIND,2026-06-03 12:07:00,340.95,340.95,340.75,340.9,27
PRAJIND,2026-06-03 12:08:00,340.9,340.95,340.65,340.65,299
PRAJIND,2026-06-03 12:09:00,340.65,340.8,340.65,340.8,116
PRAJIND,2026-06-03 12:10:00,340.65,340.85,340.6,340.7,364
PRAJIND,2026-06-03 12:11:00,340.7,340.7,340.3,340.55,1161
PRAJIND,2026-06-03 12:12:00,340.3,340.45,340.2,340.2,935
PRAJIND,2026-06-03 12:13:00,340.5,340.5,340.4,340.4,96
PRAJIND,2026-06-03 12:14:00,340.4,340.7,340.4,340.7,260
PRAJIND,2026-06-03 12:15:00,340.7,340.7,340.5,340.5,152
PRAJIND,2026-06-03 12:16:00,340.5,340.7,340.5,340.6,518
PRAJIND,2026-06-03 12:17:00,340.6,340.75,340.5,340.7,423
PRAJIND,2026-06-03 12:18:00,340.7,340.7,340.5,340.7,165
PRAJIND,2026-06-03 12:19:00,340.7,340.7,340.55,340.55,74
PRAJIND,2026-06-03 12:20:00,340.55,340.7,340.55,340.55,247
PRAJIND,2026-06-03 12:21:00,340.55,340.9,340.55,340.7,2912
PRAJIND,2026-06-03 12:22:00,340.7,341.0,340.65,341.0,414
PRAJIND,2026-06-03 12:23:00,341.0,341.0,340.65,340.65,150
PRAJIND,2026-06-03 12:24:00,340.65,340.85,340.65,340.65,119
PRAJIND,2026-06-03 12:25:00,340.85,340.85,340.45,340.8,1137
PRAJIND,2026-06-03 12:26:00,340.8,340.8,340.5,340.5,888
PRAJIND,2026-06-03 12:27:00,340.5,340.85,340.5,340.85,148
PRAJIND,2026-06-03 12:28:00,340.85,340.95,340.8,340.95,174
PRAJIND,2026-06-03 12:29:00,341.1,341.25,340.55,340.6,3360
PRAJIND,2026-06-03 12:30:00,340.6,340.75,340.6,340.75,130
PRAJIND,2026-06-03 12:31:00,340.75,340.8,340.6,340.8,373
PRAJIND,2026-06-03 12:32:00,340.8,341.5,340.65,341.4,15448
PRAJIND,2026-06-03 12:33:00,341.4,341.6,341.05,341.6,1150
PRAJIND,2026-06-03 12:34:00,341.6,341.75,341.35,341.4,553
PRAJIND,2026-06-03 12:35:00,341.4,341.75,341.4,341.7,154
PRAJIND,2026-06-03 12:36:00,341.85,342.1,341.85,342.1,1258
PRAJIND,2026-06-03 12:37:00,342.1,342.1,341.35,341.35,1645
PRAJIND,2026-06-03 12:38:00,341.35,341.85,341.35,341.85,111
PRAJIND,2026-06-03 12:39:00,341.85,341.85,341.5,341.5,331
PRAJIND,2026-06-03 12:40:00,341.5,341.75,341.4,341.5,2157
PRAJIND,2026-06-03 12:41:00,341.5,341.65,341.5,341.65,271
PRAJIND,2026-06-03 12:42:00,341.85,342.35,341.6,342.25,1843
PRAJIND,2026-06-03 12:43:00,342.3,342.3,341.85,342.25,825
PRAJIND,2026-06-03 12:44:00,342.25,342.25,341.85,341.85,229
PRAJIND,2026-06-03 12:45:00,342.0,342.3,342.0,342.25,2394
PRAJIND,2026-06-03 12:46:00,342.25,342.25,342.0,342.0,2456
PRAJIND,2026-06-03 12:47:00,342.0,342.15,342.0,342.0,139
PRAJIND,2026-06-03 12:48:00,342.0,342.1,341.8,341.8,54
PRAJIND,2026-06-03 12:49:00,341.8,341.8,341.5,341.7,1474
PRAJIND,2026-06-03 12:50:00,341.7,341.75,341.7,341.7,28
PRAJIND,2026-06-03 12:51:00,341.7,341.7,341.4,341.5,669
PRAJIND,2026-06-03 12:52:00,341.85,341.85,341.5,341.5,1619
PRAJIND,2026-06-03 12:53:00,341.5,341.7,341.5,341.7,105
PRAJIND,2026-06-03 12:54:00,341.6,341.65,341.15,341.55,1920
PRAJIND,2026-06-03 12:55:00,341.45,341.45,341.3,341.45,320
PRAJIND,2026-06-03 12:56:00,341.45,341.6,341.45,341.6,162
PRAJIND,2026-06-03 12:57:00,341.6,341.8,341.6,341.75,361
PRAJIND,2026-06-03 12:58:00,341.75,341.85,341.5,341.7,1091
PRAJIND,2026-06-03 12:59:00,341.7,341.8,341.7,341.75,81
PRAJIND,2026-06-03 13:00:00,341.75,341.75,341.5,341.5,90
PRAJIND,2026-06-03 13:01:00,341.5,341.6,341.5,341.6,22
PRAJIND,2026-06-03 13:02:00,341.75,341.75,341.6,341.75,229
PRAJIND,2026-06-03 13:03:00,341.7,341.75,341.45,341.75,1302
PRAJIND,2026-06-03 13:04:00,341.55,341.75,341.55,341.55,215
PRAJIND,2026-06-03 13:05:00,341.55,341.55,341.45,341.45,445
PRAJIND,2026-06-03 13:06:00,341.45,341.45,341.0,341.05,242
PRAJIND,2026-06-03 13:07:00,341.05,341.75,341.05,341.55,2091
PRAJIND,2026-06-03 13:08:00,341.65,341.75,341.55,341.75,900
PRAJIND,2026-06-03 13:09:00,341.75,341.75,341.65,341.65,251
PRAJIND,2026-06-03 13:10:00,341.65,341.75,341.4,341.4,178
PRAJIND,2026-06-03 13:11:00,341.4,341.6,341.4,341.6,59
PRAJIND,2026-06-03 13:12:00,341.6,341.6,341.05,341.25,1581
PRAJIND,2026-06-03 13:13:00,341.25,341.5,341.25,341.5,115
PRAJIND,2026-06-03 13:14:00,341.35,341.5,341.0,341.4,3216
PRAJIND,2026-06-03 13:15:00,341.5,341.5,341.05,341.05,573
PRAJIND,2026-06-03 13:16:00,341.05,341.2,341.0,341.2,704
PRAJIND,2026-06-03 13:17:00,341.2,341.4,341.2,341.4,301
PRAJIND,2026-06-03 13:18:00,341.4,341.4,341.2,341.2,789
PRAJIND,2026-06-03 13:19:00,341.2,341.2,341.0,341.0,1329
PRAJIND,2026-06-03 13:20:00,341.0,341.1,341.0,341.1,96
PRAJIND,2026-06-03 13:21:00,341.1,341.4,341.1,341.35,1351
PRAJIND,2026-06-03 13:22:00,341.35,341.4,341.3,341.4,6289
PRAJIND,2026-06-03 13:23:00,341.4,341.75,341.4,341.75,1564
PRAJIND,2026-06-03 13:24:00,342.0,342.0,342.0,342.0,1806
PRAJIND,2026-06-03 13:25:00,342.0,342.0,341.85,341.85,67
PRAJIND,2026-06-03 13:26:00,341.85,342.2,341.85,342.05,731
PRAJIND,2026-06-03 13:27:00,342.05,342.05,341.6,341.85,744
PRAJIND,2026-06-03 13:28:00,341.7,341.8,341.7,341.8,750
PRAJIND,2026-06-03 13:29:00,341.8,341.9,341.8,341.9,1
PRAJIND,2026-06-03 13:30:00,341.9,341.9,341.9,341.9,110
PRAJIND,2026-06-03 13:31:00,342.0,342.0,342.0,342.0,204
PRAJIND,2026-06-03 13:32:00,342.0,342.0,341.85,341.85,67
PRAJIND,2026-06-03 13:33:00,341.85,341.9,341.45,341.9,1100
PRAJIND,2026-06-03 13:34:00,341.9,342.05,341.9,342.05,1051
PRAJIND,2026-06-03 13:35:00,342.05,342.05,342.0,342.0,560
PRAJIND,2026-06-03 13:36:00,342.0,342.0,341.75,341.75,142
PRAJIND,2026-06-03 13:37:00,341.75,341.85,341.75,341.85,72
PRAJIND,2026-06-03 13:38:00,341.85,341.85,341.7,341.75,152
PRAJIND,2026-06-03 13:39:00,341.7,341.7,341.7,341.7,75
PRAJIND,2026-06-03 13:40:00,341.7,341.9,341.7,341.9,210
PRAJIND,2026-06-03 13:41:00,341.9,342.0,341.9,341.9,838
PRAJIND,2026-06-03 13:42:00,341.9,342.05,341.9,341.9,378
PRAJIND,2026-06-03 13:43:00,341.9,342.3,341.9,342.3,2026
PRAJIND,2026-06-03 13:44:00,342.3,342.3,341.6,341.9,2792
PRAJIND,2026-06-03 13:45:00,341.9,342.3,341.9,342.3,261
PRAJIND,2026-06-03 13:46:00,342.3,342.5,342.0,342.3,3522
PRAJIND,2026-06-03 13:47:00,342.3,342.6,342.3,342.35,807
PRAJIND,2026-06-03 13:48:00,342.35,342.5,342.35,342.5,1909
PRAJIND,2026-06-03 13:49:00,342.5,342.6,342.5,342.5,218
PRAJIND,2026-06-03 13:50:00,342.6,342.6,342.15,342.15,332
PRAJIND,2026-06-03 13:51:00,342.15,342.2,342.15,342.2,57
PRAJIND,2026-06-03 13:52:00,342.2,342.35,342.0,342.35,714
PRAJIND,2026-06-03 13:53:00,342.35,342.35,342.2,342.3,1152
PRAJIND,2026-06-03 13:54:00,342.3,342.3,342.0,342.3,3528
PRAJIND,2026-06-03 13:55:00,342.35,342.35,342.05,342.2,806
PRAJIND,2026-06-03 13:56:00,342.2,342.35,342.0,342.35,2296
PRAJIND,2026-06-03 13:57:00,342.2,342.2,342.15,342.15,1086
PRAJIND,2026-06-03 13:58:00,342.15,342.2,342.0,342.0,36
PRAJIND,2026-06-03 13:59:00,342.0,342.35,342.0,342.15,191
PRAJIND,2026-06-03 14:00:00,342.15,342.45,342.15,342.45,440
PRAJIND,2026-06-03 14:01:00,342.45,342.5,342.45,342.45,256
PRAJIND,2026-06-03 14:02:00,342.45,342.5,342.35,342.4,863
PRAJIND,2026-06-03 14:03:00,342.4,342.45,342.1,342.15,259
PRAJIND,2026-06-03 14:04:00,342.15,342.45,342.15,342.4,386
PRAJIND,2026-06-03 14:05:00,342.4,342.4,342.15,342.4,200
PRAJIND,2026-06-03 14:06:00,342.4,342.4,342.3,342.3,29
PRAJIND,2026-06-03 14:07:00,342.3,342.4,342.3,342.4,165
PRAJIND,2026-06-03 14:08:00,342.4,342.4,342.15,342.15,346
PRAJIND,2026-06-03 14:09:00,342.4,342.4,342.3,342.4,596
PRAJIND,2026-06-03 14:10:00,342.4,342.4,342.0,342.1,1020
PRAJIND,2026-06-03 14:11:00,342.1,342.3,342.1,342.25,172
PRAJIND,2026-06-03 14:12:00,342.25,342.3,342.25,342.3,151
PRAJIND,2026-06-03 14:13:00,342.3,342.4,342.25,342.25,196
PRAJIND,2026-06-03 14:14:00,342.25,342.25,342.2,342.2,29
PRAJIND,2026-06-03 14:15:00,342.1,342.95,342.1,342.6,4815
PRAJIND,2026-06-03 14:16:00,342.6,342.6,342.35,342.35,548
PRAJIND,2026-06-03 14:17:00,342.35,343.0,342.35,343.0,1162
PRAJIND,2026-06-03 14:18:00,342.8,342.9,342.6,342.9,365
PRAJIND,2026-06-03 14:19:00,342.8,343.0,342.8,343.0,1346
PRAJIND,2026-06-03 14:20:00,343.0,343.0,342.6,342.9,840
PRAJIND,2026-06-03 14:21:00,342.9,342.9,342.6,342.8,606
PRAJIND,2026-06-03 14:22:00,342.8,342.8,342.7,342.75,14
PRAJIND,2026-06-03 14:23:00,343.0,343.1,342.95,343.1,6043
PRAJIND,2026-06-03 14:24:00,343.1,343.45,343.1,343.3,1559
PRAJIND,2026-06-03 14:25:00,343.3,343.45,342.95,343.35,1330
PRAJIND,2026-06-03 14:26:00,343.35,343.35,343.0,343.1,201
PRAJIND,2026-06-03 14:27:00,343.1,343.3,343.0,343.0,314
PRAJIND,2026-06-03 14:28:00,343.15,343.2,343.15,343.2,251
PRAJIND,2026-06-03 14:29:00,343.2,343.3,343.0,343.3,4242
PRAJIND,2026-06-03 14:30:00,343.3,343.4,343.25,343.25,932
PRAJIND,2026-06-03 14:31:00,343.2,343.5,343.2,343.45,2034
PRAJIND,2026-06-03 14:32:00,343.3,343.3,343.15,343.2,538
PRAJIND,2026-06-03 14:33:00,343.2,343.2,342.65,343.0,244
PRAJIND,2026-06-03 14:34:00,342.8,343.0,342.75,342.75,391
PRAJIND,2026-06-03 14:35:00,342.75,343.05,342.75,343.05,155
PRAJIND,2026-06-03 14:36:00,343.0,343.15,342.35,342.35,2210
PRAJIND,2026-06-03 14:37:00,342.35,342.7,342.35,342.7,1172
PRAJIND,2026-06-03 14:38:00,342.7,342.85,342.6,342.6,372
PRAJIND,2026-06-03 14:39:00,342.6,342.95,342.6,342.85,162
PRAJIND,2026-06-03 14:40:00,342.85,343.4,342.85,343.4,3604
PRAJIND,2026-06-03 14:41:00,343.3,343.7,343.25,343.55,6795
PRAJIND,2026-06-03 14:42:00,343.55,343.8,343.55,343.8,360
PRAJIND,2026-06-03 14:43:00,343.8,344.1,343.75,344.1,2275
PRAJIND,2026-06-03 14:44:00,344.55,344.75,344.05,344.4,13578
PRAJIND,2026-06-03 14:45:00,344.4,344.8,343.95,344.0,5055
PRAJIND,2026-06-03 14:46:00,344.0,344.2,343.8,344.2,2221
PRAJIND,2026-06-03 14:47:00,344.2,344.2,343.8,344.0,1714
PRAJIND,2026-06-03 14:48:00,344.0,344.15,344.0,344.1,2061
PRAJIND,2026-06-03 14:49:00,344.1,344.25,344.0,344.25,251
PRAJIND,2026-06-03 14:50:00,344.25,344.25,343.9,344.1,1064
PRAJIND,2026-06-03 14:51:00,344.1,344.5,343.95,344.5,1631
PRAJIND,2026-06-03 14:52:00,344.6,344.85,344.6,344.8,2848
PRAJIND,2026-06-03 14:53:00,344.8,344.85,344.6,344.6,3366
PRAJIND,2026-06-03 14:54:00,344.6,344.85,344.6,344.85,1765
PRAJIND,2026-06-03 14:55:00,345.0,345.0,344.6,344.6,2625
PRAJIND,2026-06-03 14:56:00,344.6,344.8,344.6,344.7,1115
PRAJIND,2026-06-03 14:57:00,344.7,345.0,344.5,344.8,1142
PRAJIND,2026-06-03 14:58:00,344.8,344.9,344.7,344.7,58
PRAJIND,2026-06-03 14:59:00,344.7,344.7,344.45,344.5,957
PRAJIND,2026-06-03 15:00:00,344.4,344.4,344.15,344.15,3417
PRAJIND,2026-06-03 15:01:00,344.15,344.15,343.65,344.15,2856
PRAJIND,2026-06-03 15:02:00,343.95,344.0,343.65,344.0,470
PRAJIND,2026-06-03 15:03:00,344.0,344.3,343.9,344.3,820
PRAJIND,2026-06-03 15:04:00,344.3,344.4,344.2,344.35,1541
PRAJIND,2026-06-03 15:05:00,344.35,344.7,344.15,344.7,4179
PRAJIND,2026-06-03 15:06:00,344.8,344.85,344.7,344.8,1191
PRAJIND,2026-06-03 15:07:00,344.75,344.75,344.55,344.65,1017
PRAJIND,2026-06-03 15:08:00,344.65,344.8,344.4,344.4,3695
PRAJIND,2026-06-03 15:09:00,344.4,344.85,344.4,344.85,15088
PRAJIND,2026-06-03 15:10:00,344.9,345.5,344.5,345.5,3605
PRAJIND,2026-06-03 15:11:00,345.55,345.6,345.4,345.45,1449
PRAJIND,2026-06-03 15:12:00,345.45,345.45,344.9,344.9,1843
PRAJIND,2026-06-03 15:13:00,345.0,345.0,344.45,344.65,1204
PRAJIND,2026-06-03 15:14:00,344.65,344.7,344.45,344.5,4482
PRAJIND,2026-06-03 15:15:00,344.65,344.65,344.5,344.5,1011
PRAJIND,2026-06-03 15:16:00,344.55,344.55,344.1,344.3,2641
PRAJIND,2026-06-03 15:17:00,344.0,344.4,344.0,344.4,2949
PRAJIND,2026-06-03 15:18:00,344.45,344.55,344.3,344.35,2396
PRAJIND,2026-06-03 15:19:00,344.0,344.9,344.0,344.65,7431
PRAJIND,2026-06-03 15:20:00,344.45,345.0,344.45,344.7,3723
PRAJIND,2026-06-03 15:21:00,345.0,345.0,344.45,345.0,1496
PRAJIND,2026-06-03 15:22:00,344.2,344.65,344.0,344.45,5696
PRAJIND,2026-06-03 15:23:00,344.45,344.8,343.9,344.8,2612
PRAJIND,2026-06-03 15:24:00,344.8,344.9,344.35,344.9,1677
PRAJIND,2026-06-03 15:25:00,344.9,344.9,344.45,344.6,522
PRAJIND,2026-06-03 15:26:00,344.6,344.6,344.25,344.25,406
PRAJIND,2026-06-03 15:27:00,344.4,344.5,344.15,344.5,2572
PRAJIND,2026-06-03 15:28:00,344.4,344.6,344.3,344.6,1769
PRAJIND,2026-06-03 15:29:00,344.1,344.6,343.9,344.1,8890
PRAJIND,2026-06-04 09:15:00,344.55,346.0,344.55,345.3,2039
PRAJIND,2026-06-04 09:16:00,345.35,347.85,345.35,347.85,27566
PRAJIND,2026-06-04 09:17:00,347.3,348.65,347.3,348.65,11328
PRAJIND,2026-06-04 09:18:00,348.4,349.55,348.4,349.05,12906
PRAJIND,2026-06-04 09:19:00,349.05,349.45,348.7,349.15,9787
PRAJIND,2026-06-04 09:20:00,349.3,349.3,348.5,348.65,2151
PRAJIND,2026-06-04 09:21:00,348.5,348.85,348.4,348.85,5928
PRAJIND,2026-06-04 09:22:00,348.7,349.2,348.7,349.2,2963
PRAJIND,2026-06-04 09:23:00,348.9,349.8,348.9,349.55,8305
PRAJIND,2026-06-04 09:24:00,349.55,349.95,349.45,349.5,2144
PRAJIND,2026-06-04 09:25:00,349.55,349.55,348.45,348.85,4742
PRAJIND,2026-06-04 09:26:00,348.85,349.0,348.35,348.6,1964
PRAJIND,2026-06-04 09:27:00,348.2,348.5,348.0,348.3,4850
PRAJIND,2026-06-04 09:28:00,348.3,348.4,348.0,348.4,2343
PRAJIND,2026-06-04 09:29:00,348.4,348.8,348.25,348.25,2207
PRAJIND,2026-06-04 09:30:00,348.45,348.95,348.45,348.55,743
PRAJIND,2026-06-04 09:31:00,348.85,348.9,348.4,348.8,1348
PRAJIND,2026-06-04 09:32:00,348.8,349.05,348.8,349.0,1464
PRAJIND,2026-06-04 09:33:00,349.0,349.0,348.5,348.5,2163
PRAJIND,2026-06-04 09:34:00,348.5,348.85,348.0,348.45,3272
PRAJIND,2026-06-04 09:35:00,348.75,348.75,348.25,348.4,1894
PRAJIND,2026-06-04 09:36:00,348.15,348.9,348.15,348.85,829
PRAJIND,2026-06-04 09:37:00,348.85,348.95,347.65,347.65,3867
PRAJIND,2026-06-04 09:38:00,347.65,347.85,346.7,346.7,8011
PRAJIND,2026-06-04 09:39:00,346.0,347.0,346.0,346.95,2330
PRAJIND,2026-06-04 09:40:00,346.95,346.95,345.95,346.15,4520
PRAJIND,2026-06-04 09:41:00,346.2,346.55,346.05,346.55,5206
PRAJIND,2026-06-04 09:42:00,346.35,346.8,346.35,346.8,1157
PRAJIND,2026-06-04 09:43:00,347.0,347.3,346.55,346.9,992
PRAJIND,2026-06-04 09:44:00,347.1,347.8,346.9,347.8,379
PRAJIND,2026-06-04 09:45:00,347.55,347.55,347.2,347.2,1556
PRAJIND,2026-06-04 09:46:00,347.55,347.65,347.05,347.05,1370
PRAJIND,2026-06-04 09:47:00,347.5,347.5,347.0,347.0,7849
PRAJIND,2026-06-04 09:48:00,347.0,347.5,346.95,347.0,710
PRAJIND,2026-06-04 09:49:00,347.4,347.4,347.0,347.0,1153
PRAJIND,2026-06-04 09:50:00,347.2,347.35,347.0,347.25,2127
PRAJIND,2026-06-04 09:51:00,347.25,347.25,346.8,346.8,4755
PRAJIND,2026-06-04 09:52:00,347.05,347.65,347.05,347.55,1383
PRAJIND,2026-06-04 09:53:00,347.55,347.55,346.75,346.8,1849
PRAJIND,2026-06-04 09:54:00,346.8,347.6,346.6,347.6,2981
PRAJIND,2026-06-04 09:55:00,346.95,347.3,346.95,347.2,961
PRAJIND,2026-06-04 09:56:00,347.25,347.4,347.25,347.4,447
PRAJIND,2026-06-04 09:57:00,347.4,347.4,347.3,347.4,1172
PRAJIND,2026-06-04 09:58:00,347.5,347.95,347.5,347.85,1848
PRAJIND,2026-06-04 09:59:00,347.55,347.7,347.3,347.55,405
PRAJIND,2026-06-04 10:00:00,347.55,347.8,347.2,347.2,839
PRAJIND,2026-06-04 10:01:00,347.0,347.65,346.65,347.65,3295
PRAJIND,2026-06-04 10:02:00,347.65,348.2,347.65,348.1,1791
PRAJIND,2026-06-04 10:03:00,348.2,348.2,347.8,347.85,552
PRAJIND,2026-06-04 10:04:00,347.85,348.0,347.7,347.7,1863
PRAJIND,2026-06-04 10:05:00,347.7,348.0,347.7,348.0,206
PRAJIND,2026-06-04 10:06:00,348.0,348.0,347.75,348.0,273
PRAJIND,2026-06-04 10:07:00,348.0,348.0,347.8,348.0,120
PRAJIND,2026-06-04 10:08:00,348.0,348.0,347.85,347.95,255
PRAJIND,2026-06-04 10:09:00,347.95,347.95,347.55,347.95,217
PRAJIND,2026-06-04 10:10:00,347.95,348.45,347.95,348.05,1719
PRAJIND,2026-06-04 10:11:00,348.05,348.05,347.8,348.0,539
PRAJIND,2026-06-04 10:12:00,348.0,348.0,347.9,348.0,42
PRAJIND,2026-06-04 10:13:00,348.0,348.0,347.9,348.0,643
PRAJIND,2026-06-04 10:14:00,348.0,348.45,348.0,348.45,587
PRAJIND,2026-06-04 10:15:00,348.45,348.45,348.0,348.1,5807
PRAJIND,2026-06-04 10:16:00,348.1,348.7,347.9,348.35,4371
PRAJIND,2026-06-04 10:17:00,348.3,348.6,348.3,348.4,455
PRAJIND,2026-06-04 10:18:00,348.4,348.4,348.1,348.4,138
PRAJIND,2026-06-04 10:19:00,348.4,348.4,348.4,348.4,203
PRAJIND,2026-06-04 10:20:00,348.4,348.7,348.4,348.6,624
PRAJIND,2026-06-04 10:21:00,348.6,348.6,348.6,348.6,105
PRAJIND,2026-06-04 10:22:00,348.6,348.85,348.6,348.8,4250
PRAJIND,2026-06-04 10:23:00,348.8,349.45,348.8,349.25,5030
PRAJIND,2026-06-04 10:24:00,349.45,349.5,349.25,349.3,307
PRAJIND,2026-06-04 10:25:00,349.2,349.5,349.05,349.2,2263
PRAJIND,2026-06-04 10:26:00,349.1,349.1,348.45,348.45,1406
PRAJIND,2026-06-04 10:27:00,348.45,348.55,348.4,348.5,400
PRAJIND,2026-06-04 10:28:00,348.5,348.5,348.2,348.2,310
PRAJIND,2026-06-04 10:29:00,348.2,348.45,348.2,348.45,343
PRAJIND,2026-06-04 10:30:00,348.45,348.45,348.15,348.15,815
PRAJIND,2026-06-04 10:31:00,348.0,348.0,347.0,347.15,11246
PRAJIND,2026-06-04 10:32:00,347.1,347.1,346.5,346.5,3455
PRAJIND,2026-06-04 10:33:00,346.5,346.65,346.5,346.5,146
PRAJIND,2026-06-04 10:34:00,346.4,346.55,346.4,346.55,826
PRAJIND,2026-06-04 10:35:00,346.55,346.75,346.5,346.6,1145
PRAJIND,2026-06-04 10:36:00,346.55,346.85,346.05,346.6,5307
PRAJIND,2026-06-04 10:37:00,346.6,346.9,346.2,346.2,1123
PRAJIND,2026-06-04 10:38:00,346.55,346.55,346.3,346.5,302
PRAJIND,2026-06-04 10:39:00,346.5,346.8,346.15,346.4,2168
PRAJIND,2026-06-04 10:40:00,346.4,346.7,345.95,346.65,6226
PRAJIND,2026-06-04 10:41:00,346.85,347.1,346.75,347.1,998
PRAJIND,2026-06-04 10:42:00,347.0,347.0,346.4,346.65,488
PRAJIND,2026-06-04 10:43:00,346.65,346.8,346.55,346.7,308
PRAJIND,2026-06-04 10:44:00,346.7,346.8,346.55,346.65,65
PRAJIND,2026-06-04 10:45:00,347.0,347.0,346.6,346.85,1106
PRAJIND,2026-06-04 10:46:00,346.85,346.85,346.85,346.85,49
PRAJIND,2026-06-04 10:47:00,346.85,347.0,346.65,347.0,109
PRAJIND,2026-06-04 10:48:00,347.0,347.2,347.0,347.2,381
PRAJIND,2026-06-04 10:49:00,347.2,347.2,346.65,346.85,668
PRAJIND,2026-06-04 10:50:00,346.8,347.1,346.65,346.65,354
PRAJIND,2026-06-04 10:51:00,346.65,346.85,346.65,346.65,250
PRAJIND,2026-06-04 10:52:00,346.9,347.05,346.9,346.95,502
PRAJIND,2026-06-04 10:53:00,346.95,346.95,346.85,346.95,114
PRAJIND,2026-06-04 10:54:00,346.95,346.95,346.8,346.8,1038
PRAJIND,2026-06-04 10:55:00,347.2,347.2,347.15,347.15,866
PRAJIND,2026-06-04 10:56:00,347.15,347.2,347.15,347.15,119
PRAJIND,2026-06-04 10:57:00,347.2,347.2,346.85,346.9,722
PRAJIND,2026-06-04 10:58:00,346.9,347.0,346.7,347.0,53
PRAJIND,2026-06-04 10:59:00,347.0,347.05,346.3,346.5,1571
PRAJIND,2026-06-04 11:00:00,346.5,347.95,346.5,347.95,340
PRAJIND,2026-06-04 11:01:00,347.95,347.95,347.25,347.3,6093
PRAJIND,2026-06-04 11:02:00,347.3,347.5,347.25,347.3,477
PRAJIND,2026-06-04 11:03:00,347.3,347.3,346.65,346.65,352
PRAJIND,2026-06-04 11:04:00,346.45,346.9,346.45,346.55,816
PRAJIND,2026-06-04 11:05:00,346.55,346.65,346.55,346.6,56
PRAJIND,2026-06-04 11:06:00,346.6,346.6,346.45,346.45,253
PRAJIND,2026-06-04 11:07:00,346.45,346.8,346.4,346.8,69
PRAJIND,2026-06-04 11:08:00,346.8,346.8,346.8,346.8,59
PRAJIND,2026-06-04 11:09:00,346.8,346.8,346.4,346.45,20
PRAJIND,2026-06-04 11:10:00,346.45,346.6,346.45,346.5,56
PRAJIND,2026-06-04 11:11:00,346.65,346.75,346.5,346.55,554
PRAJIND,2026-06-04 11:12:00,346.55,346.7,346.45,346.45,19
PRAJIND,2026-06-04 11:13:00,346.45,346.9,346.45,346.8,293
PRAJIND,2026-06-04 11:14:00,346.8,346.85,346.7,346.7,224
PRAJIND,2026-06-04 11:15:00,346.7,347.15,346.7,347.0,1041
PRAJIND,2026-06-04 11:16:00,347.15,347.35,346.9,347.35,1110
PRAJIND,2026-06-04 11:17:00,347.35,347.35,347.15,347.15,100
PRAJIND,2026-06-04 11:18:00,347.15,347.25,347.05,347.25,286
PRAJIND,2026-06-04 11:19:00,347.25,347.4,347.25,347.25,201
PRAJIND,2026-06-04 11:20:00,347.3,347.3,347.3,347.3,320
PRAJIND,2026-06-04 11:21:00,347.3,347.35,347.3,347.35,239
PRAJIND,2026-06-04 11:22:00,347.35,347.35,347.15,347.15,54
PRAJIND,2026-06-04 11:23:00,347.35,347.4,347.35,347.4,63
PRAJIND,2026-06-04 11:24:00,347.4,347.5,347.4,347.45,351
PRAJIND,2026-06-04 11:25:00,347.45,347.45,347.15,347.3,99
PRAJIND,2026-06-04 11:26:00,347.35,347.35,347.15,347.15,345
PRAJIND,2026-06-04 11:27:00,347.15,347.55,347.15,347.3,972
PRAJIND,2026-06-04 11:28:00,347.3,347.65,347.3,347.65,156
PRAJIND,2026-06-04 11:29:00,347.65,347.65,347.3,347.65,909
PRAJIND,2026-06-04 11:30:00,347.65,347.65,347.2,347.55,384
PRAJIND,2026-06-04 11:31:00,347.55,347.7,347.45,347.55,491
PRAJIND,2026-06-04 11:32:00,347.55,347.55,347.25,347.3,1091
PRAJIND,2026-06-04 11:33:00,347.3,347.4,346.8,347.0,3141
PRAJIND,2026-06-04 11:34:00,347.0,347.0,347.0,347.0,50
PRAJIND,2026-06-04 11:35:00,347.0,347.2,347.0,347.2,920
PRAJIND,2026-06-04 11:36:00,347.2,347.4,347.2,347.4,932
PRAJIND,2026-06-04 11:37:00,347.4,347.8,347.4,347.8,607
PRAJIND,2026-06-04 11:38:00,347.8,347.9,347.65,347.75,276
PRAJIND,2026-06-04 11:39:00,347.7,347.7,347.15,347.15,1884
PRAJIND,2026-06-04 11:40:00,347.15,347.4,347.15,347.3,732
PRAJIND,2026-06-04 11:41:00,347.3,347.3,347.1,347.1,18
PRAJIND,2026-06-04 11:42:00,347.1,347.7,347.1,347.7,354
PRAJIND,2026-06-04 11:43:00,347.7,347.8,347.35,347.5,979
PRAJIND,2026-06-04 11:44:00,347.5,347.75,347.4,347.4,55
PRAJIND,2026-06-04 11:45:00,347.4,347.7,347.35,347.35,513
PRAJIND,2026-06-04 11:46:00,347.35,347.5,347.1,347.2,278
PRAJIND,2026-06-04 11:47:00,347.2,347.45,347.0,347.0,374
PRAJIND,2026-06-04 11:48:00,347.0,347.15,347.0,347.1,1100
PRAJIND,2026-06-04 11:49:00,347.1,347.15,347.1,347.15,3
PRAJIND,2026-06-04 11:50:00,347.15,347.3,347.1,347.25,441
PRAJIND,2026-06-04 11:51:00,346.95,346.95,346.4,346.5,1208
PRAJIND,2026-06-04 11:52:00,346.5,346.8,346.5,346.6,5
PRAJIND,2026-06-04 11:53:00,346.75,346.75,346.5,346.5,192
PRAJIND,2026-06-04 11:54:00,346.5,346.5,346.0,346.0,1442
PRAJIND,2026-06-04 11:55:00,346.2,346.4,346.2,346.4,347
PRAJIND,2026-06-04 11:56:00,346.4,346.9,346.4,346.9,6981
PRAJIND,2026-06-04 11:57:00,346.8,347.0,346.8,346.9,194
PRAJIND,2026-06-04 11:58:00,346.9,346.9,346.9,346.9,180
PRAJIND,2026-06-04 11:59:00,346.9,347.05,346.9,347.05,435
PRAJIND,2026-06-04 12:00:00,347.15,347.45,347.15,347.4,1054
PRAJIND,2026-06-04 12:01:00,347.5,347.5,347.35,347.5,121
PRAJIND,2026-06-04 12:02:00,347.5,347.5,347.3,347.3,309
PRAJIND,2026-06-04 12:03:00,347.3,347.3,346.95,346.95,944
PRAJIND,2026-06-04 12:04:00,346.9,346.9,346.3,346.45,1137
PRAJIND,2026-06-04 12:05:00,346.45,346.5,346.3,346.4,521
PRAJIND,2026-06-04 12:06:00,346.4,346.5,346.4,346.5,113
PRAJIND,2026-06-04 12:07:00,346.5,346.5,346.0,346.5,2720
PRAJIND,2026-06-04 12:08:00,346.55,346.8,346.45,346.8,968
PRAJIND,2026-06-04 12:09:00,346.8,346.8,346.5,346.8,535
PRAJIND,2026-06-04 12:10:00,346.8,347.0,346.45,346.55,1689
PRAJIND,2026-06-04 12:11:00,346.55,346.75,346.55,346.7,210
PRAJIND,2026-06-04 12:12:00,346.7,346.7,346.5,346.5,178
PRAJIND,2026-06-04 12:13:00,346.65,346.75,346.5,346.7,387
PRAJIND,2026-06-04 12:14:00,346.7,346.75,346.7,346.75,503
PRAJIND,2026-06-04 12:15:00,346.75,346.8,346.35,346.35,990
PRAJIND,2026-06-04 12:16:00,346.5,346.6,346.4,346.55,290
PRAJIND,2026-06-04 12:17:00,346.55,346.6,346.4,346.4,107
PRAJIND,2026-06-04 12:18:00,346.8,346.8,346.6,346.6,822
PRAJIND,2026-06-04 12:19:00,346.6,346.75,346.55,346.7,160
PRAJIND,2026-06-04 12:20:00,346.7,346.75,346.55,346.75,102
PRAJIND,2026-06-04 12:21:00,346.75,346.95,346.5,346.5,324
PRAJIND,2026-06-04 12:22:00,346.45,346.75,346.45,346.45,357
PRAJIND,2026-06-04 12:23:00,346.45,346.7,346.45,346.7,6
PRAJIND,2026-06-04 12:24:00,346.7,348.3,346.7,348.0,6631
PRAJIND,2026-06-04 12:25:00,347.85,349.55,347.05,347.45,33085
PRAJIND,2026-06-04 12:26:00,347.45,347.45,347.0,347.2,1473
PRAJIND,2026-06-04 12:27:00,347.2,347.35,347.1,347.25,1774
PRAJIND,2026-06-04 12:28:00,347.05,347.25,347.05,347.2,72
PRAJIND,2026-06-04 12:29:00,347.2,347.35,347.2,347.35,23
PRAJIND,2026-06-04 12:30:00,347.35,347.35,347.1,347.1,103
PRAJIND,2026-06-04 12:31:00,347.1,347.1,346.9,346.9,1080
PRAJIND,2026-06-04 12:32:00,346.8,346.8,346.5,346.5,156
PRAJIND,2026-06-04 12:33:00,346.5,346.7,346.0,346.0,3583
PRAJIND,2026-06-04 12:34:00,346.0,346.0,345.8,345.8,527
PRAJIND,2026-06-04 12:35:00,345.8,345.95,345.65,345.65,264
PRAJIND,2026-06-04 12:36:00,345.85,345.85,345.45,345.75,1721
PRAJIND,2026-06-04 12:37:00,345.75,346.25,345.75,346.25,1725
PRAJIND,2026-06-04 12:38:00,346.35,346.5,346.15,346.35,945
PRAJIND,2026-06-04 12:39:00,346.35,346.55,346.3,346.35,439
PRAJIND,2026-06-04 12:40:00,346.35,346.65,346.15,346.15,388
PRAJIND,2026-06-04 12:41:00,346.15,346.45,346.15,346.4,156
PRAJIND,2026-06-04 12:42:00,346.4,346.5,346.2,346.5,142
PRAJIND,2026-06-04 12:43:00,346.5,346.65,346.5,346.65,102
PRAJIND,2026-06-04 12:44:00,346.65,346.7,346.65,346.7,33
PRAJIND,2026-06-04 12:45:00,346.7,346.7,346.4,346.4,665
PRAJIND,2026-06-04 12:46:00,346.4,346.6,346.4,346.55,89
PRAJIND,2026-06-04 12:47:00,346.55,347.0,346.45,346.85,1394
PRAJIND,2026-06-04 12:48:00,346.85,346.85,346.65,346.85,30
PRAJIND,2026-06-04 12:49:00,346.85,346.85,346.8,346.85,839
PRAJIND,2026-06-04 12:50:00,346.85,346.9,346.85,346.85,76
PRAJIND,2026-06-04 12:51:00,346.85,346.9,346.85,346.9,60
PRAJIND,2026-06-04 12:52:00,346.85,346.85,346.65,346.75,299
PRAJIND,2026-06-04 12:53:00,346.75,346.75,346.7,346.7,24
PRAJIND,2026-06-04 12:54:00,346.7,346.9,346.7,346.75,95
PRAJIND,2026-06-04 12:55:00,346.75,346.8,346.75,346.75,61
PRAJIND,2026-06-04 12:56:00,346.75,346.8,346.5,346.55,1454
PRAJIND,2026-06-04 12:57:00,346.55,346.75,346.55,346.55,1097
PRAJIND,2026-06-04 12:58:00,346.6,346.6,346.5,346.5,201
PRAJIND,2026-06-04 12:59:00,346.6,346.6,346.6,346.6,788
PRAJIND,2026-06-04 13:00:00,346.35,346.8,346.35,346.55,890
PRAJIND,2026-06-04 13:01:00,346.55,346.6,346.45,346.45,161
PRAJIND,2026-06-04 13:02:00,346.45,346.45,346.4,346.4,31
PRAJIND,2026-06-04 13:03:00,346.4,346.4,345.7,345.7,2130
PRAJIND,2026-06-04 13:04:00,345.7,345.9,345.7,345.9,90
PRAJIND,2026-06-04 13:05:00,345.9,345.9,345.7,345.85,207
PRAJIND,2026-06-04 13:06:00,345.85,345.85,345.25,345.25,2704
PRAJIND,2026-06-04 13:07:00,345.55,345.75,345.55,345.75,180
PRAJIND,2026-06-04 13:08:00,345.75,345.75,345.55,345.55,172
PRAJIND,2026-06-04 13:09:00,345.55,345.55,345.55,345.55,9
PRAJIND,2026-06-04 13:10:00,345.9,346.15,345.9,346.15,971
PRAJIND,2026-06-04 13:11:00,346.1,346.3,346.1,346.2,1005
PRAJIND,2026-06-04 13:12:00,346.2,346.2,345.75,345.75,761
PRAJIND,2026-06-04 13:13:00,345.75,345.8,345.35,345.4,1396
PRAJIND,2026-06-04 13:14:00,345.4,345.5,345.2,345.5,1568
PRAJIND,2026-06-04 13:15:00,345.5,345.5,344.6,345.15,6270
PRAJIND,2026-06-04 13:16:00,345.15,345.35,345.0,345.2,382
PRAJIND,2026-06-04 13:17:00,345.2,345.7,345.2,345.3,334
PRAJIND,2026-06-04 13:18:00,345.3,345.6,345.3,345.3,160
PRAJIND,2026-06-04 13:19:00,345.6,346.0,345.3,345.8,1550
PRAJIND,2026-06-04 13:20:00,345.8,346.45,345.8,346.25,1151
PRAJIND,2026-06-04 13:21:00,346.25,346.25,346.0,346.0,1682
PRAJIND,2026-06-04 13:22:00,346.0,346.45,346.0,346.25,676
PRAJIND,2026-06-04 13:23:00,346.25,346.55,346.25,346.35,244
PRAJIND,2026-06-04 13:24:00,346.55,346.55,346.35,346.35,3151
PRAJIND,2026-06-04 13:25:00,346.35,346.6,346.35,346.45,335
PRAJIND,2026-06-04 13:26:00,346.45,346.65,346.35,346.45,325
PRAJIND,2026-06-04 13:27:00,346.45,346.65,346.25,346.65,921
PRAJIND,2026-06-04 13:28:00,346.65,346.65,346.5,346.5,295
PRAJIND,2026-06-04 13:29:00,346.5,346.8,346.5,346.65,1052
PRAJIND,2026-06-04 13:30:00,346.65,346.7,346.65,346.7,135
PRAJIND,2026-06-04 13:31:00,346.7,346.7,346.35,346.35,381
PRAJIND,2026-06-04 13:32:00,346.35,346.5,346.2,346.5,263
PRAJIND,2026-06-04 13:33:00,346.5,346.5,346.2,346.25,31
PRAJIND,2026-06-04 13:34:00,346.25,346.25,346.05,346.05,155
PRAJIND,2026-06-04 13:35:00,346.15,346.4,346.15,346.4,2820
PRAJIND,2026-06-04 13:36:00,346.4,346.4,346.25,346.4,217
PRAJIND,2026-06-04 13:37:00,346.4,346.4,346.25,346.25,10
PRAJIND,2026-06-04 13:38:00,346.35,346.35,346.25,346.35,82
PRAJIND,2026-06-04 13:39:00,346.35,346.35,346.25,346.25,202
PRAJIND,2026-06-04 13:40:00,346.35,346.35,345.95,346.1,486
PRAJIND,2026-06-04 13:41:00,346.1,346.1,345.9,345.9,256
PRAJIND,2026-06-04 13:42:00,346.05,346.05,345.9,345.9,39
PRAJIND,2026-06-04 13:43:00,345.9,345.9,345.65,345.8,392
PRAJIND,2026-06-04 13:44:00,345.8,345.8,345.6,345.75,22
PRAJIND,2026-06-04 13:45:00,345.75,345.75,345.6,345.75,89
PRAJIND,2026-06-04 13:46:00,345.75,345.75,345.75,345.75,12
PRAJIND,2026-06-04 13:47:00,345.75,345.75,345.75,345.75,70
PRAJIND,2026-06-04 13:48:00,345.75,345.9,345.75,345.9,1072
PRAJIND,2026-06-04 13:49:00,346.15,346.5,346.0,346.35,1062
PRAJIND,2026-06-04 13:50:00,346.35,346.35,346.15,346.3,133
PRAJIND,2026-06-04 13:51:00,346.3,346.3,346.1,346.1,412
PRAJIND,2026-06-04 13:52:00,346.1,346.1,346.05,346.05,52
PRAJIND,2026-06-04 13:53:00,346.05,346.15,346.05,346.05,133
PRAJIND,2026-06-04 13:54:00,346.05,346.05,346.0,346.0,141
PRAJIND,2026-06-04 13:55:00,346.0,346.35,346.0,346.35,521
PRAJIND,2026-06-04 13:56:00,346.35,347.3,346.2,346.85,4552
PRAJIND,2026-06-04 13:57:00,346.85,346.85,346.55,346.6,103
PRAJIND,2026-06-04 13:58:00,346.6,347.0,346.5,347.0,1319
PRAJIND,2026-06-04 13:59:00,347.0,347.0,346.8,346.8,133
PRAJIND,2026-06-04 14:00:00,346.8,347.45,346.6,347.45,1617
PRAJIND,2026-06-04 14:01:00,347.45,347.45,347.15,347.15,54
PRAJIND,2026-06-04 14:02:00,347.15,347.5,347.1,347.5,1334
PRAJIND,2026-06-04 14:03:00,347.5,347.6,347.1,347.1,698
PRAJIND,2026-06-04 14:04:00,347.1,347.2,347.1,347.2,17
PRAJIND,2026-06-04 14:05:00,347.2,347.25,346.95,346.95,217
PRAJIND,2026-06-04 14:06:00,346.95,347.5,346.95,347.35,2387
PRAJIND,2026-06-04 14:07:00,347.35,347.5,347.35,347.35,63
PRAJIND,2026-06-04 14:08:00,347.5,347.5,347.3,347.3,694
PRAJIND,2026-06-04 14:09:00,347.3,347.3,347.0,347.3,1045
PRAJIND,2026-06-04 14:10:00,347.3,347.35,347.1,347.35,1432
PRAJIND,2026-06-04 14:11:00,347.35,348.7,347.35,348.5,3444
PRAJIND,2026-06-04 14:12:00,348.5,348.9,348.45,348.9,4602
PRAJIND,2026-06-04 14:13:00,348.9,349.3,348.5,349.3,4721
PRAJIND,2026-06-04 14:14:00,349.1,349.65,349.1,349.45,2406
PRAJIND,2026-06-04 14:15:00,349.45,349.75,349.25,349.65,4789
PRAJIND,2026-06-04 14:16:00,349.9,349.95,349.35,349.75,6507
PRAJIND,2026-06-04 14:17:00,349.75,349.75,349.0,349.5,7110
PRAJIND,2026-06-04 14:18:00,349.5,350.0,349.3,349.55,6663
PRAJIND,2026-06-04 14:19:00,349.55,349.75,349.35,349.75,2214
PRAJIND,2026-06-04 14:20:00,349.75,349.8,349.1,349.1,5194
PRAJIND,2026-06-04 14:21:00,349.1,349.4,349.1,349.4,1737
PRAJIND,2026-06-04 14:22:00,349.4,349.4,349.05,349.3,2037
PRAJIND,2026-06-04 14:23:00,349.3,349.3,349.05,349.2,959
PRAJIND,2026-06-04 14:24:00,349.1,349.35,348.85,349.1,5274
PRAJIND,2026-06-04 14:25:00,349.1,349.1,348.65,349.1,1521
PRAJIND,2026-06-04 14:26:00,349.1,349.5,349.05,349.5,1805
PRAJIND,2026-06-04 14:27:00,349.5,349.8,349.4,349.5,1490
PRAJIND,2026-06-04 14:28:00,349.5,349.55,349.35,349.55,613
PRAJIND,2026-06-04 14:29:00,349.55,350.55,349.3,350.0,19190
PRAJIND,2026-06-04 14:30:00,350.0,350.15,349.45,350.15,2506
PRAJIND,2026-06-04 14:31:00,350.15,350.4,349.95,350.0,5871
PRAJIND,2026-06-04 14:32:00,350.0,350.05,350.0,350.0,712
PRAJIND,2026-06-04 14:33:00,349.85,350.0,349.85,350.0,1545
PRAJIND,2026-06-04 14:34:00,350.0,350.05,349.7,350.0,3509
PRAJIND,2026-06-04 14:35:00,350.0,350.15,350.0,350.0,1070
PRAJIND,2026-06-04 14:36:00,350.0,350.0,349.7,349.85,2178
PRAJIND,2026-06-04 14:37:00,350.0,350.2,349.95,349.95,2124
PRAJIND,2026-06-04 14:38:00,349.95,350.15,349.95,350.05,407
PRAJIND,2026-06-04 14:39:00,350.05,350.1,350.0,350.05,952
PRAJIND,2026-06-04 14:40:00,350.0,350.15,350.0,350.15,125
PRAJIND,2026-06-04 14:41:00,350.15,350.15,350.0,350.05,592
PRAJIND,2026-06-04 14:42:00,350.1,350.55,350.0,350.0,5452
PRAJIND,2026-06-04 14:43:00,350.0,350.1,350.0,350.0,833
PRAJIND,2026-06-04 14:44:00,350.0,350.15,349.95,350.15,1038
PRAJIND,2026-06-04 14:45:00,350.15,350.15,349.95,349.95,644
PRAJIND,2026-06-04 14:46:00,349.95,350.25,349.9,350.25,1116
PRAJIND,2026-06-04 14:47:00,350.25,350.25,349.9,349.9,667
PRAJIND,2026-06-04 14:48:00,350.05,350.2,349.9,350.05,1666
PRAJIND,2026-06-04 14:49:00,350.05,350.2,350.0,350.0,713
PRAJIND,2026-06-04 14:50:00,350.15,350.2,350.0,350.0,23
PRAJIND,2026-06-04 14:51:00,350.2,350.25,350.0,350.2,1780
PRAJIND,2026-06-04 14:52:00,350.2,350.25,350.0,350.25,1012
PRAJIND,2026-06-04 14:53:00,350.4,350.5,350.2,350.45,2459
PRAJIND,2026-06-04 14:54:00,350.1,350.4,350.1,350.2,985
PRAJIND,2026-06-04 14:55:00,350.15,350.25,350.0,350.25,1133
PRAJIND,2026-06-04 14:56:00,350.25,350.25,349.65,350.05,3602
PRAJIND,2026-06-04 14:57:00,350.05,350.05,349.85,349.9,1514
PRAJIND,2026-06-04 14:58:00,349.9,350.0,349.85,350.0,341
PRAJIND,2026-06-04 14:59:00,350.0,350.0,349.85,350.0,1696
PRAJIND,2026-06-04 15:00:00,350.2,350.2,349.9,350.0,2375
PRAJIND,2026-06-04 15:01:00,350.15,350.35,350.0,350.35,1821
PRAJIND,2026-06-04 15:02:00,350.25,350.4,350.2,350.3,2034
PRAJIND,2026-06-04 15:03:00,350.4,350.4,350.15,350.2,1135
PRAJIND,2026-06-04 15:04:00,350.3,350.4,349.9,350.0,6035
PRAJIND,2026-06-04 15:05:00,350.15,350.15,350.0,350.15,1971
PRAJIND,2026-06-04 15:06:00,350.1,350.1,350.0,350.1,419
PRAJIND,2026-06-04 15:07:00,350.0,350.1,350.0,350.0,664
PRAJIND,2026-06-04 15:08:00,350.1,350.1,349.8,350.05,2758
PRAJIND,2026-06-04 15:09:00,350.1,350.1,349.75,350.0,2068
PRAJIND,2026-06-04 15:10:00,350.0,350.15,349.85,350.0,4206
PRAJIND,2026-06-04 15:11:00,350.0,350.1,350.0,350.05,851
PRAJIND,2026-06-04 15:12:00,350.1,350.1,350.05,350.05,910
PRAJIND,2026-06-04 15:13:00,350.05,350.1,350.05,350.05,788
PRAJIND,2026-06-04 15:14:00,350.2,350.2,349.8,349.8,7535
PRAJIND,2026-06-04 15:15:00,349.85,350.2,349.85,350.2,5929
PRAJIND,2026-06-04 15:16:00,350.15,350.2,350.15,350.2,1484
PRAJIND,2026-06-04 15:17:00,350.2,350.2,350.15,350.2,2877
PRAJIND,2026-06-04 15:18:00,350.0,350.2,349.85,350.2,5740
PRAJIND,2026-06-04 15:19:00,350.05,350.15,350.0,350.0,3547
PRAJIND,2026-06-04 15:20:00,350.05,350.05,350.0,350.05,1948
PRAJIND,2026-06-04 15:21:00,350.05,350.05,349.85,349.9,5909
PRAJIND,2026-06-04 15:22:00,349.9,350.0,349.8,349.8,4725
PRAJIND,2026-06-04 15:23:00,349.75,350.0,349.75,349.8,5359
PRAJIND,2026-06-04 15:24:00,349.9,349.9,349.55,349.75,6326
PRAJIND,2026-06-04 15:25:00,349.45,349.75,349.45,349.7,13281
PRAJIND,2026-06-04 15:26:00,349.7,349.95,349.6,349.6,3844
PRAJIND,2026-06-04 15:27:00,349.6,349.6,349.5,349.6,3018
PRAJIND,2026-06-04 15:28:00,349.6,349.9,349.6,349.6,1447
PRAJIND,2026-06-04 15:29:00,349.5,349.8,349.0,349.7,4857
PRAJIND,2026-06-05 09:15:00,351.15,353.5,351.15,352.75,9360
PRAJIND,2026-06-05 09:16:00,353.7,357.25,353.4,355.35,18583
PRAJIND,2026-06-05 09:17:00,355.5,355.85,353.9,354.25,20249
PRAJIND,2026-06-05 09:18:00,354.65,354.85,354.15,354.75,5072
PRAJIND,2026-06-05 09:19:00,354.7,354.7,354.0,354.0,4022
PRAJIND,2026-06-05 09:20:00,354.25,354.25,353.45,354.25,3939
PRAJIND,2026-06-05 09:21:00,354.2,354.95,354.2,354.35,5017
PRAJIND,2026-06-05 09:22:00,354.8,355.85,354.4,355.85,10801
PRAJIND,2026-06-05 09:23:00,355.85,358.15,355.85,357.85,17659
PRAJIND,2026-06-05 09:24:00,357.1,360.7,357.0,359.9,28937
PRAJIND,2026-06-05 09:25:00,359.65,359.75,358.55,359.0,15367
PRAJIND,2026-06-05 09:26:00,359.4,359.4,358.35,358.85,6672
PRAJIND,2026-06-05 09:27:00,358.55,358.75,358.35,358.5,5956
PRAJIND,2026-06-05 09:28:00,358.25,358.5,357.85,358.2,5161
PRAJIND,2026-06-05 09:29:00,358.2,359.8,358.1,359.4,8817
PRAJIND,2026-06-05 09:30:00,359.05,359.05,358.4,358.8,3153
PRAJIND,2026-06-05 09:31:00,359.05,359.8,356.3,356.4,13799
PRAJIND,2026-06-05 09:32:00,356.95,357.1,356.35,356.35,5485
PRAJIND,2026-06-05 09:33:00,356.4,356.4,356.1,356.35,5755
PRAJIND,2026-06-05 09:34:00,356.2,356.35,356.0,356.3,2238
PRAJIND,2026-06-05 09:35:00,356.0,356.9,356.0,356.15,4463
PRAJIND,2026-06-05 09:36:00,356.5,356.5,356.25,356.35,2359
PRAJIND,2026-06-05 09:37:00,356.15,356.15,355.35,355.85,8955
PRAJIND,2026-06-05 09:38:00,356.1,356.5,356.1,356.5,2443
PRAJIND,2026-06-05 09:39:00,356.8,356.95,356.6,356.7,3679
PRAJIND,2026-06-05 09:40:00,356.8,358.45,356.6,358.45,24993
PRAJIND,2026-06-05 09:41:00,358.8,358.8,357.95,358.25,3244
PRAJIND,2026-06-05 09:42:00,358.25,358.5,358.15,358.5,4103
PRAJIND,2026-06-05 09:43:00,358.4,358.4,357.85,357.85,1526
PRAJIND,2026-06-05 09:44:00,357.9,359.15,357.55,358.85,17896
PRAJIND,2026-06-05 09:45:00,359.45,360.9,359.3,360.0,36277
PRAJIND,2026-06-05 09:46:00,360.2,360.2,359.05,359.75,12298
PRAJIND,2026-06-05 09:47:00,359.9,360.0,359.45,359.9,9851
PRAJIND,2026-06-05 09:48:00,360.0,360.0,359.45,360.0,8738
PRAJIND,2026-06-05 09:49:00,360.0,360.2,358.6,358.65,12260
PRAJIND,2026-06-05 09:50:00,358.55,358.55,357.05,357.3,12393
PRAJIND,2026-06-05 09:51:00,357.25,358.0,357.25,357.4,5010
PRAJIND,2026-06-05 09:52:00,357.3,357.75,357.3,357.65,1243
PRAJIND,2026-06-05 09:53:00,357.45,357.75,357.4,357.6,1396
PRAJIND,2026-06-05 09:54:00,357.6,357.85,357.1,357.35,3117
PRAJIND,2026-06-05 09:55:00,357.35,357.8,357.2,357.8,5834
PRAJIND,2026-06-05 09:56:00,357.35,357.5,356.85,357.0,4033
PRAJIND,2026-06-05 09:57:00,357.0,357.35,356.75,356.75,6945
PRAJIND,2026-06-05 09:58:00,356.95,357.1,356.8,357.05,1269
PRAJIND,2026-06-05 09:59:00,356.85,357.1,356.8,356.9,1412
PRAJIND,2026-06-05 10:00:00,356.9,357.2,356.5,356.95,2222
PRAJIND,2026-06-05 10:01:00,356.55,357.35,356.25,357.35,3211
PRAJIND,2026-06-05 10:02:00,357.3,357.75,357.3,357.5,1730
PRAJIND,2026-06-05 10:03:00,357.5,358.0,357.1,357.95,1732
PRAJIND,2026-06-05 10:04:00,357.95,357.95,357.0,357.0,2195
PRAJIND,2026-06-05 10:05:00,357.0,357.2,356.0,356.8,15433
PRAJIND,2026-06-05 10:06:00,356.5,357.0,356.5,356.95,2306
PRAJIND,2026-06-05 10:07:00,357.05,357.55,356.95,357.55,1747
PRAJIND,2026-06-05 10:08:00,357.65,360.75,357.2,360.35,19340
PRAJIND,2026-06-05 10:09:00,360.35,362.2,360.35,361.8,29291
PRAJIND,2026-06-05 10:10:00,361.75,361.75,360.85,360.85,9686
PRAJIND,2026-06-05 10:11:00,361.0,361.0,360.2,360.2,3161
PRAJIND,2026-06-05 10:12:00,359.95,360.45,359.5,359.6,9658
PRAJIND,2026-06-05 10:13:00,359.6,359.95,359.4,359.45,6143
PRAJIND,2026-06-05 10:14:00,359.45,359.5,359.0,359.0,3125
PRAJIND,2026-06-05 10:15:00,359.0,359.25,358.5,358.5,4666
PRAJIND,2026-06-05 10:16:00,358.7,358.9,358.5,358.9,412
PRAJIND,2026-06-05 10:17:00,358.85,358.9,358.5,358.6,447
PRAJIND,2026-06-05 10:18:00,358.6,358.9,358.6,358.85,6518
PRAJIND,2026-06-05 10:19:00,358.9,359.45,358.75,359.45,5453
PRAJIND,2026-06-05 10:20:00,359.5,360.0,359.5,359.85,6770
PRAJIND,2026-06-05 10:21:00,359.95,359.95,359.65,359.75,1106
PRAJIND,2026-06-05 10:22:00,359.75,360.55,359.7,360.0,7471
PRAJIND,2026-06-05 10:23:00,360.0,360.5,360.0,360.5,8388
PRAJIND,2026-06-05 10:24:00,360.55,360.55,360.0,360.5,10278
PRAJIND,2026-06-05 10:25:00,360.5,360.5,360.3,360.35,340
PRAJIND,2026-06-05 10:26:00,360.35,360.35,359.35,359.35,5048
PRAJIND,2026-06-05 10:27:00,359.35,359.5,358.2,358.2,2510
PRAJIND,2026-06-05 10:28:00,358.05,358.65,358.05,358.65,2443
PRAJIND,2026-06-05 10:29:00,359.1,359.3,358.65,358.65,1652
PRAJIND,2026-06-05 10:30:00,359.2,359.2,358.9,359.2,2680
PRAJIND,2026-06-05 10:31:00,359.2,359.8,359.0,359.55,5755
PRAJIND,2026-06-05 10:32:00,359.8,359.85,359.0,359.45,2230
PRAJIND,2026-06-05 10:33:00,359.45,360.0,359.2,359.55,9026
PRAJIND,2026-06-05 10:34:00,359.9,360.0,359.15,359.35,1114
PRAJIND,2026-06-05 10:35:00,359.15,359.15,358.2,358.5,2764
PRAJIND,2026-06-05 10:36:00,358.45,358.45,357.1,357.1,2885
PRAJIND,2026-06-05 10:37:00,357.3,357.3,356.75,357.15,4467
PRAJIND,2026-06-05 10:38:00,357.0,357.2,356.6,356.7,3769
PRAJIND,2026-06-05 10:39:00,356.7,356.7,356.0,356.0,7822
PRAJIND,2026-06-05 10:40:00,356.0,356.5,355.7,355.7,3386
PRAJIND,2026-06-05 10:41:00,355.7,356.4,355.7,356.4,7943
PRAJIND,2026-06-05 10:42:00,356.4,356.65,356.3,356.4,3019
PRAJIND,2026-06-05 10:43:00,356.35,356.35,355.7,355.95,2335
PRAJIND,2026-06-05 10:44:00,355.95,355.95,355.6,355.8,883
PRAJIND,2026-06-05 10:45:00,355.6,355.8,354.3,354.7,15271
PRAJIND,2026-06-05 10:46:00,354.7,355.0,354.5,354.95,2254
PRAJIND,2026-06-05 10:47:00,354.8,355.0,354.7,355.0,3685
PRAJIND,2026-06-05 10:48:00,355.0,355.7,355.0,355.35,21972
PRAJIND,2026-06-05 10:49:00,355.3,356.1,355.3,355.85,5511
PRAJIND,2026-06-05 10:50:00,355.85,356.1,355.8,356.1,1123
PRAJIND,2026-06-05 10:51:00,356.1,356.1,355.7,355.9,1614
PRAJIND,2026-06-05 10:52:00,355.9,356.55,355.7,356.4,2713
PRAJIND,2026-06-05 10:53:00,356.4,356.4,356.35,356.35,620
PRAJIND,2026-06-05 10:54:00,356.35,356.6,356.1,356.55,912
PRAJIND,2026-06-05 10:55:00,356.55,356.65,356.3,356.65,237
PRAJIND,2026-06-05 10:56:00,356.65,357.0,356.45,356.45,695
PRAJIND,2026-06-05 10:57:00,356.5,356.8,356.5,356.8,1000
PRAJIND,2026-06-05 10:58:00,356.8,356.8,356.5,356.75,170
PRAJIND,2026-06-05 10:59:00,356.7,356.85,356.7,356.85,1191
PRAJIND,2026-06-05 11:00:00,357.05,357.35,357.0,357.35,1732
PRAJIND,2026-06-05 11:01:00,357.15,357.35,356.85,357.0,1734
PRAJIND,2026-06-05 11:02:00,357.0,357.0,356.7,357.0,1141
PRAJIND,2026-06-05 11:03:00,357.0,357.45,356.85,357.4,1443
PRAJIND,2026-06-05 11:04:00,357.4,357.45,357.2,357.2,446
PRAJIND,2026-06-05 11:05:00,357.2,357.5,357.1,357.35,432
PRAJIND,2026-06-05 11:06:00,357.35,357.75,357.35,357.6,190
PRAJIND,2026-06-05 11:07:00,357.6,357.65,357.35,357.35,671
PRAJIND,2026-06-05 11:08:00,357.4,357.55,357.35,357.55,110
PRAJIND,2026-06-05 11:09:00,357.55,358.05,357.45,357.75,4947
PRAJIND,2026-06-05 11:10:00,357.75,358.3,357.75,358.05,3094
PRAJIND,2026-06-05 11:11:00,358.05,358.15,357.5,357.5,639
PRAJIND,2026-06-05 11:12:00,357.7,357.8,357.65,357.8,91
PRAJIND,2026-06-05 11:13:00,357.7,358.55,357.6,358.2,11931
PRAJIND,2026-06-05 11:14:00,358.2,358.35,358.0,358.15,1961
PRAJIND,2026-06-05 11:15:00,358.15,358.5,358.15,358.2,1150
PRAJIND,2026-06-05 11:16:00,358.45,358.45,358.15,358.15,495
PRAJIND,2026-06-05 11:17:00,358.4,358.9,358.4,358.45,3475
PRAJIND,2026-06-05 11:18:00,358.45,358.45,358.4,358.45,374
PRAJIND,2026-06-05 11:19:00,358.45,358.45,358.25,358.4,304
PRAJIND,2026-06-05 11:20:00,358.4,358.5,357.65,358.15,1965
PRAJIND,2026-06-05 11:21:00,357.6,357.95,357.35,357.55,4479
PRAJIND,2026-06-05 11:22:00,357.55,358.0,357.55,357.95,1341
PRAJIND,2026-06-05 11:23:00,357.3,357.7,357.25,357.7,6878
PRAJIND,2026-06-05 11:24:00,357.7,358.3,357.7,358.3,1110
PRAJIND,2026-06-05 11:25:00,358.3,358.35,357.85,358.1,2936
PRAJIND,2026-06-05 11:26:00,358.1,358.1,357.8,358.05,980
PRAJIND,2026-06-05 11:27:00,358.05,358.3,358.0,358.15,564
PRAJIND,2026-06-05 11:28:00,358.15,358.4,358.05,358.15,1889
PRAJIND,2026-06-05 11:29:00,358.2,358.5,358.2,358.5,1725
PRAJIND,2026-06-05 11:30:00,358.5,358.85,358.5,358.75,492
PRAJIND,2026-06-05 11:31:00,358.55,358.75,358.35,358.35,425
PRAJIND,2026-06-05 11:32:00,358.35,359.0,358.35,358.85,2314
PRAJIND,2026-06-05 11:33:00,358.85,358.85,358.85,358.85,786
PRAJIND,2026-06-05 11:34:00,358.85,359.2,358.85,358.95,568
PRAJIND,2026-06-05 11:35:00,358.95,358.95,358.15,358.15,3581
PRAJIND,2026-06-05 11:36:00,358.15,358.4,358.15,358.35,682
PRAJIND,2026-06-05 11:37:00,358.3,358.3,358.0,358.0,1361
PRAJIND,2026-06-05 11:38:00,358.0,358.2,358.0,358.2,848
PRAJIND,2026-06-05 11:39:00,358.2,358.25,358.1,358.25,208
PRAJIND,2026-06-05 11:40:00,358.25,358.25,356.5,356.5,8371
PRAJIND,2026-06-05 11:41:00,356.7,356.7,356.4,356.5,780
PRAJIND,2026-06-05 11:42:00,356.5,356.5,356.2,356.2,578
PRAJIND,2026-06-05 11:43:00,356.4,356.4,355.55,356.0,12998
PRAJIND,2026-06-05 11:44:00,356.0,356.0,355.25,355.35,3072
PRAJIND,2026-06-05 11:45:00,355.35,355.8,355.35,355.8,721
PRAJIND,2026-06-05 11:46:00,356.0,356.0,355.6,356.0,1560
PRAJIND,2026-06-05 11:47:00,355.8,356.0,355.15,355.4,5277
PRAJIND,2026-06-05 11:48:00,355.45,355.45,355.0,355.4,444
PRAJIND,2026-06-05 11:49:00,355.4,355.5,355.1,355.45,581
PRAJIND,2026-06-05 11:50:00,355.45,355.5,355.15,355.15,458
PRAJIND,2026-06-05 11:51:00,355.15,355.15,354.55,354.55,4141
PRAJIND,2026-06-05 11:52:00,354.55,355.1,354.55,354.6,3788
PRAJIND,2026-06-05 11:53:00,354.55,354.75,354.3,354.75,1338
PRAJIND,2026-06-05 11:54:00,354.8,354.8,354.5,354.6,905
PRAJIND,2026-06-05 11:55:00,354.35,354.35,354.2,354.35,602
PRAJIND,2026-06-05 11:56:00,354.35,354.35,354.0,354.3,3453
PRAJIND,2026-06-05 11:57:00,354.3,354.3,354.05,354.25,339
PRAJIND,2026-06-05 11:58:00,354.2,354.35,354.2,354.35,1882
PRAJIND,2026-06-05 11:59:00,354.35,354.35,354.1,354.35,268
PRAJIND,2026-06-05 12:00:00,354.2,355.15,354.2,355.15,14657
PRAJIND,2026-06-05 12:01:00,355.15,355.35,355.0,355.35,507
PRAJIND,2026-06-05 12:02:00,355.35,355.35,353.65,353.65,4997
PRAJIND,2026-06-05 12:03:00,353.65,354.05,353.65,353.9,806
PRAJIND,2026-06-05 12:04:00,353.9,354.15,353.15,353.55,10861
PRAJIND,2026-06-05 12:05:00,353.55,353.9,353.55,353.85,639
PRAJIND,2026-06-05 12:06:00,353.85,353.85,353.5,353.5,600
PRAJIND,2026-06-05 12:07:00,353.5,353.8,353.5,353.8,214
PRAJIND,2026-06-05 12:08:00,353.8,354.0,353.5,353.5,2164
PRAJIND,2026-06-05 12:09:00,353.5,353.8,353.5,353.8,516
PRAJIND,2026-06-05 12:10:00,353.8,353.8,353.4,353.4,3392
PRAJIND,2026-06-05 12:11:00,353.4,353.7,353.4,353.7,461
PRAJIND,2026-06-05 12:12:00,353.65,353.65,353.65,353.65,261
PRAJIND,2026-06-05 12:13:00,353.65,353.65,353.5,353.65,335
PRAJIND,2026-06-05 12:14:00,353.65,354.2,353.65,354.2,1121
PRAJIND,2026-06-05 12:15:00,354.2,354.55,354.15,354.4,2865
PRAJIND,2026-06-05 12:16:00,354.4,354.4,354.15,354.4,1784
PRAJIND,2026-06-05 12:17:00,354.4,354.45,354.15,354.45,560
PRAJIND,2026-06-05 12:18:00,354.45,354.45,354.15,354.3,330
PRAJIND,2026-06-05 12:19:00,354.3,354.4,353.9,353.9,8507
PRAJIND,2026-06-05 12:20:00,353.75,354.1,353.75,353.85,639
PRAJIND,2026-06-05 12:21:00,353.95,354.25,353.85,353.85,534
PRAJIND,2026-06-05 12:22:00,353.85,354.1,353.85,354.0,684
PRAJIND,2026-06-05 12:23:00,354.0,354.1,354.0,354.1,346
PRAJIND,2026-06-05 12:24:00,354.0,354.2,354.0,354.15,670
PRAJIND,2026-06-05 12:25:00,354.2,354.25,354.15,354.15,350
PRAJIND,2026-06-05 12:26:00,354.15,354.45,354.15,354.45,1006
PRAJIND,2026-06-05 12:27:00,354.45,354.45,354.4,354.4,880
PRAJIND,2026-06-05 12:28:00,354.4,354.4,354.0,354.15,1005
PRAJIND,2026-06-05 12:29:00,354.15,354.35,353.85,353.85,715
PRAJIND,2026-06-05 12:30:00,353.85,354.0,353.7,353.7,115
PRAJIND,2026-06-05 12:31:00,353.95,353.95,353.5,353.55,1606
PRAJIND,2026-06-05 12:32:00,353.55,353.75,353.4,353.65,1050
PRAJIND,2026-06-05 12:33:00,353.7,353.9,353.5,353.75,814
PRAJIND,2026-06-05 12:34:00,353.95,353.95,353.1,353.2,2258
PRAJIND,2026-06-05 12:35:00,353.2,353.5,353.2,353.45,72
PRAJIND,2026-06-05 12:36:00,353.7,353.75,353.5,353.5,373
PRAJIND,2026-06-05 12:37:00,353.4,353.4,353.0,353.0,2173
PRAJIND,2026-06-05 12:38:00,353.0,353.4,353.0,353.4,215
PRAJIND,2026-06-05 12:39:00,353.5,353.8,353.5,353.7,698
PRAJIND,2026-06-05 12:40:00,353.7,353.75,353.65,353.75,137
PRAJIND,2026-06-05 12:41:00,353.85,354.0,353.8,354.0,208
PRAJIND,2026-06-05 12:42:00,354.0,354.0,353.65,353.75,1558
PRAJIND,2026-06-05 12:43:00,353.75,353.75,353.5,353.5,407
PRAJIND,2026-06-05 12:44:00,353.5,353.75,353.5,353.75,592
PRAJIND,2026-06-05 12:45:00,353.75,353.75,353.7,353.75,7
PRAJIND,2026-06-05 12:46:00,354.0,354.2,354.0,354.0,1132
PRAJIND,2026-06-05 12:47:00,354.0,354.05,353.8,354.05,284
PRAJIND,2026-06-05 12:48:00,354.05,354.2,353.8,354.2,707
PRAJIND,2026-06-05 12:49:00,354.2,354.2,354.0,354.1,74
PRAJIND,2026-06-05 12:50:00,353.95,354.0,353.7,353.95,1523
PRAJIND,2026-06-05 12:51:00,353.75,354.0,353.75,354.0,495
PRAJIND,2026-06-05 12:52:00,353.95,354.1,353.85,354.1,422
PRAJIND,2026-06-05 12:53:00,354.0,354.25,354.0,354.2,93
PRAJIND,2026-06-05 12:54:00,354.2,354.2,353.55,353.8,1312
PRAJIND,2026-06-05 12:55:00,353.8,353.8,353.55,353.7,164
PRAJIND,2026-06-05 12:56:00,353.7,353.7,353.4,353.4,565
PRAJIND,2026-06-05 12:57:00,353.4,353.7,353.4,353.7,400
PRAJIND,2026-06-05 12:58:00,353.7,353.75,353.45,353.5,1139
PRAJIND,2026-06-05 12:59:00,353.5,353.6,353.3,353.6,771
PRAJIND,2026-06-05 13:00:00,353.6,353.6,353.3,353.35,255
PRAJIND,2026-06-05 13:01:00,353.35,353.55,353.15,353.5,601
PRAJIND,2026-06-05 13:02:00,353.3,353.55,353.3,353.35,107
PRAJIND,2026-06-05 13:03:00,353.35,353.45,353.3,353.35,326
PRAJIND,2026-06-05 13:04:00,353.35,353.45,353.3,353.35,796
PRAJIND,2026-06-05 13:05:00,353.5,354.0,353.5,353.9,1429
PRAJIND,2026-06-05 13:06:00,353.9,354.0,353.6,353.75,522
PRAJIND,2026-06-05 13:07:00,353.75,353.75,352.65,352.65,3854
PRAJIND,2026-06-05 13:08:00,352.65,352.85,352.65,352.85,317
PRAJIND,2026-06-05 13:09:00,352.85,352.85,352.4,352.4,1250
PRAJIND,2026-06-05 13:10:00,352.5,352.75,352.4,352.4,1712
PRAJIND,2026-06-05 13:11:00,352.4,352.45,352.2,352.4,283
PRAJIND,2026-06-05 13:12:00,352.4,353.0,352.4,353.0,2967
PRAJIND,2026-06-05 13:13:00,352.75,353.0,352.75,352.8,1524
PRAJIND,2026-06-05 13:14:00,352.8,352.8,352.1,352.35,1848
PRAJIND,2026-06-05 13:15:00,352.1,352.1,351.8,352.1,3929
PRAJIND,2026-06-05 13:16:00,352.65,353.3,352.4,353.3,5171
PRAJIND,2026-06-05 13:17:00,353.3,353.7,353.3,353.7,1180
PRAJIND,2026-06-05 13:18:00,353.7,353.7,353.25,353.35,232
PRAJIND,2026-06-05 13:19:00,353.35,353.5,353.2,353.2,1108
PRAJIND,2026-06-05 13:20:00,353.55,353.55,353.1,353.4,1104
PRAJIND,2026-06-05 13:21:00,353.4,353.4,353.2,353.4,529
PRAJIND,2026-06-05 13:22:00,353.4,353.5,353.4,353.4,432
PRAJIND,2026-06-05 13:23:00,353.4,353.4,353.3,353.35,306
PRAJIND,2026-06-05 13:24:00,353.35,353.35,353.0,353.0,196
PRAJIND,2026-06-05 13:25:00,353.1,353.1,352.8,352.9,166
PRAJIND,2026-06-05 13:26:00,353.2,353.2,353.0,353.1,671
PRAJIND,2026-06-05 13:27:00,353.2,353.55,353.0,353.0,822
PRAJIND,2026-06-05 13:28:00,352.95,353.0,352.85,352.95,440
PRAJIND,2026-06-05 13:29:00,352.75,352.85,352.75,352.85,254
PRAJIND,2026-06-05 13:30:00,352.75,352.95,352.15,352.55,1182
PRAJIND,2026-06-05 13:31:00,352.55,352.9,352.55,352.85,219
PRAJIND,2026-06-05 13:32:00,352.85,353.0,352.85,352.85,1024
PRAJIND,2026-06-05 13:33:00,353.05,353.1,352.7,352.7,831
PRAJIND,2026-06-05 13:34:00,352.6,352.6,352.45,352.45,100
PRAJIND,2026-06-05 13:35:00,352.5,352.85,352.5,352.85,251
PRAJIND,2026-06-05 13:36:00,352.85,352.85,352.75,352.75,53
PRAJIND,2026-06-05 13:37:00,352.75,353.0,352.1,352.75,2521
PRAJIND,2026-06-05 13:38:00,352.75,353.45,352.75,353.45,1073
PRAJIND,2026-06-05 13:39:00,353.45,353.45,351.9,352.2,1478
PRAJIND,2026-06-05 13:40:00,352.2,352.2,350.6,351.0,8262
PRAJIND,2026-06-05 13:41:00,350.6,351.35,350.35,351.3,3759
PRAJIND,2026-06-05 13:42:00,351.3,351.3,350.75,351.0,920
PRAJIND,2026-06-05 13:43:00,351.0,351.0,351.0,351.0,0
PRAJIND,2026-06-05 13:44:00,351.0,351.25,350.3,351.25,2122
PRAJIND,2026-06-05 13:45:00,351.25,351.25,350.8,350.8,20
PRAJIND,2026-06-05 13:46:00,350.8,351.75,350.8,351.75,388
PRAJIND,2026-06-05 13:47:00,351.75,351.8,351.25,351.55,633
PRAJIND,2026-06-05 13:48:00,351.25,351.55,351.25,351.5,597
PRAJIND,2026-06-05 13:49:00,351.5,351.55,351.0,351.55,668
PRAJIND,2026-06-05 13:50:00,351.55,351.6,351.4,351.4,162
PRAJIND,2026-06-05 13:51:00,351.4,351.6,351.4,351.45,502
PRAJIND,2026-06-05 13:52:00,351.45,351.65,351.0,351.05,3233
PRAJIND,2026-06-05 13:53:00,351.05,351.2,351.0,351.0,257
PRAJIND,2026-06-05 13:54:00,351.0,351.4,351.0,351.4,585
PRAJIND,2026-06-05 13:55:00,351.4,351.4,350.6,350.75,2189
PRAJIND,2026-06-05 13:56:00,350.9,350.9,350.55,350.8,497
PRAJIND,2026-06-05 13:57:00,350.8,350.9,350.6,350.8,513
PRAJIND,2026-06-05 13:58:00,350.8,350.85,350.6,350.85,2506
PRAJIND,2026-06-05 13:59:00,350.85,350.9,350.8,350.8,45
PRAJIND,2026-06-05 14:00:00,351.0,351.75,351.0,351.75,1160
PRAJIND,2026-06-05 14:01:00,351.75,351.75,351.25,351.5,239
PRAJIND,2026-06-05 14:02:00,351.7,351.75,351.6,351.75,609
PRAJIND,2026-06-05 14:03:00,351.75,351.75,351.7,351.7,287
PRAJIND,2026-06-05 14:04:00,351.7,351.7,351.4,351.6,105
PRAJIND,2026-06-05 14:05:00,351.6,351.95,351.6,351.95,2251
PRAJIND,2026-06-05 14:06:00,351.95,352.05,351.7,352.0,1289
PRAJIND,2026-06-05 14:07:00,352.0,352.0,351.65,351.7,1085
PRAJIND,2026-06-05 14:08:00,351.7,351.85,351.5,351.85,619
PRAJIND,2026-06-05 14:09:00,351.85,351.9,351.6,351.9,931
PRAJIND,2026-06-05 14:10:00,351.9,351.9,351.5,351.85,1021
PRAJIND,2026-06-05 14:11:00,351.85,351.9,351.6,351.65,308
PRAJIND,2026-06-05 14:12:00,351.65,351.65,351.45,351.45,273
PRAJIND,2026-06-05 14:13:00,351.45,351.8,351.05,351.8,1604
PRAJIND,2026-06-05 14:14:00,351.8,351.85,351.7,351.7,13
PRAJIND,2026-06-05 14:15:00,351.8,354.8,351.5,353.3,21169
PRAJIND,2026-06-05 14:16:00,353.25,353.4,352.7,353.05,6348
PRAJIND,2026-06-05 14:17:00,353.05,353.05,352.55,352.55,1842
PRAJIND,2026-06-05 14:18:00,352.55,352.85,352.45,352.5,1481
PRAJIND,2026-06-05 14:19:00,352.7,352.75,352.0,352.0,3331
PRAJIND,2026-06-05 14:20:00,352.0,352.0,351.55,351.65,634
PRAJIND,2026-06-05 14:21:00,351.65,351.65,351.25,351.45,2394
PRAJIND,2026-06-05 14:22:00,351.45,351.65,351.45,351.6,453
PRAJIND,2026-06-05 14:23:00,351.6,351.6,351.45,351.6,505
PRAJIND,2026-06-05 14:24:00,351.6,352.05,351.5,352.05,2493
PRAJIND,2026-06-05 14:25:00,352.05,352.45,352.05,352.35,1426
PRAJIND,2026-06-05 14:26:00,352.35,353.0,352.35,352.8,3425
PRAJIND,2026-06-05 14:27:00,352.8,352.8,352.25,352.45,1357
PRAJIND,2026-06-05 14:28:00,352.45,352.7,352.3,352.7,350
PRAJIND,2026-06-05 14:29:00,352.7,352.75,352.55,352.75,320
PRAJIND,2026-06-05 14:30:00,352.75,353.0,352.75,353.0,1683
PRAJIND,2026-06-05 14:31:00,353.0,353.0,352.2,352.2,1872
PRAJIND,2026-06-05 14:32:00,352.2,352.2,352.15,352.15,23
PRAJIND,2026-06-05 14:33:00,352.1,352.1,351.75,351.75,328
PRAJIND,2026-06-05 14:34:00,351.75,352.0,351.55,351.75,476
PRAJIND,2026-06-05 14:35:00,351.75,351.75,351.55,351.75,1182
PRAJIND,2026-06-05 14:36:00,351.75,351.75,351.55,351.55,147
PRAJIND,2026-06-05 14:37:00,351.75,351.75,351.5,351.5,811
PRAJIND,2026-06-05 14:38:00,351.5,351.5,351.15,351.2,2045
PRAJIND,2026-06-05 14:39:00,351.2,351.45,351.1,351.1,478
PRAJIND,2026-06-05 14:40:00,351.05,351.8,351.0,351.8,5320
PRAJIND,2026-06-05 14:41:00,351.8,352.1,351.5,351.9,3444
PRAJIND,2026-06-05 14:42:00,351.85,352.7,351.85,352.6,5181
PRAJIND,2026-06-05 14:43:00,352.6,353.6,352.6,353.3,3908
PRAJIND,2026-06-05 14:44:00,353.3,353.3,352.85,352.85,2517
PRAJIND,2026-06-05 14:45:00,352.85,353.4,352.85,353.35,3378
PRAJIND,2026-06-05 14:46:00,353.25,353.7,353.25,353.7,886
PRAJIND,2026-06-05 14:47:00,353.7,356.0,353.7,355.95,19982
PRAJIND,2026-06-05 14:48:00,355.85,356.2,355.0,355.05,27298
PRAJIND,2026-06-05 14:49:00,355.05,355.25,354.95,355.1,7840
PRAJIND,2026-06-05 14:50:00,355.1,355.35,355.05,355.3,2134
PRAJIND,2026-06-05 14:51:00,355.3,355.45,353.9,353.9,160318
PRAJIND,2026-06-05 14:52:00,353.75,353.9,353.75,353.75,1540
PRAJIND,2026-06-05 14:53:00,353.75,353.95,353.75,353.8,1532
PRAJIND,2026-06-05 14:54:00,353.95,353.95,353.6,353.8,4663
PRAJIND,2026-06-05 14:55:00,353.8,354.9,353.8,354.65,2792
PRAJIND,2026-06-05 14:56:00,354.65,355.0,354.65,355.0,4400
PRAJIND,2026-06-05 14:57:00,354.8,354.8,354.1,354.2,2527
PRAJIND,2026-06-05 14:58:00,354.2,354.4,354.0,354.2,1054
PRAJIND,2026-06-05 14:59:00,354.05,354.45,353.8,353.85,1713
PRAJIND,2026-06-05 15:00:00,353.8,353.8,353.05,353.4,4729
PRAJIND,2026-06-05 15:01:00,353.4,353.8,353.35,353.55,1278
PRAJIND,2026-06-05 15:02:00,353.5,353.8,353.45,353.8,901
PRAJIND,2026-06-05 15:03:00,354.1,354.6,353.8,354.6,1308
PRAJIND,2026-06-05 15:04:00,354.6,354.6,353.8,354.0,4947
PRAJIND,2026-06-05 15:05:00,354.1,354.1,353.85,353.85,43
PRAJIND,2026-06-05 15:06:00,353.95,354.0,353.95,353.95,1206
PRAJIND,2026-06-05 15:07:00,353.9,354.15,353.9,354.1,292
PRAJIND,2026-06-05 15:08:00,354.1,354.1,353.85,353.9,1110
PRAJIND,2026-06-05 15:09:00,353.9,353.9,353.6,353.85,4119
PRAJIND,2026-06-05 15:10:00,353.65,353.9,353.55,353.9,2507
PRAJIND,2026-06-05 15:11:00,354.0,354.0,353.7,353.95,3576
PRAJIND,2026-06-05 15:12:00,354.0,354.0,353.5,353.75,4381
PRAJIND,2026-06-05 15:13:00,353.75,354.0,353.5,353.5,1287
PRAJIND,2026-06-05 15:14:00,353.75,353.75,353.15,353.25,2102
PRAJIND,2026-06-05 15:15:00,353.45,353.45,353.35,353.35,5518
PRAJIND,2026-06-05 15:16:00,353.35,353.35,353.05,353.1,2382
PRAJIND,2026-06-05 15:17:00,353.15,353.35,353.15,353.35,683
PRAJIND,2026-06-05 15:18:00,353.35,353.4,353.05,353.05,3308
PRAJIND,2026-06-05 15:19:00,353.0,353.35,352.95,353.35,2103
PRAJIND,2026-06-05 15:20:00,353.1,353.3,353.0,353.3,1300
PRAJIND,2026-06-05 15:21:00,353.4,353.4,352.85,352.85,7213
PRAJIND,2026-06-05 15:22:00,353.0,353.35,352.85,353.35,1407
PRAJIND,2026-06-05 15:23:00,353.0,353.4,353.0,353.4,3933
PRAJIND,2026-06-05 15:24:00,353.2,353.4,353.2,353.4,2850
PRAJIND,2026-06-05 15:25:00,353.3,353.4,353.25,353.25,4836
PRAJIND,2026-06-05 15:26:00,353.3,353.3,353.0,353.0,6730
PRAJIND,2026-06-05 15:27:00,353.35,353.45,353.15,353.4,1131
PRAJIND,2026-06-05 15:28:00,353.4,353.45,353.15,353.4,2446
PRAJIND,2026-06-05 15:29:00,353.35,353.5,353.35,353.5,3301
PRAJIND,2026-06-08 09:15:00,350.0,350.0,345.05,347.0,12109
PRAJIND,2026-06-08 09:16:00,347.1,348.75,346.75,348.5,10291
PRAJIND,2026-06-08 09:17:00,348.8,353.3,348.8,353.3,20685
PRAJIND,2026-06-08 09:18:00,353.15,357.8,353.0,357.8,32811
PRAJIND,2026-06-08 09:19:00,358.15,362.15,357.85,358.7,53059
PRAJIND,2026-06-08 09:20:00,359.05,359.85,357.15,357.15,56732
PRAJIND,2026-06-08 09:21:00,357.15,357.15,355.3,355.3,14127
PRAJIND,2026-06-08 09:22:00,355.5,356.35,354.1,354.95,11594
PRAJIND,2026-06-08 09:23:00,354.9,354.9,353.35,353.9,21861
PRAJIND,2026-06-08 09:24:00,353.35,354.15,352.75,352.75,15738
PRAJIND,2026-06-08 09:25:00,352.75,352.75,351.8,352.1,8399
PRAJIND,2026-06-08 09:26:00,352.1,352.65,351.8,352.65,8125
PRAJIND,2026-06-08 09:27:00,352.1,353.2,352.1,353.1,7034
PRAJIND,2026-06-08 09:28:00,352.95,353.4,352.8,352.95,5177
PRAJIND,2026-06-08 09:29:00,353.05,353.05,352.05,352.35,4096
PRAJIND,2026-06-08 09:30:00,352.25,352.5,352.05,352.1,2607
PRAJIND,2026-06-08 09:31:00,352.35,352.35,351.1,351.15,13711
PRAJIND,2026-06-08 09:32:00,351.45,352.0,351.3,352.0,3108
PRAJIND,2026-06-08 09:33:00,351.8,352.7,351.8,352.65,2568
PRAJIND,2026-06-08 09:34:00,352.65,352.65,351.85,352.3,3322
PRAJIND,2026-06-08 09:35:00,352.4,352.4,351.4,351.45,1529
PRAJIND,2026-06-08 09:36:00,351.55,351.65,350.5,350.5,2197
PRAJIND,2026-06-08 09:37:00,350.35,350.85,350.35,350.4,3217
PRAJIND,2026-06-08 09:38:00,350.15,350.6,350.05,350.5,7547
PRAJIND,2026-06-08 09:39:00,350.6,351.35,350.6,351.15,2461
PRAJIND,2026-06-08 09:40:00,351.0,351.5,350.5,351.45,1312
PRAJIND,2026-06-08 09:41:00,351.45,351.65,350.4,350.4,1941
PRAJIND,2026-06-08 09:42:00,350.4,350.75,350.0,350.4,3584
PRAJIND,2026-06-08 09:43:00,350.4,351.55,350.35,350.35,3049
PRAJIND,2026-06-08 09:44:00,350.35,350.65,350.2,350.65,1926
PRAJIND,2026-06-08 09:45:00,350.65,353.6,350.65,353.0,39820
PRAJIND,2026-06-08 09:46:00,353.0,354.7,353.0,354.1,8300
PRAJIND,2026-06-08 09:47:00,354.1,354.45,353.85,354.05,3152
PRAJIND,2026-06-08 09:48:00,353.9,358.4,353.9,356.45,20396
PRAJIND,2026-06-08 09:49:00,356.4,358.35,356.05,356.65,16394
PRAJIND,2026-06-08 09:50:00,356.85,357.9,356.25,357.0,10028
PRAJIND,2026-06-08 09:51:00,357.0,357.35,356.0,356.0,6092
PRAJIND,2026-06-08 09:52:00,356.0,356.6,356.0,356.3,1525
PRAJIND,2026-06-08 09:53:00,356.9,358.5,356.3,358.5,7780
PRAJIND,2026-06-08 09:54:00,357.65,358.15,356.95,356.95,8801
PRAJIND,2026-06-08 09:55:00,356.4,356.6,355.95,356.25,4405
PRAJIND,2026-06-08 09:56:00,356.05,356.55,355.75,356.3,4817
PRAJIND,2026-06-08 09:57:00,356.4,356.65,356.15,356.15,2153
PRAJIND,2026-06-08 09:58:00,356.45,356.8,356.4,356.5,793
PRAJIND,2026-06-08 09:59:00,356.5,357.4,356.2,357.15,2370
PRAJIND,2026-06-08 10:00:00,357.0,358.15,357.0,357.9,22028
PRAJIND,2026-06-08 10:01:00,358.1,358.65,358.05,358.4,5625
PRAJIND,2026-06-08 10:02:00,358.15,359.65,358.15,358.8,19590
PRAJIND,2026-06-08 10:03:00,359.0,359.35,358.0,358.0,8492
PRAJIND,2026-06-08 10:04:00,358.0,358.7,357.85,358.5,5476
PRAJIND,2026-06-08 10:05:00,359.5,359.65,359.0,359.05,7920
PRAJIND,2026-06-08 10:06:00,359.15,359.15,358.35,358.35,3064
PRAJIND,2026-06-08 10:07:00,358.6,361.2,358.5,361.05,24550
PRAJIND,2026-06-08 10:08:00,361.35,361.5,360.55,361.25,6650
PRAJIND,2026-06-08 10:09:00,361.3,361.75,360.8,360.8,7697
PRAJIND,2026-06-08 10:10:00,360.85,361.6,360.75,361.35,11438
PRAJIND,2026-06-08 10:11:00,361.85,362.7,361.8,362.7,26872
PRAJIND,2026-06-08 10:12:00,362.55,363.5,361.2,361.5,25657
PRAJIND,2026-06-08 10:13:00,361.3,362.95,361.0,362.55,10396
PRAJIND,2026-06-08 10:14:00,362.9,363.85,362.7,363.7,15994
PRAJIND,2026-06-08 10:15:00,363.7,365.9,363.55,364.0,37969
PRAJIND,2026-06-08 10:16:00,363.7,364.45,363.2,364.0,20578
PRAJIND,2026-06-08 10:17:00,364.0,365.3,361.25,364.3,39557
PRAJIND,2026-06-08 10:18:00,364.6,365.05,361.05,361.55,26866
PRAJIND,2026-06-08 10:19:00,361.55,362.4,361.1,361.85,17695
PRAJIND,2026-06-08 10:20:00,362.0,362.1,361.5,361.5,8491
PRAJIND,2026-06-08 10:21:00,361.5,361.9,361.2,361.4,6029
PRAJIND,2026-06-08 10:22:00,361.4,361.8,361.25,361.4,1701
PRAJIND,2026-06-08 10:23:00,361.25,361.5,360.7,361.0,8761
PRAJIND,2026-06-08 10:24:00,361.4,361.45,360.65,361.0,3809
PRAJIND,2026-06-08 10:25:00,361.0,362.75,360.8,362.05,11921
PRAJIND,2026-06-08 10:26:00,362.05,362.05,361.2,361.25,1691
PRAJIND,2026-06-08 10:27:00,361.0,361.75,360.75,360.75,8259
PRAJIND,2026-06-08 10:28:00,360.75,361.8,360.75,361.65,5042
PRAJIND,2026-06-08 10:29:00,361.65,361.65,359.5,359.85,14006
PRAJIND,2026-06-08 10:30:00,359.8,360.2,359.0,359.7,10127
PRAJIND,2026-06-08 10:31:00,359.7,359.75,359.15,359.15,3465
PRAJIND,2026-06-08 10:32:00,359.15,359.55,359.0,359.4,6869
PRAJIND,2026-06-08 10:33:00,359.9,360.55,358.9,359.5,10354
PRAJIND,2026-06-08 10:34:00,359.25,359.75,359.1,359.4,2199
PRAJIND,2026-06-08 10:35:00,359.4,359.95,359.15,359.75,3000
PRAJIND,2026-06-08 10:36:00,359.75,360.0,359.7,359.95,539
PRAJIND,2026-06-08 10:37:00,360.0,360.0,359.45,359.65,1616
PRAJIND,2026-06-08 10:38:00,359.6,359.9,359.6,359.9,1162
PRAJIND,2026-06-08 10:39:00,359.7,359.95,359.45,359.6,585
PRAJIND,2026-06-08 10:40:00,359.6,360.0,359.5,360.0,3248
PRAJIND,2026-06-08 10:41:00,359.85,360.0,359.5,359.85,1249
PRAJIND,2026-06-08 10:42:00,359.85,361.75,359.85,361.4,5718
PRAJIND,2026-06-08 10:43:00,360.95,360.95,359.6,359.9,3565
PRAJIND,2026-06-08 10:44:00,359.9,363.95,359.9,362.7,37044
PRAJIND,2026-06-08 10:45:00,362.7,362.95,362.2,362.25,3045
PRAJIND,2026-06-08 10:46:00,362.25,363.1,362.15,362.7,2624
PRAJIND,2026-06-08 10:47:00,362.7,363.05,362.5,362.7,1916
PRAJIND,2026-06-08 10:48:00,362.5,362.5,362.05,362.25,4861
PRAJIND,2026-06-08 10:49:00,362.1,363.15,362.0,363.15,1275
PRAJIND,2026-06-08 10:50:00,363.1,364.35,362.95,363.35,11513
PRAJIND,2026-06-08 10:51:00,363.4,363.4,362.85,362.85,4403
PRAJIND,2026-06-08 10:52:00,363.05,363.4,363.05,363.05,2032
PRAJIND,2026-06-08 10:53:00,363.0,363.3,363.0,363.3,2882
PRAJIND,2026-06-08 10:54:00,363.2,363.45,362.2,363.1,15988
PRAJIND,2026-06-08 10:55:00,363.2,364.85,363.2,364.0,13529
PRAJIND,2026-06-08 10:56:00,364.0,364.35,363.6,364.35,14553
PRAJIND,2026-06-08 10:57:00,364.35,364.5,364.0,364.3,2298
PRAJIND,2026-06-08 10:58:00,364.3,364.45,364.2,364.25,3212
PRAJIND,2026-06-08 10:59:00,364.3,364.85,364.25,364.75,4785
PRAJIND,2026-06-08 11:00:00,364.85,364.85,364.25,364.4,7900
PRAJIND,2026-06-08 11:01:00,364.35,364.45,364.25,364.25,3187
PRAJIND,2026-06-08 11:02:00,364.25,364.3,363.8,364.15,4297
PRAJIND,2026-06-08 11:03:00,364.15,364.85,364.15,364.45,5660
PRAJIND,2026-06-08 11:04:00,364.15,364.4,364.05,364.25,2645
PRAJIND,2026-06-08 11:05:00,364.05,365.2,363.55,365.0,37554
PRAJIND,2026-06-08 11:06:00,365.0,365.2,364.6,364.85,10620
PRAJIND,2026-06-08 11:07:00,364.55,364.75,363.35,363.35,6669
PRAJIND,2026-06-08 11:08:00,363.35,363.7,363.35,363.5,2027
PRAJIND,2026-06-08 11:09:00,363.5,363.9,363.2,363.8,20182
PRAJIND,2026-06-08 11:10:00,363.85,364.15,363.75,363.8,2216
PRAJIND,2026-06-08 11:11:00,363.55,364.0,363.55,363.9,1311
PRAJIND,2026-06-08 11:12:00,363.9,363.9,363.5,363.7,2053
PRAJIND,2026-06-08 11:13:00,363.8,363.95,363.75,363.95,2724
PRAJIND,2026-06-08 11:14:00,363.95,364.6,363.6,364.5,6837
PRAJIND,2026-06-08 11:15:00,364.6,364.9,364.35,364.7,2647
PRAJIND,2026-06-08 11:16:00,364.7,365.0,364.5,364.6,5687
PRAJIND,2026-06-08 11:17:00,364.6,364.7,364.05,364.05,14341
PRAJIND,2026-06-08 11:18:00,364.05,364.8,364.05,364.5,11792
PRAJIND,2026-06-08 11:19:00,364.5,364.65,364.35,364.35,3007
PRAJIND,2026-06-08 11:20:00,364.35,364.45,364.05,364.1,2926
PRAJIND,2026-06-08 11:21:00,364.1,364.1,363.25,363.8,35689
PRAJIND,2026-06-08 11:22:00,363.8,364.0,363.55,363.85,3155
PRAJIND,2026-06-08 11:23:00,363.8,363.8,363.3,363.5,429
PRAJIND,2026-06-08 11:24:00,363.5,363.9,363.3,363.9,4214
PRAJIND,2026-06-08 11:25:00,363.9,364.45,363.75,364.2,5449
PRAJIND,2026-06-08 11:26:00,364.2,365.65,364.05,364.1,31643
PRAJIND,2026-06-08 11:27:00,364.1,364.1,363.1,363.45,27877
PRAJIND,2026-06-08 11:28:00,363.45,363.45,363.1,363.1,4953
PRAJIND,2026-06-08 11:29:00,363.1,363.2,362.95,363.15,10153
PRAJIND,2026-06-08 11:30:00,363.2,363.4,363.15,363.35,1460
PRAJIND,2026-06-08 11:31:00,363.35,363.35,363.1,363.15,1042
PRAJIND,2026-06-08 11:32:00,363.2,363.4,363.15,363.15,649
PRAJIND,2026-06-08 11:33:00,363.05,363.3,363.05,363.25,1059
PRAJIND,2026-06-08 11:34:00,363.25,363.25,363.05,363.05,1142
PRAJIND,2026-06-08 11:35:00,363.25,363.25,363.05,363.15,545
PRAJIND,2026-06-08 11:36:00,363.15,363.85,363.05,363.65,6205
PRAJIND,2026-06-08 11:37:00,363.6,364.0,363.3,363.6,5468
PRAJIND,2026-06-08 11:38:00,363.5,363.6,363.35,363.6,525
PRAJIND,2026-06-08 11:39:00,363.6,363.6,363.25,363.45,604
PRAJIND,2026-06-08 11:40:00,363.45,363.45,363.05,363.2,695
PRAJIND,2026-06-08 11:41:00,363.4,363.4,363.05,363.1,977
PRAJIND,2026-06-08 11:42:00,363.3,363.4,363.05,363.4,3862
PRAJIND,2026-06-08 11:43:00,363.4,363.85,363.3,363.75,2880
PRAJIND,2026-06-08 11:44:00,363.75,363.95,363.5,363.65,3562
PRAJIND,2026-06-08 11:45:00,363.65,363.7,363.5,363.7,201
PRAJIND,2026-06-08 11:46:00,363.65,363.85,363.65,363.8,540
PRAJIND,2026-06-08 11:47:00,363.85,364.2,363.8,364.1,4369
PRAJIND,2026-06-08 11:48:00,364.0,364.0,363.55,363.75,786
PRAJIND,2026-06-08 11:49:00,363.55,363.9,363.55,363.9,236
PRAJIND,2026-06-08 11:50:00,363.55,363.9,363.55,363.6,4590
PRAJIND,2026-06-08 11:51:00,363.6,363.6,363.35,363.35,792
PRAJIND,2026-06-08 11:52:00,363.35,363.45,363.15,363.3,2113
PRAJIND,2026-06-08 11:53:00,363.1,363.3,363.1,363.15,1248
PRAJIND,2026-06-08 11:54:00,363.15,363.3,362.55,362.65,10480
PRAJIND,2026-06-08 11:55:00,362.75,363.2,362.65,362.9,15384
PRAJIND,2026-06-08 11:56:00,362.9,362.95,362.7,362.8,1062
PRAJIND,2026-06-08 11:57:00,362.8,362.85,362.55,362.55,5548
PRAJIND,2026-06-08 11:58:00,362.55,363.0,362.2,362.6,24287
PRAJIND,2026-06-08 11:59:00,362.6,363.2,362.55,363.0,2328
PRAJIND,2026-06-08 12:00:00,363.0,363.15,362.75,363.0,1575
PRAJIND,2026-06-08 12:01:00,363.0,363.0,362.6,362.6,60
PRAJIND,2026-06-08 12:02:00,362.6,362.65,362.15,362.2,14154
PRAJIND,2026-06-08 12:03:00,362.2,362.45,362.15,362.35,1811
PRAJIND,2026-06-08 12:04:00,362.35,362.35,362.05,362.05,3561
PRAJIND,2026-06-08 12:05:00,362.05,362.15,361.5,361.7,2783
PRAJIND,2026-06-08 12:06:00,361.7,361.9,361.5,361.7,1128
PRAJIND,2026-06-08 12:07:00,361.7,361.95,361.2,361.3,2038
PRAJIND,2026-06-08 12:08:00,361.35,361.45,360.15,360.4,8224
PRAJIND,2026-06-08 12:09:00,360.4,360.55,360.2,360.4,3781
PRAJIND,2026-06-08 12:10:00,360.2,360.55,360.15,360.45,1060
PRAJIND,2026-06-08 12:11:00,360.45,360.85,360.45,360.7,712
PRAJIND,2026-06-08 12:12:00,360.7,360.7,360.3,360.3,1095
PRAJIND,2026-06-08 12:13:00,360.5,360.5,360.3,360.4,332
PRAJIND,2026-06-08 12:14:00,360.4,360.55,360.3,360.55,932
PRAJIND,2026-06-08 12:15:00,360.35,360.6,360.3,360.3,2753
PRAJIND,2026-06-08 12:16:00,360.3,360.45,360.2,360.4,3575
PRAJIND,2026-06-08 12:17:00,360.4,360.6,360.4,360.5,878
PRAJIND,2026-06-08 12:18:00,360.5,360.5,360.35,360.35,141
PRAJIND,2026-06-08 12:19:00,360.35,360.6,360.2,360.6,1535
PRAJIND,2026-06-08 12:20:00,360.55,360.65,360.3,360.4,3600
PRAJIND,2026-06-08 12:21:00,360.4,360.8,360.4,360.55,870
PRAJIND,2026-06-08 12:22:00,360.85,360.9,360.6,360.8,562
PRAJIND,2026-06-08 12:23:00,360.8,360.8,360.2,360.25,3807
PRAJIND,2026-06-08 12:24:00,360.25,360.6,360.25,360.6,651
PRAJIND,2026-06-08 12:25:00,360.5,360.55,360.5,360.55,70
PRAJIND,2026-06-08 12:26:00,360.55,360.6,360.5,360.5,948
PRAJIND,2026-06-08 12:27:00,360.5,360.5,360.4,360.4,664
PRAJIND,2026-06-08 12:28:00,360.4,360.4,360.05,360.05,995
PRAJIND,2026-06-08 12:29:00,360.1,360.1,360.0,360.05,985
PRAJIND,2026-06-08 12:30:00,360.05,360.8,360.05,360.8,781
PRAJIND,2026-06-08 12:31:00,361.0,361.2,360.8,361.0,2536
PRAJIND,2026-06-08 12:32:00,361.0,361.1,360.9,361.1,344
PRAJIND,2026-06-08 12:33:00,361.1,361.2,360.85,361.1,827
PRAJIND,2026-06-08 12:34:00,361.1,361.1,360.65,360.85,270
PRAJIND,2026-06-08 12:35:00,360.85,360.85,360.35,360.35,1740
PRAJIND,2026-06-08 12:36:00,360.35,360.55,360.3,360.55,609
PRAJIND,2026-06-08 12:37:00,360.55,360.55,360.5,360.55,234
PRAJIND,2026-06-08 12:38:00,360.55,360.55,360.1,360.1,772
PRAJIND,2026-06-08 12:39:00,360.1,360.3,360.05,360.25,1004
PRAJIND,2026-06-08 12:40:00,360.25,360.25,360.05,360.05,180
PRAJIND,2026-06-08 12:41:00,360.05,360.25,360.0,360.05,1010
PRAJIND,2026-06-08 12:42:00,360.05,360.2,360.05,360.2,203
PRAJIND,2026-06-08 12:43:00,360.2,360.45,360.2,360.3,1500
PRAJIND,2026-06-08 12:44:00,360.3,360.3,360.0,360.05,1370
PRAJIND,2026-06-08 12:45:00,360.05,360.25,359.75,360.25,5407
PRAJIND,2026-06-08 12:46:00,360.25,360.3,359.85,360.0,343
PRAJIND,2026-06-08 12:47:00,359.95,360.35,359.95,360.15,2395
PRAJIND,2026-06-08 12:48:00,360.35,361.5,360.25,361.0,7306
PRAJIND,2026-06-08 12:49:00,361.1,361.6,360.85,361.55,2380
PRAJIND,2026-06-08 12:50:00,361.55,361.75,361.55,361.75,3208
PRAJIND,2026-06-08 12:51:00,361.75,362.2,361.7,361.9,4304
PRAJIND,2026-06-08 12:52:00,361.9,362.25,361.7,362.25,2912
PRAJIND,2026-06-08 12:53:00,362.25,362.25,361.6,361.6,1836
PRAJIND,2026-06-08 12:54:00,361.6,362.05,361.6,362.05,1167
PRAJIND,2026-06-08 12:55:00,362.0,362.4,362.0,362.4,773
PRAJIND,2026-06-08 12:56:00,362.4,362.45,362.15,362.4,5757
PRAJIND,2026-06-08 12:57:00,362.4,362.4,362.2,362.2,5
PRAJIND,2026-06-08 12:58:00,362.1,363.2,362.1,363.1,7618
PRAJIND,2026-06-08 12:59:00,363.1,363.95,363.0,363.7,7285
PRAJIND,2026-06-08 13:00:00,363.95,364.3,363.7,364.1,4111
PRAJIND,2026-06-08 13:01:00,364.1,364.6,364.1,364.5,3259
PRAJIND,2026-06-08 13:02:00,364.5,364.8,364.15,364.3,18650
PRAJIND,2026-06-08 13:03:00,364.15,364.75,364.15,364.75,8614
PRAJIND,2026-06-08 13:04:00,364.75,365.2,364.55,364.55,11515
PRAJIND,2026-06-08 13:05:00,364.55,364.75,364.4,364.5,4621
PRAJIND,2026-06-08 13:06:00,364.85,364.95,364.3,364.55,3826
PRAJIND,2026-06-08 13:07:00,364.6,364.6,363.35,363.55,5967
PRAJIND,2026-06-08 13:08:00,363.75,363.95,363.0,363.25,8956
PRAJIND,2026-06-08 13:09:00,363.35,363.8,363.3,363.55,4474
PRAJIND,2026-06-08 13:10:00,363.8,363.95,363.5,363.55,1491
PRAJIND,2026-06-08 13:11:00,363.55,363.6,363.2,363.6,1434
PRAJIND,2026-06-08 13:12:00,363.35,363.6,363.3,363.3,1199
PRAJIND,2026-06-08 13:13:00,363.3,363.45,363.3,363.3,665
PRAJIND,2026-06-08 13:14:00,363.3,363.3,363.1,363.1,766
PRAJIND,2026-06-08 13:15:00,363.1,363.95,363.1,363.9,7134
PRAJIND,2026-06-08 13:16:00,363.75,363.75,363.6,363.75,766
PRAJIND,2026-06-08 13:17:00,363.55,363.85,363.55,363.6,129
PRAJIND,2026-06-08 13:18:00,363.6,363.6,363.1,363.15,1872
PRAJIND,2026-06-08 13:19:00,363.15,363.25,363.15,363.25,2092
PRAJIND,2026-06-08 13:20:00,363.25,363.25,363.1,363.1,455
PRAJIND,2026-06-08 13:21:00,363.05,363.05,361.4,361.8,26877
PRAJIND,2026-06-08 13:22:00,361.3,361.85,361.2,361.8,2725
PRAJIND,2026-06-08 13:23:00,361.8,362.0,361.45,361.7,2401
PRAJIND,2026-06-08 13:24:00,361.7,361.9,361.7,361.8,1550
PRAJIND,2026-06-08 13:25:00,361.7,361.85,361.5,361.85,1590
PRAJIND,2026-06-08 13:26:00,361.85,361.85,361.85,361.85,74
PRAJIND,2026-06-08 13:27:00,361.85,361.85,361.7,361.75,489
PRAJIND,2026-06-08 13:28:00,361.75,361.95,361.3,361.55,4691
PRAJIND,2026-06-08 13:29:00,361.55,361.8,361.35,361.65,962
PRAJIND,2026-06-08 13:30:00,361.65,361.8,361.4,361.7,764
PRAJIND,2026-06-08 13:31:00,361.7,361.85,361.55,361.85,1552
PRAJIND,2026-06-08 13:32:00,361.8,362.0,361.8,361.85,654
PRAJIND,2026-06-08 13:33:00,361.65,362.0,361.65,361.9,1392
PRAJIND,2026-06-08 13:34:00,361.65,361.65,361.5,361.65,1397
PRAJIND,2026-06-08 13:35:00,361.35,361.5,361.3,361.3,1029
PRAJIND,2026-06-08 13:36:00,361.3,361.5,361.3,361.4,416
PRAJIND,2026-06-08 13:37:00,361.4,361.4,361.4,361.4,98
PRAJIND,2026-06-08 13:38:00,361.4,361.5,361.4,361.4,179
PRAJIND,2026-06-08 13:39:00,361.4,361.4,361.0,361.1,1582
PRAJIND,2026-06-08 13:40:00,361.1,361.1,361.0,361.0,670
PRAJIND,2026-06-08 13:41:00,361.0,361.1,360.9,361.0,591
PRAJIND,2026-06-08 13:42:00,361.0,361.05,360.6,360.6,1439
PRAJIND,2026-06-08 13:43:00,360.6,360.8,360.6,360.6,536
PRAJIND,2026-06-08 13:44:00,360.55,360.6,360.5,360.6,1391
PRAJIND,2026-06-08 13:45:00,360.6,360.7,360.5,360.5,597
PRAJIND,2026-06-08 13:46:00,360.5,360.65,360.5,360.5,1225
PRAJIND,2026-06-08 13:47:00,360.5,360.55,360.15,360.15,6085
PRAJIND,2026-06-08 13:48:00,360.25,360.5,360.15,360.4,1898
PRAJIND,2026-06-08 13:49:00,360.4,360.4,360.2,360.2,230
PRAJIND,2026-06-08 13:50:00,360.1,360.25,360.1,360.25,1499
PRAJIND,2026-06-08 13:51:00,360.25,360.25,359.7,360.0,18882
PRAJIND,2026-06-08 13:52:00,360.0,360.0,359.6,359.8,538
PRAJIND,2026-06-08 13:53:00,359.85,360.0,359.7,359.7,939
PRAJIND,2026-06-08 13:54:00,359.85,359.85,359.6,359.85,966
PRAJIND,2026-06-08 13:55:00,359.65,359.8,359.25,359.75,3038
PRAJIND,2026-06-08 13:56:00,359.4,359.8,359.4,359.7,641
PRAJIND,2026-06-08 13:57:00,359.4,359.7,359.3,359.5,848
PRAJIND,2026-06-08 13:58:00,359.5,359.65,359.5,359.65,445
PRAJIND,2026-06-08 13:59:00,359.95,360.0,359.6,359.95,657
PRAJIND,2026-06-08 14:00:00,359.95,360.05,359.85,359.9,3377
PRAJIND,2026-06-08 14:01:00,360.0,360.0,359.7,359.7,276
PRAJIND,2026-06-08 14:02:00,359.7,359.9,359.5,359.5,668
PRAJIND,2026-06-08 14:03:00,359.5,359.75,359.5,359.7,363
PRAJIND,2026-06-08 14:04:00,359.7,359.9,359.6,359.9,721
PRAJIND,2026-06-08 14:05:00,359.9,359.9,359.5,359.7,818
PRAJIND,2026-06-08 14:06:00,359.7,359.7,359.5,359.5,514
PRAJIND,2026-06-08 14:07:00,359.5,359.75,359.5,359.5,169
PRAJIND,2026-06-08 14:08:00,359.45,359.45,359.05,359.05,2808
PRAJIND,2026-06-08 14:09:00,359.0,359.3,359.0,359.0,1701
PRAJIND,2026-06-08 14:10:00,359.0,359.25,359.0,359.25,1640
PRAJIND,2026-06-08 14:11:00,359.25,359.25,358.6,358.9,3766
PRAJIND,2026-06-08 14:12:00,358.9,358.9,358.4,358.55,1677
PRAJIND,2026-06-08 14:13:00,358.55,358.55,358.4,358.55,321
PRAJIND,2026-06-08 14:14:00,358.4,358.55,358.4,358.4,526
PRAJIND,2026-06-08 14:15:00,358.4,359.0,358.35,359.0,5274
PRAJIND,2026-06-08 14:16:00,359.0,359.2,359.0,359.0,433
PRAJIND,2026-06-08 14:17:00,359.0,359.0,358.5,358.95,1667
PRAJIND,2026-06-08 14:18:00,358.95,358.95,358.55,358.75,58
PRAJIND,2026-06-08 14:19:00,358.45,358.95,358.45,358.95,385
PRAJIND,2026-06-08 14:20:00,358.95,358.95,358.5,358.6,829
PRAJIND,2026-06-08 14:21:00,358.6,358.8,358.45,358.8,723
PRAJIND,2026-06-08 14:22:00,358.65,358.85,358.5,358.55,564
PRAJIND,2026-06-08 14:23:00,358.55,358.85,358.5,358.85,1464
PRAJIND,2026-06-08 14:24:00,358.85,358.85,358.75,358.85,47
PRAJIND,2026-06-08 14:25:00,358.75,358.75,358.25,358.35,1292
PRAJIND,2026-06-08 14:26:00,358.55,358.55,358.35,358.35,2064
PRAJIND,2026-06-08 14:27:00,358.35,358.55,358.25,358.45,1137
PRAJIND,2026-06-08 14:28:00,358.45,358.55,358.2,358.2,1318
PRAJIND,2026-06-08 14:29:00,358.2,358.4,358.2,358.2,166
PRAJIND,2026-06-08 14:30:00,358.2,358.5,358.05,358.5,2870
PRAJIND,2026-06-08 14:31:00,358.5,359.1,358.5,358.85,3237
PRAJIND,2026-06-08 14:32:00,358.85,359.15,358.8,359.15,605
PRAJIND,2026-06-08 14:33:00,359.15,360.5,359.15,359.55,15347
PRAJIND,2026-06-08 14:34:00,359.55,359.65,359.5,359.65,256
PRAJIND,2026-06-08 14:35:00,359.65,359.75,359.35,359.55,1447
PRAJIND,2026-06-08 14:36:00,359.7,360.35,359.45,359.55,15015
PRAJIND,2026-06-08 14:37:00,359.75,360.0,359.55,359.95,1148
PRAJIND,2026-06-08 14:38:00,359.8,359.85,359.75,359.8,525
PRAJIND,2026-06-08 14:39:00,359.8,359.85,359.6,359.8,512
PRAJIND,2026-06-08 14:40:00,359.8,360.0,359.8,360.0,924
PRAJIND,2026-06-08 14:41:00,359.8,359.8,359.5,359.5,1875
PRAJIND,2026-06-08 14:42:00,359.55,359.55,359.15,359.25,970
PRAJIND,2026-06-08 14:43:00,359.3,359.5,359.15,359.5,835
PRAJIND,2026-06-08 14:44:00,359.45,359.8,359.45,359.8,915
PRAJIND,2026-06-08 14:45:00,359.9,359.95,359.7,359.95,374
PRAJIND,2026-06-08 14:46:00,359.95,360.25,359.85,359.95,8097
PRAJIND,2026-06-08 14:47:00,359.95,360.95,359.95,360.25,3398
PRAJIND,2026-06-08 14:48:00,360.3,360.3,359.45,359.45,2072
PRAJIND,2026-06-08 14:49:00,359.7,360.15,359.7,360.15,1344
PRAJIND,2026-06-08 14:50:00,360.15,360.15,359.7,359.7,1190
PRAJIND,2026-06-08 14:51:00,359.7,360.35,359.65,360.0,1852
PRAJIND,2026-06-08 14:52:00,360.0,360.2,359.85,360.05,1142
PRAJIND,2026-06-08 14:53:00,359.85,359.9,359.35,359.75,4586
PRAJIND,2026-06-08 14:54:00,359.8,359.9,359.55,359.85,629
PRAJIND,2026-06-08 14:55:00,359.85,360.0,359.5,359.8,800
PRAJIND,2026-06-08 14:56:00,359.8,359.95,359.55,359.95,1357
PRAJIND,2026-06-08 14:57:00,359.6,360.0,359.6,359.85,1341
PRAJIND,2026-06-08 14:58:00,359.85,360.0,359.15,359.6,9554
PRAJIND,2026-06-08 14:59:00,359.9,360.1,359.8,360.0,2063
PRAJIND,2026-06-08 15:00:00,360.0,360.0,359.15,359.15,1671
PRAJIND,2026-06-08 15:01:00,359.35,359.35,358.75,358.75,2264
PRAJIND,2026-06-08 15:02:00,358.55,358.85,358.3,358.35,2573
PRAJIND,2026-06-08 15:03:00,358.4,358.4,357.95,358.0,5949
PRAJIND,2026-06-08 15:04:00,358.05,358.05,356.85,356.85,7463
PRAJIND,2026-06-08 15:05:00,356.9,357.25,356.7,356.95,6330
PRAJIND,2026-06-08 15:06:00,356.95,357.65,356.95,357.65,2484
PRAJIND,2026-06-08 15:07:00,357.6,358.0,357.5,357.5,7678
PRAJIND,2026-06-08 15:08:00,357.7,357.9,357.4,357.85,4167
PRAJIND,2026-06-08 15:09:00,357.7,358.1,357.7,357.7,4966
PRAJIND,2026-06-08 15:10:00,358.5,358.5,358.05,358.05,6253
PRAJIND,2026-06-08 15:11:00,358.05,358.2,358.05,358.05,821
PRAJIND,2026-06-08 15:12:00,358.05,358.2,358.05,358.2,2458
PRAJIND,2026-06-08 15:13:00,358.2,358.25,358.1,358.2,3733
PRAJIND,2026-06-08 15:14:00,358.1,358.45,358.1,358.25,2704
PRAJIND,2026-06-08 15:15:00,358.75,359.0,358.75,358.95,4910
PRAJIND,2026-06-08 15:16:00,358.95,359.0,358.95,359.0,2919
PRAJIND,2026-06-08 15:17:00,359.0,359.05,358.95,359.0,3943
PRAJIND,2026-06-08 15:18:00,359.05,359.05,358.2,358.2,4034
PRAJIND,2026-06-08 15:19:00,358.25,358.25,358.0,358.0,4562
PRAJIND,2026-06-08 15:20:00,358.0,358.35,358.0,358.35,4880
PRAJIND,2026-06-08 15:21:00,358.7,358.7,358.3,358.4,3389
PRAJIND,2026-06-08 15:22:00,358.3,358.45,358.3,358.3,3450
PRAJIND,2026-06-08 15:23:00,358.4,358.4,358.0,358.3,4134
PRAJIND,2026-06-08 15:24:00,358.35,359.0,358.3,358.5,13421
PRAJIND,2026-06-08 15:25:00,358.35,358.45,358.1,358.1,7448
PRAJIND,2026-06-08 15:26:00,358.1,358.15,358.0,358.0,2114
PRAJIND,2026-06-08 15:27:00,358.05,358.05,357.0,357.05,5047
PRAJIND,2026-06-08 15:28:00,357.15,357.7,357.0,357.05,7579
PRAJIND,2026-06-08 15:29:00,357.0,357.55,355.7,355.7,4312
PRAJIND,2026-06-09 09:15:00,358.6,359.95,358.6,359.05,14809
PRAJIND,2026-06-09 09:16:00,358.7,359.15,357.6,358.65,7174
PRAJIND,2026-06-09 09:17:00,358.95,360.7,358.65,359.6,6778
PRAJIND,2026-06-09 09:18:00,359.3,359.45,358.75,358.75,6526
PRAJIND,2026-06-09 09:19:00,359.0,359.45,358.75,359.4,2058
PRAJIND,2026-06-09 09:20:00,359.4,359.5,358.8,358.8,4793
PRAJIND,2026-06-09 09:21:00,358.7,358.7,358.0,358.0,5252
PRAJIND,2026-06-09 09:22:00,357.65,357.65,355.85,355.85,7435
PRAJIND,2026-06-09 09:23:00,356.0,357.1,355.65,356.75,1279
PRAJIND,2026-06-09 09:24:00,357.25,357.65,356.75,356.75,4252
PRAJIND,2026-06-09 09:25:00,356.65,356.85,356.15,356.85,5018
PRAJIND,2026-06-09 09:26:00,356.8,357.0,356.4,356.4,730
PRAJIND,2026-06-09 09:27:00,356.25,356.25,355.45,356.05,6965
PRAJIND,2026-06-09 09:28:00,356.05,356.45,356.0,356.0,3557
PRAJIND,2026-06-09 09:29:00,355.8,355.8,355.3,355.65,972
PRAJIND,2026-06-09 09:30:00,355.6,356.0,355.45,356.0,893
PRAJIND,2026-06-09 09:31:00,356.35,356.85,356.15,356.85,1372
PRAJIND,2026-06-09 09:32:00,357.0,357.2,356.7,356.8,1952
PRAJIND,2026-06-09 09:33:00,356.85,357.0,356.85,356.85,425
PRAJIND,2026-06-09 09:34:00,357.05,358.0,357.05,358.0,6836
PRAJIND,2026-06-09 09:35:00,358.0,358.45,358.0,358.05,19805
PRAJIND,2026-06-09 09:36:00,358.05,358.5,358.05,358.25,610
PRAJIND,2026-06-09 09:37:00,358.55,359.3,358.55,359.3,3601
PRAJIND,2026-06-09 09:38:00,358.8,361.6,358.8,361.3,12644
PRAJIND,2026-06-09 09:39:00,361.3,361.9,361.0,361.9,3633
PRAJIND,2026-06-09 09:40:00,361.75,361.9,360.7,361.3,7817
PRAJIND,2026-06-09 09:41:00,361.3,361.4,361.1,361.15,4283
PRAJIND,2026-06-09 09:42:00,361.0,361.05,360.55,360.55,4163
PRAJIND,2026-06-09 09:43:00,360.6,360.85,359.85,359.85,1468
PRAJIND,2026-06-09 09:44:00,359.85,359.85,359.15,359.85,2611
PRAJIND,2026-06-09 09:45:00,359.85,359.85,359.15,359.35,1523
PRAJIND,2026-06-09 09:46:00,359.35,359.4,359.15,359.4,269
PRAJIND,2026-06-09 09:47:00,359.4,359.9,359.4,359.7,960
PRAJIND,2026-06-09 09:48:00,359.7,360.6,359.7,360.1,3583
PRAJIND,2026-06-09 09:49:00,360.1,360.1,359.4,359.55,1984
PRAJIND,2026-06-09 09:50:00,359.55,359.55,359.3,359.3,344
PRAJIND,2026-06-09 09:51:00,359.3,359.5,359.3,359.5,82
PRAJIND,2026-06-09 09:52:00,359.5,359.75,359.5,359.75,933
PRAJIND,2026-06-09 09:53:00,359.65,359.7,359.1,359.65,1831
PRAJIND,2026-06-09 09:54:00,359.65,359.65,359.3,359.35,595
PRAJIND,2026-06-09 09:55:00,359.3,359.3,358.75,359.0,1298
PRAJIND,2026-06-09 09:56:00,359.0,359.0,358.5,358.5,374
PRAJIND,2026-06-09 09:57:00,358.35,358.35,357.9,357.9,2958
PRAJIND,2026-06-09 09:58:00,357.9,358.0,357.6,358.0,1038
PRAJIND,2026-06-09 09:59:00,358.0,358.0,357.8,358.0,436
PRAJIND,2026-06-09 10:00:00,357.95,358.2,357.95,358.2,359
PRAJIND,2026-06-09 10:01:00,358.2,359.05,358.2,358.4,1093
PRAJIND,2026-06-09 10:02:00,358.4,358.65,358.35,358.5,170
PRAJIND,2026-06-09 10:03:00,358.7,358.7,357.85,358.2,1318
PRAJIND,2026-06-09 10:04:00,358.0,358.4,357.75,358.05,1163
PRAJIND,2026-06-09 10:05:00,358.25,358.75,358.25,358.75,341
PRAJIND,2026-06-09 10:06:00,358.75,358.8,358.75,358.8,146
PRAJIND,2026-06-09 10:07:00,358.8,358.8,358.5,358.5,213
PRAJIND,2026-06-09 10:08:00,358.5,358.95,358.35,358.55,1296
PRAJIND,2026-06-09 10:09:00,358.55,358.95,358.0,358.45,1389
PRAJIND,2026-06-09 10:10:00,358.45,359.55,358.45,359.2,1318
PRAJIND,2026-06-09 10:11:00,359.2,359.3,358.2,358.45,2020
PRAJIND,2026-06-09 10:12:00,358.6,358.85,358.6,358.85,100
PRAJIND,2026-06-09 10:13:00,358.85,358.85,358.3,358.3,230
PRAJIND,2026-06-09 10:14:00,358.3,358.65,358.3,358.6,465
PRAJIND,2026-06-09 10:15:00,358.6,358.9,358.6,358.7,1141
PRAJIND,2026-06-09 10:16:00,358.7,359.15,358.6,359.15,2308
PRAJIND,2026-06-09 10:17:00,359.2,359.45,359.2,359.4,248
PRAJIND,2026-06-09 10:18:00,359.15,359.15,359.15,359.15,257
PRAJIND,2026-06-09 10:19:00,359.15,359.2,359.15,359.2,251
PRAJIND,2026-06-09 10:20:00,359.2,359.2,358.7,358.85,167
PRAJIND,2026-06-09 10:21:00,358.7,358.7,358.7,358.7,88
PRAJIND,2026-06-09 10:22:00,358.7,359.05,358.7,358.7,326
PRAJIND,2026-06-09 10:23:00,358.7,358.7,358.0,358.2,2486
PRAJIND,2026-06-09 10:24:00,358.2,359.0,358.0,358.95,1596
PRAJIND,2026-06-09 10:25:00,358.7,358.7,358.55,358.7,242
PRAJIND,2026-06-09 10:26:00,358.9,358.9,358.6,358.8,476
PRAJIND,2026-06-09 10:27:00,358.8,358.8,358.8,358.8,2
PRAJIND,2026-06-09 10:28:00,358.8,358.8,358.65,358.65,26
PRAJIND,2026-06-09 10:29:00,358.65,358.65,358.5,358.5,52
PRAJIND,2026-06-09 10:30:00,358.5,358.65,358.5,358.5,103
PRAJIND,2026-06-09 10:31:00,358.5,358.5,358.1,358.45,54
PRAJIND,2026-06-09 10:32:00,358.45,358.45,358.0,358.15,880
PRAJIND,2026-06-09 10:33:00,358.1,358.3,358.05,358.1,312
PRAJIND,2026-06-09 10:34:00,358.1,358.85,358.1,358.85,3948
PRAJIND,2026-06-09 10:35:00,358.85,358.85,358.5,358.7,237
PRAJIND,2026-06-09 10:36:00,358.7,358.7,358.3,358.3,372
PRAJIND,2026-06-09 10:37:00,358.55,358.55,358.05,358.05,482
PRAJIND,2026-06-09 10:38:00,358.05,358.05,357.35,357.65,2860
PRAJIND,2026-06-09 10:39:00,357.65,358.0,357.5,357.85,3132
PRAJIND,2026-06-09 10:40:00,357.85,357.85,357.3,357.85,312
PRAJIND,2026-06-09 10:41:00,357.65,357.65,357.45,357.45,120
PRAJIND,2026-06-09 10:42:00,357.45,357.65,357.45,357.45,36
PRAJIND,2026-06-09 10:43:00,357.85,357.85,357.5,357.8,943
PRAJIND,2026-06-09 10:44:00,357.8,357.8,357.6,357.6,716
PRAJIND,2026-06-09 10:45:00,357.5,358.0,357.5,358.0,1065
PRAJIND,2026-06-09 10:46:00,358.0,358.1,357.7,357.95,1130
PRAJIND,2026-06-09 10:47:00,357.95,359.75,357.75,359.55,2693
PRAJIND,2026-06-09 10:48:00,359.55,359.9,359.5,359.8,1448
PRAJIND,2026-06-09 10:49:00,359.75,359.75,359.25,359.5,478
PRAJIND,2026-06-09 10:50:00,359.1,359.1,357.55,357.55,1928
PRAJIND,2026-06-09 10:51:00,357.55,357.6,357.3,357.6,361
PRAJIND,2026-06-09 10:52:00,357.45,357.6,357.05,357.05,1168
PRAJIND,2026-06-09 10:53:00,356.85,357.1,356.7,357.1,2064
PRAJIND,2026-06-09 10:54:00,357.1,357.45,357.1,357.45,43
PRAJIND,2026-06-09 10:55:00,357.45,357.65,357.15,357.35,235
PRAJIND,2026-06-09 10:56:00,357.35,357.35,356.85,356.85,134
PRAJIND,2026-06-09 10:57:00,357.1,357.25,356.9,357.25,306
PRAJIND,2026-06-09 10:58:00,357.25,357.95,357.25,357.65,273
PRAJIND,2026-06-09 10:59:00,357.65,357.75,357.65,357.75,139
PRAJIND,2026-06-09 11:00:00,357.75,357.75,357.5,357.5,35
PRAJIND,2026-06-09 11:01:00,357.75,357.75,357.4,357.45,613
PRAJIND,2026-06-09 11:02:00,357.45,357.45,357.35,357.35,29
PRAJIND,2026-06-09 11:03:00,357.35,357.8,357.2,357.8,201
PRAJIND,2026-06-09 11:04:00,357.8,357.95,357.8,357.9,389
PRAJIND,2026-06-09 11:05:00,357.9,358.05,357.7,358.05,800
PRAJIND,2026-06-09 11:06:00,358.05,358.25,357.9,358.15,980
PRAJIND,2026-06-09 11:07:00,358.15,358.2,358.15,358.2,311
PRAJIND,2026-06-09 11:08:00,358.25,358.25,357.85,357.85,87
PRAJIND,2026-06-09 11:09:00,357.85,358.15,357.6,357.85,1003
PRAJIND,2026-06-09 11:10:00,357.85,358.05,357.55,357.8,512
PRAJIND,2026-06-09 11:11:00,358.15,358.3,358.15,358.3,1335
PRAJIND,2026-06-09 11:12:00,358.3,358.3,358.05,358.05,255
PRAJIND,2026-06-09 11:13:00,358.05,358.05,357.7,357.85,618
PRAJIND,2026-06-09 11:14:00,357.85,357.9,357.75,357.9,257
PRAJIND,2026-06-09 11:15:00,357.9,357.95,357.65,357.65,153
PRAJIND,2026-06-09 11:16:00,357.65,357.65,357.35,357.35,30
PRAJIND,2026-06-09 11:17:00,357.35,357.65,357.35,357.4,323
PRAJIND,2026-06-09 11:18:00,357.65,357.9,357.4,357.7,1335
PRAJIND,2026-06-09 11:19:00,357.6,358.0,357.6,357.9,607
PRAJIND,2026-06-09 11:20:00,358.0,358.0,357.7,357.9,121
PRAJIND,2026-06-09 11:21:00,357.7,357.9,357.7,357.7,418
PRAJIND,2026-06-09 11:22:00,357.7,357.95,357.5,357.5,411
PRAJIND,2026-06-09 11:23:00,357.15,357.25,356.6,356.6,2007
PRAJIND,2026-06-09 11:24:00,356.85,356.85,356.5,356.7,188
PRAJIND,2026-06-09 11:25:00,356.7,356.7,356.5,356.7,264
PRAJIND,2026-06-09 11:26:00,356.7,356.75,356.5,356.6,210
PRAJIND,2026-06-09 11:27:00,356.6,356.6,356.6,356.6,0
PRAJIND,2026-06-09 11:28:00,356.65,357.15,356.65,357.05,2716
PRAJIND,2026-06-09 11:29:00,357.05,357.2,356.85,357.2,452
PRAJIND,2026-06-09 11:30:00,357.2,357.2,356.55,356.55,1263
PRAJIND,2026-06-09 11:31:00,356.55,356.7,356.55,356.7,53
PRAJIND,2026-06-09 11:32:00,356.7,356.7,356.15,356.15,3548
PRAJIND,2026-06-09 11:33:00,356.15,356.2,356.15,356.2,57
PRAJIND,2026-06-09 11:34:00,356.2,356.35,356.2,356.2,111
PRAJIND,2026-06-09 11:35:00,356.45,357.1,356.35,357.1,831
PRAJIND,2026-06-09 11:36:00,357.1,357.35,357.05,357.05,74
PRAJIND,2026-06-09 11:37:00,357.35,358.45,357.35,357.6,4334
PRAJIND,2026-06-09 11:38:00,357.75,357.75,357.0,357.25,517
PRAJIND,2026-06-09 11:39:00,357.25,357.25,357.0,357.0,361
PRAJIND,2026-06-09 11:40:00,357.0,357.2,356.45,356.5,874
PRAJIND,2026-06-09 11:41:00,356.75,357.0,356.6,356.65,284
PRAJIND,2026-06-09 11:42:00,356.65,356.7,356.5,356.7,19
PRAJIND,2026-06-09 11:43:00,356.7,357.1,356.7,357.1,290
PRAJIND,2026-06-09 11:44:00,357.1,357.1,356.8,356.9,104
PRAJIND,2026-06-09 11:45:00,356.9,357.35,356.7,357.2,1156
PRAJIND,2026-06-09 11:46:00,357.2,358.15,357.2,357.6,1152
PRAJIND,2026-06-09 11:47:00,357.6,358.75,357.6,358.55,797
PRAJIND,2026-06-09 11:48:00,358.55,359.15,358.35,358.7,2790
PRAJIND,2026-06-09 11:49:00,358.7,359.05,358.55,359.0,1296
PRAJIND,2026-06-09 11:50:00,359.0,359.0,358.5,358.5,649
PRAJIND,2026-06-09 11:51:00,358.5,358.8,358.5,358.65,650
PRAJIND,2026-06-09 11:52:00,358.65,358.65,358.35,358.35,286
PRAJIND,2026-06-09 11:53:00,358.35,358.35,358.1,358.3,6
PRAJIND,2026-06-09 11:54:00,358.15,358.15,358.15,358.15,47
PRAJIND,2026-06-09 11:55:00,358.15,358.85,358.15,358.85,823
PRAJIND,2026-06-09 11:56:00,358.55,358.55,358.5,358.55,167
PRAJIND,2026-06-09 11:57:00,358.55,358.55,358.35,358.45,18
PRAJIND,2026-06-09 11:58:00,358.45,358.55,358.45,358.55,155
PRAJIND,2026-06-09 11:59:00,358.55,358.55,358.35,358.35,433
PRAJIND,2026-06-09 12:00:00,358.35,358.45,358.3,358.3,528
PRAJIND,2026-06-09 12:01:00,358.3,358.5,358.2,358.5,323
PRAJIND,2026-06-09 12:02:00,358.5,358.6,358.0,358.0,2240
PRAJIND,2026-06-09 12:03:00,357.75,357.75,357.4,357.6,997
PRAJIND,2026-06-09 12:04:00,357.6,357.6,357.6,357.6,32
PRAJIND,2026-06-09 12:05:00,357.6,358.05,357.6,357.8,241
PRAJIND,2026-06-09 12:06:00,357.8,358.1,357.7,357.7,457
PRAJIND,2026-06-09 12:07:00,357.7,357.9,357.7,357.75,9
PRAJIND,2026-06-09 12:08:00,357.75,358.0,357.75,358.0,3
PRAJIND,2026-06-09 12:09:00,358.0,358.0,358.0,358.0,133
PRAJIND,2026-06-09 12:10:00,358.0,358.05,357.75,357.75,495
PRAJIND,2026-06-09 12:11:00,357.75,358.05,357.75,357.8,92
PRAJIND,2026-06-09 12:12:00,358.15,358.15,357.9,357.9,255
PRAJIND,2026-06-09 12:13:00,357.9,358.0,357.9,358.0,21
PRAJIND,2026-06-09 12:14:00,358.3,358.35,358.0,358.05,390
PRAJIND,2026-06-09 12:15:00,358.05,358.05,357.5,357.8,9814
PRAJIND,2026-06-09 12:16:00,357.8,358.0,357.5,358.0,73
PRAJIND,2026-06-09 12:17:00,358.1,358.3,357.85,358.15,1308
PRAJIND,2026-06-09 12:18:00,358.15,358.3,358.15,358.3,40
PRAJIND,2026-06-09 12:19:00,358.3,358.3,357.85,358.2,148
PRAJIND,2026-06-09 12:20:00,358.2,358.4,358.2,358.4,175
PRAJIND,2026-06-09 12:21:00,358.4,358.55,358.2,358.4,643
PRAJIND,2026-06-09 12:22:00,358.4,358.45,358.0,358.45,1207
PRAJIND,2026-06-09 12:23:00,358.45,358.8,358.45,358.8,363
PRAJIND,2026-06-09 12:24:00,358.8,358.8,358.65,358.65,807
PRAJIND,2026-06-09 12:25:00,358.4,358.4,358.05,358.05,553
PRAJIND,2026-06-09 12:26:00,358.05,358.2,358.0,358.0,103
PRAJIND,2026-06-09 12:27:00,358.0,358.3,357.9,358.05,225
PRAJIND,2026-06-09 12:28:00,358.05,358.55,358.05,358.55,549
PRAJIND,2026-06-09 12:29:00,358.55,358.8,358.55,358.6,104
PRAJIND,2026-06-09 12:30:00,358.6,358.6,358.35,358.35,282
PRAJIND,2026-06-09 12:31:00,358.0,358.1,357.2,357.4,11643
PRAJIND,2026-06-09 12:32:00,357.55,357.8,357.35,357.65,199
PRAJIND,2026-06-09 12:33:00,357.65,357.65,357.45,357.45,64
PRAJIND,2026-06-09 12:34:00,357.65,357.65,357.65,357.65,1
PRAJIND,2026-06-09 12:35:00,357.65,357.65,357.65,357.65,49
PRAJIND,2026-06-09 12:36:00,357.55,357.65,357.45,357.6,392
PRAJIND,2026-06-09 12:37:00,357.6,357.6,357.45,357.6,33
PRAJIND,2026-06-09 12:38:00,357.6,357.6,357.3,357.35,308
PRAJIND,2026-06-09 12:39:00,357.35,357.35,357.35,357.35,0
PRAJIND,2026-06-09 12:40:00,357.65,357.65,357.65,357.65,197
PRAJIND,2026-06-09 12:41:00,357.65,357.75,357.5,357.75,352
PRAJIND,2026-06-09 12:42:00,357.75,357.9,357.75,357.75,363
PRAJIND,2026-06-09 12:43:00,357.75,357.75,357.3,357.3,113
PRAJIND,2026-06-09 12:44:00,357.3,357.55,357.15,357.45,712
PRAJIND,2026-06-09 12:45:00,357.45,357.65,357.45,357.65,12
PRAJIND,2026-06-09 12:46:00,357.65,358.15,357.3,358.15,1301
PRAJIND,2026-06-09 12:47:00,358.15,358.15,357.8,357.95,156
PRAJIND,2026-06-09 12:48:00,357.95,357.95,357.45,357.45,606
PRAJIND,2026-06-09 12:49:00,357.45,357.95,357.45,357.9,796
PRAJIND,2026-06-09 12:50:00,357.9,357.9,357.45,357.9,876
PRAJIND,2026-06-09 12:51:00,357.9,357.95,357.85,357.85,34
PRAJIND,2026-06-09 12:52:00,357.85,357.85,357.55,357.55,1849
PRAJIND,2026-06-09 12:53:00,357.55,357.65,357.2,357.5,957
PRAJIND,2026-06-09 12:54:00,357.5,357.5,357.3,357.3,14
PRAJIND,2026-06-09 12:55:00,357.3,357.35,357.2,357.2,29
PRAJIND,2026-06-09 12:56:00,357.2,357.2,357.2,357.2,107
PRAJIND,2026-06-09 12:57:00,357.2,357.35,357.2,357.25,60
PRAJIND,2026-06-09 12:58:00,357.25,357.35,357.2,357.2,63
PRAJIND,2026-06-09 12:59:00,357.35,357.35,357.35,357.35,5
PRAJIND,2026-06-09 13:00:00,357.35,357.5,357.3,357.5,593
PRAJIND,2026-06-09 13:01:00,357.5,357.5,357.3,357.3,655
PRAJIND,2026-06-09 13:02:00,357.3,357.3,356.55,356.8,3433
PRAJIND,2026-06-09 13:03:00,356.8,357.3,356.8,357.1,1345
PRAJIND,2026-06-09 13:04:00,357.1,357.1,356.55,356.55,1501
PRAJIND,2026-06-09 13:05:00,356.55,357.1,356.55,356.9,1840
PRAJIND,2026-06-09 13:06:00,356.9,356.9,356.9,356.9,23
PRAJIND,2026-06-09 13:07:00,356.9,357.0,356.65,357.0,792
PRAJIND,2026-06-09 13:08:00,357.0,357.0,356.75,356.75,140
PRAJIND,2026-06-09 13:09:00,356.75,357.0,356.6,356.75,1464
PRAJIND,2026-06-09 13:10:00,356.75,356.95,356.55,356.6,822
PRAJIND,2026-06-09 13:11:00,356.6,356.6,356.6,356.6,7
PRAJIND,2026-06-09 13:12:00,356.5,356.8,356.5,356.55,602
PRAJIND,2026-06-09 13:13:00,356.55,356.8,356.55,356.8,23
PRAJIND,2026-06-09 13:14:00,356.8,356.95,356.6,356.95,5691
PRAJIND,2026-06-09 13:15:00,357.0,357.05,356.7,356.7,171
PRAJIND,2026-06-09 13:16:00,356.7,356.9,356.3,356.3,2733
PRAJIND,2026-06-09 13:17:00,356.3,356.9,356.3,356.9,541
PRAJIND,2026-06-09 13:18:00,356.9,357.05,356.85,357.05,1347
PRAJIND,2026-06-09 13:19:00,357.05,357.05,357.0,357.0,54
PRAJIND,2026-06-09 13:20:00,357.0,357.0,357.0,357.0,2
PRAJIND,2026-06-09 13:21:00,357.0,357.0,357.0,357.0,0
PRAJIND,2026-06-09 13:22:00,357.0,357.05,357.0,357.05,255
PRAJIND,2026-06-09 13:23:00,357.05,357.05,357.0,357.0,224
PRAJIND,2026-06-09 13:24:00,357.0,357.0,356.85,356.85,15
PRAJIND,2026-06-09 13:25:00,356.85,357.1,356.85,357.1,183
PRAJIND,2026-06-09 13:26:00,357.1,357.15,357.1,357.1,159
PRAJIND,2026-06-09 13:27:00,357.1,357.1,356.65,356.7,646
PRAJIND,2026-06-09 13:28:00,356.7,356.7,356.6,356.7,113
PRAJIND,2026-06-09 13:29:00,356.8,356.8,356.6,356.75,260
PRAJIND,2026-06-09 13:30:00,356.75,356.75,356.6,356.6,186
PRAJIND,2026-06-09 13:31:00,356.6,356.6,356.3,356.45,271
PRAJIND,2026-06-09 13:32:00,356.4,356.65,356.35,356.5,541
PRAJIND,2026-06-09 13:33:00,356.5,356.5,356.5,356.5,0
PRAJIND,2026-06-09 13:34:00,356.55,356.55,356.35,356.35,82
PRAJIND,2026-06-09 13:35:00,356.35,356.7,356.35,356.5,563
PRAJIND,2026-06-09 13:36:00,356.5,356.9,356.5,356.9,214
PRAJIND,2026-06-09 13:37:00,357.0,357.0,356.8,357.0,88
PRAJIND,2026-06-09 13:38:00,357.0,357.2,356.8,356.8,552
PRAJIND,2026-06-09 13:39:00,356.8,357.05,356.8,357.05,55
PRAJIND,2026-06-09 13:40:00,357.05,357.05,356.8,356.8,144
PRAJIND,2026-06-09 13:41:00,356.8,357.2,356.8,357.0,113
PRAJIND,2026-06-09 13:42:00,357.0,357.15,356.85,357.15,106
PRAJIND,2026-06-09 13:43:00,357.15,357.2,356.85,357.2,102
PRAJIND,2026-06-09 13:44:00,357.2,357.2,356.55,356.9,1381
PRAJIND,2026-06-09 13:45:00,356.9,356.9,356.55,356.8,332
PRAJIND,2026-06-09 13:46:00,356.8,356.85,356.8,356.85,57
PRAJIND,2026-06-09 13:47:00,356.85,356.85,356.5,356.5,1248
PRAJIND,2026-06-09 13:48:00,356.8,356.8,356.55,356.55,255
PRAJIND,2026-06-09 13:49:00,356.55,357.05,356.55,357.0,403
PRAJIND,2026-06-09 13:50:00,356.7,357.0,356.65,356.65,410
PRAJIND,2026-06-09 13:51:00,356.65,356.95,356.65,356.9,73
PRAJIND,2026-06-09 13:52:00,356.9,357.0,356.7,356.7,78
PRAJIND,2026-06-09 13:53:00,356.7,356.85,356.7,356.85,0
PRAJIND,2026-06-09 13:54:00,356.85,357.0,356.75,356.85,351
PRAJIND,2026-06-09 13:55:00,356.85,356.85,356.85,356.85,1
PRAJIND,2026-06-09 13:56:00,357.0,357.0,356.3,356.3,2813
PRAJIND,2026-06-09 13:57:00,356.3,356.45,356.3,356.45,20
PRAJIND,2026-06-09 13:58:00,356.45,356.55,356.3,356.55,12
PRAJIND,2026-06-09 13:59:00,356.55,356.55,356.5,356.5,92
PRAJIND,2026-06-09 14:00:00,356.5,356.5,356.5,356.5,117
PRAJIND,2026-06-09 14:01:00,356.5,356.5,356.5,356.5,52
PRAJIND,2026-06-09 14:02:00,356.5,356.55,356.3,356.55,209
PRAJIND,2026-06-09 14:03:00,356.55,356.55,356.5,356.5,1303
PRAJIND,2026-06-09 14:04:00,356.5,356.55,356.0,356.25,2726
PRAJIND,2026-06-09 14:05:00,356.25,356.25,356.15,356.15,349
PRAJIND,2026-06-09 14:06:00,356.45,356.8,356.45,356.8,523
PRAJIND,2026-06-09 14:07:00,356.8,356.8,356.55,356.55,30
PRAJIND,2026-06-09 14:08:00,356.55,356.7,356.5,356.7,93
PRAJIND,2026-06-09 14:09:00,356.7,356.7,356.5,356.5,54
PRAJIND,2026-06-09 14:10:00,356.5,356.8,356.5,356.75,642
PRAJIND,2026-06-09 14:11:00,356.75,356.9,356.75,356.9,161
PRAJIND,2026-06-09 14:12:00,356.9,356.9,356.75,356.9,27
PRAJIND,2026-06-09 14:13:00,356.9,356.9,356.7,356.7,246
PRAJIND,2026-06-09 14:14:00,356.7,356.8,356.7,356.75,151
PRAJIND,2026-06-09 14:15:00,356.75,356.75,356.7,356.7,99
PRAJIND,2026-06-09 14:16:00,356.7,356.7,356.55,356.55,328
PRAJIND,2026-06-09 14:17:00,356.55,356.7,356.5,356.5,26
PRAJIND,2026-06-09 14:18:00,356.5,356.7,356.5,356.7,118
PRAJIND,2026-06-09 14:19:00,356.7,356.9,356.6,356.6,190
PRAJIND,2026-06-09 14:20:00,356.6,356.6,356.5,356.5,201
PRAJIND,2026-06-09 14:21:00,356.5,356.5,356.5,356.5,5
PRAJIND,2026-06-09 14:22:00,356.5,356.65,356.5,356.65,73
PRAJIND,2026-06-09 14:23:00,356.5,356.65,356.5,356.65,89
PRAJIND,2026-06-09 14:24:00,356.65,356.7,356.5,356.7,149
PRAJIND,2026-06-09 14:25:00,356.7,356.7,356.5,356.5,124
PRAJIND,2026-06-09 14:26:00,356.65,356.7,356.45,356.45,425
PRAJIND,2026-06-09 14:27:00,356.45,356.45,356.35,356.35,158
PRAJIND,2026-06-09 14:28:00,356.35,356.35,356.35,356.35,82
PRAJIND,2026-06-09 14:29:00,356.35,356.55,356.35,356.55,144
PRAJIND,2026-06-09 14:30:00,356.55,357.0,356.55,357.0,736
PRAJIND,2026-06-09 14:31:00,357.0,357.05,357.0,357.05,359
PRAJIND,2026-06-09 14:32:00,357.0,357.3,357.0,357.25,182
PRAJIND,2026-06-09 14:33:00,357.25,357.4,357.0,357.1,397
PRAJIND,2026-06-09 14:34:00,357.1,357.1,356.85,356.85,236
PRAJIND,2026-06-09 14:35:00,356.85,356.85,356.55,356.55,748
PRAJIND,2026-06-09 14:36:00,356.85,356.85,356.55,356.75,463
PRAJIND,2026-06-09 14:37:00,356.75,356.75,356.35,356.35,686
PRAJIND,2026-06-09 14:38:00,356.35,356.45,356.35,356.4,124
PRAJIND,2026-06-09 14:39:00,356.5,356.85,356.4,356.6,418
PRAJIND,2026-06-09 14:40:00,356.6,356.7,356.4,356.4,267
PRAJIND,2026-06-09 14:41:00,356.4,356.4,356.2,356.4,1435
PRAJIND,2026-06-09 14:42:00,356.5,356.9,356.4,356.65,873
PRAJIND,2026-06-09 14:43:00,356.65,356.85,356.6,356.6,96
PRAJIND,2026-06-09 14:44:00,356.6,357.05,356.6,356.85,693
PRAJIND,2026-06-09 14:45:00,356.85,357.15,356.6,356.75,278
PRAJIND,2026-06-09 14:46:00,356.75,356.75,356.65,356.65,211
PRAJIND,2026-06-09 14:47:00,356.65,356.75,356.6,356.6,134
PRAJIND,2026-06-09 14:48:00,356.6,356.6,356.35,356.35,215
PRAJIND,2026-06-09 14:49:00,356.45,356.9,356.45,356.5,600
PRAJIND,2026-06-09 14:50:00,356.5,357.05,356.45,356.85,2521
PRAJIND,2026-06-09 14:51:00,356.85,356.95,356.8,356.85,256
PRAJIND,2026-06-09 14:52:00,357.2,357.25,356.9,357.0,312
PRAJIND,2026-06-09 14:53:00,357.2,357.45,357.2,357.45,1373
PRAJIND,2026-06-09 14:54:00,357.45,357.5,357.45,357.5,32
PRAJIND,2026-06-09 14:55:00,357.5,357.5,357.2,357.5,488
PRAJIND,2026-06-09 14:56:00,357.5,357.65,357.3,357.6,1876
PRAJIND,2026-06-09 14:57:00,357.6,357.6,357.4,357.4,214
PRAJIND,2026-06-09 14:58:00,357.4,357.75,357.4,357.75,532
PRAJIND,2026-06-09 14:59:00,357.45,357.55,357.05,357.05,950
PRAJIND,2026-06-09 15:00:00,356.6,356.7,356.15,356.45,4329
PRAJIND,2026-06-09 15:01:00,356.45,356.55,356.3,356.55,716
PRAJIND,2026-06-09 15:02:00,356.55,356.6,356.45,356.45,254
PRAJIND,2026-06-09 15:03:00,356.65,356.65,356.35,356.45,227
PRAJIND,2026-06-09 15:04:00,356.45,356.95,356.25,356.85,6610
PRAJIND,2026-06-09 15:05:00,356.85,357.2,356.8,356.8,2394
PRAJIND,2026-06-09 15:06:00,356.9,357.1,356.5,357.05,3152
PRAJIND,2026-06-09 15:07:00,357.05,357.05,356.55,356.75,538
PRAJIND,2026-06-09 15:08:00,356.55,356.8,356.3,356.8,1639
PRAJIND,2026-06-09 15:09:00,356.8,356.85,356.6,356.75,206
PRAJIND,2026-06-09 15:10:00,356.6,356.6,356.1,356.25,5709
PRAJIND,2026-06-09 15:11:00,356.25,357.65,356.25,357.15,4183
PRAJIND,2026-06-09 15:12:00,357.3,357.4,356.7,356.7,5331
PRAJIND,2026-06-09 15:13:00,356.55,356.95,356.55,356.65,3208
PRAJIND,2026-06-09 15:14:00,356.7,356.95,356.5,356.7,4773
PRAJIND,2026-06-09 15:15:00,356.7,356.8,356.25,356.5,3050
PRAJIND,2026-06-09 15:16:00,356.6,356.75,356.5,356.6,1583
PRAJIND,2026-06-09 15:17:00,356.6,356.7,356.6,356.7,1056
PRAJIND,2026-06-09 15:18:00,356.7,356.7,356.15,356.55,3667
PRAJIND,2026-06-09 15:19:00,356.4,356.55,356.1,356.35,2313
PRAJIND,2026-06-09 15:20:00,356.2,356.25,356.0,356.1,2540
PRAJIND,2026-06-09 15:21:00,356.0,356.1,356.0,356.0,2586
PRAJIND,2026-06-09 15:22:00,356.1,356.1,356.05,356.1,1291
PRAJIND,2026-06-09 15:23:00,356.1,356.35,356.0,356.15,3567
PRAJIND,2026-06-09 15:24:00,356.2,356.2,355.2,355.2,7379
PRAJIND,2026-06-09 15:25:00,355.4,355.65,355.05,355.65,6072
PRAJIND,2026-06-09 15:26:00,355.8,355.9,355.3,355.9,3182
PRAJIND,2026-06-09 15:27:00,355.9,355.9,355.6,355.6,2245
PRAJIND,2026-06-09 15:28:00,355.85,356.25,355.0,355.8,8038
PRAJIND,2026-06-09 15:29:00,356.35,356.35,355.05,355.9,5081
PRAJIND,2026-06-10 09:15:00,356.9,358.35,356.65,357.95,2351
PRAJIND,2026-06-10 09:16:00,357.75,358.5,357.2,357.2,6967
PRAJIND,2026-06-10 09:17:00,357.1,358.45,357.1,357.95,3402
PRAJIND,2026-06-10 09:18:00,357.75,357.9,356.25,356.25,3314
PRAJIND,2026-06-10 09:19:00,356.25,357.6,356.15,356.9,14656
PRAJIND,2026-06-10 09:20:00,357.1,358.45,357.1,358.45,2082
PRAJIND,2026-06-10 09:21:00,358.25,359.5,357.95,359.15,7619
PRAJIND,2026-06-10 09:22:00,359.15,360.0,358.0,358.15,21348
PRAJIND,2026-06-10 09:23:00,358.35,358.35,357.35,357.75,1793
PRAJIND,2026-06-10 09:24:00,357.75,358.8,357.6,358.55,2183
PRAJIND,2026-06-10 09:25:00,358.45,358.8,358.05,358.75,2369
PRAJIND,2026-06-10 09:26:00,358.75,358.75,357.75,357.9,6543
PRAJIND,2026-06-10 09:27:00,357.9,358.05,357.55,358.05,2082
PRAJIND,2026-06-10 09:28:00,358.05,358.4,357.8,358.15,697
PRAJIND,2026-06-10 09:29:00,357.85,357.85,357.2,357.7,4210
PRAJIND,2026-06-10 09:30:00,357.85,357.85,356.8,356.8,2538
PRAJIND,2026-06-10 09:31:00,356.65,357.0,356.65,357.0,1690
PRAJIND,2026-06-10 09:32:00,357.0,357.75,356.85,357.3,2786
PRAJIND,2026-06-10 09:33:00,357.1,357.5,357.1,357.3,1166
PRAJIND,2026-06-10 09:34:00,357.3,357.65,357.3,357.65,2256
PRAJIND,2026-06-10 09:35:00,357.65,357.65,357.05,357.05,2380
PRAJIND,2026-06-10 09:36:00,357.15,357.15,357.0,357.0,2361
PRAJIND,2026-06-10 09:37:00,357.0,358.15,357.0,357.45,3194
PRAJIND,2026-06-10 09:38:00,357.45,357.65,357.05,357.05,1883
PRAJIND,2026-06-10 09:39:00,357.05,357.05,357.0,357.0,420
PRAJIND,2026-06-10 09:40:00,357.0,357.0,356.6,356.9,281
PRAJIND,2026-06-10 09:41:00,356.65,356.85,356.55,356.55,1185
PRAJIND,2026-06-10 09:42:00,356.6,356.85,355.55,355.55,4191
PRAJIND,2026-06-10 09:43:00,355.55,355.65,355.2,355.2,1075
PRAJIND,2026-06-10 09:44:00,355.2,355.3,355.0,355.1,7804
PRAJIND,2026-06-10 09:45:00,355.0,355.25,354.5,354.7,3579
PRAJIND,2026-06-10 09:46:00,354.7,355.45,353.7,353.7,10247
PRAJIND,2026-06-10 09:47:00,354.0,354.0,353.35,353.65,3123
PRAJIND,2026-06-10 09:48:00,353.65,354.2,353.65,354.2,3192
PRAJIND,2026-06-10 09:49:00,354.2,354.2,353.75,353.95,1844
PRAJIND,2026-06-10 09:50:00,353.95,353.95,353.5,353.7,2475
PRAJIND,2026-06-10 09:51:00,353.7,353.9,353.5,353.5,2877
PRAJIND,2026-06-10 09:52:00,353.5,353.55,353.15,353.45,1170
PRAJIND,2026-06-10 09:53:00,353.4,353.55,353.15,353.3,1756
PRAJIND,2026-06-10 09:54:00,353.3,353.75,353.3,353.55,1648
PRAJIND,2026-06-10 09:55:00,353.55,353.55,353.15,353.55,975
PRAJIND,2026-06-10 09:56:00,353.2,353.65,353.15,353.15,1445
PRAJIND,2026-06-10 09:57:00,353.6,353.6,353.5,353.6,3388
PRAJIND,2026-06-10 09:58:00,353.6,353.6,351.95,352.2,9761
PRAJIND,2026-06-10 09:59:00,352.1,352.65,352.1,352.55,8435
PRAJIND,2026-06-10 10:00:00,352.6,352.7,352.6,352.65,454
PRAJIND,2026-06-10 10:01:00,352.65,352.7,351.8,352.0,4674
PRAJIND,2026-06-10 10:02:00,352.0,352.0,351.5,351.5,3009
PRAJIND,2026-06-10 10:03:00,351.9,351.9,351.5,351.5,264
PRAJIND,2026-06-10 10:04:00,351.4,351.6,351.35,351.6,919
PRAJIND,2026-06-10 10:05:00,351.5,351.5,350.95,351.0,11133
PRAJIND,2026-06-10 10:06:00,351.0,351.0,350.45,350.8,5635
PRAJIND,2026-06-10 10:07:00,350.8,351.0,350.8,351.0,7565
PRAJIND,2026-06-10 10:08:00,351.0,351.0,350.95,351.0,422
PRAJIND,2026-06-10 10:09:00,351.0,351.0,350.9,350.95,2651
PRAJIND,2026-06-10 10:10:00,350.95,351.0,350.95,351.0,1845
PRAJIND,2026-06-10 10:11:00,351.0,351.15,350.3,350.65,5540
PRAJIND,2026-06-10 10:12:00,350.65,351.0,350.65,350.95,246
PRAJIND,2026-06-10 10:13:00,350.95,350.95,350.7,350.9,2521
PRAJIND,2026-06-10 10:14:00,350.9,350.95,350.65,350.95,6021
PRAJIND,2026-06-10 10:15:00,350.95,350.95,350.15,350.65,1276
PRAJIND,2026-06-10 10:16:00,350.65,350.9,350.5,350.5,865
PRAJIND,2026-06-10 10:17:00,350.5,350.95,350.5,350.6,942
PRAJIND,2026-06-10 10:18:00,350.85,351.0,350.85,350.9,2180
PRAJIND,2026-06-10 10:19:00,350.9,351.0,350.75,350.85,271
PRAJIND,2026-06-10 10:20:00,350.85,350.85,350.85,350.85,355
PRAJIND,2026-06-10 10:21:00,350.85,350.85,350.5,350.5,2133
PRAJIND,2026-06-10 10:22:00,350.5,350.5,350.45,350.5,243
PRAJIND,2026-06-10 10:23:00,350.5,350.8,350.45,350.5,987
PRAJIND,2026-06-10 10:24:00,350.5,350.65,350.45,350.65,1373
PRAJIND,2026-06-10 10:25:00,350.65,350.65,350.35,350.45,368
PRAJIND,2026-06-10 10:26:00,350.5,350.55,350.35,350.45,521
PRAJIND,2026-06-10 10:27:00,350.45,350.55,350.35,350.35,1476
PRAJIND,2026-06-10 10:28:00,350.45,350.45,350.35,350.45,498
PRAJIND,2026-06-10 10:29:00,350.45,350.85,350.45,350.55,949
PRAJIND,2026-06-10 10:30:00,350.85,350.85,350.5,350.5,1487
PRAJIND,2026-06-10 10:31:00,350.7,350.75,350.7,350.7,273
PRAJIND,2026-06-10 10:32:00,350.7,351.0,350.7,350.7,2596
PRAJIND,2026-06-10 10:33:00,350.7,350.95,350.7,350.95,181
PRAJIND,2026-06-10 10:34:00,351.0,351.0,350.85,350.85,2876
PRAJIND,2026-06-10 10:35:00,350.85,351.0,350.75,351.0,2561
PRAJIND,2026-06-10 10:36:00,351.0,351.0,350.8,351.0,828
PRAJIND,2026-06-10 10:37:00,351.0,351.15,350.8,351.15,730
PRAJIND,2026-06-10 10:38:00,351.0,351.15,351.0,351.0,4292
PRAJIND,2026-06-10 10:39:00,351.0,351.0,350.85,351.0,6107
PRAJIND,2026-06-10 10:40:00,351.0,351.0,351.0,351.0,1048
PRAJIND,2026-06-10 10:41:00,351.0,351.0,351.0,351.0,171
PRAJIND,2026-06-10 10:42:00,351.0,351.0,350.8,350.8,564
PRAJIND,2026-06-10 10:43:00,351.0,351.0,350.8,351.0,173
PRAJIND,2026-06-10 10:44:00,351.0,351.0,350.7,350.85,549
PRAJIND,2026-06-10 10:45:00,350.85,351.0,350.85,351.0,47
PRAJIND,2026-06-10 10:46:00,350.85,351.0,350.8,350.8,219
PRAJIND,2026-06-10 10:47:00,350.8,350.95,350.7,350.95,1022
PRAJIND,2026-06-10 10:48:00,350.95,351.0,350.9,350.9,251
PRAJIND,2026-06-10 10:49:00,350.6,350.9,350.6,350.85,1158
PRAJIND,2026-06-10 10:50:00,350.85,350.85,350.6,350.8,169
PRAJIND,2026-06-10 10:51:00,350.8,350.85,350.7,350.7,222
PRAJIND,2026-06-10 10:52:00,350.7,350.85,350.6,350.85,132
PRAJIND,2026-06-10 10:53:00,350.85,350.9,350.6,350.9,490
PRAJIND,2026-06-10 10:54:00,350.9,350.9,350.75,350.8,226
PRAJIND,2026-06-10 10:55:00,350.8,350.8,350.55,350.55,210
PRAJIND,2026-06-10 10:56:00,350.55,350.85,350.55,350.85,50
PRAJIND,2026-06-10 10:57:00,350.8,350.85,350.55,350.55,77
PRAJIND,2026-06-10 10:58:00,350.55,350.85,350.55,350.7,67
PRAJIND,2026-06-10 10:59:00,350.7,350.9,350.6,350.9,156
PRAJIND,2026-06-10 11:00:00,350.9,350.9,350.65,350.9,331
PRAJIND,2026-06-10 11:01:00,350.9,350.9,350.5,350.75,5625
PRAJIND,2026-06-10 11:02:00,350.75,350.85,350.5,350.85,27
PRAJIND,2026-06-10 11:03:00,350.85,350.9,350.5,350.9,447
PRAJIND,2026-06-10 11:04:00,350.6,350.8,350.55,350.8,105
PRAJIND,2026-06-10 11:05:00,350.8,350.85,350.6,350.6,233
PRAJIND,2026-06-10 11:06:00,350.55,350.65,350.4,350.4,2056
PRAJIND,2026-06-10 11:07:00,350.4,350.5,350.4,350.45,359
PRAJIND,2026-06-10 11:08:00,350.45,350.65,350.45,350.65,60
PRAJIND,2026-06-10 11:09:00,350.65,350.7,350.65,350.7,5
PRAJIND,2026-06-10 11:10:00,350.55,350.7,350.55,350.7,44
PRAJIND,2026-06-10 11:11:00,350.7,351.0,350.5,350.5,2382
PRAJIND,2026-06-10 11:12:00,350.5,350.85,350.5,350.55,575
PRAJIND,2026-06-10 11:13:00,350.55,350.75,350.55,350.75,28
PRAJIND,2026-06-10 11:14:00,350.75,350.9,350.75,350.9,78
PRAJIND,2026-06-10 11:15:00,350.9,351.0,350.55,350.55,431
PRAJIND,2026-06-10 11:16:00,350.55,350.75,350.45,350.75,508
PRAJIND,2026-06-10 11:17:00,350.75,350.75,350.55,350.55,298
PRAJIND,2026-06-10 11:18:00,350.55,350.55,350.4,350.4,326
PRAJIND,2026-06-10 11:19:00,350.4,350.4,350.2,350.2,26
PRAJIND,2026-06-10 11:20:00,350.2,350.25,350.15,350.25,710
PRAJIND,2026-06-10 11:21:00,350.25,350.4,350.25,350.4,2031
PRAJIND,2026-06-10 11:22:00,350.4,350.4,350.15,350.15,180
PRAJIND,2026-06-10 11:23:00,350.2,350.2,350.05,350.15,862
PRAJIND,2026-06-10 11:24:00,350.05,350.15,350.05,350.15,100
PRAJIND,2026-06-10 11:25:00,350.15,350.15,350.15,350.15,56
PRAJIND,2026-06-10 11:26:00,350.15,350.2,350.1,350.2,163
PRAJIND,2026-06-10 11:27:00,350.2,350.2,350.1,350.2,367
PRAJIND,2026-06-10 11:28:00,350.2,350.2,350.0,350.0,1811
PRAJIND,2026-06-10 11:29:00,350.0,350.2,350.0,350.2,355
PRAJIND,2026-06-10 11:30:00,350.2,350.2,350.1,350.1,84
PRAJIND,2026-06-10 11:31:00,350.1,350.2,350.1,350.2,2
PRAJIND,2026-06-10 11:32:00,350.1,350.25,349.5,350.15,13916
PRAJIND,2026-06-10 11:33:00,350.05,350.35,350.05,350.05,415
PRAJIND,2026-06-10 11:34:00,350.15,350.15,350.0,350.05,442
PRAJIND,2026-06-10 11:35:00,350.05,350.05,349.75,349.75,361
PRAJIND,2026-06-10 11:36:00,349.75,350.0,349.55,349.8,268
PRAJIND,2026-06-10 11:37:00,349.8,349.8,349.45,349.7,1515
PRAJIND,2026-06-10 11:38:00,349.7,349.7,349.5,349.5,207
PRAJIND,2026-06-10 11:39:00,349.5,349.6,349.3,349.3,560
PRAJIND,2026-06-10 11:40:00,349.3,349.6,349.3,349.4,1135
PRAJIND,2026-06-10 11:41:00,349.35,349.65,349.35,349.5,402
PRAJIND,2026-06-10 11:42:00,349.5,349.8,349.4,349.7,244
PRAJIND,2026-06-10 11:43:00,349.7,349.7,349.5,349.7,239
PRAJIND,2026-06-10 11:44:00,349.7,349.7,349.25,349.5,1044
PRAJIND,2026-06-10 11:45:00,349.5,349.55,349.2,349.3,843
PRAJIND,2026-06-10 11:46:00,349.3,349.3,349.2,349.2,202
PRAJIND,2026-06-10 11:47:00,349.2,349.25,349.1,349.1,1114
PRAJIND,2026-06-10 11:48:00,349.1,349.25,349.0,349.0,1805
PRAJIND,2026-06-10 11:49:00,349.0,349.25,349.0,349.1,206
PRAJIND,2026-06-10 11:50:00,349.1,349.3,349.1,349.15,615
PRAJIND,2026-06-10 11:51:00,349.15,349.3,349.05,349.05,204
PRAJIND,2026-06-10 11:52:00,349.05,349.3,349.0,349.05,308
PRAJIND,2026-06-10 11:53:00,349.05,349.2,349.05,349.2,20
PRAJIND,2026-06-10 11:54:00,349.2,349.3,349.2,349.3,86
PRAJIND,2026-06-10 11:55:00,349.3,349.4,349.2,349.4,292
PRAJIND,2026-06-10 11:56:00,349.4,349.7,349.4,349.55,108
PRAJIND,2026-06-10 11:57:00,349.7,349.8,349.45,349.45,1184
PRAJIND,2026-06-10 11:58:00,349.45,349.6,349.3,349.55,302
PRAJIND,2026-06-10 11:59:00,349.55,349.55,349.05,349.1,541
PRAJIND,2026-06-10 12:00:00,349.05,349.2,349.05,349.1,430
PRAJIND,2026-06-10 12:01:00,349.0,349.05,349.0,349.0,358
PRAJIND,2026-06-10 12:02:00,349.0,349.15,349.0,349.0,114
PRAJIND,2026-06-10 12:03:00,349.0,349.0,348.65,348.65,2742
PRAJIND,2026-06-10 12:04:00,348.65,348.8,348.65,348.75,103
PRAJIND,2026-06-10 12:05:00,348.75,348.75,348.6,348.65,63
PRAJIND,2026-06-10 12:06:00,348.6,348.65,348.6,348.65,119
PRAJIND,2026-06-10 12:07:00,348.65,348.8,348.6,348.65,175
PRAJIND,2026-06-10 12:08:00,348.65,348.8,347.65,347.65,9923
PRAJIND,2026-06-10 12:09:00,347.75,347.85,347.25,347.35,2470
PRAJIND,2026-06-10 12:10:00,347.35,347.55,346.95,347.4,25510
PRAJIND,2026-06-10 12:11:00,347.3,348.0,347.2,348.0,3794
PRAJIND,2026-06-10 12:12:00,348.0,348.0,347.8,348.0,334
PRAJIND,2026-06-10 12:13:00,348.0,348.1,347.7,347.75,1135
PRAJIND,2026-06-10 12:14:00,348.0,348.0,347.65,347.65,1035
PRAJIND,2026-06-10 12:15:00,347.6,347.9,347.5,347.5,1926
PRAJIND,2026-06-10 12:16:00,347.7,347.7,347.5,347.5,147
PRAJIND,2026-06-10 12:17:00,347.7,347.7,347.5,347.7,90
PRAJIND,2026-06-10 12:18:00,347.7,347.7,347.5,347.5,387
PRAJIND,2026-06-10 12:19:00,347.5,347.7,347.5,347.5,323
PRAJIND,2026-06-10 12:20:00,347.5,347.7,347.45,347.45,588
PRAJIND,2026-06-10 12:21:00,347.45,347.6,347.4,347.6,742
PRAJIND,2026-06-10 12:22:00,347.6,347.6,347.15,347.4,551
PRAJIND,2026-06-10 12:23:00,347.4,347.4,347.15,347.15,111
PRAJIND,2026-06-10 12:24:00,347.15,347.35,347.15,347.15,212
PRAJIND,2026-06-10 12:25:00,347.15,347.35,347.1,347.1,1154
PRAJIND,2026-06-10 12:26:00,347.1,347.25,347.1,347.1,291
PRAJIND,2026-06-10 12:27:00,347.35,347.35,347.05,347.1,841
PRAJIND,2026-06-10 12:28:00,347.1,347.45,347.05,347.1,2202
PRAJIND,2026-06-10 12:29:00,347.1,347.9,347.1,347.5,3763
PRAJIND,2026-06-10 12:30:00,347.7,347.7,347.0,347.25,2613
PRAJIND,2026-06-10 12:31:00,347.25,347.25,347.0,347.2,460
PRAJIND,2026-06-10 12:32:00,347.2,347.25,347.0,347.0,321
PRAJIND,2026-06-10 12:33:00,347.0,347.1,346.95,347.0,481
PRAJIND,2026-06-10 12:34:00,346.95,347.0,346.7,347.0,2434
PRAJIND,2026-06-10 12:35:00,347.0,347.35,347.0,347.35,720
PRAJIND,2026-06-10 12:36:00,347.35,347.6,347.3,347.45,302
PRAJIND,2026-06-10 12:37:00,347.35,347.35,347.25,347.3,69
PRAJIND,2026-06-10 12:38:00,347.3,347.4,347.0,347.0,419
PRAJIND,2026-06-10 12:39:00,347.25,347.35,347.25,347.3,507
PRAJIND,2026-06-10 12:40:00,347.3,347.3,346.8,346.85,412
PRAJIND,2026-06-10 12:41:00,346.85,347.15,346.85,347.1,165
PRAJIND,2026-06-10 12:42:00,347.1,347.5,347.0,347.0,2292
PRAJIND,2026-06-10 12:43:00,347.0,347.0,347.0,347.0,327
PRAJIND,2026-06-10 12:44:00,347.0,347.0,346.9,347.0,513
PRAJIND,2026-06-10 12:45:00,347.0,347.0,347.0,347.0,339
PRAJIND,2026-06-10 12:46:00,347.0,347.0,346.9,347.0,28
PRAJIND,2026-06-10 12:47:00,347.0,347.0,346.85,346.85,223
PRAJIND,2026-06-10 12:48:00,346.85,347.0,346.85,347.0,90
PRAJIND,2026-06-10 12:49:00,347.0,347.0,346.85,347.0,156
PRAJIND,2026-06-10 12:50:00,346.85,347.0,346.85,347.0,867
PRAJIND,2026-06-10 12:51:00,347.0,347.4,346.75,347.4,2924
PRAJIND,2026-06-10 12:52:00,347.4,347.45,347.4,347.45,585
PRAJIND,2026-06-10 12:53:00,347.7,347.85,347.7,347.7,623
PRAJIND,2026-06-10 12:54:00,348.0,348.05,347.7,347.7,849
PRAJIND,2026-06-10 12:55:00,347.7,347.7,347.7,347.7,154
PRAJIND,2026-06-10 12:56:00,347.7,347.9,347.7,347.75,1479
PRAJIND,2026-06-10 12:57:00,347.75,347.8,347.45,347.45,234
PRAJIND,2026-06-10 12:58:00,347.45,348.1,347.45,348.1,342
PRAJIND,2026-06-10 12:59:00,348.0,348.1,347.8,348.1,225
PRAJIND,2026-06-10 13:00:00,348.1,348.45,348.1,348.25,338
PRAJIND,2026-06-10 13:01:00,348.25,348.6,348.25,348.45,656
PRAJIND,2026-06-10 13:02:00,348.45,348.45,348.1,348.1,250
PRAJIND,2026-06-10 13:03:00,348.1,348.4,348.1,348.4,121
PRAJIND,2026-06-10 13:04:00,348.4,348.4,348.15,348.35,86
PRAJIND,2026-06-10 13:05:00,348.35,348.35,348.0,348.3,402
PRAJIND,2026-06-10 13:06:00,348.2,348.45,348.0,348.2,893
PRAJIND,2026-06-10 13:07:00,348.2,348.2,347.95,347.95,267
PRAJIND,2026-06-10 13:08:00,347.95,348.45,347.95,348.35,1323
PRAJIND,2026-06-10 13:09:00,348.35,348.45,347.95,347.95,264
PRAJIND,2026-06-10 13:10:00,347.95,348.2,347.95,348.2,32
PRAJIND,2026-06-10 13:11:00,348.2,348.2,347.95,347.95,82
PRAJIND,2026-06-10 13:12:00,348.2,348.2,347.5,348.0,1076
PRAJIND,2026-06-10 13:13:00,348.0,348.0,347.95,347.95,101
PRAJIND,2026-06-10 13:14:00,348.0,348.05,347.8,347.85,1046
PRAJIND,2026-06-10 13:15:00,347.85,348.05,347.85,348.05,299
PRAJIND,2026-06-10 13:16:00,348.05,348.2,348.0,348.2,266
PRAJIND,2026-06-10 13:17:00,348.2,348.2,347.95,347.95,468
PRAJIND,2026-06-10 13:18:00,347.95,347.95,347.65,347.7,1220
PRAJIND,2026-06-10 13:19:00,347.7,347.7,347.7,347.7,150
PRAJIND,2026-06-10 13:20:00,347.7,348.0,347.4,347.65,1263
PRAJIND,2026-06-10 13:21:00,347.65,347.75,347.4,347.55,122
PRAJIND,2026-06-10 13:22:00,347.55,347.85,347.5,347.55,376
PRAJIND,2026-06-10 13:23:00,347.55,347.7,347.5,347.7,46
PRAJIND,2026-06-10 13:24:00,347.7,347.7,347.4,347.4,353
PRAJIND,2026-06-10 13:25:00,347.4,347.7,347.2,347.7,408
PRAJIND,2026-06-10 13:26:00,347.7,347.7,347.4,347.45,209
PRAJIND,2026-06-10 13:27:00,347.45,348.2,347.45,347.85,1113
PRAJIND,2026-06-10 13:28:00,347.85,347.85,347.5,347.5,132
PRAJIND,2026-06-10 13:29:00,347.5,347.8,347.5,347.8,108
PRAJIND,2026-06-10 13:30:00,347.8,347.85,347.8,347.8,34
PRAJIND,2026-06-10 13:31:00,348.0,348.0,347.8,348.0,511
PRAJIND,2026-06-10 13:32:00,348.0,348.15,347.85,347.85,295
PRAJIND,2026-06-10 13:33:00,347.85,347.95,347.85,347.85,258
PRAJIND,2026-06-10 13:34:00,347.85,348.0,347.75,347.75,132
PRAJIND,2026-06-10 13:35:00,347.75,347.75,347.75,347.75,25
PRAJIND,2026-06-10 13:36:00,347.85,348.0,347.85,348.0,101
PRAJIND,2026-06-10 13:37:00,348.0,348.1,347.85,347.95,1096
PRAJIND,2026-06-10 13:38:00,347.95,347.95,347.95,347.95,2
PRAJIND,2026-06-10 13:39:00,347.95,347.95,347.95,347.95,34
PRAJIND,2026-06-10 13:40:00,347.95,347.95,347.75,347.75,572
PRAJIND,2026-06-10 13:41:00,347.75,348.0,347.75,347.75,1459
PRAJIND,2026-06-10 13:42:00,347.75,348.0,347.75,348.0,192
PRAJIND,2026-06-10 13:43:00,347.95,347.95,347.5,347.75,1447
PRAJIND,2026-06-10 13:44:00,347.75,347.8,347.5,347.5,245
PRAJIND,2026-06-10 13:45:00,347.8,347.8,347.75,347.8,49
PRAJIND,2026-06-10 13:46:00,347.8,347.8,347.55,347.8,18
PRAJIND,2026-06-10 13:47:00,347.8,347.8,347.4,347.4,822
PRAJIND,2026-06-10 13:48:00,347.4,347.7,347.4,347.65,377
PRAJIND,2026-06-10 13:49:00,347.65,347.65,347.45,347.65,256
PRAJIND,2026-06-10 13:50:00,347.65,348.1,347.65,348.1,4138
PRAJIND,2026-06-10 13:51:00,348.1,348.1,348.1,348.1,0
PRAJIND,2026-06-10 13:52:00,348.1,348.1,347.7,347.7,363
PRAJIND,2026-06-10 13:53:00,347.7,347.7,347.7,347.7,17
PRAJIND,2026-06-10 13:54:00,347.7,347.7,347.7,347.7,167
PRAJIND,2026-06-10 13:55:00,347.7,347.7,347.55,347.55,120
PRAJIND,2026-06-10 13:56:00,347.55,347.7,347.55,347.7,128
PRAJIND,2026-06-10 13:57:00,347.5,347.95,347.5,347.85,3156
PRAJIND,2026-06-10 13:58:00,347.85,347.85,347.7,347.85,7
PRAJIND,2026-06-10 13:59:00,347.85,347.85,347.7,347.7,23
PRAJIND,2026-06-10 14:00:00,347.7,347.7,347.7,347.7,127
PRAJIND,2026-06-10 14:01:00,347.7,347.7,347.6,347.6,1297
PRAJIND,2026-06-10 14:02:00,347.6,347.85,347.6,347.6,146
PRAJIND,2026-06-10 14:03:00,347.6,347.85,347.5,347.5,760
PRAJIND,2026-06-10 14:04:00,347.6,347.6,347.5,347.55,842
PRAJIND,2026-06-10 14:05:00,347.55,347.55,347.4,347.4,205
PRAJIND,2026-06-10 14:06:00,347.4,347.4,347.0,347.0,727
PRAJIND,2026-06-10 14:07:00,347.1,347.1,347.0,347.1,506
PRAJIND,2026-06-10 14:08:00,347.1,347.1,347.0,347.1,224
PRAJIND,2026-06-10 14:09:00,347.1,347.35,347.0,347.0,894
PRAJIND,2026-06-10 14:10:00,347.0,347.1,347.0,347.1,1184
PRAJIND,2026-06-10 14:11:00,347.0,347.1,347.0,347.1,64
PRAJIND,2026-06-10 14:12:00,347.1,347.25,347.0,347.1,97
PRAJIND,2026-06-10 14:13:00,347.1,347.1,346.75,346.95,718
PRAJIND,2026-06-10 14:14:00,346.95,346.95,346.7,346.7,1325
PRAJIND,2026-06-10 14:15:00,346.7,346.7,346.6,346.6,525
PRAJIND,2026-06-10 14:16:00,346.6,346.9,346.6,346.8,208
PRAJIND,2026-06-10 14:17:00,346.8,346.9,346.8,346.8,668
PRAJIND,2026-06-10 14:18:00,346.85,346.9,346.85,346.9,183
PRAJIND,2026-06-10 14:19:00,346.9,346.95,346.85,346.85,490
PRAJIND,2026-06-10 14:20:00,346.9,346.95,346.9,346.9,171
PRAJIND,2026-06-10 14:21:00,346.9,347.2,346.9,347.2,422
PRAJIND,2026-06-10 14:22:00,347.2,347.35,347.15,347.35,727
PRAJIND,2026-06-10 14:23:00,347.35,347.35,347.1,347.1,166
PRAJIND,2026-06-10 14:24:00,347.1,347.1,347.05,347.1,303
PRAJIND,2026-06-10 14:25:00,347.15,347.15,347.1,347.15,40
PRAJIND,2026-06-10 14:26:00,347.15,347.15,346.9,346.9,442
PRAJIND,2026-06-10 14:27:00,347.05,347.05,346.8,346.8,347
PRAJIND,2026-06-10 14:28:00,346.8,346.8,346.5,346.65,975
PRAJIND,2026-06-10 14:29:00,346.65,346.9,346.6,346.9,1847
PRAJIND,2026-06-10 14:30:00,346.9,346.9,346.5,346.5,128
PRAJIND,2026-06-10 14:31:00,346.5,346.5,346.45,346.45,25
PRAJIND,2026-06-10 14:32:00,346.45,346.6,346.4,346.5,317
PRAJIND,2026-06-10 14:33:00,346.4,346.85,346.4,346.6,1455
PRAJIND,2026-06-10 14:34:00,346.6,346.6,346.45,346.6,365
PRAJIND,2026-06-10 14:35:00,346.7,346.7,346.5,346.5,97
PRAJIND,2026-06-10 14:36:00,346.7,346.7,346.5,346.5,173
PRAJIND,2026-06-10 14:37:00,346.5,346.7,346.45,346.6,1013
PRAJIND,2026-06-10 14:38:00,346.6,346.6,346.1,346.1,1118
PRAJIND,2026-06-10 14:39:00,346.1,346.35,346.1,346.35,294
PRAJIND,2026-06-10 14:40:00,346.35,346.35,346.0,346.0,444
PRAJIND,2026-06-10 14:41:00,346.25,346.25,346.0,346.0,471
PRAJIND,2026-06-10 14:42:00,346.0,346.2,345.5,345.75,9266
PRAJIND,2026-06-10 14:43:00,345.85,345.95,345.55,345.55,1223
PRAJIND,2026-06-10 14:44:00,345.8,345.85,345.6,345.6,215
PRAJIND,2026-06-10 14:45:00,345.6,345.8,345.3,345.45,2671
PRAJIND,2026-06-10 14:46:00,345.5,345.8,345.5,345.6,1082
PRAJIND,2026-06-10 14:47:00,345.35,345.55,345.3,345.55,1147
PRAJIND,2026-06-10 14:48:00,345.65,345.65,345.05,345.15,3652
PRAJIND,2026-06-10 14:49:00,345.4,345.4,345.05,345.3,780
PRAJIND,2026-06-10 14:50:00,345.3,345.3,345.05,345.05,1169
PRAJIND,2026-06-10 14:51:00,345.2,345.35,345.0,345.35,16940
PRAJIND,2026-06-10 14:52:00,345.35,345.35,345.35,345.35,1009
PRAJIND,2026-06-10 14:53:00,345.35,345.35,345.0,345.2,946
PRAJIND,2026-06-10 14:54:00,345.4,345.6,345.15,345.6,684
PRAJIND,2026-06-10 14:55:00,345.6,345.85,345.25,345.45,6389
PRAJIND,2026-06-10 14:56:00,346.4,346.85,346.4,346.55,8717
PRAJIND,2026-06-10 14:57:00,346.55,346.85,346.55,346.85,827
PRAJIND,2026-06-10 14:58:00,346.55,346.8,346.3,346.55,7698
PRAJIND,2026-06-10 14:59:00,346.55,346.65,346.25,346.45,810
PRAJIND,2026-06-10 15:00:00,346.1,346.1,345.5,345.5,286
PRAJIND,2026-06-10 15:01:00,345.7,345.7,345.5,345.7,460
PRAJIND,2026-06-10 15:02:00,345.5,346.2,345.5,346.2,927
PRAJIND,2026-06-10 15:03:00,346.1,346.35,346.05,346.35,1002
PRAJIND,2026-06-10 15:04:00,346.05,346.25,345.4,345.65,3167
PRAJIND,2026-06-10 15:05:00,345.65,345.85,345.45,345.8,383
PRAJIND,2026-06-10 15:06:00,345.8,346.1,345.65,346.1,784
PRAJIND,2026-06-10 15:07:00,345.75,346.35,345.65,346.15,6084
PRAJIND,2026-06-10 15:08:00,346.15,346.4,346.1,346.35,1623
PRAJIND,2026-06-10 15:09:00,346.05,346.7,345.85,346.7,1489
PRAJIND,2026-06-10 15:10:00,347.95,347.95,346.85,346.85,9148
PRAJIND,2026-06-10 15:11:00,346.65,346.65,346.3,346.35,556
PRAJIND,2026-06-10 15:12:00,346.35,346.35,345.8,345.9,2189
PRAJIND,2026-06-10 15:13:00,345.9,345.9,345.65,345.65,1923
PRAJIND,2026-06-10 15:14:00,345.75,345.75,345.5,345.5,3067
PRAJIND,2026-06-10 15:15:00,345.35,345.55,345.1,345.35,3085
PRAJIND,2026-06-10 15:16:00,345.0,345.1,345.0,345.05,2850
PRAJIND,2026-06-10 15:17:00,345.0,345.1,345.0,345.05,2844
PRAJIND,2026-06-10 15:18:00,345.1,345.1,342.2,342.2,15666
PRAJIND,2026-06-10 15:19:00,342.45,342.8,341.1,341.25,14635
PRAJIND,2026-06-10 15:20:00,341.1,342.1,341.1,342.1,5526
PRAJIND,2026-06-10 15:21:00,341.8,341.9,341.4,341.85,4468
PRAJIND,2026-06-10 15:22:00,341.8,342.75,341.8,342.75,1947
PRAJIND,2026-06-10 15:23:00,342.45,342.5,342.4,342.45,2613
PRAJIND,2026-06-10 15:24:00,342.45,342.8,342.3,342.45,7618
PRAJIND,2026-06-10 15:25:00,342.4,342.7,342.35,342.55,912
PRAJIND,2026-06-10 15:26:00,342.55,342.9,342.5,342.9,4125
PRAJIND,2026-06-10 15:27:00,342.9,342.95,342.8,342.95,1766
PRAJIND,2026-06-10 15:28:00,342.9,342.9,342.4,342.45,5318
PRAJIND,2026-06-10 15:29:00,342.7,342.9,342.1,342.9,12462
PRAJIND,2026-06-11 09:15:00,345.5,350.55,345.45,349.15,41523
PRAJIND,2026-06-11 09:16:00,349.5,349.5,346.4,346.65,33613
PRAJIND,2026-06-11 09:17:00,345.75,345.75,343.25,344.0,39403
PRAJIND,2026-06-11 09:18:00,344.75,345.95,339.15,340.15,54619
PRAJIND,2026-06-11 09:19:00,340.95,341.0,338.4,339.45,36734
PRAJIND,2026-06-11 09:20:00,339.45,339.95,338.85,339.95,18701
PRAJIND,2026-06-11 09:21:00,340.65,340.65,338.85,338.85,20545
PRAJIND,2026-06-11 09:22:00,338.75,339.0,338.1,339.0,9808
PRAJIND,2026-06-11 09:23:00,338.85,338.95,338.05,338.3,14393
PRAJIND,2026-06-11 09:24:00,338.9,338.95,337.8,338.95,10300
PRAJIND,2026-06-11 09:25:00,338.8,339.6,338.55,339.45,17710
PRAJIND,2026-06-11 09:26:00,339.7,339.7,339.05,339.05,15528
PRAJIND,2026-06-11 09:27:00,339.0,339.15,338.2,338.4,20116
PRAJIND,2026-06-11 09:28:00,338.25,339.5,338.25,338.95,6035
PRAJIND,2026-06-11 09:29:00,338.9,339.35,338.7,339.0,15859
PRAJIND,2026-06-11 09:30:00,338.95,338.95,337.6,337.85,11063
PRAJIND,2026-06-11 09:31:00,337.5,338.75,337.5,338.6,2866
PRAJIND,2026-06-11 09:32:00,338.7,339.5,338.65,339.25,7186
PRAJIND,2026-06-11 09:33:00,339.0,339.2,338.05,338.05,7878
PRAJIND,2026-06-11 09:34:00,337.9,339.2,337.85,339.0,8167
PRAJIND,2026-06-11 09:35:00,339.0,339.35,338.5,338.9,6762
PRAJIND,2026-06-11 09:36:00,338.9,339.45,338.85,339.45,16488
PRAJIND,2026-06-11 09:37:00,339.7,341.6,339.3,340.65,38854
PRAJIND,2026-06-11 09:38:00,340.45,341.1,339.9,341.1,7625
PRAJIND,2026-06-11 09:39:00,341.1,341.8,341.0,341.8,9134
PRAJIND,2026-06-11 09:40:00,341.55,341.55,340.8,340.9,11629
PRAJIND,2026-06-11 09:41:00,340.9,340.9,340.0,340.2,15828
PRAJIND,2026-06-11 09:42:00,340.35,341.4,340.2,340.85,11905
PRAJIND,2026-06-11 09:43:00,341.25,343.4,341.05,343.25,29229
PRAJIND,2026-06-11 09:44:00,342.9,344.35,342.05,343.35,26946
PRAJIND,2026-06-11 09:45:00,343.35,344.1,342.85,344.0,8821
PRAJIND,2026-06-11 09:46:00,344.0,344.1,343.5,343.65,7253
PRAJIND,2026-06-11 09:47:00,343.65,343.85,343.2,343.2,14170
PRAJIND,2026-06-11 09:48:00,342.95,343.25,342.75,342.95,8113
PRAJIND,2026-06-11 09:49:00,342.75,342.75,341.6,342.4,28098
PRAJIND,2026-06-11 09:50:00,342.35,343.05,340.0,340.55,73972
PRAJIND,2026-06-11 09:51:00,340.6,340.85,340.1,340.45,8270
PRAJIND,2026-06-11 09:52:00,340.45,340.7,339.35,339.75,5098
PRAJIND,2026-06-11 09:53:00,339.75,340.0,338.85,339.95,15624
PRAJIND,2026-06-11 09:54:00,339.5,339.5,338.8,338.8,1409
PRAJIND,2026-06-11 09:55:00,338.8,339.0,338.8,338.85,3359
PRAJIND,2026-06-11 09:56:00,338.6,338.9,338.3,338.4,2982
PRAJIND,2026-06-11 09:57:00,338.55,338.9,337.8,338.9,10255
PRAJIND,2026-06-11 09:58:00,338.65,338.7,338.05,338.05,3748
PRAJIND,2026-06-11 09:59:00,338.1,338.15,337.7,337.8,2901
PRAJIND,2026-06-11 10:00:00,337.9,337.9,337.55,337.65,2429
PRAJIND,2026-06-11 10:01:00,337.9,338.5,337.65,338.25,15588
PRAJIND,2026-06-11 10:02:00,338.3,338.3,337.8,337.8,571
PRAJIND,2026-06-11 10:03:00,337.6,338.05,337.6,337.75,2602
PRAJIND,2026-06-11 10:04:00,337.4,337.8,337.1,337.8,3680
PRAJIND,2026-06-11 10:05:00,337.8,337.85,337.55,337.8,424
PRAJIND,2026-06-11 10:06:00,337.8,338.0,337.65,337.85,3091
PRAJIND,2026-06-11 10:07:00,337.95,338.5,337.65,338.5,2175
PRAJIND,2026-06-11 10:08:00,338.5,338.95,338.3,338.85,1505
PRAJIND,2026-06-11 10:09:00,338.85,339.0,338.35,338.55,4628
PRAJIND,2026-06-11 10:10:00,338.5,338.55,337.95,337.95,3422
PRAJIND,2026-06-11 10:11:00,337.65,338.5,337.55,338.5,2066
PRAJIND,2026-06-11 10:12:00,338.25,338.35,338.05,338.2,3053
PRAJIND,2026-06-11 10:13:00,338.2,338.5,338.2,338.5,3572
PRAJIND,2026-06-11 10:14:00,338.5,338.75,338.2,338.2,568
PRAJIND,2026-06-11 10:15:00,338.2,338.3,337.55,337.85,3524
PRAJIND,2026-06-11 10:16:00,337.85,338.15,337.65,338.15,1109
PRAJIND,2026-06-11 10:17:00,338.15,338.75,338.0,338.75,1241
PRAJIND,2026-06-11 10:18:00,338.75,338.75,338.35,338.45,2666
PRAJIND,2026-06-11 10:19:00,338.45,338.55,338.35,338.55,2170
PRAJIND,2026-06-11 10:20:00,338.55,339.0,338.55,339.0,4551
PRAJIND,2026-06-11 10:21:00,339.0,339.0,338.5,338.7,1581
PRAJIND,2026-06-11 10:22:00,338.7,338.95,338.65,338.8,1427
PRAJIND,2026-06-11 10:23:00,338.8,339.0,338.8,339.0,2994
PRAJIND,2026-06-11 10:24:00,338.95,339.0,338.4,338.4,2464
PRAJIND,2026-06-11 10:25:00,338.5,338.5,338.1,338.1,1412
PRAJIND,2026-06-11 10:26:00,338.1,338.4,338.1,338.4,1035
PRAJIND,2026-06-11 10:27:00,338.4,338.45,338.35,338.35,158
PRAJIND,2026-06-11 10:28:00,338.35,338.9,338.35,338.9,1887
PRAJIND,2026-06-11 10:29:00,338.9,338.9,338.65,338.85,2596
PRAJIND,2026-06-11 10:30:00,338.85,339.0,338.45,338.45,629
PRAJIND,2026-06-11 10:31:00,338.45,339.25,338.45,338.85,2452
PRAJIND,2026-06-11 10:32:00,338.85,338.85,338.5,338.65,6062
PRAJIND,2026-06-11 10:33:00,338.65,338.9,338.3,338.45,1645
PRAJIND,2026-06-11 10:34:00,338.75,338.75,338.4,338.4,251
PRAJIND,2026-06-11 10:35:00,338.25,338.5,338.2,338.3,1430
PRAJIND,2026-06-11 10:36:00,338.3,338.5,338.2,338.2,2457
PRAJIND,2026-06-11 10:37:00,338.2,338.35,338.1,338.1,1940
PRAJIND,2026-06-11 10:38:00,338.0,338.15,337.65,337.65,4728
PRAJIND,2026-06-11 10:39:00,337.9,338.45,337.85,338.4,1379
PRAJIND,2026-06-11 10:40:00,338.4,338.4,338.0,338.3,627
PRAJIND,2026-06-11 10:41:00,338.35,338.65,338.1,338.45,5873
PRAJIND,2026-06-11 10:42:00,338.45,338.45,338.3,338.35,121
PRAJIND,2026-06-11 10:43:00,338.35,338.35,338.2,338.2,238
PRAJIND,2026-06-11 10:44:00,338.0,338.0,337.4,337.5,6344
PRAJIND,2026-06-11 10:45:00,337.5,337.85,337.5,337.55,790
PRAJIND,2026-06-11 10:46:00,337.55,338.0,337.55,337.85,867
PRAJIND,2026-06-11 10:47:00,338.0,338.35,337.85,338.35,1004
PRAJIND,2026-06-11 10:48:00,338.4,338.45,338.1,338.45,928
PRAJIND,2026-06-11 10:49:00,338.45,338.45,337.95,338.0,3624
PRAJIND,2026-06-11 10:50:00,337.95,338.0,337.85,337.85,1471
PRAJIND,2026-06-11 10:51:00,337.85,338.0,337.75,337.9,350
PRAJIND,2026-06-11 10:52:00,337.6,337.8,337.6,337.8,529
PRAJIND,2026-06-11 10:53:00,337.6,337.6,337.1,337.2,3354
PRAJIND,2026-06-11 10:54:00,337.05,337.5,337.05,337.5,978
PRAJIND,2026-06-11 10:55:00,337.5,337.5,337.0,337.25,2906
PRAJIND,2026-06-11 10:56:00,337.1,337.75,336.9,337.0,10994
PRAJIND,2026-06-11 10:57:00,337.0,337.0,336.5,336.85,4645
PRAJIND,2026-06-11 10:58:00,336.85,337.0,336.6,336.6,730
PRAJIND,2026-06-11 10:59:00,336.85,336.85,336.55,336.6,966
PRAJIND,2026-06-11 11:00:00,336.6,336.95,336.6,336.95,1467
PRAJIND,2026-06-11 11:01:00,336.65,337.0,336.65,336.95,1568
PRAJIND,2026-06-11 11:02:00,336.95,337.0,336.75,337.0,7597
PRAJIND,2026-06-11 11:03:00,337.0,337.0,336.85,336.85,829
PRAJIND,2026-06-11 11:04:00,336.85,337.0,336.8,336.8,7177
PRAJIND,2026-06-11 11:05:00,336.8,337.0,336.8,337.0,12019
PRAJIND,2026-06-11 11:06:00,337.0,337.0,336.7,336.7,1792
PRAJIND,2026-06-11 11:07:00,336.7,337.0,336.7,336.85,4405
PRAJIND,2026-06-11 11:08:00,336.85,337.0,336.85,337.0,620
PRAJIND,2026-06-11 11:09:00,337.15,337.15,337.0,337.0,9638
PRAJIND,2026-06-11 11:10:00,337.0,337.0,336.95,336.95,638
PRAJIND,2026-06-11 11:11:00,336.95,337.0,336.95,337.0,822
PRAJIND,2026-06-11 11:12:00,337.0,337.0,336.9,337.0,15831
PRAJIND,2026-06-11 11:13:00,337.0,337.0,336.9,336.9,1244
PRAJIND,2026-06-11 11:14:00,337.0,337.0,336.9,336.9,5212
PRAJIND,2026-06-11 11:15:00,336.9,337.2,336.9,337.0,25702
PRAJIND,2026-06-11 11:16:00,337.0,337.15,336.95,337.0,56758
PRAJIND,2026-06-11 11:17:00,337.0,337.3,336.95,337.0,25001
PRAJIND,2026-06-11 11:18:00,337.0,337.0,337.0,337.0,2261
PRAJIND,2026-06-11 11:19:00,337.0,337.0,336.95,337.0,32679
PRAJIND,2026-06-11 11:20:00,337.0,337.1,336.95,337.0,8581
PRAJIND,2026-06-11 11:21:00,337.0,337.0,337.0,337.0,11357
PRAJIND,2026-06-11 11:22:00,336.9,337.0,336.9,337.0,6438
PRAJIND,2026-06-11 11:23:00,337.0,337.0,336.95,337.0,3291
PRAJIND,2026-06-11 11:24:00,337.0,337.0,336.95,337.0,749
PRAJIND,2026-06-11 11:25:00,337.0,337.05,336.8,336.8,12115
PRAJIND,2026-06-11 11:26:00,337.0,338.3,336.8,338.25,14325
PRAJIND,2026-06-11 11:27:00,338.25,338.25,337.9,338.2,2703
PRAJIND,2026-06-11 11:28:00,338.0,338.75,338.0,338.45,4354
PRAJIND,2026-06-11 11:29:00,338.45,338.55,338.3,338.3,5384
PRAJIND,2026-06-11 11:30:00,338.55,338.65,338.3,338.45,657
PRAJIND,2026-06-11 11:31:00,338.45,338.45,337.7,337.7,2243
PRAJIND,2026-06-11 11:32:00,337.7,337.7,337.65,337.7,519
PRAJIND,2026-06-11 11:33:00,337.7,338.05,337.7,338.0,164
PRAJIND,2026-06-11 11:34:00,338.25,338.25,337.85,338.1,6338
PRAJIND,2026-06-11 11:35:00,338.1,338.25,338.0,338.2,504
PRAJIND,2026-06-11 11:36:00,338.4,338.4,337.8,337.8,2599
PRAJIND,2026-06-11 11:37:00,337.8,337.85,337.8,337.8,83
PRAJIND,2026-06-11 11:38:00,337.85,337.85,337.3,337.4,1735
PRAJIND,2026-06-11 11:39:00,337.1,337.4,337.1,337.35,2403
PRAJIND,2026-06-11 11:40:00,337.5,337.65,337.4,337.65,301
PRAJIND,2026-06-11 11:41:00,337.3,337.7,336.7,336.7,9797
PRAJIND,2026-06-11 11:42:00,336.8,337.0,336.8,336.95,1013
PRAJIND,2026-06-11 11:43:00,337.0,337.15,336.9,337.1,721
PRAJIND,2026-06-11 11:44:00,337.1,337.15,336.95,336.95,699
PRAJIND,2026-06-11 11:45:00,336.95,337.3,336.95,337.3,175
PRAJIND,2026-06-11 11:46:00,337.3,337.5,337.05,337.5,1234
PRAJIND,2026-06-11 11:47:00,337.35,337.5,337.15,337.4,750
PRAJIND,2026-06-11 11:48:00,337.4,337.6,337.4,337.4,540
PRAJIND,2026-06-11 11:49:00,337.7,337.85,337.45,337.85,1094
PRAJIND,2026-06-11 11:50:00,337.85,337.9,337.65,337.85,2296
PRAJIND,2026-06-11 11:51:00,337.85,337.85,337.8,337.85,26
PRAJIND,2026-06-11 11:52:00,337.85,337.9,337.75,337.85,1032
PRAJIND,2026-06-11 11:53:00,337.85,337.95,337.7,337.9,967
PRAJIND,2026-06-11 11:54:00,337.85,337.95,337.85,337.85,558
PRAJIND,2026-06-11 11:55:00,338.0,338.05,337.85,337.95,513
PRAJIND,2026-06-11 11:56:00,337.95,337.95,337.45,337.7,720
PRAJIND,2026-06-11 11:57:00,337.7,337.95,337.7,337.95,646
PRAJIND,2026-06-11 11:58:00,337.9,338.0,337.7,337.95,1625
PRAJIND,2026-06-11 11:59:00,337.95,337.95,337.65,337.65,2489
PRAJIND,2026-06-11 12:00:00,337.65,337.7,336.55,336.55,4707
PRAJIND,2026-06-11 12:01:00,336.1,336.35,336.1,336.15,3823
PRAJIND,2026-06-11 12:02:00,336.15,336.45,336.15,336.3,1533
PRAJIND,2026-06-11 12:03:00,336.2,336.4,336.1,336.4,2022
PRAJIND,2026-06-11 12:04:00,336.4,336.45,336.2,336.3,1251
PRAJIND,2026-06-11 12:05:00,336.25,336.4,335.4,336.0,14331
PRAJIND,2026-06-11 12:06:00,336.0,336.0,335.4,335.55,5159
PRAJIND,2026-06-11 12:07:00,335.55,335.65,335.05,335.25,6100
PRAJIND,2026-06-11 12:08:00,335.4,335.4,334.25,334.85,24007
PRAJIND,2026-06-11 12:09:00,335.05,335.15,334.85,335.05,1100
PRAJIND,2026-06-11 12:10:00,335.05,335.25,334.9,335.2,2132
PRAJIND,2026-06-11 12:11:00,335.2,335.25,335.05,335.25,541
PRAJIND,2026-06-11 12:12:00,335.25,335.4,335.1,335.4,1463
PRAJIND,2026-06-11 12:13:00,335.4,335.4,335.0,335.1,1000
PRAJIND,2026-06-11 12:14:00,335.1,335.1,335.0,335.0,977
PRAJIND,2026-06-11 12:15:00,335.1,335.5,335.1,335.4,1968
PRAJIND,2026-06-11 12:16:00,335.4,335.5,335.3,335.5,959
PRAJIND,2026-06-11 12:17:00,335.6,335.6,335.3,335.3,1338
PRAJIND,2026-06-11 12:18:00,335.3,335.4,335.0,335.0,1320
PRAJIND,2026-06-11 12:19:00,335.0,335.15,335.0,335.15,408
PRAJIND,2026-06-11 12:20:00,334.95,335.25,334.85,335.05,1551
PRAJIND,2026-06-11 12:21:00,334.9,334.95,334.85,334.95,666
PRAJIND,2026-06-11 12:22:00,334.8,334.8,334.2,334.7,6526
PRAJIND,2026-06-11 12:23:00,334.7,334.7,334.6,334.7,444
PRAJIND,2026-06-11 12:24:00,334.7,334.85,334.4,334.4,3085
PRAJIND,2026-06-11 12:25:00,334.5,334.7,334.4,334.5,885
PRAJIND,2026-06-11 12:26:00,334.5,334.85,334.5,334.6,49
PRAJIND,2026-06-11 12:27:00,334.6,334.85,334.55,334.65,1153
PRAJIND,2026-06-11 12:28:00,334.65,334.9,334.65,334.8,1400
PRAJIND,2026-06-11 12:29:00,334.9,334.9,334.7,334.85,1912
PRAJIND,2026-06-11 12:30:00,334.85,334.9,334.85,334.85,878
PRAJIND,2026-06-11 12:31:00,334.85,334.9,334.85,334.85,1058
PRAJIND,2026-06-11 12:32:00,334.85,334.85,334.7,334.8,1629
PRAJIND,2026-06-11 12:33:00,334.8,334.8,334.5,334.7,3489
PRAJIND,2026-06-11 12:34:00,334.7,334.9,334.55,334.7,795
PRAJIND,2026-06-11 12:35:00,334.85,334.85,334.7,334.75,150
PRAJIND,2026-06-11 12:36:00,334.75,334.8,334.6,334.8,521
PRAJIND,2026-06-11 12:37:00,334.8,334.8,333.55,334.2,16061
PRAJIND,2026-06-11 12:38:00,334.15,334.3,334.0,334.3,3241
PRAJIND,2026-06-11 12:39:00,334.3,334.4,334.0,334.35,1036
PRAJIND,2026-06-11 12:40:00,334.35,334.65,334.35,334.65,984
PRAJIND,2026-06-11 12:41:00,334.65,334.9,334.65,334.8,4766
PRAJIND,2026-06-11 12:42:00,334.8,334.8,334.65,334.7,793
PRAJIND,2026-06-11 12:43:00,334.7,334.7,334.5,334.5,883
PRAJIND,2026-06-11 12:44:00,334.5,334.5,334.3,334.45,1152
PRAJIND,2026-06-11 12:45:00,334.45,334.45,334.4,334.45,674
PRAJIND,2026-06-11 12:46:00,334.25,334.9,334.05,334.4,4455
PRAJIND,2026-06-11 12:47:00,334.4,334.65,334.4,334.65,10
PRAJIND,2026-06-11 12:48:00,334.9,334.95,334.5,334.75,818
PRAJIND,2026-06-11 12:49:00,334.75,334.75,334.4,334.4,1843
PRAJIND,2026-06-11 12:50:00,334.4,334.8,334.25,334.8,388
PRAJIND,2026-06-11 12:51:00,334.8,334.8,334.45,334.6,708
PRAJIND,2026-06-11 12:52:00,334.6,334.85,334.4,334.75,2347
PRAJIND,2026-06-11 12:53:00,334.75,334.95,334.5,334.5,737
PRAJIND,2026-06-11 12:54:00,334.5,334.6,334.4,334.4,1957
PRAJIND,2026-06-11 12:55:00,334.5,334.6,334.3,334.6,318
PRAJIND,2026-06-11 12:56:00,334.6,334.7,334.4,334.7,740
PRAJIND,2026-06-11 12:57:00,334.7,334.85,334.3,334.3,3927
PRAJIND,2026-06-11 12:58:00,334.3,334.65,334.3,334.65,278
PRAJIND,2026-06-11 12:59:00,334.65,334.8,334.55,334.8,1299
PRAJIND,2026-06-11 13:00:00,334.8,335.0,334.8,334.95,371
PRAJIND,2026-06-11 13:01:00,334.95,335.1,334.7,334.85,5234
PRAJIND,2026-06-11 13:02:00,334.7,334.85,334.3,334.45,1606
PRAJIND,2026-06-11 13:03:00,334.45,334.75,334.1,334.75,2401
PRAJIND,2026-06-11 13:04:00,334.75,334.9,334.5,334.85,797
PRAJIND,2026-06-11 13:05:00,334.7,334.85,334.35,334.35,795
PRAJIND,2026-06-11 13:06:00,334.55,334.8,334.55,334.8,527
PRAJIND,2026-06-11 13:07:00,334.8,335.05,334.8,335.05,1027
PRAJIND,2026-06-11 13:08:00,335.05,335.05,334.75,334.9,416
PRAJIND,2026-06-11 13:09:00,334.9,334.9,334.3,334.3,1079
PRAJIND,2026-06-11 13:10:00,334.25,334.5,333.65,333.85,7772
PRAJIND,2026-06-11 13:11:00,333.85,333.85,333.05,333.35,6657
PRAJIND,2026-06-11 13:12:00,333.15,333.35,332.2,332.9,18548
PRAJIND,2026-06-11 13:13:00,332.9,332.9,332.2,332.35,6666
PRAJIND,2026-06-11 13:14:00,332.35,332.35,332.0,332.25,6056
PRAJIND,2026-06-11 13:15:00,332.05,332.45,332.05,332.05,1261
PRAJIND,2026-06-11 13:16:00,332.3,332.45,332.1,332.35,2021
PRAJIND,2026-06-11 13:17:00,332.4,332.45,332.1,332.45,1743
PRAJIND,2026-06-11 13:18:00,332.2,332.5,332.2,332.5,7015
PRAJIND,2026-06-11 13:19:00,332.5,332.5,332.25,332.45,1157
PRAJIND,2026-06-11 13:20:00,332.45,332.45,332.25,332.4,1394
PRAJIND,2026-06-11 13:21:00,332.25,332.45,332.1,332.45,1984
PRAJIND,2026-06-11 13:22:00,332.45,332.45,332.05,332.05,1334
PRAJIND,2026-06-11 13:23:00,332.05,332.5,331.5,331.8,10971
PRAJIND,2026-06-11 13:24:00,331.95,331.95,331.5,331.5,2697
PRAJIND,2026-06-11 13:25:00,331.5,331.7,331.35,331.35,2698
PRAJIND,2026-06-11 13:26:00,331.6,331.6,331.25,331.3,2169
PRAJIND,2026-06-11 13:27:00,331.5,331.5,331.25,331.45,1357
PRAJIND,2026-06-11 13:28:00,331.25,331.5,331.2,331.25,1746
PRAJIND,2026-06-11 13:29:00,331.45,331.5,331.2,331.5,2371
PRAJIND,2026-06-11 13:30:00,331.4,331.95,331.3,331.95,1132
PRAJIND,2026-06-11 13:31:00,331.95,332.2,331.65,332.1,7026
PRAJIND,2026-06-11 13:32:00,331.9,332.35,331.9,332.2,1719
PRAJIND,2026-06-11 13:33:00,332.2,332.7,332.2,332.45,3344
PRAJIND,2026-06-11 13:34:00,332.5,332.5,332.1,332.3,1986
PRAJIND,2026-06-11 13:35:00,332.1,332.35,332.1,332.15,1687
PRAJIND,2026-06-11 13:36:00,332.1,332.2,332.0,332.0,1002
PRAJIND,2026-06-11 13:37:00,332.1,332.2,331.9,331.9,774
PRAJIND,2026-06-11 13:38:00,332.2,332.2,331.85,332.0,1100
PRAJIND,2026-06-11 13:39:00,332.0,332.0,331.6,331.8,1768
PRAJIND,2026-06-11 13:40:00,331.8,331.9,331.6,331.85,1115
PRAJIND,2026-06-11 13:41:00,331.85,331.85,331.5,331.75,1452
PRAJIND,2026-06-11 13:42:00,331.55,331.85,331.55,331.55,1588
PRAJIND,2026-06-11 13:43:00,331.5,331.8,331.4,331.4,3488
PRAJIND,2026-06-11 13:44:00,331.4,331.8,331.4,331.75,3402
PRAJIND,2026-06-11 13:45:00,331.75,331.8,331.55,331.55,911
PRAJIND,2026-06-11 13:46:00,331.55,331.8,331.45,331.55,863
PRAJIND,2026-06-11 13:47:00,331.8,332.05,331.6,332.05,2914
PRAJIND,2026-06-11 13:48:00,332.05,332.2,331.9,332.15,1147
PRAJIND,2026-06-11 13:49:00,332.15,332.15,331.65,331.65,3086
PRAJIND,2026-06-11 13:50:00,331.9,331.9,331.55,331.8,1449
PRAJIND,2026-06-11 13:51:00,331.8,331.8,331.5,331.8,1499
PRAJIND,2026-06-11 13:52:00,331.8,331.8,331.5,331.8,956
PRAJIND,2026-06-11 13:53:00,331.8,331.8,331.55,331.6,1088
PRAJIND,2026-06-11 13:54:00,331.6,332.15,331.6,332.05,1234
PRAJIND,2026-06-11 13:55:00,331.95,332.0,331.8,331.8,1422
PRAJIND,2026-06-11 13:56:00,331.75,332.15,331.75,331.8,1918
PRAJIND,2026-06-11 13:57:00,331.8,332.45,331.8,332.2,2709
PRAJIND,2026-06-11 13:58:00,332.2,332.55,332.1,332.25,2235
PRAJIND,2026-06-11 13:59:00,332.5,332.5,332.1,332.1,2686
PRAJIND,2026-06-11 14:00:00,332.05,332.5,332.05,332.2,1739
PRAJIND,2026-06-11 14:01:00,332.2,332.45,332.15,332.15,1082
PRAJIND,2026-06-11 14:02:00,332.2,332.4,332.05,332.35,856
PRAJIND,2026-06-11 14:03:00,332.35,332.4,332.0,332.1,902
PRAJIND,2026-06-11 14:04:00,332.1,332.5,332.1,332.3,1657
PRAJIND,2026-06-11 14:05:00,332.3,332.5,332.25,332.4,1472
PRAJIND,2026-06-11 14:06:00,332.4,332.5,332.4,332.4,1388
PRAJIND,2026-06-11 14:07:00,332.3,332.5,332.25,332.25,989
PRAJIND,2026-06-11 14:08:00,332.25,332.45,332.0,332.0,1632
PRAJIND,2026-06-11 14:09:00,332.1,332.3,332.0,332.3,836
PRAJIND,2026-06-11 14:10:00,332.35,332.45,332.1,332.15,1548
PRAJIND,2026-06-11 14:11:00,332.15,332.4,332.1,332.1,833
PRAJIND,2026-06-11 14:12:00,332.35,332.4,331.8,331.8,2851
PRAJIND,2026-06-11 14:13:00,331.7,331.85,331.55,331.6,1321
PRAJIND,2026-06-11 14:14:00,331.75,332.2,331.7,331.95,3196
PRAJIND,2026-06-11 14:15:00,331.95,332.2,331.8,332.0,1775
PRAJIND,2026-06-11 14:16:00,332.0,332.25,331.95,332.0,2077
PRAJIND,2026-06-11 14:17:00,332.0,332.05,331.9,331.95,1192
PRAJIND,2026-06-11 14:18:00,331.95,332.05,331.9,331.95,655
PRAJIND,2026-06-11 14:19:00,331.95,332.05,331.65,331.7,1779
PRAJIND,2026-06-11 14:20:00,331.8,332.45,331.75,332.4,2956
PRAJIND,2026-06-11 14:21:00,332.4,332.65,332.15,332.25,6433
PRAJIND,2026-06-11 14:22:00,332.4,332.4,332.2,332.2,651
PRAJIND,2026-06-11 14:23:00,332.2,332.5,332.05,332.05,1401
PRAJIND,2026-06-11 14:24:00,332.0,332.4,331.95,332.25,1191
PRAJIND,2026-06-11 14:25:00,332.25,332.5,332.1,332.2,1460
PRAJIND,2026-06-11 14:26:00,332.2,332.4,332.1,332.25,953
PRAJIND,2026-06-11 14:27:00,332.25,332.4,332.15,332.4,977
PRAJIND,2026-06-11 14:28:00,332.4,332.9,332.4,332.75,7819
PRAJIND,2026-06-11 14:29:00,332.7,332.75,332.4,332.5,3675
PRAJIND,2026-06-11 14:30:00,332.1,332.45,332.0,332.05,2444
PRAJIND,2026-06-11 14:31:00,332.05,332.2,332.0,332.15,1817
PRAJIND,2026-06-11 14:32:00,332.3,332.4,332.05,332.35,2453
PRAJIND,2026-06-11 14:33:00,332.05,332.4,332.0,332.15,2247
PRAJIND,2026-06-11 14:34:00,332.15,332.3,332.0,332.15,3445
PRAJIND,2026-06-11 14:35:00,332.15,332.3,331.9,332.3,2203
PRAJIND,2026-06-11 14:36:00,332.15,332.3,331.9,331.9,1547
PRAJIND,2026-06-11 14:37:00,331.9,331.9,331.6,331.8,2762
PRAJIND,2026-06-11 14:38:00,331.6,331.9,331.55,331.7,3783
PRAJIND,2026-06-11 14:39:00,331.7,331.8,331.55,331.6,1530
PRAJIND,2026-06-11 14:40:00,331.6,331.7,331.25,331.25,2159
PRAJIND,2026-06-11 14:41:00,331.25,331.55,331.15,331.3,2488
PRAJIND,2026-06-11 14:42:00,331.55,331.55,331.2,331.2,1588
PRAJIND,2026-06-11 14:43:00,331.2,331.4,330.4,330.65,14289
PRAJIND,2026-06-11 14:44:00,330.65,331.2,330.65,331.0,3870
PRAJIND,2026-06-11 14:45:00,331.0,331.3,330.8,330.95,4745
PRAJIND,2026-06-11 14:46:00,330.7,331.0,330.65,330.65,2697
PRAJIND,2026-06-11 14:47:00,330.65,330.75,330.3,330.4,2289
PRAJIND,2026-06-11 14:48:00,330.4,330.75,330.1,330.3,7685
PRAJIND,2026-06-11 14:49:00,330.3,330.7,330.25,330.5,2860
PRAJIND,2026-06-11 14:50:00,330.65,330.65,330.2,330.2,2475
PRAJIND,2026-06-11 14:51:00,330.2,330.65,330.05,330.65,2991
PRAJIND,2026-06-11 14:52:00,330.65,330.75,330.4,330.75,7216
PRAJIND,2026-06-11 14:53:00,330.75,330.75,330.45,330.45,1255
PRAJIND,2026-06-11 14:54:00,330.65,330.65,330.3,330.4,1232
PRAJIND,2026-06-11 14:55:00,330.4,330.45,330.2,330.2,2104
PRAJIND,2026-06-11 14:56:00,330.2,330.45,330.2,330.45,1910
PRAJIND,2026-06-11 14:57:00,330.45,330.45,330.15,330.15,2287
PRAJIND,2026-06-11 14:58:00,330.15,330.4,330.1,330.15,1228
PRAJIND,2026-06-11 14:59:00,330.35,330.65,330.25,330.65,5135
PRAJIND,2026-06-11 15:00:00,330.4,330.65,330.4,330.45,1653
PRAJIND,2026-06-11 15:01:00,330.4,330.5,330.35,330.4,2087
PRAJIND,2026-06-11 15:02:00,330.4,330.4,330.15,330.4,1769
PRAJIND,2026-06-11 15:03:00,330.4,330.4,330.1,330.1,2273
PRAJIND,2026-06-11 15:04:00,330.2,330.25,330.0,330.2,8715
PRAJIND,2026-06-11 15:05:00,330.45,330.45,329.4,330.15,24662
PRAJIND,2026-06-11 15:06:00,330.1,330.25,330.0,330.2,1462
PRAJIND,2026-06-11 15:07:00,330.2,330.85,330.2,330.7,10905
PRAJIND,2026-06-11 15:08:00,330.7,331.25,330.55,331.05,5879
PRAJIND,2026-06-11 15:09:00,331.05,331.55,330.75,331.55,9486
PRAJIND,2026-06-11 15:10:00,332.2,332.2,331.6,331.75,7181
PRAJIND,2026-06-11 15:11:00,331.6,331.6,330.7,330.7,2467
PRAJIND,2026-06-11 15:12:00,330.75,330.9,330.55,330.8,1760
PRAJIND,2026-06-11 15:13:00,330.75,330.75,329.0,329.25,21611
PRAJIND,2026-06-11 15:14:00,329.05,329.3,328.75,328.75,5266
PRAJIND,2026-06-11 15:15:00,328.85,328.85,327.0,327.55,32346
PRAJIND,2026-06-11 15:16:00,328.05,328.7,327.8,328.5,16260
PRAJIND,2026-06-11 15:17:00,328.4,329.0,328.3,328.75,5626
PRAJIND,2026-06-11 15:18:00,328.85,328.95,328.55,328.7,16159
PRAJIND,2026-06-11 15:19:00,328.6,328.8,326.15,326.15,24754
PRAJIND,2026-06-11 15:20:00,327.75,327.8,326.9,326.9,27960
PRAJIND,2026-06-11 15:21:00,327.7,328.1,326.7,327.65,16518
PRAJIND,2026-06-11 15:22:00,328.0,328.0,326.1,326.9,26185
PRAJIND,2026-06-11 15:23:00,327.1,327.55,326.55,327.35,6032
PRAJIND,2026-06-11 15:24:00,327.35,327.5,326.0,327.3,11005
PRAJIND,2026-06-11 15:25:00,327.3,327.55,326.55,327.25,16777
PRAJIND,2026-06-11 15:26:00,327.35,328.9,327.15,328.55,10616
PRAJIND,2026-06-11 15:27:00,328.8,328.8,328.05,328.35,9375
PRAJIND,2026-06-11 15:28:00,328.4,329.0,328.4,328.65,8252
PRAJIND,2026-06-11 15:29:00,328.2,329.0,328.2,328.8,9757
