datetime,open,high,low,close,volume
2026-03-02 09:15:00,35.05,35.52,35.02,35.25,239033
2026-03-02 09:16:00,35.24,35.39,35.21,35.23,200266
2026-03-02 09:17:00,35.21,35.21,34.91,35.18,152561
2026-03-02 09:18:00,35.17,35.18,35.11,35.17,129149
2026-03-02 09:19:00,35.23,35.29,35.2,35.24,135155
2026-03-02 09:20:00,35.29,35.34,35.26,35.34,97532
2026-03-02 09:21:00,35.34,35.34,35.2,35.2,95856
2026-03-02 09:22:00,35.2,35.24,35.12,35.17,79811
2026-03-02 09:23:00,35.18,35.2,35.12,35.15,59052
2026-03-02 09:24:00,35.15,35.18,35.1,35.16,116115
2026-03-02 09:25:00,35.14,35.14,35.09,35.13,151709
2026-03-02 09:26:00,35.11,35.24,35.09,35.21,92417
2026-03-02 09:27:00,35.21,35.29,35.21,35.28,30107
2026-03-02 09:28:00,35.28,35.32,35.27,35.32,29270
2026-03-02 09:29:00,35.32,35.33,35.27,35.3,60785
2026-03-02 09:30:00,35.36,35.36,35.32,35.35,135703
2026-03-02 09:31:00,35.34,35.4,35.34,35.4,32847
2026-03-02 09:32:00,35.42,35.43,35.34,35.38,72916
2026-03-02 09:33:00,35.38,35.53,35.38,35.49,116864
2026-03-02 09:34:00,35.5,35.52,35.45,35.46,40359
2026-03-02 09:35:00,35.44,35.48,35.38,35.45,59794
2026-03-02 09:36:00,35.43,35.49,35.43,35.44,31929
2026-03-02 09:37:00,35.47,35.49,35.42,35.43,28944
2026-03-02 09:38:00,35.44,35.53,35.44,35.44,21808
2026-03-02 09:39:00,35.44,35.49,35.43,35.46,18369
2026-03-02 09:40:00,35.46,35.46,35.35,35.36,24105
2026-03-02 09:41:00,35.39,35.45,35.38,35.43,30594
2026-03-02 09:42:00,35.43,35.45,35.41,35.41,1917
2026-03-02 09:43:00,35.43,35.45,35.4,35.44,12189
2026-03-02 09:44:00,35.41,35.49,35.41,35.47,74297
2026-03-02 09:45:00,35.45,35.48,35.44,35.44,16670
2026-03-02 09:46:00,35.42,35.5,35.42,35.49,25295
2026-03-02 09:47:00,35.49,35.59,35.48,35.56,28204
2026-03-02 09:48:00,35.56,35.65,35.56,35.6,39109
2026-03-02 09:49:00,35.59,35.59,35.52,35.55,41395
2026-03-02 09:50:00,35.55,35.57,35.5,35.57,26643
2026-03-02 09:51:00,35.52,35.56,35.48,35.56,29382
2026-03-02 09:52:00,35.58,35.58,35.53,35.54,17091
2026-03-02 09:53:00,35.52,35.58,35.52,35.58,19231
2026-03-02 09:54:00,35.57,35.58,35.48,35.51,32503
2026-03-02 09:55:00,35.51,35.53,35.5,35.5,13200
2026-03-02 09:56:00,35.5,35.55,35.48,35.5,33239
2026-03-02 09:57:00,35.52,35.53,35.5,35.53,18301
2026-03-02 09:58:00,35.52,35.58,35.51,35.53,19089
2026-03-02 09:59:00,35.5,35.55,35.5,35.53,6068
2026-03-02 10:00:00,35.53,35.55,35.5,35.5,93808
2026-03-02 10:01:00,35.5,35.53,35.48,35.49,23579
2026-03-02 10:02:00,35.49,35.49,35.46,35.47,22816
2026-03-02 10:03:00,35.47,35.49,35.45,35.48,5903
2026-03-02 10:04:00,35.48,35.48,35.45,35.47,12173
2026-03-02 10:05:00,35.46,35.46,35.41,35.45,10429
2026-03-02 10:06:00,35.45,35.45,35.38,35.41,42960
2026-03-02 10:07:00,35.43,35.43,35.38,35.39,53930
2026-03-02 10:08:00,35.38,35.4,35.36,35.36,21807
2026-03-02 10:09:00,35.36,35.39,35.36,35.38,2012
2026-03-02 10:10:00,35.38,35.39,35.33,35.35,55816
2026-03-02 10:11:00,35.35,35.39,35.35,35.38,85178
2026-03-02 10:12:00,35.38,35.4,35.38,35.4,9097
2026-03-02 10:13:00,35.4,35.4,35.37,35.38,15067
2026-03-02 10:14:00,35.38,35.39,35.37,35.39,93590
2026-03-02 10:15:00,35.4,35.46,35.4,35.4,36030
2026-03-02 10:16:00,35.4,35.4,35.35,35.37,17593
2026-03-02 10:17:00,35.37,35.37,35.35,35.36,8222
2026-03-02 10:18:00,35.36,35.37,35.36,35.36,6867
2026-03-02 10:19:00,35.36,35.36,35.34,35.34,34276
2026-03-02 10:20:00,35.34,35.34,35.33,35.33,9495
2026-03-02 10:21:00,35.33,35.36,35.31,35.34,35247
2026-03-02 10:22:00,35.34,35.36,35.31,35.36,85394
2026-03-02 10:23:00,35.37,35.37,35.33,35.34,82679
2026-03-02 10:24:00,35.33,35.37,35.33,35.37,14255
2026-03-02 10:25:00,35.38,35.52,35.36,35.48,87337
2026-03-02 10:26:00,35.48,35.5,35.48,35.48,7653
2026-03-02 10:27:00,35.48,35.57,35.48,35.49,30645
2026-03-02 10:28:00,35.49,35.51,35.47,35.47,14049
2026-03-02 10:29:00,35.49,35.51,35.48,35.5,55607
2026-03-02 10:30:00,35.49,35.55,35.46,35.54,8901
2026-03-02 10:31:00,35.54,35.55,35.54,35.55,17751
2026-03-02 10:32:00,35.55,35.57,35.51,35.52,123232
2026-03-02 10:33:00,35.52,35.57,35.52,35.56,34067
2026-03-02 10:34:00,35.58,35.6,35.54,35.58,58860
2026-03-02 10:35:00,35.58,35.62,35.56,35.6,32818
2026-03-02 10:36:00,35.59,35.59,35.54,35.57,16451
2026-03-02 10:37:00,35.56,35.58,35.52,35.58,29143
2026-03-02 10:38:00,35.58,35.58,35.5,35.54,9805
2026-03-02 10:39:00,35.54,35.56,35.5,35.53,4509
2026-03-02 10:40:00,35.53,35.53,35.5,35.53,4661
2026-03-02 10:41:00,35.54,35.56,35.51,35.51,6402
2026-03-02 10:42:00,35.51,35.53,35.5,35.5,11827
2026-03-02 10:43:00,35.5,35.53,35.5,35.5,3956
2026-03-02 10:44:00,35.48,35.49,35.45,35.46,19314
2026-03-02 10:45:00,35.46,35.48,35.45,35.45,16248
2026-03-02 10:46:00,35.45,35.48,35.45,35.48,31480
2026-03-02 10:47:00,35.48,35.49,35.45,35.49,8147
2026-03-02 10:48:00,35.49,35.49,35.4,35.4,7444
2026-03-02 10:49:00,35.43,35.43,35.39,35.39,63164
2026-03-02 10:50:00,35.36,35.4,35.36,35.4,32939
2026-03-02 10:51:00,35.4,35.4,35.32,35.34,35069
2026-03-02 10:52:00,35.34,35.35,35.3,35.35,31623
2026-03-02 10:53:00,35.35,35.35,35.3,35.31,32070
2026-03-02 10:54:00,35.31,35.35,35.28,35.34,26507
2026-03-02 10:55:00,35.34,35.38,35.3,35.38,22813
2026-03-02 10:56:00,35.38,35.4,35.37,35.4,3127
2026-03-02 10:57:00,35.39,35.39,35.34,35.38,15979
2026-03-02 10:58:00,35.39,35.48,35.38,35.48,12107
2026-03-02 10:59:00,35.44,35.45,35.4,35.43,14501
2026-03-02 11:00:00,35.44,35.45,35.41,35.41,4235
2026-03-02 11:01:00,35.41,35.44,35.36,35.4,17823
2026-03-02 11:02:00,35.4,35.44,35.4,35.44,3957
2026-03-02 11:03:00,35.44,35.47,35.44,35.47,4164
2026-03-02 11:04:00,35.47,35.48,35.41,35.44,14179
2026-03-02 11:05:00,35.42,35.49,35.41,35.49,65864
2026-03-02 11:06:00,35.49,35.52,35.49,35.5,4107
2026-03-02 11:07:00,35.5,35.54,35.48,35.48,28641
2026-03-02 11:08:00,35.48,35.52,35.48,35.49,17934
2026-03-02 11:09:00,35.48,35.5,35.46,35.46,9782
2026-03-02 11:10:00,35.46,35.48,35.43,35.43,14885
2026-03-02 11:11:00,35.43,35.44,35.43,35.43,3973
2026-03-02 11:12:00,35.41,35.44,35.41,35.42,3048
2026-03-02 11:13:00,35.43,35.44,35.42,35.44,6497
2026-03-02 11:14:00,35.44,35.44,35.4,35.4,11665
2026-03-02 11:15:00,35.43,35.44,35.39,35.39,6945
2026-03-02 11:16:00,35.39,35.43,35.39,35.39,16048
2026-03-02 11:17:00,35.39,35.41,35.38,35.41,4571
2026-03-02 11:18:00,35.41,35.41,35.38,35.38,7824
2026-03-02 11:19:00,35.38,35.39,35.37,35.39,2263
2026-03-02 11:20:00,35.38,35.39,35.36,35.36,8728
2026-03-02 11:21:00,35.38,35.4,35.36,35.4,11047
2026-03-02 11:22:00,35.4,35.4,35.36,35.39,6626
2026-03-02 11:23:00,35.39,35.39,35.35,35.38,7114
2026-03-02 11:24:00,35.38,35.4,35.37,35.4,3008
2026-03-02 11:25:00,35.4,35.43,35.39,35.43,5928
2026-03-02 11:26:00,35.43,35.43,35.4,35.42,2948
2026-03-02 11:27:00,35.42,35.42,35.39,35.39,6900
2026-03-02 11:28:00,35.39,35.42,35.38,35.41,14254
2026-03-02 11:29:00,35.41,35.41,35.39,35.41,4875
2026-03-02 11:30:00,35.41,35.41,35.37,35.38,13981
2026-03-02 11:31:00,35.38,35.38,35.36,35.36,4197
2026-03-02 11:32:00,35.36,35.38,35.36,35.37,10877
2026-03-02 11:33:00,35.37,35.38,35.37,35.38,3316
2026-03-02 11:34:00,35.38,35.39,35.35,35.36,25659
2026-03-02 11:35:00,35.36,35.4,35.36,35.39,4392
2026-03-02 11:36:00,35.39,35.39,35.32,35.36,32006
2026-03-02 11:37:00,35.37,35.37,35.34,35.36,5110
2026-03-02 11:38:00,35.36,35.36,35.32,35.33,5929
2026-03-02 11:39:00,35.34,35.36,35.33,35.36,5912
2026-03-02 11:40:00,35.36,35.36,35.33,35.36,4628
2026-03-02 11:41:00,35.33,35.36,35.32,35.32,7433
2026-03-02 11:42:00,35.32,35.36,35.31,35.33,18520
2026-03-02 11:43:00,35.33,35.35,35.32,35.32,4457
2026-03-02 11:44:00,35.32,35.36,35.32,35.36,8395
2026-03-02 11:45:00,35.36,35.37,35.33,35.37,1538
2026-03-02 11:46:00,35.38,35.38,35.32,35.36,8713
2026-03-02 11:47:00,35.36,35.38,35.34,35.34,3164
2026-03-02 11:48:00,35.34,35.37,35.32,35.34,4026
2026-03-02 11:49:00,35.34,35.35,35.28,35.34,39786
2026-03-02 11:50:00,35.34,35.36,35.3,35.34,11459
2026-03-02 11:51:00,35.34,35.34,35.31,35.33,1993
2026-03-02 11:52:00,35.33,35.33,35.3,35.3,19334
2026-03-02 11:53:00,35.33,35.33,35.29,35.31,43050
2026-03-02 11:54:00,35.31,35.33,35.31,35.31,22758
2026-03-02 11:55:00,35.31,35.31,35.29,35.29,5482
2026-03-02 11:56:00,35.3,35.31,35.29,35.29,19427
2026-03-02 11:57:00,35.29,35.3,35.25,35.27,82308
2026-03-02 11:58:00,35.27,35.3,35.27,35.27,2236
2026-03-02 11:59:00,35.3,35.3,35.26,35.26,9629
2026-03-02 12:00:00,35.28,35.28,35.19,35.2,77985
2026-03-02 12:01:00,35.21,35.23,35.19,35.22,83631
2026-03-02 12:02:00,35.2,35.23,35.18,35.2,10019
2026-03-02 12:03:00,35.2,35.22,35.15,35.19,14791
2026-03-02 12:04:00,35.19,35.22,35.19,35.22,15714
2026-03-02 12:05:00,35.22,35.22,35.2,35.21,5897
2026-03-02 12:06:00,35.21,35.26,35.2,35.21,8056
2026-03-02 12:07:00,35.21,35.27,35.21,35.27,4917
2026-03-02 12:08:00,35.27,35.29,35.23,35.23,3350
2026-03-02 12:09:00,35.26,35.26,35.23,35.24,4339
2026-03-02 12:10:00,35.24,35.25,35.22,35.25,3839
2026-03-02 12:11:00,35.25,35.25,35.23,35.25,4609
2026-03-02 12:12:00,35.23,35.26,35.22,35.22,6752
2026-03-02 12:13:00,35.26,35.26,35.22,35.26,5019
2026-03-02 12:14:00,35.23,35.26,35.21,35.21,7042
2026-03-02 12:15:00,35.21,35.23,35.2,35.21,11194
2026-03-02 12:16:00,35.21,35.25,35.2,35.25,8681
2026-03-02 12:17:00,35.22,35.25,35.2,35.24,4707
2026-03-02 12:18:00,35.24,35.25,35.22,35.24,4734
2026-03-02 12:19:00,35.22,35.26,35.22,35.25,17580
2026-03-02 12:20:00,35.24,35.25,35.22,35.24,3304
2026-03-02 12:21:00,35.26,35.26,35.18,35.23,6399
2026-03-02 12:22:00,35.23,35.24,35.21,35.21,4378
2026-03-02 12:23:00,35.23,35.24,35.21,35.24,7711
2026-03-02 12:24:00,35.24,35.24,35.23,35.24,5521
2026-03-02 12:25:00,35.24,35.24,35.24,35.24,1856
2026-03-02 12:26:00,35.24,35.25,35.24,35.24,1661
2026-03-02 12:27:00,35.24,35.26,35.22,35.26,3162
2026-03-02 12:28:00,35.26,35.3,35.25,35.29,64657
2026-03-02 12:29:00,35.28,35.29,35.27,35.29,2964
2026-03-02 12:30:00,35.29,35.29,35.27,35.28,2557
2026-03-02 12:31:00,35.28,35.28,35.24,35.26,4047
2026-03-02 12:32:00,35.26,35.28,35.26,35.26,7185
2026-03-02 12:33:00,35.27,35.28,35.26,35.28,2996
2026-03-02 12:34:00,35.28,35.28,35.25,35.28,6217
2026-03-02 12:35:00,35.28,35.29,35.25,35.28,4449
2026-03-02 12:36:00,35.28,35.3,35.25,35.26,42785
2026-03-02 12:37:00,35.26,35.27,35.24,35.26,7707
2026-03-02 12:38:00,35.25,35.28,35.22,35.22,23127
2026-03-02 12:39:00,35.21,35.25,35.21,35.25,4636
2026-03-02 12:40:00,35.25,35.25,35.22,35.25,2667
2026-03-02 12:41:00,35.25,35.25,35.23,35.24,3671
2026-03-02 12:42:00,35.24,35.24,35.21,35.22,5653
2026-03-02 12:43:00,35.22,35.23,35.2,35.2,14486
2026-03-02 12:44:00,35.23,35.24,35.2,35.22,9739
2026-03-02 12:45:00,35.22,35.22,35.18,35.21,17709
2026-03-02 12:46:00,35.18,35.24,35.18,35.2,4694
2026-03-02 12:47:00,35.2,35.24,35.2,35.23,9703
2026-03-02 12:48:00,35.23,35.24,35.22,35.22,2726
2026-03-02 12:49:00,35.22,35.24,35.22,35.24,9440
2026-03-02 12:50:00,35.25,35.25,35.22,35.22,15168
2026-03-02 12:51:00,35.22,35.22,35.18,35.2,7327
2026-03-02 12:52:00,35.18,35.22,35.18,35.22,13321
2026-03-02 12:53:00,35.24,35.25,35.21,35.25,20574
2026-03-02 12:54:00,35.25,35.27,35.22,35.27,14889
2026-03-02 12:55:00,35.27,35.27,35.25,35.27,6097
2026-03-02 12:56:00,35.25,35.27,35.24,35.27,2196
2026-03-02 12:57:00,35.27,35.27,35.24,35.26,4857
2026-03-02 12:58:00,35.26,35.26,35.21,35.21,13195
2026-03-02 12:59:00,35.21,35.21,35.18,35.18,6360
2026-03-02 13:00:00,35.2,35.2,35.18,35.2,4800
2026-03-02 13:01:00,35.2,35.2,35.16,35.18,13948
2026-03-02 13:02:00,35.18,35.2,35.18,35.18,2484
2026-03-02 13:03:00,35.2,35.2,35.16,35.16,4244
2026-03-02 13:04:00,35.14,35.16,35.1,35.12,66599
2026-03-02 13:05:00,35.12,35.13,35.06,35.07,278927
2026-03-02 13:06:00,35.07,35.11,35.07,35.1,8444
2026-03-02 13:07:00,35.1,35.11,35.08,35.11,4940
2026-03-02 13:08:00,35.11,35.11,35.08,35.09,663
2026-03-02 13:09:00,35.09,35.1,35.08,35.08,9843
2026-03-02 13:10:00,35.08,35.1,35.08,35.1,1648
2026-03-02 13:11:00,35.1,35.1,35.08,35.08,1609
2026-03-02 13:12:00,35.08,35.1,35.07,35.07,26174
2026-03-02 13:13:00,35.07,35.09,35.07,35.09,2485
2026-03-02 13:14:00,35.09,35.09,35.06,35.09,7738
2026-03-02 13:15:00,35.09,35.09,35.05,35.05,3139
2026-03-02 13:16:00,35.05,35.09,35.05,35.08,1602
2026-03-02 13:17:00,35.08,35.08,35.05,35.08,1811
2026-03-02 13:18:00,35.05,35.09,35.05,35.06,4197
2026-03-02 13:19:00,35.05,35.06,35.02,35.04,136620
2026-03-02 13:20:00,35.04,35.05,35.03,35.04,3179
2026-03-02 13:21:00,35.04,35.05,35.03,35.05,620
2026-03-02 13:22:00,35.05,35.05,35.04,35.04,478
2026-03-02 13:23:00,35.04,35.05,35.04,35.05,6348
2026-03-02 13:24:00,35.05,35.05,35.04,35.05,2614
2026-03-02 13:25:00,35.05,35.05,35.03,35.03,12060
2026-03-02 13:26:00,35.05,35.05,35.01,35.01,42276
2026-03-02 13:27:00,35.01,35.04,35.01,35.01,4957
2026-03-02 13:28:00,35.01,35.01,35.0,35.01,54083
2026-03-02 13:29:00,35.01,35.01,35.0,35.01,2657
2026-03-02 13:30:00,35.01,35.01,34.95,34.95,98490
2026-03-02 13:31:00,34.95,34.98,34.95,34.97,3893
2026-03-02 13:32:00,34.95,34.97,34.93,34.96,6254
2026-03-02 13:33:00,34.96,35.0,34.94,35.0,24566
2026-03-02 13:34:00,35.0,35.0,34.97,34.99,7299
2026-03-02 13:35:00,34.99,35.0,34.96,35.0,9436
2026-03-02 13:36:00,35.0,35.0,34.97,35.0,11037
2026-03-02 13:37:00,34.97,35.0,34.97,34.97,5840
2026-03-02 13:38:00,34.99,34.99,34.98,34.99,12148
2026-03-02 13:39:00,34.99,35.0,34.96,34.96,2396
2026-03-02 13:40:00,34.96,35.0,34.96,34.98,14702
2026-03-02 13:41:00,34.98,34.98,34.96,34.98,3815
2026-03-02 13:42:00,34.98,34.98,34.95,34.98,4891
2026-03-02 13:43:00,34.98,34.98,34.96,34.97,1685
2026-03-02 13:44:00,34.97,35.0,34.96,35.0,15187
2026-03-02 13:45:00,34.97,35.0,34.97,35.0,805
2026-03-02 13:46:00,34.98,35.0,34.98,34.98,2305
2026-03-02 13:47:00,34.98,35.0,34.96,34.99,1709
2026-03-02 13:48:00,34.99,34.99,34.96,34.98,4072
2026-03-02 13:49:00,34.98,34.98,34.96,34.98,1123
2026-03-02 13:50:00,34.98,34.98,34.94,34.97,16473
2026-03-02 13:51:00,34.97,34.97,34.94,34.95,5787
2026-03-02 13:52:00,34.95,34.95,34.83,34.89,167616
2026-03-02 13:53:00,34.89,34.94,34.89,34.92,8862
2026-03-02 13:54:00,34.92,34.92,34.89,34.89,4240
2026-03-02 13:55:00,34.89,34.91,34.88,34.88,12539
2026-03-02 13:56:00,34.88,34.91,34.88,34.88,13500
2026-03-02 13:57:00,34.88,34.9,34.87,34.87,15099
2026-03-02 13:58:00,34.89,34.9,34.86,34.87,14910
2026-03-02 13:59:00,34.9,34.9,34.88,34.89,7372
2026-03-02 14:00:00,34.89,34.9,34.87,34.89,4897
2026-03-02 14:01:00,34.89,34.89,34.86,34.87,6245
2026-03-02 14:02:00,34.87,34.91,34.86,34.88,5925
2026-03-02 14:03:00,34.9,35.05,34.9,35.05,42909
2026-03-02 14:04:00,35.03,35.08,35.02,35.02,41923
2026-03-02 14:05:00,35.02,35.08,35.02,35.06,8048
2026-03-02 14:06:00,35.06,35.14,35.06,35.11,13852
2026-03-02 14:07:00,35.11,35.14,35.1,35.11,12513
2026-03-02 14:08:00,35.09,35.13,35.05,35.05,5000
2026-03-02 14:09:00,35.05,35.12,35.05,35.1,2512
2026-03-02 14:10:00,35.1,35.12,35.08,35.09,18462
2026-03-02 14:11:00,35.09,35.13,35.08,35.08,21325
2026-03-02 14:12:00,35.05,35.13,35.05,35.12,5440
2026-03-02 14:13:00,35.12,35.14,35.12,35.13,2613
2026-03-02 14:14:00,35.11,35.15,35.11,35.14,12619
2026-03-02 14:15:00,35.13,35.15,35.08,35.08,8480
2026-03-02 14:16:00,35.08,35.14,35.08,35.13,19240
2026-03-02 14:17:00,35.13,35.15,35.11,35.12,2426
2026-03-02 14:18:00,35.12,35.13,35.12,35.13,2861
2026-03-02 14:19:00,35.13,35.13,35.09,35.09,5085
2026-03-02 14:20:00,35.11,35.12,35.1,35.12,1683
2026-03-02 14:21:00,35.12,35.17,35.1,35.15,28957
2026-03-02 14:22:00,35.15,35.15,35.05,35.1,48269
2026-03-02 14:23:00,35.1,35.12,35.09,35.1,3796
2026-03-02 14:24:00,35.1,35.14,35.1,35.1,2867
2026-03-02 14:25:00,35.11,35.11,35.07,35.09,1497
2026-03-02 14:26:00,35.09,35.09,35.06,35.09,15055
2026-03-02 14:27:00,35.09,35.09,35.07,35.08,337
2026-03-02 14:28:00,35.09,35.09,35.06,35.06,7875
2026-03-02 14:29:00,35.06,35.08,35.06,35.08,5052
2026-03-02 14:30:00,35.08,35.12,35.08,35.1,6437
2026-03-02 14:31:00,35.1,35.1,35.01,35.05,6167
2026-03-02 14:32:00,35.04,35.09,35.02,35.06,10894
2026-03-02 14:33:00,35.06,35.15,35.06,35.12,3945
2026-03-02 14:34:00,35.12,35.15,35.1,35.14,9385
2026-03-02 14:35:00,35.16,35.21,35.16,35.21,39458
2026-03-02 14:36:00,35.2,35.2,35.11,35.19,16998
2026-03-02 14:37:00,35.19,35.19,35.12,35.16,18804
2026-03-02 14:38:00,35.13,35.15,35.1,35.15,4947
2026-03-02 14:39:00,35.15,35.18,35.15,35.17,80990
2026-03-02 14:40:00,35.13,35.18,35.12,35.18,10155
2026-03-02 14:41:00,35.18,35.22,35.17,35.17,9607
2026-03-02 14:42:00,35.17,35.17,35.13,35.17,25203
2026-03-02 14:43:00,35.16,35.16,35.13,35.15,5762
2026-03-02 14:44:00,35.16,35.18,35.16,35.18,54551
2026-03-02 14:45:00,35.18,35.21,35.15,35.15,26593
2026-03-02 14:46:00,35.15,35.19,35.15,35.16,4939
2026-03-02 14:47:00,35.16,35.25,35.15,35.24,41115
2026-03-02 14:48:00,35.24,35.25,35.23,35.25,4072
2026-03-02 14:49:00,35.23,35.27,35.22,35.22,112795
2026-03-02 14:50:00,35.22,35.25,35.21,35.22,12685
2026-03-02 14:51:00,35.23,35.23,35.2,35.21,3003
2026-03-02 14:52:00,35.2,35.23,35.19,35.23,23360
2026-03-02 14:53:00,35.23,35.24,35.2,35.2,14815
2026-03-02 14:54:00,35.21,35.23,35.18,35.23,9100
2026-03-02 14:55:00,35.23,35.24,35.19,35.22,19288
2026-03-02 14:56:00,35.22,35.22,35.19,35.21,8645
2026-03-02 14:57:00,35.21,35.21,35.18,35.2,9968
2026-03-02 14:58:00,35.18,35.21,35.17,35.17,5704
2026-03-02 14:59:00,35.21,35.22,35.17,35.17,14139
2026-03-02 15:00:00,35.19,35.24,35.19,35.24,12056
2026-03-02 15:01:00,35.24,35.24,35.2,35.2,3576
2026-03-02 15:02:00,35.2,35.2,35.17,35.17,3866
2026-03-02 15:03:00,35.18,35.24,35.17,35.24,13133
2026-03-02 15:04:00,35.24,35.25,35.21,35.23,6026
2026-03-02 15:05:00,35.23,35.23,35.19,35.19,9017
2026-03-02 15:06:00,35.19,35.23,35.17,35.22,2713
2026-03-02 15:07:00,35.22,35.22,35.19,35.21,9889
2026-03-02 15:08:00,35.22,35.25,35.21,35.23,22179
2026-03-02 15:09:00,35.24,35.24,35.19,35.21,10228
2026-03-02 15:10:00,35.22,35.22,35.17,35.19,10198
2026-03-02 15:11:00,35.19,35.2,35.18,35.2,15718
2026-03-02 15:12:00,35.17,35.22,35.17,35.22,11179
2026-03-02 15:13:00,35.19,35.23,35.19,35.23,43053
2026-03-02 15:14:00,35.2,35.24,35.2,35.24,8819
2026-03-02 15:15:00,35.24,35.25,35.23,35.24,52422
2026-03-02 15:16:00,35.24,35.24,35.2,35.23,128483
2026-03-02 15:17:00,35.23,35.24,35.22,35.22,4551
2026-03-02 15:18:00,35.23,35.24,35.23,35.23,25293
2026-03-02 15:19:00,35.24,35.25,35.23,35.25,13010
2026-03-02 15:20:00,35.25,35.25,35.22,35.22,19240
2026-03-02 15:21:00,35.23,35.23,35.22,35.23,60529
2026-03-02 15:22:00,35.23,35.24,35.22,35.23,107346
2026-03-02 15:23:00,35.24,35.26,35.23,35.26,90537
2026-03-02 15:24:00,35.25,35.3,35.21,35.3,78313
2026-03-02 15:25:00,35.3,35.3,35.17,35.17,176025
2026-03-02 15:26:00,35.24,35.28,35.16,35.28,34879
2026-03-02 15:27:00,35.28,35.29,35.27,35.28,19759
2026-03-02 15:28:00,35.29,35.31,35.2,35.2,409144
2026-03-02 15:29:00,35.2,35.38,35.11,35.37,78631
2026-03-04 09:15:00,34.65,34.87,34.65,34.79,48800
2026-03-04 09:16:00,34.76,34.85,34.7,34.85,127991
2026-03-04 09:17:00,34.8,34.8,34.74,34.74,403148
2026-03-04 09:18:00,34.73,34.77,34.62,34.64,551729
2026-03-04 09:19:00,34.64,34.64,34.52,34.56,134136
2026-03-04 09:20:00,34.55,34.58,34.5,34.55,39905
2026-03-04 09:21:00,34.6,34.64,34.52,34.54,92410
2026-03-04 09:22:00,34.52,34.54,34.44,34.48,87007
2026-03-04 09:23:00,34.48,34.48,34.4,34.43,40024
2026-03-04 09:24:00,34.42,34.45,34.41,34.41,37605
2026-03-04 09:25:00,34.41,34.41,34.36,34.37,19546
2026-03-04 09:26:00,34.37,34.4,34.35,34.4,30808
2026-03-04 09:27:00,34.39,34.4,34.36,34.36,10758
2026-03-04 09:28:00,34.36,34.41,34.35,34.4,34710
2026-03-04 09:29:00,34.39,34.42,34.39,34.4,23090
2026-03-04 09:30:00,34.41,34.42,34.32,34.35,119222
2026-03-04 09:31:00,34.38,34.41,34.34,34.36,18362
2026-03-04 09:32:00,34.36,34.41,34.35,34.36,110929
2026-03-04 09:33:00,34.36,34.36,34.28,34.31,66362
2026-03-04 09:34:00,34.29,34.38,34.29,34.34,68052
2026-03-04 09:35:00,34.34,34.34,34.25,34.26,47160
2026-03-04 09:36:00,34.28,34.32,34.25,34.3,47680
2026-03-04 09:37:00,34.32,34.35,34.3,34.34,34399
2026-03-04 09:38:00,34.34,34.4,34.34,34.36,263320
2026-03-04 09:39:00,34.44,34.49,34.44,34.45,86429
2026-03-04 09:40:00,34.45,34.48,34.41,34.43,176279
2026-03-04 09:41:00,34.44,34.49,34.42,34.49,147642
2026-03-04 09:42:00,34.47,34.48,34.46,34.48,8224
2026-03-04 09:43:00,34.48,34.5,34.46,34.47,7055
2026-03-04 09:44:00,34.47,34.5,34.47,34.48,8471
2026-03-04 09:45:00,34.5,34.5,34.47,34.48,4237
2026-03-04 09:46:00,34.45,34.47,34.4,34.47,33813
2026-03-04 09:47:00,34.47,34.47,34.45,34.46,9468
2026-03-04 09:48:00,34.46,34.47,34.41,34.43,111037
2026-03-04 09:49:00,34.44,34.46,34.37,34.37,78669
2026-03-04 09:50:00,34.37,34.4,34.37,34.38,23844
2026-03-04 09:51:00,34.38,34.4,34.34,34.39,52542
2026-03-04 09:52:00,34.34,34.37,34.32,34.35,14479
2026-03-04 09:53:00,34.35,34.35,34.31,34.32,14363
2026-03-04 09:54:00,34.3,34.33,34.29,34.3,40547
2026-03-04 09:55:00,34.3,34.32,34.28,34.3,15476
2026-03-04 09:56:00,34.3,34.31,34.26,34.3,28776
2026-03-04 09:57:00,34.29,34.31,34.28,34.29,25127
2026-03-04 09:58:00,34.29,34.31,34.28,34.28,177155
2026-03-04 09:59:00,34.28,34.29,34.26,34.29,65080
2026-03-04 10:00:00,34.27,34.27,34.24,34.27,31899
2026-03-04 10:01:00,34.29,34.33,34.27,34.32,58753
2026-03-04 10:02:00,34.33,34.36,34.28,34.3,12049
2026-03-04 10:03:00,34.32,34.32,34.29,34.29,4238
2026-03-04 10:04:00,34.29,34.32,34.26,34.3,18718
2026-03-04 10:05:00,34.29,34.32,34.27,34.3,13764
2026-03-04 10:06:00,34.26,34.33,34.26,34.28,25804
2026-03-04 10:07:00,34.29,34.35,34.29,34.34,7912
2026-03-04 10:08:00,34.33,34.39,34.33,34.37,10270
2026-03-04 10:09:00,34.37,34.47,34.37,34.47,38387
2026-03-04 10:10:00,34.45,34.47,34.4,34.41,14529
2026-03-04 10:11:00,34.42,34.45,34.4,34.45,55802
2026-03-04 10:12:00,34.44,34.5,34.42,34.5,42985
2026-03-04 10:13:00,34.5,34.5,34.48,34.5,6945
2026-03-04 10:14:00,34.51,34.52,34.48,34.52,554336
2026-03-04 10:15:00,34.52,34.52,34.47,34.5,19146
2026-03-04 10:16:00,34.48,34.48,34.44,34.45,29439
2026-03-04 10:17:00,34.44,34.45,34.4,34.4,8194
2026-03-04 10:18:00,34.42,34.44,34.4,34.42,7216
2026-03-04 10:19:00,34.42,34.45,34.41,34.45,3737
2026-03-04 10:20:00,34.45,34.48,34.45,34.48,15075
2026-03-04 10:21:00,34.45,34.48,34.43,34.47,9948
2026-03-04 10:22:00,34.47,34.48,34.47,34.47,7081
2026-03-04 10:23:00,34.47,34.47,34.44,34.45,2393
2026-03-04 10:24:00,34.45,34.46,34.44,34.44,4113
2026-03-04 10:25:00,34.45,34.45,34.36,34.38,25164
2026-03-04 10:26:00,34.37,34.43,34.37,34.43,8384
2026-03-04 10:27:00,34.43,34.46,34.43,34.46,1302
2026-03-04 10:28:00,34.46,34.46,34.43,34.45,793
2026-03-04 10:29:00,34.45,34.45,34.43,34.45,1094
2026-03-04 10:30:00,34.44,34.45,34.44,34.44,6599
2026-03-04 10:31:00,34.44,34.45,34.44,34.45,2646
2026-03-04 10:32:00,34.45,34.45,34.44,34.45,3399
2026-03-04 10:33:00,34.45,34.45,34.42,34.42,7515
2026-03-04 10:34:00,34.42,34.44,34.37,34.39,15165
2026-03-04 10:35:00,34.39,34.39,34.37,34.38,1795
2026-03-04 10:36:00,34.37,34.38,34.37,34.37,5484
2026-03-04 10:37:00,34.37,34.39,34.37,34.39,8831
2026-03-04 10:38:00,34.39,34.4,34.35,34.35,9732
2026-03-04 10:39:00,34.35,34.38,34.33,34.33,88220
2026-03-04 10:40:00,34.32,34.32,34.27,34.28,16076
2026-03-04 10:41:00,34.27,34.31,34.27,34.29,7683
2026-03-04 10:42:00,34.31,34.31,34.28,34.28,7953
2026-03-04 10:43:00,34.29,34.29,34.21,34.24,118349
2026-03-04 10:44:00,34.24,34.25,34.23,34.25,5166
2026-03-04 10:45:00,34.23,34.29,34.23,34.29,108133
2026-03-04 10:46:00,34.31,34.35,34.31,34.35,12157
2026-03-04 10:47:00,34.35,34.37,34.34,34.36,24310
2026-03-04 10:48:00,34.36,34.38,34.35,34.35,4012
2026-03-04 10:49:00,34.36,34.38,34.31,34.31,525569
2026-03-04 10:50:00,34.31,34.34,34.27,34.29,12856
2026-03-04 10:51:00,34.29,34.31,34.29,34.3,3362
2026-03-04 10:52:00,34.3,34.32,34.29,34.3,10198
2026-03-04 10:53:00,34.3,34.3,34.28,34.3,33409
2026-03-04 10:54:00,34.3,34.3,34.26,34.28,3954
2026-03-04 10:55:00,34.28,34.28,34.23,34.24,17009
2026-03-04 10:56:00,34.24,34.24,34.23,34.23,20872
2026-03-04 10:57:00,34.22,34.23,34.12,34.16,96516
2026-03-04 10:58:00,34.16,34.21,34.16,34.21,25074
2026-03-04 10:59:00,34.21,34.21,34.18,34.2,28350
2026-03-04 11:00:00,34.24,34.24,34.19,34.23,4760
2026-03-04 11:01:00,34.23,34.27,34.21,34.27,13039
2026-03-04 11:02:00,34.27,34.29,34.25,34.29,18868
2026-03-04 11:03:00,34.29,34.3,34.29,34.29,1671
2026-03-04 11:04:00,34.29,34.33,34.28,34.33,8656
2026-03-04 11:05:00,34.31,34.32,34.29,34.29,2899
2026-03-04 11:06:00,34.29,34.33,34.27,34.33,12810
2026-03-04 11:07:00,34.33,34.37,34.31,34.31,24381
2026-03-04 11:08:00,34.31,34.33,34.31,34.33,2468
2026-03-04 11:09:00,34.33,34.39,34.33,34.38,895
2026-03-04 11:10:00,34.38,34.38,34.37,34.37,2531
2026-03-04 11:11:00,34.37,34.37,34.36,34.37,3585
2026-03-04 11:12:00,34.37,34.39,34.37,34.37,7785
2026-03-04 11:13:00,34.37,34.38,34.35,34.36,1459
2026-03-04 11:14:00,34.36,34.36,34.31,34.32,2388
2026-03-04 11:15:00,34.32,34.34,34.32,34.33,1987
2026-03-04 11:16:00,34.34,34.34,34.33,34.34,586
2026-03-04 11:17:00,34.34,34.34,34.34,34.34,164
2026-03-04 11:18:00,34.33,34.34,34.33,34.34,1356
2026-03-04 11:19:00,34.34,34.34,34.33,34.34,2906
2026-03-04 11:20:00,34.31,34.31,34.3,34.3,27163
2026-03-04 11:21:00,34.29,34.34,34.29,34.34,3442
2026-03-04 11:22:00,34.31,34.34,34.31,34.31,1092
2026-03-04 11:23:00,34.31,34.31,34.29,34.31,2006
2026-03-04 11:24:00,34.3,34.31,34.3,34.3,3912
2026-03-04 11:25:00,34.3,34.3,34.27,34.29,9576
2026-03-04 11:26:00,34.28,34.28,34.24,34.25,53128
2026-03-04 11:27:00,34.25,34.26,34.24,34.26,3554
2026-03-04 11:28:00,34.26,34.26,34.21,34.23,12050
2026-03-04 11:29:00,34.23,34.23,34.21,34.21,4823
2026-03-04 11:30:00,34.22,34.22,34.18,34.18,17155
2026-03-04 11:31:00,34.19,34.19,34.17,34.17,17903
2026-03-04 11:32:00,34.17,34.19,34.17,34.19,360
2026-03-04 11:33:00,34.19,34.19,34.18,34.19,15583
2026-03-04 11:34:00,34.19,34.2,34.18,34.19,5979
2026-03-04 11:35:00,34.2,34.23,34.19,34.23,18002
2026-03-04 11:36:00,34.23,34.25,34.21,34.25,5445
2026-03-04 11:37:00,34.25,34.29,34.22,34.22,25363
2026-03-04 11:38:00,34.22,34.26,34.22,34.26,2440
2026-03-04 11:39:00,34.26,34.26,34.24,34.24,3113
2026-03-04 11:40:00,34.24,34.24,34.2,34.22,4028
2026-03-04 11:41:00,34.22,34.22,34.21,34.22,387
2026-03-04 11:42:00,34.22,34.22,34.19,34.2,7407
2026-03-04 11:43:00,34.2,34.22,34.18,34.18,15196
2026-03-04 11:44:00,34.18,34.19,34.17,34.17,2312
2026-03-04 11:45:00,34.15,34.18,34.15,34.17,7971
2026-03-04 11:46:00,34.18,34.19,34.18,34.18,2548
2026-03-04 11:47:00,34.2,34.2,34.17,34.18,4723
2026-03-04 11:48:00,34.18,34.2,34.18,34.18,1045
2026-03-04 11:49:00,34.2,34.23,34.17,34.17,13032
2026-03-04 11:50:00,34.17,34.21,34.17,34.21,5587
2026-03-04 11:51:00,34.21,34.21,34.18,34.19,1004
2026-03-04 11:52:00,34.19,34.21,34.18,34.18,1394
2026-03-04 11:53:00,34.18,34.19,34.18,34.19,977
2026-03-04 11:54:00,34.18,34.19,34.17,34.17,2188
2026-03-04 11:55:00,34.17,34.21,34.17,34.2,7347
2026-03-04 11:56:00,34.2,34.21,34.18,34.18,9263
2026-03-04 11:57:00,34.19,34.19,34.16,34.16,8017
2026-03-04 11:58:00,34.16,34.17,34.16,34.17,1750
2026-03-04 11:59:00,34.17,34.17,34.14,34.16,27301
2026-03-04 12:00:00,34.16,34.17,34.15,34.17,4574
2026-03-04 12:01:00,34.15,34.17,34.14,34.15,4060
2026-03-04 12:02:00,34.15,34.15,34.11,34.11,28762
2026-03-04 12:03:00,34.11,34.16,34.11,34.15,4948
2026-03-04 12:04:00,34.15,34.15,34.13,34.15,695
2026-03-04 12:05:00,34.15,34.15,34.12,34.12,10537
2026-03-04 12:06:00,34.11,34.12,34.1,34.12,1458
2026-03-04 12:07:00,34.12,34.13,34.12,34.12,1524
2026-03-04 12:08:00,34.13,34.13,34.12,34.13,631
2026-03-04 12:09:00,34.13,34.13,34.07,34.07,38483
2026-03-04 12:10:00,34.1,34.1,34.06,34.06,6476
2026-03-04 12:11:00,34.07,34.07,34.02,34.02,64047
2026-03-04 12:12:00,34.05,34.07,34.03,34.07,15855
2026-03-04 12:13:00,34.07,34.07,34.02,34.04,38058
2026-03-04 12:14:00,34.04,34.04,34.0,34.03,208895
2026-03-04 12:15:00,34.0,34.03,34.0,34.03,28186
2026-03-04 12:16:00,34.03,34.03,33.99,33.99,42521
2026-03-04 12:17:00,34.02,34.05,33.99,34.02,19765
2026-03-04 12:18:00,34.02,34.03,34.0,34.02,11101
2026-03-04 12:19:00,34.04,34.05,34.03,34.04,4380
2026-03-04 12:20:00,34.03,34.07,34.02,34.07,4691
2026-03-04 12:21:00,34.07,34.07,34.05,34.05,1924
2026-03-04 12:22:00,34.05,34.07,34.02,34.07,6110
2026-03-04 12:23:00,34.07,34.1,34.07,34.08,15773
2026-03-04 12:24:00,34.1,34.1,34.06,34.08,2490
2026-03-04 12:25:00,34.08,34.09,34.07,34.09,1286
2026-03-04 12:26:00,34.07,34.09,34.07,34.07,3530
2026-03-04 12:27:00,34.07,34.08,34.05,34.05,11009
2026-03-04 12:28:00,34.06,34.07,34.05,34.05,871
2026-03-04 12:29:00,34.05,34.05,34.02,34.02,4066
2026-03-04 12:30:00,34.04,34.04,34.01,34.02,14124
2026-03-04 12:31:00,34.02,34.05,34.02,34.02,15534
2026-03-04 12:32:00,34.05,34.05,34.01,34.01,1455
2026-03-04 12:33:00,34.01,34.05,34.01,34.05,2164
2026-03-04 12:34:00,34.04,34.05,34.04,34.05,3608
2026-03-04 12:35:00,34.05,34.05,34.03,34.04,25474
2026-03-04 12:36:00,34.04,34.05,34.03,34.05,2188
2026-03-04 12:37:00,34.05,34.09,34.05,34.07,8246
2026-03-04 12:38:00,34.07,34.08,34.01,34.01,8133
2026-03-04 12:39:00,34.05,34.05,34.01,34.04,19202
2026-03-04 12:40:00,34.04,34.04,34.01,34.02,5179
2026-03-04 12:41:00,34.02,34.05,34.02,34.03,2808
2026-03-04 12:42:00,34.03,34.03,34.0,34.0,21773
2026-03-04 12:43:00,34.0,34.02,33.99,34.02,4396
2026-03-04 12:44:00,34.02,34.02,33.99,34.02,1565
2026-03-04 12:45:00,34.0,34.05,34.0,34.03,8583
2026-03-04 12:46:00,34.03,34.04,34.02,34.04,5661
2026-03-04 12:47:00,34.05,34.05,34.04,34.05,143
2026-03-04 12:48:00,34.04,34.05,34.04,34.05,19719
2026-03-04 12:49:00,34.05,34.1,34.05,34.05,7344
2026-03-04 12:50:00,34.08,34.08,34.05,34.06,3721
2026-03-04 12:51:00,34.06,34.08,34.06,34.06,3043
2026-03-04 12:52:00,34.08,34.09,34.06,34.06,4812
2026-03-04 12:53:00,34.09,34.09,34.06,34.08,32116
2026-03-04 12:54:00,34.08,34.1,34.06,34.1,5438
2026-03-04 12:55:00,34.1,34.1,34.07,34.07,13215
2026-03-04 12:56:00,34.11,34.12,34.1,34.1,33559
2026-03-04 12:57:00,34.1,34.12,34.09,34.11,49483
2026-03-04 12:58:00,34.09,34.12,34.09,34.12,2824
2026-03-04 12:59:00,34.12,34.14,34.1,34.14,1870
2026-03-04 13:00:00,34.13,34.17,34.13,34.17,4062
2026-03-04 13:01:00,34.17,34.17,34.12,34.12,10093
2026-03-04 13:02:00,34.12,34.13,34.12,34.13,1525
2026-03-04 13:03:00,34.13,34.16,34.13,34.14,623
2026-03-04 13:04:00,34.14,34.14,34.12,34.14,909
2026-03-04 13:05:00,34.12,34.14,34.12,34.14,1706
2026-03-04 13:06:00,34.14,34.14,34.11,34.12,1949
2026-03-04 13:07:00,34.12,34.17,34.12,34.17,18683
2026-03-04 13:08:00,34.17,34.19,34.15,34.18,8028
2026-03-04 13:09:00,34.18,34.18,34.14,34.16,3936
2026-03-04 13:10:00,34.17,34.2,34.16,34.17,4800
2026-03-04 13:11:00,34.17,34.18,34.17,34.18,1721
2026-03-04 13:12:00,34.18,34.18,34.17,34.18,262
2026-03-04 13:13:00,34.17,34.22,34.17,34.22,10230
2026-03-04 13:14:00,34.22,34.23,34.2,34.23,970
2026-03-04 13:15:00,34.23,34.23,34.19,34.19,19431
2026-03-04 13:16:00,34.19,34.22,34.19,34.2,2148
2026-03-04 13:17:00,34.2,34.2,34.18,34.19,504
2026-03-04 13:18:00,34.18,34.18,34.16,34.16,4744
2026-03-04 13:19:00,34.18,34.19,34.16,34.16,1562
2026-03-04 13:20:00,34.16,34.18,34.15,34.15,2807
2026-03-04 13:21:00,34.15,34.18,34.12,34.18,14167
2026-03-04 13:22:00,34.18,34.18,34.16,34.17,1841
2026-03-04 13:23:00,34.17,34.23,34.15,34.23,7780
2026-03-04 13:24:00,34.23,34.23,34.21,34.23,3622
2026-03-04 13:25:00,34.23,34.23,34.21,34.21,1074
2026-03-04 13:26:00,34.21,34.25,34.21,34.24,84463
2026-03-04 13:27:00,34.24,34.25,34.16,34.23,107434
2026-03-04 13:28:00,34.22,34.25,34.15,34.15,106270
2026-03-04 13:29:00,34.15,34.15,34.11,34.14,9854
2026-03-04 13:30:00,34.12,34.15,34.12,34.15,1221
2026-03-04 13:31:00,34.15,34.19,34.15,34.18,3221
2026-03-04 13:32:00,34.14,34.18,34.13,34.16,5861
2026-03-04 13:33:00,34.16,34.16,34.14,34.16,428
2026-03-04 13:34:00,34.15,34.15,34.11,34.11,1674
2026-03-04 13:35:00,34.09,34.12,34.08,34.12,12139
2026-03-04 13:36:00,34.12,34.14,34.12,34.12,327
2026-03-04 13:37:00,34.12,34.14,34.12,34.13,318
2026-03-04 13:38:00,34.14,34.14,34.12,34.12,1198
2026-03-04 13:39:00,34.13,34.14,34.12,34.14,5599
2026-03-04 13:40:00,34.12,34.14,34.11,34.11,5091
2026-03-04 13:41:00,34.11,34.11,34.08,34.09,5111
2026-03-04 13:42:00,34.11,34.12,34.11,34.11,3056
2026-03-04 13:43:00,34.11,34.11,34.09,34.11,6600
2026-03-04 13:44:00,34.11,34.11,34.1,34.1,4977
2026-03-04 13:45:00,34.1,34.13,34.09,34.09,12904
2026-03-04 13:46:00,34.08,34.09,34.07,34.08,7678
2026-03-04 13:47:00,34.08,34.09,34.08,34.09,38
2026-03-04 13:48:00,34.09,34.1,34.06,34.07,4342
2026-03-04 13:49:00,34.07,34.1,34.07,34.09,166
2026-03-04 13:50:00,34.09,34.09,34.08,34.08,213
2026-03-04 13:51:00,34.08,34.09,34.07,34.07,3754
2026-03-04 13:52:00,34.07,34.08,34.07,34.08,3498
2026-03-04 13:53:00,34.08,34.08,34.07,34.07,3001
2026-03-04 13:54:00,34.07,34.08,34.06,34.06,7037
2026-03-04 13:55:00,34.06,34.08,34.06,34.06,7568
2026-03-04 13:56:00,34.06,34.06,34.05,34.06,4000
2026-03-04 13:57:00,34.06,34.08,34.05,34.05,7109
2026-03-04 13:58:00,34.05,34.09,34.05,34.06,4269
2026-03-04 13:59:00,34.06,34.13,34.06,34.12,20694
2026-03-04 14:00:00,34.13,34.14,34.12,34.13,3798
2026-03-04 14:01:00,34.13,34.14,34.13,34.14,7289
2026-03-04 14:02:00,34.14,34.14,34.13,34.14,63
2026-03-04 14:03:00,34.14,34.14,34.13,34.13,1351
2026-03-04 14:04:00,34.15,34.16,34.15,34.15,9187
2026-03-04 14:05:00,34.16,34.16,34.13,34.13,2689
2026-03-04 14:06:00,34.13,34.13,34.1,34.11,22701
2026-03-04 14:07:00,34.11,34.16,34.11,34.16,10243
2026-03-04 14:08:00,34.13,34.19,34.13,34.16,16471
2026-03-04 14:09:00,34.16,34.22,34.16,34.21,10936
2026-03-04 14:10:00,34.21,34.22,34.19,34.21,14075
2026-03-04 14:11:00,34.22,34.23,34.2,34.23,15285
2026-03-04 14:12:00,34.23,34.25,34.23,34.24,32689
2026-03-04 14:13:00,34.24,34.3,34.24,34.28,49193
2026-03-04 14:14:00,34.3,34.32,34.26,34.32,51869
2026-03-04 14:15:00,34.32,34.34,34.27,34.27,36263
2026-03-04 14:16:00,34.3,34.31,34.28,34.28,28040
2026-03-04 14:17:00,34.3,34.3,34.29,34.3,2325
2026-03-04 14:18:00,34.3,34.34,34.3,34.31,1640
2026-03-04 14:19:00,34.31,34.35,34.31,34.32,19916
2026-03-04 14:20:00,34.29,34.3,34.27,34.27,111050
2026-03-04 14:21:00,34.27,34.3,34.26,34.28,7853
2026-03-04 14:22:00,34.28,34.3,34.28,34.29,5645
2026-03-04 14:23:00,34.29,34.29,34.26,34.27,2252
2026-03-04 14:24:00,34.27,34.32,34.27,34.31,13128
2026-03-04 14:25:00,34.31,34.33,34.29,34.3,10908
2026-03-04 14:26:00,34.3,34.3,34.28,34.29,22607
2026-03-04 14:27:00,34.29,34.3,34.28,34.28,14039
2026-03-04 14:28:00,34.28,34.3,34.28,34.3,59595
2026-03-04 14:29:00,34.3,34.3,34.27,34.27,7196
2026-03-04 14:30:00,34.28,34.29,34.27,34.28,1994
2026-03-04 14:31:00,34.27,34.31,34.27,34.31,45790
2026-03-04 14:32:00,34.33,34.34,34.3,34.34,3452
2026-03-04 14:33:00,34.32,34.36,34.32,34.36,48562
2026-03-04 14:34:00,34.36,34.36,34.32,34.33,62554
2026-03-04 14:35:00,34.33,34.33,34.32,34.32,132
2026-03-04 14:36:00,34.32,34.34,34.32,34.33,1793
2026-03-04 14:37:00,34.33,34.36,34.32,34.32,15017
2026-03-04 14:38:00,34.32,34.37,34.32,34.33,4736
2026-03-04 14:39:00,34.35,34.38,34.33,34.36,86734
2026-03-04 14:40:00,34.36,34.4,34.36,34.37,630
2026-03-04 14:41:00,34.37,34.4,34.37,34.4,1254
2026-03-04 14:42:00,34.38,34.54,34.38,34.5,84721
2026-03-04 14:43:00,34.54,34.58,34.52,34.55,164337
2026-03-04 14:44:00,34.54,34.54,34.5,34.52,28126
2026-03-04 14:45:00,34.52,34.52,34.46,34.49,18083
2026-03-04 14:46:00,34.47,34.49,34.44,34.44,15365
2026-03-04 14:47:00,34.42,34.48,34.42,34.46,30514
2026-03-04 14:48:00,34.46,34.48,34.43,34.48,21206
2026-03-04 14:49:00,34.48,34.48,34.46,34.46,27487
2026-03-04 14:50:00,34.46,34.46,34.41,34.42,17648
2026-03-04 14:51:00,34.42,34.47,34.4,34.44,16744
2026-03-04 14:52:00,34.44,34.47,34.39,34.47,45008
2026-03-04 14:53:00,34.46,34.46,34.41,34.42,10738
2026-03-04 14:54:00,34.42,34.46,34.42,34.43,18275
2026-03-04 14:55:00,34.42,34.46,34.4,34.46,34816
2026-03-04 14:56:00,34.44,34.48,34.42,34.48,34580
2026-03-04 14:57:00,34.48,34.48,34.41,34.45,20544
2026-03-04 14:58:00,34.45,34.45,34.4,34.4,47642
2026-03-04 14:59:00,34.41,34.42,34.37,34.39,60314
2026-03-04 15:00:00,34.4,34.4,34.3,34.32,36206
2026-03-04 15:01:00,34.32,34.33,34.27,34.28,21365
2026-03-04 15:02:00,34.33,34.33,34.31,34.32,16852
2026-03-04 15:03:00,34.31,34.33,34.3,34.3,23628
2026-03-04 15:04:00,34.33,34.35,34.31,34.31,9626
2026-03-04 15:05:00,34.33,34.35,34.31,34.33,15641
2026-03-04 15:06:00,34.33,34.34,34.28,34.28,37951
2026-03-04 15:07:00,34.3,34.31,34.28,34.28,11956
2026-03-04 15:08:00,34.28,34.31,34.28,34.3,23546
2026-03-04 15:09:00,34.3,34.31,34.25,34.25,25607
2026-03-04 15:10:00,34.25,34.25,34.16,34.16,84244
2026-03-04 15:11:00,34.15,34.17,34.13,34.13,47288
2026-03-04 15:12:00,34.13,34.24,34.1,34.24,77574
2026-03-04 15:13:00,34.25,34.26,34.23,34.23,14478
2026-03-04 15:14:00,34.25,34.27,34.23,34.27,11485
2026-03-04 15:15:00,34.27,34.27,34.2,34.21,40605
2026-03-04 15:16:00,34.2,34.22,34.19,34.21,33164
2026-03-04 15:17:00,34.19,34.2,34.15,34.2,10900
2026-03-04 15:18:00,34.2,34.2,34.14,34.18,109472
2026-03-04 15:19:00,34.11,34.15,34.11,34.15,70452
2026-03-04 15:20:00,34.16,34.16,34.08,34.14,164245
2026-03-04 15:21:00,34.15,34.2,34.15,34.2,18851
2026-03-04 15:22:00,34.18,34.18,34.15,34.18,27971
2026-03-04 15:23:00,34.18,34.18,34.16,34.18,27786
2026-03-04 15:24:00,34.18,34.2,34.17,34.2,11424
2026-03-04 15:25:00,34.19,34.2,34.05,34.12,102331
2026-03-04 15:26:00,34.13,34.22,34.13,34.22,16448
2026-03-04 15:27:00,34.21,34.21,34.17,34.19,61265
2026-03-04 15:28:00,34.15,34.21,34.15,34.18,61601
2026-03-04 15:29:00,34.2,34.2,34.02,34.1,88259
2026-03-05 09:15:00,34.3,34.68,34.3,34.53,126989
2026-03-05 09:16:00,34.51,34.58,34.5,34.51,53640
2026-03-05 09:17:00,34.5,34.56,34.49,34.56,25917
2026-03-05 09:18:00,34.55,34.58,34.52,34.52,36537
2026-03-05 09:19:00,34.55,34.56,34.52,34.52,64033
2026-03-05 09:20:00,34.55,34.55,34.45,34.45,71021
2026-03-05 09:21:00,34.5,34.53,34.5,34.52,21534
2026-03-05 09:22:00,34.54,34.56,34.51,34.56,9529
2026-03-05 09:23:00,34.56,34.58,34.55,34.58,12348
2026-03-05 09:24:00,34.58,34.58,34.56,34.56,9343
2026-03-05 09:25:00,34.6,34.62,34.56,34.61,92240
2026-03-05 09:26:00,34.63,34.65,34.58,34.58,70266
2026-03-05 09:27:00,34.56,34.59,34.56,34.57,5300
2026-03-05 09:28:00,34.55,34.57,34.54,34.57,37791
2026-03-05 09:29:00,34.57,34.57,34.54,34.55,2267
2026-03-05 09:30:00,34.57,34.58,34.56,34.58,7765
2026-03-05 09:31:00,34.56,34.58,34.55,34.55,4587
2026-03-05 09:32:00,34.55,34.57,34.54,34.57,12241
2026-03-05 09:33:00,34.57,34.57,34.54,34.55,2891
2026-03-05 09:34:00,34.55,34.57,34.52,34.54,3548
2026-03-05 09:35:00,34.55,34.55,34.52,34.52,12979
2026-03-05 09:36:00,34.52,34.52,34.45,34.47,67532
2026-03-05 09:37:00,34.48,34.48,34.45,34.48,20361
2026-03-05 09:38:00,34.48,34.48,34.45,34.47,7534
2026-03-05 09:39:00,34.47,34.48,34.46,34.46,2832
2026-03-05 09:40:00,34.46,34.48,34.45,34.45,20945
2026-03-05 09:41:00,34.45,34.48,34.45,34.48,6174
2026-03-05 09:42:00,34.48,34.49,34.45,34.48,13849
2026-03-05 09:43:00,34.49,34.49,34.46,34.48,2298
2026-03-05 09:44:00,34.48,34.56,34.48,34.56,57128
2026-03-05 09:45:00,34.55,34.56,34.5,34.5,8754
2026-03-05 09:46:00,34.53,34.53,34.5,34.5,31285
2026-03-05 09:47:00,34.5,34.54,34.5,34.53,245
2026-03-05 09:48:00,34.54,34.55,34.53,34.54,7404
2026-03-05 09:49:00,34.54,34.55,34.54,34.54,1154
2026-03-05 09:50:00,34.55,34.57,34.54,34.55,55649
2026-03-05 09:51:00,34.55,34.59,34.54,34.59,21990
2026-03-05 09:52:00,34.59,34.6,34.58,34.59,8558
2026-03-05 09:53:00,34.59,34.6,34.58,34.58,4543
2026-03-05 09:54:00,34.59,34.6,34.57,34.57,9089
2026-03-05 09:55:00,34.58,34.58,34.55,34.57,4184
2026-03-05 09:56:00,34.57,34.57,34.5,34.5,21765
2026-03-05 09:57:00,34.5,34.5,34.47,34.5,26369
2026-03-05 09:58:00,34.5,34.51,34.49,34.51,1360
2026-03-05 09:59:00,34.51,34.53,34.48,34.5,7372
2026-03-05 10:00:00,34.48,34.5,34.47,34.48,6542
2026-03-05 10:01:00,34.48,34.52,34.47,34.48,2777
2026-03-05 10:02:00,34.49,34.49,34.43,34.46,80047
2026-03-05 10:03:00,34.46,34.46,34.42,34.46,31467
2026-03-05 10:04:00,34.46,34.46,34.46,34.46,6917
2026-03-05 10:05:00,34.44,34.46,34.44,34.46,4166
2026-03-05 10:06:00,34.46,34.46,34.43,34.45,11186
2026-03-05 10:07:00,34.45,34.45,34.43,34.45,1233
2026-03-05 10:08:00,34.49,34.52,34.47,34.5,82923
2026-03-05 10:09:00,34.47,34.5,34.47,34.5,1554
2026-03-05 10:10:00,34.5,34.52,34.49,34.52,3433
2026-03-05 10:11:00,34.51,34.52,34.5,34.52,1104
2026-03-05 10:12:00,34.51,34.52,34.51,34.52,33066
2026-03-05 10:13:00,34.52,34.52,34.47,34.5,7776
2026-03-05 10:14:00,34.5,34.5,34.47,34.49,36327
2026-03-05 10:15:00,34.49,34.5,34.47,34.5,2064
2026-03-05 10:16:00,34.49,34.53,34.49,34.53,2878
2026-03-05 10:17:00,34.52,34.52,34.49,34.5,16471
2026-03-05 10:18:00,34.5,34.5,34.47,34.48,7638
2026-03-05 10:19:00,34.48,34.5,34.47,34.47,1870
2026-03-05 10:20:00,34.48,34.49,34.47,34.49,5884
2026-03-05 10:21:00,34.49,34.53,34.48,34.49,34812
2026-03-05 10:22:00,34.49,34.49,34.46,34.46,10767
2026-03-05 10:23:00,34.45,34.47,34.45,34.45,13954
2026-03-05 10:24:00,34.47,34.48,34.45,34.48,1271
2026-03-05 10:25:00,34.48,34.49,34.47,34.47,3412
2026-03-05 10:26:00,34.47,34.47,34.41,34.42,30990
2026-03-05 10:27:00,34.42,34.42,34.41,34.41,428
2026-03-05 10:28:00,34.41,34.42,34.4,34.41,4559
2026-03-05 10:29:00,34.41,34.45,34.4,34.44,11266
2026-03-05 10:30:00,34.45,34.46,34.44,34.46,2414
2026-03-05 10:31:00,34.44,34.47,34.44,34.47,2723
2026-03-05 10:32:00,34.47,34.49,34.47,34.47,12840
2026-03-05 10:33:00,34.47,34.48,34.42,34.48,38849
2026-03-05 10:34:00,34.48,34.48,34.42,34.44,3142
2026-03-05 10:35:00,34.44,34.48,34.43,34.48,6882
2026-03-05 10:36:00,34.48,34.48,34.45,34.47,2360
2026-03-05 10:37:00,34.47,34.49,34.46,34.49,5468
2026-03-05 10:38:00,34.46,34.48,34.46,34.48,2262
2026-03-05 10:39:00,34.49,34.49,34.47,34.49,5624
2026-03-05 10:40:00,34.49,34.49,34.47,34.47,5
2026-03-05 10:41:00,34.47,34.49,34.46,34.49,7966
2026-03-05 10:42:00,34.49,34.49,34.46,34.47,3444
2026-03-05 10:43:00,34.47,34.49,34.46,34.49,1907
2026-03-05 10:44:00,34.49,34.49,34.48,34.49,1403
2026-03-05 10:45:00,34.49,34.49,34.45,34.47,6065
2026-03-05 10:46:00,34.47,34.47,34.46,34.47,277
2026-03-05 10:47:00,34.47,34.47,34.43,34.43,27740
2026-03-05 10:48:00,34.43,34.45,34.43,34.45,1128
2026-03-05 10:49:00,34.44,34.44,34.43,34.43,13993
2026-03-05 10:50:00,34.43,34.43,34.41,34.43,2618
2026-03-05 10:51:00,34.43,34.44,34.41,34.41,1774
2026-03-05 10:52:00,34.41,34.44,34.41,34.44,3112
2026-03-05 10:53:00,34.44,34.44,34.41,34.41,2446
2026-03-05 10:54:00,34.41,34.44,34.39,34.4,24854
2026-03-05 10:55:00,34.4,34.44,34.4,34.41,8198
2026-03-05 10:56:00,34.41,34.44,34.41,34.43,4424
2026-03-05 10:57:00,34.44,34.45,34.43,34.44,418
2026-03-05 10:58:00,34.44,34.45,34.42,34.45,2751
2026-03-05 10:59:00,34.44,34.45,34.44,34.45,2064
2026-03-05 11:00:00,34.45,34.47,34.45,34.47,15213
2026-03-05 11:01:00,34.45,34.47,34.45,34.46,2389
2026-03-05 11:02:00,34.45,34.46,34.43,34.45,6183
2026-03-05 11:03:00,34.45,34.47,34.45,34.47,2453
2026-03-05 11:04:00,34.47,34.47,34.46,34.47,244
2026-03-05 11:05:00,34.47,34.47,34.46,34.46,391
2026-03-05 11:06:00,34.45,34.47,34.45,34.47,12837
2026-03-05 11:07:00,34.46,34.54,34.46,34.5,65372
2026-03-05 11:08:00,34.5,34.52,34.5,34.52,655
2026-03-05 11:09:00,34.52,34.53,34.48,34.53,16218
2026-03-05 11:10:00,34.53,34.53,34.5,34.52,16743
2026-03-05 11:11:00,34.52,34.53,34.5,34.5,12578
2026-03-05 11:12:00,34.5,34.51,34.5,34.5,600
2026-03-05 11:13:00,34.5,34.53,34.49,34.51,19968
2026-03-05 11:14:00,34.51,34.51,34.46,34.46,4755
2026-03-05 11:15:00,34.46,34.46,34.43,34.44,31609
2026-03-05 11:16:00,34.44,34.46,34.42,34.46,2593
2026-03-05 11:17:00,34.45,34.46,34.44,34.46,1410
2026-03-05 11:18:00,34.46,34.49,34.45,34.46,5981
2026-03-05 11:19:00,34.45,34.46,34.45,34.45,6033
2026-03-05 11:20:00,34.44,34.45,34.43,34.43,96313
2026-03-05 11:21:00,34.43,34.45,34.42,34.42,7427
2026-03-05 11:22:00,34.42,34.43,34.42,34.42,885
2026-03-05 11:23:00,34.42,34.43,34.41,34.41,2616
2026-03-05 11:24:00,34.4,34.43,34.4,34.41,8140
2026-03-05 11:25:00,34.41,34.43,34.4,34.42,15402
2026-03-05 11:26:00,34.42,34.43,34.4,34.4,4384
2026-03-05 11:27:00,34.4,34.4,34.35,34.38,28816
2026-03-05 11:28:00,34.38,34.38,34.35,34.36,13360
2026-03-05 11:29:00,34.36,34.4,34.36,34.37,221
2026-03-05 11:30:00,34.4,34.4,34.37,34.37,7100
2026-03-05 11:31:00,34.37,34.38,34.32,34.32,143459
2026-03-05 11:32:00,34.33,34.34,34.32,34.34,2710
2026-03-05 11:33:00,34.34,34.37,34.32,34.37,12998
2026-03-05 11:34:00,34.37,34.39,34.37,34.37,2448
2026-03-05 11:35:00,34.36,34.37,34.33,34.35,3254
2026-03-05 11:36:00,34.35,34.35,34.33,34.33,1940
2026-03-05 11:37:00,34.33,34.36,34.32,34.36,6719
2026-03-05 11:38:00,34.36,34.36,34.32,34.32,2288
2026-03-05 11:39:00,34.32,34.34,34.32,34.32,3941
2026-03-05 11:40:00,34.34,34.36,34.32,34.36,8548
2026-03-05 11:41:00,34.36,34.37,34.35,34.36,2036
2026-03-05 11:42:00,34.37,34.39,34.35,34.35,2601
2026-03-05 11:43:00,34.35,34.35,34.33,34.35,6732
2026-03-05 11:44:00,34.35,34.35,34.27,34.29,37274
2026-03-05 11:45:00,34.29,34.29,34.27,34.27,1965
2026-03-05 11:46:00,34.29,34.29,34.22,34.24,54976
2026-03-05 11:47:00,34.24,34.24,34.22,34.24,3042
2026-03-05 11:48:00,34.23,34.24,34.2,34.2,29169
2026-03-05 11:49:00,34.2,34.21,34.2,34.2,2571
2026-03-05 11:50:00,34.21,34.23,34.2,34.23,6647
2026-03-05 11:51:00,34.23,34.23,34.18,34.18,26768
2026-03-05 11:52:00,34.18,34.21,34.12,34.12,24364
2026-03-05 11:53:00,34.12,34.18,34.09,34.14,97983
2026-03-05 11:54:00,34.12,34.18,34.12,34.16,17164
2026-03-05 11:55:00,34.16,34.19,34.16,34.18,5172
2026-03-05 11:56:00,34.18,34.2,34.17,34.19,1475
2026-03-05 11:57:00,34.19,34.19,34.12,34.12,20970
2026-03-05 11:58:00,34.14,34.17,34.12,34.17,5844
2026-03-05 11:59:00,34.15,34.17,34.13,34.14,2709
2026-03-05 12:00:00,34.15,34.15,34.14,34.15,2029
2026-03-05 12:01:00,34.14,34.15,34.14,34.15,2917
2026-03-05 12:02:00,34.15,34.15,34.12,34.14,4463
2026-03-05 12:03:00,34.12,34.14,34.12,34.12,7202
2026-03-05 12:04:00,34.12,34.14,34.12,34.14,19443
2026-03-05 12:05:00,34.15,34.15,34.12,34.13,5026
2026-03-05 12:06:00,34.13,34.15,34.13,34.14,4330
2026-03-05 12:07:00,34.13,34.13,34.1,34.13,9407
2026-03-05 12:08:00,34.12,34.12,34.1,34.12,16124
2026-03-05 12:09:00,34.12,34.15,34.11,34.15,823
2026-03-05 12:10:00,34.15,34.15,34.13,34.13,3192
2026-03-05 12:11:00,34.13,34.17,34.13,34.16,4354
2026-03-05 12:12:00,34.16,34.16,34.15,34.16,1780
2026-03-05 12:13:00,34.16,34.16,34.16,34.16,4357
2026-03-05 12:14:00,34.16,34.19,34.16,34.19,4708
2026-03-05 12:15:00,34.18,34.2,34.17,34.19,7854
2026-03-05 12:16:00,34.19,34.19,34.16,34.19,38149
2026-03-05 12:17:00,34.17,34.19,34.16,34.19,69
2026-03-05 12:18:00,34.19,34.19,34.13,34.15,31142
2026-03-05 12:19:00,34.17,34.19,34.16,34.19,985
2026-03-05 12:20:00,34.19,34.19,34.16,34.19,349
2026-03-05 12:21:00,34.2,34.24,34.2,34.24,13381
2026-03-05 12:22:00,34.25,34.27,34.24,34.27,2786
2026-03-05 12:23:00,34.27,34.27,34.25,34.26,1432
2026-03-05 12:24:00,34.26,34.31,34.26,34.28,12670
2026-03-05 12:25:00,34.28,34.29,34.25,34.25,1856
2026-03-05 12:26:00,34.25,34.3,34.25,34.29,2707
2026-03-05 12:27:00,34.3,34.32,34.29,34.32,2474
2026-03-05 12:28:00,34.33,34.34,34.3,34.3,81402
2026-03-05 12:29:00,34.3,34.34,34.3,34.34,1431
2026-03-05 12:30:00,34.34,34.35,34.33,34.34,7876
2026-03-05 12:31:00,34.34,34.34,34.33,34.33,3412
2026-03-05 12:32:00,34.33,34.34,34.32,34.33,5363
2026-03-05 12:33:00,34.33,34.33,34.31,34.33,659
2026-03-05 12:34:00,34.33,34.33,34.26,34.27,23539
2026-03-05 12:35:00,34.27,34.27,34.27,34.27,2162
2026-03-05 12:36:00,34.27,34.27,34.25,34.25,2210
2026-03-05 12:37:00,34.25,34.29,34.25,34.28,27550
2026-03-05 12:38:00,34.27,34.29,34.25,34.27,8480
2026-03-05 12:39:00,34.27,34.27,34.21,34.21,9440
2026-03-05 12:40:00,34.21,34.24,34.21,34.23,51
2026-03-05 12:41:00,34.23,34.23,34.21,34.22,615
2026-03-05 12:42:00,34.22,34.24,34.22,34.24,7318
2026-03-05 12:43:00,34.24,34.24,34.23,34.24,2912
2026-03-05 12:44:00,34.24,34.24,34.23,34.23,3693
2026-03-05 12:45:00,34.23,34.23,34.22,34.22,2880
2026-03-05 12:46:00,34.22,34.23,34.18,34.19,17012
2026-03-05 12:47:00,34.19,34.21,34.18,34.21,179
2026-03-05 12:48:00,34.18,34.22,34.18,34.22,245
2026-03-05 12:49:00,34.22,34.24,34.22,34.24,14057
2026-03-05 12:50:00,34.24,34.28,34.23,34.28,40879
2026-03-05 12:51:00,34.28,34.28,34.23,34.27,1715
2026-03-05 12:52:00,34.27,34.27,34.26,34.27,1330
2026-03-05 12:53:00,34.27,34.27,34.25,34.27,16833
2026-03-05 12:54:00,34.28,34.3,34.27,34.3,2654
2026-03-05 12:55:00,34.3,34.32,34.29,34.32,33403
2026-03-05 12:56:00,34.32,34.32,34.29,34.29,6586
2026-03-05 12:57:00,34.29,34.3,34.28,34.28,4806
2026-03-05 12:58:00,34.28,34.29,34.28,34.28,6961
2026-03-05 12:59:00,34.28,34.29,34.28,34.29,145
2026-03-05 13:00:00,34.29,34.29,34.28,34.29,1159
2026-03-05 13:01:00,34.29,34.3,34.28,34.28,2933
2026-03-05 13:02:00,34.28,34.28,34.28,34.28,1358
2026-03-05 13:03:00,34.3,34.3,34.27,34.28,17445
2026-03-05 13:04:00,34.28,34.28,34.23,34.24,4982
2026-03-05 13:05:00,34.24,34.27,34.24,34.25,867
2026-03-05 13:06:00,34.25,34.27,34.25,34.27,29
2026-03-05 13:07:00,34.27,34.27,34.27,34.27,2017
2026-03-05 13:08:00,34.27,34.3,34.27,34.3,2759
2026-03-05 13:09:00,34.3,34.3,34.25,34.25,2319
2026-03-05 13:10:00,34.27,34.28,34.25,34.25,2457
2026-03-05 13:11:00,34.25,34.27,34.25,34.27,6
2026-03-05 13:12:00,34.27,34.27,34.27,34.27,1020
2026-03-05 13:13:00,34.27,34.27,34.26,34.26,2279
2026-03-05 13:14:00,34.26,34.27,34.26,34.27,2840
2026-03-05 13:15:00,34.27,34.27,34.26,34.26,858
2026-03-05 13:16:00,34.26,34.27,34.24,34.24,11670
2026-03-05 13:17:00,34.24,34.26,34.24,34.26,825
2026-03-05 13:18:00,34.25,34.26,34.25,34.26,194
2026-03-05 13:19:00,34.26,34.26,34.25,34.25,305
2026-03-05 13:20:00,34.26,34.26,34.24,34.24,6354
2026-03-05 13:21:00,34.24,34.25,34.23,34.23,2559
2026-03-05 13:22:00,34.23,34.25,34.22,34.22,1728
2026-03-05 13:23:00,34.22,34.24,34.22,34.24,1256
2026-03-05 13:24:00,34.24,34.26,34.24,34.26,4027
2026-03-05 13:25:00,34.26,34.26,34.25,34.26,7
2026-03-05 13:26:00,34.26,34.26,34.24,34.24,34332
2026-03-05 13:27:00,34.24,34.24,34.24,34.24,986
2026-03-05 13:28:00,34.24,34.28,34.24,34.28,22572
2026-03-05 13:29:00,34.28,34.29,34.28,34.29,270
2026-03-05 13:30:00,34.29,34.29,34.27,34.28,1238
2026-03-05 13:31:00,34.28,34.28,34.25,34.25,3598
2026-03-05 13:32:00,34.25,34.27,34.25,34.27,421
2026-03-05 13:33:00,34.27,34.27,34.22,34.24,6511
2026-03-05 13:34:00,34.24,34.24,34.22,34.22,2885
2026-03-05 13:35:00,34.23,34.23,34.22,34.22,3977
2026-03-05 13:36:00,34.22,34.22,34.21,34.22,17176
2026-03-05 13:37:00,34.21,34.23,34.2,34.2,3082
2026-03-05 13:38:00,34.2,34.24,34.2,34.22,1513
2026-03-05 13:39:00,34.22,34.23,34.22,34.23,4211
2026-03-05 13:40:00,34.23,34.23,34.21,34.23,1272
2026-03-05 13:41:00,34.23,34.23,34.23,34.23,38
2026-03-05 13:42:00,34.23,34.23,34.21,34.22,1309
2026-03-05 13:43:00,34.22,34.23,34.2,34.2,40102
2026-03-05 13:44:00,34.2,34.2,34.18,34.2,577
2026-03-05 13:45:00,34.2,34.2,34.19,34.2,419
2026-03-05 13:46:00,34.19,34.21,34.19,34.2,3315
2026-03-05 13:47:00,34.2,34.21,34.19,34.2,2271
2026-03-05 13:48:00,34.2,34.2,34.19,34.2,302
2026-03-05 13:49:00,34.2,34.2,34.19,34.2,185
2026-03-05 13:50:00,34.2,34.2,34.16,34.16,3948
2026-03-05 13:51:00,34.16,34.18,34.16,34.18,4613
2026-03-05 13:52:00,34.18,34.18,34.14,34.15,12287
2026-03-05 13:53:00,34.15,34.15,34.1,34.11,12122
2026-03-05 13:54:00,34.1,34.1,34.06,34.08,19472
2026-03-05 13:55:00,34.08,34.1,34.06,34.06,22252
2026-03-05 13:56:00,34.06,34.1,34.06,34.1,1563
2026-03-05 13:57:00,34.1,34.12,34.08,34.1,3679
2026-03-05 13:58:00,34.1,34.14,34.1,34.14,3938
2026-03-05 13:59:00,34.14,34.14,34.11,34.14,966
2026-03-05 14:00:00,34.14,34.14,34.12,34.13,3334
2026-03-05 14:01:00,34.13,34.13,34.12,34.13,1443
2026-03-05 14:02:00,34.13,34.15,34.12,34.15,2340
2026-03-05 14:03:00,34.15,34.17,34.14,34.15,4079
2026-03-05 14:04:00,34.15,34.15,34.13,34.14,4611
2026-03-05 14:05:00,34.1,34.15,34.1,34.12,3577
2026-03-05 14:06:00,34.12,34.14,34.12,34.12,618
2026-03-05 14:07:00,34.12,34.13,34.11,34.12,1439
2026-03-05 14:08:00,34.13,34.17,34.13,34.16,12131
2026-03-05 14:09:00,34.16,34.16,34.12,34.14,19435
2026-03-05 14:10:00,34.11,34.12,34.1,34.1,4770
2026-03-05 14:11:00,34.12,34.12,34.07,34.1,20756
2026-03-05 14:12:00,34.1,34.1,34.07,34.07,780
2026-03-05 14:13:00,34.07,34.08,34.07,34.07,27743
2026-03-05 14:14:00,34.08,34.09,34.02,34.03,145960
2026-03-05 14:15:00,34.03,34.03,34.02,34.03,13666
2026-03-05 14:16:00,34.03,34.08,34.03,34.08,40322
2026-03-05 14:17:00,34.08,34.08,34.06,34.06,4848
2026-03-05 14:18:00,34.06,34.06,34.04,34.05,2101
2026-03-05 14:19:00,34.05,34.05,34.02,34.04,3938
2026-03-05 14:20:00,34.04,34.04,34.04,34.04,742
2026-03-05 14:21:00,34.05,34.07,34.05,34.07,1611
2026-03-05 14:22:00,34.07,34.07,34.06,34.06,146
2026-03-05 14:23:00,34.04,34.06,34.04,34.06,969
2026-03-05 14:24:00,34.05,34.06,34.05,34.06,2301
2026-03-05 14:25:00,34.06,34.06,34.06,34.06,2010
2026-03-05 14:26:00,34.06,34.06,34.05,34.06,3138
2026-03-05 14:27:00,34.06,34.11,34.06,34.11,54074
2026-03-05 14:28:00,34.11,34.11,34.08,34.08,2303
2026-03-05 14:29:00,34.08,34.11,34.07,34.08,7575
2026-03-05 14:30:00,34.11,34.11,34.05,34.06,8704
2026-03-05 14:31:00,34.06,34.06,34.04,34.06,2122
2026-03-05 14:32:00,34.06,34.07,34.05,34.07,7161
2026-03-05 14:33:00,34.07,34.08,34.05,34.08,664
2026-03-05 14:34:00,34.08,34.08,34.05,34.05,2264
2026-03-05 14:35:00,34.05,34.09,34.05,34.09,1916
2026-03-05 14:36:00,34.09,34.1,34.09,34.1,2328
2026-03-05 14:37:00,34.1,34.13,34.1,34.1,4938
2026-03-05 14:38:00,34.1,34.15,34.1,34.15,1854
2026-03-05 14:39:00,34.15,34.15,34.14,34.15,2788
2026-03-05 14:40:00,34.14,34.16,34.14,34.15,20096
2026-03-05 14:41:00,34.19,34.25,34.19,34.23,42142
2026-03-05 14:42:00,34.23,34.24,34.19,34.24,14956
2026-03-05 14:43:00,34.23,34.25,34.22,34.25,38230
2026-03-05 14:44:00,34.27,34.27,34.22,34.22,23324
2026-03-05 14:45:00,34.23,34.25,34.23,34.25,4933
2026-03-05 14:46:00,34.25,34.29,34.25,34.29,24534
2026-03-05 14:47:00,34.29,34.3,34.28,34.28,21996
2026-03-05 14:48:00,34.28,34.33,34.27,34.33,18452
2026-03-05 14:49:00,34.35,34.36,34.3,34.36,39941
2026-03-05 14:50:00,34.37,34.4,34.37,34.4,12302
2026-03-05 14:51:00,34.4,34.43,34.39,34.43,17327
2026-03-05 14:52:00,34.44,34.45,34.4,34.42,53512
2026-03-05 14:53:00,34.42,34.49,34.42,34.49,121853
2026-03-05 14:54:00,34.53,34.59,34.51,34.59,48626
2026-03-05 14:55:00,34.6,34.6,34.55,34.55,33299
2026-03-05 14:56:00,34.53,34.57,34.53,34.55,26610
2026-03-05 14:57:00,34.55,34.57,34.54,34.55,6935
2026-03-05 14:58:00,34.55,34.57,34.55,34.55,5113
2026-03-05 14:59:00,34.57,34.62,34.55,34.62,38813
2026-03-05 15:00:00,34.61,34.66,34.5,34.51,180191
2026-03-05 15:01:00,34.56,34.57,34.54,34.55,6500
2026-03-05 15:02:00,34.55,34.55,34.51,34.51,9908
2026-03-05 15:03:00,34.53,34.55,34.49,34.55,14588
2026-03-05 15:04:00,34.55,34.58,34.52,34.55,21883
2026-03-05 15:05:00,34.55,34.55,34.51,34.54,40807
2026-03-05 15:06:00,34.54,34.54,34.53,34.53,5191
2026-03-05 15:07:00,34.54,34.54,34.52,34.53,14518
2026-03-05 15:08:00,34.53,34.54,34.52,34.53,5406
2026-03-05 15:09:00,34.54,34.59,34.53,34.54,24887
2026-03-05 15:10:00,34.54,34.54,34.51,34.51,18633
2026-03-05 15:11:00,34.52,34.52,34.5,34.51,5676
2026-03-05 15:12:00,34.52,34.52,34.46,34.46,9829
2026-03-05 15:13:00,34.47,34.47,34.45,34.47,6587
2026-03-05 15:14:00,34.47,34.53,34.47,34.52,32054
2026-03-05 15:15:00,34.52,34.52,34.49,34.52,25397
2026-03-05 15:16:00,34.53,34.57,34.52,34.55,24683
2026-03-05 15:17:00,34.56,34.58,34.55,34.58,3403
2026-03-05 15:18:00,34.58,34.58,34.47,34.47,62008
2026-03-05 15:19:00,34.47,34.53,34.45,34.53,8993
2026-03-05 15:20:00,34.52,34.52,34.49,34.5,38137
2026-03-05 15:21:00,34.52,34.52,34.44,34.44,8365
2026-03-05 15:22:00,34.49,34.49,34.45,34.48,18708
2026-03-05 15:23:00,34.48,34.53,34.48,34.53,20378
2026-03-05 15:24:00,34.53,34.75,34.53,34.58,128903
2026-03-05 15:25:00,34.57,34.6,34.56,34.58,35332
2026-03-05 15:26:00,34.55,34.6,34.53,34.59,20661
2026-03-05 15:27:00,34.58,34.59,34.45,34.53,23922
2026-03-05 15:28:00,34.48,34.63,34.48,34.63,35053
2026-03-05 15:29:00,34.6,34.62,34.6,34.6,10349
2026-03-06 09:15:00,34.5,34.5,34.31,34.4,47403
2026-03-06 09:16:00,34.4,34.4,34.3,34.38,69042
2026-03-06 09:17:00,34.33,34.38,34.32,34.32,15898
2026-03-06 09:18:00,34.35,34.4,34.32,34.37,16184
2026-03-06 09:19:00,34.39,34.39,34.35,34.39,7834
2026-03-06 09:20:00,34.39,34.4,34.34,34.34,22184
2026-03-06 09:21:00,34.34,34.35,34.32,34.35,18034
2026-03-06 09:22:00,34.34,34.35,34.34,34.35,11204
2026-03-06 09:23:00,34.38,34.48,34.38,34.46,24073
2026-03-06 09:24:00,34.45,34.45,34.41,34.42,37817
2026-03-06 09:25:00,34.42,34.47,34.42,34.47,632908
2026-03-06 09:26:00,34.46,34.47,34.4,34.4,18923
2026-03-06 09:27:00,34.41,34.41,34.34,34.35,36373
2026-03-06 09:28:00,34.35,34.4,34.35,34.4,8746
2026-03-06 09:29:00,34.43,34.43,34.39,34.43,7687
2026-03-06 09:30:00,34.44,34.45,34.42,34.45,12154
2026-03-06 09:31:00,34.43,34.45,34.43,34.44,8573
2026-03-06 09:32:00,34.44,34.45,34.43,34.45,72116
2026-03-06 09:33:00,34.45,34.45,34.44,34.45,49614
2026-03-06 09:34:00,34.44,34.45,34.43,34.44,5696
2026-03-06 09:35:00,34.43,34.43,34.34,34.35,62925
2026-03-06 09:36:00,34.36,34.4,34.33,34.4,14606
2026-03-06 09:37:00,34.4,34.45,34.4,34.45,5948
2026-03-06 09:38:00,34.45,34.45,34.43,34.43,6991
2026-03-06 09:39:00,34.43,34.46,34.43,34.45,141609
2026-03-06 09:40:00,34.45,34.45,34.43,34.44,20094
2026-03-06 09:41:00,34.44,34.46,34.42,34.45,42073
2026-03-06 09:42:00,34.45,34.45,34.44,34.44,37263
2026-03-06 09:43:00,34.44,34.45,34.44,34.45,44053
2026-03-06 09:44:00,34.45,34.54,34.45,34.54,77832
2026-03-06 09:45:00,34.54,34.54,34.5,34.53,8311
2026-03-06 09:46:00,34.49,34.51,34.48,34.5,13392
2026-03-06 09:47:00,34.5,34.5,34.48,34.49,2035
2026-03-06 09:48:00,34.48,34.49,34.47,34.49,4807
2026-03-06 09:49:00,34.49,34.49,34.46,34.46,5505
2026-03-06 09:50:00,34.44,34.46,34.44,34.46,1732
2026-03-06 09:51:00,34.45,34.46,34.44,34.46,4359
2026-03-06 09:52:00,34.46,34.49,34.45,34.49,8295
2026-03-06 09:53:00,34.49,34.49,34.45,34.45,13768
2026-03-06 09:54:00,34.45,34.45,34.43,34.43,15870
2026-03-06 09:55:00,34.43,34.43,34.39,34.39,18150
2026-03-06 09:56:00,34.39,34.4,34.39,34.4,3522
2026-03-06 09:57:00,34.4,34.4,34.39,34.4,6332
2026-03-06 09:58:00,34.4,34.4,34.38,34.38,6354
2026-03-06 09:59:00,34.38,34.4,34.38,34.4,6334
2026-03-06 10:00:00,34.4,34.4,34.4,34.4,11846
2026-03-06 10:01:00,34.4,34.4,34.38,34.39,10951
2026-03-06 10:02:00,34.36,34.37,34.33,34.35,10257
2026-03-06 10:03:00,34.35,34.4,34.35,34.38,2436
2026-03-06 10:04:00,34.38,34.38,34.33,34.35,34919
2026-03-06 10:05:00,34.35,34.37,34.35,34.36,2225
2026-03-06 10:06:00,34.36,34.37,34.35,34.37,19182
2026-03-06 10:07:00,34.37,34.39,34.37,34.39,8203
2026-03-06 10:08:00,34.39,34.39,34.38,34.38,1393
2026-03-06 10:09:00,34.38,34.42,34.38,34.42,18663
2026-03-06 10:10:00,34.42,34.44,34.4,34.44,9132
2026-03-06 10:11:00,34.43,34.45,34.43,34.45,23826
2026-03-06 10:12:00,34.45,34.45,34.42,34.43,2985
2026-03-06 10:13:00,34.43,34.45,34.42,34.44,9799
2026-03-06 10:14:00,34.44,34.44,34.42,34.44,1024
2026-03-06 10:15:00,34.44,34.45,34.44,34.44,4475
2026-03-06 10:16:00,34.44,34.45,34.42,34.42,41186
2026-03-06 10:17:00,34.42,34.42,34.4,34.42,2002
2026-03-06 10:18:00,34.42,34.42,34.41,34.42,3783
2026-03-06 10:19:00,34.43,34.43,34.41,34.41,3196
2026-03-06 10:20:00,34.41,34.44,34.41,34.44,2681
2026-03-06 10:21:00,34.44,34.44,34.39,34.41,44703
2026-03-06 10:22:00,34.41,34.41,34.41,34.41,42
2026-03-06 10:23:00,34.41,34.41,34.41,34.41,438
2026-03-06 10:24:00,34.41,34.41,34.38,34.4,989
2026-03-06 10:25:00,34.4,34.41,34.39,34.4,7126
2026-03-06 10:26:00,34.43,34.43,34.42,34.42,1076
2026-03-06 10:27:00,34.42,34.42,34.39,34.42,2001
2026-03-06 10:28:00,34.42,34.42,34.41,34.41,307
2026-03-06 10:29:00,34.4,34.41,34.4,34.4,543
2026-03-06 10:30:00,34.41,34.41,34.36,34.37,8723
2026-03-06 10:31:00,34.37,34.37,34.33,34.33,45504
2026-03-06 10:32:00,34.33,34.36,34.33,34.35,783
2026-03-06 10:33:00,34.35,34.37,34.33,34.36,14035
2026-03-06 10:34:00,34.34,34.36,34.34,34.36,2061
2026-03-06 10:35:00,34.36,34.36,34.32,34.35,18721
2026-03-06 10:36:00,34.35,34.35,34.31,34.31,21249
2026-03-06 10:37:00,34.3,34.3,34.27,34.3,38858
2026-03-06 10:38:00,34.29,34.32,34.29,34.3,4719
2026-03-06 10:39:00,34.3,34.3,34.29,34.29,7595
2026-03-06 10:40:00,34.29,34.3,34.28,34.3,6653
2026-03-06 10:41:00,34.3,34.3,34.28,34.3,6267
2026-03-06 10:42:00,34.3,34.3,34.29,34.29,237
2026-03-06 10:43:00,34.28,34.3,34.28,34.29,1923
2026-03-06 10:44:00,34.28,34.3,34.28,34.3,2666
2026-03-06 10:45:00,34.29,34.32,34.29,34.32,3435
2026-03-06 10:46:00,34.32,34.34,34.3,34.3,28852
2026-03-06 10:47:00,34.3,34.33,34.3,34.33,1232
2026-03-06 10:48:00,34.32,34.32,34.3,34.31,20758
2026-03-06 10:49:00,34.3,34.31,34.19,34.21,108798
2026-03-06 10:50:00,34.19,34.2,34.18,34.2,8858
2026-03-06 10:51:00,34.2,34.27,34.19,34.27,43733
2026-03-06 10:52:00,34.27,34.28,34.24,34.26,2531
2026-03-06 10:53:00,34.26,34.26,34.23,34.26,10362
2026-03-06 10:54:00,34.23,34.26,34.22,34.22,3731
2026-03-06 10:55:00,34.22,34.25,34.2,34.23,39388
2026-03-06 10:56:00,34.23,34.23,34.21,34.21,642
2026-03-06 10:57:00,34.21,34.22,34.21,34.22,1969
2026-03-06 10:58:00,34.22,34.24,34.22,34.23,1756
2026-03-06 10:59:00,34.24,34.24,34.24,34.24,1164
2026-03-06 11:00:00,34.24,34.27,34.22,34.27,13807
2026-03-06 11:01:00,34.26,34.28,34.26,34.27,3051
2026-03-06 11:02:00,34.24,34.26,34.24,34.26,14681
2026-03-06 11:03:00,34.25,34.26,34.25,34.25,5027
2026-03-06 11:04:00,34.25,34.26,34.22,34.22,10644
2026-03-06 11:05:00,34.24,34.26,34.22,34.26,677
2026-03-06 11:06:00,34.26,34.26,34.24,34.26,4559
2026-03-06 11:07:00,34.26,34.28,34.24,34.26,2692
2026-03-06 11:08:00,34.25,34.25,34.23,34.23,48976
2026-03-06 11:09:00,34.23,34.23,34.23,34.23,679
2026-03-06 11:10:00,34.23,34.25,34.22,34.22,1538
2026-03-06 11:11:00,34.22,34.24,34.22,34.24,36
2026-03-06 11:12:00,34.24,34.24,34.24,34.24,329
2026-03-06 11:13:00,34.24,34.24,34.22,34.23,10865
2026-03-06 11:14:00,34.21,34.24,34.21,34.24,27119
2026-03-06 11:15:00,34.24,34.34,34.24,34.34,63926
2026-03-06 11:16:00,34.33,34.38,34.31,34.31,66677
2026-03-06 11:17:00,34.33,34.33,34.3,34.33,22235
2026-03-06 11:18:00,34.33,34.33,34.27,34.29,12893
2026-03-06 11:19:00,34.29,34.3,34.28,34.3,39490
2026-03-06 11:20:00,34.3,34.38,34.25,34.25,182085
2026-03-06 11:21:00,34.25,34.26,34.23,34.25,35130
2026-03-06 11:22:00,34.25,34.25,34.22,34.22,18507
2026-03-06 11:23:00,34.2,34.22,34.19,34.19,68252
2026-03-06 11:24:00,34.19,34.2,34.18,34.18,10033
2026-03-06 11:25:00,34.19,34.2,34.17,34.2,26270
2026-03-06 11:26:00,34.2,34.2,34.18,34.2,1390
2026-03-06 11:27:00,34.2,34.2,34.19,34.2,2400
2026-03-06 11:28:00,34.2,34.2,34.18,34.18,12538
2026-03-06 11:29:00,34.19,34.19,34.18,34.18,184
2026-03-06 11:30:00,34.2,34.2,34.19,34.2,1351
2026-03-06 11:31:00,34.19,34.19,34.15,34.18,38857
2026-03-06 11:32:00,34.16,34.2,34.16,34.2,11966
2026-03-06 11:33:00,34.19,34.2,34.17,34.2,13086
2026-03-06 11:34:00,34.2,34.2,34.18,34.2,367
2026-03-06 11:35:00,34.2,34.23,34.2,34.23,34896
2026-03-06 11:36:00,34.23,34.23,34.2,34.23,354
2026-03-06 11:37:00,34.23,34.23,34.22,34.22,632
2026-03-06 11:38:00,34.22,34.23,34.22,34.23,4217
2026-03-06 11:39:00,34.23,34.23,34.22,34.23,4892
2026-03-06 11:40:00,34.23,34.23,34.23,34.23,7030
2026-03-06 11:41:00,34.23,34.26,34.23,34.26,4211
2026-03-06 11:42:00,34.26,34.28,34.26,34.28,6054
2026-03-06 11:43:00,34.28,34.28,34.24,34.26,15213
2026-03-06 11:44:00,34.26,34.26,34.23,34.23,990
2026-03-06 11:45:00,34.26,34.26,34.23,34.23,729
2026-03-06 11:46:00,34.25,34.25,34.23,34.24,342
2026-03-06 11:47:00,34.24,34.25,34.24,34.25,1918
2026-03-06 11:48:00,34.24,34.25,34.24,34.25,4845
2026-03-06 11:49:00,34.25,34.25,34.24,34.25,204
2026-03-06 11:50:00,34.25,34.25,34.24,34.25,818
2026-03-06 11:51:00,34.25,34.25,34.24,34.25,3279
2026-03-06 11:52:00,34.25,34.25,34.24,34.24,1576
2026-03-06 11:53:00,34.25,34.25,34.24,34.24,140
2026-03-06 11:54:00,34.24,34.25,34.24,34.25,785
2026-03-06 11:55:00,34.25,34.25,34.24,34.24,7391
2026-03-06 11:56:00,34.23,34.25,34.21,34.21,10322
2026-03-06 11:57:00,34.21,34.24,34.21,34.24,6228
2026-03-06 11:58:00,34.24,34.24,34.21,34.22,130
2026-03-06 11:59:00,34.22,34.22,34.21,34.22,1375
2026-03-06 12:00:00,34.22,34.22,34.21,34.22,537
2026-03-06 12:01:00,34.21,34.22,34.2,34.2,8886
2026-03-06 12:02:00,34.21,34.21,34.19,34.21,41117
2026-03-06 12:03:00,34.21,34.22,34.2,34.2,2647
2026-03-06 12:04:00,34.21,34.21,34.2,34.21,326
2026-03-06 12:05:00,34.21,34.21,34.2,34.2,2979
2026-03-06 12:06:00,34.2,34.21,34.2,34.2,5079
2026-03-06 12:07:00,34.2,34.24,34.2,34.21,207
2026-03-06 12:08:00,34.23,34.24,34.21,34.21,323
2026-03-06 12:09:00,34.21,34.24,34.21,34.24,1041
2026-03-06 12:10:00,34.24,34.24,34.24,34.24,2330
2026-03-06 12:11:00,34.24,34.24,34.23,34.23,1100
2026-03-06 12:12:00,34.23,34.24,34.22,34.22,2456
2026-03-06 12:13:00,34.24,34.24,34.21,34.23,1572
2026-03-06 12:14:00,34.22,34.22,34.21,34.22,1064
2026-03-06 12:15:00,34.22,34.22,34.21,34.21,200
2026-03-06 12:16:00,34.21,34.22,34.21,34.22,281
2026-03-06 12:17:00,34.22,34.22,34.22,34.22,135
2026-03-06 12:18:00,34.22,34.22,34.22,34.22,697
2026-03-06 12:19:00,34.22,34.22,34.22,34.22,826
2026-03-06 12:20:00,34.22,34.22,34.18,34.2,68035
2026-03-06 12:21:00,34.2,34.2,34.18,34.18,1572
2026-03-06 12:22:00,34.2,34.2,34.18,34.2,3120
2026-03-06 12:23:00,34.2,34.2,34.18,34.2,2047
2026-03-06 12:24:00,34.19,34.2,34.19,34.2,761
2026-03-06 12:25:00,34.2,34.2,34.19,34.2,3214
2026-03-06 12:26:00,34.2,34.2,34.19,34.19,1635
2026-03-06 12:27:00,34.19,34.21,34.19,34.21,876
2026-03-06 12:28:00,34.21,34.22,34.19,34.19,27736
2026-03-06 12:29:00,34.19,34.19,34.17,34.17,35543
2026-03-06 12:30:00,34.17,34.2,34.17,34.2,3539
2026-03-06 12:31:00,34.2,34.22,34.2,34.22,1371
2026-03-06 12:32:00,34.2,34.22,34.2,34.22,149
2026-03-06 12:33:00,34.22,34.22,34.2,34.2,2887
2026-03-06 12:34:00,34.22,34.26,34.2,34.26,68204
2026-03-06 12:35:00,34.26,34.27,34.26,34.27,1128
2026-03-06 12:36:00,34.27,34.27,34.26,34.27,2636
2026-03-06 12:37:00,34.27,34.27,34.26,34.27,402
2026-03-06 12:38:00,34.27,34.3,34.27,34.29,52511
2026-03-06 12:39:00,34.29,34.3,34.29,34.3,4333
2026-03-06 12:40:00,34.3,34.3,34.28,34.28,4351
2026-03-06 12:41:00,34.28,34.28,34.27,34.28,8887
2026-03-06 12:42:00,34.28,34.35,34.28,34.32,113868
2026-03-06 12:43:00,34.32,34.32,34.3,34.31,4066
2026-03-06 12:44:00,34.31,34.33,34.31,34.33,1778
2026-03-06 12:45:00,34.33,34.35,34.33,34.35,2886
2026-03-06 12:46:00,34.35,34.35,34.33,34.35,550
2026-03-06 12:47:00,34.35,34.35,34.33,34.34,73
2026-03-06 12:48:00,34.34,34.35,34.33,34.34,7403
2026-03-06 12:49:00,34.33,34.35,34.33,34.35,6108
2026-03-06 12:50:00,34.35,34.35,34.33,34.34,4055
2026-03-06 12:51:00,34.34,34.37,34.34,34.37,24066
2026-03-06 12:52:00,34.37,34.37,34.32,34.34,16948
2026-03-06 12:53:00,34.34,34.34,34.34,34.34,456
2026-03-06 12:54:00,34.35,34.35,34.34,34.34,929
2026-03-06 12:55:00,34.34,34.37,34.34,34.35,2914
2026-03-06 12:56:00,34.35,34.35,34.32,34.34,7412
2026-03-06 12:57:00,34.34,34.34,34.34,34.34,5
2026-03-06 12:58:00,34.34,34.34,34.33,34.34,2064
2026-03-06 12:59:00,34.34,34.34,34.33,34.33,3430
2026-03-06 13:00:00,34.33,34.33,34.32,34.32,19245
2026-03-06 13:01:00,34.32,34.35,34.32,34.34,9358
2026-03-06 13:02:00,34.34,34.34,34.32,34.33,5017
2026-03-06 13:03:00,34.33,34.33,34.32,34.33,74
2026-03-06 13:04:00,34.33,34.33,34.33,34.33,43
2026-03-06 13:05:00,34.33,34.33,34.33,34.33,80
2026-03-06 13:06:00,34.33,34.33,34.32,34.33,628
2026-03-06 13:07:00,34.33,34.33,34.32,34.33,1106
2026-03-06 13:08:00,34.33,34.33,34.32,34.33,2148
2026-03-06 13:09:00,34.33,34.33,34.32,34.32,187
2026-03-06 13:10:00,34.32,34.33,34.32,34.33,105
2026-03-06 13:11:00,34.33,34.33,34.32,34.33,1004
2026-03-06 13:12:00,34.33,34.34,34.32,34.34,12885
2026-03-06 13:13:00,34.35,34.35,34.34,34.34,144
2026-03-06 13:14:00,34.34,34.34,34.33,34.33,6678
2026-03-06 13:15:00,34.33,34.34,34.32,34.32,2105
2026-03-06 13:16:00,34.32,34.34,34.32,34.32,1137
2026-03-06 13:17:00,34.32,34.34,34.32,34.34,221
2026-03-06 13:18:00,34.34,34.34,34.32,34.32,396
2026-03-06 13:19:00,34.32,34.32,34.31,34.31,9253
2026-03-06 13:20:00,34.31,34.32,34.31,34.32,863
2026-03-06 13:21:00,34.32,34.32,34.31,34.32,3065
2026-03-06 13:22:00,34.32,34.32,34.31,34.32,4076
2026-03-06 13:23:00,34.32,34.32,34.31,34.32,1410
2026-03-06 13:24:00,34.32,34.34,34.32,34.32,23759
2026-03-06 13:25:00,34.34,34.34,34.32,34.34,558
2026-03-06 13:26:00,34.32,34.34,34.32,34.34,2070
2026-03-06 13:27:00,34.34,34.34,34.31,34.32,4325
2026-03-06 13:28:00,34.32,34.33,34.31,34.32,4850
2026-03-06 13:29:00,34.32,34.32,34.31,34.32,920
2026-03-06 13:30:00,34.32,34.32,34.31,34.32,942
2026-03-06 13:31:00,34.31,34.31,34.28,34.3,17499
2026-03-06 13:32:00,34.3,34.3,34.27,34.28,2553
2026-03-06 13:33:00,34.3,34.3,34.3,34.3,40
2026-03-06 13:34:00,34.28,34.28,34.28,34.28,1221
2026-03-06 13:35:00,34.3,34.3,34.3,34.3,475
2026-03-06 13:36:00,34.3,34.3,34.28,34.28,537
2026-03-06 13:37:00,34.29,34.32,34.29,34.32,18713
2026-03-06 13:38:00,34.32,34.32,34.32,34.32,905
2026-03-06 13:39:00,34.32,34.32,34.32,34.32,749
2026-03-06 13:40:00,34.32,34.34,34.32,34.34,40514
2026-03-06 13:41:00,34.34,34.34,34.34,34.34,10
2026-03-06 13:42:00,34.34,34.34,34.32,34.34,3128
2026-03-06 13:43:00,34.34,34.34,34.32,34.33,515
2026-03-06 13:44:00,34.33,34.33,34.32,34.33,526
2026-03-06 13:45:00,34.31,34.31,34.27,34.28,31666
2026-03-06 13:46:00,34.28,34.3,34.28,34.3,1895
2026-03-06 13:47:00,34.3,34.3,34.27,34.3,4580
2026-03-06 13:48:00,34.3,34.3,34.29,34.29,1227
2026-03-06 13:49:00,34.29,34.3,34.29,34.29,666
2026-03-06 13:50:00,34.3,34.3,34.3,34.3,1063
2026-03-06 13:51:00,34.3,34.3,34.3,34.3,1514
2026-03-06 13:52:00,34.3,34.3,34.27,34.28,19742
2026-03-06 13:53:00,34.28,34.29,34.27,34.29,617
2026-03-06 13:54:00,34.29,34.29,34.29,34.29,149
2026-03-06 13:55:00,34.29,34.29,34.28,34.28,1709
2026-03-06 13:56:00,34.27,34.27,34.25,34.27,4623
2026-03-06 13:57:00,34.27,34.28,34.25,34.28,5627
2026-03-06 13:58:00,34.28,34.28,34.28,34.28,646
2026-03-06 13:59:00,34.28,34.28,34.27,34.28,862
2026-03-06 14:00:00,34.28,34.28,34.26,34.26,337
2026-03-06 14:01:00,34.27,34.27,34.27,34.27,8318
2026-03-06 14:02:00,34.27,34.27,34.25,34.27,5186
2026-03-06 14:03:00,34.27,34.27,34.25,34.26,2229
2026-03-06 14:04:00,34.26,34.27,34.25,34.25,2241
2026-03-06 14:05:00,34.26,34.27,34.23,34.26,25585
2026-03-06 14:06:00,34.26,34.26,34.2,34.25,11083
2026-03-06 14:07:00,34.25,34.25,34.23,34.24,105
2026-03-06 14:08:00,34.23,34.24,34.23,34.24,203
2026-03-06 14:09:00,34.24,34.27,34.23,34.27,6365
2026-03-06 14:10:00,34.27,34.27,34.24,34.27,4097
2026-03-06 14:11:00,34.27,34.27,34.25,34.27,2258
2026-03-06 14:12:00,34.27,34.27,34.25,34.27,2131
2026-03-06 14:13:00,34.27,34.27,34.24,34.27,1050
2026-03-06 14:14:00,34.27,34.27,34.25,34.27,1866
2026-03-06 14:15:00,34.26,34.26,34.25,34.26,541
2026-03-06 14:16:00,34.26,34.26,34.25,34.26,298
2026-03-06 14:17:00,34.26,34.28,34.25,34.28,8203
2026-03-06 14:18:00,34.29,34.29,34.25,34.25,11001
2026-03-06 14:19:00,34.25,34.25,34.24,34.25,696
2026-03-06 14:20:00,34.25,34.26,34.25,34.26,83
2026-03-06 14:21:00,34.26,34.28,34.26,34.27,7430
2026-03-06 14:22:00,34.27,34.27,34.26,34.27,197
2026-03-06 14:23:00,34.27,34.27,34.25,34.27,5139
2026-03-06 14:24:00,34.26,34.27,34.25,34.26,1572
2026-03-06 14:25:00,34.26,34.26,34.25,34.26,267
2026-03-06 14:26:00,34.26,34.26,34.26,34.26,2351
2026-03-06 14:27:00,34.26,34.26,34.25,34.26,1372
2026-03-06 14:28:00,34.26,34.26,34.26,34.26,581
2026-03-06 14:29:00,34.26,34.26,34.26,34.26,769
2026-03-06 14:30:00,34.26,34.26,34.25,34.26,2252
2026-03-06 14:31:00,34.26,34.26,34.26,34.26,5407
2026-03-06 14:32:00,34.26,34.26,34.24,34.24,9366
2026-03-06 14:33:00,34.26,34.26,34.24,34.26,613
2026-03-06 14:34:00,34.26,34.26,34.21,34.24,19315
2026-03-06 14:35:00,34.24,34.24,34.22,34.23,6292
2026-03-06 14:36:00,34.23,34.23,34.21,34.21,19546
2026-03-06 14:37:00,34.21,34.21,34.2,34.21,5423
2026-03-06 14:38:00,34.21,34.22,34.2,34.22,22924
2026-03-06 14:39:00,34.22,34.22,34.2,34.21,4219
2026-03-06 14:40:00,34.21,34.23,34.18,34.18,25632
2026-03-06 14:41:00,34.18,34.18,34.17,34.18,6153
2026-03-06 14:42:00,34.18,34.18,34.17,34.18,3585
2026-03-06 14:43:00,34.18,34.18,34.16,34.18,12215
2026-03-06 14:44:00,34.18,34.19,34.15,34.19,10688
2026-03-06 14:45:00,34.18,34.21,34.16,34.19,111135
2026-03-06 14:46:00,34.17,34.33,34.17,34.32,223795
2026-03-06 14:47:00,34.32,34.35,34.3,34.35,41389
2026-03-06 14:48:00,34.34,34.34,34.25,34.28,163274
2026-03-06 14:49:00,34.21,34.28,34.21,34.25,9572
2026-03-06 14:50:00,34.26,34.26,34.24,34.24,7191
2026-03-06 14:51:00,34.24,34.25,34.23,34.25,2108
2026-03-06 14:52:00,34.25,34.25,34.23,34.25,1325
2026-03-06 14:53:00,34.25,34.28,34.24,34.28,4723
2026-03-06 14:54:00,34.28,34.28,34.25,34.25,564
2026-03-06 14:55:00,34.26,34.26,34.24,34.24,3167
2026-03-06 14:56:00,34.24,34.24,34.23,34.23,1043
2026-03-06 14:57:00,34.23,34.23,34.22,34.23,5910
2026-03-06 14:58:00,34.2,34.23,34.2,34.23,1785
2026-03-06 14:59:00,34.23,34.23,34.2,34.23,6038
2026-03-06 15:00:00,34.23,34.23,34.18,34.22,33621
2026-03-06 15:01:00,34.18,34.22,34.18,34.19,24097
2026-03-06 15:02:00,34.18,34.19,34.18,34.19,1059
2026-03-06 15:03:00,34.19,34.19,34.16,34.18,9410
2026-03-06 15:04:00,34.17,34.17,34.14,34.15,96796
2026-03-06 15:05:00,34.15,34.17,34.11,34.17,103387
2026-03-06 15:06:00,34.17,34.18,34.13,34.14,10918
2026-03-06 15:07:00,34.15,34.15,34.12,34.12,6095
2026-03-06 15:08:00,34.11,34.12,34.09,34.12,55099
2026-03-06 15:09:00,34.1,34.12,34.08,34.1,18225
2026-03-06 15:10:00,34.1,34.12,34.09,34.12,13637
2026-03-06 15:11:00,34.12,34.12,34.1,34.11,16083
2026-03-06 15:12:00,34.1,34.11,34.1,34.11,14647
2026-03-06 15:13:00,34.11,34.11,34.08,34.1,16950
2026-03-06 15:14:00,34.08,34.09,34.07,34.08,32225
2026-03-06 15:15:00,34.08,34.08,34.05,34.08,38018
2026-03-06 15:16:00,34.08,34.08,34.07,34.08,25353
2026-03-06 15:17:00,34.08,34.08,34.07,34.08,13794
2026-03-06 15:18:00,34.07,34.07,34.05,34.06,23728
2026-03-06 15:19:00,34.07,34.07,34.05,34.06,7100
2026-03-06 15:20:00,34.06,34.06,34.05,34.06,30504
2026-03-06 15:21:00,34.06,34.06,34.05,34.06,22191
2026-03-06 15:22:00,34.06,34.06,34.03,34.03,25801
2026-03-06 15:23:00,34.04,34.04,34.02,34.03,35664
2026-03-06 15:24:00,34.03,34.03,34.01,34.02,48192
2026-03-06 15:25:00,34.03,34.03,34.0,34.0,97028
2026-03-06 15:26:00,34.02,34.05,34.0,34.05,18060
2026-03-06 15:27:00,34.04,34.06,34.04,34.06,14636
2026-03-06 15:28:00,34.06,34.06,34.05,34.06,14767
2026-03-06 15:29:00,34.08,34.08,34.04,34.04,37773
2026-03-09 09:15:00,33.7,33.82,33.53,33.53,220882
2026-03-09 09:16:00,33.52,33.52,33.25,33.26,231165
2026-03-09 09:17:00,33.27,33.27,33.04,33.18,105055
2026-03-09 09:18:00,33.09,33.14,33.08,33.1,111243
2026-03-09 09:19:00,33.08,33.09,32.85,33.06,208559
2026-03-09 09:20:00,33.06,33.07,32.8,32.92,168547
2026-03-09 09:21:00,32.91,32.94,32.8,32.85,68973
2026-03-09 09:22:00,32.85,32.94,32.83,32.85,54725
2026-03-09 09:23:00,32.8,32.88,32.76,32.84,52399
2026-03-09 09:24:00,32.84,32.86,32.7,32.7,55138
2026-03-09 09:25:00,32.71,32.72,32.6,32.65,82430
2026-03-09 09:26:00,32.65,32.74,32.65,32.69,63142
2026-03-09 09:27:00,32.66,32.8,32.66,32.75,171260
2026-03-09 09:28:00,32.78,32.79,32.69,32.75,32424
2026-03-09 09:29:00,32.75,32.8,32.75,32.79,61579
2026-03-09 09:30:00,32.78,32.88,32.77,32.87,41609
2026-03-09 09:31:00,32.8,32.85,32.76,32.85,121346
2026-03-09 09:32:00,32.85,32.88,32.81,32.83,29684
2026-03-09 09:33:00,32.8,32.88,32.79,32.88,46377
2026-03-09 09:34:00,32.9,32.9,32.82,32.86,31994
2026-03-09 09:35:00,32.88,32.9,32.81,32.9,188111
2026-03-09 09:36:00,32.87,32.97,32.87,32.96,15713
2026-03-09 09:37:00,32.97,33.0,32.95,33.0,22562
2026-03-09 09:38:00,33.0,33.0,32.93,32.93,50149
2026-03-09 09:39:00,32.94,32.95,32.92,32.92,15809
2026-03-09 09:40:00,32.93,32.93,32.88,32.88,15189
2026-03-09 09:41:00,32.88,32.89,32.8,32.8,71297
2026-03-09 09:42:00,32.82,32.89,32.82,32.85,19169
2026-03-09 09:43:00,32.88,32.88,32.79,32.8,69569
2026-03-09 09:44:00,32.8,32.81,32.77,32.77,16474
2026-03-09 09:45:00,32.78,32.78,32.73,32.73,10950
2026-03-09 09:46:00,32.72,32.76,32.7,32.74,40315
2026-03-09 09:47:00,32.74,32.84,32.74,32.82,35714
2026-03-09 09:48:00,32.82,32.86,32.82,32.85,47241
2026-03-09 09:49:00,32.88,32.88,32.84,32.87,20682
2026-03-09 09:50:00,32.85,32.85,32.75,32.77,23298
2026-03-09 09:51:00,32.75,32.75,32.7,32.75,50173
2026-03-09 09:52:00,32.77,32.8,32.72,32.77,43384
2026-03-09 09:53:00,32.72,32.77,32.7,32.77,53607
2026-03-09 09:54:00,32.76,32.76,32.7,32.71,41289
2026-03-09 09:55:00,32.74,32.74,32.69,32.69,83102
2026-03-09 09:56:00,32.73,32.76,32.69,32.76,27821
2026-03-09 09:57:00,32.75,32.83,32.75,32.8,25369
2026-03-09 09:58:00,32.8,32.8,32.78,32.78,29073
2026-03-09 09:59:00,32.78,32.8,32.74,32.74,17640
2026-03-09 10:00:00,32.73,32.85,32.73,32.83,68987
2026-03-09 10:01:00,32.8,32.87,32.79,32.79,53488
2026-03-09 10:02:00,32.77,32.78,32.68,32.71,41077
2026-03-09 10:03:00,32.71,32.72,32.68,32.71,20209
2026-03-09 10:04:00,32.7,32.71,32.66,32.67,19328
2026-03-09 10:05:00,32.66,32.7,32.66,32.7,11772
2026-03-09 10:06:00,32.7,32.8,32.7,32.8,22765
2026-03-09 10:07:00,32.8,32.8,32.77,32.8,3094
2026-03-09 10:08:00,32.8,32.83,32.79,32.82,39733
2026-03-09 10:09:00,32.82,32.84,32.79,32.82,14770
2026-03-09 10:10:00,32.82,32.87,32.82,32.87,12579
2026-03-09 10:11:00,32.86,32.9,32.86,32.87,29606
2026-03-09 10:12:00,32.86,32.89,32.85,32.89,2540
2026-03-09 10:13:00,32.89,32.89,32.81,32.86,17757
2026-03-09 10:14:00,32.86,32.86,32.8,32.83,9458
2026-03-09 10:15:00,32.82,32.82,32.76,32.79,9490
2026-03-09 10:16:00,32.78,32.79,32.76,32.77,30257
2026-03-09 10:17:00,32.77,32.78,32.71,32.73,21035
2026-03-09 10:18:00,32.73,32.73,32.68,32.7,29954
2026-03-09 10:19:00,32.7,32.72,32.69,32.7,6488
2026-03-09 10:20:00,32.72,32.75,32.71,32.74,12103
2026-03-09 10:21:00,32.76,32.81,32.73,32.81,17627
2026-03-09 10:22:00,32.75,32.78,32.74,32.74,8436
2026-03-09 10:23:00,32.76,32.76,32.71,32.72,9112
2026-03-09 10:24:00,32.71,32.74,32.71,32.74,14966
2026-03-09 10:25:00,32.74,32.74,32.7,32.71,58070
2026-03-09 10:26:00,32.7,32.75,32.68,32.75,21867
2026-03-09 10:27:00,32.75,32.75,32.74,32.74,3314
2026-03-09 10:28:00,32.75,32.79,32.75,32.79,17092
2026-03-09 10:29:00,32.79,32.79,32.74,32.74,12190
2026-03-09 10:30:00,32.74,32.75,32.7,32.72,7566
2026-03-09 10:31:00,32.72,32.73,32.67,32.67,67269
2026-03-09 10:32:00,32.66,32.66,32.65,32.65,35907
2026-03-09 10:33:00,32.67,32.7,32.66,32.7,11404
2026-03-09 10:34:00,32.71,32.71,32.66,32.67,7767
2026-03-09 10:35:00,32.65,32.69,32.64,32.69,9944
2026-03-09 10:36:00,32.69,32.69,32.65,32.65,5634
2026-03-09 10:37:00,32.67,32.7,32.65,32.7,24299
2026-03-09 10:38:00,32.69,32.75,32.68,32.7,17555
2026-03-09 10:39:00,32.7,32.7,32.65,32.68,19112
2026-03-09 10:40:00,32.68,32.68,32.64,32.65,6987
2026-03-09 10:41:00,32.65,32.66,32.64,32.64,5192
2026-03-09 10:42:00,32.64,32.68,32.64,32.68,3809
2026-03-09 10:43:00,32.68,32.7,32.68,32.7,13258
2026-03-09 10:44:00,32.7,32.7,32.64,32.68,12251
2026-03-09 10:45:00,32.68,32.71,32.68,32.69,7781
2026-03-09 10:46:00,32.69,32.72,32.69,32.7,8025
2026-03-09 10:47:00,32.71,32.72,32.66,32.66,7242
2026-03-09 10:48:00,32.66,32.69,32.66,32.68,7274
2026-03-09 10:49:00,32.66,32.69,32.66,32.69,11862
2026-03-09 10:50:00,32.67,32.74,32.64,32.74,42330
2026-03-09 10:51:00,32.74,32.88,32.71,32.88,10871
2026-03-09 10:52:00,32.88,32.88,32.81,32.85,58466
2026-03-09 10:53:00,32.83,32.86,32.83,32.86,47121
2026-03-09 10:54:00,32.86,32.88,32.84,32.84,8943
2026-03-09 10:55:00,32.83,32.84,32.81,32.83,15801
2026-03-09 10:56:00,32.8,32.88,32.8,32.87,17615
2026-03-09 10:57:00,32.9,32.97,32.89,32.92,38677
2026-03-09 10:58:00,32.92,32.92,32.84,32.9,42919
2026-03-09 10:59:00,32.9,32.9,32.8,32.83,19205
2026-03-09 11:00:00,32.86,32.86,32.78,32.81,9648
2026-03-09 11:01:00,32.79,32.83,32.79,32.81,12759
2026-03-09 11:02:00,32.81,32.88,32.8,32.87,2646
2026-03-09 11:03:00,32.84,32.89,32.84,32.87,723
2026-03-09 11:04:00,32.87,32.9,32.84,32.89,19253
2026-03-09 11:05:00,32.89,32.89,32.84,32.86,13025
2026-03-09 11:06:00,32.86,32.87,32.84,32.87,2740
2026-03-09 11:07:00,32.87,32.87,32.85,32.86,3014
2026-03-09 11:08:00,32.83,32.85,32.8,32.85,23450
2026-03-09 11:09:00,32.84,32.86,32.8,32.81,53318
2026-03-09 11:10:00,32.85,32.86,32.78,32.78,31691
2026-03-09 11:11:00,32.78,32.8,32.73,32.75,165528
2026-03-09 11:12:00,32.75,32.78,32.73,32.78,2928
2026-03-09 11:13:00,32.78,32.8,32.75,32.8,5535
2026-03-09 11:14:00,32.8,32.8,32.75,32.77,12645
2026-03-09 11:15:00,32.8,32.8,32.76,32.78,6067
2026-03-09 11:16:00,32.76,32.79,32.76,32.79,3227
2026-03-09 11:17:00,32.76,32.79,32.76,32.78,9008
2026-03-09 11:18:00,32.78,32.8,32.78,32.79,7499
2026-03-09 11:19:00,32.79,32.84,32.79,32.84,64976
2026-03-09 11:20:00,32.84,32.85,32.82,32.84,2057
2026-03-09 11:21:00,32.84,32.85,32.84,32.85,1692
2026-03-09 11:22:00,32.85,32.88,32.85,32.87,29893
2026-03-09 11:23:00,32.87,32.88,32.86,32.86,16997
2026-03-09 11:24:00,32.88,32.88,32.84,32.85,17762
2026-03-09 11:25:00,32.87,32.88,32.85,32.87,9015
2026-03-09 11:26:00,32.87,32.87,32.83,32.83,1599
2026-03-09 11:27:00,32.83,32.85,32.83,32.85,8876
2026-03-09 11:28:00,32.85,32.96,32.85,32.96,21409
2026-03-09 11:29:00,32.96,32.96,32.92,32.94,6793
2026-03-09 11:30:00,32.94,32.94,32.91,32.94,4482
2026-03-09 11:31:00,32.94,32.94,32.92,32.94,4135
2026-03-09 11:32:00,32.94,32.94,32.88,32.89,30936
2026-03-09 11:33:00,32.89,32.9,32.88,32.88,973
2026-03-09 11:34:00,32.88,32.94,32.88,32.92,2687
2026-03-09 11:35:00,32.94,32.94,32.88,32.92,8378
2026-03-09 11:36:00,32.91,32.91,32.89,32.91,5625
2026-03-09 11:37:00,32.91,32.94,32.91,32.93,16781
2026-03-09 11:38:00,32.93,32.93,32.9,32.9,10243
2026-03-09 11:39:00,32.91,32.92,32.9,32.9,2976
2026-03-09 11:40:00,32.91,33.0,32.91,33.0,96927
2026-03-09 11:41:00,33.0,33.02,32.98,33.02,18788
2026-03-09 11:42:00,32.95,32.98,32.94,32.94,71748
2026-03-09 11:43:00,32.95,32.97,32.92,32.93,71809
2026-03-09 11:44:00,32.93,32.94,32.93,32.94,7604
2026-03-09 11:45:00,32.94,32.96,32.89,32.89,25839
2026-03-09 11:46:00,32.89,32.91,32.85,32.89,13325
2026-03-09 11:47:00,32.91,32.95,32.91,32.93,2442
2026-03-09 11:48:00,32.93,32.93,32.88,32.88,6960
2026-03-09 11:49:00,32.88,32.91,32.86,32.91,6703
2026-03-09 11:50:00,32.91,32.91,32.86,32.86,7214
2026-03-09 11:51:00,32.9,32.91,32.89,32.9,29314
2026-03-09 11:52:00,32.89,32.91,32.88,32.91,11150
2026-03-09 11:53:00,32.92,32.92,32.86,32.88,19925
2026-03-09 11:54:00,32.88,32.91,32.85,32.91,4951
2026-03-09 11:55:00,32.91,32.91,32.85,32.85,3935
2026-03-09 11:56:00,32.85,32.87,32.85,32.87,818
2026-03-09 11:57:00,32.87,32.87,32.85,32.87,1905
2026-03-09 11:58:00,32.87,32.87,32.86,32.87,2140
2026-03-09 11:59:00,32.87,32.87,32.87,32.87,124
2026-03-09 12:00:00,32.87,32.87,32.82,32.84,13782
2026-03-09 12:01:00,32.84,32.84,32.82,32.84,555
2026-03-09 12:02:00,32.84,32.84,32.82,32.83,6506
2026-03-09 12:03:00,32.83,32.83,32.82,32.83,1740
2026-03-09 12:04:00,32.82,32.89,32.82,32.88,2710
2026-03-09 12:05:00,32.88,32.88,32.85,32.85,2521
2026-03-09 12:06:00,32.85,32.85,32.83,32.85,3856
2026-03-09 12:07:00,32.85,32.85,32.83,32.85,2719
2026-03-09 12:08:00,32.85,32.86,32.85,32.85,2546
2026-03-09 12:09:00,32.86,32.86,32.83,32.86,1974
2026-03-09 12:10:00,32.86,32.86,32.82,32.84,2440
2026-03-09 12:11:00,32.83,32.87,32.83,32.87,1332
2026-03-09 12:12:00,32.87,32.88,32.86,32.88,6990
2026-03-09 12:13:00,32.88,32.89,32.85,32.85,4006
2026-03-09 12:14:00,32.85,32.87,32.85,32.87,2036
2026-03-09 12:15:00,32.87,32.87,32.87,32.87,243
2026-03-09 12:16:00,32.87,32.87,32.85,32.87,2811
2026-03-09 12:17:00,32.87,32.87,32.83,32.83,2880
2026-03-09 12:18:00,32.83,32.87,32.83,32.87,2499
2026-03-09 12:19:00,32.87,32.87,32.86,32.87,1562
2026-03-09 12:20:00,32.87,32.87,32.85,32.85,2987
2026-03-09 12:21:00,32.85,32.86,32.85,32.86,929
2026-03-09 12:22:00,32.86,32.86,32.85,32.86,358
2026-03-09 12:23:00,32.81,32.83,32.8,32.83,19160
2026-03-09 12:24:00,32.83,32.83,32.81,32.83,592
2026-03-09 12:25:00,32.84,32.87,32.84,32.87,2925
2026-03-09 12:26:00,32.87,32.89,32.87,32.89,13727
2026-03-09 12:27:00,32.89,32.9,32.86,32.87,6318
2026-03-09 12:28:00,32.87,32.89,32.86,32.89,10678
2026-03-09 12:29:00,32.87,32.9,32.86,32.9,1824
2026-03-09 12:30:00,32.9,32.9,32.88,32.9,276
2026-03-09 12:31:00,32.9,32.9,32.86,32.88,6052
2026-03-09 12:32:00,32.88,32.89,32.87,32.89,16101
2026-03-09 12:33:00,32.89,32.89,32.86,32.88,2783
2026-03-09 12:34:00,32.89,32.89,32.86,32.87,4633
2026-03-09 12:35:00,32.85,32.88,32.85,32.85,672
2026-03-09 12:36:00,32.85,32.87,32.85,32.87,817
2026-03-09 12:37:00,32.85,32.87,32.85,32.87,235
2026-03-09 12:38:00,32.87,32.9,32.87,32.9,1760
2026-03-09 12:39:00,32.9,32.94,32.9,32.93,3203
2026-03-09 12:40:00,32.93,32.94,32.9,32.92,2587
2026-03-09 12:41:00,32.92,32.92,32.9,32.9,2293
2026-03-09 12:42:00,32.92,32.95,32.92,32.92,5903
2026-03-09 12:43:00,32.92,32.95,32.92,32.95,543
2026-03-09 12:44:00,32.95,32.95,32.88,32.88,16014
2026-03-09 12:45:00,32.88,32.92,32.88,32.92,18673
2026-03-09 12:46:00,32.92,32.92,32.91,32.92,1529
2026-03-09 12:47:00,32.92,32.92,32.9,32.9,1824
2026-03-09 12:48:00,32.92,32.92,32.88,32.91,6544
2026-03-09 12:49:00,32.91,32.91,32.85,32.87,14439
2026-03-09 12:50:00,32.87,32.9,32.85,32.89,546
2026-03-09 12:51:00,32.9,32.9,32.87,32.9,1125
2026-03-09 12:52:00,32.87,32.9,32.87,32.89,1514
2026-03-09 12:53:00,32.89,32.9,32.86,32.86,45880
2026-03-09 12:54:00,32.86,32.9,32.86,32.9,588
2026-03-09 12:55:00,32.9,32.9,32.88,32.88,226
2026-03-09 12:56:00,32.88,32.89,32.88,32.89,608
2026-03-09 12:57:00,32.89,32.9,32.89,32.89,4023
2026-03-09 12:58:00,32.91,32.91,32.86,32.9,5178
2026-03-09 12:59:00,32.9,32.9,32.88,32.9,1000
2026-03-09 13:00:00,32.9,32.9,32.85,32.87,3644
2026-03-09 13:01:00,32.87,32.87,32.85,32.87,2124
2026-03-09 13:02:00,32.88,32.88,32.81,32.85,12659
2026-03-09 13:03:00,32.85,32.89,32.83,32.86,1072
2026-03-09 13:04:00,32.86,32.87,32.83,32.87,3755
2026-03-09 13:05:00,32.87,32.87,32.86,32.86,33
2026-03-09 13:06:00,32.86,32.86,32.85,32.85,3497
2026-03-09 13:07:00,32.85,32.85,32.83,32.85,159
2026-03-09 13:08:00,32.85,32.85,32.82,32.82,4896
2026-03-09 13:09:00,32.83,32.85,32.83,32.84,1321
2026-03-09 13:10:00,32.84,32.85,32.83,32.85,1589
2026-03-09 13:11:00,32.85,32.86,32.82,32.82,9327
2026-03-09 13:12:00,32.83,32.84,32.82,32.84,1211
2026-03-09 13:13:00,32.84,32.84,32.81,32.83,10338
2026-03-09 13:14:00,32.83,32.84,32.8,32.84,11917
2026-03-09 13:15:00,32.84,32.85,32.81,32.83,10966
2026-03-09 13:16:00,32.83,32.85,32.83,32.85,3412
2026-03-09 13:17:00,32.84,32.85,32.81,32.81,4926
2026-03-09 13:18:00,32.81,32.85,32.81,32.85,1959
2026-03-09 13:19:00,32.85,32.85,32.83,32.83,386
2026-03-09 13:20:00,32.83,32.89,32.83,32.89,5132
2026-03-09 13:21:00,32.9,32.9,32.87,32.87,885
2026-03-09 13:22:00,32.87,32.88,32.85,32.88,259
2026-03-09 13:23:00,32.88,32.89,32.86,32.89,410
2026-03-09 13:24:00,32.87,32.89,32.86,32.86,3355
2026-03-09 13:25:00,32.86,32.86,32.84,32.86,3227
2026-03-09 13:26:00,32.86,32.89,32.86,32.89,1933
2026-03-09 13:27:00,32.89,32.9,32.88,32.9,4673
2026-03-09 13:28:00,32.9,32.9,32.86,32.87,762
2026-03-09 13:29:00,32.89,32.89,32.88,32.88,331
2026-03-09 13:30:00,32.89,32.89,32.87,32.88,685
2026-03-09 13:31:00,32.87,32.9,32.87,32.9,5103
2026-03-09 13:32:00,32.9,32.91,32.84,32.86,13668
2026-03-09 13:33:00,32.86,32.95,32.86,32.95,9113
2026-03-09 13:34:00,32.93,32.95,32.88,32.91,2523
2026-03-09 13:35:00,32.89,32.9,32.86,32.89,7989
2026-03-09 13:36:00,32.89,32.89,32.86,32.88,706
2026-03-09 13:37:00,32.88,32.88,32.88,32.88,291
2026-03-09 13:38:00,32.88,32.88,32.86,32.88,10867
2026-03-09 13:39:00,32.88,32.9,32.88,32.88,3149
2026-03-09 13:40:00,32.88,32.9,32.88,32.9,2240
2026-03-09 13:41:00,32.9,32.94,32.9,32.94,5247
2026-03-09 13:42:00,32.9,32.93,32.9,32.93,3355
2026-03-09 13:43:00,32.92,32.93,32.9,32.93,4094
2026-03-09 13:44:00,32.93,32.94,32.93,32.94,270
2026-03-09 13:45:00,32.94,32.94,32.9,32.9,18004
2026-03-09 13:46:00,32.9,32.91,32.85,32.86,2284
2026-03-09 13:47:00,32.86,32.86,32.85,32.86,1325
2026-03-09 13:48:00,32.86,32.93,32.86,32.89,2132
2026-03-09 13:49:00,32.89,32.9,32.86,32.89,8892
2026-03-09 13:50:00,32.9,32.9,32.85,32.89,18846
2026-03-09 13:51:00,32.88,32.88,32.87,32.88,1927
2026-03-09 13:52:00,32.88,32.88,32.87,32.88,2481
2026-03-09 13:53:00,32.88,32.88,32.86,32.87,2536
2026-03-09 13:54:00,32.86,32.87,32.85,32.87,1982
2026-03-09 13:55:00,32.86,32.87,32.86,32.87,1632
2026-03-09 13:56:00,32.87,32.87,32.86,32.87,1452
2026-03-09 13:57:00,32.87,32.87,32.86,32.87,282
2026-03-09 13:58:00,32.87,32.87,32.84,32.85,12321
2026-03-09 13:59:00,32.83,32.84,32.83,32.84,3399
2026-03-09 14:00:00,32.84,32.85,32.84,32.84,5798
2026-03-09 14:01:00,32.84,32.84,32.82,32.82,1112
2026-03-09 14:02:00,32.82,32.83,32.81,32.82,2547
2026-03-09 14:03:00,32.82,32.86,32.82,32.85,1655
2026-03-09 14:04:00,32.82,32.84,32.81,32.83,6493
2026-03-09 14:05:00,32.83,32.83,32.81,32.83,759
2026-03-09 14:06:00,32.83,32.84,32.83,32.84,1016
2026-03-09 14:07:00,32.84,32.85,32.83,32.85,7397
2026-03-09 14:08:00,32.88,32.89,32.86,32.88,22948
2026-03-09 14:09:00,32.86,32.89,32.86,32.87,2204
2026-03-09 14:10:00,32.87,32.89,32.86,32.88,1373
2026-03-09 14:11:00,32.88,32.88,32.83,32.85,7265
2026-03-09 14:12:00,32.85,32.86,32.82,32.86,3739
2026-03-09 14:13:00,32.86,32.86,32.83,32.85,1603
2026-03-09 14:14:00,32.85,32.85,32.83,32.85,1690
2026-03-09 14:15:00,32.85,32.85,32.82,32.82,11523
2026-03-09 14:16:00,32.81,32.81,32.77,32.8,46240
2026-03-09 14:17:00,32.76,32.8,32.76,32.76,11572
2026-03-09 14:18:00,32.79,32.79,32.76,32.79,2474
2026-03-09 14:19:00,32.79,32.79,32.77,32.79,1411
2026-03-09 14:20:00,32.79,32.79,32.76,32.79,773
2026-03-09 14:21:00,32.79,32.82,32.76,32.81,23518
2026-03-09 14:22:00,32.81,32.84,32.81,32.84,409
2026-03-09 14:23:00,32.84,32.84,32.82,32.83,4267
2026-03-09 14:24:00,32.83,32.88,32.82,32.86,24115
2026-03-09 14:25:00,32.85,32.86,32.85,32.85,2249
2026-03-09 14:26:00,32.85,32.88,32.85,32.88,5420
2026-03-09 14:27:00,32.88,32.88,32.85,32.85,851
2026-03-09 14:28:00,32.85,32.87,32.85,32.86,1809
2026-03-09 14:29:00,32.86,32.86,32.85,32.85,993
2026-03-09 14:30:00,32.87,32.87,32.85,32.86,2951
2026-03-09 14:31:00,32.86,32.87,32.85,32.87,1677
2026-03-09 14:32:00,32.87,32.87,32.85,32.87,1701
2026-03-09 14:33:00,32.87,32.87,32.83,32.84,7048
2026-03-09 14:34:00,32.84,32.86,32.82,32.82,3198
2026-03-09 14:35:00,32.84,32.85,32.82,32.82,294
2026-03-09 14:36:00,32.83,32.85,32.83,32.85,2703
2026-03-09 14:37:00,32.83,32.87,32.83,32.85,6810
2026-03-09 14:38:00,32.85,32.86,32.85,32.85,3266
2026-03-09 14:39:00,32.83,32.85,32.83,32.85,3518
2026-03-09 14:40:00,32.85,32.85,32.84,32.85,4081
2026-03-09 14:41:00,32.85,32.85,32.8,32.83,9739
2026-03-09 14:42:00,32.83,32.85,32.83,32.85,4808
2026-03-09 14:43:00,32.85,32.93,32.85,32.87,51925
2026-03-09 14:44:00,32.87,32.91,32.87,32.89,4320
2026-03-09 14:45:00,32.9,32.9,32.87,32.89,1890
2026-03-09 14:46:00,32.92,32.97,32.89,32.95,45388
2026-03-09 14:47:00,32.95,32.95,32.91,32.94,14047
2026-03-09 14:48:00,32.94,32.96,32.92,32.96,10943
2026-03-09 14:49:00,32.97,32.97,32.9,32.91,9435
2026-03-09 14:50:00,32.91,32.93,32.9,32.92,26552
2026-03-09 14:51:00,32.92,32.93,32.89,32.89,21649
2026-03-09 14:52:00,32.89,32.93,32.86,32.88,15029
2026-03-09 14:53:00,32.85,32.88,32.82,32.88,34652
2026-03-09 14:54:00,32.86,32.9,32.86,32.88,2103
2026-03-09 14:55:00,32.88,32.9,32.86,32.9,11920
2026-03-09 14:56:00,32.87,32.9,32.87,32.89,26647
2026-03-09 14:57:00,32.89,32.9,32.85,32.87,7787
2026-03-09 14:58:00,32.87,32.93,32.87,32.93,12967
2026-03-09 14:59:00,32.93,32.93,32.87,32.9,14702
2026-03-09 15:00:00,32.92,32.92,32.87,32.87,18889
2026-03-09 15:01:00,32.89,32.9,32.88,32.9,2388
2026-03-09 15:02:00,32.89,32.92,32.89,32.91,5271
2026-03-09 15:03:00,32.91,32.94,32.88,32.93,36040
2026-03-09 15:04:00,32.94,32.94,32.92,32.93,6914
2026-03-09 15:05:00,32.94,32.94,32.93,32.94,3830
2026-03-09 15:06:00,32.94,32.95,32.9,32.95,48653
2026-03-09 15:07:00,32.95,32.95,32.94,32.95,15230
2026-03-09 15:08:00,32.93,32.94,32.93,32.94,28492
2026-03-09 15:09:00,32.94,32.96,32.94,32.96,41416
2026-03-09 15:10:00,32.93,32.96,32.93,32.93,8981
2026-03-09 15:11:00,32.94,32.94,32.9,32.93,113378
2026-03-09 15:12:00,32.93,32.97,32.92,32.97,59676
2026-03-09 15:13:00,32.97,32.98,32.94,32.97,35027
2026-03-09 15:14:00,32.95,32.99,32.95,32.99,14637
2026-03-09 15:15:00,32.99,33.03,32.99,33.02,66873
2026-03-09 15:16:00,33.03,33.03,32.96,32.99,47779
2026-03-09 15:17:00,32.99,33.01,32.98,33.0,11977
2026-03-09 15:18:00,33.01,33.02,32.98,33.02,78556
2026-03-09 15:19:00,33.02,33.09,33.01,33.09,28329
2026-03-09 15:20:00,33.05,33.09,33.05,33.09,81843
2026-03-09 15:21:00,33.06,33.1,33.06,33.08,96504
2026-03-09 15:22:00,33.09,33.13,33.09,33.13,51304
2026-03-09 15:23:00,33.13,33.16,33.1,33.16,42174
2026-03-09 15:24:00,33.16,33.18,33.12,33.18,45717
2026-03-09 15:25:00,33.16,33.2,33.16,33.18,61812
2026-03-09 15:26:00,33.18,33.18,33.15,33.16,17807
2026-03-09 15:27:00,33.16,33.17,33.11,33.16,45435
2026-03-09 15:28:00,33.17,33.17,33.11,33.16,16586
2026-03-09 15:29:00,33.15,33.19,33.15,33.19,46777
2026-03-10 09:15:00,33.52,33.79,33.51,33.6,155713
2026-03-10 09:16:00,33.57,33.58,33.4,33.4,70146
2026-03-10 09:17:00,33.45,33.45,33.35,33.45,60624
2026-03-10 09:18:00,33.42,33.42,33.38,33.39,126844
2026-03-10 09:19:00,33.4,33.4,33.36,33.39,22317
2026-03-10 09:20:00,33.39,33.42,33.3,33.42,56135
2026-03-10 09:21:00,33.39,33.45,33.38,33.45,14515
2026-03-10 09:22:00,33.44,33.49,33.4,33.4,31383
2026-03-10 09:23:00,33.4,33.44,33.36,33.42,52062
2026-03-10 09:24:00,33.36,33.41,33.35,33.37,21129
2026-03-10 09:25:00,33.38,33.38,33.35,33.35,10131
2026-03-10 09:26:00,33.38,33.38,33.27,33.27,31170
2026-03-10 09:27:00,33.31,33.33,33.3,33.31,9959
2026-03-10 09:28:00,33.31,33.33,33.27,33.33,12528
2026-03-10 09:29:00,33.33,33.38,33.29,33.33,29272
2026-03-10 09:30:00,33.32,33.32,33.26,33.26,22789
2026-03-10 09:31:00,33.25,33.28,33.23,33.26,8045
2026-03-10 09:32:00,33.26,33.26,33.21,33.21,7587
2026-03-10 09:33:00,33.25,33.25,33.22,33.22,6447
2026-03-10 09:34:00,33.21,33.23,33.19,33.21,53140
2026-03-10 09:35:00,33.18,33.2,33.15,33.19,19983
2026-03-10 09:36:00,33.19,33.19,33.11,33.17,34015
2026-03-10 09:37:00,33.15,33.24,33.15,33.17,34026
2026-03-10 09:38:00,33.18,33.2,33.18,33.2,7177
2026-03-10 09:39:00,33.18,33.2,33.16,33.17,6906
2026-03-10 09:40:00,33.17,33.2,33.1,33.1,21166
2026-03-10 09:41:00,33.1,33.1,33.08,33.1,100164
2026-03-10 09:42:00,33.09,33.1,33.07,33.09,8007
2026-03-10 09:43:00,33.06,33.09,33.03,33.06,30905
2026-03-10 09:44:00,33.06,33.12,33.06,33.12,12477
2026-03-10 09:45:00,33.12,33.17,33.1,33.17,15849
2026-03-10 09:46:00,33.18,33.19,33.16,33.19,8955
2026-03-10 09:47:00,33.2,33.2,33.14,33.14,13355
2026-03-10 09:48:00,33.17,33.17,33.12,33.12,11332
2026-03-10 09:49:00,33.12,33.15,33.12,33.15,7788
2026-03-10 09:50:00,33.13,33.13,33.12,33.13,14369
2026-03-10 09:51:00,33.13,33.13,33.1,33.12,3159
2026-03-10 09:52:00,33.12,33.13,33.12,33.13,3996
2026-03-10 09:53:00,33.13,33.15,33.12,33.14,43614
2026-03-10 09:54:00,33.14,33.14,33.09,33.09,13119
2026-03-10 09:55:00,33.1,33.14,33.1,33.13,10739
2026-03-10 09:56:00,33.13,33.13,33.11,33.13,4930
2026-03-10 09:57:00,33.12,33.13,33.09,33.09,7309
2026-03-10 09:58:00,33.09,33.11,33.08,33.08,2726
2026-03-10 09:59:00,33.08,33.12,33.07,33.12,18193
2026-03-10 10:00:00,33.12,33.12,33.1,33.12,5487
2026-03-10 10:01:00,33.12,33.13,33.1,33.13,27375
2026-03-10 10:02:00,33.13,33.15,33.13,33.15,18680
2026-03-10 10:03:00,33.14,33.15,33.14,33.15,2049
2026-03-10 10:04:00,33.14,33.15,33.12,33.14,4793
2026-03-10 10:05:00,33.14,33.18,33.14,33.17,16762
2026-03-10 10:06:00,33.18,33.18,33.13,33.14,8879
2026-03-10 10:07:00,33.17,33.19,33.17,33.19,1552
2026-03-10 10:08:00,33.19,33.25,33.19,33.25,11411
2026-03-10 10:09:00,33.22,33.25,33.2,33.21,6259
2026-03-10 10:10:00,33.19,33.21,33.17,33.17,9994
2026-03-10 10:11:00,33.17,33.19,33.15,33.18,1825
2026-03-10 10:12:00,33.18,33.19,33.18,33.19,3441
2026-03-10 10:13:00,33.2,33.24,33.2,33.21,10954
2026-03-10 10:14:00,33.21,33.23,33.21,33.23,1924
2026-03-10 10:15:00,33.23,33.3,33.23,33.3,37500
2026-03-10 10:16:00,33.28,33.3,33.28,33.3,14433
2026-03-10 10:17:00,33.32,33.33,33.3,33.33,7743
2026-03-10 10:18:00,33.3,33.3,33.29,33.29,12858
2026-03-10 10:19:00,33.29,33.3,33.25,33.3,20122
2026-03-10 10:20:00,33.3,33.3,33.25,33.28,31310
2026-03-10 10:21:00,33.28,33.28,33.28,33.28,56
2026-03-10 10:22:00,33.27,33.27,33.23,33.26,6631
2026-03-10 10:23:00,33.26,33.26,33.23,33.23,3107
2026-03-10 10:24:00,33.24,33.24,33.23,33.24,1236
2026-03-10 10:25:00,33.24,33.29,33.24,33.29,7885
2026-03-10 10:26:00,33.26,33.29,33.25,33.29,5241
2026-03-10 10:27:00,33.28,33.28,33.25,33.28,3619
2026-03-10 10:28:00,33.28,33.29,33.27,33.29,4423
2026-03-10 10:29:00,33.31,33.31,33.22,33.23,62900
2026-03-10 10:30:00,33.26,33.26,33.24,33.26,3955
2026-03-10 10:31:00,33.26,33.28,33.25,33.28,8623
2026-03-10 10:32:00,33.28,33.28,33.27,33.28,8237
2026-03-10 10:33:00,33.26,33.31,33.26,33.29,10250
2026-03-10 10:34:00,33.31,33.33,33.28,33.28,1791
2026-03-10 10:35:00,33.3,33.3,33.26,33.28,17416
2026-03-10 10:36:00,33.28,33.31,33.27,33.29,12543
2026-03-10 10:37:00,33.3,33.3,33.27,33.28,15025
2026-03-10 10:38:00,33.28,33.28,33.27,33.27,309
2026-03-10 10:39:00,33.27,33.29,33.26,33.27,21513
2026-03-10 10:40:00,33.28,33.32,33.27,33.29,23984
2026-03-10 10:41:00,33.29,33.32,33.29,33.3,2537
2026-03-10 10:42:00,33.3,33.36,33.3,33.34,43990
2026-03-10 10:43:00,33.34,33.38,33.33,33.36,76077
2026-03-10 10:44:00,33.36,33.37,33.33,33.37,1809
2026-03-10 10:45:00,33.37,33.37,33.35,33.37,7800
2026-03-10 10:46:00,33.38,33.38,33.33,33.35,35313
2026-03-10 10:47:00,33.35,33.37,33.35,33.35,1379
2026-03-10 10:48:00,33.35,33.39,33.35,33.36,91775
2026-03-10 10:49:00,33.37,33.4,33.36,33.37,8186
2026-03-10 10:50:00,33.37,33.37,33.34,33.34,8875
2026-03-10 10:51:00,33.34,33.37,33.32,33.32,64769
2026-03-10 10:52:00,33.32,33.32,33.26,33.26,11511
2026-03-10 10:53:00,33.27,33.28,33.25,33.28,2757
2026-03-10 10:54:00,33.28,33.29,33.26,33.28,6466
2026-03-10 10:55:00,33.28,33.31,33.27,33.29,5098
2026-03-10 10:56:00,33.29,33.32,33.28,33.29,16740
2026-03-10 10:57:00,33.27,33.32,33.26,33.32,3432
2026-03-10 10:58:00,33.32,33.32,33.28,33.3,1771
2026-03-10 10:59:00,33.3,33.3,33.28,33.3,812
2026-03-10 11:00:00,33.3,33.32,33.28,33.32,3665
2026-03-10 11:01:00,33.32,33.33,33.27,33.3,10555
2026-03-10 11:02:00,33.3,33.32,33.27,33.28,11025
2026-03-10 11:03:00,33.28,33.29,33.27,33.28,2177
2026-03-10 11:04:00,33.29,33.31,33.28,33.28,15741
2026-03-10 11:05:00,33.28,33.33,33.28,33.33,7514
2026-03-10 11:06:00,33.33,33.33,33.3,33.33,3127
2026-03-10 11:07:00,33.33,33.33,33.29,33.3,2847
2026-03-10 11:08:00,33.3,33.33,33.3,33.3,9205
2026-03-10 11:09:00,33.33,33.33,33.3,33.33,30679
2026-03-10 11:10:00,33.3,33.34,33.3,33.33,21127
2026-03-10 11:11:00,33.31,33.34,33.22,33.29,119958
2026-03-10 11:12:00,33.29,33.31,33.25,33.25,27740
2026-03-10 11:13:00,33.29,33.29,33.25,33.25,46169
2026-03-10 11:14:00,33.25,33.28,33.22,33.26,29539
2026-03-10 11:15:00,33.26,33.3,33.25,33.28,2545
2026-03-10 11:16:00,33.28,33.3,33.27,33.29,6848
2026-03-10 11:17:00,33.29,33.3,33.28,33.29,248
2026-03-10 11:18:00,33.29,33.29,33.26,33.26,5973
2026-03-10 11:19:00,33.29,33.29,33.25,33.25,3421
2026-03-10 11:20:00,33.25,33.28,33.25,33.28,1750
2026-03-10 11:21:00,33.28,33.3,33.27,33.29,4605
2026-03-10 11:22:00,33.29,33.3,33.29,33.29,12565
2026-03-10 11:23:00,33.29,33.31,33.28,33.3,14590
2026-03-10 11:24:00,33.3,33.32,33.3,33.32,7465
2026-03-10 11:25:00,33.31,33.36,33.31,33.31,37730
2026-03-10 11:26:00,33.32,33.32,33.3,33.32,14146
2026-03-10 11:27:00,33.32,33.35,33.27,33.27,61765
2026-03-10 11:28:00,33.27,33.29,33.27,33.29,598
2026-03-10 11:29:00,33.29,33.29,33.27,33.29,1531
2026-03-10 11:30:00,33.29,33.29,33.27,33.27,5243
2026-03-10 11:31:00,33.29,33.29,33.27,33.27,1936
2026-03-10 11:32:00,33.29,33.29,33.27,33.29,1599
2026-03-10 11:33:00,33.29,33.33,33.29,33.3,5755
2026-03-10 11:34:00,33.3,33.32,33.3,33.32,1462
2026-03-10 11:35:00,33.32,33.32,33.31,33.31,2897
2026-03-10 11:36:00,33.31,33.32,33.31,33.32,695
2026-03-10 11:37:00,33.32,33.34,33.32,33.33,5903
2026-03-10 11:38:00,33.33,33.33,33.31,33.33,1294
2026-03-10 11:39:00,33.33,33.36,33.33,33.35,15363
2026-03-10 11:40:00,33.32,33.36,33.32,33.35,8731
2026-03-10 11:41:00,33.37,33.39,33.37,33.38,15800
2026-03-10 11:42:00,33.38,33.38,33.34,33.34,3106
2026-03-10 11:43:00,33.34,33.39,33.32,33.36,37266
2026-03-10 11:44:00,33.36,33.36,33.35,33.35,2708
2026-03-10 11:45:00,33.36,33.36,33.32,33.35,9093
2026-03-10 11:46:00,33.35,33.37,33.35,33.35,2140
2026-03-10 11:47:00,33.32,33.34,33.31,33.32,4531
2026-03-10 11:48:00,33.32,33.33,33.27,33.27,49623
2026-03-10 11:49:00,33.26,33.28,33.26,33.28,2573
2026-03-10 11:50:00,33.28,33.28,33.26,33.28,989
2026-03-10 11:51:00,33.28,33.28,33.27,33.27,2128
2026-03-10 11:52:00,33.26,33.26,33.24,33.24,13968
2026-03-10 11:53:00,33.24,33.28,33.23,33.28,10229
2026-03-10 11:54:00,33.28,33.28,33.26,33.28,4261
2026-03-10 11:55:00,33.28,33.34,33.28,33.31,9564
2026-03-10 11:56:00,33.31,33.31,33.29,33.29,978
2026-03-10 11:57:00,33.29,33.29,33.27,33.29,530
2026-03-10 11:58:00,33.29,33.31,33.28,33.31,4446
2026-03-10 11:59:00,33.31,33.33,33.3,33.3,605
2026-03-10 12:00:00,33.33,33.33,33.3,33.32,761
2026-03-10 12:01:00,33.32,33.32,33.32,33.32,356
2026-03-10 12:02:00,33.32,33.32,33.31,33.32,3639
2026-03-10 12:03:00,33.32,33.35,33.32,33.34,25312
2026-03-10 12:04:00,33.34,33.36,33.34,33.34,5094
2026-03-10 12:05:00,33.34,33.36,33.34,33.36,460
2026-03-10 12:06:00,33.36,33.36,33.36,33.36,1902
2026-03-10 12:07:00,33.36,33.38,33.36,33.38,2918
2026-03-10 12:08:00,33.38,33.38,33.31,33.31,11765
2026-03-10 12:09:00,33.31,33.35,33.31,33.31,861
2026-03-10 12:10:00,33.31,33.33,33.3,33.33,2031
2026-03-10 12:11:00,33.31,33.33,33.31,33.31,1296
2026-03-10 12:12:00,33.31,33.33,33.31,33.33,243
2026-03-10 12:13:00,33.3,33.3,33.27,33.27,29711
2026-03-10 12:14:00,33.27,33.27,33.24,33.25,32902
2026-03-10 12:15:00,33.25,33.27,33.22,33.24,17236
2026-03-10 12:16:00,33.26,33.28,33.25,33.25,353
2026-03-10 12:17:00,33.25,33.27,33.24,33.25,2242
2026-03-10 12:18:00,33.25,33.27,33.25,33.27,2281
2026-03-10 12:19:00,33.27,33.28,33.26,33.26,3018
2026-03-10 12:20:00,33.26,33.31,33.26,33.3,11558
2026-03-10 12:21:00,33.3,33.31,33.27,33.28,3378
2026-03-10 12:22:00,33.28,33.28,33.23,33.23,7427
2026-03-10 12:23:00,33.25,33.26,33.25,33.25,175
2026-03-10 12:24:00,33.25,33.25,33.23,33.25,7250
2026-03-10 12:25:00,33.25,33.26,33.23,33.26,873
2026-03-10 12:26:00,33.26,33.27,33.24,33.26,1186
2026-03-10 12:27:00,33.26,33.29,33.25,33.28,49091
2026-03-10 12:28:00,33.28,33.29,33.28,33.29,703
2026-03-10 12:29:00,33.29,33.32,33.29,33.29,3118
2026-03-10 12:30:00,33.31,33.31,33.28,33.29,2098
2026-03-10 12:31:00,33.29,33.29,33.28,33.29,1651
2026-03-10 12:32:00,33.29,33.29,33.26,33.28,465
2026-03-10 12:33:00,33.29,33.29,33.27,33.29,951
2026-03-10 12:34:00,33.29,33.3,33.29,33.3,3001
2026-03-10 12:35:00,33.3,33.36,33.3,33.36,4998
2026-03-10 12:36:00,33.36,33.36,33.35,33.36,3731
2026-03-10 12:37:00,33.36,33.36,33.35,33.35,1407
2026-03-10 12:38:00,33.35,33.35,33.33,33.34,1441
2026-03-10 12:39:00,33.35,33.35,33.33,33.34,2892
2026-03-10 12:40:00,33.35,33.35,33.34,33.34,1005
2026-03-10 12:41:00,33.35,33.36,33.35,33.35,7326
2026-03-10 12:42:00,33.35,33.36,33.35,33.36,6335
2026-03-10 12:43:00,33.36,33.36,33.3,33.32,9286
2026-03-10 12:44:00,33.32,33.36,33.32,33.36,7025
2026-03-10 12:45:00,33.34,33.38,33.34,33.36,59434
2026-03-10 12:46:00,33.36,33.41,33.36,33.41,19047
2026-03-10 12:47:00,33.41,33.45,33.4,33.41,15580
2026-03-10 12:48:00,33.42,33.47,33.42,33.47,30298
2026-03-10 12:49:00,33.47,33.48,33.45,33.48,9713
2026-03-10 12:50:00,33.47,33.48,33.44,33.46,7607
2026-03-10 12:51:00,33.46,33.46,33.45,33.45,4444
2026-03-10 12:52:00,33.44,33.45,33.42,33.43,6387
2026-03-10 12:53:00,33.45,33.45,33.41,33.43,6088
2026-03-10 12:54:00,33.43,33.48,33.43,33.47,20927
2026-03-10 12:55:00,33.47,33.49,33.47,33.48,8217
2026-03-10 12:56:00,33.48,33.52,33.48,33.52,34420
2026-03-10 12:57:00,33.52,33.52,33.5,33.5,3677
2026-03-10 12:58:00,33.5,33.53,33.49,33.51,12712
2026-03-10 12:59:00,33.51,33.54,33.5,33.53,8571
2026-03-10 13:00:00,33.53,33.54,33.5,33.52,15933
2026-03-10 13:01:00,33.52,33.54,33.5,33.54,17363
2026-03-10 13:02:00,33.54,33.54,33.5,33.54,21285
2026-03-10 13:03:00,33.54,33.59,33.53,33.56,45709
2026-03-10 13:04:00,33.56,33.56,33.53,33.53,5345
2026-03-10 13:05:00,33.53,33.55,33.49,33.49,2306
2026-03-10 13:06:00,33.49,33.51,33.46,33.47,6353
2026-03-10 13:07:00,33.47,33.47,33.45,33.46,3307
2026-03-10 13:08:00,33.46,33.49,33.45,33.46,5978
2026-03-10 13:09:00,33.46,33.49,33.45,33.49,16581
2026-03-10 13:10:00,33.49,33.49,33.47,33.49,694
2026-03-10 13:11:00,33.49,33.49,33.43,33.43,9713
2026-03-10 13:12:00,33.45,33.45,33.44,33.44,272
2026-03-10 13:13:00,33.44,33.44,33.41,33.44,3455
2026-03-10 13:14:00,33.44,33.44,33.41,33.43,3361
2026-03-10 13:15:00,33.43,33.44,33.42,33.44,19570
2026-03-10 13:16:00,33.44,33.44,33.42,33.43,2829
2026-03-10 13:17:00,33.43,33.43,33.4,33.41,8354
2026-03-10 13:18:00,33.41,33.44,33.4,33.44,2736
2026-03-10 13:19:00,33.44,33.46,33.43,33.43,17974
2026-03-10 13:20:00,33.43,33.43,33.4,33.41,12690
2026-03-10 13:21:00,33.43,33.44,33.42,33.43,634
2026-03-10 13:22:00,33.44,33.44,33.42,33.44,5684
2026-03-10 13:23:00,33.44,33.44,33.39,33.41,2031
2026-03-10 13:24:00,33.41,33.42,33.39,33.41,15491
2026-03-10 13:25:00,33.39,33.41,33.39,33.41,633
2026-03-10 13:26:00,33.41,33.41,33.4,33.4,589
2026-03-10 13:27:00,33.4,33.41,33.4,33.4,1531
2026-03-10 13:28:00,33.39,33.41,33.39,33.41,2325
2026-03-10 13:29:00,33.41,33.43,33.41,33.43,4749
2026-03-10 13:30:00,33.43,33.47,33.43,33.47,12774
2026-03-10 13:31:00,33.47,33.5,33.47,33.5,4727
2026-03-10 13:32:00,33.5,33.5,33.48,33.48,315
2026-03-10 13:33:00,33.48,33.5,33.48,33.5,1644
2026-03-10 13:34:00,33.5,33.5,33.44,33.45,16187
2026-03-10 13:35:00,33.45,33.47,33.45,33.47,59
2026-03-10 13:36:00,33.48,33.51,33.47,33.51,4132
2026-03-10 13:37:00,33.5,33.5,33.48,33.48,6612
2026-03-10 13:38:00,33.48,33.56,33.48,33.56,8833
2026-03-10 13:39:00,33.56,33.61,33.56,33.58,32612
2026-03-10 13:40:00,33.58,33.58,33.56,33.57,934
2026-03-10 13:41:00,33.57,33.57,33.49,33.53,11207
2026-03-10 13:42:00,33.53,33.53,33.49,33.53,9119
2026-03-10 13:43:00,33.53,33.53,33.5,33.53,2170
2026-03-10 13:44:00,33.53,33.53,33.51,33.51,585
2026-03-10 13:45:00,33.51,33.53,33.48,33.48,10562
2026-03-10 13:46:00,33.48,33.52,33.48,33.52,3814
2026-03-10 13:47:00,33.52,33.52,33.43,33.46,70306
2026-03-10 13:48:00,33.49,33.49,33.48,33.48,3656
2026-03-10 13:49:00,33.49,33.49,33.49,33.49,2983
2026-03-10 13:50:00,33.51,33.52,33.49,33.51,251
2026-03-10 13:51:00,33.51,33.57,33.51,33.55,22395
2026-03-10 13:52:00,33.57,33.64,33.57,33.62,61531
2026-03-10 13:53:00,33.63,33.64,33.6,33.62,43524
2026-03-10 13:54:00,33.62,33.62,33.6,33.61,3493
2026-03-10 13:55:00,33.6,33.62,33.6,33.61,29640
2026-03-10 13:56:00,33.62,33.62,33.6,33.62,5797
2026-03-10 13:57:00,33.62,33.65,33.61,33.65,33677
2026-03-10 13:58:00,33.63,33.65,33.63,33.65,1135
2026-03-10 13:59:00,33.65,33.65,33.63,33.63,300
2026-03-10 14:00:00,33.64,33.64,33.63,33.63,5360
2026-03-10 14:01:00,33.63,33.65,33.6,33.6,63092
2026-03-10 14:02:00,33.59,33.62,33.59,33.6,12787
2026-03-10 14:03:00,33.6,33.62,33.6,33.6,3132
2026-03-10 14:04:00,33.58,33.64,33.58,33.64,6563
2026-03-10 14:05:00,33.64,33.67,33.63,33.63,5057
2026-03-10 14:06:00,33.63,33.64,33.63,33.64,3402
2026-03-10 14:07:00,33.64,33.67,33.61,33.64,9534
2026-03-10 14:08:00,33.65,33.68,33.65,33.68,9315
2026-03-10 14:09:00,33.68,33.69,33.68,33.68,36636
2026-03-10 14:10:00,33.66,33.68,33.66,33.67,14463
2026-03-10 14:11:00,33.68,33.69,33.68,33.69,6617
2026-03-10 14:12:00,33.7,33.73,33.7,33.72,21487
2026-03-10 14:13:00,33.72,33.72,33.66,33.69,23886
2026-03-10 14:14:00,33.67,33.8,33.67,33.76,55801
2026-03-10 14:15:00,33.76,33.76,33.72,33.73,4273
2026-03-10 14:16:00,33.73,33.73,33.67,33.7,11567
2026-03-10 14:17:00,33.7,33.7,33.67,33.68,2942
2026-03-10 14:18:00,33.68,33.69,33.67,33.67,2410
2026-03-10 14:19:00,33.67,33.67,33.62,33.62,8631
2026-03-10 14:20:00,33.66,33.67,33.62,33.64,5775
2026-03-10 14:21:00,33.64,33.67,33.64,33.64,64856
2026-03-10 14:22:00,33.64,33.64,33.62,33.63,12204
2026-03-10 14:23:00,33.63,33.65,33.62,33.65,13963
2026-03-10 14:24:00,33.65,33.69,33.62,33.68,49125
2026-03-10 14:25:00,33.68,33.72,33.67,33.72,27905
2026-03-10 14:26:00,33.72,33.72,33.7,33.7,1029
2026-03-10 14:27:00,33.7,33.72,33.67,33.7,12208
2026-03-10 14:28:00,33.7,33.71,33.7,33.7,10545
2026-03-10 14:29:00,33.7,33.71,33.7,33.7,47699
2026-03-10 14:30:00,33.71,33.71,33.7,33.7,1913
2026-03-10 14:31:00,33.71,33.73,33.7,33.71,13728
2026-03-10 14:32:00,33.7,33.72,33.7,33.72,1112
2026-03-10 14:33:00,33.7,33.71,33.7,33.7,3794
2026-03-10 14:34:00,33.7,33.71,33.68,33.7,16777
2026-03-10 14:35:00,33.7,33.72,33.68,33.7,22441
2026-03-10 14:36:00,33.7,33.7,33.7,33.7,5715
2026-03-10 14:37:00,33.71,33.72,33.7,33.7,11032
2026-03-10 14:38:00,33.7,33.71,33.7,33.71,2650
2026-03-10 14:39:00,33.71,33.74,33.7,33.72,13651
2026-03-10 14:40:00,33.72,33.74,33.72,33.74,614
2026-03-10 14:41:00,33.74,33.74,33.71,33.71,946
2026-03-10 14:42:00,33.7,33.74,33.7,33.72,13143
2026-03-10 14:43:00,33.72,33.77,33.72,33.75,17968
2026-03-10 14:44:00,33.75,33.77,33.72,33.74,7267
2026-03-10 14:45:00,33.75,33.77,33.75,33.77,1645
2026-03-10 14:46:00,33.76,33.85,33.76,33.8,66031
2026-03-10 14:47:00,33.8,33.82,33.8,33.81,31040
2026-03-10 14:48:00,33.81,33.88,33.81,33.88,19933
2026-03-10 14:49:00,33.89,33.89,33.86,33.87,18208
2026-03-10 14:50:00,33.89,33.89,33.87,33.87,12880
2026-03-10 14:51:00,33.87,33.9,33.87,33.87,37028
2026-03-10 14:52:00,33.89,33.89,33.87,33.89,9394
2026-03-10 14:53:00,33.91,33.91,33.9,33.9,7083
2026-03-10 14:54:00,33.9,33.94,33.9,33.92,24729
2026-03-10 14:55:00,33.91,33.95,33.91,33.92,7564
2026-03-10 14:56:00,33.92,33.95,33.92,33.92,16492
2026-03-10 14:57:00,33.92,33.92,33.88,33.92,28229
2026-03-10 14:58:00,33.91,33.92,33.88,33.88,8634
2026-03-10 14:59:00,33.88,33.91,33.88,33.9,1991
2026-03-10 15:00:00,33.94,33.94,33.75,33.78,83981
2026-03-10 15:01:00,33.79,33.79,33.74,33.74,20858
2026-03-10 15:02:00,33.74,33.74,33.73,33.73,9577
2026-03-10 15:03:00,33.72,33.78,33.72,33.78,15417
2026-03-10 15:04:00,33.78,33.78,33.76,33.76,11647
2026-03-10 15:05:00,33.76,33.76,33.74,33.76,22825
2026-03-10 15:06:00,33.76,33.79,33.76,33.78,64704
2026-03-10 15:07:00,33.79,33.79,33.76,33.76,7494
2026-03-10 15:08:00,33.75,33.76,33.75,33.76,3809
2026-03-10 15:09:00,33.76,33.77,33.76,33.77,5748
2026-03-10 15:10:00,33.75,33.8,33.75,33.78,33648
2026-03-10 15:11:00,33.78,33.78,33.75,33.77,21660
2026-03-10 15:12:00,33.77,33.77,33.76,33.77,6286
2026-03-10 15:13:00,33.77,33.77,33.72,33.74,14172
2026-03-10 15:14:00,33.74,33.75,33.73,33.74,15916
2026-03-10 15:15:00,33.73,33.74,33.7,33.73,19353
2026-03-10 15:16:00,33.73,33.77,33.7,33.77,23778
2026-03-10 15:17:00,33.77,33.77,33.74,33.74,18432
2026-03-10 15:18:00,33.74,33.78,33.71,33.76,38374
2026-03-10 15:19:00,33.75,33.77,33.74,33.77,46029
2026-03-10 15:20:00,33.75,33.76,33.71,33.75,32720
2026-03-10 15:21:00,33.75,33.79,33.73,33.79,17991
2026-03-10 15:22:00,33.79,33.79,33.76,33.77,39553
2026-03-10 15:23:00,33.77,33.84,33.77,33.84,63338
2026-03-10 15:24:00,33.83,33.84,33.77,33.84,102906
2026-03-10 15:25:00,33.83,33.93,33.83,33.89,48101
2026-03-10 15:26:00,33.88,33.89,33.83,33.89,31943
2026-03-10 15:27:00,33.84,33.87,33.81,33.84,88964
2026-03-10 15:28:00,33.81,33.85,33.81,33.85,31908
2026-03-10 15:29:00,33.85,33.86,33.81,33.81,26170
2026-03-11 09:15:00,33.99,33.99,33.74,33.87,60223
2026-03-11 09:16:00,33.85,33.85,33.83,33.85,39775
2026-03-11 09:17:00,33.85,33.95,33.85,33.94,29211
2026-03-11 09:18:00,33.93,33.93,33.85,33.88,27062
2026-03-11 09:19:00,33.91,33.91,33.88,33.88,21862
2026-03-11 09:20:00,33.88,34.01,33.88,34.01,29678
2026-03-11 09:21:00,34.01,34.11,33.98,34.11,82500
2026-03-11 09:22:00,34.06,34.06,33.98,33.99,40741
2026-03-11 09:23:00,33.99,34.02,33.99,34.02,59687
2026-03-11 09:24:00,33.95,33.95,33.91,33.94,57491
2026-03-11 09:25:00,33.92,33.98,33.91,33.92,23610
2026-03-11 09:26:00,33.92,33.92,33.89,33.91,10430
2026-03-11 09:27:00,33.91,33.93,33.9,33.91,21319
2026-03-11 09:28:00,33.9,33.96,33.9,33.95,16596
2026-03-11 09:29:00,33.95,33.96,33.92,33.95,9554
2026-03-11 09:30:00,33.96,33.96,33.91,33.91,10554
2026-03-11 09:31:00,33.89,33.94,33.88,33.9,20845
2026-03-11 09:32:00,33.89,33.9,33.84,33.84,69226
2026-03-11 09:33:00,33.85,33.86,33.83,33.83,8323
2026-03-11 09:34:00,33.84,33.92,33.82,33.92,14320
2026-03-11 09:35:00,33.92,33.92,33.9,33.9,14322
2026-03-11 09:36:00,33.93,33.93,33.87,33.87,13561
2026-03-11 09:37:00,33.83,33.87,33.83,33.83,16708
2026-03-11 09:38:00,33.83,33.87,33.83,33.85,892
2026-03-11 09:39:00,33.85,33.85,33.83,33.84,5245
2026-03-11 09:40:00,33.84,33.85,33.82,33.85,8253
2026-03-11 09:41:00,33.83,33.91,33.83,33.91,12184
2026-03-11 09:42:00,33.86,33.88,33.85,33.87,4675
2026-03-11 09:43:00,33.87,33.87,33.84,33.84,9251
2026-03-11 09:44:00,33.85,33.87,33.85,33.87,3140
2026-03-11 09:45:00,33.86,33.88,33.84,33.88,7541
2026-03-11 09:46:00,33.88,33.88,33.82,33.85,33894
2026-03-11 09:47:00,33.85,33.87,33.82,33.82,13016
2026-03-11 09:48:00,33.84,33.89,33.84,33.86,81570
2026-03-11 09:49:00,33.88,33.88,33.85,33.88,4540
2026-03-11 09:50:00,33.88,33.88,33.85,33.88,4224
2026-03-11 09:51:00,33.88,33.88,33.84,33.84,34275
2026-03-11 09:52:00,33.86,33.86,33.84,33.84,32234
2026-03-11 09:53:00,33.84,33.84,33.77,33.78,43698
2026-03-11 09:54:00,33.78,33.83,33.77,33.79,44773
2026-03-11 09:55:00,33.77,33.77,33.73,33.73,102466
2026-03-11 09:56:00,33.73,33.75,33.7,33.74,9304
2026-03-11 09:57:00,33.74,33.76,33.72,33.75,47214
2026-03-11 09:58:00,33.73,33.74,33.67,33.68,32422
2026-03-11 09:59:00,33.68,33.7,33.66,33.68,15596
2026-03-11 10:00:00,33.7,33.7,33.65,33.68,8566
2026-03-11 10:01:00,33.65,33.69,33.65,33.65,7226
2026-03-11 10:02:00,33.65,33.67,33.62,33.65,29577
2026-03-11 10:03:00,33.65,33.75,33.64,33.73,50047
2026-03-11 10:04:00,33.73,33.73,33.71,33.73,5298
2026-03-11 10:05:00,33.73,33.73,33.71,33.72,2266
2026-03-11 10:06:00,33.72,33.73,33.71,33.73,4375
2026-03-11 10:07:00,33.73,33.73,33.67,33.69,24132
2026-03-11 10:08:00,33.69,33.69,33.67,33.67,3533
2026-03-11 10:09:00,33.69,33.69,33.66,33.66,4054
2026-03-11 10:10:00,33.66,33.67,33.65,33.67,13849
2026-03-11 10:11:00,33.66,33.67,33.65,33.67,957
2026-03-11 10:12:00,33.67,33.68,33.65,33.65,17113
2026-03-11 10:13:00,33.65,33.68,33.65,33.66,3641
2026-03-11 10:14:00,33.66,33.67,33.64,33.65,2888
2026-03-11 10:15:00,33.66,33.66,33.64,33.66,5873
2026-03-11 10:16:00,33.66,33.66,33.62,33.62,6217
2026-03-11 10:17:00,33.63,33.66,33.62,33.66,5211
2026-03-11 10:18:00,33.68,33.68,33.62,33.66,25888
2026-03-11 10:19:00,33.66,33.66,33.64,33.66,4667
2026-03-11 10:20:00,33.66,33.66,33.64,33.66,9099
2026-03-11 10:21:00,33.66,33.66,33.63,33.64,5085
2026-03-11 10:22:00,33.64,33.65,33.62,33.63,61365
2026-03-11 10:23:00,33.66,33.67,33.65,33.67,4405
2026-03-11 10:24:00,33.67,33.67,33.66,33.66,6439
2026-03-11 10:25:00,33.66,33.66,33.64,33.66,3513
2026-03-11 10:26:00,33.68,33.68,33.65,33.66,16984
2026-03-11 10:27:00,33.66,33.66,33.66,33.66,13953
2026-03-11 10:28:00,33.66,33.68,33.65,33.65,4920
2026-03-11 10:29:00,33.64,33.64,33.61,33.62,24872
2026-03-11 10:30:00,33.64,33.64,33.64,33.64,142
2026-03-11 10:31:00,33.67,33.67,33.66,33.67,1713
2026-03-11 10:32:00,33.67,33.67,33.64,33.64,12610
2026-03-11 10:33:00,33.64,33.64,33.63,33.64,2271
2026-03-11 10:34:00,33.64,33.67,33.63,33.67,10464
2026-03-11 10:35:00,33.67,33.77,33.67,33.77,109584
2026-03-11 10:36:00,33.77,33.77,33.72,33.75,15812
2026-03-11 10:37:00,33.75,33.75,33.74,33.75,33599
2026-03-11 10:38:00,33.75,33.78,33.75,33.78,667
2026-03-11 10:39:00,33.77,33.77,33.75,33.75,1550
2026-03-11 10:40:00,33.75,33.75,33.72,33.72,8720
2026-03-11 10:41:00,33.72,33.74,33.72,33.74,1868
2026-03-11 10:42:00,33.74,33.74,33.73,33.74,1041
2026-03-11 10:43:00,33.74,33.77,33.73,33.76,20546
2026-03-11 10:44:00,33.76,33.76,33.72,33.74,23062
2026-03-11 10:45:00,33.74,33.74,33.72,33.72,11394
2026-03-11 10:46:00,33.72,33.73,33.68,33.71,18212
2026-03-11 10:47:00,33.71,33.74,33.71,33.72,13788
2026-03-11 10:48:00,33.73,33.73,33.71,33.71,2466
2026-03-11 10:49:00,33.72,33.73,33.71,33.71,8830
2026-03-11 10:50:00,33.71,33.73,33.71,33.73,15496
2026-03-11 10:51:00,33.71,33.72,33.71,33.71,3357
2026-03-11 10:52:00,33.71,33.74,33.71,33.74,14700
2026-03-11 10:53:00,33.74,33.74,33.74,33.74,30
2026-03-11 10:54:00,33.74,33.74,33.73,33.74,283
2026-03-11 10:55:00,33.74,33.74,33.73,33.74,3336
2026-03-11 10:56:00,33.74,33.74,33.71,33.74,6559
2026-03-11 10:57:00,33.74,33.74,33.72,33.72,718
2026-03-11 10:58:00,33.72,33.79,33.72,33.79,17518
2026-03-11 10:59:00,33.78,33.79,33.78,33.79,8251
2026-03-11 11:00:00,33.79,33.79,33.76,33.78,10950
2026-03-11 11:01:00,33.78,33.78,33.75,33.75,1659
2026-03-11 11:02:00,33.75,33.78,33.75,33.78,10356
2026-03-11 11:03:00,33.78,33.78,33.75,33.78,140
2026-03-11 11:04:00,33.72,33.79,33.72,33.78,94587
2026-03-11 11:05:00,33.78,33.78,33.75,33.75,330
2026-03-11 11:06:00,33.77,33.79,33.75,33.76,5586
2026-03-11 11:07:00,33.75,33.76,33.73,33.74,12072
2026-03-11 11:08:00,33.73,33.73,33.71,33.73,3444
2026-03-11 11:09:00,33.73,33.74,33.73,33.73,2332
2026-03-11 11:10:00,33.73,33.74,33.73,33.74,15
2026-03-11 11:11:00,33.74,33.74,33.74,33.74,48
2026-03-11 11:12:00,33.74,33.74,33.73,33.74,221
2026-03-11 11:13:00,33.74,33.74,33.73,33.73,3511
2026-03-11 11:14:00,33.71,33.72,33.71,33.71,64533
2026-03-11 11:15:00,33.71,33.74,33.71,33.72,3301
2026-03-11 11:16:00,33.71,33.74,33.71,33.74,2983
2026-03-11 11:17:00,33.74,33.75,33.72,33.74,1905
2026-03-11 11:18:00,33.73,33.74,33.71,33.72,2101
2026-03-11 11:19:00,33.72,33.74,33.72,33.72,1187
2026-03-11 11:20:00,33.72,33.72,33.71,33.72,11649
2026-03-11 11:21:00,33.72,33.72,33.71,33.71,2139
2026-03-11 11:22:00,33.72,33.72,33.72,33.72,1982
2026-03-11 11:23:00,33.72,33.76,33.72,33.73,10307
2026-03-11 11:24:00,33.73,33.73,33.72,33.73,2475
2026-03-11 11:25:00,33.73,33.73,33.72,33.72,3329
2026-03-11 11:26:00,33.72,33.73,33.72,33.73,5042
2026-03-11 11:27:00,33.73,33.74,33.72,33.73,3878
2026-03-11 11:28:00,33.73,33.75,33.73,33.75,996
2026-03-11 11:29:00,33.75,33.76,33.74,33.76,9052
2026-03-11 11:30:00,33.76,33.76,33.75,33.76,814
2026-03-11 11:31:00,33.76,33.76,33.75,33.75,2233
2026-03-11 11:32:00,33.75,33.75,33.74,33.75,46
2026-03-11 11:33:00,33.74,33.74,33.72,33.74,6415
2026-03-11 11:34:00,33.74,33.74,33.71,33.71,30746
2026-03-11 11:35:00,33.71,33.72,33.71,33.72,21839
2026-03-11 11:36:00,33.71,33.72,33.71,33.71,87789
2026-03-11 11:37:00,33.71,33.74,33.71,33.73,7690
2026-03-11 11:38:00,33.73,33.76,33.72,33.75,2465
2026-03-11 11:39:00,33.75,33.76,33.75,33.75,518
2026-03-11 11:40:00,33.75,33.76,33.75,33.76,2114
2026-03-11 11:41:00,33.76,33.76,33.75,33.76,1244
2026-03-11 11:42:00,33.76,33.76,33.73,33.76,516
2026-03-11 11:43:00,33.73,33.75,33.73,33.73,2121
2026-03-11 11:44:00,33.75,33.75,33.73,33.75,4299
2026-03-11 11:45:00,33.75,33.75,33.74,33.74,11266
2026-03-11 11:46:00,33.74,33.74,33.73,33.74,684
2026-03-11 11:47:00,33.74,33.75,33.72,33.74,1861
2026-03-11 11:48:00,33.75,33.75,33.74,33.74,886
2026-03-11 11:49:00,33.74,33.75,33.72,33.72,1263
2026-03-11 11:50:00,33.72,33.72,33.71,33.72,52127
2026-03-11 11:51:00,33.72,33.72,33.71,33.72,3399
2026-03-11 11:52:00,33.72,33.72,33.71,33.71,28210
2026-03-11 11:53:00,33.71,33.72,33.71,33.71,12255
2026-03-11 11:54:00,33.71,33.72,33.71,33.72,6630
2026-03-11 11:55:00,33.72,33.72,33.71,33.72,55714
2026-03-11 11:56:00,33.72,33.73,33.72,33.72,5020
2026-03-11 11:57:00,33.72,33.75,33.72,33.73,7698
2026-03-11 11:58:00,33.73,33.73,33.72,33.72,1175
2026-03-11 11:59:00,33.72,33.72,33.65,33.68,246308
2026-03-11 12:00:00,33.68,33.68,33.63,33.66,34897
2026-03-11 12:01:00,33.65,33.66,33.64,33.66,4304
2026-03-11 12:02:00,33.66,33.66,33.66,33.66,5372
2026-03-11 12:03:00,33.66,33.69,33.66,33.68,24214
2026-03-11 12:04:00,33.68,33.69,33.68,33.69,1123
2026-03-11 12:05:00,33.75,33.86,33.75,33.83,119185
2026-03-11 12:06:00,33.83,33.84,33.83,33.84,700
2026-03-11 12:07:00,33.84,33.84,33.83,33.83,4664
2026-03-11 12:08:00,33.83,33.83,33.8,33.8,577
2026-03-11 12:09:00,33.8,33.82,33.79,33.81,3444
2026-03-11 12:10:00,33.81,33.81,33.77,33.81,21289
2026-03-11 12:11:00,33.79,33.84,33.79,33.84,23984
2026-03-11 12:12:00,33.84,33.85,33.84,33.84,751
2026-03-11 12:13:00,33.85,33.85,33.83,33.83,4749
2026-03-11 12:14:00,33.81,33.83,33.81,33.81,844
2026-03-11 12:15:00,33.83,33.83,33.81,33.81,14
2026-03-11 12:16:00,33.83,33.85,33.81,33.85,13242
2026-03-11 12:17:00,33.83,33.9,33.83,33.9,12888
2026-03-11 12:18:00,33.9,33.9,33.85,33.85,1489
2026-03-11 12:19:00,33.85,33.89,33.83,33.87,10769
2026-03-11 12:20:00,33.87,33.87,33.85,33.85,625
2026-03-11 12:21:00,33.86,33.92,33.85,33.9,6756
2026-03-11 12:22:00,33.9,33.93,33.9,33.92,100840
2026-03-11 12:23:00,33.92,33.92,33.9,33.91,3094
2026-03-11 12:24:00,33.91,33.95,33.91,33.95,13963
2026-03-11 12:25:00,33.95,33.97,33.94,33.94,2567
2026-03-11 12:26:00,33.94,33.94,33.9,33.93,2637
2026-03-11 12:27:00,33.93,33.95,33.9,33.93,18968
2026-03-11 12:28:00,33.9,33.92,33.9,33.92,10736
2026-03-11 12:29:00,33.9,33.94,33.9,33.94,8864
2026-03-11 12:30:00,33.93,33.96,33.92,33.96,8602
2026-03-11 12:31:00,33.96,34.04,33.96,34.03,129792
2026-03-11 12:32:00,34.02,34.02,33.96,33.96,16899
2026-03-11 12:33:00,33.98,33.98,33.93,33.95,2268
2026-03-11 12:34:00,33.95,33.95,33.94,33.95,1238
2026-03-11 12:35:00,33.95,33.95,33.91,33.91,5326
2026-03-11 12:36:00,33.91,33.92,33.9,33.92,10642
2026-03-11 12:37:00,33.92,33.92,33.89,33.89,11583
2026-03-11 12:38:00,33.89,33.92,33.88,33.9,30340
2026-03-11 12:39:00,33.9,33.9,33.87,33.88,614
2026-03-11 12:40:00,33.88,33.88,33.87,33.88,359
2026-03-11 12:41:00,33.87,33.92,33.87,33.92,14962
2026-03-11 12:42:00,33.9,33.92,33.89,33.9,2423
2026-03-11 12:43:00,33.92,33.98,33.9,33.98,12433
2026-03-11 12:44:00,33.98,33.99,33.96,33.98,10320
2026-03-11 12:45:00,33.98,33.98,33.96,33.96,1602
2026-03-11 12:46:00,33.95,34.04,33.95,33.95,208199
2026-03-11 12:47:00,33.95,33.97,33.94,33.94,1245
2026-03-11 12:48:00,33.94,33.94,33.91,33.92,706
2026-03-11 12:49:00,33.95,33.95,33.94,33.94,1416
2026-03-11 12:50:00,33.95,33.96,33.94,33.96,5118
2026-03-11 12:51:00,33.96,33.96,33.9,33.91,29786
2026-03-11 12:52:00,33.91,33.98,33.9,33.95,6266
2026-03-11 12:53:00,33.95,33.98,33.93,33.98,8078
2026-03-11 12:54:00,33.94,33.97,33.94,33.94,2697
2026-03-11 12:55:00,33.94,33.94,33.93,33.93,400
2026-03-11 12:56:00,33.93,33.95,33.92,33.92,473
2026-03-11 12:57:00,33.92,33.92,33.88,33.88,7060
2026-03-11 12:58:00,33.88,33.91,33.88,33.89,137
2026-03-11 12:59:00,33.89,33.92,33.88,33.89,24549
2026-03-11 13:00:00,33.92,33.93,33.89,33.93,2160
2026-03-11 13:01:00,33.91,33.94,33.9,33.9,2549
2026-03-11 13:02:00,33.9,33.93,33.9,33.91,727
2026-03-11 13:03:00,33.91,33.93,33.89,33.91,1831
2026-03-11 13:04:00,33.91,33.91,33.89,33.89,368
2026-03-11 13:05:00,33.89,33.9,33.89,33.9,1731
2026-03-11 13:06:00,33.9,33.91,33.9,33.91,4062
2026-03-11 13:07:00,33.93,33.93,33.9,33.91,810
2026-03-11 13:08:00,33.91,33.91,33.89,33.91,1579
2026-03-11 13:09:00,33.91,33.91,33.88,33.88,1972
2026-03-11 13:10:00,33.91,33.91,33.85,33.85,10179
2026-03-11 13:11:00,33.85,33.87,33.85,33.85,3036
2026-03-11 13:12:00,33.85,33.87,33.85,33.85,4103
2026-03-11 13:13:00,33.85,33.85,33.81,33.81,11835
2026-03-11 13:14:00,33.81,33.81,33.76,33.79,36402
2026-03-11 13:15:00,33.79,33.79,33.78,33.78,3876
2026-03-11 13:16:00,33.79,33.81,33.79,33.8,1450
2026-03-11 13:17:00,33.8,33.81,33.78,33.78,6132
2026-03-11 13:18:00,33.78,33.8,33.78,33.8,1113
2026-03-11 13:19:00,33.8,33.8,33.79,33.8,612
2026-03-11 13:20:00,33.8,33.8,33.78,33.79,1243
2026-03-11 13:21:00,33.79,33.8,33.78,33.8,2922
2026-03-11 13:22:00,33.8,33.81,33.79,33.81,15069
2026-03-11 13:23:00,33.81,33.82,33.81,33.82,101
2026-03-11 13:24:00,33.82,33.85,33.82,33.83,8118
2026-03-11 13:25:00,33.83,33.86,33.83,33.86,303
2026-03-11 13:26:00,33.86,33.87,33.83,33.87,4128
2026-03-11 13:27:00,33.87,33.9,33.83,33.87,10716
2026-03-11 13:28:00,33.87,33.87,33.84,33.84,504
2026-03-11 13:29:00,33.84,33.9,33.84,33.87,4542
2026-03-11 13:30:00,33.9,33.9,33.88,33.88,8195
2026-03-11 13:31:00,33.88,33.9,33.88,33.88,140
2026-03-11 13:32:00,33.88,33.89,33.83,33.83,26872
2026-03-11 13:33:00,33.83,33.86,33.83,33.85,609
2026-03-11 13:34:00,33.85,33.85,33.83,33.85,1288
2026-03-11 13:35:00,33.84,33.84,33.84,33.84,1
2026-03-11 13:36:00,33.84,33.85,33.84,33.85,1018
2026-03-11 13:37:00,33.84,33.85,33.83,33.83,3590
2026-03-11 13:38:00,33.83,33.84,33.83,33.84,319
2026-03-11 13:39:00,33.84,33.84,33.82,33.82,5074
2026-03-11 13:40:00,33.82,33.85,33.82,33.83,7270
2026-03-11 13:41:00,33.83,33.83,33.79,33.79,11132
2026-03-11 13:42:00,33.79,33.82,33.78,33.79,10511
2026-03-11 13:43:00,33.79,33.82,33.78,33.8,5449
2026-03-11 13:44:00,33.8,33.82,33.79,33.8,1529
2026-03-11 13:45:00,33.8,33.8,33.78,33.8,2774
2026-03-11 13:46:00,33.8,33.8,33.79,33.79,161
2026-03-11 13:47:00,33.79,33.8,33.79,33.8,440
2026-03-11 13:48:00,33.8,33.8,33.79,33.8,2090
2026-03-11 13:49:00,33.8,33.83,33.8,33.82,838
2026-03-11 13:50:00,33.82,33.83,33.8,33.8,8252
2026-03-11 13:51:00,33.8,33.82,33.8,33.8,63
2026-03-11 13:52:00,33.8,33.83,33.8,33.83,3467
2026-03-11 13:53:00,33.83,33.83,33.83,33.83,51
2026-03-11 13:54:00,33.83,33.83,33.82,33.83,201
2026-03-11 13:55:00,33.83,33.83,33.82,33.83,2215
2026-03-11 13:56:00,33.82,33.83,33.82,33.83,3712
2026-03-11 13:57:00,33.83,33.83,33.82,33.83,77
2026-03-11 13:58:00,33.83,33.84,33.83,33.84,3137
2026-03-11 13:59:00,33.84,33.84,33.84,33.84,304
2026-03-11 14:00:00,33.84,33.84,33.8,33.83,20177
2026-03-11 14:01:00,33.83,33.83,33.83,33.83,91
2026-03-11 14:02:00,33.83,33.83,33.79,33.81,2580
2026-03-11 14:03:00,33.81,33.81,33.81,33.81,31144
2026-03-11 14:04:00,33.8,33.81,33.79,33.8,626
2026-03-11 14:05:00,33.8,33.8,33.79,33.8,1038
2026-03-11 14:06:00,33.8,33.8,33.79,33.79,692
2026-03-11 14:07:00,33.79,33.79,33.78,33.79,952
2026-03-11 14:08:00,33.79,33.79,33.74,33.76,16917
2026-03-11 14:09:00,33.76,33.76,33.75,33.76,1131
2026-03-11 14:10:00,33.75,33.76,33.75,33.76,152
2026-03-11 14:11:00,33.76,33.76,33.75,33.76,9391
2026-03-11 14:12:00,33.76,33.76,33.75,33.76,948
2026-03-11 14:13:00,33.76,33.76,33.73,33.76,2931
2026-03-11 14:14:00,33.76,33.76,33.75,33.76,2820
2026-03-11 14:15:00,33.76,33.78,33.76,33.78,13846
2026-03-11 14:16:00,33.78,33.78,33.77,33.78,19089
2026-03-11 14:17:00,33.78,33.78,33.77,33.78,3930
2026-03-11 14:18:00,33.78,33.78,33.75,33.77,24805
2026-03-11 14:19:00,33.77,33.77,33.76,33.77,552
2026-03-11 14:20:00,33.77,33.79,33.73,33.79,13623
2026-03-11 14:21:00,33.79,33.79,33.77,33.78,399
2026-03-11 14:22:00,33.78,33.78,33.77,33.78,917
2026-03-11 14:23:00,33.78,33.78,33.73,33.74,3673
2026-03-11 14:24:00,33.74,33.75,33.73,33.75,7252
2026-03-11 14:25:00,33.75,33.75,33.75,33.75,171
2026-03-11 14:26:00,33.75,33.75,33.74,33.75,3328
2026-03-11 14:27:00,33.74,33.77,33.72,33.77,16827
2026-03-11 14:28:00,33.79,33.82,33.79,33.82,3163
2026-03-11 14:29:00,33.82,33.86,33.82,33.85,13227
2026-03-11 14:30:00,33.86,33.86,33.79,33.79,941
2026-03-11 14:31:00,33.82,33.82,33.82,33.82,1378
2026-03-11 14:32:00,33.82,33.82,33.8,33.82,537
2026-03-11 14:33:00,33.82,33.82,33.8,33.8,1704
2026-03-11 14:34:00,33.8,33.8,33.8,33.8,419
2026-03-11 14:35:00,33.8,33.8,33.76,33.78,12704
2026-03-11 14:36:00,33.78,33.78,33.77,33.78,1401
2026-03-11 14:37:00,33.78,33.78,33.77,33.78,205
2026-03-11 14:38:00,33.76,33.78,33.76,33.76,2245
2026-03-11 14:39:00,33.78,33.78,33.75,33.78,973
2026-03-11 14:40:00,33.78,33.78,33.76,33.78,1329
2026-03-11 14:41:00,33.78,33.78,33.75,33.75,3785
2026-03-11 14:42:00,33.75,33.8,33.75,33.78,3540
2026-03-11 14:43:00,33.78,33.78,33.75,33.78,1006
2026-03-11 14:44:00,33.75,33.77,33.75,33.75,2001
2026-03-11 14:45:00,33.75,33.77,33.73,33.77,9914
2026-03-11 14:46:00,33.75,33.78,33.75,33.78,1555
2026-03-11 14:47:00,33.78,33.78,33.72,33.72,16498
2026-03-11 14:48:00,33.72,33.76,33.72,33.74,15539
2026-03-11 14:49:00,33.75,33.76,33.72,33.75,2956
2026-03-11 14:50:00,33.74,33.74,33.74,33.74,1229
2026-03-11 14:51:00,33.74,33.75,33.72,33.72,2152
2026-03-11 14:52:00,33.72,33.75,33.72,33.72,3349
2026-03-11 14:53:00,33.74,33.74,33.71,33.74,22432
2026-03-11 14:54:00,33.74,33.76,33.72,33.73,5054
2026-03-11 14:55:00,33.76,33.76,33.73,33.74,27317
2026-03-11 14:56:00,33.72,33.76,33.72,33.72,1325
2026-03-11 14:57:00,33.75,33.75,33.72,33.75,1710
2026-03-11 14:58:00,33.75,33.75,33.72,33.74,752
2026-03-11 14:59:00,33.74,33.74,33.67,33.67,21640
2026-03-11 15:00:00,33.7,33.71,33.67,33.71,23686
2026-03-11 15:01:00,33.71,33.77,33.71,33.77,3730
2026-03-11 15:02:00,33.77,33.77,33.74,33.75,3120
2026-03-11 15:03:00,33.75,33.75,33.74,33.75,6251
2026-03-11 15:04:00,33.75,33.75,33.7,33.7,5205
2026-03-11 15:05:00,33.7,33.73,33.7,33.72,22564
2026-03-11 15:06:00,33.72,33.73,33.7,33.73,12796
2026-03-11 15:07:00,33.73,33.73,33.66,33.66,7600
2026-03-11 15:08:00,33.67,33.67,33.65,33.66,5646
2026-03-11 15:09:00,33.66,33.7,33.65,33.69,17910
2026-03-11 15:10:00,33.68,33.68,33.63,33.63,46048
2026-03-11 15:11:00,33.64,33.64,33.61,33.61,9400
2026-03-11 15:12:00,33.61,33.61,33.58,33.59,21271
2026-03-11 15:13:00,33.59,33.59,33.58,33.58,7277
2026-03-11 15:14:00,33.58,33.61,33.56,33.61,22504
2026-03-11 15:15:00,33.61,33.61,33.5,33.56,120042
2026-03-11 15:16:00,33.56,33.57,33.5,33.57,49247
2026-03-11 15:17:00,33.59,33.59,33.56,33.59,20624
2026-03-11 15:18:00,33.58,33.58,33.53,33.55,34401
2026-03-11 15:19:00,33.55,33.59,33.54,33.56,33095
2026-03-11 15:20:00,33.57,33.58,33.56,33.57,8074
2026-03-11 15:21:00,33.57,33.57,33.55,33.57,6832
2026-03-11 15:22:00,33.57,33.57,33.55,33.56,8692
2026-03-11 15:23:00,33.56,33.56,33.55,33.55,7747
2026-03-11 15:24:00,33.55,33.56,33.55,33.56,18196
2026-03-11 15:25:00,33.56,33.56,33.51,33.52,38131
2026-03-11 15:26:00,33.51,33.51,33.5,33.51,20960
2026-03-11 15:27:00,33.52,33.52,33.47,33.49,52535
2026-03-11 15:28:00,33.46,33.47,33.41,33.41,35455
2026-03-11 15:29:00,33.46,33.5,33.41,33.46,17404
2026-03-12 09:15:00,33.25,33.29,33.05,33.09,80045
2026-03-12 09:16:00,33.11,33.16,32.96,32.96,146193
2026-03-12 09:17:00,33.0,33.0,32.91,32.94,90839
2026-03-12 09:18:00,32.91,32.97,32.91,32.97,30879
2026-03-12 09:19:00,33.0,33.06,33.0,33.04,72126
2026-03-12 09:20:00,33.03,33.1,33.02,33.1,40511
2026-03-12 09:21:00,33.1,33.1,33.04,33.04,30464
2026-03-12 09:22:00,33.05,33.1,33.05,33.09,67882
2026-03-12 09:23:00,33.04,33.04,33.01,33.04,73830
2026-03-12 09:24:00,33.09,33.11,33.04,33.11,107539
2026-03-12 09:25:00,33.12,33.15,33.11,33.15,18774
2026-03-12 09:26:00,33.15,33.2,33.11,33.2,15840
2026-03-12 09:27:00,33.16,33.16,33.1,33.12,29984
2026-03-12 09:28:00,33.14,33.14,33.12,33.13,10308
2026-03-12 09:29:00,33.13,33.18,33.12,33.15,65449
2026-03-12 09:30:00,33.12,33.12,33.09,33.1,32197
2026-03-12 09:31:00,33.11,33.13,33.1,33.11,4193
2026-03-12 09:32:00,33.11,33.13,33.09,33.09,127761
2026-03-12 09:33:00,33.12,33.15,33.08,33.13,17168
2026-03-12 09:34:00,33.15,33.18,33.15,33.18,17101
2026-03-12 09:35:00,33.16,33.18,33.12,33.12,15756
2026-03-12 09:36:00,33.13,33.15,33.1,33.13,9780
2026-03-12 09:37:00,33.11,33.16,33.09,33.16,19106
2026-03-12 09:38:00,33.11,33.16,33.1,33.12,13171
2026-03-12 09:39:00,33.12,33.12,33.06,33.06,17103
2026-03-12 09:40:00,33.08,33.12,33.06,33.11,21929
2026-03-12 09:41:00,33.11,33.12,33.08,33.09,7964
2026-03-12 09:42:00,33.1,33.17,33.08,33.17,7847
2026-03-12 09:43:00,33.15,33.15,33.09,33.09,51082
2026-03-12 09:44:00,33.09,33.13,33.08,33.13,2755
2026-03-12 09:45:00,33.13,33.13,33.1,33.13,5228
2026-03-12 09:46:00,33.13,33.14,33.1,33.13,3359
2026-03-12 09:47:00,33.13,33.14,33.1,33.11,7792
2026-03-12 09:48:00,33.1,33.16,33.1,33.16,59281
2026-03-12 09:49:00,33.17,33.24,33.17,33.22,46501
2026-03-12 09:50:00,33.22,33.22,33.17,33.17,21428
2026-03-12 09:51:00,33.18,33.2,33.16,33.2,5005
2026-03-12 09:52:00,33.2,33.21,33.17,33.2,9397
2026-03-12 09:53:00,33.2,33.2,33.17,33.2,9666
2026-03-12 09:54:00,33.2,33.24,33.18,33.24,23507
2026-03-12 09:55:00,33.24,33.26,33.21,33.23,21317
2026-03-12 09:56:00,33.21,33.25,33.21,33.25,7833
2026-03-12 09:57:00,33.23,33.26,33.23,33.26,782
2026-03-12 09:58:00,33.26,33.29,33.23,33.26,61418
2026-03-12 09:59:00,33.26,33.29,33.26,33.28,6172
2026-03-12 10:00:00,33.32,33.32,33.24,33.26,39271
2026-03-12 10:01:00,33.26,33.26,33.24,33.26,12859
2026-03-12 10:02:00,33.26,33.29,33.26,33.28,3377
2026-03-12 10:03:00,33.28,33.29,33.27,33.27,13537
2026-03-12 10:04:00,33.29,33.3,33.27,33.27,1638
2026-03-12 10:05:00,33.3,33.32,33.27,33.27,37045
2026-03-12 10:06:00,33.27,33.28,33.24,33.28,3447
2026-03-12 10:07:00,33.26,33.27,33.21,33.21,8383
2026-03-12 10:08:00,33.21,33.22,33.19,33.2,14298
2026-03-12 10:09:00,33.2,33.25,33.2,33.25,15160
2026-03-12 10:10:00,33.25,33.27,33.23,33.25,3177
2026-03-12 10:11:00,33.25,33.25,33.19,33.2,31074
2026-03-12 10:12:00,33.19,33.21,33.17,33.19,11867
2026-03-12 10:13:00,33.18,33.18,33.15,33.15,13330
2026-03-12 10:14:00,33.15,33.18,33.14,33.14,12418
2026-03-12 10:15:00,33.18,33.18,33.13,33.17,8245
2026-03-12 10:16:00,33.15,33.16,33.13,33.13,6163
2026-03-12 10:17:00,33.13,33.15,33.12,33.12,29425
2026-03-12 10:18:00,33.12,33.16,33.1,33.16,30074
2026-03-12 10:19:00,33.13,33.16,33.13,33.14,37647
2026-03-12 10:20:00,33.15,33.19,33.15,33.18,20972
2026-03-12 10:21:00,33.18,33.19,33.16,33.18,2096
2026-03-12 10:22:00,33.18,33.2,33.15,33.16,6418
2026-03-12 10:23:00,33.17,33.17,33.13,33.13,4009
2026-03-12 10:24:00,33.13,33.16,33.12,33.14,1961
2026-03-12 10:25:00,33.16,33.21,33.15,33.2,7291
2026-03-12 10:26:00,33.2,33.29,33.2,33.26,25004
2026-03-12 10:27:00,33.27,33.28,33.25,33.28,23672
2026-03-12 10:28:00,33.28,33.3,33.26,33.29,6703
2026-03-12 10:29:00,33.29,33.3,33.27,33.29,20663
2026-03-12 10:30:00,33.3,33.3,33.24,33.24,15806
2026-03-12 10:31:00,33.25,33.25,33.23,33.24,4521
2026-03-12 10:32:00,33.23,33.29,33.23,33.29,21172
2026-03-12 10:33:00,33.29,33.32,33.29,33.29,31615
2026-03-12 10:34:00,33.29,33.35,33.29,33.33,13055
2026-03-12 10:35:00,33.33,33.35,33.3,33.33,4759
2026-03-12 10:36:00,33.33,33.38,33.3,33.38,16431
2026-03-12 10:37:00,33.35,33.41,33.35,33.39,28807
2026-03-12 10:38:00,33.39,33.41,33.39,33.4,2056
2026-03-12 10:39:00,33.39,33.39,33.37,33.37,7150
2026-03-12 10:40:00,33.37,33.39,33.35,33.39,20582
2026-03-12 10:41:00,33.39,33.39,33.35,33.35,3826
2026-03-12 10:42:00,33.35,33.38,33.34,33.35,8835
2026-03-12 10:43:00,33.35,33.37,33.34,33.37,2611
2026-03-12 10:44:00,33.35,33.35,33.35,33.35,875
2026-03-12 10:45:00,33.37,33.37,33.35,33.35,280
2026-03-12 10:46:00,33.38,33.45,33.38,33.41,29048
2026-03-12 10:47:00,33.41,33.41,33.39,33.41,3323
2026-03-12 10:48:00,33.41,33.45,33.39,33.41,6504
2026-03-12 10:49:00,33.41,33.42,33.39,33.39,940
2026-03-12 10:50:00,33.39,33.4,33.35,33.37,4633
2026-03-12 10:51:00,33.37,33.4,33.35,33.38,6941
2026-03-12 10:52:00,33.38,33.38,33.36,33.38,750
2026-03-12 10:53:00,33.38,33.43,33.36,33.43,36421
2026-03-12 10:54:00,33.43,33.44,33.39,33.39,3169
2026-03-12 10:55:00,33.39,33.4,33.39,33.39,3183
2026-03-12 10:56:00,33.39,33.4,33.37,33.4,4506
2026-03-12 10:57:00,33.4,33.43,33.4,33.43,3768
2026-03-12 10:58:00,33.43,33.45,33.43,33.43,461
2026-03-12 10:59:00,33.45,33.56,33.45,33.46,58188
2026-03-12 11:00:00,33.49,33.49,33.47,33.48,590
2026-03-12 11:01:00,33.49,33.49,33.47,33.48,1418
2026-03-12 11:02:00,33.46,33.51,33.46,33.47,22496
2026-03-12 11:03:00,33.47,33.49,33.45,33.46,963
2026-03-12 11:04:00,33.46,33.5,33.45,33.48,3052
2026-03-12 11:05:00,33.48,33.5,33.47,33.49,4161
2026-03-12 11:06:00,33.47,33.5,33.4,33.4,21349
2026-03-12 11:07:00,33.42,33.44,33.4,33.42,8185
2026-03-12 11:08:00,33.42,33.45,33.42,33.45,340
2026-03-12 11:09:00,33.45,33.48,33.43,33.48,5874
2026-03-12 11:10:00,33.48,33.49,33.46,33.49,5786
2026-03-12 11:11:00,33.49,33.51,33.47,33.5,4181
2026-03-12 11:12:00,33.5,33.5,33.47,33.49,2037
2026-03-12 11:13:00,33.49,33.52,33.49,33.52,11522
2026-03-12 11:14:00,33.53,33.54,33.5,33.51,11823
2026-03-12 11:15:00,33.51,33.51,33.47,33.47,38141
2026-03-12 11:16:00,33.47,33.5,33.47,33.5,952
2026-03-12 11:17:00,33.5,33.5,33.43,33.43,9840
2026-03-12 11:18:00,33.44,33.46,33.3,33.3,56340
2026-03-12 11:19:00,33.35,33.39,33.35,33.39,14361
2026-03-12 11:20:00,33.39,33.39,33.35,33.35,1131
2026-03-12 11:21:00,33.35,33.37,33.32,33.35,31020
2026-03-12 11:22:00,33.35,33.39,33.33,33.35,47982
2026-03-12 11:23:00,33.35,33.37,33.35,33.37,1666
2026-03-12 11:24:00,33.37,33.4,33.37,33.4,2491
2026-03-12 11:25:00,33.4,33.42,33.38,33.38,12601
2026-03-12 11:26:00,33.38,33.39,33.37,33.39,4384
2026-03-12 11:27:00,33.39,33.41,33.36,33.36,3389
2026-03-12 11:28:00,33.36,33.39,33.36,33.37,358
2026-03-12 11:29:00,33.37,33.43,33.37,33.4,2172
2026-03-12 11:30:00,33.43,33.43,33.4,33.41,691
2026-03-12 11:31:00,33.41,33.44,33.41,33.44,264
2026-03-12 11:32:00,33.44,33.44,33.41,33.41,6280
2026-03-12 11:33:00,33.41,33.44,33.41,33.42,2126
2026-03-12 11:34:00,33.42,33.45,33.42,33.45,1830
2026-03-12 11:35:00,33.46,33.47,33.44,33.47,2046
2026-03-12 11:36:00,33.47,33.47,33.44,33.45,3760
2026-03-12 11:37:00,33.45,33.45,33.43,33.43,510
2026-03-12 11:38:00,33.41,33.46,33.4,33.43,15493
2026-03-12 11:39:00,33.43,33.47,33.43,33.47,225
2026-03-12 11:40:00,33.47,33.49,33.47,33.48,9205
2026-03-12 11:41:00,33.49,33.5,33.48,33.49,7994
2026-03-12 11:42:00,33.49,33.49,33.46,33.46,21571
2026-03-12 11:43:00,33.46,33.5,33.46,33.49,7201
2026-03-12 11:44:00,33.49,33.49,33.46,33.48,2046
2026-03-12 11:45:00,33.48,33.51,33.46,33.51,11210
2026-03-12 11:46:00,33.51,33.51,33.46,33.49,48396
2026-03-12 11:47:00,33.45,33.49,33.45,33.49,6709
2026-03-12 11:48:00,33.49,33.5,33.45,33.49,12032
2026-03-12 11:49:00,33.49,33.49,33.4,33.42,11991
2026-03-12 11:50:00,33.42,33.45,33.37,33.4,52211
2026-03-12 11:51:00,33.4,33.43,33.4,33.43,2602
2026-03-12 11:52:00,33.43,33.45,33.39,33.4,6052
2026-03-12 11:53:00,33.4,33.45,33.4,33.45,26959
2026-03-12 11:54:00,33.45,33.5,33.45,33.46,4272
2026-03-12 11:55:00,33.49,33.49,33.47,33.49,4009
2026-03-12 11:56:00,33.49,33.53,33.49,33.53,3087
2026-03-12 11:57:00,33.53,33.55,33.5,33.55,19707
2026-03-12 11:58:00,33.55,33.56,33.52,33.53,29498
2026-03-12 11:59:00,33.53,33.57,33.53,33.57,14069
2026-03-12 12:00:00,33.57,33.6,33.55,33.58,28396
2026-03-12 12:01:00,33.58,33.6,33.58,33.58,377
2026-03-12 12:02:00,33.58,33.6,33.56,33.59,8384
2026-03-12 12:03:00,33.59,33.59,33.56,33.58,612
2026-03-12 12:04:00,33.56,33.63,33.56,33.61,19284
2026-03-12 12:05:00,33.61,33.62,33.58,33.59,20548
2026-03-12 12:06:00,33.59,33.59,33.53,33.56,18676
2026-03-12 12:07:00,33.56,33.6,33.55,33.55,3487
2026-03-12 12:08:00,33.55,33.55,33.52,33.55,2199
2026-03-12 12:09:00,33.55,33.56,33.53,33.55,4891
2026-03-12 12:10:00,33.55,33.55,33.54,33.55,3076
2026-03-12 12:11:00,33.55,33.57,33.55,33.57,8198
2026-03-12 12:12:00,33.57,33.59,33.55,33.59,773
2026-03-12 12:13:00,33.59,33.63,33.57,33.6,30497
2026-03-12 12:14:00,33.62,33.63,33.59,33.62,27108
2026-03-12 12:15:00,33.62,33.65,33.62,33.65,3715
2026-03-12 12:16:00,33.62,33.65,33.59,33.59,2877
2026-03-12 12:17:00,33.59,33.61,33.56,33.58,9670
2026-03-12 12:18:00,33.58,33.63,33.58,33.61,11173
2026-03-12 12:19:00,33.61,33.61,33.58,33.59,2999
2026-03-12 12:20:00,33.59,33.63,33.59,33.63,1466
2026-03-12 12:21:00,33.63,33.68,33.62,33.67,24364
2026-03-12 12:22:00,33.68,33.7,33.67,33.68,27588
2026-03-12 12:23:00,33.66,33.67,33.61,33.61,4462
2026-03-12 12:24:00,33.62,33.69,33.62,33.69,18246
2026-03-12 12:25:00,33.66,33.68,33.66,33.68,1364
2026-03-12 12:26:00,33.68,33.81,33.68,33.77,332371
2026-03-12 12:27:00,33.77,33.8,33.76,33.8,17269
2026-03-12 12:28:00,33.8,33.8,33.75,33.77,2730
2026-03-12 12:29:00,33.77,33.77,33.72,33.75,5324
2026-03-12 12:30:00,33.75,33.75,33.74,33.75,1427
2026-03-12 12:31:00,33.75,33.75,33.74,33.74,212
2026-03-12 12:32:00,33.75,33.78,33.72,33.73,22949
2026-03-12 12:33:00,33.76,33.76,33.73,33.74,1442
2026-03-12 12:34:00,33.74,33.76,33.74,33.76,2690
2026-03-12 12:35:00,33.73,33.76,33.73,33.76,4536
2026-03-12 12:36:00,33.76,33.78,33.75,33.75,5612
2026-03-12 12:37:00,33.75,33.76,33.73,33.76,7354
2026-03-12 12:38:00,33.76,33.78,33.74,33.74,2545
2026-03-12 12:39:00,33.74,33.77,33.74,33.75,4103
2026-03-12 12:40:00,33.75,33.77,33.75,33.77,2441
2026-03-12 12:41:00,33.77,33.77,33.75,33.77,1872
2026-03-12 12:42:00,33.78,33.79,33.78,33.78,4336
2026-03-12 12:43:00,33.75,33.78,33.75,33.77,23856
2026-03-12 12:44:00,33.77,33.84,33.76,33.84,12546
2026-03-12 12:45:00,33.84,33.9,33.84,33.85,58898
2026-03-12 12:46:00,33.85,33.87,33.82,33.85,23944
2026-03-12 12:47:00,33.86,33.86,33.84,33.85,5084
2026-03-12 12:48:00,33.86,33.87,33.86,33.86,2279
2026-03-12 12:49:00,33.86,33.89,33.83,33.84,4928
2026-03-12 12:50:00,33.84,33.84,33.84,33.84,719
2026-03-12 12:51:00,33.83,33.84,33.82,33.82,3591
2026-03-12 12:52:00,33.82,33.84,33.8,33.8,3155
2026-03-12 12:53:00,33.8,33.84,33.77,33.8,21234
2026-03-12 12:54:00,33.8,33.81,33.79,33.81,1615
2026-03-12 12:55:00,33.81,33.81,33.79,33.79,1542
2026-03-12 12:56:00,33.79,33.82,33.79,33.81,1840
2026-03-12 12:57:00,33.81,33.83,33.81,33.81,1041
2026-03-12 12:58:00,33.81,33.81,33.79,33.79,96660
2026-03-12 12:59:00,33.79,33.79,33.75,33.76,2935
2026-03-12 13:00:00,33.76,33.79,33.75,33.75,34121
2026-03-12 13:01:00,33.74,33.75,33.72,33.75,3793
2026-03-12 13:02:00,33.71,33.71,33.65,33.69,44588
2026-03-12 13:03:00,33.7,33.7,33.69,33.7,751
2026-03-12 13:04:00,33.7,33.78,33.7,33.75,52381
2026-03-12 13:05:00,33.75,33.75,33.66,33.69,17094
2026-03-12 13:06:00,33.69,33.69,33.67,33.68,1794
2026-03-12 13:07:00,33.68,33.72,33.68,33.69,957
2026-03-12 13:08:00,33.69,33.73,33.69,33.73,1341
2026-03-12 13:09:00,33.73,33.73,33.7,33.72,1192
2026-03-12 13:10:00,33.71,33.73,33.71,33.73,3318
2026-03-12 13:11:00,33.73,33.74,33.73,33.73,556
2026-03-12 13:12:00,33.73,33.74,33.71,33.71,41641
2026-03-12 13:13:00,33.71,33.72,33.7,33.72,1108
2026-03-12 13:14:00,33.72,33.79,33.72,33.79,960
2026-03-12 13:15:00,33.79,33.79,33.76,33.78,6692
2026-03-12 13:16:00,33.78,33.78,33.77,33.78,101
2026-03-12 13:17:00,33.77,33.79,33.77,33.79,11397
2026-03-12 13:18:00,33.79,33.84,33.79,33.8,30389
2026-03-12 13:19:00,33.8,33.8,33.8,33.8,767
2026-03-12 13:20:00,33.8,33.8,33.79,33.8,2109
2026-03-12 13:21:00,33.8,33.82,33.79,33.79,4503
2026-03-12 13:22:00,33.79,33.86,33.79,33.86,85423
2026-03-12 13:23:00,33.86,33.89,33.86,33.89,978
2026-03-12 13:24:00,33.89,33.95,33.89,33.93,10996
2026-03-12 13:25:00,33.93,33.93,33.87,33.9,8352
2026-03-12 13:26:00,33.92,33.94,33.87,33.87,4570
2026-03-12 13:27:00,33.87,33.9,33.82,33.89,41307
2026-03-12 13:28:00,33.89,33.93,33.89,33.92,8177
2026-03-12 13:29:00,33.92,33.92,33.86,33.89,10166
2026-03-12 13:30:00,33.9,33.97,33.9,33.94,23455
2026-03-12 13:31:00,33.94,33.96,33.94,33.96,5972
2026-03-12 13:32:00,33.94,33.96,33.93,33.95,943
2026-03-12 13:33:00,33.95,34.02,33.95,34.02,21129
2026-03-12 13:34:00,34.0,34.09,34.0,34.04,121394
2026-03-12 13:35:00,34.04,34.04,34.0,34.04,1387
2026-03-12 13:36:00,34.03,34.05,34.0,34.0,48560
2026-03-12 13:37:00,34.01,34.01,34.01,34.01,569
2026-03-12 13:38:00,34.01,34.02,34.0,34.01,943
2026-03-12 13:39:00,34.01,34.02,34.0,34.02,2574
2026-03-12 13:40:00,34.02,34.1,34.02,34.1,12916
2026-03-12 13:41:00,34.1,34.11,34.08,34.08,15548
2026-03-12 13:42:00,34.08,34.08,34.0,34.0,5303
2026-03-12 13:43:00,34.04,34.04,34.0,34.01,11403
2026-03-12 13:44:00,34.05,34.06,34.02,34.04,5752
2026-03-12 13:45:00,34.04,34.04,34.01,34.02,9350
2026-03-12 13:46:00,34.02,34.02,34.02,34.02,1664
2026-03-12 13:47:00,34.0,34.02,34.0,34.02,3134
2026-03-12 13:48:00,34.02,34.03,34.0,34.02,1495
2026-03-12 13:49:00,33.99,34.0,33.94,33.96,36187
2026-03-12 13:50:00,33.98,33.99,33.97,33.98,3215
2026-03-12 13:51:00,33.99,33.99,33.92,33.95,7671
2026-03-12 13:52:00,33.95,33.97,33.95,33.95,162
2026-03-12 13:53:00,33.95,33.97,33.95,33.95,772
2026-03-12 13:54:00,33.95,33.99,33.95,33.97,5493
2026-03-12 13:55:00,33.96,33.98,33.95,33.95,2896
2026-03-12 13:56:00,33.95,33.95,33.91,33.91,3421
2026-03-12 13:57:00,33.91,33.93,33.89,33.89,11957
2026-03-12 13:58:00,33.89,33.9,33.87,33.87,8343
2026-03-12 13:59:00,33.87,33.9,33.85,33.9,8379
2026-03-12 14:00:00,33.9,33.9,33.88,33.9,922
2026-03-12 14:01:00,33.9,33.95,33.9,33.93,13181
2026-03-12 14:02:00,33.93,33.96,33.93,33.96,2516
2026-03-12 14:03:00,33.96,33.96,33.9,33.9,1795
2026-03-12 14:04:00,33.9,33.92,33.88,33.92,1412
2026-03-12 14:05:00,33.92,33.96,33.89,33.96,3316
2026-03-12 14:06:00,33.96,33.96,33.93,33.93,409
2026-03-12 14:07:00,33.93,33.96,33.88,33.88,5337
2026-03-12 14:08:00,33.88,33.89,33.87,33.87,5749
2026-03-12 14:09:00,33.87,33.88,33.82,33.82,16374
2026-03-12 14:10:00,33.82,33.86,33.82,33.85,1246
2026-03-12 14:11:00,33.85,33.85,33.83,33.83,2203
2026-03-12 14:12:00,33.83,33.83,33.8,33.8,15117
2026-03-12 14:13:00,33.8,33.88,33.8,33.86,3275
2026-03-12 14:14:00,33.88,33.92,33.86,33.92,2061
2026-03-12 14:15:00,33.9,33.94,33.87,33.88,9863
2026-03-12 14:16:00,33.89,33.92,33.88,33.9,547
2026-03-12 14:17:00,33.88,33.9,33.84,33.84,44401
2026-03-12 14:18:00,33.84,33.86,33.84,33.86,5746
2026-03-12 14:19:00,33.86,33.9,33.86,33.86,2786
2026-03-12 14:20:00,33.86,33.98,33.86,33.96,62044
2026-03-12 14:21:00,33.96,33.99,33.95,33.95,13656
2026-03-12 14:22:00,33.95,33.98,33.95,33.97,4451
2026-03-12 14:23:00,33.97,34.01,33.96,33.98,28828
2026-03-12 14:24:00,33.98,34.01,33.98,33.99,3516
2026-03-12 14:25:00,33.98,34.0,33.98,33.98,6637
2026-03-12 14:26:00,33.98,34.01,33.98,34.01,4575
2026-03-12 14:27:00,34.01,34.04,33.98,33.98,2734
2026-03-12 14:28:00,33.98,34.0,33.97,33.97,8809
2026-03-12 14:29:00,33.97,33.98,33.95,33.95,3567
2026-03-12 14:30:00,33.98,34.0,33.95,33.99,13163
2026-03-12 14:31:00,34.01,34.01,33.97,33.97,5090
2026-03-12 14:32:00,33.97,33.97,33.95,33.95,8955
2026-03-12 14:33:00,33.95,33.99,33.95,33.96,14667
2026-03-12 14:34:00,33.96,33.99,33.96,33.96,1062
2026-03-12 14:35:00,33.96,33.99,33.96,33.99,168707
2026-03-12 14:36:00,33.99,33.99,33.99,33.99,3169
2026-03-12 14:37:00,33.99,34.0,33.99,33.99,2933
2026-03-12 14:38:00,33.99,34.01,33.99,34.01,3192
2026-03-12 14:39:00,34.01,34.04,34.01,34.01,774
2026-03-12 14:40:00,34.03,34.03,33.99,33.99,12853
2026-03-12 14:41:00,33.99,34.01,33.99,33.99,1732
2026-03-12 14:42:00,34.01,34.01,33.99,33.99,2288
2026-03-12 14:43:00,33.99,33.99,33.99,33.99,93
2026-03-12 14:44:00,33.99,33.99,33.99,33.99,757
2026-03-12 14:45:00,33.99,33.99,33.9,33.93,50353
2026-03-12 14:46:00,33.93,33.93,33.85,33.9,20505
2026-03-12 14:47:00,33.86,33.9,33.86,33.87,9724
2026-03-12 14:48:00,33.87,33.92,33.86,33.92,36945
2026-03-12 14:49:00,33.9,33.92,33.88,33.92,8976
2026-03-12 14:50:00,33.9,33.92,33.8,33.8,19488
2026-03-12 14:51:00,33.8,33.84,33.79,33.79,42187
2026-03-12 14:52:00,33.8,33.82,33.76,33.79,36278
2026-03-12 14:53:00,33.8,33.9,33.8,33.88,48037
2026-03-12 14:54:00,33.88,33.9,33.85,33.86,3785
2026-03-12 14:55:00,33.86,33.88,33.85,33.85,2170
2026-03-12 14:56:00,33.88,33.88,33.85,33.86,4889
2026-03-12 14:57:00,33.85,33.89,33.85,33.85,3456
2026-03-12 14:58:00,33.85,33.86,33.85,33.86,596
2026-03-12 14:59:00,33.86,33.89,33.86,33.87,26869
2026-03-12 15:00:00,33.86,33.88,33.86,33.86,9522
2026-03-12 15:01:00,33.85,33.86,33.8,33.82,4207
2026-03-12 15:02:00,33.82,33.84,33.8,33.81,2245
2026-03-12 15:03:00,33.81,33.86,33.81,33.85,10851
2026-03-12 15:04:00,33.84,33.89,33.83,33.89,8410
2026-03-12 15:05:00,33.88,33.93,33.88,33.93,16322
2026-03-12 15:06:00,33.93,33.94,33.91,33.93,6245
2026-03-12 15:07:00,33.91,33.93,33.9,33.92,25505
2026-03-12 15:08:00,33.84,33.88,33.83,33.87,18966
2026-03-12 15:09:00,33.86,33.9,33.85,33.9,10098
2026-03-12 15:10:00,33.89,33.91,33.88,33.91,25812
2026-03-12 15:11:00,33.91,33.91,33.87,33.89,4592
2026-03-12 15:12:00,33.88,33.9,33.85,33.85,41448
2026-03-12 15:13:00,33.88,33.9,33.87,33.9,30089
2026-03-12 15:14:00,33.9,33.91,33.89,33.89,20266
2026-03-12 15:15:00,33.88,33.89,33.85,33.88,15805
2026-03-12 15:16:00,33.89,33.89,33.88,33.88,17267
2026-03-12 15:17:00,33.89,33.89,33.87,33.87,9332
2026-03-12 15:18:00,33.87,33.87,33.83,33.83,49739
2026-03-12 15:19:00,33.84,33.92,33.84,33.91,54486
2026-03-12 15:20:00,33.9,33.91,33.9,33.91,34733
2026-03-12 15:21:00,33.9,33.9,33.85,33.85,31329
2026-03-12 15:22:00,33.82,33.85,33.81,33.81,41981
2026-03-12 15:23:00,33.83,33.91,33.83,33.9,21974
2026-03-12 15:24:00,33.88,33.92,33.85,33.86,47602
2026-03-12 15:25:00,33.88,33.91,33.85,33.91,44580
2026-03-12 15:26:00,33.87,33.91,33.86,33.86,23439
2026-03-12 15:27:00,33.87,33.91,33.63,33.69,231915
2026-03-12 15:28:00,33.69,33.9,33.6,33.8,18588
2026-03-12 15:29:00,33.9,33.9,33.77,33.85,6734
2026-03-13 09:15:00,33.5,33.69,33.48,33.59,64546
2026-03-13 09:16:00,33.65,33.65,33.53,33.56,27503
2026-03-13 09:17:00,33.57,33.6,33.56,33.6,39152
2026-03-13 09:18:00,33.6,33.69,33.6,33.62,38608
2026-03-13 09:19:00,33.61,33.62,33.56,33.6,40837
2026-03-13 09:20:00,33.61,33.62,33.58,33.62,26002
2026-03-13 09:21:00,33.62,33.71,33.58,33.7,55847
2026-03-13 09:22:00,33.73,33.75,33.7,33.7,27464
2026-03-13 09:23:00,33.68,33.71,33.66,33.7,37203
2026-03-13 09:24:00,33.7,33.75,33.7,33.73,26944
2026-03-13 09:25:00,33.74,33.74,33.68,33.7,59559
2026-03-13 09:26:00,33.69,33.75,33.69,33.75,12269
2026-03-13 09:27:00,33.75,33.77,33.72,33.74,24324
2026-03-13 09:28:00,33.75,33.8,33.74,33.8,10652
2026-03-13 09:29:00,33.79,33.81,33.77,33.78,4494
2026-03-13 09:30:00,33.8,33.8,33.77,33.78,16682
2026-03-13 09:31:00,33.78,33.8,33.78,33.8,9026
2026-03-13 09:32:00,33.8,33.82,33.78,33.8,5654
2026-03-13 09:33:00,33.8,33.83,33.79,33.81,1623
2026-03-13 09:34:00,33.82,33.85,33.81,33.82,16992
2026-03-13 09:35:00,33.82,33.84,33.82,33.84,23173
2026-03-13 09:36:00,33.83,33.84,33.81,33.82,4364
2026-03-13 09:37:00,33.79,33.79,33.73,33.76,10832
2026-03-13 09:38:00,33.79,33.83,33.79,33.82,12497
2026-03-13 09:39:00,33.82,33.82,33.81,33.82,7690
2026-03-13 09:40:00,33.82,33.88,33.82,33.85,53630
2026-03-13 09:41:00,33.83,33.85,33.77,33.8,15974
2026-03-13 09:42:00,33.76,33.8,33.75,33.8,65342
2026-03-13 09:43:00,33.8,33.8,33.73,33.79,7792
2026-03-13 09:44:00,33.79,33.79,33.74,33.75,5091
2026-03-13 09:45:00,33.72,33.74,33.69,33.7,16904
2026-03-13 09:46:00,33.7,33.7,33.62,33.64,11257
2026-03-13 09:47:00,33.64,33.64,33.58,33.58,9126
2026-03-13 09:48:00,33.61,33.61,33.57,33.6,16902
2026-03-13 09:49:00,33.6,33.61,33.53,33.53,9964
2026-03-13 09:50:00,33.53,33.55,33.48,33.48,64456
2026-03-13 09:51:00,33.48,33.5,33.46,33.48,8967
2026-03-13 09:52:00,33.48,33.48,33.43,33.43,13273
2026-03-13 09:53:00,33.46,33.46,33.42,33.43,14059
2026-03-13 09:54:00,33.43,33.43,33.4,33.41,9389
2026-03-13 09:55:00,33.41,33.42,33.39,33.39,18564
2026-03-13 09:56:00,33.37,33.45,33.36,33.43,79348
2026-03-13 09:57:00,33.42,33.45,33.41,33.44,3590
2026-03-13 09:58:00,33.44,33.44,33.35,33.35,43290
2026-03-13 09:59:00,33.35,33.38,33.3,33.33,39011
2026-03-13 10:00:00,33.33,33.33,33.29,33.3,7247
2026-03-13 10:01:00,33.3,33.35,33.28,33.34,5642
2026-03-13 10:02:00,33.34,33.38,33.33,33.38,13444
2026-03-13 10:03:00,33.38,33.39,33.37,33.38,10166
2026-03-13 10:04:00,33.38,33.38,33.34,33.34,39351
2026-03-13 10:05:00,33.34,33.34,33.3,33.3,30459
2026-03-13 10:06:00,33.3,33.3,33.25,33.26,37289
2026-03-13 10:07:00,33.25,33.3,33.23,33.3,28245
2026-03-13 10:08:00,33.3,33.3,33.27,33.28,11956
2026-03-13 10:09:00,33.28,33.29,33.25,33.28,9637
2026-03-13 10:10:00,33.28,33.29,33.23,33.25,8356
2026-03-13 10:11:00,33.25,33.25,33.24,33.25,5527
2026-03-13 10:12:00,33.25,33.25,33.18,33.19,73898
2026-03-13 10:13:00,33.2,33.22,33.19,33.22,7524
2026-03-13 10:14:00,33.2,33.22,33.16,33.16,14536
2026-03-13 10:15:00,33.2,33.21,33.16,33.17,17162
2026-03-13 10:16:00,33.17,33.2,33.17,33.18,3513
2026-03-13 10:17:00,33.17,33.18,33.15,33.16,15444
2026-03-13 10:18:00,33.17,33.18,33.15,33.18,12320
2026-03-13 10:19:00,33.18,33.18,33.14,33.14,32897
2026-03-13 10:20:00,33.14,33.14,33.12,33.13,3960
2026-03-13 10:21:00,33.12,33.18,33.12,33.17,12551
2026-03-13 10:22:00,33.17,33.17,33.09,33.1,47330
2026-03-13 10:23:00,33.1,33.1,33.08,33.09,11351
2026-03-13 10:24:00,33.08,33.11,33.07,33.08,8001
2026-03-13 10:25:00,33.08,33.09,33.02,33.02,38028
2026-03-13 10:26:00,33.02,33.06,33.02,33.04,11060
2026-03-13 10:27:00,33.04,33.14,33.04,33.14,10978
2026-03-13 10:28:00,33.14,33.2,33.12,33.2,3804
2026-03-13 10:29:00,33.18,33.19,33.17,33.19,11899
2026-03-13 10:30:00,33.18,33.2,33.16,33.16,17156
2026-03-13 10:31:00,33.19,33.22,33.18,33.22,6196
2026-03-13 10:32:00,33.21,33.21,33.18,33.18,2026
2026-03-13 10:33:00,33.18,33.19,33.12,33.13,27414
2026-03-13 10:34:00,33.13,33.15,33.09,33.09,19298
2026-03-13 10:35:00,33.07,33.11,33.07,33.11,7322
2026-03-13 10:36:00,33.12,33.14,33.09,33.09,6583
2026-03-13 10:37:00,33.09,33.1,33.06,33.07,11995
2026-03-13 10:38:00,33.07,33.07,33.04,33.05,19380
2026-03-13 10:39:00,33.05,33.07,33.04,33.07,5413
2026-03-13 10:40:00,33.07,33.07,33.05,33.07,2206
2026-03-13 10:41:00,33.07,33.07,33.05,33.05,2175
2026-03-13 10:42:00,33.06,33.07,33.05,33.05,25477
2026-03-13 10:43:00,33.04,33.06,33.03,33.06,13303
2026-03-13 10:44:00,33.06,33.06,33.04,33.05,2151
2026-03-13 10:45:00,33.09,33.09,33.07,33.09,4152
2026-03-13 10:46:00,33.1,33.1,33.08,33.08,305
2026-03-13 10:47:00,33.09,33.1,33.05,33.1,8898
2026-03-13 10:48:00,33.1,33.1,33.07,33.09,602
2026-03-13 10:49:00,33.1,33.18,33.09,33.18,21420
2026-03-13 10:50:00,33.15,33.18,33.13,33.16,32169
2026-03-13 10:51:00,33.15,33.22,33.15,33.22,19022
2026-03-13 10:52:00,33.22,33.25,33.21,33.23,2243
2026-03-13 10:53:00,33.23,33.23,33.21,33.23,8102
2026-03-13 10:54:00,33.23,33.23,33.18,33.19,25132
2026-03-13 10:55:00,33.16,33.17,33.15,33.17,2928
2026-03-13 10:56:00,33.17,33.17,33.16,33.17,1245
2026-03-13 10:57:00,33.17,33.19,33.12,33.12,17086
2026-03-13 10:58:00,33.12,33.16,33.11,33.16,3166
2026-03-13 10:59:00,33.16,33.17,33.13,33.15,4771
2026-03-13 11:00:00,33.17,33.18,33.14,33.15,6072
2026-03-13 11:01:00,33.13,33.14,33.12,33.13,1690
2026-03-13 11:02:00,33.14,33.15,33.11,33.11,17866
2026-03-13 11:03:00,33.11,33.12,33.11,33.11,2404
2026-03-13 11:04:00,33.12,33.14,33.11,33.11,2686
2026-03-13 11:05:00,33.1,33.1,33.07,33.1,19006
2026-03-13 11:06:00,33.09,33.09,33.07,33.08,3173
2026-03-13 11:07:00,33.08,33.09,33.07,33.08,2247
2026-03-13 11:08:00,33.08,33.08,33.05,33.08,6825
2026-03-13 11:09:00,33.08,33.08,33.05,33.08,4427
2026-03-13 11:10:00,33.08,33.09,33.07,33.09,1572
2026-03-13 11:11:00,33.07,33.09,33.05,33.05,28275
2026-03-13 11:12:00,33.05,33.06,33.02,33.04,42236
2026-03-13 11:13:00,33.04,33.07,33.04,33.05,8233
2026-03-13 11:14:00,33.07,33.07,33.04,33.04,1439
2026-03-13 11:15:00,33.05,33.06,33.04,33.05,2436
2026-03-13 11:16:00,33.03,33.06,33.03,33.06,3151
2026-03-13 11:17:00,33.07,33.09,33.05,33.08,3371
2026-03-13 11:18:00,33.07,33.1,33.07,33.1,1240
2026-03-13 11:19:00,33.1,33.1,33.09,33.1,1073
2026-03-13 11:20:00,33.1,33.1,33.0,33.04,97809
2026-03-13 11:21:00,33.04,33.08,33.04,33.05,2369
2026-03-13 11:22:00,33.05,33.1,33.05,33.08,18298
2026-03-13 11:23:00,33.1,33.11,33.06,33.1,9233
2026-03-13 11:24:00,33.1,33.1,33.08,33.1,7440
2026-03-13 11:25:00,33.1,33.11,33.09,33.11,1793
2026-03-13 11:26:00,33.12,33.17,33.12,33.17,10653
2026-03-13 11:27:00,33.15,33.18,33.15,33.18,8218
2026-03-13 11:28:00,33.18,33.24,33.17,33.24,19798
2026-03-13 11:29:00,33.24,33.24,33.21,33.21,5902
2026-03-13 11:30:00,33.21,33.23,33.19,33.23,10881
2026-03-13 11:31:00,33.23,33.23,33.19,33.19,18062
2026-03-13 11:32:00,33.19,33.22,33.19,33.21,24391
2026-03-13 11:33:00,33.21,33.27,33.21,33.27,13731
2026-03-13 11:34:00,33.27,33.27,33.21,33.24,5405
2026-03-13 11:35:00,33.24,33.27,33.2,33.27,9171
2026-03-13 11:36:00,33.27,33.27,33.21,33.21,8635
2026-03-13 11:37:00,33.21,33.23,33.19,33.23,31790
2026-03-13 11:38:00,33.22,33.27,33.22,33.23,4028
2026-03-13 11:39:00,33.23,33.26,33.23,33.25,1072
2026-03-13 11:40:00,33.25,33.26,33.19,33.19,4411
2026-03-13 11:41:00,33.22,33.26,33.22,33.26,2895
2026-03-13 11:42:00,33.26,33.26,33.22,33.22,4393
2026-03-13 11:43:00,33.22,33.26,33.22,33.23,1038
2026-03-13 11:44:00,33.23,33.25,33.21,33.21,4571
2026-03-13 11:45:00,33.2,33.21,33.2,33.2,5197
2026-03-13 11:46:00,33.19,33.2,33.18,33.18,1245
2026-03-13 11:47:00,33.18,33.2,33.18,33.2,71
2026-03-13 11:48:00,33.17,33.19,33.17,33.18,1108
2026-03-13 11:49:00,33.18,33.18,33.17,33.18,792
2026-03-13 11:50:00,33.18,33.18,33.16,33.18,1209
2026-03-13 11:51:00,33.17,33.18,33.16,33.18,37
2026-03-13 11:52:00,33.18,33.18,33.14,33.15,8141
2026-03-13 11:53:00,33.15,33.16,33.14,33.16,5020
2026-03-13 11:54:00,33.16,33.16,33.15,33.15,2550
2026-03-13 11:55:00,33.14,33.14,33.13,33.13,8607
2026-03-13 11:56:00,33.12,33.12,33.11,33.11,1071
2026-03-13 11:57:00,33.12,33.15,33.11,33.12,1118
2026-03-13 11:58:00,33.14,33.14,33.11,33.13,1347
2026-03-13 11:59:00,33.13,33.14,33.11,33.14,9460
2026-03-13 12:00:00,33.14,33.15,33.12,33.15,1500
2026-03-13 12:01:00,33.15,33.15,33.12,33.12,577
2026-03-13 12:02:00,33.12,33.12,33.11,33.12,4591
2026-03-13 12:03:00,33.15,33.17,33.14,33.16,32186
2026-03-13 12:04:00,33.16,33.16,33.14,33.16,281
2026-03-13 12:05:00,33.15,33.16,33.15,33.16,1264
2026-03-13 12:06:00,33.16,33.16,33.14,33.16,2493
2026-03-13 12:07:00,33.15,33.16,33.15,33.16,1505
2026-03-13 12:08:00,33.16,33.16,33.13,33.15,1742
2026-03-13 12:09:00,33.15,33.15,33.13,33.13,99
2026-03-13 12:10:00,33.13,33.14,33.13,33.14,1596
2026-03-13 12:11:00,33.14,33.14,33.13,33.14,216
2026-03-13 12:12:00,33.14,33.14,33.13,33.13,4973
2026-03-13 12:13:00,33.13,33.15,33.13,33.15,2067
2026-03-13 12:14:00,33.15,33.15,33.13,33.14,1281
2026-03-13 12:15:00,33.14,33.16,33.14,33.16,1730
2026-03-13 12:16:00,33.14,33.14,33.11,33.11,15456
2026-03-13 12:17:00,33.11,33.14,33.11,33.14,3995
2026-03-13 12:18:00,33.11,33.13,33.11,33.11,1149
2026-03-13 12:19:00,33.13,33.13,33.1,33.1,5871
2026-03-13 12:20:00,33.06,33.07,33.06,33.06,7617
2026-03-13 12:21:00,33.06,33.09,33.04,33.07,19452
2026-03-13 12:22:00,33.06,33.08,33.06,33.06,6259
2026-03-13 12:23:00,33.06,33.06,33.04,33.05,1076
2026-03-13 12:24:00,33.06,33.07,33.05,33.07,6456
2026-03-13 12:25:00,33.07,33.07,33.05,33.06,8832
2026-03-13 12:26:00,33.07,33.09,33.06,33.09,2203
2026-03-13 12:27:00,33.09,33.13,33.09,33.1,784
2026-03-13 12:28:00,33.1,33.14,33.1,33.14,725
2026-03-13 12:29:00,33.14,33.14,33.1,33.1,4807
2026-03-13 12:30:00,33.1,33.12,33.1,33.11,4246
2026-03-13 12:31:00,33.11,33.11,33.04,33.04,8365
2026-03-13 12:32:00,33.03,33.04,33.01,33.02,21800
2026-03-13 12:33:00,33.04,33.04,33.02,33.03,10659
2026-03-13 12:34:00,33.02,33.03,33.02,33.02,5135
2026-03-13 12:35:00,33.02,33.03,33.01,33.03,13896
2026-03-13 12:36:00,33.03,33.05,33.03,33.05,10661
2026-03-13 12:37:00,33.05,33.06,33.01,33.04,35604
2026-03-13 12:38:00,33.04,33.04,33.0,33.02,7574
2026-03-13 12:39:00,33.0,33.03,33.0,33.03,5336
2026-03-13 12:40:00,33.03,33.06,33.01,33.05,2271
2026-03-13 12:41:00,33.05,33.05,33.03,33.03,11962
2026-03-13 12:42:00,33.02,33.05,33.01,33.05,901
2026-03-13 12:43:00,33.05,33.05,33.03,33.05,801
2026-03-13 12:44:00,33.03,33.05,33.03,33.03,2282
2026-03-13 12:45:00,33.03,33.06,33.03,33.05,6800
2026-03-13 12:46:00,33.07,33.07,33.06,33.07,2301
2026-03-13 12:47:00,33.07,33.07,33.06,33.07,3868
2026-03-13 12:48:00,33.07,33.08,33.06,33.07,6455
2026-03-13 12:49:00,33.07,33.09,33.07,33.09,1763
2026-03-13 12:50:00,33.09,33.1,33.07,33.1,6227
2026-03-13 12:51:00,33.1,33.1,33.08,33.08,2424
2026-03-13 12:52:00,33.06,33.08,33.06,33.08,1485
2026-03-13 12:53:00,33.08,33.08,33.03,33.04,15194
2026-03-13 12:54:00,33.05,33.07,33.02,33.07,8179
2026-03-13 12:55:00,33.1,33.1,33.06,33.07,3989
2026-03-13 12:56:00,33.07,33.08,33.05,33.05,530
2026-03-13 12:57:00,33.05,33.06,33.03,33.05,35027
2026-03-13 12:58:00,33.05,33.05,33.04,33.04,5287
2026-03-13 12:59:00,33.05,33.14,33.05,33.07,15100
2026-03-13 13:00:00,33.07,33.09,33.05,33.05,709
2026-03-13 13:01:00,33.05,33.05,33.05,33.05,3887
2026-03-13 13:02:00,33.08,33.08,33.05,33.08,190
2026-03-13 13:03:00,33.08,33.09,33.06,33.06,7184
2026-03-13 13:04:00,33.06,33.07,33.03,33.03,47658
2026-03-13 13:05:00,33.03,33.05,33.03,33.05,623
2026-03-13 13:06:00,33.05,33.06,33.05,33.06,5256
2026-03-13 13:07:00,33.06,33.06,33.03,33.06,334
2026-03-13 13:08:00,33.06,33.06,33.04,33.04,24883
2026-03-13 13:09:00,33.04,33.04,33.01,33.02,3362
2026-03-13 13:10:00,33.01,33.02,33.0,33.02,5440
2026-03-13 13:11:00,33.02,33.03,33.0,33.02,27521
2026-03-13 13:12:00,33.02,33.02,32.95,32.98,95568
2026-03-13 13:13:00,32.98,32.99,32.98,32.98,3278
2026-03-13 13:14:00,32.98,32.98,32.95,32.98,1490
2026-03-13 13:15:00,32.98,32.99,32.98,32.98,2710
2026-03-13 13:16:00,32.98,32.98,32.95,32.98,29190
2026-03-13 13:17:00,32.95,32.98,32.95,32.95,44968
2026-03-13 13:18:00,32.95,32.97,32.9,32.94,30654
2026-03-13 13:19:00,32.93,32.94,32.9,32.93,9774
2026-03-13 13:20:00,32.92,32.97,32.9,32.93,17558
2026-03-13 13:21:00,32.93,32.95,32.92,32.93,1176
2026-03-13 13:22:00,32.93,32.93,32.9,32.93,6029
2026-03-13 13:23:00,32.92,32.93,32.9,32.92,565
2026-03-13 13:24:00,32.92,32.93,32.87,32.87,11101
2026-03-13 13:25:00,32.87,32.89,32.86,32.89,21589
2026-03-13 13:26:00,32.9,32.92,32.87,32.91,6954
2026-03-13 13:27:00,32.9,32.95,32.87,32.95,6694
2026-03-13 13:28:00,32.95,32.97,32.93,32.97,492
2026-03-13 13:29:00,32.97,32.98,32.97,32.98,12125
2026-03-13 13:30:00,32.98,32.98,32.96,32.97,3701
2026-03-13 13:31:00,32.97,32.97,32.95,32.96,4687
2026-03-13 13:32:00,32.96,32.98,32.95,32.98,30101
2026-03-13 13:33:00,32.97,32.99,32.95,32.95,6054
2026-03-13 13:34:00,32.95,32.98,32.95,32.98,11330
2026-03-13 13:35:00,32.98,32.98,32.91,32.93,50222
2026-03-13 13:36:00,32.92,32.97,32.91,32.97,9120
2026-03-13 13:37:00,32.95,32.97,32.95,32.95,2767
2026-03-13 13:38:00,32.95,32.96,32.89,32.9,11885
2026-03-13 13:39:00,32.9,32.93,32.9,32.93,4057
2026-03-13 13:40:00,32.92,32.93,32.88,32.88,5045
2026-03-13 13:41:00,32.87,32.9,32.87,32.9,1530
2026-03-13 13:42:00,32.9,32.96,32.9,32.96,60264
2026-03-13 13:43:00,32.95,32.95,32.91,32.94,7011
2026-03-13 13:44:00,32.93,32.94,32.91,32.94,8295
2026-03-13 13:45:00,32.93,32.94,32.9,32.9,3408
2026-03-13 13:46:00,32.9,32.93,32.9,32.93,3502
2026-03-13 13:47:00,32.92,32.93,32.91,32.92,1621
2026-03-13 13:48:00,32.92,32.92,32.91,32.91,451
2026-03-13 13:49:00,32.91,32.92,32.91,32.91,2023
2026-03-13 13:50:00,32.9,32.9,32.88,32.89,8813
2026-03-13 13:51:00,32.9,32.9,32.86,32.86,4933
2026-03-13 13:52:00,32.87,32.91,32.87,32.9,9747
2026-03-13 13:53:00,32.9,32.92,32.9,32.92,4751
2026-03-13 13:54:00,32.92,32.92,32.9,32.9,3642
2026-03-13 13:55:00,32.89,32.92,32.89,32.9,2090
2026-03-13 13:56:00,32.9,32.92,32.88,32.91,6644
2026-03-13 13:57:00,32.9,32.92,32.89,32.92,1856
2026-03-13 13:58:00,32.77,32.8,32.61,32.8,398242
2026-03-13 13:59:00,32.8,32.85,32.8,32.84,8871
2026-03-13 14:00:00,32.85,32.87,32.83,32.86,10519
2026-03-13 14:01:00,32.86,32.88,32.85,32.88,772
2026-03-13 14:02:00,32.86,32.86,32.81,32.84,32259
2026-03-13 14:03:00,32.84,32.86,32.84,32.86,7168
2026-03-13 14:04:00,32.86,32.86,32.82,32.82,5796
2026-03-13 14:05:00,32.84,32.85,32.82,32.82,1350
2026-03-13 14:06:00,32.82,32.89,32.82,32.87,10424
2026-03-13 14:07:00,32.88,32.91,32.84,32.85,16389
2026-03-13 14:08:00,32.85,32.88,32.85,32.85,457
2026-03-13 14:09:00,32.85,32.89,32.85,32.89,12349
2026-03-13 14:10:00,32.89,32.89,32.85,32.85,21104
2026-03-13 14:11:00,32.85,32.87,32.83,32.83,4017
2026-03-13 14:12:00,32.86,32.88,32.85,32.87,4462
2026-03-13 14:13:00,32.87,32.87,32.86,32.87,1908
2026-03-13 14:14:00,32.87,32.87,32.84,32.86,67283
2026-03-13 14:15:00,32.86,32.87,32.83,32.83,27487
2026-03-13 14:16:00,32.83,32.84,32.83,32.83,557
2026-03-13 14:17:00,32.83,32.85,32.82,32.84,9364
2026-03-13 14:18:00,32.84,32.85,32.82,32.83,1525
2026-03-13 14:19:00,32.83,32.86,32.82,32.86,19360
2026-03-13 14:20:00,32.87,32.87,32.85,32.85,65555
2026-03-13 14:21:00,32.87,32.87,32.85,32.85,14027
2026-03-13 14:22:00,32.85,32.85,32.82,32.84,6328
2026-03-13 14:23:00,32.84,32.84,32.82,32.82,2199
2026-03-13 14:24:00,32.82,32.84,32.82,32.83,5626
2026-03-13 14:25:00,32.82,32.84,32.82,32.82,1099
2026-03-13 14:26:00,32.82,32.82,32.77,32.77,23633
2026-03-13 14:27:00,32.76,32.8,32.76,32.8,7579
2026-03-13 14:28:00,32.8,32.83,32.8,32.83,13280
2026-03-13 14:29:00,32.84,32.84,32.78,32.8,16532
2026-03-13 14:30:00,32.8,32.83,32.8,32.83,2741
2026-03-13 14:31:00,32.83,32.83,32.81,32.82,913
2026-03-13 14:32:00,32.83,32.84,32.83,32.84,5266
2026-03-13 14:33:00,32.85,32.86,32.85,32.86,19765
2026-03-13 14:34:00,32.86,32.86,32.84,32.84,978
2026-03-13 14:35:00,32.85,32.85,32.8,32.81,7851
2026-03-13 14:36:00,32.81,32.83,32.81,32.82,2647
2026-03-13 14:37:00,32.82,32.84,32.8,32.82,4088
2026-03-13 14:38:00,32.83,32.84,32.8,32.82,4853
2026-03-13 14:39:00,32.8,32.83,32.8,32.82,3987
2026-03-13 14:40:00,32.82,32.83,32.82,32.83,929
2026-03-13 14:41:00,32.83,32.83,32.82,32.83,856
2026-03-13 14:42:00,32.83,32.84,32.82,32.84,5233
2026-03-13 14:43:00,32.84,32.84,32.83,32.83,4451
2026-03-13 14:44:00,32.83,32.83,32.83,32.83,69187
2026-03-13 14:45:00,32.83,32.83,32.82,32.83,17182
2026-03-13 14:46:00,32.83,32.83,32.76,32.78,30806
2026-03-13 14:47:00,32.77,32.79,32.75,32.79,14082
2026-03-13 14:48:00,32.79,32.81,32.78,32.81,2081
2026-03-13 14:49:00,32.81,32.82,32.81,32.82,2272
2026-03-13 14:50:00,32.82,32.83,32.79,32.83,22677
2026-03-13 14:51:00,32.79,32.83,32.79,32.83,4006
2026-03-13 14:52:00,32.83,32.83,32.79,32.8,5606
2026-03-13 14:53:00,32.8,32.81,32.79,32.79,3594
2026-03-13 14:54:00,32.79,32.8,32.78,32.8,14907
2026-03-13 14:55:00,32.8,32.8,32.76,32.76,56077
2026-03-13 14:56:00,32.75,32.76,32.75,32.76,4299
2026-03-13 14:57:00,32.76,32.76,32.75,32.76,559
2026-03-13 14:58:00,32.76,32.77,32.76,32.77,9190
2026-03-13 14:59:00,32.76,32.77,32.75,32.77,2009
2026-03-13 15:00:00,32.77,32.77,32.72,32.74,21243
2026-03-13 15:01:00,32.74,32.74,32.71,32.71,9040
2026-03-13 15:02:00,32.73,32.73,32.71,32.72,8800
2026-03-13 15:03:00,32.71,32.72,32.7,32.7,6858
2026-03-13 15:04:00,32.71,32.72,32.7,32.71,33023
2026-03-13 15:05:00,32.71,32.71,32.69,32.7,8047
2026-03-13 15:06:00,32.72,32.72,32.69,32.7,13534
2026-03-13 15:07:00,32.68,32.68,32.65,32.66,11634
2026-03-13 15:08:00,32.67,32.67,32.65,32.67,8545
2026-03-13 15:09:00,32.68,32.68,32.66,32.68,16130
2026-03-13 15:10:00,32.68,32.68,32.65,32.65,37359
2026-03-13 15:11:00,32.66,32.66,32.63,32.64,26711
2026-03-13 15:12:00,32.64,32.65,32.62,32.62,29409
2026-03-13 15:13:00,32.63,32.66,32.63,32.66,25919
2026-03-13 15:14:00,32.66,32.66,32.64,32.64,14011
2026-03-13 15:15:00,32.65,32.66,32.63,32.65,35630
2026-03-13 15:16:00,32.65,32.66,32.65,32.66,8848
2026-03-13 15:17:00,32.66,32.66,32.63,32.64,26951
2026-03-13 15:18:00,32.64,32.67,32.62,32.67,78653
2026-03-13 15:19:00,32.67,32.67,32.67,32.67,11355
2026-03-13 15:20:00,32.66,32.67,32.63,32.64,29493
2026-03-13 15:21:00,32.64,32.64,32.62,32.62,31023
2026-03-13 15:22:00,32.63,32.63,32.62,32.62,38069
2026-03-13 15:23:00,32.63,32.63,32.61,32.61,43495
2026-03-13 15:24:00,32.61,32.61,32.59,32.59,78925
2026-03-13 15:25:00,32.58,32.59,32.5,32.5,151422
2026-03-13 15:26:00,32.57,32.57,32.52,32.56,39649
2026-03-13 15:27:00,32.55,32.55,32.52,32.52,44890
2026-03-13 15:28:00,32.52,32.55,32.51,32.54,69060
2026-03-13 15:29:00,32.55,32.57,32.55,32.57,22393
2026-03-16 09:15:00,32.5,32.54,32.18,32.24,243706
2026-03-16 09:16:00,32.23,32.24,32.08,32.08,88566
2026-03-16 09:17:00,32.1,32.12,32.04,32.11,125691
2026-03-16 09:18:00,32.1,32.15,32.05,32.15,49729
2026-03-16 09:19:00,32.14,32.16,32.09,32.1,56787
2026-03-16 09:20:00,32.06,32.1,31.96,32.04,126944
2026-03-16 09:21:00,32.03,32.05,32.0,32.0,30204
2026-03-16 09:22:00,31.97,32.01,31.93,32.0,72961
2026-03-16 09:23:00,31.92,31.96,31.9,31.94,85605
2026-03-16 09:24:00,31.91,31.94,31.86,31.9,71277
2026-03-16 09:25:00,31.9,31.93,31.85,31.87,86773
2026-03-16 09:26:00,31.88,31.89,31.85,31.89,55119
2026-03-16 09:27:00,31.87,31.92,31.84,31.87,71306
2026-03-16 09:28:00,31.9,31.94,31.86,31.91,16098
2026-03-16 09:29:00,31.94,31.99,31.91,31.95,25604
2026-03-16 09:30:00,31.99,32.14,31.99,32.14,37279
2026-03-16 09:31:00,32.09,32.19,32.08,32.19,76596
2026-03-16 09:32:00,32.2,32.2,32.1,32.16,36359
2026-03-16 09:33:00,32.19,32.22,32.16,32.21,39828
2026-03-16 09:34:00,32.21,32.32,32.18,32.32,50138
2026-03-16 09:35:00,32.36,32.36,32.25,32.28,33990
2026-03-16 09:36:00,32.26,32.35,32.25,32.31,29626
2026-03-16 09:37:00,32.33,32.4,32.3,32.4,33301
2026-03-16 09:38:00,32.39,32.41,32.39,32.4,13592
2026-03-16 09:39:00,32.39,32.4,32.38,32.4,76725
2026-03-16 09:40:00,32.42,32.5,32.41,32.5,40518
2026-03-16 09:41:00,32.53,32.54,32.48,32.48,18587
2026-03-16 09:42:00,32.47,32.5,32.44,32.45,23806
2026-03-16 09:43:00,32.46,32.46,32.42,32.42,14906
2026-03-16 09:44:00,32.41,32.44,32.37,32.37,16762
2026-03-16 09:45:00,32.39,32.42,32.38,32.4,8799
2026-03-16 09:46:00,32.39,32.42,32.39,32.39,7150
2026-03-16 09:47:00,32.36,32.4,32.36,32.39,7451
2026-03-16 09:48:00,32.39,32.4,32.37,32.39,3295
2026-03-16 09:49:00,32.39,32.39,32.28,32.32,55946
2026-03-16 09:50:00,32.32,32.32,32.29,32.31,13902
2026-03-16 09:51:00,32.28,32.33,32.28,32.31,3776
2026-03-16 09:52:00,32.33,32.37,32.33,32.37,2481
2026-03-16 09:53:00,32.37,32.37,32.31,32.33,9945
2026-03-16 09:54:00,32.33,32.34,32.28,32.31,14308
2026-03-16 09:55:00,32.32,32.38,32.32,32.37,13827
2026-03-16 09:56:00,32.36,32.36,32.34,32.35,8804
2026-03-16 09:57:00,32.35,32.4,32.35,32.35,9729
2026-03-16 09:58:00,32.37,32.39,32.35,32.36,8928
2026-03-16 09:59:00,32.36,32.36,32.31,32.33,14755
2026-03-16 10:00:00,32.31,32.37,32.31,32.37,21072
2026-03-16 10:01:00,32.37,32.37,32.28,32.28,27705
2026-03-16 10:02:00,32.3,32.33,32.29,32.3,8510
2026-03-16 10:03:00,32.3,32.31,32.27,32.29,8203
2026-03-16 10:04:00,32.29,32.36,32.29,32.33,19478
2026-03-16 10:05:00,32.37,32.4,32.33,32.4,21719
2026-03-16 10:06:00,32.37,32.42,32.35,32.38,36726
2026-03-16 10:07:00,32.37,32.38,32.33,32.33,21620
2026-03-16 10:08:00,32.34,32.38,32.33,32.33,6017
2026-03-16 10:09:00,32.33,32.35,32.29,32.31,11132
2026-03-16 10:10:00,32.32,32.33,32.27,32.29,8547
2026-03-16 10:11:00,32.29,32.3,32.26,32.26,1973
2026-03-16 10:12:00,32.25,32.26,32.23,32.23,30599
2026-03-16 10:13:00,32.25,32.26,32.21,32.25,7818
2026-03-16 10:14:00,32.23,32.26,32.2,32.22,37646
2026-03-16 10:15:00,32.23,32.23,32.17,32.2,4654
2026-03-16 10:16:00,32.21,32.21,32.15,32.17,9708
2026-03-16 10:17:00,32.17,32.17,32.14,32.14,3640
2026-03-16 10:18:00,32.13,32.15,32.1,32.1,29118
2026-03-16 10:19:00,32.14,32.14,32.05,32.08,21390
2026-03-16 10:20:00,32.05,32.05,31.99,31.99,46166
2026-03-16 10:21:00,31.99,32.0,31.97,31.99,43522
2026-03-16 10:22:00,32.02,32.02,31.97,32.0,5391
2026-03-16 10:23:00,31.98,32.0,31.95,31.95,42525
2026-03-16 10:24:00,31.95,31.95,31.88,31.91,26523
2026-03-16 10:25:00,31.88,31.9,31.86,31.88,18634
2026-03-16 10:26:00,31.88,31.89,31.85,31.86,14492
2026-03-16 10:27:00,31.87,31.89,31.86,31.89,5559
2026-03-16 10:28:00,31.9,31.9,31.84,31.85,38144
2026-03-16 10:29:00,31.84,31.86,31.82,31.82,7889
2026-03-16 10:30:00,31.84,31.98,31.84,31.92,40407
2026-03-16 10:31:00,31.95,31.99,31.93,31.98,8918
2026-03-16 10:32:00,31.97,31.97,31.91,31.94,6885
2026-03-16 10:33:00,31.92,31.93,31.86,31.86,6562
2026-03-16 10:34:00,31.87,31.87,31.84,31.84,19455
2026-03-16 10:35:00,31.86,31.9,31.81,31.9,11747
2026-03-16 10:36:00,31.89,31.92,31.89,31.9,3994
2026-03-16 10:37:00,31.9,31.94,31.9,31.94,4749
2026-03-16 10:38:00,31.93,31.94,31.9,31.9,1284
2026-03-16 10:39:00,31.9,31.9,31.85,31.86,21677
2026-03-16 10:40:00,31.85,31.9,31.85,31.9,3218
2026-03-16 10:41:00,31.89,31.93,31.86,31.91,23966
2026-03-16 10:42:00,31.89,31.89,31.83,31.84,29566
2026-03-16 10:43:00,31.84,31.88,31.8,31.84,31719
2026-03-16 10:44:00,31.84,31.85,31.8,31.81,13214
2026-03-16 10:45:00,31.81,31.82,31.79,31.82,19753
2026-03-16 10:46:00,31.82,31.82,31.76,31.78,20885
2026-03-16 10:47:00,31.78,31.82,31.78,31.8,14176
2026-03-16 10:48:00,31.8,31.8,31.77,31.78,2898
2026-03-16 10:49:00,31.78,31.79,31.75,31.77,32810
2026-03-16 10:50:00,31.77,31.78,31.73,31.75,6498
2026-03-16 10:51:00,31.75,31.78,31.73,31.74,5097
2026-03-16 10:52:00,31.73,31.75,31.7,31.7,13508
2026-03-16 10:53:00,31.7,31.7,31.59,31.62,99779
2026-03-16 10:54:00,31.64,31.67,31.62,31.65,12522
2026-03-16 10:55:00,31.65,31.65,31.63,31.63,10525
2026-03-16 10:56:00,31.61,31.69,31.61,31.65,34045
2026-03-16 10:57:00,31.65,31.69,31.63,31.69,22117
2026-03-16 10:58:00,31.71,31.81,31.71,31.79,23179
2026-03-16 10:59:00,31.75,31.83,31.75,31.82,52844
2026-03-16 11:00:00,31.83,31.83,31.79,31.81,5940
2026-03-16 11:01:00,31.81,31.84,31.79,31.84,13895
2026-03-16 11:02:00,31.84,31.87,31.84,31.84,6254
2026-03-16 11:03:00,31.84,31.86,31.79,31.86,6118
2026-03-16 11:04:00,31.85,31.87,31.82,31.82,1828
2026-03-16 11:05:00,31.82,31.86,31.81,31.85,9025
2026-03-16 11:06:00,31.88,31.9,31.87,31.9,18574
2026-03-16 11:07:00,31.9,31.94,31.9,31.94,9483
2026-03-16 11:08:00,31.91,31.94,31.87,31.87,29007
2026-03-16 11:09:00,31.89,31.89,31.81,31.82,17624
2026-03-16 11:10:00,31.84,31.86,31.83,31.85,5928
2026-03-16 11:11:00,31.82,31.83,31.77,31.77,7245
2026-03-16 11:12:00,31.77,31.82,31.77,31.82,3725
2026-03-16 11:13:00,31.82,31.84,31.82,31.83,3724
2026-03-16 11:14:00,31.83,31.84,31.79,31.81,14226
2026-03-16 11:15:00,31.81,31.9,31.79,31.9,9139
2026-03-16 11:16:00,31.91,31.96,31.91,31.93,77003
2026-03-16 11:17:00,31.93,31.99,31.93,31.98,1857
2026-03-16 11:18:00,31.98,31.99,31.97,31.99,3065
2026-03-16 11:19:00,32.02,32.06,32.02,32.06,36231
2026-03-16 11:20:00,32.04,32.05,32.0,32.05,13375
2026-03-16 11:21:00,32.05,32.09,32.04,32.05,33058
2026-03-16 11:22:00,32.06,32.09,32.06,32.07,32039
2026-03-16 11:23:00,32.09,32.1,32.05,32.08,11484
2026-03-16 11:24:00,32.03,32.08,32.02,32.06,6476
2026-03-16 11:25:00,32.06,32.07,31.99,32.02,9324
2026-03-16 11:26:00,32.01,32.06,32.01,32.03,8903
2026-03-16 11:27:00,32.03,32.05,32.01,32.04,626
2026-03-16 11:28:00,32.03,32.04,32.01,32.03,6613
2026-03-16 11:29:00,32.03,32.03,31.97,31.98,7588
2026-03-16 11:30:00,32.02,32.02,31.97,32.0,12253
2026-03-16 11:31:00,32.0,32.04,32.0,32.04,10073
2026-03-16 11:32:00,32.05,32.09,32.03,32.07,6853
2026-03-16 11:33:00,32.07,32.07,32.05,32.05,1600
2026-03-16 11:34:00,32.05,32.07,32.05,32.06,3313
2026-03-16 11:35:00,32.06,32.1,32.06,32.08,7701
2026-03-16 11:36:00,32.08,32.08,32.01,32.01,4367
2026-03-16 11:37:00,32.01,32.04,31.99,32.0,4699
2026-03-16 11:38:00,32.0,32.07,32.0,32.06,11686
2026-03-16 11:39:00,32.06,32.06,32.03,32.03,2083
2026-03-16 11:40:00,32.03,32.06,32.02,32.06,12940
2026-03-16 11:41:00,32.03,32.03,32.02,32.02,776
2026-03-16 11:42:00,32.02,32.03,32.0,32.03,9862
2026-03-16 11:43:00,32.03,32.03,32.02,32.02,2417
2026-03-16 11:44:00,32.02,32.02,31.99,32.0,4476
2026-03-16 11:45:00,32.0,32.03,31.99,32.0,7091
2026-03-16 11:46:00,32.0,32.03,32.0,32.03,68
2026-03-16 11:47:00,32.01,32.03,32.01,32.03,6226
2026-03-16 11:48:00,32.01,32.01,31.98,31.98,507
2026-03-16 11:49:00,31.98,32.0,31.98,32.0,2534
2026-03-16 11:50:00,32.0,32.01,31.98,32.01,1508
2026-03-16 11:51:00,32.02,32.02,31.96,31.97,21531
2026-03-16 11:52:00,31.97,32.0,31.97,31.97,8206
2026-03-16 11:53:00,32.01,32.01,31.97,32.0,5338
2026-03-16 11:54:00,32.0,32.0,31.98,32.0,253
2026-03-16 11:55:00,32.0,32.01,31.98,31.99,3038
2026-03-16 11:56:00,31.99,31.99,31.98,31.99,7844
2026-03-16 11:57:00,31.99,32.06,31.99,32.05,6697
2026-03-16 11:58:00,32.05,32.06,32.02,32.04,500
2026-03-16 11:59:00,32.04,32.05,32.04,32.04,782
2026-03-16 12:00:00,32.04,32.08,32.03,32.08,5745
2026-03-16 12:01:00,32.08,32.1,32.05,32.1,16455
2026-03-16 12:02:00,32.1,32.1,32.09,32.1,2803
2026-03-16 12:03:00,32.1,32.12,32.1,32.12,2640
2026-03-16 12:04:00,32.1,32.12,32.09,32.09,10368
2026-03-16 12:05:00,32.07,32.07,32.05,32.05,8260
2026-03-16 12:06:00,32.05,32.07,32.02,32.02,1505
2026-03-16 12:07:00,32.05,32.05,32.0,32.03,10444
2026-03-16 12:08:00,32.01,32.03,32.0,32.0,1247
2026-03-16 12:09:00,32.02,32.02,32.0,32.02,45
2026-03-16 12:10:00,32.02,32.02,31.98,31.98,13755
2026-03-16 12:11:00,31.97,32.02,31.96,32.02,8277
2026-03-16 12:12:00,32.02,32.03,32.0,32.03,4482
2026-03-16 12:13:00,32.05,32.07,32.04,32.06,9328
2026-03-16 12:14:00,32.06,32.06,32.01,32.02,2204
2026-03-16 12:15:00,32.02,32.03,32.01,32.02,1255
2026-03-16 12:16:00,32.01,32.03,32.01,32.01,2597
2026-03-16 12:17:00,32.01,32.03,32.01,32.01,474
2026-03-16 12:18:00,32.01,32.01,31.99,31.99,2917
2026-03-16 12:19:00,31.99,32.0,31.98,31.99,1148
2026-03-16 12:20:00,31.99,31.99,31.97,31.97,1426
2026-03-16 12:21:00,31.97,31.97,31.94,31.95,7132
2026-03-16 12:22:00,31.95,31.95,31.94,31.95,73
2026-03-16 12:23:00,31.94,31.95,31.91,31.92,8021
2026-03-16 12:24:00,31.93,31.99,31.93,31.99,11917
2026-03-16 12:25:00,31.99,31.99,31.96,31.96,1478
2026-03-16 12:26:00,31.96,31.99,31.96,31.97,5161
2026-03-16 12:27:00,31.97,31.97,31.95,31.97,4966
2026-03-16 12:28:00,31.96,31.96,31.95,31.95,1170
2026-03-16 12:29:00,31.95,31.97,31.95,31.96,921
2026-03-16 12:30:00,31.97,31.97,31.94,31.95,2863
2026-03-16 12:31:00,31.95,31.95,31.93,31.94,1141
2026-03-16 12:32:00,31.94,31.96,31.91,31.95,26627
2026-03-16 12:33:00,31.95,31.95,31.94,31.94,1710
2026-03-16 12:34:00,31.94,31.94,31.87,31.9,15545
2026-03-16 12:35:00,31.9,31.9,31.82,31.82,96634
2026-03-16 12:36:00,31.82,31.94,31.82,31.94,27778
2026-03-16 12:37:00,31.91,31.95,31.9,31.95,2029
2026-03-16 12:38:00,31.97,31.97,31.93,31.95,1737
2026-03-16 12:39:00,31.95,31.95,31.92,31.92,1245
2026-03-16 12:40:00,31.92,31.94,31.9,31.92,2159
2026-03-16 12:41:00,31.92,31.92,31.9,31.92,782
2026-03-16 12:42:00,31.92,31.93,31.9,31.92,12928
2026-03-16 12:43:00,31.88,31.92,31.88,31.91,2740
2026-03-16 12:44:00,31.91,31.93,31.9,31.91,1628
2026-03-16 12:45:00,31.89,31.9,31.87,31.89,6935
2026-03-16 12:46:00,31.83,31.85,31.83,31.85,12097
2026-03-16 12:47:00,31.86,31.86,31.83,31.83,588
2026-03-16 12:48:00,31.83,31.86,31.82,31.85,2893
2026-03-16 12:49:00,31.85,31.85,31.84,31.85,1410
2026-03-16 12:50:00,31.85,31.85,31.84,31.84,105
2026-03-16 12:51:00,31.84,31.84,31.81,31.84,5422
2026-03-16 12:52:00,31.84,31.84,31.82,31.84,949
2026-03-16 12:53:00,31.85,31.87,31.83,31.83,9348
2026-03-16 12:54:00,31.83,31.91,31.83,31.9,918
2026-03-16 12:55:00,31.9,31.9,31.87,31.88,1306
2026-03-16 12:56:00,31.88,31.88,31.85,31.87,1277
2026-03-16 12:57:00,31.87,31.87,31.85,31.85,802
2026-03-16 12:58:00,31.85,31.86,31.83,31.85,3449
2026-03-16 12:59:00,31.85,31.85,31.85,31.85,110
2026-03-16 13:00:00,31.87,31.88,31.85,31.88,4826
2026-03-16 13:01:00,31.88,31.9,31.86,31.9,993
2026-03-16 13:02:00,31.9,31.95,31.9,31.95,6571
2026-03-16 13:03:00,31.95,31.98,31.93,31.93,6912
2026-03-16 13:04:00,31.93,31.95,31.87,31.87,3068
2026-03-16 13:05:00,31.8,31.83,31.77,31.83,79687
2026-03-16 13:06:00,31.82,31.86,31.82,31.85,712
2026-03-16 13:07:00,31.85,31.87,31.83,31.86,28486
2026-03-16 13:08:00,31.86,31.88,31.84,31.88,880
2026-03-16 13:09:00,31.88,31.88,31.87,31.88,125
2026-03-16 13:10:00,31.88,31.88,31.87,31.88,2175
2026-03-16 13:11:00,31.9,31.9,31.87,31.9,13583
2026-03-16 13:12:00,31.9,31.93,31.89,31.89,5162
2026-03-16 13:13:00,31.89,31.89,31.86,31.88,4573
2026-03-16 13:14:00,31.88,31.88,31.85,31.85,5535
2026-03-16 13:15:00,31.85,31.9,31.85,31.88,7481
2026-03-16 13:16:00,31.88,31.9,31.88,31.89,733
2026-03-16 13:17:00,31.89,31.89,31.83,31.88,12278
2026-03-16 13:18:00,31.88,31.88,31.85,31.86,1950
2026-03-16 13:19:00,31.86,31.86,31.82,31.85,6466
2026-03-16 13:20:00,31.86,31.87,31.86,31.87,696
2026-03-16 13:21:00,31.87,31.89,31.85,31.89,2967
2026-03-16 13:22:00,31.89,31.9,31.87,31.87,16860
2026-03-16 13:23:00,31.89,31.93,31.88,31.91,8637
2026-03-16 13:24:00,31.91,31.91,31.87,31.87,2124
2026-03-16 13:25:00,31.89,31.89,31.88,31.89,1152
2026-03-16 13:26:00,31.89,31.91,31.87,31.87,2608
2026-03-16 13:27:00,31.87,31.87,31.86,31.86,2210
2026-03-16 13:28:00,31.86,31.86,31.84,31.84,893
2026-03-16 13:29:00,31.84,31.87,31.84,31.84,372
2026-03-16 13:30:00,31.86,31.89,31.86,31.87,1366
2026-03-16 13:31:00,31.87,31.89,31.84,31.86,4555
2026-03-16 13:32:00,31.85,31.85,31.82,31.84,4567
2026-03-16 13:33:00,31.84,31.85,31.82,31.82,162
2026-03-16 13:34:00,31.85,31.85,31.82,31.84,181
2026-03-16 13:35:00,31.84,31.85,31.81,31.84,1508
2026-03-16 13:36:00,31.84,31.86,31.8,31.83,11526
2026-03-16 13:37:00,31.83,31.83,31.8,31.8,1800
2026-03-16 13:38:00,31.8,31.8,31.77,31.8,21164
2026-03-16 13:39:00,31.8,31.8,31.77,31.8,3970
2026-03-16 13:40:00,31.8,31.82,31.79,31.82,1657
2026-03-16 13:41:00,31.82,31.84,31.82,31.84,2315
2026-03-16 13:42:00,31.81,31.81,31.78,31.78,12437
2026-03-16 13:43:00,31.81,31.82,31.79,31.8,2527
2026-03-16 13:44:00,31.8,31.82,31.77,31.78,1677
2026-03-16 13:45:00,31.78,31.79,31.78,31.79,172
2026-03-16 13:46:00,31.79,31.81,31.76,31.81,6451
2026-03-16 13:47:00,31.81,31.85,31.81,31.84,5994
2026-03-16 13:48:00,31.84,31.84,31.81,31.83,4119
2026-03-16 13:49:00,31.83,31.86,31.8,31.81,31669
2026-03-16 13:50:00,31.81,31.83,31.77,31.77,26207
2026-03-16 13:51:00,31.77,31.81,31.75,31.81,41102
2026-03-16 13:52:00,31.81,31.83,31.81,31.81,10481
2026-03-16 13:53:00,31.85,31.86,31.81,31.81,6963
2026-03-16 13:54:00,31.81,31.85,31.81,31.81,3637
2026-03-16 13:55:00,31.8,31.8,31.79,31.79,6070
2026-03-16 13:56:00,31.8,31.82,31.78,31.8,6110
2026-03-16 13:57:00,31.8,31.83,31.8,31.83,9368
2026-03-16 13:58:00,31.83,31.83,31.8,31.8,8546
2026-03-16 13:59:00,31.8,31.82,31.8,31.81,3777
2026-03-16 14:00:00,31.81,31.82,31.78,31.78,12659
2026-03-16 14:01:00,31.78,31.81,31.78,31.79,1108
2026-03-16 14:02:00,31.79,31.81,31.78,31.79,13229
2026-03-16 14:03:00,31.78,31.82,31.76,31.81,7958
2026-03-16 14:04:00,31.81,31.81,31.77,31.8,5284
2026-03-16 14:05:00,31.8,31.81,31.75,31.75,8610
2026-03-16 14:06:00,31.75,31.78,31.73,31.75,7768
2026-03-16 14:07:00,31.75,31.75,31.7,31.73,44295
2026-03-16 14:08:00,31.75,31.76,31.73,31.73,2294
2026-03-16 14:09:00,31.75,31.78,31.75,31.76,4878
2026-03-16 14:10:00,31.75,31.79,31.73,31.78,8724
2026-03-16 14:11:00,31.78,31.84,31.77,31.8,21461
2026-03-16 14:12:00,31.8,31.83,31.79,31.8,4168
2026-03-16 14:13:00,31.81,31.83,31.79,31.79,11376
2026-03-16 14:14:00,31.79,31.79,31.75,31.78,10514
2026-03-16 14:15:00,31.78,31.79,31.74,31.78,18198
2026-03-16 14:16:00,31.78,31.8,31.78,31.78,15065
2026-03-16 14:17:00,31.78,31.8,31.76,31.8,18444
2026-03-16 14:18:00,31.8,31.9,31.8,31.9,44672
2026-03-16 14:19:00,31.95,31.97,31.92,31.92,26779
2026-03-16 14:20:00,31.93,31.98,31.93,31.95,9281
2026-03-16 14:21:00,31.96,32.02,31.95,32.0,38044
2026-03-16 14:22:00,31.96,32.03,31.96,32.0,21652
2026-03-16 14:23:00,32.0,32.04,32.0,32.01,16479
2026-03-16 14:24:00,32.02,32.08,32.02,32.06,21750
2026-03-16 14:25:00,32.08,32.11,32.06,32.06,64802
2026-03-16 14:26:00,32.05,32.1,32.01,32.08,65098
2026-03-16 14:27:00,32.1,32.14,32.04,32.06,42960
2026-03-16 14:28:00,32.09,32.09,32.03,32.06,4808
2026-03-16 14:29:00,32.06,32.06,32.03,32.03,1993
2026-03-16 14:30:00,32.08,32.08,32.05,32.05,7820
2026-03-16 14:31:00,32.05,32.1,32.04,32.1,10665
2026-03-16 14:32:00,32.08,32.09,32.07,32.09,3972
2026-03-16 14:33:00,32.09,32.13,32.09,32.1,16459
2026-03-16 14:34:00,32.1,32.15,32.1,32.15,30188
2026-03-16 14:35:00,32.14,32.19,32.13,32.19,8054
2026-03-16 14:36:00,32.17,32.22,32.16,32.21,29198
2026-03-16 14:37:00,32.2,32.32,32.2,32.31,114536
2026-03-16 14:38:00,32.34,32.34,32.29,32.29,35564
2026-03-16 14:39:00,32.29,32.29,32.26,32.26,2748
2026-03-16 14:40:00,32.32,32.38,32.28,32.35,47204
2026-03-16 14:41:00,32.34,32.34,32.28,32.28,10595
2026-03-16 14:42:00,32.28,32.29,32.26,32.29,86995
2026-03-16 14:43:00,32.29,32.34,32.29,32.3,2907
2026-03-16 14:44:00,32.31,32.36,32.28,32.36,53407
2026-03-16 14:45:00,32.36,32.36,32.33,32.34,5927
2026-03-16 14:46:00,32.34,32.36,32.33,32.36,11440
2026-03-16 14:47:00,32.36,32.4,32.35,32.38,13493
2026-03-16 14:48:00,32.38,32.42,32.38,32.4,20729
2026-03-16 14:49:00,32.38,32.43,32.38,32.43,13954
2026-03-16 14:50:00,32.43,32.43,32.36,32.36,15852
2026-03-16 14:51:00,32.37,32.43,32.37,32.37,16600
2026-03-16 14:52:00,32.4,32.41,32.38,32.4,7763
2026-03-16 14:53:00,32.41,32.5,32.41,32.48,42751
2026-03-16 14:54:00,32.48,32.5,32.42,32.42,14155
2026-03-16 14:55:00,32.42,32.43,32.4,32.42,2545
2026-03-16 14:56:00,32.42,32.42,32.37,32.37,2859
2026-03-16 14:57:00,32.4,32.43,32.36,32.41,37568
2026-03-16 14:58:00,32.41,32.41,32.34,32.36,62493
2026-03-16 14:59:00,32.36,32.39,32.33,32.33,77344
2026-03-16 15:00:00,32.37,32.37,32.21,32.21,83182
2026-03-16 15:01:00,32.21,32.23,32.16,32.16,36399
2026-03-16 15:02:00,32.16,32.16,32.11,32.16,30657
2026-03-16 15:03:00,32.17,32.23,32.13,32.16,27808
2026-03-16 15:04:00,32.17,32.17,32.11,32.15,8620
2026-03-16 15:05:00,32.15,32.21,32.15,32.19,19747
2026-03-16 15:06:00,32.21,32.29,32.21,32.29,20099
2026-03-16 15:07:00,32.29,32.3,32.28,32.28,59057
2026-03-16 15:08:00,32.3,32.3,32.29,32.3,20137
2026-03-16 15:09:00,32.27,32.3,32.26,32.29,61473
2026-03-16 15:10:00,32.27,32.27,32.25,32.26,15112
2026-03-16 15:11:00,32.26,32.27,32.23,32.27,11893
2026-03-16 15:12:00,32.27,32.27,32.21,32.21,24420
2026-03-16 15:13:00,32.21,32.21,32.18,32.19,22005
2026-03-16 15:14:00,32.18,32.21,32.18,32.21,12476
2026-03-16 15:15:00,32.21,32.25,32.21,32.25,60474
2026-03-16 15:16:00,32.23,32.24,32.17,32.18,19943
2026-03-16 15:17:00,32.19,32.22,32.19,32.22,6620
2026-03-16 15:18:00,32.22,32.22,32.18,32.22,29633
2026-03-16 15:19:00,32.25,32.27,32.22,32.22,28794
2026-03-16 15:20:00,32.22,32.23,32.19,32.19,25774
2026-03-16 15:21:00,32.22,32.25,32.21,32.24,33069
2026-03-16 15:22:00,32.24,32.24,32.21,32.23,40572
2026-03-16 15:23:00,32.23,32.24,32.2,32.2,20587
2026-03-16 15:24:00,32.2,32.2,32.14,32.19,29021
2026-03-16 15:25:00,32.12,32.19,32.09,32.16,81594
2026-03-16 15:26:00,32.16,32.19,32.13,32.17,9378
2026-03-16 15:27:00,32.17,32.2,32.17,32.2,53935
2026-03-16 15:28:00,32.19,32.22,32.15,32.22,15507
2026-03-16 15:29:00,32.25,32.25,32.2,32.2,12245
2026-03-17 09:15:00,32.5,32.54,32.3,32.42,57038
2026-03-17 09:16:00,32.34,32.38,32.22,32.25,100840
2026-03-17 09:17:00,32.15,32.21,32.12,32.16,57862
2026-03-17 09:18:00,32.17,32.21,32.11,32.19,20347
2026-03-17 09:19:00,32.15,32.3,32.15,32.28,39730
2026-03-17 09:20:00,32.3,32.3,32.15,32.15,30796
2026-03-17 09:21:00,32.15,32.15,32.08,32.08,106874
2026-03-17 09:22:00,32.15,32.25,32.15,32.25,26840
2026-03-17 09:23:00,32.25,32.27,32.21,32.21,21336
2026-03-17 09:24:00,32.17,32.21,32.16,32.18,10259
2026-03-17 09:25:00,32.15,32.25,32.11,32.25,57385
2026-03-17 09:26:00,32.24,32.28,32.2,32.26,67556
2026-03-17 09:27:00,32.25,32.26,32.19,32.22,12617
2026-03-17 09:28:00,32.27,32.28,32.22,32.25,10438
2026-03-17 09:29:00,32.25,32.28,32.16,32.16,22856
2026-03-17 09:30:00,32.16,32.19,32.15,32.19,30113
2026-03-17 09:31:00,32.19,32.21,32.14,32.21,12255
2026-03-17 09:32:00,32.21,32.21,32.17,32.2,13857
2026-03-17 09:33:00,32.2,32.21,32.17,32.17,8191
2026-03-17 09:34:00,32.17,32.2,32.15,32.18,24970
2026-03-17 09:35:00,32.18,32.25,32.16,32.23,21310
2026-03-17 09:36:00,32.23,32.25,32.22,32.25,25451
2026-03-17 09:37:00,32.25,32.25,32.2,32.21,23978
2026-03-17 09:38:00,32.21,32.21,32.16,32.18,4838
2026-03-17 09:39:00,32.17,32.2,32.16,32.16,7954
2026-03-17 09:40:00,32.19,32.21,32.16,32.21,4497
2026-03-17 09:41:00,32.21,32.21,32.17,32.2,35687
2026-03-17 09:42:00,32.2,32.2,32.1,32.1,53957
2026-03-17 09:43:00,32.13,32.13,32.1,32.12,16122
2026-03-17 09:44:00,32.14,32.16,32.12,32.16,9431
2026-03-17 09:45:00,32.18,32.18,32.15,32.18,16714
2026-03-17 09:46:00,32.18,32.18,32.13,32.14,2635
2026-03-17 09:47:00,32.19,32.19,32.16,32.19,1852
2026-03-17 09:48:00,32.19,32.24,32.18,32.24,26828
2026-03-17 09:49:00,32.24,32.24,32.2,32.2,5076
2026-03-17 09:50:00,32.23,32.23,32.18,32.23,30154
2026-03-17 09:51:00,32.19,32.22,32.18,32.18,4598
2026-03-17 09:52:00,32.19,32.19,32.12,32.12,7627
2026-03-17 09:53:00,32.15,32.15,32.12,32.13,30701
2026-03-17 09:54:00,32.15,32.15,32.11,32.14,21143
2026-03-17 09:55:00,32.15,32.15,32.08,32.11,29789
2026-03-17 09:56:00,32.09,32.09,32.04,32.08,51499
2026-03-17 09:57:00,32.05,32.08,32.04,32.08,5798
2026-03-17 09:58:00,32.08,32.13,32.06,32.13,5657
2026-03-17 09:59:00,32.13,32.13,32.1,32.1,6869
2026-03-17 10:00:00,32.14,32.18,32.13,32.18,6803
2026-03-17 10:01:00,32.15,32.18,32.15,32.17,50935
2026-03-17 10:02:00,32.16,32.23,32.16,32.22,28424
2026-03-17 10:03:00,32.22,32.22,32.19,32.2,18812
2026-03-17 10:04:00,32.21,32.21,32.11,32.13,55752
2026-03-17 10:05:00,32.13,32.18,32.13,32.17,5317
2026-03-17 10:06:00,32.18,32.18,32.13,32.17,53197
2026-03-17 10:07:00,32.15,32.19,32.15,32.16,6709
2026-03-17 10:08:00,32.15,32.16,32.08,32.1,17203
2026-03-17 10:09:00,32.1,32.12,32.07,32.09,4561
2026-03-17 10:10:00,32.1,32.1,32.05,32.1,49437
2026-03-17 10:11:00,32.1,32.14,32.09,32.14,10733
2026-03-17 10:12:00,32.11,32.14,32.11,32.12,3599
2026-03-17 10:13:00,32.14,32.14,32.1,32.12,22430
2026-03-17 10:14:00,32.12,32.13,32.11,32.11,1021
2026-03-17 10:15:00,32.1,32.17,32.1,32.17,15064
2026-03-17 10:16:00,32.17,32.17,32.16,32.16,1179
2026-03-17 10:17:00,32.16,32.19,32.14,32.17,13980
2026-03-17 10:18:00,32.17,32.17,32.16,32.17,4465
2026-03-17 10:19:00,32.17,32.21,32.16,32.2,12295
2026-03-17 10:20:00,32.2,32.25,32.19,32.25,26215
2026-03-17 10:21:00,32.21,32.28,32.21,32.28,38918
2026-03-17 10:22:00,32.28,32.29,32.26,32.29,16115
2026-03-17 10:23:00,32.29,32.32,32.27,32.32,17872
2026-03-17 10:24:00,32.32,32.32,32.26,32.26,18955
2026-03-17 10:25:00,32.26,32.28,32.24,32.24,10682
2026-03-17 10:26:00,32.24,32.25,32.22,32.22,14697
2026-03-17 10:27:00,32.22,32.23,32.2,32.2,6044
2026-03-17 10:28:00,32.2,32.22,32.18,32.18,6862
2026-03-17 10:29:00,32.17,32.19,32.12,32.12,27140
2026-03-17 10:30:00,32.12,32.12,32.08,32.08,6790
2026-03-17 10:31:00,32.08,32.15,32.08,32.11,33176
2026-03-17 10:32:00,32.11,32.11,32.09,32.1,3303
2026-03-17 10:33:00,32.09,32.09,32.01,32.01,35235
2026-03-17 10:34:00,32.01,32.05,32.01,32.04,23357
2026-03-17 10:35:00,32.02,32.04,31.95,32.04,84636
2026-03-17 10:36:00,32.02,32.04,32.0,32.03,9778
2026-03-17 10:37:00,32.01,32.05,31.98,32.04,43295
2026-03-17 10:38:00,32.01,32.05,32.01,32.02,2711
2026-03-17 10:39:00,32.02,32.05,32.02,32.05,5855
2026-03-17 10:40:00,32.06,32.09,32.04,32.06,2260
2026-03-17 10:41:00,32.06,32.06,32.04,32.04,7883
2026-03-17 10:42:00,32.04,32.04,32.03,32.03,620
2026-03-17 10:43:00,32.03,32.07,32.03,32.04,3242
2026-03-17 10:44:00,32.04,32.07,32.04,32.07,70
2026-03-17 10:45:00,32.07,32.07,32.05,32.05,515
2026-03-17 10:46:00,32.07,32.1,32.07,32.09,7372
2026-03-17 10:47:00,32.09,32.09,32.06,32.07,11917
2026-03-17 10:48:00,32.07,32.14,32.07,32.14,2225
2026-03-17 10:49:00,32.14,32.16,32.12,32.16,14321
2026-03-17 10:50:00,32.16,32.18,32.14,32.14,3774
2026-03-17 10:51:00,32.15,32.19,32.14,32.19,12658
2026-03-17 10:52:00,32.19,32.2,32.15,32.2,30039
2026-03-17 10:53:00,32.2,32.21,32.2,32.21,6615
2026-03-17 10:54:00,32.21,32.22,32.2,32.2,5846
2026-03-17 10:55:00,32.19,32.2,32.16,32.2,5419
2026-03-17 10:56:00,32.21,32.22,32.2,32.2,24952
2026-03-17 10:57:00,32.2,32.21,32.12,32.12,5531
2026-03-17 10:58:00,32.12,32.18,32.12,32.17,55683
2026-03-17 10:59:00,32.17,32.17,32.14,32.16,1231
2026-03-17 11:00:00,32.17,32.17,32.12,32.14,16770
2026-03-17 11:01:00,32.14,32.15,32.1,32.15,3891
2026-03-17 11:02:00,32.15,32.15,32.11,32.13,4750
2026-03-17 11:03:00,32.12,32.13,32.11,32.12,737
2026-03-17 11:04:00,32.12,32.13,32.1,32.13,2538
2026-03-17 11:05:00,32.13,32.13,32.1,32.13,18598
2026-03-17 11:06:00,32.13,32.13,32.09,32.1,2278
2026-03-17 11:07:00,32.1,32.13,32.09,32.09,1667
2026-03-17 11:08:00,32.09,32.09,32.05,32.05,14763
2026-03-17 11:09:00,32.05,32.09,32.04,32.09,2164
2026-03-17 11:10:00,32.06,32.09,32.06,32.09,6099
2026-03-17 11:11:00,32.09,32.12,32.08,32.08,1682
2026-03-17 11:12:00,32.08,32.1,32.07,32.07,3428
2026-03-17 11:13:00,32.07,32.08,32.05,32.05,5097
2026-03-17 11:14:00,32.02,32.03,32.02,32.03,22783
2026-03-17 11:15:00,32.03,32.07,32.02,32.05,66164
2026-03-17 11:16:00,32.04,32.05,32.01,32.05,3721
2026-03-17 11:17:00,32.02,32.03,31.98,32.0,40318
2026-03-17 11:18:00,32.0,32.0,31.95,32.0,22808
2026-03-17 11:19:00,32.0,32.03,32.0,32.03,2065
2026-03-17 11:20:00,32.03,32.05,32.01,32.03,28582
2026-03-17 11:21:00,32.03,32.03,31.99,31.99,16606
2026-03-17 11:22:00,31.99,32.0,31.99,31.99,2600
2026-03-17 11:23:00,31.99,31.99,31.97,31.98,1514
2026-03-17 11:24:00,31.98,31.98,31.93,31.95,29213
2026-03-17 11:25:00,31.95,31.95,31.91,31.93,15501
2026-03-17 11:26:00,31.93,31.94,31.92,31.94,5021
2026-03-17 11:27:00,31.94,31.95,31.91,31.91,4473
2026-03-17 11:28:00,31.91,31.95,31.91,31.92,1059
2026-03-17 11:29:00,31.94,31.95,31.93,31.94,2842
2026-03-17 11:30:00,31.95,31.96,31.94,31.96,2647
2026-03-17 11:31:00,31.96,31.97,31.94,31.96,3111
2026-03-17 11:32:00,31.96,31.98,31.93,31.94,17158
2026-03-17 11:33:00,31.97,31.98,31.93,31.93,1431
2026-03-17 11:34:00,31.93,31.97,31.93,31.96,591
2026-03-17 11:35:00,31.96,31.98,31.96,31.97,1074
2026-03-17 11:36:00,31.97,32.02,31.96,32.02,12055
2026-03-17 11:37:00,32.02,32.07,32.02,32.06,10165
2026-03-17 11:38:00,32.06,32.06,32.02,32.06,4047
2026-03-17 11:39:00,32.06,32.06,32.02,32.02,1781
2026-03-17 11:40:00,32.02,32.03,32.02,32.02,1120
2026-03-17 11:41:00,32.03,32.04,32.02,32.03,1301
2026-03-17 11:42:00,32.03,32.05,32.02,32.05,598
2026-03-17 11:43:00,32.05,32.05,32.02,32.04,142
2026-03-17 11:44:00,32.02,32.02,32.0,32.0,13827
2026-03-17 11:45:00,32.0,32.02,32.0,32.01,45
2026-03-17 11:46:00,32.01,32.03,32.0,32.03,2848
2026-03-17 11:47:00,32.03,32.05,32.03,32.04,5522
2026-03-17 11:48:00,32.02,32.03,32.0,32.03,3480
2026-03-17 11:49:00,32.0,32.04,32.0,32.03,5297
2026-03-17 11:50:00,32.03,32.05,32.0,32.02,4321
2026-03-17 11:51:00,32.05,32.08,32.02,32.06,8977
2026-03-17 11:52:00,32.06,32.08,32.04,32.04,1273
2026-03-17 11:53:00,32.04,32.06,32.04,32.06,498
2026-03-17 11:54:00,32.06,32.06,32.06,32.06,52
2026-03-17 11:55:00,32.04,32.06,32.03,32.03,3517
2026-03-17 11:56:00,32.02,32.02,31.96,31.96,17122
2026-03-17 11:57:00,31.96,32.0,31.96,31.99,7311
2026-03-17 11:58:00,31.99,32.0,31.99,32.0,1186
2026-03-17 11:59:00,32.0,32.01,32.0,32.0,2823
2026-03-17 12:00:00,32.01,32.01,32.0,32.0,946
2026-03-17 12:01:00,32.0,32.02,32.0,32.02,3874
2026-03-17 12:02:00,32.03,32.06,32.03,32.06,1209
2026-03-17 12:03:00,32.06,32.06,32.03,32.03,6382
2026-03-17 12:04:00,32.02,32.02,32.02,32.02,53
2026-03-17 12:05:00,32.03,32.03,32.02,32.03,1959
2026-03-17 12:06:00,32.03,32.04,32.02,32.02,847
2026-03-17 12:07:00,32.02,32.02,32.02,32.02,672
2026-03-17 12:08:00,32.04,32.06,32.03,32.06,3370
2026-03-17 12:09:00,32.06,32.06,32.04,32.05,1868
2026-03-17 12:10:00,32.05,32.05,32.04,32.05,2657
2026-03-17 12:11:00,32.05,32.1,32.05,32.08,10846
2026-03-17 12:12:00,32.08,32.08,32.07,32.08,4406
2026-03-17 12:13:00,32.08,32.11,32.07,32.1,33077
2026-03-17 12:14:00,32.1,32.1,32.07,32.08,279
2026-03-17 12:15:00,32.08,32.08,32.04,32.04,11881
2026-03-17 12:16:00,32.04,32.04,32.01,32.03,27961
2026-03-17 12:17:00,32.01,32.04,32.01,32.04,5510
2026-03-17 12:18:00,32.04,32.04,32.0,32.01,26222
2026-03-17 12:19:00,32.01,32.02,31.99,32.0,6690
2026-03-17 12:20:00,32.0,32.01,31.99,32.01,1577
2026-03-17 12:21:00,32.01,32.02,32.01,32.02,969
2026-03-17 12:22:00,32.02,32.03,32.01,32.03,5777
2026-03-17 12:23:00,32.03,32.03,32.03,32.03,78
2026-03-17 12:24:00,32.03,32.03,31.99,32.0,31818
2026-03-17 12:25:00,32.0,32.0,31.98,32.0,678
2026-03-17 12:26:00,32.0,32.0,31.98,31.98,663
2026-03-17 12:27:00,31.98,32.0,31.97,32.0,3980
2026-03-17 12:28:00,32.0,32.0,31.97,31.99,4484
2026-03-17 12:29:00,31.97,32.0,31.97,31.99,1068
2026-03-17 12:30:00,32.0,32.0,31.96,31.96,4737
2026-03-17 12:31:00,31.96,31.97,31.95,31.95,15345
2026-03-17 12:32:00,31.95,31.97,31.95,31.97,606
2026-03-17 12:33:00,31.96,31.97,31.96,31.97,7881
2026-03-17 12:34:00,31.97,31.99,31.96,31.96,2925
2026-03-17 12:35:00,31.96,32.0,31.96,32.0,2733
2026-03-17 12:36:00,32.0,32.0,31.98,32.0,2803
2026-03-17 12:37:00,32.0,32.0,31.97,31.97,6640
2026-03-17 12:38:00,31.97,31.98,31.95,31.95,3864
2026-03-17 12:39:00,31.98,31.98,31.98,31.98,861
2026-03-17 12:40:00,31.97,31.98,31.97,31.98,801
2026-03-17 12:41:00,31.95,31.97,31.93,31.93,29054
2026-03-17 12:42:00,31.93,31.94,31.91,31.94,5862
2026-03-17 12:43:00,31.94,31.97,31.91,31.97,22445
2026-03-17 12:44:00,31.97,31.97,31.95,31.96,2132
2026-03-17 12:45:00,31.96,32.03,31.96,32.01,5045
2026-03-17 12:46:00,32.01,32.01,31.98,32.0,891
2026-03-17 12:47:00,32.0,32.0,31.98,31.98,434
2026-03-17 12:48:00,31.99,32.0,31.98,31.98,3158
2026-03-17 12:49:00,31.97,32.01,31.97,32.01,1598
2026-03-17 12:50:00,32.01,32.03,31.99,32.01,691
2026-03-17 12:51:00,32.01,32.04,32.0,32.01,3012
2026-03-17 12:52:00,32.03,32.03,31.98,31.98,28192
2026-03-17 12:53:00,31.99,32.0,31.98,31.99,2809
2026-03-17 12:54:00,31.99,31.99,31.98,31.98,5841
2026-03-17 12:55:00,31.98,31.99,31.98,31.99,607
2026-03-17 12:56:00,31.99,32.0,31.98,32.0,1129
2026-03-17 12:57:00,31.98,32.0,31.98,32.0,1582
2026-03-17 12:58:00,32.0,32.0,31.99,32.0,5007
2026-03-17 12:59:00,32.0,32.0,31.99,32.0,1330
2026-03-17 13:00:00,32.0,32.02,31.99,32.02,6774
2026-03-17 13:01:00,32.02,32.03,32.01,32.03,253
2026-03-17 13:02:00,32.04,32.04,32.03,32.04,558
2026-03-17 13:03:00,32.04,32.07,32.03,32.03,49283
2026-03-17 13:04:00,32.03,32.05,32.02,32.05,2477
2026-03-17 13:05:00,32.05,32.05,32.04,32.04,1852
2026-03-17 13:06:00,32.04,32.06,32.0,32.0,12341
2026-03-17 13:07:00,32.0,32.04,32.0,32.04,1966
2026-03-17 13:08:00,32.04,32.05,32.03,32.04,2428
2026-03-17 13:09:00,32.06,32.07,32.06,32.07,22582
2026-03-17 13:10:00,32.07,32.08,32.03,32.07,6215
2026-03-17 13:11:00,32.07,32.08,32.05,32.07,4466
2026-03-17 13:12:00,32.07,32.07,32.04,32.04,2868
2026-03-17 13:13:00,32.04,32.05,32.04,32.05,2364
2026-03-17 13:14:00,32.05,32.05,32.05,32.05,360
2026-03-17 13:15:00,32.07,32.09,32.06,32.09,1997
2026-03-17 13:16:00,32.07,32.09,32.07,32.07,2257
2026-03-17 13:17:00,32.07,32.09,32.07,32.08,6749
2026-03-17 13:18:00,32.08,32.09,32.07,32.07,21194
2026-03-17 13:19:00,32.07,32.09,32.07,32.07,1967
2026-03-17 13:20:00,32.07,32.09,32.07,32.09,5419
2026-03-17 13:21:00,32.09,32.1,32.08,32.08,2029
2026-03-17 13:22:00,32.08,32.09,32.07,32.07,851
2026-03-17 13:23:00,32.07,32.09,32.05,32.05,32040
2026-03-17 13:24:00,32.05,32.05,32.05,32.05,146
2026-03-17 13:25:00,32.05,32.07,32.05,32.07,2862
2026-03-17 13:26:00,32.07,32.07,32.05,32.06,2716
2026-03-17 13:27:00,32.06,32.07,32.04,32.05,6254
2026-03-17 13:28:00,32.05,32.06,32.05,32.05,1402
2026-03-17 13:29:00,32.05,32.06,32.05,32.06,2236
2026-03-17 13:30:00,32.06,32.09,32.06,32.08,39505
2026-03-17 13:31:00,32.11,32.13,32.09,32.12,23157
2026-03-17 13:32:00,32.12,32.12,32.1,32.11,4554
2026-03-17 13:33:00,32.11,32.11,32.09,32.09,2582
2026-03-17 13:34:00,32.08,32.09,32.07,32.07,3084
2026-03-17 13:35:00,32.07,32.11,32.07,32.08,655
2026-03-17 13:36:00,32.08,32.09,32.08,32.08,216
2026-03-17 13:37:00,32.08,32.08,32.04,32.04,18228
2026-03-17 13:38:00,32.04,32.07,32.04,32.04,1695
2026-03-17 13:39:00,32.04,32.04,32.02,32.04,2273
2026-03-17 13:40:00,32.04,32.05,32.02,32.05,1462
2026-03-17 13:41:00,32.03,32.03,32.0,32.0,11522
2026-03-17 13:42:00,32.01,32.02,32.0,32.0,1664
2026-03-17 13:43:00,32.0,32.04,32.0,32.03,1265
2026-03-17 13:44:00,32.03,32.04,32.0,32.0,7117
2026-03-17 13:45:00,32.0,32.03,32.0,32.03,14799
2026-03-17 13:46:00,32.03,32.03,32.01,32.01,639
2026-03-17 13:47:00,32.01,32.02,32.01,32.02,403
2026-03-17 13:48:00,32.02,32.03,31.98,31.98,14095
2026-03-17 13:49:00,31.98,32.01,31.98,32.01,9080
2026-03-17 13:50:00,32.01,32.03,32.0,32.0,11479
2026-03-17 13:51:00,32.0,32.05,32.0,32.02,2819
2026-03-17 13:52:00,32.02,32.02,32.01,32.02,856
2026-03-17 13:53:00,32.02,32.03,32.01,32.01,3763
2026-03-17 13:54:00,32.01,32.01,32.0,32.0,1279
2026-03-17 13:55:00,32.0,32.03,32.0,32.03,1272
2026-03-17 13:56:00,32.03,32.03,32.01,32.02,287
2026-03-17 13:57:00,32.01,32.04,32.01,32.01,16347
2026-03-17 13:58:00,32.01,32.03,32.01,32.02,3778
2026-03-17 13:59:00,32.02,32.04,32.01,32.03,8660
2026-03-17 14:00:00,32.04,32.06,32.03,32.05,28785
2026-03-17 14:01:00,32.05,32.09,32.04,32.04,5988
2026-03-17 14:02:00,32.04,32.04,32.04,32.04,6948
2026-03-17 14:03:00,32.04,32.06,32.04,32.06,827
2026-03-17 14:04:00,32.06,32.09,32.06,32.08,615
2026-03-17 14:05:00,32.08,32.08,32.07,32.08,3720
2026-03-17 14:06:00,32.06,32.06,32.04,32.06,4741
2026-03-17 14:07:00,32.06,32.07,32.04,32.07,2081
2026-03-17 14:08:00,32.07,32.08,32.05,32.08,394
2026-03-17 14:09:00,32.08,32.08,32.05,32.08,159
2026-03-17 14:10:00,32.08,32.1,32.08,32.09,28557
2026-03-17 14:11:00,32.1,32.12,32.1,32.1,13388
2026-03-17 14:12:00,32.1,32.12,32.1,32.12,519
2026-03-17 14:13:00,32.12,32.16,32.12,32.15,19038
2026-03-17 14:14:00,32.13,32.14,32.11,32.11,6076
2026-03-17 14:15:00,32.11,32.13,32.11,32.11,805
2026-03-17 14:16:00,32.12,32.12,32.07,32.07,7241
2026-03-17 14:17:00,32.08,32.09,32.08,32.08,2747
2026-03-17 14:18:00,32.08,32.1,32.08,32.08,2932
2026-03-17 14:19:00,32.06,32.09,32.06,32.08,4656
2026-03-17 14:20:00,32.08,32.09,32.08,32.09,446
2026-03-17 14:21:00,32.09,32.09,32.06,32.07,5511
2026-03-17 14:22:00,32.07,32.07,32.05,32.06,2032
2026-03-17 14:23:00,32.06,32.06,32.03,32.04,1998
2026-03-17 14:24:00,32.05,32.05,32.01,32.03,3410
2026-03-17 14:25:00,32.02,32.04,32.02,32.04,2442
2026-03-17 14:26:00,32.04,32.04,32.01,32.01,6504
2026-03-17 14:27:00,32.01,32.03,31.98,32.02,39259
2026-03-17 14:28:00,32.02,32.04,32.01,32.04,4323
2026-03-17 14:29:00,32.02,32.05,32.02,32.05,2729
2026-03-17 14:30:00,32.05,32.1,32.05,32.09,8734
2026-03-17 14:31:00,32.09,32.1,32.06,32.07,1119
2026-03-17 14:32:00,32.07,32.1,32.07,32.07,1975
2026-03-17 14:33:00,32.07,32.07,32.06,32.06,630
2026-03-17 14:34:00,32.06,32.08,32.06,32.07,522
2026-03-17 14:35:00,32.08,32.08,32.03,32.06,5895
2026-03-17 14:36:00,32.06,32.08,32.06,32.06,5151
2026-03-17 14:37:00,32.06,32.07,32.04,32.05,4304
2026-03-17 14:38:00,32.04,32.06,32.04,32.04,16928
2026-03-17 14:39:00,32.04,32.07,32.04,32.07,1042
2026-03-17 14:40:00,32.07,32.09,32.06,32.06,4862
2026-03-17 14:41:00,32.06,32.08,32.05,32.06,4160
2026-03-17 14:42:00,32.06,32.08,32.06,32.07,4891
2026-03-17 14:43:00,32.05,32.07,32.04,32.07,4180
2026-03-17 14:44:00,32.07,32.07,32.05,32.06,5344
2026-03-17 14:45:00,32.04,32.06,32.04,32.04,4881
2026-03-17 14:46:00,32.04,32.05,32.04,32.05,5981
2026-03-17 14:47:00,32.05,32.06,32.03,32.05,1544
2026-03-17 14:48:00,32.05,32.05,32.02,32.05,7357
2026-03-17 14:49:00,32.05,32.07,32.04,32.06,31333
2026-03-17 14:50:00,32.07,32.09,32.06,32.09,1210
2026-03-17 14:51:00,32.07,32.09,32.07,32.09,1163
2026-03-17 14:52:00,32.09,32.09,32.06,32.07,892
2026-03-17 14:53:00,32.09,32.11,32.09,32.11,9435
2026-03-17 14:54:00,32.11,32.12,32.08,32.12,29840
2026-03-17 14:55:00,32.12,32.13,32.11,32.13,4445
2026-03-17 14:56:00,32.14,32.15,32.12,32.15,9594
2026-03-17 14:57:00,32.14,32.18,32.12,32.15,25108
2026-03-17 14:58:00,32.15,32.19,32.15,32.19,30030
2026-03-17 14:59:00,32.2,32.2,32.18,32.2,7626
2026-03-17 15:00:00,32.2,32.2,32.14,32.14,36295
2026-03-17 15:01:00,32.13,32.15,32.13,32.13,8790
2026-03-17 15:02:00,32.15,32.15,32.1,32.12,64601
2026-03-17 15:03:00,32.1,32.12,32.08,32.08,11939
2026-03-17 15:04:00,32.07,32.07,32.03,32.07,53644
2026-03-17 15:05:00,32.07,32.12,32.04,32.11,41408
2026-03-17 15:06:00,32.1,32.1,32.09,32.1,55050
2026-03-17 15:07:00,32.1,32.12,32.09,32.12,6501
2026-03-17 15:08:00,32.1,32.12,32.1,32.12,1795
2026-03-17 15:09:00,32.12,32.12,32.1,32.1,14869
2026-03-17 15:10:00,32.1,32.11,32.07,32.08,36695
2026-03-17 15:11:00,32.08,32.08,32.04,32.07,23330
2026-03-17 15:12:00,32.05,32.07,32.04,32.06,10704
2026-03-17 15:13:00,32.09,32.1,32.08,32.1,14143
2026-03-17 15:14:00,32.1,32.11,32.09,32.11,8502
2026-03-17 15:15:00,32.09,32.11,32.06,32.08,30615
2026-03-17 15:16:00,32.09,32.1,32.04,32.07,26306
2026-03-17 15:17:00,32.06,32.09,32.06,32.09,13582
2026-03-17 15:18:00,32.09,32.1,32.04,32.1,49466
2026-03-17 15:19:00,32.09,32.1,32.04,32.09,14196
2026-03-17 15:20:00,32.09,32.09,32.05,32.06,12413
2026-03-17 15:21:00,32.06,32.08,32.05,32.08,22125
2026-03-17 15:22:00,32.07,32.08,32.07,32.08,15425
2026-03-17 15:23:00,32.08,32.08,32.07,32.07,27906
2026-03-17 15:24:00,32.07,32.09,32.07,32.09,64288
2026-03-17 15:25:00,32.09,32.09,32.05,32.06,82639
2026-03-17 15:26:00,32.06,32.07,32.05,32.06,7930
2026-03-17 15:27:00,32.08,32.08,32.06,32.06,47502
2026-03-17 15:28:00,32.05,32.1,32.05,32.1,37908
2026-03-17 15:29:00,32.09,32.1,32.06,32.1,94905
2026-03-18 09:15:00,32.15,32.45,32.15,32.38,50601
2026-03-18 09:16:00,32.43,32.43,32.37,32.4,45303
2026-03-18 09:17:00,32.39,32.49,32.39,32.45,63569
2026-03-18 09:18:00,32.47,32.48,32.43,32.48,21212
2026-03-18 09:19:00,32.46,32.58,32.46,32.58,82280
2026-03-18 09:20:00,32.55,32.59,32.51,32.54,13216
2026-03-18 09:21:00,32.52,32.53,32.48,32.48,14545
2026-03-18 09:22:00,32.48,32.52,32.45,32.48,21370
2026-03-18 09:23:00,32.48,32.48,32.43,32.48,19169
2026-03-18 09:24:00,32.45,32.45,32.41,32.42,12532
2026-03-18 09:25:00,32.39,32.42,32.32,32.42,77144
2026-03-18 09:26:00,32.43,32.46,32.4,32.44,19588
2026-03-18 09:27:00,32.44,32.44,32.42,32.42,2602
2026-03-18 09:28:00,32.41,32.42,32.37,32.42,14327
2026-03-18 09:29:00,32.39,32.39,32.37,32.39,9968
2026-03-18 09:30:00,32.38,32.4,32.36,32.39,39839
2026-03-18 09:31:00,32.39,32.4,32.38,32.4,20192
2026-03-18 09:32:00,32.41,32.41,32.38,32.38,3115
2026-03-18 09:33:00,32.38,32.4,32.38,32.4,4541
2026-03-18 09:34:00,32.4,32.4,32.37,32.38,2489
2026-03-18 09:35:00,32.4,32.4,32.37,32.38,90696
2026-03-18 09:36:00,32.34,32.36,32.33,32.36,8502
2026-03-18 09:37:00,32.36,32.38,32.33,32.38,9559
2026-03-18 09:38:00,32.38,32.4,32.36,32.38,22873
2026-03-18 09:39:00,32.36,32.39,32.36,32.39,6392
2026-03-18 09:40:00,32.39,32.39,32.36,32.37,976
2026-03-18 09:41:00,32.37,32.39,32.36,32.39,8612
2026-03-18 09:42:00,32.38,32.38,32.35,32.38,5513
2026-03-18 09:43:00,32.38,32.39,32.36,32.38,12676
2026-03-18 09:44:00,32.38,32.39,32.37,32.39,13500
2026-03-18 09:45:00,32.37,32.37,32.31,32.33,65755
2026-03-18 09:46:00,32.34,32.37,32.34,32.35,6898
2026-03-18 09:47:00,32.35,32.37,32.35,32.35,6819
2026-03-18 09:48:00,32.35,32.37,32.35,32.37,21122
2026-03-18 09:49:00,32.37,32.44,32.37,32.41,84222
2026-03-18 09:50:00,32.44,32.48,32.4,32.48,51899
2026-03-18 09:51:00,32.48,32.49,32.45,32.46,26935
2026-03-18 09:52:00,32.46,32.47,32.44,32.45,12997
2026-03-18 09:53:00,32.45,32.46,32.43,32.46,2851
2026-03-18 09:54:00,32.43,32.46,32.41,32.43,9114
2026-03-18 09:55:00,32.43,32.43,32.42,32.42,26928
2026-03-18 09:56:00,32.42,32.42,32.35,32.38,13394
2026-03-18 09:57:00,32.38,32.38,32.35,32.37,7273
2026-03-18 09:58:00,32.37,32.37,32.34,32.36,3596
2026-03-18 09:59:00,32.37,32.4,32.37,32.4,1405
2026-03-18 10:00:00,32.38,32.4,32.38,32.38,2359
2026-03-18 10:01:00,32.38,32.4,32.38,32.4,6971
2026-03-18 10:02:00,32.38,32.38,32.36,32.37,15600
2026-03-18 10:03:00,32.37,32.37,32.31,32.33,10916
2026-03-18 10:04:00,32.34,32.34,32.31,32.32,5256
2026-03-18 10:05:00,32.32,32.32,32.25,32.28,26627
2026-03-18 10:06:00,32.28,32.3,32.28,32.28,3013
2026-03-18 10:07:00,32.31,32.33,32.3,32.33,1098
2026-03-18 10:08:00,32.33,32.33,32.28,32.28,10434
2026-03-18 10:09:00,32.28,32.3,32.27,32.29,34546
2026-03-18 10:10:00,32.29,32.29,32.25,32.28,9947
2026-03-18 10:11:00,32.28,32.3,32.26,32.27,21336
2026-03-18 10:12:00,32.27,32.3,32.27,32.28,1428
2026-03-18 10:13:00,32.28,32.3,32.27,32.3,30539
2026-03-18 10:14:00,32.3,32.34,32.3,32.34,3477
2026-03-18 10:15:00,32.32,32.34,32.32,32.34,1111
2026-03-18 10:16:00,32.34,32.34,32.3,32.32,4634
2026-03-18 10:17:00,32.32,32.34,32.32,32.32,1349
2026-03-18 10:18:00,32.32,32.39,32.32,32.39,9538
2026-03-18 10:19:00,32.39,32.42,32.36,32.38,20850
2026-03-18 10:20:00,32.38,32.4,32.38,32.4,1184
2026-03-18 10:21:00,32.4,32.4,32.35,32.35,8020
2026-03-18 10:22:00,32.36,32.38,32.35,32.36,5000
2026-03-18 10:23:00,32.36,32.38,32.36,32.38,1350
2026-03-18 10:24:00,32.4,32.43,32.4,32.43,4371
2026-03-18 10:25:00,32.4,32.45,32.4,32.45,16078
2026-03-18 10:26:00,32.44,32.44,32.4,32.44,6788
2026-03-18 10:27:00,32.44,32.44,32.36,32.39,13258
2026-03-18 10:28:00,32.39,32.43,32.39,32.43,8068
2026-03-18 10:29:00,32.43,32.43,32.41,32.43,1613
2026-03-18 10:30:00,32.37,32.41,32.37,32.41,9514
2026-03-18 10:31:00,32.41,32.42,32.41,32.41,712
2026-03-18 10:32:00,32.41,32.44,32.41,32.42,4415
2026-03-18 10:33:00,32.42,32.43,32.41,32.43,13221
2026-03-18 10:34:00,32.43,32.43,32.4,32.4,10401
2026-03-18 10:35:00,32.4,32.42,32.4,32.42,13908
2026-03-18 10:36:00,32.42,32.43,32.4,32.4,5989
2026-03-18 10:37:00,32.41,32.46,32.41,32.46,34074
2026-03-18 10:38:00,32.46,32.46,32.46,32.46,40
2026-03-18 10:39:00,32.46,32.46,32.43,32.43,10757
2026-03-18 10:40:00,32.43,32.43,32.43,32.43,372
2026-03-18 10:41:00,32.45,32.45,32.42,32.42,903
2026-03-18 10:42:00,32.42,32.42,32.39,32.39,16856
2026-03-18 10:43:00,32.39,32.39,32.37,32.39,3183
2026-03-18 10:44:00,32.39,32.4,32.39,32.39,172
2026-03-18 10:45:00,32.39,32.42,32.39,32.42,2376
2026-03-18 10:46:00,32.4,32.44,32.4,32.43,4284
2026-03-18 10:47:00,32.43,32.43,32.42,32.42,342
2026-03-18 10:48:00,32.42,32.46,32.42,32.46,6093
2026-03-18 10:49:00,32.46,32.46,32.44,32.46,27545
2026-03-18 10:50:00,32.46,32.46,32.39,32.44,7444
2026-03-18 10:51:00,32.44,32.44,32.39,32.4,11676
2026-03-18 10:52:00,32.41,32.43,32.4,32.4,2516
2026-03-18 10:53:00,32.42,32.42,32.4,32.41,251
2026-03-18 10:54:00,32.42,32.46,32.41,32.45,12996
2026-03-18 10:55:00,32.45,32.45,32.44,32.45,550
2026-03-18 10:56:00,32.45,32.45,32.44,32.45,1448
2026-03-18 10:57:00,32.44,32.45,32.42,32.43,2291
2026-03-18 10:58:00,32.44,32.45,32.43,32.43,2052
2026-03-18 10:59:00,32.43,32.44,32.43,32.44,1660
2026-03-18 11:00:00,32.43,32.46,32.43,32.46,869
2026-03-18 11:01:00,32.46,32.46,32.44,32.45,5774
2026-03-18 11:02:00,32.45,32.46,32.45,32.45,2423
2026-03-18 11:03:00,32.45,32.49,32.44,32.44,24347
2026-03-18 11:04:00,32.44,32.47,32.44,32.47,6389
2026-03-18 11:05:00,32.47,32.47,32.43,32.43,5697
2026-03-18 11:06:00,32.43,32.45,32.41,32.44,1242
2026-03-18 11:07:00,32.44,32.44,32.39,32.39,18734
2026-03-18 11:08:00,32.39,32.41,32.39,32.41,4555
2026-03-18 11:09:00,32.41,32.42,32.4,32.42,91
2026-03-18 11:10:00,32.4,32.43,32.4,32.41,736
2026-03-18 11:11:00,32.43,32.43,32.4,32.4,2430
2026-03-18 11:12:00,32.4,32.45,32.4,32.43,41334
2026-03-18 11:13:00,32.43,32.45,32.42,32.42,1078
2026-03-18 11:14:00,32.44,32.47,32.42,32.46,6961
2026-03-18 11:15:00,32.46,32.47,32.46,32.46,1020
2026-03-18 11:16:00,32.48,32.48,32.43,32.45,26636
2026-03-18 11:17:00,32.42,32.46,32.42,32.46,3991
2026-03-18 11:18:00,32.46,32.46,32.45,32.46,6848
2026-03-18 11:19:00,32.46,32.46,32.43,32.43,6422
2026-03-18 11:20:00,32.44,32.47,32.43,32.44,4369
2026-03-18 11:21:00,32.44,32.47,32.43,32.47,4545
2026-03-18 11:22:00,32.47,32.47,32.45,32.45,3130
2026-03-18 11:23:00,32.46,32.47,32.44,32.47,1797
2026-03-18 11:24:00,32.47,32.48,32.46,32.47,8560
2026-03-18 11:25:00,32.47,32.48,32.45,32.45,2484
2026-03-18 11:26:00,32.47,32.48,32.46,32.47,1403
2026-03-18 11:27:00,32.47,32.48,32.46,32.48,3448
2026-03-18 11:28:00,32.48,32.54,32.48,32.54,40413
2026-03-18 11:29:00,32.52,32.52,32.5,32.52,1793
2026-03-18 11:30:00,32.52,32.53,32.48,32.5,4195
2026-03-18 11:31:00,32.52,32.54,32.5,32.53,28643
2026-03-18 11:32:00,32.53,32.54,32.48,32.49,8531
2026-03-18 11:33:00,32.49,32.52,32.49,32.51,590
2026-03-18 11:34:00,32.51,32.54,32.51,32.53,2835
2026-03-18 11:35:00,32.53,32.54,32.52,32.54,1500
2026-03-18 11:36:00,32.52,32.54,32.52,32.52,4102
2026-03-18 11:37:00,32.52,32.55,32.51,32.55,54923
2026-03-18 11:38:00,32.55,32.55,32.54,32.55,5393
2026-03-18 11:39:00,32.55,32.55,32.54,32.54,5630
2026-03-18 11:40:00,32.55,32.57,32.54,32.55,7852
2026-03-18 11:41:00,32.57,32.57,32.55,32.57,3660
2026-03-18 11:42:00,32.57,32.58,32.56,32.58,3601
2026-03-18 11:43:00,32.58,32.58,32.53,32.57,11333
2026-03-18 11:44:00,32.57,32.6,32.54,32.54,70949
2026-03-18 11:45:00,32.54,32.56,32.54,32.54,1755
2026-03-18 11:46:00,32.54,32.54,32.5,32.53,12524
2026-03-18 11:47:00,32.53,32.53,32.5,32.51,3686
2026-03-18 11:48:00,32.51,32.52,32.5,32.5,6349
2026-03-18 11:49:00,32.5,32.52,32.46,32.46,8870
2026-03-18 11:50:00,32.46,32.5,32.46,32.5,3150
2026-03-18 11:51:00,32.5,32.5,32.47,32.48,5969
2026-03-18 11:52:00,32.48,32.5,32.47,32.49,1276
2026-03-18 11:53:00,32.49,32.5,32.46,32.49,16758
2026-03-18 11:54:00,32.49,32.52,32.47,32.52,2900
2026-03-18 11:55:00,32.52,32.52,32.49,32.49,2020
2026-03-18 11:56:00,32.49,32.52,32.48,32.52,451
2026-03-18 11:57:00,32.48,32.52,32.48,32.5,3129
2026-03-18 11:58:00,32.51,32.52,32.49,32.52,2067
2026-03-18 11:59:00,32.5,32.52,32.5,32.51,2092
2026-03-18 12:00:00,32.51,32.52,32.47,32.48,13523
2026-03-18 12:01:00,32.49,32.52,32.47,32.48,18962
2026-03-18 12:02:00,32.5,32.5,32.46,32.46,8080
2026-03-18 12:03:00,32.46,32.47,32.45,32.45,9644
2026-03-18 12:04:00,32.45,32.47,32.45,32.46,2563
2026-03-18 12:05:00,32.46,32.49,32.44,32.49,14492
2026-03-18 12:06:00,32.49,32.49,32.46,32.48,1258
2026-03-18 12:07:00,32.48,32.48,32.41,32.44,3291
2026-03-18 12:08:00,32.45,32.47,32.43,32.45,7776
2026-03-18 12:09:00,32.45,32.46,32.43,32.45,1471
2026-03-18 12:10:00,32.46,32.47,32.45,32.45,1286
2026-03-18 12:11:00,32.45,32.48,32.44,32.45,1304
2026-03-18 12:12:00,32.46,32.47,32.44,32.47,1928
2026-03-18 12:13:00,32.49,32.49,32.45,32.49,3454
2026-03-18 12:14:00,32.49,32.49,32.44,32.44,7557
2026-03-18 12:15:00,32.45,32.48,32.44,32.45,3996
2026-03-18 12:16:00,32.45,32.49,32.45,32.47,11411
2026-03-18 12:17:00,32.47,32.47,32.44,32.47,4063
2026-03-18 12:18:00,32.47,32.49,32.45,32.48,2345
2026-03-18 12:19:00,32.48,32.49,32.46,32.49,2094
2026-03-18 12:20:00,32.47,32.49,32.46,32.49,1914
2026-03-18 12:21:00,32.49,32.49,32.45,32.45,3851
2026-03-18 12:22:00,32.45,32.49,32.45,32.48,2135
2026-03-18 12:23:00,32.48,32.48,32.45,32.47,2023
2026-03-18 12:24:00,32.47,32.47,32.44,32.47,3896
2026-03-18 12:25:00,32.47,32.47,32.43,32.44,6516
2026-03-18 12:26:00,32.44,32.44,32.4,32.4,15352
2026-03-18 12:27:00,32.4,32.44,32.4,32.44,12527
2026-03-18 12:28:00,32.41,32.43,32.39,32.42,7871
2026-03-18 12:29:00,32.43,32.44,32.42,32.44,2919
2026-03-18 12:30:00,32.44,32.46,32.42,32.45,2818
2026-03-18 12:31:00,32.45,32.45,32.43,32.45,982
2026-03-18 12:32:00,32.43,32.46,32.43,32.46,1292
2026-03-18 12:33:00,32.46,32.47,32.44,32.44,1911
2026-03-18 12:34:00,32.44,32.47,32.44,32.46,5509
2026-03-18 12:35:00,32.45,32.47,32.45,32.45,275
2026-03-18 12:36:00,32.46,32.47,32.44,32.44,4271
2026-03-18 12:37:00,32.45,32.46,32.42,32.45,12305
2026-03-18 12:38:00,32.45,32.46,32.44,32.46,2131
2026-03-18 12:39:00,32.46,32.46,32.43,32.46,1739
2026-03-18 12:40:00,32.46,32.46,32.42,32.42,1595
2026-03-18 12:41:00,32.45,32.45,32.42,32.44,1044
2026-03-18 12:42:00,32.46,32.46,32.43,32.46,2601
2026-03-18 12:43:00,32.45,32.46,32.45,32.46,1985
2026-03-18 12:44:00,32.46,32.46,32.45,32.45,3191
2026-03-18 12:45:00,32.46,32.46,32.45,32.45,12326
2026-03-18 12:46:00,32.43,32.44,32.42,32.44,6170
2026-03-18 12:47:00,32.44,32.44,32.41,32.41,1695
2026-03-18 12:48:00,32.41,32.44,32.41,32.41,3165
2026-03-18 12:49:00,32.41,32.45,32.4,32.45,18546
2026-03-18 12:50:00,32.45,32.46,32.43,32.45,1737
2026-03-18 12:51:00,32.43,32.45,32.43,32.45,1959
2026-03-18 12:52:00,32.45,32.46,32.44,32.45,3708
2026-03-18 12:53:00,32.44,32.46,32.42,32.45,3656
2026-03-18 12:54:00,32.45,32.46,32.42,32.46,4427
2026-03-18 12:55:00,32.42,32.45,32.41,32.45,7540
2026-03-18 12:56:00,32.45,32.46,32.43,32.43,961
2026-03-18 12:57:00,32.46,32.46,32.43,32.43,28245
2026-03-18 12:58:00,32.45,32.46,32.43,32.46,3306
2026-03-18 12:59:00,32.45,32.48,32.44,32.47,2491
2026-03-18 13:00:00,32.47,32.49,32.45,32.49,2281
2026-03-18 13:01:00,32.49,32.5,32.47,32.5,3800
2026-03-18 13:02:00,32.5,32.51,32.47,32.48,2528
2026-03-18 13:03:00,32.48,32.49,32.47,32.49,3674
2026-03-18 13:04:00,32.47,32.5,32.47,32.5,3039
2026-03-18 13:05:00,32.5,32.5,32.47,32.49,1339
2026-03-18 13:06:00,32.47,32.48,32.47,32.48,2240
2026-03-18 13:07:00,32.48,32.48,32.46,32.46,7387
2026-03-18 13:08:00,32.46,32.47,32.44,32.45,5952
2026-03-18 13:09:00,32.45,32.47,32.45,32.47,2355
2026-03-18 13:10:00,32.47,32.48,32.45,32.45,1589
2026-03-18 13:11:00,32.51,32.54,32.5,32.54,21967
2026-03-18 13:12:00,32.53,32.55,32.52,32.54,32793
2026-03-18 13:13:00,32.54,32.56,32.51,32.51,6812
2026-03-18 13:14:00,32.51,32.52,32.51,32.52,1055
2026-03-18 13:15:00,32.52,32.54,32.49,32.53,11238
2026-03-18 13:16:00,32.53,32.53,32.5,32.53,9278
2026-03-18 13:17:00,32.53,32.53,32.49,32.52,6390
2026-03-18 13:18:00,32.56,32.58,32.53,32.53,28618
2026-03-18 13:19:00,32.57,32.58,32.54,32.56,8460
2026-03-18 13:20:00,32.56,32.6,32.56,32.6,31488
2026-03-18 13:21:00,32.58,32.6,32.56,32.59,10463
2026-03-18 13:22:00,32.59,32.61,32.57,32.61,3352
2026-03-18 13:23:00,32.59,32.63,32.57,32.6,13432
2026-03-18 13:24:00,32.6,32.61,32.57,32.57,5092
2026-03-18 13:25:00,32.58,32.62,32.58,32.61,4030
2026-03-18 13:26:00,32.61,32.61,32.6,32.6,2085
2026-03-18 13:27:00,32.6,32.6,32.56,32.58,1543
2026-03-18 13:28:00,32.58,32.59,32.56,32.59,3540
2026-03-18 13:29:00,32.59,32.6,32.56,32.59,9575
2026-03-18 13:30:00,32.59,32.6,32.57,32.58,2510
2026-03-18 13:31:00,32.58,32.6,32.56,32.56,2945
2026-03-18 13:32:00,32.57,32.57,32.55,32.56,1987
2026-03-18 13:33:00,32.56,32.6,32.53,32.6,16301
2026-03-18 13:34:00,32.6,32.63,32.59,32.63,66269
2026-03-18 13:35:00,32.63,32.64,32.62,32.62,8878
2026-03-18 13:36:00,32.62,32.65,32.6,32.65,5741
2026-03-18 13:37:00,32.64,32.66,32.63,32.66,26518
2026-03-18 13:38:00,32.66,32.66,32.63,32.63,5245
2026-03-18 13:39:00,32.61,32.65,32.61,32.65,6722
2026-03-18 13:40:00,32.65,32.66,32.61,32.63,9992
2026-03-18 13:41:00,32.63,32.63,32.6,32.6,3430
2026-03-18 13:42:00,32.6,32.63,32.6,32.61,17741
2026-03-18 13:43:00,32.63,32.64,32.59,32.59,2585
2026-03-18 13:44:00,32.62,32.64,32.61,32.63,1626
2026-03-18 13:45:00,32.64,32.64,32.6,32.63,3358
2026-03-18 13:46:00,32.63,32.63,32.6,32.61,5242
2026-03-18 13:47:00,32.61,32.62,32.58,32.61,6322
2026-03-18 13:48:00,32.62,32.62,32.58,32.61,1371
2026-03-18 13:49:00,32.61,32.61,32.58,32.58,4003
2026-03-18 13:50:00,32.58,32.61,32.58,32.6,2412
2026-03-18 13:51:00,32.6,32.61,32.59,32.6,4789
2026-03-18 13:52:00,32.6,32.6,32.58,32.6,3853
2026-03-18 13:53:00,32.6,32.64,32.6,32.64,9048
2026-03-18 13:54:00,32.63,32.66,32.63,32.66,11912
2026-03-18 13:55:00,32.66,32.67,32.65,32.65,5243
2026-03-18 13:56:00,32.67,32.67,32.65,32.67,3772
2026-03-18 13:57:00,32.67,32.67,32.65,32.67,3261
2026-03-18 13:58:00,32.66,32.68,32.65,32.67,30005
2026-03-18 13:59:00,32.67,32.67,32.65,32.65,2240
2026-03-18 14:00:00,32.65,32.65,32.63,32.64,5543
2026-03-18 14:01:00,32.65,32.68,32.65,32.67,12132
2026-03-18 14:02:00,32.68,32.7,32.66,32.66,58479
2026-03-18 14:03:00,32.66,32.68,32.66,32.66,3456
2026-03-18 14:04:00,32.68,32.68,32.62,32.62,9496
2026-03-18 14:05:00,32.65,32.65,32.62,32.62,1745
2026-03-18 14:06:00,32.62,32.64,32.61,32.62,1572
2026-03-18 14:07:00,32.64,32.64,32.61,32.62,10252
2026-03-18 14:08:00,32.62,32.62,32.61,32.61,927
2026-03-18 14:09:00,32.61,32.65,32.61,32.65,1580
2026-03-18 14:10:00,32.65,32.65,32.63,32.64,1583
2026-03-18 14:11:00,32.65,32.65,32.61,32.64,5315
2026-03-18 14:12:00,32.64,32.65,32.61,32.63,8769
2026-03-18 14:13:00,32.63,32.65,32.61,32.61,3236
2026-03-18 14:14:00,32.61,32.61,32.61,32.61,103
2026-03-18 14:15:00,32.61,32.64,32.61,32.64,6791
2026-03-18 14:16:00,32.64,32.64,32.61,32.63,23178
2026-03-18 14:17:00,32.63,32.67,32.61,32.64,32994
2026-03-18 14:18:00,32.64,32.67,32.63,32.65,7618
2026-03-18 14:19:00,32.65,32.65,32.63,32.65,1196
2026-03-18 14:20:00,32.65,32.65,32.61,32.65,9058
2026-03-18 14:21:00,32.65,32.66,32.65,32.65,5838
2026-03-18 14:22:00,32.63,32.67,32.63,32.67,837
2026-03-18 14:23:00,32.64,32.65,32.63,32.65,1202
2026-03-18 14:24:00,32.65,32.67,32.63,32.67,6184
2026-03-18 14:25:00,32.67,32.69,32.65,32.69,22985
2026-03-18 14:26:00,32.69,32.7,32.68,32.69,20497
2026-03-18 14:27:00,32.69,32.69,32.68,32.68,1279
2026-03-18 14:28:00,32.68,32.68,32.65,32.65,2091
2026-03-18 14:29:00,32.67,32.69,32.65,32.69,4634
2026-03-18 14:30:00,32.65,32.66,32.65,32.66,1430
2026-03-18 14:31:00,32.66,32.66,32.57,32.57,2842
2026-03-18 14:32:00,32.6,32.62,32.59,32.62,53884
2026-03-18 14:33:00,32.62,32.62,32.58,32.61,10922
2026-03-18 14:34:00,32.61,32.61,32.57,32.57,104317
2026-03-18 14:35:00,32.57,32.57,32.52,32.56,72900
2026-03-18 14:36:00,32.56,32.56,32.52,32.52,4102
2026-03-18 14:37:00,32.54,32.54,32.52,32.53,17652
2026-03-18 14:38:00,32.52,32.55,32.52,32.54,6941
2026-03-18 14:39:00,32.54,32.56,32.53,32.55,1329
2026-03-18 14:40:00,32.55,32.55,32.52,32.55,1149
2026-03-18 14:41:00,32.55,32.57,32.53,32.55,6933
2026-03-18 14:42:00,32.56,32.56,32.52,32.54,1991
2026-03-18 14:43:00,32.54,32.54,32.52,32.53,1875
2026-03-18 14:44:00,32.53,32.54,32.52,32.52,2209
2026-03-18 14:45:00,32.52,32.53,32.51,32.53,7875
2026-03-18 14:46:00,32.54,32.58,32.53,32.56,6978
2026-03-18 14:47:00,32.56,32.57,32.54,32.56,4452
2026-03-18 14:48:00,32.56,32.57,32.54,32.56,3392
2026-03-18 14:49:00,32.56,32.58,32.56,32.57,9442
2026-03-18 14:50:00,32.58,32.58,32.56,32.58,10497
2026-03-18 14:51:00,32.58,32.58,32.54,32.57,12951
2026-03-18 14:52:00,32.57,32.57,32.55,32.56,1941
2026-03-18 14:53:00,32.56,32.57,32.55,32.55,2995
2026-03-18 14:54:00,32.54,32.57,32.54,32.57,8049
2026-03-18 14:55:00,32.57,32.6,32.56,32.6,20565
2026-03-18 14:56:00,32.6,32.6,32.57,32.59,3786
2026-03-18 14:57:00,32.59,32.6,32.57,32.6,6400
2026-03-18 14:58:00,32.6,32.6,32.57,32.6,8966
2026-03-18 14:59:00,32.59,32.6,32.57,32.57,2207
2026-03-18 15:00:00,32.6,32.61,32.52,32.55,44011
2026-03-18 15:01:00,32.55,32.57,32.52,32.57,4201
2026-03-18 15:02:00,32.55,32.58,32.54,32.58,18681
2026-03-18 15:03:00,32.58,32.59,32.55,32.58,6890
2026-03-18 15:04:00,32.58,32.59,32.56,32.56,5712
2026-03-18 15:05:00,32.56,32.59,32.56,32.56,6039
2026-03-18 15:06:00,32.56,32.58,32.56,32.58,2169
2026-03-18 15:07:00,32.58,32.58,32.55,32.55,6062
2026-03-18 15:08:00,32.55,32.58,32.55,32.58,3087
2026-03-18 15:09:00,32.57,32.58,32.57,32.58,5480
2026-03-18 15:10:00,32.58,32.58,32.57,32.57,27145
2026-03-18 15:11:00,32.57,32.58,32.57,32.58,9577
2026-03-18 15:12:00,32.57,32.59,32.57,32.58,15482
2026-03-18 15:13:00,32.59,32.6,32.58,32.59,50149
2026-03-18 15:14:00,32.58,32.6,32.57,32.6,16300
2026-03-18 15:15:00,32.59,32.6,32.57,32.57,27725
2026-03-18 15:16:00,32.56,32.57,32.54,32.55,28516
2026-03-18 15:17:00,32.56,32.59,32.55,32.58,9211
2026-03-18 15:18:00,32.6,32.61,32.58,32.58,82988
2026-03-18 15:19:00,32.59,32.6,32.58,32.6,7576
2026-03-18 15:20:00,32.6,32.62,32.6,32.6,8501
2026-03-18 15:21:00,32.61,32.61,32.59,32.59,10732
2026-03-18 15:22:00,32.6,32.6,32.54,32.55,34097
2026-03-18 15:23:00,32.55,32.56,32.51,32.55,43933
2026-03-18 15:24:00,32.54,32.57,32.54,32.57,17599
2026-03-18 15:25:00,32.57,32.6,32.56,32.59,24368
2026-03-18 15:26:00,32.58,32.6,32.58,32.6,8660
2026-03-18 15:27:00,32.59,32.59,32.55,32.55,34553
2026-03-18 15:28:00,32.55,32.55,32.52,32.55,9301
2026-03-18 15:29:00,32.57,32.6,32.55,32.6,37157
2026-03-19 09:15:00,32.2,32.24,32.0,32.17,80042
2026-03-19 09:16:00,32.09,32.09,31.8,31.8,78000
2026-03-19 09:17:00,31.88,31.89,31.85,31.86,54544
2026-03-19 09:18:00,31.88,31.91,31.86,31.86,67515
2026-03-19 09:19:00,31.86,31.88,31.81,31.81,44111
2026-03-19 09:20:00,31.8,31.82,31.78,31.8,35607
2026-03-19 09:21:00,31.85,31.89,31.82,31.89,33236
2026-03-19 09:22:00,31.9,31.98,31.9,31.97,26171
2026-03-19 09:23:00,31.96,32.05,31.96,32.05,76995
2026-03-19 09:24:00,32.05,32.05,31.98,32.01,82805
2026-03-19 09:25:00,32.02,32.03,31.97,32.01,9212
2026-03-19 09:26:00,32.0,32.03,32.0,32.03,15961
2026-03-19 09:27:00,32.03,32.03,31.91,31.91,9402
2026-03-19 09:28:00,31.94,31.98,31.92,31.97,11059
2026-03-19 09:29:00,31.97,31.97,31.92,31.96,22271
2026-03-19 09:30:00,31.94,31.94,31.86,31.93,51617
2026-03-19 09:31:00,31.9,31.92,31.88,31.91,24320
2026-03-19 09:32:00,31.91,31.94,31.9,31.91,14521
2026-03-19 09:33:00,31.93,31.93,31.89,31.9,20622
2026-03-19 09:34:00,31.92,31.92,31.87,31.9,32322
2026-03-19 09:35:00,31.91,31.96,31.9,31.94,10669
2026-03-19 09:36:00,31.96,31.98,31.92,31.92,14489
2026-03-19 09:37:00,31.95,31.96,31.93,31.94,19853
2026-03-19 09:38:00,31.94,31.94,31.88,31.89,79691
2026-03-19 09:39:00,31.89,31.91,31.87,31.89,30366
2026-03-19 09:40:00,31.89,31.91,31.89,31.91,1650
2026-03-19 09:41:00,31.91,31.94,31.91,31.92,1922
2026-03-19 09:42:00,31.92,31.95,31.92,31.93,7892
2026-03-19 09:43:00,31.94,31.94,31.88,31.92,34656
2026-03-19 09:44:00,31.92,31.92,31.9,31.91,4723
2026-03-19 09:45:00,31.91,31.94,31.9,31.9,13373
2026-03-19 09:46:00,31.93,31.93,31.89,31.92,19630
2026-03-19 09:47:00,31.9,31.92,31.9,31.91,20404
2026-03-19 09:48:00,31.9,31.92,31.89,31.89,16407
2026-03-19 09:49:00,31.89,31.9,31.88,31.88,6757
2026-03-19 09:50:00,31.88,31.88,31.87,31.87,1296
2026-03-19 09:51:00,31.87,31.87,31.86,31.87,3234
2026-03-19 09:52:00,31.88,31.94,31.87,31.93,13665
2026-03-19 09:53:00,31.94,31.94,31.88,31.89,35042
2026-03-19 09:54:00,31.86,31.89,31.86,31.88,42075
2026-03-19 09:55:00,31.88,31.88,31.86,31.88,2042
2026-03-19 09:56:00,31.88,31.91,31.88,31.91,4744
2026-03-19 09:57:00,31.91,31.93,31.89,31.92,10407
2026-03-19 09:58:00,31.92,31.93,31.9,31.91,827
2026-03-19 09:59:00,31.93,31.93,31.89,31.92,4632
2026-03-19 10:00:00,31.93,31.93,31.89,31.9,4144
2026-03-19 10:01:00,31.91,31.92,31.91,31.92,1776
2026-03-19 10:02:00,31.92,31.93,31.89,31.89,8010
2026-03-19 10:03:00,31.9,31.92,31.9,31.9,1714
2026-03-19 10:04:00,31.9,31.92,31.9,31.92,3784
2026-03-19 10:05:00,31.92,31.93,31.89,31.92,18578
2026-03-19 10:06:00,31.92,31.93,31.91,31.93,1205
2026-03-19 10:07:00,31.93,31.93,31.9,31.93,853
2026-03-19 10:08:00,31.93,31.94,31.91,31.94,3563
2026-03-19 10:09:00,31.94,31.98,31.94,31.97,19681
2026-03-19 10:10:00,31.97,31.97,31.96,31.96,15810
2026-03-19 10:11:00,31.98,31.98,31.95,31.97,11743
2026-03-19 10:12:00,31.97,32.03,31.97,32.01,50084
2026-03-19 10:13:00,32.01,32.04,31.98,32.0,21936
2026-03-19 10:14:00,32.0,32.0,31.97,32.0,7777
2026-03-19 10:15:00,31.98,31.99,31.97,31.97,2122
2026-03-19 10:16:00,31.97,32.0,31.96,31.99,187
2026-03-19 10:17:00,31.96,31.98,31.95,31.95,4389
2026-03-19 10:18:00,31.95,31.98,31.95,31.98,300
2026-03-19 10:19:00,31.96,31.98,31.95,31.96,1757
2026-03-19 10:20:00,31.96,31.97,31.94,31.97,5900
2026-03-19 10:21:00,31.97,31.98,31.96,31.98,7492
2026-03-19 10:22:00,31.98,31.98,31.97,31.98,4914
2026-03-19 10:23:00,31.99,31.99,31.96,31.99,2209
2026-03-19 10:24:00,31.99,31.99,31.96,31.99,2759
2026-03-19 10:25:00,31.99,32.0,31.98,31.99,8912
2026-03-19 10:26:00,32.02,32.02,32.0,32.0,3700
2026-03-19 10:27:00,32.0,32.01,31.99,32.01,2495
2026-03-19 10:28:00,32.01,32.01,31.98,31.98,3362
2026-03-19 10:29:00,31.98,32.0,31.96,31.97,5994
2026-03-19 10:30:00,31.97,31.97,31.96,31.97,1643
2026-03-19 10:31:00,31.99,31.99,31.95,31.95,2738
2026-03-19 10:32:00,31.95,31.98,31.95,31.98,7241
2026-03-19 10:33:00,31.99,31.99,31.96,31.98,13959
2026-03-19 10:34:00,31.98,31.99,31.97,31.98,7323
2026-03-19 10:35:00,31.98,31.99,31.97,31.98,3605
2026-03-19 10:36:00,31.99,31.99,31.97,31.97,495
2026-03-19 10:37:00,31.97,32.04,31.97,32.02,5133
2026-03-19 10:38:00,32.02,32.04,32.02,32.02,1220
2026-03-19 10:39:00,32.02,32.03,32.0,32.03,41399
2026-03-19 10:40:00,32.03,32.03,32.0,32.02,1458
2026-03-19 10:41:00,32.02,32.02,31.98,32.0,6263
2026-03-19 10:42:00,32.0,32.01,31.98,31.99,2508
2026-03-19 10:43:00,32.01,32.01,31.98,32.0,3572
2026-03-19 10:44:00,32.0,32.0,31.98,32.0,2789
2026-03-19 10:45:00,32.0,32.0,31.98,32.0,795
2026-03-19 10:46:00,32.0,32.01,32.0,32.0,2219
2026-03-19 10:47:00,32.0,32.01,31.98,31.99,1956
2026-03-19 10:48:00,31.99,31.99,31.97,31.98,3292
2026-03-19 10:49:00,31.98,31.99,31.98,31.99,1494
2026-03-19 10:50:00,31.99,32.0,31.97,31.99,1167
2026-03-19 10:51:00,31.99,32.0,31.96,31.96,1453
2026-03-19 10:52:00,31.96,32.0,31.96,32.0,756
2026-03-19 10:53:00,32.0,32.0,32.0,32.0,1744
2026-03-19 10:54:00,32.0,32.0,31.98,31.98,510
2026-03-19 10:55:00,31.98,32.0,31.98,32.0,453
2026-03-19 10:56:00,32.0,32.0,32.0,32.0,192
2026-03-19 10:57:00,32.0,32.02,31.99,32.02,39894
2026-03-19 10:58:00,32.02,32.02,32.0,32.0,5429
2026-03-19 10:59:00,32.0,32.02,31.98,32.02,22562
2026-03-19 11:00:00,32.01,32.01,31.99,32.0,1125
2026-03-19 11:01:00,32.0,32.0,32.0,32.0,2654
2026-03-19 11:02:00,32.0,32.0,31.97,31.99,15419
2026-03-19 11:03:00,31.97,32.0,31.97,31.97,3404
2026-03-19 11:04:00,32.0,32.0,31.94,31.97,35425
2026-03-19 11:05:00,31.97,31.97,31.97,31.97,240
2026-03-19 11:06:00,31.97,31.97,31.93,31.97,4742
2026-03-19 11:07:00,31.97,31.97,31.95,31.97,212
2026-03-19 11:08:00,31.97,31.97,31.92,31.93,10178
2026-03-19 11:09:00,31.93,31.93,31.91,31.91,3909
2026-03-19 11:10:00,31.91,31.93,31.91,31.93,1276
2026-03-19 11:11:00,31.93,31.93,31.91,31.91,1501
2026-03-19 11:12:00,31.91,31.93,31.91,31.93,3328
2026-03-19 11:13:00,31.93,31.97,31.91,31.96,12582
2026-03-19 11:14:00,31.96,31.96,31.9,31.93,15978
2026-03-19 11:15:00,31.92,31.92,31.87,31.87,34696
2026-03-19 11:16:00,31.87,31.89,31.87,31.88,210
2026-03-19 11:17:00,31.88,31.88,31.87,31.88,434
2026-03-19 11:18:00,31.88,31.89,31.87,31.88,1856
2026-03-19 11:19:00,31.89,31.89,31.87,31.89,4381
2026-03-19 11:20:00,31.89,31.89,31.87,31.89,2129
2026-03-19 11:21:00,31.89,31.89,31.87,31.88,1325
2026-03-19 11:22:00,31.88,31.94,31.88,31.92,3063
2026-03-19 11:23:00,31.92,31.92,31.92,31.92,3923
2026-03-19 11:24:00,31.93,31.96,31.93,31.95,1354
2026-03-19 11:25:00,31.93,31.95,31.93,31.95,30
2026-03-19 11:26:00,31.95,31.95,31.92,31.94,4228
2026-03-19 11:27:00,31.94,31.95,31.94,31.94,861
2026-03-19 11:28:00,31.95,31.95,31.93,31.93,616
2026-03-19 11:29:00,31.93,31.95,31.93,31.95,1332
2026-03-19 11:30:00,31.95,31.95,31.92,31.93,7974
2026-03-19 11:31:00,31.95,31.95,31.93,31.93,5495
2026-03-19 11:32:00,31.94,31.94,31.93,31.94,304
2026-03-19 11:33:00,31.94,31.98,31.94,31.97,9990
2026-03-19 11:34:00,31.97,31.98,31.96,31.97,551
2026-03-19 11:35:00,31.97,32.0,31.95,31.98,24011
2026-03-19 11:36:00,32.0,32.0,31.95,31.98,18216
2026-03-19 11:37:00,31.98,32.0,31.98,32.0,1540
2026-03-19 11:38:00,32.0,32.0,31.98,31.98,7064
2026-03-19 11:39:00,31.98,32.0,31.98,32.0,1126
2026-03-19 11:40:00,32.0,32.0,31.96,31.98,9186
2026-03-19 11:41:00,31.98,31.98,31.94,31.95,11263
2026-03-19 11:42:00,31.98,31.98,31.95,31.98,1661
2026-03-19 11:43:00,31.98,31.98,31.95,31.95,366
2026-03-19 11:44:00,31.95,31.97,31.95,31.97,1030
2026-03-19 11:45:00,31.97,32.0,31.95,31.96,10177
2026-03-19 11:46:00,31.96,31.99,31.96,31.99,12
2026-03-19 11:47:00,31.99,32.0,31.98,32.0,595
2026-03-19 11:48:00,32.0,32.0,31.98,31.99,10316
2026-03-19 11:49:00,31.98,31.99,31.97,31.97,965
2026-03-19 11:50:00,31.97,31.99,31.97,31.99,820
2026-03-19 11:51:00,31.99,32.01,31.98,32.01,10289
2026-03-19 11:52:00,31.98,32.02,31.98,32.02,2740
2026-03-19 11:53:00,32.02,32.02,32.01,32.01,191
2026-03-19 11:54:00,32.01,32.02,32.0,32.02,1639
2026-03-19 11:55:00,32.02,32.02,31.98,31.98,1005
2026-03-19 11:56:00,31.98,31.99,31.97,31.97,1861
2026-03-19 11:57:00,31.97,31.98,31.95,31.97,3752
2026-03-19 11:58:00,31.97,31.98,31.95,31.96,939
2026-03-19 11:59:00,31.96,31.99,31.96,31.98,928
2026-03-19 12:00:00,31.98,31.99,31.95,31.95,11315
2026-03-19 12:01:00,31.95,31.98,31.95,31.98,1009
2026-03-19 12:02:00,31.98,31.98,31.95,31.98,1686
2026-03-19 12:03:00,31.98,31.98,31.95,31.95,456
2026-03-19 12:04:00,31.94,31.95,31.94,31.94,27266
2026-03-19 12:05:00,31.94,31.95,31.94,31.94,1500
2026-03-19 12:06:00,31.94,31.94,31.92,31.94,11648
2026-03-19 12:07:00,31.93,31.94,31.92,31.94,494
2026-03-19 12:08:00,31.94,31.94,31.92,31.92,1449
2026-03-19 12:09:00,31.92,31.94,31.92,31.92,148
2026-03-19 12:10:00,31.92,31.94,31.92,31.94,396
2026-03-19 12:11:00,31.94,31.94,31.92,31.94,612
2026-03-19 12:12:00,31.94,31.97,31.94,31.96,12269
2026-03-19 12:13:00,31.93,31.97,31.93,31.94,3037
2026-03-19 12:14:00,31.94,31.98,31.94,31.98,2997
2026-03-19 12:15:00,31.98,31.99,31.96,31.98,974
2026-03-19 12:16:00,31.98,32.0,31.97,31.99,10064
2026-03-19 12:17:00,31.99,31.99,31.93,31.93,357
2026-03-19 12:18:00,31.97,31.98,31.96,31.97,27035
2026-03-19 12:19:00,31.97,32.0,31.97,31.98,1543
2026-03-19 12:20:00,31.98,31.98,31.96,31.96,6743
2026-03-19 12:21:00,31.96,31.97,31.93,31.95,3970
2026-03-19 12:22:00,31.95,31.95,31.93,31.95,3415
2026-03-19 12:23:00,31.95,31.95,31.95,31.95,105
2026-03-19 12:24:00,31.93,31.94,31.91,31.94,8118
2026-03-19 12:25:00,31.94,31.96,31.93,31.96,1223
2026-03-19 12:26:00,31.96,31.96,31.95,31.96,2873
2026-03-19 12:27:00,31.96,31.96,31.96,31.96,1746
2026-03-19 12:28:00,31.94,31.96,31.9,31.95,11256
2026-03-19 12:29:00,31.95,31.97,31.95,31.97,1337
2026-03-19 12:30:00,31.97,31.97,31.95,31.97,433
2026-03-19 12:31:00,31.97,31.97,31.95,31.95,3390
2026-03-19 12:32:00,31.96,31.96,31.96,31.96,523
2026-03-19 12:33:00,31.96,31.96,31.91,31.91,13603
2026-03-19 12:34:00,31.91,31.98,31.91,31.98,2336
2026-03-19 12:35:00,31.98,31.98,31.97,31.97,133
2026-03-19 12:36:00,31.97,31.98,31.97,31.97,1533
2026-03-19 12:37:00,31.98,32.0,31.98,32.0,32340
2026-03-19 12:38:00,32.0,32.0,31.99,32.0,631
2026-03-19 12:39:00,32.0,32.0,31.99,32.0,3670
2026-03-19 12:40:00,32.0,32.0,31.99,31.99,70
2026-03-19 12:41:00,31.99,31.99,31.95,31.95,2852
2026-03-19 12:42:00,31.95,31.98,31.95,31.97,3482
2026-03-19 12:43:00,31.97,31.97,31.97,31.97,1039
2026-03-19 12:44:00,31.97,31.98,31.93,31.96,4521
2026-03-19 12:45:00,31.96,31.96,31.94,31.96,258
2026-03-19 12:46:00,31.96,31.96,31.94,31.96,1330
2026-03-19 12:47:00,31.99,31.99,31.96,31.99,4530
2026-03-19 12:48:00,31.99,31.99,31.96,31.99,333
2026-03-19 12:49:00,31.99,31.99,31.97,31.99,987
2026-03-19 12:50:00,31.99,31.99,31.96,31.99,4580
2026-03-19 12:51:00,31.99,31.99,31.97,31.98,349
2026-03-19 12:52:00,31.97,31.98,31.97,31.97,903
2026-03-19 12:53:00,31.97,31.98,31.97,31.98,164
2026-03-19 12:54:00,31.98,31.98,31.97,31.97,168
2026-03-19 12:55:00,31.98,31.99,31.98,31.99,3182
2026-03-19 12:56:00,31.99,31.99,31.98,31.99,1300
2026-03-19 12:57:00,31.99,32.0,31.98,31.98,1839
2026-03-19 12:58:00,31.98,31.99,31.98,31.98,415
2026-03-19 12:59:00,31.98,31.99,31.98,31.98,1419
2026-03-19 13:00:00,31.99,31.99,31.98,31.98,99
2026-03-19 13:01:00,31.98,31.99,31.98,31.98,2239
2026-03-19 13:02:00,31.98,31.98,31.97,31.97,3170
2026-03-19 13:03:00,31.97,31.98,31.97,31.97,316
2026-03-19 13:04:00,31.97,31.98,31.94,31.94,156105
2026-03-19 13:05:00,31.94,31.95,31.94,31.95,2215
2026-03-19 13:06:00,31.95,31.95,31.94,31.95,235
2026-03-19 13:07:00,31.95,31.95,31.94,31.95,1627
2026-03-19 13:08:00,31.95,31.95,31.93,31.95,35003
2026-03-19 13:09:00,31.95,31.96,31.95,31.96,10993
2026-03-19 13:10:00,31.95,31.95,31.95,31.95,111
2026-03-19 13:11:00,31.95,31.95,31.93,31.95,10252
2026-03-19 13:12:00,31.93,31.95,31.93,31.95,505
2026-03-19 13:13:00,31.94,31.95,31.93,31.93,1497
2026-03-19 13:14:00,31.93,31.94,31.91,31.94,10974
2026-03-19 13:15:00,31.94,31.94,31.91,31.91,324
2026-03-19 13:16:00,31.91,31.94,31.91,31.92,2899
2026-03-19 13:17:00,31.92,31.94,31.91,31.92,2385
2026-03-19 13:18:00,31.93,31.93,31.91,31.93,1883
2026-03-19 13:19:00,31.92,31.92,31.91,31.91,1131
2026-03-19 13:20:00,31.92,31.92,31.91,31.91,2150
2026-03-19 13:21:00,31.91,31.92,31.91,31.91,2315
2026-03-19 13:22:00,31.91,31.93,31.91,31.93,2378
2026-03-19 13:23:00,31.93,31.93,31.92,31.92,522
2026-03-19 13:24:00,31.92,31.93,31.91,31.91,1152
2026-03-19 13:25:00,31.91,31.92,31.91,31.92,206
2026-03-19 13:26:00,31.92,31.92,31.91,31.91,122
2026-03-19 13:27:00,31.91,31.91,31.9,31.9,13995
2026-03-19 13:28:00,31.9,31.92,31.88,31.88,34980
2026-03-19 13:29:00,31.89,31.89,31.88,31.89,171
2026-03-19 13:30:00,31.89,31.89,31.88,31.89,2637
2026-03-19 13:31:00,31.89,31.92,31.89,31.9,5150
2026-03-19 13:32:00,31.9,31.92,31.89,31.92,6348
2026-03-19 13:33:00,31.92,31.92,31.89,31.89,2123
2026-03-19 13:34:00,31.89,31.89,31.88,31.88,1073
2026-03-19 13:35:00,31.89,31.9,31.88,31.88,871
2026-03-19 13:36:00,31.9,31.91,31.89,31.89,1474
2026-03-19 13:37:00,31.89,31.92,31.89,31.92,3319
2026-03-19 13:38:00,31.92,31.92,31.91,31.91,1274
2026-03-19 13:39:00,31.91,31.92,31.91,31.92,3735
2026-03-19 13:40:00,31.92,31.92,31.91,31.91,238
2026-03-19 13:41:00,31.91,31.94,31.91,31.94,797
2026-03-19 13:42:00,31.94,31.94,31.94,31.94,140
2026-03-19 13:43:00,31.94,31.94,31.92,31.92,369
2026-03-19 13:44:00,31.92,31.94,31.88,31.92,11802
2026-03-19 13:45:00,31.92,31.92,31.89,31.92,4048
2026-03-19 13:46:00,31.9,31.93,31.9,31.93,1136
2026-03-19 13:47:00,31.89,31.92,31.88,31.88,9037
2026-03-19 13:48:00,31.92,31.93,31.89,31.89,1626
2026-03-19 13:49:00,31.91,31.93,31.91,31.91,525
2026-03-19 13:50:00,31.91,31.93,31.91,31.93,202
2026-03-19 13:51:00,31.93,31.93,31.9,31.9,476
2026-03-19 13:52:00,31.9,31.93,31.9,31.93,528
2026-03-19 13:53:00,31.93,31.93,31.9,31.92,1476
2026-03-19 13:54:00,31.9,31.92,31.9,31.92,1662
2026-03-19 13:55:00,31.92,31.93,31.92,31.93,297
2026-03-19 13:56:00,31.93,31.93,31.92,31.92,2400
2026-03-19 13:57:00,31.92,31.92,31.9,31.92,3516
2026-03-19 13:58:00,31.9,31.91,31.89,31.9,3884
2026-03-19 13:59:00,31.89,31.89,31.85,31.87,27204
2026-03-19 14:00:00,31.89,31.89,31.85,31.87,18801
2026-03-19 14:01:00,31.87,31.87,31.85,31.87,591
2026-03-19 14:02:00,31.87,31.87,31.84,31.84,36401
2026-03-19 14:03:00,31.84,31.84,31.82,31.84,12544
2026-03-19 14:04:00,31.84,31.84,31.84,31.84,1780
2026-03-19 14:05:00,31.84,31.84,31.83,31.84,2548
2026-03-19 14:06:00,31.83,31.84,31.81,31.81,3594
2026-03-19 14:07:00,31.82,31.82,31.81,31.81,5592
2026-03-19 14:08:00,31.82,31.82,31.8,31.8,15710
2026-03-19 14:09:00,31.8,31.82,31.75,31.76,108678
2026-03-19 14:10:00,31.78,31.79,31.76,31.77,1307
2026-03-19 14:11:00,31.79,31.79,31.77,31.79,2944
2026-03-19 14:12:00,31.79,31.79,31.75,31.78,38112
2026-03-19 14:13:00,31.77,31.77,31.76,31.77,189
2026-03-19 14:14:00,31.77,31.77,31.76,31.76,6581
2026-03-19 14:15:00,31.77,31.78,31.76,31.78,13330
2026-03-19 14:16:00,31.78,31.78,31.78,31.78,1142
2026-03-19 14:17:00,31.77,31.79,31.74,31.79,12003
2026-03-19 14:18:00,31.79,31.81,31.77,31.79,10468
2026-03-19 14:19:00,31.79,31.81,31.79,31.8,6093
2026-03-19 14:20:00,31.79,31.79,31.75,31.75,2048
2026-03-19 14:21:00,31.79,31.79,31.77,31.77,1252
2026-03-19 14:22:00,31.77,31.78,31.76,31.78,3628
2026-03-19 14:23:00,31.79,31.8,31.76,31.76,5438
2026-03-19 14:24:00,31.76,31.8,31.76,31.78,19326
2026-03-19 14:25:00,31.78,31.79,31.76,31.78,6483
2026-03-19 14:26:00,31.78,31.79,31.76,31.78,32722
2026-03-19 14:27:00,31.78,31.78,31.75,31.77,2431
2026-03-19 14:28:00,31.77,31.77,31.73,31.73,18385
2026-03-19 14:29:00,31.75,31.75,31.72,31.73,7503
2026-03-19 14:30:00,31.74,31.74,31.73,31.74,2832
2026-03-19 14:31:00,31.74,31.74,31.72,31.72,2943
2026-03-19 14:32:00,31.73,31.77,31.73,31.77,36494
2026-03-19 14:33:00,31.77,31.77,31.75,31.77,2006
2026-03-19 14:34:00,31.77,31.77,31.75,31.76,4938
2026-03-19 14:35:00,31.75,31.76,31.75,31.76,4424
2026-03-19 14:36:00,31.76,31.76,31.75,31.76,2605
2026-03-19 14:37:00,31.76,31.76,31.72,31.72,8399
2026-03-19 14:38:00,31.76,31.76,31.73,31.74,20946
2026-03-19 14:39:00,31.74,31.74,31.72,31.72,2480
2026-03-19 14:40:00,31.72,31.76,31.72,31.76,18953
2026-03-19 14:41:00,31.76,31.76,31.71,31.72,52511
2026-03-19 14:42:00,31.72,31.76,31.72,31.76,29204
2026-03-19 14:43:00,31.76,31.76,31.72,31.72,16207
2026-03-19 14:44:00,31.72,31.81,31.72,31.81,26445
2026-03-19 14:45:00,31.82,31.82,31.79,31.8,31227
2026-03-19 14:46:00,31.8,31.82,31.78,31.78,7460
2026-03-19 14:47:00,31.78,31.79,31.77,31.79,2816
2026-03-19 14:48:00,31.77,31.77,31.75,31.75,13236
2026-03-19 14:49:00,31.75,31.76,31.74,31.76,14702
2026-03-19 14:50:00,31.75,31.76,31.73,31.76,961
2026-03-19 14:51:00,31.76,31.76,31.75,31.75,6556
2026-03-19 14:52:00,31.73,31.75,31.73,31.73,2490
2026-03-19 14:53:00,31.73,31.75,31.71,31.71,26112
2026-03-19 14:54:00,31.72,31.73,31.7,31.73,2348
2026-03-19 14:55:00,31.73,31.75,31.7,31.75,12080
2026-03-19 14:56:00,31.72,31.72,31.7,31.7,7677
2026-03-19 14:57:00,31.72,31.72,31.7,31.7,4229
2026-03-19 14:58:00,31.7,31.71,31.7,31.71,16914
2026-03-19 14:59:00,31.7,31.71,31.7,31.71,4287
2026-03-19 15:00:00,31.7,31.71,31.7,31.71,13224
2026-03-19 15:01:00,31.71,31.74,31.7,31.74,29417
2026-03-19 15:02:00,31.75,31.75,31.73,31.73,6146
2026-03-19 15:03:00,31.73,31.74,31.73,31.73,4055
2026-03-19 15:04:00,31.72,31.73,31.71,31.71,16770
2026-03-19 15:05:00,31.71,31.73,31.71,31.73,3547
2026-03-19 15:06:00,31.73,31.73,31.71,31.71,16824
2026-03-19 15:07:00,31.71,31.73,31.7,31.72,12891
2026-03-19 15:08:00,31.7,31.72,31.7,31.71,13454
2026-03-19 15:09:00,31.71,31.72,31.65,31.65,45208
2026-03-19 15:10:00,31.67,31.68,31.63,31.63,20941
2026-03-19 15:11:00,31.64,31.64,31.61,31.63,10166
2026-03-19 15:12:00,31.62,31.62,31.6,31.61,20380
2026-03-19 15:13:00,31.6,31.61,31.59,31.59,28642
2026-03-19 15:14:00,31.6,31.6,31.59,31.6,11786
2026-03-19 15:15:00,31.6,31.62,31.59,31.6,15710
2026-03-19 15:16:00,31.61,31.63,31.6,31.63,23107
2026-03-19 15:17:00,31.6,31.62,31.6,31.6,10851
2026-03-19 15:18:00,31.61,31.62,31.55,31.62,66531
2026-03-19 15:19:00,31.61,31.62,31.6,31.61,14545
2026-03-19 15:20:00,31.61,31.64,31.6,31.64,29650
2026-03-19 15:21:00,31.64,31.69,31.64,31.67,43638
2026-03-19 15:22:00,31.67,31.67,31.65,31.65,4942
2026-03-19 15:23:00,31.66,31.66,31.66,31.66,8324
2026-03-19 15:24:00,31.65,31.67,31.64,31.67,39573
2026-03-19 15:25:00,31.66,31.69,31.65,31.65,41725
2026-03-19 15:26:00,31.68,31.68,31.67,31.67,6921
2026-03-19 15:27:00,31.68,31.68,31.67,31.68,19136
2026-03-19 15:28:00,31.67,31.68,31.66,31.66,37693
2026-03-19 15:29:00,31.68,31.72,31.68,31.71,24592
2026-03-20 09:15:00,31.78,32.04,31.71,32.0,115352
2026-03-20 09:16:00,32.03,32.19,32.0,32.17,18083
2026-03-20 09:17:00,32.18,32.18,32.11,32.13,29019
2026-03-20 09:18:00,32.13,32.16,32.1,32.16,28926
2026-03-20 09:19:00,32.16,32.26,32.15,32.25,50412
2026-03-20 09:20:00,32.23,32.4,32.23,32.29,83389
2026-03-20 09:21:00,32.27,32.32,32.23,32.25,46471
2026-03-20 09:22:00,32.24,32.26,32.22,32.26,16415
2026-03-20 09:23:00,32.27,32.32,32.27,32.31,14618
2026-03-20 09:24:00,32.31,32.42,32.31,32.4,61824
2026-03-20 09:25:00,32.4,32.45,32.4,32.45,34312
2026-03-20 09:26:00,32.45,32.45,32.36,32.39,24311
2026-03-20 09:27:00,32.42,32.45,32.39,32.4,27028
2026-03-20 09:28:00,32.38,32.39,32.36,32.36,13667
2026-03-20 09:29:00,32.35,32.38,32.35,32.37,12868
2026-03-20 09:30:00,32.37,32.58,32.36,32.52,168831
2026-03-20 09:31:00,32.54,32.6,32.54,32.59,34212
2026-03-20 09:32:00,32.6,32.66,32.6,32.65,50160
2026-03-20 09:33:00,32.64,32.64,32.58,32.58,18407
2026-03-20 09:34:00,32.58,32.65,32.56,32.64,60412
2026-03-20 09:35:00,32.64,32.66,32.63,32.64,28926
2026-03-20 09:36:00,32.64,32.64,32.58,32.63,29153
2026-03-20 09:37:00,32.63,32.67,32.55,32.56,82570
2026-03-20 09:38:00,32.56,32.56,32.49,32.49,39148
2026-03-20 09:39:00,32.5,32.56,32.49,32.51,136727
2026-03-20 09:40:00,32.51,32.53,32.51,32.53,6215
2026-03-20 09:41:00,32.51,32.62,32.51,32.61,26514
2026-03-20 09:42:00,32.61,32.62,32.56,32.56,10553
2026-03-20 09:43:00,32.56,32.58,32.53,32.55,7127
2026-03-20 09:44:00,32.55,32.55,32.51,32.51,3041
2026-03-20 09:45:00,32.5,32.51,32.49,32.51,14811
2026-03-20 09:46:00,32.51,32.51,32.46,32.46,22905
2026-03-20 09:47:00,32.46,32.54,32.46,32.5,24313
2026-03-20 09:48:00,32.48,32.58,32.46,32.57,62058
2026-03-20 09:49:00,32.57,32.59,32.56,32.56,68043
2026-03-20 09:50:00,32.57,32.58,32.57,32.58,2404
2026-03-20 09:51:00,32.57,32.6,32.57,32.59,39200
2026-03-20 09:52:00,32.59,32.59,32.57,32.57,16019
2026-03-20 09:53:00,32.58,32.58,32.54,32.57,15589
2026-03-20 09:54:00,32.55,32.57,32.53,32.53,9950
2026-03-20 09:55:00,32.51,32.55,32.51,32.55,19046
2026-03-20 09:56:00,32.55,32.55,32.52,32.52,7350
2026-03-20 09:57:00,32.53,32.53,32.5,32.52,4284
2026-03-20 09:58:00,32.52,32.52,32.46,32.46,5563
2026-03-20 09:59:00,32.46,32.5,32.46,32.5,2746
2026-03-20 10:00:00,32.5,32.51,32.46,32.46,5790
2026-03-20 10:01:00,32.48,32.48,32.45,32.47,3064
2026-03-20 10:02:00,32.47,32.49,32.45,32.48,5383
2026-03-20 10:03:00,32.48,32.53,32.48,32.49,12548
2026-03-20 10:04:00,32.51,32.52,32.46,32.47,2446
2026-03-20 10:05:00,32.47,32.48,32.45,32.48,5455
2026-03-20 10:06:00,32.47,32.5,32.47,32.5,3434
2026-03-20 10:07:00,32.5,32.5,32.47,32.47,332
2026-03-20 10:08:00,32.47,32.5,32.47,32.49,6349
2026-03-20 10:09:00,32.49,32.49,32.45,32.47,7732
2026-03-20 10:10:00,32.47,32.49,32.45,32.49,4604
2026-03-20 10:11:00,32.47,32.49,32.46,32.49,2061
2026-03-20 10:12:00,32.46,32.49,32.46,32.46,2060
2026-03-20 10:13:00,32.46,32.46,32.45,32.46,1165
2026-03-20 10:14:00,32.45,32.48,32.42,32.47,26008
2026-03-20 10:15:00,32.44,32.45,32.39,32.39,19642
2026-03-20 10:16:00,32.39,32.42,32.39,32.4,15610
2026-03-20 10:17:00,32.4,32.4,32.37,32.37,3928
2026-03-20 10:18:00,32.37,32.38,32.36,32.36,6717
2026-03-20 10:19:00,32.36,32.37,32.31,32.37,18131
2026-03-20 10:20:00,32.37,32.39,32.36,32.36,5238
2026-03-20 10:21:00,32.34,32.35,32.31,32.34,2952
2026-03-20 10:22:00,32.34,32.34,32.31,32.32,14951
2026-03-20 10:23:00,32.32,32.38,32.31,32.34,62684
2026-03-20 10:24:00,32.34,32.38,32.34,32.37,7007
2026-03-20 10:25:00,32.37,32.38,32.34,32.37,127290
2026-03-20 10:26:00,32.37,32.41,32.36,32.4,8508
2026-03-20 10:27:00,32.39,32.4,32.37,32.4,5443
2026-03-20 10:28:00,32.4,32.45,32.4,32.45,3416
2026-03-20 10:29:00,32.45,32.49,32.45,32.46,24914
2026-03-20 10:30:00,32.46,32.49,32.46,32.49,5535
2026-03-20 10:31:00,32.47,32.5,32.42,32.42,31031
2026-03-20 10:32:00,32.42,32.48,32.42,32.46,8920
2026-03-20 10:33:00,32.46,32.5,32.46,32.5,3810
2026-03-20 10:34:00,32.49,32.5,32.46,32.46,5112
2026-03-20 10:35:00,32.46,32.48,32.45,32.45,2859
2026-03-20 10:36:00,32.45,32.49,32.45,32.49,3914
2026-03-20 10:37:00,32.45,32.48,32.45,32.46,9339
2026-03-20 10:38:00,32.46,32.46,32.44,32.44,1003
2026-03-20 10:39:00,32.44,32.46,32.39,32.39,4620
2026-03-20 10:40:00,32.42,32.44,32.42,32.44,10029
2026-03-20 10:41:00,32.44,32.46,32.42,32.45,7308
2026-03-20 10:42:00,32.45,32.47,32.45,32.47,17953
2026-03-20 10:43:00,32.48,32.49,32.46,32.49,3107
2026-03-20 10:44:00,32.49,32.53,32.46,32.53,31716
2026-03-20 10:45:00,32.52,32.57,32.52,32.55,62364
2026-03-20 10:46:00,32.55,32.56,32.54,32.56,13124
2026-03-20 10:47:00,32.56,32.56,32.53,32.53,3412
2026-03-20 10:48:00,32.51,32.53,32.51,32.51,5055
2026-03-20 10:49:00,32.54,32.56,32.52,32.54,18449
2026-03-20 10:50:00,32.56,32.6,32.56,32.6,28977
2026-03-20 10:51:00,32.6,32.6,32.58,32.58,2525
2026-03-20 10:52:00,32.58,32.64,32.58,32.62,60130
2026-03-20 10:53:00,32.64,32.69,32.64,32.65,77162
2026-03-20 10:54:00,32.65,32.69,32.65,32.68,22284
2026-03-20 10:55:00,32.68,32.7,32.66,32.66,11457
2026-03-20 10:56:00,32.71,32.75,32.7,32.7,85389
2026-03-20 10:57:00,32.68,32.7,32.66,32.67,7964
2026-03-20 10:58:00,32.67,32.73,32.67,32.72,85754
2026-03-20 10:59:00,32.72,32.85,32.72,32.83,228762
2026-03-20 11:00:00,32.83,32.89,32.83,32.88,75485
2026-03-20 11:01:00,32.88,32.95,32.88,32.92,157861
2026-03-20 11:02:00,32.93,32.95,32.85,32.87,41300
2026-03-20 11:03:00,32.85,32.93,32.8,32.9,72273
2026-03-20 11:04:00,32.91,32.92,32.83,32.83,57034
2026-03-20 11:05:00,32.86,32.88,32.85,32.87,5609
2026-03-20 11:06:00,32.89,32.91,32.84,32.84,19834
2026-03-20 11:07:00,32.84,32.94,32.84,32.94,56246
2026-03-20 11:08:00,32.94,32.94,32.89,32.91,11190
2026-03-20 11:09:00,32.91,32.94,32.9,32.93,28109
2026-03-20 11:10:00,32.94,32.96,32.91,32.95,37833
2026-03-20 11:11:00,32.93,32.94,32.86,32.86,63626
2026-03-20 11:12:00,32.86,32.9,32.84,32.9,10271
2026-03-20 11:13:00,32.9,32.9,32.87,32.88,2596
2026-03-20 11:14:00,32.88,32.88,32.86,32.86,4864
2026-03-20 11:15:00,32.86,32.94,32.84,32.94,49650
2026-03-20 11:16:00,32.94,32.94,32.9,32.92,20560
2026-03-20 11:17:00,32.94,33.09,32.94,33.09,257210
2026-03-20 11:18:00,33.07,33.07,32.99,33.04,82406
2026-03-20 11:19:00,33.05,33.1,33.03,33.1,30512
2026-03-20 11:20:00,33.1,33.15,33.1,33.14,130418
2026-03-20 11:21:00,33.14,33.17,33.13,33.17,53872
2026-03-20 11:22:00,33.16,33.2,33.16,33.16,55504
2026-03-20 11:23:00,33.16,33.19,33.16,33.17,11178
2026-03-20 11:24:00,33.12,33.15,33.1,33.12,121683
2026-03-20 11:25:00,33.12,33.12,33.07,33.08,8012
2026-03-20 11:26:00,33.07,33.08,33.04,33.04,28979
2026-03-20 11:27:00,33.04,33.05,33.04,33.05,17818
2026-03-20 11:28:00,33.05,33.07,33.0,33.04,19586
2026-03-20 11:29:00,33.02,33.04,33.0,33.02,12358
2026-03-20 11:30:00,33.04,33.04,33.0,33.03,9940
2026-03-20 11:31:00,33.0,33.03,32.98,33.0,6119
2026-03-20 11:32:00,32.98,33.02,32.98,33.0,3339
2026-03-20 11:33:00,33.0,33.03,33.0,33.03,10274
2026-03-20 11:34:00,33.0,33.0,32.93,32.96,21289
2026-03-20 11:35:00,32.96,32.96,32.89,32.93,22532
2026-03-20 11:36:00,32.92,32.95,32.91,32.91,9132
2026-03-20 11:37:00,32.97,32.98,32.92,32.92,11477
2026-03-20 11:38:00,32.92,32.95,32.89,32.89,24942
2026-03-20 11:39:00,32.89,32.9,32.87,32.89,90468
2026-03-20 11:40:00,32.85,32.87,32.8,32.82,32129
2026-03-20 11:41:00,32.82,32.82,32.78,32.8,39776
2026-03-20 11:42:00,32.8,32.83,32.8,32.8,8280
2026-03-20 11:43:00,32.81,32.83,32.75,32.78,12715
2026-03-20 11:44:00,32.78,32.83,32.76,32.78,7929
2026-03-20 11:45:00,32.78,32.78,32.75,32.77,10744
2026-03-20 11:46:00,32.77,32.79,32.75,32.79,7129
2026-03-20 11:47:00,32.79,32.79,32.71,32.74,33723
2026-03-20 11:48:00,32.75,32.76,32.72,32.75,9504
2026-03-20 11:49:00,32.76,32.82,32.74,32.82,57526
2026-03-20 11:50:00,32.82,32.83,32.73,32.76,33641
2026-03-20 11:51:00,32.76,32.76,32.69,32.69,64092
2026-03-20 11:52:00,32.7,32.72,32.69,32.72,8787
2026-03-20 11:53:00,32.74,32.74,32.68,32.68,20545
2026-03-20 11:54:00,32.68,32.7,32.67,32.67,2062
2026-03-20 11:55:00,32.67,32.67,32.62,32.65,23177
2026-03-20 11:56:00,32.65,32.67,32.64,32.65,14874
2026-03-20 11:57:00,32.65,32.65,32.58,32.59,109249
2026-03-20 11:58:00,32.61,32.61,32.58,32.59,20472
2026-03-20 11:59:00,32.59,32.67,32.59,32.67,7911
2026-03-20 12:00:00,32.67,32.67,32.6,32.61,31375
2026-03-20 12:01:00,32.61,32.64,32.59,32.59,27577
2026-03-20 12:02:00,32.59,32.61,32.59,32.6,2633
2026-03-20 12:03:00,32.6,32.63,32.6,32.6,10220
2026-03-20 12:04:00,32.6,32.63,32.58,32.58,24024
2026-03-20 12:05:00,32.6,32.6,32.57,32.6,14737
2026-03-20 12:06:00,32.6,32.6,32.58,32.58,2477
2026-03-20 12:07:00,32.58,32.63,32.58,32.63,58180
2026-03-20 12:08:00,32.61,32.61,32.56,32.56,23938
2026-03-20 12:09:00,32.56,32.56,32.51,32.51,6282
2026-03-20 12:10:00,32.51,32.55,32.51,32.53,3353
2026-03-20 12:11:00,32.53,32.55,32.53,32.54,30843
2026-03-20 12:12:00,32.53,32.54,32.51,32.53,7708
2026-03-20 12:13:00,32.53,32.53,32.51,32.53,14549
2026-03-20 12:14:00,32.53,32.58,32.53,32.57,29051
2026-03-20 12:15:00,32.57,32.57,32.55,32.57,3815
2026-03-20 12:16:00,32.57,32.57,32.52,32.52,9586
2026-03-20 12:17:00,32.56,32.56,32.52,32.52,3331
2026-03-20 12:18:00,32.51,32.55,32.51,32.55,4231
2026-03-20 12:19:00,32.55,32.55,32.53,32.55,11906
2026-03-20 12:20:00,32.55,32.64,32.55,32.64,41167
2026-03-20 12:21:00,32.64,32.67,32.6,32.6,35394
2026-03-20 12:22:00,32.6,32.62,32.59,32.6,1501
2026-03-20 12:23:00,32.6,32.61,32.55,32.55,6461
2026-03-20 12:24:00,32.55,32.58,32.54,32.54,3669
2026-03-20 12:25:00,32.55,32.55,32.53,32.54,1023
2026-03-20 12:26:00,32.56,32.58,32.54,32.58,29933
2026-03-20 12:27:00,32.58,32.64,32.58,32.63,41601
2026-03-20 12:28:00,32.64,32.66,32.6,32.66,19032
2026-03-20 12:29:00,32.66,32.7,32.62,32.68,15767
2026-03-20 12:30:00,32.68,32.7,32.68,32.7,16991
2026-03-20 12:31:00,32.7,32.71,32.69,32.69,33804
2026-03-20 12:32:00,32.68,32.77,32.68,32.73,26868
2026-03-20 12:33:00,32.74,32.8,32.74,32.78,6848
2026-03-20 12:34:00,32.78,32.8,32.72,32.75,23185
2026-03-20 12:35:00,32.78,32.79,32.74,32.75,20561
2026-03-20 12:36:00,32.76,32.77,32.75,32.77,3770
2026-03-20 12:37:00,32.77,32.77,32.75,32.76,3074
2026-03-20 12:38:00,32.76,32.8,32.75,32.78,35181
2026-03-20 12:39:00,32.81,32.81,32.73,32.76,14577
2026-03-20 12:40:00,32.76,32.76,32.74,32.75,12143
2026-03-20 12:41:00,32.75,32.76,32.72,32.72,7519
2026-03-20 12:42:00,32.72,32.77,32.72,32.77,3666
2026-03-20 12:43:00,32.77,32.9,32.77,32.88,40003
2026-03-20 12:44:00,32.88,32.94,32.88,32.92,108705
2026-03-20 12:45:00,32.93,32.94,32.92,32.94,42775
2026-03-20 12:46:00,32.93,32.94,32.93,32.94,4325
2026-03-20 12:47:00,32.94,32.94,32.93,32.93,4752
2026-03-20 12:48:00,32.93,32.99,32.93,32.97,73990
2026-03-20 12:49:00,32.97,32.99,32.97,32.97,18561
2026-03-20 12:50:00,32.97,32.98,32.97,32.97,14313
2026-03-20 12:51:00,32.97,32.98,32.85,32.85,101592
2026-03-20 12:52:00,32.85,32.88,32.85,32.88,9083
2026-03-20 12:53:00,32.88,32.88,32.81,32.86,14396
2026-03-20 12:54:00,32.85,32.87,32.85,32.86,1901
2026-03-20 12:55:00,32.85,32.87,32.85,32.85,34548
2026-03-20 12:56:00,32.85,32.9,32.85,32.9,18108
2026-03-20 12:57:00,32.9,32.9,32.86,32.86,11876
2026-03-20 12:58:00,32.86,32.87,32.85,32.85,1637
2026-03-20 12:59:00,32.83,32.83,32.75,32.77,20792
2026-03-20 13:00:00,32.77,32.79,32.72,32.79,21699
2026-03-20 13:01:00,32.73,32.78,32.72,32.72,20779
2026-03-20 13:02:00,32.75,32.76,32.73,32.76,12737
2026-03-20 13:03:00,32.76,32.76,32.7,32.72,27432
2026-03-20 13:04:00,32.72,32.73,32.69,32.7,7146
2026-03-20 13:05:00,32.69,32.74,32.68,32.74,6424
2026-03-20 13:06:00,32.74,32.77,32.71,32.74,5498
2026-03-20 13:07:00,32.74,32.74,32.68,32.71,2498
2026-03-20 13:08:00,32.71,32.73,32.67,32.7,2773
2026-03-20 13:09:00,32.7,32.72,32.66,32.71,9483
2026-03-20 13:10:00,32.68,32.72,32.67,32.72,52835
2026-03-20 13:11:00,32.72,32.74,32.7,32.74,7846
2026-03-20 13:12:00,32.74,32.75,32.72,32.73,5327
2026-03-20 13:13:00,32.73,32.75,32.68,32.68,12185
2026-03-20 13:14:00,32.71,32.72,32.7,32.72,3678
2026-03-20 13:15:00,32.73,32.77,32.71,32.77,10448
2026-03-20 13:16:00,32.75,32.81,32.74,32.77,11074
2026-03-20 13:17:00,32.78,32.8,32.73,32.75,3318
2026-03-20 13:18:00,32.75,32.75,32.72,32.72,1125
2026-03-20 13:19:00,32.72,32.74,32.71,32.73,3685
2026-03-20 13:20:00,32.73,32.73,32.7,32.7,10390
2026-03-20 13:21:00,32.72,32.73,32.7,32.71,4445
2026-03-20 13:22:00,32.71,32.73,32.7,32.73,2937
2026-03-20 13:23:00,32.73,32.74,32.71,32.73,7206
2026-03-20 13:24:00,32.7,32.7,32.65,32.67,66739
2026-03-20 13:25:00,32.66,32.72,32.66,32.72,2441
2026-03-20 13:26:00,32.72,32.78,32.71,32.77,9172
2026-03-20 13:27:00,32.77,32.77,32.73,32.73,4405
2026-03-20 13:28:00,32.69,32.72,32.69,32.72,4505
2026-03-20 13:29:00,32.72,32.72,32.67,32.67,2015
2026-03-20 13:30:00,32.67,32.7,32.67,32.68,2506
2026-03-20 13:31:00,32.68,32.7,32.65,32.66,8753
2026-03-20 13:32:00,32.66,32.67,32.65,32.67,1524
2026-03-20 13:33:00,32.67,32.7,32.65,32.66,22149
2026-03-20 13:34:00,32.66,32.68,32.65,32.65,1851
2026-03-20 13:35:00,32.68,32.68,32.61,32.61,6255
2026-03-20 13:36:00,32.61,32.64,32.61,32.64,5344
2026-03-20 13:37:00,32.64,32.64,32.61,32.61,4540
2026-03-20 13:38:00,32.64,32.67,32.62,32.62,12557
2026-03-20 13:39:00,32.65,32.65,32.62,32.64,4678
2026-03-20 13:40:00,32.62,32.64,32.6,32.63,3203
2026-03-20 13:41:00,32.6,32.62,32.6,32.6,2988
2026-03-20 13:42:00,32.62,32.62,32.6,32.61,9175
2026-03-20 13:43:00,32.61,32.62,32.6,32.6,3555
2026-03-20 13:44:00,32.6,32.62,32.56,32.58,6287
2026-03-20 13:45:00,32.57,32.58,32.54,32.54,18007
2026-03-20 13:46:00,32.54,32.56,32.53,32.56,4837
2026-03-20 13:47:00,32.56,32.56,32.52,32.55,2833
2026-03-20 13:48:00,32.56,32.57,32.54,32.57,11477
2026-03-20 13:49:00,32.53,32.56,32.52,32.53,5593
2026-03-20 13:50:00,32.56,32.6,32.56,32.57,18700
2026-03-20 13:51:00,32.57,32.57,32.53,32.56,4077
2026-03-20 13:52:00,32.53,32.6,32.53,32.57,21211
2026-03-20 13:53:00,32.57,32.6,32.57,32.58,4073
2026-03-20 13:54:00,32.58,32.62,32.57,32.62,2716
2026-03-20 13:55:00,32.62,32.64,32.59,32.62,13808
2026-03-20 13:56:00,32.62,32.63,32.6,32.63,2658
2026-03-20 13:57:00,32.63,32.64,32.6,32.6,9906
2026-03-20 13:58:00,32.63,32.63,32.58,32.58,4250
2026-03-20 13:59:00,32.58,32.61,32.56,32.57,6977
2026-03-20 14:00:00,32.57,32.57,32.54,32.56,22845
2026-03-20 14:01:00,32.56,32.6,32.54,32.6,37390
2026-03-20 14:02:00,32.58,32.6,32.57,32.57,3167
2026-03-20 14:03:00,32.57,32.58,32.57,32.57,6853
2026-03-20 14:04:00,32.57,32.57,32.56,32.56,3871
2026-03-20 14:05:00,32.59,32.6,32.56,32.56,4809
2026-03-20 14:06:00,32.56,32.58,32.55,32.58,945
2026-03-20 14:07:00,32.58,32.58,32.53,32.56,3472
2026-03-20 14:08:00,32.56,32.58,32.54,32.56,5990
2026-03-20 14:09:00,32.56,32.56,32.53,32.54,1933
2026-03-20 14:10:00,32.54,32.56,32.54,32.55,21545
2026-03-20 14:11:00,32.55,32.57,32.53,32.57,3176
2026-03-20 14:12:00,32.57,32.57,32.51,32.51,11431
2026-03-20 14:13:00,32.51,32.56,32.51,32.53,15990
2026-03-20 14:14:00,32.53,32.55,32.52,32.52,3375
2026-03-20 14:15:00,32.52,32.55,32.51,32.53,2082
2026-03-20 14:16:00,32.53,32.55,32.51,32.55,6576
2026-03-20 14:17:00,32.54,32.56,32.5,32.55,16123
2026-03-20 14:18:00,32.55,32.56,32.53,32.56,5881
2026-03-20 14:19:00,32.54,32.56,32.52,32.53,10027
2026-03-20 14:20:00,32.53,32.55,32.52,32.55,2102
2026-03-20 14:21:00,32.55,32.55,32.52,32.53,2376
2026-03-20 14:22:00,32.52,32.53,32.52,32.52,2567
2026-03-20 14:23:00,32.52,32.53,32.52,32.52,1740
2026-03-20 14:24:00,32.51,32.58,32.51,32.57,31854
2026-03-20 14:25:00,32.56,32.58,32.54,32.54,2894
2026-03-20 14:26:00,32.54,32.57,32.53,32.53,10091
2026-03-20 14:27:00,32.55,32.57,32.53,32.53,10244
2026-03-20 14:28:00,32.53,32.69,32.53,32.68,74675
2026-03-20 14:29:00,32.68,32.75,32.68,32.74,41312
2026-03-20 14:30:00,32.74,32.74,32.69,32.69,68594
2026-03-20 14:31:00,32.7,32.78,32.7,32.78,20252
2026-03-20 14:32:00,32.85,32.86,32.83,32.84,103257
2026-03-20 14:33:00,32.82,32.87,32.82,32.85,39182
2026-03-20 14:34:00,32.85,32.89,32.85,32.89,20612
2026-03-20 14:35:00,32.9,32.9,32.78,32.79,31189
2026-03-20 14:36:00,32.79,32.84,32.78,32.8,21935
2026-03-20 14:37:00,32.79,32.79,32.75,32.77,21240
2026-03-20 14:38:00,32.79,32.79,32.76,32.76,3520
2026-03-20 14:39:00,32.76,32.84,32.76,32.82,20817
2026-03-20 14:40:00,32.81,32.85,32.81,32.85,5729
2026-03-20 14:41:00,32.85,32.85,32.81,32.81,15734
2026-03-20 14:42:00,32.81,32.82,32.78,32.78,6674
2026-03-20 14:43:00,32.78,32.8,32.77,32.77,3117
2026-03-20 14:44:00,32.85,32.86,32.84,32.84,27606
2026-03-20 14:45:00,32.84,32.88,32.82,32.88,56757
2026-03-20 14:46:00,32.88,32.88,32.84,32.87,58996
2026-03-20 14:47:00,32.88,32.88,32.86,32.87,41689
2026-03-20 14:48:00,32.87,32.88,32.87,32.87,36965
2026-03-20 14:49:00,32.84,32.86,32.84,32.84,18425
2026-03-20 14:50:00,32.84,32.85,32.78,32.78,12230
2026-03-20 14:51:00,32.78,32.78,32.76,32.77,86159
2026-03-20 14:52:00,32.77,32.79,32.76,32.79,23929
2026-03-20 14:53:00,32.77,32.84,32.77,32.82,26455
2026-03-20 14:54:00,32.82,32.83,32.79,32.83,25065
2026-03-20 14:55:00,32.83,32.83,32.81,32.81,3653
2026-03-20 14:56:00,32.81,32.83,32.79,32.81,45618
2026-03-20 14:57:00,32.8,32.81,32.8,32.8,15017
2026-03-20 14:58:00,32.8,32.8,32.8,32.8,3740
2026-03-20 14:59:00,32.81,32.81,32.79,32.81,9483
2026-03-20 15:00:00,32.82,33.4,32.82,33.4,1359153
2026-03-20 15:01:00,33.4,33.8,33.39,33.76,882279
2026-03-20 15:02:00,33.72,33.92,33.08,33.1,1210479
2026-03-20 15:03:00,33.11,33.44,33.11,33.35,704771
2026-03-20 15:04:00,33.35,33.47,33.33,33.46,383097
2026-03-20 15:05:00,33.35,33.35,32.97,33.07,945690
2026-03-20 15:06:00,33.09,33.35,33.07,33.32,628793
2026-03-20 15:07:00,33.3,33.3,32.82,33.0,912469
2026-03-20 15:08:00,33.0,33.36,33.0,33.34,570894
2026-03-20 15:09:00,33.34,33.46,33.14,33.14,768240
2026-03-20 15:10:00,33.14,33.3,33.14,33.29,525842
2026-03-20 15:11:00,33.26,33.79,33.26,33.77,821609
2026-03-20 15:12:00,33.8,33.95,33.66,33.82,978480
2026-03-20 15:13:00,33.82,33.85,33.72,33.85,594757
2026-03-20 15:14:00,33.84,34.0,33.79,33.84,912944
2026-03-20 15:15:00,33.83,33.88,33.82,33.85,356758
2026-03-20 15:16:00,33.86,33.96,33.8,33.9,547803
2026-03-20 15:17:00,33.9,33.97,33.88,33.9,497873
2026-03-20 15:18:00,33.88,33.89,33.79,33.86,596740
2026-03-20 15:19:00,33.87,33.87,33.85,33.85,317638
2026-03-20 15:20:00,33.84,33.86,33.82,33.86,387319
2026-03-20 15:21:00,33.86,33.91,33.83,33.87,476542
2026-03-20 15:22:00,33.9,33.94,33.9,33.92,406308
2026-03-20 15:23:00,33.93,34.55,33.93,34.54,1206593
2026-03-20 15:24:00,34.53,34.63,34.53,34.61,708343
2026-03-20 15:25:00,34.6,34.61,34.6,34.6,732182
2026-03-20 15:26:00,34.6,34.61,34.6,34.61,367473
2026-03-20 15:27:00,34.61,34.61,34.6,34.6,447965
2026-03-20 15:28:00,34.6,34.61,34.6,34.6,478072
2026-03-20 15:29:00,34.6,34.61,34.55,34.55,272616
2026-03-23 09:15:00,33.5,33.5,32.91,32.91,167645
2026-03-23 09:16:00,32.84,32.84,32.6,32.63,121536
2026-03-23 09:17:00,32.66,32.7,32.56,32.7,74970
2026-03-23 09:18:00,32.69,32.7,32.62,32.64,172121
2026-03-23 09:19:00,32.65,32.71,32.61,32.71,131464
2026-03-23 09:20:00,32.61,32.66,32.6,32.64,78371
2026-03-23 09:21:00,32.75,32.77,32.72,32.76,36175
2026-03-23 09:22:00,32.76,32.8,32.75,32.75,45553
2026-03-23 09:23:00,32.76,32.85,32.76,32.81,45834
2026-03-23 09:24:00,32.82,32.83,32.67,32.67,53666
2026-03-23 09:25:00,32.66,32.74,32.66,32.71,34305
2026-03-23 09:26:00,32.78,32.84,32.72,32.84,64871
2026-03-23 09:27:00,32.8,32.8,32.76,32.77,7418
2026-03-23 09:28:00,32.79,32.79,32.72,32.73,39179
2026-03-23 09:29:00,32.74,32.75,32.69,32.71,16595
2026-03-23 09:30:00,32.74,32.74,32.68,32.74,12122
2026-03-23 09:31:00,32.71,32.71,32.63,32.65,60307
2026-03-23 09:32:00,32.62,32.65,32.61,32.64,15741
2026-03-23 09:33:00,32.64,32.69,32.62,32.63,23199
2026-03-23 09:34:00,32.64,32.64,32.59,32.61,51880
2026-03-23 09:35:00,32.61,32.65,32.59,32.63,23496
2026-03-23 09:36:00,32.63,32.66,32.62,32.63,9128
2026-03-23 09:37:00,32.65,32.65,32.61,32.61,4080
2026-03-23 09:38:00,32.62,32.64,32.6,32.64,20084
2026-03-23 09:39:00,32.61,32.64,32.59,32.6,35418
2026-03-23 09:40:00,32.62,32.62,32.59,32.59,5169
2026-03-23 09:41:00,32.6,32.62,32.59,32.62,28814
2026-03-23 09:42:00,32.62,32.62,32.59,32.61,26153
2026-03-23 09:43:00,32.61,32.63,32.61,32.61,11493
2026-03-23 09:44:00,32.6,32.62,32.59,32.62,7112
2026-03-23 09:45:00,32.62,32.69,32.56,32.66,62105
2026-03-23 09:46:00,32.66,32.66,32.6,32.6,2773
2026-03-23 09:47:00,32.6,32.6,32.57,32.59,3633
2026-03-23 09:48:00,32.59,32.6,32.51,32.53,43458
2026-03-23 09:49:00,32.53,32.59,32.51,32.56,34769
2026-03-23 09:50:00,32.55,32.56,32.52,32.52,18105
2026-03-23 09:51:00,32.51,32.55,32.49,32.54,68077
2026-03-23 09:52:00,32.55,32.55,32.52,32.55,15420
2026-03-23 09:53:00,32.5,32.56,32.5,32.55,3125
2026-03-23 09:54:00,32.55,32.56,32.55,32.56,7424
2026-03-23 09:55:00,32.53,32.56,32.52,32.52,25131
2026-03-23 09:56:00,32.56,32.6,32.54,32.54,17194
2026-03-23 09:57:00,32.54,32.54,32.47,32.47,28503
2026-03-23 09:58:00,32.5,32.51,32.45,32.5,27400
2026-03-23 09:59:00,32.47,32.49,32.41,32.44,30480
2026-03-23 10:00:00,32.48,32.48,32.42,32.42,11434
2026-03-23 10:01:00,32.46,32.49,32.42,32.48,50671
2026-03-23 10:02:00,32.49,32.49,32.45,32.46,5088
2026-03-23 10:03:00,32.49,32.49,32.43,32.48,19074
2026-03-23 10:04:00,32.45,32.48,32.45,32.48,10174
2026-03-23 10:05:00,32.48,32.49,32.46,32.48,4003
2026-03-23 10:06:00,32.48,32.51,32.46,32.46,44315
2026-03-23 10:07:00,32.54,32.54,32.47,32.49,23521
2026-03-23 10:08:00,32.46,32.5,32.45,32.48,21128
2026-03-23 10:09:00,32.48,32.48,32.45,32.48,3986
2026-03-23 10:10:00,32.48,32.48,32.45,32.48,7689
2026-03-23 10:11:00,32.45,32.48,32.45,32.48,2372
2026-03-23 10:12:00,32.44,32.45,32.42,32.45,23922
2026-03-23 10:13:00,32.45,32.45,32.42,32.42,13661
2026-03-23 10:14:00,32.42,32.44,32.41,32.44,22930
2026-03-23 10:15:00,32.44,32.44,32.41,32.41,9366
2026-03-23 10:16:00,32.4,32.4,32.35,32.39,38982
2026-03-23 10:17:00,32.39,32.41,32.36,32.41,31051
2026-03-23 10:18:00,32.44,32.44,32.39,32.41,7680
2026-03-23 10:19:00,32.39,32.42,32.39,32.39,3172
2026-03-23 10:20:00,32.37,32.41,32.37,32.39,12350
2026-03-23 10:21:00,32.39,32.39,32.33,32.35,20509
2026-03-23 10:22:00,32.36,32.38,32.33,32.34,19255
2026-03-23 10:23:00,32.34,32.38,32.32,32.38,22067
2026-03-23 10:24:00,32.38,32.38,32.31,32.31,12971
2026-03-23 10:25:00,32.31,32.33,32.25,32.25,162696
2026-03-23 10:26:00,32.32,32.34,32.31,32.32,10925
2026-03-23 10:27:00,32.32,32.34,32.3,32.31,13582
2026-03-23 10:28:00,32.32,32.32,32.26,32.29,5235
2026-03-23 10:29:00,32.26,32.29,32.25,32.29,20233
2026-03-23 10:30:00,32.29,32.29,32.26,32.26,3428
2026-03-23 10:31:00,32.26,32.29,32.26,32.29,3677
2026-03-23 10:32:00,32.29,32.34,32.28,32.34,14410
2026-03-23 10:33:00,32.34,32.39,32.34,32.34,10420
2026-03-23 10:34:00,32.34,32.35,32.3,32.3,7895
2026-03-23 10:35:00,32.3,32.34,32.3,32.34,6391
2026-03-23 10:36:00,32.34,32.45,32.33,32.45,14412
2026-03-23 10:37:00,32.49,32.49,32.42,32.49,52248
2026-03-23 10:38:00,32.49,32.49,32.37,32.37,38501
2026-03-23 10:39:00,32.35,32.35,32.31,32.33,29462
2026-03-23 10:40:00,32.33,32.37,32.33,32.37,7499
2026-03-23 10:41:00,32.34,32.37,32.33,32.34,5112
2026-03-23 10:42:00,32.34,32.36,32.33,32.36,2511
2026-03-23 10:43:00,32.4,32.41,32.37,32.41,2619
2026-03-23 10:44:00,32.4,32.41,32.37,32.38,2853
2026-03-23 10:45:00,32.4,32.4,32.37,32.4,7216
2026-03-23 10:46:00,32.38,32.39,32.37,32.39,12386
2026-03-23 10:47:00,32.39,32.39,32.35,32.35,5531
2026-03-23 10:48:00,32.35,32.4,32.35,32.4,3018
2026-03-23 10:49:00,32.4,32.4,32.35,32.35,19399
2026-03-23 10:50:00,32.35,32.35,32.32,32.32,16182
2026-03-23 10:51:00,32.31,32.31,32.3,32.31,3059
2026-03-23 10:52:00,32.3,32.31,32.27,32.3,37001
2026-03-23 10:53:00,32.31,32.32,32.28,32.28,15447
2026-03-23 10:54:00,32.28,32.32,32.28,32.3,518
2026-03-23 10:55:00,32.3,32.34,32.3,32.34,56791
2026-03-23 10:56:00,32.34,32.38,32.32,32.38,1066
2026-03-23 10:57:00,32.38,32.38,32.32,32.35,10331
2026-03-23 10:58:00,32.33,32.36,32.31,32.32,29350
2026-03-23 10:59:00,32.32,32.35,32.28,32.33,15176
2026-03-23 11:00:00,32.33,32.34,32.29,32.3,14301
2026-03-23 11:01:00,32.3,32.3,32.29,32.3,3860
2026-03-23 11:02:00,32.29,32.34,32.29,32.34,7440
2026-03-23 11:03:00,32.31,32.34,32.29,32.34,28673
2026-03-23 11:04:00,32.3,32.36,32.3,32.35,23056
2026-03-23 11:05:00,32.37,32.38,32.32,32.36,9427
2026-03-23 11:06:00,32.36,32.37,32.32,32.37,2146
2026-03-23 11:07:00,32.42,32.49,32.42,32.46,53441
2026-03-23 11:08:00,32.46,32.47,32.38,32.38,10022
2026-03-23 11:09:00,32.38,32.38,32.34,32.35,8274
2026-03-23 11:10:00,32.36,32.37,32.34,32.36,2776
2026-03-23 11:11:00,32.37,32.37,32.36,32.37,5620
2026-03-23 11:12:00,32.36,32.37,32.34,32.37,2159
2026-03-23 11:13:00,32.33,32.37,32.32,32.34,4114
2026-03-23 11:14:00,32.34,32.38,32.34,32.37,3358
2026-03-23 11:15:00,32.37,32.38,32.34,32.36,1629
2026-03-23 11:16:00,32.36,32.37,32.3,32.3,12555
2026-03-23 11:17:00,32.33,32.36,32.33,32.33,919
2026-03-23 11:18:00,32.33,32.36,32.31,32.36,6855
2026-03-23 11:19:00,32.34,32.35,32.32,32.35,53697
2026-03-23 11:20:00,32.35,32.38,32.31,32.35,26604
2026-03-23 11:21:00,32.38,32.38,32.35,32.38,489
2026-03-23 11:22:00,32.38,32.38,32.3,32.3,6865
2026-03-23 11:23:00,32.3,32.3,32.28,32.29,6644
2026-03-23 11:24:00,32.29,32.3,32.28,32.28,3385
2026-03-23 11:25:00,32.28,32.3,32.28,32.3,323
2026-03-23 11:26:00,32.3,32.3,32.27,32.28,13081
2026-03-23 11:27:00,32.28,32.29,32.23,32.24,52783
2026-03-23 11:28:00,32.24,32.25,32.23,32.25,249
2026-03-23 11:29:00,32.25,32.25,32.23,32.25,6286
2026-03-23 11:30:00,32.25,32.25,32.25,32.25,1245
2026-03-23 11:31:00,32.25,32.28,32.23,32.28,14483
2026-03-23 11:32:00,32.28,32.3,32.22,32.23,25911
2026-03-23 11:33:00,32.23,32.25,32.18,32.19,30824
2026-03-23 11:34:00,32.18,32.22,32.16,32.18,7047
2026-03-23 11:35:00,32.18,32.23,32.15,32.17,10508
2026-03-23 11:36:00,32.17,32.21,32.16,32.21,1995
2026-03-23 11:37:00,32.19,32.19,32.14,32.15,74125
2026-03-23 11:38:00,32.18,32.19,32.16,32.19,2829
2026-03-23 11:39:00,32.19,32.2,32.19,32.2,744
2026-03-23 11:40:00,32.2,32.27,32.2,32.27,10347
2026-03-23 11:41:00,32.27,32.27,32.24,32.26,928
2026-03-23 11:42:00,32.26,32.26,32.23,32.26,6172
2026-03-23 11:43:00,32.26,32.26,32.22,32.24,11830
2026-03-23 11:44:00,32.21,32.21,32.2,32.21,536
2026-03-23 11:45:00,32.21,32.22,32.18,32.18,17108
2026-03-23 11:46:00,32.2,32.2,32.16,32.2,11361
2026-03-23 11:47:00,32.19,32.2,32.16,32.2,2961
2026-03-23 11:48:00,32.2,32.2,32.17,32.17,644
2026-03-23 11:49:00,32.17,32.25,32.17,32.25,4527
2026-03-23 11:50:00,32.25,32.27,32.22,32.26,619
2026-03-23 11:51:00,32.26,32.35,32.26,32.35,71497
2026-03-23 11:52:00,32.35,32.35,32.32,32.32,5465
2026-03-23 11:53:00,32.32,32.35,32.3,32.35,301
2026-03-23 11:54:00,32.35,32.35,32.28,32.3,4193
2026-03-23 11:55:00,32.3,32.3,32.26,32.29,1896
2026-03-23 11:56:00,32.29,32.29,32.25,32.25,2899
2026-03-23 11:57:00,32.25,32.28,32.24,32.25,7205
2026-03-23 11:58:00,32.27,32.27,32.22,32.22,4959
2026-03-23 11:59:00,32.22,32.25,32.22,32.25,4027
2026-03-23 12:00:00,32.26,32.26,32.22,32.26,2756
2026-03-23 12:01:00,32.26,32.26,32.22,32.24,3488
2026-03-23 12:02:00,32.24,32.25,32.22,32.24,3139
2026-03-23 12:03:00,32.25,32.29,32.24,32.25,8668
2026-03-23 12:04:00,32.25,32.28,32.22,32.22,1975
2026-03-23 12:05:00,32.22,32.24,32.22,32.22,1300
2026-03-23 12:06:00,32.22,32.25,32.22,32.25,2683
2026-03-23 12:07:00,32.25,32.26,32.23,32.26,3348
2026-03-23 12:08:00,32.26,32.26,32.23,32.26,1155
2026-03-23 12:09:00,32.26,32.26,32.23,32.23,1281
2026-03-23 12:10:00,32.26,32.3,32.25,32.27,4702
2026-03-23 12:11:00,32.27,32.27,32.24,32.26,2548
2026-03-23 12:12:00,32.26,32.26,32.22,32.23,15235
2026-03-23 12:13:00,32.23,32.25,32.17,32.25,30116
2026-03-23 12:14:00,32.25,32.26,32.21,32.24,7330
2026-03-23 12:15:00,32.24,32.24,32.2,32.2,9568
2026-03-23 12:16:00,32.2,32.21,32.18,32.18,1913
2026-03-23 12:17:00,32.21,32.21,32.19,32.2,2237
2026-03-23 12:18:00,32.21,32.22,32.18,32.22,5014
2026-03-23 12:19:00,32.22,32.22,32.18,32.2,8290
2026-03-23 12:20:00,32.2,32.2,32.18,32.18,2170
2026-03-23 12:21:00,32.18,32.22,32.18,32.18,1135
2026-03-23 12:22:00,32.21,32.21,32.18,32.18,3581
2026-03-23 12:23:00,32.18,32.2,32.18,32.19,1503
2026-03-23 12:24:00,32.19,32.19,32.13,32.13,38142
2026-03-23 12:25:00,32.14,32.14,32.1,32.13,34393
2026-03-23 12:26:00,32.13,32.13,32.09,32.1,22825
2026-03-23 12:27:00,32.1,32.13,32.09,32.1,2270
2026-03-23 12:28:00,32.1,32.14,32.09,32.14,16210
2026-03-23 12:29:00,32.13,32.16,32.09,32.16,6980
2026-03-23 12:30:00,32.15,32.18,32.12,32.14,4548
2026-03-23 12:31:00,32.14,32.17,32.12,32.17,3583
2026-03-23 12:32:00,32.15,32.17,32.11,32.11,10499
2026-03-23 12:33:00,32.11,32.14,32.11,32.12,3772
2026-03-23 12:34:00,32.12,32.16,32.1,32.12,2179
2026-03-23 12:35:00,32.12,32.17,32.12,32.14,2692
2026-03-23 12:36:00,32.14,32.15,32.14,32.14,6221
2026-03-23 12:37:00,32.14,32.19,32.14,32.16,6549
2026-03-23 12:38:00,32.17,32.2,32.15,32.19,7777
2026-03-23 12:39:00,32.17,32.17,32.11,32.14,15147
2026-03-23 12:40:00,32.14,32.15,32.11,32.12,3820
2026-03-23 12:41:00,32.12,32.14,32.11,32.14,1760
2026-03-23 12:42:00,32.11,32.12,32.1,32.12,2247
2026-03-23 12:43:00,32.1,32.13,32.07,32.07,24642
2026-03-23 12:44:00,32.07,32.13,32.07,32.13,3737
2026-03-23 12:45:00,32.13,32.14,32.1,32.13,2531
2026-03-23 12:46:00,32.13,32.14,32.1,32.1,3858
2026-03-23 12:47:00,32.11,32.17,32.11,32.16,10194
2026-03-23 12:48:00,32.16,32.18,32.15,32.15,20455
2026-03-23 12:49:00,32.15,32.18,32.13,32.15,3036
2026-03-23 12:50:00,32.15,32.15,32.07,32.08,22980
2026-03-23 12:51:00,32.08,32.14,32.08,32.13,8156
2026-03-23 12:52:00,32.13,32.13,32.08,32.08,9098
2026-03-23 12:53:00,32.08,32.1,32.08,32.1,1441
2026-03-23 12:54:00,32.08,32.12,32.07,32.07,9029
2026-03-23 12:55:00,32.07,32.08,32.05,32.08,42692
2026-03-23 12:56:00,32.08,32.11,32.06,32.06,1262
2026-03-23 12:57:00,32.07,32.11,32.07,32.11,2101
2026-03-23 12:58:00,32.08,32.11,32.07,32.1,2236
2026-03-23 12:59:00,32.1,32.14,32.1,32.11,2970
2026-03-23 13:00:00,32.11,32.13,32.09,32.09,5603
2026-03-23 13:01:00,32.09,32.1,32.06,32.09,6374
2026-03-23 13:02:00,32.09,32.12,32.08,32.08,3664
2026-03-23 13:03:00,32.08,32.1,32.07,32.1,1648
2026-03-23 13:04:00,32.09,32.1,32.07,32.1,1826
2026-03-23 13:05:00,32.07,32.1,32.07,32.09,2532
2026-03-23 13:06:00,32.09,32.16,32.09,32.12,13982
2026-03-23 13:07:00,32.13,32.14,32.11,32.11,1391
2026-03-23 13:08:00,32.11,32.14,32.11,32.13,2719
2026-03-23 13:09:00,32.13,32.15,32.11,32.11,3894
2026-03-23 13:10:00,32.1,32.14,32.1,32.14,3153
2026-03-23 13:11:00,32.12,32.12,32.1,32.11,15924
2026-03-23 13:12:00,32.1,32.1,32.09,32.1,8654
2026-03-23 13:13:00,32.1,32.13,32.08,32.1,4926
2026-03-23 13:14:00,32.1,32.11,32.07,32.11,9190
2026-03-23 13:15:00,32.11,32.22,32.11,32.21,21743
2026-03-23 13:16:00,32.24,32.24,32.19,32.21,23925
2026-03-23 13:17:00,32.2,32.23,32.18,32.19,4710
2026-03-23 13:18:00,32.22,32.22,32.17,32.17,4914
2026-03-23 13:19:00,32.2,32.2,32.16,32.19,6019
2026-03-23 13:20:00,32.16,32.17,32.11,32.16,21292
2026-03-23 13:21:00,32.14,32.16,32.13,32.14,5807
2026-03-23 13:22:00,32.16,32.16,32.14,32.16,1438
2026-03-23 13:23:00,32.14,32.14,32.11,32.12,4762
2026-03-23 13:24:00,32.12,32.14,32.12,32.13,14672
2026-03-23 13:25:00,32.13,32.15,32.11,32.12,4111
2026-03-23 13:26:00,32.12,32.15,32.11,32.14,1994
2026-03-23 13:27:00,32.14,32.14,32.11,32.11,3502
2026-03-23 13:28:00,32.11,32.14,32.11,32.11,1241
2026-03-23 13:29:00,32.11,32.14,32.11,32.13,5559
2026-03-23 13:30:00,32.13,32.17,32.11,32.16,14253
2026-03-23 13:31:00,32.16,32.18,32.13,32.16,5025
2026-03-23 13:32:00,32.15,32.25,32.14,32.22,32640
2026-03-23 13:33:00,32.22,32.25,32.22,32.22,8027
2026-03-23 13:34:00,32.22,32.25,32.22,32.22,4314
2026-03-23 13:35:00,32.22,32.25,32.22,32.25,6151
2026-03-23 13:36:00,32.23,32.28,32.22,32.28,7071
2026-03-23 13:37:00,32.26,32.28,32.22,32.22,27351
2026-03-23 13:38:00,32.22,32.24,32.2,32.24,12287
2026-03-23 13:39:00,32.24,32.28,32.24,32.25,5523
2026-03-23 13:40:00,32.25,32.27,32.25,32.25,1145
2026-03-23 13:41:00,32.25,32.28,32.24,32.24,6913
2026-03-23 13:42:00,32.25,32.29,32.25,32.25,15513
2026-03-23 13:43:00,32.26,32.3,32.24,32.28,8703
2026-03-23 13:44:00,32.27,32.3,32.27,32.29,3344
2026-03-23 13:45:00,32.29,32.31,32.28,32.3,23417
2026-03-23 13:46:00,32.28,32.29,32.26,32.26,3860
2026-03-23 13:47:00,32.25,32.27,32.25,32.27,2634
2026-03-23 13:48:00,32.27,32.31,32.27,32.31,5240
2026-03-23 13:49:00,32.28,32.32,32.28,32.29,11588
2026-03-23 13:50:00,32.32,32.34,32.31,32.34,27465
2026-03-23 13:51:00,32.33,32.37,32.3,32.35,28760
2026-03-23 13:52:00,32.35,32.37,32.31,32.37,13555
2026-03-23 13:53:00,32.35,32.37,32.34,32.36,12240
2026-03-23 13:54:00,32.34,32.36,32.32,32.32,9570
2026-03-23 13:55:00,32.32,32.39,32.32,32.37,6200
2026-03-23 13:56:00,32.36,32.38,32.35,32.36,2861
2026-03-23 13:57:00,32.38,32.38,32.36,32.36,6057
2026-03-23 13:58:00,32.38,32.38,32.36,32.36,5359
2026-03-23 13:59:00,32.36,32.36,32.34,32.34,5162
2026-03-23 14:00:00,32.34,32.35,32.32,32.35,9372
2026-03-23 14:01:00,32.34,32.39,32.34,32.39,34028
2026-03-23 14:02:00,32.39,32.39,32.36,32.36,2616
2026-03-23 14:03:00,32.36,32.39,32.36,32.37,1181
2026-03-23 14:04:00,32.36,32.42,32.36,32.4,29556
2026-03-23 14:05:00,32.4,32.42,32.4,32.4,7358
2026-03-23 14:06:00,32.4,32.41,32.37,32.4,12400
2026-03-23 14:07:00,32.38,32.4,32.36,32.38,4134
2026-03-23 14:08:00,32.36,32.38,32.31,32.31,4463
2026-03-23 14:09:00,32.32,32.4,32.31,32.4,17760
2026-03-23 14:10:00,32.37,32.37,32.31,32.35,2475
2026-03-23 14:11:00,32.32,32.36,32.32,32.35,6548
2026-03-23 14:12:00,32.33,32.37,32.33,32.37,3433
2026-03-23 14:13:00,32.34,32.37,32.33,32.37,6414
2026-03-23 14:14:00,32.35,32.35,32.33,32.33,1349
2026-03-23 14:15:00,32.32,32.33,32.32,32.32,2646
2026-03-23 14:16:00,32.32,32.35,32.31,32.35,9132
2026-03-23 14:17:00,32.34,32.36,32.33,32.36,4247
2026-03-23 14:18:00,32.33,32.38,32.33,32.38,31812
2026-03-23 14:19:00,32.37,32.39,32.36,32.39,6535
2026-03-23 14:20:00,32.39,32.39,32.36,32.37,1200
2026-03-23 14:21:00,32.37,32.39,32.36,32.38,1857
2026-03-23 14:22:00,32.36,32.37,32.35,32.35,1331
2026-03-23 14:23:00,32.35,32.37,32.35,32.35,5806
2026-03-23 14:24:00,32.36,32.36,32.35,32.35,4279
2026-03-23 14:25:00,32.34,32.34,32.28,32.3,128086
2026-03-23 14:26:00,32.27,32.33,32.26,32.31,12093
2026-03-23 14:27:00,32.32,32.36,32.32,32.32,2035
2026-03-23 14:28:00,32.32,32.35,32.3,32.3,2588
2026-03-23 14:29:00,32.3,32.3,32.26,32.26,10628
2026-03-23 14:30:00,32.29,32.29,32.26,32.26,2538
2026-03-23 14:31:00,32.26,32.28,32.22,32.25,5534
2026-03-23 14:32:00,32.23,32.25,32.2,32.23,27301
2026-03-23 14:33:00,32.23,32.24,32.21,32.23,4203
2026-03-23 14:34:00,32.21,32.27,32.21,32.26,48731
2026-03-23 14:35:00,32.23,32.27,32.22,32.23,7873
2026-03-23 14:36:00,32.24,32.3,32.24,32.3,4384
2026-03-23 14:37:00,32.3,32.31,32.26,32.29,34686
2026-03-23 14:38:00,32.25,32.27,32.21,32.23,4755
2026-03-23 14:39:00,32.21,32.23,32.21,32.23,22518
2026-03-23 14:40:00,32.21,32.23,32.21,32.21,2402
2026-03-23 14:41:00,32.21,32.23,32.21,32.22,23743
2026-03-23 14:42:00,32.22,32.25,32.22,32.24,3039
2026-03-23 14:43:00,32.21,32.26,32.21,32.26,14212
2026-03-23 14:44:00,32.3,32.3,32.27,32.3,11847
2026-03-23 14:45:00,32.28,32.3,32.26,32.3,1806
2026-03-23 14:46:00,32.27,32.3,32.26,32.27,5143
2026-03-23 14:47:00,32.27,32.3,32.26,32.3,3989
2026-03-23 14:48:00,32.3,32.3,32.26,32.28,6522
2026-03-23 14:49:00,32.3,32.3,32.26,32.26,9555
2026-03-23 14:50:00,32.27,32.31,32.27,32.28,13876
2026-03-23 14:51:00,32.28,32.3,32.27,32.27,2119
2026-03-23 14:52:00,32.28,32.29,32.27,32.27,2621
2026-03-23 14:53:00,32.26,32.29,32.26,32.29,2186
2026-03-23 14:54:00,32.26,32.26,32.23,32.23,6852
2026-03-23 14:55:00,32.21,32.25,32.21,32.23,26637
2026-03-23 14:56:00,32.24,32.26,32.22,32.22,11668
2026-03-23 14:57:00,32.23,32.27,32.23,32.27,5539
2026-03-23 14:58:00,32.25,32.28,32.24,32.28,3516
2026-03-23 14:59:00,32.28,32.28,32.25,32.25,2282
2026-03-23 15:00:00,32.28,32.28,32.21,32.22,15750
2026-03-23 15:01:00,32.22,32.23,32.22,32.23,8141
2026-03-23 15:02:00,32.24,32.24,32.21,32.23,11418
2026-03-23 15:03:00,32.23,32.24,32.23,32.23,3757
2026-03-23 15:04:00,32.24,32.24,32.13,32.16,111176
2026-03-23 15:05:00,32.16,32.16,32.15,32.15,6985
2026-03-23 15:06:00,32.15,32.18,32.15,32.17,13134
2026-03-23 15:07:00,32.17,32.17,32.15,32.17,6141
2026-03-23 15:08:00,32.15,32.17,32.14,32.15,9852
2026-03-23 15:09:00,32.16,32.22,32.15,32.22,147353
2026-03-23 15:10:00,32.24,32.29,32.23,32.27,22511
2026-03-23 15:11:00,32.26,32.28,32.23,32.23,11283
2026-03-23 15:12:00,32.25,32.25,32.18,32.18,10313
2026-03-23 15:13:00,32.22,32.22,32.15,32.17,10029
2026-03-23 15:14:00,32.16,32.19,32.16,32.19,3284
2026-03-23 15:15:00,32.18,32.19,32.14,32.15,73945
2026-03-23 15:16:00,32.19,32.21,32.16,32.21,31246
2026-03-23 15:17:00,32.21,32.24,32.17,32.21,21823
2026-03-23 15:18:00,32.24,32.24,32.14,32.16,32946
2026-03-23 15:19:00,32.18,32.18,32.1,32.12,40389
2026-03-23 15:20:00,32.12,32.12,32.0,32.02,117746
2026-03-23 15:21:00,32.04,32.04,32.03,32.04,49690
2026-03-23 15:22:00,32.05,32.09,32.03,32.03,40773
2026-03-23 15:23:00,32.03,32.03,32.0,32.0,44034
2026-03-23 15:24:00,32.0,32.03,32.0,32.02,42512
2026-03-23 15:25:00,32.03,32.06,31.99,32.04,63024
2026-03-23 15:26:00,32.04,32.07,32.04,32.06,7916
2026-03-23 15:27:00,32.06,32.06,32.04,32.05,37971
2026-03-23 15:28:00,32.03,32.05,32.0,32.03,24730
2026-03-23 15:29:00,32.03,32.03,31.8,31.98,82629
2026-03-24 09:15:00,33.0,33.06,32.54,32.54,170862
2026-03-24 09:16:00,32.59,32.65,32.42,32.44,76763
2026-03-24 09:17:00,32.37,32.42,32.36,32.38,39537
2026-03-24 09:18:00,32.42,32.44,32.39,32.39,65787
2026-03-24 09:19:00,32.39,32.4,32.34,32.38,32666
2026-03-24 09:20:00,32.37,32.41,32.37,32.4,19076
2026-03-24 09:21:00,32.42,32.48,32.35,32.42,67796
2026-03-24 09:22:00,32.44,32.48,32.42,32.42,150609
2026-03-24 09:23:00,32.45,32.45,32.39,32.39,10616
2026-03-24 09:24:00,32.41,32.47,32.41,32.47,15186
2026-03-24 09:25:00,32.48,32.53,32.47,32.53,38303
2026-03-24 09:26:00,32.51,32.53,32.45,32.49,15098
2026-03-24 09:27:00,32.48,32.55,32.48,32.55,5704
2026-03-24 09:28:00,32.55,32.55,32.51,32.51,25326
2026-03-24 09:29:00,32.49,32.51,32.49,32.5,5639
2026-03-24 09:30:00,32.48,32.51,32.47,32.48,58341
2026-03-24 09:31:00,32.42,32.48,32.42,32.43,16548
2026-03-24 09:32:00,32.42,32.45,32.42,32.43,14387
2026-03-24 09:33:00,32.45,32.46,32.42,32.45,28286
2026-03-24 09:34:00,32.45,32.45,32.39,32.39,72188
2026-03-24 09:35:00,32.41,32.41,32.36,32.39,28224
2026-03-24 09:36:00,32.39,32.4,32.36,32.4,3803
2026-03-24 09:37:00,32.39,32.39,32.36,32.36,11782
2026-03-24 09:38:00,32.38,32.38,32.35,32.36,11597
2026-03-24 09:39:00,32.37,32.39,32.3,32.32,139760
2026-03-24 09:40:00,32.36,32.39,32.32,32.39,13695
2026-03-24 09:41:00,32.37,32.43,32.31,32.43,26400
2026-03-24 09:42:00,32.43,32.43,32.34,32.34,11614
2026-03-24 09:43:00,32.32,32.35,32.32,32.34,4499
2026-03-24 09:44:00,32.32,32.35,32.32,32.33,13716
2026-03-24 09:45:00,32.31,32.35,32.31,32.32,13108
2026-03-24 09:46:00,32.34,32.35,32.32,32.35,6170
2026-03-24 09:47:00,32.35,32.35,32.35,32.35,267
2026-03-24 09:48:00,32.35,32.35,32.34,32.34,9527
2026-03-24 09:49:00,32.34,32.36,32.33,32.36,10386
2026-03-24 09:50:00,32.36,32.36,32.32,32.36,31106
2026-03-24 09:51:00,32.36,32.4,32.36,32.4,21180
2026-03-24 09:52:00,32.38,32.4,32.37,32.37,24961
2026-03-24 09:53:00,32.36,32.38,32.33,32.35,2433
2026-03-24 09:54:00,32.35,32.37,32.34,32.37,6205
2026-03-24 09:55:00,32.37,32.37,32.34,32.36,3316
2026-03-24 09:56:00,32.41,32.42,32.38,32.4,220732
2026-03-24 09:57:00,32.4,32.44,32.37,32.43,25945
2026-03-24 09:58:00,32.43,32.43,32.39,32.39,7512
2026-03-24 09:59:00,32.39,32.39,32.35,32.38,1306
2026-03-24 10:00:00,32.38,32.38,32.35,32.37,1921
2026-03-24 10:01:00,32.34,32.37,32.32,32.32,50565
2026-03-24 10:02:00,32.35,32.36,32.33,32.33,4170
2026-03-24 10:03:00,32.33,32.35,32.32,32.32,48639
2026-03-24 10:04:00,32.32,32.34,32.27,32.32,30149
2026-03-24 10:05:00,32.31,32.32,32.3,32.32,11974
2026-03-24 10:06:00,32.32,32.34,32.29,32.3,3918
2026-03-24 10:07:00,32.29,32.31,32.28,32.29,21963
2026-03-24 10:08:00,32.29,32.31,32.27,32.29,1606
2026-03-24 10:09:00,32.29,32.3,32.27,32.27,4566
2026-03-24 10:10:00,32.27,32.28,32.26,32.27,7002
2026-03-24 10:11:00,32.29,32.29,32.25,32.25,20381
2026-03-24 10:12:00,32.27,32.27,32.21,32.25,15147
2026-03-24 10:13:00,32.24,32.26,32.2,32.24,45745
2026-03-24 10:14:00,32.28,32.3,32.27,32.27,2707
2026-03-24 10:15:00,32.25,32.28,32.24,32.27,5683
2026-03-24 10:16:00,32.27,32.31,32.27,32.31,6594
2026-03-24 10:17:00,32.29,32.31,32.27,32.31,750
2026-03-24 10:18:00,32.31,32.31,32.28,32.28,3739
2026-03-24 10:19:00,32.28,32.3,32.24,32.26,16885
2026-03-24 10:20:00,32.26,32.28,32.26,32.26,1422
2026-03-24 10:21:00,32.24,32.26,32.22,32.24,5457
2026-03-24 10:22:00,32.24,32.27,32.23,32.27,13379
2026-03-24 10:23:00,32.27,32.27,32.23,32.25,2298
2026-03-24 10:24:00,32.26,32.27,32.25,32.27,7057
2026-03-24 10:25:00,32.27,32.32,32.27,32.3,17379
2026-03-24 10:26:00,32.3,32.3,32.26,32.28,4463
2026-03-24 10:27:00,32.28,32.28,32.25,32.25,2119
2026-03-24 10:28:00,32.25,32.26,32.24,32.24,1739
2026-03-24 10:29:00,32.24,32.26,32.23,32.23,198
2026-03-24 10:30:00,32.25,32.25,32.21,32.21,4710
2026-03-24 10:31:00,32.21,32.21,32.13,32.17,55869
2026-03-24 10:32:00,32.17,32.17,32.14,32.15,10325
2026-03-24 10:33:00,32.15,32.15,32.11,32.13,4768
2026-03-24 10:34:00,32.16,32.16,32.11,32.13,19187
2026-03-24 10:35:00,32.13,32.22,32.11,32.17,40277
2026-03-24 10:36:00,32.17,32.2,32.15,32.15,20924
2026-03-24 10:37:00,32.15,32.19,32.15,32.18,54361
2026-03-24 10:38:00,32.18,32.2,32.15,32.18,2221
2026-03-24 10:39:00,32.17,32.18,32.15,32.15,3630
2026-03-24 10:40:00,32.15,32.2,32.15,32.19,57488
2026-03-24 10:41:00,32.19,32.23,32.19,32.22,5430
2026-03-24 10:42:00,32.22,32.23,32.19,32.22,2002
2026-03-24 10:43:00,32.22,32.24,32.22,32.24,2078
2026-03-24 10:44:00,32.22,32.22,32.16,32.18,2444
2026-03-24 10:45:00,32.18,32.2,32.16,32.17,10616
2026-03-24 10:46:00,32.17,32.19,32.15,32.18,6754
2026-03-24 10:47:00,32.18,32.18,32.15,32.17,13897
2026-03-24 10:48:00,32.17,32.28,32.16,32.25,11824
2026-03-24 10:49:00,32.29,32.3,32.22,32.23,3298
2026-03-24 10:50:00,32.24,32.25,32.22,32.22,3484
2026-03-24 10:51:00,32.24,32.25,32.21,32.21,1339
2026-03-24 10:52:00,32.19,32.21,32.17,32.17,9199
2026-03-24 10:53:00,32.2,32.22,32.17,32.21,1690
2026-03-24 10:54:00,32.22,32.23,32.18,32.19,4607
2026-03-24 10:55:00,32.22,32.22,32.2,32.21,1257
2026-03-24 10:56:00,32.21,32.21,32.17,32.19,4553
2026-03-24 10:57:00,32.19,32.19,32.16,32.16,8255
2026-03-24 10:58:00,32.17,32.19,32.16,32.16,14964
2026-03-24 10:59:00,32.16,32.18,32.15,32.17,15031
2026-03-24 11:00:00,32.18,32.18,32.18,32.18,4078
2026-03-24 11:01:00,32.18,32.19,32.16,32.19,1889
2026-03-24 11:02:00,32.19,32.2,32.19,32.2,1805
2026-03-24 11:03:00,32.2,32.2,32.19,32.19,25
2026-03-24 11:04:00,32.19,32.21,32.16,32.21,20468
2026-03-24 11:05:00,32.21,32.21,32.19,32.21,411
2026-03-24 11:06:00,32.21,32.23,32.19,32.2,1526
2026-03-24 11:07:00,32.2,32.21,32.19,32.19,1011
2026-03-24 11:08:00,32.21,32.25,32.21,32.25,9702
2026-03-24 11:09:00,32.23,32.25,32.23,32.25,139
2026-03-24 11:10:00,32.25,32.28,32.23,32.28,11134
2026-03-24 11:11:00,32.28,32.29,32.28,32.28,132
2026-03-24 11:12:00,32.28,32.29,32.25,32.29,1250
2026-03-24 11:13:00,32.29,32.32,32.26,32.32,13263
2026-03-24 11:14:00,32.32,32.35,32.32,32.35,5008
2026-03-24 11:15:00,32.35,32.35,32.29,32.3,3333
2026-03-24 11:16:00,32.3,32.3,32.3,32.3,2812
2026-03-24 11:17:00,32.3,32.32,32.3,32.32,3440
2026-03-24 11:18:00,32.32,32.38,32.3,32.38,4135
2026-03-24 11:19:00,32.38,32.39,32.36,32.38,39258
2026-03-24 11:20:00,32.39,32.4,32.37,32.38,3572
2026-03-24 11:21:00,32.36,32.36,32.32,32.32,7079
2026-03-24 11:22:00,32.31,32.34,32.31,32.33,2670
2026-03-24 11:23:00,32.33,32.33,32.26,32.26,4234
2026-03-24 11:24:00,32.26,32.26,32.23,32.23,753
2026-03-24 11:25:00,32.23,32.32,32.23,32.32,19071
2026-03-24 11:26:00,32.32,32.32,32.27,32.28,1909
2026-03-24 11:27:00,32.28,32.31,32.27,32.27,241
2026-03-24 11:28:00,32.27,32.3,32.27,32.29,2595
2026-03-24 11:29:00,32.29,32.3,32.27,32.27,2837
2026-03-24 11:30:00,32.3,32.31,32.3,32.3,3228
2026-03-24 11:31:00,32.3,32.31,32.28,32.29,3433
2026-03-24 11:32:00,32.29,32.31,32.29,32.31,516
2026-03-24 11:33:00,32.31,32.31,32.31,32.31,940
2026-03-24 11:34:00,32.31,32.32,32.31,32.32,1716
2026-03-24 11:35:00,32.32,32.38,32.31,32.37,9322
2026-03-24 11:36:00,32.34,32.37,32.34,32.37,2955
2026-03-24 11:37:00,32.37,32.37,32.35,32.36,1153
2026-03-24 11:38:00,32.37,32.37,32.34,32.37,2558
2026-03-24 11:39:00,32.37,32.37,32.34,32.34,155
2026-03-24 11:40:00,32.34,32.34,32.32,32.33,362
2026-03-24 11:41:00,32.33,32.33,32.3,32.31,15164
2026-03-24 11:42:00,32.31,32.34,32.31,32.34,667
2026-03-24 11:43:00,32.34,32.35,32.31,32.32,12793
2026-03-24 11:44:00,32.32,32.34,32.3,32.31,10918
2026-03-24 11:45:00,32.31,32.33,32.3,32.3,3252
2026-03-24 11:46:00,32.32,32.39,32.32,32.39,13062
2026-03-24 11:47:00,32.37,32.39,32.37,32.37,1852
2026-03-24 11:48:00,32.35,32.36,32.32,32.32,1106
2026-03-24 11:49:00,32.32,32.35,32.32,32.34,429
2026-03-24 11:50:00,32.34,32.36,32.31,32.36,7428
2026-03-24 11:51:00,32.36,32.36,32.33,32.35,110
2026-03-24 11:52:00,32.35,32.36,32.32,32.34,2091
2026-03-24 11:53:00,32.34,32.36,32.32,32.32,263
2026-03-24 11:54:00,32.32,32.35,32.32,32.35,1651
2026-03-24 11:55:00,32.35,32.35,32.34,32.35,6572
2026-03-24 11:56:00,32.35,32.41,32.35,32.4,15800
2026-03-24 11:57:00,32.4,32.42,32.4,32.42,3628
2026-03-24 11:58:00,32.38,32.41,32.35,32.37,13684
2026-03-24 11:59:00,32.37,32.37,32.35,32.37,2412
2026-03-24 12:00:00,32.39,32.39,32.37,32.39,168
2026-03-24 12:01:00,32.39,32.4,32.36,32.39,8014
2026-03-24 12:02:00,32.39,32.4,32.36,32.4,11214
2026-03-24 12:03:00,32.4,32.4,32.37,32.39,7687
2026-03-24 12:04:00,32.39,32.39,32.38,32.38,984
2026-03-24 12:05:00,32.38,32.38,32.34,32.35,35832
2026-03-24 12:06:00,32.35,32.37,32.34,32.36,2857
2026-03-24 12:07:00,32.36,32.36,32.36,32.36,0
2026-03-24 12:08:00,32.36,32.38,32.36,32.38,201
2026-03-24 12:09:00,32.37,32.39,32.36,32.39,5526
2026-03-24 12:10:00,32.39,32.39,32.37,32.37,3699
2026-03-24 12:11:00,32.38,32.42,32.36,32.39,2491
2026-03-24 12:12:00,32.39,32.39,32.36,32.39,3237
2026-03-24 12:13:00,32.39,32.39,32.36,32.38,1739
2026-03-24 12:14:00,32.38,32.4,32.38,32.39,467
2026-03-24 12:15:00,32.39,32.41,32.39,32.41,1835
2026-03-24 12:16:00,32.39,32.41,32.39,32.41,3807
2026-03-24 12:17:00,32.38,32.4,32.37,32.37,1173
2026-03-24 12:18:00,32.37,32.4,32.37,32.4,2070
2026-03-24 12:19:00,32.4,32.4,32.37,32.37,1603
2026-03-24 12:20:00,32.37,32.39,32.37,32.39,1873
2026-03-24 12:21:00,32.39,32.4,32.37,32.4,644
2026-03-24 12:22:00,32.4,32.56,32.4,32.56,85386
2026-03-24 12:23:00,32.56,32.62,32.52,32.62,49408
2026-03-24 12:24:00,32.62,32.69,32.57,32.69,62715
2026-03-24 12:25:00,32.69,32.69,32.64,32.64,22137
2026-03-24 12:26:00,32.68,32.69,32.61,32.65,11857
2026-03-24 12:27:00,32.65,32.65,32.52,32.57,25010
2026-03-24 12:28:00,32.57,32.61,32.51,32.51,18952
2026-03-24 12:29:00,32.5,32.51,32.4,32.51,10821
2026-03-24 12:30:00,32.5,32.57,32.5,32.57,3048
2026-03-24 12:31:00,32.58,32.58,32.56,32.56,102
2026-03-24 12:32:00,32.56,32.59,32.56,32.59,10006
2026-03-24 12:33:00,32.61,32.62,32.59,32.62,27309
2026-03-24 12:34:00,32.62,32.67,32.62,32.67,48224
2026-03-24 12:35:00,32.69,32.69,32.66,32.66,18619
2026-03-24 12:36:00,32.68,32.71,32.66,32.7,21051
2026-03-24 12:37:00,32.7,32.71,32.66,32.66,5367
2026-03-24 12:38:00,32.69,32.73,32.69,32.73,23821
2026-03-24 12:39:00,32.7,32.75,32.7,32.75,14437
2026-03-24 12:40:00,32.75,32.75,32.7,32.7,30442
2026-03-24 12:41:00,32.69,32.77,32.69,32.75,2507
2026-03-24 12:42:00,32.75,32.77,32.73,32.75,22137
2026-03-24 12:43:00,32.75,32.78,32.7,32.73,42779
2026-03-24 12:44:00,32.73,32.73,32.66,32.68,10963
2026-03-24 12:45:00,32.68,32.78,32.68,32.76,58274
2026-03-24 12:46:00,32.76,32.79,32.74,32.76,7153
2026-03-24 12:47:00,32.79,32.8,32.77,32.78,8736
2026-03-24 12:48:00,32.78,32.79,32.77,32.78,4209
2026-03-24 12:49:00,32.77,32.77,32.73,32.74,4936
2026-03-24 12:50:00,32.78,32.78,32.75,32.75,6467
2026-03-24 12:51:00,32.73,32.76,32.72,32.76,4738
2026-03-24 12:52:00,32.74,32.79,32.72,32.79,10910
2026-03-24 12:53:00,32.77,32.77,32.74,32.75,12008
2026-03-24 12:54:00,32.75,32.78,32.75,32.76,2978
2026-03-24 12:55:00,32.76,32.76,32.7,32.7,2635
2026-03-24 12:56:00,32.7,32.72,32.7,32.7,42681
2026-03-24 12:57:00,32.66,32.75,32.65,32.7,39500
2026-03-24 12:58:00,32.71,32.76,32.71,32.76,8845
2026-03-24 12:59:00,32.76,32.78,32.75,32.75,1911
2026-03-24 13:00:00,32.75,32.78,32.73,32.73,16428
2026-03-24 13:01:00,32.74,32.77,32.71,32.71,12779
2026-03-24 13:02:00,32.71,32.74,32.69,32.72,12746
2026-03-24 13:03:00,32.72,32.74,32.65,32.71,49955
2026-03-24 13:04:00,32.76,32.77,32.73,32.77,26297
2026-03-24 13:05:00,32.77,32.78,32.75,32.75,14275
2026-03-24 13:06:00,32.75,32.78,32.73,32.78,7620
2026-03-24 13:07:00,32.78,32.78,32.73,32.76,14535
2026-03-24 13:08:00,32.78,32.8,32.75,32.78,3272
2026-03-24 13:09:00,32.78,32.79,32.75,32.75,9823
2026-03-24 13:10:00,32.75,32.8,32.74,32.8,2493
2026-03-24 13:11:00,32.78,32.85,32.78,32.84,20589
2026-03-24 13:12:00,32.84,32.89,32.84,32.84,3726
2026-03-24 13:13:00,32.84,32.86,32.79,32.8,13329
2026-03-24 13:14:00,32.8,32.84,32.8,32.84,4330
2026-03-24 13:15:00,32.84,32.85,32.76,32.78,9631
2026-03-24 13:16:00,32.78,32.81,32.78,32.81,1273
2026-03-24 13:17:00,32.81,32.81,32.76,32.76,708
2026-03-24 13:18:00,32.76,32.8,32.76,32.77,3448
2026-03-24 13:19:00,32.79,32.79,32.76,32.78,572
2026-03-24 13:20:00,32.78,32.79,32.73,32.78,9157
2026-03-24 13:21:00,32.78,32.85,32.78,32.84,12993
2026-03-24 13:22:00,32.83,32.84,32.8,32.8,1930
2026-03-24 13:23:00,32.83,32.83,32.78,32.78,19098
2026-03-24 13:24:00,32.77,32.8,32.77,32.78,1258
2026-03-24 13:25:00,32.78,32.78,32.77,32.78,3020
2026-03-24 13:26:00,32.78,32.78,32.77,32.78,41649
2026-03-24 13:27:00,32.78,32.81,32.78,32.8,62979
2026-03-24 13:28:00,32.8,32.82,32.78,32.82,1955
2026-03-24 13:29:00,32.82,32.83,32.82,32.83,318
2026-03-24 13:30:00,32.83,32.83,32.79,32.83,37766
2026-03-24 13:31:00,32.83,32.83,32.79,32.8,1599
2026-03-24 13:32:00,32.8,32.81,32.8,32.81,6006
2026-03-24 13:33:00,32.81,32.81,32.76,32.8,2277
2026-03-24 13:34:00,32.8,32.8,32.76,32.79,10220
2026-03-24 13:35:00,32.79,32.8,32.76,32.76,80581
2026-03-24 13:36:00,32.76,32.78,32.76,32.78,1711
2026-03-24 13:37:00,32.78,32.78,32.75,32.78,936
2026-03-24 13:38:00,32.75,32.77,32.71,32.73,9966
2026-03-24 13:39:00,32.73,32.73,32.63,32.66,5995
2026-03-24 13:40:00,32.66,32.72,32.66,32.7,3715
2026-03-24 13:41:00,32.7,32.73,32.66,32.73,3982
2026-03-24 13:42:00,32.73,32.73,32.7,32.73,4720
2026-03-24 13:43:00,32.73,32.75,32.71,32.72,825
2026-03-24 13:44:00,32.7,32.72,32.7,32.72,1272
2026-03-24 13:45:00,32.72,32.72,32.7,32.7,732
2026-03-24 13:46:00,32.7,32.71,32.7,32.7,782
2026-03-24 13:47:00,32.69,32.69,32.62,32.65,18687
2026-03-24 13:48:00,32.63,32.66,32.58,32.61,55460
2026-03-24 13:49:00,32.61,32.61,32.5,32.52,82220
2026-03-24 13:50:00,32.53,32.6,32.53,32.56,16093
2026-03-24 13:51:00,32.56,32.56,32.53,32.56,1067
2026-03-24 13:52:00,32.56,32.57,32.52,32.56,13466
2026-03-24 13:53:00,32.56,32.6,32.56,32.59,9876
2026-03-24 13:54:00,32.59,32.61,32.56,32.59,4192
2026-03-24 13:55:00,32.58,32.6,32.57,32.6,9267
2026-03-24 13:56:00,32.6,32.63,32.59,32.59,9382
2026-03-24 13:57:00,32.59,32.62,32.59,32.62,3513
2026-03-24 13:58:00,32.62,32.62,32.58,32.58,1519
2026-03-24 13:59:00,32.56,32.58,32.55,32.56,5115
2026-03-24 14:00:00,32.59,32.62,32.57,32.62,2051
2026-03-24 14:01:00,32.62,32.62,32.6,32.6,3696
2026-03-24 14:02:00,32.6,32.65,32.6,32.6,6222
2026-03-24 14:03:00,32.62,32.65,32.61,32.62,4169
2026-03-24 14:04:00,32.62,32.65,32.62,32.64,2006
2026-03-24 14:05:00,32.65,32.66,32.61,32.61,11205
2026-03-24 14:06:00,32.64,32.66,32.6,32.61,13314
2026-03-24 14:07:00,32.61,32.61,32.59,32.59,1690
2026-03-24 14:08:00,32.59,32.61,32.55,32.55,15901
2026-03-24 14:09:00,32.55,32.57,32.53,32.54,12636
2026-03-24 14:10:00,32.56,32.58,32.54,32.55,16712
2026-03-24 14:11:00,32.55,32.55,32.53,32.54,12481
2026-03-24 14:12:00,32.54,32.54,32.52,32.53,3263
2026-03-24 14:13:00,32.53,32.54,32.5,32.53,14929
2026-03-24 14:14:00,32.53,32.57,32.53,32.56,2804
2026-03-24 14:15:00,32.56,32.57,32.54,32.56,10335
2026-03-24 14:16:00,32.56,32.62,32.54,32.58,12574
2026-03-24 14:17:00,32.61,32.61,32.54,32.6,2671
2026-03-24 14:18:00,32.6,32.6,32.6,32.6,37042
2026-03-24 14:19:00,32.59,32.61,32.52,32.57,32786
2026-03-24 14:20:00,32.55,32.6,32.55,32.55,6907
2026-03-24 14:21:00,32.55,32.57,32.54,32.57,12573
2026-03-24 14:22:00,32.57,32.58,32.55,32.56,9170
2026-03-24 14:23:00,32.56,32.6,32.56,32.58,37349
2026-03-24 14:24:00,32.57,32.61,32.55,32.59,4781
2026-03-24 14:25:00,32.59,32.61,32.59,32.6,1737
2026-03-24 14:26:00,32.6,32.61,32.57,32.57,2786
2026-03-24 14:27:00,32.57,32.6,32.57,32.6,4739
2026-03-24 14:28:00,32.6,32.61,32.59,32.61,5980
2026-03-24 14:29:00,32.61,32.64,32.6,32.62,21882
2026-03-24 14:30:00,32.64,32.64,32.6,32.6,11413
2026-03-24 14:31:00,32.6,32.63,32.6,32.63,10968
2026-03-24 14:32:00,32.63,32.64,32.6,32.64,3914
2026-03-24 14:33:00,32.64,32.65,32.63,32.65,1151
2026-03-24 14:34:00,32.65,32.65,32.62,32.62,295
2026-03-24 14:35:00,32.58,32.62,32.58,32.6,41370
2026-03-24 14:36:00,32.6,32.6,32.58,32.59,1001
2026-03-24 14:37:00,32.59,32.59,32.51,32.51,34826
2026-03-24 14:38:00,32.51,32.54,32.51,32.53,5757
2026-03-24 14:39:00,32.52,32.55,32.47,32.47,12968
2026-03-24 14:40:00,32.47,32.48,32.4,32.43,99128
2026-03-24 14:41:00,32.47,32.48,32.44,32.48,13377
2026-03-24 14:42:00,32.48,32.48,32.43,32.43,14165
2026-03-24 14:43:00,32.43,32.5,32.43,32.48,22006
2026-03-24 14:44:00,32.5,32.5,32.45,32.48,819
2026-03-24 14:45:00,32.45,32.49,32.45,32.46,5557
2026-03-24 14:46:00,32.46,32.49,32.41,32.41,54441
2026-03-24 14:47:00,32.44,32.46,32.4,32.45,39481
2026-03-24 14:48:00,32.45,32.45,32.44,32.45,2854
2026-03-24 14:49:00,32.41,32.48,32.41,32.48,8378
2026-03-24 14:50:00,32.5,32.52,32.45,32.52,34382
2026-03-24 14:51:00,32.55,32.55,32.5,32.5,2097
2026-03-24 14:52:00,32.52,32.54,32.51,32.54,18381
2026-03-24 14:53:00,32.54,32.54,32.5,32.5,3872
2026-03-24 14:54:00,32.5,32.54,32.5,32.53,17765
2026-03-24 14:55:00,32.52,32.56,32.52,32.56,6658
2026-03-24 14:56:00,32.56,32.56,32.54,32.55,5452
2026-03-24 14:57:00,32.55,32.57,32.53,32.56,4687
2026-03-24 14:58:00,32.56,32.58,32.54,32.54,11222
2026-03-24 14:59:00,32.54,32.56,32.54,32.56,4841
2026-03-24 15:00:00,32.55,32.55,32.46,32.48,25459
2026-03-24 15:01:00,32.49,32.52,32.47,32.5,2338
2026-03-24 15:02:00,32.5,32.53,32.5,32.5,12009
2026-03-24 15:03:00,32.52,32.52,32.5,32.52,4342
2026-03-24 15:04:00,32.52,32.52,32.51,32.52,7167
2026-03-24 15:05:00,32.52,32.53,32.49,32.5,4169
2026-03-24 15:06:00,32.51,32.51,32.47,32.5,5101
2026-03-24 15:07:00,32.5,32.51,32.48,32.51,30751
2026-03-24 15:08:00,32.51,32.54,32.48,32.48,19382
2026-03-24 15:09:00,32.48,32.48,32.47,32.48,2882
2026-03-24 15:10:00,32.51,32.52,32.45,32.47,65024
2026-03-24 15:11:00,32.47,32.47,32.4,32.44,36834
2026-03-24 15:12:00,32.44,32.44,32.41,32.43,19098
2026-03-24 15:13:00,32.43,32.43,32.42,32.42,3076
2026-03-24 15:14:00,32.42,32.47,32.38,32.47,133795
2026-03-24 15:15:00,32.47,32.47,32.42,32.45,29290
2026-03-24 15:16:00,32.45,32.47,32.44,32.44,11083
2026-03-24 15:17:00,32.45,32.47,32.42,32.46,19235
2026-03-24 15:18:00,32.46,32.46,32.39,32.42,92154
2026-03-24 15:19:00,32.41,32.53,32.39,32.53,80034
2026-03-24 15:20:00,32.52,32.53,32.48,32.53,15046
2026-03-24 15:21:00,32.53,32.53,32.46,32.49,5981
2026-03-24 15:22:00,32.48,32.5,32.48,32.48,11737
2026-03-24 15:23:00,32.49,32.49,32.47,32.49,4497
2026-03-24 15:24:00,32.48,32.48,32.44,32.45,28745
2026-03-24 15:25:00,32.44,32.45,32.39,32.45,79935
2026-03-24 15:26:00,32.43,32.44,32.42,32.44,14391
2026-03-24 15:27:00,32.43,32.44,32.41,32.41,32097
2026-03-24 15:28:00,32.42,32.42,32.38,32.39,24968
2026-03-24 15:29:00,32.38,32.39,32.3,32.35,36620
2026-03-25 09:15:00,32.59,32.84,32.53,32.84,46885
2026-03-25 09:16:00,32.89,32.92,32.84,32.84,54138
2026-03-25 09:17:00,32.95,32.97,32.9,32.93,90286
2026-03-25 09:18:00,32.85,32.9,32.85,32.85,25322
2026-03-25 09:19:00,32.85,32.94,32.81,32.94,10939
2026-03-25 09:20:00,32.93,32.98,32.92,32.98,59342
2026-03-25 09:21:00,32.96,33.08,32.96,33.05,113790
2026-03-25 09:22:00,33.06,33.08,33.01,33.01,20736
2026-03-25 09:23:00,33.02,33.05,33.02,33.05,7414
2026-03-25 09:24:00,33.02,33.1,33.02,33.1,193727
2026-03-25 09:25:00,33.1,33.18,33.1,33.14,29300
2026-03-25 09:26:00,33.14,33.17,33.11,33.15,13950
2026-03-25 09:27:00,33.15,33.15,33.1,33.12,35355
2026-03-25 09:28:00,33.06,33.1,33.05,33.05,112644
2026-03-25 09:29:00,33.02,33.02,32.96,32.99,39310
2026-03-25 09:30:00,32.96,33.05,32.96,33.04,68075
2026-03-25 09:31:00,33.05,33.05,33.0,33.0,45346
2026-03-25 09:32:00,32.98,33.03,32.96,33.0,14941
2026-03-25 09:33:00,33.0,33.0,32.98,32.98,7658
2026-03-25 09:34:00,32.98,33.01,32.98,33.01,28513
2026-03-25 09:35:00,33.01,33.03,32.99,33.02,65025
2026-03-25 09:36:00,33.02,33.02,32.99,33.01,32457
2026-03-25 09:37:00,33.01,33.01,32.95,32.95,40098
2026-03-25 09:38:00,32.94,32.95,32.92,32.92,13430
2026-03-25 09:39:00,32.95,32.96,32.9,32.92,20091
2026-03-25 09:40:00,32.9,32.93,32.88,32.88,43026
2026-03-25 09:41:00,32.87,32.87,32.86,32.86,29089
2026-03-25 09:42:00,32.86,32.88,32.86,32.88,13016
2026-03-25 09:43:00,32.88,32.96,32.88,32.96,105883
2026-03-25 09:44:00,32.96,32.96,32.94,32.94,15580
2026-03-25 09:45:00,32.94,32.94,32.91,32.93,2512
2026-03-25 09:46:00,32.91,32.95,32.9,32.92,29441
2026-03-25 09:47:00,32.89,32.92,32.84,32.87,56472
2026-03-25 09:48:00,32.89,32.89,32.86,32.86,52508
2026-03-25 09:49:00,32.86,32.87,32.85,32.87,1939
2026-03-25 09:50:00,32.87,32.88,32.85,32.88,1916
2026-03-25 09:51:00,32.88,32.89,32.86,32.88,8173
2026-03-25 09:52:00,32.85,32.88,32.83,32.87,72668
2026-03-25 09:53:00,32.85,32.86,32.81,32.84,11383
2026-03-25 09:54:00,32.84,32.86,32.82,32.86,11255
2026-03-25 09:55:00,32.83,32.86,32.83,32.85,6391
2026-03-25 09:56:00,32.85,32.86,32.84,32.86,9285
2026-03-25 09:57:00,32.86,32.86,32.81,32.84,21305
2026-03-25 09:58:00,32.85,32.85,32.8,32.8,37513
2026-03-25 09:59:00,32.82,32.84,32.82,32.84,6930
2026-03-25 10:00:00,32.84,32.85,32.83,32.84,4435
2026-03-25 10:01:00,32.84,32.95,32.84,32.9,52849
2026-03-25 10:02:00,32.9,32.93,32.89,32.91,61593
2026-03-25 10:03:00,32.88,32.92,32.87,32.9,104756
2026-03-25 10:04:00,32.91,32.91,32.87,32.9,1633
2026-03-25 10:05:00,32.9,32.9,32.88,32.88,913
2026-03-25 10:06:00,32.9,32.9,32.84,32.88,19469
2026-03-25 10:07:00,32.88,32.88,32.85,32.86,4017
2026-03-25 10:08:00,32.88,32.9,32.84,32.86,20179
2026-03-25 10:09:00,32.86,32.92,32.86,32.9,6787
2026-03-25 10:10:00,32.9,32.92,32.9,32.92,9742
2026-03-25 10:11:00,32.93,33.0,32.91,33.0,56254
2026-03-25 10:12:00,33.02,33.02,32.96,32.98,10742
2026-03-25 10:13:00,32.95,32.98,32.95,32.97,2299
2026-03-25 10:14:00,32.97,32.98,32.95,32.98,16291
2026-03-25 10:15:00,33.02,33.03,32.96,32.96,33656
2026-03-25 10:16:00,32.94,32.95,32.94,32.95,116
2026-03-25 10:17:00,32.95,32.99,32.95,32.98,10353
2026-03-25 10:18:00,32.98,32.99,32.96,32.96,12564
2026-03-25 10:19:00,32.96,32.96,32.9,32.91,41861
2026-03-25 10:20:00,32.88,32.93,32.88,32.92,7426
2026-03-25 10:21:00,32.93,32.95,32.91,32.95,18296
2026-03-25 10:22:00,32.95,32.95,32.93,32.93,677
2026-03-25 10:23:00,32.93,32.93,32.86,32.9,62586
2026-03-25 10:24:00,32.88,32.89,32.85,32.88,1867
2026-03-25 10:25:00,32.88,32.9,32.86,32.9,5491
2026-03-25 10:26:00,32.9,32.95,32.9,32.9,13243
2026-03-25 10:27:00,32.9,32.93,32.89,32.93,1349
2026-03-25 10:28:00,32.93,32.93,32.91,32.91,3356
2026-03-25 10:29:00,32.91,32.93,32.86,32.93,54736
2026-03-25 10:30:00,32.93,32.93,32.9,32.93,3184
2026-03-25 10:31:00,32.93,32.93,32.91,32.93,3856
2026-03-25 10:32:00,32.93,32.93,32.91,32.91,6909
2026-03-25 10:33:00,32.93,32.94,32.88,32.88,8219
2026-03-25 10:34:00,32.88,32.93,32.88,32.93,9812
2026-03-25 10:35:00,32.93,32.93,32.88,32.89,253
2026-03-25 10:36:00,32.89,32.93,32.89,32.93,582
2026-03-25 10:37:00,32.93,32.93,32.91,32.93,1762
2026-03-25 10:38:00,32.93,32.93,32.93,32.93,1247
2026-03-25 10:39:00,32.93,32.93,32.9,32.91,2455
2026-03-25 10:40:00,32.9,32.95,32.9,32.95,10482
2026-03-25 10:41:00,32.95,32.99,32.95,32.98,28850
2026-03-25 10:42:00,32.98,32.99,32.96,32.96,2887
2026-03-25 10:43:00,32.99,33.03,32.97,32.97,21108
2026-03-25 10:44:00,32.97,32.99,32.97,32.98,14477
2026-03-25 10:45:00,32.98,32.99,32.98,32.98,3442
2026-03-25 10:46:00,32.98,32.99,32.98,32.98,317
2026-03-25 10:47:00,32.98,32.98,32.95,32.97,4205
2026-03-25 10:48:00,32.97,32.99,32.97,32.99,1698
2026-03-25 10:49:00,32.99,33.01,32.97,32.97,12851
2026-03-25 10:50:00,33.0,33.0,32.98,32.98,5322
2026-03-25 10:51:00,33.0,33.02,32.98,33.0,5582
2026-03-25 10:52:00,33.0,33.01,32.98,33.0,6933
2026-03-25 10:53:00,33.0,33.01,32.97,32.97,4590
2026-03-25 10:54:00,32.97,32.98,32.96,32.96,6469
2026-03-25 10:55:00,32.96,32.96,32.95,32.96,14103
2026-03-25 10:56:00,32.96,32.98,32.95,32.95,504
2026-03-25 10:57:00,32.95,32.96,32.95,32.96,621
2026-03-25 10:58:00,32.95,32.96,32.93,32.94,5904
2026-03-25 10:59:00,32.94,32.96,32.91,32.96,13030
2026-03-25 11:00:00,32.96,32.96,32.96,32.96,2572
2026-03-25 11:01:00,32.95,32.96,32.95,32.96,2657
2026-03-25 11:02:00,32.96,32.97,32.94,32.95,2424
2026-03-25 11:03:00,32.95,32.97,32.95,32.97,3311
2026-03-25 11:04:00,32.97,33.0,32.96,33.0,11332
2026-03-25 11:05:00,33.0,33.07,32.98,33.03,66662
2026-03-25 11:06:00,33.03,33.06,33.03,33.05,9360
2026-03-25 11:07:00,33.05,33.09,33.05,33.09,13312
2026-03-25 11:08:00,33.09,33.09,33.06,33.08,5085
2026-03-25 11:09:00,33.08,33.08,33.06,33.06,1759
2026-03-25 11:10:00,33.06,33.08,33.05,33.08,22174
2026-03-25 11:11:00,33.08,33.08,33.06,33.06,9437
2026-03-25 11:12:00,33.05,33.08,33.05,33.08,29171
2026-03-25 11:13:00,33.08,33.09,33.04,33.07,4636
2026-03-25 11:14:00,33.07,33.16,33.05,33.16,67352
2026-03-25 11:15:00,33.16,33.16,33.12,33.15,25062
2026-03-25 11:16:00,33.14,33.16,33.12,33.15,19427
2026-03-25 11:17:00,33.15,33.15,33.11,33.11,4888
2026-03-25 11:18:00,33.14,33.14,33.11,33.11,4758
2026-03-25 11:19:00,33.11,33.15,33.11,33.15,12700
2026-03-25 11:20:00,33.13,33.16,33.13,33.16,2452
2026-03-25 11:21:00,33.13,33.15,33.12,33.15,23071
2026-03-25 11:22:00,33.15,33.16,33.13,33.13,4074
2026-03-25 11:23:00,33.13,33.14,33.12,33.12,2282
2026-03-25 11:24:00,33.1,33.13,33.08,33.12,24232
2026-03-25 11:25:00,33.12,33.12,33.09,33.12,2250
2026-03-25 11:26:00,33.12,33.12,33.05,33.09,38837
2026-03-25 11:27:00,33.08,33.08,33.05,33.06,2967
2026-03-25 11:28:00,33.06,33.08,33.06,33.06,2362
2026-03-25 11:29:00,33.06,33.11,33.05,33.1,31052
2026-03-25 11:30:00,33.08,33.1,33.08,33.08,861
2026-03-25 11:31:00,33.08,33.1,33.05,33.09,2696
2026-03-25 11:32:00,33.09,33.1,33.07,33.09,3829
2026-03-25 11:33:00,33.09,33.11,33.08,33.11,12225
2026-03-25 11:34:00,33.11,33.11,33.11,33.11,1952
2026-03-25 11:35:00,33.11,33.15,33.11,33.13,27123
2026-03-25 11:36:00,33.13,33.16,33.13,33.14,6551
2026-03-25 11:37:00,33.14,33.14,33.08,33.1,4413
2026-03-25 11:38:00,33.1,33.1,33.05,33.05,2326
2026-03-25 11:39:00,33.05,33.05,33.0,33.03,36524
2026-03-25 11:40:00,33.03,33.05,33.02,33.04,7546
2026-03-25 11:41:00,33.04,33.04,33.01,33.01,2669
2026-03-25 11:42:00,33.01,33.04,33.0,33.01,3977
2026-03-25 11:43:00,33.01,33.04,33.01,33.01,987
2026-03-25 11:44:00,33.01,33.04,33.01,33.04,2200
2026-03-25 11:45:00,33.04,33.04,33.02,33.04,12758
2026-03-25 11:46:00,33.03,33.06,33.03,33.03,6485
2026-03-25 11:47:00,33.03,33.07,33.03,33.06,1226
2026-03-25 11:48:00,33.03,33.09,33.03,33.09,9663
2026-03-25 11:49:00,33.08,33.12,33.07,33.1,3808
2026-03-25 11:50:00,33.09,33.13,33.09,33.1,5143
2026-03-25 11:51:00,33.07,33.12,33.07,33.1,6974
2026-03-25 11:52:00,33.1,33.11,33.09,33.11,747
2026-03-25 11:53:00,33.11,33.11,33.08,33.1,1755
2026-03-25 11:54:00,33.1,33.11,33.1,33.1,8667
2026-03-25 11:55:00,33.1,33.1,33.07,33.09,2683
2026-03-25 11:56:00,33.07,33.09,33.07,33.09,4
2026-03-25 11:57:00,33.09,33.09,33.05,33.07,5455
2026-03-25 11:58:00,33.07,33.07,33.06,33.07,33
2026-03-25 11:59:00,33.07,33.08,33.05,33.07,3714
2026-03-25 12:00:00,33.07,33.08,33.05,33.08,1696
2026-03-25 12:01:00,33.08,33.1,33.08,33.1,1845
2026-03-25 12:02:00,33.1,33.14,33.08,33.14,40226
2026-03-25 12:03:00,33.14,33.14,33.11,33.13,233
2026-03-25 12:04:00,33.13,33.13,33.1,33.1,2198
2026-03-25 12:05:00,33.1,33.24,33.1,33.2,125657
2026-03-25 12:06:00,33.22,33.22,33.15,33.17,1264
2026-03-25 12:07:00,33.17,33.2,33.15,33.17,1380
2026-03-25 12:08:00,33.2,33.24,33.2,33.24,36512
2026-03-25 12:09:00,33.22,33.28,33.21,33.24,134870
2026-03-25 12:10:00,33.24,33.26,33.24,33.25,18689
2026-03-25 12:11:00,33.25,33.25,33.24,33.24,8181
2026-03-25 12:12:00,33.24,33.24,33.21,33.24,8708
2026-03-25 12:13:00,33.22,33.27,33.22,33.27,38804
2026-03-25 12:14:00,33.3,33.33,33.28,33.3,55655
2026-03-25 12:15:00,33.3,33.3,33.25,33.29,4201
2026-03-25 12:16:00,33.27,33.27,33.26,33.26,2766
2026-03-25 12:17:00,33.26,33.26,33.23,33.23,36510
2026-03-25 12:18:00,33.23,33.26,33.23,33.26,29506
2026-03-25 12:19:00,33.26,33.26,33.24,33.24,1961
2026-03-25 12:20:00,33.24,33.28,33.24,33.28,5822
2026-03-25 12:21:00,33.28,33.28,33.25,33.25,1963
2026-03-25 12:22:00,33.25,33.28,33.25,33.25,1238
2026-03-25 12:23:00,33.25,33.27,33.24,33.25,32889
2026-03-25 12:24:00,33.25,33.25,33.22,33.22,355
2026-03-25 12:25:00,33.22,33.24,33.22,33.22,806
2026-03-25 12:26:00,33.22,33.23,33.18,33.18,15705
2026-03-25 12:27:00,33.18,33.25,33.18,33.21,62253
2026-03-25 12:28:00,33.21,33.21,33.19,33.19,3493
2026-03-25 12:29:00,33.2,33.21,33.19,33.21,3494
2026-03-25 12:30:00,33.21,33.21,33.2,33.21,3064
2026-03-25 12:31:00,33.21,33.21,33.19,33.19,6736
2026-03-25 12:32:00,33.19,33.21,33.19,33.19,4894
2026-03-25 12:33:00,33.2,33.2,33.2,33.2,930
2026-03-25 12:34:00,33.2,33.21,33.19,33.21,8547
2026-03-25 12:35:00,33.21,33.21,33.13,33.13,1573
2026-03-25 12:36:00,33.13,33.19,33.13,33.17,87506
2026-03-25 12:37:00,33.17,33.17,33.16,33.16,1306
2026-03-25 12:38:00,33.16,33.16,33.13,33.14,5718
2026-03-25 12:39:00,33.16,33.16,33.14,33.16,7524
2026-03-25 12:40:00,33.16,33.16,33.1,33.13,9144
2026-03-25 12:41:00,33.13,33.13,33.1,33.12,2304
2026-03-25 12:42:00,33.1,33.11,33.08,33.11,15229
2026-03-25 12:43:00,33.11,33.12,33.1,33.12,9547
2026-03-25 12:44:00,33.12,33.14,33.12,33.14,1028
2026-03-25 12:45:00,33.14,33.14,33.12,33.12,5600
2026-03-25 12:46:00,33.12,33.14,33.11,33.14,775
2026-03-25 12:47:00,33.14,33.14,33.11,33.11,368
2026-03-25 12:48:00,33.11,33.12,33.11,33.12,1027
2026-03-25 12:49:00,33.09,33.1,33.05,33.06,9476
2026-03-25 12:50:00,33.06,33.09,33.06,33.08,82
2026-03-25 12:51:00,33.07,33.09,33.07,33.08,2150
2026-03-25 12:52:00,33.08,33.08,33.04,33.04,37733
2026-03-25 12:53:00,33.04,33.07,33.04,33.07,1556
2026-03-25 12:54:00,33.07,33.07,33.04,33.04,2772
2026-03-25 12:55:00,33.04,33.09,33.04,33.06,5086
2026-03-25 12:56:00,33.06,33.07,33.06,33.07,898
2026-03-25 12:57:00,33.07,33.08,33.03,33.03,9133
2026-03-25 12:58:00,33.07,33.07,33.03,33.06,5294
2026-03-25 12:59:00,33.06,33.06,33.02,33.06,14948
2026-03-25 13:00:00,33.06,33.06,33.06,33.06,216
2026-03-25 13:01:00,33.06,33.09,33.06,33.06,7261
2026-03-25 13:02:00,33.09,33.09,33.06,33.06,2605
2026-03-25 13:03:00,33.06,33.09,33.06,33.09,2840
2026-03-25 13:04:00,33.09,33.09,33.06,33.09,1263
2026-03-25 13:05:00,33.09,33.09,33.06,33.09,1804
2026-03-25 13:06:00,33.09,33.13,33.09,33.11,19371
2026-03-25 13:07:00,33.11,33.14,33.11,33.11,1070
2026-03-25 13:08:00,33.11,33.12,33.08,33.11,25229
2026-03-25 13:09:00,33.11,33.11,33.08,33.09,1599
2026-03-25 13:10:00,33.09,33.12,33.09,33.12,948
2026-03-25 13:11:00,33.11,33.12,33.09,33.12,6058
2026-03-25 13:12:00,33.12,33.13,33.1,33.11,845
2026-03-25 13:13:00,33.11,33.11,33.1,33.1,152
2026-03-25 13:14:00,33.11,33.11,33.11,33.11,5
2026-03-25 13:15:00,33.1,33.11,33.09,33.11,6377
2026-03-25 13:16:00,33.11,33.11,33.09,33.09,10310
2026-03-25 13:17:00,33.11,33.11,33.08,33.11,3210
2026-03-25 13:18:00,33.08,33.11,33.08,33.11,1457
2026-03-25 13:19:00,33.11,33.11,33.08,33.11,2423
2026-03-25 13:20:00,33.08,33.11,33.03,33.03,7893
2026-03-25 13:21:00,33.06,33.09,33.03,33.09,11131
2026-03-25 13:22:00,33.06,33.08,33.05,33.08,1490
2026-03-25 13:23:00,33.08,33.08,33.06,33.07,205
2026-03-25 13:24:00,33.07,33.07,33.06,33.06,451
2026-03-25 13:25:00,33.07,33.07,33.06,33.07,882
2026-03-25 13:26:00,33.06,33.11,33.06,33.1,12724
2026-03-25 13:27:00,33.1,33.11,33.1,33.11,4089
2026-03-25 13:28:00,33.11,33.13,33.11,33.13,18903
2026-03-25 13:29:00,33.12,33.13,33.11,33.11,7787
2026-03-25 13:30:00,33.11,33.11,33.07,33.07,319
2026-03-25 13:31:00,33.07,33.07,33.06,33.06,2902
2026-03-25 13:32:00,33.07,33.11,33.07,33.1,12146
2026-03-25 13:33:00,33.1,33.1,33.07,33.1,2806
2026-03-25 13:34:00,33.07,33.14,33.07,33.1,24608
2026-03-25 13:35:00,33.1,33.13,33.1,33.13,68
2026-03-25 13:36:00,33.11,33.15,33.1,33.15,17237
2026-03-25 13:37:00,33.15,33.16,33.11,33.16,5454
2026-03-25 13:38:00,33.16,33.17,33.12,33.12,3899
2026-03-25 13:39:00,33.12,33.14,33.12,33.14,1827
2026-03-25 13:40:00,33.14,33.14,33.12,33.12,3572
2026-03-25 13:41:00,33.12,33.18,33.12,33.14,28008
2026-03-25 13:42:00,33.14,33.16,33.14,33.16,20495
2026-03-25 13:43:00,33.14,33.14,33.09,33.11,17067
2026-03-25 13:44:00,33.11,33.15,33.11,33.15,2528
2026-03-25 13:45:00,33.15,33.16,33.13,33.16,12108
2026-03-25 13:46:00,33.16,33.18,33.14,33.18,8994
2026-03-25 13:47:00,33.18,33.19,33.16,33.19,5220
2026-03-25 13:48:00,33.19,33.2,33.17,33.2,5077
2026-03-25 13:49:00,33.19,33.2,33.17,33.2,4464
2026-03-25 13:50:00,33.2,33.21,33.18,33.21,7561
2026-03-25 13:51:00,33.21,33.24,33.21,33.21,14759
2026-03-25 13:52:00,33.21,33.21,33.19,33.19,4189
2026-03-25 13:53:00,33.19,33.21,33.14,33.14,28081
2026-03-25 13:54:00,33.14,33.17,33.13,33.13,4871
2026-03-25 13:55:00,33.13,33.19,33.13,33.19,24390
2026-03-25 13:56:00,33.19,33.2,33.17,33.2,6637
2026-03-25 13:57:00,33.2,33.2,33.19,33.19,1798
2026-03-25 13:58:00,33.19,33.2,33.19,33.2,6582
2026-03-25 13:59:00,33.2,33.24,33.2,33.2,26297
2026-03-25 14:00:00,33.2,33.25,33.2,33.22,4340
2026-03-25 14:01:00,33.22,33.25,33.22,33.25,4790
2026-03-25 14:02:00,33.22,33.24,33.21,33.24,5601
2026-03-25 14:03:00,33.24,33.24,33.2,33.24,9807
2026-03-25 14:04:00,33.24,33.24,33.18,33.23,4221
2026-03-25 14:05:00,33.23,33.24,33.21,33.21,12381
2026-03-25 14:06:00,33.21,33.24,33.17,33.2,10952
2026-03-25 14:07:00,33.2,33.21,33.18,33.18,3735
2026-03-25 14:08:00,33.18,33.19,33.16,33.19,6746
2026-03-25 14:09:00,33.2,33.2,33.19,33.2,8950
2026-03-25 14:10:00,33.2,33.2,33.17,33.18,2138
2026-03-25 14:11:00,33.18,33.2,33.17,33.19,3401
2026-03-25 14:12:00,33.19,33.23,33.19,33.23,15789
2026-03-25 14:13:00,33.21,33.22,33.2,33.22,4563
2026-03-25 14:14:00,33.22,33.23,33.2,33.2,6576
2026-03-25 14:15:00,33.2,33.22,33.17,33.22,39329
2026-03-25 14:16:00,33.22,33.22,33.18,33.22,3411
2026-03-25 14:17:00,33.22,33.22,33.18,33.18,1150
2026-03-25 14:18:00,33.2,33.22,33.18,33.19,3512
2026-03-25 14:19:00,33.19,33.21,33.18,33.18,1961
2026-03-25 14:20:00,33.17,33.23,33.17,33.19,8197
2026-03-25 14:21:00,33.19,33.22,33.18,33.18,2191
2026-03-25 14:22:00,33.18,33.21,33.16,33.19,14699
2026-03-25 14:23:00,33.19,33.19,33.16,33.17,6182
2026-03-25 14:24:00,33.14,33.18,33.12,33.14,7329
2026-03-25 14:25:00,33.14,33.15,33.1,33.15,22380
2026-03-25 14:26:00,33.15,33.18,33.13,33.13,11138
2026-03-25 14:27:00,33.13,33.16,33.11,33.16,8992
2026-03-25 14:28:00,33.17,33.19,33.16,33.19,15123
2026-03-25 14:29:00,33.19,33.19,33.16,33.19,4324
2026-03-25 14:30:00,33.19,33.19,33.15,33.15,1504
2026-03-25 14:31:00,33.15,33.17,33.13,33.13,852
2026-03-25 14:32:00,33.13,33.14,33.12,33.13,2705
2026-03-25 14:33:00,33.15,33.18,33.14,33.15,6042
2026-03-25 14:34:00,33.15,33.18,33.13,33.14,11660
2026-03-25 14:35:00,33.14,33.15,33.13,33.14,3145
2026-03-25 14:36:00,33.14,33.16,33.13,33.14,3106
2026-03-25 14:37:00,33.12,33.13,33.06,33.06,44827
2026-03-25 14:38:00,33.06,33.14,33.06,33.1,8634
2026-03-25 14:39:00,33.1,33.14,33.1,33.11,7822
2026-03-25 14:40:00,33.11,33.15,33.11,33.15,15275
2026-03-25 14:41:00,33.15,33.15,33.15,33.15,0
2026-03-25 14:42:00,33.14,33.14,33.1,33.1,1952
2026-03-25 14:43:00,33.12,33.13,33.08,33.13,37136
2026-03-25 14:44:00,33.1,33.12,33.1,33.1,2283
2026-03-25 14:45:00,33.12,33.12,33.09,33.11,2871
2026-03-25 14:46:00,33.11,33.12,33.09,33.12,9793
2026-03-25 14:47:00,33.12,33.12,33.07,33.08,11482
2026-03-25 14:48:00,33.11,33.11,33.05,33.08,13054
2026-03-25 14:49:00,33.08,33.09,33.07,33.07,3633
2026-03-25 14:50:00,33.07,33.09,33.05,33.05,11287
2026-03-25 14:51:00,33.06,33.08,33.05,33.08,3774
2026-03-25 14:52:00,33.08,33.09,33.08,33.09,1824
2026-03-25 14:53:00,33.09,33.12,33.08,33.09,14856
2026-03-25 14:54:00,33.11,33.11,33.07,33.08,3073
2026-03-25 14:55:00,33.08,33.1,33.07,33.07,1054
2026-03-25 14:56:00,33.09,33.1,33.05,33.06,10041
2026-03-25 14:57:00,33.1,33.1,33.05,33.1,5516
2026-03-25 14:58:00,33.1,33.1,33.07,33.09,5307
2026-03-25 14:59:00,33.09,33.09,33.08,33.09,1447
2026-03-25 15:00:00,33.09,33.09,33.03,33.06,33608
2026-03-25 15:01:00,33.07,33.07,33.02,33.07,22145
2026-03-25 15:02:00,33.02,33.09,33.02,33.06,14447
2026-03-25 15:03:00,33.08,33.12,33.08,33.09,50155
2026-03-25 15:04:00,33.12,33.12,33.08,33.09,8781
2026-03-25 15:05:00,33.09,33.09,33.04,33.08,10724
2026-03-25 15:06:00,33.05,33.07,33.05,33.06,7502
2026-03-25 15:07:00,33.07,33.07,33.05,33.06,3902
2026-03-25 15:08:00,33.06,33.12,33.06,33.11,27022
2026-03-25 15:09:00,33.09,33.1,33.06,33.09,95348
2026-03-25 15:10:00,33.1,33.1,33.04,33.06,18371
2026-03-25 15:11:00,33.04,33.08,33.04,33.07,5399
2026-03-25 15:12:00,33.07,33.09,33.04,33.08,33888
2026-03-25 15:13:00,33.05,33.08,33.05,33.08,9297
2026-03-25 15:14:00,33.08,33.09,33.05,33.09,14132
2026-03-25 15:15:00,33.09,33.09,33.05,33.08,20464
2026-03-25 15:16:00,33.08,33.08,33.04,33.05,16113
2026-03-25 15:17:00,33.06,33.09,33.04,33.04,38841
2026-03-25 15:18:00,33.04,33.08,33.03,33.07,45562
2026-03-25 15:19:00,33.07,33.07,33.02,33.03,6279
2026-03-25 15:20:00,33.05,33.05,33.02,33.02,26448
2026-03-25 15:21:00,33.03,33.05,33.01,33.05,55093
2026-03-25 15:22:00,33.05,33.05,33.02,33.05,29669
2026-03-25 15:23:00,33.05,33.05,33.02,33.02,23805
2026-03-25 15:24:00,33.02,33.05,33.02,33.04,34930
2026-03-25 15:25:00,33.04,33.05,33.01,33.05,73356
2026-03-25 15:26:00,33.05,33.08,33.03,33.05,74063
2026-03-25 15:27:00,33.08,33.09,33.03,33.03,24323
2026-03-25 15:28:00,33.04,33.06,33.01,33.01,29053
2026-03-25 15:29:00,33.08,33.14,33.08,33.1,20921
2026-03-27 09:15:00,32.75,32.8,32.43,32.55,113064
2026-03-27 09:16:00,32.56,32.56,32.37,32.43,56304
2026-03-27 09:17:00,32.41,32.5,32.4,32.43,47825
2026-03-27 09:18:00,32.38,32.38,32.3,32.3,116857
2026-03-27 09:19:00,32.3,32.33,32.25,32.31,58442
2026-03-27 09:20:00,32.28,32.33,32.28,32.33,44349
2026-03-27 09:21:00,32.32,32.47,32.32,32.46,190586
2026-03-27 09:22:00,32.4,32.44,32.39,32.39,54465
2026-03-27 09:23:00,32.39,32.43,32.37,32.37,11936
2026-03-27 09:24:00,32.41,32.41,32.35,32.36,29173
2026-03-27 09:25:00,32.31,32.35,32.31,32.31,35967
2026-03-27 09:26:00,32.33,32.39,32.32,32.36,37285
2026-03-27 09:27:00,32.38,32.39,32.35,32.38,6838
2026-03-27 09:28:00,32.36,32.39,32.33,32.38,47908
2026-03-27 09:29:00,32.38,32.41,32.35,32.35,130749
2026-03-27 09:30:00,32.35,32.39,32.32,32.35,29477
2026-03-27 09:31:00,32.35,32.38,32.34,32.35,17322
2026-03-27 09:32:00,32.35,32.4,32.35,32.4,19242
2026-03-27 09:33:00,32.41,32.45,32.4,32.42,7790
2026-03-27 09:34:00,32.4,32.42,32.36,32.38,26685
2026-03-27 09:35:00,32.35,32.38,32.32,32.34,17591
2026-03-27 09:36:00,32.34,32.37,32.34,32.34,7756
2026-03-27 09:37:00,32.34,32.37,32.33,32.33,23117
2026-03-27 09:38:00,32.31,32.35,32.3,32.3,12453
2026-03-27 09:39:00,32.33,32.35,32.3,32.35,9021
2026-03-27 09:40:00,32.35,32.37,32.33,32.36,29564
2026-03-27 09:41:00,32.36,32.39,32.34,32.37,3368
2026-03-27 09:42:00,32.34,32.38,32.34,32.35,8096
2026-03-27 09:43:00,32.35,32.39,32.35,32.36,14516
2026-03-27 09:44:00,32.38,32.39,32.35,32.36,6684
2026-03-27 09:45:00,32.37,32.39,32.34,32.34,4796
2026-03-27 09:46:00,32.35,32.36,32.34,32.36,10722
2026-03-27 09:47:00,32.36,32.38,32.34,32.35,21365
2026-03-27 09:48:00,32.38,32.43,32.35,32.43,34046
2026-03-27 09:49:00,32.45,32.5,32.42,32.5,44941
2026-03-27 09:50:00,32.48,32.62,32.47,32.59,74322
2026-03-27 09:51:00,32.59,32.59,32.54,32.54,1481
2026-03-27 09:52:00,32.54,32.61,32.52,32.55,42933
2026-03-27 09:53:00,32.55,32.57,32.52,32.56,7669
2026-03-27 09:54:00,32.53,32.53,32.52,32.52,4210
2026-03-27 09:55:00,32.52,32.52,32.5,32.5,7873
2026-03-27 09:56:00,32.52,32.55,32.5,32.55,11978
2026-03-27 09:57:00,32.53,32.55,32.5,32.5,19884
2026-03-27 09:58:00,32.48,32.48,32.45,32.45,3585
2026-03-27 09:59:00,32.47,32.48,32.45,32.47,19747
2026-03-27 10:00:00,32.48,32.48,32.42,32.45,52271
2026-03-27 10:01:00,32.45,32.45,32.44,32.45,4195
2026-03-27 10:02:00,32.44,32.47,32.44,32.46,8910
2026-03-27 10:03:00,32.44,32.54,32.44,32.54,45517
2026-03-27 10:04:00,32.53,32.53,32.48,32.52,17377
2026-03-27 10:05:00,32.52,32.52,32.46,32.46,5184
2026-03-27 10:06:00,32.46,32.46,32.42,32.44,6853
2026-03-27 10:07:00,32.44,32.44,32.38,32.41,18077
2026-03-27 10:08:00,32.38,32.4,32.38,32.39,231
2026-03-27 10:09:00,32.37,32.41,32.37,32.39,11692
2026-03-27 10:10:00,32.38,32.39,32.36,32.39,15265
2026-03-27 10:11:00,32.38,32.39,32.33,32.34,27540
2026-03-27 10:12:00,32.33,32.35,32.31,32.34,8358
2026-03-27 10:13:00,32.34,32.34,32.3,32.31,31092
2026-03-27 10:14:00,32.31,32.33,32.31,32.33,605
2026-03-27 10:15:00,32.31,32.35,32.31,32.35,5216
2026-03-27 10:16:00,32.35,32.35,32.32,32.35,11667
2026-03-27 10:17:00,32.35,32.35,32.31,32.31,3587
2026-03-27 10:18:00,32.33,32.33,32.31,32.33,27862
2026-03-27 10:19:00,32.31,32.34,32.3,32.32,23725
2026-03-27 10:20:00,32.32,32.34,32.31,32.33,17662
2026-03-27 10:21:00,32.35,32.35,32.3,32.3,11222
2026-03-27 10:22:00,32.3,32.34,32.3,32.31,11123
2026-03-27 10:23:00,32.33,32.33,32.3,32.3,2012
2026-03-27 10:24:00,32.33,32.38,32.31,32.36,11892
2026-03-27 10:25:00,32.36,32.45,32.36,32.45,4480
2026-03-27 10:26:00,32.45,32.45,32.37,32.37,7128
2026-03-27 10:27:00,32.37,32.39,32.36,32.39,7225
2026-03-27 10:28:00,32.42,32.43,32.37,32.37,3636
2026-03-27 10:29:00,32.4,32.42,32.38,32.4,4514
2026-03-27 10:30:00,32.42,32.45,32.39,32.44,77168
2026-03-27 10:31:00,32.44,32.48,32.44,32.48,528
2026-03-27 10:32:00,32.48,32.5,32.47,32.47,3836
2026-03-27 10:33:00,32.48,32.48,32.4,32.4,15540
2026-03-27 10:34:00,32.4,32.42,32.39,32.42,5547
2026-03-27 10:35:00,32.39,32.42,32.39,32.42,231
2026-03-27 10:36:00,32.42,32.42,32.39,32.41,298
2026-03-27 10:37:00,32.4,32.41,32.38,32.39,6056
2026-03-27 10:38:00,32.39,32.4,32.39,32.4,649
2026-03-27 10:39:00,32.4,32.4,32.39,32.4,365
2026-03-27 10:40:00,32.4,32.4,32.34,32.36,13294
2026-03-27 10:41:00,32.36,32.38,32.32,32.33,17036
2026-03-27 10:42:00,32.36,32.36,32.32,32.36,1170
2026-03-27 10:43:00,32.36,32.36,32.32,32.33,2169
2026-03-27 10:44:00,32.33,32.36,32.32,32.32,8481
2026-03-27 10:45:00,32.35,32.35,32.31,32.31,17280
2026-03-27 10:46:00,32.31,32.35,32.31,32.33,8332
2026-03-27 10:47:00,32.33,32.33,32.3,32.32,7780
2026-03-27 10:48:00,32.33,32.34,32.31,32.31,5885
2026-03-27 10:49:00,32.31,32.34,32.31,32.32,4369
2026-03-27 10:50:00,32.3,32.32,32.29,32.29,33092
2026-03-27 10:51:00,32.29,32.32,32.29,32.32,11184
2026-03-27 10:52:00,32.32,32.32,32.28,32.31,3791
2026-03-27 10:53:00,32.31,32.31,32.28,32.28,2437
2026-03-27 10:54:00,32.27,32.28,32.26,32.26,59449
2026-03-27 10:55:00,32.26,32.27,32.25,32.27,846
2026-03-27 10:56:00,32.27,32.3,32.27,32.3,1972
2026-03-27 10:57:00,32.3,32.31,32.3,32.31,3170
2026-03-27 10:58:00,32.31,32.33,32.3,32.33,2026
2026-03-27 10:59:00,32.33,32.33,32.3,32.3,8740
2026-03-27 11:00:00,32.3,32.36,32.3,32.35,34316
2026-03-27 11:01:00,32.35,32.39,32.35,32.39,47091
2026-03-27 11:02:00,32.39,32.4,32.38,32.38,16964
2026-03-27 11:03:00,32.38,32.38,32.34,32.35,7632
2026-03-27 11:04:00,32.35,32.35,32.35,32.35,341
2026-03-27 11:05:00,32.35,32.35,32.31,32.31,5573
2026-03-27 11:06:00,32.31,32.34,32.31,32.32,882
2026-03-27 11:07:00,32.32,32.35,32.31,32.32,9335
2026-03-27 11:08:00,32.35,32.35,32.32,32.35,1633
2026-03-27 11:09:00,32.35,32.39,32.35,32.39,7567
2026-03-27 11:10:00,32.39,32.45,32.39,32.43,14029
2026-03-27 11:11:00,32.43,32.43,32.41,32.42,6473
2026-03-27 11:12:00,32.42,32.42,32.39,32.4,6484
2026-03-27 11:13:00,32.4,32.4,32.36,32.4,2426
2026-03-27 11:14:00,32.4,32.42,32.38,32.38,24767
2026-03-27 11:15:00,32.41,32.41,32.38,32.38,498
2026-03-27 11:16:00,32.38,32.4,32.36,32.39,22147
2026-03-27 11:17:00,32.39,32.39,32.36,32.38,2113
2026-03-27 11:18:00,32.38,32.38,32.35,32.35,4333
2026-03-27 11:19:00,32.35,32.35,32.32,32.32,1891
2026-03-27 11:20:00,32.32,32.35,32.32,32.33,574
2026-03-27 11:21:00,32.33,32.35,32.33,32.34,483
2026-03-27 11:22:00,32.34,32.34,32.33,32.33,649
2026-03-27 11:23:00,32.33,32.33,32.31,32.32,245
2026-03-27 11:24:00,32.31,32.32,32.31,32.32,5994
2026-03-27 11:25:00,32.32,32.33,32.31,32.32,3786
2026-03-27 11:26:00,32.32,32.33,32.3,32.32,6453
2026-03-27 11:27:00,32.32,32.32,32.3,32.32,4621
2026-03-27 11:28:00,32.32,32.32,32.27,32.27,38554
2026-03-27 11:29:00,32.29,32.29,32.27,32.28,3877
2026-03-27 11:30:00,32.29,32.3,32.28,32.3,1326
2026-03-27 11:31:00,32.28,32.32,32.28,32.29,8494
2026-03-27 11:32:00,32.29,32.33,32.29,32.29,11524
2026-03-27 11:33:00,32.29,32.33,32.29,32.31,1772
2026-03-27 11:34:00,32.31,32.34,32.3,32.32,5462
2026-03-27 11:35:00,32.32,32.34,32.32,32.32,1592
2026-03-27 11:36:00,32.32,32.34,32.31,32.34,1962
2026-03-27 11:37:00,32.34,32.34,32.31,32.34,5438
2026-03-27 11:38:00,32.34,32.34,32.32,32.34,996
2026-03-27 11:39:00,32.33,32.35,32.31,32.34,801
2026-03-27 11:40:00,32.34,32.34,32.31,32.31,2939
2026-03-27 11:41:00,32.34,32.34,32.31,32.31,1762
2026-03-27 11:42:00,32.34,32.34,32.3,32.33,10304
2026-03-27 11:43:00,32.3,32.33,32.29,32.31,8088
2026-03-27 11:44:00,32.34,32.34,32.32,32.34,3439
2026-03-27 11:45:00,32.34,32.35,32.33,32.35,1491
2026-03-27 11:46:00,32.35,32.35,32.33,32.35,4625
2026-03-27 11:47:00,32.35,32.35,32.31,32.31,6630
2026-03-27 11:48:00,32.31,32.31,32.31,32.31,160
2026-03-27 11:49:00,32.31,32.31,32.3,32.31,599
2026-03-27 11:50:00,32.31,32.31,32.29,32.29,1066
2026-03-27 11:51:00,32.31,32.31,32.31,32.31,1240
2026-03-27 11:52:00,32.29,32.31,32.29,32.29,986
2026-03-27 11:53:00,32.29,32.33,32.28,32.32,6528
2026-03-27 11:54:00,32.4,32.41,32.38,32.4,33301
2026-03-27 11:55:00,32.4,32.4,32.34,32.38,8892
2026-03-27 11:56:00,32.38,32.38,32.35,32.35,2195
2026-03-27 11:57:00,32.35,32.35,32.33,32.33,1205
2026-03-27 11:58:00,32.33,32.33,32.33,32.33,410
2026-03-27 11:59:00,32.33,32.33,32.31,32.31,1204
2026-03-27 12:00:00,32.33,32.33,32.31,32.33,3910
2026-03-27 12:01:00,32.33,32.33,32.33,32.33,83
2026-03-27 12:02:00,32.33,32.33,32.28,32.31,4026
2026-03-27 12:03:00,32.31,32.34,32.31,32.32,11335
2026-03-27 12:04:00,32.32,32.32,32.27,32.28,5267
2026-03-27 12:05:00,32.27,32.29,32.25,32.25,20248
2026-03-27 12:06:00,32.25,32.27,32.24,32.25,52257
2026-03-27 12:07:00,32.25,32.28,32.25,32.27,1339
2026-03-27 12:08:00,32.27,32.3,32.27,32.3,622
2026-03-27 12:09:00,32.3,32.31,32.28,32.28,4901
2026-03-27 12:10:00,32.28,32.3,32.28,32.3,90
2026-03-27 12:11:00,32.3,32.31,32.28,32.28,1633
2026-03-27 12:12:00,32.28,32.32,32.28,32.31,157026
2026-03-27 12:13:00,32.31,32.32,32.31,32.31,5141
2026-03-27 12:14:00,32.32,32.32,32.3,32.3,2177
2026-03-27 12:15:00,32.32,32.32,32.3,32.32,104
2026-03-27 12:16:00,32.3,32.32,32.3,32.3,1551
2026-03-27 12:17:00,32.32,32.32,32.29,32.29,8031
2026-03-27 12:18:00,32.29,32.3,32.28,32.29,7481
2026-03-27 12:19:00,32.28,32.29,32.28,32.28,380
2026-03-27 12:20:00,32.3,32.3,32.3,32.3,411
2026-03-27 12:21:00,32.28,32.29,32.28,32.28,1707
2026-03-27 12:22:00,32.28,32.28,32.26,32.28,21251
2026-03-27 12:23:00,32.26,32.26,32.25,32.26,4294
2026-03-27 12:24:00,32.26,32.28,32.25,32.28,17150
2026-03-27 12:25:00,32.28,32.29,32.26,32.26,3502
2026-03-27 12:26:00,32.26,32.35,32.26,32.33,23282
2026-03-27 12:27:00,32.35,32.36,32.31,32.36,20058
2026-03-27 12:28:00,32.36,32.38,32.32,32.32,13205
2026-03-27 12:29:00,32.32,32.35,32.32,32.35,2408
2026-03-27 12:30:00,32.35,32.35,32.32,32.32,414
2026-03-27 12:31:00,32.32,32.33,32.29,32.33,5964
2026-03-27 12:32:00,32.33,32.33,32.25,32.25,24273
2026-03-27 12:33:00,32.25,32.29,32.25,32.29,319
2026-03-27 12:34:00,32.29,32.3,32.27,32.3,213
2026-03-27 12:35:00,32.3,32.3,32.25,32.28,13024
2026-03-27 12:36:00,32.28,32.31,32.28,32.3,3321
2026-03-27 12:37:00,32.31,32.31,32.28,32.31,510
2026-03-27 12:38:00,32.31,32.32,32.29,32.29,13439
2026-03-27 12:39:00,32.29,32.29,32.27,32.27,339
2026-03-27 12:40:00,32.29,32.3,32.28,32.3,1385
2026-03-27 12:41:00,32.3,32.3,32.28,32.3,471
2026-03-27 12:42:00,32.3,32.32,32.3,32.32,1940
2026-03-27 12:43:00,32.32,32.32,32.27,32.29,17768
2026-03-27 12:44:00,32.3,32.32,32.29,32.32,6018
2026-03-27 12:45:00,32.32,32.32,32.29,32.3,6909
2026-03-27 12:46:00,32.3,32.3,32.29,32.29,4162
2026-03-27 12:47:00,32.29,32.31,32.29,32.31,801
2026-03-27 12:48:00,32.31,32.31,32.3,32.3,758
2026-03-27 12:49:00,32.32,32.32,32.3,32.32,1713
2026-03-27 12:50:00,32.32,32.34,32.3,32.34,20192
2026-03-27 12:51:00,32.34,32.34,32.3,32.3,5291
2026-03-27 12:52:00,32.3,32.31,32.3,32.3,5435
2026-03-27 12:53:00,32.3,32.3,32.26,32.26,3774
2026-03-27 12:54:00,32.26,32.29,32.26,32.26,6526
2026-03-27 12:55:00,32.29,32.29,32.29,32.29,2743
2026-03-27 12:56:00,32.29,32.3,32.29,32.3,1773
2026-03-27 12:57:00,32.3,32.3,32.28,32.28,1804
2026-03-27 12:58:00,32.28,32.3,32.27,32.29,1761
2026-03-27 12:59:00,32.27,32.3,32.27,32.3,533
2026-03-27 13:00:00,32.3,32.3,32.3,32.3,1100
2026-03-27 13:01:00,32.3,32.3,32.26,32.29,1241
2026-03-27 13:02:00,32.29,32.29,32.27,32.29,2880
2026-03-27 13:03:00,32.29,32.3,32.26,32.3,769
2026-03-27 13:04:00,32.3,32.3,32.27,32.29,2759
2026-03-27 13:05:00,32.27,32.29,32.26,32.29,2039
2026-03-27 13:06:00,32.3,32.3,32.29,32.3,119
2026-03-27 13:07:00,32.3,32.31,32.27,32.29,11322
2026-03-27 13:08:00,32.29,32.31,32.29,32.3,333
2026-03-27 13:09:00,32.29,32.3,32.28,32.3,7901
2026-03-27 13:10:00,32.28,32.3,32.27,32.3,3020
2026-03-27 13:11:00,32.3,32.3,32.28,32.28,1115
2026-03-27 13:12:00,32.28,32.28,32.28,32.28,414
2026-03-27 13:13:00,32.28,32.28,32.26,32.27,8923
2026-03-27 13:14:00,32.28,32.29,32.28,32.29,2877
2026-03-27 13:15:00,32.29,32.29,32.27,32.28,13354
2026-03-27 13:16:00,32.28,32.3,32.28,32.29,6767
2026-03-27 13:17:00,32.29,32.34,32.29,32.3,15417
2026-03-27 13:18:00,32.3,32.33,32.28,32.31,2800
2026-03-27 13:19:00,32.29,32.29,32.29,32.29,5700
2026-03-27 13:20:00,32.29,32.29,32.25,32.25,15028
2026-03-27 13:21:00,32.25,32.27,32.25,32.27,13586
2026-03-27 13:22:00,32.27,32.29,32.27,32.29,724
2026-03-27 13:23:00,32.29,32.29,32.25,32.26,6535
2026-03-27 13:24:00,32.26,32.29,32.26,32.29,26103
2026-03-27 13:25:00,32.29,32.3,32.28,32.3,2863
2026-03-27 13:26:00,32.3,32.3,32.27,32.27,723
2026-03-27 13:27:00,32.3,32.3,32.27,32.28,634
2026-03-27 13:28:00,32.28,32.28,32.25,32.25,1518
2026-03-27 13:29:00,32.25,32.28,32.24,32.26,7781
2026-03-27 13:30:00,32.26,32.26,32.24,32.26,1238
2026-03-27 13:31:00,32.26,32.26,32.24,32.24,431
2026-03-27 13:32:00,32.24,32.26,32.22,32.22,8382
2026-03-27 13:33:00,32.21,32.23,32.21,32.21,7074
2026-03-27 13:34:00,32.21,32.23,32.2,32.21,7326
2026-03-27 13:35:00,32.2,32.21,32.14,32.16,81450
2026-03-27 13:36:00,32.14,32.2,32.14,32.18,12787
2026-03-27 13:37:00,32.18,32.19,32.15,32.15,9843
2026-03-27 13:38:00,32.15,32.17,32.14,32.16,12206
2026-03-27 13:39:00,32.16,32.18,32.16,32.16,2348
2026-03-27 13:40:00,32.16,32.18,32.16,32.18,1373
2026-03-27 13:41:00,32.18,32.19,32.16,32.18,2142
2026-03-27 13:42:00,32.19,32.2,32.19,32.2,9180
2026-03-27 13:43:00,32.22,32.26,32.21,32.24,13823
2026-03-27 13:44:00,32.24,32.24,32.21,32.21,2430
2026-03-27 13:45:00,32.24,32.24,32.2,32.23,7981
2026-03-27 13:46:00,32.23,32.23,32.22,32.22,120
2026-03-27 13:47:00,32.22,32.23,32.2,32.22,10318
2026-03-27 13:48:00,32.22,32.22,32.2,32.22,8082
2026-03-27 13:49:00,32.22,32.22,32.17,32.17,10748
2026-03-27 13:50:00,32.17,32.21,32.17,32.18,1336
2026-03-27 13:51:00,32.18,32.21,32.18,32.19,10968
2026-03-27 13:52:00,32.19,32.2,32.19,32.2,491
2026-03-27 13:53:00,32.2,32.2,32.18,32.18,4958
2026-03-27 13:54:00,32.19,32.2,32.17,32.2,1205
2026-03-27 13:55:00,32.2,32.2,32.16,32.19,4497
2026-03-27 13:56:00,32.17,32.2,32.15,32.15,10985
2026-03-27 13:57:00,32.19,32.2,32.17,32.17,822
2026-03-27 13:58:00,32.17,32.2,32.17,32.18,3458
2026-03-27 13:59:00,32.18,32.18,32.18,32.18,4391
2026-03-27 14:00:00,32.18,32.18,32.15,32.15,11998
2026-03-27 14:01:00,32.18,32.18,32.15,32.17,1577
2026-03-27 14:02:00,32.17,32.17,32.13,32.15,19115
2026-03-27 14:03:00,32.15,32.16,32.15,32.16,252
2026-03-27 14:04:00,32.16,32.16,32.16,32.16,1151
2026-03-27 14:05:00,32.16,32.17,32.16,32.16,4225
2026-03-27 14:06:00,32.16,32.17,32.12,32.12,18756
2026-03-27 14:07:00,32.12,32.15,32.11,32.11,6833
2026-03-27 14:08:00,32.11,32.14,32.11,32.14,1152
2026-03-27 14:09:00,32.14,32.14,32.14,32.14,250
2026-03-27 14:10:00,32.14,32.14,32.12,32.12,3367
2026-03-27 14:11:00,32.12,32.15,32.12,32.14,4481
2026-03-27 14:12:00,32.14,32.17,32.14,32.17,4990
2026-03-27 14:13:00,32.17,32.17,32.14,32.14,23772
2026-03-27 14:14:00,32.14,32.14,32.14,32.14,1606
2026-03-27 14:15:00,32.14,32.15,32.14,32.14,5440
2026-03-27 14:16:00,32.14,32.16,32.14,32.16,1364
2026-03-27 14:17:00,32.16,32.17,32.14,32.15,4636
2026-03-27 14:18:00,32.15,32.15,32.07,32.1,54863
2026-03-27 14:19:00,32.1,32.12,32.08,32.09,7605
2026-03-27 14:20:00,32.06,32.1,32.06,32.09,4709
2026-03-27 14:21:00,32.09,32.09,32.07,32.08,10723
2026-03-27 14:22:00,32.08,32.08,32.05,32.05,6642
2026-03-27 14:23:00,32.05,32.08,32.05,32.08,8644
2026-03-27 14:24:00,32.08,32.13,32.08,32.1,63502
2026-03-27 14:25:00,32.13,32.13,32.11,32.11,3130
2026-03-27 14:26:00,32.11,32.14,32.09,32.09,23016
2026-03-27 14:27:00,32.09,32.13,32.09,32.13,5775
2026-03-27 14:28:00,32.13,32.13,32.03,32.11,93136
2026-03-27 14:29:00,32.1,32.1,32.07,32.1,3452
2026-03-27 14:30:00,32.1,32.12,32.09,32.11,6713
2026-03-27 14:31:00,32.11,32.13,32.09,32.09,5801
2026-03-27 14:32:00,32.09,32.11,32.09,32.09,9279
2026-03-27 14:33:00,32.09,32.09,32.08,32.08,3644
2026-03-27 14:34:00,32.08,32.08,32.06,32.07,14729
2026-03-27 14:35:00,32.07,32.08,32.05,32.06,13869
2026-03-27 14:36:00,32.06,32.06,32.04,32.06,13760
2026-03-27 14:37:00,32.02,32.05,32.02,32.04,8180
2026-03-27 14:38:00,32.04,32.05,32.01,32.01,34470
2026-03-27 14:39:00,32.01,32.02,32.0,32.0,7349
2026-03-27 14:40:00,32.02,32.02,31.98,31.98,109769
2026-03-27 14:41:00,32.01,32.02,31.98,32.02,32673
2026-03-27 14:42:00,32.02,32.05,32.01,32.05,22709
2026-03-27 14:43:00,32.05,32.06,32.04,32.05,4878
2026-03-27 14:44:00,32.05,32.06,32.04,32.04,17534
2026-03-27 14:45:00,32.0,32.03,31.91,31.98,132679
2026-03-27 14:46:00,31.99,32.0,31.97,31.98,21454
2026-03-27 14:47:00,31.98,32.01,31.98,32.01,12961
2026-03-27 14:48:00,32.01,32.02,31.98,32.01,4949
2026-03-27 14:49:00,32.01,32.06,32.01,32.01,55619
2026-03-27 14:50:00,32.02,32.02,31.97,31.99,27807
2026-03-27 14:51:00,31.95,31.98,31.95,31.98,22333
2026-03-27 14:52:00,31.96,31.98,31.92,31.95,64022
2026-03-27 14:53:00,31.95,31.95,31.91,31.91,18070
2026-03-27 14:54:00,31.92,31.92,31.9,31.92,23326
2026-03-27 14:55:00,31.92,31.92,31.85,31.87,81144
2026-03-27 14:56:00,31.87,31.87,31.8,31.8,35648
2026-03-27 14:57:00,31.8,31.83,31.76,31.78,44608
2026-03-27 14:58:00,31.76,31.8,31.75,31.8,32962
2026-03-27 14:59:00,31.8,31.9,31.76,31.9,112878
2026-03-27 15:00:00,31.85,31.92,31.61,31.79,595070
2026-03-27 15:01:00,31.75,31.75,31.55,31.64,398835
2026-03-27 15:02:00,31.56,31.58,31.4,31.48,506237
2026-03-27 15:03:00,31.45,31.46,31.4,31.43,388638
2026-03-27 15:04:00,31.44,31.99,31.41,31.98,539904
2026-03-27 15:05:00,31.85,32.0,31.85,32.0,459198
2026-03-27 15:06:00,31.97,31.99,31.86,31.88,447540
2026-03-27 15:07:00,31.87,32.01,31.87,32.0,562972
2026-03-27 15:08:00,32.07,32.1,31.95,31.95,482818
2026-03-27 15:09:00,31.98,32.09,31.95,32.06,352976
2026-03-27 15:10:00,32.05,32.1,32.02,32.05,484103
2026-03-27 15:11:00,32.08,32.18,32.08,32.14,507904
2026-03-27 15:12:00,32.21,32.34,32.18,32.34,610076
2026-03-27 15:13:00,32.32,32.4,32.31,32.31,487659
2026-03-27 15:14:00,32.31,32.59,32.31,32.55,605157
2026-03-27 15:15:00,32.54,32.54,32.32,32.4,708274
2026-03-27 15:16:00,32.39,32.54,32.39,32.53,538714
2026-03-27 15:17:00,32.47,32.65,32.47,32.56,586102
2026-03-27 15:18:00,32.63,32.72,32.5,32.69,432620
2026-03-27 15:19:00,32.75,32.93,32.69,32.74,569259
2026-03-27 15:20:00,32.75,32.83,32.41,32.45,479248
2026-03-27 15:21:00,32.4,32.51,32.26,32.44,432202
2026-03-27 15:22:00,32.43,32.48,32.23,32.3,428114
2026-03-27 15:23:00,32.42,32.46,32.3,32.36,344632
2026-03-27 15:24:00,32.33,32.45,32.27,32.45,504184
2026-03-27 15:25:00,32.53,32.55,32.38,32.38,347266
2026-03-27 15:26:00,32.37,32.56,32.32,32.32,372625
2026-03-27 15:27:00,32.45,32.45,32.31,32.4,386115
2026-03-27 15:28:00,32.41,32.54,32.35,32.52,170095
2026-03-27 15:29:00,32.43,32.43,32.29,32.29,90231
2026-03-30 09:15:00,32.0,32.0,31.43,31.43,123885
2026-03-30 09:16:00,31.42,31.45,31.33,31.33,93506
2026-03-30 09:17:00,31.4,31.61,31.35,31.56,104470
2026-03-30 09:18:00,31.56,31.64,31.5,31.6,58030
2026-03-30 09:19:00,31.59,31.6,31.51,31.57,69588
2026-03-30 09:20:00,31.52,31.6,31.52,31.54,51737
2026-03-30 09:21:00,31.57,31.63,31.52,31.56,64140
2026-03-30 09:22:00,31.59,31.62,31.55,31.58,30421
2026-03-30 09:23:00,31.6,31.69,31.6,31.67,45775
2026-03-30 09:24:00,31.68,31.68,31.62,31.63,28953
2026-03-30 09:25:00,31.6,31.71,31.6,31.67,141920
2026-03-30 09:26:00,31.65,31.67,31.61,31.61,65284
2026-03-30 09:27:00,31.65,31.75,31.65,31.73,84690
2026-03-30 09:28:00,31.69,31.72,31.65,31.7,14991
2026-03-30 09:29:00,31.72,31.78,31.72,31.75,29218
2026-03-30 09:30:00,31.74,31.83,31.74,31.82,33735
2026-03-30 09:31:00,31.83,31.87,31.82,31.86,53139
2026-03-30 09:32:00,31.91,31.91,31.81,31.83,64155
2026-03-30 09:33:00,31.8,31.89,31.8,31.83,59747
2026-03-30 09:34:00,31.83,31.92,31.83,31.92,55845
2026-03-30 09:35:00,31.89,31.9,31.86,31.86,13768
2026-03-30 09:36:00,31.87,31.94,31.87,31.94,11370
2026-03-30 09:37:00,31.92,31.94,31.89,31.91,19742
2026-03-30 09:38:00,31.91,31.93,31.85,31.87,11602
2026-03-30 09:39:00,31.87,31.87,31.82,31.85,42838
2026-03-30 09:40:00,31.81,31.91,31.81,31.91,20769
2026-03-30 09:41:00,31.9,31.95,31.9,31.93,84483
2026-03-30 09:42:00,31.96,31.98,31.93,31.95,43809
2026-03-30 09:43:00,31.95,31.96,31.91,31.94,17789
2026-03-30 09:44:00,31.95,32.04,31.94,32.04,47614
2026-03-30 09:45:00,32.02,32.08,32.02,32.03,26300
2026-03-30 09:46:00,32.03,32.09,32.03,32.06,22528
2026-03-30 09:47:00,32.08,32.13,32.05,32.06,48891
2026-03-30 09:48:00,32.07,32.07,32.01,32.04,26716
2026-03-30 09:49:00,32.0,32.02,31.96,31.97,52980
2026-03-30 09:50:00,31.97,31.99,31.97,31.99,8650
2026-03-30 09:51:00,31.99,32.05,31.99,32.01,52153
2026-03-30 09:52:00,32.01,32.02,31.99,32.0,7176
2026-03-30 09:53:00,31.98,31.98,31.92,31.95,5060
2026-03-30 09:54:00,31.95,31.95,31.92,31.92,758
2026-03-30 09:55:00,31.91,31.92,31.88,31.88,5098
2026-03-30 09:56:00,31.9,31.9,31.87,31.87,7138
2026-03-30 09:57:00,31.87,31.87,31.82,31.82,23704
2026-03-30 09:58:00,31.82,31.83,31.78,31.78,9568
2026-03-30 09:59:00,31.81,31.81,31.77,31.79,4310
2026-03-30 10:00:00,31.8,31.81,31.76,31.76,12047
2026-03-30 10:01:00,31.75,31.77,31.74,31.77,4181
2026-03-30 10:02:00,31.77,31.77,31.72,31.72,62834
2026-03-30 10:03:00,31.72,31.75,31.72,31.75,11463
2026-03-30 10:04:00,31.75,31.75,31.7,31.7,9320
2026-03-30 10:05:00,31.7,31.73,31.7,31.7,2520
2026-03-30 10:06:00,31.7,31.73,31.69,31.73,23237
2026-03-30 10:07:00,31.73,31.73,31.68,31.68,5974
2026-03-30 10:08:00,31.71,31.71,31.66,31.66,14414
2026-03-30 10:09:00,31.66,31.68,31.62,31.63,28988
2026-03-30 10:10:00,31.65,31.66,31.61,31.65,16541
2026-03-30 10:11:00,31.65,31.66,31.61,31.64,4548
2026-03-30 10:12:00,31.6,31.61,31.58,31.6,26530
2026-03-30 10:13:00,31.6,31.61,31.56,31.59,9564
2026-03-30 10:14:00,31.6,31.65,31.6,31.64,33903
2026-03-30 10:15:00,31.64,31.64,31.59,31.59,11718
2026-03-30 10:16:00,31.59,31.59,31.51,31.51,32123
2026-03-30 10:17:00,31.52,31.53,31.51,31.53,81871
2026-03-30 10:18:00,31.5,31.5,31.46,31.48,24676
2026-03-30 10:19:00,31.48,31.48,31.45,31.48,5532
2026-03-30 10:20:00,31.48,31.48,31.45,31.47,22957
2026-03-30 10:21:00,31.43,31.48,31.43,31.45,10057
2026-03-30 10:22:00,31.45,31.45,31.43,31.45,5577
2026-03-30 10:23:00,31.46,31.46,31.45,31.45,13890
2026-03-30 10:24:00,31.45,31.46,31.45,31.45,22660
2026-03-30 10:25:00,31.44,31.49,31.43,31.49,14843
2026-03-30 10:26:00,31.49,31.52,31.47,31.5,102715
2026-03-30 10:27:00,31.5,31.51,31.42,31.42,32181
2026-03-30 10:28:00,31.45,31.45,31.41,31.41,12788
2026-03-30 10:29:00,31.41,31.5,31.41,31.49,65179
2026-03-30 10:30:00,31.49,31.49,31.47,31.48,5328
2026-03-30 10:31:00,31.49,31.49,31.41,31.41,18007
2026-03-30 10:32:00,31.41,31.45,31.41,31.43,5656
2026-03-30 10:33:00,31.41,31.44,31.41,31.41,28589
2026-03-30 10:34:00,31.41,31.46,31.41,31.45,21004
2026-03-30 10:35:00,31.45,31.47,31.43,31.46,3377
2026-03-30 10:36:00,31.46,31.48,31.44,31.44,3477
2026-03-30 10:37:00,31.44,31.48,31.44,31.47,8435
2026-03-30 10:38:00,31.47,31.53,31.45,31.52,51584
2026-03-30 10:39:00,31.52,31.52,31.46,31.47,28297
2026-03-30 10:40:00,31.47,31.47,31.4,31.42,23860
2026-03-30 10:41:00,31.4,31.44,31.37,31.39,111236
2026-03-30 10:42:00,31.39,31.4,31.38,31.4,1660
2026-03-30 10:43:00,31.4,31.42,31.39,31.42,22036
2026-03-30 10:44:00,31.42,31.43,31.4,31.42,8062
2026-03-30 10:45:00,31.4,31.42,31.4,31.4,3617
2026-03-30 10:46:00,31.42,31.43,31.42,31.43,2607
2026-03-30 10:47:00,31.43,31.45,31.4,31.42,4610
2026-03-30 10:48:00,31.42,31.44,31.41,31.41,753
2026-03-30 10:49:00,31.4,31.43,31.4,31.42,1417
2026-03-30 10:50:00,31.42,31.44,31.41,31.44,1915
2026-03-30 10:51:00,31.44,31.44,31.41,31.41,2034
2026-03-30 10:52:00,31.44,31.44,31.44,31.44,1253
2026-03-30 10:53:00,31.43,31.43,31.4,31.41,97934
2026-03-30 10:54:00,31.42,31.43,31.41,31.43,3687
2026-03-30 10:55:00,31.43,31.43,31.41,31.43,752
2026-03-30 10:56:00,31.43,31.49,31.42,31.47,76329
2026-03-30 10:57:00,31.47,31.49,31.47,31.47,2886
2026-03-30 10:58:00,31.47,31.48,31.45,31.45,6460
2026-03-30 10:59:00,31.46,31.47,31.42,31.44,4064
2026-03-30 11:00:00,31.44,31.45,31.42,31.45,17042
2026-03-30 11:01:00,31.46,31.48,31.45,31.47,5289
2026-03-30 11:02:00,31.47,31.48,31.45,31.47,11561
2026-03-30 11:03:00,31.47,31.47,31.45,31.47,1506
2026-03-30 11:04:00,31.47,31.47,31.45,31.47,7864
2026-03-30 11:05:00,31.47,31.47,31.45,31.45,3597
2026-03-30 11:06:00,31.47,31.47,31.45,31.47,3347
2026-03-30 11:07:00,31.47,31.47,31.45,31.47,895
2026-03-30 11:08:00,31.45,31.47,31.45,31.47,9326
2026-03-30 11:09:00,31.47,31.47,31.43,31.45,5097
2026-03-30 11:10:00,31.43,31.45,31.42,31.45,1198
2026-03-30 11:11:00,31.45,31.46,31.43,31.46,7161
2026-03-30 11:12:00,31.46,31.46,31.43,31.46,3618
2026-03-30 11:13:00,31.45,31.46,31.45,31.46,329
2026-03-30 11:14:00,31.48,31.48,31.46,31.48,18127
2026-03-30 11:15:00,31.49,31.49,31.45,31.45,3112
2026-03-30 11:16:00,31.45,31.55,31.45,31.55,31970
2026-03-30 11:17:00,31.52,31.55,31.45,31.51,24139
2026-03-30 11:18:00,31.51,31.51,31.48,31.5,4208
2026-03-30 11:19:00,31.5,31.51,31.47,31.5,13606
2026-03-30 11:20:00,31.5,31.54,31.5,31.53,9517
2026-03-30 11:21:00,31.55,31.58,31.55,31.58,16182
2026-03-30 11:22:00,31.58,31.58,31.51,31.51,7002
2026-03-30 11:23:00,31.51,31.52,31.49,31.5,7416
2026-03-30 11:24:00,31.51,31.51,31.48,31.48,3899
2026-03-30 11:25:00,31.48,31.48,31.45,31.46,3266
2026-03-30 11:26:00,31.46,31.48,31.45,31.45,5251
2026-03-30 11:27:00,31.47,31.48,31.45,31.48,3763
2026-03-30 11:28:00,31.45,31.48,31.45,31.48,2850
2026-03-30 11:29:00,31.45,31.48,31.45,31.46,2041
2026-03-30 11:30:00,31.46,31.48,31.45,31.45,4063
2026-03-30 11:31:00,31.48,31.56,31.45,31.56,28685
2026-03-30 11:32:00,31.53,31.57,31.53,31.55,4993
2026-03-30 11:33:00,31.55,31.55,31.48,31.5,5641
2026-03-30 11:34:00,31.5,31.54,31.49,31.51,4359
2026-03-30 11:35:00,31.51,31.57,31.51,31.54,14947
2026-03-30 11:36:00,31.54,31.55,31.52,31.54,2759
2026-03-30 11:37:00,31.54,31.55,31.51,31.52,3193
2026-03-30 11:38:00,31.52,31.55,31.52,31.52,2953
2026-03-30 11:39:00,31.52,31.55,31.51,31.51,16074
2026-03-30 11:40:00,31.51,31.55,31.51,31.55,3157
2026-03-30 11:41:00,31.55,31.55,31.49,31.49,33120
2026-03-30 11:42:00,31.49,31.5,31.49,31.49,1560
2026-03-30 11:43:00,31.5,31.5,31.46,31.46,866
2026-03-30 11:44:00,31.46,31.49,31.46,31.46,1319
2026-03-30 11:45:00,31.48,31.49,31.45,31.48,3001
2026-03-30 11:46:00,31.46,31.49,31.46,31.49,1706
2026-03-30 11:47:00,31.46,31.49,31.46,31.48,2596
2026-03-30 11:48:00,31.48,31.49,31.45,31.49,3434
2026-03-30 11:49:00,31.49,31.49,31.46,31.46,1506
2026-03-30 11:50:00,31.46,31.49,31.46,31.49,433
2026-03-30 11:51:00,31.49,31.49,31.45,31.48,1810
2026-03-30 11:52:00,31.45,31.48,31.45,31.45,679
2026-03-30 11:53:00,31.48,31.48,31.45,31.48,2715
2026-03-30 11:54:00,31.48,31.48,31.48,31.48,23683
2026-03-30 11:55:00,31.5,31.54,31.48,31.54,5504
2026-03-30 11:56:00,31.54,31.55,31.5,31.5,10792
2026-03-30 11:57:00,31.5,31.54,31.5,31.5,12438
2026-03-30 11:58:00,31.5,31.53,31.49,31.49,176
2026-03-30 11:59:00,31.52,31.52,31.49,31.52,2157
2026-03-30 12:00:00,31.49,31.52,31.49,31.52,2945
2026-03-30 12:01:00,31.49,31.51,31.45,31.45,26796
2026-03-30 12:02:00,31.48,31.55,31.45,31.52,30015
2026-03-30 12:03:00,31.52,31.6,31.51,31.55,40320
2026-03-30 12:04:00,31.55,31.57,31.5,31.53,7832
2026-03-30 12:05:00,31.53,31.56,31.5,31.55,2418
2026-03-30 12:06:00,31.55,31.58,31.51,31.53,2543
2026-03-30 12:07:00,31.51,31.53,31.46,31.48,41880
2026-03-30 12:08:00,31.48,31.48,31.46,31.46,2241
2026-03-30 12:09:00,31.46,31.51,31.46,31.49,5062
2026-03-30 12:10:00,31.49,31.51,31.49,31.5,2143
2026-03-30 12:11:00,31.5,31.51,31.5,31.5,53
2026-03-30 12:12:00,31.5,31.53,31.5,31.53,4258
2026-03-30 12:13:00,31.53,31.53,31.5,31.5,2731
2026-03-30 12:14:00,31.5,31.52,31.5,31.52,350
2026-03-30 12:15:00,31.52,31.53,31.51,31.53,2027
2026-03-30 12:16:00,31.52,31.56,31.52,31.56,7143
2026-03-30 12:17:00,31.56,31.56,31.54,31.54,9198
2026-03-30 12:18:00,31.54,31.58,31.52,31.58,15330
2026-03-30 12:19:00,31.58,31.59,31.54,31.56,30488
2026-03-30 12:20:00,31.56,31.58,31.56,31.58,3499
2026-03-30 12:21:00,31.58,31.62,31.58,31.59,33750
2026-03-30 12:22:00,31.59,31.62,31.56,31.57,5717
2026-03-30 12:23:00,31.57,31.57,31.51,31.54,1435
2026-03-30 12:24:00,31.54,31.54,31.51,31.52,45937
2026-03-30 12:25:00,31.52,31.54,31.5,31.54,85378
2026-03-30 12:26:00,31.54,31.54,31.5,31.53,3432
2026-03-30 12:27:00,31.5,31.53,31.5,31.51,2028
2026-03-30 12:28:00,31.51,31.51,31.5,31.51,2381
2026-03-30 12:29:00,31.51,31.53,31.5,31.53,6028
2026-03-30 12:30:00,31.54,31.54,31.52,31.54,6598
2026-03-30 12:31:00,31.52,31.53,31.5,31.53,9276
2026-03-30 12:32:00,31.53,31.53,31.5,31.53,120
2026-03-30 12:33:00,31.53,31.53,31.5,31.5,5126
2026-03-30 12:34:00,31.5,31.54,31.5,31.5,9017
2026-03-30 12:35:00,31.53,31.53,31.46,31.47,34522
2026-03-30 12:36:00,31.47,31.47,31.44,31.44,41385
2026-03-30 12:37:00,31.44,31.47,31.43,31.46,13241
2026-03-30 12:38:00,31.43,31.46,31.43,31.45,10752
2026-03-30 12:39:00,31.45,31.5,31.43,31.5,23971
2026-03-30 12:40:00,31.51,31.53,31.5,31.53,9659
2026-03-30 12:41:00,31.53,31.59,31.53,31.59,11394
2026-03-30 12:42:00,31.59,31.59,31.53,31.55,32312
2026-03-30 12:43:00,31.55,31.57,31.54,31.56,2111
2026-03-30 12:44:00,31.56,31.57,31.55,31.56,294
2026-03-30 12:45:00,31.57,31.57,31.57,31.57,8092
2026-03-30 12:46:00,31.57,31.57,31.54,31.56,16532
2026-03-30 12:47:00,31.56,31.56,31.53,31.53,1939
2026-03-30 12:48:00,31.54,31.55,31.53,31.55,1937
2026-03-30 12:49:00,31.55,31.55,31.52,31.52,15791
2026-03-30 12:50:00,31.52,31.54,31.51,31.54,2120
2026-03-30 12:51:00,31.54,31.57,31.51,31.57,5318
2026-03-30 12:52:00,31.54,31.57,31.52,31.52,10672
2026-03-30 12:53:00,31.52,31.55,31.52,31.54,914
2026-03-30 12:54:00,31.52,31.56,31.52,31.56,7824
2026-03-30 12:55:00,31.56,31.56,31.52,31.52,12191
2026-03-30 12:56:00,31.52,31.55,31.51,31.53,7161
2026-03-30 12:57:00,31.51,31.54,31.51,31.54,2290
2026-03-30 12:58:00,31.54,31.55,31.52,31.52,12773
2026-03-30 12:59:00,31.54,31.54,31.51,31.54,10667
2026-03-30 13:00:00,31.54,31.55,31.54,31.54,1001
2026-03-30 13:01:00,31.54,31.54,31.51,31.54,8036
2026-03-30 13:02:00,31.54,31.54,31.51,31.51,107
2026-03-30 13:03:00,31.53,31.53,31.51,31.53,87
2026-03-30 13:04:00,31.52,31.53,31.52,31.52,5905
2026-03-30 13:05:00,31.53,31.54,31.5,31.53,27677
2026-03-30 13:06:00,31.53,31.58,31.53,31.55,115947
2026-03-30 13:07:00,31.55,31.57,31.49,31.49,9121
2026-03-30 13:08:00,31.49,31.52,31.49,31.5,4827
2026-03-30 13:09:00,31.5,31.5,31.49,31.49,3180
2026-03-30 13:10:00,31.5,31.5,31.49,31.49,2309
2026-03-30 13:11:00,31.49,31.5,31.47,31.49,9986
2026-03-30 13:12:00,31.5,31.54,31.5,31.5,902
2026-03-30 13:13:00,31.5,31.54,31.49,31.5,22016
2026-03-30 13:14:00,31.51,31.52,31.49,31.49,2831
2026-03-30 13:15:00,31.49,31.53,31.49,31.49,1559
2026-03-30 13:16:00,31.49,31.54,31.49,31.54,7473
2026-03-30 13:17:00,31.54,31.54,31.5,31.5,3349
2026-03-30 13:18:00,31.53,31.53,31.5,31.5,5015
2026-03-30 13:19:00,31.5,31.5,31.48,31.5,13991
2026-03-30 13:20:00,31.5,31.5,31.48,31.48,1405
2026-03-30 13:21:00,31.48,31.54,31.48,31.49,43584
2026-03-30 13:22:00,31.49,31.51,31.49,31.5,130
2026-03-30 13:23:00,31.51,31.51,31.51,31.51,1336
2026-03-30 13:24:00,31.5,31.51,31.5,31.51,3862
2026-03-30 13:25:00,31.51,31.51,31.48,31.51,26731
2026-03-30 13:26:00,31.51,31.51,31.46,31.46,4754
2026-03-30 13:27:00,31.46,31.47,31.46,31.47,1893
2026-03-30 13:28:00,31.47,31.49,31.47,31.47,613
2026-03-30 13:29:00,31.47,31.49,31.46,31.49,3635
2026-03-30 13:30:00,31.49,31.49,31.46,31.46,558
2026-03-30 13:31:00,31.46,31.49,31.46,31.48,1175
2026-03-30 13:32:00,31.48,31.49,31.48,31.49,203
2026-03-30 13:33:00,31.49,31.49,31.48,31.49,6364
2026-03-30 13:34:00,31.49,31.52,31.48,31.52,20767
2026-03-30 13:35:00,31.52,31.57,31.52,31.55,14533
2026-03-30 13:36:00,31.54,31.54,31.5,31.5,7407
2026-03-30 13:37:00,31.5,31.52,31.5,31.5,2106
2026-03-30 13:38:00,31.52,31.52,31.49,31.52,1364
2026-03-30 13:39:00,31.52,31.52,31.52,31.52,685
2026-03-30 13:40:00,31.5,31.52,31.46,31.47,8110
2026-03-30 13:41:00,31.47,31.51,31.45,31.49,8892
2026-03-30 13:42:00,31.49,31.49,31.44,31.49,56198
2026-03-30 13:43:00,31.49,31.49,31.45,31.48,344
2026-03-30 13:44:00,31.48,31.48,31.45,31.46,1613
2026-03-30 13:45:00,31.46,31.48,31.45,31.48,8217
2026-03-30 13:46:00,31.46,31.49,31.45,31.45,8817
2026-03-30 13:47:00,31.45,31.47,31.44,31.47,16687
2026-03-30 13:48:00,31.46,31.47,31.44,31.47,7581
2026-03-30 13:49:00,31.47,31.47,31.43,31.44,10268
2026-03-30 13:50:00,31.43,31.46,31.43,31.44,3175
2026-03-30 13:51:00,31.44,31.46,31.44,31.46,2390
2026-03-30 13:52:00,31.44,31.47,31.44,31.47,5179
2026-03-30 13:53:00,31.45,31.46,31.45,31.46,2441
2026-03-30 13:54:00,31.46,31.46,31.46,31.46,103
2026-03-30 13:55:00,31.45,31.47,31.45,31.45,6064
2026-03-30 13:56:00,31.45,31.46,31.42,31.42,9678
2026-03-30 13:57:00,31.43,31.44,31.42,31.43,7032
2026-03-30 13:58:00,31.43,31.45,31.43,31.45,2029
2026-03-30 13:59:00,31.45,31.45,31.43,31.43,4112
2026-03-30 14:00:00,31.43,31.47,31.43,31.47,6941
2026-03-30 14:01:00,31.47,31.47,31.46,31.47,1393
2026-03-30 14:02:00,31.47,31.47,31.44,31.44,5033
2026-03-30 14:03:00,31.52,31.52,31.46,31.52,58968
2026-03-30 14:04:00,31.52,31.52,31.49,31.51,4029
2026-03-30 14:05:00,31.51,31.52,31.5,31.52,942
2026-03-30 14:06:00,31.52,31.52,31.5,31.52,9646
2026-03-30 14:07:00,31.52,31.52,31.5,31.52,1357
2026-03-30 14:08:00,31.5,31.54,31.5,31.54,4443
2026-03-30 14:09:00,31.54,31.54,31.51,31.52,19003
2026-03-30 14:10:00,31.52,31.53,31.5,31.51,9785
2026-03-30 14:11:00,31.5,31.52,31.45,31.48,21674
2026-03-30 14:12:00,31.48,31.48,31.45,31.48,550
2026-03-30 14:13:00,31.48,31.48,31.45,31.48,5082
2026-03-30 14:14:00,31.48,31.48,31.45,31.47,30962
2026-03-30 14:15:00,31.47,31.48,31.45,31.48,7266
2026-03-30 14:16:00,31.45,31.51,31.45,31.51,10405
2026-03-30 14:17:00,31.48,31.51,31.47,31.47,1126
2026-03-30 14:18:00,31.47,31.5,31.47,31.5,2737
2026-03-30 14:19:00,31.5,31.52,31.49,31.49,2442
2026-03-30 14:20:00,31.49,31.52,31.47,31.5,8872
2026-03-30 14:21:00,31.5,31.5,31.48,31.5,6662
2026-03-30 14:22:00,31.5,31.5,31.48,31.5,6073
2026-03-30 14:23:00,31.47,31.49,31.45,31.48,63818
2026-03-30 14:24:00,31.48,31.48,31.45,31.47,2243
2026-03-30 14:25:00,31.47,31.48,31.43,31.43,35440
2026-03-30 14:26:00,31.43,31.46,31.43,31.46,7335
2026-03-30 14:27:00,31.46,31.47,31.43,31.46,10292
2026-03-30 14:28:00,31.44,31.46,31.44,31.46,4057
2026-03-30 14:29:00,31.46,31.47,31.46,31.46,2334
2026-03-30 14:30:00,31.46,31.46,31.44,31.46,2787
2026-03-30 14:31:00,31.44,31.48,31.43,31.44,28955
2026-03-30 14:32:00,31.43,31.47,31.43,31.44,7945
2026-03-30 14:33:00,31.47,31.47,31.43,31.45,6082
2026-03-30 14:34:00,31.44,31.45,31.44,31.44,2202
2026-03-30 14:35:00,31.44,31.47,31.44,31.47,7012
2026-03-30 14:36:00,31.47,31.47,31.44,31.47,6081
2026-03-30 14:37:00,31.48,31.49,31.47,31.49,6010
2026-03-30 14:38:00,31.49,31.49,31.44,31.47,3496
2026-03-30 14:39:00,31.46,31.46,31.43,31.45,11092
2026-03-30 14:40:00,31.45,31.45,31.44,31.44,1259
2026-03-30 14:41:00,31.44,31.44,31.42,31.42,4877
2026-03-30 14:42:00,31.44,31.48,31.44,31.44,55224
2026-03-30 14:43:00,31.44,31.45,31.4,31.42,10707
2026-03-30 14:44:00,31.45,31.45,31.4,31.4,5615
2026-03-30 14:45:00,31.42,31.42,31.4,31.4,10796
2026-03-30 14:46:00,31.41,31.44,31.4,31.42,131880
2026-03-30 14:47:00,31.42,31.42,31.36,31.36,17117
2026-03-30 14:48:00,31.36,31.38,31.35,31.37,142142
2026-03-30 14:49:00,31.35,31.39,31.35,31.38,5805
2026-03-30 14:50:00,31.39,31.4,31.35,31.39,28420
2026-03-30 14:51:00,31.36,31.39,31.35,31.39,12660
2026-03-30 14:52:00,31.39,31.39,31.35,31.35,50983
2026-03-30 14:53:00,31.35,31.39,31.35,31.36,3366
2026-03-30 14:54:00,31.36,31.38,31.35,31.36,68643
2026-03-30 14:55:00,31.35,31.36,31.35,31.36,8826
2026-03-30 14:56:00,31.36,31.38,31.36,31.38,1288
2026-03-30 14:57:00,31.38,31.38,31.36,31.38,28213
2026-03-30 14:58:00,31.36,31.4,31.35,31.39,34107
2026-03-30 14:59:00,31.39,31.39,31.35,31.35,1726
2026-03-30 15:00:00,31.35,31.37,31.34,31.36,8856
2026-03-30 15:01:00,31.33,31.35,31.31,31.34,22970
2026-03-30 15:02:00,31.3,31.32,31.3,31.3,18564
2026-03-30 15:03:00,31.32,31.32,31.25,31.25,23495
2026-03-30 15:04:00,31.24,31.25,31.22,31.22,29806
2026-03-30 15:05:00,31.23,31.27,31.21,31.25,45806
2026-03-30 15:06:00,31.22,31.26,31.22,31.24,32321
2026-03-30 15:07:00,31.26,31.28,31.2,31.26,60936
2026-03-30 15:08:00,31.26,31.32,31.23,31.32,72937
2026-03-30 15:09:00,31.29,31.43,31.28,31.43,166319
2026-03-30 15:10:00,31.38,31.46,31.38,31.41,48278
2026-03-30 15:11:00,31.43,31.49,31.42,31.48,49331
2026-03-30 15:12:00,31.45,31.5,31.45,31.49,53705
2026-03-30 15:13:00,31.49,31.5,31.46,31.49,45426
2026-03-30 15:14:00,31.47,31.5,31.45,31.5,60020
2026-03-30 15:15:00,31.48,31.52,31.48,31.52,78381
2026-03-30 15:16:00,31.52,31.6,31.5,31.59,100114
2026-03-30 15:17:00,31.6,31.61,31.55,31.55,56804
2026-03-30 15:18:00,31.59,31.59,31.55,31.58,75968
2026-03-30 15:19:00,31.55,31.58,31.54,31.56,53501
2026-03-30 15:20:00,31.52,31.55,31.5,31.53,93557
2026-03-30 15:21:00,31.5,31.5,31.45,31.47,45561
2026-03-30 15:22:00,31.32,31.32,31.23,31.25,80067
2026-03-30 15:23:00,31.25,31.3,31.25,31.26,42602
2026-03-30 15:24:00,31.28,31.29,31.24,31.26,271612
2026-03-30 15:25:00,31.22,31.28,31.21,31.24,62316
2026-03-30 15:26:00,31.2,31.27,31.2,31.26,56854
2026-03-30 15:27:00,31.28,31.28,31.23,31.23,67728
2026-03-30 15:28:00,31.21,31.25,31.21,31.25,41026
2026-03-30 15:29:00,31.25,31.25,31.2,31.2,60170
2026-04-01 09:15:00,32.45,32.49,31.96,32.08,178553
2026-04-01 09:16:00,32.09,32.34,32.07,32.28,95455
2026-04-01 09:17:00,32.31,32.31,32.23,32.23,57639
2026-04-01 09:18:00,32.2,32.27,32.19,32.25,24997
2026-04-01 09:19:00,32.26,32.26,32.23,32.26,28663
2026-04-01 09:20:00,32.26,32.36,32.26,32.32,70600
2026-04-01 09:21:00,32.31,32.45,32.31,32.41,119264
2026-04-01 09:22:00,32.4,32.43,32.36,32.4,76994
2026-04-01 09:23:00,32.37,32.4,32.37,32.38,23495
2026-04-01 09:24:00,32.38,32.4,32.36,32.37,4381
2026-04-01 09:25:00,32.36,32.39,32.32,32.32,50831
2026-04-01 09:26:00,32.33,32.33,32.27,32.28,79219
2026-04-01 09:27:00,32.28,32.28,32.21,32.27,38745
2026-04-01 09:28:00,32.29,32.3,32.25,32.28,16305
2026-04-01 09:29:00,32.26,32.34,32.26,32.34,21935
2026-04-01 09:30:00,32.32,32.32,32.26,32.31,115810
2026-04-01 09:31:00,32.26,32.29,32.19,32.19,55794
2026-04-01 09:32:00,32.19,32.19,32.11,32.12,43014
2026-04-01 09:33:00,32.14,32.16,32.1,32.14,23776
2026-04-01 09:34:00,32.14,32.15,32.11,32.15,29642
2026-04-01 09:35:00,32.16,32.16,32.09,32.1,13457
2026-04-01 09:36:00,32.08,32.09,32.06,32.07,24747
2026-04-01 09:37:00,32.04,32.09,32.04,32.08,15934
2026-04-01 09:38:00,32.08,32.08,32.0,32.0,40853
2026-04-01 09:39:00,32.0,32.06,31.98,32.04,60208
2026-04-01 09:40:00,32.04,32.09,32.04,32.08,13452
2026-04-01 09:41:00,32.08,32.11,32.08,32.11,44366
2026-04-01 09:42:00,32.12,32.12,32.09,32.09,5538
2026-04-01 09:43:00,32.09,32.09,32.04,32.04,22271
2026-04-01 09:44:00,32.04,32.06,32.02,32.03,12099
2026-04-01 09:45:00,32.04,32.08,32.04,32.06,18284
2026-04-01 09:46:00,32.06,32.09,32.06,32.06,6216
2026-04-01 09:47:00,32.09,32.12,32.07,32.11,29702
2026-04-01 09:48:00,32.11,32.15,32.11,32.12,6620
2026-04-01 09:49:00,32.15,32.24,32.15,32.24,10408
2026-04-01 09:50:00,32.24,32.24,32.2,32.23,44408
2026-04-01 09:51:00,32.23,32.25,32.22,32.24,5397
2026-04-01 09:52:00,32.25,32.25,32.22,32.23,1908
2026-04-01 09:53:00,32.23,32.23,32.2,32.23,10091
2026-04-01 09:54:00,32.23,32.25,32.23,32.25,4347
2026-04-01 09:55:00,32.25,32.29,32.25,32.25,26097
2026-04-01 09:56:00,32.26,32.27,32.24,32.25,9559
2026-04-01 09:57:00,32.25,32.27,32.21,32.27,12477
2026-04-01 09:58:00,32.3,32.3,32.25,32.25,13602
2026-04-01 09:59:00,32.25,32.27,32.24,32.24,6357
2026-04-01 10:00:00,32.24,32.28,32.24,32.28,10067
2026-04-01 10:01:00,32.28,32.28,32.25,32.28,1417
2026-04-01 10:02:00,32.26,32.28,32.25,32.28,8426
2026-04-01 10:03:00,32.26,32.28,32.26,32.28,3709
2026-04-01 10:04:00,32.28,32.33,32.28,32.28,26748
2026-04-01 10:05:00,32.28,32.3,32.28,32.3,29853
2026-04-01 10:06:00,32.3,32.31,32.28,32.28,6010
2026-04-01 10:07:00,32.3,32.31,32.25,32.25,16418
2026-04-01 10:08:00,32.22,32.28,32.22,32.28,38046
2026-04-01 10:09:00,32.28,32.29,32.26,32.26,6867
2026-04-01 10:10:00,32.26,32.26,32.22,32.23,5838
2026-04-01 10:11:00,32.23,32.24,32.2,32.23,4657
2026-04-01 10:12:00,32.23,32.23,32.21,32.21,659
2026-04-01 10:13:00,32.23,32.23,32.2,32.2,4404
2026-04-01 10:14:00,32.21,32.23,32.2,32.21,986
2026-04-01 10:15:00,32.23,32.25,32.23,32.25,6181
2026-04-01 10:16:00,32.25,32.25,32.21,32.21,4744
2026-04-01 10:17:00,32.21,32.24,32.21,32.24,8611
2026-04-01 10:18:00,32.2,32.23,32.16,32.19,16655
2026-04-01 10:19:00,32.19,32.23,32.16,32.19,9417
2026-04-01 10:20:00,32.21,32.21,32.16,32.17,4145
2026-04-01 10:21:00,32.17,32.17,32.15,32.17,2690
2026-04-01 10:22:00,32.15,32.18,32.12,32.15,7176
2026-04-01 10:23:00,32.15,32.15,32.11,32.12,3891
2026-04-01 10:24:00,32.12,32.15,32.1,32.13,13206
2026-04-01 10:25:00,32.1,32.11,32.05,32.05,22528
2026-04-01 10:26:00,32.07,32.07,32.04,32.05,5109
2026-04-01 10:27:00,32.05,32.06,32.02,32.02,15463
2026-04-01 10:28:00,32.02,32.05,31.95,31.97,133932
2026-04-01 10:29:00,31.97,32.0,31.95,32.0,20758
2026-04-01 10:30:00,32.04,32.05,32.0,32.0,20430
2026-04-01 10:31:00,32.04,32.05,32.01,32.02,11687
2026-04-01 10:32:00,32.05,32.05,32.03,32.05,759
2026-04-01 10:33:00,32.05,32.08,32.04,32.06,7611
2026-04-01 10:34:00,32.06,32.09,32.06,32.06,13300
2026-04-01 10:35:00,32.1,32.1,32.07,32.1,5557
2026-04-01 10:36:00,32.1,32.11,32.1,32.11,3757
2026-04-01 10:37:00,32.11,32.13,32.1,32.12,12512
2026-04-01 10:38:00,32.12,32.12,32.1,32.1,3210
2026-04-01 10:39:00,32.1,32.1,32.08,32.1,706
2026-04-01 10:40:00,32.1,32.11,32.08,32.08,4987
2026-04-01 10:41:00,32.08,32.1,32.08,32.1,2975
2026-04-01 10:42:00,32.1,32.1,32.08,32.1,4822
2026-04-01 10:43:00,32.1,32.1,32.1,32.1,2884
2026-04-01 10:44:00,32.1,32.11,32.09,32.09,47
2026-04-01 10:45:00,32.09,32.12,32.09,32.1,7913
2026-04-01 10:46:00,32.13,32.15,32.1,32.14,24354
2026-04-01 10:47:00,32.14,32.14,32.11,32.13,23
2026-04-01 10:48:00,32.13,32.19,32.13,32.19,11821
2026-04-01 10:49:00,32.17,32.17,32.11,32.13,1184
2026-04-01 10:50:00,32.13,32.13,32.09,32.11,9770
2026-04-01 10:51:00,32.11,32.13,32.11,32.13,1205
2026-04-01 10:52:00,32.13,32.13,32.11,32.11,480
2026-04-01 10:53:00,32.12,32.12,32.1,32.1,964
2026-04-01 10:54:00,32.1,32.13,32.1,32.13,2333
2026-04-01 10:55:00,32.13,32.13,32.05,32.09,17830
2026-04-01 10:56:00,32.09,32.09,32.07,32.09,357
2026-04-01 10:57:00,32.09,32.09,32.07,32.07,1417
2026-04-01 10:58:00,32.09,32.09,32.05,32.08,25235
2026-04-01 10:59:00,32.03,32.09,32.03,32.07,3559
2026-04-01 11:00:00,32.09,32.09,32.07,32.09,2285
2026-04-01 11:01:00,32.09,32.09,32.09,32.09,2630
2026-04-01 11:02:00,32.08,32.1,32.08,32.1,3502
2026-04-01 11:03:00,32.1,32.1,32.08,32.1,198
2026-04-01 11:04:00,32.1,32.1,32.08,32.08,9320
2026-04-01 11:05:00,32.08,32.08,32.08,32.08,392
2026-04-01 11:06:00,32.08,32.08,32.06,32.08,311
2026-04-01 11:07:00,32.06,32.1,32.06,32.1,9832
2026-04-01 11:08:00,32.1,32.18,32.1,32.15,5284
2026-04-01 11:09:00,32.15,32.15,32.08,32.1,5054
2026-04-01 11:10:00,32.1,32.11,32.07,32.08,3513
2026-04-01 11:11:00,32.11,32.11,32.07,32.09,1815
2026-04-01 11:12:00,32.09,32.11,32.06,32.1,22259
2026-04-01 11:13:00,32.07,32.28,32.07,32.2,148399
2026-04-01 11:14:00,32.2,32.27,32.2,32.24,20315
2026-04-01 11:15:00,32.24,32.27,32.22,32.26,7476
2026-04-01 11:16:00,32.26,32.29,32.25,32.29,5204
2026-04-01 11:17:00,32.29,32.29,32.25,32.25,1336
2026-04-01 11:18:00,32.25,32.28,32.23,32.27,6989
2026-04-01 11:19:00,32.27,32.27,32.27,32.27,152
2026-04-01 11:20:00,32.27,32.31,32.24,32.31,56948
2026-04-01 11:21:00,32.31,32.33,32.28,32.29,6368
2026-04-01 11:22:00,32.33,32.33,32.3,32.32,61291
2026-04-01 11:23:00,32.32,32.33,32.31,32.31,353
2026-04-01 11:24:00,32.29,32.33,32.28,32.32,8655
2026-04-01 11:25:00,32.32,32.32,32.29,32.32,4210
2026-04-01 11:26:00,32.32,32.32,32.31,32.32,6836
2026-04-01 11:27:00,32.32,32.32,32.28,32.3,6183
2026-04-01 11:28:00,32.3,32.31,32.3,32.31,7854
2026-04-01 11:29:00,32.31,32.32,32.29,32.29,1757
2026-04-01 11:30:00,32.29,32.34,32.29,32.34,41838
2026-04-01 11:31:00,32.34,32.38,32.34,32.37,32127
2026-04-01 11:32:00,32.37,32.37,32.34,32.34,2091
2026-04-01 11:33:00,32.34,32.37,32.34,32.37,395
2026-04-01 11:34:00,32.37,32.37,32.35,32.35,467
2026-04-01 11:35:00,32.37,32.37,32.35,32.35,1483
2026-04-01 11:36:00,32.35,32.37,32.34,32.37,1841
2026-04-01 11:37:00,32.37,32.37,32.34,32.35,2161
2026-04-01 11:38:00,32.37,32.37,32.34,32.37,7159
2026-04-01 11:39:00,32.37,32.39,32.34,32.39,14355
2026-04-01 11:40:00,32.39,32.4,32.38,32.4,8331
2026-04-01 11:41:00,32.4,32.4,32.36,32.39,7260
2026-04-01 11:42:00,32.37,32.38,32.34,32.34,1016
2026-04-01 11:43:00,32.34,32.37,32.33,32.37,912
2026-04-01 11:44:00,32.33,32.35,32.31,32.33,464
2026-04-01 11:45:00,32.33,32.33,32.31,32.33,1553
2026-04-01 11:46:00,32.33,32.33,32.31,32.33,1207
2026-04-01 11:47:00,32.33,32.33,32.26,32.26,9846
2026-04-01 11:48:00,32.26,32.28,32.21,32.28,20453
2026-04-01 11:49:00,32.28,32.28,32.24,32.24,1387
2026-04-01 11:50:00,32.24,32.27,32.23,32.24,5358
2026-04-01 11:51:00,32.24,32.28,32.24,32.26,83475
2026-04-01 11:52:00,32.26,32.28,32.25,32.27,732
2026-04-01 11:53:00,32.27,32.28,32.24,32.24,3777
2026-04-01 11:54:00,32.24,32.28,32.24,32.25,18534
2026-04-01 11:55:00,32.23,32.25,32.23,32.25,198
2026-04-01 11:56:00,32.25,32.25,32.25,32.25,54
2026-04-01 11:57:00,32.25,32.3,32.22,32.28,34267
2026-04-01 11:58:00,32.32,32.33,32.29,32.33,123
2026-04-01 11:59:00,32.33,32.35,32.31,32.34,12819
2026-04-01 12:00:00,32.34,32.37,32.34,32.35,10802
2026-04-01 12:01:00,32.37,32.39,32.33,32.35,41500
2026-04-01 12:02:00,32.35,32.38,32.35,32.38,8400
2026-04-01 12:03:00,32.38,32.38,32.36,32.36,508
2026-04-01 12:04:00,32.36,32.4,32.36,32.39,7646
2026-04-01 12:05:00,32.39,32.39,32.35,32.36,6995
2026-04-01 12:06:00,32.36,32.36,32.33,32.35,3090
2026-04-01 12:07:00,32.35,32.36,32.35,32.35,3513
2026-04-01 12:08:00,32.35,32.35,32.32,32.35,680
2026-04-01 12:09:00,32.34,32.37,32.32,32.37,5579
2026-04-01 12:10:00,32.37,32.39,32.34,32.36,13868
2026-04-01 12:11:00,32.36,32.44,32.36,32.44,33758
2026-04-01 12:12:00,32.44,32.45,32.41,32.44,2000
2026-04-01 12:13:00,32.45,32.45,32.4,32.4,10482
2026-04-01 12:14:00,32.4,32.43,32.4,32.42,6780
2026-04-01 12:15:00,32.44,32.45,32.42,32.45,26262
2026-04-01 12:16:00,32.45,32.46,32.42,32.46,9128
2026-04-01 12:17:00,32.47,32.47,32.45,32.46,3721
2026-04-01 12:18:00,32.46,32.46,32.42,32.45,11278
2026-04-01 12:19:00,32.45,32.46,32.42,32.44,7639
2026-04-01 12:20:00,32.44,32.44,32.42,32.44,547
2026-04-01 12:21:00,32.42,32.43,32.41,32.41,123
2026-04-01 12:22:00,32.41,32.43,32.4,32.43,12328
2026-04-01 12:23:00,32.43,32.43,32.43,32.43,2957
2026-04-01 12:24:00,32.43,32.43,32.38,32.42,7739
2026-04-01 12:25:00,32.42,32.42,32.4,32.4,876
2026-04-01 12:26:00,32.4,32.45,32.4,32.43,5243
2026-04-01 12:27:00,32.43,32.55,32.43,32.55,105930
2026-04-01 12:28:00,32.54,32.7,32.54,32.7,65795
2026-04-01 12:29:00,32.7,32.7,32.69,32.7,18855
2026-04-01 12:30:00,32.69,32.74,32.69,32.7,28188
2026-04-01 12:31:00,32.7,32.74,32.68,32.74,17771
2026-04-01 12:32:00,32.74,32.74,32.69,32.7,10211
2026-04-01 12:33:00,32.7,32.7,32.66,32.67,2200
2026-04-01 12:34:00,32.67,32.7,32.67,32.67,2570
2026-04-01 12:35:00,32.7,32.73,32.67,32.71,21756
2026-04-01 12:36:00,32.71,32.75,32.69,32.73,23759
2026-04-01 12:37:00,32.73,32.75,32.71,32.72,5512
2026-04-01 12:38:00,32.72,32.75,32.71,32.72,2946
2026-04-01 12:39:00,32.74,32.79,32.72,32.78,42695
2026-04-01 12:40:00,32.77,32.81,32.77,32.81,13060
2026-04-01 12:41:00,32.77,32.77,32.73,32.75,14847
2026-04-01 12:42:00,32.75,32.76,32.74,32.74,7850
2026-04-01 12:43:00,32.74,32.76,32.73,32.76,9714
2026-04-01 12:44:00,32.76,32.77,32.72,32.74,69443
2026-04-01 12:45:00,32.74,32.77,32.71,32.77,45347
2026-04-01 12:46:00,32.74,32.76,32.74,32.76,1325
2026-04-01 12:47:00,32.76,32.77,32.76,32.76,2252
2026-04-01 12:48:00,32.76,32.8,32.76,32.8,5990
2026-04-01 12:49:00,32.8,32.8,32.74,32.74,4918
2026-04-01 12:50:00,32.74,32.78,32.74,32.75,12950
2026-04-01 12:51:00,32.75,32.78,32.75,32.78,1810
2026-04-01 12:52:00,32.78,32.78,32.75,32.75,9367
2026-04-01 12:53:00,32.75,32.77,32.75,32.77,3602
2026-04-01 12:54:00,32.8,32.8,32.77,32.77,17867
2026-04-01 12:55:00,32.78,32.88,32.78,32.85,38706
2026-04-01 12:56:00,32.85,32.85,32.78,32.78,3050
2026-04-01 12:57:00,32.77,32.82,32.77,32.77,9102
2026-04-01 12:58:00,32.79,32.79,32.76,32.79,4606
2026-04-01 12:59:00,32.79,32.79,32.75,32.76,2530
2026-04-01 13:00:00,32.75,32.78,32.75,32.78,2138
2026-04-01 13:01:00,32.75,32.77,32.75,32.77,4854
2026-04-01 13:02:00,32.77,32.78,32.77,32.78,19948
2026-04-01 13:03:00,32.78,32.78,32.74,32.78,3275
2026-04-01 13:04:00,32.78,32.79,32.75,32.78,10889
2026-04-01 13:05:00,32.78,32.78,32.76,32.77,2564
2026-04-01 13:06:00,32.77,32.77,32.77,32.77,259
2026-04-01 13:07:00,32.77,32.77,32.74,32.77,3815
2026-04-01 13:08:00,32.77,32.77,32.77,32.77,267
2026-04-01 13:09:00,32.77,32.77,32.73,32.76,15620
2026-04-01 13:10:00,32.76,32.76,32.73,32.73,9211
2026-04-01 13:11:00,32.73,32.73,32.73,32.73,3364
2026-04-01 13:12:00,32.73,32.74,32.7,32.74,2555
2026-04-01 13:13:00,32.74,32.74,32.71,32.71,956
2026-04-01 13:14:00,32.71,32.78,32.71,32.78,14545
2026-04-01 13:15:00,32.78,32.78,32.77,32.77,800
2026-04-01 13:16:00,32.77,32.77,32.72,32.77,11960
2026-04-01 13:17:00,32.77,32.78,32.75,32.76,6736
2026-04-01 13:18:00,32.76,32.76,32.72,32.75,14330
2026-04-01 13:19:00,32.75,32.75,32.69,32.7,5691
2026-04-01 13:20:00,32.7,32.7,32.66,32.66,5870
2026-04-01 13:21:00,32.66,32.67,32.62,32.63,11430
2026-04-01 13:22:00,32.63,32.67,32.62,32.62,3477
2026-04-01 13:23:00,32.65,32.68,32.6,32.63,18251
2026-04-01 13:24:00,32.63,32.63,32.61,32.63,102
2026-04-01 13:25:00,32.63,32.66,32.63,32.64,3897
2026-04-01 13:26:00,32.64,32.72,32.61,32.69,28216
2026-04-01 13:27:00,32.69,32.69,32.65,32.68,75
2026-04-01 13:28:00,32.65,32.68,32.65,32.68,3085
2026-04-01 13:29:00,32.68,32.73,32.65,32.73,22507
2026-04-01 13:30:00,32.73,32.73,32.65,32.67,2299
2026-04-01 13:31:00,32.67,32.72,32.67,32.72,59524
2026-04-01 13:32:00,32.71,32.74,32.7,32.74,4559
2026-04-01 13:33:00,32.75,32.75,32.7,32.7,957
2026-04-01 13:34:00,32.71,32.74,32.71,32.73,2923
2026-04-01 13:35:00,32.73,32.73,32.7,32.72,3254
2026-04-01 13:36:00,32.72,32.72,32.67,32.71,9478
2026-04-01 13:37:00,32.71,32.71,32.64,32.65,8663
2026-04-01 13:38:00,32.65,32.7,32.65,32.7,2224
2026-04-01 13:39:00,32.7,32.71,32.68,32.71,1815
2026-04-01 13:40:00,32.71,32.71,32.57,32.57,10588
2026-04-01 13:41:00,32.54,32.54,32.44,32.5,110539
2026-04-01 13:42:00,32.5,32.55,32.5,32.55,19072
2026-04-01 13:43:00,32.54,32.54,32.47,32.47,11842
2026-04-01 13:44:00,32.47,32.53,32.47,32.53,6967
2026-04-01 13:45:00,32.53,32.53,32.52,32.52,2434
2026-04-01 13:46:00,32.52,32.55,32.52,32.55,2279
2026-04-01 13:47:00,32.54,32.6,32.54,32.58,66355
2026-04-01 13:48:00,32.61,32.61,32.58,32.58,8141
2026-04-01 13:49:00,32.58,32.58,32.58,32.58,163
2026-04-01 13:50:00,32.57,32.59,32.55,32.59,1605
2026-04-01 13:51:00,32.62,32.62,32.56,32.62,6408
2026-04-01 13:52:00,32.58,32.61,32.58,32.61,1618
2026-04-01 13:53:00,32.58,32.6,32.53,32.58,26076
2026-04-01 13:54:00,32.58,32.59,32.56,32.56,3595
2026-04-01 13:55:00,32.56,32.57,32.53,32.53,5032
2026-04-01 13:56:00,32.56,32.6,32.56,32.59,4799
2026-04-01 13:57:00,32.58,32.64,32.58,32.6,21402
2026-04-01 13:58:00,32.6,32.61,32.58,32.6,2120
2026-04-01 13:59:00,32.6,32.6,32.56,32.58,1425
2026-04-01 14:00:00,32.58,32.58,32.58,32.58,926
2026-04-01 14:01:00,32.58,32.58,32.57,32.57,1860
2026-04-01 14:02:00,32.57,32.58,32.55,32.55,4309
2026-04-01 14:03:00,32.55,32.64,32.55,32.64,22917
2026-04-01 14:04:00,32.64,32.64,32.6,32.63,2537
2026-04-01 14:05:00,32.63,32.63,32.6,32.63,2675
2026-04-01 14:06:00,32.63,32.64,32.6,32.63,1126
2026-04-01 14:07:00,32.63,32.63,32.6,32.62,492
2026-04-01 14:08:00,32.62,32.62,32.58,32.58,168
2026-04-01 14:09:00,32.58,32.6,32.58,32.6,3096
2026-04-01 14:10:00,32.6,32.61,32.6,32.61,1029
2026-04-01 14:11:00,32.61,32.61,32.59,32.6,1261
2026-04-01 14:12:00,32.6,32.61,32.58,32.58,1249
2026-04-01 14:13:00,32.6,32.6,32.6,32.6,143
2026-04-01 14:14:00,32.6,32.62,32.6,32.62,2935
2026-04-01 14:15:00,32.62,32.63,32.61,32.63,422
2026-04-01 14:16:00,32.63,32.64,32.58,32.59,10608
2026-04-01 14:17:00,32.59,32.61,32.59,32.6,110
2026-04-01 14:18:00,32.6,32.61,32.58,32.58,1002
2026-04-01 14:19:00,32.58,32.64,32.58,32.64,5091
2026-04-01 14:20:00,32.64,32.64,32.61,32.61,3159
2026-04-01 14:21:00,32.64,32.64,32.6,32.6,1485
2026-04-01 14:22:00,32.58,32.58,32.55,32.57,3074
2026-04-01 14:23:00,32.57,32.6,32.55,32.55,50
2026-04-01 14:24:00,32.59,32.6,32.56,32.59,10225
2026-04-01 14:25:00,32.59,32.6,32.55,32.6,13954
2026-04-01 14:26:00,32.6,32.6,32.57,32.58,6893
2026-04-01 14:27:00,32.6,32.61,32.58,32.61,6616
2026-04-01 14:28:00,32.61,32.63,32.6,32.61,1255
2026-04-01 14:29:00,32.61,32.61,32.58,32.61,558
2026-04-01 14:30:00,32.61,32.61,32.56,32.6,3862
2026-04-01 14:31:00,32.6,32.6,32.57,32.59,1764
2026-04-01 14:32:00,32.59,32.62,32.59,32.61,3636
2026-04-01 14:33:00,32.63,32.63,32.57,32.6,5646
2026-04-01 14:34:00,32.6,32.6,32.57,32.6,1204
2026-04-01 14:35:00,32.6,32.6,32.56,32.56,1675
2026-04-01 14:36:00,32.58,32.58,32.53,32.53,6290
2026-04-01 14:37:00,32.51,32.54,32.5,32.53,18745
2026-04-01 14:38:00,32.53,32.53,32.46,32.5,8787
2026-04-01 14:39:00,32.5,32.55,32.5,32.51,19430
2026-04-01 14:40:00,32.51,32.51,32.45,32.48,2648
2026-04-01 14:41:00,32.48,32.55,32.45,32.5,19585
2026-04-01 14:42:00,32.5,32.54,32.46,32.49,6784
2026-04-01 14:43:00,32.49,32.49,32.43,32.44,3996
2026-04-01 14:44:00,32.44,32.45,32.43,32.45,4079
2026-04-01 14:45:00,32.46,32.46,32.43,32.44,2706
2026-04-01 14:46:00,32.44,32.45,32.44,32.44,1003
2026-04-01 14:47:00,32.44,32.44,32.4,32.41,20806
2026-04-01 14:48:00,32.4,32.41,32.34,32.34,87671
2026-04-01 14:49:00,32.37,32.39,32.35,32.37,12290
2026-04-01 14:50:00,32.37,32.39,32.35,32.39,4699
2026-04-01 14:51:00,32.37,32.39,32.37,32.39,1559
2026-04-01 14:52:00,32.37,32.42,32.37,32.42,22396
2026-04-01 14:53:00,32.44,32.46,32.42,32.43,41029
2026-04-01 14:54:00,32.41,32.44,32.4,32.44,5731
2026-04-01 14:55:00,32.43,32.45,32.42,32.45,8373
2026-04-01 14:56:00,32.43,32.45,32.43,32.45,2991
2026-04-01 14:57:00,32.45,32.45,32.41,32.44,3984
2026-04-01 14:58:00,32.44,32.44,32.4,32.4,3103
2026-04-01 14:59:00,32.4,32.4,32.37,32.38,6510
2026-04-01 15:00:00,32.43,32.47,32.41,32.41,21414
2026-04-01 15:01:00,32.41,32.44,32.41,32.41,3334
2026-04-01 15:02:00,32.43,32.44,32.4,32.4,17691
2026-04-01 15:03:00,32.42,32.43,32.38,32.39,4555
2026-04-01 15:04:00,32.42,32.44,32.41,32.43,6998
2026-04-01 15:05:00,32.43,32.44,32.4,32.4,4211
2026-04-01 15:06:00,32.42,32.43,32.39,32.43,18527
2026-04-01 15:07:00,32.44,32.45,32.42,32.45,4154
2026-04-01 15:08:00,32.45,32.49,32.44,32.49,20404
2026-04-01 15:09:00,32.49,32.49,32.45,32.45,29434
2026-04-01 15:10:00,32.47,32.48,32.41,32.43,21752
2026-04-01 15:11:00,32.44,32.48,32.41,32.45,15856
2026-04-01 15:12:00,32.45,32.46,32.41,32.43,25873
2026-04-01 15:13:00,32.43,32.43,32.41,32.43,5312
2026-04-01 15:14:00,32.42,32.45,32.37,32.37,23934
2026-04-01 15:15:00,32.4,32.41,32.37,32.4,19690
2026-04-01 15:16:00,32.4,32.41,32.38,32.38,18462
2026-04-01 15:17:00,32.41,32.41,32.39,32.39,3854
2026-04-01 15:18:00,32.4,32.41,32.37,32.4,20480
2026-04-01 15:19:00,32.4,32.42,32.38,32.4,35540
2026-04-01 15:20:00,32.4,32.44,32.38,32.4,21527
2026-04-01 15:21:00,32.43,32.46,32.41,32.46,38572
2026-04-01 15:22:00,32.46,32.46,32.42,32.44,6843
2026-04-01 15:23:00,32.44,32.44,32.38,32.4,64605
2026-04-01 15:24:00,32.42,32.44,32.42,32.44,44153
2026-04-01 15:25:00,32.43,32.45,32.38,32.44,57398
2026-04-01 15:26:00,32.43,32.44,32.4,32.43,4848
2026-04-01 15:27:00,32.41,32.41,32.36,32.4,40801
2026-04-01 15:28:00,32.39,32.44,32.38,32.44,22457
2026-04-01 15:29:00,32.44,32.45,32.38,32.45,26289
2026-04-02 09:15:00,32.0,32.0,31.41,31.5,118046
2026-04-02 09:16:00,31.49,31.61,31.49,31.5,89428
2026-04-02 09:17:00,31.53,31.61,31.5,31.55,108650
2026-04-02 09:18:00,31.5,31.55,31.47,31.5,53957
2026-04-02 09:19:00,31.49,31.57,31.46,31.57,139234
2026-04-02 09:20:00,31.53,31.58,31.48,31.54,22464
2026-04-02 09:21:00,31.54,31.54,31.49,31.54,40652
2026-04-02 09:22:00,31.5,31.52,31.46,31.52,23132
2026-04-02 09:23:00,31.51,31.64,31.5,31.62,38603
2026-04-02 09:24:00,31.62,31.65,31.59,31.64,16956
2026-04-02 09:25:00,31.65,31.65,31.61,31.63,12392
2026-04-02 09:26:00,31.62,31.62,31.56,31.58,10666
2026-04-02 09:27:00,31.59,31.62,31.58,31.62,12222
2026-04-02 09:28:00,31.62,31.67,31.62,31.62,19233
2026-04-02 09:29:00,31.62,31.65,31.58,31.63,3282
2026-04-02 09:30:00,31.63,31.64,31.61,31.63,10026
2026-04-02 09:31:00,31.62,31.65,31.61,31.65,6989
2026-04-02 09:32:00,31.63,31.65,31.6,31.6,7635
2026-04-02 09:33:00,31.6,31.63,31.58,31.61,14026
2026-04-02 09:34:00,31.59,31.6,31.57,31.57,7486
2026-04-02 09:35:00,31.57,31.6,31.57,31.6,7620
2026-04-02 09:36:00,31.6,31.69,31.6,31.69,69423
2026-04-02 09:37:00,31.7,31.76,31.7,31.73,33920
2026-04-02 09:38:00,31.72,31.73,31.68,31.73,4383
2026-04-02 09:39:00,31.73,31.73,31.64,31.68,20530
2026-04-02 09:40:00,31.68,31.68,31.63,31.68,1926
2026-04-02 09:41:00,31.68,31.73,31.68,31.72,5123
2026-04-02 09:42:00,31.71,31.74,31.69,31.69,10357
2026-04-02 09:43:00,31.71,31.74,31.7,31.73,8332
2026-04-02 09:44:00,31.74,31.79,31.74,31.79,19952
2026-04-02 09:45:00,31.8,31.8,31.79,31.79,8807
2026-04-02 09:46:00,31.77,31.8,31.76,31.79,5789
2026-04-02 09:47:00,31.76,31.79,31.76,31.77,22667
2026-04-02 09:48:00,31.76,31.79,31.75,31.79,12797
2026-04-02 09:49:00,31.79,31.79,31.73,31.76,30207
2026-04-02 09:50:00,31.76,31.77,31.74,31.76,1920
2026-04-02 09:51:00,31.76,31.77,31.73,31.73,2415
2026-04-02 09:52:00,31.74,31.74,31.7,31.73,26692
2026-04-02 09:53:00,31.7,31.73,31.7,31.71,1156
2026-04-02 09:54:00,31.71,31.75,31.71,31.73,2289
2026-04-02 09:55:00,31.73,31.75,31.72,31.75,5061
2026-04-02 09:56:00,31.76,31.78,31.74,31.76,13379
2026-04-02 09:57:00,31.75,31.76,31.73,31.75,2947
2026-04-02 09:58:00,31.75,31.75,31.71,31.71,982
2026-04-02 09:59:00,31.71,31.75,31.71,31.73,19269
2026-04-02 10:00:00,31.72,31.79,31.72,31.79,45260
2026-04-02 10:01:00,31.8,31.82,31.78,31.82,32061
2026-04-02 10:02:00,31.82,31.83,31.78,31.78,12370
2026-04-02 10:03:00,31.78,31.82,31.76,31.76,12658
2026-04-02 10:04:00,31.75,31.76,31.73,31.75,6113
2026-04-02 10:05:00,31.77,31.79,31.76,31.77,2642
2026-04-02 10:06:00,31.77,31.77,31.7,31.73,2535
2026-04-02 10:07:00,31.69,31.72,31.66,31.72,19403
2026-04-02 10:08:00,31.72,31.72,31.68,31.7,1960
2026-04-02 10:09:00,31.69,31.72,31.69,31.72,3405
2026-04-02 10:10:00,31.72,31.72,31.69,31.71,1955
2026-04-02 10:11:00,31.71,31.72,31.68,31.69,1068
2026-04-02 10:12:00,31.69,31.76,31.69,31.75,78381
2026-04-02 10:13:00,31.75,31.78,31.75,31.78,5834
2026-04-02 10:14:00,31.78,31.8,31.78,31.79,8257
2026-04-02 10:15:00,31.8,31.8,31.76,31.79,1445
2026-04-02 10:16:00,31.79,31.79,31.75,31.75,3338
2026-04-02 10:17:00,31.75,31.78,31.72,31.72,9496
2026-04-02 10:18:00,31.72,31.74,31.71,31.74,3824
2026-04-02 10:19:00,31.74,31.74,31.73,31.73,6238
2026-04-02 10:20:00,31.73,31.75,31.73,31.75,3737
2026-04-02 10:21:00,31.75,31.75,31.71,31.74,2605
2026-04-02 10:22:00,31.74,31.74,31.68,31.68,4173
2026-04-02 10:23:00,31.71,31.71,31.67,31.67,23525
2026-04-02 10:24:00,31.7,31.7,31.65,31.65,10274
2026-04-02 10:25:00,31.65,31.71,31.65,31.71,8472
2026-04-02 10:26:00,31.71,31.71,31.7,31.7,1353
2026-04-02 10:27:00,31.7,31.71,31.68,31.71,6346
2026-04-02 10:28:00,31.71,31.71,31.68,31.69,448
2026-04-02 10:29:00,31.66,31.71,31.66,31.71,6337
2026-04-02 10:30:00,31.71,31.72,31.67,31.72,4021
2026-04-02 10:31:00,31.72,31.72,31.69,31.69,974
2026-04-02 10:32:00,31.69,31.71,31.69,31.71,661
2026-04-02 10:33:00,31.71,31.72,31.69,31.71,2485
2026-04-02 10:34:00,31.71,31.71,31.71,31.71,89
2026-04-02 10:35:00,31.71,31.71,31.67,31.68,531
2026-04-02 10:36:00,31.68,31.68,31.66,31.68,540
2026-04-02 10:37:00,31.68,31.71,31.66,31.71,1178
2026-04-02 10:38:00,31.71,31.72,31.71,31.71,697
2026-04-02 10:39:00,31.7,31.71,31.68,31.68,5225
2026-04-02 10:40:00,31.68,31.71,31.68,31.71,538
2026-04-02 10:41:00,31.71,31.72,31.7,31.7,2380
2026-04-02 10:42:00,31.7,31.72,31.7,31.72,1367
2026-04-02 10:43:00,31.72,31.72,31.71,31.72,3087
2026-04-02 10:44:00,31.71,31.72,31.7,31.72,2952
2026-04-02 10:45:00,31.72,31.72,31.72,31.72,893
2026-04-02 10:46:00,31.75,31.75,31.72,31.72,23113
2026-04-02 10:47:00,31.72,31.72,31.66,31.66,4526
2026-04-02 10:48:00,31.66,31.68,31.65,31.65,2039
2026-04-02 10:49:00,31.65,31.7,31.65,31.7,551
2026-04-02 10:50:00,31.66,31.7,31.65,31.69,10773
2026-04-02 10:51:00,31.69,31.7,31.66,31.69,1676
2026-04-02 10:52:00,31.69,31.69,31.68,31.68,221
2026-04-02 10:53:00,31.68,31.73,31.67,31.71,8815
2026-04-02 10:54:00,31.71,31.76,31.71,31.73,12015
2026-04-02 10:55:00,31.73,31.73,31.7,31.72,987
2026-04-02 10:56:00,31.72,31.74,31.72,31.73,1705
2026-04-02 10:57:00,31.73,31.75,31.72,31.72,949
2026-04-02 10:58:00,31.72,31.72,31.7,31.7,223
2026-04-02 10:59:00,31.7,31.72,31.7,31.72,1816
2026-04-02 11:00:00,31.72,31.75,31.72,31.75,381
2026-04-02 11:01:00,31.75,31.76,31.72,31.75,4479
2026-04-02 11:02:00,31.72,31.75,31.72,31.74,1783
2026-04-02 11:03:00,31.75,31.78,31.73,31.76,2780
2026-04-02 11:04:00,31.76,31.76,31.74,31.75,6043
2026-04-02 11:05:00,31.75,31.76,31.73,31.73,3722
2026-04-02 11:06:00,31.73,31.76,31.73,31.76,33
2026-04-02 11:07:00,31.76,31.76,31.73,31.75,503
2026-04-02 11:08:00,31.75,31.78,31.73,31.78,1612
2026-04-02 11:09:00,31.75,31.81,31.74,31.8,24621
2026-04-02 11:10:00,31.8,31.8,31.76,31.78,6078
2026-04-02 11:11:00,31.78,31.78,31.76,31.78,728
2026-04-02 11:12:00,31.78,31.78,31.77,31.77,874
2026-04-02 11:13:00,31.77,31.77,31.72,31.72,8218
2026-04-02 11:14:00,31.72,31.76,31.72,31.76,8903
2026-04-02 11:15:00,31.76,31.76,31.73,31.76,2617
2026-04-02 11:16:00,31.76,31.76,31.76,31.76,6
2026-04-02 11:17:00,31.76,31.76,31.72,31.74,576
2026-04-02 11:18:00,31.74,31.74,31.74,31.74,196
2026-04-02 11:19:00,31.75,31.75,31.73,31.73,1301
2026-04-02 11:20:00,31.73,31.77,31.73,31.77,805
2026-04-02 11:21:00,31.77,31.77,31.75,31.75,320
2026-04-02 11:22:00,31.75,31.76,31.75,31.75,301
2026-04-02 11:23:00,31.75,31.78,31.75,31.78,85
2026-04-02 11:24:00,31.78,31.78,31.76,31.78,706
2026-04-02 11:25:00,31.78,31.78,31.78,31.78,530
2026-04-02 11:26:00,31.78,31.82,31.78,31.8,4717
2026-04-02 11:27:00,31.8,31.8,31.8,31.8,2459
2026-04-02 11:28:00,31.8,31.81,31.8,31.8,557
2026-04-02 11:29:00,31.8,31.8,31.76,31.79,885
2026-04-02 11:30:00,31.79,31.8,31.76,31.79,4210
2026-04-02 11:31:00,31.8,31.8,31.8,31.8,274
2026-04-02 11:32:00,31.8,31.83,31.8,31.83,6227
2026-04-02 11:33:00,31.85,31.87,31.84,31.85,15658
2026-04-02 11:34:00,31.91,31.96,31.89,31.91,33067
2026-04-02 11:35:00,31.93,31.98,31.93,31.98,8005
2026-04-02 11:36:00,31.98,32.08,31.94,32.01,77642
2026-04-02 11:37:00,32.01,32.04,32.0,32.03,6532
2026-04-02 11:38:00,32.03,32.03,31.96,32.0,13850
2026-04-02 11:39:00,32.0,32.04,32.0,32.04,1555
2026-04-02 11:40:00,32.04,32.04,32.02,32.04,5603
2026-04-02 11:41:00,32.04,32.06,32.04,32.05,15819
2026-04-02 11:42:00,32.03,32.05,32.01,32.05,1573
2026-04-02 11:43:00,32.05,32.05,32.01,32.05,6009
2026-04-02 11:44:00,32.04,32.06,32.03,32.03,8052
2026-04-02 11:45:00,32.03,32.06,32.03,32.06,21060
2026-04-02 11:46:00,32.06,32.07,32.05,32.06,5524
2026-04-02 11:47:00,32.06,32.07,32.06,32.07,15
2026-04-02 11:48:00,32.07,32.07,32.05,32.05,2498
2026-04-02 11:49:00,32.05,32.06,32.05,32.06,565
2026-04-02 11:50:00,32.05,32.08,32.05,32.07,9345
2026-04-02 11:51:00,32.07,32.08,32.07,32.08,2732
2026-04-02 11:52:00,32.08,32.08,32.07,32.07,138
2026-04-02 11:53:00,32.07,32.07,32.05,32.05,11924
2026-04-02 11:54:00,32.05,32.06,32.04,32.06,16892
2026-04-02 11:55:00,32.06,32.06,32.04,32.06,7762
2026-04-02 11:56:00,32.06,32.08,32.06,32.08,4547
2026-04-02 11:57:00,32.08,32.15,32.07,32.15,43433
2026-04-02 11:58:00,32.14,32.14,32.14,32.14,3376
2026-04-02 11:59:00,32.15,32.18,32.06,32.1,32368
2026-04-02 12:00:00,32.09,32.13,32.09,32.12,4896
2026-04-02 12:01:00,32.12,32.12,32.07,32.07,4077
2026-04-02 12:02:00,32.07,32.07,32.04,32.04,1121
2026-04-02 12:03:00,32.04,32.05,32.03,32.04,3728
2026-04-02 12:04:00,32.05,32.05,32.01,32.04,15310
2026-04-02 12:05:00,32.04,32.05,32.04,32.05,2190
2026-04-02 12:06:00,32.05,32.05,32.03,32.03,18
2026-04-02 12:07:00,32.03,32.04,32.02,32.04,2233
2026-04-02 12:08:00,32.04,32.05,32.02,32.02,1383
2026-04-02 12:09:00,32.05,32.05,32.02,32.05,575
2026-04-02 12:10:00,32.05,32.05,32.03,32.05,1076
2026-04-02 12:11:00,32.05,32.08,32.02,32.04,16426
2026-04-02 12:12:00,32.04,32.09,32.04,32.09,86
2026-04-02 12:13:00,32.09,32.09,32.09,32.09,5022
2026-04-02 12:14:00,32.09,32.09,32.04,32.08,1817
2026-04-02 12:15:00,32.05,32.08,32.05,32.06,11490
2026-04-02 12:16:00,32.05,32.08,32.03,32.03,6556
2026-04-02 12:17:00,32.03,32.05,32.03,32.05,533
2026-04-02 12:18:00,32.05,32.06,32.01,32.03,6968
2026-04-02 12:19:00,32.03,32.05,32.03,32.03,202
2026-04-02 12:20:00,32.03,32.03,32.01,32.01,5248
2026-04-02 12:21:00,32.01,32.01,31.93,31.98,15905
2026-04-02 12:22:00,31.98,31.98,31.93,31.96,945
2026-04-02 12:23:00,31.96,32.0,31.96,31.97,1410
2026-04-02 12:24:00,31.99,32.0,31.97,31.99,1637
2026-04-02 12:25:00,31.97,31.99,31.94,31.95,7139
2026-04-02 12:26:00,31.95,31.95,31.93,31.95,969
2026-04-02 12:27:00,31.95,31.96,31.9,31.96,7112
2026-04-02 12:28:00,31.94,31.96,31.92,31.96,525
2026-04-02 12:29:00,31.96,31.96,31.94,31.96,839
2026-04-02 12:30:00,31.98,31.99,31.96,31.99,575
2026-04-02 12:31:00,31.99,32.01,31.96,32.0,1140
2026-04-02 12:32:00,32.0,32.02,32.0,32.02,3034
2026-04-02 12:33:00,32.02,32.03,32.0,32.0,83
2026-04-02 12:34:00,32.0,32.02,32.0,32.02,407
2026-04-02 12:35:00,32.03,32.03,32.03,32.03,2112
2026-04-02 12:36:00,32.03,32.05,32.03,32.05,2722
2026-04-02 12:37:00,32.05,32.08,32.05,32.08,560
2026-04-02 12:38:00,32.08,32.08,32.08,32.08,233
2026-04-02 12:39:00,32.08,32.08,32.06,32.08,1260
2026-04-02 12:40:00,32.08,32.09,32.08,32.09,4805
2026-04-02 12:41:00,32.09,32.11,32.07,32.11,11402
2026-04-02 12:42:00,32.11,32.14,32.09,32.09,5049
2026-04-02 12:43:00,32.09,32.14,32.09,32.12,1822
2026-04-02 12:44:00,32.12,32.14,32.1,32.14,1440
2026-04-02 12:45:00,32.14,32.14,32.1,32.13,1946
2026-04-02 12:46:00,32.13,32.13,32.07,32.07,688
2026-04-02 12:47:00,32.07,32.07,32.06,32.07,1006
2026-04-02 12:48:00,32.07,32.07,32.02,32.07,11833
2026-04-02 12:49:00,32.07,32.24,32.07,32.24,50027
2026-04-02 12:50:00,32.19,32.19,32.18,32.19,4976
2026-04-02 12:51:00,32.19,32.21,32.17,32.21,8476
2026-04-02 12:52:00,32.23,32.28,32.23,32.26,10920
2026-04-02 12:53:00,32.25,32.27,32.23,32.25,23736
2026-04-02 12:54:00,32.25,32.25,32.22,32.22,407
2026-04-02 12:55:00,32.23,32.23,32.18,32.19,26368
2026-04-02 12:56:00,32.19,32.23,32.19,32.21,406
2026-04-02 12:57:00,32.22,32.22,32.21,32.21,70
2026-04-02 12:58:00,32.22,32.25,32.22,32.23,9709
2026-04-02 12:59:00,32.23,32.25,32.23,32.25,2495
2026-04-02 13:00:00,32.23,32.25,32.22,32.22,1107
2026-04-02 13:01:00,32.22,32.26,32.22,32.22,975
2026-04-02 13:02:00,32.22,32.25,32.21,32.25,51
2026-04-02 13:03:00,32.25,32.25,32.21,32.21,1226
2026-04-02 13:04:00,32.23,32.23,32.18,32.2,2100
2026-04-02 13:05:00,32.18,32.22,32.18,32.18,3102
2026-04-02 13:06:00,32.2,32.21,32.16,32.16,1241
2026-04-02 13:07:00,32.17,32.17,32.15,32.17,273
2026-04-02 13:08:00,32.17,32.2,32.17,32.19,778
2026-04-02 13:09:00,32.19,32.25,32.19,32.25,13948
2026-04-02 13:10:00,32.25,32.25,32.23,32.23,103
2026-04-02 13:11:00,32.23,32.25,32.22,32.22,2321
2026-04-02 13:12:00,32.22,32.25,32.22,32.22,402
2026-04-02 13:13:00,32.22,32.25,32.22,32.25,766
2026-04-02 13:14:00,32.24,32.24,32.23,32.24,282
2026-04-02 13:15:00,32.24,32.24,32.22,32.22,391
2026-04-02 13:16:00,32.22,32.23,32.19,32.19,8720
2026-04-02 13:17:00,32.19,32.25,32.19,32.25,53451
2026-04-02 13:18:00,32.25,32.28,32.25,32.28,4035
2026-04-02 13:19:00,32.28,32.28,32.25,32.28,2671
2026-04-02 13:20:00,32.25,32.28,32.25,32.28,5531
2026-04-02 13:21:00,32.28,32.28,32.26,32.27,1869
2026-04-02 13:22:00,32.27,32.29,32.27,32.29,33482
2026-04-02 13:23:00,32.29,32.29,32.27,32.27,4397
2026-04-02 13:24:00,32.29,32.32,32.29,32.32,9536
2026-04-02 13:25:00,32.32,32.36,32.32,32.35,5008
2026-04-02 13:26:00,32.36,32.38,32.32,32.33,83879
2026-04-02 13:27:00,32.33,32.36,32.33,32.35,7857
2026-04-02 13:28:00,32.34,32.39,32.34,32.39,3135
2026-04-02 13:29:00,32.39,32.49,32.39,32.46,82984
2026-04-02 13:30:00,32.46,32.47,32.43,32.47,2042
2026-04-02 13:31:00,32.44,32.49,32.44,32.45,21391
2026-04-02 13:32:00,32.39,32.39,32.36,32.39,8203
2026-04-02 13:33:00,32.39,32.43,32.39,32.43,3342
2026-04-02 13:34:00,32.43,32.44,32.41,32.44,3178
2026-04-02 13:35:00,32.44,32.44,32.37,32.39,1470
2026-04-02 13:36:00,32.39,32.43,32.39,32.4,2730
2026-04-02 13:37:00,32.43,32.45,32.43,32.45,13843
2026-04-02 13:38:00,32.45,32.45,32.43,32.43,883
2026-04-02 13:39:00,32.43,32.46,32.43,32.45,6513
2026-04-02 13:40:00,32.45,32.48,32.45,32.46,5505
2026-04-02 13:41:00,32.46,32.48,32.42,32.43,22844
2026-04-02 13:42:00,32.43,32.45,32.43,32.44,1250
2026-04-02 13:43:00,32.44,32.49,32.44,32.47,4808
2026-04-02 13:44:00,32.49,32.49,32.46,32.46,4988
2026-04-02 13:45:00,32.47,32.67,32.47,32.67,116747
2026-04-02 13:46:00,32.59,32.64,32.59,32.6,50266
2026-04-02 13:47:00,32.6,32.64,32.6,32.64,6115
2026-04-02 13:48:00,32.59,32.63,32.58,32.6,89446
2026-04-02 13:49:00,32.6,32.62,32.56,32.6,7469
2026-04-02 13:50:00,32.6,32.6,32.54,32.56,78085
2026-04-02 13:51:00,32.56,32.59,32.55,32.55,15893
2026-04-02 13:52:00,32.55,32.58,32.55,32.56,1718
2026-04-02 13:53:00,32.56,32.61,32.56,32.59,32637
2026-04-02 13:54:00,32.61,32.61,32.57,32.58,4143
2026-04-02 13:55:00,32.58,32.68,32.58,32.61,54528
2026-04-02 13:56:00,32.59,32.6,32.57,32.57,1645
2026-04-02 13:57:00,32.57,32.6,32.57,32.58,5625
2026-04-02 13:58:00,32.58,32.58,32.55,32.56,5097
2026-04-02 13:59:00,32.56,32.6,32.55,32.58,9441
2026-04-02 14:00:00,32.56,32.62,32.55,32.62,26061
2026-04-02 14:01:00,32.62,32.64,32.62,32.64,3944
2026-04-02 14:02:00,32.64,32.64,32.59,32.61,5454
2026-04-02 14:03:00,32.63,32.63,32.62,32.62,891
2026-04-02 14:04:00,32.62,32.64,32.58,32.62,13499
2026-04-02 14:05:00,32.66,32.66,32.63,32.64,1733
2026-04-02 14:06:00,32.64,32.71,32.64,32.68,50823
2026-04-02 14:07:00,32.67,32.67,32.63,32.63,8322
2026-04-02 14:08:00,32.63,32.63,32.62,32.62,1999
2026-04-02 14:09:00,32.62,32.63,32.6,32.63,6369
2026-04-02 14:10:00,32.63,32.68,32.61,32.68,16801
2026-04-02 14:11:00,32.69,32.71,32.64,32.71,45314
2026-04-02 14:12:00,32.7,32.7,32.67,32.7,913
2026-04-02 14:13:00,32.73,32.75,32.71,32.73,57232
2026-04-02 14:14:00,32.73,32.73,32.72,32.72,2711
2026-04-02 14:15:00,32.71,32.72,32.7,32.71,2956
2026-04-02 14:16:00,32.73,32.74,32.68,32.7,58219
2026-04-02 14:17:00,32.7,32.71,32.64,32.65,36666
2026-04-02 14:18:00,32.65,32.65,32.6,32.6,12220
2026-04-02 14:19:00,32.6,32.68,32.6,32.68,4800
2026-04-02 14:20:00,32.68,32.7,32.68,32.68,11131
2026-04-02 14:21:00,32.68,32.68,32.65,32.68,786
2026-04-02 14:22:00,32.65,32.68,32.65,32.65,598
2026-04-02 14:23:00,32.65,32.65,32.64,32.65,10420
2026-04-02 14:24:00,32.68,32.68,32.65,32.68,7379
2026-04-02 14:25:00,32.68,32.68,32.66,32.68,155
2026-04-02 14:26:00,32.68,32.68,32.67,32.67,187
2026-04-02 14:27:00,32.65,32.67,32.63,32.64,8063
2026-04-02 14:28:00,32.64,32.66,32.63,32.66,1639
2026-04-02 14:29:00,32.66,32.66,32.65,32.65,2245
2026-04-02 14:30:00,32.65,32.66,32.63,32.63,1612
2026-04-02 14:31:00,32.64,32.71,32.64,32.71,79081
2026-04-02 14:32:00,32.68,32.7,32.68,32.68,1038
2026-04-02 14:33:00,32.68,32.7,32.68,32.7,11483
2026-04-02 14:34:00,32.7,32.7,32.67,32.7,5628
2026-04-02 14:35:00,32.7,32.7,32.68,32.68,151
2026-04-02 14:36:00,32.68,32.7,32.65,32.68,5531
2026-04-02 14:37:00,32.68,32.68,32.62,32.62,17898
2026-04-02 14:38:00,32.62,32.65,32.58,32.58,18112
2026-04-02 14:39:00,32.58,32.6,32.58,32.58,112
2026-04-02 14:40:00,32.58,32.6,32.57,32.6,1843
2026-04-02 14:41:00,32.6,32.6,32.55,32.55,7323
2026-04-02 14:42:00,32.55,32.56,32.55,32.56,3242
2026-04-02 14:43:00,32.56,32.56,32.53,32.53,12226
2026-04-02 14:44:00,32.51,32.54,32.51,32.53,737
2026-04-02 14:45:00,32.53,32.55,32.46,32.55,63984
2026-04-02 14:46:00,32.55,32.58,32.53,32.58,2721
2026-04-02 14:47:00,32.58,32.58,32.54,32.55,2158
2026-04-02 14:48:00,32.55,32.55,32.53,32.55,13650
2026-04-02 14:49:00,32.52,32.55,32.52,32.53,1841
2026-04-02 14:50:00,32.53,32.54,32.5,32.52,3550
2026-04-02 14:51:00,32.52,32.6,32.52,32.6,20621
2026-04-02 14:52:00,32.6,32.6,32.57,32.58,6495
2026-04-02 14:53:00,32.58,32.58,32.58,32.58,1448
2026-04-02 14:54:00,32.58,32.58,32.55,32.56,227
2026-04-02 14:55:00,32.56,32.58,32.55,32.58,3020
2026-04-02 14:56:00,32.58,32.62,32.58,32.61,16594
2026-04-02 14:57:00,32.61,32.61,32.59,32.6,1052
2026-04-02 14:58:00,32.61,32.63,32.61,32.63,876
2026-04-02 14:59:00,32.63,32.63,32.63,32.63,1031
2026-04-02 15:00:00,32.65,32.68,32.63,32.68,5737
2026-04-02 15:01:00,32.67,32.7,32.67,32.7,20885
2026-04-02 15:02:00,32.69,32.72,32.68,32.71,16438
2026-04-02 15:03:00,32.68,32.72,32.68,32.72,55488
2026-04-02 15:04:00,32.73,32.76,32.72,32.76,36845
2026-04-02 15:05:00,32.75,32.8,32.75,32.8,17981
2026-04-02 15:06:00,32.78,32.83,32.78,32.83,12692
2026-04-02 15:07:00,32.83,32.84,32.82,32.83,10552
2026-04-02 15:08:00,32.83,32.84,32.83,32.84,10041
2026-04-02 15:09:00,32.9,32.9,32.87,32.9,78599
2026-04-02 15:10:00,32.9,32.94,32.9,32.92,11293
2026-04-02 15:11:00,32.92,32.94,32.76,32.8,60180
2026-04-02 15:12:00,32.77,32.85,32.77,32.82,19618
2026-04-02 15:13:00,32.81,32.82,32.8,32.81,6236
2026-04-02 15:14:00,32.81,32.84,32.78,32.84,16945
2026-04-02 15:15:00,32.81,32.84,32.81,32.82,12880
2026-04-02 15:16:00,32.8,32.81,32.77,32.78,13527
2026-04-02 15:17:00,32.77,32.8,32.77,32.78,9842
2026-04-02 15:18:00,32.77,32.85,32.77,32.82,68411
2026-04-02 15:19:00,32.79,32.82,32.78,32.82,20554
2026-04-02 15:20:00,32.79,32.8,32.76,32.79,41819
2026-04-02 15:21:00,32.8,32.8,32.77,32.78,19821
2026-04-02 15:22:00,32.78,32.8,32.75,32.79,54175
2026-04-02 15:23:00,32.78,32.8,32.77,32.8,29441
2026-04-02 15:24:00,32.79,32.8,32.78,32.79,33449
2026-04-02 15:25:00,32.78,32.83,32.78,32.8,87383
2026-04-02 15:26:00,32.8,32.81,32.77,32.77,25419
2026-04-02 15:27:00,32.79,32.79,32.75,32.75,51402
2026-04-02 15:28:00,32.76,32.78,32.73,32.77,17747
2026-04-02 15:29:00,32.72,32.77,32.7,32.76,22150
2026-04-06 09:15:00,33.1,33.1,32.79,32.79,130723
2026-04-06 09:16:00,32.76,32.76,32.55,32.67,86170
2026-04-06 09:17:00,32.68,32.68,32.41,32.49,104748
2026-04-06 09:18:00,32.5,32.54,32.44,32.47,109159
2026-04-06 09:19:00,32.5,32.6,32.45,32.45,34842
2026-04-06 09:20:00,32.58,32.67,32.55,32.59,14775
2026-04-06 09:21:00,32.61,32.65,32.55,32.58,83459
2026-04-06 09:22:00,32.61,32.61,32.57,32.6,8979
2026-04-06 09:23:00,32.6,32.65,32.6,32.65,3947
2026-04-06 09:24:00,32.61,32.65,32.58,32.65,2364
2026-04-06 09:25:00,32.65,32.74,32.64,32.68,31287
2026-04-06 09:26:00,32.65,32.67,32.62,32.64,11024
2026-04-06 09:27:00,32.64,32.65,32.58,32.58,20582
2026-04-06 09:28:00,32.58,32.61,32.57,32.61,3055
2026-04-06 09:29:00,32.62,32.67,32.6,32.67,20533
2026-04-06 09:30:00,32.67,32.67,32.63,32.67,87558
2026-04-06 09:31:00,32.67,32.8,32.67,32.74,81029
2026-04-06 09:32:00,32.8,32.8,32.73,32.76,29520
2026-04-06 09:33:00,32.71,32.88,32.71,32.88,39733
2026-04-06 09:34:00,32.85,32.89,32.84,32.89,16215
2026-04-06 09:35:00,32.91,32.96,32.91,32.95,20959
2026-04-06 09:36:00,32.98,33.08,32.96,33.01,99540
2026-04-06 09:37:00,33.03,33.07,32.99,33.05,59395
2026-04-06 09:38:00,33.01,33.04,32.98,33.03,51080
2026-04-06 09:39:00,33.02,33.12,33.01,33.05,107274
2026-04-06 09:40:00,33.05,33.07,32.98,32.99,34305
2026-04-06 09:41:00,32.95,32.99,32.91,32.94,45761
2026-04-06 09:42:00,32.89,32.89,32.77,32.82,58613
2026-04-06 09:43:00,32.83,32.9,32.8,32.82,14838
2026-04-06 09:44:00,32.85,32.9,32.82,32.9,15319
2026-04-06 09:45:00,32.91,32.99,32.91,32.93,65245
2026-04-06 09:46:00,32.93,32.94,32.9,32.91,10962
2026-04-06 09:47:00,32.9,32.91,32.79,32.8,15037
2026-04-06 09:48:00,32.83,32.83,32.78,32.78,4197
2026-04-06 09:49:00,32.78,32.78,32.7,32.72,8753
2026-04-06 09:50:00,32.72,32.72,32.68,32.69,24005
2026-04-06 09:51:00,32.69,32.69,32.63,32.63,5219
2026-04-06 09:52:00,32.63,32.71,32.63,32.71,10781
2026-04-06 09:53:00,32.69,32.7,32.67,32.67,8975
2026-04-06 09:54:00,32.67,32.68,32.63,32.65,8561
2026-04-06 09:55:00,32.65,32.67,32.63,32.67,8189
2026-04-06 09:56:00,32.65,32.68,32.63,32.68,8920
2026-04-06 09:57:00,32.64,32.68,32.64,32.64,19055
2026-04-06 09:58:00,32.67,32.67,32.62,32.64,38390
2026-04-06 09:59:00,32.64,32.64,32.56,32.6,45649
2026-04-06 10:00:00,32.6,32.6,32.55,32.56,28792
2026-04-06 10:01:00,32.54,32.59,32.54,32.58,13473
2026-04-06 10:02:00,32.58,32.63,32.56,32.61,70715
2026-04-06 10:03:00,32.61,32.61,32.58,32.58,1054
2026-04-06 10:04:00,32.58,32.64,32.56,32.64,7416
2026-04-06 10:05:00,32.6,32.6,32.58,32.58,10704
2026-04-06 10:06:00,32.58,32.62,32.58,32.6,841
2026-04-06 10:07:00,32.6,32.65,32.6,32.65,6154
2026-04-06 10:08:00,32.65,32.65,32.62,32.62,3856
2026-04-06 10:09:00,32.63,32.67,32.61,32.61,24016
2026-04-06 10:10:00,32.61,32.64,32.6,32.6,23044
2026-04-06 10:11:00,32.57,32.65,32.57,32.65,1341
2026-04-06 10:12:00,32.65,32.66,32.62,32.62,357
2026-04-06 10:13:00,32.61,32.65,32.61,32.65,6854
2026-04-06 10:14:00,32.65,32.68,32.65,32.68,25908
2026-04-06 10:15:00,32.68,32.68,32.62,32.65,63371
2026-04-06 10:16:00,32.65,32.68,32.65,32.66,5997
2026-04-06 10:17:00,32.68,32.68,32.62,32.66,46860
2026-04-06 10:18:00,32.66,32.66,32.59,32.59,3694
2026-04-06 10:19:00,32.59,32.64,32.58,32.64,11090
2026-04-06 10:20:00,32.65,32.66,32.62,32.66,1816
2026-04-06 10:21:00,32.66,32.66,32.65,32.65,32672
2026-04-06 10:22:00,32.67,32.67,32.63,32.65,447
2026-04-06 10:23:00,32.65,32.66,32.61,32.63,10684
2026-04-06 10:24:00,32.64,32.66,32.61,32.61,8744
2026-04-06 10:25:00,32.61,32.64,32.61,32.64,2000
2026-04-06 10:26:00,32.64,32.64,32.58,32.58,16318
2026-04-06 10:27:00,32.58,32.61,32.57,32.61,19342
2026-04-06 10:28:00,32.61,32.61,32.57,32.57,4758
2026-04-06 10:29:00,32.57,32.64,32.57,32.64,2415
2026-04-06 10:30:00,32.64,32.64,32.58,32.59,5150
2026-04-06 10:31:00,32.59,32.61,32.57,32.61,3258
2026-04-06 10:32:00,32.61,32.61,32.58,32.6,10352
2026-04-06 10:33:00,32.6,32.65,32.6,32.65,1869
2026-04-06 10:34:00,32.63,32.63,32.62,32.62,2067
2026-04-06 10:35:00,32.64,32.65,32.61,32.64,2782
2026-04-06 10:36:00,32.64,32.65,32.63,32.63,109
2026-04-06 10:37:00,32.64,32.69,32.64,32.69,4092
2026-04-06 10:38:00,32.7,32.75,32.69,32.72,38861
2026-04-06 10:39:00,32.7,32.75,32.69,32.75,7794
2026-04-06 10:40:00,32.75,32.75,32.68,32.72,11738
2026-04-06 10:41:00,32.7,32.74,32.7,32.72,6535
2026-04-06 10:42:00,32.72,32.73,32.69,32.72,1957
2026-04-06 10:43:00,32.72,32.81,32.72,32.78,43062
2026-04-06 10:44:00,32.78,32.8,32.78,32.8,1036
2026-04-06 10:45:00,32.8,32.81,32.8,32.8,2124
2026-04-06 10:46:00,32.82,32.85,32.78,32.85,33102
2026-04-06 10:47:00,32.85,32.86,32.84,32.84,4029
2026-04-06 10:48:00,32.84,32.85,32.8,32.8,10660
2026-04-06 10:49:00,32.8,32.9,32.8,32.88,18895
2026-04-06 10:50:00,32.88,32.93,32.88,32.88,7502
2026-04-06 10:51:00,32.88,32.89,32.8,32.8,6741
2026-04-06 10:52:00,32.81,32.82,32.76,32.76,11688
2026-04-06 10:53:00,32.74,32.79,32.74,32.76,5317
2026-04-06 10:54:00,32.76,32.77,32.76,32.77,3483
2026-04-06 10:55:00,32.77,32.8,32.77,32.78,279
2026-04-06 10:56:00,32.78,32.82,32.77,32.82,5844
2026-04-06 10:57:00,32.82,32.84,32.82,32.84,175
2026-04-06 10:58:00,32.84,32.85,32.82,32.82,2631
2026-04-06 10:59:00,32.84,32.85,32.84,32.85,104
2026-04-06 11:00:00,32.85,32.85,32.79,32.81,7771
2026-04-06 11:01:00,32.82,32.82,32.8,32.8,9980
2026-04-06 11:02:00,32.8,32.83,32.8,32.83,10245
2026-04-06 11:03:00,32.8,32.83,32.78,32.8,4904
2026-04-06 11:04:00,32.8,32.81,32.75,32.79,15522
2026-04-06 11:05:00,32.76,32.77,32.73,32.77,20597
2026-04-06 11:06:00,32.77,32.78,32.74,32.74,4446
2026-04-06 11:07:00,32.74,32.76,32.72,32.76,36090
2026-04-06 11:08:00,32.76,32.76,32.73,32.76,179
2026-04-06 11:09:00,32.76,32.78,32.75,32.78,558
2026-04-06 11:10:00,32.78,32.78,32.73,32.76,540
2026-04-06 11:11:00,32.76,32.76,32.64,32.64,26659
2026-04-06 11:12:00,32.64,32.67,32.64,32.67,5033
2026-04-06 11:13:00,32.63,32.66,32.63,32.66,4052
2026-04-06 11:14:00,32.64,32.69,32.64,32.69,13521
2026-04-06 11:15:00,32.69,32.69,32.66,32.69,515
2026-04-06 11:16:00,32.69,32.75,32.67,32.71,22241
2026-04-06 11:17:00,32.71,32.75,32.7,32.75,3957
2026-04-06 11:18:00,32.75,32.76,32.75,32.76,2088
2026-04-06 11:19:00,32.76,32.76,32.75,32.75,46
2026-04-06 11:20:00,32.73,32.77,32.73,32.77,7640
2026-04-06 11:21:00,32.77,32.8,32.77,32.8,960
2026-04-06 11:22:00,32.78,32.8,32.74,32.74,376
2026-04-06 11:23:00,32.72,32.79,32.72,32.76,4969
2026-04-06 11:24:00,32.73,32.77,32.73,32.74,511
2026-04-06 11:25:00,32.76,32.76,32.75,32.75,119
2026-04-06 11:26:00,32.75,32.76,32.72,32.76,155
2026-04-06 11:27:00,32.76,32.76,32.73,32.75,1077
2026-04-06 11:28:00,32.75,32.8,32.75,32.8,2807
2026-04-06 11:29:00,32.8,32.82,32.79,32.79,1191
2026-04-06 11:30:00,32.79,32.83,32.77,32.77,1165
2026-04-06 11:31:00,32.8,32.82,32.8,32.8,1729
2026-04-06 11:32:00,32.8,32.8,32.76,32.77,9234
2026-04-06 11:33:00,32.78,32.8,32.75,32.8,3741
2026-04-06 11:34:00,32.8,32.84,32.78,32.84,20071
2026-04-06 11:35:00,32.83,32.83,32.81,32.82,4082
2026-04-06 11:36:00,32.82,32.85,32.79,32.83,2771
2026-04-06 11:37:00,32.83,32.95,32.83,32.91,25995
2026-04-06 11:38:00,32.88,32.9,32.88,32.9,1008
2026-04-06 11:39:00,32.9,32.9,32.85,32.86,6559
2026-04-06 11:40:00,32.83,32.87,32.83,32.87,1178
2026-04-06 11:41:00,32.87,32.87,32.82,32.86,2676
2026-04-06 11:42:00,32.83,32.85,32.81,32.83,428
2026-04-06 11:43:00,32.83,32.85,32.83,32.85,1064
2026-04-06 11:44:00,32.85,32.85,32.83,32.83,1488
2026-04-06 11:45:00,32.83,32.85,32.83,32.85,1558
2026-04-06 11:46:00,32.85,32.85,32.8,32.84,24791
2026-04-06 11:47:00,32.83,32.86,32.83,32.83,42343
2026-04-06 11:48:00,32.85,32.86,32.84,32.84,1204
2026-04-06 11:49:00,32.84,32.85,32.82,32.84,23
2026-04-06 11:50:00,32.84,32.84,32.84,32.84,4
2026-04-06 11:51:00,32.84,32.85,32.84,32.85,691
2026-04-06 11:52:00,32.85,32.85,32.85,32.85,1831
2026-04-06 11:53:00,32.85,32.85,32.79,32.79,7165
2026-04-06 11:54:00,32.82,32.84,32.82,32.82,212
2026-04-06 11:55:00,32.82,32.82,32.79,32.79,3909
2026-04-06 11:56:00,32.83,32.88,32.82,32.88,6359
2026-04-06 11:57:00,32.88,32.88,32.85,32.85,234
2026-04-06 11:58:00,32.86,32.89,32.84,32.88,5970
2026-04-06 11:59:00,32.88,32.88,32.83,32.83,1072
2026-04-06 12:00:00,32.84,32.87,32.84,32.84,1309
2026-04-06 12:01:00,32.84,32.85,32.82,32.85,2013
2026-04-06 12:02:00,32.85,32.85,32.84,32.85,952
2026-04-06 12:03:00,32.84,32.85,32.84,32.84,174
2026-04-06 12:04:00,32.84,32.84,32.82,32.84,21
2026-04-06 12:05:00,32.84,32.84,32.82,32.84,580
2026-04-06 12:06:00,32.84,32.85,32.84,32.85,710
2026-04-06 12:07:00,32.87,32.87,32.84,32.87,236
2026-04-06 12:08:00,32.87,32.87,32.84,32.87,964
2026-04-06 12:09:00,32.87,32.87,32.84,32.86,1325
2026-04-06 12:10:00,32.86,32.87,32.82,32.82,14057
2026-04-06 12:11:00,32.85,32.86,32.82,32.82,353
2026-04-06 12:12:00,32.82,32.85,32.82,32.85,91
2026-04-06 12:13:00,32.85,32.85,32.82,32.82,13526
2026-04-06 12:14:00,32.82,32.84,32.82,32.82,1898
2026-04-06 12:15:00,32.82,32.85,32.82,32.84,7431
2026-04-06 12:16:00,32.84,32.84,32.82,32.82,457
2026-04-06 12:17:00,32.82,32.84,32.82,32.84,50
2026-04-06 12:18:00,32.82,32.84,32.82,32.84,2653
2026-04-06 12:19:00,32.84,32.84,32.81,32.81,5637
2026-04-06 12:20:00,32.81,32.87,32.81,32.84,14131
2026-04-06 12:21:00,32.87,32.87,32.83,32.83,3265
2026-04-06 12:22:00,32.83,32.9,32.83,32.9,4000
2026-04-06 12:23:00,32.88,32.9,32.87,32.89,341
2026-04-06 12:24:00,32.89,32.9,32.87,32.87,13052
2026-04-06 12:25:00,32.87,32.9,32.87,32.9,3837
2026-04-06 12:26:00,32.9,32.93,32.9,32.93,10577
2026-04-06 12:27:00,32.93,32.93,32.9,32.93,513
2026-04-06 12:28:00,32.93,32.94,32.91,32.91,4922
2026-04-06 12:29:00,32.91,32.93,32.9,32.93,1881
2026-04-06 12:30:00,32.93,32.93,32.9,32.9,351
2026-04-06 12:31:00,32.93,32.93,32.9,32.93,939
2026-04-06 12:32:00,32.92,32.93,32.86,32.86,14901
2026-04-06 12:33:00,32.86,32.87,32.86,32.87,1247
2026-04-06 12:34:00,32.87,32.87,32.82,32.85,2128
2026-04-06 12:35:00,32.85,32.85,32.82,32.82,2332
2026-04-06 12:36:00,32.82,32.86,32.8,32.84,8861
2026-04-06 12:37:00,32.84,32.84,32.82,32.82,561
2026-04-06 12:38:00,32.82,32.83,32.79,32.79,295
2026-04-06 12:39:00,32.79,32.83,32.79,32.83,2009
2026-04-06 12:40:00,32.83,32.83,32.83,32.83,253
2026-04-06 12:41:00,32.83,32.84,32.83,32.84,1240
2026-04-06 12:42:00,32.84,32.84,32.82,32.82,1139
2026-04-06 12:43:00,32.82,32.82,32.82,32.82,30
2026-04-06 12:44:00,32.82,32.86,32.82,32.86,234
2026-04-06 12:45:00,32.86,32.86,32.82,32.86,744
2026-04-06 12:46:00,32.86,32.87,32.82,32.87,2048
2026-04-06 12:47:00,32.87,32.87,32.83,32.87,2438
2026-04-06 12:48:00,32.88,32.91,32.88,32.91,8802
2026-04-06 12:49:00,32.91,32.93,32.91,32.93,1916
2026-04-06 12:50:00,32.93,32.98,32.92,32.96,37431
2026-04-06 12:51:00,32.96,32.98,32.94,32.97,3748
2026-04-06 12:52:00,32.96,32.96,32.9,32.92,22279
2026-04-06 12:53:00,32.92,32.94,32.9,32.91,1839
2026-04-06 12:54:00,32.91,32.92,32.91,32.92,157
2026-04-06 12:55:00,32.92,32.95,32.92,32.93,14612
2026-04-06 12:56:00,32.95,32.95,32.93,32.93,3717
2026-04-06 12:57:00,32.93,32.95,32.93,32.95,106
2026-04-06 12:58:00,32.95,32.99,32.93,32.99,71635
2026-04-06 12:59:00,32.99,32.99,32.97,32.97,1610
2026-04-06 13:00:00,32.99,33.03,32.97,33.03,63517
2026-04-06 13:01:00,33.03,33.03,32.99,33.0,10064
2026-04-06 13:02:00,33.0,33.0,32.94,32.94,6464
2026-04-06 13:03:00,32.94,32.94,32.9,32.92,5326
2026-04-06 13:04:00,32.92,32.92,32.89,32.89,3606
2026-04-06 13:05:00,32.91,32.92,32.9,32.92,563
2026-04-06 13:06:00,32.92,32.92,32.9,32.92,1578
2026-04-06 13:07:00,32.92,32.97,32.9,32.94,3996
2026-04-06 13:08:00,32.94,32.97,32.94,32.97,158
2026-04-06 13:09:00,32.97,32.97,32.95,32.97,3019
2026-04-06 13:10:00,32.97,32.97,32.95,32.97,1598
2026-04-06 13:11:00,32.95,32.99,32.95,32.99,12702
2026-04-06 13:12:00,32.99,32.99,32.97,32.97,1878
2026-04-06 13:13:00,32.97,33.03,32.97,33.03,49370
2026-04-06 13:14:00,33.01,33.03,33.0,33.03,6236
2026-04-06 13:15:00,33.0,33.0,32.94,32.95,16672
2026-04-06 13:16:00,32.95,33.0,32.94,33.0,8803
2026-04-06 13:17:00,33.0,33.0,32.95,32.95,6388
2026-04-06 13:18:00,32.95,32.99,32.95,32.99,18790
2026-04-06 13:19:00,32.99,32.99,32.95,32.99,3079
2026-04-06 13:20:00,32.99,32.99,32.96,32.99,280
2026-04-06 13:21:00,32.96,33.0,32.96,33.0,6812
2026-04-06 13:22:00,32.97,33.04,32.97,33.01,52540
2026-04-06 13:23:00,33.01,33.03,32.98,33.03,4602
2026-04-06 13:24:00,33.0,33.03,32.99,32.99,1209
2026-04-06 13:25:00,33.0,33.0,32.99,32.99,152
2026-04-06 13:26:00,32.99,33.0,32.98,32.99,5005
2026-04-06 13:27:00,32.98,33.02,32.98,33.0,2801
2026-04-06 13:28:00,32.98,33.0,32.98,32.98,2359
2026-04-06 13:29:00,32.98,32.98,32.95,32.95,5959
2026-04-06 13:30:00,32.99,33.0,32.99,33.0,1952
2026-04-06 13:31:00,33.0,33.05,33.0,33.02,11781
2026-04-06 13:32:00,33.02,33.05,33.02,33.03,9300
2026-04-06 13:33:00,33.0,33.03,32.98,32.98,3828
2026-04-06 13:34:00,33.0,33.03,33.0,33.03,1430
2026-04-06 13:35:00,33.03,33.04,33.02,33.03,2468
2026-04-06 13:36:00,33.03,33.03,33.0,33.0,4022
2026-04-06 13:37:00,33.0,33.03,33.0,33.03,2476
2026-04-06 13:38:00,33.03,33.03,33.0,33.01,2884
2026-04-06 13:39:00,33.01,33.03,32.95,32.95,8795
2026-04-06 13:40:00,32.95,32.99,32.95,32.96,682
2026-04-06 13:41:00,32.99,32.99,32.96,32.98,2072
2026-04-06 13:42:00,32.98,32.98,32.92,32.92,13456
2026-04-06 13:43:00,32.95,32.95,32.91,32.91,6383
2026-04-06 13:44:00,32.91,32.94,32.91,32.94,2392
2026-04-06 13:45:00,32.93,32.94,32.93,32.94,3501
2026-04-06 13:46:00,32.93,32.94,32.9,32.9,2857
2026-04-06 13:47:00,32.9,32.97,32.9,32.93,3409
2026-04-06 13:48:00,32.93,32.94,32.92,32.93,2360
2026-04-06 13:49:00,32.93,32.95,32.92,32.93,1454
2026-04-06 13:50:00,32.94,32.94,32.91,32.94,2806
2026-04-06 13:51:00,32.95,32.95,32.91,32.95,3497
2026-04-06 13:52:00,32.95,32.95,32.91,32.91,5975
2026-04-06 13:53:00,32.91,32.97,32.91,32.95,23019
2026-04-06 13:54:00,32.95,32.98,32.95,32.98,658
2026-04-06 13:55:00,32.96,32.98,32.96,32.96,15
2026-04-06 13:56:00,32.96,33.0,32.96,32.98,11252
2026-04-06 13:57:00,32.98,32.98,32.98,32.98,5
2026-04-06 13:58:00,32.98,32.98,32.92,32.93,15777
2026-04-06 13:59:00,32.92,32.98,32.92,32.98,7199
2026-04-06 14:00:00,32.98,32.99,32.96,32.96,6755
2026-04-06 14:01:00,32.99,33.0,32.96,32.99,6082
2026-04-06 14:02:00,32.96,32.96,32.96,32.96,284
2026-04-06 14:03:00,33.0,33.05,32.99,32.99,25882
2026-04-06 14:04:00,32.99,33.01,32.98,33.0,5928
2026-04-06 14:05:00,33.0,33.0,32.97,33.0,4933
2026-04-06 14:06:00,33.0,33.03,32.98,32.98,13121
2026-04-06 14:07:00,32.96,33.0,32.96,32.97,8975
2026-04-06 14:08:00,32.97,33.0,32.97,32.97,3591
2026-04-06 14:09:00,32.97,32.97,32.96,32.97,723
2026-04-06 14:10:00,32.97,32.97,32.95,32.97,438
2026-04-06 14:11:00,32.97,32.99,32.97,32.99,14663
2026-04-06 14:12:00,32.99,33.0,32.99,33.0,1070
2026-04-06 14:13:00,33.0,33.0,32.97,33.0,915
2026-04-06 14:14:00,33.0,33.0,32.97,33.0,862
2026-04-06 14:15:00,33.0,33.0,32.97,32.98,19835
2026-04-06 14:16:00,33.01,33.02,32.99,32.99,4521
2026-04-06 14:17:00,32.99,33.0,32.98,33.0,1157
2026-04-06 14:18:00,33.0,33.02,33.0,33.02,6280
2026-04-06 14:19:00,33.02,33.02,32.97,33.02,9715
2026-04-06 14:20:00,33.02,33.02,33.0,33.0,298
2026-04-06 14:21:00,33.0,33.03,32.95,32.95,7349
2026-04-06 14:22:00,32.95,33.01,32.95,33.01,2147
2026-04-06 14:23:00,33.01,33.01,32.97,33.01,6121
2026-04-06 14:24:00,33.01,33.01,33.0,33.0,1168
2026-04-06 14:25:00,33.0,33.01,32.94,32.98,31138
2026-04-06 14:26:00,32.98,33.0,32.94,33.0,24999
2026-04-06 14:27:00,33.0,33.01,32.98,33.01,1032
2026-04-06 14:28:00,32.97,33.01,32.94,32.94,21370
2026-04-06 14:29:00,32.95,32.98,32.95,32.98,14127
2026-04-06 14:30:00,32.98,32.99,32.98,32.98,1857
2026-04-06 14:31:00,32.98,33.02,32.98,33.02,18950
2026-04-06 14:32:00,33.0,33.03,33.0,33.03,998
2026-04-06 14:33:00,33.03,33.03,33.0,33.03,9114
2026-04-06 14:34:00,32.98,32.99,32.95,32.98,33317
2026-04-06 14:35:00,33.0,33.0,32.96,32.99,11557
2026-04-06 14:36:00,32.99,33.0,32.97,32.97,2900
2026-04-06 14:37:00,32.98,33.0,32.98,32.99,2663
2026-04-06 14:38:00,32.99,32.99,32.96,32.99,1475
2026-04-06 14:39:00,32.98,32.99,32.96,32.96,1791
2026-04-06 14:40:00,32.96,32.99,32.96,32.99,1871
2026-04-06 14:41:00,32.99,32.99,32.96,32.96,3052
2026-04-06 14:42:00,32.96,32.96,32.95,32.95,611
2026-04-06 14:43:00,32.95,32.97,32.95,32.97,2004
2026-04-06 14:44:00,32.97,32.97,32.95,32.95,230
2026-04-06 14:45:00,32.95,32.98,32.95,32.98,5715
2026-04-06 14:46:00,32.98,32.99,32.95,32.95,1126
2026-04-06 14:47:00,32.95,32.98,32.95,32.98,117
2026-04-06 14:48:00,32.98,32.99,32.95,32.99,690
2026-04-06 14:49:00,32.99,32.99,32.96,32.98,13885
2026-04-06 14:50:00,32.99,33.0,32.96,33.0,5846
2026-04-06 14:51:00,33.0,33.0,32.96,32.99,1023
2026-04-06 14:52:00,32.99,32.99,32.97,32.97,415
2026-04-06 14:53:00,32.97,32.99,32.96,32.96,3571
2026-04-06 14:54:00,32.94,32.95,32.92,32.93,37184
2026-04-06 14:55:00,32.93,32.93,32.85,32.87,26417
2026-04-06 14:56:00,32.87,32.9,32.85,32.87,31269
2026-04-06 14:57:00,32.87,32.89,32.86,32.89,5300
2026-04-06 14:58:00,32.87,32.9,32.87,32.9,10076
2026-04-06 14:59:00,32.9,32.96,32.9,32.96,1697
2026-04-06 15:00:00,32.94,32.98,32.93,32.96,25583
2026-04-06 15:01:00,32.99,32.99,32.95,32.98,31404
2026-04-06 15:02:00,32.98,33.02,32.97,33.0,60129
2026-04-06 15:03:00,33.02,33.02,32.97,32.99,6955
2026-04-06 15:04:00,32.99,33.0,32.97,33.0,41699
2026-04-06 15:05:00,33.0,33.05,32.99,33.05,93859
2026-04-06 15:06:00,33.06,33.07,33.03,33.07,9558
2026-04-06 15:07:00,33.07,33.07,33.03,33.06,15296
2026-04-06 15:08:00,33.06,33.09,33.06,33.07,17699
2026-04-06 15:09:00,33.09,33.1,33.09,33.09,32068
2026-04-06 15:10:00,33.09,33.15,33.09,33.11,57969
2026-04-06 15:11:00,33.11,33.14,33.11,33.11,8758
2026-04-06 15:12:00,33.14,33.14,33.12,33.12,4685
2026-04-06 15:13:00,33.11,33.12,33.08,33.12,29314
2026-04-06 15:14:00,33.13,33.15,33.06,33.14,19696
2026-04-06 15:15:00,33.11,33.19,33.11,33.12,50355
2026-04-06 15:16:00,33.15,33.15,33.1,33.12,23178
2026-04-06 15:17:00,33.12,33.12,33.08,33.1,21958
2026-04-06 15:18:00,33.1,33.12,33.05,33.12,49630
2026-04-06 15:19:00,33.12,33.12,33.07,33.1,8773
2026-04-06 15:20:00,33.09,33.1,33.07,33.1,8437
2026-04-06 15:21:00,33.07,33.09,33.01,33.05,13389
2026-04-06 15:22:00,33.07,33.08,33.03,33.03,35953
2026-04-06 15:23:00,33.07,33.09,33.05,33.09,19482
2026-04-06 15:24:00,33.08,33.1,33.05,33.1,28822
2026-04-06 15:25:00,33.1,33.1,33.05,33.09,16892
2026-04-06 15:26:00,33.05,33.08,33.03,33.08,26388
2026-04-06 15:27:00,33.09,33.09,33.06,33.06,37855
2026-04-06 15:28:00,33.08,33.08,33.05,33.05,30897
2026-04-06 15:29:00,33.08,33.08,33.02,33.03,7942
2026-04-07 09:15:00,33.09,33.43,32.75,32.88,64547
2026-04-07 09:16:00,32.9,32.96,32.7,32.7,50160
2026-04-07 09:17:00,32.77,32.77,32.74,32.77,11969
2026-04-07 09:18:00,32.77,32.84,32.76,32.8,26385
2026-04-07 09:19:00,32.81,32.89,32.78,32.8,50502
2026-04-07 09:20:00,32.82,32.84,32.79,32.79,14169
2026-04-07 09:21:00,32.81,32.85,32.8,32.85,13135
2026-04-07 09:22:00,32.85,32.89,32.85,32.87,28215
2026-04-07 09:23:00,32.88,32.94,32.86,32.94,2538
2026-04-07 09:24:00,32.96,32.98,32.95,32.98,37795
2026-04-07 09:25:00,32.93,32.98,32.93,32.98,8488
2026-04-07 09:26:00,32.97,33.05,32.97,33.05,19787
2026-04-07 09:27:00,33.04,33.05,32.97,33.05,32567
2026-04-07 09:28:00,33.05,33.05,32.98,33.04,4822
2026-04-07 09:29:00,33.01,33.05,33.01,33.04,9924
2026-04-07 09:30:00,33.04,33.05,33.01,33.03,12030
2026-04-07 09:31:00,33.04,33.04,33.01,33.04,24176
2026-04-07 09:32:00,33.04,33.04,33.01,33.01,5174
2026-04-07 09:33:00,33.0,33.0,32.97,32.98,67919
2026-04-07 09:34:00,32.96,32.96,32.91,32.92,4010
2026-04-07 09:35:00,32.95,32.95,32.87,32.9,17399
2026-04-07 09:36:00,32.91,32.91,32.82,32.83,27664
2026-04-07 09:37:00,32.89,32.92,32.86,32.91,15054
2026-04-07 09:38:00,32.9,32.92,32.85,32.9,33585
2026-04-07 09:39:00,32.9,32.9,32.87,32.87,8616
2026-04-07 09:40:00,32.9,32.95,32.9,32.93,45897
2026-04-07 09:41:00,32.93,32.95,32.92,32.92,470
2026-04-07 09:42:00,32.92,32.93,32.87,32.87,12101
2026-04-07 09:43:00,32.83,32.84,32.81,32.81,111014
2026-04-07 09:44:00,32.81,32.81,32.78,32.78,4298
2026-04-07 09:45:00,32.8,32.82,32.79,32.82,3658
2026-04-07 09:46:00,32.81,32.88,32.81,32.88,15069
2026-04-07 09:47:00,32.88,32.88,32.85,32.88,1450
2026-04-07 09:48:00,32.87,32.88,32.84,32.84,9102
2026-04-07 09:49:00,32.82,32.84,32.82,32.82,150
2026-04-07 09:50:00,32.84,32.88,32.82,32.88,1624
2026-04-07 09:51:00,32.88,32.88,32.86,32.88,162
2026-04-07 09:52:00,32.88,32.88,32.85,32.85,3025
2026-04-07 09:53:00,32.85,32.85,32.82,32.85,12299
2026-04-07 09:54:00,32.85,32.9,32.85,32.9,12794
2026-04-07 09:55:00,32.87,32.92,32.87,32.87,9022
2026-04-07 09:56:00,32.86,32.89,32.85,32.89,4455
2026-04-07 09:57:00,32.89,32.89,32.89,32.89,2559
2026-04-07 09:58:00,32.89,32.92,32.88,32.92,3702
2026-04-07 09:59:00,32.91,32.94,32.9,32.92,4022
2026-04-07 10:00:00,32.92,32.95,32.89,32.92,35219
2026-04-07 10:01:00,32.93,32.94,32.93,32.94,3446
2026-04-07 10:02:00,32.95,32.97,32.92,32.94,1786
2026-04-07 10:03:00,32.92,32.94,32.89,32.93,23632
2026-04-07 10:04:00,32.93,32.93,32.9,32.93,191
2026-04-07 10:05:00,32.93,32.96,32.93,32.95,10835
2026-04-07 10:06:00,32.95,32.95,32.91,32.92,5399
2026-04-07 10:07:00,32.92,32.96,32.9,32.93,6764
2026-04-07 10:08:00,32.93,32.96,32.93,32.93,5017
2026-04-07 10:09:00,32.93,32.97,32.91,32.92,4759
2026-04-07 10:10:00,32.94,32.99,32.9,32.99,27456
2026-04-07 10:11:00,32.99,32.99,32.98,32.99,12571
2026-04-07 10:12:00,32.99,32.99,32.97,32.97,2122
2026-04-07 10:13:00,32.97,32.99,32.97,32.97,153
2026-04-07 10:14:00,32.97,32.98,32.97,32.97,413
2026-04-07 10:15:00,32.97,32.98,32.97,32.98,2251
2026-04-07 10:16:00,32.98,32.98,32.96,32.97,11903
2026-04-07 10:17:00,33.02,33.02,32.99,33.02,19731
2026-04-07 10:18:00,33.02,33.02,32.99,33.01,5443
2026-04-07 10:19:00,32.97,33.02,32.97,33.02,4633
2026-04-07 10:20:00,33.02,33.06,32.91,32.96,60129
2026-04-07 10:21:00,32.95,32.99,32.93,32.95,16233
2026-04-07 10:22:00,32.95,32.97,32.92,32.97,4652
2026-04-07 10:23:00,32.97,33.03,32.97,32.98,13796
2026-04-07 10:24:00,32.98,33.02,32.97,33.02,4144
2026-04-07 10:25:00,33.02,33.02,33.02,33.02,1
2026-04-07 10:26:00,33.02,33.05,33.02,33.04,7225
2026-04-07 10:27:00,33.04,33.05,32.98,33.03,8116
2026-04-07 10:28:00,33.03,33.05,33.02,33.05,1381
2026-04-07 10:29:00,33.03,33.05,33.03,33.04,3100
2026-04-07 10:30:00,33.04,33.04,33.0,33.04,13112
2026-04-07 10:31:00,33.04,33.04,33.0,33.02,3530
2026-04-07 10:32:00,33.02,33.04,33.0,33.04,1420
2026-04-07 10:33:00,33.04,33.04,33.02,33.04,7314
2026-04-07 10:34:00,33.0,33.03,32.97,32.97,6898
2026-04-07 10:35:00,32.97,32.99,32.92,32.98,13480
2026-04-07 10:36:00,32.98,32.98,32.92,32.95,2650
2026-04-07 10:37:00,32.95,32.95,32.95,32.95,1761
2026-04-07 10:38:00,32.95,32.95,32.94,32.95,7121
2026-04-07 10:39:00,32.97,33.0,32.94,32.97,13205
2026-04-07 10:40:00,32.97,33.0,32.96,33.0,731
2026-04-07 10:41:00,33.0,33.02,33.0,33.02,600
2026-04-07 10:42:00,33.02,33.02,33.02,33.02,46
2026-04-07 10:43:00,33.02,33.02,33.0,33.02,6123
2026-04-07 10:44:00,33.02,33.02,32.98,32.98,2038
2026-04-07 10:45:00,32.98,33.04,32.98,33.02,2276
2026-04-07 10:46:00,33.02,33.04,33.02,33.02,580
2026-04-07 10:47:00,33.02,33.04,33.02,33.04,5058
2026-04-07 10:48:00,33.0,33.04,33.0,33.04,62597
2026-04-07 10:49:00,33.04,33.04,32.97,32.97,36219
2026-04-07 10:50:00,32.99,33.01,32.98,32.98,10268
2026-04-07 10:51:00,32.98,33.02,32.98,33.02,1215
2026-04-07 10:52:00,33.02,33.02,33.02,33.02,120
2026-04-07 10:53:00,33.02,33.02,32.92,32.93,8761
2026-04-07 10:54:00,32.95,32.96,32.95,32.96,4489
2026-04-07 10:55:00,32.96,33.01,32.94,32.94,5881
2026-04-07 10:56:00,32.94,32.98,32.94,32.97,347
2026-04-07 10:57:00,32.94,32.97,32.94,32.97,502
2026-04-07 10:58:00,32.97,32.97,32.93,32.95,1303
2026-04-07 10:59:00,32.96,32.96,32.91,32.93,550
2026-04-07 11:00:00,32.93,32.93,32.91,32.92,95
2026-04-07 11:01:00,32.93,32.93,32.92,32.92,2982
2026-04-07 11:02:00,32.93,32.93,32.92,32.92,1412
2026-04-07 11:03:00,32.92,32.93,32.92,32.93,1497
2026-04-07 11:04:00,32.93,32.93,32.92,32.93,2778
2026-04-07 11:05:00,32.92,32.95,32.92,32.95,3699
2026-04-07 11:06:00,32.95,32.97,32.94,32.97,1110
2026-04-07 11:07:00,32.97,32.97,32.94,32.96,3911
2026-04-07 11:08:00,32.96,32.96,32.95,32.95,1
2026-04-07 11:09:00,32.95,32.97,32.93,32.94,1149
2026-04-07 11:10:00,32.96,32.96,32.94,32.94,136
2026-04-07 11:11:00,32.94,32.94,32.91,32.93,10837
2026-04-07 11:12:00,32.93,32.93,32.85,32.88,23910
2026-04-07 11:13:00,32.88,32.88,32.87,32.87,3539
2026-04-07 11:14:00,32.87,32.9,32.87,32.87,203
2026-04-07 11:15:00,32.87,32.92,32.87,32.92,94
2026-04-07 11:16:00,32.92,32.92,32.9,32.9,252
2026-04-07 11:17:00,32.89,32.94,32.89,32.92,10510
2026-04-07 11:18:00,32.92,32.96,32.92,32.93,2800
2026-04-07 11:19:00,32.95,32.95,32.95,32.95,38
2026-04-07 11:20:00,32.95,32.96,32.93,32.93,96
2026-04-07 11:21:00,32.93,32.96,32.93,32.96,9
2026-04-07 11:22:00,32.96,32.96,32.94,32.96,601
2026-04-07 11:23:00,32.96,32.96,32.94,32.96,107
2026-04-07 11:24:00,32.96,32.96,32.96,32.96,207
2026-04-07 11:25:00,32.96,32.96,32.95,32.96,956
2026-04-07 11:26:00,32.96,32.96,32.96,32.96,43
2026-04-07 11:27:00,32.96,32.96,32.92,32.92,164
2026-04-07 11:28:00,32.92,32.96,32.92,32.94,6185
2026-04-07 11:29:00,32.94,32.96,32.92,32.94,236
2026-04-07 11:30:00,32.94,32.99,32.94,32.97,5622
2026-04-07 11:31:00,32.97,33.0,32.96,33.0,2301
2026-04-07 11:32:00,33.0,33.0,32.95,32.98,2896
2026-04-07 11:33:00,32.98,32.98,32.95,32.96,80
2026-04-07 11:34:00,32.96,32.96,32.95,32.96,445
2026-04-07 11:35:00,32.96,32.96,32.95,32.95,679
2026-04-07 11:36:00,32.96,32.97,32.96,32.97,512
2026-04-07 11:37:00,32.97,32.98,32.95,32.97,108
2026-04-07 11:38:00,32.96,32.99,32.96,32.99,71
2026-04-07 11:39:00,32.96,32.99,32.96,32.96,45
2026-04-07 11:40:00,32.99,32.99,32.93,32.93,4849
2026-04-07 11:41:00,32.95,32.96,32.93,32.96,30
2026-04-07 11:42:00,32.96,32.96,32.92,32.96,676
2026-04-07 11:43:00,32.96,32.96,32.92,32.95,136
2026-04-07 11:44:00,32.95,32.95,32.93,32.95,23
2026-04-07 11:45:00,32.95,32.95,32.94,32.95,29
2026-04-07 11:46:00,32.95,32.95,32.9,32.9,788
2026-04-07 11:47:00,32.89,32.89,32.87,32.89,33749
2026-04-07 11:48:00,32.89,32.91,32.89,32.91,2657
2026-04-07 11:49:00,32.91,32.93,32.9,32.9,489
2026-04-07 11:50:00,32.91,32.91,32.91,32.91,195
2026-04-07 11:51:00,32.9,32.93,32.9,32.93,8483
2026-04-07 11:52:00,32.93,32.93,32.93,32.93,444
2026-04-07 11:53:00,32.93,32.93,32.9,32.9,5137
2026-04-07 11:54:00,32.9,32.93,32.9,32.91,226
2026-04-07 11:55:00,32.91,32.93,32.91,32.93,681
2026-04-07 11:56:00,32.93,32.99,32.93,32.99,22176
2026-04-07 11:57:00,32.99,33.0,32.99,33.0,13522
2026-04-07 11:58:00,33.0,33.0,32.98,32.98,66
2026-04-07 11:59:00,32.98,33.0,32.98,33.0,138
2026-04-07 12:00:00,33.0,33.0,32.92,32.94,4506
2026-04-07 12:01:00,32.94,32.94,32.9,32.94,1004
2026-04-07 12:02:00,32.94,32.94,32.91,32.94,1060
2026-04-07 12:03:00,32.94,32.94,32.94,32.94,3283
2026-04-07 12:04:00,32.94,32.98,32.94,32.98,833
2026-04-07 12:05:00,32.98,32.98,32.91,32.94,1937
2026-04-07 12:06:00,32.94,32.95,32.94,32.95,3000
2026-04-07 12:07:00,32.95,32.95,32.91,32.95,456
2026-04-07 12:08:00,32.95,32.96,32.92,32.92,373
2026-04-07 12:09:00,32.92,32.94,32.92,32.94,717
2026-04-07 12:10:00,32.96,32.97,32.94,32.97,1056
2026-04-07 12:11:00,32.97,32.97,32.91,32.91,2128
2026-04-07 12:12:00,32.91,32.96,32.91,32.96,148
2026-04-07 12:13:00,32.96,32.97,32.95,32.97,24
2026-04-07 12:14:00,32.97,32.97,32.94,32.94,2104
2026-04-07 12:15:00,32.94,32.97,32.94,32.94,188
2026-04-07 12:16:00,32.93,32.97,32.93,32.95,3971
2026-04-07 12:17:00,32.96,32.96,32.93,32.96,790
2026-04-07 12:18:00,32.96,32.96,32.92,32.92,3374
2026-04-07 12:19:00,32.92,32.95,32.92,32.95,406
2026-04-07 12:20:00,32.95,32.95,32.93,32.93,304
2026-04-07 12:21:00,32.93,32.95,32.93,32.95,135
2026-04-07 12:22:00,32.95,32.95,32.95,32.95,3062
2026-04-07 12:23:00,32.95,32.97,32.95,32.97,5466
2026-04-07 12:24:00,32.97,32.97,32.96,32.96,0
2026-04-07 12:25:00,32.96,32.97,32.95,32.95,1477
2026-04-07 12:26:00,32.95,32.97,32.95,32.97,179
2026-04-07 12:27:00,32.97,32.97,32.93,32.96,2978
2026-04-07 12:28:00,32.96,32.96,32.94,32.94,11
2026-04-07 12:29:00,32.97,32.97,32.95,32.97,74
2026-04-07 12:30:00,32.97,32.97,32.95,32.97,33
2026-04-07 12:31:00,32.95,32.97,32.95,32.97,1019
2026-04-07 12:32:00,32.97,32.97,32.97,32.97,7
2026-04-07 12:33:00,32.97,32.97,32.9,32.9,24785
2026-04-07 12:34:00,32.9,32.94,32.89,32.9,4759
2026-04-07 12:35:00,32.9,32.93,32.89,32.91,2829
2026-04-07 12:36:00,32.93,32.94,32.91,32.93,867
2026-04-07 12:37:00,32.93,32.94,32.91,32.94,150
2026-04-07 12:38:00,32.94,32.96,32.94,32.96,5010
2026-04-07 12:39:00,32.95,32.96,32.95,32.96,825
2026-04-07 12:40:00,32.96,32.97,32.92,32.92,5125
2026-04-07 12:41:00,32.92,32.94,32.92,32.92,582
2026-04-07 12:42:00,32.93,32.95,32.93,32.95,1552
2026-04-07 12:43:00,32.93,32.97,32.93,32.96,3217
2026-04-07 12:44:00,32.96,32.96,32.96,32.96,31
2026-04-07 12:45:00,32.96,32.96,32.93,32.93,1424
2026-04-07 12:46:00,32.93,32.95,32.93,32.95,24
2026-04-07 12:47:00,32.95,32.95,32.95,32.95,2
2026-04-07 12:48:00,32.95,32.95,32.93,32.93,56
2026-04-07 12:49:00,32.95,32.95,32.93,32.95,48
2026-04-07 12:50:00,32.95,32.95,32.93,32.95,183
2026-04-07 12:51:00,32.95,32.95,32.93,32.95,100
2026-04-07 12:52:00,32.95,32.95,32.95,32.95,32
2026-04-07 12:53:00,32.95,32.95,32.94,32.94,1047
2026-04-07 12:54:00,32.94,32.96,32.94,32.96,1002
2026-04-07 12:55:00,32.97,32.97,32.96,32.96,250
2026-04-07 12:56:00,32.96,32.96,32.92,32.92,7209
2026-04-07 12:57:00,32.92,32.94,32.92,32.94,4990
2026-04-07 12:58:00,32.94,32.94,32.92,32.92,765
2026-04-07 12:59:00,32.92,32.93,32.89,32.89,12336
2026-04-07 13:00:00,32.89,32.89,32.89,32.89,51
2026-04-07 13:01:00,32.89,32.89,32.88,32.88,1918
2026-04-07 13:02:00,32.88,32.88,32.87,32.88,1737
2026-04-07 13:03:00,32.89,32.9,32.89,32.89,6833
2026-04-07 13:04:00,32.89,32.9,32.89,32.9,60
2026-04-07 13:05:00,32.9,32.9,32.88,32.88,26
2026-04-07 13:06:00,32.88,32.92,32.87,32.9,15938
2026-04-07 13:07:00,32.9,32.9,32.88,32.9,40
2026-04-07 13:08:00,32.88,32.9,32.87,32.88,18009
2026-04-07 13:09:00,32.88,32.88,32.88,32.88,428
2026-04-07 13:10:00,32.88,32.89,32.87,32.87,876
2026-04-07 13:11:00,32.87,32.9,32.87,32.9,525
2026-04-07 13:12:00,32.9,32.9,32.87,32.9,362
2026-04-07 13:13:00,32.9,32.9,32.9,32.9,468
2026-04-07 13:14:00,32.9,32.9,32.87,32.87,183
2026-04-07 13:15:00,32.87,32.94,32.87,32.91,5725
2026-04-07 13:16:00,32.94,32.95,32.9,32.93,5707
2026-04-07 13:17:00,32.92,32.94,32.91,32.93,2255
2026-04-07 13:18:00,32.91,32.93,32.91,32.91,163
2026-04-07 13:19:00,32.91,32.93,32.91,32.91,928
2026-04-07 13:20:00,32.91,32.93,32.9,32.91,1902
2026-04-07 13:21:00,32.94,32.94,32.92,32.92,54
2026-04-07 13:22:00,32.92,32.94,32.91,32.94,705
2026-04-07 13:23:00,32.94,32.94,32.91,32.92,67
2026-04-07 13:24:00,32.92,32.92,32.92,32.92,330
2026-04-07 13:25:00,32.92,32.92,32.92,32.92,5967
2026-04-07 13:26:00,32.94,32.94,32.92,32.92,521
2026-04-07 13:27:00,32.92,32.93,32.91,32.91,1042
2026-04-07 13:28:00,32.91,32.93,32.91,32.93,1097
2026-04-07 13:29:00,32.93,32.97,32.93,32.97,4791
2026-04-07 13:30:00,32.97,32.99,32.95,32.99,2132
2026-04-07 13:31:00,32.99,33.01,32.97,33.0,10087
2026-04-07 13:32:00,33.01,33.01,33.01,33.01,1696
2026-04-07 13:33:00,33.01,33.03,33.0,33.0,11719
2026-04-07 13:34:00,33.0,33.03,33.0,33.03,102
2026-04-07 13:35:00,33.03,33.03,33.0,33.01,5536
2026-04-07 13:36:00,33.01,33.06,33.01,33.05,18177
2026-04-07 13:37:00,33.05,33.05,33.05,33.05,3949
2026-04-07 13:38:00,33.05,33.05,33.03,33.04,553
2026-04-07 13:39:00,33.04,33.05,33.02,33.04,1637
2026-04-07 13:40:00,33.04,33.04,33.02,33.02,9615
2026-04-07 13:41:00,33.04,33.04,33.02,33.02,1963
2026-04-07 13:42:00,33.02,33.05,33.02,33.05,3267
2026-04-07 13:43:00,33.05,33.07,33.05,33.07,6661
2026-04-07 13:44:00,33.07,33.09,33.07,33.07,1162
2026-04-07 13:45:00,33.07,33.07,33.03,33.06,19647
2026-04-07 13:46:00,33.06,33.06,33.05,33.06,134
2026-04-07 13:47:00,33.08,33.08,33.05,33.05,30477
2026-04-07 13:48:00,33.01,33.02,33.0,33.02,80845
2026-04-07 13:49:00,33.02,33.02,32.98,32.98,243
2026-04-07 13:50:00,32.98,32.98,32.96,32.96,428
2026-04-07 13:51:00,32.95,33.01,32.95,33.01,5684
2026-04-07 13:52:00,32.98,32.98,32.98,32.98,150
2026-04-07 13:53:00,33.0,33.01,32.98,33.01,933
2026-04-07 13:54:00,33.01,33.02,33.0,33.02,601
2026-04-07 13:55:00,33.02,33.02,33.02,33.02,12
2026-04-07 13:56:00,33.02,33.02,32.98,33.0,4681
2026-04-07 13:57:00,33.0,33.0,32.94,32.94,15830
2026-04-07 13:58:00,32.94,32.97,32.93,32.97,582
2026-04-07 13:59:00,32.97,32.97,32.96,32.96,67
2026-04-07 14:00:00,32.96,32.98,32.96,32.98,798
2026-04-07 14:01:00,32.98,32.98,32.98,32.98,0
2026-04-07 14:02:00,32.98,33.02,32.98,33.02,2035
2026-04-07 14:03:00,33.02,33.02,32.99,32.99,9742
2026-04-07 14:04:00,32.99,33.0,32.96,33.0,202
2026-04-07 14:05:00,32.97,32.99,32.97,32.97,138
2026-04-07 14:06:00,33.0,33.0,33.0,33.0,456
2026-04-07 14:07:00,33.0,33.01,32.97,33.0,1254
2026-04-07 14:08:00,33.0,33.0,32.97,32.98,328
2026-04-07 14:09:00,32.98,32.98,32.98,32.98,101
2026-04-07 14:10:00,32.98,33.01,32.98,32.99,2004
2026-04-07 14:11:00,32.99,33.0,32.99,33.0,1759
2026-04-07 14:12:00,33.0,33.0,32.98,33.0,438
2026-04-07 14:13:00,32.99,32.99,32.95,32.95,9600
2026-04-07 14:14:00,32.95,32.96,32.94,32.96,5162
2026-04-07 14:15:00,32.96,32.98,32.94,32.98,2396
2026-04-07 14:16:00,32.98,32.98,32.98,32.98,15
2026-04-07 14:17:00,32.98,32.98,32.96,32.96,62
2026-04-07 14:18:00,32.96,32.97,32.91,32.91,24753
2026-04-07 14:19:00,32.91,32.95,32.91,32.95,136
2026-04-07 14:20:00,32.95,32.95,32.95,32.95,25
2026-04-07 14:21:00,32.95,32.97,32.92,32.95,7308
2026-04-07 14:22:00,32.96,32.96,32.96,32.96,109
2026-04-07 14:23:00,32.92,32.96,32.9,32.94,3622
2026-04-07 14:24:00,32.94,32.94,32.91,32.91,51
2026-04-07 14:25:00,32.95,32.95,32.95,32.95,13
2026-04-07 14:26:00,32.95,32.95,32.92,32.92,83
2026-04-07 14:27:00,32.92,32.96,32.92,32.96,11535
2026-04-07 14:28:00,32.96,32.98,32.96,32.96,1933
2026-04-07 14:29:00,32.96,32.98,32.96,32.96,77
2026-04-07 14:30:00,32.99,32.99,32.99,32.99,1551
2026-04-07 14:31:00,33.0,33.0,32.96,32.99,20017
2026-04-07 14:32:00,32.99,32.99,32.99,32.99,130
2026-04-07 14:33:00,32.99,32.99,32.99,32.99,205
2026-04-07 14:34:00,32.96,32.99,32.92,32.92,8920
2026-04-07 14:35:00,32.92,32.95,32.92,32.92,1522
2026-04-07 14:36:00,32.92,32.95,32.92,32.95,2504
2026-04-07 14:37:00,32.95,32.95,32.88,32.89,63126
2026-04-07 14:38:00,32.92,32.92,32.9,32.92,325
2026-04-07 14:39:00,32.92,32.96,32.92,32.96,2092
2026-04-07 14:40:00,32.96,32.97,32.93,32.97,2065
2026-04-07 14:41:00,32.97,32.97,32.92,32.92,1007
2026-04-07 14:42:00,32.92,32.95,32.92,32.95,329
2026-04-07 14:43:00,32.95,32.96,32.93,32.95,24
2026-04-07 14:44:00,32.95,32.97,32.94,32.94,377
2026-04-07 14:45:00,32.94,32.94,32.93,32.93,1811
2026-04-07 14:46:00,32.93,32.97,32.93,32.97,526
2026-04-07 14:47:00,32.97,32.97,32.94,32.94,4930
2026-04-07 14:48:00,32.96,32.97,32.93,32.96,2164
2026-04-07 14:49:00,32.96,32.96,32.95,32.96,654
2026-04-07 14:50:00,32.96,32.97,32.94,32.97,3026
2026-04-07 14:51:00,32.94,32.99,32.94,32.97,17830
2026-04-07 14:52:00,32.97,32.98,32.95,32.98,1190
2026-04-07 14:53:00,32.98,32.98,32.96,32.96,31
2026-04-07 14:54:00,32.96,32.99,32.96,32.98,1560
2026-04-07 14:55:00,32.98,32.98,32.95,32.96,71
2026-04-07 14:56:00,32.96,32.98,32.96,32.98,2545
2026-04-07 14:57:00,32.98,32.99,32.96,32.98,1793
2026-04-07 14:58:00,32.98,32.98,32.97,32.97,753
2026-04-07 14:59:00,32.97,32.98,32.97,32.98,564
2026-04-07 15:00:00,32.98,32.98,32.95,32.97,4538
2026-04-07 15:01:00,32.97,32.97,32.94,32.97,2710
2026-04-07 15:02:00,32.97,32.99,32.94,32.99,31359
2026-04-07 15:03:00,32.99,32.99,32.98,32.99,17933
2026-04-07 15:04:00,32.99,33.01,32.99,33.01,15690
2026-04-07 15:05:00,33.02,33.03,33.01,33.03,17212
2026-04-07 15:06:00,33.03,33.03,33.02,33.03,7599
2026-04-07 15:07:00,33.03,33.04,33.01,33.03,3016
2026-04-07 15:08:00,33.03,33.03,33.02,33.03,28250
2026-04-07 15:09:00,33.0,33.03,32.98,33.0,8866
2026-04-07 15:10:00,33.0,33.01,32.99,33.01,2789
2026-04-07 15:11:00,33.01,33.01,33.0,33.01,5440
2026-04-07 15:12:00,33.01,33.01,32.99,32.99,14054
2026-04-07 15:13:00,32.97,33.01,32.97,33.01,8669
2026-04-07 15:14:00,33.0,33.01,32.97,33.0,6246
2026-04-07 15:15:00,32.99,32.99,32.91,32.91,76238
2026-04-07 15:16:00,32.92,32.96,32.92,32.95,4709
2026-04-07 15:17:00,32.95,32.95,32.86,32.94,36168
2026-04-07 15:18:00,32.94,32.96,32.89,32.92,25160
2026-04-07 15:19:00,32.96,32.96,32.94,32.94,9728
2026-04-07 15:20:00,32.94,32.96,32.91,32.96,58369
2026-04-07 15:21:00,32.95,32.99,32.92,32.99,31233
2026-04-07 15:22:00,32.99,32.99,32.91,32.95,10444
2026-04-07 15:23:00,32.95,32.95,32.91,32.95,12493
2026-04-07 15:24:00,32.95,32.95,32.91,32.94,42222
2026-04-07 15:25:00,32.94,32.95,32.88,32.92,57129
2026-04-07 15:26:00,32.9,32.95,32.89,32.94,13189
2026-04-07 15:27:00,32.94,32.94,32.92,32.94,80289
2026-04-07 15:28:00,32.91,32.97,32.85,32.97,25188
2026-04-07 15:29:00,32.93,32.97,32.84,32.95,16841
