datetime,open,high,low,close,volume
2026-03-02 09:15:00,1332.0,1375.0,1332.0,1374.2,14207
2026-03-02 09:16:00,1372.0,1375.1,1368.6,1372.7,3074
2026-03-02 09:17:00,1371.4,1371.4,1366.1,1368.6,2320
2026-03-02 09:18:00,1367.5,1369.6,1366.1,1366.1,688
2026-03-02 09:19:00,1368.0,1369.7,1365.2,1367.7,2859
2026-03-02 09:20:00,1368.3,1377.0,1368.3,1375.2,3223
2026-03-02 09:21:00,1375.2,1378.8,1373.9,1374.3,3464
2026-03-02 09:22:00,1373.4,1375.0,1370.5,1372.1,1924
2026-03-02 09:23:00,1371.7,1372.3,1368.8,1368.8,2068
2026-03-02 09:24:00,1368.8,1370.8,1367.5,1369.7,2324
2026-03-02 09:25:00,1369.8,1370.0,1366.0,1366.5,809
2026-03-02 09:26:00,1365.1,1366.6,1364.4,1365.5,3223
2026-03-02 09:27:00,1365.5,1368.0,1365.1,1366.2,2390
2026-03-02 09:28:00,1366.2,1368.5,1366.2,1368.4,686
2026-03-02 09:29:00,1368.4,1369.0,1366.0,1367.9,1520
2026-03-02 09:30:00,1367.9,1371.0,1367.0,1370.2,3275
2026-03-02 09:31:00,1369.2,1369.8,1368.3,1369.4,242
2026-03-02 09:32:00,1369.4,1370.5,1368.3,1370.1,1056
2026-03-02 09:33:00,1370.1,1372.4,1370.1,1372.1,726
2026-03-02 09:34:00,1372.0,1374.2,1372.0,1373.9,1657
2026-03-02 09:35:00,1373.9,1375.8,1370.0,1375.3,4973
2026-03-02 09:36:00,1374.1,1375.6,1373.2,1374.4,761
2026-03-02 09:37:00,1374.4,1375.6,1374.1,1374.1,1083
2026-03-02 09:38:00,1374.1,1376.7,1372.3,1373.4,4763
2026-03-02 09:39:00,1373.4,1374.1,1372.6,1373.6,422
2026-03-02 09:40:00,1373.6,1383.9,1373.6,1381.4,4511
2026-03-02 09:41:00,1381.5,1383.8,1380.5,1383.8,1979
2026-03-02 09:42:00,1382.7,1382.9,1381.6,1381.8,177
2026-03-02 09:43:00,1382.5,1386.0,1382.5,1385.6,7544
2026-03-02 09:44:00,1385.6,1387.8,1385.0,1385.0,2043
2026-03-02 09:45:00,1385.1,1386.0,1385.0,1385.0,6015
2026-03-02 09:46:00,1380.5,1383.2,1380.5,1381.9,8521
2026-03-02 09:47:00,1381.9,1382.0,1378.4,1380.0,6258
2026-03-02 09:48:00,1380.0,1380.4,1377.6,1378.3,14385
2026-03-02 09:49:00,1378.3,1378.4,1375.5,1377.9,526
2026-03-02 09:50:00,1377.9,1379.2,1373.6,1378.4,623
2026-03-02 09:51:00,1377.5,1380.0,1376.8,1379.8,833
2026-03-02 09:52:00,1379.8,1379.8,1377.0,1377.0,885
2026-03-02 09:53:00,1377.2,1377.3,1376.2,1377.1,525
2026-03-02 09:54:00,1377.1,1379.7,1377.1,1379.3,413
2026-03-02 09:55:00,1379.4,1379.7,1378.6,1379.4,550
2026-03-02 09:56:00,1379.4,1384.9,1378.6,1381.3,8542
2026-03-02 09:57:00,1382.1,1383.0,1380.1,1380.1,7605
2026-03-02 09:58:00,1380.6,1381.2,1379.1,1379.1,6389
2026-03-02 09:59:00,1379.1,1380.0,1378.8,1379.5,466
2026-03-02 10:00:00,1380.0,1381.2,1380.0,1380.7,397
2026-03-02 10:01:00,1380.7,1381.5,1380.0,1380.3,336
2026-03-02 10:02:00,1380.3,1382.7,1379.9,1382.0,1640
2026-03-02 10:03:00,1380.9,1383.7,1380.9,1383.1,1271
2026-03-02 10:04:00,1383.1,1383.2,1381.8,1382.1,305
2026-03-02 10:05:00,1382.1,1382.7,1381.5,1381.9,679
2026-03-02 10:06:00,1381.9,1381.9,1380.7,1381.7,338
2026-03-02 10:07:00,1381.7,1381.7,1380.8,1381.5,466
2026-03-02 10:08:00,1381.5,1381.5,1379.7,1380.4,553
2026-03-02 10:09:00,1380.4,1380.7,1377.0,1378.3,934
2026-03-02 10:10:00,1378.3,1378.3,1376.0,1376.9,835
2026-03-02 10:11:00,1376.9,1377.6,1375.6,1377.6,915
2026-03-02 10:12:00,1377.6,1378.0,1377.0,1377.7,273
2026-03-02 10:13:00,1377.7,1378.3,1377.4,1378.3,143
2026-03-02 10:14:00,1378.3,1379.4,1377.5,1379.0,429
2026-03-02 10:15:00,1379.2,1380.9,1379.2,1379.4,1104
2026-03-02 10:16:00,1379.4,1380.2,1377.7,1377.7,240
2026-03-02 10:17:00,1377.8,1377.9,1375.7,1376.8,421
2026-03-02 10:18:00,1377.2,1378.9,1376.2,1378.9,418
2026-03-02 10:19:00,1378.9,1379.7,1378.2,1378.7,373
2026-03-02 10:20:00,1378.7,1379.0,1377.7,1378.4,182
2026-03-02 10:21:00,1378.4,1378.7,1377.5,1378.7,634
2026-03-02 10:22:00,1378.7,1380.9,1378.2,1380.9,562
2026-03-02 10:23:00,1380.9,1381.0,1379.9,1380.2,284
2026-03-02 10:24:00,1380.1,1380.7,1379.7,1380.4,192
2026-03-02 10:25:00,1380.4,1380.9,1379.4,1380.7,325
2026-03-02 10:26:00,1380.5,1380.9,1380.2,1380.4,169
2026-03-02 10:27:00,1380.4,1380.4,1373.7,1375.0,2062
2026-03-02 10:28:00,1375.0,1375.0,1373.3,1373.5,448
2026-03-02 10:29:00,1373.0,1375.9,1373.0,1374.9,1725
2026-03-02 10:30:00,1374.8,1376.4,1373.5,1376.0,1872
2026-03-02 10:31:00,1376.0,1376.7,1374.9,1376.6,501
2026-03-02 10:32:00,1376.6,1377.2,1375.8,1377.0,762
2026-03-02 10:33:00,1377.0,1378.1,1376.5,1377.7,433
2026-03-02 10:34:00,1377.7,1379.4,1377.1,1377.9,880
2026-03-02 10:35:00,1377.9,1378.7,1377.1,1377.3,532
2026-03-02 10:36:00,1377.3,1377.3,1376.0,1376.6,467
2026-03-02 10:37:00,1376.6,1377.5,1376.4,1377.5,463
2026-03-02 10:38:00,1377.3,1377.9,1375.4,1375.4,320
2026-03-02 10:39:00,1375.3,1376.1,1375.0,1375.0,543
2026-03-02 10:40:00,1375.0,1376.1,1375.0,1375.6,682
2026-03-02 10:41:00,1375.0,1376.1,1374.5,1375.8,1360
2026-03-02 10:42:00,1375.7,1376.9,1375.6,1376.1,581
2026-03-02 10:43:00,1375.3,1376.1,1373.7,1373.7,227
2026-03-02 10:44:00,1373.7,1376.1,1373.7,1375.9,479
2026-03-02 10:45:00,1375.6,1376.0,1375.0,1375.6,346
2026-03-02 10:46:00,1375.6,1376.5,1375.0,1375.5,429
2026-03-02 10:47:00,1375.5,1376.0,1374.7,1376.0,523
2026-03-02 10:48:00,1376.0,1376.5,1374.8,1375.0,473
2026-03-02 10:49:00,1375.0,1375.8,1373.8,1375.6,1127
2026-03-02 10:50:00,1375.6,1377.3,1375.0,1377.3,678
2026-03-02 10:51:00,1377.3,1377.6,1376.4,1376.9,2439
2026-03-02 10:52:00,1376.9,1377.3,1376.3,1377.2,215
2026-03-02 10:53:00,1377.2,1378.6,1375.4,1376.8,2691
2026-03-02 10:54:00,1376.8,1377.9,1375.8,1377.9,991
2026-03-02 10:55:00,1377.9,1380.9,1377.9,1380.0,854
2026-03-02 10:56:00,1380.0,1381.0,1379.5,1380.3,567
2026-03-02 10:57:00,1380.3,1381.9,1379.4,1381.9,758
2026-03-02 10:58:00,1381.9,1383.0,1380.8,1381.3,1380
2026-03-02 10:59:00,1381.3,1384.5,1381.3,1383.6,5651
2026-03-02 11:00:00,1383.7,1384.8,1383.7,1384.3,694
2026-03-02 11:01:00,1384.3,1384.3,1383.1,1383.8,457
2026-03-02 11:02:00,1383.7,1383.8,1382.9,1383.0,818
2026-03-02 11:03:00,1383.0,1385.9,1383.0,1385.4,881
2026-03-02 11:04:00,1385.4,1385.4,1383.9,1383.9,319
2026-03-02 11:05:00,1383.9,1383.9,1382.2,1383.2,246
2026-03-02 11:06:00,1383.3,1385.7,1383.3,1384.3,535
2026-03-02 11:07:00,1384.3,1384.3,1381.7,1381.7,379
2026-03-02 11:08:00,1382.7,1382.9,1381.8,1382.4,312
2026-03-02 11:09:00,1382.4,1382.4,1380.6,1381.8,964
2026-03-02 11:10:00,1381.8,1381.8,1379.5,1379.5,169
2026-03-02 11:11:00,1379.5,1379.7,1378.0,1378.7,652
2026-03-02 11:12:00,1378.7,1379.1,1378.1,1378.1,306
2026-03-02 11:13:00,1378.1,1380.4,1378.0,1379.9,296
2026-03-02 11:14:00,1379.9,1380.0,1379.0,1379.9,314
2026-03-02 11:15:00,1379.9,1379.9,1378.4,1379.4,345
2026-03-02 11:16:00,1379.4,1379.9,1378.4,1378.4,813
2026-03-02 11:17:00,1378.4,1379.9,1378.0,1379.6,1195
2026-03-02 11:18:00,1379.6,1379.6,1378.3,1379.1,267
2026-03-02 11:19:00,1379.1,1379.6,1378.5,1379.2,174
2026-03-02 11:20:00,1379.2,1379.2,1378.0,1378.5,369
2026-03-02 11:21:00,1378.8,1380.5,1378.6,1380.0,812
2026-03-02 11:22:00,1380.0,1380.5,1380.0,1380.2,265
2026-03-02 11:23:00,1380.2,1380.2,1378.2,1378.5,427
2026-03-02 11:24:00,1378.5,1379.5,1378.0,1379.3,1014
2026-03-02 11:25:00,1379.3,1379.3,1378.4,1378.7,324
2026-03-02 11:26:00,1378.7,1378.7,1378.0,1378.3,2500
2026-03-02 11:27:00,1378.3,1378.4,1376.4,1376.9,2523
2026-03-02 11:28:00,1376.3,1376.7,1375.6,1376.7,371
2026-03-02 11:29:00,1376.7,1376.7,1375.4,1376.3,314
2026-03-02 11:30:00,1376.3,1376.3,1372.1,1372.9,822
2026-03-02 11:31:00,1372.8,1374.6,1372.8,1374.5,763
2026-03-02 11:32:00,1374.5,1376.4,1374.3,1374.7,720
2026-03-02 11:33:00,1374.7,1374.7,1373.3,1373.8,306
2026-03-02 11:34:00,1373.8,1373.8,1372.5,1372.9,294
2026-03-02 11:35:00,1372.9,1373.3,1372.5,1373.0,362
2026-03-02 11:36:00,1373.0,1374.2,1372.9,1374.1,513
2026-03-02 11:37:00,1374.1,1374.1,1373.1,1373.6,290
2026-03-02 11:38:00,1373.5,1373.5,1372.8,1373.3,470
2026-03-02 11:39:00,1373.3,1374.9,1373.3,1374.7,721
2026-03-02 11:40:00,1374.7,1374.8,1373.6,1374.1,411
2026-03-02 11:41:00,1374.1,1374.1,1372.1,1372.7,503
2026-03-02 11:42:00,1372.7,1372.9,1370.6,1372.9,2679
2026-03-02 11:43:00,1372.9,1373.8,1372.4,1372.6,218
2026-03-02 11:44:00,1372.6,1372.7,1370.9,1371.9,639
2026-03-02 11:45:00,1371.9,1372.5,1371.0,1372.5,487
2026-03-02 11:46:00,1372.5,1374.2,1371.8,1374.1,427
2026-03-02 11:47:00,1374.1,1374.1,1372.5,1373.2,428
2026-03-02 11:48:00,1373.2,1373.2,1370.5,1371.6,514
2026-03-02 11:49:00,1371.6,1372.0,1371.3,1371.5,418
2026-03-02 11:50:00,1371.5,1372.8,1371.2,1372.6,685
2026-03-02 11:51:00,1372.6,1374.1,1372.3,1374.1,721
2026-03-02 11:52:00,1374.1,1374.1,1371.9,1372.8,309
2026-03-02 11:53:00,1372.8,1372.9,1372.3,1372.3,344
2026-03-02 11:54:00,1372.3,1372.5,1371.5,1372.0,340
2026-03-02 11:55:00,1371.9,1372.5,1371.3,1371.9,2031
2026-03-02 11:56:00,1371.9,1372.6,1371.4,1372.5,867
2026-03-02 11:57:00,1372.5,1372.5,1371.3,1371.6,312
2026-03-02 11:58:00,1371.6,1371.6,1370.4,1371.0,355
2026-03-02 11:59:00,1371.5,1371.5,1369.6,1369.6,1641
2026-03-02 12:00:00,1369.6,1369.6,1366.1,1366.4,948
2026-03-02 12:01:00,1366.4,1367.0,1365.6,1366.2,488
2026-03-02 12:02:00,1366.2,1366.2,1365.3,1365.5,319
2026-03-02 12:03:00,1365.5,1366.0,1365.3,1365.4,466
2026-03-02 12:04:00,1365.4,1366.1,1363.8,1365.1,856
2026-03-02 12:05:00,1365.1,1365.6,1363.6,1365.6,725
2026-03-02 12:06:00,1365.6,1366.2,1365.6,1366.0,269
2026-03-02 12:07:00,1366.0,1367.4,1365.0,1366.5,934
2026-03-02 12:08:00,1366.5,1367.5,1366.3,1366.8,2474
2026-03-02 12:09:00,1366.8,1367.2,1366.7,1366.9,230
2026-03-02 12:10:00,1366.9,1366.9,1365.7,1365.7,498
2026-03-02 12:11:00,1366.4,1366.4,1364.8,1365.0,368
2026-03-02 12:12:00,1365.0,1367.3,1364.7,1366.9,749
2026-03-02 12:13:00,1366.9,1366.9,1366.1,1366.7,407
2026-03-02 12:14:00,1366.7,1366.8,1364.5,1364.8,357
2026-03-02 12:15:00,1364.8,1365.8,1363.5,1363.5,664
2026-03-02 12:16:00,1363.5,1366.4,1363.5,1365.4,260
2026-03-02 12:17:00,1365.4,1365.4,1363.7,1364.5,135
2026-03-02 12:18:00,1364.5,1364.5,1363.2,1364.1,347
2026-03-02 12:19:00,1364.1,1364.1,1363.3,1364.0,493
2026-03-02 12:20:00,1364.0,1364.4,1363.3,1363.4,232
2026-03-02 12:21:00,1363.4,1363.7,1362.7,1363.4,23
2026-03-02 12:22:00,1363.8,1364.2,1363.8,1364.0,199
2026-03-02 12:23:00,1364.0,1364.0,1362.5,1362.8,207
2026-03-02 12:24:00,1362.8,1362.8,1361.8,1361.8,453
2026-03-02 12:25:00,1361.8,1362.2,1361.0,1361.0,127
2026-03-02 12:26:00,1361.0,1361.5,1360.9,1360.9,20
2026-03-02 12:27:00,1360.9,1361.5,1360.7,1361.5,313
2026-03-02 12:28:00,1361.5,1361.7,1358.4,1358.4,1369
2026-03-02 12:29:00,1358.4,1361.4,1358.4,1361.4,1114
2026-03-02 12:30:00,1361.4,1361.4,1358.9,1359.9,1143
2026-03-02 12:31:00,1359.9,1359.9,1359.3,1359.7,157
2026-03-02 12:32:00,1359.5,1361.6,1358.8,1360.8,641
2026-03-02 12:33:00,1360.7,1360.7,1359.0,1359.6,950
2026-03-02 12:34:00,1360.1,1360.7,1360.0,1360.2,512
2026-03-02 12:35:00,1360.2,1360.8,1358.8,1359.0,5640
2026-03-02 12:36:00,1357.8,1359.3,1357.8,1358.2,780
2026-03-02 12:37:00,1358.2,1358.9,1357.5,1358.9,618
2026-03-02 12:38:00,1358.9,1358.9,1356.4,1356.4,416
2026-03-02 12:39:00,1356.4,1357.7,1356.3,1356.7,520
2026-03-02 12:40:00,1356.7,1359.1,1355.6,1357.8,6534
2026-03-02 12:41:00,1357.4,1357.4,1356.5,1357.2,984
2026-03-02 12:42:00,1357.2,1357.2,1356.0,1356.7,874
2026-03-02 12:43:00,1356.7,1356.7,1355.2,1356.4,487
2026-03-02 12:44:00,1356.4,1356.4,1354.6,1355.2,1606
2026-03-02 12:45:00,1355.2,1355.2,1354.0,1354.4,357
2026-03-02 12:46:00,1354.4,1356.2,1354.1,1356.1,1416
2026-03-02 12:47:00,1356.1,1356.5,1355.4,1356.4,335
2026-03-02 12:48:00,1356.4,1356.4,1354.8,1355.3,429
2026-03-02 12:49:00,1354.9,1355.4,1354.7,1355.3,346
2026-03-02 12:50:00,1355.3,1355.5,1353.6,1354.4,399
2026-03-02 12:51:00,1354.4,1354.4,1353.0,1354.3,2503
2026-03-02 12:52:00,1355.1,1355.8,1354.4,1355.8,359
2026-03-02 12:53:00,1355.8,1355.9,1354.7,1355.2,1031
2026-03-02 12:54:00,1355.2,1355.9,1354.9,1355.0,580
2026-03-02 12:55:00,1355.0,1355.2,1353.3,1354.3,648
2026-03-02 12:56:00,1354.3,1354.8,1353.6,1354.1,516
2026-03-02 12:57:00,1354.1,1354.1,1353.4,1353.9,347
2026-03-02 12:58:00,1353.9,1355.0,1353.3,1354.5,904
2026-03-02 12:59:00,1354.5,1354.5,1354.0,1354.4,186
2026-03-02 13:00:00,1354.4,1354.4,1353.8,1354.2,301
2026-03-02 13:01:00,1354.2,1354.9,1353.7,1354.9,1163
2026-03-02 13:02:00,1354.6,1354.7,1353.7,1354.0,260
2026-03-02 13:03:00,1354.0,1354.0,1353.1,1353.1,500
2026-03-02 13:04:00,1353.1,1353.4,1353.1,1353.2,297
2026-03-02 13:05:00,1353.1,1353.6,1353.0,1353.0,764
2026-03-02 13:06:00,1353.0,1353.7,1353.0,1353.7,399
2026-03-02 13:07:00,1353.7,1353.7,1353.0,1353.4,382
2026-03-02 13:08:00,1353.4,1354.2,1351.4,1352.2,12846
2026-03-02 13:09:00,1352.2,1354.6,1352.1,1353.1,1396
2026-03-02 13:10:00,1353.1,1353.9,1352.9,1353.7,685
2026-03-02 13:11:00,1353.7,1353.7,1352.7,1353.2,491
2026-03-02 13:12:00,1353.2,1354.2,1353.0,1353.0,1174
2026-03-02 13:13:00,1353.0,1353.0,1351.9,1352.7,432
2026-03-02 13:14:00,1352.7,1353.6,1352.5,1353.4,656
2026-03-02 13:15:00,1353.4,1354.4,1352.3,1352.9,1106
2026-03-02 13:16:00,1352.9,1354.3,1352.2,1353.3,632
2026-03-02 13:17:00,1353.3,1353.3,1352.3,1352.9,330
2026-03-02 13:18:00,1352.9,1353.7,1352.8,1353.7,473
2026-03-02 13:19:00,1353.6,1353.6,1353.3,1353.5,532
2026-03-02 13:20:00,1353.3,1353.4,1352.4,1353.0,372
2026-03-02 13:21:00,1353.0,1353.3,1352.2,1353.1,431
2026-03-02 13:22:00,1353.1,1355.1,1353.1,1354.4,608
2026-03-02 13:23:00,1354.4,1354.4,1353.6,1353.7,434
2026-03-02 13:24:00,1353.7,1354.4,1353.4,1354.4,978
2026-03-02 13:25:00,1354.4,1354.9,1354.1,1354.2,602
2026-03-02 13:26:00,1354.2,1354.2,1352.2,1352.9,342
2026-03-02 13:27:00,1352.9,1353.5,1352.9,1353.3,872
2026-03-02 13:28:00,1353.3,1354.0,1353.3,1353.7,267
2026-03-02 13:29:00,1353.7,1353.7,1351.9,1352.5,409
2026-03-02 13:30:00,1352.2,1354.8,1352.2,1353.6,889
2026-03-02 13:31:00,1353.6,1354.7,1353.4,1354.1,338
2026-03-02 13:32:00,1354.1,1354.3,1353.2,1353.7,237
2026-03-02 13:33:00,1353.7,1355.0,1353.4,1355.0,1250
2026-03-02 13:34:00,1355.6,1355.6,1353.4,1354.2,236
2026-03-02 13:35:00,1354.2,1354.9,1354.2,1354.8,188
2026-03-02 13:36:00,1354.8,1354.9,1354.5,1354.8,656
2026-03-02 13:37:00,1354.8,1355.2,1353.4,1355.0,349
2026-03-02 13:38:00,1354.2,1355.0,1353.7,1353.8,318
2026-03-02 13:39:00,1353.8,1354.0,1352.2,1353.2,590
2026-03-02 13:40:00,1353.2,1353.5,1352.5,1353.4,377
2026-03-02 13:41:00,1353.4,1353.4,1352.1,1352.3,499
2026-03-02 13:42:00,1352.3,1352.8,1351.7,1352.4,976
2026-03-02 13:43:00,1352.4,1353.5,1351.7,1353.4,489
2026-03-02 13:44:00,1353.4,1353.9,1353.0,1353.9,177
2026-03-02 13:45:00,1353.9,1353.9,1353.2,1353.9,449
2026-03-02 13:46:00,1353.9,1354.5,1353.1,1353.5,221
2026-03-02 13:47:00,1353.5,1354.3,1353.1,1353.4,256
2026-03-02 13:48:00,1353.4,1353.5,1352.0,1352.6,299
2026-03-02 13:49:00,1352.6,1352.8,1351.1,1351.1,1107
2026-03-02 13:50:00,1351.9,1351.9,1351.0,1351.6,266
2026-03-02 13:51:00,1351.6,1351.7,1350.0,1350.0,1261
2026-03-02 13:52:00,1349.8,1349.8,1348.7,1349.8,288
2026-03-02 13:53:00,1349.8,1350.9,1349.2,1350.7,345
2026-03-02 13:54:00,1350.7,1350.7,1348.9,1350.0,306
2026-03-02 13:55:00,1350.0,1350.1,1349.9,1349.9,111
2026-03-02 13:56:00,1349.9,1349.9,1349.2,1349.8,283
2026-03-02 13:57:00,1349.8,1350.0,1348.1,1348.9,523
2026-03-02 13:58:00,1348.9,1350.0,1348.3,1349.8,473
2026-03-02 13:59:00,1350.0,1350.4,1348.9,1349.7,229
2026-03-02 14:00:00,1349.6,1350.0,1348.7,1348.9,348
2026-03-02 14:01:00,1348.9,1348.9,1346.9,1347.5,467
2026-03-02 14:02:00,1347.5,1351.4,1347.5,1350.4,1959
2026-03-02 14:03:00,1351.5,1357.0,1351.2,1357.0,9239
2026-03-02 14:04:00,1357.0,1359.3,1356.2,1359.3,8098
2026-03-02 14:05:00,1358.9,1360.0,1358.9,1359.6,3061
2026-03-02 14:06:00,1359.6,1361.7,1359.4,1360.9,1449
2026-03-02 14:07:00,1361.6,1362.4,1360.9,1362.0,685
2026-03-02 14:08:00,1362.0,1362.8,1361.2,1361.2,448
2026-03-02 14:09:00,1361.6,1362.5,1361.5,1362.3,351
2026-03-02 14:10:00,1362.3,1363.8,1361.3,1363.5,1441
2026-03-02 14:11:00,1363.0,1366.6,1363.0,1366.6,2295
2026-03-02 14:12:00,1366.6,1367.1,1365.5,1367.1,336
2026-03-02 14:13:00,1367.1,1369.6,1366.3,1368.4,712
2026-03-02 14:14:00,1368.4,1370.0,1368.4,1369.9,274
2026-03-02 14:15:00,1369.9,1370.5,1368.5,1368.5,823
2026-03-02 14:16:00,1368.3,1370.0,1368.3,1369.9,519
2026-03-02 14:17:00,1369.9,1370.3,1369.2,1369.9,336
2026-03-02 14:18:00,1369.9,1370.3,1368.9,1368.9,519
2026-03-02 14:19:00,1369.4,1370.1,1368.7,1369.5,229
2026-03-02 14:20:00,1369.5,1369.5,1368.0,1368.9,372
2026-03-02 14:21:00,1368.9,1369.9,1368.7,1369.6,223
2026-03-02 14:22:00,1368.8,1368.8,1367.0,1368.2,267
2026-03-02 14:23:00,1368.2,1368.7,1368.1,1368.7,189
2026-03-02 14:24:00,1368.7,1368.9,1367.2,1368.1,466
2026-03-02 14:25:00,1368.2,1368.2,1367.0,1367.5,546
2026-03-02 14:26:00,1367.5,1367.5,1366.5,1366.5,283
2026-03-02 14:27:00,1367.5,1367.5,1366.1,1366.9,520
2026-03-02 14:28:00,1366.9,1367.0,1365.4,1367.0,190
2026-03-02 14:29:00,1366.5,1367.1,1366.1,1366.4,129
2026-03-02 14:30:00,1366.4,1367.3,1363.7,1364.9,565
2026-03-02 14:31:00,1364.9,1365.5,1364.0,1364.9,200
2026-03-02 14:32:00,1364.9,1366.3,1363.6,1366.3,661
2026-03-02 14:33:00,1366.3,1368.0,1366.1,1367.3,540
2026-03-02 14:34:00,1367.3,1369.5,1367.0,1369.5,467
2026-03-02 14:35:00,1368.7,1372.0,1368.7,1371.4,1650
2026-03-02 14:36:00,1372.0,1372.0,1368.6,1372.0,1033
2026-03-02 14:37:00,1372.0,1374.0,1372.0,1373.8,1210
2026-03-02 14:38:00,1373.1,1377.1,1373.1,1377.1,924
2026-03-02 14:39:00,1377.1,1377.3,1373.7,1374.1,860
2026-03-02 14:40:00,1374.1,1375.2,1374.0,1374.4,243
2026-03-02 14:41:00,1374.4,1375.0,1373.8,1374.3,653
2026-03-02 14:42:00,1374.6,1375.6,1372.5,1373.2,662
2026-03-02 14:43:00,1372.2,1373.0,1371.3,1372.2,483
2026-03-02 14:44:00,1371.5,1373.2,1370.6,1370.6,594
2026-03-02 14:45:00,1370.6,1373.8,1370.6,1370.8,614
2026-03-02 14:46:00,1370.9,1371.3,1369.6,1369.9,359
2026-03-02 14:47:00,1369.9,1373.6,1369.1,1372.9,1520
2026-03-02 14:48:00,1375.0,1377.6,1374.3,1377.6,2643
2026-03-02 14:49:00,1377.2,1379.1,1376.9,1378.7,6285
2026-03-02 14:50:00,1378.1,1378.9,1376.8,1378.7,5762
2026-03-02 14:51:00,1378.7,1379.2,1376.5,1376.5,9176
2026-03-02 14:52:00,1376.7,1377.0,1375.8,1376.3,7433
2026-03-02 14:53:00,1376.3,1379.3,1376.3,1377.4,4261
2026-03-02 14:54:00,1377.4,1379.7,1376.4,1378.9,41110
2026-03-02 14:55:00,1378.8,1381.2,1378.6,1380.7,8074
2026-03-02 14:56:00,1381.0,1382.5,1377.2,1379.6,6574
2026-03-02 14:57:00,1379.0,1379.0,1375.9,1376.1,3981
2026-03-02 14:58:00,1373.3,1376.6,1373.3,1375.6,8902
2026-03-02 14:59:00,1375.8,1376.9,1375.1,1375.1,2486
2026-03-02 15:00:00,1375.4,1378.6,1374.8,1377.1,6801
2026-03-02 15:01:00,1377.7,1378.6,1376.1,1376.1,8584
2026-03-02 15:02:00,1376.1,1378.0,1374.3,1375.5,9644
2026-03-02 15:03:00,1374.7,1376.9,1374.5,1376.9,3034
2026-03-02 15:04:00,1376.9,1379.7,1376.2,1377.1,8946
2026-03-02 15:05:00,1377.7,1377.7,1375.6,1376.0,8811
2026-03-02 15:06:00,1376.1,1378.7,1376.1,1378.5,5240
2026-03-02 15:07:00,1378.5,1379.6,1376.8,1378.9,6569
2026-03-02 15:08:00,1379.8,1381.7,1379.5,1380.9,3977
2026-03-02 15:09:00,1380.0,1381.3,1378.1,1379.8,8046
2026-03-02 15:10:00,1380.9,1380.9,1376.8,1377.7,11834
2026-03-02 15:11:00,1377.7,1379.6,1377.4,1378.5,9121
2026-03-02 15:12:00,1378.5,1379.1,1375.4,1376.0,7075
2026-03-02 15:13:00,1376.5,1376.8,1375.1,1376.2,7197
2026-03-02 15:14:00,1376.1,1377.8,1375.9,1377.3,6059
2026-03-02 15:15:00,1377.4,1378.9,1377.2,1378.7,5616
2026-03-02 15:16:00,1378.9,1380.5,1377.9,1380.5,7823
2026-03-02 15:17:00,1379.5,1379.7,1378.0,1378.5,7222
2026-03-02 15:18:00,1378.1,1379.6,1378.0,1379.6,7319
2026-03-02 15:19:00,1378.7,1380.4,1378.1,1378.7,11788
2026-03-02 15:20:00,1378.7,1379.0,1376.2,1377.1,5447
2026-03-02 15:21:00,1377.2,1378.3,1375.8,1376.4,4952
2026-03-02 15:22:00,1376.4,1377.9,1374.4,1376.5,10478
2026-03-02 15:23:00,1376.3,1376.6,1373.8,1375.0,4148
2026-03-02 15:24:00,1375.0,1375.4,1372.3,1375.4,9640
2026-03-02 15:25:00,1376.1,1377.2,1375.1,1377.1,5323
2026-03-02 15:26:00,1377.1,1378.5,1374.4,1375.8,6032
2026-03-02 15:27:00,1375.8,1376.6,1372.4,1374.7,3326
2026-03-02 15:28:00,1374.6,1374.7,1372.6,1373.4,1665
2026-03-02 15:29:00,1373.4,1374.9,1370.5,1374.9,703
2026-03-04 09:15:00,1341.7,1363.4,1341.7,1347.9,1847
2026-03-04 09:16:00,1347.9,1347.9,1341.2,1341.3,1472
2026-03-04 09:17:00,1341.1,1341.7,1336.2,1336.2,2459
2026-03-04 09:18:00,1337.0,1340.9,1336.0,1338.7,11762
2026-03-04 09:19:00,1338.7,1340.0,1338.7,1339.2,2863
2026-03-04 09:20:00,1337.2,1337.2,1335.1,1336.2,1108
2026-03-04 09:21:00,1336.6,1337.6,1334.9,1336.1,1167
2026-03-04 09:22:00,1336.1,1337.4,1333.0,1333.0,1987
2026-03-04 09:23:00,1333.8,1333.8,1329.7,1329.7,1711
2026-03-04 09:24:00,1330.3,1331.7,1328.6,1329.1,2126
2026-03-04 09:25:00,1329.6,1331.5,1328.0,1331.5,1256
2026-03-04 09:26:00,1330.6,1331.3,1329.2,1329.2,1451
2026-03-04 09:27:00,1329.9,1331.7,1329.1,1329.2,1890
2026-03-04 09:28:00,1332.9,1334.2,1330.3,1334.2,1522
2026-03-04 09:29:00,1333.9,1333.9,1331.3,1331.9,954
2026-03-04 09:30:00,1331.9,1336.9,1331.9,1335.0,1718
2026-03-04 09:31:00,1335.4,1337.8,1335.0,1337.8,2908
2026-03-04 09:32:00,1337.8,1338.2,1336.0,1336.3,572
2026-03-04 09:33:00,1336.8,1336.8,1336.0,1336.0,328
2026-03-04 09:34:00,1335.6,1337.8,1335.6,1336.0,1941
2026-03-04 09:35:00,1335.9,1335.9,1333.5,1333.8,293
2026-03-04 09:36:00,1333.8,1337.0,1333.6,1337.0,741
2026-03-04 09:37:00,1337.0,1337.0,1334.1,1335.2,593
2026-03-04 09:38:00,1335.2,1335.2,1333.6,1333.6,219
2026-03-04 09:39:00,1333.6,1333.6,1331.8,1333.2,575
2026-03-04 09:40:00,1333.2,1335.7,1332.8,1335.6,584
2026-03-04 09:41:00,1335.6,1336.7,1334.7,1336.6,420
2026-03-04 09:42:00,1336.6,1336.6,1333.3,1336.1,1037
2026-03-04 09:43:00,1336.1,1337.4,1336.0,1336.9,828
2026-03-04 09:44:00,1336.9,1337.1,1335.9,1336.1,531
2026-03-04 09:45:00,1336.1,1336.9,1335.4,1336.9,122
2026-03-04 09:46:00,1336.9,1336.9,1332.5,1332.7,1665
2026-03-04 09:47:00,1332.7,1332.7,1331.0,1331.8,1574
2026-03-04 09:48:00,1331.8,1333.9,1331.5,1331.5,3066
2026-03-04 09:49:00,1331.3,1331.9,1330.4,1330.8,1178
2026-03-04 09:50:00,1330.8,1331.9,1329.2,1329.3,1866
2026-03-04 09:51:00,1329.3,1331.0,1328.5,1331.0,1500
2026-03-04 09:52:00,1331.0,1331.9,1330.0,1331.7,1155
2026-03-04 09:53:00,1331.7,1331.7,1329.5,1329.9,293
2026-03-04 09:54:00,1329.9,1330.7,1329.7,1330.6,624
2026-03-04 09:55:00,1330.6,1331.1,1329.9,1331.0,411
2026-03-04 09:56:00,1331.0,1333.5,1330.2,1331.3,6812
2026-03-04 09:57:00,1331.3,1333.0,1330.5,1332.0,577
2026-03-04 09:58:00,1331.5,1334.4,1331.5,1334.4,6590
2026-03-04 09:59:00,1334.4,1334.8,1332.7,1333.0,1002
2026-03-04 10:00:00,1333.0,1333.0,1329.3,1331.7,607
2026-03-04 10:01:00,1331.7,1332.3,1331.1,1332.3,169
2026-03-04 10:02:00,1332.3,1333.3,1331.6,1333.3,1264
2026-03-04 10:03:00,1334.0,1334.0,1332.4,1332.9,260
2026-03-04 10:04:00,1331.8,1332.4,1329.6,1329.6,618
2026-03-04 10:05:00,1329.6,1330.7,1329.6,1329.6,417
2026-03-04 10:06:00,1329.6,1330.8,1328.3,1329.9,781
2026-03-04 10:07:00,1329.9,1332.7,1329.6,1332.4,1687
2026-03-04 10:08:00,1332.5,1333.0,1330.6,1330.7,1074
2026-03-04 10:09:00,1330.7,1333.0,1330.7,1332.6,1717
2026-03-04 10:10:00,1332.6,1333.9,1332.3,1333.5,922
2026-03-04 10:11:00,1333.5,1334.9,1332.2,1334.9,1260
2026-03-04 10:12:00,1334.9,1336.2,1334.2,1335.7,414
2026-03-04 10:13:00,1337.1,1338.0,1336.8,1337.1,1010
2026-03-04 10:14:00,1337.1,1338.0,1336.8,1337.8,106
2026-03-04 10:15:00,1338.0,1338.4,1335.8,1337.8,2721
2026-03-04 10:16:00,1337.8,1339.4,1336.5,1339.4,1353
2026-03-04 10:17:00,1339.4,1341.0,1338.0,1339.6,2222
2026-03-04 10:18:00,1339.6,1341.0,1338.0,1339.1,1116
2026-03-04 10:19:00,1339.2,1339.2,1337.8,1337.8,394
2026-03-04 10:20:00,1337.8,1338.1,1337.0,1337.2,441
2026-03-04 10:21:00,1337.2,1337.8,1336.0,1336.9,199
2026-03-04 10:22:00,1336.9,1336.9,1335.4,1336.1,23
2026-03-04 10:23:00,1336.1,1336.1,1332.8,1334.0,7434
2026-03-04 10:24:00,1334.0,1334.9,1331.6,1331.6,2779
2026-03-04 10:25:00,1331.6,1332.3,1327.9,1330.4,8382
2026-03-04 10:26:00,1331.4,1332.0,1330.0,1331.5,1316
2026-03-04 10:27:00,1332.0,1332.4,1330.8,1331.9,2126
2026-03-04 10:28:00,1330.2,1331.0,1330.0,1330.1,1721
2026-03-04 10:29:00,1330.3,1330.6,1330.0,1330.6,390
2026-03-04 10:30:00,1331.2,1331.4,1329.7,1329.7,1497
2026-03-04 10:31:00,1329.7,1330.4,1329.0,1329.0,743
2026-03-04 10:32:00,1329.0,1330.7,1329.0,1329.2,615
2026-03-04 10:33:00,1329.2,1329.3,1328.0,1328.2,596
2026-03-04 10:34:00,1328.4,1329.5,1328.2,1329.1,1205
2026-03-04 10:35:00,1329.1,1329.5,1327.4,1327.6,5020
2026-03-04 10:36:00,1327.6,1328.1,1326.8,1328.0,431
2026-03-04 10:37:00,1328.0,1328.0,1325.2,1326.0,1010
2026-03-04 10:38:00,1326.0,1327.4,1325.1,1325.6,2481
2026-03-04 10:39:00,1325.6,1326.2,1324.5,1324.5,3277
2026-03-04 10:40:00,1323.5,1323.5,1320.0,1320.0,7310
2026-03-04 10:41:00,1319.7,1323.5,1319.0,1322.0,10145
2026-03-04 10:42:00,1322.9,1323.0,1321.3,1321.8,3155
2026-03-04 10:43:00,1321.8,1321.8,1319.9,1320.3,1517
2026-03-04 10:44:00,1320.3,1321.0,1320.3,1320.7,749
2026-03-04 10:45:00,1321.0,1321.7,1320.3,1321.0,972
2026-03-04 10:46:00,1321.0,1321.5,1320.3,1320.3,442
2026-03-04 10:47:00,1320.1,1321.5,1320.0,1320.0,439
2026-03-04 10:48:00,1320.7,1320.7,1318.3,1318.5,929
2026-03-04 10:49:00,1318.5,1319.4,1318.1,1318.5,1191
2026-03-04 10:50:00,1318.5,1318.8,1317.6,1318.8,997
2026-03-04 10:51:00,1318.8,1319.5,1318.0,1318.0,793
2026-03-04 10:52:00,1318.6,1318.6,1317.4,1317.8,558
2026-03-04 10:53:00,1317.8,1317.9,1316.7,1317.5,1526
2026-03-04 10:54:00,1317.6,1319.3,1317.6,1319.3,786
2026-03-04 10:55:00,1319.3,1319.3,1316.8,1316.8,717
2026-03-04 10:56:00,1316.8,1318.0,1316.8,1317.0,877
2026-03-04 10:57:00,1317.0,1317.2,1316.0,1317.2,1241
2026-03-04 10:58:00,1317.2,1318.0,1316.0,1316.0,494
2026-03-04 10:59:00,1316.3,1317.1,1316.1,1317.1,641
2026-03-04 11:00:00,1317.1,1318.5,1316.7,1317.5,1274
2026-03-04 11:01:00,1317.6,1318.5,1316.7,1318.4,691
2026-03-04 11:02:00,1317.2,1319.1,1317.2,1318.6,949
2026-03-04 11:03:00,1318.5,1319.2,1318.0,1318.6,633
2026-03-04 11:04:00,1318.6,1318.6,1317.9,1318.6,455
2026-03-04 11:05:00,1318.6,1321.1,1318.5,1321.1,3768
2026-03-04 11:06:00,1321.6,1327.1,1321.4,1326.4,5395
2026-03-04 11:07:00,1326.4,1329.3,1325.6,1326.0,1690
2026-03-04 11:08:00,1326.0,1329.3,1326.0,1328.5,2038
2026-03-04 11:09:00,1328.5,1330.5,1327.9,1329.4,2673
2026-03-04 11:10:00,1329.4,1330.5,1329.0,1330.4,1871
2026-03-04 11:11:00,1330.4,1330.9,1329.5,1330.4,3651
2026-03-04 11:12:00,1330.4,1331.8,1329.1,1329.8,2716
2026-03-04 11:13:00,1329.2,1329.2,1327.0,1327.0,903
2026-03-04 11:14:00,1327.6,1327.6,1325.0,1325.0,637
2026-03-04 11:15:00,1325.0,1325.9,1325.0,1325.9,1488
2026-03-04 11:16:00,1324.5,1324.6,1323.1,1323.1,2404
2026-03-04 11:17:00,1323.1,1323.7,1322.6,1322.9,486
2026-03-04 11:18:00,1322.9,1323.9,1322.4,1322.7,460
2026-03-04 11:19:00,1322.7,1323.2,1322.3,1322.3,569
2026-03-04 11:20:00,1322.3,1322.7,1321.1,1321.1,492
2026-03-04 11:21:00,1321.0,1324.4,1321.0,1323.5,2145
2026-03-04 11:22:00,1323.5,1324.3,1322.7,1322.7,548
2026-03-04 11:23:00,1321.1,1322.2,1318.7,1319.0,21297
2026-03-04 11:24:00,1319.0,1320.0,1318.8,1318.8,1881
2026-03-04 11:25:00,1318.8,1319.7,1318.3,1319.0,287
2026-03-04 11:26:00,1318.7,1319.8,1318.6,1318.7,333
2026-03-04 11:27:00,1318.7,1319.0,1318.2,1318.6,868
2026-03-04 11:28:00,1318.3,1318.5,1317.2,1317.2,314
2026-03-04 11:29:00,1317.1,1317.3,1316.0,1316.0,955
2026-03-04 11:30:00,1316.2,1316.2,1315.0,1316.1,5737
2026-03-04 11:31:00,1316.1,1316.1,1315.1,1315.1,902
2026-03-04 11:32:00,1315.8,1315.8,1314.6,1314.7,464
2026-03-04 11:33:00,1315.7,1315.7,1314.1,1314.5,1197
2026-03-04 11:34:00,1314.5,1315.6,1314.4,1314.7,569
2026-03-04 11:35:00,1314.7,1316.2,1314.7,1315.7,546
2026-03-04 11:36:00,1315.7,1320.6,1315.7,1320.5,2782
2026-03-04 11:37:00,1320.5,1320.5,1319.8,1320.3,3904
2026-03-04 11:38:00,1318.9,1320.0,1316.6,1317.0,1726
2026-03-04 11:39:00,1317.0,1318.1,1317.0,1317.2,1683
2026-03-04 11:40:00,1317.2,1317.9,1316.7,1316.9,288
2026-03-04 11:41:00,1316.9,1317.9,1316.7,1317.5,378
2026-03-04 11:42:00,1317.9,1318.7,1317.6,1317.8,389
2026-03-04 11:43:00,1317.8,1317.9,1316.8,1317.0,726
2026-03-04 11:44:00,1317.4,1317.5,1316.2,1316.9,2018
2026-03-04 11:45:00,1316.9,1316.9,1315.6,1315.8,672
2026-03-04 11:46:00,1315.8,1316.7,1315.8,1316.0,401
2026-03-04 11:47:00,1316.0,1317.0,1315.7,1315.7,597
2026-03-04 11:48:00,1316.1,1316.3,1315.6,1316.0,304
2026-03-04 11:49:00,1316.3,1316.3,1315.6,1315.6,352
2026-03-04 11:50:00,1315.6,1318.0,1315.6,1318.0,332
2026-03-04 11:51:00,1318.9,1319.3,1318.2,1319.0,553
2026-03-04 11:52:00,1319.0,1320.1,1317.2,1317.2,3988
2026-03-04 11:53:00,1317.0,1317.4,1317.0,1317.1,602
2026-03-04 11:54:00,1317.1,1318.0,1317.0,1317.1,9401
2026-03-04 11:55:00,1317.0,1317.0,1316.1,1316.1,559
2026-03-04 11:56:00,1316.1,1316.3,1314.2,1314.5,778
2026-03-04 11:57:00,1314.5,1314.9,1313.7,1314.5,629
2026-03-04 11:58:00,1314.5,1315.2,1314.1,1314.1,522
2026-03-04 11:59:00,1314.1,1314.3,1313.9,1314.2,820
2026-03-04 12:00:00,1314.2,1316.0,1314.2,1316.0,483
2026-03-04 12:01:00,1316.0,1316.1,1315.0,1315.3,912
2026-03-04 12:02:00,1315.3,1315.3,1314.1,1314.3,1121
2026-03-04 12:03:00,1314.5,1314.5,1313.3,1313.3,950
2026-03-04 12:04:00,1313.7,1314.0,1313.0,1313.0,648
2026-03-04 12:05:00,1313.0,1313.0,1312.1,1312.2,475
2026-03-04 12:06:00,1312.2,1312.6,1311.2,1311.4,1268
2026-03-04 12:07:00,1311.4,1312.7,1311.4,1312.1,430
2026-03-04 12:08:00,1312.1,1313.5,1311.2,1312.0,3327
2026-03-04 12:09:00,1312.0,1312.7,1311.8,1312.7,924
2026-03-04 12:10:00,1312.7,1313.0,1311.3,1313.0,2759
2026-03-04 12:11:00,1312.5,1313.8,1312.5,1312.8,2767
2026-03-04 12:12:00,1312.8,1313.4,1312.3,1313.4,599
2026-03-04 12:13:00,1313.4,1313.6,1312.5,1312.5,790
2026-03-04 12:14:00,1312.5,1312.8,1310.0,1310.0,6416
2026-03-04 12:15:00,1310.3,1310.9,1310.1,1310.8,678
2026-03-04 12:16:00,1310.8,1310.9,1310.0,1310.0,268
2026-03-04 12:17:00,1310.1,1311.0,1310.0,1311.0,593
2026-03-04 12:18:00,1311.0,1311.0,1310.3,1310.4,217
2026-03-04 12:19:00,1310.4,1310.4,1309.7,1309.9,510
2026-03-04 12:20:00,1309.9,1311.2,1309.7,1310.4,783
2026-03-04 12:21:00,1311.2,1311.2,1309.8,1310.6,342
2026-03-04 12:22:00,1310.6,1310.6,1310.0,1310.3,532
2026-03-04 12:23:00,1310.3,1311.3,1310.3,1310.5,754
2026-03-04 12:24:00,1310.5,1311.7,1310.5,1310.9,319
2026-03-04 12:25:00,1310.8,1310.9,1310.1,1310.2,466
2026-03-04 12:26:00,1310.2,1310.5,1310.0,1310.3,439
2026-03-04 12:27:00,1310.3,1310.3,1308.0,1308.0,1873
2026-03-04 12:28:00,1309.5,1311.3,1309.0,1310.7,4194
2026-03-04 12:29:00,1310.7,1311.4,1310.3,1310.3,570
2026-03-04 12:30:00,1310.3,1311.5,1310.3,1310.8,317
2026-03-04 12:31:00,1310.8,1313.0,1310.6,1312.7,2889
2026-03-04 12:32:00,1312.7,1312.7,1311.0,1311.8,1739
2026-03-04 12:33:00,1311.8,1313.0,1311.4,1313.0,336
2026-03-04 12:34:00,1313.0,1313.0,1311.7,1312.5,658
2026-03-04 12:35:00,1312.5,1312.6,1311.5,1311.5,570
2026-03-04 12:36:00,1311.9,1312.6,1311.2,1312.6,591
2026-03-04 12:37:00,1312.5,1312.9,1312.1,1312.1,422
2026-03-04 12:38:00,1312.1,1312.7,1311.6,1311.6,589
2026-03-04 12:39:00,1311.6,1311.6,1310.0,1310.5,6149
2026-03-04 12:40:00,1310.5,1310.5,1310.2,1310.3,319
2026-03-04 12:41:00,1310.3,1311.2,1310.2,1311.2,1268
2026-03-04 12:42:00,1311.2,1311.2,1310.7,1311.0,364
2026-03-04 12:43:00,1311.0,1311.4,1310.1,1311.4,578
2026-03-04 12:44:00,1311.4,1311.7,1311.0,1311.4,379
2026-03-04 12:45:00,1311.4,1311.6,1311.1,1311.3,246
2026-03-04 12:46:00,1311.2,1315.2,1311.2,1314.9,4729
2026-03-04 12:47:00,1314.9,1316.6,1314.8,1315.6,2129
2026-03-04 12:48:00,1315.7,1320.0,1315.5,1316.5,7812
2026-03-04 12:49:00,1316.5,1317.8,1315.7,1317.6,4316
2026-03-04 12:50:00,1317.6,1317.8,1316.6,1317.5,2266
2026-03-04 12:51:00,1317.5,1320.0,1317.5,1319.1,1698
2026-03-04 12:52:00,1319.1,1320.0,1318.6,1319.6,3629
2026-03-04 12:53:00,1319.6,1322.4,1319.6,1321.5,3251
2026-03-04 12:54:00,1321.5,1321.7,1320.6,1321.3,1767
2026-03-04 12:55:00,1321.3,1321.5,1320.8,1321.5,1235
2026-03-04 12:56:00,1321.5,1323.5,1321.5,1322.0,1261
2026-03-04 12:57:00,1322.0,1323.2,1320.0,1321.0,6025
2026-03-04 12:58:00,1321.0,1322.3,1320.2,1320.5,4598
2026-03-04 12:59:00,1320.5,1322.5,1320.5,1322.5,1785
2026-03-04 13:00:00,1321.4,1322.5,1321.3,1321.9,666
2026-03-04 13:01:00,1321.9,1321.9,1320.2,1320.6,960
2026-03-04 13:02:00,1320.6,1322.0,1320.5,1321.1,637
2026-03-04 13:03:00,1321.8,1321.8,1321.3,1321.4,482
2026-03-04 13:04:00,1321.8,1321.8,1320.6,1321.3,966
2026-03-04 13:05:00,1321.3,1321.3,1320.6,1320.6,577
2026-03-04 13:06:00,1320.6,1320.6,1320.5,1320.6,3107
2026-03-04 13:07:00,1320.6,1322.5,1320.6,1322.5,1620
2026-03-04 13:08:00,1322.5,1326.5,1321.8,1325.8,7592
2026-03-04 13:09:00,1326.1,1327.5,1325.4,1327.5,1614
2026-03-04 13:10:00,1327.5,1329.0,1327.0,1328.9,3834
2026-03-04 13:11:00,1329.3,1331.0,1328.9,1330.4,1492
2026-03-04 13:12:00,1330.4,1331.2,1330.2,1331.0,2462
2026-03-04 13:13:00,1331.0,1331.1,1330.9,1330.9,11994
2026-03-04 13:14:00,1330.9,1332.9,1329.8,1331.6,19066
2026-03-04 13:15:00,1331.6,1332.6,1331.4,1332.3,1528
2026-03-04 13:16:00,1332.3,1334.4,1332.0,1334.4,12541
2026-03-04 13:17:00,1334.4,1334.9,1333.2,1334.4,2587
2026-03-04 13:18:00,1334.4,1334.6,1334.4,1334.4,2350
2026-03-04 13:19:00,1334.6,1334.6,1334.4,1334.4,12165
2026-03-04 13:20:00,1334.4,1334.6,1334.3,1334.6,15869
2026-03-04 13:21:00,1334.6,1335.4,1334.4,1335.4,1367
2026-03-04 13:22:00,1335.5,1335.7,1335.0,1335.0,692
2026-03-04 13:23:00,1335.0,1338.3,1334.4,1337.1,6180
2026-03-04 13:24:00,1336.6,1337.3,1336.3,1336.6,940
2026-03-04 13:25:00,1336.6,1337.7,1336.2,1336.3,663
2026-03-04 13:26:00,1336.1,1337.0,1335.6,1336.2,1567
2026-03-04 13:27:00,1335.5,1336.4,1335.2,1335.4,1059
2026-03-04 13:28:00,1335.7,1336.4,1334.7,1334.8,2573
2026-03-04 13:29:00,1334.4,1334.9,1334.4,1334.4,2949
2026-03-04 13:30:00,1334.4,1335.4,1334.0,1335.4,1565
2026-03-04 13:31:00,1335.4,1336.0,1335.0,1336.0,546
2026-03-04 13:32:00,1336.0,1336.5,1335.6,1335.7,398
2026-03-04 13:33:00,1335.7,1336.1,1335.6,1335.6,334
2026-03-04 13:34:00,1336.0,1336.0,1334.7,1334.7,990
2026-03-04 13:35:00,1334.7,1334.7,1331.9,1331.9,794
2026-03-04 13:36:00,1331.6,1332.8,1331.6,1332.5,596
2026-03-04 13:37:00,1332.5,1332.5,1330.8,1331.2,901
2026-03-04 13:38:00,1330.3,1330.3,1328.2,1329.6,965
2026-03-04 13:39:00,1329.6,1330.0,1328.1,1328.9,743
2026-03-04 13:40:00,1328.9,1329.4,1328.2,1328.2,1919
2026-03-04 13:41:00,1328.2,1329.0,1327.8,1328.8,1036
2026-03-04 13:42:00,1328.8,1329.2,1328.1,1328.1,98
2026-03-04 13:43:00,1327.9,1328.6,1327.8,1327.8,240
2026-03-04 13:44:00,1328.0,1329.3,1327.9,1329.3,451
2026-03-04 13:45:00,1329.3,1330.8,1328.4,1330.8,2211
2026-03-04 13:46:00,1330.8,1330.8,1329.6,1330.0,835
2026-03-04 13:47:00,1330.0,1332.0,1329.4,1331.4,1876
2026-03-04 13:48:00,1331.4,1332.5,1330.7,1332.1,1366
2026-03-04 13:49:00,1332.1,1334.0,1332.0,1333.7,4594
2026-03-04 13:50:00,1333.7,1333.7,1330.8,1331.7,4294
2026-03-04 13:51:00,1331.7,1331.7,1330.0,1331.0,566
2026-03-04 13:52:00,1331.0,1332.1,1331.0,1331.1,481
2026-03-04 13:53:00,1331.1,1331.5,1330.8,1331.2,408
2026-03-04 13:54:00,1331.2,1331.5,1331.2,1331.2,142
2026-03-04 13:55:00,1330.9,1331.1,1329.5,1329.5,762
2026-03-04 13:56:00,1329.5,1329.7,1329.5,1329.5,162
2026-03-04 13:57:00,1329.5,1330.3,1329.4,1330.2,4383
2026-03-04 13:58:00,1330.2,1331.5,1330.2,1331.5,884
2026-03-04 13:59:00,1331.4,1332.1,1331.2,1331.9,1168
2026-03-04 14:00:00,1331.9,1332.5,1331.9,1332.5,167
2026-03-04 14:01:00,1332.5,1332.9,1332.1,1332.1,752
2026-03-04 14:02:00,1332.0,1332.1,1331.7,1331.9,218
2026-03-04 14:03:00,1331.9,1332.5,1331.0,1331.1,948
2026-03-04 14:04:00,1331.1,1332.7,1331.1,1332.0,1200
2026-03-04 14:05:00,1332.0,1332.1,1331.3,1331.3,258
2026-03-04 14:06:00,1331.5,1332.0,1331.2,1331.7,686
2026-03-04 14:07:00,1331.7,1334.0,1331.7,1332.9,1511
2026-03-04 14:08:00,1332.9,1333.5,1332.7,1332.9,174
2026-03-04 14:09:00,1332.9,1337.0,1332.4,1337.0,2424
2026-03-04 14:10:00,1337.0,1338.0,1337.0,1337.2,361
2026-03-04 14:11:00,1337.6,1338.3,1337.6,1338.0,724
2026-03-04 14:12:00,1338.2,1339.1,1338.2,1339.0,5524
2026-03-04 14:13:00,1339.7,1343.1,1339.7,1343.1,3177
2026-03-04 14:14:00,1343.1,1344.6,1343.1,1344.0,764
2026-03-04 14:15:00,1344.0,1344.5,1342.2,1342.2,214
2026-03-04 14:16:00,1342.2,1342.2,1340.2,1342.0,345
2026-03-04 14:17:00,1342.0,1346.8,1342.0,1346.7,3562
2026-03-04 14:18:00,1346.7,1347.1,1346.2,1346.9,1791
2026-03-04 14:19:00,1346.9,1348.0,1344.9,1344.9,2767
2026-03-04 14:20:00,1344.9,1345.4,1344.3,1345.4,574
2026-03-04 14:21:00,1345.6,1345.6,1344.0,1344.0,1616
2026-03-04 14:22:00,1343.1,1343.7,1342.8,1343.4,566
2026-03-04 14:23:00,1343.4,1344.0,1343.3,1343.4,636
2026-03-04 14:24:00,1343.4,1343.8,1341.6,1341.9,855
2026-03-04 14:25:00,1341.9,1342.9,1340.9,1341.0,611
2026-03-04 14:26:00,1340.6,1341.0,1339.4,1340.2,948
2026-03-04 14:27:00,1340.2,1342.3,1339.9,1342.3,367
2026-03-04 14:28:00,1342.5,1343.3,1341.9,1341.9,825
2026-03-04 14:29:00,1341.8,1342.7,1341.6,1341.6,404
2026-03-04 14:30:00,1341.6,1341.6,1340.0,1340.5,438
2026-03-04 14:31:00,1340.4,1340.7,1340.1,1340.4,443
2026-03-04 14:32:00,1340.6,1341.7,1340.4,1341.5,672
2026-03-04 14:33:00,1341.8,1344.2,1341.5,1343.2,582
2026-03-04 14:34:00,1343.2,1343.5,1340.7,1340.7,450
2026-03-04 14:35:00,1341.0,1342.8,1339.5,1340.6,1487
2026-03-04 14:36:00,1341.6,1341.7,1340.3,1340.6,492
2026-03-04 14:37:00,1340.6,1341.2,1339.9,1340.4,320
2026-03-04 14:38:00,1340.4,1341.2,1340.4,1341.2,408
2026-03-04 14:39:00,1341.2,1343.5,1341.2,1343.0,1055
2026-03-04 14:40:00,1343.0,1343.8,1342.2,1342.7,834
2026-03-04 14:41:00,1342.7,1344.0,1342.5,1344.0,1183
2026-03-04 14:42:00,1343.4,1344.4,1343.2,1343.2,301
2026-03-04 14:43:00,1343.9,1346.7,1343.9,1346.0,2019
2026-03-04 14:44:00,1346.0,1346.9,1345.9,1346.8,478
2026-03-04 14:45:00,1349.6,1353.8,1348.6,1350.8,8486
2026-03-04 14:46:00,1351.3,1352.4,1346.7,1348.5,6373
2026-03-04 14:47:00,1349.5,1352.0,1348.7,1350.7,4429
2026-03-04 14:48:00,1352.3,1354.7,1352.0,1353.6,9091
2026-03-04 14:49:00,1354.2,1355.7,1354.0,1354.9,5106
2026-03-04 14:50:00,1355.0,1355.3,1352.4,1353.7,5380
2026-03-04 14:51:00,1353.7,1353.9,1352.3,1352.3,3920
2026-03-04 14:52:00,1352.9,1354.2,1352.2,1354.2,6388
2026-03-04 14:53:00,1354.8,1355.4,1354.5,1354.6,3075
2026-03-04 14:54:00,1354.6,1355.8,1352.9,1352.9,5893
2026-03-04 14:55:00,1353.5,1353.9,1351.4,1351.4,5054
2026-03-04 14:56:00,1352.5,1354.9,1352.5,1353.7,5011
2026-03-04 14:57:00,1354.2,1354.3,1352.3,1353.2,4502
2026-03-04 14:58:00,1353.2,1353.9,1351.5,1352.6,3887
2026-03-04 14:59:00,1353.0,1353.6,1351.5,1352.9,6738
2026-03-04 15:00:00,1353.8,1353.9,1350.2,1350.5,15996
2026-03-04 15:01:00,1350.9,1351.7,1348.2,1349.0,6852
2026-03-04 15:02:00,1350.1,1352.8,1349.0,1349.0,6605
2026-03-04 15:03:00,1349.5,1349.9,1347.3,1347.4,6391
2026-03-04 15:04:00,1348.2,1349.9,1348.1,1349.4,5601
2026-03-04 15:05:00,1351.0,1354.0,1350.1,1353.3,4928
2026-03-04 15:06:00,1353.9,1354.9,1352.5,1352.8,6438
2026-03-04 15:07:00,1353.1,1355.0,1352.7,1353.2,11594
2026-03-04 15:08:00,1353.2,1355.3,1353.2,1354.1,4053
2026-03-04 15:09:00,1354.5,1355.4,1353.3,1354.2,5307
2026-03-04 15:10:00,1354.8,1354.8,1352.2,1353.2,6688
2026-03-04 15:11:00,1353.8,1354.1,1351.6,1352.4,6338
2026-03-04 15:12:00,1352.6,1354.1,1351.9,1352.4,4578
2026-03-04 15:13:00,1353.2,1354.0,1352.7,1352.7,3832
2026-03-04 15:14:00,1352.1,1354.1,1351.0,1352.9,5254
2026-03-04 15:15:00,1353.0,1353.2,1351.0,1351.1,8690
2026-03-04 15:16:00,1351.5,1352.2,1350.1,1351.0,6861
2026-03-04 15:17:00,1352.1,1352.9,1351.0,1352.1,5557
2026-03-04 15:18:00,1352.1,1352.7,1350.2,1351.2,4274
2026-03-04 15:19:00,1351.3,1352.5,1351.0,1351.6,4131
2026-03-04 15:20:00,1351.0,1352.9,1350.9,1352.3,9188
2026-03-04 15:21:00,1352.6,1353.1,1348.7,1348.7,13266
2026-03-04 15:22:00,1350.4,1352.0,1350.0,1351.7,4520
2026-03-04 15:23:00,1351.8,1352.6,1350.8,1351.4,4844
2026-03-04 15:24:00,1350.3,1350.9,1347.4,1347.4,8091
2026-03-04 15:25:00,1347.3,1348.2,1342.8,1343.3,10562
2026-03-04 15:26:00,1343.3,1344.4,1341.1,1342.3,5262
2026-03-04 15:27:00,1342.3,1345.0,1341.9,1344.6,5735
2026-03-04 15:28:00,1345.0,1348.3,1342.3,1344.2,7047
2026-03-04 15:29:00,1344.2,1351.5,1337.6,1346.4,4018
2026-03-05 09:15:00,1360.0,1369.8,1353.7,1369.8,8715
2026-03-05 09:16:00,1373.5,1373.7,1364.8,1364.8,5339
2026-03-05 09:17:00,1362.1,1363.8,1361.0,1361.0,2074
2026-03-05 09:18:00,1360.0,1360.0,1358.1,1359.1,1137
2026-03-05 09:19:00,1360.0,1362.5,1360.0,1361.7,1821
2026-03-05 09:20:00,1361.5,1365.0,1360.6,1365.0,1778
2026-03-05 09:21:00,1365.0,1367.5,1364.5,1367.5,3387
2026-03-05 09:22:00,1367.4,1369.0,1366.4,1368.9,1467
2026-03-05 09:23:00,1368.9,1373.4,1368.5,1370.7,3440
2026-03-05 09:24:00,1370.7,1371.8,1369.2,1370.6,2756
2026-03-05 09:25:00,1372.0,1372.9,1372.0,1372.0,2067
2026-03-05 09:26:00,1372.6,1372.8,1371.5,1371.5,591
2026-03-05 09:27:00,1371.4,1371.5,1369.4,1371.5,757
2026-03-05 09:28:00,1371.0,1374.9,1370.9,1374.9,1534
2026-03-05 09:29:00,1375.0,1375.9,1373.8,1373.8,1273
2026-03-05 09:30:00,1374.1,1374.8,1373.9,1374.0,2472
2026-03-05 09:31:00,1373.4,1374.3,1372.1,1374.0,2018
2026-03-05 09:32:00,1374.0,1374.7,1373.0,1374.7,653
2026-03-05 09:33:00,1373.5,1374.1,1372.9,1373.8,680
2026-03-05 09:34:00,1373.5,1373.5,1371.7,1372.4,1939
2026-03-05 09:35:00,1372.1,1374.0,1372.1,1372.8,1022
2026-03-05 09:36:00,1371.8,1371.8,1370.1,1371.3,701
2026-03-05 09:37:00,1371.2,1371.6,1370.3,1370.3,344
2026-03-05 09:38:00,1370.3,1370.4,1368.8,1370.1,1418
2026-03-05 09:39:00,1369.7,1369.7,1368.4,1368.6,344
2026-03-05 09:40:00,1369.5,1369.5,1368.3,1368.4,1040
2026-03-05 09:41:00,1368.4,1370.7,1368.4,1370.0,1573
2026-03-05 09:42:00,1372.0,1372.0,1369.2,1369.9,528
2026-03-05 09:43:00,1370.3,1370.3,1369.5,1370.2,430
2026-03-05 09:44:00,1370.2,1374.3,1369.0,1374.3,1931
2026-03-05 09:45:00,1374.3,1374.5,1373.6,1374.5,1160
2026-03-05 09:46:00,1374.5,1374.5,1373.3,1374.3,1797
2026-03-05 09:47:00,1373.8,1374.8,1373.8,1374.7,1351
2026-03-05 09:48:00,1374.7,1375.8,1373.9,1375.7,1160
2026-03-05 09:49:00,1375.7,1376.8,1374.8,1376.8,1408
2026-03-05 09:50:00,1376.1,1377.6,1375.3,1376.4,656
2026-03-05 09:51:00,1376.4,1376.4,1375.9,1376.4,414
2026-03-05 09:52:00,1376.4,1376.4,1374.3,1374.3,2353
2026-03-05 09:53:00,1374.5,1374.5,1372.8,1373.4,1119
2026-03-05 09:54:00,1374.5,1374.5,1374.0,1374.4,299
2026-03-05 09:55:00,1374.4,1376.4,1374.0,1376.3,1569
2026-03-05 09:56:00,1376.0,1376.2,1375.0,1376.1,938
2026-03-05 09:57:00,1375.9,1376.0,1374.3,1375.1,2294
2026-03-05 09:58:00,1375.1,1376.4,1375.1,1376.0,1576
2026-03-05 09:59:00,1376.4,1376.4,1374.9,1374.9,1034
2026-03-05 10:00:00,1375.0,1376.3,1374.9,1376.3,890
2026-03-05 10:01:00,1376.3,1377.9,1375.7,1376.5,842
2026-03-05 10:02:00,1377.1,1377.1,1375.2,1375.6,312
2026-03-05 10:03:00,1375.6,1376.8,1375.4,1375.8,679
2026-03-05 10:04:00,1375.8,1375.8,1375.0,1375.3,1279
2026-03-05 10:05:00,1375.3,1375.3,1374.7,1375.3,373
2026-03-05 10:06:00,1375.4,1375.8,1375.3,1375.4,241
2026-03-05 10:07:00,1375.4,1375.8,1375.0,1375.0,125
2026-03-05 10:08:00,1375.0,1375.3,1374.5,1375.3,764
2026-03-05 10:09:00,1375.2,1375.2,1374.5,1375.2,493
2026-03-05 10:10:00,1375.2,1375.9,1374.6,1375.8,676
2026-03-05 10:11:00,1375.9,1375.9,1374.4,1375.0,2824
2026-03-05 10:12:00,1375.0,1375.2,1374.6,1375.1,2973
2026-03-05 10:13:00,1375.1,1375.1,1375.0,1375.1,396
2026-03-05 10:14:00,1375.1,1375.1,1374.7,1374.7,4064
2026-03-05 10:15:00,1374.7,1375.5,1374.7,1375.5,3252
2026-03-05 10:16:00,1375.5,1375.6,1375.1,1375.3,355
2026-03-05 10:17:00,1375.6,1375.6,1375.1,1375.5,350
2026-03-05 10:18:00,1375.0,1375.4,1375.0,1375.1,10440
2026-03-05 10:19:00,1375.1,1375.1,1375.0,1375.0,16118
2026-03-05 10:20:00,1375.1,1375.1,1370.6,1370.6,2357
2026-03-05 10:21:00,1371.2,1371.3,1369.6,1371.3,7370
2026-03-05 10:22:00,1372.0,1372.3,1371.5,1372.3,1141
2026-03-05 10:23:00,1371.9,1372.5,1369.9,1372.5,3428
2026-03-05 10:24:00,1374.2,1374.2,1373.1,1373.7,287
2026-03-05 10:25:00,1373.6,1373.6,1372.6,1373.2,370
2026-03-05 10:26:00,1372.8,1372.8,1370.9,1370.9,571
2026-03-05 10:27:00,1371.4,1372.0,1370.8,1372.0,5588
2026-03-05 10:28:00,1372.0,1372.1,1370.1,1370.8,4577
2026-03-05 10:29:00,1370.8,1372.0,1370.3,1370.3,12560
2026-03-05 10:30:00,1370.3,1370.5,1369.1,1370.1,597
2026-03-05 10:31:00,1370.1,1370.1,1368.2,1369.0,2227
2026-03-05 10:32:00,1369.0,1369.0,1367.0,1367.0,1756
2026-03-05 10:33:00,1367.6,1368.3,1367.1,1367.8,1844
2026-03-05 10:34:00,1367.9,1370.0,1367.7,1370.0,1120
2026-03-05 10:35:00,1370.0,1371.6,1369.1,1371.6,1436
2026-03-05 10:36:00,1371.0,1371.1,1370.0,1370.0,507
2026-03-05 10:37:00,1369.9,1370.0,1369.4,1370.0,241
2026-03-05 10:38:00,1370.4,1371.4,1369.9,1369.9,389
2026-03-05 10:39:00,1369.9,1370.4,1369.9,1370.4,180
2026-03-05 10:40:00,1370.4,1371.2,1370.3,1370.4,283
2026-03-05 10:41:00,1370.5,1372.0,1370.5,1371.6,589
2026-03-05 10:42:00,1371.8,1372.5,1371.8,1372.0,507
2026-03-05 10:43:00,1372.4,1372.4,1370.3,1370.6,633
2026-03-05 10:44:00,1370.6,1372.4,1370.3,1372.3,888
2026-03-05 10:45:00,1372.3,1372.3,1370.1,1370.2,284
2026-03-05 10:46:00,1370.2,1371.3,1370.2,1370.5,462
2026-03-05 10:47:00,1371.0,1371.0,1370.3,1370.4,192
2026-03-05 10:48:00,1370.3,1373.0,1370.3,1373.0,554
2026-03-05 10:49:00,1373.0,1373.1,1370.8,1370.8,469
2026-03-05 10:50:00,1370.9,1370.9,1370.1,1370.2,217
2026-03-05 10:51:00,1370.2,1370.2,1368.9,1369.0,574
2026-03-05 10:52:00,1369.1,1369.2,1369.0,1369.1,172
2026-03-05 10:53:00,1369.1,1372.1,1369.0,1371.9,1166
2026-03-05 10:54:00,1371.2,1372.4,1370.9,1372.0,1297
2026-03-05 10:55:00,1372.0,1372.2,1370.0,1370.0,1585
2026-03-05 10:56:00,1370.9,1371.5,1370.5,1371.4,740
2026-03-05 10:57:00,1371.4,1372.2,1371.4,1371.4,685
2026-03-05 10:58:00,1372.0,1372.0,1369.0,1369.5,531
2026-03-05 10:59:00,1369.4,1370.5,1369.4,1370.3,821
2026-03-05 11:00:00,1370.2,1370.3,1369.4,1370.1,197
2026-03-05 11:01:00,1370.1,1370.3,1369.7,1369.8,471
2026-03-05 11:02:00,1370.0,1370.0,1368.4,1368.6,343
2026-03-05 11:03:00,1368.6,1368.6,1367.7,1368.0,277
2026-03-05 11:04:00,1368.1,1368.1,1365.0,1365.0,1241
2026-03-05 11:05:00,1365.4,1366.1,1364.6,1366.1,832
2026-03-05 11:06:00,1366.4,1366.4,1365.6,1365.8,826
2026-03-05 11:07:00,1366.1,1370.0,1366.1,1369.9,1220
2026-03-05 11:08:00,1369.5,1370.4,1369.2,1369.2,797
2026-03-05 11:09:00,1369.9,1369.9,1369.2,1369.6,466
2026-03-05 11:10:00,1369.5,1369.5,1368.9,1369.4,390
2026-03-05 11:11:00,1369.3,1369.4,1369.0,1369.3,287
2026-03-05 11:12:00,1369.3,1370.2,1369.3,1369.7,564
2026-03-05 11:13:00,1369.7,1369.9,1368.1,1368.5,765
2026-03-05 11:14:00,1368.4,1368.4,1366.7,1366.7,126
2026-03-05 11:15:00,1367.0,1367.8,1366.3,1367.5,672
2026-03-05 11:16:00,1367.4,1367.5,1366.6,1366.9,169
2026-03-05 11:17:00,1367.4,1367.7,1366.9,1367.7,183
2026-03-05 11:18:00,1367.1,1367.7,1366.9,1366.9,393
2026-03-05 11:19:00,1367.6,1367.7,1367.2,1367.7,167
2026-03-05 11:20:00,1367.6,1367.7,1366.7,1366.7,251
2026-03-05 11:21:00,1367.0,1367.6,1366.2,1366.3,1198
2026-03-05 11:22:00,1366.5,1367.2,1366.4,1367.2,431
2026-03-05 11:23:00,1367.1,1367.2,1366.4,1367.2,454
2026-03-05 11:24:00,1367.3,1367.6,1367.0,1367.6,151
2026-03-05 11:25:00,1367.6,1367.6,1365.9,1365.9,226
2026-03-05 11:26:00,1366.0,1367.1,1364.4,1364.8,256
2026-03-05 11:27:00,1364.8,1365.1,1364.0,1364.5,279
2026-03-05 11:28:00,1364.7,1365.2,1364.2,1364.5,287
2026-03-05 11:29:00,1364.4,1365.4,1363.5,1365.4,376
2026-03-05 11:30:00,1365.4,1365.4,1363.9,1364.9,456
2026-03-05 11:31:00,1365.5,1365.5,1364.1,1364.1,192
2026-03-05 11:32:00,1364.7,1364.7,1363.7,1364.3,359
2026-03-05 11:33:00,1364.2,1365.6,1363.8,1364.5,757
2026-03-05 11:34:00,1364.9,1365.0,1364.0,1364.9,363
2026-03-05 11:35:00,1364.7,1364.7,1363.2,1363.6,219
2026-03-05 11:36:00,1363.5,1363.6,1362.2,1362.2,722
2026-03-05 11:37:00,1361.7,1362.1,1360.8,1361.9,359
2026-03-05 11:38:00,1361.9,1363.6,1361.5,1363.6,486
2026-03-05 11:39:00,1363.5,1363.5,1362.6,1362.6,178
2026-03-05 11:40:00,1362.6,1362.7,1361.7,1362.5,300
2026-03-05 11:41:00,1362.1,1362.3,1361.4,1362.1,340
2026-03-05 11:42:00,1362.1,1363.3,1362.1,1362.2,559
2026-03-05 11:43:00,1362.8,1362.9,1360.9,1361.2,197
2026-03-05 11:44:00,1361.6,1362.3,1361.2,1362.3,135
2026-03-05 11:45:00,1361.9,1361.9,1360.9,1361.6,208
2026-03-05 11:46:00,1361.6,1361.9,1361.3,1361.9,228
2026-03-05 11:47:00,1361.5,1362.2,1361.4,1362.0,183
2026-03-05 11:48:00,1361.9,1361.9,1359.1,1361.3,2352
2026-03-05 11:49:00,1360.9,1360.9,1359.3,1360.2,2617
2026-03-05 11:50:00,1359.3,1362.0,1359.3,1362.0,872
2026-03-05 11:51:00,1362.0,1362.0,1361.4,1361.8,180
2026-03-05 11:52:00,1361.8,1363.0,1361.4,1362.4,498
2026-03-05 11:53:00,1362.3,1362.3,1360.5,1360.5,258
2026-03-05 11:54:00,1361.0,1365.0,1361.0,1365.0,575
2026-03-05 11:55:00,1365.0,1365.6,1364.0,1365.1,440
2026-03-05 11:56:00,1365.1,1365.1,1362.8,1362.9,207
2026-03-05 11:57:00,1363.4,1363.4,1362.1,1362.2,542
2026-03-05 11:58:00,1362.6,1363.0,1362.2,1362.9,423
2026-03-05 11:59:00,1362.8,1362.8,1362.2,1362.5,236
2026-03-05 12:00:00,1362.6,1362.7,1362.1,1362.6,174
2026-03-05 12:01:00,1362.6,1363.5,1362.2,1363.0,611
2026-03-05 12:02:00,1363.0,1363.9,1361.7,1361.7,439
2026-03-05 12:03:00,1361.7,1362.1,1361.2,1361.2,207
2026-03-05 12:04:00,1361.4,1362.8,1361.2,1362.4,1031
2026-03-05 12:05:00,1362.4,1363.3,1362.2,1362.8,752
2026-03-05 12:06:00,1362.8,1362.9,1362.3,1362.8,179
2026-03-05 12:07:00,1362.8,1362.9,1362.0,1362.4,211
2026-03-05 12:08:00,1362.3,1362.9,1361.7,1362.9,404
2026-03-05 12:09:00,1362.8,1364.3,1362.5,1363.5,213
2026-03-05 12:10:00,1363.7,1365.7,1363.5,1365.7,441
2026-03-05 12:11:00,1365.4,1365.4,1364.7,1365.3,897
2026-03-05 12:12:00,1366.0,1366.0,1365.3,1365.8,645
2026-03-05 12:13:00,1365.7,1367.7,1365.3,1365.7,1396
2026-03-05 12:14:00,1366.4,1367.8,1365.7,1367.6,940
2026-03-05 12:15:00,1367.6,1367.6,1366.7,1367.1,299
2026-03-05 12:16:00,1367.4,1367.5,1366.3,1366.9,390
2026-03-05 12:17:00,1366.8,1366.9,1365.8,1366.2,215
2026-03-05 12:18:00,1366.1,1366.1,1365.3,1365.8,287
2026-03-05 12:19:00,1366.1,1366.8,1366.1,1366.2,488
2026-03-05 12:20:00,1366.4,1369.0,1366.2,1369.0,720
2026-03-05 12:21:00,1368.8,1369.0,1368.2,1368.9,178
2026-03-05 12:22:00,1368.8,1368.9,1368.3,1368.7,699
2026-03-05 12:23:00,1368.6,1368.7,1368.1,1368.6,172
2026-03-05 12:24:00,1368.6,1369.1,1366.8,1367.4,1767
2026-03-05 12:25:00,1367.5,1368.8,1366.7,1368.5,573
2026-03-05 12:26:00,1368.2,1368.5,1367.9,1368.4,384
2026-03-05 12:27:00,1368.4,1368.8,1367.7,1368.7,243
2026-03-05 12:28:00,1368.7,1368.7,1367.8,1368.1,167
2026-03-05 12:29:00,1368.7,1368.9,1368.3,1368.8,325
2026-03-05 12:30:00,1368.7,1370.7,1368.2,1370.7,603
2026-03-05 12:31:00,1369.7,1369.7,1369.0,1369.4,253
2026-03-05 12:32:00,1369.3,1369.4,1368.9,1369.3,558
2026-03-05 12:33:00,1369.2,1369.4,1368.0,1368.0,805
2026-03-05 12:34:00,1368.1,1368.4,1366.2,1366.2,408
2026-03-05 12:35:00,1367.2,1367.2,1366.1,1366.2,427
2026-03-05 12:36:00,1366.3,1366.7,1365.9,1366.2,209
2026-03-05 12:37:00,1366.6,1368.3,1366.6,1367.3,377
2026-03-05 12:38:00,1367.4,1367.8,1366.8,1367.5,304
2026-03-05 12:39:00,1367.4,1367.6,1367.0,1367.5,200
2026-03-05 12:40:00,1367.4,1367.4,1366.6,1367.3,177
2026-03-05 12:41:00,1367.2,1367.2,1366.0,1366.0,336
2026-03-05 12:42:00,1366.4,1367.4,1366.3,1367.4,562
2026-03-05 12:43:00,1366.5,1368.5,1366.0,1366.0,531
2026-03-05 12:44:00,1366.0,1366.2,1364.4,1364.4,174
2026-03-05 12:45:00,1365.0,1365.3,1364.3,1365.0,261
2026-03-05 12:46:00,1365.0,1365.1,1364.0,1364.4,399
2026-03-05 12:47:00,1364.3,1365.2,1363.8,1365.1,2485
2026-03-05 12:48:00,1364.9,1365.0,1364.1,1365.0,172
2026-03-05 12:49:00,1364.9,1366.7,1364.2,1366.6,550
2026-03-05 12:50:00,1366.6,1366.6,1365.6,1365.6,1027
2026-03-05 12:51:00,1365.8,1365.9,1365.2,1365.9,175
2026-03-05 12:52:00,1365.8,1365.9,1365.3,1365.9,423
2026-03-05 12:53:00,1366.1,1366.5,1365.3,1366.5,223
2026-03-05 12:54:00,1366.4,1366.5,1366.0,1366.4,283
2026-03-05 12:55:00,1366.3,1368.4,1366.2,1367.7,488
2026-03-05 12:56:00,1367.7,1367.7,1366.9,1366.9,534
2026-03-05 12:57:00,1366.9,1366.9,1366.1,1366.6,191
2026-03-05 12:58:00,1366.5,1366.5,1365.7,1366.2,289
2026-03-05 12:59:00,1366.1,1366.6,1365.7,1366.4,262
2026-03-05 13:00:00,1366.3,1366.5,1366.0,1366.4,182
2026-03-05 13:01:00,1366.4,1366.8,1366.1,1366.1,317
2026-03-05 13:02:00,1366.3,1366.4,1366.1,1366.3,216
2026-03-05 13:03:00,1366.3,1366.8,1364.9,1364.9,1057
2026-03-05 13:04:00,1365.1,1365.1,1364.0,1364.0,837
2026-03-05 13:05:00,1364.6,1364.6,1363.8,1364.4,176
2026-03-05 13:06:00,1364.0,1364.3,1363.7,1364.2,602
2026-03-05 13:07:00,1364.2,1365.2,1363.6,1365.0,663
2026-03-05 13:08:00,1364.8,1366.4,1364.3,1366.2,1331
2026-03-05 13:09:00,1366.1,1366.6,1365.3,1366.5,375
2026-03-05 13:10:00,1366.5,1366.7,1366.1,1366.4,230
2026-03-05 13:11:00,1366.4,1366.5,1366.2,1366.2,243
2026-03-05 13:12:00,1366.4,1368.0,1366.4,1367.8,1214
2026-03-05 13:13:00,1367.7,1367.7,1366.2,1366.6,1238
2026-03-05 13:14:00,1366.6,1369.4,1366.2,1369.4,1556
2026-03-05 13:15:00,1369.2,1369.2,1367.5,1368.0,170
2026-03-05 13:16:00,1368.0,1368.0,1366.7,1367.5,482
2026-03-05 13:17:00,1367.4,1368.1,1366.5,1368.0,515
2026-03-05 13:18:00,1368.0,1368.0,1367.4,1367.8,237
2026-03-05 13:19:00,1367.8,1367.8,1366.8,1367.4,173
2026-03-05 13:20:00,1367.3,1367.3,1366.1,1366.5,251
2026-03-05 13:21:00,1366.4,1367.9,1366.1,1367.9,250
2026-03-05 13:22:00,1367.8,1367.8,1366.0,1367.7,883
2026-03-05 13:23:00,1367.8,1369.0,1367.2,1368.0,1419
2026-03-05 13:24:00,1368.0,1369.1,1367.4,1367.7,309
2026-03-05 13:25:00,1367.6,1367.6,1366.9,1367.1,263
2026-03-05 13:26:00,1367.1,1367.3,1366.4,1366.4,151
2026-03-05 13:27:00,1366.4,1367.1,1366.1,1366.4,237
2026-03-05 13:28:00,1366.4,1367.2,1366.4,1366.9,278
2026-03-05 13:29:00,1367.2,1368.3,1366.9,1368.3,808
2026-03-05 13:30:00,1368.3,1370.7,1368.3,1370.5,978
2026-03-05 13:31:00,1370.0,1370.5,1369.6,1370.5,259
2026-03-05 13:32:00,1370.7,1370.7,1370.2,1370.5,168
2026-03-05 13:33:00,1370.5,1370.6,1367.8,1368.1,215
2026-03-05 13:34:00,1368.1,1370.0,1367.3,1370.0,489
2026-03-05 13:35:00,1370.0,1370.7,1368.7,1369.1,166
2026-03-05 13:36:00,1369.3,1370.0,1367.8,1369.9,289
2026-03-05 13:37:00,1369.8,1369.8,1368.0,1368.6,62
2026-03-05 13:38:00,1368.6,1370.0,1367.9,1370.0,156
2026-03-05 13:39:00,1369.6,1370.0,1368.9,1369.3,77
2026-03-05 13:40:00,1369.4,1369.4,1367.7,1368.4,771
2026-03-05 13:41:00,1368.4,1368.4,1367.5,1368.4,76
2026-03-05 13:42:00,1368.4,1369.2,1367.8,1369.2,120
2026-03-05 13:43:00,1368.9,1368.9,1368.3,1368.3,13
2026-03-05 13:44:00,1368.3,1368.3,1368.1,1368.3,72
2026-03-05 13:45:00,1368.6,1369.2,1368.3,1369.1,88
2026-03-05 13:46:00,1369.1,1369.1,1369.0,1369.1,19
2026-03-05 13:47:00,1369.1,1369.1,1368.6,1368.7,53
2026-03-05 13:48:00,1369.1,1369.4,1368.8,1369.4,69
2026-03-05 13:49:00,1369.4,1370.1,1369.1,1369.9,357
2026-03-05 13:50:00,1369.9,1369.9,1369.1,1369.1,165
2026-03-05 13:51:00,1368.6,1368.8,1366.9,1366.9,190
2026-03-05 13:52:00,1367.6,1367.6,1366.8,1367.5,95
2026-03-05 13:53:00,1367.5,1367.5,1365.2,1365.2,1191
2026-03-05 13:54:00,1365.7,1365.7,1364.0,1364.0,206
2026-03-05 13:55:00,1364.0,1364.8,1363.8,1364.2,363
2026-03-05 13:56:00,1364.2,1364.8,1364.0,1364.8,371
2026-03-05 13:57:00,1364.8,1365.7,1364.8,1365.0,2970
2026-03-05 13:58:00,1365.0,1366.4,1365.0,1365.2,422
2026-03-05 13:59:00,1365.2,1365.7,1362.4,1363.0,450
2026-03-05 14:00:00,1363.0,1363.0,1362.0,1362.1,663
2026-03-05 14:01:00,1362.1,1362.1,1361.8,1362.0,31
2026-03-05 14:02:00,1362.0,1362.0,1361.9,1361.9,233
2026-03-05 14:03:00,1362.0,1362.1,1361.7,1361.7,579
2026-03-05 14:04:00,1361.5,1361.5,1360.1,1360.2,409
2026-03-05 14:05:00,1360.2,1361.0,1360.2,1360.2,164
2026-03-05 14:06:00,1360.4,1361.1,1360.4,1361.1,749
2026-03-05 14:07:00,1361.7,1361.8,1361.3,1361.8,110
2026-03-05 14:08:00,1361.8,1362.2,1361.2,1361.3,21
2026-03-05 14:09:00,1361.6,1361.6,1358.4,1359.4,1162
2026-03-05 14:10:00,1359.2,1359.2,1357.0,1357.0,369
2026-03-05 14:11:00,1357.1,1357.1,1355.8,1356.3,478
2026-03-05 14:12:00,1356.3,1356.5,1355.6,1355.9,352
2026-03-05 14:13:00,1356.9,1357.0,1356.0,1356.0,228
2026-03-05 14:14:00,1356.2,1356.2,1353.6,1353.6,1893
2026-03-05 14:15:00,1355.6,1355.8,1354.1,1354.1,577
2026-03-05 14:16:00,1354.5,1354.5,1354.0,1354.1,182
2026-03-05 14:17:00,1354.4,1354.4,1353.1,1353.2,225
2026-03-05 14:18:00,1353.8,1353.8,1352.8,1352.9,277
2026-03-05 14:19:00,1353.0,1353.2,1352.3,1352.4,892
2026-03-05 14:20:00,1352.4,1352.9,1351.4,1352.8,193
2026-03-05 14:21:00,1353.3,1354.5,1352.8,1354.1,269
2026-03-05 14:22:00,1354.5,1354.5,1354.0,1354.0,301
2026-03-05 14:23:00,1354.5,1357.4,1354.0,1356.5,465
2026-03-05 14:24:00,1357.3,1357.4,1355.6,1356.7,699
2026-03-05 14:25:00,1357.3,1357.3,1356.1,1356.1,71
2026-03-05 14:26:00,1356.5,1356.5,1356.1,1356.1,79
2026-03-05 14:27:00,1356.3,1356.6,1356.1,1356.2,94
2026-03-05 14:28:00,1356.5,1357.2,1356.2,1357.2,172
2026-03-05 14:29:00,1357.4,1359.3,1357.4,1359.2,441
2026-03-05 14:30:00,1359.3,1359.3,1357.7,1358.0,102
2026-03-05 14:31:00,1358.0,1358.1,1357.7,1358.1,164
2026-03-05 14:32:00,1357.2,1357.4,1356.4,1357.0,385
2026-03-05 14:33:00,1357.0,1357.4,1356.4,1357.4,171
2026-03-05 14:34:00,1357.4,1357.7,1355.4,1356.5,146
2026-03-05 14:35:00,1356.5,1356.8,1356.4,1356.4,10
2026-03-05 14:36:00,1356.8,1358.3,1356.6,1358.3,239
2026-03-05 14:37:00,1358.3,1360.0,1357.8,1360.0,230
2026-03-05 14:38:00,1361.7,1362.1,1361.0,1362.1,660
2026-03-05 14:39:00,1363.1,1364.4,1362.6,1364.4,353
2026-03-05 14:40:00,1364.8,1367.0,1364.8,1367.0,2182
2026-03-05 14:41:00,1368.0,1369.5,1367.3,1368.9,425
2026-03-05 14:42:00,1369.4,1370.1,1368.6,1369.9,2060
2026-03-05 14:43:00,1370.7,1373.0,1370.6,1371.1,4955
2026-03-05 14:44:00,1370.2,1371.8,1370.0,1370.9,1930
2026-03-05 14:45:00,1370.6,1372.0,1369.9,1371.8,1030
2026-03-05 14:46:00,1371.1,1372.3,1371.0,1372.2,656
2026-03-05 14:47:00,1371.5,1372.2,1371.3,1372.0,813
2026-03-05 14:48:00,1372.0,1372.0,1370.3,1371.6,1058
2026-03-05 14:49:00,1371.6,1372.5,1371.6,1372.5,773
2026-03-05 14:50:00,1372.1,1373.9,1372.1,1373.9,699
2026-03-05 14:51:00,1373.2,1375.8,1373.2,1375.2,1404
2026-03-05 14:52:00,1375.2,1377.3,1375.2,1377.3,1329
2026-03-05 14:53:00,1376.8,1378.2,1376.2,1377.1,955
2026-03-05 14:54:00,1377.2,1377.9,1377.0,1377.9,887
2026-03-05 14:55:00,1377.9,1381.0,1377.8,1381.0,3473
2026-03-05 14:56:00,1379.4,1383.5,1379.4,1382.6,4236
2026-03-05 14:57:00,1382.3,1382.3,1379.1,1379.1,2046
2026-03-05 14:58:00,1379.1,1380.0,1378.2,1379.0,1623
2026-03-05 14:59:00,1379.0,1381.1,1378.4,1380.3,1118
2026-03-05 15:00:00,1380.9,1381.0,1378.0,1378.5,2036
2026-03-05 15:01:00,1379.2,1380.2,1379.0,1379.5,1445
2026-03-05 15:02:00,1379.5,1379.5,1375.6,1376.0,2328
2026-03-05 15:03:00,1376.3,1378.9,1376.2,1378.0,1122
2026-03-05 15:04:00,1378.7,1378.9,1377.6,1378.2,1332
2026-03-05 15:05:00,1377.7,1377.7,1376.2,1376.3,982
2026-03-05 15:06:00,1377.0,1377.9,1376.7,1377.4,1468
2026-03-05 15:07:00,1377.6,1378.0,1377.2,1378.0,966
2026-03-05 15:08:00,1377.7,1378.6,1376.9,1376.9,1603
2026-03-05 15:09:00,1376.8,1378.9,1376.7,1377.8,2465
2026-03-05 15:10:00,1378.0,1379.2,1377.3,1378.4,1671
2026-03-05 15:11:00,1378.4,1379.3,1376.1,1376.8,1545
2026-03-05 15:12:00,1376.8,1376.9,1373.4,1373.7,2061
2026-03-05 15:13:00,1373.6,1374.4,1371.4,1372.8,2625
2026-03-05 15:14:00,1372.5,1373.7,1372.3,1372.9,1078
2026-03-05 15:15:00,1372.9,1375.6,1372.9,1375.6,2459
2026-03-05 15:16:00,1374.7,1377.4,1374.7,1376.8,2439
2026-03-05 15:17:00,1376.9,1377.5,1374.0,1374.0,2207
2026-03-05 15:18:00,1373.9,1374.7,1373.0,1374.7,1714
2026-03-05 15:19:00,1374.7,1374.9,1373.6,1374.4,1280
2026-03-05 15:20:00,1374.3,1374.9,1374.0,1374.9,2008
2026-03-05 15:21:00,1375.5,1376.7,1374.9,1375.9,713
2026-03-05 15:22:00,1375.9,1376.0,1373.9,1374.1,2193
2026-03-05 15:23:00,1374.6,1374.7,1374.3,1374.5,926
2026-03-05 15:24:00,1374.4,1374.7,1373.3,1373.7,2092
2026-03-05 15:25:00,1374.7,1374.9,1373.1,1373.1,1107
2026-03-05 15:26:00,1373.5,1375.0,1373.5,1373.6,1793
2026-03-05 15:27:00,1373.9,1373.9,1373.6,1373.7,1090
2026-03-05 15:28:00,1373.7,1373.7,1373.5,1373.5,1642
2026-03-05 15:29:00,1373.7,1375.0,1370.5,1370.5,1581
2026-03-06 09:15:00,1369.9,1370.0,1360.9,1360.9,901
2026-03-06 09:16:00,1361.1,1361.9,1359.0,1361.9,1599
2026-03-06 09:17:00,1361.2,1361.2,1358.7,1359.6,1189
2026-03-06 09:18:00,1359.5,1359.9,1357.5,1359.5,1132
2026-03-06 09:19:00,1359.5,1361.2,1358.7,1360.3,383
2026-03-06 09:20:00,1361.3,1363.4,1361.3,1362.2,1241
2026-03-06 09:21:00,1362.1,1364.4,1362.1,1364.0,371
2026-03-06 09:22:00,1364.1,1368.7,1364.0,1368.2,3553
2026-03-06 09:23:00,1368.2,1371.6,1368.2,1368.9,3795
2026-03-06 09:24:00,1368.9,1372.0,1368.9,1371.1,1381
2026-03-06 09:25:00,1370.7,1373.6,1368.9,1372.4,2113
2026-03-06 09:26:00,1373.0,1373.0,1370.7,1372.4,1324
2026-03-06 09:27:00,1372.5,1373.5,1372.0,1373.1,131
2026-03-06 09:28:00,1373.1,1376.9,1373.1,1375.0,1977
2026-03-06 09:29:00,1375.7,1377.4,1374.3,1376.5,1771
2026-03-06 09:30:00,1376.5,1376.8,1376.0,1376.0,346
2026-03-06 09:31:00,1375.4,1376.3,1374.2,1375.7,3373
2026-03-06 09:32:00,1375.7,1376.8,1374.0,1375.0,6040
2026-03-06 09:33:00,1375.3,1375.8,1373.9,1375.0,928
2026-03-06 09:34:00,1375.0,1375.0,1370.5,1370.5,875
2026-03-06 09:35:00,1370.5,1373.6,1370.5,1373.6,1646
2026-03-06 09:36:00,1373.3,1373.3,1371.9,1372.6,480
2026-03-06 09:37:00,1372.6,1373.6,1372.6,1373.5,115
2026-03-06 09:38:00,1373.5,1373.6,1371.9,1372.2,1095
2026-03-06 09:39:00,1371.7,1371.7,1371.0,1371.0,777
2026-03-06 09:40:00,1371.0,1371.6,1370.4,1370.4,408
2026-03-06 09:41:00,1371.0,1372.2,1370.0,1371.5,296
2026-03-06 09:42:00,1371.4,1371.4,1370.0,1370.2,179
2026-03-06 09:43:00,1370.2,1370.7,1370.2,1370.5,22
2026-03-06 09:44:00,1370.2,1371.4,1370.2,1371.0,376
2026-03-06 09:45:00,1371.0,1372.7,1371.0,1371.9,680
2026-03-06 09:46:00,1371.9,1372.3,1371.3,1371.8,298
2026-03-06 09:47:00,1370.7,1371.9,1370.0,1371.9,1293
2026-03-06 09:48:00,1371.8,1371.8,1370.4,1371.1,1259
2026-03-06 09:49:00,1371.1,1371.7,1370.7,1370.7,267
2026-03-06 09:50:00,1370.7,1371.1,1370.0,1370.0,70
2026-03-06 09:51:00,1369.6,1370.6,1369.2,1370.5,468
2026-03-06 09:52:00,1370.5,1370.5,1369.2,1369.2,110
2026-03-06 09:53:00,1369.7,1369.7,1369.2,1369.6,73
2026-03-06 09:54:00,1369.6,1370.3,1369.0,1369.7,1410
2026-03-06 09:55:00,1369.7,1369.7,1368.4,1368.4,1092
2026-03-06 09:56:00,1368.8,1368.8,1368.3,1368.6,559
2026-03-06 09:57:00,1368.7,1369.7,1368.7,1369.0,1019
2026-03-06 09:58:00,1369.0,1369.0,1368.5,1368.5,159
2026-03-06 09:59:00,1368.5,1368.5,1367.3,1367.3,532
2026-03-06 10:00:00,1367.3,1368.9,1367.3,1367.9,471
2026-03-06 10:01:00,1367.9,1367.9,1365.8,1365.8,234
2026-03-06 10:02:00,1365.8,1365.8,1363.1,1364.8,922
2026-03-06 10:03:00,1364.9,1366.5,1364.9,1365.7,1972
2026-03-06 10:04:00,1365.7,1365.7,1364.0,1365.0,199
2026-03-06 10:05:00,1365.0,1365.0,1363.4,1363.7,113
2026-03-06 10:06:00,1363.7,1364.2,1363.0,1364.2,464
2026-03-06 10:07:00,1364.2,1364.2,1363.3,1364.0,245
2026-03-06 10:08:00,1364.0,1364.0,1364.0,1364.0,9
2026-03-06 10:09:00,1364.0,1365.0,1364.0,1364.5,237
2026-03-06 10:10:00,1364.5,1365.8,1364.0,1364.7,1002
2026-03-06 10:11:00,1365.4,1365.4,1364.7,1364.7,214
2026-03-06 10:12:00,1365.3,1366.8,1365.3,1366.4,645
2026-03-06 10:13:00,1366.4,1368.3,1366.4,1366.5,1625
2026-03-06 10:14:00,1367.3,1367.6,1366.2,1367.6,1264
2026-03-06 10:15:00,1367.6,1368.0,1367.3,1367.3,61
2026-03-06 10:16:00,1367.3,1367.8,1365.0,1365.0,1378
2026-03-06 10:17:00,1364.7,1365.4,1364.1,1365.4,193
2026-03-06 10:18:00,1365.4,1365.7,1364.5,1364.9,118
2026-03-06 10:19:00,1364.9,1364.9,1363.1,1363.1,386
2026-03-06 10:20:00,1363.6,1363.6,1362.0,1362.3,1264
2026-03-06 10:21:00,1362.3,1362.3,1361.8,1362.1,394
2026-03-06 10:22:00,1362.1,1362.1,1361.4,1362.0,91
2026-03-06 10:23:00,1362.0,1362.0,1361.5,1361.5,24
2026-03-06 10:24:00,1361.5,1362.0,1361.5,1361.5,307
2026-03-06 10:25:00,1361.7,1363.7,1361.7,1363.5,1129
2026-03-06 10:26:00,1363.5,1363.5,1361.7,1361.7,88
2026-03-06 10:27:00,1361.7,1363.0,1361.7,1362.9,2031
2026-03-06 10:28:00,1362.9,1362.9,1362.6,1362.7,281
2026-03-06 10:29:00,1363.0,1363.1,1363.0,1363.0,159
2026-03-06 10:30:00,1363.0,1363.2,1361.3,1362.2,534
2026-03-06 10:31:00,1362.2,1362.2,1361.3,1362.2,39
2026-03-06 10:32:00,1362.2,1362.2,1360.9,1361.5,488
2026-03-06 10:33:00,1361.5,1361.5,1358.1,1359.0,468
2026-03-06 10:34:00,1359.0,1359.0,1358.0,1358.5,206
2026-03-06 10:35:00,1358.5,1358.8,1358.0,1358.7,76
2026-03-06 10:36:00,1358.7,1358.7,1357.5,1357.9,263
2026-03-06 10:37:00,1357.9,1358.1,1357.9,1358.1,269
2026-03-06 10:38:00,1358.2,1359.1,1358.2,1359.1,251
2026-03-06 10:39:00,1359.1,1361.7,1359.0,1359.7,496
2026-03-06 10:40:00,1359.7,1360.4,1359.3,1360.4,336
2026-03-06 10:41:00,1359.6,1360.1,1359.3,1360.1,208
2026-03-06 10:42:00,1360.1,1360.2,1359.5,1359.7,80
2026-03-06 10:43:00,1359.7,1359.8,1358.4,1359.4,355
2026-03-06 10:44:00,1359.4,1360.5,1359.4,1359.9,110
2026-03-06 10:45:00,1359.7,1359.7,1358.8,1359.6,627
2026-03-06 10:46:00,1359.6,1359.6,1358.8,1358.9,543
2026-03-06 10:47:00,1359.6,1359.7,1355.8,1356.2,2861
2026-03-06 10:48:00,1356.2,1357.0,1356.1,1357.0,133
2026-03-06 10:49:00,1357.0,1357.0,1352.4,1354.7,5081
2026-03-06 10:50:00,1354.6,1357.0,1354.3,1357.0,271
2026-03-06 10:51:00,1356.9,1356.9,1354.7,1354.7,702
2026-03-06 10:52:00,1355.1,1355.6,1354.8,1354.8,232
2026-03-06 10:53:00,1354.7,1354.9,1353.7,1354.0,393
2026-03-06 10:54:00,1354.8,1354.8,1354.0,1354.0,497
2026-03-06 10:55:00,1354.0,1354.6,1352.5,1354.1,1041
2026-03-06 10:56:00,1354.1,1354.6,1353.3,1353.3,656
2026-03-06 10:57:00,1354.2,1354.2,1353.2,1353.5,226
2026-03-06 10:58:00,1353.5,1354.3,1353.1,1353.1,198
2026-03-06 10:59:00,1354.0,1354.0,1352.8,1353.0,610
2026-03-06 11:00:00,1353.4,1355.7,1353.0,1354.7,793
2026-03-06 11:01:00,1354.8,1356.4,1353.8,1353.8,2421
2026-03-06 11:02:00,1354.1,1354.2,1353.3,1353.3,921
2026-03-06 11:03:00,1353.3,1353.5,1352.7,1352.8,1347
2026-03-06 11:04:00,1352.8,1353.0,1346.2,1346.2,2926
2026-03-06 11:05:00,1346.2,1348.6,1346.2,1348.4,1486
2026-03-06 11:06:00,1348.4,1349.2,1348.2,1349.2,639
2026-03-06 11:07:00,1348.5,1350.0,1348.2,1349.4,1445
2026-03-06 11:08:00,1349.8,1349.8,1348.5,1348.7,1137
2026-03-06 11:09:00,1348.7,1348.7,1347.1,1347.7,1265
2026-03-06 11:10:00,1347.7,1347.8,1347.5,1347.6,529
2026-03-06 11:11:00,1347.6,1347.7,1346.6,1346.7,1541
2026-03-06 11:12:00,1346.7,1347.3,1345.8,1347.0,674
2026-03-06 11:13:00,1346.7,1346.7,1345.0,1345.3,1410
2026-03-06 11:14:00,1345.3,1345.8,1344.4,1344.9,456
2026-03-06 11:15:00,1344.7,1345.1,1344.1,1344.8,588
2026-03-06 11:16:00,1345.1,1346.0,1344.5,1344.5,705
2026-03-06 11:17:00,1344.4,1344.4,1342.1,1342.1,730
2026-03-06 11:18:00,1342.1,1342.9,1341.1,1342.3,1017
2026-03-06 11:19:00,1342.0,1343.0,1341.3,1342.6,1057
2026-03-06 11:20:00,1343.3,1344.3,1343.3,1344.0,2235
2026-03-06 11:21:00,1344.3,1344.3,1342.6,1342.6,1871
2026-03-06 11:22:00,1342.5,1344.7,1342.5,1344.7,1507
2026-03-06 11:23:00,1344.7,1346.6,1344.1,1346.3,7151
2026-03-06 11:24:00,1346.3,1346.4,1343.7,1343.7,1183
2026-03-06 11:25:00,1343.7,1344.8,1343.2,1344.0,172
2026-03-06 11:26:00,1344.0,1347.0,1344.0,1346.7,1934
2026-03-06 11:27:00,1347.3,1348.8,1346.3,1347.3,1606
2026-03-06 11:28:00,1347.7,1350.0,1347.3,1349.2,5817
2026-03-06 11:29:00,1349.2,1350.3,1349.2,1350.3,3638
2026-03-06 11:30:00,1350.2,1351.9,1350.2,1350.8,590
2026-03-06 11:31:00,1351.7,1352.7,1351.7,1352.0,1583
2026-03-06 11:32:00,1352.6,1354.2,1352.6,1353.7,1682
2026-03-06 11:33:00,1353.7,1353.7,1351.5,1351.9,293
2026-03-06 11:34:00,1352.3,1352.8,1351.4,1351.4,262
2026-03-06 11:35:00,1351.9,1352.7,1351.4,1352.3,318
2026-03-06 11:36:00,1352.3,1353.4,1351.9,1352.9,615
2026-03-06 11:37:00,1353.2,1354.9,1353.2,1354.2,1596
2026-03-06 11:38:00,1354.2,1355.5,1354.0,1354.7,1038
2026-03-06 11:39:00,1354.7,1355.4,1354.0,1354.8,534
2026-03-06 11:40:00,1354.8,1355.3,1354.4,1355.3,100
2026-03-06 11:41:00,1355.8,1356.9,1354.8,1355.0,964
2026-03-06 11:42:00,1355.0,1355.5,1355.0,1355.0,171
2026-03-06 11:43:00,1355.0,1355.0,1351.1,1351.1,1325
2026-03-06 11:44:00,1351.8,1352.1,1351.0,1351.2,333
2026-03-06 11:45:00,1351.9,1352.2,1351.1,1351.3,2229
2026-03-06 11:46:00,1351.9,1351.9,1351.2,1351.2,315
2026-03-06 11:47:00,1351.8,1351.8,1350.8,1350.9,603
2026-03-06 11:48:00,1351.6,1351.6,1350.7,1350.7,377
2026-03-06 11:49:00,1351.4,1351.6,1349.5,1351.6,738
2026-03-06 11:50:00,1351.6,1351.7,1351.2,1351.5,149
2026-03-06 11:51:00,1351.7,1351.7,1350.9,1350.9,601
2026-03-06 11:52:00,1351.4,1351.4,1349.5,1350.2,578
2026-03-06 11:53:00,1350.2,1350.3,1350.0,1350.2,315
2026-03-06 11:54:00,1350.4,1351.0,1350.0,1350.1,838
2026-03-06 11:55:00,1350.3,1350.3,1349.0,1349.2,1272
2026-03-06 11:56:00,1349.2,1350.2,1348.7,1348.7,362
2026-03-06 11:57:00,1348.8,1348.9,1347.8,1348.9,2463
2026-03-06 11:58:00,1349.0,1349.3,1348.2,1348.7,1241
2026-03-06 11:59:00,1348.7,1349.5,1348.5,1348.6,95
2026-03-06 12:00:00,1349.0,1349.3,1348.2,1349.3,407
2026-03-06 12:01:00,1349.3,1349.4,1348.2,1348.2,641
2026-03-06 12:02:00,1348.2,1349.2,1348.2,1348.2,240
2026-03-06 12:03:00,1348.9,1348.9,1347.2,1347.7,1436
2026-03-06 12:04:00,1348.0,1348.0,1347.2,1347.2,903
2026-03-06 12:05:00,1347.9,1347.9,1346.8,1346.8,313
2026-03-06 12:06:00,1347.4,1347.4,1346.8,1346.8,174
2026-03-06 12:07:00,1346.8,1347.2,1346.3,1346.3,460
2026-03-06 12:08:00,1346.7,1346.9,1346.0,1346.9,920
2026-03-06 12:09:00,1346.9,1348.5,1346.7,1347.8,1088
2026-03-06 12:10:00,1347.8,1348.0,1346.8,1346.8,133
2026-03-06 12:11:00,1346.8,1347.2,1346.3,1346.4,1346
2026-03-06 12:12:00,1346.3,1346.3,1345.7,1345.7,19
2026-03-06 12:13:00,1346.0,1346.0,1345.0,1345.0,728
2026-03-06 12:14:00,1345.8,1346.0,1345.0,1346.0,534
2026-03-06 12:15:00,1345.9,1345.9,1344.4,1344.4,285
2026-03-06 12:16:00,1345.0,1345.1,1344.4,1344.7,673
2026-03-06 12:17:00,1345.0,1345.4,1344.9,1344.9,374
2026-03-06 12:18:00,1345.4,1345.8,1344.9,1345.7,392
2026-03-06 12:19:00,1345.7,1348.6,1345.7,1346.2,2108
2026-03-06 12:20:00,1346.2,1346.6,1345.1,1346.0,417
2026-03-06 12:21:00,1346.0,1346.1,1345.4,1345.4,68
2026-03-06 12:22:00,1346.0,1346.0,1343.8,1344.1,831
2026-03-06 12:23:00,1344.2,1344.4,1343.7,1343.8,54
2026-03-06 12:24:00,1344.3,1344.6,1343.7,1344.6,2034
2026-03-06 12:25:00,1344.6,1345.0,1344.0,1344.1,37
2026-03-06 12:26:00,1344.4,1344.4,1342.5,1343.4,1245
2026-03-06 12:27:00,1344.0,1344.0,1342.0,1342.2,960
2026-03-06 12:28:00,1342.0,1342.0,1341.0,1341.6,751
2026-03-06 12:29:00,1341.6,1341.6,1340.6,1341.0,681
2026-03-06 12:30:00,1341.0,1341.5,1340.9,1341.0,486
2026-03-06 12:31:00,1341.5,1341.9,1341.0,1341.5,1058
2026-03-06 12:32:00,1342.0,1342.0,1341.0,1341.1,326
2026-03-06 12:33:00,1341.1,1342.0,1340.5,1341.0,550
2026-03-06 12:34:00,1341.2,1341.9,1340.9,1341.2,343
2026-03-06 12:35:00,1341.2,1341.9,1341.1,1341.9,130
2026-03-06 12:36:00,1341.9,1341.9,1341.0,1341.2,288
2026-03-06 12:37:00,1341.8,1342.0,1341.5,1341.7,436
2026-03-06 12:38:00,1342.0,1342.1,1341.2,1342.1,376
2026-03-06 12:39:00,1342.1,1342.1,1340.9,1341.0,373
2026-03-06 12:40:00,1341.8,1341.8,1340.9,1341.5,374
2026-03-06 12:41:00,1341.5,1341.5,1340.9,1341.0,61
2026-03-06 12:42:00,1341.0,1342.0,1341.0,1341.4,1013
2026-03-06 12:43:00,1341.4,1342.0,1340.8,1340.8,745
2026-03-06 12:44:00,1340.8,1341.0,1339.4,1340.1,1297
2026-03-06 12:45:00,1340.5,1340.9,1340.3,1340.7,420
2026-03-06 12:46:00,1340.3,1340.9,1339.7,1340.2,914
2026-03-06 12:47:00,1340.2,1340.2,1338.6,1340.0,1736
2026-03-06 12:48:00,1340.7,1340.7,1339.8,1339.9,195
2026-03-06 12:49:00,1339.9,1340.9,1339.1,1340.4,3282
2026-03-06 12:50:00,1340.4,1341.4,1339.8,1341.4,256
2026-03-06 12:51:00,1340.6,1343.6,1340.6,1342.8,1022
2026-03-06 12:52:00,1343.3,1343.3,1342.0,1342.0,1536
2026-03-06 12:53:00,1342.0,1342.3,1341.5,1341.5,1046
2026-03-06 12:54:00,1341.9,1341.9,1341.5,1341.5,149
2026-03-06 12:55:00,1341.9,1341.9,1341.0,1341.0,179
2026-03-06 12:56:00,1341.0,1341.5,1340.0,1340.7,307
2026-03-06 12:57:00,1340.7,1340.7,1340.0,1340.0,305
2026-03-06 12:58:00,1340.0,1341.5,1340.0,1340.2,332
2026-03-06 12:59:00,1340.2,1340.9,1340.0,1340.9,351
2026-03-06 13:00:00,1340.9,1341.5,1340.0,1341.4,813
2026-03-06 13:01:00,1341.4,1342.4,1340.3,1341.3,579
2026-03-06 13:02:00,1342.0,1342.0,1340.5,1340.5,132
2026-03-06 13:03:00,1340.5,1341.7,1340.0,1341.1,2010
2026-03-06 13:04:00,1340.0,1340.8,1339.0,1339.0,1119
2026-03-06 13:05:00,1339.0,1339.6,1339.0,1339.2,336
2026-03-06 13:06:00,1339.6,1339.8,1339.0,1339.8,873
2026-03-06 13:07:00,1339.8,1339.8,1339.0,1339.0,563
2026-03-06 13:08:00,1339.7,1339.7,1338.8,1338.8,503
2026-03-06 13:09:00,1338.8,1338.9,1338.3,1338.3,922
2026-03-06 13:10:00,1338.3,1338.3,1337.3,1337.3,506
2026-03-06 13:11:00,1337.3,1338.9,1337.0,1338.0,1085
2026-03-06 13:12:00,1338.8,1338.8,1336.6,1337.0,979
2026-03-06 13:13:00,1337.3,1338.8,1337.3,1338.0,1204
2026-03-06 13:14:00,1338.0,1338.5,1337.0,1337.0,416
2026-03-06 13:15:00,1337.0,1339.1,1336.9,1337.6,2599
2026-03-06 13:16:00,1337.6,1338.8,1337.5,1338.3,256
2026-03-06 13:17:00,1338.3,1338.3,1337.3,1337.3,498
2026-03-06 13:18:00,1337.3,1338.3,1336.9,1337.7,2030
2026-03-06 13:19:00,1337.0,1337.8,1337.0,1337.4,287
2026-03-06 13:20:00,1337.4,1339.8,1337.4,1338.5,1881
2026-03-06 13:21:00,1338.5,1340.3,1338.3,1339.8,1010
2026-03-06 13:22:00,1340.5,1341.7,1340.0,1341.2,1012
2026-03-06 13:23:00,1341.2,1341.7,1340.3,1341.0,1258
2026-03-06 13:24:00,1341.0,1341.0,1338.6,1339.5,1228
2026-03-06 13:25:00,1339.5,1339.7,1338.3,1339.0,1043
2026-03-06 13:26:00,1339.0,1340.6,1338.6,1340.3,903
2026-03-06 13:27:00,1340.3,1340.8,1339.6,1340.8,326
2026-03-06 13:28:00,1341.6,1342.5,1341.1,1341.8,1608
2026-03-06 13:29:00,1341.8,1343.9,1341.8,1342.9,1270
2026-03-06 13:30:00,1342.9,1342.9,1341.4,1342.0,1200
2026-03-06 13:31:00,1342.0,1343.8,1341.4,1342.4,925
2026-03-06 13:32:00,1342.4,1342.9,1341.0,1342.9,3006
2026-03-06 13:33:00,1342.9,1342.9,1342.0,1342.7,2029
2026-03-06 13:34:00,1342.5,1342.8,1341.7,1342.8,471
2026-03-06 13:35:00,1341.8,1342.4,1341.5,1342.0,449
2026-03-06 13:36:00,1342.0,1344.9,1342.0,1344.9,2698
2026-03-06 13:37:00,1344.9,1352.7,1344.9,1352.5,9483
2026-03-06 13:38:00,1352.5,1352.5,1348.0,1348.7,1830
2026-03-06 13:39:00,1348.7,1349.5,1348.2,1348.9,2074
2026-03-06 13:40:00,1349.9,1351.8,1348.1,1351.1,4590
2026-03-06 13:41:00,1351.1,1351.1,1348.8,1350.1,124
2026-03-06 13:42:00,1350.1,1350.2,1348.6,1349.5,979
2026-03-06 13:43:00,1349.5,1350.3,1348.6,1349.8,1071
2026-03-06 13:44:00,1349.8,1349.8,1348.6,1349.5,134
2026-03-06 13:45:00,1349.5,1349.5,1348.3,1349.0,899
2026-03-06 13:46:00,1349.0,1349.0,1347.3,1348.6,1826
2026-03-06 13:47:00,1348.6,1348.6,1347.0,1347.9,378
2026-03-06 13:48:00,1347.9,1348.0,1347.1,1347.9,261
2026-03-06 13:49:00,1347.9,1350.0,1347.7,1349.9,1554
2026-03-06 13:50:00,1349.9,1352.0,1349.9,1350.9,1415
2026-03-06 13:51:00,1350.9,1351.1,1349.8,1351.1,529
2026-03-06 13:52:00,1351.1,1351.1,1348.3,1349.2,209
2026-03-06 13:53:00,1349.2,1349.2,1347.8,1348.1,26
2026-03-06 13:54:00,1348.1,1349.1,1348.0,1348.8,68
2026-03-06 13:55:00,1348.8,1348.8,1347.1,1347.7,892
2026-03-06 13:56:00,1347.7,1347.7,1346.4,1347.0,347
2026-03-06 13:57:00,1347.0,1347.1,1346.3,1347.0,204
2026-03-06 13:58:00,1347.0,1347.9,1346.2,1347.6,1273
2026-03-06 13:59:00,1347.6,1347.6,1346.4,1347.2,352
2026-03-06 14:00:00,1347.2,1347.2,1346.5,1347.2,953
2026-03-06 14:01:00,1347.2,1350.0,1346.5,1349.5,2740
2026-03-06 14:02:00,1349.5,1349.5,1348.4,1348.5,859
2026-03-06 14:03:00,1348.7,1349.5,1347.9,1348.6,1706
2026-03-06 14:04:00,1348.6,1349.0,1348.4,1348.6,572
2026-03-06 14:05:00,1348.6,1349.4,1348.0,1348.8,223
2026-03-06 14:06:00,1348.8,1348.8,1347.5,1348.0,55
2026-03-06 14:07:00,1348.0,1350.4,1347.1,1349.5,1718
2026-03-06 14:08:00,1349.5,1349.5,1348.8,1349.5,410
2026-03-06 14:09:00,1349.5,1350.2,1349.0,1350.2,859
2026-03-06 14:10:00,1350.2,1350.2,1349.0,1349.9,607
2026-03-06 14:11:00,1349.9,1351.0,1349.6,1350.6,1889
2026-03-06 14:12:00,1350.6,1350.6,1349.5,1350.1,2428
2026-03-06 14:13:00,1350.1,1350.1,1349.1,1349.9,488
2026-03-06 14:14:00,1349.9,1350.0,1348.1,1348.8,863
2026-03-06 14:15:00,1348.8,1348.8,1348.1,1348.7,82
2026-03-06 14:16:00,1348.7,1348.7,1348.0,1348.5,151
2026-03-06 14:17:00,1348.5,1348.6,1347.6,1348.4,1128
2026-03-06 14:18:00,1348.4,1350.3,1348.4,1350.0,1044
2026-03-06 14:19:00,1350.0,1353.8,1349.2,1353.3,5908
2026-03-06 14:20:00,1353.3,1353.8,1353.0,1353.8,2213
2026-03-06 14:21:00,1353.8,1353.8,1351.5,1351.5,1198
2026-03-06 14:22:00,1351.5,1351.5,1350.1,1351.0,394
2026-03-06 14:23:00,1351.0,1351.3,1350.5,1350.9,738
2026-03-06 14:24:00,1350.9,1350.9,1350.0,1350.8,50
2026-03-06 14:25:00,1350.8,1350.9,1350.1,1350.8,279
2026-03-06 14:26:00,1350.9,1352.7,1350.9,1351.5,547
2026-03-06 14:27:00,1351.3,1351.5,1350.3,1350.6,761
2026-03-06 14:28:00,1350.6,1350.7,1349.5,1349.5,326
2026-03-06 14:29:00,1349.5,1350.5,1349.4,1350.2,205
2026-03-06 14:30:00,1350.2,1350.3,1348.8,1349.9,263
2026-03-06 14:31:00,1349.9,1349.9,1348.5,1348.7,594
2026-03-06 14:32:00,1348.7,1349.1,1348.4,1348.4,715
2026-03-06 14:33:00,1348.4,1349.0,1348.3,1348.5,174
2026-03-06 14:34:00,1348.5,1348.7,1347.8,1347.9,368
2026-03-06 14:35:00,1347.9,1347.9,1346.3,1346.4,883
2026-03-06 14:36:00,1347.3,1347.3,1346.5,1347.1,694
2026-03-06 14:37:00,1347.1,1348.9,1347.1,1347.8,439
2026-03-06 14:38:00,1347.8,1347.8,1347.3,1347.5,132
2026-03-06 14:39:00,1347.5,1347.5,1346.0,1346.9,645
2026-03-06 14:40:00,1346.9,1346.9,1345.0,1346.8,793
2026-03-06 14:41:00,1346.8,1346.8,1344.2,1344.2,1527
2026-03-06 14:42:00,1344.2,1344.9,1343.4,1343.4,600
2026-03-06 14:43:00,1343.2,1344.3,1343.2,1343.8,120
2026-03-06 14:44:00,1343.8,1343.9,1342.1,1343.0,1704
2026-03-06 14:45:00,1342.9,1342.9,1342.0,1342.0,329
2026-03-06 14:46:00,1342.0,1344.6,1342.0,1344.6,1707
2026-03-06 14:47:00,1346.0,1346.0,1343.2,1343.8,2121
2026-03-06 14:48:00,1343.8,1343.8,1339.8,1341.5,3294
2026-03-06 14:49:00,1341.5,1341.5,1340.7,1341.0,288
2026-03-06 14:50:00,1341.1,1342.3,1340.5,1342.3,2085
2026-03-06 14:51:00,1342.3,1343.3,1342.0,1342.7,756
2026-03-06 14:52:00,1342.8,1342.9,1341.6,1342.0,702
2026-03-06 14:53:00,1342.0,1343.3,1341.2,1343.0,1089
2026-03-06 14:54:00,1341.9,1343.2,1340.2,1340.6,1171
2026-03-06 14:55:00,1340.6,1340.6,1339.7,1339.9,579
2026-03-06 14:56:00,1340.3,1340.6,1339.8,1340.1,436
2026-03-06 14:57:00,1340.1,1340.5,1339.2,1339.9,1485
2026-03-06 14:58:00,1339.9,1339.9,1338.7,1338.7,588
2026-03-06 14:59:00,1338.4,1339.1,1338.4,1338.6,618
2026-03-06 15:00:00,1336.4,1337.4,1335.3,1336.7,2846
2026-03-06 15:01:00,1336.7,1336.7,1335.0,1335.1,1353
2026-03-06 15:02:00,1335.6,1337.4,1335.6,1336.4,1999
2026-03-06 15:03:00,1336.1,1337.1,1335.7,1336.1,1239
2026-03-06 15:04:00,1336.7,1336.7,1335.2,1336.2,1268
2026-03-06 15:05:00,1336.3,1336.3,1333.6,1335.0,2582
2026-03-06 15:06:00,1335.1,1335.1,1334.2,1334.2,651
2026-03-06 15:07:00,1334.6,1334.6,1333.0,1334.1,1965
2026-03-06 15:08:00,1333.9,1334.3,1333.1,1333.5,858
2026-03-06 15:09:00,1333.9,1335.0,1333.3,1333.8,924
2026-03-06 15:10:00,1333.7,1334.1,1333.0,1334.0,1154
2026-03-06 15:11:00,1334.0,1334.2,1333.6,1333.7,693
2026-03-06 15:12:00,1333.6,1333.8,1332.9,1333.3,871
2026-03-06 15:13:00,1333.0,1333.6,1331.3,1332.5,3830
2026-03-06 15:14:00,1332.8,1335.4,1332.6,1333.1,1342
2026-03-06 15:15:00,1333.4,1333.4,1332.0,1332.7,1271
2026-03-06 15:16:00,1332.6,1332.6,1330.1,1330.1,3906
2026-03-06 15:17:00,1331.2,1333.0,1330.7,1332.2,1867
2026-03-06 15:18:00,1332.8,1332.8,1331.0,1332.6,2164
2026-03-06 15:19:00,1333.0,1333.9,1332.7,1333.9,888
2026-03-06 15:20:00,1333.6,1336.9,1333.6,1336.7,3528
2026-03-06 15:21:00,1337.0,1337.1,1335.1,1336.6,4503
2026-03-06 15:22:00,1336.8,1336.8,1335.1,1335.9,1125
2026-03-06 15:23:00,1336.0,1337.2,1335.1,1337.2,3156
2026-03-06 15:24:00,1337.5,1338.9,1335.8,1337.0,1384
2026-03-06 15:25:00,1337.9,1341.6,1337.9,1340.4,3885
2026-03-06 15:26:00,1340.8,1341.1,1337.4,1340.4,2726
2026-03-06 15:27:00,1340.4,1341.4,1339.1,1341.4,1322
2026-03-06 15:28:00,1341.6,1341.6,1339.3,1340.3,1105
2026-03-06 15:29:00,1340.3,1341.0,1340.3,1340.3,803
2026-03-09 09:15:00,1320.0,1324.0,1282.0,1294.5,17726
2026-03-09 09:16:00,1294.5,1303.6,1294.5,1297.4,5091
2026-03-09 09:17:00,1294.5,1298.5,1291.9,1291.9,4480
2026-03-09 09:18:00,1293.4,1294.8,1288.2,1288.2,2424
2026-03-09 09:19:00,1289.4,1289.4,1283.4,1284.8,3000
2026-03-09 09:20:00,1287.1,1287.1,1282.8,1282.8,5577
2026-03-09 09:21:00,1284.2,1285.0,1281.0,1281.6,1759
2026-03-09 09:22:00,1281.6,1285.3,1281.4,1281.4,4865
2026-03-09 09:23:00,1282.3,1282.5,1281.0,1282.5,2993
2026-03-09 09:24:00,1284.4,1284.4,1282.5,1283.6,2600
2026-03-09 09:25:00,1283.5,1283.8,1282.0,1283.5,669
2026-03-09 09:26:00,1283.5,1285.0,1283.5,1284.8,1012
2026-03-09 09:27:00,1284.8,1289.1,1284.4,1286.5,2158
2026-03-09 09:28:00,1288.6,1292.2,1287.5,1292.1,4600
2026-03-09 09:29:00,1292.2,1293.8,1289.5,1293.7,3721
2026-03-09 09:30:00,1293.8,1297.4,1293.1,1294.9,5075
2026-03-09 09:31:00,1294.1,1296.3,1293.4,1296.3,2301
2026-03-09 09:32:00,1295.9,1297.4,1293.2,1293.2,2610
2026-03-09 09:33:00,1293.2,1295.9,1292.3,1295.9,1756
2026-03-09 09:34:00,1296.3,1296.6,1294.1,1294.1,4499
2026-03-09 09:35:00,1295.8,1297.5,1295.1,1295.9,7951
2026-03-09 09:36:00,1295.9,1297.5,1295.5,1297.5,3956
2026-03-09 09:37:00,1297.5,1297.5,1296.6,1297.3,1457
2026-03-09 09:38:00,1297.3,1299.2,1296.5,1298.3,2365
2026-03-09 09:39:00,1298.2,1300.8,1297.3,1298.4,3100
2026-03-09 09:40:00,1298.0,1298.0,1295.1,1295.7,736
2026-03-09 09:41:00,1295.4,1295.9,1292.7,1292.7,2328
2026-03-09 09:42:00,1292.7,1293.8,1290.4,1293.7,8609
2026-03-09 09:43:00,1293.7,1294.9,1291.5,1291.8,1738
2026-03-09 09:44:00,1291.8,1294.2,1291.7,1291.7,8484
2026-03-09 09:45:00,1291.9,1291.9,1291.0,1291.0,1304
2026-03-09 09:46:00,1289.4,1293.0,1289.4,1291.7,882
2026-03-09 09:47:00,1291.7,1296.6,1291.7,1295.5,1915
2026-03-09 09:48:00,1295.5,1296.7,1295.5,1296.5,926
2026-03-09 09:49:00,1296.6,1297.8,1295.7,1297.1,524
2026-03-09 09:50:00,1297.1,1297.6,1295.0,1296.3,3179
2026-03-09 09:51:00,1296.3,1296.6,1293.9,1295.5,467
2026-03-09 09:52:00,1295.5,1297.6,1294.5,1294.5,1513
2026-03-09 09:53:00,1294.5,1296.2,1294.0,1294.6,624
2026-03-09 09:54:00,1294.4,1294.7,1293.3,1294.7,1779
2026-03-09 09:55:00,1294.7,1296.0,1294.7,1295.9,597
2026-03-09 09:56:00,1295.9,1296.4,1295.5,1296.0,944
2026-03-09 09:57:00,1296.4,1299.4,1295.5,1299.3,8144
2026-03-09 09:58:00,1299.3,1299.3,1295.6,1297.9,1894
2026-03-09 09:59:00,1297.9,1298.9,1297.9,1298.3,315
2026-03-09 10:00:00,1298.1,1300.7,1298.0,1299.6,1482
2026-03-09 10:01:00,1299.6,1302.5,1298.4,1302.0,2970
2026-03-09 10:02:00,1302.0,1302.0,1295.3,1295.4,3224
2026-03-09 10:03:00,1295.4,1296.4,1295.4,1295.5,552
2026-03-09 10:04:00,1295.9,1296.1,1295.4,1295.4,736
2026-03-09 10:05:00,1294.8,1298.2,1294.8,1295.9,2430
2026-03-09 10:06:00,1297.1,1299.7,1297.1,1298.8,1774
2026-03-09 10:07:00,1298.8,1300.1,1297.8,1298.9,759
2026-03-09 10:08:00,1298.9,1298.9,1296.6,1297.7,921
2026-03-09 10:09:00,1297.7,1297.9,1296.0,1296.6,2105
2026-03-09 10:10:00,1296.6,1299.3,1296.4,1299.3,266
2026-03-09 10:11:00,1299.3,1301.0,1298.5,1301.0,650
2026-03-09 10:12:00,1301.0,1301.0,1298.5,1300.4,930
2026-03-09 10:13:00,1300.4,1300.6,1299.1,1299.4,258
2026-03-09 10:14:00,1299.3,1300.9,1299.3,1300.1,723
2026-03-09 10:15:00,1300.1,1300.1,1296.7,1296.8,537
2026-03-09 10:16:00,1296.8,1298.6,1296.8,1298.6,1161
2026-03-09 10:17:00,1298.6,1299.4,1296.2,1296.2,1301
2026-03-09 10:18:00,1296.2,1297.5,1296.2,1296.2,264
2026-03-09 10:19:00,1296.5,1299.4,1296.0,1299.0,1246
2026-03-09 10:20:00,1299.0,1300.7,1297.8,1300.7,596
2026-03-09 10:21:00,1301.0,1305.0,1301.0,1304.7,2054
2026-03-09 10:22:00,1304.7,1304.7,1301.0,1301.0,245
2026-03-09 10:23:00,1299.2,1299.6,1294.8,1294.9,1434
2026-03-09 10:24:00,1294.9,1297.4,1294.8,1295.6,817
2026-03-09 10:25:00,1295.6,1297.6,1295.6,1296.2,395
2026-03-09 10:26:00,1296.2,1299.8,1296.2,1299.8,788
2026-03-09 10:27:00,1299.8,1299.8,1297.8,1297.9,264
2026-03-09 10:28:00,1297.9,1298.8,1297.8,1298.8,550
2026-03-09 10:29:00,1298.8,1298.8,1298.1,1298.1,315
2026-03-09 10:30:00,1298.1,1298.7,1297.0,1297.0,721
2026-03-09 10:31:00,1297.0,1297.0,1295.6,1296.3,955
2026-03-09 10:32:00,1296.3,1296.5,1294.1,1294.1,1631
2026-03-09 10:33:00,1294.1,1295.7,1293.7,1294.4,1401
2026-03-09 10:34:00,1294.4,1295.3,1292.5,1293.0,1289
2026-03-09 10:35:00,1293.0,1294.5,1292.8,1294.5,2190
2026-03-09 10:36:00,1294.5,1294.5,1291.3,1293.5,2125
2026-03-09 10:37:00,1292.6,1293.5,1291.0,1292.6,2244
2026-03-09 10:38:00,1292.6,1293.5,1291.1,1292.6,3262
2026-03-09 10:39:00,1292.6,1293.7,1291.1,1292.1,921
2026-03-09 10:40:00,1292.1,1293.0,1292.1,1292.2,638
2026-03-09 10:41:00,1292.2,1293.5,1291.9,1293.0,1241
2026-03-09 10:42:00,1293.3,1294.0,1292.7,1294.0,1607
2026-03-09 10:43:00,1294.0,1294.6,1292.4,1294.6,1580
2026-03-09 10:44:00,1294.6,1294.6,1291.7,1292.0,982
2026-03-09 10:45:00,1292.0,1292.2,1291.2,1291.3,774
2026-03-09 10:46:00,1291.3,1293.6,1290.8,1292.0,2013
2026-03-09 10:47:00,1292.1,1292.1,1288.5,1288.5,2813
2026-03-09 10:48:00,1288.5,1289.3,1288.2,1288.4,576
2026-03-09 10:49:00,1288.4,1288.4,1287.5,1288.2,1127
2026-03-09 10:50:00,1288.2,1291.4,1287.2,1290.8,1689
2026-03-09 10:51:00,1291.6,1294.4,1291.5,1294.4,4220
2026-03-09 10:52:00,1295.6,1295.6,1292.9,1294.0,1979
2026-03-09 10:53:00,1294.0,1294.9,1294.0,1294.5,2568
2026-03-09 10:54:00,1296.3,1296.3,1293.8,1296.0,3743
2026-03-09 10:55:00,1296.0,1297.0,1295.1,1296.1,1299
2026-03-09 10:56:00,1296.1,1297.5,1293.8,1294.1,3860
2026-03-09 10:57:00,1294.1,1294.6,1293.4,1293.4,2708
2026-03-09 10:58:00,1294.1,1294.6,1292.0,1293.5,6330
2026-03-09 10:59:00,1294.0,1295.2,1293.1,1293.3,6358
2026-03-09 11:00:00,1293.3,1293.8,1291.5,1291.5,879
2026-03-09 11:01:00,1291.5,1292.6,1291.2,1291.2,6817
2026-03-09 11:02:00,1292.2,1293.4,1291.5,1291.6,1136
2026-03-09 11:03:00,1291.6,1293.4,1291.1,1292.6,745
2026-03-09 11:04:00,1292.6,1293.8,1292.2,1292.4,479
2026-03-09 11:05:00,1292.6,1292.6,1290.0,1290.7,2220
2026-03-09 11:06:00,1290.7,1291.6,1290.6,1290.8,870
2026-03-09 11:07:00,1290.8,1290.8,1290.0,1290.3,682
2026-03-09 11:08:00,1290.3,1290.6,1288.5,1290.0,2191
2026-03-09 11:09:00,1290.0,1292.8,1288.7,1292.7,979
2026-03-09 11:10:00,1292.3,1292.4,1290.0,1291.2,829
2026-03-09 11:11:00,1291.2,1291.2,1288.8,1289.9,623
2026-03-09 11:12:00,1289.9,1290.1,1288.9,1290.1,965
2026-03-09 11:13:00,1290.1,1290.6,1289.1,1290.0,588
2026-03-09 11:14:00,1290.0,1291.2,1290.0,1290.7,627
2026-03-09 11:15:00,1290.7,1290.9,1288.8,1289.5,961
2026-03-09 11:16:00,1289.5,1289.5,1288.5,1288.5,693
2026-03-09 11:17:00,1288.5,1289.5,1288.4,1289.1,1062
2026-03-09 11:18:00,1289.1,1292.1,1289.1,1291.3,968
2026-03-09 11:19:00,1291.3,1291.7,1290.8,1291.6,913
2026-03-09 11:20:00,1291.6,1293.6,1290.9,1293.6,769
2026-03-09 11:21:00,1293.6,1293.6,1291.7,1291.8,1551
2026-03-09 11:22:00,1291.8,1293.6,1291.8,1293.4,1153
2026-03-09 11:23:00,1294.0,1294.2,1291.7,1291.7,4309
2026-03-09 11:24:00,1291.7,1292.9,1291.1,1291.1,770
2026-03-09 11:25:00,1291.8,1292.0,1291.0,1291.4,1534
2026-03-09 11:26:00,1292.7,1293.4,1291.8,1293.4,652
2026-03-09 11:27:00,1293.4,1293.8,1293.2,1293.8,1030
2026-03-09 11:28:00,1293.0,1294.8,1292.6,1294.0,14949
2026-03-09 11:29:00,1293.7,1294.6,1293.5,1293.5,12921
2026-03-09 11:30:00,1293.5,1294.0,1292.9,1293.3,2661
2026-03-09 11:31:00,1293.3,1297.9,1293.3,1295.7,11154
2026-03-09 11:32:00,1295.7,1298.2,1295.5,1297.4,5815
2026-03-09 11:33:00,1297.4,1297.4,1293.3,1294.9,5655
2026-03-09 11:34:00,1294.9,1296.0,1294.2,1294.3,3397
2026-03-09 11:35:00,1294.4,1297.3,1294.2,1295.4,5480
2026-03-09 11:36:00,1295.4,1295.4,1293.8,1293.8,1191
2026-03-09 11:37:00,1293.8,1294.6,1293.5,1294.1,5814
2026-03-09 11:38:00,1294.1,1294.7,1293.1,1294.0,7417
2026-03-09 11:39:00,1294.9,1299.0,1294.9,1298.9,5462
2026-03-09 11:40:00,1298.9,1304.1,1298.0,1304.1,3406
2026-03-09 11:41:00,1304.1,1305.0,1300.2,1300.2,5820
2026-03-09 11:42:00,1300.2,1300.9,1298.0,1299.4,6746
2026-03-09 11:43:00,1299.4,1300.1,1297.6,1298.8,1989
2026-03-09 11:44:00,1298.8,1301.5,1297.6,1300.8,3737
2026-03-09 11:45:00,1300.8,1300.8,1298.0,1299.4,3539
2026-03-09 11:46:00,1299.4,1300.3,1297.4,1300.3,2514
2026-03-09 11:47:00,1300.3,1300.3,1297.9,1297.9,2054
2026-03-09 11:48:00,1297.9,1297.9,1297.0,1297.8,1654
2026-03-09 11:49:00,1297.8,1297.8,1296.2,1296.8,2417
2026-03-09 11:50:00,1296.2,1297.0,1296.0,1297.0,2096
2026-03-09 11:51:00,1297.0,1297.6,1296.2,1296.6,2368
2026-03-09 11:52:00,1296.6,1299.0,1296.4,1299.0,4041
2026-03-09 11:53:00,1299.0,1299.0,1296.2,1296.5,2232
2026-03-09 11:54:00,1296.5,1296.7,1295.7,1296.4,2458
2026-03-09 11:55:00,1296.4,1296.4,1295.1,1295.8,1342
2026-03-09 11:56:00,1295.8,1295.8,1293.7,1294.3,1885
2026-03-09 11:57:00,1294.3,1295.5,1294.1,1295.5,3047
2026-03-09 11:58:00,1295.5,1295.5,1293.3,1293.6,1520
2026-03-09 11:59:00,1293.6,1294.0,1292.5,1292.5,1972
2026-03-09 12:00:00,1292.5,1293.2,1291.5,1293.1,930
2026-03-09 12:01:00,1293.1,1293.2,1292.3,1292.8,3046
2026-03-09 12:02:00,1292.8,1293.7,1292.4,1293.0,472
2026-03-09 12:03:00,1293.0,1293.4,1291.4,1293.4,1782
2026-03-09 12:04:00,1293.4,1295.7,1291.6,1295.7,4261
2026-03-09 12:05:00,1295.7,1295.7,1292.4,1292.4,4209
2026-03-09 12:06:00,1292.4,1294.0,1291.1,1291.7,2213
2026-03-09 12:07:00,1291.7,1291.7,1288.9,1291.2,3904
2026-03-09 12:08:00,1291.2,1291.5,1289.9,1290.1,823
2026-03-09 12:09:00,1290.1,1290.3,1289.2,1289.6,719
2026-03-09 12:10:00,1289.6,1290.7,1289.3,1289.5,1391
2026-03-09 12:11:00,1289.5,1292.5,1289.5,1291.5,1042
2026-03-09 12:12:00,1291.5,1292.3,1290.6,1291.5,2016
2026-03-09 12:13:00,1291.5,1291.9,1290.3,1291.5,2001
2026-03-09 12:14:00,1291.5,1292.6,1290.2,1291.0,2055
2026-03-09 12:15:00,1291.0,1292.3,1290.3,1291.0,769
2026-03-09 12:16:00,1291.0,1292.0,1290.4,1290.7,1336
2026-03-09 12:17:00,1291.3,1293.1,1290.3,1292.0,3992
2026-03-09 12:18:00,1292.0,1294.0,1291.0,1292.6,3739
2026-03-09 12:19:00,1292.6,1294.0,1292.0,1292.0,1271
2026-03-09 12:20:00,1292.0,1292.8,1291.2,1292.8,1564
2026-03-09 12:21:00,1294.0,1294.0,1292.3,1294.0,1676
2026-03-09 12:22:00,1294.0,1294.0,1292.9,1292.9,1051
2026-03-09 12:23:00,1292.9,1293.4,1291.9,1293.0,935
2026-03-09 12:24:00,1293.0,1294.1,1292.4,1294.1,3542
2026-03-09 12:25:00,1294.9,1296.2,1294.4,1295.0,1151
2026-03-09 12:26:00,1295.0,1296.9,1295.0,1296.9,737
2026-03-09 12:27:00,1296.9,1298.6,1296.8,1297.9,2863
2026-03-09 12:28:00,1297.2,1297.7,1295.7,1295.7,4113
2026-03-09 12:29:00,1296.3,1296.7,1295.1,1296.7,1415
2026-03-09 12:30:00,1296.1,1297.1,1295.2,1296.2,5897
2026-03-09 12:31:00,1296.2,1297.1,1295.1,1297.1,4625
2026-03-09 12:32:00,1297.1,1297.1,1294.5,1294.5,1766
2026-03-09 12:33:00,1294.5,1295.0,1293.5,1294.4,2388
2026-03-09 12:34:00,1294.4,1295.8,1292.7,1293.3,2561
2026-03-09 12:35:00,1293.3,1293.6,1291.8,1291.8,393
2026-03-09 12:36:00,1291.8,1293.3,1291.8,1293.0,1285
2026-03-09 12:37:00,1293.0,1293.0,1292.1,1292.1,623
2026-03-09 12:38:00,1292.1,1293.5,1292.1,1292.3,1665
2026-03-09 12:39:00,1292.3,1294.5,1292.3,1293.4,4871
2026-03-09 12:40:00,1292.4,1293.5,1292.4,1293.5,470
2026-03-09 12:41:00,1293.5,1294.0,1292.3,1292.3,2813
2026-03-09 12:42:00,1292.3,1293.3,1291.8,1291.8,895
2026-03-09 12:43:00,1291.8,1292.6,1291.3,1291.6,2322
2026-03-09 12:44:00,1291.6,1292.6,1291.2,1291.2,745
2026-03-09 12:45:00,1291.2,1292.5,1291.2,1292.5,2185
2026-03-09 12:46:00,1292.5,1293.1,1291.7,1291.9,709
2026-03-09 12:47:00,1291.9,1293.0,1291.5,1291.6,896
2026-03-09 12:48:00,1291.6,1292.5,1291.5,1292.2,1068
2026-03-09 12:49:00,1292.2,1292.2,1290.4,1290.5,1105
2026-03-09 12:50:00,1290.5,1292.2,1290.5,1292.2,1767
2026-03-09 12:51:00,1292.2,1292.8,1291.5,1291.9,1044
2026-03-09 12:52:00,1291.1,1291.2,1290.5,1291.0,814
2026-03-09 12:53:00,1291.0,1294.6,1290.4,1294.5,4254
2026-03-09 12:54:00,1294.5,1294.5,1292.9,1292.9,14593
2026-03-09 12:55:00,1294.4,1297.4,1292.3,1293.2,7764
2026-03-09 12:56:00,1293.2,1293.3,1292.1,1292.4,1444
2026-03-09 12:57:00,1292.4,1293.4,1291.4,1293.3,1774
2026-03-09 12:58:00,1293.3,1294.0,1291.8,1291.9,7985
2026-03-09 12:59:00,1291.9,1292.5,1291.0,1292.5,2165
2026-03-09 13:00:00,1292.5,1292.8,1291.0,1291.9,2467
2026-03-09 13:01:00,1291.9,1292.7,1290.5,1291.7,1556
2026-03-09 13:02:00,1291.7,1291.7,1290.6,1290.8,884
2026-03-09 13:03:00,1290.8,1291.3,1290.6,1290.7,514
2026-03-09 13:04:00,1290.7,1291.5,1288.9,1290.2,3803
2026-03-09 13:05:00,1290.2,1291.6,1290.2,1290.6,660
2026-03-09 13:06:00,1290.6,1292.5,1290.6,1290.8,808
2026-03-09 13:07:00,1290.8,1291.8,1290.5,1290.5,1534
2026-03-09 13:08:00,1291.1,1291.1,1289.6,1290.1,535
2026-03-09 13:09:00,1290.1,1290.6,1289.2,1289.2,1263
2026-03-09 13:10:00,1289.2,1290.9,1289.2,1290.9,1788
2026-03-09 13:11:00,1290.9,1291.0,1290.1,1291.0,532
2026-03-09 13:12:00,1291.0,1291.0,1290.2,1290.4,1405
2026-03-09 13:13:00,1290.4,1290.5,1289.0,1289.0,426
2026-03-09 13:14:00,1289.1,1290.8,1288.8,1290.0,1115
2026-03-09 13:15:00,1290.0,1290.6,1289.4,1289.4,2944
2026-03-09 13:16:00,1289.4,1290.9,1289.0,1290.0,3250
2026-03-09 13:17:00,1290.0,1290.6,1288.4,1290.2,3066
2026-03-09 13:18:00,1290.2,1290.2,1287.5,1288.2,657
2026-03-09 13:19:00,1288.0,1288.0,1286.5,1287.9,1359
2026-03-09 13:20:00,1288.0,1291.2,1287.0,1290.4,3645
2026-03-09 13:21:00,1290.8,1290.8,1287.8,1288.7,4381
2026-03-09 13:22:00,1289.1,1289.7,1287.3,1289.7,1395
2026-03-09 13:23:00,1288.4,1289.2,1287.8,1287.8,1153
2026-03-09 13:24:00,1287.8,1288.5,1287.5,1287.8,926
2026-03-09 13:25:00,1287.8,1288.2,1287.3,1288.2,567
2026-03-09 13:26:00,1288.2,1289.0,1287.4,1288.7,1575
2026-03-09 13:27:00,1288.7,1290.4,1288.4,1290.4,1006
2026-03-09 13:28:00,1290.4,1290.4,1288.0,1290.2,1970
2026-03-09 13:29:00,1290.2,1291.0,1288.9,1290.9,2279
2026-03-09 13:30:00,1289.9,1290.3,1289.4,1289.5,610
2026-03-09 13:31:00,1289.5,1291.7,1289.5,1291.7,2142
2026-03-09 13:32:00,1291.7,1292.2,1290.9,1290.9,497
2026-03-09 13:33:00,1290.9,1293.2,1290.9,1292.7,1588
2026-03-09 13:34:00,1292.7,1293.9,1292.2,1292.2,1237
2026-03-09 13:35:00,1292.0,1293.2,1291.7,1291.9,1620
2026-03-09 13:36:00,1291.9,1292.2,1290.5,1291.3,3173
2026-03-09 13:37:00,1290.3,1292.0,1290.2,1291.4,2374
2026-03-09 13:38:00,1291.4,1291.8,1290.6,1290.9,938
2026-03-09 13:39:00,1290.9,1293.3,1290.9,1292.2,1140
2026-03-09 13:40:00,1292.2,1293.9,1291.5,1292.8,1924
2026-03-09 13:41:00,1292.8,1292.8,1291.3,1292.4,1305
2026-03-09 13:42:00,1292.4,1292.4,1290.7,1292.4,1197
2026-03-09 13:43:00,1292.4,1294.5,1291.5,1293.8,23483
2026-03-09 13:44:00,1293.8,1294.2,1292.0,1292.7,679
2026-03-09 13:45:00,1292.7,1292.7,1290.5,1290.5,798
2026-03-09 13:46:00,1290.5,1293.4,1288.9,1292.8,15113
2026-03-09 13:47:00,1293.4,1295.1,1292.1,1294.8,11381
2026-03-09 13:48:00,1294.3,1295.1,1292.9,1295.1,9479
2026-03-09 13:49:00,1295.1,1295.1,1292.2,1292.6,801
2026-03-09 13:50:00,1292.6,1293.4,1292.1,1292.2,956
2026-03-09 13:51:00,1291.6,1292.2,1290.6,1291.1,1013
2026-03-09 13:52:00,1291.7,1292.7,1291.3,1292.4,1865
2026-03-09 13:53:00,1292.4,1293.2,1290.8,1291.0,1232
2026-03-09 13:54:00,1291.0,1293.1,1290.6,1292.0,4748
2026-03-09 13:55:00,1292.0,1293.0,1291.6,1293.0,951
2026-03-09 13:56:00,1293.0,1293.7,1292.4,1292.8,740
2026-03-09 13:57:00,1292.8,1292.8,1291.5,1292.5,812
2026-03-09 13:58:00,1292.5,1292.5,1290.6,1291.3,1970
2026-03-09 13:59:00,1291.3,1291.7,1290.8,1291.0,1074
2026-03-09 14:00:00,1291.0,1292.9,1290.5,1291.6,1280
2026-03-09 14:01:00,1291.6,1292.8,1290.8,1291.9,988
2026-03-09 14:02:00,1292.0,1292.3,1290.7,1290.9,692
2026-03-09 14:03:00,1291.0,1292.9,1290.8,1290.8,1172
2026-03-09 14:04:00,1290.8,1290.8,1289.8,1290.8,818
2026-03-09 14:05:00,1290.8,1291.7,1290.0,1290.0,1215
2026-03-09 14:06:00,1290.0,1290.9,1289.4,1289.4,1020
2026-03-09 14:07:00,1290.2,1291.4,1289.4,1291.4,1445
2026-03-09 14:08:00,1291.4,1292.8,1290.4,1290.7,724
2026-03-09 14:09:00,1291.4,1291.6,1290.4,1291.2,695
2026-03-09 14:10:00,1291.2,1291.2,1289.8,1290.0,415
2026-03-09 14:11:00,1290.0,1291.3,1290.0,1290.8,1292
2026-03-09 14:12:00,1290.6,1290.8,1288.4,1289.7,4210
2026-03-09 14:13:00,1289.7,1291.2,1288.5,1288.5,1146
2026-03-09 14:14:00,1288.5,1289.1,1287.9,1287.9,1030
2026-03-09 14:15:00,1288.4,1288.9,1287.3,1287.4,1962
2026-03-09 14:16:00,1287.3,1288.1,1287.3,1288.1,847
2026-03-09 14:17:00,1288.1,1288.1,1287.1,1287.1,589
2026-03-09 14:18:00,1287.1,1290.0,1286.5,1289.6,1997
2026-03-09 14:19:00,1289.6,1291.3,1288.5,1289.5,680
2026-03-09 14:20:00,1289.5,1289.9,1288.7,1288.9,634
2026-03-09 14:21:00,1288.8,1288.8,1287.5,1287.5,1072
2026-03-09 14:22:00,1287.5,1290.5,1287.5,1289.6,999
2026-03-09 14:23:00,1289.6,1291.0,1289.6,1290.2,950
2026-03-09 14:24:00,1290.2,1290.2,1289.1,1290.0,635
2026-03-09 14:25:00,1289.5,1290.3,1289.5,1290.0,597
2026-03-09 14:26:00,1290.0,1291.0,1288.6,1291.0,2298
2026-03-09 14:27:00,1291.0,1291.0,1289.2,1289.3,442
2026-03-09 14:28:00,1289.3,1289.9,1288.3,1288.3,695
2026-03-09 14:29:00,1288.2,1289.8,1288.1,1288.2,1210
2026-03-09 14:30:00,1288.2,1289.2,1287.5,1288.9,3134
2026-03-09 14:31:00,1288.9,1291.2,1288.5,1291.2,718
2026-03-09 14:32:00,1291.2,1291.4,1290.2,1291.4,1312
2026-03-09 14:33:00,1291.9,1291.9,1290.0,1290.0,1283
2026-03-09 14:34:00,1289.3,1291.0,1289.3,1289.8,1085
2026-03-09 14:35:00,1289.3,1290.7,1288.6,1289.8,835
2026-03-09 14:36:00,1289.8,1291.2,1288.2,1288.9,2550
2026-03-09 14:37:00,1288.9,1289.4,1288.1,1288.2,647
2026-03-09 14:38:00,1288.2,1290.5,1288.2,1288.9,888
2026-03-09 14:39:00,1288.9,1290.4,1288.8,1290.4,1285
2026-03-09 14:40:00,1290.4,1290.7,1289.3,1290.4,691
2026-03-09 14:41:00,1289.5,1289.7,1288.3,1289.7,2884
2026-03-09 14:42:00,1289.7,1291.8,1289.7,1290.2,2098
2026-03-09 14:43:00,1291.1,1293.5,1290.7,1293.5,2304
2026-03-09 14:44:00,1293.5,1294.4,1292.2,1293.4,8301
2026-03-09 14:45:00,1293.4,1294.8,1292.5,1294.0,15593
2026-03-09 14:46:00,1294.1,1294.8,1293.3,1294.0,38404
2026-03-09 14:47:00,1294.0,1294.9,1293.4,1294.0,32129
2026-03-09 14:48:00,1294.8,1298.1,1294.6,1296.4,10992
2026-03-09 14:49:00,1296.4,1297.5,1295.1,1297.2,7303
2026-03-09 14:50:00,1296.2,1298.0,1296.1,1297.2,2401
2026-03-09 14:51:00,1297.2,1297.3,1296.3,1296.9,2608
2026-03-09 14:52:00,1296.6,1296.6,1293.4,1294.1,4875
2026-03-09 14:53:00,1294.4,1294.4,1293.2,1294.1,4371
2026-03-09 14:54:00,1294.7,1297.1,1294.0,1296.9,5329
2026-03-09 14:55:00,1296.9,1299.0,1295.9,1298.1,4086
2026-03-09 14:56:00,1298.1,1298.7,1296.8,1297.8,3861
2026-03-09 14:57:00,1297.8,1297.8,1295.4,1295.5,2741
2026-03-09 14:58:00,1295.5,1297.2,1295.2,1295.9,2303
2026-03-09 14:59:00,1295.9,1295.9,1294.7,1294.8,3115
2026-03-09 15:00:00,1295.3,1297.2,1292.4,1295.4,10336
2026-03-09 15:01:00,1295.3,1301.5,1294.9,1301.5,10224
2026-03-09 15:02:00,1301.5,1302.6,1300.8,1301.3,4735
2026-03-09 15:03:00,1301.3,1305.0,1301.3,1303.6,8236
2026-03-09 15:04:00,1303.8,1304.4,1302.4,1302.8,3876
2026-03-09 15:05:00,1302.8,1305.9,1302.1,1305.7,6701
2026-03-09 15:06:00,1305.9,1308.2,1305.7,1307.0,3562
2026-03-09 15:07:00,1308.0,1308.0,1305.2,1306.1,14985
2026-03-09 15:08:00,1306.6,1306.7,1305.2,1306.3,2827
2026-03-09 15:09:00,1306.3,1308.1,1306.0,1307.1,4483
2026-03-09 15:10:00,1306.0,1307.4,1304.0,1306.8,8077
2026-03-09 15:11:00,1306.8,1308.8,1306.8,1307.5,4723
2026-03-09 15:12:00,1307.5,1309.9,1307.5,1309.3,2585
2026-03-09 15:13:00,1309.3,1310.8,1307.8,1308.2,5732
2026-03-09 15:14:00,1309.2,1310.0,1306.5,1310.0,5666
2026-03-09 15:15:00,1310.0,1310.7,1309.1,1309.7,1535
2026-03-09 15:16:00,1309.9,1310.0,1308.1,1309.8,1660
2026-03-09 15:17:00,1310.0,1310.7,1309.0,1309.2,2019
2026-03-09 15:18:00,1309.0,1309.2,1307.6,1308.2,2466
2026-03-09 15:19:00,1308.2,1309.2,1308.2,1308.8,1329
2026-03-09 15:20:00,1309.2,1309.2,1306.0,1307.2,3136
2026-03-09 15:21:00,1307.2,1307.2,1304.1,1305.1,4946
2026-03-09 15:22:00,1305.1,1306.0,1304.1,1305.9,3563
2026-03-09 15:23:00,1305.9,1307.0,1305.2,1307.0,3688
2026-03-09 15:24:00,1307.0,1307.0,1305.0,1306.4,1537
2026-03-09 15:25:00,1306.4,1306.4,1302.8,1304.4,2767
2026-03-09 15:26:00,1304.9,1304.9,1303.4,1304.1,2096
2026-03-09 15:27:00,1304.1,1305.3,1304.1,1305.0,3590
2026-03-09 15:28:00,1305.0,1306.0,1305.0,1305.0,1209
2026-03-09 15:29:00,1304.3,1306.0,1300.5,1304.6,2036
2026-03-10 09:15:00,1330.0,1340.0,1318.3,1320.5,8229
2026-03-10 09:16:00,1321.1,1321.9,1316.8,1320.9,4026
2026-03-10 09:17:00,1319.9,1322.6,1319.4,1320.9,2258
2026-03-10 09:18:00,1320.9,1322.2,1320.1,1320.2,1415
2026-03-10 09:19:00,1320.2,1321.7,1320.2,1321.7,1661
2026-03-10 09:20:00,1321.7,1322.5,1320.0,1321.7,1530
2026-03-10 09:21:00,1321.1,1321.5,1319.0,1320.7,1212
2026-03-10 09:22:00,1320.3,1322.0,1319.1,1320.8,730
2026-03-10 09:23:00,1320.8,1320.8,1319.2,1320.0,293
2026-03-10 09:24:00,1319.3,1319.5,1316.0,1316.0,1244
2026-03-10 09:25:00,1316.5,1317.0,1316.4,1317.0,423
2026-03-10 09:26:00,1316.9,1316.9,1316.0,1316.0,492
2026-03-10 09:27:00,1316.0,1316.2,1312.0,1313.8,1817
2026-03-10 09:28:00,1313.7,1315.0,1313.6,1314.5,2788
2026-03-10 09:29:00,1313.7,1316.1,1313.7,1314.9,1671
2026-03-10 09:30:00,1314.9,1314.9,1311.1,1312.4,708
2026-03-10 09:31:00,1312.4,1312.4,1309.6,1309.6,5733
2026-03-10 09:32:00,1308.9,1309.0,1307.6,1307.6,1156
2026-03-10 09:33:00,1308.2,1308.3,1307.5,1308.3,863
2026-03-10 09:34:00,1307.7,1308.2,1307.0,1307.6,4085
2026-03-10 09:35:00,1307.6,1309.2,1306.0,1308.1,2190
2026-03-10 09:36:00,1308.4,1308.9,1307.0,1307.1,435
2026-03-10 09:37:00,1307.2,1308.9,1307.2,1308.8,510
2026-03-10 09:38:00,1308.4,1308.8,1307.7,1307.7,365
2026-03-10 09:39:00,1307.7,1307.7,1306.7,1306.7,269
2026-03-10 09:40:00,1306.7,1311.4,1306.7,1311.4,3828
2026-03-10 09:41:00,1311.0,1311.0,1307.5,1308.1,1194
2026-03-10 09:42:00,1308.1,1310.2,1307.9,1310.2,2209
2026-03-10 09:43:00,1311.5,1312.1,1309.4,1309.4,2464
2026-03-10 09:44:00,1309.4,1312.1,1309.3,1312.0,649
2026-03-10 09:45:00,1312.0,1313.8,1311.6,1313.2,1878
2026-03-10 09:46:00,1313.2,1315.6,1313.2,1315.5,956
2026-03-10 09:47:00,1315.5,1316.2,1313.0,1313.0,1810
2026-03-10 09:48:00,1313.0,1313.2,1312.6,1313.0,798
2026-03-10 09:49:00,1313.0,1313.4,1312.4,1313.2,426
2026-03-10 09:50:00,1313.2,1313.3,1311.4,1311.6,297
2026-03-10 09:51:00,1311.6,1311.6,1310.0,1310.5,160
2026-03-10 09:52:00,1310.5,1310.5,1308.9,1308.9,244
2026-03-10 09:53:00,1308.9,1310.1,1308.9,1309.6,436
2026-03-10 09:54:00,1309.1,1309.2,1309.1,1309.2,125
2026-03-10 09:55:00,1309.2,1309.2,1307.4,1307.6,75
2026-03-10 09:56:00,1307.5,1307.5,1306.1,1306.1,381
2026-03-10 09:57:00,1306.6,1306.6,1305.9,1306.0,1135
2026-03-10 09:58:00,1305.7,1305.9,1305.2,1305.9,103
2026-03-10 09:59:00,1305.9,1308.3,1305.6,1307.0,693
2026-03-10 10:00:00,1307.0,1307.6,1307.0,1307.6,977
2026-03-10 10:01:00,1307.6,1310.6,1307.4,1310.6,203
2026-03-10 10:02:00,1310.6,1310.9,1309.1,1310.9,444
2026-03-10 10:03:00,1310.6,1310.6,1309.7,1309.7,114
2026-03-10 10:04:00,1309.0,1309.5,1307.6,1309.5,345
2026-03-10 10:05:00,1309.4,1310.3,1309.4,1309.4,226
2026-03-10 10:06:00,1309.3,1310.0,1309.3,1309.6,199
2026-03-10 10:07:00,1309.4,1309.6,1309.2,1309.3,644
2026-03-10 10:08:00,1309.3,1311.1,1309.3,1311.0,810
2026-03-10 10:09:00,1311.0,1311.0,1309.8,1309.8,464
2026-03-10 10:10:00,1309.8,1310.6,1309.8,1310.3,96
2026-03-10 10:11:00,1310.3,1310.3,1309.9,1310.3,69
2026-03-10 10:12:00,1310.3,1310.9,1310.0,1310.5,2128
2026-03-10 10:13:00,1310.5,1311.7,1310.2,1311.5,1146
2026-03-10 10:14:00,1311.5,1315.3,1311.5,1313.7,1472
2026-03-10 10:15:00,1313.7,1318.5,1313.7,1317.9,1931
2026-03-10 10:16:00,1317.9,1318.2,1317.2,1317.3,724
2026-03-10 10:17:00,1317.3,1317.7,1316.9,1317.7,1519
2026-03-10 10:18:00,1317.7,1317.7,1317.0,1317.0,24
2026-03-10 10:19:00,1317.0,1317.5,1317.0,1317.4,7
2026-03-10 10:20:00,1317.4,1317.8,1316.4,1316.9,319
2026-03-10 10:21:00,1316.9,1316.9,1314.4,1314.4,2220
2026-03-10 10:22:00,1314.4,1314.6,1313.3,1313.4,320
2026-03-10 10:23:00,1313.4,1314.0,1313.0,1313.6,2028
2026-03-10 10:24:00,1313.5,1315.0,1313.1,1315.0,288
2026-03-10 10:25:00,1315.0,1315.0,1314.6,1314.6,7
2026-03-10 10:26:00,1314.6,1314.7,1314.1,1314.7,129
2026-03-10 10:27:00,1314.7,1314.7,1314.7,1314.7,54
2026-03-10 10:28:00,1314.7,1315.3,1314.3,1315.3,368
2026-03-10 10:29:00,1315.2,1315.8,1314.6,1314.6,329
2026-03-10 10:30:00,1313.9,1314.7,1313.9,1314.4,101
2026-03-10 10:31:00,1314.4,1314.4,1313.9,1314.4,26
2026-03-10 10:32:00,1314.4,1314.4,1314.4,1314.4,70
2026-03-10 10:33:00,1314.4,1314.4,1314.0,1314.3,55
2026-03-10 10:34:00,1314.3,1314.3,1314.2,1314.2,447
2026-03-10 10:35:00,1314.8,1314.8,1314.2,1314.7,93
2026-03-10 10:36:00,1314.7,1314.7,1314.3,1314.3,58
2026-03-10 10:37:00,1314.3,1314.7,1314.3,1314.7,59
2026-03-10 10:38:00,1314.7,1314.7,1313.0,1313.0,282
2026-03-10 10:39:00,1313.0,1313.4,1312.4,1312.9,560
2026-03-10 10:40:00,1312.5,1317.4,1312.5,1317.4,1658
2026-03-10 10:41:00,1317.6,1317.6,1316.7,1316.7,1004
2026-03-10 10:42:00,1316.7,1319.8,1316.7,1319.1,1150
2026-03-10 10:43:00,1319.1,1319.3,1318.5,1319.1,380
2026-03-10 10:44:00,1319.1,1319.1,1318.7,1318.9,230
2026-03-10 10:45:00,1319.1,1321.0,1318.9,1321.0,451
2026-03-10 10:46:00,1321.0,1321.1,1320.6,1320.6,539
2026-03-10 10:47:00,1320.6,1322.8,1320.6,1322.1,1553
2026-03-10 10:48:00,1322.1,1322.8,1322.1,1322.2,201
2026-03-10 10:49:00,1322.2,1322.2,1321.6,1321.6,855
2026-03-10 10:50:00,1323.5,1325.0,1322.5,1324.4,2361
2026-03-10 10:51:00,1324.4,1325.0,1324.2,1324.2,1722
2026-03-10 10:52:00,1324.0,1324.0,1321.8,1321.8,1000
2026-03-10 10:53:00,1322.3,1322.3,1318.9,1319.7,3760
2026-03-10 10:54:00,1319.6,1319.7,1319.1,1319.7,266
2026-03-10 10:55:00,1319.7,1320.3,1319.5,1319.7,1628
2026-03-10 10:56:00,1319.7,1320.1,1318.6,1319.4,521
2026-03-10 10:57:00,1319.4,1319.5,1318.9,1319.5,83
2026-03-10 10:58:00,1319.5,1319.5,1318.9,1319.4,34
2026-03-10 10:59:00,1319.4,1319.4,1318.8,1318.8,86
2026-03-10 11:00:00,1318.8,1319.4,1318.8,1319.4,207
2026-03-10 11:01:00,1319.4,1321.1,1319.1,1319.4,849
2026-03-10 11:02:00,1319.4,1319.4,1318.5,1318.5,187
2026-03-10 11:03:00,1318.5,1318.5,1318.4,1318.4,7
2026-03-10 11:04:00,1318.4,1318.8,1318.2,1318.8,438
2026-03-10 11:05:00,1318.8,1321.4,1318.8,1321.4,1448
2026-03-10 11:06:00,1321.4,1322.0,1321.3,1322.0,348
2026-03-10 11:07:00,1322.0,1323.6,1320.4,1323.6,869
2026-03-10 11:08:00,1323.6,1324.7,1323.4,1323.8,2373
2026-03-10 11:09:00,1323.8,1325.9,1323.5,1325.7,127
2026-03-10 11:10:00,1325.7,1325.8,1325.2,1325.7,119
2026-03-10 11:11:00,1325.7,1325.7,1325.4,1325.4,165
2026-03-10 11:12:00,1325.4,1327.7,1325.4,1327.5,537
2026-03-10 11:13:00,1327.5,1327.6,1326.6,1327.6,321
2026-03-10 11:14:00,1327.6,1327.6,1326.8,1327.3,97
2026-03-10 11:15:00,1327.3,1328.5,1327.0,1328.0,1182
2026-03-10 11:16:00,1326.8,1327.6,1326.8,1327.6,1085
2026-03-10 11:17:00,1327.6,1327.6,1326.5,1327.2,1479
2026-03-10 11:18:00,1326.6,1326.6,1324.3,1324.9,975
2026-03-10 11:19:00,1324.9,1324.9,1323.6,1323.6,586
2026-03-10 11:20:00,1323.6,1325.0,1323.3,1325.0,694
2026-03-10 11:21:00,1325.0,1326.4,1325.0,1326.3,116
2026-03-10 11:22:00,1326.3,1326.3,1326.3,1326.3,21
2026-03-10 11:23:00,1326.3,1326.3,1324.4,1324.4,130
2026-03-10 11:24:00,1324.4,1324.4,1324.3,1324.3,13
2026-03-10 11:25:00,1324.3,1324.3,1322.3,1322.3,991
2026-03-10 11:26:00,1322.3,1322.3,1321.4,1321.4,428
2026-03-10 11:27:00,1321.1,1321.8,1320.8,1321.7,296
2026-03-10 11:28:00,1321.7,1321.9,1321.7,1321.9,29
2026-03-10 11:29:00,1321.9,1322.2,1321.9,1322.2,69
2026-03-10 11:30:00,1322.2,1323.2,1322.2,1323.1,54
2026-03-10 11:31:00,1323.1,1323.1,1322.4,1322.4,346
2026-03-10 11:32:00,1322.4,1322.6,1322.1,1322.6,14
2026-03-10 11:33:00,1322.9,1323.0,1322.6,1323.0,456
2026-03-10 11:34:00,1323.0,1323.0,1322.7,1322.7,121
2026-03-10 11:35:00,1323.7,1324.5,1323.7,1324.5,1
2026-03-10 11:36:00,1324.5,1324.5,1323.8,1323.8,435
2026-03-10 11:37:00,1323.8,1323.8,1323.6,1323.6,2
2026-03-10 11:38:00,1323.6,1323.6,1323.1,1323.5,88
2026-03-10 11:39:00,1323.5,1323.5,1323.5,1323.5,54
2026-03-10 11:40:00,1323.5,1323.5,1323.5,1323.5,702
2026-03-10 11:41:00,1323.5,1323.5,1323.4,1323.5,195
2026-03-10 11:42:00,1323.5,1323.5,1323.3,1323.4,248
2026-03-10 11:43:00,1323.3,1323.3,1323.0,1323.3,120
2026-03-10 11:44:00,1323.3,1323.3,1323.0,1323.3,5
2026-03-10 11:45:00,1323.3,1324.5,1323.2,1323.9,569
2026-03-10 11:46:00,1323.9,1323.9,1323.7,1323.7,106
2026-03-10 11:47:00,1323.7,1323.7,1322.9,1322.9,488
2026-03-10 11:48:00,1322.9,1322.9,1321.9,1321.9,137
2026-03-10 11:49:00,1321.9,1321.9,1320.2,1320.2,235
2026-03-10 11:50:00,1320.2,1320.2,1318.8,1319.5,141
2026-03-10 11:51:00,1319.5,1319.5,1318.8,1318.8,218
2026-03-10 11:52:00,1318.8,1319.8,1318.8,1319.8,181
2026-03-10 11:53:00,1319.8,1319.8,1319.8,1319.8,7
2026-03-10 11:54:00,1319.8,1320.0,1319.8,1320.0,35
2026-03-10 11:55:00,1320.6,1320.9,1320.6,1320.9,22
2026-03-10 11:56:00,1320.9,1321.8,1320.9,1321.0,171
2026-03-10 11:57:00,1321.0,1321.4,1321.0,1321.0,17
2026-03-10 11:58:00,1321.0,1323.4,1321.0,1322.5,442
2026-03-10 11:59:00,1322.5,1323.1,1322.5,1323.1,4
2026-03-10 12:00:00,1323.1,1323.1,1321.6,1321.6,120
2026-03-10 12:01:00,1321.6,1322.7,1321.6,1322.7,120
2026-03-10 12:02:00,1322.7,1322.7,1322.1,1322.1,192
2026-03-10 12:03:00,1322.1,1322.1,1322.1,1322.1,0
2026-03-10 12:04:00,1322.1,1322.1,1321.7,1321.7,257
2026-03-10 12:05:00,1321.7,1321.9,1321.2,1321.9,357
2026-03-10 12:06:00,1321.9,1322.2,1321.9,1322.2,21
2026-03-10 12:07:00,1322.2,1323.1,1322.2,1322.6,107
2026-03-10 12:08:00,1322.6,1323.0,1322.6,1323.0,17
2026-03-10 12:09:00,1323.0,1323.0,1322.6,1322.6,292
2026-03-10 12:10:00,1322.6,1322.6,1321.3,1322.4,55
2026-03-10 12:11:00,1322.4,1322.9,1321.6,1321.7,560
2026-03-10 12:12:00,1321.7,1322.4,1319.0,1319.9,1776
2026-03-10 12:13:00,1319.9,1319.9,1318.3,1318.3,74
2026-03-10 12:14:00,1318.3,1318.5,1317.4,1317.4,169
2026-03-10 12:15:00,1317.4,1317.4,1315.0,1317.3,2100
2026-03-10 12:16:00,1317.3,1320.1,1317.3,1320.1,2244
2026-03-10 12:17:00,1320.1,1320.1,1319.0,1319.1,386
2026-03-10 12:18:00,1319.1,1319.5,1318.6,1318.6,508
2026-03-10 12:19:00,1318.3,1318.5,1317.0,1318.5,2754
2026-03-10 12:20:00,1318.5,1318.5,1318.0,1318.0,10
2026-03-10 12:21:00,1318.0,1318.0,1317.4,1317.4,47
2026-03-10 12:22:00,1317.4,1317.4,1315.4,1315.4,127
2026-03-10 12:23:00,1315.4,1315.4,1314.0,1314.0,1332
2026-03-10 12:24:00,1314.0,1314.7,1313.1,1313.8,309
2026-03-10 12:25:00,1313.8,1315.1,1313.2,1315.1,252
2026-03-10 12:26:00,1315.1,1315.2,1315.1,1315.2,21
2026-03-10 12:27:00,1315.2,1315.2,1314.3,1314.3,6
2026-03-10 12:28:00,1314.3,1315.7,1314.3,1315.7,90
2026-03-10 12:29:00,1315.7,1315.8,1314.8,1314.8,365
2026-03-10 12:30:00,1314.8,1316.8,1314.8,1316.6,973
2026-03-10 12:31:00,1316.6,1317.0,1316.6,1317.0,135
2026-03-10 12:32:00,1317.0,1317.0,1316.3,1317.0,105
2026-03-10 12:33:00,1317.0,1317.0,1316.1,1316.4,77
2026-03-10 12:34:00,1316.4,1316.8,1316.4,1316.8,8
2026-03-10 12:35:00,1316.8,1319.1,1316.8,1319.1,1358
2026-03-10 12:36:00,1319.1,1319.1,1317.8,1318.7,61
2026-03-10 12:37:00,1318.7,1318.9,1318.5,1318.5,530
2026-03-10 12:38:00,1318.5,1318.8,1318.5,1318.8,17
2026-03-10 12:39:00,1318.8,1318.8,1318.0,1318.0,3749
2026-03-10 12:40:00,1318.0,1318.1,1317.0,1318.1,892
2026-03-10 12:41:00,1318.1,1318.5,1318.1,1318.5,2
2026-03-10 12:42:00,1318.5,1318.5,1318.5,1318.5,235
2026-03-10 12:43:00,1318.5,1319.2,1318.5,1319.2,130
2026-03-10 12:44:00,1318.6,1318.6,1317.9,1317.9,151
2026-03-10 12:45:00,1317.9,1318.2,1317.5,1318.2,323
2026-03-10 12:46:00,1318.2,1319.2,1318.2,1319.2,413
2026-03-10 12:47:00,1319.2,1319.8,1319.2,1319.8,76
2026-03-10 12:48:00,1319.8,1319.8,1319.5,1319.8,170
2026-03-10 12:49:00,1319.8,1319.9,1319.8,1319.9,357
2026-03-10 12:50:00,1320.6,1321.8,1320.4,1321.8,469
2026-03-10 12:51:00,1322.1,1322.6,1322.0,1322.1,480
2026-03-10 12:52:00,1322.1,1322.2,1321.4,1321.7,209
2026-03-10 12:53:00,1322.2,1322.2,1320.8,1320.8,37
2026-03-10 12:54:00,1320.8,1321.0,1320.8,1321.0,289
2026-03-10 12:55:00,1321.0,1321.4,1321.0,1321.4,227
2026-03-10 12:56:00,1321.4,1322.2,1321.4,1322.2,2292
2026-03-10 12:57:00,1322.2,1322.7,1322.2,1322.7,121
2026-03-10 12:58:00,1322.7,1322.7,1320.8,1320.8,474
2026-03-10 12:59:00,1320.8,1321.1,1319.2,1320.0,256
2026-03-10 13:00:00,1320.0,1320.0,1319.5,1320.0,153
2026-03-10 13:01:00,1320.0,1321.0,1320.0,1321.0,249
2026-03-10 13:02:00,1320.7,1320.7,1318.9,1319.3,91
2026-03-10 13:03:00,1319.9,1319.9,1319.1,1319.1,631
2026-03-10 13:04:00,1319.1,1319.1,1316.9,1316.9,1076
2026-03-10 13:05:00,1316.9,1316.9,1314.9,1314.9,175
2026-03-10 13:06:00,1315.8,1315.9,1314.9,1314.9,642
2026-03-10 13:07:00,1314.9,1315.0,1314.6,1314.6,211
2026-03-10 13:08:00,1314.6,1315.0,1314.6,1314.6,105
2026-03-10 13:09:00,1314.6,1315.6,1314.6,1315.6,531
2026-03-10 13:10:00,1315.6,1315.7,1315.4,1315.6,68
2026-03-10 13:11:00,1315.6,1315.6,1315.4,1315.5,17
2026-03-10 13:12:00,1315.5,1316.5,1315.5,1316.5,161
2026-03-10 13:13:00,1316.5,1316.5,1316.0,1316.5,7
2026-03-10 13:14:00,1316.5,1316.5,1314.7,1315.1,1405
2026-03-10 13:15:00,1315.1,1315.1,1315.1,1315.1,324
2026-03-10 13:16:00,1315.1,1315.4,1314.6,1314.6,389
2026-03-10 13:17:00,1314.6,1314.6,1314.4,1314.4,917
2026-03-10 13:18:00,1314.4,1315.3,1314.4,1315.3,190
2026-03-10 13:19:00,1315.3,1315.4,1315.3,1315.4,52
2026-03-10 13:20:00,1315.4,1315.5,1315.4,1315.4,80
2026-03-10 13:21:00,1315.4,1315.4,1315.0,1315.4,65
2026-03-10 13:22:00,1315.4,1315.4,1314.2,1314.3,633
2026-03-10 13:23:00,1314.3,1314.3,1313.4,1313.9,1014
2026-03-10 13:24:00,1313.9,1314.3,1313.9,1313.9,300
2026-03-10 13:25:00,1313.5,1313.8,1313.5,1313.5,17
2026-03-10 13:26:00,1313.5,1313.7,1313.5,1313.6,74
2026-03-10 13:27:00,1313.6,1313.6,1308.1,1309.4,7365
2026-03-10 13:28:00,1309.4,1311.2,1309.4,1311.2,1040
2026-03-10 13:29:00,1311.2,1312.0,1311.2,1311.5,178
2026-03-10 13:30:00,1311.5,1311.6,1311.5,1311.6,64
2026-03-10 13:31:00,1311.2,1311.5,1311.1,1311.5,78
2026-03-10 13:32:00,1311.5,1311.5,1311.5,1311.5,14
2026-03-10 13:33:00,1311.5,1311.5,1309.6,1310.5,949
2026-03-10 13:34:00,1310.5,1310.5,1310.0,1310.0,4
2026-03-10 13:35:00,1310.0,1311.8,1310.0,1311.1,234
2026-03-10 13:36:00,1311.1,1312.3,1309.8,1309.8,582
2026-03-10 13:37:00,1309.8,1310.7,1309.6,1310.2,280
2026-03-10 13:38:00,1310.2,1311.4,1310.2,1311.4,227
2026-03-10 13:39:00,1311.6,1311.6,1311.1,1311.2,124
2026-03-10 13:40:00,1311.3,1311.3,1311.1,1311.1,232
2026-03-10 13:41:00,1311.1,1311.1,1311.0,1311.0,323
2026-03-10 13:42:00,1311.0,1311.0,1310.2,1310.5,32
2026-03-10 13:43:00,1310.5,1310.5,1309.9,1309.9,562
2026-03-10 13:44:00,1309.9,1310.6,1309.9,1310.6,481
2026-03-10 13:45:00,1310.4,1310.6,1310.4,1310.6,219
2026-03-10 13:46:00,1310.5,1311.2,1310.5,1311.2,221
2026-03-10 13:47:00,1311.2,1311.7,1311.2,1311.6,100
2026-03-10 13:48:00,1311.6,1311.7,1310.8,1310.8,344
2026-03-10 13:49:00,1310.8,1311.5,1310.8,1311.0,31
2026-03-10 13:50:00,1311.0,1311.6,1311.0,1311.6,276
2026-03-10 13:51:00,1311.6,1311.6,1311.2,1311.2,78
2026-03-10 13:52:00,1311.2,1311.8,1311.2,1311.8,615
2026-03-10 13:53:00,1311.8,1312.0,1311.2,1311.2,719
2026-03-10 13:54:00,1311.2,1311.6,1311.2,1311.5,58
2026-03-10 13:55:00,1311.5,1311.5,1311.3,1311.3,286
2026-03-10 13:56:00,1311.2,1311.2,1309.5,1309.5,927
2026-03-10 13:57:00,1309.5,1309.6,1309.2,1309.2,1273
2026-03-10 13:58:00,1309.2,1309.6,1308.0,1308.3,938
2026-03-10 13:59:00,1308.3,1308.3,1307.1,1307.1,461
2026-03-10 14:00:00,1307.0,1307.0,1306.5,1306.8,89
2026-03-10 14:01:00,1306.8,1306.8,1306.1,1306.3,464
2026-03-10 14:02:00,1306.0,1307.4,1306.0,1307.4,4285
2026-03-10 14:03:00,1307.4,1307.4,1306.3,1306.3,327
2026-03-10 14:04:00,1306.3,1306.6,1305.7,1306.0,282
2026-03-10 14:05:00,1305.1,1305.4,1305.0,1305.4,2641
2026-03-10 14:06:00,1305.4,1305.6,1305.0,1305.3,2397
2026-03-10 14:07:00,1305.3,1305.3,1305.0,1305.0,2050
2026-03-10 14:08:00,1305.0,1305.7,1305.0,1305.7,614
2026-03-10 14:09:00,1306.7,1306.7,1305.6,1305.6,1098
2026-03-10 14:10:00,1305.6,1308.0,1304.7,1308.0,12774
2026-03-10 14:11:00,1308.0,1308.0,1306.2,1308.0,2339
2026-03-10 14:12:00,1308.0,1308.0,1306.2,1306.2,379
2026-03-10 14:13:00,1306.2,1306.9,1306.2,1306.8,685
2026-03-10 14:14:00,1306.9,1307.1,1306.8,1307.1,797
2026-03-10 14:15:00,1307.1,1307.4,1307.0,1307.4,305
2026-03-10 14:16:00,1307.0,1307.0,1306.4,1306.4,1039
2026-03-10 14:17:00,1306.5,1306.5,1306.1,1306.3,205
2026-03-10 14:18:00,1306.3,1306.3,1306.1,1306.1,152
2026-03-10 14:19:00,1306.1,1306.2,1306.0,1306.1,184
2026-03-10 14:20:00,1306.1,1306.1,1305.9,1305.9,633
2026-03-10 14:21:00,1305.9,1305.9,1304.0,1304.0,161248
2026-03-10 14:22:00,1304.0,1304.0,1302.7,1303.1,784
2026-03-10 14:23:00,1303.1,1303.4,1302.9,1302.9,379
2026-03-10 14:24:00,1302.9,1303.2,1302.8,1303.2,794
2026-03-10 14:25:00,1303.2,1304.0,1303.2,1303.3,277
2026-03-10 14:26:00,1303.3,1304.0,1302.1,1302.1,547
2026-03-10 14:27:00,1302.1,1302.2,1301.7,1301.7,483
2026-03-10 14:28:00,1301.3,1301.4,1301.0,1301.4,161
2026-03-10 14:29:00,1301.4,1302.1,1301.3,1301.8,602
2026-03-10 14:30:00,1301.8,1302.1,1301.5,1301.7,422
2026-03-10 14:31:00,1301.7,1302.1,1301.7,1302.0,661
2026-03-10 14:32:00,1302.0,1302.2,1301.6,1301.8,487
2026-03-10 14:33:00,1301.8,1301.8,1300.0,1300.1,3504
2026-03-10 14:34:00,1300.1,1301.4,1300.0,1300.2,738
2026-03-10 14:35:00,1300.2,1300.8,1300.1,1300.3,95
2026-03-10 14:36:00,1300.3,1300.8,1300.2,1300.8,1033
2026-03-10 14:37:00,1300.8,1301.8,1300.8,1301.8,322
2026-03-10 14:38:00,1301.8,1301.8,1301.2,1301.6,365
2026-03-10 14:39:00,1301.6,1301.6,1301.1,1301.5,352
2026-03-10 14:40:00,1301.5,1301.5,1300.7,1300.7,653
2026-03-10 14:41:00,1300.8,1300.8,1300.6,1300.6,367
2026-03-10 14:42:00,1300.6,1303.0,1300.6,1303.0,1971
2026-03-10 14:43:00,1303.0,1304.3,1301.4,1303.0,13023
2026-03-10 14:44:00,1303.0,1306.0,1303.0,1305.3,156684
2026-03-10 14:45:00,1305.3,1306.4,1305.3,1306.4,340
2026-03-10 14:46:00,1306.4,1306.7,1306.4,1306.7,212
2026-03-10 14:47:00,1306.8,1307.6,1305.6,1307.6,4291
2026-03-10 14:48:00,1307.6,1310.0,1306.1,1309.9,3805
2026-03-10 14:49:00,1309.9,1311.1,1309.9,1311.1,2715
2026-03-10 14:50:00,1311.0,1311.1,1308.7,1311.0,4143
2026-03-10 14:51:00,1311.0,1311.9,1311.0,1311.7,2568
2026-03-10 14:52:00,1311.5,1311.5,1309.0,1309.8,2407
2026-03-10 14:53:00,1309.8,1310.3,1309.8,1309.9,433
2026-03-10 14:54:00,1311.0,1311.9,1310.6,1311.9,1230
2026-03-10 14:55:00,1311.5,1311.5,1310.2,1310.3,1542
2026-03-10 14:56:00,1310.3,1310.3,1309.3,1309.3,635
2026-03-10 14:57:00,1309.3,1310.0,1309.3,1309.9,1800
2026-03-10 14:58:00,1312.1,1312.1,1309.7,1310.2,2248
2026-03-10 14:59:00,1310.2,1310.4,1309.9,1310.3,2088
2026-03-10 15:00:00,1310.3,1310.3,1307.7,1307.7,3295
2026-03-10 15:01:00,1307.8,1308.2,1307.0,1307.0,2078
2026-03-10 15:02:00,1306.3,1307.1,1305.4,1306.2,2846
2026-03-10 15:03:00,1306.2,1308.4,1306.2,1308.4,2394
2026-03-10 15:04:00,1308.4,1308.9,1307.0,1307.5,1284
2026-03-10 15:05:00,1307.9,1307.9,1306.0,1306.3,1875
2026-03-10 15:06:00,1306.3,1307.6,1305.9,1307.1,1522
2026-03-10 15:07:00,1306.8,1307.0,1306.5,1306.8,1643
2026-03-10 15:08:00,1307.0,1307.5,1307.0,1307.4,574
2026-03-10 15:09:00,1307.4,1307.4,1307.0,1307.0,770
2026-03-10 15:10:00,1307.1,1307.1,1305.6,1306.1,2356
2026-03-10 15:11:00,1306.0,1308.0,1306.0,1307.2,1502
2026-03-10 15:12:00,1307.2,1307.9,1304.1,1304.1,3334
2026-03-10 15:13:00,1304.0,1304.8,1303.5,1303.8,13393
2026-03-10 15:14:00,1303.8,1303.9,1301.5,1302.1,14108
2026-03-10 15:15:00,1302.5,1304.1,1302.2,1303.4,12111
2026-03-10 15:16:00,1304.0,1307.7,1303.7,1307.7,25544
2026-03-10 15:17:00,1307.7,1307.8,1305.2,1306.1,17805
2026-03-10 15:18:00,1306.1,1307.4,1305.5,1307.4,7211
2026-03-10 15:19:00,1307.4,1308.9,1304.4,1307.4,35364
2026-03-10 15:20:00,1307.4,1309.8,1305.2,1308.1,13612
2026-03-10 15:21:00,1307.5,1311.2,1307.5,1311.1,7323
2026-03-10 15:22:00,1311.1,1311.1,1307.4,1307.4,7481
2026-03-10 15:23:00,1307.3,1309.8,1306.3,1309.3,12208
2026-03-10 15:24:00,1309.1,1312.1,1308.7,1312.1,9972
2026-03-10 15:25:00,1310.8,1315.7,1310.8,1313.8,8151
2026-03-10 15:26:00,1313.8,1317.0,1312.8,1312.9,6842
2026-03-10 15:27:00,1312.9,1314.9,1311.2,1311.9,7081
2026-03-10 15:28:00,1311.8,1315.4,1311.8,1314.4,1871
2026-03-10 15:29:00,1314.5,1319.3,1313.6,1319.0,1833
2026-03-11 09:15:00,1315.0,1317.7,1306.1,1312.3,7282
2026-03-11 09:16:00,1312.3,1313.2,1306.7,1306.7,12624
2026-03-11 09:17:00,1306.7,1309.9,1305.0,1309.9,1278
2026-03-11 09:18:00,1310.5,1316.6,1310.4,1316.6,2498
2026-03-11 09:19:00,1316.6,1317.8,1315.0,1317.5,792
2026-03-11 09:20:00,1316.9,1320.5,1316.9,1320.5,575
2026-03-11 09:21:00,1320.5,1320.9,1316.6,1317.9,1056
2026-03-11 09:22:00,1317.9,1318.5,1317.4,1317.5,677
2026-03-11 09:23:00,1317.5,1319.0,1317.5,1317.6,903
2026-03-11 09:24:00,1317.6,1318.1,1315.8,1316.6,563
2026-03-11 09:25:00,1316.6,1317.9,1316.1,1316.4,621
2026-03-11 09:26:00,1316.4,1316.4,1313.5,1314.8,385
2026-03-11 09:27:00,1314.8,1317.0,1313.7,1317.0,640
2026-03-11 09:28:00,1317.0,1319.5,1317.0,1318.9,484
2026-03-11 09:29:00,1318.9,1320.3,1311.1,1311.7,2609
2026-03-11 09:30:00,1311.7,1312.2,1308.6,1308.6,1500
2026-03-11 09:31:00,1308.6,1311.2,1308.5,1311.2,1875
2026-03-11 09:32:00,1311.2,1313.8,1311.0,1312.3,3706
2026-03-11 09:33:00,1312.3,1315.5,1311.9,1314.1,2933
2026-03-11 09:34:00,1314.1,1316.4,1312.7,1315.7,2460
2026-03-11 09:35:00,1315.7,1317.2,1313.2,1314.1,2814
2026-03-11 09:36:00,1314.1,1314.8,1312.3,1312.3,1330
2026-03-11 09:37:00,1312.3,1313.7,1311.2,1311.8,2604
2026-03-11 09:38:00,1311.8,1312.5,1311.0,1311.2,1120
2026-03-11 09:39:00,1311.8,1313.6,1311.2,1313.0,860
2026-03-11 09:40:00,1313.0,1313.3,1311.8,1312.1,1101
2026-03-11 09:41:00,1312.1,1315.9,1312.1,1313.5,2152
2026-03-11 09:42:00,1313.5,1313.5,1312.9,1313.0,715
2026-03-11 09:43:00,1313.0,1314.0,1312.4,1313.4,613
2026-03-11 09:44:00,1313.4,1316.6,1312.9,1316.5,2004
2026-03-11 09:45:00,1316.3,1320.8,1315.7,1320.8,5153
2026-03-11 09:46:00,1320.8,1321.6,1319.1,1319.1,1629
2026-03-11 09:47:00,1319.9,1320.1,1318.3,1319.0,3576
2026-03-11 09:48:00,1319.0,1321.5,1318.5,1321.5,835
2026-03-11 09:49:00,1321.5,1324.4,1319.3,1323.7,5003
2026-03-11 09:50:00,1323.7,1324.6,1320.0,1320.0,2537
2026-03-11 09:51:00,1320.0,1320.8,1316.8,1318.0,3874
2026-03-11 09:52:00,1318.0,1318.4,1317.1,1317.1,1684
2026-03-11 09:53:00,1317.1,1317.5,1314.2,1314.8,1718
2026-03-11 09:54:00,1314.8,1316.4,1313.3,1314.3,3583
2026-03-11 09:55:00,1314.3,1317.0,1314.3,1315.9,4609
2026-03-11 09:56:00,1315.9,1315.9,1314.0,1315.5,1996
2026-03-11 09:57:00,1315.5,1316.7,1314.6,1316.0,668
2026-03-11 09:58:00,1316.0,1317.7,1314.1,1314.9,2832
2026-03-11 09:59:00,1314.6,1321.3,1314.4,1320.0,9232
2026-03-11 10:00:00,1320.0,1321.4,1319.0,1320.0,1683
2026-03-11 10:01:00,1320.0,1321.1,1320.0,1320.0,569
2026-03-11 10:02:00,1320.0,1321.7,1319.5,1320.9,2171
2026-03-11 10:03:00,1320.9,1322.1,1320.9,1321.4,1410
2026-03-11 10:04:00,1320.7,1321.2,1320.0,1320.0,680
2026-03-11 10:05:00,1320.0,1320.9,1319.7,1320.0,1818
2026-03-11 10:06:00,1319.4,1320.3,1319.3,1319.6,1148
2026-03-11 10:07:00,1319.6,1320.5,1319.6,1320.0,601
2026-03-11 10:08:00,1320.0,1320.2,1318.4,1320.0,11251
2026-03-11 10:09:00,1320.0,1320.0,1318.9,1320.0,5679
2026-03-11 10:10:00,1320.0,1320.1,1318.3,1320.0,22589
2026-03-11 10:11:00,1320.0,1320.1,1318.0,1320.0,32873
2026-03-11 10:12:00,1319.6,1320.0,1313.5,1313.8,19436
2026-03-11 10:13:00,1313.8,1313.8,1312.6,1313.1,1393
2026-03-11 10:14:00,1313.1,1313.1,1311.1,1311.3,986
2026-03-11 10:15:00,1311.3,1315.1,1311.0,1313.7,2145
2026-03-11 10:16:00,1313.7,1320.0,1311.3,1320.0,14381
2026-03-11 10:17:00,1320.0,1320.1,1319.0,1320.0,2015
2026-03-11 10:18:00,1320.0,1320.4,1319.1,1320.4,1889
2026-03-11 10:19:00,1320.4,1320.4,1319.3,1320.0,1154
2026-03-11 10:20:00,1320.0,1320.4,1318.2,1320.0,2997
2026-03-11 10:21:00,1320.0,1320.1,1319.3,1320.0,2379
2026-03-11 10:22:00,1320.0,1320.7,1320.0,1320.1,846
2026-03-11 10:23:00,1320.2,1320.5,1320.0,1320.0,1985
2026-03-11 10:24:00,1320.0,1320.1,1320.0,1320.1,685
2026-03-11 10:25:00,1320.1,1320.4,1319.9,1319.9,1760
2026-03-11 10:26:00,1319.9,1320.3,1319.5,1320.0,2316
2026-03-11 10:27:00,1320.0,1320.4,1319.7,1320.1,2123
2026-03-11 10:28:00,1320.0,1321.0,1320.0,1320.2,696
2026-03-11 10:29:00,1320.2,1320.8,1320.0,1320.3,853
2026-03-11 10:30:00,1320.3,1321.0,1320.0,1320.0,1025
2026-03-11 10:31:00,1320.0,1321.0,1320.0,1320.3,487
2026-03-11 10:32:00,1320.3,1320.4,1320.0,1320.2,457
2026-03-11 10:33:00,1320.2,1320.2,1320.0,1320.2,485
2026-03-11 10:34:00,1320.2,1320.2,1320.0,1320.0,521
2026-03-11 10:35:00,1320.0,1320.3,1319.2,1319.9,2505
2026-03-11 10:36:00,1320.0,1320.1,1318.9,1320.0,4572
2026-03-11 10:37:00,1320.0,1320.3,1319.3,1320.0,2086
2026-03-11 10:38:00,1320.0,1320.1,1318.4,1319.2,54861
2026-03-11 10:39:00,1318.7,1318.7,1309.0,1311.0,9303
2026-03-11 10:40:00,1311.0,1311.0,1307.1,1307.6,1403
2026-03-11 10:41:00,1307.6,1309.6,1307.1,1309.6,2281
2026-03-11 10:42:00,1309.1,1309.6,1305.7,1306.0,3644
2026-03-11 10:43:00,1306.1,1306.8,1300.6,1300.6,6090
2026-03-11 10:44:00,1300.6,1302.2,1300.5,1301.7,3569
2026-03-11 10:45:00,1301.7,1303.1,1301.4,1302.8,4225
2026-03-11 10:46:00,1302.8,1304.1,1302.2,1303.8,3405
2026-03-11 10:47:00,1303.8,1309.1,1302.8,1309.1,1896
2026-03-11 10:48:00,1309.1,1313.0,1309.1,1313.0,1716
2026-03-11 10:49:00,1313.0,1313.8,1311.8,1312.5,2957
2026-03-11 10:50:00,1312.5,1313.8,1312.1,1312.1,3019
2026-03-11 10:51:00,1312.1,1313.6,1311.8,1312.6,895
2026-03-11 10:52:00,1312.6,1313.9,1312.1,1313.1,1342
2026-03-11 10:53:00,1314.0,1315.0,1313.0,1314.6,1345
2026-03-11 10:54:00,1314.6,1315.9,1313.6,1315.1,1310
2026-03-11 10:55:00,1315.1,1315.9,1312.3,1313.2,1586
2026-03-11 10:56:00,1313.2,1314.4,1312.8,1313.9,777
2026-03-11 10:57:00,1313.9,1315.8,1313.5,1315.1,1199
2026-03-11 10:58:00,1313.2,1314.3,1309.7,1313.8,2287
2026-03-11 10:59:00,1313.8,1315.0,1313.1,1313.1,1021
2026-03-11 11:00:00,1313.1,1313.1,1310.2,1310.8,2386
2026-03-11 11:01:00,1310.8,1311.6,1310.1,1311.4,1003
2026-03-11 11:02:00,1311.4,1312.6,1310.8,1312.5,997
2026-03-11 11:03:00,1312.5,1314.5,1312.5,1314.5,1010
2026-03-11 11:04:00,1314.0,1316.0,1314.0,1315.8,1654
2026-03-11 11:05:00,1314.5,1315.5,1311.8,1311.9,2893
2026-03-11 11:06:00,1311.9,1312.3,1310.2,1311.4,1899
2026-03-11 11:07:00,1311.4,1311.4,1309.0,1310.3,1048
2026-03-11 11:08:00,1310.2,1310.9,1309.1,1310.1,1095
2026-03-11 11:09:00,1310.1,1310.2,1309.5,1309.7,775
2026-03-11 11:10:00,1309.6,1309.6,1308.2,1309.5,1783
2026-03-11 11:11:00,1309.2,1309.5,1308.7,1308.7,420
2026-03-11 11:12:00,1308.7,1309.4,1308.5,1308.5,690
2026-03-11 11:13:00,1308.4,1309.5,1307.0,1307.0,2009
2026-03-11 11:14:00,1307.0,1310.1,1306.7,1310.0,1691
2026-03-11 11:15:00,1310.0,1313.1,1310.0,1313.0,712
2026-03-11 11:16:00,1315.0,1315.0,1311.8,1311.8,455
2026-03-11 11:17:00,1311.5,1314.3,1311.5,1312.0,1432
2026-03-11 11:18:00,1312.0,1313.4,1311.8,1313.4,828
2026-03-11 11:19:00,1313.4,1315.0,1312.5,1315.0,585
2026-03-11 11:20:00,1315.1,1315.1,1313.2,1313.8,1076
2026-03-11 11:21:00,1313.8,1314.2,1312.9,1313.5,712
2026-03-11 11:22:00,1313.5,1313.8,1312.8,1313.0,1148
2026-03-11 11:23:00,1313.0,1313.5,1311.8,1311.8,504
2026-03-11 11:24:00,1311.8,1312.0,1311.0,1311.0,533
2026-03-11 11:25:00,1311.0,1311.4,1308.0,1309.1,3680
2026-03-11 11:26:00,1309.1,1309.5,1309.0,1309.5,1357
2026-03-11 11:27:00,1309.5,1310.7,1309.2,1310.7,674
2026-03-11 11:28:00,1310.7,1312.7,1310.7,1312.7,1396
2026-03-11 11:29:00,1312.7,1313.1,1312.2,1312.2,675
2026-03-11 11:30:00,1313.1,1313.1,1311.8,1312.1,802
2026-03-11 11:31:00,1311.8,1312.2,1310.4,1311.4,636
2026-03-11 11:32:00,1311.4,1312.0,1311.4,1311.5,673
2026-03-11 11:33:00,1311.5,1311.5,1310.1,1310.1,1231
2026-03-11 11:34:00,1310.1,1313.4,1310.1,1312.6,1121
2026-03-11 11:35:00,1312.6,1313.4,1308.7,1309.4,2165
2026-03-11 11:36:00,1309.4,1310.6,1305.0,1305.7,2919
2026-03-11 11:37:00,1305.7,1305.7,1304.2,1304.3,962
2026-03-11 11:38:00,1304.3,1305.9,1304.2,1304.9,1818
2026-03-11 11:39:00,1304.9,1307.1,1304.9,1306.9,927
2026-03-11 11:40:00,1304.8,1304.8,1304.2,1304.4,1320
2026-03-11 11:41:00,1304.4,1306.2,1304.4,1306.0,365
2026-03-11 11:42:00,1306.0,1306.0,1305.0,1305.1,461
2026-03-11 11:43:00,1305.1,1305.1,1303.2,1303.8,322
2026-03-11 11:44:00,1303.8,1303.8,1303.7,1303.7,27
2026-03-11 11:45:00,1303.7,1304.1,1303.7,1303.8,327
2026-03-11 11:46:00,1303.8,1304.4,1303.8,1304.4,40
2026-03-11 11:47:00,1304.4,1304.5,1302.9,1302.9,715
2026-03-11 11:48:00,1302.9,1302.9,1302.4,1302.5,92
2026-03-11 11:49:00,1302.5,1303.0,1302.2,1302.8,219
2026-03-11 11:50:00,1302.8,1304.0,1302.8,1303.1,732
2026-03-11 11:51:00,1303.1,1303.1,1300.0,1301.5,77220
2026-03-11 11:52:00,1301.4,1301.8,1299.0,1299.2,2866
2026-03-11 11:53:00,1299.2,1299.7,1297.6,1299.1,35601
2026-03-11 11:54:00,1299.1,1299.1,1298.0,1298.0,495
2026-03-11 11:55:00,1297.3,1298.3,1295.8,1295.8,1104
2026-03-11 11:56:00,1296.6,1296.6,1295.8,1295.8,249
2026-03-11 11:57:00,1295.8,1295.8,1292.6,1292.6,5366
2026-03-11 11:58:00,1292.6,1294.0,1292.5,1294.0,1900
2026-03-11 11:59:00,1294.0,1294.0,1293.0,1293.4,1003
2026-03-11 12:00:00,1293.4,1293.4,1290.0,1290.5,1057
2026-03-11 12:01:00,1290.5,1291.4,1290.4,1290.4,1404
2026-03-11 12:02:00,1290.0,1293.7,1289.0,1292.7,3033
2026-03-11 12:03:00,1293.7,1293.7,1293.2,1293.4,435
2026-03-11 12:04:00,1293.4,1294.0,1293.0,1293.8,1535
2026-03-11 12:05:00,1293.8,1294.3,1293.0,1293.5,2024
2026-03-11 12:06:00,1293.5,1293.8,1293.5,1293.8,550
2026-03-11 12:07:00,1293.8,1293.8,1292.9,1292.9,345
2026-03-11 12:08:00,1292.6,1292.9,1292.0,1292.0,690
2026-03-11 12:09:00,1292.0,1292.8,1292.0,1292.8,468
2026-03-11 12:10:00,1292.8,1292.8,1292.5,1292.8,78
2026-03-11 12:11:00,1292.9,1293.5,1292.8,1293.5,1820
2026-03-11 12:12:00,1293.5,1296.1,1293.5,1295.8,4599
2026-03-11 12:13:00,1295.3,1295.3,1293.5,1294.1,2125
2026-03-11 12:14:00,1294.1,1294.1,1293.8,1293.8,10
2026-03-11 12:15:00,1293.8,1293.8,1293.6,1293.7,206
2026-03-11 12:16:00,1293.7,1293.7,1293.3,1293.3,16
2026-03-11 12:17:00,1293.3,1294.0,1293.3,1294.0,384
2026-03-11 12:18:00,1294.0,1294.0,1293.6,1294.0,290
2026-03-11 12:19:00,1294.0,1294.5,1293.7,1294.0,3103
2026-03-11 12:20:00,1294.0,1295.5,1293.7,1294.0,1406
2026-03-11 12:21:00,1294.0,1296.0,1293.9,1296.0,5834
2026-03-11 12:22:00,1296.0,1297.1,1294.3,1294.3,20384
2026-03-11 12:23:00,1294.3,1295.5,1294.1,1294.4,1736
2026-03-11 12:24:00,1294.4,1295.0,1293.7,1293.9,1353
2026-03-11 12:25:00,1293.9,1293.9,1293.1,1293.2,55
2026-03-11 12:26:00,1293.2,1293.2,1292.8,1292.8,267
2026-03-11 12:27:00,1292.8,1292.8,1292.8,1292.8,0
2026-03-11 12:28:00,1292.8,1293.8,1292.8,1293.8,2052
2026-03-11 12:29:00,1293.8,1294.6,1293.2,1293.4,4861
2026-03-11 12:30:00,1293.4,1295.0,1293.4,1295.0,1617
2026-03-11 12:31:00,1295.0,1295.0,1293.8,1294.5,7536
2026-03-11 12:32:00,1294.5,1295.9,1294.0,1295.8,2447
2026-03-11 12:33:00,1295.8,1296.0,1294.0,1294.0,4208
2026-03-11 12:34:00,1294.0,1294.1,1291.8,1292.4,3882
2026-03-11 12:35:00,1292.4,1293.6,1291.7,1291.7,3371
2026-03-11 12:36:00,1291.7,1292.0,1291.3,1291.7,168
2026-03-11 12:37:00,1291.7,1291.7,1291.3,1291.3,16
2026-03-11 12:38:00,1291.3,1292.1,1291.3,1291.7,316
2026-03-11 12:39:00,1291.7,1291.7,1290.2,1290.9,382
2026-03-11 12:40:00,1290.9,1290.9,1290.1,1290.9,130
2026-03-11 12:41:00,1290.9,1292.1,1290.9,1292.1,254
2026-03-11 12:42:00,1292.1,1292.1,1291.9,1291.9,564
2026-03-11 12:43:00,1291.9,1292.6,1291.9,1292.3,1111
2026-03-11 12:44:00,1292.3,1295.0,1292.3,1295.0,2207
2026-03-11 12:45:00,1295.0,1295.9,1295.0,1295.7,931
2026-03-11 12:46:00,1295.7,1295.7,1294.2,1295.1,1099
2026-03-11 12:47:00,1295.1,1295.1,1292.5,1293.0,1378
2026-03-11 12:48:00,1293.0,1293.0,1289.3,1289.8,1880
2026-03-11 12:49:00,1289.8,1292.1,1289.2,1291.5,3691
2026-03-11 12:50:00,1291.5,1292.4,1290.8,1291.5,3324
2026-03-11 12:51:00,1291.5,1291.8,1291.5,1291.8,406
2026-03-11 12:52:00,1291.9,1292.6,1291.5,1291.9,464
2026-03-11 12:53:00,1291.9,1292.6,1291.2,1291.2,32
2026-03-11 12:54:00,1291.3,1291.5,1290.2,1290.5,693
2026-03-11 12:55:00,1290.5,1291.7,1289.6,1290.0,16183
2026-03-11 12:56:00,1290.0,1290.0,1287.1,1287.1,2976
2026-03-11 12:57:00,1287.1,1287.8,1286.6,1286.7,629
2026-03-11 12:58:00,1286.7,1288.2,1285.8,1287.8,13440
2026-03-11 12:59:00,1288.0,1288.1,1285.6,1286.9,10218
2026-03-11 13:00:00,1286.9,1287.8,1285.4,1287.1,3076
2026-03-11 13:01:00,1287.1,1287.8,1286.0,1286.0,142
2026-03-11 13:02:00,1286.0,1288.7,1286.0,1286.8,2613
2026-03-11 13:03:00,1286.8,1287.2,1286.8,1287.0,6
2026-03-11 13:04:00,1287.0,1287.2,1287.0,1287.2,94
2026-03-11 13:05:00,1287.1,1287.9,1285.0,1287.9,20570
2026-03-11 13:06:00,1288.0,1289.0,1288.0,1288.6,3365
2026-03-11 13:07:00,1288.6,1288.6,1287.3,1287.3,27
2026-03-11 13:08:00,1287.3,1288.0,1286.4,1286.5,483
2026-03-11 13:09:00,1286.5,1287.1,1286.5,1287.1,148
2026-03-11 13:10:00,1287.1,1287.1,1282.4,1284.2,7409
2026-03-11 13:11:00,1284.2,1284.7,1284.2,1284.7,252
2026-03-11 13:12:00,1284.7,1284.7,1282.8,1283.3,194
2026-03-11 13:13:00,1283.3,1283.3,1282.4,1282.4,49
2026-03-11 13:14:00,1283.2,1283.2,1281.2,1282.5,3321
2026-03-11 13:15:00,1282.5,1283.7,1282.5,1283.2,9
2026-03-11 13:16:00,1283.2,1283.7,1281.0,1281.0,1143
2026-03-11 13:17:00,1281.0,1281.6,1278.5,1279.9,3659
2026-03-11 13:18:00,1279.9,1281.4,1278.0,1281.3,4169
2026-03-11 13:19:00,1281.3,1281.5,1280.0,1280.1,2753
2026-03-11 13:20:00,1280.1,1281.0,1279.9,1281.0,7071
2026-03-11 13:21:00,1281.0,1281.8,1280.0,1280.1,3783
2026-03-11 13:22:00,1280.1,1281.7,1280.0,1281.4,8057
2026-03-11 13:23:00,1281.0,1281.8,1279.9,1281.5,4373
2026-03-11 13:24:00,1281.5,1283.2,1280.5,1283.2,7670
2026-03-11 13:25:00,1282.9,1284.9,1282.9,1284.0,4363
2026-03-11 13:26:00,1284.0,1286.6,1284.0,1286.2,1020
2026-03-11 13:27:00,1286.2,1286.2,1284.5,1284.5,748
2026-03-11 13:28:00,1284.9,1284.9,1284.5,1284.5,97
2026-03-11 13:29:00,1284.5,1285.4,1283.5,1285.4,1828
2026-03-11 13:30:00,1285.4,1289.0,1285.4,1289.0,6072
2026-03-11 13:31:00,1287.7,1288.0,1287.1,1287.6,747
2026-03-11 13:32:00,1287.6,1287.6,1284.4,1285.4,3047
2026-03-11 13:33:00,1285.4,1285.6,1284.4,1285.1,844
2026-03-11 13:34:00,1285.1,1285.5,1285.0,1285.0,151
2026-03-11 13:35:00,1285.0,1285.4,1284.6,1284.6,645
2026-03-11 13:36:00,1284.6,1285.4,1284.1,1285.0,953
2026-03-11 13:37:00,1285.0,1285.0,1284.2,1284.5,604
2026-03-11 13:38:00,1284.5,1284.5,1282.6,1283.3,2163
2026-03-11 13:39:00,1283.6,1283.6,1283.2,1283.6,43
2026-03-11 13:40:00,1283.6,1287.0,1283.6,1285.5,2125
2026-03-11 13:41:00,1285.5,1285.5,1284.6,1284.6,58
2026-03-11 13:42:00,1284.6,1285.0,1284.6,1285.0,93
2026-03-11 13:43:00,1285.0,1286.0,1284.7,1285.8,266
2026-03-11 13:44:00,1286.0,1286.2,1283.8,1284.2,1349
2026-03-11 13:45:00,1284.2,1284.2,1283.9,1284.2,132
2026-03-11 13:46:00,1284.2,1284.2,1283.9,1283.9,585
2026-03-11 13:47:00,1283.9,1283.9,1283.7,1283.8,239
2026-03-11 13:48:00,1283.8,1284.2,1283.8,1284.2,289
2026-03-11 13:49:00,1285.0,1285.0,1283.9,1283.9,274
2026-03-11 13:50:00,1283.9,1283.9,1283.6,1283.6,26
2026-03-11 13:51:00,1283.6,1284.8,1283.6,1284.8,89
2026-03-11 13:52:00,1285.0,1285.0,1283.7,1284.6,289
2026-03-11 13:53:00,1284.6,1284.6,1283.8,1284.6,96
2026-03-11 13:54:00,1284.6,1284.9,1284.2,1284.7,37
2026-03-11 13:55:00,1284.8,1285.0,1283.1,1283.9,1286
2026-03-11 13:56:00,1283.2,1283.8,1283.1,1283.7,48
2026-03-11 13:57:00,1283.7,1283.7,1280.5,1281.4,577
2026-03-11 13:58:00,1281.4,1282.8,1281.0,1282.8,772
2026-03-11 13:59:00,1283.2,1283.7,1283.2,1283.7,180
2026-03-11 14:00:00,1283.7,1284.0,1282.1,1283.8,874
2026-03-11 14:01:00,1283.8,1284.3,1282.2,1282.2,738
2026-03-11 14:02:00,1282.9,1283.0,1282.1,1282.8,44
2026-03-11 14:03:00,1282.8,1284.0,1282.4,1284.0,340
2026-03-11 14:04:00,1283.5,1284.0,1283.5,1283.6,132
2026-03-11 14:05:00,1284.0,1284.1,1282.1,1282.7,731
2026-03-11 14:06:00,1282.7,1282.8,1282.2,1282.8,46
2026-03-11 14:07:00,1282.8,1282.8,1282.0,1282.5,66
2026-03-11 14:08:00,1282.5,1282.5,1281.0,1281.0,412
2026-03-11 14:09:00,1281.0,1281.0,1280.4,1280.4,67
2026-03-11 14:10:00,1280.1,1280.6,1280.0,1280.4,306
2026-03-11 14:11:00,1280.4,1280.5,1278.3,1279.5,1502
2026-03-11 14:12:00,1279.2,1280.5,1279.2,1280.3,320
2026-03-11 14:13:00,1280.3,1280.5,1279.9,1279.9,238
2026-03-11 14:14:00,1279.9,1280.5,1279.8,1280.2,204
2026-03-11 14:15:00,1280.2,1280.4,1280.2,1280.3,54
2026-03-11 14:16:00,1280.3,1280.7,1280.1,1280.7,149
2026-03-11 14:17:00,1280.7,1281.0,1280.7,1281.0,70
2026-03-11 14:18:00,1281.0,1281.0,1279.2,1279.2,671
2026-03-11 14:19:00,1279.7,1280.2,1279.7,1280.2,536
2026-03-11 14:20:00,1280.2,1281.9,1279.8,1280.7,331
2026-03-11 14:21:00,1280.7,1280.7,1279.7,1280.7,31
2026-03-11 14:22:00,1280.7,1281.0,1279.6,1279.6,78
2026-03-11 14:23:00,1279.6,1280.1,1279.6,1279.6,51
2026-03-11 14:24:00,1279.6,1280.1,1277.5,1278.4,3967
2026-03-11 14:25:00,1277.5,1278.2,1277.5,1277.5,407
2026-03-11 14:26:00,1277.5,1278.1,1277.5,1278.1,37
2026-03-11 14:27:00,1278.1,1282.0,1277.0,1282.0,914
2026-03-11 14:28:00,1282.0,1282.6,1281.2,1281.9,2628
2026-03-11 14:29:00,1281.9,1286.7,1281.9,1286.2,6944
2026-03-11 14:30:00,1286.2,1287.1,1281.1,1281.7,13104
2026-03-11 14:31:00,1281.7,1281.9,1280.4,1281.2,540
2026-03-11 14:32:00,1281.2,1281.9,1279.1,1279.1,20637
2026-03-11 14:33:00,1279.1,1280.0,1277.3,1277.8,23409
2026-03-11 14:34:00,1277.8,1278.0,1275.7,1278.0,17090
2026-03-11 14:35:00,1277.0,1279.4,1276.0,1278.1,26506
2026-03-11 14:36:00,1278.1,1280.2,1278.0,1280.2,11335
2026-03-11 14:37:00,1280.2,1281.3,1279.5,1280.5,1950
2026-03-11 14:38:00,1280.5,1280.5,1279.2,1280.1,9470
2026-03-11 14:39:00,1279.0,1279.8,1277.0,1277.7,9611
2026-03-11 14:40:00,1277.6,1277.9,1274.8,1275.7,5831
2026-03-11 14:41:00,1275.7,1276.7,1275.0,1275.1,3178
2026-03-11 14:42:00,1275.0,1275.8,1275.0,1275.8,1711
2026-03-11 14:43:00,1275.8,1276.9,1275.3,1276.9,4718
2026-03-11 14:44:00,1277.2,1277.3,1275.7,1276.4,4014
2026-03-11 14:45:00,1276.3,1277.6,1275.4,1275.9,4816
2026-03-11 14:46:00,1276.3,1277.7,1276.0,1277.3,3928
2026-03-11 14:47:00,1277.0,1277.4,1276.1,1276.1,2687
2026-03-11 14:48:00,1276.1,1276.6,1275.3,1275.8,3161
2026-03-11 14:49:00,1275.5,1276.4,1275.5,1275.8,2479
2026-03-11 14:50:00,1274.9,1277.0,1274.9,1275.6,3104
2026-03-11 14:51:00,1275.6,1276.6,1274.7,1275.0,3465
2026-03-11 14:52:00,1275.0,1275.0,1273.2,1274.1,3445
2026-03-11 14:53:00,1273.3,1274.2,1272.5,1274.2,1057
2026-03-11 14:54:00,1273.9,1277.0,1273.9,1277.0,5702
2026-03-11 14:55:00,1277.1,1277.1,1274.2,1274.8,2753
2026-03-11 14:56:00,1275.0,1275.3,1274.9,1275.0,2301
2026-03-11 14:57:00,1275.0,1275.9,1274.2,1275.0,7608
2026-03-11 14:58:00,1275.0,1275.0,1274.0,1274.5,6078
2026-03-11 14:59:00,1274.5,1274.6,1273.4,1274.4,351
2026-03-11 15:00:00,1273.5,1276.9,1273.5,1276.9,8639
2026-03-11 15:01:00,1277.2,1278.1,1276.5,1276.9,4967
2026-03-11 15:02:00,1277.0,1280.8,1275.8,1278.6,12999
2026-03-11 15:03:00,1279.4,1280.2,1277.3,1278.3,4106
2026-03-11 15:04:00,1277.8,1277.8,1275.0,1275.1,2762
2026-03-11 15:05:00,1275.6,1275.6,1273.3,1273.5,4568
2026-03-11 15:06:00,1273.7,1273.7,1270.2,1271.6,3559
2026-03-11 15:07:00,1271.6,1271.8,1269.6,1269.6,2980
2026-03-11 15:08:00,1270.1,1270.1,1267.2,1268.6,1307
2026-03-11 15:09:00,1268.6,1271.0,1268.6,1270.3,12826
2026-03-11 15:10:00,1269.3,1270.1,1266.6,1267.9,6588
2026-03-11 15:11:00,1268.0,1269.6,1267.2,1267.7,3006
2026-03-11 15:12:00,1267.9,1269.1,1267.3,1267.3,1817
2026-03-11 15:13:00,1268.3,1269.6,1268.0,1268.5,1475
2026-03-11 15:14:00,1268.4,1269.1,1266.5,1269.1,3010
2026-03-11 15:15:00,1269.1,1269.1,1266.9,1268.0,3903
2026-03-11 15:16:00,1270.3,1270.5,1268.2,1269.6,17031
2026-03-11 15:17:00,1269.0,1270.9,1268.6,1270.2,5758
2026-03-11 15:18:00,1270.5,1271.4,1268.1,1271.0,3650
2026-03-11 15:19:00,1271.0,1273.1,1269.5,1271.6,19886
2026-03-11 15:20:00,1271.7,1273.9,1271.4,1273.9,6603
2026-03-11 15:21:00,1273.5,1273.5,1269.6,1269.9,6281
2026-03-11 15:22:00,1270.1,1270.2,1269.1,1269.9,2030
2026-03-11 15:23:00,1269.9,1269.9,1267.6,1268.5,7478
2026-03-11 15:24:00,1268.7,1271.5,1268.0,1269.8,7853
2026-03-11 15:25:00,1269.7,1272.3,1269.3,1271.4,12106
2026-03-11 15:26:00,1270.9,1272.0,1270.0,1271.7,6276
2026-03-11 15:27:00,1271.7,1272.1,1270.1,1270.5,7201
2026-03-11 15:28:00,1270.5,1271.7,1269.1,1271.0,2496
2026-03-11 15:29:00,1271.0,1271.8,1270.0,1271.8,1995
2026-03-12 09:15:00,1269.9,1269.9,1254.6,1254.6,3954
2026-03-12 09:16:00,1254.6,1255.9,1252.0,1252.1,5213
2026-03-12 09:17:00,1252.0,1252.0,1246.0,1247.4,3720
2026-03-12 09:18:00,1246.3,1247.1,1245.1,1245.1,1016
2026-03-12 09:19:00,1245.1,1245.7,1242.3,1242.3,1749
2026-03-12 09:20:00,1243.9,1245.0,1241.5,1244.4,3368
2026-03-12 09:21:00,1244.4,1247.1,1240.9,1241.4,2293
2026-03-12 09:22:00,1241.5,1242.0,1240.8,1240.8,1219
2026-03-12 09:23:00,1240.8,1241.0,1238.1,1239.5,1985
2026-03-12 09:24:00,1239.9,1239.9,1237.4,1238.9,4245
2026-03-12 09:25:00,1239.7,1240.5,1238.6,1240.5,1801
2026-03-12 09:26:00,1239.6,1242.1,1239.6,1241.6,1583
2026-03-12 09:27:00,1242.0,1242.4,1240.5,1241.5,930
2026-03-12 09:28:00,1241.5,1241.5,1240.0,1241.0,1021
2026-03-12 09:29:00,1241.0,1244.2,1240.4,1243.3,1905
2026-03-12 09:30:00,1242.4,1242.4,1240.5,1240.9,1692
2026-03-12 09:31:00,1240.9,1241.8,1240.5,1241.2,808
2026-03-12 09:32:00,1241.2,1241.4,1240.0,1240.4,840
2026-03-12 09:33:00,1240.4,1241.8,1240.4,1241.0,5096
2026-03-12 09:34:00,1241.0,1243.5,1240.5,1242.5,1037
2026-03-12 09:35:00,1242.2,1242.2,1240.4,1241.2,222
2026-03-12 09:36:00,1241.2,1241.4,1240.4,1240.4,560
2026-03-12 09:37:00,1241.3,1242.0,1240.0,1242.0,1483
2026-03-12 09:38:00,1241.3,1241.5,1240.7,1240.8,299
2026-03-12 09:39:00,1240.8,1242.9,1239.1,1239.2,1210
2026-03-12 09:40:00,1239.2,1240.4,1238.1,1240.2,2513
2026-03-12 09:41:00,1240.2,1241.9,1240.2,1241.6,1141
2026-03-12 09:42:00,1241.6,1241.9,1240.2,1241.9,1035
2026-03-12 09:43:00,1241.9,1242.7,1240.8,1241.8,510
2026-03-12 09:44:00,1241.8,1243.8,1241.1,1243.8,614
2026-03-12 09:45:00,1243.8,1248.5,1243.4,1247.5,2257
2026-03-12 09:46:00,1247.5,1253.6,1247.3,1252.5,15759
2026-03-12 09:47:00,1252.5,1253.0,1250.4,1251.2,2788
2026-03-12 09:48:00,1251.2,1254.2,1251.2,1254.2,2020
2026-03-12 09:49:00,1254.2,1258.5,1254.0,1257.0,3802
2026-03-12 09:50:00,1257.0,1257.0,1254.2,1254.2,1602
2026-03-12 09:51:00,1254.2,1254.9,1253.4,1253.7,675
2026-03-12 09:52:00,1253.7,1256.3,1253.7,1255.5,828
2026-03-12 09:53:00,1255.5,1255.7,1253.8,1253.8,952
2026-03-12 09:54:00,1253.8,1254.2,1252.5,1253.8,2512
2026-03-12 09:55:00,1253.5,1253.6,1251.1,1251.8,1096
2026-03-12 09:56:00,1251.8,1252.4,1250.8,1252.4,1531
2026-03-12 09:57:00,1252.4,1254.3,1252.3,1254.3,384
2026-03-12 09:58:00,1255.0,1255.5,1254.6,1255.5,2621
2026-03-12 09:59:00,1255.5,1257.4,1255.5,1256.7,2224
2026-03-12 10:00:00,1256.7,1256.7,1254.8,1254.8,322
2026-03-12 10:01:00,1254.8,1255.3,1252.2,1253.1,96395
2026-03-12 10:02:00,1252.9,1256.4,1252.7,1256.4,1664
2026-03-12 10:03:00,1256.4,1257.0,1255.6,1257.0,846
2026-03-12 10:04:00,1257.0,1257.0,1255.8,1256.7,1158
2026-03-12 10:05:00,1256.7,1257.0,1254.2,1254.2,40
2026-03-12 10:06:00,1254.2,1254.6,1254.2,1254.6,861
2026-03-12 10:07:00,1253.7,1254.0,1252.6,1252.6,107
2026-03-12 10:08:00,1253.0,1253.0,1250.0,1250.0,1036
2026-03-12 10:09:00,1250.8,1251.9,1250.0,1251.9,429
2026-03-12 10:10:00,1251.9,1254.8,1251.9,1254.7,933
2026-03-12 10:11:00,1254.0,1254.0,1252.2,1252.4,330
2026-03-12 10:12:00,1252.4,1252.8,1251.9,1251.9,256
2026-03-12 10:13:00,1251.9,1251.9,1250.0,1251.2,643
2026-03-12 10:14:00,1250.4,1250.8,1250.1,1250.7,340
2026-03-12 10:15:00,1250.7,1251.0,1250.7,1251.0,60
2026-03-12 10:16:00,1251.0,1251.0,1249.8,1249.8,742
2026-03-12 10:17:00,1249.7,1250.5,1248.8,1248.8,258
2026-03-12 10:18:00,1248.8,1250.8,1248.8,1250.8,168
2026-03-12 10:19:00,1250.2,1251.4,1250.2,1250.6,93
2026-03-12 10:20:00,1250.6,1252.3,1250.6,1252.3,12
2026-03-12 10:21:00,1252.3,1252.5,1251.2,1251.3,2134
2026-03-12 10:22:00,1251.3,1251.6,1250.6,1251.4,348
2026-03-12 10:23:00,1251.4,1251.4,1248.8,1249.8,641
2026-03-12 10:24:00,1249.8,1250.6,1249.5,1249.5,240
2026-03-12 10:25:00,1249.5,1254.6,1249.5,1254.6,425
2026-03-12 10:26:00,1254.8,1254.8,1252.9,1254.7,231
2026-03-12 10:27:00,1254.7,1254.7,1253.8,1253.8,20
2026-03-12 10:28:00,1253.8,1254.7,1253.6,1254.7,591
2026-03-12 10:29:00,1255.7,1257.0,1255.0,1257.0,578
2026-03-12 10:30:00,1256.8,1256.8,1254.6,1254.6,687
2026-03-12 10:31:00,1254.6,1254.6,1252.8,1253.7,683
2026-03-12 10:32:00,1253.3,1256.9,1253.3,1256.9,987
2026-03-12 10:33:00,1256.9,1257.2,1256.6,1257.2,1238
2026-03-12 10:34:00,1257.2,1259.8,1257.2,1259.8,4632
2026-03-12 10:35:00,1259.8,1259.8,1259.3,1259.3,243
2026-03-12 10:36:00,1259.3,1260.1,1258.8,1260.1,3568
2026-03-12 10:37:00,1260.1,1264.9,1260.1,1264.6,3049
2026-03-12 10:38:00,1264.6,1265.9,1264.2,1264.7,1291
2026-03-12 10:39:00,1264.7,1265.7,1263.6,1265.7,454
2026-03-12 10:40:00,1265.7,1267.3,1264.4,1267.3,1449
2026-03-12 10:41:00,1266.8,1267.3,1265.3,1265.6,565
2026-03-12 10:42:00,1265.6,1266.2,1263.4,1263.4,364
2026-03-12 10:43:00,1263.6,1264.1,1260.8,1260.8,398
2026-03-12 10:44:00,1260.8,1261.8,1260.8,1261.6,651
2026-03-12 10:45:00,1261.6,1263.1,1261.6,1263.0,306
2026-03-12 10:46:00,1263.3,1264.0,1262.5,1262.5,434
2026-03-12 10:47:00,1262.5,1262.5,1261.3,1262.1,542
2026-03-12 10:48:00,1262.1,1262.2,1260.6,1261.3,899
2026-03-12 10:49:00,1261.3,1261.3,1259.6,1260.1,262
2026-03-12 10:50:00,1260.1,1260.1,1258.7,1259.2,831
2026-03-12 10:51:00,1259.2,1259.3,1258.2,1258.7,523
2026-03-12 10:52:00,1258.7,1259.2,1257.9,1257.9,275
2026-03-12 10:53:00,1257.9,1260.0,1257.5,1260.0,1368
2026-03-12 10:54:00,1260.0,1261.1,1259.4,1260.7,1067
2026-03-12 10:55:00,1260.7,1260.7,1260.3,1260.3,22
2026-03-12 10:56:00,1260.3,1260.3,1259.8,1260.3,361
2026-03-12 10:57:00,1260.3,1263.5,1260.3,1263.5,813
2026-03-12 10:58:00,1264.0,1265.4,1263.4,1265.4,422
2026-03-12 10:59:00,1266.2,1268.4,1265.9,1268.4,4411
2026-03-12 11:00:00,1268.4,1268.6,1267.8,1268.6,770
2026-03-12 11:01:00,1268.6,1271.2,1268.6,1271.2,1440
2026-03-12 11:02:00,1270.6,1271.1,1270.6,1271.1,247
2026-03-12 11:03:00,1271.2,1272.3,1270.7,1271.4,1338
2026-03-12 11:04:00,1271.4,1271.7,1271.1,1271.7,558
2026-03-12 11:05:00,1272.5,1274.1,1272.5,1273.1,875
2026-03-12 11:06:00,1273.1,1273.1,1270.6,1270.6,755
2026-03-12 11:07:00,1270.6,1272.0,1270.6,1272.0,1690
2026-03-12 11:08:00,1272.0,1272.0,1271.5,1271.5,79
2026-03-12 11:09:00,1271.5,1272.0,1270.5,1270.6,452
2026-03-12 11:10:00,1270.6,1272.2,1270.0,1272.2,4730
2026-03-12 11:11:00,1272.2,1272.7,1271.6,1272.0,218
2026-03-12 11:12:00,1272.0,1272.6,1271.9,1272.5,445
2026-03-12 11:13:00,1273.2,1274.5,1272.8,1273.5,1241
2026-03-12 11:14:00,1273.5,1273.8,1273.0,1273.0,626
2026-03-12 11:15:00,1272.4,1273.8,1272.4,1273.8,287
2026-03-12 11:16:00,1273.8,1274.2,1273.3,1273.3,120
2026-03-12 11:17:00,1273.3,1273.6,1272.9,1273.2,227
2026-03-12 11:18:00,1273.2,1273.2,1268.2,1268.2,1686
2026-03-12 11:19:00,1268.2,1268.2,1265.9,1266.6,394
2026-03-12 11:20:00,1266.6,1266.6,1265.0,1265.1,209
2026-03-12 11:21:00,1265.1,1265.4,1265.1,1265.4,23
2026-03-12 11:22:00,1265.4,1265.4,1264.0,1264.8,507
2026-03-12 11:23:00,1264.8,1264.8,1263.8,1263.8,348
2026-03-12 11:24:00,1263.8,1265.7,1263.8,1265.7,512
2026-03-12 11:25:00,1265.7,1265.9,1264.8,1264.8,525
2026-03-12 11:26:00,1264.4,1267.3,1264.4,1267.3,517
2026-03-12 11:27:00,1267.3,1267.3,1265.9,1265.9,650
2026-03-12 11:28:00,1265.9,1266.3,1265.2,1266.3,246
2026-03-12 11:29:00,1266.3,1267.9,1266.2,1266.2,801
2026-03-12 11:30:00,1266.2,1266.2,1264.6,1266.0,545
2026-03-12 11:31:00,1266.0,1266.0,1264.5,1265.2,80
2026-03-12 11:32:00,1265.2,1265.2,1264.5,1265.2,128
2026-03-12 11:33:00,1265.4,1266.9,1264.6,1265.2,1621
2026-03-12 11:34:00,1265.7,1267.3,1265.7,1267.2,1543
2026-03-12 11:35:00,1267.2,1267.2,1266.6,1267.0,486
2026-03-12 11:36:00,1267.0,1267.0,1267.0,1267.0,25
2026-03-12 11:37:00,1267.0,1267.0,1266.6,1267.0,79
2026-03-12 11:38:00,1267.0,1268.7,1266.0,1268.7,680
2026-03-12 11:39:00,1268.7,1268.9,1268.5,1268.9,521
2026-03-12 11:40:00,1268.9,1270.7,1268.6,1270.2,1282
2026-03-12 11:41:00,1270.2,1271.7,1270.1,1270.8,9753
2026-03-12 11:42:00,1270.8,1271.0,1269.9,1269.9,238
2026-03-12 11:43:00,1269.5,1271.6,1269.5,1271.5,2037
2026-03-12 11:44:00,1271.5,1272.6,1271.5,1272.4,644
2026-03-12 11:45:00,1272.3,1273.9,1272.3,1273.9,614
2026-03-12 11:46:00,1273.9,1274.0,1272.6,1273.0,502
2026-03-12 11:47:00,1273.0,1273.0,1272.5,1272.5,52
2026-03-12 11:48:00,1272.5,1273.0,1271.3,1272.0,1952
2026-03-12 11:49:00,1272.4,1272.4,1270.8,1270.8,114
2026-03-12 11:50:00,1271.1,1273.6,1271.1,1272.5,7068
2026-03-12 11:51:00,1271.8,1273.0,1271.1,1271.2,1874
2026-03-12 11:52:00,1271.2,1271.2,1270.5,1271.2,525
2026-03-12 11:53:00,1271.2,1272.8,1271.1,1272.8,409
2026-03-12 11:54:00,1273.4,1274.9,1273.4,1274.4,1066
2026-03-12 11:55:00,1274.4,1274.4,1273.5,1274.2,948
2026-03-12 11:56:00,1274.2,1278.3,1274.2,1278.3,4122
2026-03-12 11:57:00,1276.5,1277.4,1276.0,1276.5,1155
2026-03-12 11:58:00,1276.5,1276.5,1275.9,1275.9,99
2026-03-12 11:59:00,1275.9,1277.9,1275.9,1277.9,649
2026-03-12 12:00:00,1277.9,1278.0,1277.5,1278.0,404
2026-03-12 12:01:00,1278.0,1279.5,1277.9,1279.0,286
2026-03-12 12:02:00,1279.0,1282.3,1279.0,1282.3,2037
2026-03-12 12:03:00,1282.1,1282.1,1280.7,1281.4,648
2026-03-12 12:04:00,1281.4,1282.0,1281.0,1281.5,593
2026-03-12 12:05:00,1281.5,1282.0,1280.2,1280.2,458
2026-03-12 12:06:00,1280.2,1280.2,1279.0,1279.9,372
2026-03-12 12:07:00,1279.9,1279.9,1275.9,1276.5,362
2026-03-12 12:08:00,1276.5,1278.0,1275.2,1275.5,250
2026-03-12 12:09:00,1275.5,1275.9,1275.0,1275.9,172
2026-03-12 12:10:00,1275.9,1275.9,1273.6,1273.6,523
2026-03-12 12:11:00,1273.6,1274.3,1272.8,1272.8,202
2026-03-12 12:12:00,1272.8,1274.3,1272.8,1274.3,161
2026-03-12 12:13:00,1274.3,1275.8,1274.3,1275.8,421
2026-03-12 12:14:00,1275.8,1276.6,1275.8,1276.6,45
2026-03-12 12:15:00,1276.2,1276.6,1276.0,1276.0,79
2026-03-12 12:16:00,1276.0,1276.0,1274.4,1274.4,222
2026-03-12 12:17:00,1274.4,1276.2,1274.4,1276.2,106
2026-03-12 12:18:00,1276.2,1276.2,1275.0,1275.0,478
2026-03-12 12:19:00,1275.0,1275.0,1273.6,1274.2,144
2026-03-12 12:20:00,1274.2,1274.2,1273.2,1273.7,250
2026-03-12 12:21:00,1273.7,1275.2,1273.7,1273.8,3489
2026-03-12 12:22:00,1273.4,1274.6,1273.4,1274.0,951
2026-03-12 12:23:00,1274.0,1274.7,1274.0,1274.5,173
2026-03-12 12:24:00,1274.0,1276.4,1274.0,1275.8,1312
2026-03-12 12:25:00,1275.8,1276.6,1275.1,1276.6,299
2026-03-12 12:26:00,1276.6,1276.9,1276.6,1276.6,381
2026-03-12 12:27:00,1276.6,1277.2,1276.0,1277.2,264
2026-03-12 12:28:00,1277.2,1277.2,1275.8,1275.8,165
2026-03-12 12:29:00,1275.8,1276.0,1274.8,1275.8,799
2026-03-12 12:30:00,1275.8,1276.4,1275.1,1275.1,247
2026-03-12 12:31:00,1275.1,1276.2,1275.1,1276.1,54
2026-03-12 12:32:00,1276.1,1276.1,1274.6,1274.6,530
2026-03-12 12:33:00,1274.6,1274.6,1271.7,1272.9,601
2026-03-12 12:34:00,1272.2,1272.3,1272.2,1272.3,29
2026-03-12 12:35:00,1272.3,1272.5,1271.8,1272.4,224
2026-03-12 12:36:00,1272.4,1272.4,1268.9,1269.5,618
2026-03-12 12:37:00,1269.5,1270.8,1269.1,1270.7,180
2026-03-12 12:38:00,1270.7,1270.7,1268.5,1269.4,242
2026-03-12 12:39:00,1269.4,1270.7,1269.4,1269.9,655
2026-03-12 12:40:00,1269.9,1269.9,1269.9,1269.9,0
2026-03-12 12:41:00,1269.9,1270.2,1269.3,1269.8,110
2026-03-12 12:42:00,1269.8,1270.2,1269.8,1270.2,86
2026-03-12 12:43:00,1270.2,1272.2,1270.2,1272.2,205
2026-03-12 12:44:00,1272.2,1272.4,1272.2,1272.4,240
2026-03-12 12:45:00,1272.4,1273.4,1272.4,1272.5,390
2026-03-12 12:46:00,1272.5,1273.9,1272.5,1273.9,201
2026-03-12 12:47:00,1273.9,1274.6,1273.9,1274.6,160
2026-03-12 12:48:00,1274.6,1275.8,1274.1,1274.8,293
2026-03-12 12:49:00,1274.2,1274.7,1273.2,1273.9,300
2026-03-12 12:50:00,1273.9,1275.6,1273.9,1275.6,219
2026-03-12 12:51:00,1275.6,1277.3,1274.7,1277.3,764
2026-03-12 12:52:00,1277.3,1277.9,1274.9,1274.9,463
2026-03-12 12:53:00,1274.9,1275.0,1274.1,1275.0,167
2026-03-12 12:54:00,1275.0,1275.0,1274.0,1274.0,146
2026-03-12 12:55:00,1274.3,1274.4,1273.6,1274.4,484
2026-03-12 12:56:00,1274.4,1274.6,1274.4,1274.6,56
2026-03-12 12:57:00,1274.6,1275.7,1274.6,1274.6,317
2026-03-12 12:58:00,1275.1,1276.9,1275.1,1276.0,794
2026-03-12 12:59:00,1276.0,1276.2,1274.7,1275.5,51
2026-03-12 13:00:00,1275.5,1275.5,1274.8,1275.3,170
2026-03-12 13:01:00,1275.3,1275.4,1274.7,1274.9,316
2026-03-12 13:02:00,1273.8,1274.6,1273.1,1274.6,230
2026-03-12 13:03:00,1274.6,1274.6,1273.5,1274.1,273
2026-03-12 13:04:00,1274.1,1274.6,1274.1,1274.6,31
2026-03-12 13:05:00,1274.6,1274.6,1271.5,1271.5,310
2026-03-12 13:06:00,1271.5,1271.6,1271.5,1271.5,135
2026-03-12 13:07:00,1271.5,1271.7,1270.7,1271.7,870
2026-03-12 13:08:00,1271.7,1272.3,1271.7,1272.2,11
2026-03-12 13:09:00,1272.2,1274.4,1271.7,1273.1,1410
2026-03-12 13:10:00,1273.1,1273.6,1272.2,1272.5,585
2026-03-12 13:11:00,1272.5,1272.9,1272.5,1272.9,101
2026-03-12 13:12:00,1272.9,1273.1,1272.9,1272.9,489
2026-03-12 13:13:00,1272.9,1272.9,1272.5,1272.8,53
2026-03-12 13:14:00,1272.1,1273.6,1272.1,1273.6,1059
2026-03-12 13:15:00,1273.6,1273.6,1272.9,1272.9,75
2026-03-12 13:16:00,1272.9,1273.3,1272.9,1273.3,474
2026-03-12 13:17:00,1273.3,1273.7,1273.3,1273.7,361
2026-03-12 13:18:00,1273.7,1273.8,1272.6,1273.4,428
2026-03-12 13:19:00,1273.4,1273.4,1272.6,1273.0,149
2026-03-12 13:20:00,1273.0,1273.6,1272.8,1273.3,88
2026-03-12 13:21:00,1273.3,1273.4,1272.2,1272.4,426
2026-03-12 13:22:00,1272.4,1274.5,1272.4,1274.5,252
2026-03-12 13:23:00,1274.5,1276.2,1274.5,1276.2,1120
2026-03-12 13:24:00,1276.2,1276.8,1275.9,1276.6,870
2026-03-12 13:25:00,1276.6,1277.0,1275.9,1276.9,855
2026-03-12 13:26:00,1276.9,1277.3,1276.9,1277.2,73
2026-03-12 13:27:00,1277.2,1280.3,1276.8,1280.0,1381
2026-03-12 13:28:00,1280.0,1280.8,1280.0,1280.8,85
2026-03-12 13:29:00,1280.8,1280.8,1280.2,1280.7,619
2026-03-12 13:30:00,1280.7,1283.4,1280.7,1283.1,1128
2026-03-12 13:31:00,1283.1,1283.1,1283.1,1283.1,87
2026-03-12 13:32:00,1283.1,1283.8,1282.2,1282.5,1340
2026-03-12 13:33:00,1282.5,1282.5,1281.3,1282.4,1260
2026-03-12 13:34:00,1282.4,1282.4,1281.6,1281.6,69
2026-03-12 13:35:00,1281.6,1282.3,1281.6,1282.3,832
2026-03-12 13:36:00,1283.1,1283.1,1281.3,1282.1,693
2026-03-12 13:37:00,1282.1,1282.1,1280.4,1281.0,237
2026-03-12 13:38:00,1281.1,1281.1,1281.0,1281.1,102
2026-03-12 13:39:00,1281.1,1281.1,1279.7,1281.0,1379
2026-03-12 13:40:00,1281.0,1281.0,1280.4,1280.5,659
2026-03-12 13:41:00,1280.5,1281.8,1280.5,1281.3,648
2026-03-12 13:42:00,1281.2,1281.2,1278.6,1278.6,358
2026-03-12 13:43:00,1278.6,1278.6,1276.9,1277.1,255
2026-03-12 13:44:00,1277.1,1277.3,1277.1,1277.3,326
2026-03-12 13:45:00,1277.3,1277.4,1276.4,1276.5,279
2026-03-12 13:46:00,1276.5,1279.0,1276.5,1278.8,2482
2026-03-12 13:47:00,1278.0,1278.1,1276.9,1278.0,585
2026-03-12 13:48:00,1278.3,1278.4,1276.4,1277.4,587
2026-03-12 13:49:00,1277.7,1277.7,1276.6,1277.3,87
2026-03-12 13:50:00,1277.0,1277.2,1276.8,1276.8,169
2026-03-12 13:51:00,1276.8,1276.8,1275.0,1275.0,439
2026-03-12 13:52:00,1275.0,1275.5,1274.8,1275.0,125
2026-03-12 13:53:00,1275.0,1275.3,1274.8,1275.3,48
2026-03-12 13:54:00,1275.3,1275.6,1275.1,1275.6,158
2026-03-12 13:55:00,1275.6,1275.9,1274.9,1274.9,169
2026-03-12 13:56:00,1274.9,1274.9,1273.4,1274.5,287
2026-03-12 13:57:00,1273.8,1273.9,1273.7,1273.7,112
2026-03-12 13:58:00,1273.7,1273.7,1272.2,1272.4,436
2026-03-12 13:59:00,1272.4,1273.2,1272.4,1273.2,367
2026-03-12 14:00:00,1273.4,1274.5,1273.1,1274.5,1036
2026-03-12 14:01:00,1274.5,1274.5,1273.1,1273.1,1085
2026-03-12 14:02:00,1273.1,1273.1,1272.1,1272.7,403
2026-03-12 14:03:00,1272.7,1272.7,1271.3,1271.3,187
2026-03-12 14:04:00,1271.3,1272.5,1271.3,1272.2,694
2026-03-12 14:05:00,1272.2,1273.5,1271.5,1272.6,1455
2026-03-12 14:06:00,1272.6,1272.6,1271.4,1271.5,1198
2026-03-12 14:07:00,1271.5,1271.5,1270.0,1270.0,236
2026-03-12 14:08:00,1270.0,1270.6,1268.4,1268.4,175
2026-03-12 14:09:00,1268.3,1268.9,1268.1,1268.1,195
2026-03-12 14:10:00,1268.1,1268.2,1267.8,1268.0,686
2026-03-12 14:11:00,1268.0,1268.0,1266.6,1266.7,150
2026-03-12 14:12:00,1266.7,1267.0,1266.1,1266.1,478
2026-03-12 14:13:00,1266.2,1268.1,1265.8,1268.1,283
2026-03-12 14:14:00,1268.1,1270.6,1268.1,1268.8,878
2026-03-12 14:15:00,1268.8,1269.5,1268.0,1268.5,188
2026-03-12 14:16:00,1268.5,1270.2,1268.5,1269.0,270
2026-03-12 14:17:00,1269.0,1269.0,1268.0,1268.0,199
2026-03-12 14:18:00,1268.0,1268.2,1267.6,1268.2,53
2026-03-12 14:19:00,1268.2,1268.5,1268.2,1268.5,107
2026-03-12 14:20:00,1268.5,1268.9,1268.2,1268.2,99
2026-03-12 14:21:00,1268.2,1268.8,1268.2,1268.8,85
2026-03-12 14:22:00,1268.8,1269.6,1268.7,1269.2,267
2026-03-12 14:23:00,1269.2,1269.5,1268.9,1268.9,338
2026-03-12 14:24:00,1268.9,1269.1,1267.6,1267.6,89
2026-03-12 14:25:00,1267.6,1268.2,1267.3,1267.3,473
2026-03-12 14:26:00,1267.3,1268.3,1267.3,1268.3,499
2026-03-12 14:27:00,1268.3,1268.5,1267.2,1267.2,169
2026-03-12 14:28:00,1267.6,1267.7,1265.0,1265.1,746
2026-03-12 14:29:00,1265.1,1265.3,1264.4,1264.4,299
2026-03-12 14:30:00,1264.4,1266.2,1264.4,1265.8,271
2026-03-12 14:31:00,1265.8,1266.5,1264.9,1264.9,268
2026-03-12 14:32:00,1264.9,1265.0,1264.0,1264.7,357
2026-03-12 14:33:00,1264.7,1266.5,1264.7,1265.6,208
2026-03-12 14:34:00,1265.6,1266.5,1265.6,1265.8,124
2026-03-12 14:35:00,1266.0,1266.0,1264.8,1265.7,279
2026-03-12 14:36:00,1265.7,1266.8,1265.2,1266.5,239
2026-03-12 14:37:00,1265.6,1266.0,1265.6,1265.6,94
2026-03-12 14:38:00,1265.6,1266.0,1264.9,1266.0,1931
2026-03-12 14:39:00,1266.0,1266.0,1263.2,1263.2,722
2026-03-12 14:40:00,1263.2,1263.2,1261.0,1262.2,2597
2026-03-12 14:41:00,1262.2,1262.2,1260.5,1260.5,827
2026-03-12 14:42:00,1260.5,1261.5,1260.5,1261.0,1583
2026-03-12 14:43:00,1261.0,1261.0,1256.6,1256.8,13400
2026-03-12 14:44:00,1257.1,1257.4,1255.9,1256.1,840
2026-03-12 14:45:00,1256.1,1256.3,1254.5,1256.3,3100
2026-03-12 14:46:00,1256.3,1256.3,1253.7,1253.7,1375
2026-03-12 14:47:00,1254.1,1255.1,1253.7,1254.9,1564
2026-03-12 14:48:00,1254.5,1255.4,1254.0,1255.0,1306
2026-03-12 14:49:00,1255.0,1255.2,1254.3,1254.9,852
2026-03-12 14:50:00,1254.9,1254.9,1251.2,1251.9,1592
2026-03-12 14:51:00,1251.9,1252.2,1251.2,1251.5,2512
2026-03-12 14:52:00,1251.5,1251.5,1247.1,1248.1,7003
2026-03-12 14:53:00,1248.1,1253.7,1248.1,1253.7,938
2026-03-12 14:54:00,1253.8,1255.5,1253.8,1254.4,1633
2026-03-12 14:55:00,1254.4,1254.4,1252.8,1253.3,1642
2026-03-12 14:56:00,1253.9,1254.8,1253.8,1253.8,1865
2026-03-12 14:57:00,1253.8,1254.0,1249.8,1251.9,13963
2026-03-12 14:58:00,1251.9,1253.4,1250.9,1252.6,1120
2026-03-12 14:59:00,1252.6,1254.8,1252.4,1254.7,1618
2026-03-12 15:00:00,1255.1,1255.1,1252.4,1252.7,4015
2026-03-12 15:01:00,1252.7,1252.8,1251.8,1252.2,954
2026-03-12 15:02:00,1251.8,1253.0,1251.8,1252.7,1680
2026-03-12 15:03:00,1252.7,1252.9,1252.0,1252.7,765
2026-03-12 15:04:00,1252.8,1255.0,1252.8,1254.9,660
2026-03-12 15:05:00,1254.8,1254.9,1253.3,1254.7,725
2026-03-12 15:06:00,1254.4,1254.7,1253.2,1253.2,869
2026-03-12 15:07:00,1253.0,1254.1,1252.7,1252.7,659
2026-03-12 15:08:00,1253.0,1253.9,1251.5,1253.6,2016
2026-03-12 15:09:00,1254.1,1255.6,1254.1,1255.4,2174
2026-03-12 15:10:00,1255.1,1256.3,1254.0,1255.3,1618
2026-03-12 15:11:00,1255.3,1255.3,1254.0,1254.3,780
2026-03-12 15:12:00,1254.4,1254.4,1252.4,1252.4,845
2026-03-12 15:13:00,1252.4,1253.0,1252.1,1253.0,1918
2026-03-12 15:14:00,1253.0,1253.3,1252.3,1252.8,1795
2026-03-12 15:15:00,1252.8,1253.5,1252.8,1253.5,2150
2026-03-12 15:16:00,1254.3,1254.3,1253.0,1253.4,900
2026-03-12 15:17:00,1253.4,1253.4,1252.3,1253.0,1080
2026-03-12 15:18:00,1253.1,1253.1,1251.8,1252.3,1696
2026-03-12 15:19:00,1252.4,1252.7,1252.4,1252.5,1241
2026-03-12 15:20:00,1252.9,1253.2,1252.8,1253.2,1936
2026-03-12 15:21:00,1253.2,1253.3,1252.8,1253.3,586
2026-03-12 15:22:00,1253.3,1253.3,1252.0,1252.7,872
2026-03-12 15:23:00,1252.1,1253.2,1251.9,1252.9,901
2026-03-12 15:24:00,1252.9,1252.9,1250.5,1251.1,3562
2026-03-12 15:25:00,1251.0,1251.2,1250.0,1250.9,3457
2026-03-12 15:26:00,1251.2,1251.2,1250.6,1250.7,673
2026-03-12 15:27:00,1250.7,1251.9,1250.7,1251.3,4545
2026-03-12 15:28:00,1250.2,1251.3,1250.2,1251.3,798
2026-03-12 15:29:00,1251.3,1268.1,1251.3,1264.8,1080
2026-03-13 09:15:00,1250.0,1251.9,1222.0,1246.3,3352
2026-03-13 09:16:00,1244.7,1244.9,1242.9,1244.1,569
2026-03-13 09:17:00,1244.0,1244.8,1243.1,1244.8,624
2026-03-13 09:18:00,1244.8,1245.0,1243.7,1243.7,1264
2026-03-13 09:19:00,1243.6,1244.6,1242.6,1243.6,852
2026-03-13 09:20:00,1243.3,1243.3,1241.1,1241.1,588
2026-03-13 09:21:00,1241.1,1244.4,1241.1,1244.3,751
2026-03-13 09:22:00,1244.3,1245.1,1243.5,1243.5,603
2026-03-13 09:23:00,1243.5,1244.0,1242.8,1243.9,375
2026-03-13 09:24:00,1243.9,1243.9,1243.0,1243.0,195
2026-03-13 09:25:00,1242.4,1242.4,1241.3,1242.3,1262
2026-03-13 09:26:00,1242.3,1243.3,1242.3,1243.3,232
2026-03-13 09:27:00,1243.3,1244.6,1243.2,1244.6,472
2026-03-13 09:28:00,1244.9,1245.6,1244.4,1245.2,445
2026-03-13 09:29:00,1245.2,1245.6,1244.8,1245.6,161
2026-03-13 09:30:00,1245.6,1245.6,1243.1,1244.0,767
2026-03-13 09:31:00,1244.4,1248.0,1244.0,1248.0,480
2026-03-13 09:32:00,1247.7,1247.7,1244.5,1244.8,474
2026-03-13 09:33:00,1244.8,1247.1,1244.8,1246.5,515
2026-03-13 09:34:00,1246.5,1246.5,1244.1,1244.1,457
2026-03-13 09:35:00,1245.0,1245.0,1243.7,1244.7,804
2026-03-13 09:36:00,1244.7,1244.8,1243.5,1243.9,163
2026-03-13 09:37:00,1243.0,1245.6,1243.0,1245.6,484
2026-03-13 09:38:00,1245.6,1245.9,1245.0,1245.6,170
2026-03-13 09:39:00,1245.6,1245.6,1242.6,1243.4,174
2026-03-13 09:40:00,1244.8,1244.8,1243.4,1243.4,693
2026-03-13 09:41:00,1243.4,1243.6,1242.2,1242.6,200
2026-03-13 09:42:00,1242.6,1247.5,1242.0,1246.9,2018
2026-03-13 09:43:00,1246.9,1246.9,1245.9,1245.9,219
2026-03-13 09:44:00,1247.3,1247.3,1244.5,1244.5,267
2026-03-13 09:45:00,1244.5,1244.9,1242.7,1244.9,1666
2026-03-13 09:46:00,1244.9,1244.9,1243.8,1243.8,190
2026-03-13 09:47:00,1243.8,1245.5,1243.5,1245.5,1642
2026-03-13 09:48:00,1245.5,1245.5,1243.8,1244.1,641
2026-03-13 09:49:00,1244.1,1244.1,1243.7,1243.7,185
2026-03-13 09:50:00,1244.3,1244.7,1244.0,1244.0,960
2026-03-13 09:51:00,1244.0,1244.0,1242.2,1243.3,346
2026-03-13 09:52:00,1243.3,1243.3,1242.3,1242.3,111
2026-03-13 09:53:00,1242.3,1243.0,1242.3,1242.6,615
2026-03-13 09:54:00,1242.8,1244.2,1242.7,1243.4,951
2026-03-13 09:55:00,1243.4,1243.5,1242.9,1242.9,80
2026-03-13 09:56:00,1242.9,1244.8,1242.9,1244.8,838
2026-03-13 09:57:00,1244.5,1244.5,1243.3,1243.8,1521
2026-03-13 09:58:00,1243.8,1244.1,1243.6,1243.9,102
2026-03-13 09:59:00,1243.9,1243.9,1243.6,1243.7,109
2026-03-13 10:00:00,1243.6,1243.6,1240.8,1240.8,878
2026-03-13 10:01:00,1240.9,1241.6,1240.0,1241.3,259
2026-03-13 10:02:00,1241.6,1243.0,1241.3,1243.0,269
2026-03-13 10:03:00,1243.0,1243.2,1241.8,1241.8,564
2026-03-13 10:04:00,1241.8,1243.0,1241.8,1242.9,646
2026-03-13 10:05:00,1242.4,1242.8,1241.0,1241.0,128
2026-03-13 10:06:00,1241.0,1241.0,1237.9,1238.9,567
2026-03-13 10:07:00,1238.9,1240.2,1238.9,1240.2,178
2026-03-13 10:08:00,1240.2,1240.8,1240.0,1240.6,253
2026-03-13 10:09:00,1240.6,1240.6,1240.0,1240.0,45
2026-03-13 10:10:00,1240.0,1240.2,1239.2,1240.0,210
2026-03-13 10:11:00,1240.3,1241.6,1239.6,1239.6,201
2026-03-13 10:12:00,1239.7,1240.3,1238.9,1239.5,231
2026-03-13 10:13:00,1239.5,1241.1,1238.9,1238.9,536
2026-03-13 10:14:00,1238.9,1240.8,1238.9,1240.8,147
2026-03-13 10:15:00,1240.8,1240.8,1239.7,1240.8,442
2026-03-13 10:16:00,1240.8,1240.8,1240.6,1240.7,19
2026-03-13 10:17:00,1240.7,1240.7,1239.8,1239.8,231
2026-03-13 10:18:00,1239.8,1239.8,1238.7,1239.6,555
2026-03-13 10:19:00,1238.9,1238.9,1236.6,1236.6,518
2026-03-13 10:20:00,1236.6,1237.4,1235.6,1237.4,319
2026-03-13 10:21:00,1237.4,1238.4,1237.3,1238.0,409
2026-03-13 10:22:00,1238.0,1238.0,1235.5,1236.7,539
2026-03-13 10:23:00,1236.8,1238.3,1236.7,1237.3,435
2026-03-13 10:24:00,1237.3,1237.3,1234.6,1234.6,809
2026-03-13 10:25:00,1235.2,1235.2,1234.5,1235.0,190
2026-03-13 10:26:00,1235.0,1235.0,1234.6,1234.7,73
2026-03-13 10:27:00,1235.0,1237.0,1235.0,1236.6,255
2026-03-13 10:28:00,1237.1,1239.0,1237.1,1238.6,952
2026-03-13 10:29:00,1238.6,1240.8,1237.8,1240.8,265
2026-03-13 10:30:00,1240.8,1243.0,1240.1,1242.4,616
2026-03-13 10:31:00,1242.4,1244.6,1242.4,1244.6,419
2026-03-13 10:32:00,1244.2,1245.0,1243.2,1243.5,464
2026-03-13 10:33:00,1243.5,1243.5,1241.4,1241.4,870
2026-03-13 10:34:00,1241.4,1241.4,1240.0,1240.0,230
2026-03-13 10:35:00,1240.0,1241.2,1239.9,1241.2,996
2026-03-13 10:36:00,1241.2,1241.5,1241.0,1241.1,74
2026-03-13 10:37:00,1241.1,1241.1,1239.1,1239.1,138
2026-03-13 10:38:00,1239.1,1240.3,1239.0,1239.0,219
2026-03-13 10:39:00,1239.8,1239.8,1238.0,1238.9,987
2026-03-13 10:40:00,1238.9,1239.5,1238.8,1238.8,125
2026-03-13 10:41:00,1238.8,1238.8,1237.8,1237.8,484
2026-03-13 10:42:00,1237.8,1239.3,1237.8,1238.0,1657
2026-03-13 10:43:00,1238.0,1238.0,1237.2,1237.9,345
2026-03-13 10:44:00,1237.9,1240.1,1237.5,1239.5,623
2026-03-13 10:45:00,1239.5,1240.5,1239.1,1240.5,125
2026-03-13 10:46:00,1239.9,1240.2,1239.0,1239.0,129
2026-03-13 10:47:00,1239.0,1239.4,1237.5,1237.9,476
2026-03-13 10:48:00,1237.9,1238.2,1237.2,1238.0,92
2026-03-13 10:49:00,1239.6,1240.2,1239.6,1240.2,708
2026-03-13 10:50:00,1240.6,1241.9,1240.6,1241.8,189
2026-03-13 10:51:00,1241.8,1244.5,1241.8,1244.5,2827
2026-03-13 10:52:00,1244.0,1247.1,1244.0,1246.0,4449
2026-03-13 10:53:00,1246.0,1247.5,1244.9,1247.4,2066
2026-03-13 10:54:00,1247.4,1247.5,1245.0,1245.2,421
2026-03-13 10:55:00,1245.2,1246.6,1245.2,1245.7,16
2026-03-13 10:56:00,1245.7,1246.4,1244.8,1245.2,339
2026-03-13 10:57:00,1245.2,1245.2,1243.2,1243.2,132
2026-03-13 10:58:00,1243.2,1245.7,1243.2,1245.7,423
2026-03-13 10:59:00,1245.7,1246.1,1245.1,1246.1,543
2026-03-13 11:00:00,1246.1,1246.3,1244.5,1244.5,214
2026-03-13 11:01:00,1244.5,1244.5,1243.6,1244.3,130
2026-03-13 11:02:00,1244.3,1245.0,1244.1,1244.1,11
2026-03-13 11:03:00,1244.1,1244.7,1244.0,1244.5,168
2026-03-13 11:04:00,1244.5,1245.2,1244.5,1244.9,460
2026-03-13 11:05:00,1244.9,1245.0,1244.9,1245.0,3
2026-03-13 11:06:00,1244.3,1244.3,1244.0,1244.0,182
2026-03-13 11:07:00,1244.0,1244.1,1243.5,1244.0,9
2026-03-13 11:08:00,1243.2,1243.2,1242.4,1242.8,36
2026-03-13 11:09:00,1242.8,1242.8,1241.3,1242.1,244
2026-03-13 11:10:00,1242.1,1244.3,1242.1,1244.2,1924
2026-03-13 11:11:00,1244.2,1245.5,1243.9,1245.5,1668
2026-03-13 11:12:00,1245.5,1245.5,1242.4,1243.0,1301
2026-03-13 11:13:00,1243.2,1243.6,1243.2,1243.6,91
2026-03-13 11:14:00,1243.0,1243.0,1241.0,1241.7,281
2026-03-13 11:15:00,1241.7,1241.7,1240.6,1240.6,63
2026-03-13 11:16:00,1240.6,1240.6,1240.0,1240.5,61
2026-03-13 11:17:00,1240.5,1241.1,1240.5,1240.9,116
2026-03-13 11:18:00,1240.9,1241.3,1240.9,1241.3,228
2026-03-13 11:19:00,1241.3,1241.5,1241.3,1241.5,9
2026-03-13 11:20:00,1241.5,1241.6,1241.5,1241.6,109
2026-03-13 11:21:00,1241.6,1243.0,1241.6,1243.0,973
2026-03-13 11:22:00,1243.0,1244.2,1242.7,1242.7,396
2026-03-13 11:23:00,1242.7,1242.7,1242.2,1242.2,452
2026-03-13 11:24:00,1242.2,1243.8,1241.4,1243.8,763
2026-03-13 11:25:00,1243.8,1243.8,1242.8,1243.5,317
2026-03-13 11:26:00,1243.5,1244.7,1241.9,1244.7,1423
2026-03-13 11:27:00,1244.7,1244.7,1243.5,1243.8,148
2026-03-13 11:28:00,1244.4,1248.0,1244.4,1247.7,454
2026-03-13 11:29:00,1247.7,1248.5,1247.4,1248.0,155
2026-03-13 11:30:00,1248.0,1251.8,1248.0,1251.6,1517
2026-03-13 11:31:00,1251.6,1251.6,1249.6,1250.8,664
2026-03-13 11:32:00,1250.8,1253.0,1250.8,1253.0,2225
2026-03-13 11:33:00,1252.5,1258.3,1252.5,1256.0,5641
2026-03-13 11:34:00,1256.0,1256.0,1253.2,1253.3,1053
2026-03-13 11:35:00,1253.3,1254.8,1253.3,1254.3,718
2026-03-13 11:36:00,1254.9,1255.6,1253.5,1254.4,1418
2026-03-13 11:37:00,1254.4,1254.4,1253.1,1253.7,2188
2026-03-13 11:38:00,1253.7,1255.0,1253.2,1255.0,632
2026-03-13 11:39:00,1255.0,1255.0,1254.9,1254.9,43
2026-03-13 11:40:00,1254.9,1255.0,1250.0,1250.0,6107
2026-03-13 11:41:00,1250.0,1250.0,1249.2,1249.3,62
2026-03-13 11:42:00,1249.3,1250.2,1249.3,1249.6,301
2026-03-13 11:43:00,1249.6,1250.1,1249.6,1250.1,181
2026-03-13 11:44:00,1250.1,1250.3,1247.2,1247.3,1000
2026-03-13 11:45:00,1247.3,1248.0,1247.3,1247.4,350
2026-03-13 11:46:00,1247.4,1247.6,1246.2,1247.6,426
2026-03-13 11:47:00,1247.6,1248.3,1247.1,1247.6,559
2026-03-13 11:48:00,1247.6,1247.7,1247.6,1247.6,37
2026-03-13 11:49:00,1247.6,1248.5,1247.6,1248.5,773
2026-03-13 11:50:00,1248.5,1248.5,1247.9,1247.9,8
2026-03-13 11:51:00,1247.9,1249.3,1246.7,1249.3,958
2026-03-13 11:52:00,1249.3,1249.4,1248.6,1249.2,267
2026-03-13 11:53:00,1249.2,1252.7,1249.2,1252.7,1456
2026-03-13 11:54:00,1252.7,1252.7,1251.0,1251.5,2267
2026-03-13 11:55:00,1252.2,1252.4,1251.7,1251.8,712
2026-03-13 11:56:00,1251.8,1251.8,1251.1,1251.8,21
2026-03-13 11:57:00,1251.8,1251.8,1250.0,1250.0,522
2026-03-13 11:58:00,1250.0,1250.0,1248.5,1249.9,189
2026-03-13 11:59:00,1249.9,1249.9,1249.1,1249.7,23
2026-03-13 12:00:00,1249.7,1249.7,1248.6,1249.7,201
2026-03-13 12:01:00,1249.7,1249.7,1249.1,1249.1,12
2026-03-13 12:02:00,1249.1,1249.3,1248.3,1249.1,542
2026-03-13 12:03:00,1249.1,1249.1,1248.4,1248.4,334
2026-03-13 12:04:00,1248.4,1248.7,1248.0,1248.5,109
2026-03-13 12:05:00,1248.5,1248.5,1247.5,1248.1,8
2026-03-13 12:06:00,1248.1,1248.1,1247.5,1247.8,9
2026-03-13 12:07:00,1247.8,1248.3,1247.1,1248.3,353
2026-03-13 12:08:00,1248.3,1248.3,1245.6,1245.9,447
2026-03-13 12:09:00,1245.9,1247.4,1245.1,1247.4,1670
2026-03-13 12:10:00,1246.1,1246.6,1242.9,1242.9,1770
2026-03-13 12:11:00,1242.9,1242.9,1240.5,1241.3,840
2026-03-13 12:12:00,1241.3,1242.9,1240.6,1242.3,827
2026-03-13 12:13:00,1241.5,1242.7,1241.5,1242.1,403
2026-03-13 12:14:00,1242.1,1242.8,1240.7,1242.2,1184
2026-03-13 12:15:00,1242.2,1246.3,1241.8,1245.6,1430
2026-03-13 12:16:00,1244.9,1244.9,1244.8,1244.9,94
2026-03-13 12:17:00,1244.9,1244.9,1244.3,1244.7,5
2026-03-13 12:18:00,1244.7,1244.7,1242.9,1243.6,65
2026-03-13 12:19:00,1243.6,1243.6,1240.6,1241.7,805
2026-03-13 12:20:00,1241.7,1241.7,1240.6,1241.2,116
2026-03-13 12:21:00,1241.2,1241.2,1240.2,1241.2,281
2026-03-13 12:22:00,1241.2,1241.2,1238.2,1239.8,2315
2026-03-13 12:23:00,1239.8,1239.8,1237.7,1237.7,214
2026-03-13 12:24:00,1237.7,1239.8,1237.7,1237.8,1197
2026-03-13 12:25:00,1237.8,1237.8,1237.0,1237.7,327
2026-03-13 12:26:00,1237.7,1238.5,1237.5,1238.0,590
2026-03-13 12:27:00,1237.4,1239.3,1237.4,1238.5,842
2026-03-13 12:28:00,1238.5,1239.8,1238.5,1239.6,383
2026-03-13 12:29:00,1239.6,1239.7,1237.8,1238.6,167
2026-03-13 12:30:00,1238.6,1238.6,1237.9,1237.9,69
2026-03-13 12:31:00,1238.0,1238.0,1236.2,1236.2,163
2026-03-13 12:32:00,1236.2,1236.2,1235.7,1236.1,543
2026-03-13 12:33:00,1236.1,1236.3,1236.1,1236.3,31
2026-03-13 12:34:00,1236.3,1236.3,1236.0,1236.1,31
2026-03-13 12:35:00,1236.1,1236.3,1236.1,1236.3,56
2026-03-13 12:36:00,1236.3,1236.3,1235.8,1235.8,93
2026-03-13 12:37:00,1235.8,1236.4,1235.8,1235.9,506
2026-03-13 12:38:00,1235.9,1235.9,1234.6,1234.6,1115
2026-03-13 12:39:00,1234.0,1234.1,1234.0,1234.0,453
2026-03-13 12:40:00,1233.9,1234.1,1233.1,1233.5,234
2026-03-13 12:41:00,1233.5,1233.5,1231.7,1231.9,556
2026-03-13 12:42:00,1231.9,1234.6,1231.9,1234.6,325
2026-03-13 12:43:00,1234.6,1235.9,1234.5,1235.8,553
2026-03-13 12:44:00,1235.8,1238.8,1235.2,1238.8,686
2026-03-13 12:45:00,1238.8,1240.3,1238.4,1240.3,1875
2026-03-13 12:46:00,1240.3,1242.7,1240.3,1242.7,205
2026-03-13 12:47:00,1242.6,1243.2,1242.3,1242.7,1622
2026-03-13 12:48:00,1241.9,1244.9,1241.9,1244.7,899
2026-03-13 12:49:00,1245.0,1245.4,1244.3,1245.4,1819
2026-03-13 12:50:00,1245.4,1247.4,1244.0,1247.4,3125
2026-03-13 12:51:00,1246.9,1246.9,1243.6,1244.4,1004
2026-03-13 12:52:00,1245.1,1245.9,1243.5,1244.8,361
2026-03-13 12:53:00,1244.8,1245.6,1240.8,1240.8,358
2026-03-13 12:54:00,1240.8,1240.8,1238.7,1239.5,160
2026-03-13 12:55:00,1239.5,1239.5,1239.3,1239.3,71
2026-03-13 12:56:00,1238.7,1239.3,1238.7,1239.0,67
2026-03-13 12:57:00,1239.0,1239.0,1238.0,1238.7,207
2026-03-13 12:58:00,1238.7,1241.2,1237.5,1240.1,2140
2026-03-13 12:59:00,1239.8,1240.1,1239.8,1239.9,1330
2026-03-13 13:00:00,1239.9,1241.2,1239.9,1240.9,568
2026-03-13 13:01:00,1240.9,1243.5,1240.9,1242.4,4465
2026-03-13 13:02:00,1242.4,1245.9,1242.1,1245.9,6079
2026-03-13 13:03:00,1244.8,1244.8,1242.5,1242.5,1542
2026-03-13 13:04:00,1242.5,1242.5,1239.9,1240.7,1029
2026-03-13 13:05:00,1239.9,1245.6,1239.9,1245.6,7893
2026-03-13 13:06:00,1245.6,1245.6,1244.4,1244.4,1051
2026-03-13 13:07:00,1244.3,1252.2,1242.9,1251.3,26694
2026-03-13 13:08:00,1251.3,1256.1,1251.3,1251.6,15537
2026-03-13 13:09:00,1251.6,1252.8,1249.3,1252.0,5834
2026-03-13 13:10:00,1252.0,1255.1,1252.0,1253.1,11337
2026-03-13 13:11:00,1253.1,1253.4,1250.9,1251.9,2257
2026-03-13 13:12:00,1251.9,1253.0,1250.6,1251.0,1651
2026-03-13 13:13:00,1250.9,1251.5,1249.2,1249.2,329
2026-03-13 13:14:00,1249.2,1251.5,1249.2,1249.3,1150
2026-03-13 13:15:00,1249.3,1251.1,1249.3,1250.6,698
2026-03-13 13:16:00,1250.6,1250.6,1249.3,1249.3,317
2026-03-13 13:17:00,1250.2,1250.7,1250.1,1250.1,342
2026-03-13 13:18:00,1250.1,1251.5,1249.5,1250.0,4127
2026-03-13 13:19:00,1250.0,1250.0,1248.8,1248.8,4106
2026-03-13 13:20:00,1248.8,1248.9,1248.8,1248.8,43
2026-03-13 13:21:00,1248.8,1249.2,1248.2,1248.6,559
2026-03-13 13:22:00,1248.6,1248.6,1248.3,1248.3,1295
2026-03-13 13:23:00,1248.3,1248.6,1246.0,1247.4,6604
2026-03-13 13:24:00,1247.4,1247.4,1244.2,1244.2,640
2026-03-13 13:25:00,1244.6,1246.3,1243.9,1246.2,2830
2026-03-13 13:26:00,1245.4,1246.6,1245.4,1246.0,361
2026-03-13 13:27:00,1246.0,1247.5,1245.8,1247.5,389
2026-03-13 13:28:00,1247.5,1249.6,1247.4,1248.7,368
2026-03-13 13:29:00,1248.2,1248.2,1247.0,1247.2,116
2026-03-13 13:30:00,1247.8,1252.4,1247.2,1251.7,5958
2026-03-13 13:31:00,1251.7,1255.2,1251.3,1253.0,4163
2026-03-13 13:32:00,1253.0,1254.6,1250.8,1250.8,1782
2026-03-13 13:33:00,1250.8,1251.2,1250.0,1250.4,1977
2026-03-13 13:34:00,1250.4,1250.4,1249.6,1250.2,30
2026-03-13 13:35:00,1249.6,1250.2,1248.2,1248.8,472
2026-03-13 13:36:00,1248.8,1250.1,1248.8,1250.1,657
2026-03-13 13:37:00,1250.1,1250.1,1249.8,1249.8,14
2026-03-13 13:38:00,1249.8,1249.8,1247.5,1247.9,161
2026-03-13 13:39:00,1247.9,1249.4,1247.9,1249.4,298
2026-03-13 13:40:00,1249.4,1249.4,1248.3,1248.9,12
2026-03-13 13:41:00,1248.1,1248.4,1247.8,1248.4,93
2026-03-13 13:42:00,1248.4,1248.9,1248.3,1248.9,2422
2026-03-13 13:43:00,1248.9,1248.9,1247.4,1248.3,875
2026-03-13 13:44:00,1248.3,1250.3,1248.0,1250.3,1637
2026-03-13 13:45:00,1251.1,1251.1,1249.0,1249.5,1626
2026-03-13 13:46:00,1249.1,1249.1,1246.9,1248.0,3423
2026-03-13 13:47:00,1248.0,1249.8,1247.5,1248.6,2591
2026-03-13 13:48:00,1248.2,1250.4,1247.5,1248.5,2534
2026-03-13 13:49:00,1248.5,1248.8,1248.5,1248.8,192
2026-03-13 13:50:00,1248.8,1248.8,1247.6,1248.3,41
2026-03-13 13:51:00,1247.6,1247.6,1246.8,1246.9,159
2026-03-13 13:52:00,1246.2,1250.0,1246.2,1250.0,321
2026-03-13 13:53:00,1248.7,1248.7,1246.6,1247.5,734
2026-03-13 13:54:00,1247.5,1247.5,1245.6,1245.8,1222
2026-03-13 13:55:00,1245.8,1246.3,1244.3,1245.8,2666
2026-03-13 13:56:00,1245.8,1246.3,1245.8,1246.3,133
2026-03-13 13:57:00,1246.3,1246.3,1245.1,1245.1,147
2026-03-13 13:58:00,1245.1,1245.1,1244.1,1244.1,635
2026-03-13 13:59:00,1244.1,1244.1,1242.6,1242.6,90
2026-03-13 14:00:00,1242.6,1243.3,1242.6,1243.3,381
2026-03-13 14:01:00,1243.3,1244.0,1242.9,1244.0,106
2026-03-13 14:02:00,1244.0,1244.9,1243.3,1243.8,3652
2026-03-13 14:03:00,1243.8,1245.3,1242.8,1243.6,180
2026-03-13 14:04:00,1243.6,1244.6,1243.3,1243.6,616
2026-03-13 14:05:00,1243.6,1244.9,1243.3,1243.9,485
2026-03-13 14:06:00,1243.9,1245.1,1243.9,1244.0,469
2026-03-13 14:07:00,1244.0,1244.0,1243.5,1243.6,26
2026-03-13 14:08:00,1243.6,1243.9,1242.8,1243.9,612
2026-03-13 14:09:00,1243.9,1245.7,1243.8,1245.7,2286
2026-03-13 14:10:00,1245.0,1246.2,1243.9,1244.9,1792
2026-03-13 14:11:00,1244.9,1244.9,1243.5,1243.8,192
2026-03-13 14:12:00,1243.8,1244.7,1243.5,1243.8,328
2026-03-13 14:13:00,1243.8,1245.7,1243.6,1244.8,1920
2026-03-13 14:14:00,1244.8,1246.3,1244.2,1246.1,8520
2026-03-13 14:15:00,1246.1,1246.2,1243.8,1243.8,2200
2026-03-13 14:16:00,1243.8,1243.8,1242.8,1242.8,19
2026-03-13 14:17:00,1242.8,1243.8,1242.7,1243.8,2040
2026-03-13 14:18:00,1243.8,1243.8,1243.2,1243.5,396
2026-03-13 14:19:00,1243.5,1247.3,1243.1,1247.2,4029
2026-03-13 14:20:00,1247.2,1249.9,1247.2,1248.9,1155
2026-03-13 14:21:00,1248.2,1248.3,1246.0,1246.0,2159
2026-03-13 14:22:00,1246.0,1246.0,1243.0,1243.8,2033
2026-03-13 14:23:00,1243.8,1244.7,1243.6,1243.6,468
2026-03-13 14:24:00,1243.6,1244.0,1243.5,1243.9,129
2026-03-13 14:25:00,1244.7,1245.4,1243.6,1244.2,277
2026-03-13 14:26:00,1244.2,1244.3,1243.2,1243.8,175
2026-03-13 14:27:00,1243.8,1249.3,1243.4,1248.8,15996
2026-03-13 14:28:00,1248.8,1249.8,1247.6,1248.8,754
2026-03-13 14:29:00,1248.8,1248.8,1246.1,1246.2,149
2026-03-13 14:30:00,1246.2,1248.0,1246.2,1247.6,1057
2026-03-13 14:31:00,1247.6,1247.6,1247.5,1247.6,461
2026-03-13 14:32:00,1248.4,1248.4,1247.4,1248.2,1593
2026-03-13 14:33:00,1248.1,1251.0,1247.7,1251.0,1742
2026-03-13 14:34:00,1251.0,1251.8,1250.0,1250.3,160
2026-03-13 14:35:00,1250.3,1250.8,1248.1,1249.7,987
2026-03-13 14:36:00,1249.7,1249.7,1249.3,1249.3,97
2026-03-13 14:37:00,1249.7,1250.0,1248.0,1249.4,1679
2026-03-13 14:38:00,1249.4,1252.2,1249.4,1251.0,1143
2026-03-13 14:39:00,1251.0,1251.0,1248.1,1248.1,2326
2026-03-13 14:40:00,1248.1,1249.2,1247.5,1248.5,2219
2026-03-13 14:41:00,1248.5,1249.2,1248.5,1248.8,61
2026-03-13 14:42:00,1248.8,1248.8,1247.5,1247.5,541
2026-03-13 14:43:00,1247.5,1247.5,1247.2,1247.2,199
2026-03-13 14:44:00,1247.2,1250.0,1246.6,1250.0,1747
2026-03-13 14:45:00,1250.0,1250.7,1246.7,1247.2,846
2026-03-13 14:46:00,1247.2,1247.2,1244.4,1244.4,1436
2026-03-13 14:47:00,1243.6,1247.3,1243.6,1246.8,1372
2026-03-13 14:48:00,1246.8,1246.8,1245.1,1246.6,1431
2026-03-13 14:49:00,1246.0,1249.1,1245.7,1247.2,4644
2026-03-13 14:50:00,1247.3,1249.4,1247.3,1249.4,638
2026-03-13 14:51:00,1249.4,1250.8,1249.1,1250.7,1021
2026-03-13 14:52:00,1249.7,1249.7,1249.0,1249.0,773
2026-03-13 14:53:00,1249.0,1249.0,1246.1,1246.4,2753
2026-03-13 14:54:00,1246.4,1248.2,1246.4,1247.4,1730
2026-03-13 14:55:00,1247.4,1248.6,1247.4,1248.6,372
2026-03-13 14:56:00,1248.6,1248.6,1246.5,1247.5,426
2026-03-13 14:57:00,1247.5,1248.1,1246.0,1247.6,1786
2026-03-13 14:58:00,1247.6,1249.0,1247.0,1248.6,1430
2026-03-13 14:59:00,1248.6,1249.3,1248.0,1248.0,176
2026-03-13 15:00:00,1248.0,1251.8,1248.0,1251.8,2032
2026-03-13 15:01:00,1250.4,1251.4,1249.8,1249.8,1447
2026-03-13 15:02:00,1249.7,1249.8,1248.8,1249.2,893
2026-03-13 15:03:00,1249.2,1249.2,1246.9,1247.9,3113
2026-03-13 15:04:00,1247.9,1248.1,1247.1,1248.1,3514
2026-03-13 15:05:00,1248.1,1251.6,1248.1,1251.5,4981
2026-03-13 15:06:00,1251.5,1254.7,1251.5,1254.2,13035
2026-03-13 15:07:00,1254.7,1255.7,1252.1,1253.3,19416
2026-03-13 15:08:00,1252.3,1257.2,1251.1,1256.0,44014
2026-03-13 15:09:00,1256.0,1256.0,1252.6,1253.0,24865
2026-03-13 15:10:00,1253.5,1260.0,1253.5,1257.9,51886
2026-03-13 15:11:00,1257.9,1261.9,1255.1,1261.9,8475
2026-03-13 15:12:00,1261.9,1262.0,1260.2,1260.9,7802
2026-03-13 15:13:00,1260.9,1263.6,1260.4,1263.0,3709
2026-03-13 15:14:00,1263.5,1268.1,1263.0,1265.4,44041
2026-03-13 15:15:00,1265.4,1265.4,1260.1,1261.1,5765
2026-03-13 15:16:00,1261.1,1263.9,1261.0,1263.2,1989
2026-03-13 15:17:00,1263.0,1263.6,1261.2,1262.7,878
2026-03-13 15:18:00,1262.7,1262.7,1261.2,1262.2,1007
2026-03-13 15:19:00,1261.6,1261.8,1260.5,1261.1,1587
2026-03-13 15:20:00,1261.0,1261.0,1260.5,1260.5,1194
2026-03-13 15:21:00,1260.5,1260.5,1256.6,1256.6,7325
2026-03-13 15:22:00,1256.6,1256.6,1254.0,1254.0,900
2026-03-13 15:23:00,1253.9,1253.9,1252.6,1252.6,1857
2026-03-13 15:24:00,1252.6,1252.7,1252.3,1252.5,3091
2026-03-13 15:25:00,1252.5,1254.6,1251.4,1251.4,7173
2026-03-13 15:26:00,1251.2,1251.2,1249.7,1249.7,2196
2026-03-13 15:27:00,1249.7,1249.9,1249.7,1249.8,1707
2026-03-13 15:28:00,1249.7,1250.5,1249.2,1250.2,2104
2026-03-13 15:29:00,1250.0,1260.0,1250.0,1259.6,3070
2026-03-16 09:15:00,1257.2,1261.0,1250.1,1253.5,3793
2026-03-16 09:16:00,1252.0,1252.7,1246.2,1247.4,1034
2026-03-16 09:17:00,1247.0,1249.9,1242.4,1242.4,2126
2026-03-16 09:18:00,1243.6,1244.6,1240.7,1243.5,2378
2026-03-16 09:19:00,1242.4,1246.0,1238.5,1238.5,2157
2026-03-16 09:20:00,1238.4,1238.4,1234.6,1234.8,6063
2026-03-16 09:21:00,1235.0,1235.0,1232.2,1233.0,5661
2026-03-16 09:22:00,1233.7,1235.7,1232.1,1235.1,1729
2026-03-16 09:23:00,1234.3,1235.4,1231.2,1232.3,2904
2026-03-16 09:24:00,1231.7,1234.7,1231.6,1233.9,1883
2026-03-16 09:25:00,1233.9,1233.9,1226.9,1229.0,9950
2026-03-16 09:26:00,1229.0,1231.5,1228.2,1231.5,1118
2026-03-16 09:27:00,1232.9,1235.4,1231.5,1234.7,2779
2026-03-16 09:28:00,1234.4,1234.6,1232.0,1233.0,3220
2026-03-16 09:29:00,1233.0,1233.6,1232.0,1232.1,3040
2026-03-16 09:30:00,1232.1,1232.1,1228.8,1231.3,804
2026-03-16 09:31:00,1231.3,1233.0,1229.3,1232.5,680
2026-03-16 09:32:00,1232.5,1233.4,1231.0,1232.7,975
2026-03-16 09:33:00,1232.5,1234.0,1232.1,1232.1,1839
2026-03-16 09:34:00,1232.3,1237.8,1232.3,1237.7,2367
2026-03-16 09:35:00,1236.6,1239.4,1236.6,1239.4,3839
2026-03-16 09:36:00,1238.4,1241.1,1238.4,1240.2,1857
2026-03-16 09:37:00,1240.2,1240.9,1237.8,1239.9,4384
2026-03-16 09:38:00,1240.0,1241.0,1239.6,1240.7,4218
2026-03-16 09:39:00,1242.0,1242.3,1240.8,1241.5,1108
2026-03-16 09:40:00,1241.3,1244.8,1240.8,1244.5,1995
2026-03-16 09:41:00,1244.5,1244.8,1242.1,1242.9,1591
2026-03-16 09:42:00,1242.9,1243.3,1241.5,1241.7,985
2026-03-16 09:43:00,1241.7,1241.7,1239.4,1239.5,1728
2026-03-16 09:44:00,1240.3,1241.5,1239.6,1240.6,1598
2026-03-16 09:45:00,1239.4,1240.4,1238.7,1239.8,3430
2026-03-16 09:46:00,1239.9,1241.0,1238.4,1240.6,1526
2026-03-16 09:47:00,1240.1,1241.9,1240.1,1241.0,1069
2026-03-16 09:48:00,1241.0,1242.3,1240.0,1241.6,510
2026-03-16 09:49:00,1241.6,1242.0,1240.2,1241.6,504
2026-03-16 09:50:00,1241.6,1241.6,1240.1,1240.8,76
2026-03-16 09:51:00,1240.8,1244.3,1240.0,1244.0,1007
2026-03-16 09:52:00,1244.0,1249.6,1244.0,1249.0,4357
2026-03-16 09:53:00,1249.0,1249.0,1244.4,1244.5,2514
2026-03-16 09:54:00,1244.5,1244.5,1241.5,1241.5,250
2026-03-16 09:55:00,1241.5,1243.0,1241.0,1243.0,713
2026-03-16 09:56:00,1243.0,1243.0,1240.7,1241.0,513
2026-03-16 09:57:00,1240.2,1242.0,1240.2,1241.1,740
2026-03-16 09:58:00,1241.2,1241.3,1240.4,1240.6,293
2026-03-16 09:59:00,1240.0,1240.0,1238.2,1238.2,341
2026-03-16 10:00:00,1238.2,1238.8,1237.3,1237.5,1792
2026-03-16 10:01:00,1237.5,1238.2,1236.6,1236.6,507
2026-03-16 10:02:00,1236.0,1237.0,1235.8,1235.8,159
2026-03-16 10:03:00,1235.8,1236.1,1234.1,1234.8,1025
2026-03-16 10:04:00,1234.8,1235.2,1233.6,1234.0,1112
2026-03-16 10:05:00,1233.5,1235.7,1233.5,1234.9,1051
2026-03-16 10:06:00,1235.1,1236.4,1233.0,1233.0,1407
2026-03-16 10:07:00,1233.1,1233.7,1232.1,1233.0,1907
2026-03-16 10:08:00,1233.9,1233.9,1231.0,1231.0,6647
2026-03-16 10:09:00,1231.0,1231.0,1227.4,1228.0,3566
2026-03-16 10:10:00,1227.8,1228.5,1225.5,1225.8,2697
2026-03-16 10:11:00,1225.9,1226.7,1225.2,1225.2,1540
2026-03-16 10:12:00,1224.9,1225.5,1223.7,1224.1,2386
2026-03-16 10:13:00,1224.5,1225.5,1222.0,1223.0,2343
2026-03-16 10:14:00,1223.0,1224.7,1222.0,1223.5,2994
2026-03-16 10:15:00,1223.7,1224.3,1220.7,1221.0,3815
2026-03-16 10:16:00,1221.0,1225.0,1220.7,1225.0,3387
2026-03-16 10:17:00,1225.0,1225.0,1218.0,1218.0,8758
2026-03-16 10:18:00,1218.8,1218.8,1216.5,1218.5,4935
2026-03-16 10:19:00,1218.5,1218.5,1215.0,1215.0,5542
2026-03-16 10:20:00,1215.9,1215.9,1214.3,1215.0,3385
2026-03-16 10:21:00,1215.0,1219.0,1214.8,1218.4,7757
2026-03-16 10:22:00,1218.4,1219.0,1217.0,1217.0,2921
2026-03-16 10:23:00,1217.0,1217.6,1215.1,1215.6,2040
2026-03-16 10:24:00,1215.8,1216.2,1214.6,1215.4,943
2026-03-16 10:25:00,1215.4,1216.2,1214.6,1215.7,1855
2026-03-16 10:26:00,1215.0,1216.0,1215.0,1215.0,1624
2026-03-16 10:27:00,1215.0,1215.0,1212.7,1214.1,5799
2026-03-16 10:28:00,1214.0,1214.2,1213.1,1214.0,3827
2026-03-16 10:29:00,1214.0,1214.3,1213.1,1213.4,4618
2026-03-16 10:30:00,1213.0,1216.1,1213.0,1213.8,3486
2026-03-16 10:31:00,1215.0,1217.0,1213.3,1216.8,5384
2026-03-16 10:32:00,1216.0,1216.9,1216.0,1216.7,1351
2026-03-16 10:33:00,1216.1,1216.1,1214.1,1214.4,3747
2026-03-16 10:34:00,1215.5,1215.5,1213.0,1213.0,7780
2026-03-16 10:35:00,1213.0,1213.5,1212.4,1212.4,6428
2026-03-16 10:36:00,1213.1,1213.1,1210.7,1212.1,8757
2026-03-16 10:37:00,1212.1,1213.2,1211.5,1212.0,2935
2026-03-16 10:38:00,1211.5,1214.2,1211.5,1213.0,4117
2026-03-16 10:39:00,1211.4,1211.4,1209.6,1209.6,14173
2026-03-16 10:40:00,1209.6,1211.6,1209.0,1210.1,5864
2026-03-16 10:41:00,1210.1,1211.8,1209.5,1210.7,2190
2026-03-16 10:42:00,1210.7,1211.5,1208.0,1208.0,4668
2026-03-16 10:43:00,1209.0,1209.3,1207.7,1209.3,2537
2026-03-16 10:44:00,1209.5,1209.5,1207.1,1207.2,8938
2026-03-16 10:45:00,1207.2,1207.7,1205.1,1206.1,3210
2026-03-16 10:46:00,1207.2,1208.3,1206.0,1206.2,2892
2026-03-16 10:47:00,1207.3,1211.2,1206.2,1210.0,10681
2026-03-16 10:48:00,1210.0,1210.5,1207.4,1207.4,1830
2026-03-16 10:49:00,1207.4,1208.2,1207.4,1207.6,174
2026-03-16 10:50:00,1207.6,1208.7,1206.6,1206.6,609
2026-03-16 10:51:00,1206.6,1207.0,1206.0,1206.1,2996
2026-03-16 10:52:00,1205.2,1206.2,1205.1,1206.2,9435
2026-03-16 10:53:00,1206.0,1206.8,1205.0,1205.7,1701
2026-03-16 10:54:00,1205.0,1206.4,1205.0,1205.4,1228
2026-03-16 10:55:00,1205.1,1205.4,1204.0,1205.0,24866
2026-03-16 10:56:00,1205.0,1206.1,1204.0,1205.3,8586
2026-03-16 10:57:00,1204.1,1207.3,1204.0,1206.8,4048
2026-03-16 10:58:00,1206.4,1210.5,1206.4,1210.0,2001
2026-03-16 10:59:00,1209.9,1214.0,1209.9,1211.7,2625
2026-03-16 11:00:00,1211.7,1215.5,1211.0,1215.0,10050
2026-03-16 11:01:00,1215.0,1215.6,1212.6,1215.0,8791
2026-03-16 11:02:00,1215.0,1215.6,1214.7,1215.6,8765
2026-03-16 11:03:00,1215.6,1216.1,1214.3,1214.3,8039
2026-03-16 11:04:00,1214.3,1218.0,1214.3,1217.0,4963
2026-03-16 11:05:00,1217.0,1217.4,1215.0,1217.4,1325
2026-03-16 11:06:00,1217.4,1218.1,1216.6,1218.1,1116
2026-03-16 11:07:00,1219.0,1220.9,1218.2,1219.5,9622
2026-03-16 11:08:00,1219.6,1220.1,1217.9,1218.0,8454
2026-03-16 11:09:00,1218.0,1218.7,1216.8,1217.6,9487
2026-03-16 11:10:00,1217.5,1220.0,1217.5,1217.5,3201
2026-03-16 11:11:00,1217.5,1217.5,1214.1,1215.0,10858
2026-03-16 11:12:00,1215.0,1216.4,1214.1,1214.1,1238
2026-03-16 11:13:00,1214.1,1215.2,1214.1,1215.0,2053
2026-03-16 11:14:00,1215.0,1217.0,1215.0,1215.6,1196
2026-03-16 11:15:00,1215.6,1218.0,1215.0,1216.9,2399
2026-03-16 11:16:00,1216.9,1219.3,1216.9,1219.3,3449
2026-03-16 11:17:00,1219.3,1219.7,1217.0,1218.4,5636
2026-03-16 11:18:00,1219.1,1220.2,1218.0,1218.9,2623
2026-03-16 11:19:00,1218.9,1223.0,1218.9,1222.1,6475
2026-03-16 11:20:00,1222.1,1224.0,1220.0,1222.1,11439
2026-03-16 11:21:00,1222.1,1224.1,1221.8,1224.1,2336
2026-03-16 11:22:00,1223.4,1224.3,1221.9,1222.9,9726
2026-03-16 11:23:00,1222.9,1223.9,1221.5,1221.8,862
2026-03-16 11:24:00,1221.8,1222.0,1220.4,1221.0,1336
2026-03-16 11:25:00,1221.0,1221.0,1219.3,1219.4,5265
2026-03-16 11:26:00,1219.4,1220.6,1219.1,1220.0,4579
2026-03-16 11:27:00,1220.0,1220.4,1220.0,1220.0,1359
2026-03-16 11:28:00,1220.0,1220.3,1218.2,1218.2,1870
2026-03-16 11:29:00,1218.2,1218.6,1218.2,1218.2,1771
2026-03-16 11:30:00,1218.2,1219.6,1218.0,1218.0,1333
2026-03-16 11:31:00,1218.0,1218.4,1216.5,1218.0,5784
2026-03-16 11:32:00,1218.0,1219.8,1217.6,1218.8,2953
2026-03-16 11:33:00,1218.8,1221.2,1218.8,1220.3,3532
2026-03-16 11:34:00,1220.3,1223.9,1220.0,1223.9,12980
2026-03-16 11:35:00,1223.9,1225.6,1223.5,1225.4,4362
2026-03-16 11:36:00,1225.0,1225.0,1221.3,1222.0,7227
2026-03-16 11:37:00,1222.0,1222.0,1220.0,1221.2,2693
2026-03-16 11:38:00,1221.2,1221.6,1220.2,1221.1,530
2026-03-16 11:39:00,1221.1,1221.1,1220.0,1220.3,752
2026-03-16 11:40:00,1220.3,1221.8,1220.0,1220.5,958
2026-03-16 11:41:00,1220.5,1225.0,1220.5,1223.5,45154
2026-03-16 11:42:00,1223.2,1224.2,1221.7,1222.2,462
2026-03-16 11:43:00,1222.2,1222.9,1220.4,1220.4,1350
2026-03-16 11:44:00,1220.4,1220.5,1217.9,1217.9,8813
2026-03-16 11:45:00,1218.0,1218.7,1217.6,1218.3,3721
2026-03-16 11:46:00,1218.3,1220.0,1218.3,1219.0,4458
2026-03-16 11:47:00,1219.0,1219.6,1219.0,1219.0,211
2026-03-16 11:48:00,1218.9,1220.5,1217.3,1219.1,3017
2026-03-16 11:49:00,1219.6,1220.0,1218.8,1219.6,634
2026-03-16 11:50:00,1219.0,1219.8,1218.7,1219.1,422
2026-03-16 11:51:00,1219.3,1220.1,1217.4,1217.4,352
2026-03-16 11:52:00,1217.4,1217.5,1216.5,1217.1,2552
2026-03-16 11:53:00,1217.1,1217.1,1216.0,1216.0,733
2026-03-16 11:54:00,1216.0,1217.3,1216.0,1216.7,1647
2026-03-16 11:55:00,1216.7,1216.7,1216.0,1216.0,998
2026-03-16 11:56:00,1216.0,1216.8,1215.0,1216.6,2924
2026-03-16 11:57:00,1217.0,1218.5,1216.1,1218.5,1786
2026-03-16 11:58:00,1218.5,1218.7,1216.9,1218.6,2336
2026-03-16 11:59:00,1218.6,1218.7,1217.1,1217.2,784
2026-03-16 12:00:00,1217.8,1220.2,1217.8,1219.1,4304
2026-03-16 12:01:00,1219.1,1220.8,1219.1,1220.3,2885
2026-03-16 12:02:00,1220.2,1221.4,1219.8,1220.6,1487
2026-03-16 12:03:00,1220.6,1226.6,1220.6,1225.3,4149
2026-03-16 12:04:00,1225.3,1225.3,1220.6,1220.6,864
2026-03-16 12:05:00,1220.6,1220.8,1220.0,1220.7,558
2026-03-16 12:06:00,1220.7,1220.8,1219.2,1220.4,2214
2026-03-16 12:07:00,1220.2,1220.4,1219.3,1219.3,287
2026-03-16 12:08:00,1219.3,1221.9,1219.2,1221.0,3113
2026-03-16 12:09:00,1221.0,1221.0,1220.0,1220.8,208
2026-03-16 12:10:00,1220.8,1220.8,1219.3,1219.4,51
2026-03-16 12:11:00,1219.4,1221.6,1219.0,1220.0,1810
2026-03-16 12:12:00,1220.5,1221.8,1220.5,1221.6,341
2026-03-16 12:13:00,1224.0,1224.0,1222.8,1223.1,4523
2026-03-16 12:14:00,1223.1,1223.3,1223.0,1223.3,1398
2026-03-16 12:15:00,1223.3,1223.3,1222.0,1222.0,1968
2026-03-16 12:16:00,1222.0,1222.0,1220.6,1221.0,1963
2026-03-16 12:17:00,1221.0,1222.1,1221.0,1221.3,434
2026-03-16 12:18:00,1221.3,1221.4,1220.0,1220.0,1190
2026-03-16 12:19:00,1220.0,1220.7,1219.6,1219.6,953
2026-03-16 12:20:00,1219.6,1220.0,1219.2,1219.3,1397
2026-03-16 12:21:00,1219.3,1220.0,1219.0,1219.6,1181
2026-03-16 12:22:00,1219.6,1219.8,1218.8,1218.8,1024
2026-03-16 12:23:00,1218.8,1219.8,1218.5,1218.5,718
2026-03-16 12:24:00,1218.5,1221.5,1218.5,1221.0,2721
2026-03-16 12:25:00,1221.0,1221.5,1219.7,1221.0,2970
2026-03-16 12:26:00,1221.0,1221.0,1219.2,1219.2,211
2026-03-16 12:27:00,1219.2,1219.5,1219.1,1219.4,1960
2026-03-16 12:28:00,1219.4,1219.4,1218.1,1218.1,3234
2026-03-16 12:29:00,1218.1,1219.2,1218.1,1218.5,2310
2026-03-16 12:30:00,1218.5,1218.9,1217.6,1218.0,1010
2026-03-16 12:31:00,1218.0,1218.2,1217.8,1218.0,2737
2026-03-16 12:32:00,1217.8,1219.0,1217.8,1219.0,2331
2026-03-16 12:33:00,1219.0,1219.0,1217.0,1217.0,985
2026-03-16 12:34:00,1217.2,1217.2,1216.0,1216.0,3875
2026-03-16 12:35:00,1216.0,1216.2,1212.6,1213.5,9503
2026-03-16 12:36:00,1213.2,1217.2,1213.1,1216.9,2889
2026-03-16 12:37:00,1216.9,1220.8,1216.2,1219.8,4744
2026-03-16 12:38:00,1219.8,1220.0,1218.8,1219.7,4333
2026-03-16 12:39:00,1219.8,1221.2,1219.3,1220.0,1785
2026-03-16 12:40:00,1220.0,1220.0,1219.1,1219.1,456
2026-03-16 12:41:00,1219.6,1220.4,1218.9,1219.3,1592
2026-03-16 12:42:00,1219.3,1219.3,1217.5,1217.5,1492
2026-03-16 12:43:00,1217.5,1218.4,1217.5,1218.0,1252
2026-03-16 12:44:00,1218.0,1218.0,1217.0,1217.1,10192
2026-03-16 12:45:00,1217.1,1217.3,1216.5,1216.5,2657
2026-03-16 12:46:00,1216.5,1217.0,1216.0,1216.2,7563
2026-03-16 12:47:00,1216.2,1216.6,1215.1,1215.8,2131
2026-03-16 12:48:00,1215.8,1216.0,1215.1,1215.2,3492
2026-03-16 12:49:00,1215.2,1215.7,1214.0,1215.1,3636
2026-03-16 12:50:00,1215.1,1215.5,1215.0,1215.0,348
2026-03-16 12:51:00,1215.0,1215.2,1215.0,1215.0,1358
2026-03-16 12:52:00,1215.0,1215.6,1215.0,1215.4,1557
2026-03-16 12:53:00,1215.4,1218.0,1215.4,1217.8,1844
2026-03-16 12:54:00,1217.8,1219.4,1217.4,1217.4,2508
2026-03-16 12:55:00,1217.4,1217.4,1216.3,1216.3,2077
2026-03-16 12:56:00,1216.3,1216.8,1216.0,1216.1,872
2026-03-16 12:57:00,1216.1,1216.7,1216.0,1216.0,351
2026-03-16 12:58:00,1216.0,1216.9,1215.1,1215.1,1390
2026-03-16 12:59:00,1215.1,1215.9,1215.0,1215.4,729
2026-03-16 13:00:00,1215.4,1215.9,1215.4,1215.5,46
2026-03-16 13:01:00,1215.0,1217.7,1215.0,1217.7,2213
2026-03-16 13:02:00,1217.7,1221.2,1217.7,1220.5,1251
2026-03-16 13:03:00,1220.5,1221.1,1219.5,1219.5,958
2026-03-16 13:04:00,1219.5,1220.4,1217.4,1217.4,1375
2026-03-16 13:05:00,1216.1,1216.1,1213.4,1213.4,2419
2026-03-16 13:06:00,1213.6,1214.2,1213.5,1214.1,677
2026-03-16 13:07:00,1214.1,1214.4,1213.5,1213.7,481
2026-03-16 13:08:00,1213.7,1214.6,1213.6,1214.4,581
2026-03-16 13:09:00,1214.4,1215.3,1214.4,1214.5,661
2026-03-16 13:10:00,1214.7,1214.7,1213.4,1214.5,1333
2026-03-16 13:11:00,1214.7,1215.9,1214.1,1214.7,804
2026-03-16 13:12:00,1214.7,1216.6,1214.7,1214.9,717
2026-03-16 13:13:00,1214.9,1214.9,1211.4,1211.5,2541
2026-03-16 13:14:00,1211.5,1212.5,1211.4,1211.5,979
2026-03-16 13:15:00,1211.5,1212.2,1211.5,1212.2,505
2026-03-16 13:16:00,1212.2,1212.2,1211.5,1211.6,842
2026-03-16 13:17:00,1211.6,1212.6,1211.5,1211.7,1054
2026-03-16 13:18:00,1211.7,1212.3,1211.5,1212.0,814
2026-03-16 13:19:00,1211.9,1212.3,1211.5,1211.8,679
2026-03-16 13:20:00,1211.8,1212.5,1211.5,1211.8,701
2026-03-16 13:21:00,1211.7,1216.7,1211.7,1216.0,5038
2026-03-16 13:22:00,1215.2,1215.8,1215.0,1215.2,192
2026-03-16 13:23:00,1215.2,1215.2,1213.5,1214.0,2036
2026-03-16 13:24:00,1214.0,1215.6,1213.0,1215.6,2008
2026-03-16 13:25:00,1215.6,1215.6,1214.7,1214.8,1190
2026-03-16 13:26:00,1214.8,1216.2,1214.8,1215.2,1042
2026-03-16 13:27:00,1216.0,1216.0,1215.3,1215.3,1027
2026-03-16 13:28:00,1215.3,1216.2,1215.3,1216.2,1815
2026-03-16 13:29:00,1216.0,1216.0,1215.4,1216.0,1317
2026-03-16 13:30:00,1216.0,1217.7,1215.4,1217.0,5041
2026-03-16 13:31:00,1217.0,1217.4,1216.0,1216.8,4425
2026-03-16 13:32:00,1216.6,1217.3,1216.0,1216.6,1708
2026-03-16 13:33:00,1216.6,1217.1,1216.5,1217.1,1729
2026-03-16 13:34:00,1217.1,1217.9,1216.8,1217.3,1181
2026-03-16 13:35:00,1217.3,1218.9,1217.0,1218.2,3814
2026-03-16 13:36:00,1218.0,1219.3,1217.9,1218.5,1399
2026-03-16 13:37:00,1218.5,1220.5,1218.0,1218.0,2694
2026-03-16 13:38:00,1218.0,1219.6,1218.0,1219.6,1088
2026-03-16 13:39:00,1218.6,1220.0,1218.1,1219.1,1712
2026-03-16 13:40:00,1219.1,1219.9,1218.2,1219.5,1303
2026-03-16 13:41:00,1219.5,1222.0,1218.2,1221.5,4784
2026-03-16 13:42:00,1221.5,1222.1,1221.0,1221.3,4579
2026-03-16 13:43:00,1221.3,1222.0,1220.7,1221.0,1786
2026-03-16 13:44:00,1221.0,1221.8,1220.9,1221.0,5231
2026-03-16 13:45:00,1221.0,1221.6,1218.9,1219.3,3215
2026-03-16 13:46:00,1219.3,1219.3,1218.0,1218.5,1364
2026-03-16 13:47:00,1218.5,1219.1,1218.1,1218.1,1340
2026-03-16 13:48:00,1218.1,1218.5,1215.1,1215.1,4240
2026-03-16 13:49:00,1215.1,1215.6,1214.2,1215.2,1918
2026-03-16 13:50:00,1215.2,1215.2,1213.0,1213.0,595
2026-03-16 13:51:00,1212.2,1213.6,1211.7,1213.5,1906
2026-03-16 13:52:00,1214.1,1215.5,1214.1,1215.2,1214
2026-03-16 13:53:00,1215.9,1215.9,1214.0,1215.5,2445
2026-03-16 13:54:00,1215.5,1215.5,1213.6,1213.7,771
2026-03-16 13:55:00,1213.7,1213.9,1213.1,1213.1,736
2026-03-16 13:56:00,1213.1,1215.0,1212.0,1215.0,935
2026-03-16 13:57:00,1215.0,1215.1,1213.1,1213.5,626
2026-03-16 13:58:00,1214.3,1214.3,1212.0,1212.5,1241
2026-03-16 13:59:00,1213.1,1214.4,1212.1,1212.7,1183
2026-03-16 14:00:00,1212.7,1212.7,1212.0,1212.0,483
2026-03-16 14:01:00,1212.0,1212.9,1211.5,1211.8,2443
2026-03-16 14:02:00,1211.8,1212.0,1211.5,1212.0,918
2026-03-16 14:03:00,1212.0,1213.8,1211.1,1213.8,1574
2026-03-16 14:04:00,1213.8,1214.5,1212.9,1212.9,347
2026-03-16 14:05:00,1212.9,1218.7,1212.6,1218.3,13421
2026-03-16 14:06:00,1218.3,1218.3,1217.9,1218.0,17932
2026-03-16 14:07:00,1218.0,1218.0,1214.2,1214.3,4720
2026-03-16 14:08:00,1215.2,1215.2,1213.5,1213.5,831
2026-03-16 14:09:00,1213.5,1214.7,1213.5,1214.0,1268
2026-03-16 14:10:00,1214.0,1215.7,1213.5,1215.1,623
2026-03-16 14:11:00,1214.6,1217.8,1213.6,1216.9,4097
2026-03-16 14:12:00,1216.9,1217.8,1216.8,1217.1,1532
2026-03-16 14:13:00,1217.0,1217.0,1215.1,1215.1,730
2026-03-16 14:14:00,1215.1,1215.2,1214.4,1214.5,841
2026-03-16 14:15:00,1214.9,1214.9,1212.8,1212.8,1840
2026-03-16 14:16:00,1212.8,1213.2,1212.6,1213.1,538
2026-03-16 14:17:00,1213.0,1214.1,1212.6,1214.1,981
2026-03-16 14:18:00,1213.6,1218.8,1213.6,1218.8,4341
2026-03-16 14:19:00,1217.9,1221.6,1217.9,1221.6,12587
2026-03-16 14:20:00,1221.3,1222.1,1220.9,1221.6,3045
2026-03-16 14:21:00,1222.2,1228.6,1222.2,1225.0,15707
2026-03-16 14:22:00,1225.1,1227.0,1225.0,1226.9,1998
2026-03-16 14:23:00,1226.9,1228.0,1225.8,1227.1,3237
2026-03-16 14:24:00,1227.1,1227.5,1226.2,1226.7,879
2026-03-16 14:25:00,1226.7,1227.7,1225.0,1225.0,2762
2026-03-16 14:26:00,1225.0,1227.2,1224.6,1226.6,10164
2026-03-16 14:27:00,1227.2,1230.4,1227.2,1229.8,13125
2026-03-16 14:28:00,1229.8,1232.0,1229.8,1231.4,22939
2026-03-16 14:29:00,1231.4,1232.4,1231.3,1232.1,6842
2026-03-16 14:30:00,1232.8,1234.0,1230.0,1230.0,11355
2026-03-16 14:31:00,1230.0,1233.3,1229.2,1233.0,6975
2026-03-16 14:32:00,1233.0,1234.6,1233.0,1234.1,2021
2026-03-16 14:33:00,1233.8,1235.0,1233.0,1233.1,4099
2026-03-16 14:34:00,1233.1,1235.5,1231.6,1231.6,5484
2026-03-16 14:35:00,1231.6,1233.2,1231.1,1232.9,2861
2026-03-16 14:36:00,1232.9,1233.8,1232.4,1232.9,2689
2026-03-16 14:37:00,1233.5,1237.0,1232.6,1236.2,9464
2026-03-16 14:38:00,1236.2,1236.2,1234.0,1235.5,3276
2026-03-16 14:39:00,1235.0,1237.2,1234.7,1237.1,4255
2026-03-16 14:40:00,1237.1,1237.9,1235.9,1236.3,1405
2026-03-16 14:41:00,1237.8,1237.8,1234.1,1234.1,4526
2026-03-16 14:42:00,1234.1,1234.5,1228.2,1233.5,186284
2026-03-16 14:43:00,1232.3,1236.8,1230.1,1236.0,51293
2026-03-16 14:44:00,1236.0,1237.0,1235.0,1235.0,3625
2026-03-16 14:45:00,1235.3,1236.5,1234.4,1235.0,2553
2026-03-16 14:46:00,1235.0,1235.5,1233.5,1234.4,1487
2026-03-16 14:47:00,1234.4,1236.6,1234.3,1235.0,1077
2026-03-16 14:48:00,1235.0,1236.4,1235.0,1235.5,1404
2026-03-16 14:49:00,1235.5,1237.3,1235.5,1236.4,1676
2026-03-16 14:50:00,1236.4,1237.0,1235.3,1235.4,1232
2026-03-16 14:51:00,1235.4,1237.0,1235.4,1236.1,2685
2026-03-16 14:52:00,1236.1,1240.0,1235.8,1239.3,6820
2026-03-16 14:53:00,1239.3,1244.0,1239.3,1244.0,10513
2026-03-16 14:54:00,1244.0,1245.2,1242.8,1243.9,6541
2026-03-16 14:55:00,1244.9,1246.1,1243.8,1244.6,6475
2026-03-16 14:56:00,1244.6,1246.2,1243.3,1243.8,3400
2026-03-16 14:57:00,1243.8,1246.2,1243.8,1245.1,3458
2026-03-16 14:58:00,1245.8,1246.6,1244.9,1245.5,13113
2026-03-16 14:59:00,1245.5,1246.7,1244.6,1245.2,41747
2026-03-16 15:00:00,1245.2,1246.1,1244.8,1245.2,46952
2026-03-16 15:01:00,1245.2,1246.0,1244.9,1245.6,14936
2026-03-16 15:02:00,1245.6,1247.8,1245.2,1246.1,5428
2026-03-16 15:03:00,1246.1,1249.6,1246.1,1249.6,2935
2026-03-16 15:04:00,1249.8,1249.8,1248.9,1249.4,2025
2026-03-16 15:05:00,1249.3,1250.6,1249.3,1249.6,2971
2026-03-16 15:06:00,1249.6,1252.5,1249.6,1252.5,3323
2026-03-16 15:07:00,1251.6,1253.5,1251.6,1252.9,2806
2026-03-16 15:08:00,1252.3,1253.0,1251.4,1251.7,2060
2026-03-16 15:09:00,1251.0,1251.9,1249.1,1250.1,3161
2026-03-16 15:10:00,1251.1,1252.0,1249.7,1251.6,3425
2026-03-16 15:11:00,1251.9,1253.1,1251.4,1253.0,2763
2026-03-16 15:12:00,1252.8,1253.7,1252.5,1253.0,8269
2026-03-16 15:13:00,1253.0,1253.2,1252.7,1253.0,8894
2026-03-16 15:14:00,1253.0,1253.4,1252.9,1253.3,32870
2026-03-16 15:15:00,1253.0,1254.2,1253.0,1253.9,10948
2026-03-16 15:16:00,1253.1,1253.5,1248.7,1250.2,80215
2026-03-16 15:17:00,1249.3,1254.0,1249.3,1251.6,8612
2026-03-16 15:18:00,1251.3,1253.0,1250.8,1252.3,4035
2026-03-16 15:19:00,1251.8,1252.9,1250.7,1250.9,5790
2026-03-16 15:20:00,1251.0,1251.8,1250.7,1250.8,6552
2026-03-16 15:21:00,1250.8,1251.9,1250.7,1251.9,27622
2026-03-16 15:22:00,1251.2,1253.2,1251.2,1253.0,3452
2026-03-16 15:23:00,1253.0,1253.1,1251.0,1252.0,6001
2026-03-16 15:24:00,1251.5,1251.5,1250.0,1251.5,25704
2026-03-16 15:25:00,1250.9,1252.4,1249.1,1250.7,24601
2026-03-16 15:26:00,1250.9,1250.9,1248.4,1249.6,5428
2026-03-16 15:27:00,1249.6,1249.6,1246.7,1249.2,5638
2026-03-16 15:28:00,1249.1,1250.0,1249.0,1249.3,5278
2026-03-16 15:29:00,1251.9,1257.3,1249.8,1250.0,4734
2026-03-17 09:15:00,1255.0,1261.7,1250.0,1261.7,1092
2026-03-17 09:16:00,1260.3,1263.7,1256.0,1256.8,2996
2026-03-17 09:17:00,1254.1,1254.1,1251.4,1251.4,1877
2026-03-17 09:18:00,1251.1,1252.1,1250.5,1252.0,791
2026-03-17 09:19:00,1251.1,1253.3,1250.8,1251.1,1641
2026-03-17 09:20:00,1251.4,1251.4,1246.8,1246.8,1802
2026-03-17 09:21:00,1246.8,1248.7,1246.2,1246.8,2289
2026-03-17 09:22:00,1246.8,1252.2,1246.8,1250.7,3106
2026-03-17 09:23:00,1250.5,1252.0,1248.0,1250.9,2759
2026-03-17 09:24:00,1250.9,1252.0,1249.1,1249.5,1312
2026-03-17 09:25:00,1250.3,1250.3,1248.0,1248.7,2422
2026-03-17 09:26:00,1248.7,1249.5,1247.0,1248.3,3533
2026-03-17 09:27:00,1248.0,1248.5,1246.3,1248.2,784
2026-03-17 09:28:00,1248.2,1250.7,1247.6,1247.6,1332
2026-03-17 09:29:00,1248.0,1250.1,1247.4,1247.7,1648
2026-03-17 09:30:00,1247.7,1250.5,1247.7,1249.3,483
2026-03-17 09:31:00,1249.3,1249.3,1247.9,1248.7,881
2026-03-17 09:32:00,1248.7,1248.8,1246.9,1248.1,286
2026-03-17 09:33:00,1248.1,1248.2,1246.0,1247.0,354
2026-03-17 09:34:00,1247.0,1247.7,1245.8,1245.8,1705
2026-03-17 09:35:00,1245.8,1247.8,1245.0,1247.2,1862
2026-03-17 09:36:00,1247.2,1253.3,1246.9,1253.3,2124
2026-03-17 09:37:00,1253.3,1253.3,1250.0,1250.0,450
2026-03-17 09:38:00,1250.0,1251.0,1248.6,1249.6,2202
2026-03-17 09:39:00,1249.6,1257.4,1249.6,1257.4,2507
2026-03-17 09:40:00,1257.4,1258.6,1256.7,1258.6,1361
2026-03-17 09:41:00,1258.6,1258.7,1256.5,1256.9,940
2026-03-17 09:42:00,1256.9,1256.9,1252.9,1252.9,275
2026-03-17 09:43:00,1252.9,1253.7,1251.2,1253.6,282
2026-03-17 09:44:00,1253.6,1254.3,1252.3,1253.0,525
2026-03-17 09:45:00,1253.1,1253.4,1251.1,1251.8,726
2026-03-17 09:46:00,1251.8,1253.4,1251.3,1253.4,533
2026-03-17 09:47:00,1253.4,1254.0,1252.9,1254.0,348
2026-03-17 09:48:00,1254.0,1254.2,1251.5,1252.0,1636
2026-03-17 09:49:00,1252.3,1253.1,1251.1,1253.0,2202
2026-03-17 09:50:00,1252.6,1252.6,1251.7,1251.7,152
2026-03-17 09:51:00,1251.7,1251.7,1248.0,1248.3,649
2026-03-17 09:52:00,1248.3,1249.4,1246.8,1248.1,904
2026-03-17 09:53:00,1248.1,1253.0,1248.1,1252.2,5377
2026-03-17 09:54:00,1252.2,1252.6,1251.0,1251.0,159
2026-03-17 09:55:00,1251.0,1251.8,1250.0,1250.4,269
2026-03-17 09:56:00,1250.0,1250.9,1250.0,1250.9,550
2026-03-17 09:57:00,1250.7,1252.0,1250.7,1251.9,593
2026-03-17 09:58:00,1251.9,1254.8,1251.9,1253.8,337
2026-03-17 09:59:00,1253.8,1254.4,1253.0,1254.0,208
2026-03-17 10:00:00,1254.5,1255.2,1254.5,1254.7,172
2026-03-17 10:01:00,1254.7,1255.9,1254.0,1255.9,738
2026-03-17 10:02:00,1255.9,1255.9,1254.7,1255.4,253
2026-03-17 10:03:00,1255.4,1256.9,1255.4,1256.0,1106
2026-03-17 10:04:00,1256.0,1256.0,1254.9,1255.4,105
2026-03-17 10:05:00,1255.6,1257.6,1255.6,1257.0,371
2026-03-17 10:06:00,1257.0,1257.5,1256.7,1257.0,301
2026-03-17 10:07:00,1256.9,1257.9,1256.4,1257.3,212
2026-03-17 10:08:00,1257.3,1257.6,1255.4,1255.4,717
2026-03-17 10:09:00,1255.4,1255.4,1254.7,1255.1,383
2026-03-17 10:10:00,1255.0,1255.1,1253.8,1253.9,1746
2026-03-17 10:11:00,1254.8,1254.8,1254.3,1254.3,23
2026-03-17 10:12:00,1254.3,1255.9,1254.2,1255.1,467
2026-03-17 10:13:00,1255.1,1255.1,1253.5,1253.8,672
2026-03-17 10:14:00,1253.8,1254.0,1253.0,1254.0,1037
2026-03-17 10:15:00,1254.3,1256.3,1254.3,1256.2,617
2026-03-17 10:16:00,1256.5,1256.7,1254.7,1255.0,1380
2026-03-17 10:17:00,1256.4,1256.5,1255.8,1256.3,277
2026-03-17 10:18:00,1256.3,1256.4,1255.0,1255.0,871
2026-03-17 10:19:00,1255.0,1256.0,1254.8,1255.9,1412
2026-03-17 10:20:00,1255.9,1258.0,1255.0,1257.9,1841
2026-03-17 10:21:00,1257.9,1258.6,1257.9,1258.5,571
2026-03-17 10:22:00,1258.5,1259.9,1258.5,1259.4,644
2026-03-17 10:23:00,1259.4,1259.4,1256.9,1259.0,1258
2026-03-17 10:24:00,1259.0,1259.2,1258.0,1258.5,1256
2026-03-17 10:25:00,1258.5,1258.7,1255.4,1255.4,853
2026-03-17 10:26:00,1255.4,1255.9,1254.3,1254.3,820
2026-03-17 10:27:00,1254.3,1254.3,1252.3,1252.7,4201
2026-03-17 10:28:00,1252.7,1252.7,1251.0,1251.0,1365
2026-03-17 10:29:00,1251.0,1251.0,1249.4,1249.4,442
2026-03-17 10:30:00,1249.4,1250.1,1248.4,1249.3,1876
2026-03-17 10:31:00,1249.5,1249.5,1249.0,1249.0,820
2026-03-17 10:32:00,1249.0,1249.0,1246.9,1246.9,414
2026-03-17 10:33:00,1246.9,1246.9,1244.0,1246.0,3852
2026-03-17 10:34:00,1246.0,1246.7,1244.1,1245.0,8775
2026-03-17 10:35:00,1245.0,1245.5,1240.1,1240.9,19958
2026-03-17 10:36:00,1240.7,1240.7,1237.3,1239.1,4915
2026-03-17 10:37:00,1238.9,1240.9,1238.7,1240.7,2476
2026-03-17 10:38:00,1240.7,1242.3,1240.1,1241.4,1360
2026-03-17 10:39:00,1241.4,1243.2,1241.4,1242.2,1706
2026-03-17 10:40:00,1242.2,1243.1,1241.0,1241.0,1937
2026-03-17 10:41:00,1241.0,1242.4,1240.1,1241.3,1136
2026-03-17 10:42:00,1241.3,1243.3,1241.1,1242.3,1363
2026-03-17 10:43:00,1242.0,1244.7,1241.9,1244.1,2798
2026-03-17 10:44:00,1244.1,1244.8,1243.6,1243.6,839
2026-03-17 10:45:00,1243.0,1243.9,1241.8,1242.6,1385
2026-03-17 10:46:00,1242.9,1244.9,1241.5,1243.5,1659
2026-03-17 10:47:00,1243.5,1243.5,1241.1,1243.0,3436
2026-03-17 10:48:00,1243.0,1244.2,1241.5,1242.9,1563
2026-03-17 10:49:00,1242.9,1246.2,1242.9,1245.1,1807
2026-03-17 10:50:00,1245.1,1245.6,1243.6,1243.6,1332
2026-03-17 10:51:00,1243.6,1245.8,1242.6,1244.4,1398
2026-03-17 10:52:00,1244.4,1244.4,1242.7,1243.9,1998
2026-03-17 10:53:00,1243.9,1245.2,1243.9,1244.9,1579
2026-03-17 10:54:00,1244.2,1245.0,1244.0,1244.5,1336
2026-03-17 10:55:00,1244.5,1245.5,1244.0,1245.1,1271
2026-03-17 10:56:00,1245.8,1246.9,1245.0,1245.0,2014
2026-03-17 10:57:00,1244.6,1244.7,1244.0,1244.0,5742
2026-03-17 10:58:00,1244.0,1244.8,1244.0,1244.0,2338
2026-03-17 10:59:00,1244.0,1244.3,1243.5,1244.0,23586
2026-03-17 11:00:00,1244.0,1244.0,1240.0,1243.5,19585
2026-03-17 11:01:00,1243.5,1244.2,1242.5,1242.5,1400
2026-03-17 11:02:00,1242.5,1244.0,1241.7,1242.9,1224
2026-03-17 11:03:00,1242.9,1242.9,1241.4,1242.1,1357
2026-03-17 11:04:00,1242.1,1242.5,1241.0,1241.5,1351
2026-03-17 11:05:00,1241.5,1242.4,1241.0,1241.3,1390
2026-03-17 11:06:00,1242.2,1243.0,1241.0,1241.8,1255
2026-03-17 11:07:00,1241.8,1242.8,1241.0,1241.0,1392
2026-03-17 11:08:00,1241.0,1241.7,1241.0,1241.0,13571
2026-03-17 11:09:00,1241.1,1242.2,1240.9,1241.5,3338
2026-03-17 11:10:00,1242.3,1243.0,1241.0,1241.0,5729
2026-03-17 11:11:00,1241.0,1242.1,1241.0,1241.3,2328
2026-03-17 11:12:00,1241.3,1242.5,1241.0,1241.0,1066
2026-03-17 11:13:00,1241.0,1241.1,1241.0,1241.0,18815
2026-03-17 11:14:00,1241.0,1241.7,1240.6,1241.0,8231
2026-03-17 11:15:00,1241.0,1242.5,1241.0,1242.0,1160
2026-03-17 11:16:00,1241.7,1243.1,1241.7,1242.7,1299
2026-03-17 11:17:00,1242.1,1242.1,1239.5,1239.5,1551
2026-03-17 11:18:00,1239.5,1240.2,1238.1,1240.2,1436
2026-03-17 11:19:00,1239.7,1241.7,1239.7,1240.7,1036
2026-03-17 11:20:00,1240.7,1240.7,1239.5,1239.7,961
2026-03-17 11:21:00,1240.2,1240.3,1238.2,1240.2,1584
2026-03-17 11:22:00,1241.2,1241.3,1239.7,1240.3,1152
2026-03-17 11:23:00,1240.3,1240.3,1239.2,1240.0,902
2026-03-17 11:24:00,1240.0,1240.7,1239.6,1239.6,1000
2026-03-17 11:25:00,1240.0,1240.9,1239.1,1239.9,1243
2026-03-17 11:26:00,1239.3,1239.3,1237.3,1237.5,2980
2026-03-17 11:27:00,1237.6,1239.0,1237.2,1238.4,1785
2026-03-17 11:28:00,1238.4,1238.9,1238.0,1238.0,900
2026-03-17 11:29:00,1238.0,1238.1,1236.9,1237.6,1140
2026-03-17 11:30:00,1238.0,1238.3,1237.3,1237.5,1887
2026-03-17 11:31:00,1237.5,1239.0,1237.5,1237.9,1658
2026-03-17 11:32:00,1237.9,1237.9,1236.5,1237.3,868
2026-03-17 11:33:00,1237.8,1238.1,1236.6,1236.6,1864
2026-03-17 11:34:00,1236.5,1239.0,1236.1,1237.7,4249
2026-03-17 11:35:00,1237.7,1237.8,1236.6,1236.6,667
2026-03-17 11:36:00,1236.5,1236.9,1236.0,1236.5,1707
2026-03-17 11:37:00,1236.6,1238.5,1236.1,1238.5,2584
2026-03-17 11:38:00,1238.5,1240.6,1238.0,1239.7,2536
2026-03-17 11:39:00,1239.2,1240.0,1238.4,1238.6,1465
2026-03-17 11:40:00,1238.6,1241.0,1238.4,1240.9,6631
2026-03-17 11:41:00,1240.9,1242.5,1240.0,1242.5,2510
2026-03-17 11:42:00,1241.9,1242.3,1240.0,1240.0,1999
2026-03-17 11:43:00,1240.0,1240.8,1240.0,1240.1,1307
2026-03-17 11:44:00,1240.1,1240.6,1237.1,1237.1,2725
2026-03-17 11:45:00,1237.1,1237.8,1237.0,1237.0,1194
2026-03-17 11:46:00,1236.6,1238.6,1236.6,1238.0,1216
2026-03-17 11:47:00,1238.0,1239.9,1236.0,1236.0,2484
2026-03-17 11:48:00,1236.0,1236.0,1234.0,1234.8,2125
2026-03-17 11:49:00,1234.8,1234.8,1233.4,1234.2,1486
2026-03-17 11:50:00,1234.2,1236.2,1233.4,1235.5,1906
2026-03-17 11:51:00,1236.2,1236.5,1234.8,1236.2,1779
2026-03-17 11:52:00,1236.2,1236.4,1235.3,1235.6,1079
2026-03-17 11:53:00,1236.4,1237.3,1235.1,1236.4,2717
2026-03-17 11:54:00,1236.4,1237.3,1236.1,1236.1,1239
2026-03-17 11:55:00,1236.1,1236.1,1234.6,1234.8,1104
2026-03-17 11:56:00,1234.8,1234.8,1232.5,1232.8,1830
2026-03-17 11:57:00,1232.8,1235.7,1232.8,1234.8,1676
2026-03-17 11:58:00,1235.0,1236.5,1234.2,1235.7,1735
2026-03-17 11:59:00,1235.7,1236.6,1235.7,1236.0,2010
2026-03-17 12:00:00,1236.0,1239.1,1236.0,1237.1,2060
2026-03-17 12:01:00,1237.1,1239.0,1236.3,1238.3,2919
2026-03-17 12:02:00,1238.3,1238.4,1236.3,1237.8,2648
2026-03-17 12:03:00,1237.8,1237.8,1234.5,1235.8,1802
2026-03-17 12:04:00,1235.8,1236.3,1235.0,1235.0,803
2026-03-17 12:05:00,1235.0,1236.6,1234.1,1235.7,2507
2026-03-17 12:06:00,1235.8,1236.9,1235.8,1235.8,1514
2026-03-17 12:07:00,1235.8,1237.0,1234.9,1236.0,2202
2026-03-17 12:08:00,1236.0,1238.5,1236.0,1237.5,1739
2026-03-17 12:09:00,1237.5,1238.2,1237.3,1237.3,1140
2026-03-17 12:10:00,1237.3,1237.8,1236.0,1236.3,1434
2026-03-17 12:11:00,1236.3,1237.7,1236.1,1236.1,1273
2026-03-17 12:12:00,1236.1,1236.6,1235.3,1236.1,1188
2026-03-17 12:13:00,1236.1,1237.1,1235.8,1236.1,1378
2026-03-17 12:14:00,1236.1,1236.5,1234.7,1234.9,922
2026-03-17 12:15:00,1234.9,1235.3,1233.7,1234.1,1231
2026-03-17 12:16:00,1234.1,1234.1,1232.0,1232.1,2744
2026-03-17 12:17:00,1231.5,1232.5,1231.5,1232.2,2067
2026-03-17 12:18:00,1232.0,1232.3,1232.0,1232.0,789
2026-03-17 12:19:00,1231.9,1233.5,1231.1,1231.9,2452
2026-03-17 12:20:00,1231.9,1232.7,1231.9,1232.0,1131
2026-03-17 12:21:00,1232.0,1233.0,1232.0,1232.6,1226
2026-03-17 12:22:00,1232.6,1232.7,1232.1,1232.7,1201
2026-03-17 12:23:00,1232.7,1233.3,1232.0,1232.4,1772
2026-03-17 12:24:00,1232.2,1232.8,1231.2,1232.0,1913
2026-03-17 12:25:00,1232.0,1232.0,1231.5,1231.5,476
2026-03-17 12:26:00,1231.5,1232.4,1231.5,1232.0,496
2026-03-17 12:27:00,1232.0,1232.0,1230.4,1231.4,1535
2026-03-17 12:28:00,1231.3,1231.9,1230.5,1230.7,1513
2026-03-17 12:29:00,1231.0,1232.1,1230.9,1232.1,1431
2026-03-17 12:30:00,1232.1,1233.1,1232.1,1232.7,1934
2026-03-17 12:31:00,1232.7,1233.5,1230.8,1231.0,1656
2026-03-17 12:32:00,1231.0,1232.9,1230.7,1232.0,1584
2026-03-17 12:33:00,1232.0,1233.1,1231.8,1233.1,1552
2026-03-17 12:34:00,1233.1,1233.4,1232.5,1232.5,880
2026-03-17 12:35:00,1232.5,1235.8,1232.5,1235.1,2374
2026-03-17 12:36:00,1235.1,1235.7,1233.6,1233.6,2980
2026-03-17 12:37:00,1233.6,1235.8,1233.1,1233.7,2436
2026-03-17 12:38:00,1233.2,1233.3,1231.8,1231.8,1458
2026-03-17 12:39:00,1231.8,1233.7,1231.8,1232.6,1533
2026-03-17 12:40:00,1233.3,1233.3,1231.6,1231.6,1347
2026-03-17 12:41:00,1231.6,1232.8,1231.3,1232.4,1671
2026-03-17 12:42:00,1232.4,1234.1,1232.0,1234.1,1684
2026-03-17 12:43:00,1234.1,1236.1,1232.9,1234.6,1542
2026-03-17 12:44:00,1235.5,1235.7,1234.2,1235.2,1501
2026-03-17 12:45:00,1235.2,1237.0,1234.8,1235.7,4553
2026-03-17 12:46:00,1235.7,1237.0,1235.7,1236.2,2963
2026-03-17 12:47:00,1236.2,1238.5,1235.7,1238.0,3949
2026-03-17 12:48:00,1238.0,1241.8,1238.0,1241.8,6250
2026-03-17 12:49:00,1241.8,1243.0,1241.3,1242.1,2550
2026-03-17 12:50:00,1242.1,1242.4,1240.0,1241.5,2930
2026-03-17 12:51:00,1241.5,1241.9,1240.9,1241.2,2500
2026-03-17 12:52:00,1241.2,1241.3,1240.3,1240.6,3442
2026-03-17 12:53:00,1240.6,1241.5,1240.6,1241.5,1497
2026-03-17 12:54:00,1241.5,1243.4,1241.4,1242.1,1310
2026-03-17 12:55:00,1241.7,1241.7,1240.5,1240.5,1594
2026-03-17 12:56:00,1240.5,1241.0,1240.5,1241.0,1161
2026-03-17 12:57:00,1241.0,1241.8,1240.5,1240.5,1219
2026-03-17 12:58:00,1240.5,1241.8,1240.5,1241.0,1531
2026-03-17 12:59:00,1241.0,1243.3,1240.7,1243.1,3215
2026-03-17 13:00:00,1244.1,1245.2,1243.2,1243.7,3641
2026-03-17 13:01:00,1243.7,1245.7,1243.7,1245.6,3335
2026-03-17 13:02:00,1245.6,1245.7,1243.5,1244.0,2151
2026-03-17 13:03:00,1244.4,1245.3,1243.8,1244.6,1702
2026-03-17 13:04:00,1244.6,1246.6,1243.8,1245.6,3136
2026-03-17 13:05:00,1245.6,1245.8,1244.6,1244.6,1305
2026-03-17 13:06:00,1244.6,1244.9,1243.0,1243.0,13959
2026-03-17 13:07:00,1243.0,1245.1,1243.0,1245.0,1346
2026-03-17 13:08:00,1245.0,1245.8,1245.0,1245.2,929
2026-03-17 13:09:00,1245.2,1245.8,1245.1,1245.4,1728
2026-03-17 13:10:00,1246.2,1246.2,1245.5,1245.5,1169
2026-03-17 13:11:00,1245.5,1247.6,1245.5,1246.2,3061
2026-03-17 13:12:00,1246.2,1247.9,1245.9,1247.4,2412
2026-03-17 13:13:00,1247.4,1248.5,1246.0,1247.7,3123
2026-03-17 13:14:00,1247.7,1248.4,1247.0,1247.5,2335
2026-03-17 13:15:00,1247.5,1250.1,1247.4,1248.9,4450
2026-03-17 13:16:00,1249.1,1250.6,1248.9,1249.8,5045
2026-03-17 13:17:00,1249.8,1251.0,1249.2,1250.4,3597
2026-03-17 13:18:00,1250.4,1251.0,1249.0,1249.2,3486
2026-03-17 13:19:00,1249.2,1249.7,1248.4,1248.8,1247
2026-03-17 13:20:00,1248.8,1249.3,1248.1,1248.1,2020
2026-03-17 13:21:00,1248.1,1249.9,1248.1,1249.3,2503
2026-03-17 13:22:00,1249.3,1250.3,1249.3,1249.5,1178
2026-03-17 13:23:00,1249.5,1249.5,1247.2,1247.2,2284
2026-03-17 13:24:00,1247.2,1248.8,1247.1,1247.3,1717
2026-03-17 13:25:00,1247.3,1247.5,1245.9,1246.1,1168
2026-03-17 13:26:00,1246.1,1246.8,1244.7,1245.2,1760
2026-03-17 13:27:00,1246.0,1246.6,1245.2,1245.7,2313
2026-03-17 13:28:00,1245.7,1248.3,1245.7,1247.8,2476
2026-03-17 13:29:00,1247.8,1248.9,1247.5,1247.9,3650
2026-03-17 13:30:00,1247.9,1250.8,1247.9,1250.5,5232
2026-03-17 13:31:00,1250.5,1252.4,1250.5,1251.1,3912
2026-03-17 13:32:00,1252.0,1252.7,1251.1,1252.2,1997
2026-03-17 13:33:00,1252.2,1255.0,1252.2,1254.0,6855
2026-03-17 13:34:00,1253.0,1253.0,1250.3,1252.8,4232
2026-03-17 13:35:00,1252.8,1253.8,1252.6,1253.0,5191
2026-03-17 13:36:00,1253.0,1253.0,1251.1,1251.2,1466
2026-03-17 13:37:00,1251.2,1251.2,1250.1,1250.8,1637
2026-03-17 13:38:00,1250.8,1252.6,1250.8,1251.1,2250
2026-03-17 13:39:00,1251.1,1251.1,1248.1,1249.0,2453
2026-03-17 13:40:00,1248.8,1250.1,1248.7,1248.7,1476
2026-03-17 13:41:00,1248.3,1249.5,1248.0,1248.3,1184
2026-03-17 13:42:00,1248.1,1248.5,1247.3,1248.4,2038
2026-03-17 13:43:00,1248.4,1250.4,1248.2,1250.4,2702
2026-03-17 13:44:00,1250.4,1251.4,1249.4,1250.0,2941
2026-03-17 13:45:00,1250.5,1252.5,1250.1,1252.4,3157
2026-03-17 13:46:00,1252.4,1254.5,1251.6,1253.9,3545
2026-03-17 13:47:00,1253.9,1254.7,1252.7,1253.4,6061
2026-03-17 13:48:00,1253.4,1253.7,1251.6,1251.6,1240
2026-03-17 13:49:00,1251.6,1253.3,1251.6,1252.9,2071
2026-03-17 13:50:00,1252.9,1254.4,1252.9,1253.6,1909
2026-03-17 13:51:00,1252.5,1253.8,1252.4,1253.5,2005
2026-03-17 13:52:00,1253.5,1253.5,1251.8,1252.2,2341
2026-03-17 13:53:00,1252.2,1252.7,1251.5,1252.7,1797
2026-03-17 13:54:00,1252.7,1253.1,1251.5,1251.5,2349
2026-03-17 13:55:00,1251.5,1251.6,1250.7,1251.6,1788
2026-03-17 13:56:00,1251.6,1252.4,1250.5,1251.7,3432
2026-03-17 13:57:00,1251.2,1252.7,1251.2,1251.5,1172
2026-03-17 13:58:00,1251.5,1252.1,1250.0,1250.0,1865
2026-03-17 13:59:00,1249.5,1251.9,1248.9,1251.3,3916
2026-03-17 14:00:00,1251.8,1252.8,1251.4,1251.4,1515
2026-03-17 14:01:00,1251.4,1252.4,1250.7,1250.7,1632
2026-03-17 14:02:00,1250.7,1251.5,1250.5,1251.2,1539
2026-03-17 14:03:00,1251.2,1256.0,1251.2,1256.0,2928
2026-03-17 14:04:00,1256.0,1256.0,1254.8,1255.1,2398
2026-03-17 14:05:00,1255.1,1255.1,1253.1,1253.1,1519
2026-03-17 14:06:00,1253.1,1253.2,1251.2,1253.1,1709
2026-03-17 14:07:00,1253.1,1253.5,1251.7,1252.7,2391
2026-03-17 14:08:00,1252.7,1252.7,1251.0,1251.8,1792
2026-03-17 14:09:00,1251.8,1252.9,1251.6,1251.9,2404
2026-03-17 14:10:00,1251.9,1253.6,1251.9,1252.5,2583
2026-03-17 14:11:00,1252.5,1253.2,1251.7,1251.9,1300
2026-03-17 14:12:00,1251.9,1252.2,1250.8,1251.9,2223
2026-03-17 14:13:00,1251.9,1254.4,1251.4,1253.8,1222
2026-03-17 14:14:00,1253.8,1257.2,1253.2,1256.2,2601
2026-03-17 14:15:00,1256.2,1257.2,1255.4,1255.4,2494
2026-03-17 14:16:00,1255.6,1255.6,1251.1,1251.9,2472
2026-03-17 14:17:00,1252.4,1253.8,1251.7,1253.0,2097
2026-03-17 14:18:00,1253.8,1255.2,1252.4,1254.2,4851
2026-03-17 14:19:00,1254.2,1254.6,1253.0,1253.0,2274
2026-03-17 14:20:00,1253.2,1255.3,1253.2,1254.4,1763
2026-03-17 14:21:00,1254.4,1254.5,1252.7,1253.9,3095
2026-03-17 14:22:00,1253.9,1253.9,1251.0,1251.5,1734
2026-03-17 14:23:00,1251.5,1252.5,1250.4,1250.4,1815
2026-03-17 14:24:00,1250.4,1257.0,1250.4,1256.8,28464
2026-03-17 14:25:00,1256.8,1256.8,1255.4,1255.4,1390
2026-03-17 14:26:00,1255.1,1256.7,1255.0,1255.6,7986
2026-03-17 14:27:00,1255.6,1256.3,1255.6,1255.6,1574
2026-03-17 14:28:00,1255.6,1258.6,1255.6,1257.7,8998
2026-03-17 14:29:00,1257.7,1258.5,1256.7,1256.7,1240
2026-03-17 14:30:00,1256.7,1260.7,1256.7,1260.5,2757
2026-03-17 14:31:00,1260.5,1261.8,1260.5,1261.1,1778
2026-03-17 14:32:00,1260.7,1264.0,1260.7,1263.8,1899
2026-03-17 14:33:00,1263.8,1266.6,1263.6,1266.2,4351
2026-03-17 14:34:00,1266.7,1269.9,1266.7,1267.8,2468
2026-03-17 14:35:00,1268.0,1268.6,1266.3,1268.4,2682
2026-03-17 14:36:00,1268.4,1268.6,1267.5,1267.7,255
2026-03-17 14:37:00,1267.7,1267.7,1265.4,1266.4,2088
2026-03-17 14:38:00,1266.4,1267.5,1266.0,1267.0,664
2026-03-17 14:39:00,1267.0,1267.0,1265.2,1266.9,1311
2026-03-17 14:40:00,1266.9,1267.7,1266.3,1267.1,550
2026-03-17 14:41:00,1267.1,1267.8,1266.3,1267.2,3862
2026-03-17 14:42:00,1267.2,1268.0,1266.1,1266.1,1797
2026-03-17 14:43:00,1265.7,1267.3,1264.6,1264.9,6974
2026-03-17 14:44:00,1265.5,1267.1,1263.6,1266.6,3266
2026-03-17 14:45:00,1266.6,1266.8,1265.8,1265.8,1357
2026-03-17 14:46:00,1265.8,1265.8,1264.3,1265.4,291
2026-03-17 14:47:00,1265.4,1265.9,1265.0,1265.5,11058
2026-03-17 14:48:00,1265.5,1265.5,1263.0,1263.9,725
2026-03-17 14:49:00,1263.9,1265.3,1263.0,1265.3,1275
2026-03-17 14:50:00,1266.1,1268.6,1266.1,1267.4,3293
2026-03-17 14:51:00,1267.4,1267.6,1265.1,1267.5,4120
2026-03-17 14:52:00,1267.5,1267.8,1266.4,1267.7,2893
2026-03-17 14:53:00,1267.7,1268.0,1266.3,1266.9,2064
2026-03-17 14:54:00,1266.9,1268.0,1266.3,1268.0,3141
2026-03-17 14:55:00,1269.0,1270.0,1269.0,1269.4,4188
2026-03-17 14:56:00,1269.3,1270.0,1268.9,1270.0,1752
2026-03-17 14:57:00,1270.0,1271.0,1269.6,1271.0,1933
2026-03-17 14:58:00,1271.0,1272.0,1270.6,1271.2,1964
2026-03-17 14:59:00,1271.2,1271.7,1270.8,1270.9,719
2026-03-17 15:00:00,1270.7,1270.7,1264.6,1266.0,6222
2026-03-17 15:01:00,1265.3,1266.3,1264.0,1264.9,3882
2026-03-17 15:02:00,1264.5,1265.4,1264.3,1264.4,2719
2026-03-17 15:03:00,1264.4,1264.4,1262.0,1262.5,2607
2026-03-17 15:04:00,1263.8,1264.0,1261.8,1264.0,4610
2026-03-17 15:05:00,1265.2,1265.7,1264.0,1264.7,1257
2026-03-17 15:06:00,1264.7,1264.7,1264.0,1264.3,933
2026-03-17 15:07:00,1264.4,1266.0,1264.0,1266.0,2949
2026-03-17 15:08:00,1265.1,1266.6,1265.1,1266.1,1109
2026-03-17 15:09:00,1266.1,1267.0,1266.1,1266.9,859
2026-03-17 15:10:00,1266.2,1266.2,1263.4,1264.9,3353
2026-03-17 15:11:00,1264.9,1265.8,1263.9,1264.5,1757
2026-03-17 15:12:00,1264.5,1264.6,1263.1,1264.5,1980
2026-03-17 15:13:00,1265.3,1265.7,1264.7,1265.6,2218
2026-03-17 15:14:00,1264.8,1265.5,1264.2,1264.9,5392
2026-03-17 15:15:00,1265.4,1267.3,1264.5,1267.3,3588
2026-03-17 15:16:00,1267.2,1267.6,1265.2,1266.0,2951
2026-03-17 15:17:00,1266.0,1266.0,1264.1,1264.8,1376
2026-03-17 15:18:00,1264.8,1265.6,1264.2,1264.8,1308
2026-03-17 15:19:00,1264.8,1264.8,1264.0,1264.6,2838
2026-03-17 15:20:00,1264.6,1264.8,1264.6,1264.8,1931
2026-03-17 15:21:00,1264.7,1264.9,1264.6,1264.8,1321
2026-03-17 15:22:00,1264.6,1264.9,1263.0,1263.7,3377
2026-03-17 15:23:00,1263.7,1266.4,1263.2,1266.3,2457
2026-03-17 15:24:00,1265.9,1267.6,1264.8,1267.6,4360
2026-03-17 15:25:00,1267.6,1269.4,1267.1,1268.0,5602
2026-03-17 15:26:00,1268.3,1268.3,1267.0,1267.2,2528
2026-03-17 15:27:00,1267.2,1269.0,1267.2,1269.0,2786
2026-03-17 15:28:00,1268.2,1269.9,1268.2,1269.9,5361
2026-03-17 15:29:00,1270.4,1275.0,1270.0,1272.0,1550
2026-03-18 09:15:00,1265.8,1269.4,1257.3,1262.0,9916
2026-03-18 09:16:00,1262.0,1270.8,1261.9,1269.8,7758
2026-03-18 09:17:00,1269.8,1272.8,1269.6,1271.0,3756
2026-03-18 09:18:00,1271.1,1271.1,1268.7,1269.5,5393
2026-03-18 09:19:00,1269.5,1273.6,1268.7,1272.8,4952
2026-03-18 09:20:00,1272.0,1273.9,1269.5,1271.5,808
2026-03-18 09:21:00,1273.6,1273.6,1270.7,1271.0,1548
2026-03-18 09:22:00,1271.0,1271.0,1268.8,1269.5,1211
2026-03-18 09:23:00,1269.5,1271.7,1268.9,1269.6,3698
2026-03-18 09:24:00,1269.9,1269.9,1266.5,1267.1,3753
2026-03-18 09:25:00,1266.0,1267.1,1264.5,1267.0,2897
2026-03-18 09:26:00,1266.3,1267.7,1266.2,1266.2,3883
2026-03-18 09:27:00,1265.7,1268.0,1265.7,1268.0,1782
2026-03-18 09:28:00,1268.7,1272.3,1268.5,1270.5,10395
2026-03-18 09:29:00,1271.8,1271.8,1268.0,1268.6,4693
2026-03-18 09:30:00,1268.2,1275.0,1268.2,1273.2,5808
2026-03-18 09:31:00,1273.2,1274.1,1272.9,1274.1,5621
2026-03-18 09:32:00,1274.1,1274.7,1273.2,1273.8,3281
2026-03-18 09:33:00,1273.8,1275.9,1272.6,1275.2,3605
2026-03-18 09:34:00,1275.2,1277.0,1274.7,1274.7,4998
2026-03-18 09:35:00,1275.0,1275.6,1274.2,1275.3,1384
2026-03-18 09:36:00,1275.3,1278.6,1275.3,1276.6,10305
2026-03-18 09:37:00,1275.9,1276.5,1273.6,1273.7,1478
2026-03-18 09:38:00,1273.7,1274.3,1271.2,1272.3,1574
2026-03-18 09:39:00,1272.3,1273.7,1271.4,1273.1,1099
2026-03-18 09:40:00,1273.1,1274.3,1271.6,1272.8,1397
2026-03-18 09:41:00,1272.8,1273.1,1272.3,1272.7,130
2026-03-18 09:42:00,1272.7,1274.6,1272.3,1274.0,1232
2026-03-18 09:43:00,1274.0,1275.4,1273.2,1274.4,973
2026-03-18 09:44:00,1274.1,1276.8,1273.4,1275.5,2448
2026-03-18 09:45:00,1275.5,1275.6,1273.0,1273.0,1667
2026-03-18 09:46:00,1272.7,1274.9,1272.7,1274.7,1214
2026-03-18 09:47:00,1274.7,1274.7,1273.5,1273.5,302
2026-03-18 09:48:00,1273.5,1274.8,1272.7,1274.8,351
2026-03-18 09:49:00,1274.8,1274.8,1273.6,1273.8,999
2026-03-18 09:50:00,1273.8,1279.6,1273.8,1279.3,10274
2026-03-18 09:51:00,1279.3,1281.0,1277.4,1277.6,2702
2026-03-18 09:52:00,1277.2,1280.0,1276.6,1276.6,1995
2026-03-18 09:53:00,1276.4,1277.0,1274.9,1274.9,1630
2026-03-18 09:54:00,1275.0,1275.0,1273.3,1273.8,1093
2026-03-18 09:55:00,1273.8,1273.8,1271.6,1271.6,2532
2026-03-18 09:56:00,1271.9,1271.9,1270.7,1271.5,1956
2026-03-18 09:57:00,1271.5,1271.5,1269.8,1271.0,1757
2026-03-18 09:58:00,1270.7,1273.3,1270.2,1273.1,1477
2026-03-18 09:59:00,1273.1,1273.1,1270.9,1271.3,1090
2026-03-18 10:00:00,1271.8,1273.9,1271.1,1271.1,1616
2026-03-18 10:01:00,1271.1,1271.9,1270.9,1271.7,312
2026-03-18 10:02:00,1271.7,1272.0,1269.5,1269.5,373
2026-03-18 10:03:00,1269.5,1269.5,1268.2,1268.3,268
2026-03-18 10:04:00,1268.3,1269.5,1268.0,1268.2,1126
2026-03-18 10:05:00,1268.2,1268.7,1267.5,1267.5,1078
2026-03-18 10:06:00,1267.5,1268.4,1267.4,1268.4,954
2026-03-18 10:07:00,1268.7,1270.3,1268.7,1269.1,2534
2026-03-18 10:08:00,1269.8,1269.8,1268.4,1269.4,153
2026-03-18 10:09:00,1269.4,1270.0,1269.1,1269.1,451
2026-03-18 10:10:00,1269.1,1269.9,1267.4,1268.0,1365
2026-03-18 10:11:00,1268.1,1268.5,1267.9,1268.1,306
2026-03-18 10:12:00,1268.1,1269.4,1267.7,1269.4,1028
2026-03-18 10:13:00,1269.4,1269.4,1268.6,1269.2,292
2026-03-18 10:14:00,1269.2,1271.0,1269.2,1271.0,1375
2026-03-18 10:15:00,1271.0,1272.4,1271.0,1271.4,255
2026-03-18 10:16:00,1271.4,1273.3,1271.4,1272.6,357
2026-03-18 10:17:00,1272.6,1272.6,1271.2,1272.1,741
2026-03-18 10:18:00,1272.5,1275.1,1272.5,1273.0,2549
2026-03-18 10:19:00,1274.0,1278.2,1274.0,1276.9,5213
2026-03-18 10:20:00,1276.9,1277.9,1276.2,1276.2,1287
2026-03-18 10:21:00,1276.2,1277.5,1275.6,1277.2,1090
2026-03-18 10:22:00,1276.9,1277.4,1275.1,1275.3,1408
2026-03-18 10:23:00,1275.3,1276.2,1275.3,1275.7,550
2026-03-18 10:24:00,1275.7,1276.9,1275.7,1276.9,658
2026-03-18 10:25:00,1277.0,1277.2,1275.1,1275.1,1640
2026-03-18 10:26:00,1275.1,1275.9,1275.1,1275.9,391
2026-03-18 10:27:00,1277.2,1277.4,1275.0,1277.4,1106
2026-03-18 10:28:00,1276.7,1277.6,1275.2,1277.6,1778
2026-03-18 10:29:00,1277.6,1278.0,1276.8,1278.0,2175
2026-03-18 10:30:00,1278.0,1278.0,1276.0,1276.5,1096
2026-03-18 10:31:00,1276.2,1277.3,1275.2,1276.1,1271
2026-03-18 10:32:00,1276.1,1277.7,1276.1,1277.5,1176
2026-03-18 10:33:00,1276.2,1276.3,1275.4,1276.3,189
2026-03-18 10:34:00,1276.3,1276.3,1275.1,1275.6,83
2026-03-18 10:35:00,1275.6,1275.7,1275.5,1275.5,65
2026-03-18 10:36:00,1275.1,1275.5,1274.2,1275.1,740
2026-03-18 10:37:00,1275.1,1276.5,1275.0,1275.9,1303
2026-03-18 10:38:00,1275.9,1277.0,1275.4,1277.0,475
2026-03-18 10:39:00,1278.0,1278.0,1275.8,1276.5,2477
2026-03-18 10:40:00,1276.5,1276.9,1276.0,1276.9,791
2026-03-18 10:41:00,1276.9,1276.9,1276.1,1276.1,37
2026-03-18 10:42:00,1276.1,1276.3,1275.5,1275.5,189
2026-03-18 10:43:00,1275.7,1280.0,1275.1,1280.0,4341
2026-03-18 10:44:00,1279.0,1281.5,1279.0,1280.9,14192
2026-03-18 10:45:00,1280.9,1284.3,1280.9,1283.5,4379
2026-03-18 10:46:00,1283.5,1289.0,1283.5,1288.1,30944
2026-03-18 10:47:00,1288.9,1289.9,1288.2,1289.5,4748
2026-03-18 10:48:00,1289.5,1292.2,1288.6,1292.2,1858
2026-03-18 10:49:00,1292.1,1292.8,1290.0,1290.2,3012
2026-03-18 10:50:00,1291.2,1292.7,1290.6,1292.1,7753
2026-03-18 10:51:00,1292.0,1292.7,1290.0,1292.0,5277
2026-03-18 10:52:00,1292.0,1294.2,1292.0,1294.0,18965
2026-03-18 10:53:00,1294.0,1295.2,1292.1,1292.1,13237
2026-03-18 10:54:00,1292.1,1297.6,1291.6,1295.2,5332
2026-03-18 10:55:00,1295.2,1295.8,1294.4,1295.7,7264
2026-03-18 10:56:00,1295.7,1295.7,1291.6,1291.6,24821
2026-03-18 10:57:00,1291.6,1294.2,1291.6,1293.0,370
2026-03-18 10:58:00,1293.0,1293.5,1289.8,1290.3,4274
2026-03-18 10:59:00,1290.3,1291.9,1289.2,1291.9,2696
2026-03-18 11:00:00,1291.9,1292.1,1291.1,1291.9,1879
2026-03-18 11:01:00,1290.9,1292.8,1290.9,1291.5,4424
2026-03-18 11:02:00,1291.5,1292.5,1290.6,1291.6,3109
2026-03-18 11:03:00,1291.6,1292.3,1291.1,1291.2,1356
2026-03-18 11:04:00,1291.2,1292.1,1290.9,1290.9,1424
2026-03-18 11:05:00,1290.9,1291.8,1290.0,1290.0,3781
2026-03-18 11:06:00,1290.0,1292.0,1290.0,1292.0,5494
2026-03-18 11:07:00,1291.9,1292.2,1291.3,1292.0,1478
2026-03-18 11:08:00,1292.0,1292.5,1291.7,1292.5,195
2026-03-18 11:09:00,1292.5,1292.9,1292.0,1292.9,1318
2026-03-18 11:10:00,1292.6,1293.0,1292.0,1293.0,855
2026-03-18 11:11:00,1293.2,1294.0,1293.2,1294.0,790
2026-03-18 11:12:00,1294.3,1294.9,1293.7,1294.1,1491
2026-03-18 11:13:00,1294.1,1294.1,1293.3,1293.3,821
2026-03-18 11:14:00,1293.3,1293.4,1292.9,1293.3,1250
2026-03-18 11:15:00,1293.0,1293.1,1291.8,1291.8,765
2026-03-18 11:16:00,1292.1,1293.0,1292.1,1292.5,201
2026-03-18 11:17:00,1292.5,1292.5,1292.0,1292.0,394
2026-03-18 11:18:00,1292.0,1292.0,1291.2,1291.9,429
2026-03-18 11:19:00,1292.0,1293.8,1291.9,1293.8,2576
2026-03-18 11:20:00,1293.2,1293.7,1292.0,1292.0,245
2026-03-18 11:21:00,1292.0,1292.4,1291.6,1292.4,196
2026-03-18 11:22:00,1292.4,1293.3,1291.5,1291.5,1033
2026-03-18 11:23:00,1290.6,1290.6,1289.3,1289.3,1197
2026-03-18 11:24:00,1289.3,1290.4,1289.2,1290.4,1087
2026-03-18 11:25:00,1290.4,1290.4,1289.2,1289.5,160
2026-03-18 11:26:00,1289.5,1289.5,1288.0,1288.5,356
2026-03-18 11:27:00,1288.5,1289.5,1288.1,1289.5,479
2026-03-18 11:28:00,1289.5,1289.6,1289.2,1289.6,112
2026-03-18 11:29:00,1289.6,1291.2,1289.5,1291.2,974
2026-03-18 11:30:00,1291.1,1291.1,1290.3,1290.5,1711
2026-03-18 11:31:00,1290.5,1291.4,1290.4,1290.8,1306
2026-03-18 11:32:00,1291.6,1292.5,1291.3,1292.5,125
2026-03-18 11:33:00,1293.0,1294.6,1293.0,1294.6,2592
2026-03-18 11:34:00,1294.9,1294.9,1294.1,1294.8,118
2026-03-18 11:35:00,1294.8,1295.0,1294.1,1294.5,379
2026-03-18 11:36:00,1294.5,1294.9,1294.2,1294.9,515
2026-03-18 11:37:00,1294.9,1295.2,1294.2,1294.9,2918
2026-03-18 11:38:00,1294.9,1295.5,1294.5,1295.1,1551
2026-03-18 11:39:00,1295.3,1299.0,1295.3,1297.6,6085
2026-03-18 11:40:00,1297.6,1297.6,1296.5,1296.8,333
2026-03-18 11:41:00,1296.8,1297.8,1296.8,1296.9,221
2026-03-18 11:42:00,1296.9,1297.0,1295.2,1295.3,161
2026-03-18 11:43:00,1295.9,1296.3,1295.4,1295.4,362
2026-03-18 11:44:00,1295.4,1295.7,1295.0,1295.0,187
2026-03-18 11:45:00,1295.0,1295.7,1294.1,1295.6,523
2026-03-18 11:46:00,1295.8,1295.8,1294.3,1294.5,635
2026-03-18 11:47:00,1294.5,1295.0,1294.5,1295.0,17
2026-03-18 11:48:00,1295.0,1295.0,1294.4,1294.4,13
2026-03-18 11:49:00,1294.4,1295.0,1292.9,1292.9,256
2026-03-18 11:50:00,1292.9,1294.3,1292.9,1294.3,439
2026-03-18 11:51:00,1294.2,1296.1,1294.2,1295.7,227
2026-03-18 11:52:00,1295.7,1296.4,1295.7,1296.2,679
2026-03-18 11:53:00,1296.2,1296.7,1296.2,1296.5,289
2026-03-18 11:54:00,1296.5,1299.8,1296.5,1299.6,2236
2026-03-18 11:55:00,1299.6,1301.8,1298.6,1301.0,2906
2026-03-18 11:56:00,1301.0,1301.0,1300.0,1300.3,550
2026-03-18 11:57:00,1300.3,1300.8,1300.0,1300.0,149
2026-03-18 11:58:00,1300.0,1300.9,1300.0,1300.0,174
2026-03-18 11:59:00,1300.0,1301.1,1300.0,1300.0,241
2026-03-18 12:00:00,1300.0,1300.5,1300.0,1300.0,80
2026-03-18 12:01:00,1300.0,1300.7,1300.0,1300.4,890
2026-03-18 12:02:00,1300.4,1300.4,1299.9,1300.0,602
2026-03-18 12:03:00,1300.0,1300.1,1299.2,1300.0,8164
2026-03-18 12:04:00,1300.0,1300.3,1299.6,1300.3,3244
2026-03-18 12:05:00,1300.3,1303.2,1300.0,1303.2,1972
2026-03-18 12:06:00,1302.2,1302.7,1301.5,1301.5,292
2026-03-18 12:07:00,1301.5,1301.9,1301.0,1301.4,8
2026-03-18 12:08:00,1301.4,1301.8,1301.1,1301.2,257
2026-03-18 12:09:00,1301.2,1301.5,1301.0,1301.5,193
2026-03-18 12:10:00,1301.2,1302.1,1301.0,1301.1,928
2026-03-18 12:11:00,1301.1,1301.9,1301.1,1301.9,15
2026-03-18 12:12:00,1301.9,1302.7,1301.3,1301.3,86
2026-03-18 12:13:00,1301.3,1301.9,1301.0,1301.0,612
2026-03-18 12:14:00,1301.0,1301.4,1300.4,1301.0,944
2026-03-18 12:15:00,1301.6,1301.7,1300.9,1300.9,320
2026-03-18 12:16:00,1300.9,1301.6,1300.4,1301.6,469
2026-03-18 12:17:00,1301.6,1301.6,1301.5,1301.5,233
2026-03-18 12:18:00,1301.5,1302.5,1301.5,1302.5,92
2026-03-18 12:19:00,1302.5,1302.6,1298.2,1299.1,3800
2026-03-18 12:20:00,1299.1,1300.6,1296.0,1296.0,3145
2026-03-18 12:21:00,1296.8,1297.7,1296.1,1296.8,1199
2026-03-18 12:22:00,1296.5,1297.8,1296.5,1296.6,311
2026-03-18 12:23:00,1296.6,1300.8,1296.6,1300.8,18879
2026-03-18 12:24:00,1300.8,1303.0,1300.8,1301.0,1741
2026-03-18 12:25:00,1301.0,1301.0,1300.1,1301.0,183
2026-03-18 12:26:00,1301.0,1302.4,1301.0,1301.9,1755
2026-03-18 12:27:00,1301.9,1301.9,1301.4,1301.4,49
2026-03-18 12:28:00,1300.8,1301.1,1300.0,1300.0,86
2026-03-18 12:29:00,1300.0,1300.0,1299.0,1299.6,169
2026-03-18 12:30:00,1299.6,1300.9,1299.6,1300.9,1773
2026-03-18 12:31:00,1300.9,1302.8,1300.9,1301.1,2843
2026-03-18 12:32:00,1301.1,1301.3,1300.6,1301.2,469
2026-03-18 12:33:00,1301.2,1301.2,1301.0,1301.1,89
2026-03-18 12:34:00,1301.2,1301.8,1301.2,1301.8,67
2026-03-18 12:35:00,1301.8,1301.8,1300.0,1300.8,1779
2026-03-18 12:36:00,1301.0,1301.0,1300.7,1300.7,1508
2026-03-18 12:37:00,1300.7,1300.7,1298.7,1299.3,227
2026-03-18 12:38:00,1299.3,1300.1,1299.3,1299.4,2014
2026-03-18 12:39:00,1299.4,1300.2,1299.4,1300.1,203
2026-03-18 12:40:00,1300.2,1300.9,1299.2,1300.1,853
2026-03-18 12:41:00,1300.1,1300.1,1299.2,1299.2,435
2026-03-18 12:42:00,1299.2,1300.4,1299.2,1299.9,929
2026-03-18 12:43:00,1300.2,1300.9,1300.2,1300.2,2409
2026-03-18 12:44:00,1300.2,1300.2,1300.0,1300.0,4731
2026-03-18 12:45:00,1300.2,1300.3,1299.6,1300.2,2732
2026-03-18 12:46:00,1300.2,1303.9,1300.1,1303.9,6051
2026-03-18 12:47:00,1303.2,1303.9,1302.2,1303.3,242
2026-03-18 12:48:00,1303.3,1303.3,1302.7,1303.1,689
2026-03-18 12:49:00,1303.1,1303.9,1302.7,1303.7,901
2026-03-18 12:50:00,1303.7,1305.8,1303.7,1305.4,2132
2026-03-18 12:51:00,1305.8,1305.8,1305.3,1305.8,741
2026-03-18 12:52:00,1305.8,1306.6,1305.6,1306.4,363
2026-03-18 12:53:00,1306.4,1306.9,1305.9,1306.9,623
2026-03-18 12:54:00,1306.9,1307.0,1306.5,1307.0,331
2026-03-18 12:55:00,1307.0,1307.2,1306.2,1306.2,813
2026-03-18 12:56:00,1306.2,1306.2,1306.1,1306.2,425
2026-03-18 12:57:00,1306.2,1306.2,1306.0,1306.0,17
2026-03-18 12:58:00,1306.3,1306.3,1305.4,1305.9,178
2026-03-18 12:59:00,1305.9,1307.5,1305.9,1307.0,531
2026-03-18 13:00:00,1307.0,1309.4,1306.9,1308.9,555
2026-03-18 13:01:00,1308.9,1311.0,1308.6,1310.1,944
2026-03-18 13:02:00,1310.1,1311.6,1308.8,1310.0,682
2026-03-18 13:03:00,1309.8,1310.1,1309.4,1309.6,954
2026-03-18 13:04:00,1309.6,1311.1,1309.6,1310.9,2664
2026-03-18 13:05:00,1310.9,1311.1,1310.0,1310.0,415
2026-03-18 13:06:00,1310.0,1310.0,1308.1,1309.5,2261
2026-03-18 13:07:00,1310.0,1310.9,1309.5,1310.4,1210
2026-03-18 13:08:00,1310.4,1311.5,1310.2,1310.2,509
2026-03-18 13:09:00,1310.2,1311.0,1310.2,1310.2,241
2026-03-18 13:10:00,1310.2,1312.0,1310.2,1311.2,1269
2026-03-18 13:11:00,1311.2,1312.2,1311.2,1311.8,215
2026-03-18 13:12:00,1311.8,1313.0,1311.8,1313.0,196
2026-03-18 13:13:00,1313.0,1315.9,1313.0,1315.9,5978
2026-03-18 13:14:00,1313.2,1314.0,1312.4,1313.0,1501
2026-03-18 13:15:00,1313.0,1313.0,1312.0,1312.0,128
2026-03-18 13:16:00,1312.0,1312.0,1311.1,1311.2,400
2026-03-18 13:17:00,1311.2,1312.4,1311.2,1312.4,230
2026-03-18 13:18:00,1312.4,1312.4,1311.6,1311.6,61
2026-03-18 13:19:00,1311.6,1313.4,1311.6,1312.8,1209
2026-03-18 13:20:00,1312.8,1313.1,1312.8,1313.1,495
2026-03-18 13:21:00,1313.1,1314.7,1313.1,1313.3,572
2026-03-18 13:22:00,1313.3,1313.4,1313.2,1313.2,21
2026-03-18 13:23:00,1312.6,1312.6,1311.1,1311.8,1457
2026-03-18 13:24:00,1311.8,1312.2,1311.8,1312.2,42
2026-03-18 13:25:00,1312.0,1312.4,1312.0,1312.4,130
2026-03-18 13:26:00,1312.4,1312.4,1311.4,1311.5,115
2026-03-18 13:27:00,1311.5,1312.0,1311.0,1311.4,163
2026-03-18 13:28:00,1311.4,1311.4,1310.9,1310.9,182
2026-03-18 13:29:00,1310.9,1311.0,1310.3,1310.5,311
2026-03-18 13:30:00,1310.5,1311.4,1310.4,1311.2,121
2026-03-18 13:31:00,1311.2,1311.9,1311.2,1311.4,81
2026-03-18 13:32:00,1311.4,1312.4,1311.4,1312.4,121
2026-03-18 13:33:00,1312.4,1312.7,1312.1,1312.5,303
2026-03-18 13:34:00,1312.5,1313.1,1312.4,1313.1,283
2026-03-18 13:35:00,1313.1,1315.0,1312.9,1312.9,1850
2026-03-18 13:36:00,1312.9,1314.1,1312.9,1314.0,620
2026-03-18 13:37:00,1314.0,1323.4,1314.0,1322.4,10466
2026-03-18 13:38:00,1322.4,1323.7,1321.0,1323.0,2405
2026-03-18 13:39:00,1323.6,1323.6,1321.8,1323.1,2093
2026-03-18 13:40:00,1323.0,1323.9,1323.0,1323.1,466
2026-03-18 13:41:00,1323.1,1324.8,1322.9,1324.8,852
2026-03-18 13:42:00,1324.8,1326.0,1322.6,1326.0,7568
2026-03-18 13:43:00,1326.6,1327.1,1326.0,1326.4,1222
2026-03-18 13:44:00,1326.4,1327.6,1325.5,1327.1,284
2026-03-18 13:45:00,1327.6,1327.9,1326.5,1327.6,820
2026-03-18 13:46:00,1327.8,1328.5,1326.1,1326.1,2514
2026-03-18 13:47:00,1326.3,1327.7,1326.0,1327.7,437
2026-03-18 13:48:00,1327.7,1328.5,1326.0,1328.5,1290
2026-03-18 13:49:00,1328.5,1328.8,1328.0,1328.1,443
2026-03-18 13:50:00,1328.1,1329.1,1328.1,1328.4,1580
2026-03-18 13:51:00,1328.4,1329.1,1322.8,1323.5,2171
2026-03-18 13:52:00,1323.5,1323.5,1322.2,1322.7,2138
2026-03-18 13:53:00,1322.7,1324.0,1322.7,1324.0,555
2026-03-18 13:54:00,1323.8,1324.0,1323.3,1323.7,712
2026-03-18 13:55:00,1323.7,1323.9,1322.8,1323.0,502
2026-03-18 13:56:00,1323.4,1323.4,1322.0,1322.0,984
2026-03-18 13:57:00,1322.0,1322.9,1322.0,1322.6,217
2026-03-18 13:58:00,1323.3,1323.3,1321.8,1321.8,1612
2026-03-18 13:59:00,1322.5,1322.6,1321.2,1321.8,23079
2026-03-18 14:00:00,1321.8,1323.7,1321.8,1323.3,2988
2026-03-18 14:01:00,1323.3,1323.4,1323.3,1323.4,83
2026-03-18 14:02:00,1323.4,1325.0,1322.5,1322.5,4027
2026-03-18 14:03:00,1322.5,1324.2,1322.4,1322.4,1429
2026-03-18 14:04:00,1322.4,1322.4,1320.3,1321.0,969
2026-03-18 14:05:00,1320.4,1321.3,1320.2,1321.3,639
2026-03-18 14:06:00,1321.3,1321.3,1320.0,1320.0,682
2026-03-18 14:07:00,1320.7,1320.7,1319.1,1319.1,286
2026-03-18 14:08:00,1319.7,1324.1,1318.7,1324.0,2268
2026-03-18 14:09:00,1324.1,1324.5,1323.2,1324.3,265
2026-03-18 14:10:00,1324.3,1324.3,1322.3,1322.3,219
2026-03-18 14:11:00,1322.1,1323.1,1321.3,1321.3,174
2026-03-18 14:12:00,1321.3,1322.9,1319.1,1319.1,401
2026-03-18 14:13:00,1319.1,1321.5,1318.2,1320.5,1954
2026-03-18 14:14:00,1320.5,1322.9,1319.6,1322.2,1688
2026-03-18 14:15:00,1322.2,1322.2,1320.8,1321.6,72
2026-03-18 14:16:00,1321.6,1323.0,1321.1,1323.0,36
2026-03-18 14:17:00,1323.0,1324.8,1322.7,1324.8,655
2026-03-18 14:18:00,1324.8,1327.0,1324.8,1325.0,3035
2026-03-18 14:19:00,1325.0,1325.9,1323.9,1324.6,311
2026-03-18 14:20:00,1324.6,1325.5,1324.0,1325.0,717
2026-03-18 14:21:00,1325.0,1325.2,1324.7,1325.1,159
2026-03-18 14:22:00,1325.1,1325.1,1324.7,1324.7,464
2026-03-18 14:23:00,1324.7,1325.2,1324.2,1324.4,559
2026-03-18 14:24:00,1324.4,1327.0,1324.0,1326.9,1640
2026-03-18 14:25:00,1326.9,1327.0,1325.9,1326.2,378
2026-03-18 14:26:00,1326.8,1326.9,1326.7,1326.8,200
2026-03-18 14:27:00,1326.8,1326.8,1324.8,1325.1,181
2026-03-18 14:28:00,1325.1,1325.3,1324.8,1324.8,161
2026-03-18 14:29:00,1324.8,1324.9,1323.0,1323.1,424
2026-03-18 14:30:00,1323.1,1323.1,1318.8,1320.3,1885
2026-03-18 14:31:00,1321.5,1323.8,1320.2,1320.2,25071
2026-03-18 14:32:00,1320.2,1320.2,1317.0,1317.0,2310
2026-03-18 14:33:00,1317.0,1317.1,1314.8,1314.8,2995
2026-03-18 14:34:00,1316.2,1316.9,1314.3,1314.3,2506
2026-03-18 14:35:00,1314.3,1315.9,1313.7,1315.6,1830
2026-03-18 14:36:00,1315.6,1316.8,1314.1,1314.8,1951
2026-03-18 14:37:00,1314.7,1315.9,1313.3,1314.1,4439
2026-03-18 14:38:00,1314.1,1315.2,1313.2,1313.2,1928
2026-03-18 14:39:00,1313.0,1313.5,1312.4,1313.0,1770
2026-03-18 14:40:00,1313.0,1316.4,1312.6,1315.9,5457
2026-03-18 14:41:00,1316.0,1320.0,1315.9,1320.0,3797
2026-03-18 14:42:00,1320.0,1322.5,1319.8,1321.6,3958
2026-03-18 14:43:00,1321.6,1321.9,1315.1,1316.0,12653
2026-03-18 14:44:00,1316.0,1316.8,1315.8,1316.6,2026
2026-03-18 14:45:00,1316.6,1316.8,1315.6,1316.2,1714
2026-03-18 14:46:00,1316.7,1318.9,1316.5,1318.8,1317
2026-03-18 14:47:00,1318.8,1318.8,1317.7,1318.5,1137
2026-03-18 14:48:00,1318.7,1322.0,1318.7,1321.5,3104
2026-03-18 14:49:00,1321.5,1322.6,1320.6,1322.5,3426
2026-03-18 14:50:00,1322.5,1324.5,1320.5,1323.8,4652
2026-03-18 14:51:00,1323.8,1323.8,1321.4,1321.4,281
2026-03-18 14:52:00,1321.4,1323.5,1321.1,1322.7,9044
2026-03-18 14:53:00,1322.7,1323.7,1322.1,1322.6,6764
2026-03-18 14:54:00,1322.6,1324.0,1320.0,1320.3,4853
2026-03-18 14:55:00,1320.3,1321.1,1319.0,1321.1,7388
2026-03-18 14:56:00,1321.1,1321.8,1320.6,1321.0,10427
2026-03-18 14:57:00,1321.0,1321.0,1320.3,1320.4,189
2026-03-18 14:58:00,1320.0,1320.6,1320.0,1320.1,191
2026-03-18 14:59:00,1320.1,1322.0,1320.1,1320.9,571
2026-03-18 15:00:00,1320.9,1321.0,1318.4,1318.4,742
2026-03-18 15:01:00,1318.5,1320.2,1318.4,1319.7,7478
2026-03-18 15:02:00,1321.0,1322.9,1320.2,1321.8,4085
2026-03-18 15:03:00,1321.6,1322.0,1320.1,1320.5,3522
2026-03-18 15:04:00,1320.5,1321.5,1320.1,1320.1,3979
2026-03-18 15:05:00,1319.6,1319.6,1318.4,1319.5,2152
2026-03-18 15:06:00,1319.5,1320.4,1319.2,1320.2,3602
2026-03-18 15:07:00,1320.2,1322.9,1320.2,1322.4,14546
2026-03-18 15:08:00,1322.4,1324.3,1322.0,1324.3,19819
2026-03-18 15:09:00,1324.3,1324.3,1322.5,1323.3,7030
2026-03-18 15:10:00,1322.8,1323.3,1320.8,1320.8,1592
2026-03-18 15:11:00,1320.8,1320.9,1320.6,1320.8,678
2026-03-18 15:12:00,1320.5,1321.9,1320.5,1321.3,1424
2026-03-18 15:13:00,1321.4,1321.4,1320.6,1320.6,1535
2026-03-18 15:14:00,1320.6,1321.5,1320.6,1321.0,1099
2026-03-18 15:15:00,1321.0,1321.5,1320.5,1321.1,1298
2026-03-18 15:16:00,1321.1,1322.7,1320.7,1322.6,2028
2026-03-18 15:17:00,1322.5,1323.0,1321.6,1322.1,1943
2026-03-18 15:18:00,1322.1,1322.1,1320.6,1321.2,5035
2026-03-18 15:19:00,1320.5,1321.1,1318.6,1319.8,13879
2026-03-18 15:20:00,1319.8,1319.8,1319.1,1319.4,1984
2026-03-18 15:21:00,1319.5,1319.7,1319.0,1319.6,1260
2026-03-18 15:22:00,1319.6,1319.6,1318.6,1319.0,2010
2026-03-18 15:23:00,1319.0,1319.4,1318.9,1319.4,1356
2026-03-18 15:24:00,1319.4,1320.6,1319.1,1320.6,3755
2026-03-18 15:25:00,1320.6,1323.1,1320.5,1323.0,5703
2026-03-18 15:26:00,1322.5,1323.1,1320.4,1322.6,4630
2026-03-18 15:27:00,1322.6,1323.1,1321.8,1323.1,8970
2026-03-18 15:28:00,1323.1,1324.4,1322.5,1322.5,4352
2026-03-18 15:29:00,1321.1,1324.7,1314.0,1323.0,2409
2026-03-19 09:15:00,1290.6,1305.0,1290.6,1299.7,7505
2026-03-19 09:16:00,1299.7,1299.7,1292.9,1294.8,3917
2026-03-19 09:17:00,1293.6,1296.0,1290.6,1291.9,4341
2026-03-19 09:18:00,1291.0,1291.0,1284.8,1284.9,4878
2026-03-19 09:19:00,1284.3,1284.3,1280.2,1280.2,4960
2026-03-19 09:20:00,1280.6,1280.6,1276.5,1279.0,3764
2026-03-19 09:21:00,1279.0,1279.0,1275.5,1277.6,11478
2026-03-19 09:22:00,1277.6,1282.9,1277.6,1279.7,8490
2026-03-19 09:23:00,1279.6,1283.9,1278.4,1283.3,2536
2026-03-19 09:24:00,1283.3,1283.8,1281.8,1283.8,568
2026-03-19 09:25:00,1284.9,1287.1,1283.4,1287.0,1049
2026-03-19 09:26:00,1287.0,1289.8,1287.0,1289.6,1810
2026-03-19 09:27:00,1289.7,1289.7,1285.7,1288.6,899
2026-03-19 09:28:00,1288.6,1288.6,1286.0,1288.1,3608
2026-03-19 09:29:00,1288.1,1288.1,1286.7,1286.7,616
2026-03-19 09:30:00,1285.7,1285.8,1283.2,1284.8,1880
2026-03-19 09:31:00,1284.2,1286.9,1283.4,1285.2,866
2026-03-19 09:32:00,1285.2,1285.2,1283.3,1284.5,1533
2026-03-19 09:33:00,1284.5,1285.9,1284.5,1284.9,348
2026-03-19 09:34:00,1284.9,1285.8,1284.9,1285.1,180
2026-03-19 09:35:00,1285.1,1285.1,1283.9,1285.0,559
2026-03-19 09:36:00,1285.1,1285.4,1284.8,1285.1,1639
2026-03-19 09:37:00,1285.2,1287.0,1285.2,1286.1,365
2026-03-19 09:38:00,1286.1,1286.1,1283.6,1284.4,235
2026-03-19 09:39:00,1284.4,1286.1,1282.1,1282.1,2162
2026-03-19 09:40:00,1282.1,1282.7,1282.1,1282.1,725
2026-03-19 09:41:00,1282.0,1283.3,1281.8,1282.9,610
2026-03-19 09:42:00,1282.9,1282.9,1282.9,1282.9,25
2026-03-19 09:43:00,1282.9,1282.9,1281.8,1282.0,539
2026-03-19 09:44:00,1282.2,1282.2,1282.0,1282.2,42
2026-03-19 09:45:00,1283.0,1285.2,1283.0,1285.2,1342
2026-03-19 09:46:00,1285.2,1285.2,1281.9,1282.1,952
2026-03-19 09:47:00,1281.8,1281.8,1278.9,1279.0,1911
2026-03-19 09:48:00,1278.8,1279.1,1277.5,1277.5,641
2026-03-19 09:49:00,1277.4,1278.5,1277.0,1277.0,745
2026-03-19 09:50:00,1277.0,1278.1,1276.6,1276.6,540
2026-03-19 09:51:00,1276.6,1278.0,1276.6,1277.4,934
2026-03-19 09:52:00,1277.4,1282.5,1277.4,1282.5,3856
2026-03-19 09:53:00,1282.5,1282.5,1279.2,1279.5,497
2026-03-19 09:54:00,1279.4,1279.6,1278.0,1278.0,408
2026-03-19 09:55:00,1278.4,1278.8,1278.0,1278.8,399
2026-03-19 09:56:00,1278.8,1280.2,1278.8,1280.0,494
2026-03-19 09:57:00,1280.0,1280.5,1279.1,1280.1,844
2026-03-19 09:58:00,1280.1,1280.4,1280.1,1280.4,131
2026-03-19 09:59:00,1280.4,1280.4,1277.7,1278.4,4332
2026-03-19 10:00:00,1278.4,1278.7,1275.7,1276.0,1597
2026-03-19 10:01:00,1276.0,1276.0,1272.2,1272.3,1647
2026-03-19 10:02:00,1272.3,1273.6,1271.5,1272.3,1801
2026-03-19 10:03:00,1272.3,1273.0,1270.8,1272.4,1811
2026-03-19 10:04:00,1272.4,1272.9,1270.2,1272.2,1941
2026-03-19 10:05:00,1272.3,1273.0,1271.2,1272.0,991
2026-03-19 10:06:00,1272.0,1272.0,1271.1,1271.7,580
2026-03-19 10:07:00,1271.1,1272.1,1270.9,1271.5,1716
2026-03-19 10:08:00,1271.5,1272.4,1271.4,1272.4,322
2026-03-19 10:09:00,1272.4,1273.0,1272.0,1272.7,195
2026-03-19 10:10:00,1272.7,1274.0,1271.7,1274.0,1088
2026-03-19 10:11:00,1274.9,1276.2,1272.9,1273.6,714
2026-03-19 10:12:00,1273.6,1274.0,1273.1,1273.1,2337
2026-03-19 10:13:00,1273.1,1273.2,1272.2,1272.2,514
2026-03-19 10:14:00,1272.2,1273.7,1272.0,1272.5,875
2026-03-19 10:15:00,1272.4,1273.0,1270.2,1270.9,800
2026-03-19 10:16:00,1271.7,1271.7,1270.2,1270.8,640
2026-03-19 10:17:00,1270.8,1271.3,1270.1,1271.3,475
2026-03-19 10:18:00,1271.3,1272.1,1269.6,1269.6,179
2026-03-19 10:19:00,1270.1,1270.1,1266.9,1267.4,3257
2026-03-19 10:20:00,1268.1,1269.0,1267.3,1268.6,1083
2026-03-19 10:21:00,1268.6,1269.7,1267.4,1269.5,935
2026-03-19 10:22:00,1269.5,1274.4,1269.0,1274.3,1434
2026-03-19 10:23:00,1273.2,1276.1,1273.2,1275.6,9134
2026-03-19 10:24:00,1275.6,1275.6,1274.2,1274.4,615
2026-03-19 10:25:00,1274.4,1275.6,1274.4,1274.6,515
2026-03-19 10:26:00,1275.6,1275.9,1274.8,1275.7,1512
2026-03-19 10:27:00,1275.3,1276.6,1275.2,1276.6,710
2026-03-19 10:28:00,1276.6,1280.0,1275.8,1279.0,1517
2026-03-19 10:29:00,1278.9,1278.9,1275.5,1275.5,1021
2026-03-19 10:30:00,1275.8,1276.5,1275.1,1275.2,215
2026-03-19 10:31:00,1275.5,1275.5,1274.6,1275.2,973
2026-03-19 10:32:00,1275.2,1276.5,1275.0,1275.9,88
2026-03-19 10:33:00,1275.9,1278.0,1275.9,1278.0,1357
2026-03-19 10:34:00,1278.0,1279.3,1277.4,1278.1,741
2026-03-19 10:35:00,1278.4,1279.4,1277.7,1279.4,1586
2026-03-19 10:36:00,1279.4,1281.7,1278.2,1281.7,4682
2026-03-19 10:37:00,1281.7,1281.7,1280.9,1281.1,655
2026-03-19 10:38:00,1281.6,1281.6,1279.3,1280.6,542
2026-03-19 10:39:00,1280.6,1282.1,1280.0,1282.1,2147
2026-03-19 10:40:00,1282.9,1283.0,1280.3,1281.1,927
2026-03-19 10:41:00,1281.1,1281.2,1277.6,1277.7,1264
2026-03-19 10:42:00,1277.7,1279.4,1277.0,1279.0,1011
2026-03-19 10:43:00,1279.0,1279.3,1277.6,1278.4,437
2026-03-19 10:44:00,1278.4,1280.0,1278.2,1280.0,789
2026-03-19 10:45:00,1280.0,1280.0,1278.2,1278.2,294
2026-03-19 10:46:00,1278.2,1279.0,1278.2,1278.3,174
2026-03-19 10:47:00,1278.3,1279.0,1278.1,1278.1,90
2026-03-19 10:48:00,1278.1,1278.8,1275.1,1275.8,528
2026-03-19 10:49:00,1275.8,1276.6,1274.8,1275.3,798
2026-03-19 10:50:00,1276.1,1276.1,1275.0,1275.6,189
2026-03-19 10:51:00,1275.6,1275.6,1275.2,1275.4,173
2026-03-19 10:52:00,1275.3,1275.5,1274.6,1274.7,1272
2026-03-19 10:53:00,1274.7,1275.3,1274.7,1274.9,168
2026-03-19 10:54:00,1274.9,1275.0,1273.9,1273.9,599
2026-03-19 10:55:00,1274.0,1274.0,1273.5,1273.9,350
2026-03-19 10:56:00,1273.9,1276.9,1273.9,1276.9,841
2026-03-19 10:57:00,1276.9,1284.3,1276.9,1282.2,6264
2026-03-19 10:58:00,1281.9,1282.9,1280.4,1282.9,1362
2026-03-19 10:59:00,1282.9,1282.9,1280.1,1280.1,262
2026-03-19 11:00:00,1280.1,1284.1,1279.6,1283.6,6310
2026-03-19 11:01:00,1283.6,1284.1,1282.9,1283.0,449
2026-03-19 11:02:00,1283.0,1283.7,1282.5,1282.5,104
2026-03-19 11:03:00,1282.5,1282.5,1281.0,1281.0,289
2026-03-19 11:04:00,1281.0,1283.3,1281.0,1282.2,930
2026-03-19 11:05:00,1282.2,1282.2,1280.7,1280.7,693
2026-03-19 11:06:00,1280.7,1282.2,1280.7,1281.5,874
2026-03-19 11:07:00,1281.5,1282.1,1280.9,1280.9,65
2026-03-19 11:08:00,1281.4,1281.4,1280.1,1281.3,741
2026-03-19 11:09:00,1281.3,1281.4,1280.0,1280.0,189
2026-03-19 11:10:00,1280.0,1280.9,1279.8,1280.9,753
2026-03-19 11:11:00,1280.9,1281.1,1280.6,1280.9,58
2026-03-19 11:12:00,1280.9,1281.2,1280.7,1280.7,523
2026-03-19 11:13:00,1280.7,1281.5,1280.3,1281.5,462
2026-03-19 11:14:00,1281.5,1282.0,1279.6,1279.6,283
2026-03-19 11:15:00,1279.2,1282.3,1279.1,1280.8,4045
2026-03-19 11:16:00,1280.8,1281.1,1280.4,1280.4,56
2026-03-19 11:17:00,1280.4,1282.4,1280.3,1280.3,601
2026-03-19 11:18:00,1280.3,1280.8,1279.2,1279.3,630
2026-03-19 11:19:00,1279.2,1279.5,1278.7,1279.5,166
2026-03-19 11:20:00,1279.5,1279.5,1277.1,1278.5,1350
2026-03-19 11:21:00,1278.5,1279.6,1278.1,1279.6,75
2026-03-19 11:22:00,1279.6,1280.3,1279.4,1280.2,153
2026-03-19 11:23:00,1280.2,1281.7,1279.6,1281.7,452
2026-03-19 11:24:00,1281.7,1281.9,1280.7,1281.0,991
2026-03-19 11:25:00,1280.7,1280.9,1279.5,1279.5,112
2026-03-19 11:26:00,1279.5,1279.7,1278.7,1278.7,581
2026-03-19 11:27:00,1278.7,1279.7,1278.7,1279.1,50
2026-03-19 11:28:00,1279.1,1279.6,1278.5,1278.5,68
2026-03-19 11:29:00,1278.5,1278.6,1277.0,1277.8,99
2026-03-19 11:30:00,1277.8,1277.9,1277.2,1277.7,483
2026-03-19 11:31:00,1277.7,1279.4,1276.8,1279.1,2145
2026-03-19 11:32:00,1279.1,1279.7,1279.1,1279.7,175
2026-03-19 11:33:00,1279.7,1281.0,1279.7,1280.9,371
2026-03-19 11:34:00,1280.9,1280.9,1280.0,1280.2,699
2026-03-19 11:35:00,1280.2,1280.9,1280.0,1280.9,736
2026-03-19 11:36:00,1280.9,1282.2,1280.9,1281.1,131
2026-03-19 11:37:00,1281.1,1281.2,1280.5,1280.5,50
2026-03-19 11:38:00,1280.5,1280.8,1280.5,1280.8,124
2026-03-19 11:39:00,1280.8,1280.9,1280.0,1280.1,188
2026-03-19 11:40:00,1280.1,1280.5,1279.5,1279.9,231
2026-03-19 11:41:00,1279.9,1280.4,1279.7,1279.8,206
2026-03-19 11:42:00,1279.8,1281.4,1279.8,1280.5,1293
2026-03-19 11:43:00,1280.8,1281.2,1280.1,1280.5,838
2026-03-19 11:44:00,1280.5,1283.7,1280.5,1282.4,4476
2026-03-19 11:45:00,1282.4,1282.4,1280.9,1281.7,338
2026-03-19 11:46:00,1281.7,1281.7,1281.0,1281.1,50
2026-03-19 11:47:00,1281.1,1281.8,1281.0,1281.5,278
2026-03-19 11:48:00,1281.5,1282.2,1281.5,1281.5,59
2026-03-19 11:49:00,1281.0,1281.0,1280.0,1280.5,706
2026-03-19 11:50:00,1280.5,1281.7,1280.0,1281.1,411
2026-03-19 11:51:00,1281.1,1282.5,1281.1,1282.5,125
2026-03-19 11:52:00,1282.5,1282.9,1282.0,1282.9,311
2026-03-19 11:53:00,1282.5,1282.5,1281.6,1282.1,205
2026-03-19 11:54:00,1282.1,1282.1,1281.2,1281.2,121
2026-03-19 11:55:00,1281.8,1281.8,1280.3,1280.3,73
2026-03-19 11:56:00,1280.3,1280.3,1279.0,1279.0,365
2026-03-19 11:57:00,1279.4,1279.4,1279.0,1279.0,60
2026-03-19 11:58:00,1279.0,1279.1,1278.0,1278.0,368
2026-03-19 11:59:00,1278.0,1278.4,1277.6,1277.7,357
2026-03-19 12:00:00,1277.7,1277.9,1276.8,1277.9,446
2026-03-19 12:01:00,1277.9,1278.1,1277.3,1277.3,217
2026-03-19 12:02:00,1277.3,1278.8,1277.3,1278.8,213
2026-03-19 12:03:00,1278.8,1278.8,1276.6,1276.6,569
2026-03-19 12:04:00,1276.6,1278.8,1276.6,1278.0,341
2026-03-19 12:05:00,1278.0,1278.0,1277.2,1277.8,152
2026-03-19 12:06:00,1277.8,1277.8,1277.2,1277.4,61
2026-03-19 12:07:00,1277.5,1277.5,1277.2,1277.3,357
2026-03-19 12:08:00,1277.3,1277.3,1276.0,1276.0,2002
2026-03-19 12:09:00,1276.5,1276.5,1276.0,1276.0,258
2026-03-19 12:10:00,1276.0,1276.1,1275.1,1275.1,283
2026-03-19 12:11:00,1275.1,1275.5,1274.2,1274.8,1864
2026-03-19 12:12:00,1274.8,1277.1,1274.8,1276.2,483
2026-03-19 12:13:00,1276.2,1276.8,1276.2,1276.8,123
2026-03-19 12:14:00,1276.8,1278.0,1276.4,1278.0,112
2026-03-19 12:15:00,1278.0,1278.8,1277.9,1278.5,2293
2026-03-19 12:16:00,1278.5,1279.8,1277.9,1278.9,407
2026-03-19 12:17:00,1278.9,1278.9,1277.2,1277.6,114
2026-03-19 12:18:00,1277.6,1278.3,1277.3,1277.3,111
2026-03-19 12:19:00,1277.3,1278.2,1277.2,1278.0,247
2026-03-19 12:20:00,1278.0,1278.0,1276.1,1277.0,277
2026-03-19 12:21:00,1277.0,1277.4,1276.1,1276.5,811
2026-03-19 12:22:00,1276.5,1277.1,1274.8,1275.9,697
2026-03-19 12:23:00,1275.9,1277.0,1275.7,1275.8,193
2026-03-19 12:24:00,1275.6,1276.5,1275.5,1275.6,194
2026-03-19 12:25:00,1275.6,1276.3,1275.5,1276.3,406
2026-03-19 12:26:00,1276.3,1276.3,1275.5,1275.9,76
2026-03-19 12:27:00,1275.9,1276.1,1275.5,1275.5,63
2026-03-19 12:28:00,1275.9,1276.1,1275.3,1276.0,286
2026-03-19 12:29:00,1276.0,1276.1,1275.2,1275.3,57
2026-03-19 12:30:00,1275.3,1276.9,1275.3,1276.3,163
2026-03-19 12:31:00,1276.3,1276.8,1275.2,1275.6,644
2026-03-19 12:32:00,1275.6,1276.4,1275.6,1276.0,293
2026-03-19 12:33:00,1276.0,1276.2,1275.4,1275.4,104
2026-03-19 12:34:00,1275.4,1275.9,1275.4,1275.5,198
2026-03-19 12:35:00,1275.5,1277.4,1275.5,1277.1,123
2026-03-19 12:36:00,1277.1,1277.7,1276.7,1276.9,189
2026-03-19 12:37:00,1276.9,1277.6,1276.7,1276.7,75
2026-03-19 12:38:00,1276.7,1277.2,1276.5,1276.6,71
2026-03-19 12:39:00,1276.6,1277.9,1276.6,1276.9,485
2026-03-19 12:40:00,1276.9,1277.5,1275.8,1275.8,89
2026-03-19 12:41:00,1275.8,1275.8,1273.5,1273.5,354
2026-03-19 12:42:00,1273.5,1274.7,1273.3,1274.5,452
2026-03-19 12:43:00,1274.5,1274.5,1272.3,1272.3,306
2026-03-19 12:44:00,1272.3,1272.9,1271.5,1272.5,1878
2026-03-19 12:45:00,1272.5,1273.7,1272.1,1272.1,338
2026-03-19 12:46:00,1272.1,1272.7,1272.1,1272.7,51
2026-03-19 12:47:00,1272.7,1273.2,1272.5,1273.0,81
2026-03-19 12:48:00,1273.0,1274.2,1273.0,1274.1,440
2026-03-19 12:49:00,1274.1,1275.4,1273.6,1275.4,358
2026-03-19 12:50:00,1275.4,1275.4,1274.2,1274.4,122
2026-03-19 12:51:00,1274.4,1274.4,1273.9,1274.2,133
2026-03-19 12:52:00,1274.2,1274.5,1272.8,1273.5,987
2026-03-19 12:53:00,1273.5,1273.5,1272.8,1272.8,50
2026-03-19 12:54:00,1273.4,1273.8,1272.9,1273.8,126
2026-03-19 12:55:00,1273.8,1274.3,1273.8,1273.8,99
2026-03-19 12:56:00,1273.8,1274.2,1273.2,1273.8,122
2026-03-19 12:57:00,1273.8,1273.8,1272.8,1273.2,266
2026-03-19 12:58:00,1273.5,1275.0,1273.2,1274.6,204
2026-03-19 12:59:00,1274.6,1274.6,1272.7,1272.7,1536
2026-03-19 13:00:00,1272.7,1272.7,1272.1,1272.3,126
2026-03-19 13:01:00,1272.3,1272.3,1270.6,1272.3,383
2026-03-19 13:02:00,1272.3,1272.3,1270.6,1270.6,55
2026-03-19 13:03:00,1270.6,1271.5,1270.6,1270.6,422
2026-03-19 13:04:00,1270.6,1272.9,1270.5,1270.8,3701
2026-03-19 13:05:00,1270.8,1271.4,1270.5,1271.4,495
2026-03-19 13:06:00,1271.4,1271.5,1270.5,1271.0,1493
2026-03-19 13:07:00,1271.0,1271.0,1270.0,1270.0,1522
2026-03-19 13:08:00,1270.0,1270.6,1270.0,1270.5,110
2026-03-19 13:09:00,1270.5,1271.1,1270.0,1270.2,394
2026-03-19 13:10:00,1270.2,1272.5,1270.2,1271.1,293
2026-03-19 13:11:00,1270.5,1271.9,1270.0,1271.1,563
2026-03-19 13:12:00,1271.1,1271.1,1270.3,1270.6,72
2026-03-19 13:13:00,1270.6,1271.2,1270.2,1270.2,99
2026-03-19 13:14:00,1270.2,1271.0,1269.4,1269.4,634
2026-03-19 13:15:00,1269.4,1270.1,1269.4,1270.1,677
2026-03-19 13:16:00,1270.1,1271.1,1270.1,1270.9,452
2026-03-19 13:17:00,1270.8,1270.8,1269.9,1270.3,154
2026-03-19 13:18:00,1270.3,1270.3,1269.7,1269.7,64
2026-03-19 13:19:00,1269.7,1270.1,1269.0,1269.0,212
2026-03-19 13:20:00,1269.0,1270.2,1269.0,1269.4,826
2026-03-19 13:21:00,1269.4,1270.0,1269.1,1269.3,105
2026-03-19 13:22:00,1269.3,1269.9,1269.3,1269.5,230
2026-03-19 13:23:00,1269.4,1269.4,1268.1,1268.8,588
2026-03-19 13:24:00,1268.8,1268.8,1267.5,1267.7,288
2026-03-19 13:25:00,1267.7,1270.2,1267.7,1269.5,1817
2026-03-19 13:26:00,1270.0,1270.0,1268.0,1268.0,104
2026-03-19 13:27:00,1268.0,1268.4,1267.0,1267.2,776
2026-03-19 13:28:00,1267.2,1271.9,1267.2,1270.8,1195
2026-03-19 13:29:00,1270.8,1271.5,1270.8,1270.9,159
2026-03-19 13:30:00,1270.9,1275.6,1270.9,1275.5,1863
2026-03-19 13:31:00,1275.5,1275.5,1274.5,1274.6,255
2026-03-19 13:32:00,1274.6,1276.0,1274.4,1276.0,1947
2026-03-19 13:33:00,1276.0,1276.0,1275.3,1275.4,257
2026-03-19 13:34:00,1275.4,1275.7,1274.6,1274.6,111
2026-03-19 13:35:00,1275.3,1275.3,1273.5,1273.9,735
2026-03-19 13:36:00,1274.2,1275.2,1274.1,1275.1,174
2026-03-19 13:37:00,1275.1,1275.4,1275.0,1275.1,183
2026-03-19 13:38:00,1275.1,1276.5,1275.1,1276.0,458
2026-03-19 13:39:00,1276.0,1276.3,1275.6,1276.3,87
2026-03-19 13:40:00,1276.3,1276.3,1275.6,1275.6,151
2026-03-19 13:41:00,1275.6,1275.9,1275.3,1275.3,90
2026-03-19 13:42:00,1275.3,1275.9,1275.3,1275.5,210
2026-03-19 13:43:00,1275.5,1275.9,1275.3,1275.4,100
2026-03-19 13:44:00,1275.9,1275.9,1275.2,1275.5,499
2026-03-19 13:45:00,1275.5,1276.9,1275.2,1276.9,628
2026-03-19 13:46:00,1277.4,1277.5,1276.4,1276.4,356
2026-03-19 13:47:00,1276.4,1277.2,1275.4,1277.2,398
2026-03-19 13:48:00,1277.2,1277.4,1275.6,1275.6,179
2026-03-19 13:49:00,1275.6,1276.0,1275.0,1275.0,358
2026-03-19 13:50:00,1275.0,1277.5,1275.0,1276.9,600
2026-03-19 13:51:00,1276.9,1277.6,1276.6,1277.3,179
2026-03-19 13:52:00,1276.6,1277.0,1276.5,1276.6,116
2026-03-19 13:53:00,1276.6,1277.1,1276.6,1276.9,196
2026-03-19 13:54:00,1276.9,1276.9,1275.5,1276.7,706
2026-03-19 13:55:00,1276.7,1277.4,1275.9,1276.8,740
2026-03-19 13:56:00,1276.8,1277.2,1275.4,1276.1,438
2026-03-19 13:57:00,1276.1,1276.1,1275.0,1275.0,130
2026-03-19 13:58:00,1275.0,1278.0,1275.0,1277.3,1634
2026-03-19 13:59:00,1277.3,1278.1,1277.3,1277.6,131
2026-03-19 14:00:00,1277.6,1278.4,1277.6,1278.0,548
2026-03-19 14:01:00,1277.8,1277.8,1277.2,1277.2,347
2026-03-19 14:02:00,1277.2,1277.7,1277.2,1277.2,217
2026-03-19 14:03:00,1277.2,1277.2,1276.6,1277.2,2086
2026-03-19 14:04:00,1277.2,1277.4,1277.0,1277.0,2538
2026-03-19 14:05:00,1277.1,1277.4,1276.8,1276.8,1817
2026-03-19 14:06:00,1276.8,1277.2,1276.6,1277.1,3193
2026-03-19 14:07:00,1277.1,1277.1,1277.1,1277.1,8398
2026-03-19 14:08:00,1277.1,1277.2,1276.7,1276.7,1734
2026-03-19 14:09:00,1276.7,1277.2,1276.5,1277.1,18221
2026-03-19 14:10:00,1277.1,1277.3,1277.1,1277.1,5340
2026-03-19 14:11:00,1277.1,1277.4,1276.3,1277.2,10171
2026-03-19 14:12:00,1277.2,1277.2,1277.1,1277.1,444
2026-03-19 14:13:00,1277.1,1278.8,1277.1,1278.3,1594
2026-03-19 14:14:00,1278.3,1278.6,1277.1,1277.1,474
2026-03-19 14:15:00,1277.1,1278.9,1277.1,1278.3,423
2026-03-19 14:16:00,1278.3,1278.4,1277.1,1277.3,1305
2026-03-19 14:17:00,1277.3,1278.4,1277.1,1277.5,802
2026-03-19 14:18:00,1278.4,1278.8,1277.5,1277.9,159
2026-03-19 14:19:00,1277.9,1278.8,1277.9,1278.8,381
2026-03-19 14:20:00,1278.5,1278.8,1278.5,1278.5,183
2026-03-19 14:21:00,1278.5,1278.8,1278.5,1278.5,3761
2026-03-19 14:22:00,1278.5,1278.7,1278.5,1278.5,1167
2026-03-19 14:23:00,1278.5,1278.6,1278.5,1278.5,437
2026-03-19 14:24:00,1278.6,1278.6,1278.5,1278.5,4784
2026-03-19 14:25:00,1278.5,1278.6,1272.9,1274.9,7367
2026-03-19 14:26:00,1274.1,1274.1,1270.8,1271.4,2617
2026-03-19 14:27:00,1271.4,1271.4,1269.1,1269.1,2119
2026-03-19 14:28:00,1269.1,1271.4,1268.1,1271.4,1844
2026-03-19 14:29:00,1271.4,1271.4,1269.7,1270.9,353
2026-03-19 14:30:00,1270.9,1270.9,1269.9,1270.0,886
2026-03-19 14:31:00,1270.0,1270.6,1270.0,1270.0,420
2026-03-19 14:32:00,1270.0,1271.9,1270.0,1271.9,767
2026-03-19 14:33:00,1272.9,1273.2,1272.0,1272.1,730
2026-03-19 14:34:00,1272.1,1272.7,1271.9,1271.9,535
2026-03-19 14:35:00,1272.5,1273.9,1272.5,1272.7,782
2026-03-19 14:36:00,1272.7,1274.5,1272.3,1274.1,1884
2026-03-19 14:37:00,1274.1,1274.1,1273.5,1273.6,753
2026-03-19 14:38:00,1273.6,1273.9,1273.5,1273.8,2580
2026-03-19 14:39:00,1273.8,1273.8,1273.3,1273.5,8708
2026-03-19 14:40:00,1273.5,1273.6,1272.7,1273.6,4673
2026-03-19 14:41:00,1273.6,1273.6,1273.0,1273.5,10085
2026-03-19 14:42:00,1273.5,1273.6,1273.0,1273.6,22011
2026-03-19 14:43:00,1273.5,1273.6,1273.3,1273.6,7770
2026-03-19 14:44:00,1273.5,1275.2,1273.3,1275.2,5850
2026-03-19 14:45:00,1275.2,1276.6,1275.2,1276.3,509
2026-03-19 14:46:00,1276.3,1276.5,1274.9,1274.9,1660
2026-03-19 14:47:00,1274.9,1276.1,1274.8,1276.1,10440
2026-03-19 14:48:00,1276.1,1276.1,1269.8,1269.8,15698
2026-03-19 14:49:00,1270.1,1270.3,1268.7,1268.7,1640
2026-03-19 14:50:00,1268.7,1269.4,1267.4,1268.0,943
2026-03-19 14:51:00,1268.0,1268.1,1266.8,1267.3,1910
2026-03-19 14:52:00,1267.3,1269.2,1267.1,1267.9,1833
2026-03-19 14:53:00,1267.9,1267.9,1265.1,1265.1,631
2026-03-19 14:54:00,1265.1,1265.9,1263.9,1265.9,2983
2026-03-19 14:55:00,1265.9,1266.9,1265.4,1265.5,2409
2026-03-19 14:56:00,1265.0,1265.0,1263.1,1263.9,1051
2026-03-19 14:57:00,1263.4,1263.6,1263.2,1263.2,1687
2026-03-19 14:58:00,1263.0,1264.4,1263.0,1264.3,1813
2026-03-19 14:59:00,1264.3,1264.3,1263.3,1264.0,1595
2026-03-19 15:00:00,1264.5,1264.5,1262.1,1262.7,2429
2026-03-19 15:01:00,1263.5,1265.9,1262.9,1265.9,2625
2026-03-19 15:02:00,1265.7,1268.7,1265.7,1268.7,3772
2026-03-19 15:03:00,1269.6,1269.6,1268.1,1268.3,2644
2026-03-19 15:04:00,1267.1,1268.8,1267.0,1267.5,2728
2026-03-19 15:05:00,1267.5,1267.5,1265.1,1265.1,3607
2026-03-19 15:06:00,1265.0,1267.7,1264.1,1266.6,1464
2026-03-19 15:07:00,1266.6,1266.8,1265.0,1265.3,847
2026-03-19 15:08:00,1265.3,1265.8,1264.7,1265.4,3249
2026-03-19 15:09:00,1265.3,1265.7,1265.1,1265.1,1684
2026-03-19 15:10:00,1265.1,1267.5,1264.2,1266.9,3288
2026-03-19 15:11:00,1266.4,1267.0,1265.3,1265.4,525
2026-03-19 15:12:00,1266.9,1266.9,1265.1,1265.1,1966
2026-03-19 15:13:00,1264.7,1264.7,1263.0,1263.6,2086
2026-03-19 15:14:00,1263.6,1264.8,1262.5,1264.8,3621
2026-03-19 15:15:00,1264.0,1266.8,1263.5,1266.7,5491
2026-03-19 15:16:00,1266.2,1268.5,1266.2,1267.5,3481
2026-03-19 15:17:00,1268.4,1268.4,1267.6,1268.0,2102
2026-03-19 15:18:00,1267.5,1273.3,1267.5,1272.5,5575
2026-03-19 15:19:00,1271.8,1272.7,1270.4,1272.2,4152
2026-03-19 15:20:00,1272.2,1272.2,1270.8,1272.0,5115
2026-03-19 15:21:00,1271.0,1272.0,1269.1,1270.1,1925
2026-03-19 15:22:00,1270.1,1270.2,1269.5,1269.6,1683
2026-03-19 15:23:00,1269.6,1270.0,1269.0,1270.0,1186
2026-03-19 15:24:00,1270.0,1271.6,1269.1,1270.4,3989
2026-03-19 15:25:00,1271.6,1273.0,1271.2,1272.8,4956
2026-03-19 15:26:00,1272.8,1272.8,1271.2,1271.2,1339
2026-03-19 15:27:00,1271.2,1272.7,1270.0,1272.1,4808
2026-03-19 15:28:00,1270.9,1270.9,1269.1,1270.6,1660
2026-03-19 15:29:00,1270.8,1274.5,1270.8,1274.5,2936
2026-03-20 09:15:00,1278.9,1290.4,1278.9,1282.6,4243
2026-03-20 09:16:00,1281.2,1288.4,1281.2,1287.3,2436
2026-03-20 09:17:00,1288.8,1291.9,1286.4,1289.7,2820
2026-03-20 09:18:00,1289.9,1289.9,1286.3,1286.5,881
2026-03-20 09:19:00,1286.6,1287.9,1285.7,1287.1,1720
2026-03-20 09:20:00,1287.1,1287.1,1283.6,1283.6,1137
2026-03-20 09:21:00,1284.6,1285.4,1283.8,1284.3,1379
2026-03-20 09:22:00,1284.3,1284.3,1282.1,1284.2,5250
2026-03-20 09:23:00,1283.5,1283.6,1283.2,1283.2,159
2026-03-20 09:24:00,1283.2,1283.7,1279.0,1281.9,2478
2026-03-20 09:25:00,1281.9,1283.0,1280.9,1281.0,574
2026-03-20 09:26:00,1281.0,1284.2,1280.5,1283.2,813
2026-03-20 09:27:00,1284.1,1287.5,1284.1,1286.9,1828
2026-03-20 09:28:00,1286.9,1287.5,1285.2,1286.8,1292
2026-03-20 09:29:00,1286.7,1290.4,1286.7,1290.4,1567
2026-03-20 09:30:00,1290.5,1296.3,1290.5,1293.5,3646
2026-03-20 09:31:00,1293.6,1296.0,1293.6,1296.0,1552
2026-03-20 09:32:00,1296.0,1300.0,1296.0,1299.5,8354
2026-03-20 09:33:00,1299.5,1302.4,1298.4,1302.4,8494
2026-03-20 09:34:00,1302.4,1302.4,1298.0,1300.2,3156
2026-03-20 09:35:00,1300.2,1300.2,1297.1,1298.0,1694
2026-03-20 09:36:00,1297.6,1299.0,1296.8,1299.0,789
2026-03-20 09:37:00,1299.7,1301.9,1299.5,1300.9,2744
2026-03-20 09:38:00,1300.9,1302.3,1299.8,1302.2,2195
2026-03-20 09:39:00,1302.2,1304.2,1301.9,1303.4,1734
2026-03-20 09:40:00,1303.4,1303.4,1301.4,1301.7,2235
2026-03-20 09:41:00,1301.7,1302.3,1300.0,1302.3,1912
2026-03-20 09:42:00,1302.3,1302.3,1297.8,1299.5,1383
2026-03-20 09:43:00,1299.5,1300.8,1299.5,1300.1,2901
2026-03-20 09:44:00,1300.5,1301.8,1296.0,1296.0,1349
2026-03-20 09:45:00,1296.0,1297.3,1294.6,1296.4,1240
2026-03-20 09:46:00,1296.4,1297.3,1295.2,1295.9,895
2026-03-20 09:47:00,1295.9,1297.6,1295.6,1297.3,1498
2026-03-20 09:48:00,1297.3,1297.8,1296.1,1297.7,911
2026-03-20 09:49:00,1297.7,1298.1,1296.9,1296.9,328
2026-03-20 09:50:00,1296.9,1299.1,1296.8,1298.8,1320
2026-03-20 09:51:00,1298.0,1298.0,1295.7,1296.0,413
2026-03-20 09:52:00,1296.0,1297.9,1296.0,1297.9,742
2026-03-20 09:53:00,1297.9,1297.9,1295.2,1295.6,209
2026-03-20 09:54:00,1295.6,1296.5,1295.1,1296.5,390
2026-03-20 09:55:00,1296.5,1296.6,1295.1,1295.1,552
2026-03-20 09:56:00,1295.1,1296.9,1295.1,1295.6,259
2026-03-20 09:57:00,1295.6,1295.7,1295.0,1295.0,247
2026-03-20 09:58:00,1295.0,1295.0,1293.8,1294.1,1175
2026-03-20 09:59:00,1294.8,1296.7,1294.6,1296.7,893
2026-03-20 10:00:00,1296.7,1297.5,1296.7,1297.5,498
2026-03-20 10:01:00,1297.7,1297.7,1296.5,1296.5,2502
2026-03-20 10:02:00,1296.5,1296.7,1295.9,1295.9,168
2026-03-20 10:03:00,1295.9,1296.0,1295.0,1295.0,63
2026-03-20 10:04:00,1295.0,1295.0,1293.2,1293.2,341
2026-03-20 10:05:00,1293.2,1294.6,1292.4,1294.3,887
2026-03-20 10:06:00,1294.3,1294.9,1294.0,1294.0,163
2026-03-20 10:07:00,1294.0,1294.5,1293.7,1293.7,629
2026-03-20 10:08:00,1293.7,1293.7,1290.7,1291.2,3247
2026-03-20 10:09:00,1291.2,1293.8,1291.0,1293.0,609
2026-03-20 10:10:00,1293.0,1293.8,1292.4,1292.4,2565
2026-03-20 10:11:00,1292.8,1295.7,1292.7,1295.1,9681
2026-03-20 10:12:00,1295.1,1296.6,1295.1,1295.7,1852
2026-03-20 10:13:00,1295.5,1295.5,1294.4,1294.4,533
2026-03-20 10:14:00,1294.4,1294.4,1293.1,1293.1,106
2026-03-20 10:15:00,1293.1,1293.2,1292.5,1293.0,260
2026-03-20 10:16:00,1293.0,1294.5,1292.7,1292.7,1470
2026-03-20 10:17:00,1292.7,1293.0,1291.9,1292.2,2387
2026-03-20 10:18:00,1292.2,1292.2,1289.7,1289.7,785
2026-03-20 10:19:00,1289.0,1290.6,1289.0,1290.6,1967
2026-03-20 10:20:00,1290.7,1291.4,1290.3,1291.4,669
2026-03-20 10:21:00,1291.4,1291.4,1288.7,1288.7,346
2026-03-20 10:22:00,1289.0,1289.4,1288.6,1288.9,114
2026-03-20 10:23:00,1288.9,1290.8,1288.9,1289.4,285
2026-03-20 10:24:00,1289.4,1290.8,1289.0,1290.8,422
2026-03-20 10:25:00,1290.7,1290.7,1289.4,1290.0,234
2026-03-20 10:26:00,1290.0,1291.9,1289.2,1291.9,1113
2026-03-20 10:27:00,1291.9,1292.6,1291.3,1291.7,551
2026-03-20 10:28:00,1291.7,1292.5,1291.7,1292.5,245
2026-03-20 10:29:00,1292.8,1295.2,1292.7,1293.3,1825
2026-03-20 10:30:00,1293.3,1295.3,1292.7,1294.5,650
2026-03-20 10:31:00,1294.5,1295.4,1292.5,1292.5,2368
2026-03-20 10:32:00,1292.5,1294.9,1292.5,1294.0,233
2026-03-20 10:33:00,1294.0,1295.5,1293.0,1295.0,302
2026-03-20 10:34:00,1295.0,1295.2,1293.6,1294.0,96
2026-03-20 10:35:00,1294.0,1295.3,1293.8,1293.8,344
2026-03-20 10:36:00,1293.8,1295.0,1293.8,1294.0,769
2026-03-20 10:37:00,1294.4,1294.4,1292.5,1292.6,1029
2026-03-20 10:38:00,1292.6,1292.6,1291.1,1291.9,496
2026-03-20 10:39:00,1291.9,1292.3,1290.5,1291.3,2155
2026-03-20 10:40:00,1291.3,1292.7,1291.2,1292.0,1918
2026-03-20 10:41:00,1292.0,1292.0,1291.4,1291.5,53
2026-03-20 10:42:00,1291.5,1293.1,1291.5,1292.5,747
2026-03-20 10:43:00,1292.5,1294.2,1290.0,1290.0,3284
2026-03-20 10:44:00,1290.0,1290.0,1288.2,1289.6,2251
2026-03-20 10:45:00,1289.6,1289.6,1288.5,1288.9,80
2026-03-20 10:46:00,1288.9,1291.4,1288.9,1291.4,1448
2026-03-20 10:47:00,1291.4,1291.4,1289.5,1289.6,416
2026-03-20 10:48:00,1289.6,1289.6,1288.5,1288.5,44
2026-03-20 10:49:00,1288.5,1288.9,1288.5,1288.9,28
2026-03-20 10:50:00,1288.9,1290.1,1288.9,1290.1,745
2026-03-20 10:51:00,1290.1,1290.3,1289.4,1289.9,150
2026-03-20 10:52:00,1289.9,1289.9,1289.4,1289.4,82
2026-03-20 10:53:00,1289.4,1290.0,1288.6,1289.4,358
2026-03-20 10:54:00,1289.4,1290.3,1289.1,1290.3,127
2026-03-20 10:55:00,1290.3,1290.3,1289.9,1290.0,125
2026-03-20 10:56:00,1290.0,1290.0,1288.0,1288.0,270
2026-03-20 10:57:00,1288.0,1288.1,1287.9,1287.9,453
2026-03-20 10:58:00,1287.9,1288.8,1286.6,1286.6,272
2026-03-20 10:59:00,1286.6,1287.3,1286.6,1287.3,331
2026-03-20 11:00:00,1287.3,1287.6,1287.1,1287.6,83
2026-03-20 11:01:00,1287.6,1287.9,1286.4,1287.3,460
2026-03-20 11:02:00,1287.3,1287.3,1286.2,1286.8,68
2026-03-20 11:03:00,1286.8,1286.9,1286.4,1286.4,87
2026-03-20 11:04:00,1286.4,1286.4,1284.6,1285.1,654
2026-03-20 11:05:00,1285.1,1285.1,1283.2,1283.9,514
2026-03-20 11:06:00,1283.9,1283.9,1282.0,1282.7,3446
2026-03-20 11:07:00,1282.7,1284.9,1282.6,1284.9,734
2026-03-20 11:08:00,1284.9,1285.0,1282.4,1282.4,456
2026-03-20 11:09:00,1282.4,1282.4,1281.2,1281.2,152
2026-03-20 11:10:00,1281.2,1282.0,1281.1,1281.1,151
2026-03-20 11:11:00,1281.1,1281.6,1280.6,1280.7,617
2026-03-20 11:12:00,1280.7,1281.6,1280.4,1281.6,397
2026-03-20 11:13:00,1281.6,1281.7,1280.4,1280.4,1371
2026-03-20 11:14:00,1280.4,1281.8,1280.4,1280.9,213
2026-03-20 11:15:00,1280.9,1283.8,1280.9,1283.6,842
2026-03-20 11:16:00,1283.6,1284.0,1282.9,1283.8,621
2026-03-20 11:17:00,1283.8,1283.9,1281.6,1281.6,1020
2026-03-20 11:18:00,1281.6,1281.9,1280.1,1280.3,599
2026-03-20 11:19:00,1280.3,1282.0,1280.3,1282.0,503
2026-03-20 11:20:00,1282.0,1283.5,1282.0,1283.5,598
2026-03-20 11:21:00,1282.1,1286.8,1281.6,1283.9,18602
2026-03-20 11:22:00,1283.3,1286.8,1282.7,1285.2,4002
2026-03-20 11:23:00,1285.2,1285.2,1284.4,1284.4,493
2026-03-20 11:24:00,1283.8,1284.1,1283.2,1283.2,971
2026-03-20 11:25:00,1283.2,1283.7,1283.2,1283.2,1457
2026-03-20 11:26:00,1283.2,1285.4,1283.2,1283.8,1587
2026-03-20 11:27:00,1283.3,1283.3,1283.2,1283.2,168
2026-03-20 11:28:00,1283.2,1283.3,1282.1,1282.8,1667
2026-03-20 11:29:00,1282.2,1283.9,1282.1,1283.9,882
2026-03-20 11:30:00,1283.6,1284.2,1282.1,1284.2,2044
2026-03-20 11:31:00,1284.2,1285.5,1284.1,1284.5,835
2026-03-20 11:32:00,1284.5,1284.5,1282.6,1283.3,1442
2026-03-20 11:33:00,1283.3,1283.5,1282.4,1283.4,469
2026-03-20 11:34:00,1283.4,1283.4,1281.0,1281.0,2130
2026-03-20 11:35:00,1281.0,1281.1,1280.0,1280.8,1028
2026-03-20 11:36:00,1281.2,1281.7,1280.5,1280.5,513
2026-03-20 11:37:00,1280.5,1280.5,1280.0,1280.3,211
2026-03-20 11:38:00,1280.3,1280.8,1279.6,1280.0,1986
2026-03-20 11:39:00,1280.0,1280.2,1280.0,1280.0,214
2026-03-20 11:40:00,1280.0,1280.1,1276.8,1277.7,3331
2026-03-20 11:41:00,1277.7,1277.7,1276.5,1276.5,708
2026-03-20 11:42:00,1276.5,1276.8,1275.2,1275.2,322
2026-03-20 11:43:00,1275.2,1277.3,1275.2,1276.0,2208
2026-03-20 11:44:00,1276.0,1276.4,1275.2,1276.0,1236
2026-03-20 11:45:00,1276.0,1277.5,1275.7,1276.3,988
2026-03-20 11:46:00,1276.3,1276.8,1275.1,1275.1,1105
2026-03-20 11:47:00,1275.1,1275.7,1275.1,1275.5,445
2026-03-20 11:48:00,1275.5,1275.9,1274.7,1274.9,2173
2026-03-20 11:49:00,1274.9,1274.9,1273.8,1273.9,176
2026-03-20 11:50:00,1274.0,1274.5,1273.0,1273.0,187
2026-03-20 11:51:00,1273.0,1273.0,1271.2,1271.4,343
2026-03-20 11:52:00,1271.5,1272.0,1270.3,1272.0,1526
2026-03-20 11:53:00,1272.0,1272.7,1271.5,1272.0,724
2026-03-20 11:54:00,1271.3,1272.2,1271.3,1272.1,129
2026-03-20 11:55:00,1272.1,1272.1,1271.7,1272.0,121
2026-03-20 11:56:00,1272.0,1272.0,1270.9,1270.9,1829
2026-03-20 11:57:00,1270.9,1270.9,1269.8,1269.8,624
2026-03-20 11:58:00,1269.3,1269.6,1267.4,1267.4,1418
2026-03-20 11:59:00,1267.4,1269.8,1267.0,1268.4,1807
2026-03-20 12:00:00,1268.9,1269.2,1266.5,1267.2,839
2026-03-20 12:01:00,1267.2,1268.3,1267.2,1268.1,222
2026-03-20 12:02:00,1268.1,1268.2,1267.2,1267.8,499
2026-03-20 12:03:00,1267.9,1268.1,1267.0,1267.0,481
2026-03-20 12:04:00,1267.0,1268.9,1267.0,1267.8,393
2026-03-20 12:05:00,1267.8,1269.0,1267.8,1268.5,104
2026-03-20 12:06:00,1268.7,1272.7,1268.1,1270.2,4239
2026-03-20 12:07:00,1270.2,1270.2,1268.5,1268.7,519
2026-03-20 12:08:00,1268.7,1268.7,1266.0,1266.0,2231
2026-03-20 12:09:00,1267.7,1268.6,1266.8,1268.6,1658
2026-03-20 12:10:00,1267.8,1269.6,1267.6,1269.2,522
2026-03-20 12:11:00,1269.2,1270.0,1269.2,1269.2,57
2026-03-20 12:12:00,1269.2,1269.2,1268.7,1268.7,61
2026-03-20 12:13:00,1268.7,1269.6,1268.5,1268.7,414
2026-03-20 12:14:00,1268.7,1270.2,1268.7,1269.1,171
2026-03-20 12:15:00,1269.1,1269.7,1268.8,1269.7,91
2026-03-20 12:16:00,1269.7,1269.7,1268.7,1268.7,267
2026-03-20 12:17:00,1269.1,1269.1,1268.5,1268.6,130
2026-03-20 12:18:00,1268.2,1268.2,1265.1,1265.7,2612
2026-03-20 12:19:00,1265.4,1267.4,1265.4,1265.7,701
2026-03-20 12:20:00,1266.1,1266.1,1265.4,1265.5,353
2026-03-20 12:21:00,1265.5,1265.5,1263.5,1264.6,2174
2026-03-20 12:22:00,1264.6,1264.6,1262.4,1262.4,215
2026-03-20 12:23:00,1262.4,1263.3,1262.1,1262.3,568
2026-03-20 12:24:00,1262.4,1263.3,1262.4,1263.2,164
2026-03-20 12:25:00,1263.5,1264.4,1263.2,1264.0,1102
2026-03-20 12:26:00,1264.0,1265.0,1264.0,1264.7,1211
2026-03-20 12:27:00,1264.7,1267.2,1264.7,1266.6,2152
2026-03-20 12:28:00,1266.6,1266.6,1264.5,1264.9,761
2026-03-20 12:29:00,1265.8,1266.9,1264.9,1266.9,967
2026-03-20 12:30:00,1266.9,1266.9,1265.6,1265.7,422
2026-03-20 12:31:00,1265.7,1268.1,1265.0,1267.3,1564
2026-03-20 12:32:00,1267.0,1268.0,1265.4,1267.5,852
2026-03-20 12:33:00,1267.5,1270.7,1267.5,1269.6,681
2026-03-20 12:34:00,1269.6,1270.2,1268.2,1268.8,1067
2026-03-20 12:35:00,1269.0,1269.6,1268.5,1269.1,232
2026-03-20 12:36:00,1269.1,1269.1,1268.1,1268.3,313
2026-03-20 12:37:00,1268.3,1269.4,1268.1,1269.0,484
2026-03-20 12:38:00,1269.0,1271.0,1268.8,1271.0,462
2026-03-20 12:39:00,1270.8,1271.1,1269.3,1271.0,421
2026-03-20 12:40:00,1271.0,1272.3,1271.0,1271.4,2276
2026-03-20 12:41:00,1271.3,1272.6,1271.2,1272.0,1580
2026-03-20 12:42:00,1272.7,1273.3,1271.3,1272.7,2215
2026-03-20 12:43:00,1272.7,1272.7,1272.0,1272.2,161
2026-03-20 12:44:00,1272.2,1273.5,1272.0,1272.0,1986
2026-03-20 12:45:00,1271.5,1273.2,1271.5,1273.1,1196
2026-03-20 12:46:00,1273.1,1273.3,1271.7,1271.7,196
2026-03-20 12:47:00,1271.7,1273.2,1271.7,1273.0,296
2026-03-20 12:48:00,1273.0,1273.1,1272.5,1272.6,563
2026-03-20 12:49:00,1273.2,1273.4,1272.2,1272.7,1211
2026-03-20 12:50:00,1272.7,1272.7,1271.2,1271.5,836
2026-03-20 12:51:00,1271.5,1271.6,1270.4,1271.6,138
2026-03-20 12:52:00,1271.5,1272.1,1271.4,1272.1,269
2026-03-20 12:53:00,1272.1,1274.0,1272.1,1272.5,1793
2026-03-20 12:54:00,1272.5,1274.0,1272.2,1272.7,466
2026-03-20 12:55:00,1272.7,1272.7,1271.3,1271.5,442
2026-03-20 12:56:00,1271.5,1273.1,1270.1,1273.0,6403
2026-03-20 12:57:00,1273.1,1274.2,1273.1,1273.6,836
2026-03-20 12:58:00,1273.6,1273.6,1271.9,1272.6,2223
2026-03-20 12:59:00,1272.6,1272.9,1271.2,1271.2,1219
2026-03-20 13:00:00,1271.2,1271.7,1270.2,1271.7,1349
2026-03-20 13:01:00,1271.7,1272.1,1270.4,1271.3,200
2026-03-20 13:02:00,1271.3,1272.2,1270.7,1272.0,1336
2026-03-20 13:03:00,1272.0,1273.0,1271.9,1272.6,646
2026-03-20 13:04:00,1272.6,1273.9,1272.3,1273.5,301
2026-03-20 13:05:00,1273.5,1274.0,1273.0,1274.0,671
2026-03-20 13:06:00,1274.0,1274.4,1273.4,1273.6,535
2026-03-20 13:07:00,1273.6,1273.6,1272.0,1272.3,634
2026-03-20 13:08:00,1272.3,1273.2,1272.0,1273.0,175
2026-03-20 13:09:00,1273.0,1273.3,1272.1,1272.7,924
2026-03-20 13:10:00,1272.7,1272.8,1271.7,1272.0,1660
2026-03-20 13:11:00,1272.0,1272.1,1270.8,1271.2,965
2026-03-20 13:12:00,1271.1,1272.4,1270.9,1271.6,1033
2026-03-20 13:13:00,1271.5,1271.5,1270.2,1270.2,171
2026-03-20 13:14:00,1270.2,1271.6,1270.2,1270.9,868
2026-03-20 13:15:00,1270.9,1272.6,1270.3,1271.8,812
2026-03-20 13:16:00,1271.5,1275.0,1271.5,1274.3,2615
2026-03-20 13:17:00,1274.3,1275.0,1271.2,1271.9,857
2026-03-20 13:18:00,1271.2,1272.5,1271.2,1272.5,1446
2026-03-20 13:19:00,1272.5,1272.5,1271.2,1271.2,344
2026-03-20 13:20:00,1271.2,1271.2,1269.5,1270.0,1201
2026-03-20 13:21:00,1270.1,1271.2,1269.9,1270.4,744
2026-03-20 13:22:00,1270.4,1271.9,1270.4,1271.9,375
2026-03-20 13:23:00,1271.5,1272.0,1271.2,1271.4,187
2026-03-20 13:24:00,1271.3,1272.2,1270.3,1271.4,665
2026-03-20 13:25:00,1271.4,1277.4,1271.4,1276.1,4177
2026-03-20 13:26:00,1276.1,1277.7,1276.1,1277.6,826
2026-03-20 13:27:00,1277.6,1277.6,1275.7,1275.7,185
2026-03-20 13:28:00,1275.7,1277.1,1275.7,1276.7,320
2026-03-20 13:29:00,1276.2,1276.2,1274.8,1275.1,600
2026-03-20 13:30:00,1275.1,1276.2,1273.9,1273.9,1012
2026-03-20 13:31:00,1273.9,1274.2,1272.6,1273.1,283
2026-03-20 13:32:00,1273.1,1274.0,1272.3,1272.9,301
2026-03-20 13:33:00,1272.9,1274.6,1272.7,1273.0,505
2026-03-20 13:34:00,1273.0,1273.8,1273.0,1273.6,153
2026-03-20 13:35:00,1273.6,1273.9,1273.6,1273.9,387
2026-03-20 13:36:00,1273.9,1273.9,1273.0,1273.0,242
2026-03-20 13:37:00,1273.0,1273.5,1272.5,1272.8,126
2026-03-20 13:38:00,1272.8,1273.1,1271.2,1271.9,676
2026-03-20 13:39:00,1272.1,1272.2,1270.5,1271.2,1430
2026-03-20 13:40:00,1271.2,1272.0,1270.2,1271.5,800
2026-03-20 13:41:00,1271.5,1271.5,1268.4,1268.4,926
2026-03-20 13:42:00,1268.4,1268.5,1267.5,1267.8,1888
2026-03-20 13:43:00,1267.8,1268.6,1267.2,1268.3,1271
2026-03-20 13:44:00,1268.3,1269.0,1265.7,1266.6,1361
2026-03-20 13:45:00,1266.6,1266.9,1266.6,1266.6,756
2026-03-20 13:46:00,1266.6,1266.9,1265.7,1265.7,385
2026-03-20 13:47:00,1265.7,1266.5,1265.1,1265.1,563
2026-03-20 13:48:00,1265.1,1265.4,1264.7,1265.0,484
2026-03-20 13:49:00,1265.1,1265.6,1264.9,1265.1,333
2026-03-20 13:50:00,1265.1,1265.7,1264.7,1264.8,224
2026-03-20 13:51:00,1264.8,1265.7,1264.7,1265.3,181
2026-03-20 13:52:00,1265.3,1266.0,1265.0,1265.5,81
2026-03-20 13:53:00,1265.5,1266.9,1265.5,1266.1,126
2026-03-20 13:54:00,1266.1,1266.9,1266.1,1266.4,156
2026-03-20 13:55:00,1266.4,1267.9,1266.2,1266.6,1452
2026-03-20 13:56:00,1266.6,1267.7,1266.0,1266.5,268
2026-03-20 13:57:00,1266.5,1266.5,1265.3,1265.7,175
2026-03-20 13:58:00,1265.7,1265.7,1265.3,1265.7,6
2026-03-20 13:59:00,1265.7,1265.7,1264.4,1264.4,148
2026-03-20 14:00:00,1264.4,1264.7,1263.1,1263.8,1739
2026-03-20 14:01:00,1263.8,1265.3,1263.6,1265.0,709
2026-03-20 14:02:00,1265.0,1265.0,1263.5,1264.0,830
2026-03-20 14:03:00,1264.0,1264.1,1262.5,1263.9,366
2026-03-20 14:04:00,1263.9,1265.9,1263.2,1264.9,4963
2026-03-20 14:05:00,1265.0,1265.6,1263.5,1263.6,6421
2026-03-20 14:06:00,1263.6,1263.9,1263.6,1263.6,166
2026-03-20 14:07:00,1263.6,1264.3,1262.4,1263.1,2904
2026-03-20 14:08:00,1263.1,1263.7,1262.2,1262.2,272
2026-03-20 14:09:00,1262.2,1264.6,1262.2,1263.9,1476
2026-03-20 14:10:00,1263.9,1263.9,1262.5,1263.0,1197
2026-03-20 14:11:00,1263.0,1263.2,1262.0,1262.5,677
2026-03-20 14:12:00,1262.5,1262.6,1261.2,1261.2,532
2026-03-20 14:13:00,1261.2,1261.8,1260.9,1261.6,563
2026-03-20 14:14:00,1261.6,1261.8,1261.6,1261.6,298
2026-03-20 14:15:00,1261.6,1262.2,1260.1,1260.8,1342
2026-03-20 14:16:00,1260.8,1261.2,1260.2,1261.0,421
2026-03-20 14:17:00,1261.0,1261.9,1260.6,1261.1,381
2026-03-20 14:18:00,1261.1,1263.7,1261.0,1263.3,920
2026-03-20 14:19:00,1263.2,1263.3,1261.4,1262.5,2034
2026-03-20 14:20:00,1262.5,1263.5,1262.1,1263.5,602
2026-03-20 14:21:00,1263.5,1263.5,1262.1,1262.1,414
2026-03-20 14:22:00,1262.2,1262.2,1260.0,1260.2,335
2026-03-20 14:23:00,1260.2,1260.2,1258.6,1258.6,569
2026-03-20 14:24:00,1259.0,1260.5,1258.2,1260.4,1788
2026-03-20 14:25:00,1260.4,1260.4,1256.6,1257.2,1601
2026-03-20 14:26:00,1256.7,1258.2,1256.6,1258.2,504
2026-03-20 14:27:00,1258.2,1258.7,1257.7,1257.7,320
2026-03-20 14:28:00,1257.7,1258.1,1257.3,1257.4,487
2026-03-20 14:29:00,1257.4,1258.6,1257.2,1257.7,725
2026-03-20 14:30:00,1257.5,1257.6,1256.1,1257.3,655
2026-03-20 14:31:00,1257.3,1258.0,1256.2,1256.2,689
2026-03-20 14:32:00,1256.2,1256.7,1255.4,1255.4,761
2026-03-20 14:33:00,1255.4,1255.9,1253.6,1255.1,1582
2026-03-20 14:34:00,1255.1,1258.8,1255.1,1258.7,1399
2026-03-20 14:35:00,1258.3,1258.3,1256.3,1256.3,994
2026-03-20 14:36:00,1256.3,1257.4,1254.6,1254.6,752
2026-03-20 14:37:00,1254.6,1255.0,1253.5,1254.4,2043
2026-03-20 14:38:00,1254.4,1255.0,1253.5,1254.4,473
2026-03-20 14:39:00,1254.4,1255.3,1253.8,1255.0,1678
2026-03-20 14:40:00,1255.0,1255.9,1254.7,1255.0,980
2026-03-20 14:41:00,1255.0,1255.3,1253.6,1253.8,694
2026-03-20 14:42:00,1253.8,1254.4,1253.0,1253.5,833
2026-03-20 14:43:00,1253.7,1253.8,1251.0,1251.1,2786
2026-03-20 14:44:00,1251.9,1252.7,1251.0,1251.1,1292
2026-03-20 14:45:00,1251.1,1251.8,1249.5,1250.5,3989
2026-03-20 14:46:00,1250.5,1253.4,1250.5,1251.9,1610
2026-03-20 14:47:00,1251.9,1252.0,1250.4,1250.9,641
2026-03-20 14:48:00,1250.9,1251.3,1250.6,1250.8,381
2026-03-20 14:49:00,1251.0,1251.2,1249.2,1250.4,4772
2026-03-20 14:50:00,1250.4,1250.4,1247.4,1249.5,3226
2026-03-20 14:51:00,1249.5,1249.9,1248.5,1249.2,392
2026-03-20 14:52:00,1249.2,1250.1,1249.2,1249.8,1285
2026-03-20 14:53:00,1249.8,1250.8,1249.7,1250.1,741
2026-03-20 14:54:00,1250.1,1250.7,1249.4,1249.4,465
2026-03-20 14:55:00,1249.4,1250.7,1249.2,1249.7,2294
2026-03-20 14:56:00,1249.7,1250.1,1249.0,1249.4,830
2026-03-20 14:57:00,1249.4,1251.6,1249.4,1251.2,2492
2026-03-20 14:58:00,1251.2,1252.1,1250.4,1250.6,3309
2026-03-20 14:59:00,1251.5,1252.6,1250.6,1251.2,3608
2026-03-20 15:00:00,1251.2,1252.3,1247.0,1247.1,5014
2026-03-20 15:01:00,1247.1,1250.5,1246.5,1249.1,5869
2026-03-20 15:02:00,1249.1,1252.0,1248.8,1250.7,6681
2026-03-20 15:03:00,1250.7,1252.2,1249.3,1252.2,5328
2026-03-20 15:04:00,1253.5,1253.5,1249.8,1251.1,4835
2026-03-20 15:05:00,1251.1,1252.2,1249.8,1251.6,8921
2026-03-20 15:06:00,1252.0,1252.0,1251.0,1251.0,3458
2026-03-20 15:07:00,1250.8,1251.5,1250.1,1250.8,3501
2026-03-20 15:08:00,1250.8,1251.5,1249.8,1250.5,5747
2026-03-20 15:09:00,1250.5,1250.9,1249.2,1249.3,2704
2026-03-20 15:10:00,1249.4,1249.4,1245.6,1246.2,5296
2026-03-20 15:11:00,1245.7,1246.5,1244.7,1245.7,6835
2026-03-20 15:12:00,1245.7,1247.4,1244.7,1246.3,2466
2026-03-20 15:13:00,1246.3,1246.5,1245.1,1246.0,4646
2026-03-20 15:14:00,1245.9,1247.5,1245.3,1246.9,9286
2026-03-20 15:15:00,1246.9,1248.0,1246.6,1247.8,2955
2026-03-20 15:16:00,1247.5,1248.5,1247.3,1248.1,5739
2026-03-20 15:17:00,1247.6,1248.3,1247.1,1247.3,2750
2026-03-20 15:18:00,1247.2,1247.2,1246.3,1246.7,5963
2026-03-20 15:19:00,1246.7,1246.8,1245.3,1245.4,6023
2026-03-20 15:20:00,1246.0,1247.0,1245.8,1246.9,4670
2026-03-20 15:21:00,1246.9,1248.8,1246.8,1248.1,6303
2026-03-20 15:22:00,1247.9,1248.5,1247.3,1247.4,2636
2026-03-20 15:23:00,1247.4,1247.5,1245.7,1246.6,6017
2026-03-20 15:24:00,1246.2,1249.4,1246.2,1247.9,11185
2026-03-20 15:25:00,1248.4,1248.4,1247.8,1247.8,5622
2026-03-20 15:26:00,1247.9,1249.7,1247.8,1248.6,6432
2026-03-20 15:27:00,1248.7,1248.7,1247.0,1247.0,6081
2026-03-20 15:28:00,1246.8,1247.3,1245.1,1245.1,2668
2026-03-20 15:29:00,1245.1,1257.6,1243.0,1245.5,4310
2026-03-23 09:15:00,1226.0,1235.0,1222.8,1224.3,4165
2026-03-23 09:16:00,1222.6,1223.5,1217.8,1217.8,4242
2026-03-23 09:17:00,1222.1,1225.1,1220.6,1225.1,2351
2026-03-23 09:18:00,1224.3,1224.3,1221.4,1222.3,2986
2026-03-23 09:19:00,1222.3,1222.3,1218.1,1219.3,1385
2026-03-23 09:20:00,1218.2,1222.3,1218.1,1220.8,3245
2026-03-23 09:21:00,1221.4,1226.9,1221.4,1225.4,3377
2026-03-23 09:22:00,1225.4,1226.3,1222.7,1222.8,2282
2026-03-23 09:23:00,1222.6,1224.5,1221.8,1222.2,1736
2026-03-23 09:24:00,1222.4,1223.1,1218.9,1218.9,1280
2026-03-23 09:25:00,1218.9,1219.5,1217.2,1219.4,1160
2026-03-23 09:26:00,1219.4,1220.0,1218.6,1219.4,3356
2026-03-23 09:27:00,1220.3,1220.5,1219.2,1219.2,1118
2026-03-23 09:28:00,1219.2,1219.2,1217.5,1217.5,1674
2026-03-23 09:29:00,1217.8,1217.8,1215.6,1216.2,1640
2026-03-23 09:30:00,1215.7,1217.0,1213.3,1216.0,2700
2026-03-23 09:31:00,1216.0,1216.0,1213.9,1214.6,1271
2026-03-23 09:32:00,1215.4,1216.5,1214.5,1215.8,2239
2026-03-23 09:33:00,1216.6,1217.3,1215.7,1216.7,2938
2026-03-23 09:34:00,1217.2,1218.7,1216.7,1218.7,1411
2026-03-23 09:35:00,1218.0,1219.9,1217.4,1219.3,938
2026-03-23 09:36:00,1219.5,1220.3,1218.7,1219.5,4054
2026-03-23 09:37:00,1219.5,1219.5,1216.8,1218.0,3226
2026-03-23 09:38:00,1218.0,1218.0,1216.5,1217.0,1017
2026-03-23 09:39:00,1216.8,1217.5,1215.7,1215.7,3896
2026-03-23 09:40:00,1215.7,1215.8,1214.5,1214.5,498
2026-03-23 09:41:00,1215.0,1216.3,1214.9,1215.9,812
2026-03-23 09:42:00,1216.0,1216.0,1214.0,1214.5,753
2026-03-23 09:43:00,1214.1,1216.1,1214.1,1215.3,459
2026-03-23 09:44:00,1215.3,1218.6,1215.1,1218.5,2213
2026-03-23 09:45:00,1218.3,1218.3,1217.0,1217.0,507
2026-03-23 09:46:00,1217.0,1217.0,1215.6,1215.7,1368
2026-03-23 09:47:00,1215.7,1215.7,1214.2,1215.0,1480
2026-03-23 09:48:00,1215.0,1215.0,1212.5,1213.4,969
2026-03-23 09:49:00,1213.4,1214.8,1213.2,1214.8,1457
2026-03-23 09:50:00,1214.1,1217.9,1214.1,1217.9,1194
2026-03-23 09:51:00,1216.8,1217.0,1213.9,1213.9,1155
2026-03-23 09:52:00,1213.9,1214.2,1212.7,1212.7,3180
2026-03-23 09:53:00,1212.7,1214.7,1212.6,1213.5,1737
2026-03-23 09:54:00,1213.5,1213.5,1211.4,1212.1,3626
2026-03-23 09:55:00,1212.1,1212.1,1211.1,1212.1,1162
2026-03-23 09:56:00,1212.1,1213.9,1211.5,1211.7,2903
2026-03-23 09:57:00,1211.4,1213.0,1211.4,1212.0,1149
2026-03-23 09:58:00,1211.4,1214.0,1211.4,1213.5,3647
2026-03-23 09:59:00,1213.5,1213.5,1211.1,1211.8,670
2026-03-23 10:00:00,1211.8,1212.1,1211.3,1211.9,1125
2026-03-23 10:01:00,1211.9,1212.7,1210.4,1210.8,1125
2026-03-23 10:02:00,1210.8,1212.8,1210.5,1212.6,872
2026-03-23 10:03:00,1212.9,1213.9,1212.2,1212.5,1408
2026-03-23 10:04:00,1212.5,1213.5,1211.7,1212.9,2076
2026-03-23 10:05:00,1212.9,1213.2,1211.4,1211.4,2137
2026-03-23 10:06:00,1211.4,1213.5,1210.7,1212.4,2170
2026-03-23 10:07:00,1212.4,1212.8,1210.4,1210.4,1284
2026-03-23 10:08:00,1210.4,1210.5,1209.3,1209.6,4696
2026-03-23 10:09:00,1209.6,1210.0,1209.2,1209.2,752
2026-03-23 10:10:00,1210.0,1210.0,1208.9,1209.0,1018
2026-03-23 10:11:00,1209.0,1209.0,1208.0,1208.1,462
2026-03-23 10:12:00,1207.9,1207.9,1206.3,1206.3,2372
2026-03-23 10:13:00,1207.1,1207.1,1203.4,1204.8,4450
2026-03-23 10:14:00,1204.8,1205.0,1203.2,1204.0,1522
2026-03-23 10:15:00,1203.1,1204.7,1203.1,1204.0,1719
2026-03-23 10:16:00,1204.3,1204.5,1201.0,1201.1,2747
2026-03-23 10:17:00,1201.1,1202.0,1201.0,1202.0,5097
2026-03-23 10:18:00,1201.4,1201.4,1200.3,1201.0,2485
2026-03-23 10:19:00,1201.0,1201.4,1200.1,1200.1,856
2026-03-23 10:20:00,1200.1,1201.7,1200.1,1201.4,1881
2026-03-23 10:21:00,1200.5,1201.1,1200.1,1200.5,298
2026-03-23 10:22:00,1200.5,1200.9,1200.1,1200.5,54
2026-03-23 10:23:00,1200.5,1201.3,1199.4,1200.0,13975
2026-03-23 10:24:00,1200.0,1200.0,1198.0,1198.4,3026
2026-03-23 10:25:00,1198.4,1199.2,1198.0,1199.2,789
2026-03-23 10:26:00,1199.2,1199.2,1197.2,1199.1,856
2026-03-23 10:27:00,1199.0,1199.5,1198.2,1198.5,254
2026-03-23 10:28:00,1198.5,1198.5,1195.8,1195.8,1876
2026-03-23 10:29:00,1196.2,1196.8,1195.6,1196.8,944
2026-03-23 10:30:00,1196.6,1197.6,1195.9,1197.6,1472
2026-03-23 10:31:00,1197.6,1198.5,1197.1,1198.4,893
2026-03-23 10:32:00,1198.4,1199.2,1198.0,1199.1,304
2026-03-23 10:33:00,1199.2,1199.2,1198.0,1198.4,1344
2026-03-23 10:34:00,1198.4,1198.9,1198.2,1198.2,4804
2026-03-23 10:35:00,1198.2,1198.6,1197.5,1198.5,165
2026-03-23 10:36:00,1198.5,1202.4,1198.5,1200.7,12308
2026-03-23 10:37:00,1200.7,1202.2,1199.8,1200.3,9465
2026-03-23 10:38:00,1200.3,1201.7,1198.4,1198.4,6209
2026-03-23 10:39:00,1198.4,1198.4,1197.3,1197.6,75
2026-03-23 10:40:00,1197.6,1199.2,1196.3,1196.9,7867
2026-03-23 10:41:00,1196.9,1196.9,1194.5,1196.8,3269
2026-03-23 10:42:00,1196.8,1197.4,1195.8,1196.7,253
2026-03-23 10:43:00,1196.1,1196.6,1194.5,1196.4,1390
2026-03-23 10:44:00,1196.4,1196.8,1190.9,1191.1,2892
2026-03-23 10:45:00,1191.1,1193.0,1191.1,1192.5,1141
2026-03-23 10:46:00,1192.5,1193.4,1188.9,1189.0,2700
2026-03-23 10:47:00,1190.3,1190.3,1183.9,1183.9,3565
2026-03-23 10:48:00,1183.9,1186.3,1182.3,1185.1,6495
2026-03-23 10:49:00,1185.1,1186.3,1184.5,1186.3,1441
2026-03-23 10:50:00,1186.3,1186.8,1184.0,1184.0,340
2026-03-23 10:51:00,1184.0,1184.0,1182.8,1182.8,985
2026-03-23 10:52:00,1182.1,1183.5,1182.0,1182.0,311
2026-03-23 10:53:00,1182.7,1183.6,1182.0,1183.3,940
2026-03-23 10:54:00,1183.6,1183.9,1182.8,1183.9,254
2026-03-23 10:55:00,1183.9,1183.9,1182.9,1183.9,455
2026-03-23 10:56:00,1183.9,1185.3,1183.1,1183.3,1556
2026-03-23 10:57:00,1183.3,1184.2,1183.3,1183.7,194
2026-03-23 10:58:00,1183.7,1184.8,1183.7,1184.8,1972
2026-03-23 10:59:00,1184.8,1185.3,1183.4,1183.9,2925
2026-03-23 11:00:00,1183.9,1185.1,1181.5,1182.6,1495
2026-03-23 11:01:00,1182.6,1182.6,1181.0,1181.0,376
2026-03-23 11:02:00,1181.0,1181.6,1180.1,1181.1,1615
2026-03-23 11:03:00,1181.1,1182.8,1181.1,1182.7,733
2026-03-23 11:04:00,1182.7,1184.4,1182.7,1184.0,476
2026-03-23 11:05:00,1184.0,1184.6,1182.4,1184.6,1121
2026-03-23 11:06:00,1186.2,1188.7,1186.2,1188.0,1815
2026-03-23 11:07:00,1188.0,1193.2,1188.0,1192.7,6018
2026-03-23 11:08:00,1194.8,1195.8,1192.0,1195.0,30120
2026-03-23 11:09:00,1195.0,1195.5,1191.8,1192.7,7443
2026-03-23 11:10:00,1194.2,1194.2,1191.1,1191.6,2189
2026-03-23 11:11:00,1191.6,1195.3,1191.1,1195.3,6454
2026-03-23 11:12:00,1195.3,1195.4,1193.8,1195.3,29553
2026-03-23 11:13:00,1195.3,1196.5,1195.0,1196.2,1269
2026-03-23 11:14:00,1196.2,1196.6,1195.0,1195.6,5403
2026-03-23 11:15:00,1195.6,1195.6,1192.7,1193.2,6534
2026-03-23 11:16:00,1193.2,1194.0,1192.7,1192.8,1132
2026-03-23 11:17:00,1192.8,1194.6,1192.8,1193.9,2311
2026-03-23 11:18:00,1193.9,1194.0,1193.4,1193.6,773
2026-03-23 11:19:00,1193.6,1193.8,1193.1,1193.4,619
2026-03-23 11:20:00,1193.4,1196.8,1193.1,1196.8,1360
2026-03-23 11:21:00,1196.3,1196.3,1194.5,1195.9,594
2026-03-23 11:22:00,1195.9,1196.5,1194.4,1196.5,1382
2026-03-23 11:23:00,1196.8,1200.0,1196.6,1199.6,4403
2026-03-23 11:24:00,1200.2,1200.2,1197.6,1197.6,452
2026-03-23 11:25:00,1197.8,1197.8,1196.8,1197.7,50
2026-03-23 11:26:00,1197.7,1198.0,1196.5,1197.7,700
2026-03-23 11:27:00,1197.7,1197.7,1196.6,1197.2,61
2026-03-23 11:28:00,1197.2,1197.2,1195.7,1195.7,350
2026-03-23 11:29:00,1195.7,1197.6,1195.4,1197.6,240
2026-03-23 11:30:00,1197.6,1197.6,1195.9,1196.7,782
2026-03-23 11:31:00,1196.7,1197.1,1195.0,1196.8,1793
2026-03-23 11:32:00,1198.0,1199.1,1195.0,1195.0,5336
2026-03-23 11:33:00,1195.0,1195.7,1195.0,1195.0,644
2026-03-23 11:34:00,1195.0,1196.2,1194.1,1195.0,11881
2026-03-23 11:35:00,1195.0,1195.8,1194.7,1195.2,4411
2026-03-23 11:36:00,1195.2,1195.7,1195.2,1195.7,326
2026-03-23 11:37:00,1195.7,1197.0,1195.2,1196.8,161
2026-03-23 11:38:00,1196.8,1197.8,1196.8,1197.8,1215
2026-03-23 11:39:00,1197.5,1198.1,1197.5,1198.1,1058
2026-03-23 11:40:00,1196.5,1199.3,1196.5,1198.4,1616
2026-03-23 11:41:00,1198.4,1200.0,1197.8,1200.0,546
2026-03-23 11:42:00,1200.0,1200.7,1200.0,1200.6,1702
2026-03-23 11:43:00,1200.6,1200.6,1199.1,1200.0,10598
2026-03-23 11:44:00,1200.0,1200.0,1196.5,1197.1,1551
2026-03-23 11:45:00,1197.1,1197.6,1196.4,1196.4,67
2026-03-23 11:46:00,1196.5,1197.4,1196.5,1197.2,141
2026-03-23 11:47:00,1197.2,1197.2,1196.5,1196.9,84
2026-03-23 11:48:00,1196.9,1198.3,1196.5,1196.5,4985
2026-03-23 11:49:00,1196.5,1197.4,1196.3,1197.4,458
2026-03-23 11:50:00,1197.4,1197.4,1196.6,1197.0,168
2026-03-23 11:51:00,1197.0,1199.3,1197.0,1198.3,1818
2026-03-23 11:52:00,1198.3,1199.8,1196.5,1197.0,758
2026-03-23 11:53:00,1197.0,1197.4,1196.2,1196.5,197
2026-03-23 11:54:00,1196.5,1197.1,1195.2,1196.0,771
2026-03-23 11:55:00,1195.8,1196.0,1195.0,1196.0,2513
2026-03-23 11:56:00,1195.6,1195.6,1195.0,1195.1,1750
2026-03-23 11:57:00,1195.1,1197.4,1195.1,1197.4,832
2026-03-23 11:58:00,1198.4,1199.2,1197.8,1198.1,147
2026-03-23 11:59:00,1198.2,1198.2,1196.8,1196.8,77
2026-03-23 12:00:00,1196.8,1197.3,1196.8,1197.3,31
2026-03-23 12:01:00,1197.0,1197.0,1196.7,1196.9,488
2026-03-23 12:02:00,1196.9,1197.1,1196.9,1197.1,304
2026-03-23 12:03:00,1197.1,1197.5,1196.4,1196.8,341
2026-03-23 12:04:00,1196.8,1196.8,1196.8,1196.8,23
2026-03-23 12:05:00,1196.8,1196.8,1195.3,1195.3,56
2026-03-23 12:06:00,1195.0,1195.5,1194.9,1195.5,670
2026-03-23 12:07:00,1195.0,1195.0,1193.0,1193.6,12972
2026-03-23 12:08:00,1193.6,1195.3,1193.0,1193.9,963
2026-03-23 12:09:00,1193.9,1195.1,1193.9,1195.0,12026
2026-03-23 12:10:00,1195.0,1195.4,1194.5,1195.0,1402
2026-03-23 12:11:00,1195.0,1195.6,1194.7,1194.7,303
2026-03-23 12:12:00,1194.7,1194.7,1193.1,1193.3,98
2026-03-23 12:13:00,1193.0,1193.3,1191.5,1191.7,711
2026-03-23 12:14:00,1191.7,1191.7,1187.1,1187.2,3504
2026-03-23 12:15:00,1187.2,1187.8,1186.4,1187.4,203
2026-03-23 12:16:00,1187.4,1187.4,1185.9,1186.6,88
2026-03-23 12:17:00,1186.6,1186.9,1186.0,1186.9,138
2026-03-23 12:18:00,1186.9,1187.6,1186.4,1187.5,249
2026-03-23 12:19:00,1187.5,1187.5,1186.0,1186.7,2141
2026-03-23 12:20:00,1186.7,1186.9,1186.1,1186.8,139
2026-03-23 12:21:00,1186.8,1186.8,1185.8,1185.9,948
2026-03-23 12:22:00,1185.9,1186.2,1184.6,1184.7,1639
2026-03-23 12:23:00,1184.7,1186.2,1184.7,1186.2,1128
2026-03-23 12:24:00,1186.2,1186.2,1183.7,1183.7,235
2026-03-23 12:25:00,1183.7,1183.7,1181.6,1182.6,858
2026-03-23 12:26:00,1182.6,1183.4,1180.5,1180.7,2341
2026-03-23 12:27:00,1180.7,1181.9,1180.5,1180.9,1671
2026-03-23 12:28:00,1180.9,1183.4,1180.9,1182.7,599
2026-03-23 12:29:00,1182.7,1184.5,1182.0,1184.3,3298
2026-03-23 12:30:00,1184.3,1185.0,1183.1,1184.1,475
2026-03-23 12:31:00,1184.2,1185.2,1184.2,1184.5,275
2026-03-23 12:32:00,1184.5,1184.6,1182.7,1183.6,570
2026-03-23 12:33:00,1183.6,1183.6,1182.7,1182.7,241
2026-03-23 12:34:00,1182.7,1183.0,1181.6,1182.4,2865
2026-03-23 12:35:00,1182.4,1183.3,1182.4,1183.3,530
2026-03-23 12:36:00,1183.3,1183.3,1180.8,1181.7,3439
2026-03-23 12:37:00,1181.7,1184.8,1181.7,1184.1,1967
2026-03-23 12:38:00,1183.9,1185.5,1183.9,1184.4,757
2026-03-23 12:39:00,1184.4,1184.4,1182.1,1182.4,272
2026-03-23 12:40:00,1182.4,1182.6,1181.3,1182.4,742
2026-03-23 12:41:00,1182.4,1182.5,1181.6,1182.3,470
2026-03-23 12:42:00,1182.3,1182.3,1180.1,1181.2,510
2026-03-23 12:43:00,1181.2,1181.4,1180.2,1181.4,312
2026-03-23 12:44:00,1181.4,1183.2,1181.4,1183.2,792
2026-03-23 12:45:00,1183.2,1183.2,1181.7,1181.7,257
2026-03-23 12:46:00,1181.1,1182.3,1181.1,1182.0,234
2026-03-23 12:47:00,1182.0,1183.2,1182.0,1182.8,8141
2026-03-23 12:48:00,1182.6,1183.8,1182.6,1182.7,929
2026-03-23 12:49:00,1182.7,1184.5,1182.7,1183.5,2324
2026-03-23 12:50:00,1183.5,1183.7,1182.0,1182.3,555
2026-03-23 12:51:00,1182.3,1182.9,1182.0,1182.4,380
2026-03-23 12:52:00,1182.4,1182.4,1181.2,1181.3,254
2026-03-23 12:53:00,1181.3,1181.5,1181.0,1181.5,234
2026-03-23 12:54:00,1181.5,1181.5,1179.1,1179.5,2003
2026-03-23 12:55:00,1179.6,1179.6,1178.1,1178.4,1658
2026-03-23 12:56:00,1178.4,1179.3,1178.4,1178.4,286
2026-03-23 12:57:00,1178.0,1178.3,1176.5,1177.2,2167
2026-03-23 12:58:00,1177.6,1178.8,1176.6,1178.8,1419
2026-03-23 12:59:00,1178.8,1178.8,1177.0,1177.0,894
2026-03-23 13:00:00,1177.0,1177.0,1176.0,1176.8,621
2026-03-23 13:01:00,1176.8,1176.8,1176.0,1176.6,4533
2026-03-23 13:02:00,1176.6,1176.9,1176.0,1176.9,392
2026-03-23 13:03:00,1176.9,1176.9,1176.1,1176.5,56
2026-03-23 13:04:00,1176.5,1176.6,1176.0,1176.0,349
2026-03-23 13:05:00,1176.0,1176.0,1175.3,1175.9,210
2026-03-23 13:06:00,1175.9,1177.4,1175.3,1176.9,1767
2026-03-23 13:07:00,1176.9,1176.9,1175.1,1176.1,568
2026-03-23 13:08:00,1176.1,1176.9,1176.0,1176.9,1229
2026-03-23 13:09:00,1176.9,1177.2,1175.0,1176.2,2567
2026-03-23 13:10:00,1176.2,1176.2,1175.1,1175.7,957
2026-03-23 13:11:00,1175.7,1175.8,1175.2,1175.8,83
2026-03-23 13:12:00,1175.8,1175.8,1174.1,1174.1,1009
2026-03-23 13:13:00,1174.1,1176.1,1174.1,1176.1,517
2026-03-23 13:14:00,1177.2,1178.3,1176.1,1177.9,5055
2026-03-23 13:15:00,1177.9,1180.9,1177.9,1180.8,1423
2026-03-23 13:16:00,1181.2,1181.2,1179.0,1179.6,566
2026-03-23 13:17:00,1179.6,1179.6,1177.9,1177.9,705
2026-03-23 13:18:00,1177.9,1178.0,1177.2,1177.6,861
2026-03-23 13:19:00,1177.2,1177.5,1176.5,1176.8,332
2026-03-23 13:20:00,1176.8,1176.8,1175.7,1176.2,2255
2026-03-23 13:21:00,1175.8,1177.5,1175.7,1177.2,1084
2026-03-23 13:22:00,1177.3,1177.5,1175.0,1175.6,2906
2026-03-23 13:23:00,1175.1,1176.0,1175.1,1175.4,806
2026-03-23 13:24:00,1175.4,1176.2,1175.4,1175.9,489
2026-03-23 13:25:00,1175.5,1175.7,1175.0,1175.4,1875
2026-03-23 13:26:00,1175.0,1175.9,1175.0,1175.5,1213
2026-03-23 13:27:00,1175.5,1175.7,1174.6,1174.6,792
2026-03-23 13:28:00,1175.0,1175.4,1175.0,1175.4,490
2026-03-23 13:29:00,1175.4,1175.7,1175.0,1175.4,473
2026-03-23 13:30:00,1175.4,1177.0,1174.5,1176.5,1634
2026-03-23 13:31:00,1175.8,1175.8,1174.7,1174.7,838
2026-03-23 13:32:00,1174.7,1175.2,1174.4,1175.1,1285
2026-03-23 13:33:00,1174.7,1175.1,1174.6,1175.1,337
2026-03-23 13:34:00,1175.0,1175.1,1175.0,1175.1,443
2026-03-23 13:35:00,1175.1,1175.8,1174.6,1175.7,10625
2026-03-23 13:36:00,1175.7,1176.8,1175.7,1176.1,3313
2026-03-23 13:37:00,1176.5,1176.5,1175.2,1176.0,1119
2026-03-23 13:38:00,1175.9,1176.4,1175.9,1176.0,533
2026-03-23 13:39:00,1176.0,1176.1,1175.4,1176.1,375
2026-03-23 13:40:00,1176.1,1177.4,1176.0,1177.2,1487
2026-03-23 13:41:00,1177.1,1177.8,1176.8,1177.4,637
2026-03-23 13:42:00,1177.4,1178.3,1177.4,1178.2,3592
2026-03-23 13:43:00,1177.8,1179.0,1177.0,1179.0,3971
2026-03-23 13:44:00,1179.0,1180.9,1179.0,1180.6,293
2026-03-23 13:45:00,1180.6,1180.9,1180.0,1180.7,1085
2026-03-23 13:46:00,1180.7,1181.5,1180.2,1181.1,2332
2026-03-23 13:47:00,1181.0,1182.3,1180.3,1182.3,13452
2026-03-23 13:48:00,1182.3,1184.1,1181.8,1183.6,5729
2026-03-23 13:49:00,1183.6,1185.1,1183.2,1184.3,1513
2026-03-23 13:50:00,1184.3,1187.4,1183.9,1187.4,6513
2026-03-23 13:51:00,1187.5,1189.0,1187.4,1189.0,1993
2026-03-23 13:52:00,1188.8,1190.2,1188.2,1190.2,917
2026-03-23 13:53:00,1190.8,1192.2,1190.6,1190.6,667
2026-03-23 13:54:00,1190.6,1190.6,1187.4,1187.4,929
2026-03-23 13:55:00,1187.4,1188.3,1187.0,1187.3,1225
2026-03-23 13:56:00,1187.6,1187.9,1186.5,1187.8,736
2026-03-23 13:57:00,1187.8,1187.8,1186.9,1187.8,448
2026-03-23 13:58:00,1187.9,1188.3,1186.9,1188.3,2208
2026-03-23 13:59:00,1188.2,1188.5,1186.3,1186.3,1737
2026-03-23 14:00:00,1185.2,1186.2,1184.7,1186.1,2002
2026-03-23 14:01:00,1185.3,1187.0,1185.3,1186.9,544
2026-03-23 14:02:00,1186.9,1188.1,1185.7,1186.5,6003
2026-03-23 14:03:00,1186.5,1186.5,1185.2,1186.4,6209
2026-03-23 14:04:00,1186.4,1186.4,1184.6,1184.9,1772
2026-03-23 14:05:00,1185.1,1186.5,1185.0,1186.4,1789
2026-03-23 14:06:00,1185.7,1186.2,1185.6,1185.8,31
2026-03-23 14:07:00,1185.8,1185.8,1183.2,1185.0,16826
2026-03-23 14:08:00,1184.9,1185.1,1183.0,1184.6,19713
2026-03-23 14:09:00,1184.6,1185.7,1184.2,1185.7,1779
2026-03-23 14:10:00,1185.7,1186.0,1183.6,1185.5,2799
2026-03-23 14:11:00,1185.5,1185.5,1183.9,1185.5,4013
2026-03-23 14:12:00,1185.5,1186.0,1184.4,1185.0,581
2026-03-23 14:13:00,1184.6,1185.1,1184.0,1184.0,3117
2026-03-23 14:14:00,1185.0,1185.0,1182.9,1185.0,12265
2026-03-23 14:15:00,1184.2,1185.1,1183.8,1185.1,2701
2026-03-23 14:16:00,1185.1,1187.4,1184.6,1186.8,495
2026-03-23 14:17:00,1186.8,1186.8,1185.3,1185.3,386
2026-03-23 14:18:00,1185.8,1186.9,1185.8,1186.6,1084
2026-03-23 14:19:00,1186.6,1187.0,1186.6,1187.0,249
2026-03-23 14:20:00,1187.0,1187.1,1186.7,1186.7,325
2026-03-23 14:21:00,1185.9,1186.7,1185.9,1186.0,1401
2026-03-23 14:22:00,1185.0,1185.3,1184.4,1185.2,225
2026-03-23 14:23:00,1185.2,1185.3,1183.1,1184.2,12699
2026-03-23 14:24:00,1184.2,1185.5,1182.8,1182.9,14605
2026-03-23 14:25:00,1184.7,1186.4,1181.8,1186.4,27444
2026-03-23 14:26:00,1186.4,1190.0,1185.6,1189.9,2948
2026-03-23 14:27:00,1189.9,1190.3,1186.3,1187.2,1612
2026-03-23 14:28:00,1187.2,1187.7,1186.3,1186.3,269
2026-03-23 14:29:00,1186.3,1186.5,1185.0,1186.2,494
2026-03-23 14:30:00,1186.2,1186.2,1183.0,1183.2,77
2026-03-23 14:31:00,1183.2,1183.9,1183.0,1183.9,280
2026-03-23 14:32:00,1183.4,1183.4,1180.4,1181.7,4184
2026-03-23 14:33:00,1181.7,1182.9,1181.3,1181.3,445
2026-03-23 14:34:00,1182.0,1182.5,1181.8,1182.3,88
2026-03-23 14:35:00,1182.3,1182.8,1181.0,1181.6,2060
2026-03-23 14:36:00,1181.6,1183.4,1181.3,1182.7,3008
2026-03-23 14:37:00,1182.7,1184.8,1182.1,1183.6,667
2026-03-23 14:38:00,1184.0,1184.1,1182.5,1182.5,1491
2026-03-23 14:39:00,1182.0,1182.4,1181.5,1181.5,238
2026-03-23 14:40:00,1181.4,1182.0,1181.0,1182.0,2054
2026-03-23 14:41:00,1181.8,1181.8,1180.9,1181.8,559
2026-03-23 14:42:00,1181.8,1181.8,1180.0,1180.0,883
2026-03-23 14:43:00,1180.1,1183.2,1180.0,1183.2,5036
2026-03-23 14:44:00,1186.8,1187.1,1185.8,1187.0,7111
2026-03-23 14:45:00,1186.4,1186.4,1184.5,1185.6,3857
2026-03-23 14:46:00,1185.3,1185.3,1183.6,1184.4,550
2026-03-23 14:47:00,1184.4,1185.3,1183.4,1184.3,1857
2026-03-23 14:48:00,1184.3,1184.8,1182.9,1183.3,3536
2026-03-23 14:49:00,1183.3,1184.4,1183.0,1184.2,1490
2026-03-23 14:50:00,1184.2,1186.0,1184.2,1184.5,2587
2026-03-23 14:51:00,1184.1,1185.5,1184.1,1185.5,8236
2026-03-23 14:52:00,1185.0,1185.6,1184.4,1185.0,2253
2026-03-23 14:53:00,1185.1,1185.6,1184.3,1185.6,1402
2026-03-23 14:54:00,1186.2,1186.2,1183.7,1183.7,3151
2026-03-23 14:55:00,1184.9,1186.3,1184.5,1185.0,4952
2026-03-23 14:56:00,1185.0,1185.3,1184.5,1184.9,2197
2026-03-23 14:57:00,1184.9,1185.3,1184.5,1184.9,3901
2026-03-23 14:58:00,1184.5,1184.7,1184.5,1184.7,974
2026-03-23 14:59:00,1184.9,1185.7,1184.9,1185.6,1378
2026-03-23 15:00:00,1185.6,1185.6,1180.0,1180.3,11682
2026-03-23 15:01:00,1180.7,1180.7,1178.9,1180.2,3396
2026-03-23 15:02:00,1181.3,1181.3,1179.1,1179.1,3699
2026-03-23 15:03:00,1179.6,1180.9,1179.2,1179.9,3603
2026-03-23 15:04:00,1179.9,1180.0,1177.7,1177.7,1670
2026-03-23 15:05:00,1177.7,1177.8,1177.0,1177.5,1970
2026-03-23 15:06:00,1177.5,1178.0,1174.0,1175.9,7489
2026-03-23 15:07:00,1176.0,1177.0,1176.0,1176.4,1689
2026-03-23 15:08:00,1176.4,1177.7,1175.2,1175.9,3602
2026-03-23 15:09:00,1175.9,1176.9,1175.9,1176.3,1637
2026-03-23 15:10:00,1176.2,1177.4,1176.2,1177.2,3439
2026-03-23 15:11:00,1177.4,1178.7,1177.1,1178.7,5462
2026-03-23 15:12:00,1178.7,1178.7,1177.0,1177.5,2452
2026-03-23 15:13:00,1177.8,1178.2,1176.9,1178.2,1325
2026-03-23 15:14:00,1178.2,1178.6,1177.7,1178.6,2070
2026-03-23 15:15:00,1178.6,1180.6,1178.1,1180.6,3742
2026-03-23 15:16:00,1181.0,1182.9,1181.0,1182.9,4603
2026-03-23 15:17:00,1182.8,1183.4,1181.6,1182.6,4129
2026-03-23 15:18:00,1182.6,1182.6,1180.0,1180.0,4838
2026-03-23 15:19:00,1179.6,1180.2,1178.7,1179.2,1404
2026-03-23 15:20:00,1179.8,1179.8,1179.0,1179.4,2754
2026-03-23 15:21:00,1179.4,1179.4,1176.6,1176.9,3098
2026-03-23 15:22:00,1177.6,1177.6,1175.9,1175.9,2250
2026-03-23 15:23:00,1175.9,1176.3,1175.0,1175.9,2723
2026-03-23 15:24:00,1175.9,1175.9,1174.5,1175.6,3590
2026-03-23 15:25:00,1175.5,1175.6,1173.6,1174.9,2804
2026-03-23 15:26:00,1174.6,1175.4,1173.4,1174.3,3343
2026-03-23 15:27:00,1174.3,1177.1,1174.2,1175.6,2399
2026-03-23 15:28:00,1175.7,1175.9,1175.0,1175.1,1771
2026-03-23 15:29:00,1176.9,1177.5,1175.0,1175.0,649
2026-03-24 09:15:00,1207.7,1214.0,1197.0,1200.3,18726
2026-03-24 09:16:00,1201.7,1208.6,1201.7,1203.7,10843
2026-03-24 09:17:00,1203.7,1205.0,1203.0,1205.0,1774
2026-03-24 09:18:00,1205.1,1206.1,1201.4,1201.6,6783
2026-03-24 09:19:00,1202.0,1202.8,1198.9,1198.9,3649
2026-03-24 09:20:00,1200.3,1200.3,1195.7,1195.7,1714
2026-03-24 09:21:00,1195.7,1198.2,1195.0,1195.0,2811
2026-03-24 09:22:00,1195.0,1196.9,1194.8,1195.0,6321
2026-03-24 09:23:00,1195.0,1200.0,1194.7,1199.7,6873
2026-03-24 09:24:00,1199.5,1205.8,1199.5,1204.3,3077
2026-03-24 09:25:00,1204.3,1206.0,1204.3,1204.8,2606
2026-03-24 09:26:00,1204.8,1208.8,1204.2,1208.0,5575
2026-03-24 09:27:00,1208.0,1212.9,1207.9,1212.9,227
2026-03-24 09:28:00,1212.9,1214.2,1207.4,1209.2,508
2026-03-24 09:29:00,1209.2,1210.0,1208.3,1209.7,4204
2026-03-24 09:30:00,1210.2,1211.0,1207.7,1208.2,2148
2026-03-24 09:31:00,1206.7,1208.3,1205.6,1206.5,1642
2026-03-24 09:32:00,1206.5,1206.5,1205.1,1205.8,1452
2026-03-24 09:33:00,1205.8,1209.1,1205.0,1209.1,374
2026-03-24 09:34:00,1209.1,1209.1,1205.8,1207.3,254
2026-03-24 09:35:00,1207.3,1209.6,1207.3,1207.9,934
2026-03-24 09:36:00,1207.9,1208.3,1205.4,1206.1,1187
2026-03-24 09:37:00,1206.1,1206.3,1203.4,1204.1,3838
2026-03-24 09:38:00,1203.7,1205.5,1203.7,1204.9,1453
2026-03-24 09:39:00,1204.9,1204.9,1200.5,1200.5,1360
2026-03-24 09:40:00,1200.5,1204.7,1200.0,1204.7,1616
2026-03-24 09:41:00,1204.7,1204.9,1203.0,1204.5,1144
2026-03-24 09:42:00,1204.5,1204.5,1202.0,1202.0,7
2026-03-24 09:43:00,1202.0,1202.3,1200.7,1200.8,362
2026-03-24 09:44:00,1200.8,1202.0,1200.7,1200.7,1057
2026-03-24 09:45:00,1200.7,1201.6,1200.0,1200.0,327
2026-03-24 09:46:00,1200.0,1203.2,1200.0,1202.9,978
2026-03-24 09:47:00,1202.9,1203.4,1202.1,1202.1,2311
2026-03-24 09:48:00,1202.1,1202.7,1202.1,1202.7,543
2026-03-24 09:49:00,1202.7,1202.7,1201.7,1202.7,205
2026-03-24 09:50:00,1202.7,1202.7,1200.0,1200.2,799
2026-03-24 09:51:00,1200.2,1201.9,1200.0,1201.9,885
2026-03-24 09:52:00,1201.9,1203.7,1201.3,1203.6,893
2026-03-24 09:53:00,1203.6,1204.0,1203.0,1204.0,4539
2026-03-24 09:54:00,1204.0,1205.2,1203.5,1204.3,529
2026-03-24 09:55:00,1204.3,1204.3,1203.0,1203.3,1092
2026-03-24 09:56:00,1203.3,1206.0,1202.6,1203.0,2415
2026-03-24 09:57:00,1203.0,1203.0,1201.6,1202.4,1028
2026-03-24 09:58:00,1202.4,1203.1,1201.3,1201.4,725
2026-03-24 09:59:00,1201.4,1202.3,1201.1,1202.2,179
2026-03-24 10:00:00,1202.2,1202.8,1201.2,1202.8,463
2026-03-24 10:01:00,1202.8,1202.8,1199.0,1199.0,1135
2026-03-24 10:02:00,1199.0,1199.8,1198.1,1199.2,1313
2026-03-24 10:03:00,1199.2,1199.7,1198.5,1198.5,121
2026-03-24 10:04:00,1198.5,1198.6,1197.1,1198.0,239
2026-03-24 10:05:00,1198.0,1199.7,1197.7,1198.1,1204
2026-03-24 10:06:00,1198.1,1198.7,1196.7,1197.2,76
2026-03-24 10:07:00,1197.2,1197.2,1195.0,1195.0,1189
2026-03-24 10:08:00,1195.0,1195.4,1194.7,1194.7,632
2026-03-24 10:09:00,1194.7,1197.0,1194.1,1195.4,937
2026-03-24 10:10:00,1195.4,1196.9,1194.6,1196.9,1226
2026-03-24 10:11:00,1196.9,1197.3,1195.4,1196.4,779
2026-03-24 10:12:00,1196.4,1197.2,1195.8,1196.7,90
2026-03-24 10:13:00,1196.7,1198.1,1195.8,1196.7,217
2026-03-24 10:14:00,1198.4,1198.4,1196.9,1197.3,245
2026-03-24 10:15:00,1197.3,1197.3,1195.4,1195.4,59
2026-03-24 10:16:00,1195.4,1197.3,1195.4,1197.2,156
2026-03-24 10:17:00,1197.3,1198.8,1197.3,1198.8,460
2026-03-24 10:18:00,1198.8,1199.0,1198.8,1199.0,21
2026-03-24 10:19:00,1199.0,1199.5,1196.1,1196.1,1285
2026-03-24 10:20:00,1195.9,1196.4,1195.5,1195.5,169
2026-03-24 10:21:00,1195.5,1196.9,1195.5,1196.9,95
2026-03-24 10:22:00,1196.9,1197.5,1196.2,1196.7,803
2026-03-24 10:23:00,1197.3,1197.8,1197.3,1197.6,745
2026-03-24 10:24:00,1198.0,1198.0,1196.8,1197.0,151
2026-03-24 10:25:00,1197.0,1197.8,1197.0,1197.3,94
2026-03-24 10:26:00,1197.3,1197.8,1194.9,1194.9,801
2026-03-24 10:27:00,1194.9,1194.9,1194.9,1194.9,121
2026-03-24 10:28:00,1194.9,1196.0,1194.9,1196.0,81
2026-03-24 10:29:00,1196.0,1196.1,1196.0,1196.1,11
2026-03-24 10:30:00,1196.1,1196.1,1195.0,1195.0,667
2026-03-24 10:31:00,1195.0,1196.6,1194.5,1196.1,2425
2026-03-24 10:32:00,1196.1,1196.1,1195.5,1195.7,159
2026-03-24 10:33:00,1195.5,1196.1,1195.1,1195.5,397
2026-03-24 10:34:00,1195.5,1195.5,1193.1,1193.5,298
2026-03-24 10:35:00,1193.5,1193.5,1192.6,1193.2,480
2026-03-24 10:36:00,1193.1,1193.2,1192.0,1192.9,2862
2026-03-24 10:37:00,1192.9,1192.9,1191.3,1192.1,417
2026-03-24 10:38:00,1192.1,1193.2,1191.5,1192.2,1879
2026-03-24 10:39:00,1192.8,1192.8,1191.4,1191.4,10
2026-03-24 10:40:00,1191.7,1193.0,1191.2,1191.2,1508
2026-03-24 10:41:00,1191.8,1194.9,1191.8,1194.9,367
2026-03-24 10:42:00,1195.1,1195.8,1194.4,1195.8,390
2026-03-24 10:43:00,1195.8,1197.1,1195.8,1196.8,1538
2026-03-24 10:44:00,1196.8,1197.6,1195.7,1196.2,1015
2026-03-24 10:45:00,1196.2,1196.9,1196.0,1196.0,1329
2026-03-24 10:46:00,1196.0,1196.5,1195.9,1196.0,1256
2026-03-24 10:47:00,1196.5,1198.4,1196.0,1198.4,590
2026-03-24 10:48:00,1197.6,1202.8,1197.6,1202.1,4634
2026-03-24 10:49:00,1202.1,1202.1,1198.7,1198.7,1772
2026-03-24 10:50:00,1198.7,1199.1,1197.9,1198.8,969
2026-03-24 10:51:00,1198.8,1198.8,1197.4,1197.4,236
2026-03-24 10:52:00,1197.4,1197.4,1194.3,1194.3,415
2026-03-24 10:53:00,1194.3,1197.2,1194.2,1196.3,920
2026-03-24 10:54:00,1196.3,1197.0,1196.2,1196.8,330
2026-03-24 10:55:00,1196.8,1196.8,1195.8,1196.3,35
2026-03-24 10:56:00,1196.3,1197.4,1196.1,1196.4,601
2026-03-24 10:57:00,1196.4,1196.4,1195.0,1195.0,176
2026-03-24 10:58:00,1195.0,1195.1,1194.3,1194.3,167
2026-03-24 10:59:00,1194.3,1195.1,1193.7,1194.5,1271
2026-03-24 11:00:00,1194.5,1196.0,1194.5,1195.3,805
2026-03-24 11:01:00,1195.6,1196.0,1195.3,1195.8,527
2026-03-24 11:02:00,1195.8,1195.8,1194.2,1194.2,415
2026-03-24 11:03:00,1194.3,1195.4,1194.3,1194.4,615
2026-03-24 11:04:00,1194.4,1194.5,1193.8,1193.8,217
2026-03-24 11:05:00,1193.8,1193.8,1192.3,1193.4,114
2026-03-24 11:06:00,1193.4,1194.9,1193.4,1194.0,131
2026-03-24 11:07:00,1194.0,1194.6,1193.9,1193.9,253
2026-03-24 11:08:00,1193.9,1196.0,1193.9,1195.9,235
2026-03-24 11:09:00,1195.9,1195.9,1194.6,1194.8,30
2026-03-24 11:10:00,1194.8,1196.2,1193.6,1195.6,289
2026-03-24 11:11:00,1195.6,1196.2,1195.5,1195.7,121
2026-03-24 11:12:00,1195.7,1195.7,1195.0,1195.0,16
2026-03-24 11:13:00,1195.0,1195.0,1193.8,1193.8,18
2026-03-24 11:14:00,1193.8,1194.0,1192.9,1192.9,264
2026-03-24 11:15:00,1192.9,1193.2,1191.0,1191.1,1139
2026-03-24 11:16:00,1191.8,1192.6,1191.7,1192.2,71
2026-03-24 11:17:00,1192.2,1193.1,1192.2,1193.1,128
2026-03-24 11:18:00,1193.1,1193.9,1192.5,1192.6,173
2026-03-24 11:19:00,1192.6,1193.2,1191.6,1191.6,208
2026-03-24 11:20:00,1191.6,1195.3,1191.6,1195.3,1569
2026-03-24 11:21:00,1195.3,1195.3,1192.1,1192.1,306
2026-03-24 11:22:00,1192.1,1192.1,1191.0,1191.3,526
2026-03-24 11:23:00,1191.3,1191.7,1191.0,1191.6,164
2026-03-24 11:24:00,1191.6,1191.9,1191.0,1191.0,178
2026-03-24 11:25:00,1191.0,1191.9,1190.5,1191.9,4459
2026-03-24 11:26:00,1191.9,1191.9,1191.1,1191.9,86
2026-03-24 11:27:00,1192.2,1193.0,1191.2,1191.2,851
2026-03-24 11:28:00,1191.2,1193.1,1191.2,1192.8,936
2026-03-24 11:29:00,1192.8,1192.8,1190.9,1190.9,228
2026-03-24 11:30:00,1190.9,1192.3,1190.9,1191.6,199
2026-03-24 11:31:00,1191.2,1191.4,1191.2,1191.4,62
2026-03-24 11:32:00,1191.4,1193.5,1191.4,1193.5,1801
2026-03-24 11:33:00,1193.5,1193.5,1192.4,1192.4,120
2026-03-24 11:34:00,1192.4,1193.4,1192.1,1192.9,286
2026-03-24 11:35:00,1193.1,1196.0,1193.0,1195.7,1563
2026-03-24 11:36:00,1194.4,1196.6,1194.4,1196.3,2004
2026-03-24 11:37:00,1196.3,1196.8,1196.1,1196.1,511
2026-03-24 11:38:00,1196.1,1196.6,1195.8,1196.0,659
2026-03-24 11:39:00,1195.2,1195.5,1194.8,1195.5,547
2026-03-24 11:40:00,1196.0,1197.6,1196.0,1197.6,85
2026-03-24 11:41:00,1197.6,1197.6,1195.1,1195.5,49
2026-03-24 11:42:00,1195.5,1196.0,1195.5,1196.0,98
2026-03-24 11:43:00,1196.0,1196.5,1195.4,1196.1,28
2026-03-24 11:44:00,1196.1,1198.8,1196.1,1198.4,518
2026-03-24 11:45:00,1198.4,1198.9,1198.4,1198.9,135
2026-03-24 11:46:00,1198.8,1204.7,1198.8,1204.7,5056
2026-03-24 11:47:00,1205.0,1206.0,1204.8,1205.5,1795
2026-03-24 11:48:00,1205.5,1206.0,1204.4,1204.6,1509
2026-03-24 11:49:00,1204.6,1204.6,1203.5,1204.0,221
2026-03-24 11:50:00,1204.0,1204.6,1203.7,1204.6,454
2026-03-24 11:51:00,1204.6,1205.1,1202.3,1202.3,870
2026-03-24 11:52:00,1202.3,1204.2,1202.3,1204.2,24
2026-03-24 11:53:00,1204.2,1204.2,1203.6,1204.1,73
2026-03-24 11:54:00,1204.1,1204.1,1203.5,1203.5,11
2026-03-24 11:55:00,1203.5,1204.1,1203.3,1204.1,115
2026-03-24 11:56:00,1204.1,1206.4,1204.0,1206.3,2098
2026-03-24 11:57:00,1206.3,1208.0,1206.3,1207.4,1047
2026-03-24 11:58:00,1207.4,1207.7,1206.9,1207.1,2161
2026-03-24 11:59:00,1207.1,1207.7,1207.0,1207.0,9
2026-03-24 12:00:00,1207.0,1207.9,1207.0,1207.0,232
2026-03-24 12:01:00,1207.0,1207.6,1205.9,1205.9,516
2026-03-24 12:02:00,1205.9,1205.9,1205.7,1205.7,105
2026-03-24 12:03:00,1205.7,1206.3,1205.3,1206.3,49
2026-03-24 12:04:00,1206.5,1206.5,1202.5,1202.5,722
2026-03-24 12:05:00,1202.5,1202.5,1199.6,1199.6,559
2026-03-24 12:06:00,1199.6,1200.3,1198.1,1199.0,1679
2026-03-24 12:07:00,1199.0,1199.9,1198.1,1198.1,466
2026-03-24 12:08:00,1199.2,1199.5,1198.5,1199.2,228
2026-03-24 12:09:00,1199.2,1199.2,1198.7,1198.7,62
2026-03-24 12:10:00,1198.7,1200.2,1198.7,1200.2,102
2026-03-24 12:11:00,1200.2,1201.3,1199.1,1199.1,986
2026-03-24 12:12:00,1199.1,1199.1,1197.3,1197.4,520
2026-03-24 12:13:00,1197.6,1197.6,1195.7,1195.7,271
2026-03-24 12:14:00,1195.7,1196.6,1195.7,1196.6,629
2026-03-24 12:15:00,1196.6,1196.8,1195.7,1195.7,598
2026-03-24 12:16:00,1195.7,1196.6,1195.7,1196.5,255
2026-03-24 12:17:00,1196.5,1199.4,1196.5,1197.9,1659
2026-03-24 12:18:00,1197.9,1198.8,1197.3,1197.5,267
2026-03-24 12:19:00,1197.5,1197.5,1196.8,1196.9,303
2026-03-24 12:20:00,1196.9,1197.1,1196.6,1197.1,101
2026-03-24 12:21:00,1197.1,1197.3,1197.1,1197.3,42
2026-03-24 12:22:00,1197.3,1204.3,1197.1,1204.3,1180
2026-03-24 12:23:00,1204.8,1209.0,1203.2,1207.0,7176
2026-03-24 12:24:00,1207.0,1207.0,1202.9,1204.3,7267
2026-03-24 12:25:00,1204.3,1204.8,1203.7,1204.4,761
2026-03-24 12:26:00,1205.0,1208.6,1205.0,1206.3,1065
2026-03-24 12:27:00,1206.3,1207.7,1204.9,1205.0,123
2026-03-24 12:28:00,1205.0,1206.2,1203.9,1203.9,424
2026-03-24 12:29:00,1203.9,1203.9,1200.0,1203.8,2137
2026-03-24 12:30:00,1203.7,1205.2,1203.2,1204.8,124
2026-03-24 12:31:00,1204.5,1204.5,1199.0,1202.8,3367
2026-03-24 12:32:00,1202.4,1205.0,1202.4,1204.8,184
2026-03-24 12:33:00,1204.9,1205.7,1204.9,1205.4,151
2026-03-24 12:34:00,1205.4,1207.9,1205.4,1207.6,133
2026-03-24 12:35:00,1207.7,1207.8,1206.0,1207.8,672
2026-03-24 12:36:00,1207.8,1209.2,1207.3,1207.3,197
2026-03-24 12:37:00,1207.4,1207.4,1204.9,1205.6,893
2026-03-24 12:38:00,1205.6,1205.6,1204.7,1204.9,86
2026-03-24 12:39:00,1204.7,1206.7,1204.7,1206.7,2714
2026-03-24 12:40:00,1206.7,1213.0,1206.7,1212.8,18559
2026-03-24 12:41:00,1213.4,1217.9,1212.9,1213.9,12732
2026-03-24 12:42:00,1213.9,1217.0,1213.9,1215.5,1109
2026-03-24 12:43:00,1215.5,1215.5,1212.2,1213.2,2815
2026-03-24 12:44:00,1213.2,1213.7,1208.1,1208.5,8260
2026-03-24 12:45:00,1208.5,1210.8,1208.4,1210.8,1273
2026-03-24 12:46:00,1210.8,1212.0,1210.8,1211.6,563
2026-03-24 12:47:00,1211.6,1211.6,1210.4,1211.1,88
2026-03-24 12:48:00,1211.1,1211.3,1209.2,1209.2,661
2026-03-24 12:49:00,1209.2,1209.2,1207.5,1207.9,86
2026-03-24 12:50:00,1207.9,1210.3,1207.9,1209.6,656
2026-03-24 12:51:00,1209.6,1210.8,1203.5,1204.8,5208
2026-03-24 12:52:00,1204.8,1206.1,1203.2,1205.7,3511
2026-03-24 12:53:00,1206.8,1206.8,1202.1,1203.7,5448
2026-03-24 12:54:00,1203.7,1203.7,1199.2,1201.1,7250
2026-03-24 12:55:00,1201.1,1201.1,1200.0,1200.3,263
2026-03-24 12:56:00,1200.3,1200.9,1199.1,1199.9,2611
2026-03-24 12:57:00,1199.9,1201.2,1199.9,1201.2,510
2026-03-24 12:58:00,1201.2,1202.4,1201.1,1202.4,254
2026-03-24 12:59:00,1203.0,1204.6,1203.0,1204.6,160
2026-03-24 13:00:00,1204.6,1205.1,1204.4,1204.4,294
2026-03-24 13:01:00,1204.4,1204.4,1204.0,1204.3,198
2026-03-24 13:02:00,1204.3,1204.3,1202.8,1204.0,907
2026-03-24 13:03:00,1204.0,1204.0,1201.2,1201.2,652
2026-03-24 13:04:00,1201.2,1201.2,1200.7,1201.1,10
2026-03-24 13:05:00,1200.7,1200.7,1198.8,1198.8,1662
2026-03-24 13:06:00,1198.2,1198.6,1196.7,1198.6,991
2026-03-24 13:07:00,1198.4,1198.9,1198.4,1198.7,316
2026-03-24 13:08:00,1199.1,1199.7,1199.1,1199.3,174
2026-03-24 13:09:00,1199.5,1200.0,1198.9,1199.8,623
2026-03-24 13:10:00,1199.8,1200.2,1199.7,1200.2,88
2026-03-24 13:11:00,1200.2,1202.7,1200.1,1202.7,176
2026-03-24 13:12:00,1202.7,1203.0,1200.9,1201.2,114
2026-03-24 13:13:00,1201.4,1201.4,1199.6,1200.8,147
2026-03-24 13:14:00,1200.8,1201.7,1200.2,1200.2,946
2026-03-24 13:15:00,1200.3,1200.8,1199.4,1199.4,17
2026-03-24 13:16:00,1199.2,1201.3,1199.1,1199.1,1854
2026-03-24 13:17:00,1199.1,1201.1,1199.1,1200.6,144
2026-03-24 13:18:00,1200.6,1201.2,1200.4,1200.4,178
2026-03-24 13:19:00,1200.4,1201.5,1200.0,1201.5,437
2026-03-24 13:20:00,1201.3,1201.6,1200.2,1201.5,628
2026-03-24 13:21:00,1201.5,1202.8,1201.1,1202.8,159
2026-03-24 13:22:00,1202.8,1204.3,1202.8,1203.9,166
2026-03-24 13:23:00,1203.9,1204.3,1203.1,1204.3,528
2026-03-24 13:24:00,1204.3,1204.3,1202.8,1203.7,317
2026-03-24 13:25:00,1203.7,1204.2,1203.3,1203.9,58
2026-03-24 13:26:00,1203.9,1204.5,1203.2,1203.9,926
2026-03-24 13:27:00,1203.9,1205.0,1203.9,1204.5,871
2026-03-24 13:28:00,1204.7,1205.1,1204.6,1205.1,177
2026-03-24 13:29:00,1205.1,1207.0,1205.1,1207.0,87
2026-03-24 13:30:00,1206.5,1206.8,1204.8,1206.8,1164
2026-03-24 13:31:00,1206.8,1207.4,1206.1,1206.7,484
2026-03-24 13:32:00,1206.7,1207.8,1206.2,1207.5,279
2026-03-24 13:33:00,1207.5,1208.3,1207.1,1207.3,776
2026-03-24 13:34:00,1207.0,1207.3,1206.3,1206.9,92
2026-03-24 13:35:00,1206.9,1209.0,1206.9,1209.0,106
2026-03-24 13:36:00,1209.0,1209.0,1207.1,1207.7,212
2026-03-24 13:37:00,1207.7,1208.5,1205.9,1205.9,565
2026-03-24 13:38:00,1205.9,1205.9,1203.5,1203.9,276
2026-03-24 13:39:00,1203.9,1203.9,1203.5,1203.9,255
2026-03-24 13:40:00,1204.0,1206.4,1203.9,1204.7,196
2026-03-24 13:41:00,1204.7,1207.1,1204.7,1207.1,33
2026-03-24 13:42:00,1206.6,1208.1,1206.6,1208.1,260
2026-03-24 13:43:00,1207.4,1207.4,1206.3,1206.8,56
2026-03-24 13:44:00,1206.8,1207.9,1206.5,1207.2,1404
2026-03-24 13:45:00,1207.2,1211.5,1206.5,1209.4,12022
2026-03-24 13:46:00,1209.4,1209.4,1209.1,1209.4,10
2026-03-24 13:47:00,1209.3,1209.4,1208.6,1208.6,1132
2026-03-24 13:48:00,1208.6,1208.6,1205.0,1205.6,682
2026-03-24 13:49:00,1205.6,1205.7,1200.3,1201.6,2014
2026-03-24 13:50:00,1201.6,1203.3,1201.6,1203.2,97
2026-03-24 13:51:00,1203.2,1203.9,1203.0,1203.5,419
2026-03-24 13:52:00,1203.4,1205.0,1203.2,1205.0,599
2026-03-24 13:53:00,1204.9,1207.7,1204.1,1207.2,542
2026-03-24 13:54:00,1206.0,1206.0,1205.4,1205.4,155
2026-03-24 13:55:00,1205.4,1206.5,1205.1,1206.4,347
2026-03-24 13:56:00,1206.4,1207.5,1205.8,1206.5,79
2026-03-24 13:57:00,1206.5,1207.2,1206.0,1207.0,213
2026-03-24 13:58:00,1207.0,1207.9,1206.7,1207.9,176
2026-03-24 13:59:00,1207.9,1209.0,1206.5,1207.1,285
2026-03-24 14:00:00,1207.1,1207.3,1206.7,1207.3,183
2026-03-24 14:01:00,1207.3,1207.8,1206.9,1207.8,1144
2026-03-24 14:02:00,1207.7,1207.8,1207.5,1207.5,166
2026-03-24 14:03:00,1207.5,1207.5,1204.9,1204.9,353
2026-03-24 14:04:00,1204.9,1206.6,1204.9,1205.9,179
2026-03-24 14:05:00,1205.9,1208.3,1205.9,1207.0,707
2026-03-24 14:06:00,1207.0,1207.4,1207.0,1207.2,164
2026-03-24 14:07:00,1207.2,1207.6,1205.1,1206.1,1113
2026-03-24 14:08:00,1206.1,1207.1,1204.7,1204.7,176
2026-03-24 14:09:00,1204.7,1205.5,1204.0,1204.0,130
2026-03-24 14:10:00,1204.2,1206.4,1204.2,1205.7,338
2026-03-24 14:11:00,1205.9,1206.4,1205.7,1206.4,263
2026-03-24 14:12:00,1206.4,1206.4,1204.9,1205.4,781
2026-03-24 14:13:00,1205.4,1206.4,1205.4,1206.1,137
2026-03-24 14:14:00,1206.1,1207.0,1205.9,1206.8,365
2026-03-24 14:15:00,1206.8,1207.8,1206.8,1207.8,368
2026-03-24 14:16:00,1206.9,1208.6,1206.6,1207.8,625
2026-03-24 14:17:00,1207.8,1207.9,1206.7,1207.2,236
2026-03-24 14:18:00,1207.2,1208.1,1206.9,1207.7,357
2026-03-24 14:19:00,1207.7,1208.1,1206.9,1207.1,299
2026-03-24 14:20:00,1206.6,1208.6,1206.6,1208.3,336
2026-03-24 14:21:00,1208.3,1208.4,1206.0,1206.0,490
2026-03-24 14:22:00,1206.1,1206.8,1204.6,1204.6,1113
2026-03-24 14:23:00,1205.3,1206.0,1204.7,1205.0,217
2026-03-24 14:24:00,1205.0,1207.0,1205.0,1206.5,203
2026-03-24 14:25:00,1206.4,1207.1,1205.9,1206.8,157
2026-03-24 14:26:00,1206.8,1207.0,1205.1,1205.7,172
2026-03-24 14:27:00,1205.7,1205.8,1203.1,1203.5,792
2026-03-24 14:28:00,1203.0,1205.5,1203.0,1205.5,543
2026-03-24 14:29:00,1205.1,1207.0,1205.0,1205.5,1315
2026-03-24 14:30:00,1205.5,1206.1,1204.1,1204.1,256
2026-03-24 14:31:00,1204.1,1206.7,1204.0,1204.0,988
2026-03-24 14:32:00,1204.0,1207.4,1204.0,1205.8,642
2026-03-24 14:33:00,1205.8,1205.8,1204.7,1205.0,238
2026-03-24 14:34:00,1205.0,1206.0,1204.1,1204.4,805
2026-03-24 14:35:00,1204.4,1204.8,1204.0,1204.7,166
2026-03-24 14:36:00,1204.7,1204.7,1201.5,1202.6,896
2026-03-24 14:37:00,1202.6,1203.7,1198.1,1198.1,2714
2026-03-24 14:38:00,1198.7,1198.9,1197.4,1197.7,2430
2026-03-24 14:39:00,1197.7,1198.9,1197.3,1198.0,1024
2026-03-24 14:40:00,1198.0,1198.8,1196.2,1196.8,2073
2026-03-24 14:41:00,1197.8,1200.2,1197.8,1200.2,568
2026-03-24 14:42:00,1200.2,1200.4,1197.6,1198.1,3524
2026-03-24 14:43:00,1198.5,1201.3,1198.0,1199.8,395
2026-03-24 14:44:00,1198.1,1200.0,1198.1,1198.8,972
2026-03-24 14:45:00,1198.8,1199.6,1198.3,1199.0,315
2026-03-24 14:46:00,1199.2,1199.9,1198.0,1198.1,1159
2026-03-24 14:47:00,1199.0,1199.5,1199.0,1199.0,582
2026-03-24 14:48:00,1199.0,1199.0,1197.5,1197.5,369
2026-03-24 14:49:00,1197.5,1200.6,1197.5,1200.6,222
2026-03-24 14:50:00,1200.6,1201.7,1200.0,1201.7,410
2026-03-24 14:51:00,1201.7,1201.7,1198.3,1199.4,559
2026-03-24 14:52:00,1199.3,1200.1,1199.2,1200.1,351
2026-03-24 14:53:00,1200.4,1200.4,1197.6,1197.6,1099
2026-03-24 14:54:00,1198.7,1200.7,1198.7,1200.0,967
2026-03-24 14:55:00,1200.3,1201.2,1198.1,1198.1,1054
2026-03-24 14:56:00,1199.8,1199.8,1198.1,1199.1,1311
2026-03-24 14:57:00,1199.6,1200.8,1198.9,1200.8,1165
2026-03-24 14:58:00,1200.9,1202.4,1200.7,1201.0,1664
2026-03-24 14:59:00,1201.7,1201.7,1199.6,1200.7,1033
2026-03-24 15:00:00,1200.7,1200.7,1194.5,1194.5,2595
2026-03-24 15:01:00,1195.1,1195.4,1193.3,1193.7,5862
2026-03-24 15:02:00,1195.3,1195.7,1195.0,1195.3,3565
2026-03-24 15:03:00,1195.3,1195.7,1194.3,1194.7,1305
2026-03-24 15:04:00,1194.9,1197.2,1194.3,1196.2,2079
2026-03-24 15:05:00,1196.2,1196.3,1194.1,1194.5,1134
2026-03-24 15:06:00,1194.5,1197.1,1194.5,1197.1,6992
2026-03-24 15:07:00,1197.5,1198.3,1196.6,1196.8,3794
2026-03-24 15:08:00,1197.7,1200.3,1197.7,1200.3,5070
2026-03-24 15:09:00,1200.3,1202.0,1200.3,1201.4,3226
2026-03-24 15:10:00,1201.8,1204.0,1201.8,1204.0,3303
2026-03-24 15:11:00,1203.3,1205.0,1202.1,1204.9,9496
2026-03-24 15:12:00,1204.9,1205.0,1204.0,1204.1,1797
2026-03-24 15:13:00,1204.3,1204.3,1203.4,1204.3,1890
2026-03-24 15:14:00,1204.3,1204.5,1204.0,1204.5,14492
2026-03-24 15:15:00,1204.1,1204.7,1204.0,1204.7,1687
2026-03-24 15:16:00,1204.7,1204.7,1204.4,1204.7,1061
2026-03-24 15:17:00,1204.7,1206.0,1203.8,1206.0,4313
2026-03-24 15:18:00,1206.0,1206.0,1205.3,1205.4,2203
2026-03-24 15:19:00,1205.4,1205.4,1203.8,1203.9,2332
2026-03-24 15:20:00,1204.1,1204.1,1204.0,1204.0,1489
2026-03-24 15:21:00,1204.0,1204.1,1204.0,1204.0,1275
2026-03-24 15:22:00,1204.1,1204.1,1204.0,1204.1,2364
2026-03-24 15:23:00,1204.0,1205.9,1204.0,1205.7,6377
2026-03-24 15:24:00,1205.7,1205.8,1204.6,1205.0,3110
2026-03-24 15:25:00,1204.9,1204.9,1204.0,1204.5,3154
2026-03-24 15:26:00,1204.4,1204.5,1203.6,1204.3,1321
2026-03-24 15:27:00,1204.3,1204.4,1204.0,1204.0,1258
2026-03-24 15:28:00,1204.1,1204.2,1204.0,1204.2,1680
2026-03-24 15:29:00,1204.2,1204.4,1204.0,1204.4,1347
2026-03-25 09:15:00,1215.0,1225.1,1215.0,1224.3,6299
2026-03-25 09:16:00,1224.3,1233.0,1222.5,1233.0,3988
2026-03-25 09:17:00,1232.8,1237.8,1232.8,1237.8,4730
2026-03-25 09:18:00,1236.1,1236.1,1230.8,1230.9,1712
2026-03-25 09:19:00,1232.8,1236.7,1230.9,1235.4,4668
2026-03-25 09:20:00,1239.0,1242.6,1239.0,1241.4,2960
2026-03-25 09:21:00,1241.4,1245.6,1241.3,1245.1,2627
2026-03-25 09:22:00,1244.5,1246.4,1242.3,1243.5,4538
2026-03-25 09:23:00,1243.3,1246.9,1243.2,1246.9,2459
2026-03-25 09:24:00,1245.9,1249.0,1245.7,1247.5,8828
2026-03-25 09:25:00,1246.9,1249.0,1245.6,1246.0,5946
2026-03-25 09:26:00,1246.5,1248.2,1245.1,1247.1,5174
2026-03-25 09:27:00,1247.1,1249.8,1247.0,1247.8,1630
2026-03-25 09:28:00,1246.9,1248.0,1244.0,1245.9,3861
2026-03-25 09:29:00,1245.9,1245.9,1243.8,1244.6,1965
2026-03-25 09:30:00,1244.6,1248.9,1244.6,1248.8,2801
2026-03-25 09:31:00,1248.8,1250.4,1247.7,1247.7,7713
2026-03-25 09:32:00,1247.7,1247.7,1244.1,1247.0,1732
2026-03-25 09:33:00,1246.9,1246.9,1241.8,1244.7,4200
2026-03-25 09:34:00,1244.7,1246.7,1244.1,1244.6,1054
2026-03-25 09:35:00,1244.6,1246.0,1240.2,1240.3,2772
2026-03-25 09:36:00,1240.3,1240.4,1237.5,1238.9,2934
2026-03-25 09:37:00,1238.9,1243.3,1238.9,1240.8,3037
2026-03-25 09:38:00,1240.8,1240.8,1238.6,1238.6,820
2026-03-25 09:39:00,1238.6,1239.4,1237.3,1238.4,1304
2026-03-25 09:40:00,1238.7,1239.4,1237.4,1238.0,3529
2026-03-25 09:41:00,1238.0,1238.4,1236.3,1236.6,2256
2026-03-25 09:42:00,1236.6,1236.9,1234.4,1235.7,3490
2026-03-25 09:43:00,1235.7,1239.9,1235.7,1239.3,1713
2026-03-25 09:44:00,1239.3,1239.8,1238.5,1239.8,1746
2026-03-25 09:45:00,1238.6,1239.5,1238.3,1238.4,1040
2026-03-25 09:46:00,1238.4,1240.1,1237.8,1238.3,2848
2026-03-25 09:47:00,1238.3,1238.7,1237.8,1238.0,1715
2026-03-25 09:48:00,1238.0,1240.0,1238.0,1240.0,1493
2026-03-25 09:49:00,1240.0,1240.0,1239.0,1239.6,922
2026-03-25 09:50:00,1239.6,1241.3,1239.3,1239.3,9468
2026-03-25 09:51:00,1239.3,1239.5,1238.2,1238.2,1014
2026-03-25 09:52:00,1238.9,1238.9,1236.8,1236.8,2258
2026-03-25 09:53:00,1238.0,1238.0,1235.7,1235.7,2144
2026-03-25 09:54:00,1235.3,1236.0,1234.0,1235.3,3785
2026-03-25 09:55:00,1235.9,1237.4,1235.5,1236.9,1149
2026-03-25 09:56:00,1236.9,1238.3,1235.6,1235.6,391
2026-03-25 09:57:00,1235.6,1237.9,1235.6,1237.1,797
2026-03-25 09:58:00,1237.1,1239.0,1236.2,1237.9,1192
2026-03-25 09:59:00,1237.9,1238.3,1237.1,1237.6,857
2026-03-25 10:00:00,1237.6,1239.7,1237.6,1238.2,1200
2026-03-25 10:01:00,1238.0,1238.8,1237.3,1238.1,600
2026-03-25 10:02:00,1238.1,1238.5,1236.5,1236.9,117
2026-03-25 10:03:00,1236.9,1237.1,1236.0,1236.1,1775
2026-03-25 10:04:00,1235.5,1236.7,1235.5,1236.6,967
2026-03-25 10:05:00,1236.6,1239.3,1236.1,1236.7,1712
2026-03-25 10:06:00,1236.7,1238.8,1234.0,1237.2,8958
2026-03-25 10:07:00,1237.2,1237.2,1234.0,1234.6,695
2026-03-25 10:08:00,1234.6,1236.9,1234.6,1236.0,701
2026-03-25 10:09:00,1236.0,1236.5,1235.2,1236.5,795
2026-03-25 10:10:00,1236.5,1237.9,1236.3,1237.4,1737
2026-03-25 10:11:00,1237.4,1237.4,1236.4,1237.1,356
2026-03-25 10:12:00,1237.1,1239.1,1237.1,1238.1,1802
2026-03-25 10:13:00,1238.1,1238.8,1237.8,1237.8,497
2026-03-25 10:14:00,1238.0,1238.5,1237.5,1238.0,1249
2026-03-25 10:15:00,1238.0,1238.0,1237.5,1237.6,456
2026-03-25 10:16:00,1236.7,1237.5,1236.7,1237.5,280
2026-03-25 10:17:00,1237.5,1238.5,1237.5,1238.5,561
2026-03-25 10:18:00,1238.5,1238.9,1238.0,1238.8,225
2026-03-25 10:19:00,1238.8,1238.8,1236.8,1237.7,615
2026-03-25 10:20:00,1237.7,1237.8,1236.9,1237.3,985
2026-03-25 10:21:00,1236.3,1236.3,1232.6,1232.6,1054
2026-03-25 10:22:00,1232.0,1232.8,1231.5,1231.5,2366
2026-03-25 10:23:00,1231.5,1231.6,1230.6,1230.9,2466
2026-03-25 10:24:00,1230.9,1231.2,1230.5,1230.7,993
2026-03-25 10:25:00,1230.7,1232.6,1230.7,1232.5,508
2026-03-25 10:26:00,1232.5,1234.3,1232.5,1233.2,667
2026-03-25 10:27:00,1233.2,1234.6,1232.7,1234.6,1735
2026-03-25 10:28:00,1234.6,1234.6,1232.8,1232.8,1460
2026-03-25 10:29:00,1232.8,1233.6,1232.8,1233.6,260
2026-03-25 10:30:00,1233.6,1234.0,1233.1,1233.9,888
2026-03-25 10:31:00,1233.9,1234.8,1233.9,1233.9,38
2026-03-25 10:32:00,1233.9,1234.4,1233.1,1234.4,154
2026-03-25 10:33:00,1233.9,1234.2,1233.8,1234.2,3692
2026-03-25 10:34:00,1234.6,1235.7,1234.6,1235.7,431
2026-03-25 10:35:00,1235.7,1235.7,1234.7,1235.4,49
2026-03-25 10:36:00,1234.5,1234.5,1232.9,1233.4,256
2026-03-25 10:37:00,1233.4,1233.9,1233.1,1233.5,134
2026-03-25 10:38:00,1233.5,1233.7,1233.0,1233.1,258
2026-03-25 10:39:00,1233.1,1233.7,1233.1,1233.7,929
2026-03-25 10:40:00,1233.7,1234.1,1233.3,1233.9,106
2026-03-25 10:41:00,1233.8,1233.8,1233.2,1233.7,103
2026-03-25 10:42:00,1233.7,1234.2,1233.3,1234.1,556
2026-03-25 10:43:00,1234.1,1234.9,1234.1,1234.9,305
2026-03-25 10:44:00,1234.9,1234.9,1234.0,1234.5,155
2026-03-25 10:45:00,1234.5,1235.4,1234.2,1234.3,507
2026-03-25 10:46:00,1234.3,1235.1,1234.0,1234.0,571
2026-03-25 10:47:00,1234.5,1236.0,1234.2,1235.5,603
2026-03-25 10:48:00,1235.5,1236.0,1234.6,1235.1,1141
2026-03-25 10:49:00,1235.1,1236.4,1234.6,1235.3,1108
2026-03-25 10:50:00,1235.3,1235.7,1234.3,1234.9,338
2026-03-25 10:51:00,1234.4,1235.9,1234.4,1235.4,941
2026-03-25 10:52:00,1235.4,1235.7,1235.1,1235.1,61
2026-03-25 10:53:00,1235.1,1235.2,1234.0,1234.0,193
2026-03-25 10:54:00,1234.0,1234.7,1233.0,1234.7,64
2026-03-25 10:55:00,1234.7,1234.7,1232.2,1232.4,1635
2026-03-25 10:56:00,1232.4,1232.4,1231.5,1232.0,116
2026-03-25 10:57:00,1232.0,1233.0,1232.0,1232.7,3150
2026-03-25 10:58:00,1232.7,1232.9,1230.3,1230.9,234
2026-03-25 10:59:00,1230.9,1231.1,1230.4,1230.4,409
2026-03-25 11:00:00,1230.4,1233.6,1230.4,1233.6,3340
2026-03-25 11:01:00,1232.8,1236.2,1232.8,1236.1,7650
2026-03-25 11:02:00,1235.8,1236.1,1235.0,1235.0,717
2026-03-25 11:03:00,1235.0,1235.0,1234.2,1234.8,47
2026-03-25 11:04:00,1234.8,1235.1,1233.5,1234.5,8864
2026-03-25 11:05:00,1234.5,1234.7,1233.3,1233.5,755
2026-03-25 11:06:00,1233.5,1235.0,1233.5,1234.7,3561
2026-03-25 11:07:00,1234.7,1235.3,1234.5,1235.3,2891
2026-03-25 11:08:00,1235.3,1236.2,1235.0,1235.8,1714
2026-03-25 11:09:00,1235.8,1236.4,1235.0,1235.1,1101
2026-03-25 11:10:00,1235.1,1236.4,1235.1,1236.3,224
2026-03-25 11:11:00,1236.3,1236.3,1233.5,1233.5,9273
2026-03-25 11:12:00,1233.5,1233.9,1233.3,1233.3,262
2026-03-25 11:13:00,1233.3,1233.3,1231.5,1231.5,1404
2026-03-25 11:14:00,1231.5,1232.0,1230.8,1231.7,742
2026-03-25 11:15:00,1231.7,1232.3,1231.5,1231.6,19
2026-03-25 11:16:00,1232.3,1232.3,1231.0,1231.4,1522
2026-03-25 11:17:00,1231.4,1231.8,1230.6,1230.6,688
2026-03-25 11:18:00,1230.6,1231.3,1227.5,1229.0,7692
2026-03-25 11:19:00,1229.0,1230.8,1229.0,1229.1,2830
2026-03-25 11:20:00,1229.9,1230.0,1228.2,1228.2,3990
2026-03-25 11:21:00,1228.2,1228.2,1227.0,1227.0,721
2026-03-25 11:22:00,1227.0,1227.8,1227.0,1227.5,153
2026-03-25 11:23:00,1227.5,1227.5,1225.0,1225.0,774
2026-03-25 11:24:00,1225.0,1225.0,1223.5,1224.0,3782
2026-03-25 11:25:00,1224.0,1225.1,1224.0,1224.8,1845
2026-03-25 11:26:00,1224.8,1225.3,1224.8,1225.3,374
2026-03-25 11:27:00,1225.3,1226.0,1225.3,1226.0,59
2026-03-25 11:28:00,1226.0,1227.2,1225.8,1227.2,177
2026-03-25 11:29:00,1227.2,1227.2,1225.7,1225.9,544
2026-03-25 11:30:00,1225.9,1225.9,1224.5,1224.5,78
2026-03-25 11:31:00,1224.5,1224.7,1223.8,1224.6,310
2026-03-25 11:32:00,1224.6,1224.6,1223.3,1223.3,115
2026-03-25 11:33:00,1223.3,1224.7,1223.3,1224.7,546
2026-03-25 11:34:00,1224.7,1225.4,1224.1,1225.0,819
2026-03-25 11:35:00,1225.0,1225.0,1223.2,1223.3,2341
2026-03-25 11:36:00,1223.3,1224.0,1223.1,1224.0,230
2026-03-25 11:37:00,1224.0,1224.5,1224.0,1224.4,542
2026-03-25 11:38:00,1224.4,1224.7,1223.1,1223.1,274
2026-03-25 11:39:00,1222.7,1222.7,1221.6,1221.9,2445
2026-03-25 11:40:00,1221.9,1222.5,1221.9,1222.2,205
2026-03-25 11:41:00,1222.2,1223.0,1222.0,1222.4,271
2026-03-25 11:42:00,1222.4,1222.9,1222.3,1222.8,57
2026-03-25 11:43:00,1222.7,1222.9,1222.3,1222.3,460
2026-03-25 11:44:00,1222.3,1222.7,1221.9,1221.9,107
2026-03-25 11:45:00,1221.9,1222.4,1221.9,1222.3,87
2026-03-25 11:46:00,1222.3,1222.3,1221.0,1221.5,827
2026-03-25 11:47:00,1221.5,1221.6,1219.2,1219.3,1301
2026-03-25 11:48:00,1219.3,1220.6,1219.3,1220.3,543
2026-03-25 11:49:00,1220.9,1226.0,1220.9,1225.8,9917
2026-03-25 11:50:00,1225.8,1226.0,1225.5,1225.5,80
2026-03-25 11:51:00,1225.5,1225.9,1225.4,1225.4,7237
2026-03-25 11:52:00,1225.4,1225.9,1225.1,1225.1,802
2026-03-25 11:53:00,1225.1,1225.6,1224.8,1225.6,1685
2026-03-25 11:54:00,1225.4,1225.4,1224.0,1224.0,391
2026-03-25 11:55:00,1224.0,1224.2,1223.7,1224.2,2345
2026-03-25 11:56:00,1224.2,1224.2,1223.3,1223.4,207
2026-03-25 11:57:00,1223.4,1223.7,1222.3,1222.6,370
2026-03-25 11:58:00,1222.6,1222.6,1221.4,1221.5,251
2026-03-25 11:59:00,1221.5,1221.5,1221.1,1221.1,22
2026-03-25 12:00:00,1221.1,1221.6,1220.6,1221.2,99
2026-03-25 12:01:00,1221.2,1221.9,1220.8,1221.6,1028
2026-03-25 12:02:00,1221.6,1221.6,1220.9,1221.4,169
2026-03-25 12:03:00,1221.4,1221.7,1221.4,1221.7,120
2026-03-25 12:04:00,1221.7,1222.3,1221.7,1221.8,305
2026-03-25 12:05:00,1221.8,1223.5,1221.8,1223.4,203
2026-03-25 12:06:00,1223.4,1223.5,1221.9,1222.7,177
2026-03-25 12:07:00,1222.7,1223.5,1222.7,1223.4,408
2026-03-25 12:08:00,1223.4,1223.5,1222.8,1223.4,266
2026-03-25 12:09:00,1223.4,1223.4,1222.7,1222.8,106
2026-03-25 12:10:00,1222.8,1223.5,1222.1,1223.0,400
2026-03-25 12:11:00,1223.0,1223.1,1222.2,1222.4,3
2026-03-25 12:12:00,1222.4,1222.5,1222.0,1222.4,64
2026-03-25 12:13:00,1222.5,1223.4,1222.3,1223.2,142
2026-03-25 12:14:00,1223.2,1223.5,1222.3,1223.5,865
2026-03-25 12:15:00,1223.5,1224.0,1223.0,1223.2,1884
2026-03-25 12:16:00,1223.2,1223.2,1222.5,1223.0,281
2026-03-25 12:17:00,1223.0,1225.6,1221.4,1224.9,7257
2026-03-25 12:18:00,1224.9,1225.0,1224.2,1224.7,244
2026-03-25 12:19:00,1224.7,1224.7,1224.3,1224.6,56
2026-03-25 12:20:00,1224.6,1224.6,1224.6,1224.6,11
2026-03-25 12:21:00,1224.6,1224.6,1224.0,1224.0,630
2026-03-25 12:22:00,1224.0,1224.6,1224.0,1224.5,28
2026-03-25 12:23:00,1224.5,1224.5,1224.5,1224.5,13
2026-03-25 12:24:00,1224.5,1224.5,1223.9,1224.0,73
2026-03-25 12:25:00,1224.0,1224.2,1223.8,1223.8,349
2026-03-25 12:26:00,1223.8,1223.8,1223.4,1223.8,51
2026-03-25 12:27:00,1223.8,1224.0,1223.7,1224.0,236
2026-03-25 12:28:00,1223.9,1224.5,1223.8,1224.5,183
2026-03-25 12:29:00,1224.5,1224.5,1224.3,1224.3,40
2026-03-25 12:30:00,1224.3,1224.3,1223.1,1223.8,307
2026-03-25 12:31:00,1223.8,1224.0,1223.8,1224.0,11
2026-03-25 12:32:00,1223.9,1224.5,1223.2,1224.5,242
2026-03-25 12:33:00,1224.7,1225.6,1224.6,1224.8,345
2026-03-25 12:34:00,1224.8,1225.4,1224.8,1225.3,28
2026-03-25 12:35:00,1225.3,1228.1,1225.3,1227.8,5953
2026-03-25 12:36:00,1228.6,1229.3,1228.6,1229.1,405
2026-03-25 12:37:00,1229.1,1229.1,1228.1,1228.8,1125
2026-03-25 12:38:00,1228.8,1228.9,1228.8,1228.8,269
2026-03-25 12:39:00,1228.8,1229.6,1228.7,1228.7,450
2026-03-25 12:40:00,1228.7,1228.7,1227.5,1227.9,217
2026-03-25 12:41:00,1227.9,1227.9,1227.0,1227.1,349
2026-03-25 12:42:00,1227.1,1227.9,1227.1,1227.9,52
2026-03-25 12:43:00,1227.9,1229.2,1227.2,1229.2,966
2026-03-25 12:44:00,1229.2,1229.2,1228.3,1228.8,172
2026-03-25 12:45:00,1228.8,1229.0,1227.2,1227.2,1589
2026-03-25 12:46:00,1227.2,1227.2,1225.7,1226.3,640
2026-03-25 12:47:00,1226.3,1227.3,1225.7,1225.8,404
2026-03-25 12:48:00,1225.8,1226.1,1225.5,1225.7,358
2026-03-25 12:49:00,1225.7,1226.1,1225.7,1225.7,248
2026-03-25 12:50:00,1226.2,1226.3,1225.7,1226.3,185
2026-03-25 12:51:00,1226.2,1226.2,1223.0,1223.0,3004
2026-03-25 12:52:00,1223.0,1223.3,1223.0,1223.3,1721
2026-03-25 12:53:00,1223.4,1223.7,1223.0,1223.4,634
2026-03-25 12:54:00,1223.4,1223.7,1223.4,1223.4,178
2026-03-25 12:55:00,1223.4,1224.3,1223.4,1224.3,577
2026-03-25 12:56:00,1224.3,1224.3,1221.3,1221.3,3499
2026-03-25 12:57:00,1220.9,1221.2,1220.6,1221.2,542
2026-03-25 12:58:00,1221.2,1221.2,1218.8,1219.4,3212
2026-03-25 12:59:00,1219.4,1219.8,1219.0,1219.4,664
2026-03-25 13:00:00,1219.4,1221.1,1219.4,1221.1,421
2026-03-25 13:01:00,1221.1,1222.5,1220.8,1222.5,1319
2026-03-25 13:02:00,1222.5,1222.7,1221.0,1221.0,643
2026-03-25 13:03:00,1221.0,1221.5,1221.0,1221.1,97
2026-03-25 13:04:00,1221.5,1221.5,1220.0,1220.9,766
2026-03-25 13:05:00,1220.9,1220.9,1220.0,1220.2,312
2026-03-25 13:06:00,1220.2,1222.2,1219.5,1222.2,622
2026-03-25 13:07:00,1222.2,1222.2,1221.7,1221.7,367
2026-03-25 13:08:00,1221.8,1221.8,1221.5,1221.7,214
2026-03-25 13:09:00,1221.9,1223.6,1221.5,1223.1,1646
2026-03-25 13:10:00,1223.1,1224.0,1223.0,1223.4,817
2026-03-25 13:11:00,1223.4,1224.4,1223.0,1223.4,1305
2026-03-25 13:12:00,1223.7,1223.7,1223.4,1223.4,228
2026-03-25 13:13:00,1223.4,1223.7,1222.8,1223.7,382
2026-03-25 13:14:00,1223.7,1224.1,1223.3,1223.6,323
2026-03-25 13:15:00,1223.0,1223.6,1223.0,1223.2,133
2026-03-25 13:16:00,1223.2,1223.4,1222.9,1222.9,233
2026-03-25 13:17:00,1223.6,1223.6,1222.8,1223.0,229
2026-03-25 13:18:00,1223.0,1223.7,1223.0,1223.1,119
2026-03-25 13:19:00,1223.1,1223.5,1222.8,1223.3,161
2026-03-25 13:20:00,1223.3,1223.3,1221.2,1222.4,488
2026-03-25 13:21:00,1222.4,1222.5,1221.6,1222.5,259
2026-03-25 13:22:00,1222.5,1223.2,1222.0,1223.2,611
2026-03-25 13:23:00,1223.2,1223.8,1222.3,1223.8,189
2026-03-25 13:24:00,1223.8,1224.9,1223.6,1224.1,1138
2026-03-25 13:25:00,1224.1,1224.3,1223.0,1224.3,654
2026-03-25 13:26:00,1224.3,1225.0,1224.3,1225.0,178
2026-03-25 13:27:00,1225.0,1225.8,1222.1,1222.3,1269
2026-03-25 13:28:00,1222.3,1223.3,1222.3,1223.3,274
2026-03-25 13:29:00,1223.3,1223.3,1221.8,1222.8,471
2026-03-25 13:30:00,1222.8,1222.8,1222.1,1222.5,27
2026-03-25 13:31:00,1222.5,1222.5,1220.7,1222.3,618
2026-03-25 13:32:00,1222.3,1223.0,1221.7,1222.4,2521
2026-03-25 13:33:00,1222.4,1222.9,1221.7,1222.0,1073
2026-03-25 13:34:00,1222.1,1224.2,1222.0,1223.7,458
2026-03-25 13:35:00,1223.7,1224.1,1223.1,1223.8,678
2026-03-25 13:36:00,1223.8,1224.3,1223.6,1224.3,604
2026-03-25 13:37:00,1224.3,1229.6,1224.2,1229.3,4384
2026-03-25 13:38:00,1229.3,1229.3,1228.3,1228.3,837
2026-03-25 13:39:00,1228.3,1228.3,1226.8,1227.5,482
2026-03-25 13:40:00,1227.5,1228.0,1227.1,1227.8,574
2026-03-25 13:41:00,1227.8,1228.8,1227.6,1228.8,204
2026-03-25 13:42:00,1228.5,1229.6,1228.4,1229.5,2444
2026-03-25 13:43:00,1228.7,1229.4,1228.7,1228.7,558
2026-03-25 13:44:00,1229.2,1229.2,1228.6,1229.1,947
2026-03-25 13:45:00,1229.1,1229.1,1227.7,1228.4,976
2026-03-25 13:46:00,1228.4,1229.3,1227.8,1229.2,1772
2026-03-25 13:47:00,1229.2,1229.7,1228.6,1229.6,1701
2026-03-25 13:48:00,1229.6,1230.8,1228.5,1228.6,2928
2026-03-25 13:49:00,1228.6,1229.0,1227.6,1228.1,1012
2026-03-25 13:50:00,1228.1,1228.8,1227.5,1228.8,457
2026-03-25 13:51:00,1228.8,1230.6,1228.8,1230.2,1894
2026-03-25 13:52:00,1230.2,1230.2,1229.1,1229.2,668
2026-03-25 13:53:00,1229.2,1229.4,1228.2,1229.0,690
2026-03-25 13:54:00,1228.3,1229.2,1228.3,1229.2,342
2026-03-25 13:55:00,1229.2,1229.7,1228.8,1229.7,423
2026-03-25 13:56:00,1229.7,1231.2,1228.1,1230.5,5761
2026-03-25 13:57:00,1230.5,1232.3,1230.5,1232.3,14504
2026-03-25 13:58:00,1232.0,1232.1,1231.1,1231.6,15018
2026-03-25 13:59:00,1231.6,1231.8,1230.3,1231.0,2929
2026-03-25 14:00:00,1231.0,1236.0,1230.8,1236.0,9739
2026-03-25 14:01:00,1236.0,1236.0,1235.5,1235.5,1325
2026-03-25 14:02:00,1235.5,1235.5,1232.8,1233.3,1040
2026-03-25 14:03:00,1232.7,1233.4,1232.1,1232.6,878
2026-03-25 14:04:00,1232.5,1232.5,1232.0,1232.5,438
2026-03-25 14:05:00,1232.5,1232.5,1231.2,1231.7,116
2026-03-25 14:06:00,1231.7,1231.8,1229.5,1229.9,1221
2026-03-25 14:07:00,1229.9,1230.2,1229.1,1229.5,856
2026-03-25 14:08:00,1229.5,1230.4,1229.5,1230.4,215
2026-03-25 14:09:00,1230.4,1230.7,1229.9,1230.7,701
2026-03-25 14:10:00,1230.7,1230.8,1230.2,1230.5,1391
2026-03-25 14:11:00,1230.5,1230.5,1229.1,1229.9,2022
2026-03-25 14:12:00,1229.9,1230.4,1229.5,1229.9,587
2026-03-25 14:13:00,1229.9,1229.9,1228.6,1229.2,657
2026-03-25 14:14:00,1229.2,1229.2,1227.2,1227.2,1501
2026-03-25 14:15:00,1227.2,1227.2,1225.4,1227.0,2385
2026-03-25 14:16:00,1227.2,1227.7,1226.4,1226.9,3179
2026-03-25 14:17:00,1226.9,1227.6,1226.1,1227.6,1518
2026-03-25 14:18:00,1227.6,1227.6,1225.2,1225.7,739
2026-03-25 14:19:00,1225.7,1225.8,1225.3,1225.7,1318
2026-03-25 14:20:00,1225.2,1225.2,1220.2,1221.7,5920
2026-03-25 14:21:00,1221.7,1221.7,1220.5,1220.9,872
2026-03-25 14:22:00,1220.9,1221.0,1220.4,1220.7,591
2026-03-25 14:23:00,1220.7,1221.2,1218.8,1218.8,2605
2026-03-25 14:24:00,1219.9,1219.9,1218.6,1219.0,658
2026-03-25 14:25:00,1219.0,1219.9,1219.0,1219.9,540
2026-03-25 14:26:00,1219.9,1219.9,1219.3,1219.9,1414
2026-03-25 14:27:00,1219.9,1220.3,1219.3,1220.3,1476
2026-03-25 14:28:00,1220.3,1220.6,1219.9,1220.6,633
2026-03-25 14:29:00,1220.9,1222.4,1220.7,1221.8,1319
2026-03-25 14:30:00,1221.8,1221.8,1220.4,1220.4,505
2026-03-25 14:31:00,1220.4,1221.3,1220.1,1221.3,301
2026-03-25 14:32:00,1221.3,1221.3,1220.3,1220.4,819
2026-03-25 14:33:00,1220.4,1221.7,1220.4,1221.3,1128
2026-03-25 14:34:00,1221.3,1221.9,1220.0,1220.9,3367
2026-03-25 14:35:00,1220.9,1220.9,1220.4,1220.7,408
2026-03-25 14:36:00,1220.7,1221.1,1220.7,1220.7,532
2026-03-25 14:37:00,1220.7,1220.7,1220.1,1220.4,241
2026-03-25 14:38:00,1220.8,1221.0,1220.0,1220.6,1840
2026-03-25 14:39:00,1221.0,1221.6,1220.6,1221.6,579
2026-03-25 14:40:00,1221.6,1222.2,1220.9,1222.1,4685
2026-03-25 14:41:00,1222.1,1222.2,1221.2,1221.5,712
2026-03-25 14:42:00,1221.5,1221.7,1221.4,1221.6,61
2026-03-25 14:43:00,1221.6,1222.1,1221.5,1221.8,790
2026-03-25 14:44:00,1221.3,1221.9,1221.1,1221.5,168
2026-03-25 14:45:00,1221.7,1221.7,1220.7,1220.7,469
2026-03-25 14:46:00,1220.7,1220.7,1220.0,1220.1,3564
2026-03-25 14:47:00,1220.1,1221.0,1220.0,1221.0,8786
2026-03-25 14:48:00,1221.0,1225.1,1220.3,1224.9,6828
2026-03-25 14:49:00,1225.2,1225.8,1224.5,1225.2,5274
2026-03-25 14:50:00,1225.6,1226.0,1223.9,1223.9,4947
2026-03-25 14:51:00,1224.2,1224.8,1223.5,1223.7,3412
2026-03-25 14:52:00,1225.0,1225.0,1223.4,1224.1,3866
2026-03-25 14:53:00,1224.6,1224.6,1222.0,1222.0,5470
2026-03-25 14:54:00,1222.7,1223.7,1221.9,1223.3,6984
2026-03-25 14:55:00,1223.5,1225.0,1223.0,1225.0,5316
2026-03-25 14:56:00,1225.2,1225.2,1223.9,1223.9,5055
2026-03-25 14:57:00,1225.1,1225.9,1224.4,1224.9,5004
2026-03-25 14:58:00,1225.8,1226.9,1225.0,1226.0,5107
2026-03-25 14:59:00,1226.5,1226.8,1226.0,1226.4,4594
2026-03-25 15:00:00,1227.2,1227.2,1224.4,1225.6,10267
2026-03-25 15:01:00,1225.5,1226.0,1224.3,1225.4,4652
2026-03-25 15:02:00,1225.6,1228.3,1225.0,1227.0,9203
2026-03-25 15:03:00,1226.1,1227.3,1225.8,1226.5,5817
2026-03-25 15:04:00,1226.5,1226.8,1225.2,1226.3,4822
2026-03-25 15:05:00,1226.0,1226.3,1224.9,1225.8,5043
2026-03-25 15:06:00,1226.5,1226.5,1224.9,1225.9,5210
2026-03-25 15:07:00,1226.0,1226.7,1225.0,1225.5,4081
2026-03-25 15:08:00,1225.3,1225.6,1224.6,1224.9,5985
2026-03-25 15:09:00,1224.9,1225.6,1224.7,1225.6,4528
2026-03-25 15:10:00,1225.6,1225.9,1224.8,1225.8,7207
2026-03-25 15:11:00,1225.9,1229.8,1225.9,1228.7,7678
2026-03-25 15:12:00,1229.6,1229.7,1228.2,1228.2,5664
2026-03-25 15:13:00,1228.1,1229.2,1227.6,1228.7,5196
2026-03-25 15:14:00,1229.1,1229.4,1228.5,1228.5,3422
2026-03-25 15:15:00,1228.1,1228.8,1227.1,1227.9,6767
2026-03-25 15:16:00,1227.9,1228.0,1227.1,1227.6,6337
2026-03-25 15:17:00,1227.6,1227.6,1226.9,1227.3,4253
2026-03-25 15:18:00,1227.5,1227.5,1226.0,1226.0,4696
2026-03-25 15:19:00,1226.8,1226.8,1226.0,1226.5,4159
2026-03-25 15:20:00,1226.3,1227.5,1226.3,1227.0,7054
2026-03-25 15:21:00,1227.0,1229.0,1226.1,1228.8,7567
2026-03-25 15:22:00,1228.8,1229.2,1228.0,1228.9,3972
2026-03-25 15:23:00,1229.3,1231.3,1228.8,1230.8,5280
2026-03-25 15:24:00,1231.3,1232.5,1229.7,1232.4,7767
2026-03-25 15:25:00,1233.0,1235.0,1232.4,1232.5,7508
2026-03-25 15:26:00,1232.5,1234.8,1232.5,1233.7,5111
2026-03-25 15:27:00,1233.8,1234.6,1232.4,1234.2,5282
2026-03-25 15:28:00,1234.6,1234.6,1229.7,1230.1,8923
2026-03-25 15:29:00,1230.1,1234.0,1220.0,1234.0,1262
2026-03-27 09:15:00,1224.0,1227.0,1195.2,1206.9,10699
2026-03-27 09:16:00,1206.7,1206.7,1203.0,1204.5,10536
2026-03-27 09:17:00,1204.5,1205.9,1197.0,1197.0,4644
2026-03-27 09:18:00,1195.5,1197.9,1194.0,1195.1,4331
2026-03-27 09:19:00,1195.0,1198.3,1195.0,1197.5,910
2026-03-27 09:20:00,1196.9,1202.1,1195.9,1201.1,2511
2026-03-27 09:21:00,1201.1,1205.0,1200.6,1205.0,2547
2026-03-27 09:22:00,1205.0,1208.0,1204.3,1204.8,3146
2026-03-27 09:23:00,1205.3,1206.9,1204.3,1205.9,1434
2026-03-27 09:24:00,1205.9,1205.9,1204.0,1204.3,620
2026-03-27 09:25:00,1204.3,1205.8,1203.4,1205.1,1201
2026-03-27 09:26:00,1205.1,1205.7,1202.5,1203.0,1296
2026-03-27 09:27:00,1203.0,1203.5,1202.0,1203.5,1233
2026-03-27 09:28:00,1203.7,1204.2,1202.1,1203.5,1230
2026-03-27 09:29:00,1203.5,1203.5,1202.0,1203.2,560
2026-03-27 09:30:00,1203.2,1203.2,1199.2,1201.0,5425
2026-03-27 09:31:00,1201.0,1201.0,1198.0,1200.1,2110
2026-03-27 09:32:00,1200.1,1202.2,1200.1,1200.6,1842
2026-03-27 09:33:00,1200.6,1201.5,1199.1,1199.6,2190
2026-03-27 09:34:00,1199.6,1199.7,1197.3,1197.3,1051
2026-03-27 09:35:00,1197.3,1198.5,1196.5,1197.7,2667
2026-03-27 09:36:00,1197.7,1199.3,1196.6,1196.9,671
2026-03-27 09:37:00,1196.9,1197.8,1193.2,1194.1,3680
2026-03-27 09:38:00,1194.1,1194.3,1192.5,1192.8,4512
2026-03-27 09:39:00,1192.8,1197.2,1191.2,1196.7,28574
2026-03-27 09:40:00,1198.0,1200.8,1198.0,1200.8,30827
2026-03-27 09:41:00,1200.6,1201.9,1200.2,1201.9,1037
2026-03-27 09:42:00,1201.9,1202.8,1195.9,1196.4,20096
2026-03-27 09:43:00,1196.6,1197.1,1191.7,1193.3,52184
2026-03-27 09:44:00,1193.3,1195.3,1192.7,1193.6,3973
2026-03-27 09:45:00,1193.6,1193.6,1191.0,1191.3,2007
2026-03-27 09:46:00,1190.6,1191.8,1190.1,1191.8,1145
2026-03-27 09:47:00,1191.8,1191.8,1188.1,1190.1,12527
2026-03-27 09:48:00,1189.7,1190.0,1185.3,1186.7,88997
2026-03-27 09:49:00,1187.3,1188.5,1186.6,1188.0,3962
2026-03-27 09:50:00,1188.0,1188.2,1184.7,1185.5,2977
2026-03-27 09:51:00,1185.2,1186.1,1183.1,1185.7,14616
2026-03-27 09:52:00,1185.7,1185.7,1177.8,1182.6,28360
2026-03-27 09:53:00,1182.6,1182.6,1179.4,1182.1,14058
2026-03-27 09:54:00,1182.6,1184.1,1181.8,1182.9,5465
2026-03-27 09:55:00,1181.4,1181.5,1180.5,1180.7,1291
2026-03-27 09:56:00,1180.7,1181.4,1179.0,1179.0,1470
2026-03-27 09:57:00,1178.5,1179.8,1177.5,1179.0,4581
2026-03-27 09:58:00,1179.0,1179.4,1176.7,1176.7,8069
2026-03-27 09:59:00,1178.7,1182.0,1178.7,1181.6,3325
2026-03-27 10:00:00,1180.9,1181.1,1179.3,1181.1,1556
2026-03-27 10:01:00,1181.1,1181.1,1179.7,1180.6,582
2026-03-27 10:02:00,1179.5,1179.8,1178.6,1179.6,1713
2026-03-27 10:03:00,1180.1,1182.6,1179.3,1180.3,3567
2026-03-27 10:04:00,1179.9,1180.0,1178.9,1179.4,934
2026-03-27 10:05:00,1179.4,1181.6,1179.2,1180.9,735
2026-03-27 10:06:00,1180.6,1181.2,1179.7,1180.2,700
2026-03-27 10:07:00,1180.3,1180.9,1180.0,1180.4,763
2026-03-27 10:08:00,1180.3,1180.3,1180.0,1180.1,1483
2026-03-27 10:09:00,1180.1,1180.7,1178.6,1179.7,1177
2026-03-27 10:10:00,1179.6,1179.6,1178.5,1178.7,1496
2026-03-27 10:11:00,1178.5,1179.7,1178.5,1179.2,4132
2026-03-27 10:12:00,1179.0,1180.0,1178.2,1179.5,1439
2026-03-27 10:13:00,1179.5,1179.7,1178.8,1179.2,2186
2026-03-27 10:14:00,1178.6,1179.5,1178.0,1178.1,1546
2026-03-27 10:15:00,1178.1,1179.6,1178.1,1178.9,2370
2026-03-27 10:16:00,1179.5,1180.2,1178.7,1180.2,2278
2026-03-27 10:17:00,1180.2,1180.5,1179.3,1179.4,251
2026-03-27 10:18:00,1179.3,1179.9,1178.2,1179.2,3001
2026-03-27 10:19:00,1179.2,1179.8,1178.4,1178.6,2374
2026-03-27 10:20:00,1178.6,1178.7,1177.5,1178.3,2278
2026-03-27 10:21:00,1178.0,1178.8,1177.6,1177.6,2934
2026-03-27 10:22:00,1176.1,1176.9,1175.4,1176.6,5877
2026-03-27 10:23:00,1176.0,1176.8,1175.0,1175.0,5573
2026-03-27 10:24:00,1174.7,1176.1,1173.0,1175.1,9189
2026-03-27 10:25:00,1175.1,1176.6,1175.1,1176.2,3379
2026-03-27 10:26:00,1176.4,1176.7,1175.1,1175.2,3054
2026-03-27 10:27:00,1175.2,1176.0,1175.2,1176.0,349
2026-03-27 10:28:00,1176.0,1176.8,1176.0,1176.7,429
2026-03-27 10:29:00,1176.7,1179.2,1176.6,1179.2,1343
2026-03-27 10:30:00,1178.6,1179.0,1177.4,1179.0,641
2026-03-27 10:31:00,1179.0,1179.2,1177.5,1179.2,5229
2026-03-27 10:32:00,1179.2,1179.9,1178.3,1178.9,962
2026-03-27 10:33:00,1178.9,1179.9,1177.1,1177.1,755
2026-03-27 10:34:00,1177.1,1177.1,1174.5,1175.8,1693
2026-03-27 10:35:00,1175.7,1175.7,1173.9,1174.6,2952
2026-03-27 10:36:00,1174.0,1175.5,1173.7,1173.9,1924
2026-03-27 10:37:00,1173.9,1174.9,1173.6,1174.9,2580
2026-03-27 10:38:00,1174.9,1176.7,1174.7,1176.7,478
2026-03-27 10:39:00,1176.7,1177.0,1175.0,1177.0,773
2026-03-27 10:40:00,1177.0,1177.0,1176.0,1176.2,1411
2026-03-27 10:41:00,1176.2,1176.3,1175.3,1176.2,603
2026-03-27 10:42:00,1176.0,1176.9,1176.0,1176.8,1408
2026-03-27 10:43:00,1176.3,1180.9,1176.3,1180.5,3959
2026-03-27 10:44:00,1178.1,1179.1,1177.5,1178.2,2812
2026-03-27 10:45:00,1178.2,1178.6,1176.8,1178.0,2566
2026-03-27 10:46:00,1178.0,1178.0,1177.2,1177.3,147
2026-03-27 10:47:00,1177.3,1178.5,1177.3,1177.7,1726
2026-03-27 10:48:00,1177.7,1177.7,1176.9,1176.9,289
2026-03-27 10:49:00,1176.3,1177.3,1176.3,1176.9,1017
2026-03-27 10:50:00,1177.5,1177.5,1175.6,1176.9,5071
2026-03-27 10:51:00,1176.9,1177.5,1175.3,1175.3,1141
2026-03-27 10:52:00,1175.1,1176.9,1175.1,1176.9,505
2026-03-27 10:53:00,1176.9,1177.0,1175.6,1175.6,1067
2026-03-27 10:54:00,1175.6,1175.8,1173.2,1173.3,1617
2026-03-27 10:55:00,1173.7,1174.5,1173.1,1174.5,866
2026-03-27 10:56:00,1173.8,1175.1,1173.8,1174.9,444
2026-03-27 10:57:00,1174.9,1176.1,1174.5,1175.3,631
2026-03-27 10:58:00,1175.3,1175.5,1175.2,1175.5,82
2026-03-27 10:59:00,1175.5,1175.5,1173.0,1173.0,1403
2026-03-27 11:00:00,1173.0,1173.9,1172.0,1173.3,2570
2026-03-27 11:01:00,1173.2,1174.4,1173.2,1174.4,378
2026-03-27 11:02:00,1174.4,1174.5,1173.3,1173.3,327
2026-03-27 11:03:00,1173.0,1173.3,1171.5,1172.0,3336
2026-03-27 11:04:00,1171.5,1172.1,1171.3,1172.0,1161
2026-03-27 11:05:00,1172.0,1173.0,1171.9,1172.6,7527
2026-03-27 11:06:00,1172.6,1173.4,1172.1,1173.2,805
2026-03-27 11:07:00,1173.2,1173.2,1172.6,1173.2,302
2026-03-27 11:08:00,1173.2,1173.8,1172.8,1173.8,1672
2026-03-27 11:09:00,1173.8,1176.6,1173.5,1176.6,599
2026-03-27 11:10:00,1176.6,1177.6,1175.8,1175.9,1301
2026-03-27 11:11:00,1175.9,1177.0,1175.9,1176.9,209
2026-03-27 11:12:00,1176.9,1176.9,1174.3,1174.7,1188
2026-03-27 11:13:00,1174.3,1176.0,1174.3,1175.7,618
2026-03-27 11:14:00,1175.7,1175.8,1174.3,1174.9,501
2026-03-27 11:15:00,1174.9,1175.0,1173.5,1174.8,497
2026-03-27 11:16:00,1174.8,1174.8,1174.2,1174.8,67
2026-03-27 11:17:00,1174.8,1175.8,1174.1,1174.1,1260
2026-03-27 11:18:00,1174.7,1174.7,1173.9,1174.6,1080
2026-03-27 11:19:00,1174.6,1174.6,1173.1,1173.1,2600
2026-03-27 11:20:00,1173.1,1173.5,1173.0,1173.3,168
2026-03-27 11:21:00,1173.3,1174.2,1172.8,1172.8,389
2026-03-27 11:22:00,1172.8,1173.7,1172.6,1173.0,1515
2026-03-27 11:23:00,1173.0,1173.3,1172.6,1172.6,419
2026-03-27 11:24:00,1172.6,1172.6,1171.9,1172.0,256
2026-03-27 11:25:00,1172.0,1172.0,1170.5,1171.2,1153
2026-03-27 11:26:00,1171.0,1171.0,1170.1,1170.8,1466
2026-03-27 11:27:00,1170.0,1171.2,1169.0,1169.7,5878
2026-03-27 11:28:00,1169.3,1170.0,1168.3,1169.0,2029
2026-03-27 11:29:00,1169.0,1169.9,1168.5,1169.9,869
2026-03-27 11:30:00,1169.9,1170.5,1169.0,1169.7,2051
2026-03-27 11:31:00,1170.0,1170.3,1169.7,1169.8,305
2026-03-27 11:32:00,1169.8,1170.0,1169.1,1170.0,1936
2026-03-27 11:33:00,1170.5,1172.0,1170.3,1170.7,1148
2026-03-27 11:34:00,1170.7,1172.0,1170.7,1171.5,3170
2026-03-27 11:35:00,1171.5,1173.1,1171.5,1173.1,539
2026-03-27 11:36:00,1173.0,1173.7,1172.6,1173.4,436
2026-03-27 11:37:00,1173.4,1174.1,1173.2,1173.6,686
2026-03-27 11:38:00,1173.6,1173.6,1172.5,1172.5,364
2026-03-27 11:39:00,1173.0,1173.0,1172.0,1172.2,478
2026-03-27 11:40:00,1172.0,1172.0,1170.8,1170.8,812
2026-03-27 11:41:00,1171.4,1171.4,1170.3,1170.3,163
2026-03-27 11:42:00,1170.3,1170.5,1169.6,1170.5,712
2026-03-27 11:43:00,1170.5,1172.8,1170.4,1172.3,1296
2026-03-27 11:44:00,1172.3,1173.0,1172.2,1172.9,743
2026-03-27 11:45:00,1172.9,1173.0,1172.9,1173.0,163
2026-03-27 11:46:00,1173.0,1173.7,1172.8,1173.6,688
2026-03-27 11:47:00,1173.6,1173.6,1172.5,1172.8,488
2026-03-27 11:48:00,1171.1,1172.0,1170.9,1171.0,75
2026-03-27 11:49:00,1171.0,1171.6,1170.5,1171.6,141
2026-03-27 11:50:00,1171.8,1171.9,1171.1,1171.5,85
2026-03-27 11:51:00,1171.5,1172.5,1171.5,1172.2,552
2026-03-27 11:52:00,1172.1,1172.1,1171.1,1171.7,396
2026-03-27 11:53:00,1171.7,1172.6,1171.6,1172.6,162
2026-03-27 11:54:00,1172.6,1176.0,1172.3,1176.0,20892
2026-03-27 11:55:00,1176.8,1177.2,1173.4,1174.8,7961
2026-03-27 11:56:00,1174.8,1174.8,1172.2,1173.4,673
2026-03-27 11:57:00,1173.5,1174.2,1173.0,1173.8,292
2026-03-27 11:58:00,1173.8,1173.9,1173.4,1173.9,56
2026-03-27 11:59:00,1173.9,1173.9,1173.0,1173.5,829
2026-03-27 12:00:00,1173.5,1173.5,1172.1,1172.4,186
2026-03-27 12:01:00,1172.4,1172.8,1172.2,1172.8,40
2026-03-27 12:02:00,1172.8,1173.2,1171.2,1173.2,3650
2026-03-27 12:03:00,1173.2,1173.6,1172.5,1173.3,767
2026-03-27 12:04:00,1173.2,1174.0,1172.6,1173.6,1133
2026-03-27 12:05:00,1173.6,1173.6,1172.5,1173.4,1689
2026-03-27 12:06:00,1173.4,1173.7,1172.5,1173.4,942
2026-03-27 12:07:00,1173.6,1174.8,1172.5,1173.6,1978
2026-03-27 12:08:00,1173.6,1174.2,1173.6,1174.1,78
2026-03-27 12:09:00,1174.1,1174.2,1173.0,1173.5,225
2026-03-27 12:10:00,1173.5,1173.6,1173.5,1173.6,99
2026-03-27 12:11:00,1173.6,1173.6,1172.5,1173.0,242
2026-03-27 12:12:00,1173.0,1175.6,1173.0,1175.2,323
2026-03-27 12:13:00,1175.2,1175.5,1174.3,1174.3,1275
2026-03-27 12:14:00,1174.6,1174.7,1173.5,1174.7,421
2026-03-27 12:15:00,1174.7,1174.7,1173.7,1174.0,291
2026-03-27 12:16:00,1174.0,1174.0,1173.5,1174.0,239
2026-03-27 12:17:00,1174.0,1174.0,1170.1,1171.8,2948
2026-03-27 12:18:00,1171.8,1173.5,1171.2,1171.5,2373
2026-03-27 12:19:00,1171.5,1171.7,1171.1,1171.4,41
2026-03-27 12:20:00,1171.4,1171.4,1170.9,1170.9,2326
2026-03-27 12:21:00,1170.3,1171.4,1170.3,1171.4,1367
2026-03-27 12:22:00,1172.0,1172.6,1172.0,1172.4,97
2026-03-27 12:23:00,1172.4,1172.5,1170.8,1171.5,857
2026-03-27 12:24:00,1171.5,1172.6,1171.3,1172.6,1401
2026-03-27 12:25:00,1172.3,1173.3,1172.3,1173.2,77
2026-03-27 12:26:00,1173.2,1173.7,1172.1,1173.7,897
2026-03-27 12:27:00,1173.2,1174.7,1173.1,1174.7,1625
2026-03-27 12:28:00,1174.6,1174.6,1173.3,1173.7,2636
2026-03-27 12:29:00,1173.7,1175.7,1173.5,1175.0,11543
2026-03-27 12:30:00,1175.0,1175.7,1174.1,1175.7,435
2026-03-27 12:31:00,1175.7,1175.7,1174.3,1175.0,3143
2026-03-27 12:32:00,1175.0,1175.2,1173.8,1174.0,321
2026-03-27 12:33:00,1174.0,1176.2,1174.0,1176.1,5963
2026-03-27 12:34:00,1175.5,1176.1,1175.5,1175.7,204
2026-03-27 12:35:00,1175.7,1176.8,1175.1,1176.8,2164
2026-03-27 12:36:00,1177.1,1178.9,1176.3,1176.8,16503
2026-03-27 12:37:00,1176.8,1177.3,1176.5,1176.5,568
2026-03-27 12:38:00,1176.6,1176.6,1175.0,1175.5,746
2026-03-27 12:39:00,1175.5,1175.5,1174.2,1175.3,9322
2026-03-27 12:40:00,1175.4,1175.9,1174.7,1175.6,2792
2026-03-27 12:41:00,1175.6,1176.6,1175.2,1176.6,748
2026-03-27 12:42:00,1176.6,1179.1,1176.0,1178.9,7482
2026-03-27 12:43:00,1179.4,1179.4,1177.6,1178.3,2168
2026-03-27 12:44:00,1178.3,1178.9,1177.8,1178.9,1306
2026-03-27 12:45:00,1178.9,1179.0,1177.7,1178.1,217
2026-03-27 12:46:00,1178.1,1178.1,1176.1,1176.7,1732
2026-03-27 12:47:00,1176.7,1178.2,1176.7,1178.1,397
2026-03-27 12:48:00,1178.1,1178.1,1178.1,1178.1,54
2026-03-27 12:49:00,1178.2,1178.9,1178.0,1178.0,1114
2026-03-27 12:50:00,1178.0,1181.0,1178.0,1180.9,2593
2026-03-27 12:51:00,1180.9,1181.0,1179.4,1180.5,959
2026-03-27 12:52:00,1180.5,1180.6,1179.3,1179.3,1305
2026-03-27 12:53:00,1179.3,1179.7,1178.4,1179.7,1157
2026-03-27 12:54:00,1179.4,1180.9,1179.4,1180.7,663
2026-03-27 12:55:00,1180.7,1180.9,1180.0,1180.7,402
2026-03-27 12:56:00,1180.7,1181.7,1180.5,1181.5,2501
2026-03-27 12:57:00,1181.5,1181.5,1180.0,1181.0,511
2026-03-27 12:58:00,1181.0,1181.0,1179.6,1180.8,675
2026-03-27 12:59:00,1180.8,1181.0,1178.3,1179.0,2083
2026-03-27 13:00:00,1179.0,1179.8,1178.7,1179.8,123
2026-03-27 13:01:00,1179.8,1179.8,1179.5,1179.5,157
2026-03-27 13:02:00,1179.5,1180.0,1179.4,1179.4,980
2026-03-27 13:03:00,1179.4,1180.2,1178.2,1179.6,1680
2026-03-27 13:04:00,1179.6,1180.2,1178.5,1179.1,882
2026-03-27 13:05:00,1179.2,1179.6,1178.3,1179.5,1851
2026-03-27 13:06:00,1179.5,1179.8,1178.1,1178.1,1086
2026-03-27 13:07:00,1178.1,1178.9,1177.7,1178.2,320
2026-03-27 13:08:00,1178.2,1179.3,1178.0,1179.2,764
2026-03-27 13:09:00,1179.2,1179.2,1177.9,1178.4,513
2026-03-27 13:10:00,1178.4,1178.4,1177.9,1178.4,342
2026-03-27 13:11:00,1178.4,1178.4,1177.7,1178.1,2275
2026-03-27 13:12:00,1178.1,1179.3,1177.6,1178.9,1577
2026-03-27 13:13:00,1178.9,1180.4,1178.8,1180.4,2367
2026-03-27 13:14:00,1180.4,1180.9,1179.3,1180.9,492
2026-03-27 13:15:00,1180.9,1181.2,1180.0,1180.5,242
2026-03-27 13:16:00,1180.5,1184.4,1180.1,1184.0,3360
2026-03-27 13:17:00,1184.0,1187.4,1184.0,1184.3,4056
2026-03-27 13:18:00,1184.3,1184.4,1182.7,1183.1,310
2026-03-27 13:19:00,1183.1,1183.1,1181.1,1182.3,59
2026-03-27 13:20:00,1182.3,1182.3,1180.9,1181.6,158
2026-03-27 13:21:00,1181.6,1181.6,1180.9,1181.3,1576
2026-03-27 13:22:00,1181.3,1181.8,1181.0,1181.6,260
2026-03-27 13:23:00,1181.6,1182.8,1181.5,1182.8,1057
2026-03-27 13:24:00,1182.8,1182.8,1182.8,1182.8,58
2026-03-27 13:25:00,1182.8,1183.6,1182.8,1183.5,281
2026-03-27 13:26:00,1183.5,1183.5,1182.8,1183.5,208
2026-03-27 13:27:00,1183.5,1183.5,1182.5,1183.0,483
2026-03-27 13:28:00,1183.0,1183.5,1182.4,1183.0,414
2026-03-27 13:29:00,1183.0,1183.0,1179.2,1179.6,701
2026-03-27 13:30:00,1179.6,1179.6,1178.3,1179.4,1644
2026-03-27 13:31:00,1179.4,1181.9,1178.2,1181.3,2380
2026-03-27 13:32:00,1181.6,1182.1,1180.7,1181.4,2451
2026-03-27 13:33:00,1181.4,1181.9,1180.1,1181.6,328
2026-03-27 13:34:00,1181.6,1181.9,1180.9,1181.2,104
2026-03-27 13:35:00,1181.2,1181.2,1180.9,1181.2,701
2026-03-27 13:36:00,1181.2,1182.6,1181.0,1181.9,267
2026-03-27 13:37:00,1182.1,1183.8,1180.5,1180.8,5037
2026-03-27 13:38:00,1180.8,1181.5,1180.3,1181.0,167
2026-03-27 13:39:00,1180.5,1181.5,1179.9,1179.9,1703
2026-03-27 13:40:00,1179.9,1180.0,1178.5,1180.0,880
2026-03-27 13:41:00,1180.0,1180.0,1178.7,1180.0,388
2026-03-27 13:42:00,1180.0,1181.7,1179.0,1181.7,907
2026-03-27 13:43:00,1180.9,1181.8,1180.1,1181.0,1121
2026-03-27 13:44:00,1181.0,1181.0,1180.2,1180.9,351
2026-03-27 13:45:00,1181.3,1182.8,1181.3,1182.5,945
2026-03-27 13:46:00,1182.5,1182.5,1181.0,1181.3,228
2026-03-27 13:47:00,1181.3,1181.7,1180.6,1181.3,201
2026-03-27 13:48:00,1180.9,1181.9,1180.9,1181.7,179
2026-03-27 13:49:00,1181.7,1181.7,1181.4,1181.5,265
2026-03-27 13:50:00,1181.0,1181.5,1180.4,1181.0,524
2026-03-27 13:51:00,1181.0,1182.0,1180.2,1181.3,388
2026-03-27 13:52:00,1180.9,1181.4,1180.3,1180.7,102
2026-03-27 13:53:00,1180.7,1181.0,1180.2,1180.6,724
2026-03-27 13:54:00,1180.5,1180.8,1180.5,1180.8,77
2026-03-27 13:55:00,1180.8,1181.6,1180.2,1180.5,1389
2026-03-27 13:56:00,1180.0,1180.0,1178.0,1179.3,1412
2026-03-27 13:57:00,1179.3,1180.1,1178.7,1179.4,322
2026-03-27 13:58:00,1179.4,1179.5,1178.4,1178.4,129
2026-03-27 13:59:00,1178.4,1179.2,1177.4,1178.8,415
2026-03-27 14:00:00,1178.8,1178.8,1178.0,1178.4,136
2026-03-27 14:01:00,1178.4,1178.4,1177.5,1178.1,325
2026-03-27 14:02:00,1178.0,1179.8,1178.0,1179.6,1058
2026-03-27 14:03:00,1179.6,1179.6,1178.0,1178.6,644
2026-03-27 14:04:00,1178.6,1178.6,1178.0,1178.4,167
2026-03-27 14:05:00,1178.0,1179.5,1178.0,1178.6,1241
2026-03-27 14:06:00,1178.2,1178.4,1176.6,1176.6,1286
2026-03-27 14:07:00,1177.2,1178.8,1176.7,1178.1,1363
2026-03-27 14:08:00,1177.5,1178.4,1177.5,1178.4,872
2026-03-27 14:09:00,1178.4,1180.0,1178.4,1180.0,1804
2026-03-27 14:10:00,1180.0,1180.0,1176.3,1177.3,1266
2026-03-27 14:11:00,1177.3,1177.3,1176.5,1177.3,494
2026-03-27 14:12:00,1177.4,1179.0,1177.4,1178.9,2281
2026-03-27 14:13:00,1178.9,1180.0,1178.7,1179.0,689
2026-03-27 14:14:00,1179.0,1179.0,1178.4,1178.4,372
2026-03-27 14:15:00,1178.4,1178.9,1177.7,1178.0,592
2026-03-27 14:16:00,1178.0,1178.0,1177.0,1177.5,295
2026-03-27 14:17:00,1177.5,1177.5,1177.0,1177.4,79
2026-03-27 14:18:00,1177.4,1178.6,1177.0,1178.6,573
2026-03-27 14:19:00,1178.1,1178.1,1176.5,1176.8,2231
2026-03-27 14:20:00,1176.1,1178.3,1176.1,1177.5,3015
2026-03-27 14:21:00,1177.5,1177.5,1176.0,1176.1,710
2026-03-27 14:22:00,1176.1,1177.3,1175.9,1177.3,1940
2026-03-27 14:23:00,1176.3,1177.5,1176.1,1177.4,1120
2026-03-27 14:24:00,1177.0,1177.5,1176.8,1177.3,57
2026-03-27 14:25:00,1177.0,1177.5,1176.9,1177.5,603
2026-03-27 14:26:00,1177.5,1177.5,1174.0,1174.8,2702
2026-03-27 14:27:00,1174.8,1175.0,1173.0,1173.2,6431
2026-03-27 14:28:00,1173.7,1174.1,1172.6,1173.8,1806
2026-03-27 14:29:00,1173.8,1174.0,1172.8,1172.8,288
2026-03-27 14:30:00,1172.5,1173.3,1171.8,1172.6,2324
2026-03-27 14:31:00,1172.6,1172.6,1171.6,1172.3,203
2026-03-27 14:32:00,1172.3,1172.3,1170.4,1170.9,1498
2026-03-27 14:33:00,1170.9,1172.0,1170.9,1172.0,790
2026-03-27 14:34:00,1172.0,1172.0,1170.7,1171.6,2249
2026-03-27 14:35:00,1171.7,1173.5,1171.4,1172.3,4102
2026-03-27 14:36:00,1172.3,1173.3,1171.7,1172.6,3362
2026-03-27 14:37:00,1172.6,1172.8,1172.0,1172.7,170
2026-03-27 14:38:00,1172.7,1177.3,1172.7,1177.0,20259
2026-03-27 14:39:00,1177.0,1178.2,1176.0,1178.2,2645
2026-03-27 14:40:00,1178.0,1178.0,1177.0,1177.2,6945
2026-03-27 14:41:00,1177.9,1178.9,1177.3,1177.8,3916
2026-03-27 14:42:00,1178.3,1179.0,1177.9,1178.4,707
2026-03-27 14:43:00,1178.4,1178.5,1178.2,1178.2,646
2026-03-27 14:44:00,1178.3,1178.3,1176.7,1177.1,1399
2026-03-27 14:45:00,1177.1,1177.6,1176.3,1177.1,13087
2026-03-27 14:46:00,1177.1,1178.0,1176.7,1177.0,1872
2026-03-27 14:47:00,1177.0,1180.1,1176.7,1179.9,23281
2026-03-27 14:48:00,1179.3,1180.9,1179.0,1180.7,5121
2026-03-27 14:49:00,1180.0,1181.2,1179.8,1180.0,3521
2026-03-27 14:50:00,1179.9,1180.2,1179.8,1179.9,3431
2026-03-27 14:51:00,1179.9,1181.5,1179.9,1180.9,4510
2026-03-27 14:52:00,1181.5,1181.6,1180.6,1181.5,3304
2026-03-27 14:53:00,1181.1,1181.2,1180.0,1180.1,7686
2026-03-27 14:54:00,1180.1,1182.3,1179.4,1179.4,22666
2026-03-27 14:55:00,1179.4,1183.7,1178.8,1180.3,47273
2026-03-27 14:56:00,1180.3,1180.8,1178.8,1178.8,2499
2026-03-27 14:57:00,1179.1,1179.2,1175.6,1179.2,15029
2026-03-27 14:58:00,1179.2,1179.2,1175.8,1175.8,4884
2026-03-27 14:59:00,1176.3,1177.2,1175.0,1175.1,5547
2026-03-27 15:00:00,1175.5,1175.5,1170.2,1170.3,14275
2026-03-27 15:01:00,1170.3,1170.5,1167.8,1170.2,10972
2026-03-27 15:02:00,1169.8,1171.7,1169.8,1171.1,5028
2026-03-27 15:03:00,1171.1,1171.2,1170.0,1170.0,3790
2026-03-27 15:04:00,1170.0,1171.1,1169.7,1171.1,3624
2026-03-27 15:05:00,1170.9,1173.8,1170.0,1173.8,12581
2026-03-27 15:06:00,1173.0,1173.9,1173.0,1173.3,4495
2026-03-27 15:07:00,1173.2,1173.4,1173.0,1173.4,10760
2026-03-27 15:08:00,1173.2,1173.9,1173.1,1173.3,3436
2026-03-27 15:09:00,1173.3,1173.8,1173.0,1173.4,3217
2026-03-27 15:10:00,1174.2,1174.7,1173.6,1173.6,3339
2026-03-27 15:11:00,1173.6,1173.6,1173.1,1173.3,3307
2026-03-27 15:12:00,1173.3,1173.4,1173.0,1173.0,6582
2026-03-27 15:13:00,1173.0,1173.1,1173.0,1173.0,3359
2026-03-27 15:14:00,1173.0,1173.2,1173.0,1173.0,3147
2026-03-27 15:15:00,1173.0,1174.5,1173.0,1174.5,6839
2026-03-27 15:16:00,1174.5,1174.6,1173.6,1174.6,6023
2026-03-27 15:17:00,1174.6,1175.5,1174.4,1175.4,4175
2026-03-27 15:18:00,1175.4,1176.0,1175.4,1175.8,8303
2026-03-27 15:19:00,1175.9,1175.9,1173.7,1174.1,8402
2026-03-27 15:20:00,1174.0,1176.4,1174.0,1176.1,6188
2026-03-27 15:21:00,1176.1,1177.9,1176.0,1176.1,8724
2026-03-27 15:22:00,1176.0,1176.0,1171.5,1171.5,19417
2026-03-27 15:23:00,1171.5,1171.9,1171.3,1171.3,3080
2026-03-27 15:24:00,1171.2,1171.3,1170.1,1170.3,5658
2026-03-27 15:25:00,1170.8,1171.8,1169.1,1169.1,9978
2026-03-27 15:26:00,1168.4,1169.0,1168.0,1168.9,3058
2026-03-27 15:27:00,1168.9,1172.0,1168.4,1170.5,24700
2026-03-27 15:28:00,1170.3,1172.2,1170.0,1172.2,8816
2026-03-27 15:29:00,1172.3,1173.8,1172.0,1173.8,3896
2026-03-30 09:15:00,1159.9,1159.9,1149.0,1152.7,13653
2026-03-30 09:16:00,1152.0,1152.6,1150.2,1151.4,14358
2026-03-30 09:17:00,1152.0,1156.0,1152.0,1156.0,9666
2026-03-30 09:18:00,1156.0,1156.3,1153.8,1153.8,6630
2026-03-30 09:19:00,1152.8,1152.8,1149.0,1150.0,4587
2026-03-30 09:20:00,1148.3,1150.7,1147.0,1149.2,3805
2026-03-30 09:21:00,1149.3,1151.7,1149.3,1151.4,6793
2026-03-30 09:22:00,1150.5,1154.4,1150.5,1153.0,1404
2026-03-30 09:23:00,1154.6,1158.2,1153.6,1156.1,10647
2026-03-30 09:24:00,1156.5,1156.8,1153.9,1154.9,2928
2026-03-30 09:25:00,1154.1,1155.1,1152.0,1153.6,2662
2026-03-30 09:26:00,1153.2,1153.6,1149.2,1149.8,5742
2026-03-30 09:27:00,1147.7,1148.7,1145.8,1148.0,8845
2026-03-30 09:28:00,1147.2,1149.6,1146.8,1147.8,1663
2026-03-30 09:29:00,1147.8,1148.4,1147.0,1148.4,3040
2026-03-30 09:30:00,1148.4,1151.1,1148.4,1151.1,1429
2026-03-30 09:31:00,1151.1,1154.2,1151.1,1152.6,3180
2026-03-30 09:32:00,1153.3,1155.0,1153.2,1153.2,8781
2026-03-30 09:33:00,1153.9,1155.8,1153.7,1155.6,1133
2026-03-30 09:34:00,1155.6,1156.0,1154.7,1155.1,596
2026-03-30 09:35:00,1155.5,1155.5,1153.2,1153.2,723
2026-03-30 09:36:00,1153.2,1155.7,1153.2,1155.7,817
2026-03-30 09:37:00,1155.7,1156.5,1155.6,1155.8,939
2026-03-30 09:38:00,1155.9,1156.4,1153.4,1153.4,1334
2026-03-30 09:39:00,1153.3,1154.0,1153.2,1153.6,393
2026-03-30 09:40:00,1154.0,1154.0,1152.4,1153.7,628
2026-03-30 09:41:00,1152.9,1153.9,1152.4,1153.0,175
2026-03-30 09:42:00,1153.8,1153.8,1152.8,1153.7,430
2026-03-30 09:43:00,1153.7,1155.0,1153.5,1155.0,1006
2026-03-30 09:44:00,1155.0,1155.0,1152.6,1153.7,6043
2026-03-30 09:45:00,1153.6,1157.9,1153.6,1157.3,2066
2026-03-30 09:46:00,1157.3,1157.3,1156.0,1156.9,1386
2026-03-30 09:47:00,1155.9,1156.7,1155.9,1156.7,49
2026-03-30 09:48:00,1155.7,1155.7,1153.0,1153.0,1190
2026-03-30 09:49:00,1153.0,1153.8,1153.0,1153.8,847
2026-03-30 09:50:00,1153.0,1153.1,1152.3,1152.9,842
2026-03-30 09:51:00,1152.9,1155.0,1152.9,1154.8,779
2026-03-30 09:52:00,1154.8,1155.5,1152.9,1152.9,359
2026-03-30 09:53:00,1153.0,1153.1,1152.7,1152.8,123
2026-03-30 09:54:00,1152.8,1152.8,1151.2,1151.7,412
2026-03-30 09:55:00,1151.3,1151.3,1149.7,1149.8,2419
2026-03-30 09:56:00,1149.5,1150.3,1149.0,1149.0,272
2026-03-30 09:57:00,1149.0,1149.7,1149.0,1149.6,414
2026-03-30 09:58:00,1149.6,1149.6,1146.0,1146.1,507
2026-03-30 09:59:00,1146.7,1146.7,1146.0,1146.0,642
2026-03-30 10:00:00,1146.0,1146.8,1145.1,1145.6,1445
2026-03-30 10:01:00,1144.5,1145.0,1142.8,1144.0,5200
2026-03-30 10:02:00,1144.1,1145.3,1143.7,1144.8,3768
2026-03-30 10:03:00,1144.8,1146.9,1144.8,1146.9,1723
2026-03-30 10:04:00,1146.9,1146.9,1146.0,1146.7,94
2026-03-30 10:05:00,1146.0,1146.0,1144.3,1145.0,3009
2026-03-30 10:06:00,1145.0,1145.0,1143.0,1143.0,635
2026-03-30 10:07:00,1143.0,1143.0,1140.2,1140.2,2786
2026-03-30 10:08:00,1140.9,1141.2,1140.0,1140.5,1044
2026-03-30 10:09:00,1140.5,1140.5,1137.5,1139.0,3062
2026-03-30 10:10:00,1139.0,1139.9,1137.4,1137.4,2047
2026-03-30 10:11:00,1137.9,1137.9,1135.1,1135.1,4216
2026-03-30 10:12:00,1136.1,1136.5,1133.9,1134.8,9211
2026-03-30 10:13:00,1134.8,1135.0,1133.0,1134.1,6846
2026-03-30 10:14:00,1134.1,1137.4,1134.1,1137.4,1560
2026-03-30 10:15:00,1137.4,1138.9,1136.9,1137.6,2574
2026-03-30 10:16:00,1137.2,1138.1,1136.8,1137.7,968
2026-03-30 10:17:00,1137.7,1137.7,1136.3,1136.3,1086
2026-03-30 10:18:00,1136.3,1136.3,1134.9,1134.9,970
2026-03-30 10:19:00,1134.9,1135.5,1132.3,1133.3,954
2026-03-30 10:20:00,1133.1,1134.0,1131.7,1132.9,3021
2026-03-30 10:21:00,1133.5,1134.7,1132.9,1134.1,3234
2026-03-30 10:22:00,1134.1,1135.3,1130.1,1133.0,11136
2026-03-30 10:23:00,1132.9,1136.2,1132.9,1133.0,6146
2026-03-30 10:24:00,1133.2,1134.9,1132.7,1133.3,956
2026-03-30 10:25:00,1133.3,1133.5,1132.8,1133.5,378
2026-03-30 10:26:00,1133.4,1133.7,1129.2,1130.0,5882
2026-03-30 10:27:00,1130.0,1132.7,1129.7,1131.6,2093
2026-03-30 10:28:00,1131.6,1132.2,1130.6,1131.8,468
2026-03-30 10:29:00,1131.4,1131.4,1130.4,1130.8,593
2026-03-30 10:30:00,1130.4,1130.9,1129.0,1129.9,1730
2026-03-30 10:31:00,1130.1,1131.9,1128.6,1131.6,2936
2026-03-30 10:32:00,1131.3,1133.2,1130.7,1132.2,2051
2026-03-30 10:33:00,1132.6,1133.9,1132.6,1133.9,1097
2026-03-30 10:34:00,1133.9,1136.0,1133.4,1135.4,1696
2026-03-30 10:35:00,1135.4,1137.0,1135.3,1135.7,2681
2026-03-30 10:36:00,1135.6,1136.5,1135.6,1136.4,1166
2026-03-30 10:37:00,1136.4,1138.2,1135.7,1135.9,2165
2026-03-30 10:38:00,1135.8,1139.4,1135.8,1139.0,1227
2026-03-30 10:39:00,1138.9,1138.9,1137.7,1137.7,2084
2026-03-30 10:40:00,1138.2,1138.5,1137.0,1137.8,1067
2026-03-30 10:41:00,1137.8,1137.8,1136.1,1136.8,1633
2026-03-30 10:42:00,1136.8,1137.7,1135.7,1137.2,427
2026-03-30 10:43:00,1137.2,1137.2,1135.4,1135.5,783
2026-03-30 10:44:00,1134.8,1136.0,1134.5,1134.7,4745
2026-03-30 10:45:00,1134.7,1135.0,1134.5,1134.6,677
2026-03-30 10:46:00,1134.2,1134.9,1133.4,1133.5,4023
2026-03-30 10:47:00,1133.5,1133.5,1131.5,1133.0,5531
2026-03-30 10:48:00,1133.0,1133.3,1131.3,1131.6,1906
2026-03-30 10:49:00,1131.6,1133.6,1130.3,1133.6,3428
2026-03-30 10:50:00,1133.6,1134.4,1131.9,1134.3,2864
2026-03-30 10:51:00,1134.4,1134.9,1132.9,1132.9,1030
2026-03-30 10:52:00,1132.9,1133.1,1132.3,1132.7,3341
2026-03-30 10:53:00,1132.7,1133.0,1130.9,1130.9,588
2026-03-30 10:54:00,1130.9,1131.6,1130.1,1130.1,724
2026-03-30 10:55:00,1130.2,1131.4,1130.1,1131.1,1733
2026-03-30 10:56:00,1131.1,1132.4,1130.1,1132.4,3471
2026-03-30 10:57:00,1131.6,1133.0,1131.1,1131.2,2507
2026-03-30 10:58:00,1130.3,1130.3,1129.2,1129.2,762
2026-03-30 10:59:00,1129.2,1129.9,1128.0,1128.0,2192
2026-03-30 11:00:00,1128.0,1128.9,1128.0,1128.4,2382
2026-03-30 11:01:00,1128.4,1128.8,1128.4,1128.8,1581
2026-03-30 11:02:00,1128.8,1128.8,1126.3,1126.8,1094
2026-03-30 11:03:00,1126.1,1127.0,1126.0,1126.5,1320
2026-03-30 11:04:00,1126.5,1127.9,1126.5,1127.5,2907
2026-03-30 11:05:00,1127.5,1127.8,1126.0,1126.5,1593
2026-03-30 11:06:00,1126.5,1127.2,1126.5,1127.2,676
2026-03-30 11:07:00,1127.2,1127.8,1126.8,1127.6,303
2026-03-30 11:08:00,1127.6,1127.6,1126.6,1127.5,810
2026-03-30 11:09:00,1127.5,1127.9,1127.0,1127.4,4539
2026-03-30 11:10:00,1127.4,1128.3,1126.4,1127.9,2304
2026-03-30 11:11:00,1127.9,1127.9,1125.9,1126.1,2224
2026-03-30 11:12:00,1126.1,1126.5,1126.1,1126.5,442
2026-03-30 11:13:00,1126.5,1127.3,1125.1,1127.0,5256
2026-03-30 11:14:00,1127.0,1127.7,1125.8,1126.6,2432
2026-03-30 11:15:00,1126.9,1127.7,1126.6,1127.7,1307
2026-03-30 11:16:00,1127.5,1133.7,1127.5,1132.4,10346
2026-03-30 11:17:00,1132.4,1132.5,1130.2,1131.1,2313
2026-03-30 11:18:00,1131.1,1131.1,1129.4,1129.4,644
2026-03-30 11:19:00,1129.4,1129.4,1128.6,1129.3,207
2026-03-30 11:20:00,1129.3,1129.3,1127.6,1128.2,310
2026-03-30 11:21:00,1128.2,1132.3,1128.2,1131.8,3002
2026-03-30 11:22:00,1131.8,1131.8,1129.0,1129.8,2513
2026-03-30 11:23:00,1129.8,1130.2,1127.7,1127.7,2082
2026-03-30 11:24:00,1127.7,1128.5,1126.6,1126.8,1338
2026-03-30 11:25:00,1126.8,1126.8,1126.4,1126.8,368
2026-03-30 11:26:00,1126.8,1127.3,1126.1,1126.8,1223
2026-03-30 11:27:00,1126.8,1128.3,1126.8,1128.3,2718
2026-03-30 11:28:00,1128.3,1128.9,1127.2,1128.9,500
2026-03-30 11:29:00,1128.9,1128.9,1128.5,1128.6,541
2026-03-30 11:30:00,1128.5,1128.8,1128.0,1128.8,162
2026-03-30 11:31:00,1128.8,1129.6,1128.5,1128.9,726
2026-03-30 11:32:00,1128.7,1128.9,1128.0,1128.6,1117
2026-03-30 11:33:00,1128.6,1128.6,1127.4,1128.0,77
2026-03-30 11:34:00,1127.6,1128.7,1127.5,1128.7,2899
2026-03-30 11:35:00,1128.7,1133.9,1128.7,1133.9,9368
2026-03-30 11:36:00,1133.3,1133.3,1130.8,1132.0,6435
2026-03-30 11:37:00,1131.9,1132.7,1131.0,1131.6,1172
2026-03-30 11:38:00,1131.0,1131.3,1130.0,1131.0,1034
2026-03-30 11:39:00,1131.0,1131.3,1130.0,1130.6,3806
2026-03-30 11:40:00,1131.9,1132.3,1130.7,1130.9,2450
2026-03-30 11:41:00,1130.9,1131.8,1130.0,1130.0,481
2026-03-30 11:42:00,1130.0,1130.5,1128.4,1129.0,1485
2026-03-30 11:43:00,1129.0,1129.0,1126.7,1126.8,1218
2026-03-30 11:44:00,1126.8,1127.7,1126.3,1127.0,611
2026-03-30 11:45:00,1127.0,1127.6,1126.5,1127.2,276
2026-03-30 11:46:00,1127.2,1127.3,1126.3,1126.3,440
2026-03-30 11:47:00,1126.8,1127.6,1126.0,1127.3,1607
2026-03-30 11:48:00,1127.4,1127.9,1126.7,1127.1,3402
2026-03-30 11:49:00,1126.6,1127.6,1126.4,1127.1,1517
2026-03-30 11:50:00,1127.1,1127.1,1125.9,1125.9,229
2026-03-30 11:51:00,1125.9,1126.0,1125.4,1125.5,1181
2026-03-30 11:52:00,1126.0,1126.1,1125.5,1125.7,723
2026-03-30 11:53:00,1125.5,1125.7,1124.8,1125.5,3038
2026-03-30 11:54:00,1125.6,1127.8,1124.0,1127.3,7547
2026-03-30 11:55:00,1127.3,1127.8,1124.1,1126.7,2004
2026-03-30 11:56:00,1126.7,1126.7,1124.6,1124.6,678
2026-03-30 11:57:00,1124.6,1125.2,1124.6,1125.1,2174
2026-03-30 11:58:00,1124.8,1125.2,1124.2,1124.8,6302
2026-03-30 11:59:00,1124.3,1125.4,1124.1,1124.2,1524
2026-03-30 12:00:00,1124.5,1124.9,1124.2,1124.4,732
2026-03-30 12:01:00,1124.8,1126.3,1124.7,1125.7,2273
2026-03-30 12:02:00,1125.5,1130.0,1125.0,1129.5,5279
2026-03-30 12:03:00,1129.5,1131.5,1128.3,1130.4,4205
2026-03-30 12:04:00,1129.9,1129.9,1126.8,1127.7,3878
2026-03-30 12:05:00,1127.7,1129.9,1126.6,1128.6,3024
2026-03-30 12:06:00,1128.6,1130.0,1127.1,1127.1,1642
2026-03-30 12:07:00,1126.7,1126.9,1125.0,1125.0,2409
2026-03-30 12:08:00,1125.0,1125.5,1124.5,1124.6,1137
2026-03-30 12:09:00,1124.6,1127.1,1124.5,1126.4,2772
2026-03-30 12:10:00,1126.4,1127.3,1125.7,1126.1,1297
2026-03-30 12:11:00,1126.1,1127.5,1125.5,1127.2,2579
2026-03-30 12:12:00,1127.2,1129.3,1127.2,1127.4,3091
2026-03-30 12:13:00,1127.5,1127.9,1125.1,1126.2,2336
2026-03-30 12:14:00,1126.2,1127.4,1126.2,1126.3,1972
2026-03-30 12:15:00,1126.3,1130.3,1126.3,1130.0,16797
2026-03-30 12:16:00,1130.0,1130.9,1129.8,1130.3,8821
2026-03-30 12:17:00,1130.0,1131.4,1130.0,1130.1,2658
2026-03-30 12:18:00,1130.6,1130.6,1130.0,1130.0,1166
2026-03-30 12:19:00,1130.0,1130.3,1129.7,1130.0,1879
2026-03-30 12:20:00,1130.0,1130.9,1129.7,1130.8,1209
2026-03-30 12:21:00,1130.5,1131.9,1130.0,1131.1,4589
2026-03-30 12:22:00,1130.7,1131.2,1130.0,1130.0,1430
2026-03-30 12:23:00,1130.0,1130.4,1129.7,1130.0,4463
2026-03-30 12:24:00,1130.0,1130.2,1123.5,1124.0,11012
2026-03-30 12:25:00,1124.0,1125.2,1123.4,1125.1,4772
2026-03-30 12:26:00,1125.1,1126.1,1123.7,1125.2,11593
2026-03-30 12:27:00,1125.2,1126.2,1125.2,1126.0,177
2026-03-30 12:28:00,1126.0,1126.0,1125.5,1126.0,120
2026-03-30 12:29:00,1126.0,1127.2,1125.8,1127.2,569
2026-03-30 12:30:00,1127.2,1127.4,1125.6,1125.9,612
2026-03-30 12:31:00,1125.9,1126.9,1125.7,1126.7,1419
2026-03-30 12:32:00,1126.6,1126.6,1125.1,1125.6,3872
2026-03-30 12:33:00,1125.5,1125.8,1125.1,1125.5,2034
2026-03-30 12:34:00,1125.5,1127.2,1125.5,1126.8,1668
2026-03-30 12:35:00,1127.3,1127.3,1125.4,1126.1,1541
2026-03-30 12:36:00,1126.1,1126.1,1125.5,1125.5,1720
2026-03-30 12:37:00,1125.5,1127.1,1125.5,1126.3,1011
2026-03-30 12:38:00,1125.9,1128.0,1125.9,1128.0,1059
2026-03-30 12:39:00,1128.0,1129.0,1128.0,1129.0,3613
2026-03-30 12:40:00,1128.5,1128.8,1127.1,1127.6,1135
2026-03-30 12:41:00,1127.6,1128.1,1126.8,1127.0,315
2026-03-30 12:42:00,1127.4,1128.3,1126.9,1127.8,1539
2026-03-30 12:43:00,1127.8,1128.3,1126.3,1127.0,364
2026-03-30 12:44:00,1127.0,1127.0,1126.6,1127.0,25
2026-03-30 12:45:00,1127.1,1128.1,1127.0,1128.1,1982
2026-03-30 12:46:00,1128.1,1128.1,1126.5,1127.1,3754
2026-03-30 12:47:00,1127.0,1127.1,1124.0,1124.5,16404
2026-03-30 12:48:00,1124.1,1125.2,1123.6,1123.6,1700
2026-03-30 12:49:00,1123.6,1124.0,1122.0,1122.6,2654
2026-03-30 12:50:00,1122.6,1123.1,1121.4,1123.1,3745
2026-03-30 12:51:00,1123.1,1124.6,1122.3,1123.6,1583
2026-03-30 12:52:00,1123.6,1123.9,1122.9,1123.0,2103
2026-03-30 12:53:00,1123.0,1123.5,1122.6,1123.4,1831
2026-03-30 12:54:00,1123.4,1124.2,1123.0,1123.9,979
2026-03-30 12:55:00,1123.6,1124.2,1123.5,1124.2,509
2026-03-30 12:56:00,1123.9,1124.5,1123.5,1124.4,1444
2026-03-30 12:57:00,1124.4,1124.4,1124.0,1124.0,584
2026-03-30 12:58:00,1124.2,1124.2,1123.0,1123.5,3962
2026-03-30 12:59:00,1123.5,1123.8,1122.9,1123.3,245
2026-03-30 13:00:00,1123.3,1123.7,1123.1,1123.7,2261
2026-03-30 13:01:00,1123.4,1123.7,1123.0,1123.3,1691
2026-03-30 13:02:00,1123.3,1124.0,1123.0,1123.3,2057
2026-03-30 13:03:00,1123.0,1123.3,1123.0,1123.2,8425
2026-03-30 13:04:00,1123.0,1123.2,1122.3,1123.1,2468
2026-03-30 13:05:00,1123.2,1124.5,1123.0,1124.5,2535
2026-03-30 13:06:00,1125.7,1128.0,1124.1,1127.6,8009
2026-03-30 13:07:00,1127.5,1127.9,1125.2,1125.3,1266
2026-03-30 13:08:00,1125.3,1125.3,1124.1,1124.1,838
2026-03-30 13:09:00,1124.1,1124.5,1123.5,1123.6,739
2026-03-30 13:10:00,1123.6,1124.4,1123.5,1123.5,1636
2026-03-30 13:11:00,1123.5,1125.4,1123.0,1125.4,2377
2026-03-30 13:12:00,1125.0,1125.7,1124.4,1124.5,2863
2026-03-30 13:13:00,1124.5,1125.3,1123.0,1123.2,2401
2026-03-30 13:14:00,1123.1,1124.3,1123.1,1123.3,896
2026-03-30 13:15:00,1123.3,1124.6,1123.3,1124.5,419
2026-03-30 13:16:00,1123.9,1125.3,1123.9,1125.1,1834
2026-03-30 13:17:00,1125.3,1125.4,1124.2,1124.5,2000
2026-03-30 13:18:00,1124.5,1124.7,1124.1,1124.4,875
2026-03-30 13:19:00,1124.4,1124.9,1123.0,1124.1,1967
2026-03-30 13:20:00,1124.1,1124.1,1123.0,1123.5,41
2026-03-30 13:21:00,1123.7,1123.9,1123.1,1123.1,746
2026-03-30 13:22:00,1123.1,1124.0,1123.1,1123.8,1207
2026-03-30 13:23:00,1123.8,1124.5,1123.6,1124.1,376
2026-03-30 13:24:00,1124.1,1124.1,1123.8,1124.1,325
2026-03-30 13:25:00,1124.0,1124.1,1123.0,1123.0,2123
2026-03-30 13:26:00,1123.3,1123.3,1119.5,1119.8,9212
2026-03-30 13:27:00,1120.0,1120.5,1118.6,1118.7,4217
2026-03-30 13:28:00,1118.7,1120.0,1117.8,1119.6,3366
2026-03-30 13:29:00,1120.1,1120.6,1119.0,1120.6,3838
2026-03-30 13:30:00,1120.6,1121.2,1120.1,1120.4,2914
2026-03-30 13:31:00,1120.8,1120.8,1120.3,1120.3,1751
2026-03-30 13:32:00,1120.3,1122.7,1120.3,1122.3,4024
2026-03-30 13:33:00,1122.3,1123.6,1121.1,1122.6,5634
2026-03-30 13:34:00,1123.1,1124.5,1122.4,1122.9,5574
2026-03-30 13:35:00,1123.4,1124.6,1122.6,1122.6,3641
2026-03-30 13:36:00,1122.6,1123.8,1122.4,1122.4,1310
2026-03-30 13:37:00,1122.4,1123.0,1121.3,1122.5,3052
2026-03-30 13:38:00,1122.5,1122.8,1122.4,1122.7,884
2026-03-30 13:39:00,1122.7,1123.1,1122.5,1122.8,1233
2026-03-30 13:40:00,1122.5,1123.1,1122.5,1122.5,1607
2026-03-30 13:41:00,1122.5,1122.8,1122.2,1122.6,7970
2026-03-30 13:42:00,1122.6,1122.6,1117.1,1117.5,21875
2026-03-30 13:43:00,1117.5,1118.6,1116.4,1117.6,3472
2026-03-30 13:44:00,1117.6,1119.0,1117.5,1119.0,4611
2026-03-30 13:45:00,1119.1,1120.1,1118.8,1118.8,951
2026-03-30 13:46:00,1119.2,1119.9,1118.7,1119.5,1023
2026-03-30 13:47:00,1119.3,1120.8,1118.2,1120.8,2728
2026-03-30 13:48:00,1120.3,1120.3,1119.4,1119.4,1164
2026-03-30 13:49:00,1119.4,1120.5,1119.4,1119.6,1518
2026-03-30 13:50:00,1120.1,1120.1,1119.5,1119.5,1335
2026-03-30 13:51:00,1119.8,1119.8,1118.6,1118.9,1120
2026-03-30 13:52:00,1118.6,1119.7,1118.2,1119.6,3903
2026-03-30 13:53:00,1119.2,1119.5,1119.0,1119.0,1105
2026-03-30 13:54:00,1119.5,1119.5,1118.6,1119.2,1345
2026-03-30 13:55:00,1119.0,1119.2,1119.0,1119.1,3082
2026-03-30 13:56:00,1119.1,1119.2,1119.0,1119.1,1448
2026-03-30 13:57:00,1119.0,1119.7,1118.8,1119.3,4390
2026-03-30 13:58:00,1119.4,1120.5,1119.1,1119.3,3313
2026-03-30 13:59:00,1119.6,1119.6,1119.0,1119.0,800
2026-03-30 14:00:00,1119.0,1120.4,1119.0,1119.5,2374
2026-03-30 14:01:00,1119.3,1121.1,1119.0,1121.0,5495
2026-03-30 14:02:00,1120.7,1123.1,1120.1,1123.1,4346
2026-03-30 14:03:00,1124.0,1125.8,1123.0,1123.0,7734
2026-03-30 14:04:00,1123.0,1125.7,1122.5,1124.2,3491
2026-03-30 14:05:00,1124.2,1125.2,1122.6,1123.1,2845
2026-03-30 14:06:00,1123.1,1124.1,1122.4,1124.0,5817
2026-03-30 14:07:00,1124.0,1124.7,1123.5,1124.0,1636
2026-03-30 14:08:00,1124.0,1125.2,1124.0,1124.4,3390
2026-03-30 14:09:00,1124.4,1125.1,1123.9,1124.0,7480
2026-03-30 14:10:00,1124.2,1124.3,1124.0,1124.1,1058
2026-03-30 14:11:00,1124.0,1125.1,1124.0,1124.7,9855
2026-03-30 14:12:00,1124.7,1124.9,1123.9,1124.9,1603
2026-03-30 14:13:00,1124.9,1124.9,1124.0,1124.4,949
2026-03-30 14:14:00,1124.4,1125.1,1124.1,1125.0,2261
2026-03-30 14:15:00,1125.0,1126.2,1125.0,1126.2,2184
2026-03-30 14:16:00,1126.2,1126.2,1125.4,1125.6,2834
2026-03-30 14:17:00,1125.6,1125.8,1124.6,1125.0,1399
2026-03-30 14:18:00,1125.1,1125.2,1124.6,1125.2,2896
2026-03-30 14:19:00,1125.1,1125.7,1125.0,1125.4,1543
2026-03-30 14:20:00,1125.0,1126.2,1125.0,1125.4,3900
2026-03-30 14:21:00,1125.4,1125.9,1125.0,1125.1,1474
2026-03-30 14:22:00,1125.0,1125.2,1124.6,1125.0,5695
2026-03-30 14:23:00,1124.4,1126.7,1123.8,1125.9,11858
2026-03-30 14:24:00,1125.9,1125.9,1125.0,1125.0,1179
2026-03-30 14:25:00,1125.0,1126.1,1125.0,1125.1,5373
2026-03-30 14:26:00,1125.4,1126.7,1125.1,1126.4,4541
2026-03-30 14:27:00,1126.4,1127.2,1125.9,1126.0,8121
2026-03-30 14:28:00,1126.3,1127.3,1126.1,1126.5,1729
2026-03-30 14:29:00,1126.9,1127.3,1126.9,1127.1,1599
2026-03-30 14:30:00,1127.1,1128.1,1127.1,1127.5,6808
2026-03-30 14:31:00,1127.1,1129.5,1127.1,1127.5,6193
2026-03-30 14:32:00,1127.5,1128.1,1127.1,1127.1,5511
2026-03-30 14:33:00,1127.1,1127.6,1127.1,1127.1,1145
2026-03-30 14:34:00,1127.1,1128.2,1127.1,1127.4,1907
2026-03-30 14:35:00,1127.1,1127.4,1127.0,1127.0,7414
2026-03-30 14:36:00,1127.0,1128.0,1127.0,1127.0,5281
2026-03-30 14:37:00,1127.0,1128.0,1127.0,1127.8,2140
2026-03-30 14:38:00,1127.8,1128.6,1127.4,1128.0,4616
2026-03-30 14:39:00,1128.0,1128.7,1128.0,1128.3,2403
2026-03-30 14:40:00,1128.5,1129.5,1128.3,1129.0,3301
2026-03-30 14:41:00,1129.3,1129.6,1129.3,1129.5,4279
2026-03-30 14:42:00,1129.5,1131.3,1129.5,1130.9,9585
2026-03-30 14:43:00,1130.9,1131.9,1130.9,1131.9,4570
2026-03-30 14:44:00,1131.5,1131.5,1130.9,1131.0,2367
2026-03-30 14:45:00,1130.9,1131.9,1130.9,1130.9,2139
2026-03-30 14:46:00,1130.9,1132.2,1130.9,1131.5,2418
2026-03-30 14:47:00,1131.5,1131.8,1130.9,1130.9,6565
2026-03-30 14:48:00,1130.9,1131.0,1129.3,1130.1,40737
2026-03-30 14:49:00,1130.2,1131.0,1129.3,1130.9,15856
2026-03-30 14:50:00,1130.9,1131.9,1130.9,1130.9,5539
2026-03-30 14:51:00,1130.9,1131.1,1130.9,1131.0,953
2026-03-30 14:52:00,1130.9,1131.0,1130.9,1130.9,1686
2026-03-30 14:53:00,1130.9,1131.0,1130.5,1130.9,23879
2026-03-30 14:54:00,1130.9,1131.6,1130.5,1130.9,3402
2026-03-30 14:55:00,1131.0,1131.4,1130.9,1131.4,2296
2026-03-30 14:56:00,1131.4,1131.5,1130.9,1131.5,1476
2026-03-30 14:57:00,1131.5,1132.0,1130.6,1131.5,3373
2026-03-30 14:58:00,1131.0,1131.6,1130.8,1130.9,1129
2026-03-30 14:59:00,1130.9,1131.3,1130.6,1130.9,2335
2026-03-30 15:00:00,1130.9,1131.1,1130.9,1130.9,35080
2026-03-30 15:01:00,1129.5,1129.8,1125.2,1125.3,22282
2026-03-30 15:02:00,1125.0,1126.9,1124.6,1126.9,30980
2026-03-30 15:03:00,1126.9,1127.2,1125.1,1125.1,6806
2026-03-30 15:04:00,1125.5,1125.6,1124.2,1125.2,11211
2026-03-30 15:05:00,1125.1,1125.4,1124.9,1125.3,17386
2026-03-30 15:06:00,1125.3,1125.9,1125.3,1125.3,18895
2026-03-30 15:07:00,1125.5,1125.5,1124.5,1125.0,11338
2026-03-30 15:08:00,1125.0,1125.1,1124.2,1125.0,20244
2026-03-30 15:09:00,1125.0,1125.2,1124.4,1125.0,12214
2026-03-30 15:10:00,1125.1,1125.1,1124.9,1125.0,5436
2026-03-30 15:11:00,1126.0,1127.9,1126.0,1127.8,15578
2026-03-30 15:12:00,1127.8,1128.8,1127.8,1128.4,7988
2026-03-30 15:13:00,1128.5,1128.6,1125.9,1125.9,12955
2026-03-30 15:14:00,1125.6,1125.9,1125.6,1125.8,7953
2026-03-30 15:15:00,1125.8,1125.8,1125.0,1125.3,7709
2026-03-30 15:16:00,1125.3,1125.9,1125.1,1125.3,19287
2026-03-30 15:17:00,1125.0,1125.3,1125.0,1125.0,7121
2026-03-30 15:18:00,1125.0,1125.1,1124.6,1125.0,19331
2026-03-30 15:19:00,1125.1,1127.7,1125.0,1127.1,17959
2026-03-30 15:20:00,1127.8,1128.4,1127.8,1128.3,8134
2026-03-30 15:21:00,1128.2,1128.3,1125.5,1125.5,22446
2026-03-30 15:22:00,1125.9,1125.9,1125.0,1125.2,7632
2026-03-30 15:23:00,1125.2,1125.6,1125.0,1125.6,8072
2026-03-30 15:24:00,1125.6,1128.0,1125.6,1128.0,10832
2026-03-30 15:25:00,1128.0,1128.8,1127.0,1127.7,16218
2026-03-30 15:26:00,1127.7,1127.7,1125.5,1126.5,3925
2026-03-30 15:27:00,1126.5,1129.7,1125.4,1127.6,16741
2026-03-30 15:28:00,1127.6,1127.9,1125.0,1125.0,4136
2026-03-30 15:29:00,1126.0,1128.0,1115.0,1128.0,5544
2026-04-01 09:15:00,1150.0,1168.4,1142.1,1161.0,31949
2026-04-01 09:16:00,1165.4,1168.5,1164.0,1165.2,6448
2026-04-01 09:17:00,1165.2,1165.5,1161.3,1165.1,7137
2026-04-01 09:18:00,1164.0,1164.0,1160.3,1163.1,5457
2026-04-01 09:19:00,1163.1,1163.1,1158.8,1158.8,7657
2026-04-01 09:20:00,1158.1,1162.1,1158.1,1159.8,11775
2026-04-01 09:21:00,1159.6,1161.8,1159.6,1160.5,2474
2026-04-01 09:22:00,1160.5,1161.2,1158.7,1158.7,3589
2026-04-01 09:23:00,1157.8,1157.8,1157.3,1157.7,2162
2026-04-01 09:24:00,1159.2,1159.2,1158.2,1158.9,3710
2026-04-01 09:25:00,1158.9,1162.4,1158.9,1162.4,3518
2026-04-01 09:26:00,1162.4,1163.8,1161.6,1163.8,931
2026-04-01 09:27:00,1163.8,1163.9,1162.7,1162.7,1381
2026-04-01 09:28:00,1162.7,1163.8,1162.7,1163.8,1928
2026-04-01 09:29:00,1163.8,1164.2,1162.7,1162.7,1883
2026-04-01 09:30:00,1162.7,1164.2,1162.2,1163.1,1721
2026-04-01 09:31:00,1163.1,1163.1,1160.7,1160.7,711
2026-04-01 09:32:00,1160.9,1161.2,1157.9,1157.9,1369
2026-04-01 09:33:00,1156.1,1158.1,1156.1,1157.0,2056
2026-04-01 09:34:00,1157.0,1157.0,1154.9,1157.0,3930
2026-04-01 09:35:00,1157.0,1157.0,1153.9,1154.9,6315
2026-04-01 09:36:00,1154.9,1158.0,1154.4,1154.7,4424
2026-04-01 09:37:00,1154.7,1155.2,1152.8,1152.8,1574
2026-04-01 09:38:00,1152.8,1154.0,1152.4,1153.5,311
2026-04-01 09:39:00,1153.4,1154.2,1153.0,1153.4,569
2026-04-01 09:40:00,1153.7,1155.7,1153.7,1155.5,2496
2026-04-01 09:41:00,1155.5,1158.8,1155.5,1158.8,974
2026-04-01 09:42:00,1158.8,1158.8,1156.1,1156.6,1703
2026-04-01 09:43:00,1156.6,1157.1,1154.9,1156.9,1452
2026-04-01 09:44:00,1156.9,1158.0,1154.9,1157.2,1684
2026-04-01 09:45:00,1157.2,1157.2,1155.8,1156.0,453
2026-04-01 09:46:00,1156.0,1156.2,1154.5,1155.4,814
2026-04-01 09:47:00,1155.4,1156.8,1155.4,1156.8,796
2026-04-01 09:48:00,1156.8,1159.4,1156.8,1159.4,1401
2026-04-01 09:49:00,1159.4,1161.0,1158.5,1161.0,3265
2026-04-01 09:50:00,1161.0,1161.3,1160.1,1160.9,1244
2026-04-01 09:51:00,1160.9,1162.6,1160.9,1162.0,1692
2026-04-01 09:52:00,1162.0,1163.0,1162.0,1163.0,824
2026-04-01 09:53:00,1160.5,1160.7,1158.2,1158.2,6072
2026-04-01 09:54:00,1158.8,1161.5,1158.6,1161.5,1272
2026-04-01 09:55:00,1161.5,1162.1,1160.8,1160.8,1205
2026-04-01 09:56:00,1160.8,1163.8,1160.4,1160.5,2348
2026-04-01 09:57:00,1161.0,1161.9,1159.9,1161.6,950
2026-04-01 09:58:00,1161.9,1162.1,1160.9,1160.9,291
2026-04-01 09:59:00,1160.9,1161.3,1160.0,1160.9,718
2026-04-01 10:00:00,1160.9,1162.5,1160.9,1162.0,2304
2026-04-01 10:01:00,1162.0,1162.8,1162.0,1162.6,792
2026-04-01 10:02:00,1162.6,1163.5,1162.4,1163.5,1729
2026-04-01 10:03:00,1163.5,1165.4,1162.9,1164.4,1227
2026-04-01 10:04:00,1164.9,1164.9,1162.4,1162.4,386
2026-04-01 10:05:00,1162.6,1162.9,1161.2,1161.2,792
2026-04-01 10:06:00,1161.2,1161.2,1160.0,1160.3,324
2026-04-01 10:07:00,1160.2,1160.6,1160.1,1160.5,940
2026-04-01 10:08:00,1160.5,1160.8,1159.7,1159.7,313
2026-04-01 10:09:00,1159.7,1160.6,1157.9,1160.4,2631
2026-04-01 10:10:00,1160.0,1160.0,1158.8,1159.1,333
2026-04-01 10:11:00,1159.1,1159.7,1158.5,1159.7,519
2026-04-01 10:12:00,1159.7,1160.0,1159.7,1159.7,98
2026-04-01 10:13:00,1159.7,1159.7,1156.9,1157.7,1628
2026-04-01 10:14:00,1157.7,1159.4,1157.7,1158.6,244
2026-04-01 10:15:00,1158.6,1160.1,1158.6,1160.1,115
2026-04-01 10:16:00,1160.1,1161.2,1160.1,1161.1,20
2026-04-01 10:17:00,1161.1,1161.1,1159.4,1159.4,720
2026-04-01 10:18:00,1159.4,1159.4,1157.8,1157.8,101
2026-04-01 10:19:00,1157.8,1159.8,1157.8,1159.3,3466
2026-04-01 10:20:00,1159.3,1160.3,1159.3,1160.2,962
2026-04-01 10:21:00,1160.2,1160.4,1159.7,1160.2,453
2026-04-01 10:22:00,1160.2,1160.2,1159.0,1159.0,149
2026-04-01 10:23:00,1159.0,1159.0,1153.1,1153.1,4357
2026-04-01 10:24:00,1153.1,1154.3,1153.1,1153.9,1373
2026-04-01 10:25:00,1153.9,1153.9,1153.6,1153.8,396
2026-04-01 10:26:00,1153.8,1154.7,1153.4,1154.7,702
2026-04-01 10:27:00,1154.7,1155.4,1154.7,1155.0,412
2026-04-01 10:28:00,1155.0,1155.4,1151.1,1151.2,15738
2026-04-01 10:29:00,1151.0,1152.6,1150.5,1152.6,4753
2026-04-01 10:30:00,1153.1,1153.3,1150.7,1151.9,3316
2026-04-01 10:31:00,1151.9,1152.5,1148.9,1150.2,3979
2026-04-01 10:32:00,1150.1,1152.8,1150.1,1152.8,696
2026-04-01 10:33:00,1152.8,1152.8,1150.1,1150.1,862
2026-04-01 10:34:00,1150.7,1151.1,1150.0,1151.1,510
2026-04-01 10:35:00,1151.1,1152.0,1150.2,1152.0,1801
2026-04-01 10:36:00,1150.9,1153.0,1150.8,1153.0,1777
2026-04-01 10:37:00,1153.0,1155.0,1153.0,1153.4,693
2026-04-01 10:38:00,1153.4,1153.8,1150.1,1150.1,660
2026-04-01 10:39:00,1150.1,1151.6,1150.1,1150.8,547
2026-04-01 10:40:00,1150.8,1151.5,1149.2,1150.1,14645
2026-04-01 10:41:00,1150.4,1150.5,1148.9,1149.3,1724
2026-04-01 10:42:00,1149.3,1149.3,1147.0,1147.8,198
2026-04-01 10:43:00,1147.8,1148.0,1147.5,1147.9,1056
2026-04-01 10:44:00,1148.5,1148.5,1146.6,1146.7,628
2026-04-01 10:45:00,1146.7,1146.7,1144.8,1144.8,3205
2026-04-01 10:46:00,1144.8,1146.2,1144.8,1145.7,1613
2026-04-01 10:47:00,1145.7,1145.7,1144.8,1145.3,2181
2026-04-01 10:48:00,1145.3,1147.3,1145.3,1147.3,1087
2026-04-01 10:49:00,1147.0,1147.0,1144.3,1145.1,442
2026-04-01 10:50:00,1145.1,1145.1,1144.0,1144.6,839
2026-04-01 10:51:00,1144.6,1145.4,1144.6,1145.2,366
2026-04-01 10:52:00,1146.1,1146.4,1144.9,1146.0,1393
2026-04-01 10:53:00,1146.0,1146.1,1145.4,1145.4,102
2026-04-01 10:54:00,1145.4,1146.4,1145.4,1146.0,608
2026-04-01 10:55:00,1145.3,1145.3,1144.7,1144.7,250
2026-04-01 10:56:00,1144.7,1144.8,1143.2,1143.6,273
2026-04-01 10:57:00,1143.6,1144.2,1140.9,1140.9,581
2026-04-01 10:58:00,1140.9,1141.2,1140.0,1140.1,3623
2026-04-01 10:59:00,1140.1,1140.5,1140.0,1140.0,260
2026-04-01 11:00:00,1140.5,1140.5,1138.1,1138.6,2571
2026-04-01 11:01:00,1138.6,1139.4,1137.3,1139.4,6483
2026-04-01 11:02:00,1139.4,1139.8,1139.2,1139.2,1556
2026-04-01 11:03:00,1139.2,1139.8,1138.5,1138.6,2135
2026-04-01 11:04:00,1138.6,1139.3,1138.3,1138.6,509
2026-04-01 11:05:00,1137.8,1139.8,1137.5,1139.8,743
2026-04-01 11:06:00,1139.8,1140.4,1139.5,1140.3,967
2026-04-01 11:07:00,1140.3,1141.1,1140.2,1141.1,73
2026-04-01 11:08:00,1141.1,1143.8,1140.8,1142.4,879
2026-04-01 11:09:00,1142.4,1142.4,1139.9,1139.9,179
2026-04-01 11:10:00,1139.9,1141.0,1139.9,1141.0,652
2026-04-01 11:11:00,1141.0,1141.7,1140.1,1141.7,2013
2026-04-01 11:12:00,1141.2,1141.5,1140.8,1141.5,1753
2026-04-01 11:13:00,1141.5,1141.5,1140.6,1141.2,216
2026-04-01 11:14:00,1140.7,1140.7,1140.4,1140.4,165
2026-04-01 11:15:00,1140.0,1140.9,1139.7,1139.7,715
2026-04-01 11:16:00,1139.7,1140.2,1139.3,1139.8,773
2026-04-01 11:17:00,1139.8,1140.4,1139.8,1140.4,595
2026-04-01 11:18:00,1140.0,1140.0,1139.2,1139.6,292
2026-04-01 11:19:00,1139.6,1139.6,1139.1,1139.6,234
2026-04-01 11:20:00,1139.3,1141.3,1138.6,1141.3,5512
2026-04-01 11:21:00,1141.3,1141.8,1139.9,1140.7,1618
2026-04-01 11:22:00,1140.7,1141.3,1140.1,1140.1,2179
2026-04-01 11:23:00,1140.1,1140.1,1139.9,1140.1,148
2026-04-01 11:24:00,1140.1,1144.8,1139.5,1143.7,11126
2026-04-01 11:25:00,1143.7,1146.0,1143.7,1145.5,6865
2026-04-01 11:26:00,1145.5,1146.6,1145.5,1146.6,811
2026-04-01 11:27:00,1146.6,1146.6,1145.1,1146.4,1139
2026-04-01 11:28:00,1146.0,1147.8,1146.0,1146.8,2274
2026-04-01 11:29:00,1146.8,1148.0,1146.8,1148.0,4595
2026-04-01 11:30:00,1148.0,1150.0,1147.1,1148.7,5873
2026-04-01 11:31:00,1148.7,1150.4,1148.4,1149.3,496
2026-04-01 11:32:00,1149.9,1149.9,1147.9,1148.1,339
2026-04-01 11:33:00,1148.1,1148.9,1147.3,1148.9,399
2026-04-01 11:34:00,1148.9,1149.6,1148.5,1149.4,264
2026-04-01 11:35:00,1150.0,1151.7,1150.0,1150.4,553
2026-04-01 11:36:00,1150.4,1152.2,1150.4,1151.6,2035
2026-04-01 11:37:00,1151.6,1151.6,1150.7,1150.8,330
2026-04-01 11:38:00,1150.8,1151.9,1150.7,1151.9,430
2026-04-01 11:39:00,1151.9,1153.3,1151.4,1153.3,2224
2026-04-01 11:40:00,1152.5,1153.2,1152.4,1152.9,155
2026-04-01 11:41:00,1152.9,1152.9,1151.9,1151.9,197
2026-04-01 11:42:00,1151.9,1152.0,1151.3,1151.3,386
2026-04-01 11:43:00,1151.3,1151.3,1150.5,1150.5,158
2026-04-01 11:44:00,1150.5,1151.5,1150.5,1150.9,2107
2026-04-01 11:45:00,1151.0,1151.7,1149.8,1151.7,1566
2026-04-01 11:46:00,1151.7,1151.7,1149.9,1151.0,989
2026-04-01 11:47:00,1151.0,1151.0,1149.2,1149.5,3014
2026-04-01 11:48:00,1149.2,1149.2,1144.0,1148.3,24602
2026-04-01 11:49:00,1148.3,1148.3,1147.1,1148.1,490
2026-04-01 11:50:00,1148.3,1148.8,1147.7,1148.2,841
2026-04-01 11:51:00,1148.1,1148.4,1148.1,1148.4,181
2026-04-01 11:52:00,1148.4,1149.1,1148.4,1148.5,156
2026-04-01 11:53:00,1148.5,1149.1,1146.8,1146.8,448
2026-04-01 11:54:00,1146.9,1147.5,1146.9,1147.0,40
2026-04-01 11:55:00,1147.0,1147.4,1146.6,1147.4,603
2026-04-01 11:56:00,1147.4,1147.4,1147.1,1147.4,8
2026-04-01 11:57:00,1147.4,1147.4,1145.6,1147.1,3363
2026-04-01 11:58:00,1147.8,1147.8,1146.9,1147.2,5991
2026-04-01 11:59:00,1147.2,1147.7,1146.6,1147.1,4812
2026-04-01 12:00:00,1147.0,1148.5,1146.6,1148.5,916
2026-04-01 12:01:00,1148.5,1148.5,1147.6,1147.6,1375
2026-04-01 12:02:00,1147.6,1148.0,1147.6,1147.7,1344
2026-04-01 12:03:00,1147.7,1151.4,1147.6,1151.4,3669
2026-04-01 12:04:00,1151.4,1151.7,1151.0,1151.0,182
2026-04-01 12:05:00,1151.0,1151.0,1149.1,1149.1,325
2026-04-01 12:06:00,1149.1,1150.6,1149.1,1150.2,225
2026-04-01 12:07:00,1150.2,1150.2,1149.0,1149.3,474
2026-04-01 12:08:00,1149.3,1151.0,1149.3,1150.9,452
2026-04-01 12:09:00,1150.9,1151.3,1150.4,1151.3,324
2026-04-01 12:10:00,1151.3,1151.3,1150.8,1150.8,146
2026-04-01 12:11:00,1150.8,1151.4,1150.8,1151.4,575
2026-04-01 12:12:00,1151.4,1151.4,1151.0,1151.3,349
2026-04-01 12:13:00,1151.1,1151.1,1149.0,1149.6,410
2026-04-01 12:14:00,1149.6,1151.3,1149.6,1151.1,992
2026-04-01 12:15:00,1151.1,1151.1,1149.6,1149.6,273
2026-04-01 12:16:00,1150.2,1150.2,1149.3,1149.5,555
2026-04-01 12:17:00,1149.5,1152.4,1149.5,1149.7,1007295
2026-04-01 12:18:00,1150.2,1152.0,1148.4,1148.7,105039
2026-04-01 12:19:00,1148.7,1150.5,1147.9,1150.5,6099
2026-04-01 12:20:00,1150.5,1152.3,1150.5,1152.2,557
2026-04-01 12:21:00,1152.2,1153.3,1150.7,1150.7,2815
2026-04-01 12:22:00,1150.7,1152.5,1149.6,1152.5,2388
2026-04-01 12:23:00,1152.5,1152.5,1151.1,1151.9,79
2026-04-01 12:24:00,1151.9,1153.7,1151.9,1153.7,2421
2026-04-01 12:25:00,1153.9,1154.3,1152.7,1153.4,5410
2026-04-01 12:26:00,1153.4,1153.4,1152.0,1152.0,1779
2026-04-01 12:27:00,1151.5,1153.0,1151.1,1152.9,12662
2026-04-01 12:28:00,1153.1,1153.2,1152.7,1153.2,738
2026-04-01 12:29:00,1153.2,1155.9,1153.2,1154.9,8077
2026-04-01 12:30:00,1154.9,1157.3,1154.7,1154.7,8842
2026-04-01 12:31:00,1155.3,1157.4,1153.7,1155.0,18352
2026-04-01 12:32:00,1155.0,1155.9,1154.9,1154.9,8297
2026-04-01 12:33:00,1154.9,1155.4,1154.6,1155.2,53
2026-04-01 12:34:00,1155.2,1155.3,1154.7,1155.0,2447
2026-04-01 12:35:00,1155.2,1155.8,1154.4,1154.4,7224
2026-04-01 12:36:00,1154.4,1154.4,1152.0,1152.9,811
2026-04-01 12:37:00,1153.1,1153.8,1152.2,1153.0,505
2026-04-01 12:38:00,1153.0,1153.2,1152.3,1152.6,1628
2026-04-01 12:39:00,1153.1,1153.8,1153.0,1153.6,325
2026-04-01 12:40:00,1153.6,1155.0,1153.2,1153.6,1658
2026-04-01 12:41:00,1153.1,1153.6,1151.5,1151.9,598
2026-04-01 12:42:00,1151.9,1153.6,1151.2,1151.3,1166
2026-04-01 12:43:00,1151.6,1151.9,1151.6,1151.9,107
2026-04-01 12:44:00,1151.9,1152.3,1151.9,1152.3,324
2026-04-01 12:45:00,1152.3,1154.4,1151.9,1154.0,1564
2026-04-01 12:46:00,1154.0,1154.0,1151.6,1152.9,4194
2026-04-01 12:47:00,1152.9,1154.4,1152.6,1154.4,1574
2026-04-01 12:48:00,1154.4,1155.3,1153.6,1155.0,3248
2026-04-01 12:49:00,1155.0,1155.0,1153.1,1153.1,2036
2026-04-01 12:50:00,1153.1,1153.1,1151.1,1152.9,469
2026-04-01 12:51:00,1152.9,1153.2,1151.5,1151.5,249
2026-04-01 12:52:00,1151.5,1152.0,1151.0,1151.5,214
2026-04-01 12:53:00,1151.5,1152.3,1151.5,1152.3,251
2026-04-01 12:54:00,1152.3,1153.2,1151.8,1152.7,1841
2026-04-01 12:55:00,1152.7,1152.7,1151.7,1151.7,295
2026-04-01 12:56:00,1151.7,1151.8,1149.0,1149.0,1216
2026-04-01 12:57:00,1149.0,1149.6,1148.1,1148.1,430
2026-04-01 12:58:00,1148.1,1148.8,1148.1,1148.2,501
2026-04-01 12:59:00,1148.2,1149.0,1148.2,1148.3,633
2026-04-01 13:00:00,1148.3,1148.5,1147.2,1147.2,1659
2026-04-01 13:01:00,1147.2,1147.3,1145.7,1146.2,2297
2026-04-01 13:02:00,1146.2,1147.4,1145.7,1146.4,3425
2026-04-01 13:03:00,1146.4,1147.5,1146.0,1147.3,906
2026-04-01 13:04:00,1147.3,1148.8,1147.3,1148.8,138
2026-04-01 13:05:00,1148.8,1149.7,1148.8,1149.5,217
2026-04-01 13:06:00,1149.5,1150.4,1149.5,1150.1,2244
2026-04-01 13:07:00,1150.1,1151.8,1150.1,1151.8,2121
2026-04-01 13:08:00,1151.8,1153.4,1151.5,1153.2,1757
2026-04-01 13:09:00,1153.2,1153.2,1151.6,1151.8,249
2026-04-01 13:10:00,1151.8,1151.8,1150.4,1150.7,317
2026-04-01 13:11:00,1150.7,1150.7,1148.6,1149.3,1726
2026-04-01 13:12:00,1149.3,1150.5,1149.3,1150.5,481
2026-04-01 13:13:00,1150.5,1150.6,1150.2,1150.6,184
2026-04-01 13:14:00,1150.6,1151.9,1150.4,1151.9,312
2026-04-01 13:15:00,1151.9,1154.2,1151.3,1153.7,4719
2026-04-01 13:16:00,1153.4,1153.7,1153.0,1153.0,1065
2026-04-01 13:17:00,1153.0,1154.5,1153.0,1154.1,2097
2026-04-01 13:18:00,1154.1,1154.9,1153.8,1153.8,937
2026-04-01 13:19:00,1153.8,1154.2,1152.6,1153.6,1402
2026-04-01 13:20:00,1153.6,1154.0,1152.6,1152.6,1595
2026-04-01 13:21:00,1152.6,1152.6,1151.5,1152.2,255
2026-04-01 13:22:00,1152.2,1152.6,1151.7,1151.7,525
2026-04-01 13:23:00,1151.7,1153.9,1150.3,1153.8,333
2026-04-01 13:24:00,1153.8,1153.9,1153.3,1153.9,222
2026-04-01 13:25:00,1153.9,1155.2,1153.9,1154.5,805
2026-04-01 13:26:00,1154.5,1155.0,1153.8,1155.0,1033
2026-04-01 13:27:00,1155.0,1155.0,1154.0,1155.0,917
2026-04-01 13:28:00,1154.8,1156.9,1154.8,1155.0,61390
2026-04-01 13:29:00,1155.0,1156.0,1154.5,1155.0,9424
2026-04-01 13:30:00,1155.0,1155.0,1154.5,1155.0,7196
2026-04-01 13:31:00,1155.0,1155.0,1154.8,1155.0,3737
2026-04-01 13:32:00,1155.0,1155.0,1155.0,1155.0,1482
2026-04-01 13:33:00,1155.0,1155.0,1153.9,1154.7,761
2026-04-01 13:34:00,1154.7,1156.0,1154.7,1155.2,3620
2026-04-01 13:35:00,1155.2,1155.4,1152.4,1152.4,2246
2026-04-01 13:36:00,1152.4,1153.8,1151.8,1153.0,1190
2026-04-01 13:37:00,1153.0,1154.6,1152.5,1154.6,1493
2026-04-01 13:38:00,1154.6,1154.7,1154.0,1154.5,954
2026-04-01 13:39:00,1154.5,1155.0,1153.9,1154.9,1068
2026-04-01 13:40:00,1154.9,1154.9,1150.0,1150.0,13956
2026-04-01 13:41:00,1150.0,1150.9,1149.3,1150.9,39009
2026-04-01 13:42:00,1150.9,1151.9,1150.5,1151.9,874
2026-04-01 13:43:00,1151.9,1151.9,1149.7,1150.4,2470
2026-04-01 13:44:00,1150.4,1150.4,1149.5,1149.5,2293
2026-04-01 13:45:00,1150.0,1151.3,1149.5,1151.3,4652
2026-04-01 13:46:00,1151.3,1154.2,1151.3,1153.4,520
2026-04-01 13:47:00,1153.4,1154.0,1153.1,1153.8,336
2026-04-01 13:48:00,1153.8,1154.7,1153.2,1154.3,271
2026-04-01 13:49:00,1154.4,1154.4,1151.8,1151.8,420
2026-04-01 13:50:00,1151.8,1152.9,1151.3,1152.1,1274
2026-04-01 13:51:00,1153.2,1153.2,1150.5,1151.3,587
2026-04-01 13:52:00,1151.3,1151.9,1151.1,1151.1,629
2026-04-01 13:53:00,1151.1,1151.8,1151.0,1151.6,190
2026-04-01 13:54:00,1151.5,1151.6,1151.2,1151.5,490
2026-04-01 13:55:00,1151.5,1151.5,1150.5,1151.2,992
2026-04-01 13:56:00,1151.2,1151.7,1150.8,1151.7,262
2026-04-01 13:57:00,1151.7,1152.9,1151.5,1151.7,2189
2026-04-01 13:58:00,1151.7,1151.7,1151.0,1151.0,148
2026-04-01 13:59:00,1151.0,1151.5,1150.5,1151.4,1219
2026-04-01 14:00:00,1151.2,1151.4,1150.1,1150.6,66
2026-04-01 14:01:00,1150.6,1150.6,1150.0,1150.3,289
2026-04-01 14:02:00,1150.3,1150.4,1150.1,1150.4,162
2026-04-01 14:03:00,1150.4,1153.5,1150.4,1153.4,2101
2026-04-01 14:04:00,1153.4,1153.4,1152.5,1153.1,740
2026-04-01 14:05:00,1153.0,1153.1,1153.0,1153.1,924
2026-04-01 14:06:00,1153.0,1153.9,1153.0,1153.9,804
2026-04-01 14:07:00,1153.9,1154.0,1153.0,1153.5,511
2026-04-01 14:08:00,1152.5,1153.2,1152.5,1153.2,709
2026-04-01 14:09:00,1153.2,1153.6,1152.8,1153.6,647
2026-04-01 14:10:00,1153.6,1153.6,1153.0,1153.1,359
2026-04-01 14:11:00,1152.8,1153.5,1152.8,1153.4,1481
2026-04-01 14:12:00,1152.8,1153.4,1152.8,1153.0,6649
2026-04-01 14:13:00,1153.9,1153.9,1152.8,1152.8,1109
2026-04-01 14:14:00,1152.8,1155.0,1152.8,1155.0,1632
2026-04-01 14:15:00,1155.0,1155.1,1147.2,1147.2,17727
2026-04-01 14:16:00,1147.6,1149.6,1147.0,1147.5,1091
2026-04-01 14:17:00,1147.5,1147.5,1146.1,1146.7,948
2026-04-01 14:18:00,1146.3,1146.3,1146.0,1146.2,559
2026-04-01 14:19:00,1146.0,1147.8,1145.4,1147.3,1499
2026-04-01 14:20:00,1147.3,1147.3,1145.7,1145.8,844
2026-04-01 14:21:00,1145.8,1146.4,1145.1,1145.3,641
2026-04-01 14:22:00,1145.3,1146.3,1144.0,1146.1,3639
2026-04-01 14:23:00,1145.5,1145.8,1145.0,1145.8,762
2026-04-01 14:24:00,1145.8,1147.0,1144.9,1145.3,1160
2026-04-01 14:25:00,1145.3,1146.0,1144.2,1146.0,1703
2026-04-01 14:26:00,1146.0,1147.0,1146.0,1146.2,640
2026-04-01 14:27:00,1146.2,1146.9,1145.9,1146.1,924
2026-04-01 14:28:00,1146.1,1146.8,1145.6,1146.0,632
2026-04-01 14:29:00,1146.0,1146.0,1145.3,1146.0,1340
2026-04-01 14:30:00,1146.0,1146.0,1145.0,1145.0,932
2026-04-01 14:31:00,1145.6,1146.2,1144.4,1145.3,1022
2026-04-01 14:32:00,1145.5,1146.2,1145.0,1145.3,2284
2026-04-01 14:33:00,1145.3,1145.8,1145.0,1145.4,532
2026-04-01 14:34:00,1145.3,1146.4,1145.3,1146.0,1112
2026-04-01 14:35:00,1146.0,1146.0,1144.1,1145.2,882
2026-04-01 14:36:00,1145.2,1145.2,1143.4,1144.0,1398
2026-04-01 14:37:00,1144.0,1144.5,1143.3,1144.2,940
2026-04-01 14:38:00,1144.2,1144.4,1143.3,1143.7,1057
2026-04-01 14:39:00,1143.7,1144.6,1143.6,1144.2,1417
2026-04-01 14:40:00,1143.7,1144.2,1143.4,1143.9,879
2026-04-01 14:41:00,1143.9,1144.8,1142.7,1144.1,2018
2026-04-01 14:42:00,1144.8,1144.8,1142.6,1142.6,950
2026-04-01 14:43:00,1142.6,1142.6,1141.2,1142.3,3221
2026-04-01 14:44:00,1142.3,1143.0,1141.6,1142.1,486
2026-04-01 14:45:00,1142.1,1142.1,1140.6,1141.0,469
2026-04-01 14:46:00,1141.0,1141.0,1140.0,1140.3,616
2026-04-01 14:47:00,1140.3,1140.4,1140.0,1140.3,237
2026-04-01 14:48:00,1140.0,1140.4,1138.4,1138.9,661
2026-04-01 14:49:00,1138.0,1139.7,1138.0,1139.7,1631
2026-04-01 14:50:00,1140.5,1140.6,1138.9,1139.5,2005
2026-04-01 14:51:00,1139.5,1139.5,1138.0,1138.6,743
2026-04-01 14:52:00,1138.6,1139.5,1137.4,1139.5,1303
2026-04-01 14:53:00,1140.2,1140.4,1138.8,1139.8,2090
2026-04-01 14:54:00,1139.7,1140.0,1139.5,1139.8,383
2026-04-01 14:55:00,1139.6,1141.1,1139.4,1141.0,15762
2026-04-01 14:56:00,1141.0,1142.1,1140.7,1141.1,2270
2026-04-01 14:57:00,1140.6,1142.5,1140.6,1142.5,526
2026-04-01 14:58:00,1142.5,1142.5,1140.6,1140.6,1036
2026-04-01 14:59:00,1140.6,1141.8,1140.3,1141.8,1881
2026-04-01 15:00:00,1142.5,1145.7,1142.5,1145.6,2699
2026-04-01 15:01:00,1145.7,1146.0,1144.8,1145.0,2971
2026-04-01 15:02:00,1145.3,1146.8,1145.3,1145.6,1382
2026-04-01 15:03:00,1146.0,1146.9,1144.5,1146.9,1476
2026-04-01 15:04:00,1146.4,1148.3,1146.4,1148.0,1143
2026-04-01 15:05:00,1148.0,1148.1,1146.6,1146.7,8363
2026-04-01 15:06:00,1147.2,1148.0,1147.1,1148.0,1060
2026-04-01 15:07:00,1148.1,1148.3,1147.1,1147.1,1750
2026-04-01 15:08:00,1147.6,1147.8,1146.3,1146.6,1754
2026-04-01 15:09:00,1147.3,1147.9,1146.6,1147.8,1139
2026-04-01 15:10:00,1147.9,1148.1,1145.7,1146.5,2851
2026-04-01 15:11:00,1146.4,1147.2,1145.6,1145.6,1580
2026-04-01 15:12:00,1146.0,1146.5,1145.4,1146.2,663
2026-04-01 15:13:00,1145.9,1145.9,1144.7,1145.0,890
2026-04-01 15:14:00,1144.0,1144.0,1142.2,1142.2,3855
2026-04-01 15:15:00,1142.5,1142.8,1141.7,1142.7,3432
2026-04-01 15:16:00,1142.7,1142.7,1141.4,1141.9,7418
2026-04-01 15:17:00,1141.9,1143.6,1141.9,1143.4,2224
2026-04-01 15:18:00,1142.7,1143.3,1142.3,1143.3,5197
2026-04-01 15:19:00,1143.4,1144.1,1143.1,1144.1,6278
2026-04-01 15:20:00,1143.8,1144.0,1143.8,1144.0,3260
2026-04-01 15:21:00,1144.0,1144.4,1144.0,1144.4,2117
2026-04-01 15:22:00,1144.4,1144.7,1144.4,1144.7,1133
2026-04-01 15:23:00,1144.4,1145.3,1144.4,1145.3,4718
2026-04-01 15:24:00,1145.3,1146.0,1145.0,1146.0,2127
2026-04-01 15:25:00,1146.0,1146.5,1145.7,1146.4,3249
2026-04-01 15:26:00,1146.3,1146.4,1146.0,1146.1,2013
2026-04-01 15:27:00,1146.0,1146.1,1144.5,1144.6,6682
2026-04-01 15:28:00,1143.7,1146.3,1143.3,1145.5,8123
2026-04-01 15:29:00,1145.1,1148.7,1145.0,1145.0,4028
2026-04-02 09:15:00,1145.0,1150.1,1119.2,1119.7,54088
2026-04-02 09:16:00,1119.7,1119.7,1110.8,1110.8,7448
2026-04-02 09:17:00,1111.9,1118.2,1107.5,1114.1,13430
2026-04-02 09:18:00,1113.6,1114.2,1110.6,1111.2,10790
2026-04-02 09:19:00,1111.2,1112.6,1108.5,1112.3,6841
2026-04-02 09:20:00,1111.9,1112.4,1110.3,1111.3,13214
2026-04-02 09:21:00,1110.0,1110.4,1106.0,1106.5,8451
2026-04-02 09:22:00,1106.5,1107.0,1104.2,1104.9,3691
2026-04-02 09:23:00,1104.9,1108.4,1103.9,1108.0,3011
2026-04-02 09:24:00,1107.2,1108.0,1106.0,1106.8,1406
2026-04-02 09:25:00,1106.8,1106.8,1101.3,1102.7,2721
2026-04-02 09:26:00,1102.7,1106.3,1101.9,1105.0,3782
2026-04-02 09:27:00,1104.8,1104.8,1102.2,1103.3,2919
2026-04-02 09:28:00,1103.3,1103.3,1099.2,1100.4,7931
2026-04-02 09:29:00,1100.4,1102.3,1098.2,1101.5,5505
2026-04-02 09:30:00,1101.4,1103.0,1100.1,1101.5,3850
2026-04-02 09:31:00,1101.5,1102.0,1101.0,1101.0,4284
2026-04-02 09:32:00,1099.7,1103.0,1098.8,1102.6,7195
2026-04-02 09:33:00,1102.6,1103.0,1101.0,1102.3,4752
2026-04-02 09:34:00,1102.3,1106.9,1102.3,1106.8,10548
2026-04-02 09:35:00,1106.4,1106.4,1100.7,1101.5,9563
2026-04-02 09:36:00,1101.5,1106.3,1101.5,1103.4,5032
2026-04-02 09:37:00,1103.4,1108.2,1103.2,1107.0,11958
2026-04-02 09:38:00,1107.0,1107.2,1104.3,1104.3,5228
2026-04-02 09:39:00,1104.3,1104.3,1101.7,1102.6,5497
2026-04-02 09:40:00,1102.0,1103.5,1101.3,1103.3,1871
2026-04-02 09:41:00,1103.3,1104.1,1102.0,1102.8,3579
2026-04-02 09:42:00,1102.8,1104.7,1101.1,1104.0,3382
2026-04-02 09:43:00,1104.0,1104.3,1103.0,1103.0,1554
2026-04-02 09:44:00,1103.0,1103.7,1101.8,1102.7,1245
2026-04-02 09:45:00,1102.7,1103.5,1102.1,1102.2,1770
2026-04-02 09:46:00,1101.8,1101.8,1100.1,1100.8,3165
2026-04-02 09:47:00,1100.8,1102.0,1100.3,1100.7,6691
2026-04-02 09:48:00,1100.7,1100.7,1098.0,1098.0,7113
2026-04-02 09:49:00,1098.0,1099.0,1098.0,1098.8,3806
2026-04-02 09:50:00,1098.8,1099.2,1098.6,1099.0,879
2026-04-02 09:51:00,1098.5,1099.4,1096.6,1096.7,9318
2026-04-02 09:52:00,1096.7,1097.3,1096.5,1096.9,3203
2026-04-02 09:53:00,1096.9,1096.9,1095.6,1095.6,3145
2026-04-02 09:54:00,1095.6,1097.5,1094.0,1094.2,7943
2026-04-02 09:55:00,1094.2,1094.6,1092.9,1094.3,10653
2026-04-02 09:56:00,1094.3,1095.4,1094.1,1094.5,3197
2026-04-02 09:57:00,1094.5,1095.6,1094.1,1094.1,6218
2026-04-02 09:58:00,1094.1,1096.2,1094.1,1095.6,5481
2026-04-02 09:59:00,1095.8,1095.8,1094.0,1094.1,4965
2026-04-02 10:00:00,1094.2,1096.5,1094.0,1096.3,7870
2026-04-02 10:01:00,1096.7,1097.5,1095.6,1096.5,9766
2026-04-02 10:02:00,1096.5,1097.0,1095.8,1095.8,3612
2026-04-02 10:03:00,1095.8,1096.7,1092.6,1093.4,6181
2026-04-02 10:04:00,1093.4,1094.1,1090.6,1092.2,8043
2026-04-02 10:05:00,1092.2,1092.2,1091.0,1091.5,2608
2026-04-02 10:06:00,1091.5,1092.1,1090.2,1092.1,8853
2026-04-02 10:07:00,1092.0,1094.1,1092.0,1092.9,6758
2026-04-02 10:08:00,1092.9,1092.9,1090.0,1090.7,10218
2026-04-02 10:09:00,1090.7,1092.3,1090.1,1090.7,4001
2026-04-02 10:10:00,1090.1,1091.7,1090.1,1091.7,1857
2026-04-02 10:11:00,1091.7,1093.6,1091.1,1093.1,1596
2026-04-02 10:12:00,1093.1,1095.6,1093.1,1094.8,4202
2026-04-02 10:13:00,1094.8,1095.8,1094.1,1095.8,8882
2026-04-02 10:14:00,1095.8,1102.5,1095.8,1097.4,10530
2026-04-02 10:15:00,1097.2,1098.3,1095.0,1097.0,4903
2026-04-02 10:16:00,1097.4,1097.7,1095.1,1095.8,2137
2026-04-02 10:17:00,1095.8,1095.8,1093.8,1094.4,1551
2026-04-02 10:18:00,1093.8,1096.7,1093.8,1096.4,3846
2026-04-02 10:19:00,1096.4,1097.0,1095.2,1095.2,1400
2026-04-02 10:20:00,1095.1,1096.6,1093.7,1096.6,5558
2026-04-02 10:21:00,1096.6,1096.8,1095.0,1095.0,992
2026-04-02 10:22:00,1095.0,1095.3,1093.7,1093.8,743
2026-04-02 10:23:00,1093.8,1094.3,1092.9,1094.3,4229
2026-04-02 10:24:00,1094.3,1095.0,1093.8,1094.2,1665
2026-04-02 10:25:00,1094.2,1096.8,1093.5,1096.8,2181
2026-04-02 10:26:00,1096.8,1099.0,1096.0,1097.8,4200
2026-04-02 10:27:00,1097.8,1097.8,1096.4,1096.4,829
2026-04-02 10:28:00,1096.4,1097.0,1095.0,1095.9,3211
2026-04-02 10:29:00,1095.9,1096.2,1095.4,1095.6,1645
2026-04-02 10:30:00,1095.6,1095.6,1094.2,1095.6,2888
2026-04-02 10:31:00,1095.9,1098.6,1095.6,1098.6,3035
2026-04-02 10:32:00,1098.6,1098.6,1096.8,1097.0,3884
2026-04-02 10:33:00,1097.0,1098.3,1096.7,1097.3,2972
2026-04-02 10:34:00,1097.3,1097.3,1096.1,1096.2,1033
2026-04-02 10:35:00,1096.2,1096.4,1094.4,1094.5,861
2026-04-02 10:36:00,1094.5,1095.6,1094.5,1094.8,1089
2026-04-02 10:37:00,1094.8,1094.8,1092.0,1094.2,25748
2026-04-02 10:38:00,1094.2,1094.2,1093.4,1094.0,664
2026-04-02 10:39:00,1094.0,1094.0,1092.8,1094.0,1686
2026-04-02 10:40:00,1094.3,1097.2,1094.3,1097.0,658
2026-04-02 10:41:00,1097.0,1097.7,1096.5,1097.5,3378
2026-04-02 10:42:00,1097.5,1100.0,1097.3,1100.0,6552
2026-04-02 10:43:00,1099.4,1099.4,1096.9,1097.2,6750
2026-04-02 10:44:00,1097.2,1097.9,1096.4,1096.8,4123
2026-04-02 10:45:00,1096.4,1096.8,1096.1,1096.2,571
2026-04-02 10:46:00,1096.2,1097.8,1096.0,1096.0,1411
2026-04-02 10:47:00,1096.6,1096.7,1094.5,1094.5,2640
2026-04-02 10:48:00,1094.6,1096.0,1094.6,1095.7,1354
2026-04-02 10:49:00,1095.7,1097.2,1095.7,1096.5,858
2026-04-02 10:50:00,1096.5,1096.5,1095.6,1096.2,1996
2026-04-02 10:51:00,1096.2,1097.0,1096.2,1097.0,1056
2026-04-02 10:52:00,1097.0,1097.7,1094.4,1097.7,3023
2026-04-02 10:53:00,1097.9,1099.0,1095.6,1099.0,6911
2026-04-02 10:54:00,1099.0,1100.0,1096.9,1099.6,9522
2026-04-02 10:55:00,1099.6,1099.6,1098.0,1098.3,1809
2026-04-02 10:56:00,1098.3,1099.9,1098.3,1099.8,888
2026-04-02 10:57:00,1099.8,1100.0,1098.6,1098.6,5786
2026-04-02 10:58:00,1098.5,1099.0,1097.9,1097.9,2102
2026-04-02 10:59:00,1097.9,1097.9,1097.2,1097.6,561
2026-04-02 11:00:00,1097.6,1097.6,1097.1,1097.5,56
2026-04-02 11:01:00,1097.5,1098.3,1097.2,1098.1,3544
2026-04-02 11:02:00,1098.1,1105.8,1098.1,1105.8,17492
2026-04-02 11:03:00,1106.0,1106.0,1100.3,1101.9,20010
2026-04-02 11:04:00,1101.9,1101.9,1099.5,1100.2,11935
2026-04-02 11:05:00,1100.2,1100.2,1099.0,1100.0,10987
2026-04-02 11:06:00,1100.0,1101.9,1099.7,1101.9,16805
2026-04-02 11:07:00,1101.9,1102.4,1099.7,1100.4,6879
2026-04-02 11:08:00,1100.4,1101.8,1100.2,1100.9,9475
2026-04-02 11:09:00,1100.9,1101.2,1100.1,1100.6,3955
2026-04-02 11:10:00,1100.6,1101.4,1099.3,1099.8,10148
2026-04-02 11:11:00,1099.8,1101.7,1099.2,1101.2,3622
2026-04-02 11:12:00,1101.5,1101.9,1100.4,1100.4,5808
2026-04-02 11:13:00,1100.4,1100.8,1100.3,1100.7,1827
2026-04-02 11:14:00,1100.7,1101.7,1100.0,1101.3,5426
2026-04-02 11:15:00,1101.3,1102.0,1100.0,1100.0,4732
2026-04-02 11:16:00,1100.0,1102.1,1099.4,1102.1,6805
2026-04-02 11:17:00,1102.6,1104.2,1101.7,1102.0,7934
2026-04-02 11:18:00,1102.0,1104.9,1101.8,1104.3,8450
2026-04-02 11:19:00,1104.3,1105.0,1104.2,1104.3,2087
2026-04-02 11:20:00,1104.3,1104.8,1102.7,1102.7,2705
2026-04-02 11:21:00,1102.7,1103.4,1102.0,1102.7,886
2026-04-02 11:22:00,1102.7,1104.3,1102.7,1104.3,1579
2026-04-02 11:23:00,1104.3,1106.1,1104.3,1106.1,6325
2026-04-02 11:24:00,1105.9,1106.1,1105.1,1105.4,5770
2026-04-02 11:25:00,1105.4,1106.0,1105.1,1105.1,2117
2026-04-02 11:26:00,1105.1,1107.5,1105.1,1106.9,8765
2026-04-02 11:27:00,1106.9,1106.9,1104.7,1105.0,4968
2026-04-02 11:28:00,1105.0,1105.5,1102.7,1103.2,3929
2026-04-02 11:29:00,1103.3,1103.9,1102.8,1103.9,799
2026-04-02 11:30:00,1104.1,1104.1,1101.7,1102.5,14560
2026-04-02 11:31:00,1103.0,1105.6,1103.0,1105.1,15429
2026-04-02 11:32:00,1105.1,1106.7,1105.1,1106.7,2369
2026-04-02 11:33:00,1112.1,1113.6,1110.6,1113.0,14222
2026-04-02 11:34:00,1112.0,1113.4,1111.9,1113.2,5548
2026-04-02 11:35:00,1113.2,1114.5,1111.4,1112.9,8303
2026-04-02 11:36:00,1112.7,1114.7,1112.7,1113.7,2680
2026-04-02 11:37:00,1113.7,1115.7,1113.7,1115.7,5966
2026-04-02 11:38:00,1115.7,1115.7,1114.1,1115.4,3198
2026-04-02 11:39:00,1115.4,1117.4,1115.4,1117.4,4827
2026-04-02 11:40:00,1117.4,1118.3,1117.0,1117.7,2372
2026-04-02 11:41:00,1118.3,1118.3,1114.4,1115.0,5151
2026-04-02 11:42:00,1114.7,1115.2,1114.3,1114.7,4890
2026-04-02 11:43:00,1114.7,1116.6,1114.4,1116.6,3509
2026-04-02 11:44:00,1116.6,1118.0,1115.6,1116.4,2913
2026-04-02 11:45:00,1116.2,1117.4,1114.9,1115.4,4540
2026-04-02 11:46:00,1115.4,1116.9,1114.9,1115.3,4199
2026-04-02 11:47:00,1115.3,1116.1,1114.7,1115.5,4200
2026-04-02 11:48:00,1115.5,1116.0,1114.7,1115.7,3592
2026-04-02 11:49:00,1115.7,1116.7,1115.1,1116.1,1709
2026-04-02 11:50:00,1116.1,1117.0,1116.0,1116.3,4095
2026-04-02 11:51:00,1116.3,1116.7,1115.5,1116.5,2836
2026-04-02 11:52:00,1116.5,1117.7,1116.0,1116.0,4631
2026-04-02 11:53:00,1116.1,1120.0,1116.0,1119.7,3528
2026-04-02 11:54:00,1120.0,1121.5,1119.1,1120.4,6377
2026-04-02 11:55:00,1120.4,1121.8,1120.4,1121.1,11888
2026-04-02 11:56:00,1121.1,1121.3,1119.7,1119.8,5100
2026-04-02 11:57:00,1119.8,1119.8,1118.2,1119.3,6253
2026-04-02 11:58:00,1119.3,1120.1,1118.3,1119.8,5073
2026-04-02 11:59:00,1119.8,1120.0,1117.1,1117.1,7927
2026-04-02 12:00:00,1117.6,1118.6,1117.6,1118.4,3581
2026-04-02 12:01:00,1117.8,1119.4,1117.8,1119.4,3595
2026-04-02 12:02:00,1119.4,1120.0,1116.0,1116.9,6508
2026-04-02 12:03:00,1116.9,1118.0,1116.0,1116.0,7558
2026-04-02 12:04:00,1116.0,1116.1,1115.5,1116.0,5621
2026-04-02 12:05:00,1116.1,1116.1,1116.0,1116.0,19700
2026-04-02 12:06:00,1116.0,1117.3,1116.0,1116.1,3980
2026-04-02 12:07:00,1116.1,1116.7,1116.0,1116.0,9668
2026-04-02 12:08:00,1116.0,1117.5,1116.0,1117.5,2388
2026-04-02 12:09:00,1117.5,1117.5,1116.9,1116.9,3818
2026-04-02 12:10:00,1117.8,1118.3,1117.0,1118.1,9152
2026-04-02 12:11:00,1118.1,1121.5,1118.1,1119.1,9079
2026-04-02 12:12:00,1119.1,1120.1,1119.0,1119.0,3342
2026-04-02 12:13:00,1119.7,1121.3,1119.0,1120.9,4078
2026-04-02 12:14:00,1120.9,1122.2,1120.4,1122.1,4026
2026-04-02 12:15:00,1122.1,1122.6,1121.2,1122.0,3715
2026-04-02 12:16:00,1122.0,1122.2,1121.0,1121.9,2374
2026-04-02 12:17:00,1121.5,1121.9,1120.7,1121.0,2426
2026-04-02 12:18:00,1121.0,1121.5,1120.1,1121.5,3030
2026-04-02 12:19:00,1121.9,1123.0,1120.6,1121.2,3839
2026-04-02 12:20:00,1121.2,1121.2,1120.0,1120.0,1648
2026-04-02 12:21:00,1120.0,1120.1,1120.0,1120.0,46602
2026-04-02 12:22:00,1120.1,1121.8,1119.5,1121.8,2001
2026-04-02 12:23:00,1121.0,1123.3,1120.2,1122.4,2892
2026-04-02 12:24:00,1122.5,1122.6,1121.3,1121.6,3663
2026-04-02 12:25:00,1121.6,1122.0,1121.2,1121.9,1943
2026-04-02 12:26:00,1121.9,1123.7,1121.2,1122.9,4514
2026-04-02 12:27:00,1122.9,1123.8,1122.5,1122.8,3642
2026-04-02 12:28:00,1122.8,1122.8,1121.5,1121.7,3553
2026-04-02 12:29:00,1121.7,1122.7,1120.9,1122.1,5314
2026-04-02 12:30:00,1121.9,1123.8,1121.9,1123.3,2784
2026-04-02 12:31:00,1123.3,1123.8,1122.2,1122.7,4396
2026-04-02 12:32:00,1123.0,1125.6,1123.0,1125.6,4303
2026-04-02 12:33:00,1125.6,1125.9,1124.3,1124.3,3327
2026-04-02 12:34:00,1124.3,1124.5,1123.1,1123.7,2825
2026-04-02 12:35:00,1123.7,1123.7,1121.5,1123.6,5625
2026-04-02 12:36:00,1123.6,1126.7,1123.6,1126.3,4643
2026-04-02 12:37:00,1126.3,1127.8,1126.1,1127.0,6938
2026-04-02 12:38:00,1127.0,1127.3,1126.2,1126.9,2599
2026-04-02 12:39:00,1126.8,1127.1,1124.7,1126.0,4921
2026-04-02 12:40:00,1126.0,1126.0,1125.1,1125.2,2388
2026-04-02 12:41:00,1125.2,1127.0,1125.2,1127.0,5212
2026-04-02 12:42:00,1126.6,1127.9,1125.5,1126.5,5311
2026-04-02 12:43:00,1126.5,1127.6,1126.5,1127.2,3367
2026-04-02 12:44:00,1127.2,1127.2,1126.4,1126.4,2243
2026-04-02 12:45:00,1126.4,1126.9,1125.1,1125.4,5467
2026-04-02 12:46:00,1125.6,1125.6,1123.1,1123.3,4898
2026-04-02 12:47:00,1123.3,1125.6,1123.1,1125.6,3509
2026-04-02 12:48:00,1125.6,1126.0,1124.2,1125.5,4230
2026-04-02 12:49:00,1125.5,1126.8,1125.2,1126.8,5383
2026-04-02 12:50:00,1126.8,1127.5,1126.3,1127.3,2642
2026-04-02 12:51:00,1127.3,1127.3,1126.3,1127.1,3516
2026-04-02 12:52:00,1127.1,1127.1,1124.3,1124.6,3701
2026-04-02 12:53:00,1124.6,1125.6,1124.1,1124.1,2573
2026-04-02 12:54:00,1124.1,1124.6,1123.6,1123.6,2529
2026-04-02 12:55:00,1123.6,1125.2,1123.4,1125.2,3808
2026-04-02 12:56:00,1125.2,1126.7,1125.2,1125.8,3397
2026-04-02 12:57:00,1125.8,1126.3,1124.6,1126.3,4181
2026-04-02 12:58:00,1126.3,1127.8,1125.8,1127.0,4826
2026-04-02 12:59:00,1127.0,1127.1,1126.1,1127.1,1958
2026-04-02 13:00:00,1127.0,1132.0,1127.0,1131.6,6685
2026-04-02 13:01:00,1131.1,1132.9,1131.0,1132.0,4342
2026-04-02 13:02:00,1132.0,1132.6,1131.0,1131.2,3855
2026-04-02 13:03:00,1131.2,1131.6,1131.0,1131.6,3726
2026-04-02 13:04:00,1131.6,1131.6,1125.0,1125.6,19422
2026-04-02 13:05:00,1125.6,1126.2,1124.3,1125.7,2676
2026-04-02 13:06:00,1125.7,1125.7,1120.6,1122.2,5085
2026-04-02 13:07:00,1122.2,1122.8,1120.1,1121.6,4592
2026-04-02 13:08:00,1121.6,1126.3,1121.1,1125.8,11487
2026-04-02 13:09:00,1125.7,1126.2,1125.0,1126.2,2824
2026-04-02 13:10:00,1126.7,1126.7,1123.2,1124.2,4540
2026-04-02 13:11:00,1124.2,1125.4,1123.2,1123.8,3700
2026-04-02 13:12:00,1123.8,1124.1,1123.1,1123.2,2947
2026-04-02 13:13:00,1123.2,1123.4,1121.6,1122.1,2932
2026-04-02 13:14:00,1122.1,1124.0,1121.6,1123.7,3886
2026-04-02 13:15:00,1123.7,1123.9,1123.2,1123.6,2692
2026-04-02 13:16:00,1123.5,1123.6,1122.1,1122.1,2893
2026-04-02 13:17:00,1122.5,1125.0,1121.9,1124.5,3944
2026-04-02 13:18:00,1124.1,1125.1,1123.7,1125.0,5497
2026-04-02 13:19:00,1125.0,1125.0,1123.6,1124.4,3487
2026-04-02 13:20:00,1124.4,1125.1,1124.0,1125.1,3049
2026-04-02 13:21:00,1125.1,1127.0,1124.5,1126.8,4067
2026-04-02 13:22:00,1127.2,1127.7,1125.9,1126.1,2751
2026-04-02 13:23:00,1126.1,1127.2,1126.1,1126.8,3554
2026-04-02 13:24:00,1126.8,1130.2,1126.8,1130.2,4503
2026-04-02 13:25:00,1130.3,1131.0,1128.0,1129.9,9415
2026-04-02 13:26:00,1129.9,1129.9,1128.0,1129.3,2448
2026-04-02 13:27:00,1130.1,1132.0,1130.0,1130.0,5118
2026-04-02 13:28:00,1130.0,1132.6,1130.0,1131.8,3151
2026-04-02 13:29:00,1131.8,1135.9,1131.8,1135.8,6987
2026-04-02 13:30:00,1135.8,1136.4,1134.6,1135.4,5157
2026-04-02 13:31:00,1135.4,1135.4,1131.8,1132.5,5250
2026-04-02 13:32:00,1132.5,1132.5,1129.5,1130.7,3509
2026-04-02 13:33:00,1130.7,1131.6,1130.0,1130.7,3096
2026-04-02 13:34:00,1130.6,1132.8,1130.6,1132.3,4840
2026-04-02 13:35:00,1132.3,1132.3,1130.0,1130.0,5776
2026-04-02 13:36:00,1130.0,1133.4,1129.5,1133.4,6039
2026-04-02 13:37:00,1133.4,1135.8,1133.4,1135.8,3886
2026-04-02 13:38:00,1135.8,1136.8,1135.6,1135.6,2821
2026-04-02 13:39:00,1136.2,1137.1,1135.0,1137.1,3240
2026-04-02 13:40:00,1136.6,1142.0,1136.6,1139.8,10380
2026-04-02 13:41:00,1139.1,1139.1,1136.6,1137.7,4593
2026-04-02 13:42:00,1137.7,1137.9,1136.3,1137.9,4672
2026-04-02 13:43:00,1137.9,1138.6,1136.9,1137.1,3096
2026-04-02 13:44:00,1137.1,1138.4,1136.7,1136.9,6176
2026-04-02 13:45:00,1136.5,1137.4,1136.4,1137.3,3638
2026-04-02 13:46:00,1137.3,1138.8,1136.6,1136.9,5193
2026-04-02 13:47:00,1136.9,1138.0,1136.2,1137.1,4151
2026-04-02 13:48:00,1137.1,1137.7,1135.7,1136.2,2129
2026-04-02 13:49:00,1136.2,1136.3,1133.8,1134.9,7969
2026-04-02 13:50:00,1134.7,1135.4,1133.4,1134.7,3933
2026-04-02 13:51:00,1134.7,1135.9,1133.2,1133.2,6347
2026-04-02 13:52:00,1133.2,1135.5,1133.1,1135.5,3236
2026-04-02 13:53:00,1135.5,1138.5,1134.9,1138.0,4394
2026-04-02 13:54:00,1138.0,1138.2,1136.1,1136.3,3848
2026-04-02 13:55:00,1136.3,1137.4,1136.2,1137.0,3232
2026-04-02 13:56:00,1137.2,1137.8,1136.7,1137.7,3431
2026-04-02 13:57:00,1137.7,1138.1,1136.1,1136.4,3928
2026-04-02 13:58:00,1135.7,1136.9,1135.0,1135.6,4701
2026-04-02 13:59:00,1135.6,1136.3,1135.0,1135.4,2743
2026-04-02 14:00:00,1136.0,1137.0,1135.3,1136.8,4537
2026-04-02 14:01:00,1136.8,1138.3,1136.7,1137.4,3487
2026-04-02 14:02:00,1137.4,1138.0,1135.6,1137.0,3635
2026-04-02 14:03:00,1137.0,1139.1,1137.0,1137.3,6154
2026-04-02 14:04:00,1137.3,1138.9,1137.1,1138.5,4123
2026-04-02 14:05:00,1138.5,1139.0,1137.3,1138.2,2879
2026-04-02 14:06:00,1138.2,1138.9,1137.0,1137.0,6749
2026-04-02 14:07:00,1137.0,1137.3,1134.7,1134.9,5462
2026-04-02 14:08:00,1134.9,1137.0,1134.5,1135.3,3214
2026-04-02 14:09:00,1135.3,1136.7,1135.0,1136.3,2686
2026-04-02 14:10:00,1136.3,1137.7,1135.9,1137.4,3537
2026-04-02 14:11:00,1138.3,1138.8,1137.4,1138.6,3801
2026-04-02 14:12:00,1138.6,1139.4,1137.5,1139.2,3388
2026-04-02 14:13:00,1138.6,1140.1,1138.6,1139.3,4798
2026-04-02 14:14:00,1139.7,1140.6,1138.0,1139.8,5749
2026-04-02 14:15:00,1139.7,1142.1,1139.1,1142.1,3857
2026-04-02 14:16:00,1142.1,1144.0,1141.3,1141.9,3424
2026-04-02 14:17:00,1141.9,1143.0,1140.5,1142.1,3398
2026-04-02 14:18:00,1142.1,1142.1,1139.4,1139.5,8294
2026-04-02 14:19:00,1139.5,1141.8,1139.5,1141.7,3572
2026-04-02 14:20:00,1141.9,1141.9,1140.9,1141.0,2371
2026-04-02 14:21:00,1141.2,1141.2,1138.1,1139.0,11092
2026-04-02 14:22:00,1139.0,1141.1,1138.3,1140.3,3587
2026-04-02 14:23:00,1140.3,1140.7,1139.1,1139.7,3560
2026-04-02 14:24:00,1139.4,1141.9,1139.4,1141.2,3210
2026-04-02 14:25:00,1141.2,1142.9,1140.3,1142.9,5626
2026-04-02 14:26:00,1142.9,1142.9,1138.0,1138.0,5861
2026-04-02 14:27:00,1138.1,1139.8,1138.1,1139.3,4651
2026-04-02 14:28:00,1139.3,1140.0,1138.0,1140.0,3366
2026-04-02 14:29:00,1140.0,1140.6,1138.9,1138.9,4393
2026-04-02 14:30:00,1138.9,1138.9,1135.4,1136.1,8831
2026-04-02 14:31:00,1136.0,1139.2,1135.8,1138.3,4940
2026-04-02 14:32:00,1138.3,1140.9,1138.3,1140.4,2411
2026-04-02 14:33:00,1140.9,1141.8,1140.0,1140.0,8398
2026-04-02 14:34:00,1140.0,1140.5,1138.3,1139.4,4630
2026-04-02 14:35:00,1139.4,1139.7,1136.8,1137.5,3897
2026-04-02 14:36:00,1137.5,1138.5,1136.4,1137.6,4560
2026-04-02 14:37:00,1137.6,1137.6,1135.0,1135.0,7533
2026-04-02 14:38:00,1135.0,1136.2,1134.1,1134.8,6065
2026-04-02 14:39:00,1134.8,1135.7,1133.7,1133.9,5665
2026-04-02 14:40:00,1133.9,1135.4,1133.6,1134.9,6745
2026-04-02 14:41:00,1134.9,1135.3,1133.2,1133.2,10027
2026-04-02 14:42:00,1133.4,1136.0,1132.6,1133.5,8118
2026-04-02 14:43:00,1133.5,1133.8,1133.0,1133.4,3549
2026-04-02 14:44:00,1133.4,1134.0,1133.0,1133.4,4781
2026-04-02 14:45:00,1133.3,1134.0,1133.2,1134.0,2485
2026-04-02 14:46:00,1134.0,1135.9,1134.0,1135.2,10671
2026-04-02 14:47:00,1134.7,1134.8,1131.7,1132.8,7970
2026-04-02 14:48:00,1132.8,1133.0,1131.4,1132.5,5892
2026-04-02 14:49:00,1132.4,1132.9,1131.7,1132.0,3549
2026-04-02 14:50:00,1131.9,1133.0,1131.1,1132.0,3816
2026-04-02 14:51:00,1131.7,1133.0,1131.7,1132.2,3265
2026-04-02 14:52:00,1132.0,1134.8,1131.9,1133.8,8060
2026-04-02 14:53:00,1134.4,1135.5,1133.0,1134.7,4671
2026-04-02 14:54:00,1135.1,1135.5,1134.1,1135.4,3036
2026-04-02 14:55:00,1135.5,1136.7,1134.7,1136.3,4899
2026-04-02 14:56:00,1136.2,1136.9,1135.7,1136.1,2687
2026-04-02 14:57:00,1136.1,1136.3,1135.0,1135.9,5081
2026-04-02 14:58:00,1135.9,1136.6,1134.9,1136.2,12496
2026-04-02 14:59:00,1136.2,1138.5,1136.2,1138.4,6492
2026-04-02 15:00:00,1139.0,1143.0,1138.5,1142.1,7461
2026-04-02 15:01:00,1142.5,1144.8,1142.4,1144.3,12723
2026-04-02 15:02:00,1144.7,1146.0,1144.1,1144.1,8190
2026-04-02 15:03:00,1144.7,1146.9,1144.4,1146.7,8748
2026-04-02 15:04:00,1147.0,1148.0,1146.5,1146.5,6758
2026-04-02 15:05:00,1147.2,1149.3,1145.3,1148.7,11979
2026-04-02 15:06:00,1149.3,1152.6,1149.2,1152.3,10348
2026-04-02 15:07:00,1152.3,1154.9,1152.2,1153.6,5626
2026-04-02 15:08:00,1153.2,1155.6,1151.6,1155.0,7691
2026-04-02 15:09:00,1155.8,1157.2,1154.9,1156.2,5697
2026-04-02 15:10:00,1157.2,1157.2,1155.1,1156.6,12397
2026-04-02 15:11:00,1157.0,1158.0,1155.3,1157.5,19934
2026-04-02 15:12:00,1158.4,1158.6,1158.1,1158.1,6850
2026-04-02 15:13:00,1158.5,1158.5,1158.1,1158.4,4227
2026-04-02 15:14:00,1158.4,1158.6,1156.5,1156.5,13464
2026-04-02 15:15:00,1156.8,1156.8,1154.9,1155.7,10797
2026-04-02 15:16:00,1156.1,1156.4,1154.7,1155.9,12622
2026-04-02 15:17:00,1155.9,1156.1,1152.5,1152.5,13484
2026-04-02 15:18:00,1153.3,1154.1,1152.4,1152.7,8118
2026-04-02 15:19:00,1152.7,1153.3,1148.8,1148.8,7527
2026-04-02 15:20:00,1149.6,1151.6,1145.9,1151.2,33730
2026-04-02 15:21:00,1150.9,1152.3,1150.1,1151.5,10541
2026-04-02 15:22:00,1151.7,1151.9,1150.3,1151.3,6915
2026-04-02 15:23:00,1151.3,1153.6,1150.0,1153.3,6784
2026-04-02 15:24:00,1153.6,1155.5,1153.4,1154.0,7026
2026-04-02 15:25:00,1153.3,1153.8,1150.8,1153.6,12311
2026-04-02 15:26:00,1153.6,1154.4,1152.0,1154.4,18430
2026-04-02 15:27:00,1154.3,1154.7,1152.1,1152.3,14709
2026-04-02 15:28:00,1152.3,1152.7,1146.5,1151.8,8582
2026-04-02 15:29:00,1151.8,1156.5,1151.8,1152.5,3676
2026-04-06 09:15:00,1159.0,1170.0,1159.0,1160.1,10790
2026-04-06 09:16:00,1160.1,1160.1,1150.3,1150.3,14794
2026-04-06 09:17:00,1150.4,1150.4,1136.7,1139.9,19135
2026-04-06 09:18:00,1140.2,1140.5,1133.6,1137.6,16878
2026-04-06 09:19:00,1138.4,1145.8,1137.0,1145.8,15324
2026-04-06 09:20:00,1144.0,1151.2,1144.0,1145.6,11118
2026-04-06 09:21:00,1146.2,1147.6,1143.1,1144.8,10118
2026-04-06 09:22:00,1144.8,1146.3,1143.9,1145.5,3436
2026-04-06 09:23:00,1145.0,1146.4,1143.3,1143.5,3365
2026-04-06 09:24:00,1144.1,1147.2,1142.7,1146.4,4514
2026-04-06 09:25:00,1146.2,1150.1,1145.3,1145.7,6680
2026-04-06 09:26:00,1145.7,1146.5,1143.7,1144.1,2407
2026-04-06 09:27:00,1144.3,1144.3,1141.2,1142.1,2327
2026-04-06 09:28:00,1142.1,1142.5,1140.0,1140.9,3314
2026-04-06 09:29:00,1141.2,1143.2,1139.4,1139.4,1183
2026-04-06 09:30:00,1140.6,1140.6,1138.9,1140.3,1832
2026-04-06 09:31:00,1141.3,1146.7,1141.3,1145.0,3380
2026-04-06 09:32:00,1145.0,1145.9,1143.2,1144.2,1221
2026-04-06 09:33:00,1144.2,1146.8,1144.0,1145.1,2430
2026-04-06 09:34:00,1145.1,1147.9,1145.1,1147.5,644
2026-04-06 09:35:00,1149.1,1152.1,1149.1,1151.7,1250
2026-04-06 09:36:00,1151.7,1155.6,1151.7,1154.2,2504
2026-04-06 09:37:00,1154.2,1158.3,1154.2,1155.8,4862
2026-04-06 09:38:00,1154.9,1156.0,1154.1,1154.5,2408
2026-04-06 09:39:00,1154.5,1155.0,1153.1,1153.8,3392
2026-04-06 09:40:00,1153.4,1155.0,1152.9,1155.0,6497
2026-04-06 09:41:00,1155.0,1155.0,1150.0,1150.4,2234
2026-04-06 09:42:00,1150.5,1150.5,1146.0,1148.5,1440
2026-04-06 09:43:00,1148.5,1148.5,1146.2,1146.6,290
2026-04-06 09:44:00,1148.5,1150.0,1148.5,1149.7,989
2026-04-06 09:45:00,1149.7,1152.2,1149.7,1151.7,1067
2026-04-06 09:46:00,1151.7,1152.5,1151.3,1152.5,382
2026-04-06 09:47:00,1152.0,1152.5,1151.0,1151.1,1114
2026-04-06 09:48:00,1150.9,1150.9,1149.0,1149.5,451
2026-04-06 09:49:00,1149.5,1151.6,1148.9,1150.3,665
2026-04-06 09:50:00,1150.3,1150.3,1147.7,1149.4,843
2026-04-06 09:51:00,1149.4,1149.4,1148.4,1148.6,58
2026-04-06 09:52:00,1148.6,1149.8,1148.0,1148.8,1540
2026-04-06 09:53:00,1148.8,1148.8,1148.3,1148.6,464
2026-04-06 09:54:00,1148.6,1148.8,1147.0,1148.2,863
2026-04-06 09:55:00,1148.2,1148.7,1147.7,1148.2,406
2026-04-06 09:56:00,1148.6,1149.0,1147.8,1148.0,323
2026-04-06 09:57:00,1148.0,1149.4,1148.0,1149.4,117
2026-04-06 09:58:00,1149.6,1149.7,1148.0,1149.3,337
2026-04-06 09:59:00,1148.6,1148.9,1148.4,1148.9,170
2026-04-06 10:00:00,1148.9,1151.0,1146.7,1150.7,5422
2026-04-06 10:01:00,1149.8,1152.0,1147.7,1149.6,2510
2026-04-06 10:02:00,1149.6,1151.6,1149.6,1151.6,1009
2026-04-06 10:03:00,1151.6,1153.9,1151.6,1153.7,1150
2026-04-06 10:04:00,1153.7,1154.8,1151.9,1154.8,2128
2026-04-06 10:05:00,1154.8,1157.0,1152.5,1153.1,3333
2026-04-06 10:06:00,1154.9,1157.5,1153.9,1156.2,3297
2026-04-06 10:07:00,1156.2,1157.0,1156.0,1156.6,940
2026-04-06 10:08:00,1156.5,1160.5,1156.5,1160.5,1724
2026-04-06 10:09:00,1160.0,1160.0,1156.2,1156.2,1201
2026-04-06 10:10:00,1156.2,1156.7,1155.0,1155.9,1707
2026-04-06 10:11:00,1156.2,1157.5,1155.1,1157.1,1207
2026-04-06 10:12:00,1157.1,1159.3,1156.6,1156.6,1537
2026-04-06 10:13:00,1157.1,1160.0,1156.4,1160.0,888
2026-04-06 10:14:00,1160.6,1160.7,1158.6,1160.2,355
2026-04-06 10:15:00,1160.2,1162.0,1156.6,1157.2,2703
2026-04-06 10:16:00,1157.2,1160.6,1157.2,1159.8,2506
2026-04-06 10:17:00,1159.8,1160.3,1158.2,1159.6,2995
2026-04-06 10:18:00,1160.1,1161.4,1154.6,1155.8,2697
2026-04-06 10:19:00,1155.4,1158.3,1155.0,1158.3,1217
2026-04-06 10:20:00,1158.3,1158.3,1157.2,1157.7,745
2026-04-06 10:21:00,1157.7,1157.8,1154.9,1156.7,1255
2026-04-06 10:22:00,1156.7,1156.7,1154.2,1155.1,322
2026-04-06 10:23:00,1155.1,1157.3,1155.1,1155.5,234
2026-04-06 10:24:00,1155.7,1157.7,1155.0,1155.0,302
2026-04-06 10:25:00,1154.9,1155.4,1154.0,1155.0,1210
2026-04-06 10:26:00,1155.0,1155.0,1152.8,1152.8,588
2026-04-06 10:27:00,1153.0,1155.1,1152.5,1153.9,679
2026-04-06 10:28:00,1153.9,1153.9,1152.0,1152.9,863
2026-04-06 10:29:00,1152.9,1153.4,1152.9,1153.3,120
2026-04-06 10:30:00,1153.3,1153.3,1150.1,1151.0,611
2026-04-06 10:31:00,1151.3,1154.0,1151.0,1152.7,3223
2026-04-06 10:32:00,1152.7,1152.9,1150.9,1152.7,616
2026-04-06 10:33:00,1152.7,1155.0,1152.7,1155.0,663
2026-04-06 10:34:00,1155.0,1158.0,1152.1,1156.0,934426
2026-04-06 10:35:00,1156.0,1156.2,1155.0,1156.2,558
2026-04-06 10:36:00,1156.3,1156.5,1155.0,1155.0,344
2026-04-06 10:37:00,1155.0,1155.5,1154.4,1155.1,529
2026-04-06 10:38:00,1155.1,1155.5,1154.4,1154.8,578
2026-04-06 10:39:00,1153.9,1159.8,1153.3,1159.8,402583
2026-04-06 10:40:00,1159.8,1160.6,1156.8,1156.8,2761
2026-04-06 10:41:00,1156.8,1157.7,1155.2,1157.5,2021
2026-04-06 10:42:00,1157.5,1158.9,1155.5,1157.5,2046
2026-04-06 10:43:00,1157.7,1159.4,1156.0,1156.0,1051
2026-04-06 10:44:00,1156.0,1157.6,1156.0,1157.6,572
2026-04-06 10:45:00,1157.6,1160.3,1157.6,1160.3,497
2026-04-06 10:46:00,1160.3,1160.6,1158.2,1160.4,1882
2026-04-06 10:47:00,1160.4,1161.9,1160.0,1161.4,4293
2026-04-06 10:48:00,1161.4,1162.2,1161.3,1161.4,1317
2026-04-06 10:49:00,1161.4,1163.7,1161.4,1162.2,1242
2026-04-06 10:50:00,1162.7,1163.9,1160.7,1162.7,6218
2026-04-06 10:51:00,1162.7,1163.0,1158.6,1158.6,3621
2026-04-06 10:52:00,1159.4,1159.8,1157.0,1157.1,2309
2026-04-06 10:53:00,1156.5,1158.1,1155.1,1156.3,2061
2026-04-06 10:54:00,1156.3,1156.9,1156.3,1156.5,92
2026-04-06 10:55:00,1156.5,1157.4,1155.9,1157.4,325
2026-04-06 10:56:00,1157.4,1158.0,1156.2,1158.0,230
2026-04-06 10:57:00,1158.0,1158.9,1156.5,1158.9,2221
2026-04-06 10:58:00,1157.6,1158.3,1156.1,1157.4,771
2026-04-06 10:59:00,1157.9,1158.4,1156.9,1157.4,520
2026-04-06 11:00:00,1157.4,1157.6,1156.0,1156.3,344
2026-04-06 11:01:00,1156.3,1156.8,1155.6,1155.6,612
2026-04-06 11:02:00,1155.6,1157.0,1155.6,1156.4,623
2026-04-06 11:03:00,1156.4,1156.4,1154.5,1155.1,671
2026-04-06 11:04:00,1155.1,1155.1,1152.1,1152.3,1388
2026-04-06 11:05:00,1152.3,1152.3,1150.9,1151.3,1696
2026-04-06 11:06:00,1151.3,1152.0,1150.5,1152.0,787
2026-04-06 11:07:00,1151.9,1153.5,1151.5,1151.9,3216
2026-04-06 11:08:00,1151.9,1153.3,1151.9,1153.3,383
2026-04-06 11:09:00,1153.3,1154.2,1152.7,1154.2,862
2026-04-06 11:10:00,1154.0,1154.9,1152.1,1153.3,1822
2026-04-06 11:11:00,1153.3,1153.3,1147.2,1147.9,5545
2026-04-06 11:12:00,1147.9,1148.0,1147.5,1147.6,1818
2026-04-06 11:13:00,1147.9,1147.9,1146.5,1146.8,1225
2026-04-06 11:14:00,1146.8,1149.8,1146.5,1149.2,872
2026-04-06 11:15:00,1149.2,1149.2,1146.7,1146.8,1777
2026-04-06 11:16:00,1147.3,1148.8,1146.7,1147.9,1646
2026-04-06 11:17:00,1147.9,1149.3,1147.8,1149.3,206
2026-04-06 11:18:00,1149.3,1150.0,1148.8,1149.6,452
2026-04-06 11:19:00,1149.6,1151.8,1149.6,1151.3,467
2026-04-06 11:20:00,1151.3,1152.8,1151.2,1151.2,465
2026-04-06 11:21:00,1151.2,1151.4,1151.2,1151.2,61
2026-04-06 11:22:00,1151.2,1151.2,1148.1,1148.1,773
2026-04-06 11:23:00,1148.1,1150.3,1148.1,1150.2,261
2026-04-06 11:24:00,1150.2,1151.0,1149.4,1150.1,1618
2026-04-06 11:25:00,1150.1,1154.4,1150.1,1153.3,5525
2026-04-06 11:26:00,1153.3,1153.9,1151.5,1153.6,2610
2026-04-06 11:27:00,1153.6,1153.6,1153.0,1153.0,13
2026-04-06 11:28:00,1152.4,1153.8,1152.4,1153.8,220
2026-04-06 11:29:00,1153.8,1153.8,1153.0,1153.0,128
2026-04-06 11:30:00,1153.1,1154.1,1151.8,1151.8,305
2026-04-06 11:31:00,1151.8,1151.8,1151.7,1151.8,239
2026-04-06 11:32:00,1151.7,1151.7,1150.2,1150.5,1657
2026-04-06 11:33:00,1150.5,1151.1,1150.5,1150.5,65
2026-04-06 11:34:00,1150.5,1150.5,1149.5,1149.5,255
2026-04-06 11:35:00,1149.5,1149.9,1148.7,1149.1,451
2026-04-06 11:36:00,1149.1,1149.4,1148.6,1149.0,499
2026-04-06 11:37:00,1149.0,1151.2,1149.0,1151.1,2123
2026-04-06 11:38:00,1151.1,1151.1,1150.7,1150.8,366
2026-04-06 11:39:00,1150.8,1150.8,1148.0,1148.7,120
2026-04-06 11:40:00,1148.7,1149.9,1146.9,1149.4,4050
2026-04-06 11:41:00,1149.0,1149.8,1148.1,1148.4,210
2026-04-06 11:42:00,1148.4,1148.8,1147.1,1147.7,1595
2026-04-06 11:43:00,1147.7,1149.3,1147.4,1149.0,1662
2026-04-06 11:44:00,1149.0,1149.8,1148.1,1148.2,591
2026-04-06 11:45:00,1148.2,1148.6,1146.5,1146.5,1146
2026-04-06 11:46:00,1146.5,1150.2,1146.5,1149.6,4046
2026-04-06 11:47:00,1149.6,1152.8,1149.6,1152.2,2639
2026-04-06 11:48:00,1152.2,1152.7,1151.6,1152.7,645
2026-04-06 11:49:00,1152.7,1154.1,1152.6,1153.0,1203
2026-04-06 11:50:00,1153.0,1153.2,1152.2,1153.2,885
2026-04-06 11:51:00,1153.3,1154.8,1153.1,1154.5,983
2026-04-06 11:52:00,1154.4,1159.5,1154.4,1159.0,9501
2026-04-06 11:53:00,1159.0,1159.6,1158.6,1158.6,303
2026-04-06 11:54:00,1158.7,1160.0,1157.9,1160.0,4175
2026-04-06 11:55:00,1160.0,1160.7,1158.3,1160.7,4128
2026-04-06 11:56:00,1160.7,1164.5,1159.6,1163.0,10655
2026-04-06 11:57:00,1163.2,1164.6,1161.9,1161.9,3408
2026-04-06 11:58:00,1161.6,1163.8,1160.9,1161.3,1668
2026-04-06 11:59:00,1161.5,1161.5,1156.4,1157.6,5201
2026-04-06 12:00:00,1157.6,1157.6,1157.2,1157.2,491
2026-04-06 12:01:00,1157.2,1158.2,1157.2,1158.2,420
2026-04-06 12:02:00,1158.1,1158.2,1157.1,1157.5,476
2026-04-06 12:03:00,1157.5,1157.6,1157.0,1157.0,171
2026-04-06 12:04:00,1157.0,1157.3,1155.9,1156.5,813
2026-04-06 12:05:00,1156.5,1156.5,1155.6,1156.1,545
2026-04-06 12:06:00,1156.1,1156.4,1155.7,1155.8,180
2026-04-06 12:07:00,1155.8,1157.6,1155.6,1157.6,1718
2026-04-06 12:08:00,1157.6,1157.6,1156.6,1157.2,114
2026-04-06 12:09:00,1157.2,1157.3,1156.8,1156.8,216
2026-04-06 12:10:00,1157.2,1157.2,1156.8,1156.9,142
2026-04-06 12:11:00,1156.9,1157.1,1156.7,1156.7,288
2026-04-06 12:12:00,1156.7,1157.0,1156.3,1156.4,218
2026-04-06 12:13:00,1156.4,1156.5,1156.0,1156.4,254
2026-04-06 12:14:00,1156.4,1156.4,1156.0,1156.0,161
2026-04-06 12:15:00,1156.0,1156.7,1156.0,1156.5,516
2026-04-06 12:16:00,1156.5,1156.5,1156.4,1156.5,21
2026-04-06 12:17:00,1156.5,1158.0,1156.3,1157.4,336
2026-04-06 12:18:00,1157.4,1157.4,1156.8,1156.9,123
2026-04-06 12:19:00,1156.9,1157.3,1156.0,1157.1,1139
2026-04-06 12:20:00,1157.1,1159.9,1156.2,1157.7,2825
2026-04-06 12:21:00,1158.0,1158.8,1158.0,1158.7,259
2026-04-06 12:22:00,1158.7,1159.8,1158.5,1159.3,168
2026-04-06 12:23:00,1159.3,1159.6,1159.3,1159.6,241
2026-04-06 12:24:00,1159.6,1159.6,1159.0,1159.2,411
2026-04-06 12:25:00,1159.2,1159.5,1159.0,1159.0,99
2026-04-06 12:26:00,1159.0,1161.8,1159.0,1161.5,707
2026-04-06 12:27:00,1161.5,1161.5,1160.8,1161.3,1157
2026-04-06 12:28:00,1161.3,1162.0,1160.7,1162.0,1079
2026-04-06 12:29:00,1162.0,1162.3,1160.9,1161.0,2173
2026-04-06 12:30:00,1160.4,1161.3,1160.4,1161.3,353
2026-04-06 12:31:00,1161.3,1162.4,1160.9,1162.0,403
2026-04-06 12:32:00,1162.0,1162.6,1161.0,1161.7,688
2026-04-06 12:33:00,1161.4,1161.4,1157.8,1157.8,1043
2026-04-06 12:34:00,1157.8,1158.6,1157.5,1158.3,224
2026-04-06 12:35:00,1158.3,1159.4,1157.8,1158.4,2036
2026-04-06 12:36:00,1158.4,1158.8,1158.0,1158.8,381
2026-04-06 12:37:00,1158.8,1160.2,1158.8,1159.7,375
2026-04-06 12:38:00,1159.7,1159.7,1158.8,1159.4,123
2026-04-06 12:39:00,1159.4,1160.7,1159.0,1160.1,725
2026-04-06 12:40:00,1160.1,1160.5,1159.5,1160.5,212
2026-04-06 12:41:00,1160.6,1160.6,1159.8,1159.8,51
2026-04-06 12:42:00,1159.5,1159.5,1159.4,1159.4,91
2026-04-06 12:43:00,1159.4,1160.0,1159.4,1160.0,350
2026-04-06 12:44:00,1160.0,1160.0,1160.0,1160.0,21
2026-04-06 12:45:00,1160.0,1161.9,1160.0,1161.2,1109
2026-04-06 12:46:00,1161.2,1161.2,1160.5,1160.7,28
2026-04-06 12:47:00,1160.7,1161.4,1160.7,1161.3,730
2026-04-06 12:48:00,1161.3,1162.0,1161.3,1161.9,119
2026-04-06 12:49:00,1161.9,1162.9,1161.6,1162.0,907
2026-04-06 12:50:00,1162.4,1166.6,1162.4,1164.9,49191
2026-04-06 12:51:00,1165.3,1165.7,1164.0,1164.8,2270
2026-04-06 12:52:00,1164.8,1165.5,1164.1,1164.5,1720
2026-04-06 12:53:00,1164.6,1165.3,1164.5,1164.6,479
2026-04-06 12:54:00,1165.3,1166.3,1165.3,1166.3,1067
2026-04-06 12:55:00,1166.8,1167.4,1166.5,1166.6,755
2026-04-06 12:56:00,1166.6,1166.9,1165.3,1166.5,1562
2026-04-06 12:57:00,1166.5,1167.2,1166.1,1167.0,2567
2026-04-06 12:58:00,1166.3,1167.8,1166.2,1167.3,2167
2026-04-06 12:59:00,1167.7,1168.0,1166.7,1167.0,3152
2026-04-06 13:00:00,1167.5,1168.0,1167.0,1167.1,2852
2026-04-06 13:01:00,1167.1,1167.8,1166.3,1167.1,2370
2026-04-06 13:02:00,1166.9,1171.1,1166.5,1171.1,9678
2026-04-06 13:03:00,1171.3,1171.3,1170.0,1170.0,6746
2026-04-06 13:04:00,1170.0,1171.7,1170.0,1171.0,16251
2026-04-06 13:05:00,1171.0,1172.5,1171.0,1172.5,1648
2026-04-06 13:06:00,1172.3,1174.7,1172.2,1173.1,2093
2026-04-06 13:07:00,1174.0,1176.0,1173.5,1175.7,3583
2026-04-06 13:08:00,1175.7,1177.7,1174.2,1175.0,9400
2026-04-06 13:09:00,1175.0,1176.9,1174.3,1176.1,1613
2026-04-06 13:10:00,1176.1,1177.5,1175.3,1175.3,2118
2026-04-06 13:11:00,1175.3,1176.1,1175.3,1175.8,699
2026-04-06 13:12:00,1175.8,1176.9,1175.4,1176.5,1528
2026-04-06 13:13:00,1176.5,1176.9,1175.1,1176.0,3731
2026-04-06 13:14:00,1176.0,1176.8,1175.5,1176.5,925
2026-04-06 13:15:00,1176.5,1179.4,1176.5,1176.9,4010
2026-04-06 13:16:00,1176.9,1178.9,1176.9,1178.9,1090
2026-04-06 13:17:00,1178.9,1180.4,1176.8,1180.4,2579
2026-04-06 13:18:00,1180.4,1180.4,1178.0,1179.1,1983
2026-04-06 13:19:00,1179.1,1179.7,1177.4,1179.7,3420
2026-04-06 13:20:00,1179.7,1180.8,1179.2,1179.2,601
2026-04-06 13:21:00,1179.2,1180.4,1179.2,1180.0,813
2026-04-06 13:22:00,1180.5,1182.4,1179.6,1179.7,3899
2026-04-06 13:23:00,1179.7,1180.0,1177.0,1178.7,3882
2026-04-06 13:24:00,1178.7,1182.5,1178.1,1181.5,3003
2026-04-06 13:25:00,1181.5,1181.8,1180.9,1181.3,2311
2026-04-06 13:26:00,1181.3,1182.5,1181.1,1182.0,1575
2026-04-06 13:27:00,1182.0,1183.8,1181.6,1183.8,1318
2026-04-06 13:28:00,1183.8,1185.0,1182.1,1183.6,2438
2026-04-06 13:29:00,1183.6,1183.9,1177.5,1178.8,9341
2026-04-06 13:30:00,1178.8,1181.0,1178.8,1180.8,908
2026-04-06 13:31:00,1180.8,1181.5,1180.1,1181.4,1528
2026-04-06 13:32:00,1181.4,1182.0,1181.0,1181.2,1323
2026-04-06 13:33:00,1181.2,1183.8,1181.2,1183.8,1847
2026-04-06 13:34:00,1183.8,1185.0,1182.9,1183.8,3402
2026-04-06 13:35:00,1183.8,1186.8,1182.5,1186.3,7170
2026-04-06 13:36:00,1186.3,1186.6,1185.7,1186.6,758
2026-04-06 13:37:00,1186.6,1188.5,1186.6,1188.2,1133
2026-04-06 13:38:00,1188.2,1188.3,1186.1,1187.3,2117
2026-04-06 13:39:00,1187.3,1187.3,1184.3,1184.9,1654
2026-04-06 13:40:00,1184.9,1187.5,1184.9,1185.5,2486
2026-04-06 13:41:00,1185.5,1188.7,1185.5,1187.6,1765
2026-04-06 13:42:00,1187.6,1187.7,1185.2,1186.0,1524
2026-04-06 13:43:00,1186.0,1186.3,1184.6,1186.3,2322
2026-04-06 13:44:00,1186.3,1186.3,1183.8,1183.8,1164
2026-04-06 13:45:00,1183.8,1183.8,1182.0,1183.8,4759
2026-04-06 13:46:00,1183.9,1184.2,1182.8,1184.2,712
2026-04-06 13:47:00,1184.2,1187.8,1184.1,1186.3,2055
2026-04-06 13:48:00,1186.3,1187.5,1184.4,1186.0,4105
2026-04-06 13:49:00,1186.0,1189.3,1185.9,1189.3,4236
2026-04-06 13:50:00,1189.3,1189.8,1185.0,1185.0,2576
2026-04-06 13:51:00,1185.0,1188.8,1185.0,1188.5,1848
2026-04-06 13:52:00,1188.5,1188.5,1183.6,1184.7,1507
2026-04-06 13:53:00,1184.7,1184.7,1183.9,1184.6,440
2026-04-06 13:54:00,1184.6,1185.7,1184.0,1185.3,30808
2026-04-06 13:55:00,1185.3,1185.4,1185.0,1185.0,825
2026-04-06 13:56:00,1185.0,1186.2,1184.9,1185.5,2201
2026-04-06 13:57:00,1185.5,1187.0,1185.0,1187.0,1421
2026-04-06 13:58:00,1187.0,1188.2,1186.5,1187.4,332
2026-04-06 13:59:00,1187.9,1187.9,1186.3,1186.8,474
2026-04-06 14:00:00,1186.8,1187.9,1186.8,1187.9,818
2026-04-06 14:01:00,1187.9,1187.9,1186.9,1187.2,2263
2026-04-06 14:02:00,1187.2,1189.5,1186.6,1188.5,2733
2026-04-06 14:03:00,1188.8,1191.1,1188.2,1190.8,4729
2026-04-06 14:04:00,1190.8,1191.9,1190.4,1191.9,795
2026-04-06 14:05:00,1192.0,1193.4,1191.4,1192.7,8955
2026-04-06 14:06:00,1192.3,1192.3,1189.9,1190.6,2484
2026-04-06 14:07:00,1190.6,1190.8,1189.2,1190.4,7922
2026-04-06 14:08:00,1190.1,1191.3,1189.7,1190.2,3989
2026-04-06 14:09:00,1190.2,1190.6,1190.2,1190.4,343
2026-04-06 14:10:00,1190.4,1192.0,1190.4,1191.7,709
2026-04-06 14:11:00,1191.9,1193.0,1191.8,1192.4,1232
2026-04-06 14:12:00,1192.4,1192.8,1192.0,1192.8,1380
2026-04-06 14:13:00,1192.6,1192.9,1192.6,1192.9,567
2026-04-06 14:14:00,1193.1,1193.5,1193.0,1193.4,427
2026-04-06 14:15:00,1193.8,1194.8,1193.5,1194.8,1323
2026-04-06 14:16:00,1194.8,1194.9,1193.6,1193.6,937
2026-04-06 14:17:00,1193.6,1194.0,1193.6,1193.8,857
2026-04-06 14:18:00,1193.8,1194.7,1193.4,1194.2,1867
2026-04-06 14:19:00,1194.2,1196.4,1194.2,1195.7,5007
2026-04-06 14:20:00,1195.7,1197.9,1195.4,1196.9,5645
2026-04-06 14:21:00,1196.9,1198.0,1196.7,1198.0,1786
2026-04-06 14:22:00,1198.0,1199.0,1197.9,1199.0,2595
2026-04-06 14:23:00,1198.5,1199.8,1198.1,1198.1,2310
2026-04-06 14:24:00,1198.4,1198.4,1196.3,1196.3,2100
2026-04-06 14:25:00,1196.0,1197.0,1194.8,1196.3,4645
2026-04-06 14:26:00,1196.3,1197.0,1195.9,1196.8,1005
2026-04-06 14:27:00,1196.8,1197.8,1196.6,1197.4,1151
2026-04-06 14:28:00,1197.4,1199.3,1197.4,1197.5,1577
2026-04-06 14:29:00,1197.5,1199.0,1196.3,1199.0,1871
2026-04-06 14:30:00,1199.0,1199.5,1196.8,1196.8,13489
2026-04-06 14:31:00,1197.6,1198.7,1194.6,1194.6,7511
2026-04-06 14:32:00,1195.5,1195.6,1192.7,1194.0,5234
2026-04-06 14:33:00,1194.0,1194.0,1192.5,1193.6,3754
2026-04-06 14:34:00,1193.6,1193.6,1189.2,1192.7,44479
2026-04-06 14:35:00,1192.7,1193.0,1190.9,1192.5,1880
2026-04-06 14:36:00,1192.6,1194.0,1192.6,1193.7,1743
2026-04-06 14:37:00,1193.5,1195.3,1189.6,1190.0,7441
2026-04-06 14:38:00,1189.8,1191.0,1188.0,1188.4,15784
2026-04-06 14:39:00,1188.5,1190.0,1186.5,1188.6,7938
2026-04-06 14:40:00,1189.5,1192.0,1187.3,1187.5,10356
2026-04-06 14:41:00,1188.3,1190.8,1187.6,1189.3,23272
2026-04-06 14:42:00,1188.5,1191.2,1188.5,1190.5,870
2026-04-06 14:43:00,1190.0,1190.8,1188.9,1189.3,3011
2026-04-06 14:44:00,1189.4,1189.4,1187.5,1188.4,1941
2026-04-06 14:45:00,1188.4,1189.2,1185.6,1186.2,2809
2026-04-06 14:46:00,1186.7,1187.0,1182.4,1185.5,18148
2026-04-06 14:47:00,1185.5,1185.6,1184.6,1185.5,1103
2026-04-06 14:48:00,1185.5,1185.7,1183.1,1185.5,3397
2026-04-06 14:49:00,1185.5,1186.6,1185.2,1186.3,743
2026-04-06 14:50:00,1186.3,1187.8,1184.8,1186.0,4133
2026-04-06 14:51:00,1186.0,1186.0,1183.0,1184.3,2525
2026-04-06 14:52:00,1184.3,1184.4,1183.0,1183.4,1383
2026-04-06 14:53:00,1184.6,1185.4,1183.6,1184.2,4965
2026-04-06 14:54:00,1184.2,1184.5,1183.6,1184.2,1792
2026-04-06 14:55:00,1184.2,1184.5,1179.7,1180.9,8758
2026-04-06 14:56:00,1181.8,1182.3,1181.0,1182.0,2326
2026-04-06 14:57:00,1182.0,1182.1,1181.8,1181.8,2242
2026-04-06 14:58:00,1181.8,1182.4,1181.6,1182.3,3070
2026-04-06 14:59:00,1182.3,1184.1,1181.9,1182.7,3208
2026-04-06 15:00:00,1182.7,1182.9,1181.1,1182.9,3096
2026-04-06 15:01:00,1182.9,1185.3,1181.4,1182.5,3263
2026-04-06 15:02:00,1182.5,1184.7,1182.5,1184.3,2012
2026-04-06 15:03:00,1184.3,1184.7,1183.0,1184.1,4965
2026-04-06 15:04:00,1184.1,1186.4,1183.6,1186.4,2920
2026-04-06 15:05:00,1186.4,1186.4,1185.0,1185.3,2306
2026-04-06 15:06:00,1185.3,1185.3,1181.5,1181.5,17628
2026-04-06 15:07:00,1182.0,1183.0,1180.5,1180.5,11181
2026-04-06 15:08:00,1180.9,1182.1,1180.4,1181.2,1279
2026-04-06 15:09:00,1181.2,1183.1,1180.2,1180.2,6726
2026-04-06 15:10:00,1180.0,1181.1,1180.0,1180.9,1754
2026-04-06 15:11:00,1180.9,1184.2,1180.9,1183.2,5740
2026-04-06 15:12:00,1183.4,1183.4,1182.0,1182.6,1876
2026-04-06 15:13:00,1182.7,1183.6,1181.9,1183.1,2333
2026-04-06 15:14:00,1182.6,1184.9,1182.1,1184.4,7620
2026-04-06 15:15:00,1184.0,1184.7,1182.6,1183.1,3854
2026-04-06 15:16:00,1183.1,1183.1,1182.9,1183.0,2133
2026-04-06 15:17:00,1183.8,1184.0,1181.2,1181.4,2990
2026-04-06 15:18:00,1181.4,1182.9,1181.4,1182.8,1535
2026-04-06 15:19:00,1183.0,1183.0,1181.7,1182.1,3029
2026-04-06 15:20:00,1182.1,1182.1,1180.4,1181.0,1355
2026-04-06 15:21:00,1181.0,1181.5,1180.5,1180.5,6503
2026-04-06 15:22:00,1181.5,1181.5,1180.2,1181.0,4678
2026-04-06 15:23:00,1181.0,1182.0,1181.0,1182.0,1995
2026-04-06 15:24:00,1182.0,1183.8,1182.0,1183.5,6744
2026-04-06 15:25:00,1183.8,1183.9,1183.3,1183.8,2792
2026-04-06 15:26:00,1183.8,1184.0,1183.2,1184.0,1368
2026-04-06 15:27:00,1184.0,1184.0,1183.5,1183.9,4207
2026-04-06 15:28:00,1184.0,1191.0,1184.0,1185.0,11723
2026-04-06 15:29:00,1185.4,1188.5,1180.0,1183.6,3963
2026-04-07 09:15:00,1173.2,1173.7,1156.0,1173.0,48788
2026-04-07 09:16:00,1167.6,1168.3,1158.0,1158.1,10394
2026-04-07 09:17:00,1158.0,1162.6,1157.9,1162.6,26495
2026-04-07 09:18:00,1163.3,1165.2,1161.4,1164.7,8406
2026-04-07 09:19:00,1167.4,1171.7,1164.8,1168.3,32089
2026-04-07 09:20:00,1169.1,1175.7,1168.6,1172.0,16706
2026-04-07 09:21:00,1172.0,1175.4,1172.0,1173.7,12198
2026-04-07 09:22:00,1175.0,1184.6,1175.0,1179.3,16690
2026-04-07 09:23:00,1179.3,1181.2,1177.2,1180.5,8411
2026-04-07 09:24:00,1180.5,1182.3,1178.6,1178.6,2904
2026-04-07 09:25:00,1178.6,1182.3,1178.6,1181.8,6032
2026-04-07 09:26:00,1181.8,1190.7,1181.8,1185.1,18652
2026-04-07 09:27:00,1185.1,1185.3,1183.0,1184.3,2488
2026-04-07 09:28:00,1184.3,1185.2,1183.1,1184.1,3191
2026-04-07 09:29:00,1184.1,1186.6,1184.0,1186.5,3452
2026-04-07 09:30:00,1186.6,1187.0,1185.0,1186.0,2485
2026-04-07 09:31:00,1186.0,1186.0,1181.7,1184.2,3230
2026-04-07 09:32:00,1184.2,1186.0,1183.7,1184.5,365
2026-04-07 09:33:00,1184.5,1185.4,1184.0,1184.8,994
2026-04-07 09:34:00,1184.8,1185.9,1184.0,1184.0,1526
2026-04-07 09:35:00,1184.0,1185.0,1183.2,1183.6,747
2026-04-07 09:36:00,1183.6,1186.4,1183.6,1185.0,4037
2026-04-07 09:37:00,1185.0,1185.8,1182.0,1182.6,1043
2026-04-07 09:38:00,1182.6,1190.1,1182.0,1190.0,6359
2026-04-07 09:39:00,1189.8,1193.1,1189.8,1191.1,1678
2026-04-07 09:40:00,1191.7,1196.0,1191.7,1194.1,4858
2026-04-07 09:41:00,1194.1,1194.9,1193.3,1194.0,1532
2026-04-07 09:42:00,1194.1,1198.9,1193.4,1196.5,8237
2026-04-07 09:43:00,1196.7,1198.4,1194.0,1194.0,6389
2026-04-07 09:44:00,1194.0,1194.2,1191.7,1192.0,3382
2026-04-07 09:45:00,1192.0,1194.5,1191.6,1193.7,7145
2026-04-07 09:46:00,1194.3,1200.2,1194.2,1200.2,15745
2026-04-07 09:47:00,1199.5,1203.5,1199.2,1200.0,42045
2026-04-07 09:48:00,1200.4,1202.0,1195.6,1198.8,15851
2026-04-07 09:49:00,1198.3,1199.2,1198.2,1198.6,3211
2026-04-07 09:50:00,1198.6,1201.8,1198.2,1200.7,5861
2026-04-07 09:51:00,1201.2,1206.6,1200.5,1206.6,178587
2026-04-07 09:52:00,1206.9,1207.5,1205.1,1205.3,10774
2026-04-07 09:53:00,1205.3,1208.0,1205.1,1206.1,8632
2026-04-07 09:54:00,1206.9,1212.2,1206.1,1211.1,13779
2026-04-07 09:55:00,1211.1,1217.9,1210.7,1216.2,34214
2026-04-07 09:56:00,1216.3,1216.4,1210.2,1211.2,12876
2026-04-07 09:57:00,1210.4,1210.4,1208.0,1209.5,4945
2026-04-07 09:58:00,1209.5,1209.6,1204.8,1206.7,7147
2026-04-07 09:59:00,1206.7,1209.4,1206.3,1206.6,1487
2026-04-07 10:00:00,1206.6,1207.5,1206.2,1206.2,2308
2026-04-07 10:01:00,1206.2,1208.4,1206.2,1207.1,2551
2026-04-07 10:02:00,1205.7,1205.7,1201.3,1201.9,10064
2026-04-07 10:03:00,1201.9,1205.2,1201.1,1204.6,9067
2026-04-07 10:04:00,1204.5,1207.7,1203.2,1205.7,12842
2026-04-07 10:05:00,1205.7,1207.9,1205.7,1207.1,3791
2026-04-07 10:06:00,1206.7,1206.7,1203.4,1203.9,2820
2026-04-07 10:07:00,1203.9,1206.0,1203.9,1206.0,371
2026-04-07 10:08:00,1206.0,1207.0,1205.5,1207.0,1844
2026-04-07 10:09:00,1208.4,1211.7,1208.2,1211.0,12093
2026-04-07 10:10:00,1211.0,1211.0,1208.0,1210.6,4070
2026-04-07 10:11:00,1210.6,1211.2,1209.5,1209.5,2381
2026-04-07 10:12:00,1209.5,1214.0,1209.0,1213.6,11000
2026-04-07 10:13:00,1213.6,1215.0,1212.3,1212.6,7847
2026-04-07 10:14:00,1213.0,1216.5,1212.6,1213.9,9745
2026-04-07 10:15:00,1213.9,1214.9,1211.0,1211.5,5884
2026-04-07 10:16:00,1211.5,1211.8,1209.7,1210.5,4193
2026-04-07 10:17:00,1210.5,1212.4,1210.3,1211.6,3337
2026-04-07 10:18:00,1211.6,1211.9,1210.6,1210.7,1893
2026-04-07 10:19:00,1210.7,1211.3,1206.3,1210.2,6111
2026-04-07 10:20:00,1211.5,1213.0,1205.5,1207.2,15289
2026-04-07 10:21:00,1206.6,1208.5,1206.6,1207.5,2973
2026-04-07 10:22:00,1207.6,1212.0,1207.6,1211.3,63618
2026-04-07 10:23:00,1211.3,1213.6,1211.2,1212.0,8061
2026-04-07 10:24:00,1212.0,1213.0,1210.9,1211.9,2508
2026-04-07 10:25:00,1211.9,1214.0,1211.9,1213.5,5313
2026-04-07 10:26:00,1213.5,1218.7,1213.4,1217.9,13378
2026-04-07 10:27:00,1218.1,1218.7,1216.6,1218.7,5449
2026-04-07 10:28:00,1218.7,1218.7,1215.0,1215.0,7552
2026-04-07 10:29:00,1215.0,1218.4,1215.0,1218.4,5665
2026-04-07 10:30:00,1217.5,1220.0,1217.5,1219.2,7470
2026-04-07 10:31:00,1219.2,1221.4,1218.2,1221.2,5618
2026-04-07 10:32:00,1221.2,1222.0,1220.8,1221.0,3620
2026-04-07 10:33:00,1221.5,1224.8,1221.5,1223.0,14205
2026-04-07 10:34:00,1222.2,1223.0,1218.9,1219.9,3293
2026-04-07 10:35:00,1219.9,1221.1,1218.5,1220.4,2771
2026-04-07 10:36:00,1220.4,1223.9,1220.4,1221.2,7506
2026-04-07 10:37:00,1221.2,1226.5,1221.2,1224.2,6994
2026-04-07 10:38:00,1224.2,1225.1,1224.2,1225.1,1812
2026-04-07 10:39:00,1225.1,1227.4,1224.0,1226.9,6303
2026-04-07 10:40:00,1226.9,1227.0,1224.0,1224.0,3916
2026-04-07 10:41:00,1223.4,1223.4,1220.8,1222.9,6126
2026-04-07 10:42:00,1222.9,1224.0,1222.2,1224.0,2660
2026-04-07 10:43:00,1224.0,1224.0,1223.0,1223.4,612
2026-04-07 10:44:00,1223.4,1223.4,1222.2,1223.0,752
2026-04-07 10:45:00,1223.0,1224.3,1223.0,1223.4,3563
2026-04-07 10:46:00,1223.4,1229.7,1222.7,1225.9,51081
2026-04-07 10:47:00,1225.9,1226.9,1223.0,1223.0,14908
2026-04-07 10:48:00,1223.2,1228.5,1223.2,1225.7,8281
2026-04-07 10:49:00,1225.7,1225.7,1223.2,1224.9,1863
2026-04-07 10:50:00,1224.5,1224.9,1223.0,1223.4,2117
2026-04-07 10:51:00,1223.4,1225.0,1222.0,1224.4,4738
2026-04-07 10:52:00,1225.7,1225.7,1221.0,1221.1,1956
2026-04-07 10:53:00,1221.1,1221.8,1218.5,1219.9,5528
2026-04-07 10:54:00,1219.9,1220.7,1218.7,1220.7,1683
2026-04-07 10:55:00,1220.7,1222.3,1219.9,1219.9,3102
2026-04-07 10:56:00,1219.9,1220.8,1218.9,1220.0,3014
2026-04-07 10:57:00,1220.0,1221.3,1220.0,1220.8,1470
2026-04-07 10:58:00,1220.8,1220.8,1217.1,1218.3,4607
2026-04-07 10:59:00,1218.3,1220.7,1217.5,1217.5,1104
2026-04-07 11:00:00,1218.0,1218.0,1216.1,1217.3,2681
2026-04-07 11:01:00,1217.3,1218.3,1216.8,1216.8,1966
2026-04-07 11:02:00,1216.8,1218.4,1216.8,1217.8,766
2026-04-07 11:03:00,1217.2,1218.0,1217.2,1217.6,810
2026-04-07 11:04:00,1217.6,1218.0,1216.7,1217.5,831
2026-04-07 11:05:00,1217.5,1217.5,1215.5,1216.0,1413
2026-04-07 11:06:00,1216.0,1216.0,1215.0,1215.0,2261
2026-04-07 11:07:00,1215.5,1217.0,1215.0,1215.6,3648
2026-04-07 11:08:00,1215.6,1216.2,1215.0,1215.6,553
2026-04-07 11:09:00,1215.6,1215.6,1212.8,1213.0,4375
2026-04-07 11:10:00,1213.0,1213.6,1212.7,1212.7,1478
2026-04-07 11:11:00,1212.8,1212.8,1208.3,1209.6,10256
2026-04-07 11:12:00,1209.6,1210.9,1208.6,1210.1,1519
2026-04-07 11:13:00,1210.1,1210.9,1209.0,1209.0,1969
2026-04-07 11:14:00,1209.0,1209.6,1208.9,1209.5,2852
2026-04-07 11:15:00,1209.3,1215.7,1209.3,1215.7,1608
2026-04-07 11:16:00,1216.0,1216.0,1215.2,1215.5,18445
2026-04-07 11:17:00,1215.5,1221.1,1214.3,1221.1,13184
2026-04-07 11:18:00,1221.1,1221.1,1217.3,1217.3,5362
2026-04-07 11:19:00,1217.3,1222.2,1217.3,1221.2,12022
2026-04-07 11:20:00,1221.2,1221.2,1219.6,1220.9,1152
2026-04-07 11:21:00,1220.9,1223.6,1220.9,1223.6,2848
2026-04-07 11:22:00,1223.8,1223.8,1219.2,1219.3,8719
2026-04-07 11:23:00,1219.3,1220.0,1215.5,1215.5,4180
2026-04-07 11:24:00,1215.5,1217.4,1215.5,1216.8,992
2026-04-07 11:25:00,1216.8,1217.2,1215.8,1216.3,1888
2026-04-07 11:26:00,1216.3,1217.1,1215.9,1216.8,203
2026-04-07 11:27:00,1216.8,1217.4,1216.0,1216.2,666
2026-04-07 11:28:00,1216.6,1216.7,1214.7,1214.9,2717
2026-04-07 11:29:00,1214.9,1217.0,1214.9,1216.0,1709
2026-04-07 11:30:00,1216.0,1216.3,1215.2,1215.5,1594
2026-04-07 11:31:00,1215.9,1215.9,1214.5,1215.2,696
2026-04-07 11:32:00,1215.2,1215.6,1214.3,1215.4,1274
2026-04-07 11:33:00,1215.4,1215.4,1214.3,1215.1,268
2026-04-07 11:34:00,1215.1,1215.1,1214.0,1214.0,480
2026-04-07 11:35:00,1214.0,1215.0,1214.0,1215.0,1157
2026-04-07 11:36:00,1215.0,1215.0,1214.2,1214.9,476
2026-04-07 11:37:00,1214.9,1215.0,1214.9,1214.9,103
2026-04-07 11:38:00,1214.9,1216.2,1214.9,1215.7,257
2026-04-07 11:39:00,1215.7,1215.7,1214.4,1214.4,40
2026-04-07 11:40:00,1214.5,1214.5,1211.0,1211.3,4376
2026-04-07 11:41:00,1211.2,1213.2,1210.1,1212.8,975
2026-04-07 11:42:00,1212.8,1213.3,1211.3,1212.9,383
2026-04-07 11:43:00,1212.9,1213.2,1212.3,1213.2,444
2026-04-07 11:44:00,1213.2,1214.7,1212.2,1214.7,1485
2026-04-07 11:45:00,1214.7,1215.9,1214.0,1215.8,324
2026-04-07 11:46:00,1215.8,1215.9,1213.4,1213.4,260
2026-04-07 11:47:00,1213.4,1213.4,1212.1,1213.0,101
2026-04-07 11:48:00,1212.4,1213.5,1212.4,1213.2,338
2026-04-07 11:49:00,1213.4,1213.7,1212.7,1213.4,197
2026-04-07 11:50:00,1213.4,1213.8,1212.5,1213.5,820
2026-04-07 11:51:00,1213.0,1214.8,1213.0,1214.6,1247
2026-04-07 11:52:00,1214.6,1214.6,1214.2,1214.5,188
2026-04-07 11:53:00,1214.5,1214.5,1214.5,1214.5,16
2026-04-07 11:54:00,1214.5,1216.5,1214.5,1215.9,997
2026-04-07 11:55:00,1215.9,1216.5,1215.2,1215.7,302
2026-04-07 11:56:00,1215.7,1216.2,1215.6,1215.7,314
2026-04-07 11:57:00,1215.7,1216.4,1215.7,1216.4,791
2026-04-07 11:58:00,1216.8,1216.8,1216.0,1216.5,351
2026-04-07 11:59:00,1216.5,1217.5,1216.5,1216.8,1006
2026-04-07 12:00:00,1216.8,1217.0,1211.8,1211.9,5355
2026-04-07 12:01:00,1212.4,1213.4,1212.1,1213.0,754
2026-04-07 12:02:00,1213.0,1214.2,1212.6,1214.2,746
2026-04-07 12:03:00,1214.2,1214.3,1213.5,1213.5,486
2026-04-07 12:04:00,1214.0,1214.5,1213.0,1213.2,1688
2026-04-07 12:05:00,1213.2,1213.2,1212.7,1213.0,27
2026-04-07 12:06:00,1213.0,1214.0,1212.8,1213.4,552
2026-04-07 12:07:00,1213.7,1216.5,1213.3,1216.3,2349
2026-04-07 12:08:00,1216.3,1216.8,1215.8,1216.2,640
2026-04-07 12:09:00,1216.2,1216.9,1215.8,1216.8,690
2026-04-07 12:10:00,1217.3,1217.3,1215.6,1216.4,168
2026-04-07 12:11:00,1216.4,1217.4,1215.4,1217.2,2220
2026-04-07 12:12:00,1217.2,1217.4,1215.7,1217.3,1057
2026-04-07 12:13:00,1217.3,1220.0,1217.3,1219.2,2631
2026-04-07 12:14:00,1219.2,1219.2,1218.7,1219.0,42
2026-04-07 12:15:00,1218.6,1219.1,1217.7,1218.5,410
2026-04-07 12:16:00,1217.8,1218.0,1217.2,1217.9,647
2026-04-07 12:17:00,1217.9,1219.0,1217.8,1219.0,333
2026-04-07 12:18:00,1219.0,1219.0,1216.0,1216.0,1005
2026-04-07 12:19:00,1216.8,1217.5,1216.1,1217.1,290
2026-04-07 12:20:00,1217.1,1217.1,1216.1,1216.8,1072
2026-04-07 12:21:00,1216.8,1216.8,1214.8,1215.2,909
2026-04-07 12:22:00,1215.4,1215.4,1214.3,1214.6,620
2026-04-07 12:23:00,1214.6,1215.4,1214.3,1215.1,449
2026-04-07 12:24:00,1215.1,1215.9,1215.1,1215.8,152
2026-04-07 12:25:00,1215.7,1216.5,1215.3,1216.5,300
2026-04-07 12:26:00,1215.9,1216.5,1215.9,1216.1,327
2026-04-07 12:27:00,1216.0,1216.5,1216.0,1216.5,80
2026-04-07 12:28:00,1216.5,1217.6,1216.0,1217.4,568
2026-04-07 12:29:00,1217.4,1217.4,1216.8,1217.1,1127
2026-04-07 12:30:00,1217.1,1217.8,1216.4,1217.1,863
2026-04-07 12:31:00,1216.4,1217.8,1216.4,1217.8,141
2026-04-07 12:32:00,1217.8,1217.8,1217.2,1217.2,41
2026-04-07 12:33:00,1217.2,1217.2,1216.1,1216.1,27
2026-04-07 12:34:00,1216.5,1216.5,1215.6,1216.4,481
2026-04-07 12:35:00,1216.4,1216.6,1216.4,1216.6,205
2026-04-07 12:36:00,1216.6,1216.6,1215.6,1215.6,521
2026-04-07 12:37:00,1215.6,1216.3,1215.0,1216.3,1243
2026-04-07 12:38:00,1216.3,1216.3,1215.3,1215.9,577
2026-04-07 12:39:00,1215.9,1217.7,1215.6,1217.7,1199
2026-04-07 12:40:00,1217.7,1218.2,1217.7,1218.1,1092
2026-04-07 12:41:00,1218.1,1218.4,1217.5,1217.9,36
2026-04-07 12:42:00,1218.0,1218.3,1217.4,1217.4,231
2026-04-07 12:43:00,1217.4,1219.7,1217.4,1219.2,1739
2026-04-07 12:44:00,1219.2,1219.3,1218.1,1219.3,1094
2026-04-07 12:45:00,1219.3,1219.3,1218.4,1218.5,55
2026-04-07 12:46:00,1218.3,1218.5,1218.1,1218.1,20
2026-04-07 12:47:00,1218.1,1218.3,1217.8,1218.3,17
2026-04-07 12:48:00,1218.3,1218.3,1217.7,1217.9,273
2026-04-07 12:49:00,1218.3,1218.3,1217.8,1218.1,163
2026-04-07 12:50:00,1218.1,1218.5,1218.0,1218.5,408
2026-04-07 12:51:00,1218.5,1218.7,1218.1,1218.7,1265
2026-04-07 12:52:00,1218.5,1220.6,1218.0,1220.6,105404
2026-04-07 12:53:00,1220.6,1220.7,1217.9,1218.7,2600
2026-04-07 12:54:00,1218.7,1218.7,1217.3,1217.8,1582
2026-04-07 12:55:00,1217.8,1218.6,1217.3,1218.4,512
2026-04-07 12:56:00,1218.4,1218.4,1216.4,1216.4,732
2026-04-07 12:57:00,1216.4,1217.7,1216.4,1217.5,585
2026-04-07 12:58:00,1217.7,1218.2,1217.5,1217.9,285
2026-04-07 12:59:00,1217.9,1218.0,1217.4,1217.5,564
2026-04-07 13:00:00,1217.5,1217.5,1216.8,1217.5,26
2026-04-07 13:01:00,1217.4,1217.5,1216.9,1217.5,46
2026-04-07 13:02:00,1217.5,1222.0,1216.9,1221.1,8374
2026-04-07 13:03:00,1221.1,1221.3,1220.0,1220.1,1182
2026-04-07 13:04:00,1220.1,1220.4,1217.7,1217.7,1739
2026-04-07 13:05:00,1217.7,1218.5,1217.7,1218.3,206
2026-04-07 13:06:00,1218.3,1218.3,1216.8,1217.1,633
2026-04-07 13:07:00,1217.3,1217.4,1217.0,1217.4,44
2026-04-07 13:08:00,1217.4,1218.0,1217.4,1217.4,637
2026-04-07 13:09:00,1217.4,1217.6,1217.0,1217.5,151
2026-04-07 13:10:00,1217.5,1219.4,1217.4,1219.4,130500
2026-04-07 13:11:00,1218.8,1219.1,1218.6,1218.6,583
2026-04-07 13:12:00,1218.6,1219.1,1218.6,1219.1,392
2026-04-07 13:13:00,1219.1,1221.3,1219.0,1220.8,3258
2026-04-07 13:14:00,1220.7,1221.4,1219.5,1221.0,1715
2026-04-07 13:15:00,1221.0,1222.0,1220.5,1221.1,2157
2026-04-07 13:16:00,1221.1,1221.8,1220.6,1221.2,2816
2026-04-07 13:17:00,1221.2,1222.9,1221.2,1222.8,4768
2026-04-07 13:18:00,1222.8,1222.8,1221.8,1222.3,4048
2026-04-07 13:19:00,1222.3,1222.4,1221.7,1222.0,11703
2026-04-07 13:20:00,1222.0,1223.2,1220.8,1223.1,8991
2026-04-07 13:21:00,1223.1,1223.1,1222.0,1222.6,872
2026-04-07 13:22:00,1222.6,1223.1,1222.3,1222.9,2639
2026-04-07 13:23:00,1222.9,1222.9,1220.0,1220.3,1033
2026-04-07 13:24:00,1220.3,1221.0,1220.2,1220.2,514
2026-04-07 13:25:00,1220.2,1220.6,1219.8,1220.0,863
2026-04-07 13:26:00,1220.3,1221.2,1219.3,1221.1,1062
2026-04-07 13:27:00,1221.1,1221.9,1220.5,1221.5,936
2026-04-07 13:28:00,1221.1,1221.7,1221.1,1221.5,43
2026-04-07 13:29:00,1221.5,1222.0,1221.3,1221.9,399
2026-04-07 13:30:00,1221.9,1223.2,1221.5,1222.6,3037
2026-04-07 13:31:00,1222.6,1222.6,1221.8,1222.0,853
2026-04-07 13:32:00,1222.0,1224.0,1222.0,1222.7,3449
2026-04-07 13:33:00,1223.3,1223.6,1222.3,1222.8,113
2026-04-07 13:34:00,1222.8,1223.1,1222.0,1222.2,2162
2026-04-07 13:35:00,1222.2,1222.9,1222.1,1222.8,95
2026-04-07 13:36:00,1222.8,1223.9,1222.0,1223.9,3291
2026-04-07 13:37:00,1223.9,1223.9,1222.2,1222.5,2243
2026-04-07 13:38:00,1222.5,1223.0,1222.5,1222.7,192
2026-04-07 13:39:00,1222.7,1223.0,1222.0,1222.5,570
2026-04-07 13:40:00,1222.5,1222.6,1221.3,1221.4,1069
2026-04-07 13:41:00,1221.4,1222.7,1221.4,1221.8,828
2026-04-07 13:42:00,1221.4,1222.7,1221.4,1222.1,1281
2026-04-07 13:43:00,1222.1,1222.3,1222.0,1222.1,632
2026-04-07 13:44:00,1222.1,1222.3,1222.0,1222.1,156
2026-04-07 13:45:00,1222.3,1222.3,1221.0,1221.9,1425
2026-04-07 13:46:00,1221.9,1222.5,1221.9,1222.5,822
2026-04-07 13:47:00,1222.5,1222.5,1221.0,1221.0,1572
2026-04-07 13:48:00,1221.0,1221.2,1220.2,1221.0,1174
2026-04-07 13:49:00,1221.0,1221.0,1218.1,1218.5,3183
2026-04-07 13:50:00,1218.5,1218.9,1217.5,1217.5,14119
2026-04-07 13:51:00,1217.5,1219.5,1217.2,1218.6,897
2026-04-07 13:52:00,1218.6,1219.4,1218.5,1219.2,2206
2026-04-07 13:53:00,1219.2,1221.0,1218.9,1221.0,1369
2026-04-07 13:54:00,1221.0,1221.0,1220.2,1220.6,25
2026-04-07 13:55:00,1220.5,1221.8,1220.1,1221.0,4103
2026-04-07 13:56:00,1221.0,1221.7,1220.1,1221.7,907
2026-04-07 13:57:00,1221.7,1221.7,1220.6,1221.3,3261
2026-04-07 13:58:00,1220.5,1221.6,1217.5,1217.9,871
2026-04-07 13:59:00,1217.9,1219.0,1216.1,1218.1,1496
2026-04-07 14:00:00,1218.4,1220.9,1218.0,1219.6,811
2026-04-07 14:01:00,1219.6,1221.8,1219.6,1221.5,2083
2026-04-07 14:02:00,1221.5,1222.7,1220.8,1221.9,2904
2026-04-07 14:03:00,1221.9,1223.2,1221.9,1223.0,3004
2026-04-07 14:04:00,1223.0,1223.8,1222.6,1222.7,1782
2026-04-07 14:05:00,1223.2,1224.9,1223.2,1224.4,2388
2026-04-07 14:06:00,1224.4,1225.0,1223.2,1223.2,2105
2026-04-07 14:07:00,1223.2,1223.9,1221.5,1222.0,2016
2026-04-07 14:08:00,1222.0,1223.2,1221.6,1223.1,1912
2026-04-07 14:09:00,1223.1,1223.1,1221.5,1222.5,571
2026-04-07 14:10:00,1222.5,1222.5,1221.0,1221.7,823
2026-04-07 14:11:00,1221.7,1222.1,1220.4,1222.1,1183
2026-04-07 14:12:00,1222.1,1222.5,1221.7,1222.1,766
2026-04-07 14:13:00,1222.1,1222.2,1218.7,1221.0,2210
2026-04-07 14:14:00,1221.0,1222.2,1219.9,1221.2,1145
2026-04-07 14:15:00,1221.2,1222.9,1221.0,1221.8,1113
2026-04-07 14:16:00,1221.8,1222.5,1221.4,1222.5,1061
2026-04-07 14:17:00,1222.9,1223.0,1221.1,1222.4,1910
2026-04-07 14:18:00,1222.4,1223.0,1222.3,1222.7,468
2026-04-07 14:19:00,1222.7,1222.7,1220.8,1221.0,1210
2026-04-07 14:20:00,1221.0,1221.6,1220.6,1221.1,1396
2026-04-07 14:21:00,1221.1,1221.7,1220.4,1220.5,1057
2026-04-07 14:22:00,1220.5,1222.0,1219.8,1221.0,779
2026-04-07 14:23:00,1221.0,1221.5,1218.8,1219.0,3307
2026-04-07 14:24:00,1219.0,1222.0,1218.5,1222.0,4225
2026-04-07 14:25:00,1222.0,1223.6,1222.0,1223.1,6101
2026-04-07 14:26:00,1223.1,1224.4,1221.5,1224.4,2387
2026-04-07 14:27:00,1224.5,1224.9,1223.1,1224.0,2972
2026-04-07 14:28:00,1224.0,1224.7,1220.0,1220.3,12536
2026-04-07 14:29:00,1219.5,1221.7,1219.0,1221.0,522
2026-04-07 14:30:00,1221.0,1221.7,1220.3,1221.1,337
2026-04-07 14:31:00,1221.1,1221.9,1220.0,1221.9,1949
2026-04-07 14:32:00,1221.9,1222.4,1220.4,1221.0,1145
2026-04-07 14:33:00,1221.0,1222.2,1221.0,1221.1,404
2026-04-07 14:34:00,1221.1,1221.1,1220.0,1220.2,396
2026-04-07 14:35:00,1220.2,1220.5,1217.7,1218.8,4256
2026-04-07 14:36:00,1218.8,1220.7,1217.7,1219.9,213053
2026-04-07 14:37:00,1219.5,1219.5,1213.6,1214.4,16636
2026-04-07 14:38:00,1214.0,1216.2,1214.0,1216.1,3964
2026-04-07 14:39:00,1215.1,1216.0,1214.0,1214.1,7670
2026-04-07 14:40:00,1214.1,1215.3,1213.6,1214.6,693
2026-04-07 14:41:00,1214.6,1214.6,1213.2,1213.9,921
2026-04-07 14:42:00,1213.9,1214.7,1213.4,1214.5,1376
2026-04-07 14:43:00,1214.5,1214.9,1214.0,1214.8,1645
2026-04-07 14:44:00,1214.8,1216.5,1214.2,1214.5,12005
2026-04-07 14:45:00,1214.5,1215.0,1214.5,1214.8,830
2026-04-07 14:46:00,1214.8,1215.0,1214.1,1214.6,1249
2026-04-07 14:47:00,1214.6,1215.0,1214.0,1214.3,181
2026-04-07 14:48:00,1214.3,1215.3,1214.0,1214.6,3051
2026-04-07 14:49:00,1214.6,1214.9,1213.5,1214.9,3985
2026-04-07 14:50:00,1214.9,1218.0,1214.6,1215.7,8366
2026-04-07 14:51:00,1215.7,1216.8,1214.7,1216.1,1503
2026-04-07 14:52:00,1216.1,1216.9,1215.4,1215.5,937
2026-04-07 14:53:00,1215.5,1216.4,1215.5,1216.0,233
2026-04-07 14:54:00,1216.4,1216.9,1216.0,1216.8,672
2026-04-07 14:55:00,1216.8,1218.0,1216.8,1217.9,5024
2026-04-07 14:56:00,1217.9,1218.0,1217.1,1217.9,249
2026-04-07 14:57:00,1217.9,1218.0,1217.3,1218.0,3507
2026-04-07 14:58:00,1218.0,1218.4,1217.4,1218.4,657
2026-04-07 14:59:00,1218.3,1219.2,1218.2,1218.8,402
2026-04-07 15:00:00,1218.8,1218.8,1216.1,1217.9,4059
2026-04-07 15:01:00,1217.9,1218.2,1216.8,1217.7,1859
2026-04-07 15:02:00,1217.7,1218.1,1217.1,1218.1,2430
2026-04-07 15:03:00,1218.1,1219.1,1217.8,1219.1,1408
2026-04-07 15:04:00,1219.2,1220.2,1218.9,1219.9,6539
2026-04-07 15:05:00,1219.9,1220.1,1219.4,1220.0,7409
2026-04-07 15:06:00,1220.0,1220.9,1219.9,1220.8,3025
2026-04-07 15:07:00,1220.9,1220.9,1220.0,1220.0,5647
2026-04-07 15:08:00,1220.0,1220.4,1220.0,1220.0,7011
2026-04-07 15:09:00,1220.0,1220.8,1220.0,1220.2,9460
2026-04-07 15:10:00,1220.0,1225.6,1220.0,1223.4,35701
2026-04-07 15:11:00,1223.3,1223.9,1222.5,1223.4,1182
2026-04-07 15:12:00,1223.6,1224.4,1223.0,1223.7,9254
2026-04-07 15:13:00,1223.4,1223.6,1222.2,1222.4,14795
2026-04-07 15:14:00,1222.2,1224.3,1222.0,1224.3,13876
2026-04-07 15:15:00,1224.3,1225.6,1224.3,1225.0,3706
2026-04-07 15:16:00,1224.6,1225.5,1224.1,1225.0,5208
2026-04-07 15:17:00,1224.7,1226.0,1224.4,1225.2,11522
2026-04-07 15:18:00,1225.2,1225.2,1224.2,1224.9,3063
2026-04-07 15:19:00,1225.4,1226.0,1221.6,1221.7,21152
2026-04-07 15:20:00,1222.0,1222.5,1221.0,1222.4,45146
2026-04-07 15:21:00,1222.4,1222.4,1221.7,1222.4,8114
2026-04-07 15:22:00,1222.4,1223.8,1222.2,1223.0,6300
2026-04-07 15:23:00,1223.7,1223.7,1222.0,1222.7,4880
2026-04-07 15:24:00,1222.0,1222.5,1221.0,1222.0,3199
2026-04-07 15:25:00,1222.0,1223.0,1221.3,1222.0,2913
2026-04-07 15:26:00,1222.0,1222.2,1221.5,1222.2,1652
2026-04-07 15:27:00,1222.0,1223.8,1221.7,1222.6,3530
2026-04-07 15:28:00,1222.6,1222.6,1221.0,1221.0,4304
2026-04-07 15:29:00,1221.4,1222.1,1218.1,1219.0,16678
